scaffold_slug,scaffold_name,scaffold_ref_id,scaffold_smiles_source,hydroxyl_site_id,hydroxyl_oxygen_atom_idx,hydroxyl_neighbor_atom_idx,hydroxyl_neighbor_symbol,representative_mpm_id,representative_name,neutralized_smiles,cooh_group_count,product_smiles,product_canonical_smiles,sanitize_ok,error_message,pMIC_pred£¨¦Ìmol/ml£©,original_pMIC_pred£¨¦Ìmol/ml£©
tylvalosin,Tylvalosin (Ì©Íò¾úËØ),REF_TYLVALOSIN,repository_reference,O49_attached_to_C36,49,36,C,MPM00863,PEP,C=C(OP(=O)(O)O)C(=O)O,1,C=C(OP(=O)(O)O)C(=O)O[C@]1(C)C[C@H](O[C@H]2[C@H](N(C)C)[C@@H](O)[C@H](O[C@H]3[C@@H](CC=O)C[C@@H](C)C(=O)/C=C/C(C)=C/[C@H](CO[C@@H]4O[C@H](C)[C@@H](O)[C@@H](OC)[C@H]4OC)[C@@H](CC)OC(=O)C[C@@H](OC(C)=O)[C@@H]3C)O[C@@H]2C)O[C@@H](C)[C@@H]1OC(=O)CC(C)C,C=C(OP(=O)(O)O)C(=O)O[C@]1(C)C[C@H](O[C@H]2[C@H](N(C)C)[C@@H](O)[C@H](O[C@H]3[C@@H](CC=O)C[C@@H](C)C(=O)/C=C/C(C)=C/[C@H](CO[C@@H]4O[C@H](C)[C@@H](O)[C@@H](OC)[C@H]4OC)[C@@H](CC)OC(=O)C[C@@H](OC(C)=O)[C@@H]3C)O[C@@H]2C)O[C@@H](C)[C@@H]1OC(=O)CC(C)C,TRUE,,-1.7513,-1.751298741
tylvalosin,Tylvalosin (Ì©Íò¾úËØ),REF_TYLVALOSIN,repository_reference,O49_attached_to_C36,49,36,C,MPM00921,Pyroracemic acid,CC(=O)C(=O)O,1,CC[C@H]1OC(=O)C[C@@H](OC(C)=O)[C@H](C)[C@@H](O[C@@H]2O[C@H](C)[C@@H](O[C@H]3C[C@@](C)(OC(=O)C(C)=O)[C@@H](OC(=O)CC(C)C)[C@H](C)O3)[C@H](N(C)C)[C@H]2O)[C@@H](CC=O)C[C@@H](C)C(=O)/C=C/C(C)=C/[C@@H]1CO[C@@H]1O[C@H](C)[C@@H](O)[C@@H](OC)[C@H]1OC,CC[C@H]1OC(=O)C[C@@H](OC(C)=O)[C@H](C)[C@@H](O[C@@H]2O[C@H](C)[C@@H](O[C@H]3C[C@@](C)(OC(=O)C(C)=O)[C@@H](OC(=O)CC(C)C)[C@H](C)O3)[C@H](N(C)C)[C@H]2O)[C@@H](CC=O)C[C@@H](C)C(=O)/C=C/C(C)=C/[C@@H]1CO[C@@H]1O[C@H](C)[C@@H](O)[C@@H](OC)[C@H]1OC,TRUE,,-1.5465,-1.546534455
tylvalosin,Tylvalosin (Ì©Íò¾úËØ),REF_TYLVALOSIN,repository_reference,O49_attached_to_C36,49,36,C,MPM00036,(2S)-2-Hydroxy-2-methyl-3-oxobutanoate,CC(=O)C(C)(O)C(=O)O,1,CC[C@H]1OC(=O)C[C@@H](OC(C)=O)[C@H](C)[C@@H](O[C@@H]2O[C@H](C)[C@@H](O[C@H]3C[C@@](C)(OC(=O)C(C)(O)C(C)=O)[C@@H](OC(=O)CC(C)C)[C@H](C)O3)[C@H](N(C)C)[C@H]2O)[C@@H](CC=O)C[C@@H](C)C(=O)/C=C/C(C)=C/[C@@H]1CO[C@@H]1O[C@H](C)[C@@H](O)[C@@H](OC)[C@H]1OC,CC[C@H]1OC(=O)C[C@@H](OC(C)=O)[C@H](C)[C@@H](O[C@@H]2O[C@H](C)[C@@H](O[C@H]3C[C@@](C)(OC(=O)C(C)(O)C(C)=O)[C@@H](OC(=O)CC(C)C)[C@H](C)O3)[C@H](N(C)C)[C@H]2O)[C@@H](CC=O)C[C@@H](C)C(=O)/C=C/C(C)=C/[C@@H]1CO[C@@H]1O[C@H](C)[C@@H](O)[C@@H](OC)[C@H]1OC,TRUE,,-2.222,-2.221964041
tylvalosin,Tylvalosin (Ì©Íò¾úËØ),REF_TYLVALOSIN,repository_reference,O49_attached_to_C36,49,36,C,MPM01075,(S)-2-Amino-3-oxobutanoic acid,CC(=O)C(N)C(=O)O,1,CC[C@H]1OC(=O)C[C@@H](OC(C)=O)[C@H](C)[C@@H](O[C@@H]2O[C@H](C)[C@@H](O[C@H]3C[C@@](C)(OC(=O)C(N)C(C)=O)[C@@H](OC(=O)CC(C)C)[C@H](C)O3)[C@H](N(C)C)[C@H]2O)[C@@H](CC=O)C[C@@H](C)C(=O)/C=C/C(C)=C/[C@@H]1CO[C@@H]1O[C@H](C)[C@@H](O)[C@@H](OC)[C@H]1OC,CC[C@H]1OC(=O)C[C@@H](OC(C)=O)[C@H](C)[C@@H](O[C@@H]2O[C@H](C)[C@@H](O[C@H]3C[C@@](C)(OC(=O)C(N)C(C)=O)[C@@H](OC(=O)CC(C)C)[C@H](C)O3)[C@H](N(C)C)[C@H]2O)[C@@H](CC=O)C[C@@H](C)C(=O)/C=C/C(C)=C/[C@@H]1CO[C@@H]1O[C@H](C)[C@@H](O)[C@@H](OC)[C@H]1OC,TRUE,,-1.5074,-1.507438145
tylvalosin,Tylvalosin (Ì©Íò¾úËØ),REF_TYLVALOSIN,repository_reference,O49_attached_to_C36,49,36,C,MPM00419,Acetoacetic acid,CC(=O)CC(=O)O,1,CC[C@H]1OC(=O)C[C@@H](OC(C)=O)[C@H](C)[C@@H](O[C@@H]2O[C@H](C)[C@@H](O[C@H]3C[C@@](C)(OC(=O)CC(C)=O)[C@@H](OC(=O)CC(C)C)[C@H](C)O3)[C@H](N(C)C)[C@H]2O)[C@@H](CC=O)C[C@@H](C)C(=O)/C=C/C(C)=C/[C@@H]1CO[C@@H]1O[C@H](C)[C@@H](O)[C@@H](OC)[C@H]1OC,CC[C@H]1OC(=O)C[C@@H](OC(C)=O)[C@H](C)[C@@H](O[C@@H]2O[C@H](C)[C@@H](O[C@H]3C[C@@](C)(OC(=O)CC(C)=O)[C@@H](OC(=O)CC(C)C)[C@H](C)O3)[C@H](N(C)C)[C@H]2O)[C@@H](CC=O)C[C@@H](C)C(=O)/C=C/C(C)=C/[C@@H]1CO[C@@H]1O[C@H](C)[C@@H](O)[C@@H](OC)[C@H]1OC,TRUE,,-1.6634,-1.663413426
tylvalosin,Tylvalosin (Ì©Íò¾úËØ),REF_TYLVALOSIN,repository_reference,O49_attached_to_C36,49,36,C,MPM00188,2-Acetamido-5-oxopentanoate,CC(=O)NC(CCC=O)C(=O)O,1,CC[C@H]1OC(=O)C[C@@H](OC(C)=O)[C@H](C)[C@@H](O[C@@H]2O[C@H](C)[C@@H](O[C@H]3C[C@@](C)(OC(=O)C(CCC=O)NC(C)=O)[C@@H](OC(=O)CC(C)C)[C@H](C)O3)[C@H](N(C)C)[C@H]2O)[C@@H](CC=O)C[C@@H](C)C(=O)/C=C/C(C)=C/[C@@H]1CO[C@@H]1O[C@H](C)[C@@H](O)[C@@H](OC)[C@H]1OC,CC[C@H]1OC(=O)C[C@@H](OC(C)=O)[C@H](C)[C@@H](O[C@@H]2O[C@H](C)[C@@H](O[C@H]3C[C@@](C)(OC(=O)C(CCC=O)NC(C)=O)[C@@H](OC(=O)CC(C)C)[C@H](C)O3)[C@H](N(C)C)[C@H]2O)[C@@H](CC=O)C[C@@H](C)C(=O)/C=C/C(C)=C/[C@@H]1CO[C@@H]1O[C@H](C)[C@@H](O)[C@@H](OC)[C@H]1OC,TRUE,,-2.2133,-2.213256791
tylvalosin,Tylvalosin (Ì©Íò¾úËØ),REF_TYLVALOSIN,repository_reference,O49_attached_to_C36,49,36,C,MPM01517,N2-Acetyl-L-ornithine,CC(=O)NC(CCCN)C(=O)O,1,CC[C@H]1OC(=O)C[C@@H](OC(C)=O)[C@H](C)[C@@H](O[C@@H]2O[C@H](C)[C@@H](O[C@H]3C[C@@](C)(OC(=O)C(CCCN)NC(C)=O)[C@@H](OC(=O)CC(C)C)[C@H](C)O3)[C@H](N(C)C)[C@H]2O)[C@@H](CC=O)C[C@@H](C)C(=O)/C=C/C(C)=C/[C@@H]1CO[C@@H]1O[C@H](C)[C@@H](O)[C@@H](OC)[C@H]1OC,CC[C@H]1OC(=O)C[C@@H](OC(C)=O)[C@H](C)[C@@H](O[C@@H]2O[C@H](C)[C@@H](O[C@H]3C[C@@](C)(OC(=O)C(CCCN)NC(C)=O)[C@@H](OC(=O)CC(C)C)[C@H](C)O3)[C@H](N(C)C)[C@H]2O)[C@@H](CC=O)C[C@@H](C)C(=O)/C=C/C(C)=C/[C@@H]1CO[C@@H]1O[C@H](C)[C@@H](O)[C@@H](OC)[C@H]1OC,TRUE,,-1.5354,-1.535405712
tylvalosin,Tylvalosin (Ì©Íò¾úËØ),REF_TYLVALOSIN,repository_reference,O49_attached_to_C36,49,36,C,MPM00819,Neu5Ac,CC(=O)NC1C(O)CC(O)(C(=O)O)OC1C(O)C(O)CO,1,CC[C@H]1OC(=O)C[C@@H](OC(C)=O)[C@H](C)[C@@H](O[C@@H]2O[C@H](C)[C@@H](O[C@H]3C[C@@](C)(OC(=O)C4(O)CC(O)C(NC(C)=O)C(C(O)C(O)CO)O4)[C@@H](OC(=O)CC(C)C)[C@H](C)O3)[C@H](N(C)C)[C@H]2O)[C@@H](CC=O)C[C@@H](C)C(=O)/C=C/C(C)=C/[C@@H]1CO[C@@H]1O[C@H](C)[C@@H](O)[C@@H](OC)[C@H]1OC,CC[C@H]1OC(=O)C[C@@H](OC(C)=O)[C@H](C)[C@@H](O[C@@H]2O[C@H](C)[C@@H](O[C@H]3C[C@@](C)(OC(=O)C4(O)CC(O)C(NC(C)=O)C(C(O)C(O)CO)O4)[C@@H](OC(=O)CC(C)C)[C@H](C)O3)[C@H](N(C)C)[C@H]2O)[C@@H](CC=O)C[C@@H](C)C(=O)/C=C/C(C)=C/[C@@H]1CO[C@@H]1O[C@H](C)[C@@H](O)[C@@H](OC)[C@H]1OC,TRUE,,-3.0016,-3.00159237
tylvalosin,Tylvalosin (Ì©Íò¾úËØ),REF_TYLVALOSIN,repository_reference,O49_attached_to_C36,49,36,C,MPM00806,N-Acetyl-D-muramoate,CC(=O)NC1C(O)OC(CO)C(O)C1OC(C)C(=O)O,1,CC[C@H]1OC(=O)C[C@@H](OC(C)=O)[C@H](C)[C@@H](O[C@@H]2O[C@H](C)[C@@H](O[C@H]3C[C@@](C)(OC(=O)C(C)OC4C(O)C(CO)OC(O)C4NC(C)=O)[C@@H](OC(=O)CC(C)C)[C@H](C)O3)[C@H](N(C)C)[C@H]2O)[C@@H](CC=O)C[C@@H](C)C(=O)/C=C/C(C)=C/[C@@H]1CO[C@@H]1O[C@H](C)[C@@H](O)[C@@H](OC)[C@H]1OC,CC[C@H]1OC(=O)C[C@@H](OC(C)=O)[C@H](C)[C@@H](O[C@@H]2O[C@H](C)[C@@H](O[C@H]3C[C@@](C)(OC(=O)C(C)OC4C(O)C(CO)OC(O)C4NC(C)=O)[C@@H](OC(=O)CC(C)C)[C@H](C)O3)[C@H](N(C)C)[C@H]2O)[C@@H](CC=O)C[C@@H](C)C(=O)/C=C/C(C)=C/[C@@H]1CO[C@@H]1O[C@H](C)[C@@H](O)[C@@H](OC)[C@H]1OC,TRUE,,-2.647,-2.646993326
tylvalosin,Tylvalosin (Ì©Íò¾úËØ),REF_TYLVALOSIN,repository_reference,O49_attached_to_C36,49,36,C,MPM00632,Ethanoic acid,CC(=O)O,1,CC[C@H]1OC(=O)C[C@@H](OC(C)=O)[C@H](C)[C@@H](O[C@@H]2O[C@H](C)[C@@H](O[C@H]3C[C@@](C)(OC(C)=O)[C@@H](OC(=O)CC(C)C)[C@H](C)O3)[C@H](N(C)C)[C@H]2O)[C@@H](CC=O)C[C@@H](C)C(=O)/C=C/C(C)=C/[C@@H]1CO[C@@H]1O[C@H](C)[C@@H](O)[C@@H](OC)[C@H]1OC,CC[C@H]1OC(=O)C[C@@H](OC(C)=O)[C@H](C)[C@@H](O[C@@H]2O[C@H](C)[C@@H](O[C@H]3C[C@@](C)(OC(C)=O)[C@@H](OC(=O)CC(C)C)[C@H](C)O3)[C@H](N(C)C)[C@H]2O)[C@@H](CC=O)C[C@@H](C)C(=O)/C=C/C(C)=C/[C@@H]1CO[C@@H]1O[C@H](C)[C@@H](O)[C@@H](OC)[C@H]1OC,TRUE,,-1.6007,-1.600713153
tylvalosin,Tylvalosin (Ì©Íò¾úËØ),REF_TYLVALOSIN,repository_reference,O49_attached_to_C36,49,36,C,MPM01530,O3-Acetyl-L-serine,CC(=O)OCC(N)C(=O)O,1,CC[C@H]1OC(=O)C[C@@H](OC(C)=O)[C@H](C)[C@@H](O[C@@H]2O[C@H](C)[C@@H](O[C@H]3C[C@@](C)(OC(=O)C(N)COC(C)=O)[C@@H](OC(=O)CC(C)C)[C@H](C)O3)[C@H](N(C)C)[C@H]2O)[C@@H](CC=O)C[C@@H](C)C(=O)/C=C/C(C)=C/[C@@H]1CO[C@@H]1O[C@H](C)[C@@H](O)[C@@H](OC)[C@H]1OC,CC[C@H]1OC(=O)C[C@@H](OC(C)=O)[C@H](C)[C@@H](O[C@@H]2O[C@H](C)[C@@H](O[C@H]3C[C@@](C)(OC(=O)C(N)COC(C)=O)[C@@H](OC(=O)CC(C)C)[C@H](C)O3)[C@H](N(C)C)[C@H]2O)[C@@H](CC=O)C[C@@H](C)C(=O)/C=C/C(C)=C/[C@@H]1CO[C@@H]1O[C@H](C)[C@@H](O)[C@@H](OC)[C@H]1OC,TRUE,,-1.3617,-1.361697436
tylvalosin,Tylvalosin (Ì©Íò¾úËØ),REF_TYLVALOSIN,repository_reference,O49_attached_to_C36,49,36,C,MPM01531,O-Acetylhomoserine,CC(=O)OCCC(N)C(=O)O,1,CC[C@H]1OC(=O)C[C@@H](OC(C)=O)[C@H](C)[C@@H](O[C@@H]2O[C@H](C)[C@@H](O[C@H]3C[C@@](C)(OC(=O)C(N)CCOC(C)=O)[C@@H](OC(=O)CC(C)C)[C@H](C)O3)[C@H](N(C)C)[C@H]2O)[C@@H](CC=O)C[C@@H](C)C(=O)/C=C/C(C)=C/[C@@H]1CO[C@@H]1O[C@H](C)[C@@H](O)[C@@H](OC)[C@H]1OC,CC[C@H]1OC(=O)C[C@@H](OC(C)=O)[C@H](C)[C@@H](O[C@@H]2O[C@H](C)[C@@H](O[C@H]3C[C@@](C)(OC(=O)C(N)CCOC(C)=O)[C@@H](OC(=O)CC(C)C)[C@H](C)O3)[C@H](N(C)C)[C@H]2O)[C@@H](CC=O)C[C@@H](C)C(=O)/C=C/C(C)=C/[C@@H]1CO[C@@H]1O[C@H](C)[C@@H](O)[C@@H](OC)[C@H]1OC,TRUE,,-1.553,-1.553015436
tylvalosin,Tylvalosin (Ì©Íò¾úËØ),REF_TYLVALOSIN,repository_reference,O49_attached_to_C36,49,36,C,MPM00396,6-Acetylthiohexanoic acid,CC(=O)SCCCCCC(=O)O,1,CC[C@H]1OC(=O)C[C@@H](OC(C)=O)[C@H](C)[C@@H](O[C@@H]2O[C@H](C)[C@@H](O[C@H]3C[C@@](C)(OC(=O)CCCCCSC(C)=O)[C@@H](OC(=O)CC(C)C)[C@H](C)O3)[C@H](N(C)C)[C@H]2O)[C@@H](CC=O)C[C@@H](C)C(=O)/C=C/C(C)=C/[C@@H]1CO[C@@H]1O[C@H](C)[C@@H](O)[C@@H](OC)[C@H]1OC,CC[C@H]1OC(=O)C[C@@H](OC(C)=O)[C@H](C)[C@@H](O[C@@H]2O[C@H](C)[C@@H](O[C@H]3C[C@@](C)(OC(=O)CCCCCSC(C)=O)[C@@H](OC(=O)CC(C)C)[C@H](C)O3)[C@H](N(C)C)[C@H]2O)[C@@H](CC=O)C[C@@H](C)C(=O)/C=C/C(C)=C/[C@@H]1CO[C@@H]1O[C@H](C)[C@@H](O)[C@@H](OC)[C@H]1OC,TRUE,,-2.578,-2.577983026
tylvalosin,Tylvalosin (Ì©Íò¾úËØ),REF_TYLVALOSIN,repository_reference,O49_attached_to_C36,49,36,C,MPM00215,2-Dehydropantoate,CC(C)(CO)C(=O)C(=O)O,1,CC[C@H]1OC(=O)C[C@@H](OC(C)=O)[C@H](C)[C@@H](O[C@@H]2O[C@H](C)[C@@H](O[C@H]3C[C@@](C)(OC(=O)C(=O)C(C)(C)CO)[C@@H](OC(=O)CC(C)C)[C@H](C)O3)[C@H](N(C)C)[C@H]2O)[C@@H](CC=O)C[C@@H](C)C(=O)/C=C/C(C)=C/[C@@H]1CO[C@@H]1O[C@H](C)[C@@H](O)[C@@H](OC)[C@H]1OC,CC[C@H]1OC(=O)C[C@@H](OC(C)=O)[C@H](C)[C@@H](O[C@@H]2O[C@H](C)[C@@H](O[C@H]3C[C@@](C)(OC(=O)C(=O)C(C)(C)CO)[C@@H](OC(=O)CC(C)C)[C@H](C)O3)[C@H](N(C)C)[C@H]2O)[C@@H](CC=O)C[C@@H](C)C(=O)/C=C/C(C)=C/[C@@H]1CO[C@@H]1O[C@H](C)[C@@H](O)[C@@H](OC)[C@H]1OC,TRUE,,-1.4212,-1.421210193
tylvalosin,Tylvalosin (Ì©Íò¾úËØ),REF_TYLVALOSIN,repository_reference,O49_attached_to_C36,49,36,C,MPM00831,N-Pantothenoylcysteine,CC(C)(CO)C(O)C(=O)NCCC(=O)NC(CS)C(=O)O,1,CC[C@H]1OC(=O)C[C@@H](OC(C)=O)[C@H](C)[C@@H](O[C@@H]2O[C@H](C)[C@@H](O[C@H]3C[C@@](C)(OC(=O)C(CS)NC(=O)CCNC(=O)C(O)C(C)(C)CO)[C@@H](OC(=O)CC(C)C)[C@H](C)O3)[C@H](N(C)C)[C@H]2O)[C@@H](CC=O)C[C@@H](C)C(=O)/C=C/C(C)=C/[C@@H]1CO[C@@H]1O[C@H](C)[C@@H](O)[C@@H](OC)[C@H]1OC,CC[C@H]1OC(=O)C[C@@H](OC(C)=O)[C@H](C)[C@@H](O[C@@H]2O[C@H](C)[C@@H](O[C@H]3C[C@@](C)(OC(=O)C(CS)NC(=O)CCNC(=O)C(O)C(C)(C)CO)[C@@H](OC(=O)CC(C)C)[C@H](C)O3)[C@H](N(C)C)[C@H]2O)[C@@H](CC=O)C[C@@H](C)C(=O)/C=C/C(C)=C/[C@@H]1CO[C@@H]1O[C@H](C)[C@@H](O)[C@@H](OC)[C@H]1OC,TRUE,,-3.4061,-3.406131811
tylvalosin,Tylvalosin (Ì©Íò¾úËØ),REF_TYLVALOSIN,repository_reference,O49_attached_to_C36,49,36,C,MPM00087,(R)-Pantothenate,CC(C)(CO)C(O)C(=O)NCCC(=O)O,1,CC[C@H]1OC(=O)C[C@@H](OC(C)=O)[C@H](C)[C@@H](O[C@@H]2O[C@H](C)[C@@H](O[C@H]3C[C@@](C)(OC(=O)CCNC(=O)C(O)C(C)(C)CO)[C@@H](OC(=O)CC(C)C)[C@H](C)O3)[C@H](N(C)C)[C@H]2O)[C@@H](CC=O)C[C@@H](C)C(=O)/C=C/C(C)=C/[C@@H]1CO[C@@H]1O[C@H](C)[C@@H](O)[C@@H](OC)[C@H]1OC,CC[C@H]1OC(=O)C[C@@H](OC(C)=O)[C@H](C)[C@@H](O[C@@H]2O[C@H](C)[C@@H](O[C@H]3C[C@@](C)(OC(=O)CCNC(=O)C(O)C(C)(C)CO)[C@@H](OC(=O)CC(C)C)[C@H](C)O3)[C@H](N(C)C)[C@H]2O)[C@@H](CC=O)C[C@@H](C)C(=O)/C=C/C(C)=C/[C@@H]1CO[C@@H]1O[C@H](C)[C@@H](O)[C@@H](OC)[C@H]1OC,TRUE,,-1.836,-1.835969801
tylvalosin,Tylvalosin (Ì©Íò¾úËØ),REF_TYLVALOSIN,repository_reference,O49_attached_to_C36,49,36,C,MPM00080,(R)-4'-Phosphopantothenate,CC(C)(COP(=O)(O)O)C(O)C(=O)NCCC(=O)O,1,CC[C@H]1OC(=O)C[C@@H](OC(C)=O)[C@H](C)[C@@H](O[C@@H]2O[C@H](C)[C@@H](O[C@H]3C[C@@](C)(OC(=O)CCNC(=O)C(O)C(C)(C)COP(=O)(O)O)[C@@H](OC(=O)CC(C)C)[C@H](C)O3)[C@H](N(C)C)[C@H]2O)[C@@H](CC=O)C[C@@H](C)C(=O)/C=C/C(C)=C/[C@@H]1CO[C@@H]1O[C@H](C)[C@@H](O)[C@@H](OC)[C@H]1OC,CC[C@H]1OC(=O)C[C@@H](OC(C)=O)[C@H](C)[C@@H](O[C@@H]2O[C@H](C)[C@@H](O[C@H]3C[C@@](C)(OC(=O)CCNC(=O)C(O)C(C)(C)COP(=O)(O)O)[C@@H](OC(=O)CC(C)C)[C@H](C)O3)[C@H](N(C)C)[C@H]2O)[C@@H](CC=O)C[C@@H](C)C(=O)/C=C/C(C)=C/[C@@H]1CO[C@@H]1O[C@H](C)[C@@H](O)[C@@H](OC)[C@H]1OC,TRUE,,-2.2357,-2.23567199
tylvalosin,Tylvalosin (Ì©Íò¾úËØ),REF_TYLVALOSIN,repository_reference,O49_attached_to_C36,49,36,C,MPM00026,"(2R)-2,3-Dihydroxy-3-methylbutanoate",CC(C)(O)C(O)C(=O)O,1,CC[C@H]1OC(=O)C[C@@H](OC(C)=O)[C@H](C)[C@@H](O[C@@H]2O[C@H](C)[C@@H](O[C@H]3C[C@@](C)(OC(=O)C(O)C(C)(C)O)[C@@H](OC(=O)CC(C)C)[C@H](C)O3)[C@H](N(C)C)[C@H]2O)[C@@H](CC=O)C[C@@H](C)C(=O)/C=C/C(C)=C/[C@@H]1CO[C@@H]1O[C@H](C)[C@@H](O)[C@@H](OC)[C@H]1OC,CC[C@H]1OC(=O)C[C@@H](OC(C)=O)[C@H](C)[C@@H](O[C@@H]2O[C@H](C)[C@@H](O[C@H]3C[C@@](C)(OC(=O)C(O)C(C)(C)O)[C@@H](OC(=O)CC(C)C)[C@H](C)O3)[C@H](N(C)C)[C@H]2O)[C@@H](CC=O)C[C@@H](C)C(=O)/C=C/C(C)=C/[C@@H]1CO[C@@H]1O[C@H](C)[C@@H](O)[C@@H](OC)[C@H]1OC,TRUE,,-1.9689,-1.96891961
tylvalosin,Tylvalosin (Ì©Íò¾úËØ),REF_TYLVALOSIN,repository_reference,O49_attached_to_C36,49,36,C,MPM00242,2-Keto-3-methylbutyric acid,CC(C)C(=O)C(=O)O,1,CC[C@H]1OC(=O)C[C@@H](OC(C)=O)[C@H](C)[C@@H](O[C@@H]2O[C@H](C)[C@@H](O[C@H]3C[C@@](C)(OC(=O)C(=O)C(C)C)[C@@H](OC(=O)CC(C)C)[C@H](C)O3)[C@H](N(C)C)[C@H]2O)[C@@H](CC=O)C[C@@H](C)C(=O)/C=C/C(C)=C/[C@@H]1CO[C@@H]1O[C@H](C)[C@@H](O)[C@@H](OC)[C@H]1OC,CC[C@H]1OC(=O)C[C@@H](OC(C)=O)[C@H](C)[C@@H](O[C@@H]2O[C@H](C)[C@@H](O[C@H]3C[C@@](C)(OC(=O)C(=O)C(C)C)[C@@H](OC(=O)CC(C)C)[C@H](C)O3)[C@H](N(C)C)[C@H]2O)[C@@H](CC=O)C[C@@H](C)C(=O)/C=C/C(C)=C/[C@@H]1CO[C@@H]1O[C@H](C)[C@@H](O)[C@@H](OC)[C@H]1OC,TRUE,,-1.6052,-1.605157209
tylvalosin,Tylvalosin (Ì©Íò¾úËØ),REF_TYLVALOSIN,repository_reference,O49_attached_to_C36,49,36,C,MPM00716,Isobutyrate,CC(C)C(=O)O,1,CC[C@H]1OC(=O)C[C@@H](OC(C)=O)[C@H](C)[C@@H](O[C@@H]2O[C@H](C)[C@@H](O[C@H]3C[C@@](C)(OC(=O)C(C)C)[C@@H](OC(=O)CC(C)C)[C@H](C)O3)[C@H](N(C)C)[C@H]2O)[C@@H](CC=O)C[C@@H](C)C(=O)/C=C/C(C)=C/[C@@H]1CO[C@@H]1O[C@H](C)[C@@H](O)[C@@H](OC)[C@H]1OC,CC[C@H]1OC(=O)C[C@@H](OC(C)=O)[C@H](C)[C@@H](O[C@@H]2O[C@H](C)[C@@H](O[C@H]3C[C@@](C)(OC(=O)C(C)C)[C@@H](OC(=O)CC(C)C)[C@H](C)O3)[C@H](N(C)C)[C@H]2O)[C@@H](CC=O)C[C@@H](C)C(=O)/C=C/C(C)=C/[C@@H]1CO[C@@H]1O[C@H](C)[C@@H](O)[C@@H](OC)[C@H]1OC,TRUE,,-1.6703,-1.670289789
tylvalosin,Tylvalosin (Ì©Íò¾úËØ),REF_TYLVALOSIN,repository_reference,O49_attached_to_C36,49,36,C,MPM01137,2-Amino-3-methylbutyric acid,CC(C)C(N)C(=O)O,1,CC[C@H]1OC(=O)C[C@@H](OC(C)=O)[C@H](C)[C@@H](O[C@@H]2O[C@H](C)[C@@H](O[C@H]3C[C@@](C)(OC(=O)C(N)C(C)C)[C@@H](OC(=O)CC(C)C)[C@H](C)O3)[C@H](N(C)C)[C@H]2O)[C@@H](CC=O)C[C@@H](C)C(=O)/C=C/C(C)=C/[C@@H]1CO[C@@H]1O[C@H](C)[C@@H](O)[C@@H](OC)[C@H]1OC,CC[C@H]1OC(=O)C[C@@H](OC(C)=O)[C@H](C)[C@@H](O[C@@H]2O[C@H](C)[C@@H](O[C@H]3C[C@@](C)(OC(=O)C(N)C(C)C)[C@@H](OC(=O)CC(C)C)[C@H](C)O3)[C@H](N(C)C)[C@H]2O)[C@@H](CC=O)C[C@@H](C)C(=O)/C=C/C(C)=C/[C@@H]1CO[C@@H]1O[C@H](C)[C@@H](O)[C@@H](OC)[C@H]1OC,TRUE,,-1.6443,-1.644334568
tylvalosin,Tylvalosin (Ì©Íò¾úËØ),REF_TYLVALOSIN,repository_reference,O49_attached_to_C36,49,36,C,MPM00260,2-Oxoisocaproate,CC(C)CC(=O)C(=O)O,1,CC[C@H]1OC(=O)C[C@@H](OC(C)=O)[C@H](C)[C@@H](O[C@@H]2O[C@H](C)[C@@H](O[C@H]3C[C@@](C)(OC(=O)C(=O)CC(C)C)[C@@H](OC(=O)CC(C)C)[C@H](C)O3)[C@H](N(C)C)[C@H]2O)[C@@H](CC=O)C[C@@H](C)C(=O)/C=C/C(C)=C/[C@@H]1CO[C@@H]1O[C@H](C)[C@@H](O)[C@@H](OC)[C@H]1OC,CC[C@H]1OC(=O)C[C@@H](OC(C)=O)[C@H](C)[C@@H](O[C@@H]2O[C@H](C)[C@@H](O[C@H]3C[C@@](C)(OC(=O)C(=O)CC(C)C)[C@@H](OC(=O)CC(C)C)[C@H](C)O3)[C@H](N(C)C)[C@H]2O)[C@@H](CC=O)C[C@@H](C)C(=O)/C=C/C(C)=C/[C@@H]1CO[C@@H]1O[C@H](C)[C@@H](O)[C@@H](OC)[C@H]1OC,TRUE,,-1.8317,-1.831722462
tylvalosin,Tylvalosin (Ì©Íò¾úËØ),REF_TYLVALOSIN,repository_reference,O49_attached_to_C36,49,36,C,MPM00720,Isovalerate,CC(C)CC(=O)O,1,CC[C@H]1OC(=O)C[C@@H](OC(C)=O)[C@H](C)[C@@H](O[C@@H]2O[C@H](C)[C@@H](O[C@H]3C[C@@](C)(OC(=O)CC(C)C)[C@@H](OC(=O)CC(C)C)[C@H](C)O3)[C@H](N(C)C)[C@H]2O)[C@@H](CC=O)C[C@@H](C)C(=O)/C=C/C(C)=C/[C@@H]1CO[C@@H]1O[C@H](C)[C@@H](O)[C@@H](OC)[C@H]1OC,CC[C@H]1OC(=O)C[C@@H](OC(C)=O)[C@H](C)[C@@H](O[C@@H]2O[C@H](C)[C@@H](O[C@H]3C[C@@](C)(OC(=O)CC(C)C)[C@@H](OC(=O)CC(C)C)[C@H](C)O3)[C@H](N(C)C)[C@H]2O)[C@@H](CC=O)C[C@@H](C)C(=O)/C=C/C(C)=C/[C@@H]1CO[C@@H]1O[C@H](C)[C@@H](O)[C@@H](OC)[C@H]1OC,TRUE,,-1.8998,-1.89980239
tylvalosin,Tylvalosin (Ì©Íò¾úËØ),REF_TYLVALOSIN,repository_reference,O49_attached_to_C36,49,36,C,MPM01055,(2S)-alpha-Leucine,CC(C)CC(N)C(=O)O,1,CC[C@H]1OC(=O)C[C@@H](OC(C)=O)[C@H](C)[C@@H](O[C@@H]2O[C@H](C)[C@@H](O[C@H]3C[C@@](C)(OC(=O)C(N)CC(C)C)[C@@H](OC(=O)CC(C)C)[C@H](C)O3)[C@H](N(C)C)[C@H]2O)[C@@H](CC=O)C[C@@H](C)C(=O)/C=C/C(C)=C/[C@@H]1CO[C@@H]1O[C@H](C)[C@@H](O)[C@@H](OC)[C@H]1OC,CC[C@H]1OC(=O)C[C@@H](OC(C)=O)[C@H](C)[C@@H](O[C@@H]2O[C@H](C)[C@@H](O[C@H]3C[C@@](C)(OC(=O)C(N)CC(C)C)[C@@H](OC(=O)CC(C)C)[C@H](C)O3)[C@H](N(C)C)[C@H]2O)[C@@H](CC=O)C[C@@H](C)C(=O)/C=C/C(C)=C/[C@@H]1CO[C@@H]1O[C@H](C)[C@@H](O)[C@@H](OC)[C@H]1OC,TRUE,,-1.7271,-1.72710203
tylvalosin,Tylvalosin (Ì©Íò¾úËØ),REF_TYLVALOSIN,repository_reference,O49_attached_to_C36,49,36,C,MPM00737,l-Alanyl-l-leucine,CC(C)CC(NC(=O)C(C)N)C(=O)O,1,CC[C@H]1OC(=O)C[C@@H](OC(C)=O)[C@H](C)[C@@H](O[C@@H]2O[C@H](C)[C@@H](O[C@H]3C[C@@](C)(OC(=O)C(CC(C)C)NC(=O)C(C)N)[C@@H](OC(=O)CC(C)C)[C@H](C)O3)[C@H](N(C)C)[C@H]2O)[C@@H](CC=O)C[C@@H](C)C(=O)/C=C/C(C)=C/[C@@H]1CO[C@@H]1O[C@H](C)[C@@H](O)[C@@H](OC)[C@H]1OC,CC[C@H]1OC(=O)C[C@@H](OC(C)=O)[C@H](C)[C@@H](O[C@@H]2O[C@H](C)[C@@H](O[C@H]3C[C@@](C)(OC(=O)C(CC(C)C)NC(=O)C(C)N)[C@@H](OC(=O)CC(C)C)[C@H](C)O3)[C@H](N(C)C)[C@H]2O)[C@@H](CC=O)C[C@@H](C)C(=O)/C=C/C(C)=C/[C@@H]1CO[C@@H]1O[C@H](C)[C@@H](O)[C@@H](OC)[C@H]1OC,TRUE,,-1.8835,-1.883463055
tylvalosin,Tylvalosin (Ì©Íò¾úËØ),REF_TYLVALOSIN,repository_reference,O49_attached_to_C36,49,36,C,MPM00675,Glycyl-L-leucine,CC(C)CC(NC(=O)CN)C(=O)O,1,CC[C@H]1OC(=O)C[C@@H](OC(C)=O)[C@H](C)[C@@H](O[C@@H]2O[C@H](C)[C@@H](O[C@H]3C[C@@](C)(OC(=O)C(CC(C)C)NC(=O)CN)[C@@H](OC(=O)CC(C)C)[C@H](C)O3)[C@H](N(C)C)[C@H]2O)[C@@H](CC=O)C[C@@H](C)C(=O)/C=C/C(C)=C/[C@@H]1CO[C@@H]1O[C@H](C)[C@@H](O)[C@@H](OC)[C@H]1OC,CC[C@H]1OC(=O)C[C@@H](OC(C)=O)[C@H](C)[C@@H](O[C@@H]2O[C@H](C)[C@@H](O[C@H]3C[C@@](C)(OC(=O)C(CC(C)C)NC(=O)CN)[C@@H](OC(=O)CC(C)C)[C@H](C)O3)[C@H](N(C)C)[C@H]2O)[C@@H](CC=O)C[C@@H](C)C(=O)/C=C/C(C)=C/[C@@H]1CO[C@@H]1O[C@H](C)[C@@H](O)[C@@H](OC)[C@H]1OC,TRUE,,-1.5064,-1.506361748
tylvalosin,Tylvalosin (Ì©Íò¾úËØ),REF_TYLVALOSIN,repository_reference,O49_attached_to_C36,49,36,C,MPM00108,(S)-methylmalonate semialdehyde,CC(C=O)C(=O)O,1,CC[C@H]1OC(=O)C[C@@H](OC(C)=O)[C@H](C)[C@@H](O[C@@H]2O[C@H](C)[C@@H](O[C@H]3C[C@@](C)(OC(=O)C(C)C=O)[C@@H](OC(=O)CC(C)C)[C@H](C)O3)[C@H](N(C)C)[C@H]2O)[C@@H](CC=O)C[C@@H](C)C(=O)/C=C/C(C)=C/[C@@H]1CO[C@@H]1O[C@H](C)[C@@H](O)[C@@H](OC)[C@H]1OC,CC[C@H]1OC(=O)C[C@@H](OC(C)=O)[C@H](C)[C@@H](O[C@@H]2O[C@H](C)[C@@H](O[C@H]3C[C@@](C)(OC(=O)C(C)C=O)[C@@H](OC(=O)CC(C)C)[C@H](C)O3)[C@H](N(C)C)[C@H]2O)[C@@H](CC=O)C[C@@H](C)C(=O)/C=C/C(C)=C/[C@@H]1CO[C@@H]1O[C@H](C)[C@@H](O)[C@@H](OC)[C@H]1OC,TRUE,,-1.8239,-1.823868567
tylvalosin,Tylvalosin (Ì©Íò¾úËØ),REF_TYLVALOSIN,repository_reference,O49_attached_to_C36,49,36,C,MPM01359,D-Ala-D-Ala,CC(N)C(=O)NC(C)C(=O)O,1,CC[C@H]1OC(=O)C[C@@H](OC(C)=O)[C@H](C)[C@@H](O[C@@H]2O[C@H](C)[C@@H](O[C@H]3C[C@@](C)(OC(=O)C(C)NC(=O)C(C)N)[C@@H](OC(=O)CC(C)C)[C@H](C)O3)[C@H](N(C)C)[C@H]2O)[C@@H](CC=O)C[C@@H](C)C(=O)/C=C/C(C)=C/[C@@H]1CO[C@@H]1O[C@H](C)[C@@H](O)[C@@H](OC)[C@H]1OC,CC[C@H]1OC(=O)C[C@@H](OC(C)=O)[C@H](C)[C@@H](O[C@@H]2O[C@H](C)[C@@H](O[C@H]3C[C@@](C)(OC(=O)C(C)NC(=O)C(C)N)[C@@H](OC(=O)CC(C)C)[C@H](C)O3)[C@H](N(C)C)[C@H]2O)[C@@H](CC=O)C[C@@H](C)C(=O)/C=C/C(C)=C/[C@@H]1CO[C@@H]1O[C@H](C)[C@@H](O)[C@@H](OC)[C@H]1OC,TRUE,,-1.4367,-1.436660345
tylvalosin,Tylvalosin (Ì©Íò¾úËØ),REF_TYLVALOSIN,repository_reference,O49_attached_to_C36,49,36,C,MPM00736,l-Alanyl-l-glutamine,CC(N)C(=O)NC(CCC(N)=O)C(=O)O,1,CC[C@H]1OC(=O)C[C@@H](OC(C)=O)[C@H](C)[C@@H](O[C@@H]2O[C@H](C)[C@@H](O[C@H]3C[C@@](C)(OC(=O)C(CCC(N)=O)NC(=O)C(C)N)[C@@H](OC(=O)CC(C)C)[C@H](C)O3)[C@H](N(C)C)[C@H]2O)[C@@H](CC=O)C[C@@H](C)C(=O)/C=C/C(C)=C/[C@@H]1CO[C@@H]1O[C@H](C)[C@@H](O)[C@@H](OC)[C@H]1OC,CC[C@H]1OC(=O)C[C@@H](OC(C)=O)[C@H](C)[C@@H](O[C@@H]2O[C@H](C)[C@@H](O[C@H]3C[C@@](C)(OC(=O)C(CCC(N)=O)NC(=O)C(C)N)[C@@H](OC(=O)CC(C)C)[C@H](C)O3)[C@H](N(C)C)[C@H]2O)[C@@H](CC=O)C[C@@H](C)C(=O)/C=C/C(C)=C/[C@@H]1CO[C@@H]1O[C@H](C)[C@@H](O)[C@@H](OC)[C@H]1OC,TRUE,,-1.4133,-1.413349175
tylvalosin,Tylvalosin (Ì©Íò¾úËØ),REF_TYLVALOSIN,repository_reference,O49_attached_to_C36,49,36,C,MPM00440,Ala-His,CC(N)C(=O)NC(Cc1cnc[nH]1)C(=O)O,1,CC[C@H]1OC(=O)C[C@@H](OC(C)=O)[C@H](C)[C@@H](O[C@@H]2O[C@H](C)[C@@H](O[C@H]3C[C@@](C)(OC(=O)C(Cc4cnc[nH]4)NC(=O)C(C)N)[C@@H](OC(=O)CC(C)C)[C@H](C)O3)[C@H](N(C)C)[C@H]2O)[C@@H](CC=O)C[C@@H](C)C(=O)/C=C/C(C)=C/[C@@H]1CO[C@@H]1O[C@H](C)[C@@H](O)[C@@H](OC)[C@H]1OC,CC[C@H]1OC(=O)C[C@@H](OC(C)=O)[C@H](C)[C@@H](O[C@@H]2O[C@H](C)[C@@H](O[C@H]3C[C@@](C)(OC(=O)C(Cc4cnc[nH]4)NC(=O)C(C)N)[C@@H](OC(=O)CC(C)C)[C@H](C)O3)[C@H](N(C)C)[C@H]2O)[C@@H](CC=O)C[C@@H](C)C(=O)/C=C/C(C)=C/[C@@H]1CO[C@@H]1O[C@H](C)[C@@H](O)[C@@H](OC)[C@H]1OC,TRUE,,-1.6773,-1.67733659
tylvalosin,Tylvalosin (Ì©Íò¾úËØ),REF_TYLVALOSIN,repository_reference,O49_attached_to_C36,49,36,C,MPM00441,Alanylglycine,CC(N)C(=O)NCC(=O)O,1,CC[C@H]1OC(=O)C[C@@H](OC(C)=O)[C@H](C)[C@@H](O[C@@H]2O[C@H](C)[C@@H](O[C@H]3C[C@@](C)(OC(=O)CNC(=O)C(C)N)[C@@H](OC(=O)CC(C)C)[C@H](C)O3)[C@H](N(C)C)[C@H]2O)[C@@H](CC=O)C[C@@H](C)C(=O)/C=C/C(C)=C/[C@@H]1CO[C@@H]1O[C@H](C)[C@@H](O)[C@@H](OC)[C@H]1OC,CC[C@H]1OC(=O)C[C@@H](OC(C)=O)[C@H](C)[C@@H](O[C@@H]2O[C@H](C)[C@@H](O[C@H]3C[C@@](C)(OC(=O)CNC(=O)C(C)N)[C@@H](OC(=O)CC(C)C)[C@H](C)O3)[C@H](N(C)C)[C@H]2O)[C@@H](CC=O)C[C@@H](C)C(=O)/C=C/C(C)=C/[C@@H]1CO[C@@H]1O[C@H](C)[C@@H](O)[C@@H](OC)[C@H]1OC,TRUE,,-1.2479,-1.247869649
tylvalosin,Tylvalosin (Ì©Íò¾úËØ),REF_TYLVALOSIN,repository_reference,O49_attached_to_C36,49,36,C,MPM01358,D-Ala,CC(N)C(=O)O,1,CC[C@H]1OC(=O)C[C@@H](OC(C)=O)[C@H](C)[C@@H](O[C@@H]2O[C@H](C)[C@@H](O[C@H]3C[C@@](C)(OC(=O)C(C)N)[C@@H](OC(=O)CC(C)C)[C@H](C)O3)[C@H](N(C)C)[C@H]2O)[C@@H](CC=O)C[C@@H](C)C(=O)/C=C/C(C)=C/[C@@H]1CO[C@@H]1O[C@H](C)[C@@H](O)[C@@H](OC)[C@H]1OC,CC[C@H]1OC(=O)C[C@@H](OC(C)=O)[C@H](C)[C@@H](O[C@@H]2O[C@H](C)[C@@H](O[C@H]3C[C@@](C)(OC(=O)C(C)N)[C@@H](OC(=O)CC(C)C)[C@H](C)O3)[C@H](N(C)C)[C@H]2O)[C@@H](CC=O)C[C@@H](C)C(=O)/C=C/C(C)=C/[C@@H]1CO[C@@H]1O[C@H](C)[C@@H](O)[C@@H](OC)[C@H]1OC,TRUE,,-1.2831,-1.283128736
tylvalosin,Tylvalosin (Ì©Íò¾úËØ),REF_TYLVALOSIN,repository_reference,O49_attached_to_C36,49,36,C,MPM00548,DAPA,CC(N)C(N)CCCCCC(=O)O,1,CC[C@H]1OC(=O)C[C@@H](OC(C)=O)[C@H](C)[C@@H](O[C@@H]2O[C@H](C)[C@@H](O[C@H]3C[C@@](C)(OC(=O)CCCCCC(N)C(C)N)[C@@H](OC(=O)CC(C)C)[C@H](C)O3)[C@H](N(C)C)[C@H]2O)[C@@H](CC=O)C[C@@H](C)C(=O)/C=C/C(C)=C/[C@@H]1CO[C@@H]1O[C@H](C)[C@@H](O)[C@@H](OC)[C@H]1OC,CC[C@H]1OC(=O)C[C@@H](OC(C)=O)[C@H](C)[C@@H](O[C@@H]2O[C@H](C)[C@@H](O[C@H]3C[C@@](C)(OC(=O)CCCCCC(N)C(C)N)[C@@H](OC(=O)CC(C)C)[C@H](C)O3)[C@H](N(C)C)[C@H]2O)[C@@H](CC=O)C[C@@H](C)C(=O)/C=C/C(C)=C/[C@@H]1CO[C@@H]1O[C@H](C)[C@@H](O)[C@@H](OC)[C@H]1OC,TRUE,,-1.7934,-1.793379528
tylvalosin,Tylvalosin (Ì©Íò¾úËØ),REF_TYLVALOSIN,repository_reference,O49_attached_to_C36,49,36,C,MPM00031,"(2R,4S)-2,4-diaminopentanoic acid",CC(N)CC(N)C(=O)O,1,CC[C@H]1OC(=O)C[C@@H](OC(C)=O)[C@H](C)[C@@H](O[C@@H]2O[C@H](C)[C@@H](O[C@H]3C[C@@](C)(OC(=O)C(N)CC(C)N)[C@@H](OC(=O)CC(C)C)[C@H](C)O3)[C@H](N(C)C)[C@H]2O)[C@@H](CC=O)C[C@@H](C)C(=O)/C=C/C(C)=C/[C@@H]1CO[C@@H]1O[C@H](C)[C@@H](O)[C@@H](OC)[C@H]1OC,CC[C@H]1OC(=O)C[C@@H](OC(C)=O)[C@H](C)[C@@H](O[C@@H]2O[C@H](C)[C@@H](O[C@H]3C[C@@](C)(OC(=O)C(N)CC(C)N)[C@@H](OC(=O)CC(C)C)[C@H](C)O3)[C@H](N(C)C)[C@H]2O)[C@@H](CC=O)C[C@@H](C)C(=O)/C=C/C(C)=C/[C@@H]1CO[C@@H]1O[C@H](C)[C@@H](O)[C@@H](OC)[C@H]1OC,TRUE,,-1.3509,-1.350896549
tylvalosin,Tylvalosin (Ì©Íò¾úËØ),REF_TYLVALOSIN,repository_reference,O49_attached_to_C36,49,36,C,MPM00051,"(3S,5S)-3,5-diaminohexanoic acid",CC(N)CC(N)CC(=O)O,1,CC[C@H]1OC(=O)C[C@@H](OC(C)=O)[C@H](C)[C@@H](O[C@@H]2O[C@H](C)[C@@H](O[C@H]3C[C@@](C)(OC(=O)CC(N)CC(C)N)[C@@H](OC(=O)CC(C)C)[C@H](C)O3)[C@H](N(C)C)[C@H]2O)[C@@H](CC=O)C[C@@H](C)C(=O)/C=C/C(C)=C/[C@@H]1CO[C@@H]1O[C@H](C)[C@@H](O)[C@@H](OC)[C@H]1OC,CC[C@H]1OC(=O)C[C@@H](OC(C)=O)[C@H](C)[C@@H](O[C@@H]2O[C@H](C)[C@@H](O[C@H]3C[C@@](C)(OC(=O)CC(N)CC(C)N)[C@@H](OC(=O)CC(C)C)[C@H](C)O3)[C@H](N(C)C)[C@H]2O)[C@@H](CC=O)C[C@@H](C)C(=O)/C=C/C(C)=C/[C@@H]1CO[C@@H]1O[C@H](C)[C@@H](O)[C@@H](OC)[C@H]1OC,TRUE,,-1.6094,-1.609401964
tylvalosin,Tylvalosin (Ì©Íò¾úËØ),REF_TYLVALOSIN,repository_reference,O49_attached_to_C36,49,36,C,MPM00083,(R)-mevalonate,CC(O)(CCO)CC(=O)O,1,CC[C@H]1OC(=O)C[C@@H](OC(C)=O)[C@H](C)[C@@H](O[C@@H]2O[C@H](C)[C@@H](O[C@H]3C[C@@](C)(OC(=O)CC(C)(O)CCO)[C@@H](OC(=O)CC(C)C)[C@H](C)O3)[C@H](N(C)C)[C@H]2O)[C@@H](CC=O)C[C@@H](C)C(=O)/C=C/C(C)=C/[C@@H]1CO[C@@H]1O[C@H](C)[C@@H](O)[C@@H](OC)[C@H]1OC,CC[C@H]1OC(=O)C[C@@H](OC(C)=O)[C@H](C)[C@@H](O[C@@H]2O[C@H](C)[C@@H](O[C@H]3C[C@@](C)(OC(=O)CC(C)(O)CCO)[C@@H](OC(=O)CC(C)C)[C@H](C)O3)[C@H](N(C)C)[C@H]2O)[C@@H](CC=O)C[C@@H](C)C(=O)/C=C/C(C)=C/[C@@H]1CO[C@@H]1O[C@H](C)[C@@H](O)[C@@H](OC)[C@H]1OC,TRUE,,-2.0481,-2.048096167
tylvalosin,Tylvalosin (Ì©Íò¾úËØ),REF_TYLVALOSIN,repository_reference,O49_attached_to_C36,49,36,C,MPM00081,(R)-5-Diphosphomevalonate,CC(O)(CCOP(=O)(O)OP(=O)(O)O)CC(=O)O,1,CC[C@H]1OC(=O)C[C@@H](OC(C)=O)[C@H](C)[C@@H](O[C@@H]2O[C@H](C)[C@@H](O[C@H]3C[C@@](C)(OC(=O)CC(C)(O)CCOP(=O)(O)OP(=O)(O)O)[C@@H](OC(=O)CC(C)C)[C@H](C)O3)[C@H](N(C)C)[C@H]2O)[C@@H](CC=O)C[C@@H](C)C(=O)/C=C/C(C)=C/[C@@H]1CO[C@@H]1O[C@H](C)[C@@H](O)[C@@H](OC)[C@H]1OC,CC[C@H]1OC(=O)C[C@@H](OC(C)=O)[C@H](C)[C@@H](O[C@@H]2O[C@H](C)[C@@H](O[C@H]3C[C@@](C)(OC(=O)CC(C)(O)CCOP(=O)(O)OP(=O)(O)O)[C@@H](OC(=O)CC(C)C)[C@H](C)O3)[C@H](N(C)C)[C@H]2O)[C@@H](CC=O)C[C@@H](C)C(=O)/C=C/C(C)=C/[C@@H]1CO[C@@H]1O[C@H](C)[C@@H](O)[C@@H](OC)[C@H]1OC,TRUE,,-2.9325,-2.932534272
tylvalosin,Tylvalosin (Ì©Íò¾úËØ),REF_TYLVALOSIN,repository_reference,O49_attached_to_C36,49,36,C,MPM00543,D-2-Hydroxypropionic acid,CC(O)C(=O)O,1,CC[C@H]1OC(=O)C[C@@H](OC(C)=O)[C@H](C)[C@@H](O[C@@H]2O[C@H](C)[C@@H](O[C@H]3C[C@@](C)(OC(=O)C(C)O)[C@@H](OC(=O)CC(C)C)[C@H](C)O3)[C@H](N(C)C)[C@H]2O)[C@@H](CC=O)C[C@@H](C)C(=O)/C=C/C(C)=C/[C@@H]1CO[C@@H]1O[C@H](C)[C@@H](O)[C@@H](OC)[C@H]1OC,CC[C@H]1OC(=O)C[C@@H](OC(C)=O)[C@H](C)[C@@H](O[C@@H]2O[C@H](C)[C@@H](O[C@H]3C[C@@](C)(OC(=O)C(C)O)[C@@H](OC(=O)CC(C)C)[C@H](C)O3)[C@H](N(C)C)[C@H]2O)[C@@H](CC=O)C[C@@H](C)C(=O)/C=C/C(C)=C/[C@@H]1CO[C@@H]1O[C@H](C)[C@@H](O)[C@@H](OC)[C@H]1OC,TRUE,,-1.5792,-1.579160348
tylvalosin,Tylvalosin (Ì©Íò¾úËØ),REF_TYLVALOSIN,repository_reference,O49_attached_to_C36,49,36,C,MPM01136,2-Amino-3-hydroxybutyric acid,CC(O)C(N)C(=O)O,1,CC[C@H]1OC(=O)C[C@@H](OC(C)=O)[C@H](C)[C@@H](O[C@@H]2O[C@H](C)[C@@H](O[C@H]3C[C@@](C)(OC(=O)C(N)C(C)O)[C@@H](OC(=O)CC(C)C)[C@H](C)O3)[C@H](N(C)C)[C@H]2O)[C@@H](CC=O)C[C@@H](C)C(=O)/C=C/C(C)=C/[C@@H]1CO[C@@H]1O[C@H](C)[C@@H](O)[C@@H](OC)[C@H]1OC,CC[C@H]1OC(=O)C[C@@H](OC(C)=O)[C@H](C)[C@@H](O[C@@H]2O[C@H](C)[C@@H](O[C@H]3C[C@@](C)(OC(=O)C(N)C(C)O)[C@@H](OC(=O)CC(C)C)[C@H](C)O3)[C@H](N(C)C)[C@H]2O)[C@@H](CC=O)C[C@@H](C)C(=O)/C=C/C(C)=C/[C@@H]1CO[C@@H]1O[C@H](C)[C@@H](O)[C@@H](OC)[C@H]1OC,TRUE,,-1.5358,-1.535816976
tylvalosin,Tylvalosin (Ì©Íò¾úËØ),REF_TYLVALOSIN,repository_reference,O49_attached_to_C36,49,36,C,MPM00551,D-beta-Hydroxybutyric acid,CC(O)CC(=O)O,1,CC[C@H]1OC(=O)C[C@@H](OC(C)=O)[C@H](C)[C@@H](O[C@@H]2O[C@H](C)[C@@H](O[C@H]3C[C@@](C)(OC(=O)CC(C)O)[C@@H](OC(=O)CC(C)C)[C@H](C)O3)[C@H](N(C)C)[C@H]2O)[C@@H](CC=O)C[C@@H](C)C(=O)/C=C/C(C)=C/[C@@H]1CO[C@@H]1O[C@H](C)[C@@H](O)[C@@H](OC)[C@H]1OC,CC[C@H]1OC(=O)C[C@@H](OC(C)=O)[C@H](C)[C@@H](O[C@@H]2O[C@H](C)[C@@H](O[C@H]3C[C@@](C)(OC(=O)CC(C)O)[C@@H](OC(=O)CC(C)C)[C@H](C)O3)[C@H](N(C)C)[C@H]2O)[C@@H](CC=O)C[C@@H](C)C(=O)/C=C/C(C)=C/[C@@H]1CO[C@@H]1O[C@H](C)[C@@H](O)[C@@H](OC)[C@H]1OC,TRUE,,-1.7278,-1.727841924
tylvalosin,Tylvalosin (Ì©Íò¾úËØ),REF_TYLVALOSIN,repository_reference,O49_attached_to_C36,49,36,C,MPM00843,O-Phospho-L-threonine,CC(OP(=O)(O)O)C(N)C(=O)O,1,CC[C@H]1OC(=O)C[C@@H](OC(C)=O)[C@H](C)[C@@H](O[C@@H]2O[C@H](C)[C@@H](O[C@H]3C[C@@](C)(OC(=O)C(N)C(C)OP(=O)(O)O)[C@@H](OC(=O)CC(C)C)[C@H](C)O3)[C@H](N(C)C)[C@H]2O)[C@@H](CC=O)C[C@@H](C)C(=O)/C=C/C(C)=C/[C@@H]1CO[C@@H]1O[C@H](C)[C@@H](O)[C@@H](OC)[C@H]1OC,CC[C@H]1OC(=O)C[C@@H](OC(C)=O)[C@H](C)[C@@H](O[C@@H]2O[C@H](C)[C@@H](O[C@H]3C[C@@](C)(OC(=O)C(N)C(C)OP(=O)(O)O)[C@@H](OC(=O)CC(C)C)[C@H](C)O3)[C@H](N(C)C)[C@H]2O)[C@@H](CC=O)C[C@@H](C)C(=O)/C=C/C(C)=C/[C@@H]1CO[C@@H]1O[C@H](C)[C@@H](O)[C@@H](OC)[C@H]1OC,TRUE,,-1.8263,-1.826259395
tylvalosin,Tylvalosin (Ì©Íò¾úËØ),REF_TYLVALOSIN,repository_reference,O49_attached_to_C36,49,36,C,MPM00465,Ampicillin,CC1(C)SC2C(NC(=O)C(N)c3ccccc3)C(=O)N2C1C(=O)O,1,CC[C@H]1OC(=O)C[C@@H](OC(C)=O)[C@H](C)[C@@H](O[C@@H]2O[C@H](C)[C@@H](O[C@H]3C[C@@](C)(OC(=O)C4N5C(=O)C(NC(=O)C(N)c6ccccc6)C5SC4(C)C)[C@@H](OC(=O)CC(C)C)[C@H](C)O3)[C@H](N(C)C)[C@H]2O)[C@@H](CC=O)C[C@@H](C)C(=O)/C=C/C(C)=C/[C@@H]1CO[C@@H]1O[C@H](C)[C@@H](O)[C@@H](OC)[C@H]1OC,CC[C@H]1OC(=O)C[C@@H](OC(C)=O)[C@H](C)[C@@H](O[C@@H]2O[C@H](C)[C@@H](O[C@H]3C[C@@](C)(OC(=O)C4N5C(=O)C(NC(=O)C(N)c6ccccc6)C5SC4(C)C)[C@@H](OC(=O)CC(C)C)[C@H](C)O3)[C@H](N(C)C)[C@H]2O)[C@@H](CC=O)C[C@@H](C)C(=O)/C=C/C(C)=C/[C@@H]1CO[C@@H]1O[C@H](C)[C@@H](O)[C@@H](OC)[C@H]1OC,TRUE,,-2.7621,-2.762111163
tylvalosin,Tylvalosin (Ì©Íò¾úËØ),REF_TYLVALOSIN,repository_reference,O49_attached_to_C36,49,36,C,MPM00566,Desthiobiotin,CC1NC(=O)NC1CCCCCC(=O)O,1,CC[C@H]1OC(=O)C[C@@H](OC(C)=O)[C@H](C)[C@@H](O[C@@H]2O[C@H](C)[C@@H](O[C@H]3C[C@@](C)(OC(=O)CCCCCC4NC(=O)NC4C)[C@@H](OC(=O)CC(C)C)[C@H](C)O3)[C@H](N(C)C)[C@H]2O)[C@@H](CC=O)C[C@@H](C)C(=O)/C=C/C(C)=C/[C@@H]1CO[C@@H]1O[C@H](C)[C@@H](O)[C@@H](OC)[C@H]1OC,CC[C@H]1OC(=O)C[C@@H](OC(C)=O)[C@H](C)[C@@H](O[C@@H]2O[C@H](C)[C@@H](O[C@H]3C[C@@](C)(OC(=O)CCCCCC4NC(=O)NC4C)[C@@H](OC(=O)CC(C)C)[C@H](C)O3)[C@H](N(C)C)[C@H]2O)[C@@H](CC=O)C[C@@H](C)C(=O)/C=C/C(C)=C/[C@@H]1CO[C@@H]1O[C@H](C)[C@@H](O)[C@@H](OC)[C@H]1OC,TRUE,,-2.4937,-2.493726998
tylvalosin,Tylvalosin (Ì©Íò¾úËØ),REF_TYLVALOSIN,repository_reference,O49_attached_to_C36,49,36,C,MPM00458,alpha-Ketobutyrate,CCC(=O)C(=O)O,1,CCC(=O)C(=O)O[C@]1(C)C[C@H](O[C@H]2[C@H](N(C)C)[C@@H](O)[C@H](O[C@H]3[C@@H](CC=O)C[C@@H](C)C(=O)/C=C/C(C)=C/[C@H](CO[C@@H]4O[C@H](C)[C@@H](O)[C@@H](OC)[C@H]4OC)[C@@H](CC)OC(=O)C[C@@H](OC(C)=O)[C@@H]3C)O[C@@H]2C)O[C@@H](C)[C@@H]1OC(=O)CC(C)C,CCC(=O)C(=O)O[C@]1(C)C[C@H](O[C@H]2[C@H](N(C)C)[C@@H](O)[C@H](O[C@H]3[C@@H](CC=O)C[C@@H](C)C(=O)/C=C/C(C)=C/[C@H](CO[C@@H]4O[C@H](C)[C@@H](O)[C@@H](OC)[C@H]4OC)[C@@H](CC)OC(=O)C[C@@H](OC(C)=O)[C@@H]3C)O[C@@H]2C)O[C@@H](C)[C@@H]1OC(=O)CC(C)C,TRUE,,-1.4353,-1.435278794
tylvalosin,Tylvalosin (Ì©Íò¾úËØ),REF_TYLVALOSIN,repository_reference,O49_attached_to_C36,49,36,C,MPM00908,propionate,CCC(=O)O,1,CCC(=O)O[C@]1(C)C[C@H](O[C@H]2[C@H](N(C)C)[C@@H](O)[C@H](O[C@H]3[C@@H](CC=O)C[C@@H](C)C(=O)/C=C/C(C)=C/[C@H](CO[C@@H]4O[C@H](C)[C@@H](O)[C@@H](OC)[C@H]4OC)[C@@H](CC)OC(=O)C[C@@H](OC(C)=O)[C@@H]3C)O[C@@H]2C)O[C@@H](C)[C@@H]1OC(=O)CC(C)C,CCC(=O)O[C@]1(C)C[C@H](O[C@H]2[C@H](N(C)C)[C@@H](O)[C@H](O[C@H]3[C@@H](CC=O)C[C@@H](C)C(=O)/C=C/C(C)=C/[C@H](CO[C@@H]4O[C@H](C)[C@@H](O)[C@@H](OC)[C@H]4OC)[C@@H](CC)OC(=O)C[C@@H](OC(C)=O)[C@@H]3C)O[C@@H]2C)O[C@@H](C)[C@@H]1OC(=O)CC(C)C,TRUE,,-1.5034,-1.503436204
tylvalosin,Tylvalosin (Ì©Íò¾úËØ),REF_TYLVALOSIN,repository_reference,O49_attached_to_C36,49,36,C,MPM00078,(R)-3-Hydroxy-3-methyl-2-oxopentanoate,CCC(C)(O)C(=O)C(=O)O,1,CC[C@H]1OC(=O)C[C@@H](OC(C)=O)[C@H](C)[C@@H](O[C@@H]2O[C@H](C)[C@@H](O[C@H]3C[C@@](C)(OC(=O)C(=O)C(C)(O)CC)[C@@H](OC(=O)CC(C)C)[C@H](C)O3)[C@H](N(C)C)[C@H]2O)[C@@H](CC=O)C[C@@H](C)C(=O)/C=C/C(C)=C/[C@@H]1CO[C@@H]1O[C@H](C)[C@@H](O)[C@@H](OC)[C@H]1OC,CC[C@H]1OC(=O)C[C@@H](OC(C)=O)[C@H](C)[C@@H](O[C@@H]2O[C@H](C)[C@@H](O[C@H]3C[C@@](C)(OC(=O)C(=O)C(C)(O)CC)[C@@H](OC(=O)CC(C)C)[C@H](C)O3)[C@H](N(C)C)[C@H]2O)[C@@H](CC=O)C[C@@H](C)C(=O)/C=C/C(C)=C/[C@@H]1CO[C@@H]1O[C@H](C)[C@@H](O)[C@@H](OC)[C@H]1OC,TRUE,,-1.6442,-1.644233962
tylvalosin,Tylvalosin (Ì©Íò¾úËØ),REF_TYLVALOSIN,repository_reference,O49_attached_to_C36,49,36,C,MPM00028,"(2R,3R)-2,3-Dihydroxy-3-methylpentanoate",CCC(C)(O)C(O)C(=O)O,1,CC[C@H]1OC(=O)C[C@@H](OC(C)=O)[C@H](C)[C@@H](O[C@@H]2O[C@H](C)[C@@H](O[C@H]3C[C@@](C)(OC(=O)C(O)C(C)(O)CC)[C@@H](OC(=O)CC(C)C)[C@H](C)O3)[C@H](N(C)C)[C@H]2O)[C@@H](CC=O)C[C@@H](C)C(=O)/C=C/C(C)=C/[C@@H]1CO[C@@H]1O[C@H](C)[C@@H](O)[C@@H](OC)[C@H]1OC,CC[C@H]1OC(=O)C[C@@H](OC(C)=O)[C@H](C)[C@@H](O[C@@H]2O[C@H](C)[C@@H](O[C@H]3C[C@@](C)(OC(=O)C(O)C(C)(O)CC)[C@@H](OC(=O)CC(C)C)[C@H](C)O3)[C@H](N(C)C)[C@H]2O)[C@@H](CC=O)C[C@@H](C)C(=O)/C=C/C(C)=C/[C@@H]1CO[C@@H]1O[C@H](C)[C@@H](O)[C@@H](OC)[C@H]1OC,TRUE,,-2.0073,-2.007278083
tylvalosin,Tylvalosin (Ì©Íò¾úËØ),REF_TYLVALOSIN,repository_reference,O49_attached_to_C36,49,36,C,MPM00050,(3S)-3-Methyl-2-oxopentanoate,CCC(C)C(=O)C(=O)O,1,CCC(C)C(=O)C(=O)O[C@]1(C)C[C@H](O[C@H]2[C@H](N(C)C)[C@@H](O)[C@H](O[C@H]3[C@@H](CC=O)C[C@@H](C)C(=O)/C=C/C(C)=C/[C@H](CO[C@@H]4O[C@H](C)[C@@H](O)[C@@H](OC)[C@H]4OC)[C@@H](CC)OC(=O)C[C@@H](OC(C)=O)[C@@H]3C)O[C@@H]2C)O[C@@H](C)[C@@H]1OC(=O)CC(C)C,CCC(C)C(=O)C(=O)O[C@]1(C)C[C@H](O[C@H]2[C@H](N(C)C)[C@@H](O)[C@H](O[C@H]3[C@@H](CC=O)C[C@@H](C)C(=O)/C=C/C(C)=C/[C@H](CO[C@@H]4O[C@H](C)[C@@H](O)[C@@H](OC)[C@H]4OC)[C@@H](CC)OC(=O)C[C@@H](OC(C)=O)[C@@H]3C)O[C@@H]2C)O[C@@H](C)[C@@H]1OC(=O)CC(C)C,TRUE,,-1.6536,-1.653577267
tylvalosin,Tylvalosin (Ì©Íò¾úËØ),REF_TYLVALOSIN,repository_reference,O49_attached_to_C36,49,36,C,MPM01138,2-Amino-3-methylvaleric acid,CCC(C)C(N)C(=O)O,1,CCC(C)C(N)C(=O)O[C@]1(C)C[C@H](O[C@H]2[C@H](N(C)C)[C@@H](O)[C@H](O[C@H]3[C@@H](CC=O)C[C@@H](C)C(=O)/C=C/C(C)=C/[C@H](CO[C@@H]4O[C@H](C)[C@@H](O)[C@@H](OC)[C@H]4OC)[C@@H](CC)OC(=O)C[C@@H](OC(C)=O)[C@@H]3C)O[C@@H]2C)O[C@@H](C)[C@@H]1OC(=O)CC(C)C,CCC(C)C(N)C(=O)O[C@]1(C)C[C@H](O[C@H]2[C@H](N(C)C)[C@@H](O)[C@H](O[C@H]3[C@@H](CC=O)C[C@@H](C)C(=O)/C=C/C(C)=C/[C@H](CO[C@@H]4O[C@H](C)[C@@H](O)[C@@H](OC)[C@H]4OC)[C@@H](CC)OC(=O)C[C@@H](OC(C)=O)[C@@H]3C)O[C@@H]2C)O[C@@H](C)[C@@H]1OC(=O)CC(C)C,TRUE,,-1.7002,-1.700171194
tylvalosin,Tylvalosin (Ì©Íò¾úËØ),REF_TYLVALOSIN,repository_reference,O49_attached_to_C36,49,36,C,MPM00029,"(2R,3R)-2-hydroxy-3-methylpentanoic acid",CCC(C)C(O)C(=O)O,1,CCC(C)C(O)C(=O)O[C@]1(C)C[C@H](O[C@H]2[C@H](N(C)C)[C@@H](O)[C@H](O[C@H]3[C@@H](CC=O)C[C@@H](C)C(=O)/C=C/C(C)=C/[C@H](CO[C@@H]4O[C@H](C)[C@@H](O)[C@@H](OC)[C@H]4OC)[C@@H](CC)OC(=O)C[C@@H](OC(C)=O)[C@@H]3C)O[C@@H]2C)O[C@@H](C)[C@@H]1OC(=O)CC(C)C,CCC(C)C(O)C(=O)O[C@]1(C)C[C@H](O[C@H]2[C@H](N(C)C)[C@@H](O)[C@H](O[C@H]3[C@@H](CC=O)C[C@@H](C)C(=O)/C=C/C(C)=C/[C@H](CO[C@@H]4O[C@H](C)[C@@H](O)[C@@H](OC)[C@H]4OC)[C@@H](CC)OC(=O)C[C@@H](OC(C)=O)[C@@H]3C)O[C@@H]2C)O[C@@H](C)[C@@H]1OC(=O)CC(C)C,TRUE,,-1.9963,-1.996300965
tylvalosin,Tylvalosin (Ì©Íò¾úËØ),REF_TYLVALOSIN,repository_reference,O49_attached_to_C36,49,36,C,MPM00094,(S)-2-Hydroxy-2-ethyl-3-oxobutanoate,CCC(O)(C(C)=O)C(=O)O,1,CC[C@H]1OC(=O)C[C@@H](OC(C)=O)[C@H](C)[C@@H](O[C@@H]2O[C@H](C)[C@@H](O[C@H]3C[C@@](C)(OC(=O)C(O)(CC)C(C)=O)[C@@H](OC(=O)CC(C)C)[C@H](C)O3)[C@H](N(C)C)[C@H]2O)[C@@H](CC=O)C[C@@H](C)C(=O)/C=C/C(C)=C/[C@@H]1CO[C@@H]1O[C@H](C)[C@@H](O)[C@@H](OC)[C@H]1OC,CC[C@H]1OC(=O)C[C@@H](OC(C)=O)[C@H](C)[C@@H](O[C@@H]2O[C@H](C)[C@@H](O[C@H]3C[C@@](C)(OC(=O)C(O)(CC)C(C)=O)[C@@H](OC(=O)CC(C)C)[C@H](C)O3)[C@H](N(C)C)[C@H]2O)[C@@H](CC=O)C[C@@H](C)C(=O)/C=C/C(C)=C/[C@@H]1CO[C@@H]1O[C@H](C)[C@@H](O)[C@@H](OC)[C@H]1OC,TRUE,,-1.9261,-1.926059091
tylvalosin,Tylvalosin (Ì©Íò¾úËØ),REF_TYLVALOSIN,repository_reference,O49_attached_to_C36,49,36,C,MPM00302,3-Hydroxypentanoic acid,CCC(O)CC(=O)O,1,CCC(O)CC(=O)O[C@]1(C)C[C@H](O[C@H]2[C@H](N(C)C)[C@@H](O)[C@H](O[C@H]3[C@@H](CC=O)C[C@@H](C)C(=O)/C=C/C(C)=C/[C@H](CO[C@@H]4O[C@H](C)[C@@H](O)[C@@H](OC)[C@H]4OC)[C@@H](CC)OC(=O)C[C@@H](OC(C)=O)[C@@H]3C)O[C@@H]2C)O[C@@H](C)[C@@H]1OC(=O)CC(C)C,CCC(O)CC(=O)O[C@]1(C)C[C@H](O[C@H]2[C@H](N(C)C)[C@@H](O)[C@H](O[C@H]3[C@@H](CC=O)C[C@@H](C)C(=O)/C=C/C(C)=C/[C@H](CO[C@@H]4O[C@H](C)[C@@H](O)[C@@H](OC)[C@H]4OC)[C@@H](CC)OC(=O)C[C@@H](OC(C)=O)[C@@H]3C)O[C@@H]2C)O[C@@H](C)[C@@H]1OC(=O)CC(C)C,TRUE,,-1.7727,-1.772654996
tylvalosin,Tylvalosin (Ì©Íò¾úËØ),REF_TYLVALOSIN,repository_reference,O49_attached_to_C36,49,36,C,MPM00496,butyrate,CCCC(=O)O,1,CCCC(=O)O[C@]1(C)C[C@H](O[C@H]2[C@H](N(C)C)[C@@H](O)[C@H](O[C@H]3[C@@H](CC=O)C[C@@H](C)C(=O)/C=C/C(C)=C/[C@H](CO[C@@H]4O[C@H](C)[C@@H](O)[C@@H](OC)[C@H]4OC)[C@@H](CC)OC(=O)C[C@@H](OC(C)=O)[C@@H]3C)O[C@@H]2C)O[C@@H](C)[C@@H]1OC(=O)CC(C)C,CCCC(=O)O[C@]1(C)C[C@H](O[C@H]2[C@H](N(C)C)[C@@H](O)[C@H](O[C@H]3[C@@H](CC=O)C[C@@H](C)C(=O)/C=C/C(C)=C/[C@H](CO[C@@H]4O[C@H](C)[C@@H](O)[C@@H](OC)[C@H]4OC)[C@@H](CC)OC(=O)C[C@@H](OC(C)=O)[C@@H]3C)O[C@@H]2C)O[C@@H](C)[C@@H]1OC(=O)CC(C)C,TRUE,,-1.5609,-1.56089122
tylvalosin,Tylvalosin (Ì©Íò¾úËØ),REF_TYLVALOSIN,repository_reference,O49_attached_to_C36,49,36,C,MPM00298,3-Hydroxyhexanoic acid,CCCC(O)CC(=O)O,1,CCCC(O)CC(=O)O[C@]1(C)C[C@H](O[C@H]2[C@H](N(C)C)[C@@H](O)[C@H](O[C@H]3[C@@H](CC=O)C[C@@H](C)C(=O)/C=C/C(C)=C/[C@H](CO[C@@H]4O[C@H](C)[C@@H](O)[C@@H](OC)[C@H]4OC)[C@@H](CC)OC(=O)C[C@@H](OC(C)=O)[C@@H]3C)O[C@@H]2C)O[C@@H](C)[C@@H]1OC(=O)CC(C)C,CCCC(O)CC(=O)O[C@]1(C)C[C@H](O[C@H]2[C@H](N(C)C)[C@@H](O)[C@H](O[C@H]3[C@@H](CC=O)C[C@@H](C)C(=O)/C=C/C(C)=C/[C@H](CO[C@@H]4O[C@H](C)[C@@H](O)[C@@H](OC)[C@H]4OC)[C@@H](CC)OC(=O)C[C@@H](OC(C)=O)[C@@H]3C)O[C@@H]2C)O[C@@H](C)[C@@H]1OC(=O)CC(C)C,TRUE,,-1.8372,-1.837191434
tylvalosin,Tylvalosin (Ì©Íò¾úËØ),REF_TYLVALOSIN,repository_reference,O49_attached_to_C36,49,36,C,MPM00833,n-Valeric acid,CCCCC(=O)O,1,CCCCC(=O)O[C@]1(C)C[C@H](O[C@H]2[C@H](N(C)C)[C@@H](O)[C@H](O[C@H]3[C@@H](CC=O)C[C@@H](C)C(=O)/C=C/C(C)=C/[C@H](CO[C@@H]4O[C@H](C)[C@@H](O)[C@@H](OC)[C@H]4OC)[C@@H](CC)OC(=O)C[C@@H](OC(C)=O)[C@@H]3C)O[C@@H]2C)O[C@@H](C)[C@@H]1OC(=O)CC(C)C,CCCCC(=O)O[C@]1(C)C[C@H](O[C@H]2[C@H](N(C)C)[C@@H](O)[C@H](O[C@H]3[C@@H](CC=O)C[C@@H](C)C(=O)/C=C/C(C)=C/[C@H](CO[C@@H]4O[C@H](C)[C@@H](O)[C@@H](OC)[C@H]4OC)[C@@H](CC)OC(=O)C[C@@H](OC(C)=O)[C@@H]3C)O[C@@H]2C)O[C@@H](C)[C@@H]1OC(=O)CC(C)C,TRUE,,-1.6258,-1.625755902
tylvalosin,Tylvalosin (Ì©Íò¾úËØ),REF_TYLVALOSIN,repository_reference,O49_attached_to_C36,49,36,C,MPM00295,3-hydroxyheptanoic Acid,CCCCC(O)CC(=O)O,1,CCCCC(O)CC(=O)O[C@]1(C)C[C@H](O[C@H]2[C@H](N(C)C)[C@@H](O)[C@H](O[C@H]3[C@@H](CC=O)C[C@@H](C)C(=O)/C=C/C(C)=C/[C@H](CO[C@@H]4O[C@H](C)[C@@H](O)[C@@H](OC)[C@H]4OC)[C@@H](CC)OC(=O)C[C@@H](OC(C)=O)[C@@H]3C)O[C@@H]2C)O[C@@H](C)[C@@H]1OC(=O)CC(C)C,CCCCC(O)CC(=O)O[C@]1(C)C[C@H](O[C@H]2[C@H](N(C)C)[C@@H](O)[C@H](O[C@H]3[C@@H](CC=O)C[C@@H](C)C(=O)/C=C/C(C)=C/[C@H](CO[C@@H]4O[C@H](C)[C@@H](O)[C@@H](OC)[C@H]4OC)[C@@H](CC)OC(=O)C[C@@H](OC(C)=O)[C@@H]3C)O[C@@H]2C)O[C@@H](C)[C@@H]1OC(=O)CC(C)C,TRUE,,-1.9055,-1.905477956
tylvalosin,Tylvalosin (Ì©Íò¾úËØ),REF_TYLVALOSIN,repository_reference,O49_attached_to_C36,49,36,C,MPM00061,(9E)-tetradecenoic acid,CCCCC=CCCCCCCCC(=O)O,1,CCCCC=CCCCCCCCC(=O)O[C@]1(C)C[C@H](O[C@H]2[C@H](N(C)C)[C@@H](O)[C@H](O[C@H]3[C@@H](CC=O)C[C@@H](C)C(=O)/C=C/C(C)=C/[C@H](CO[C@@H]4O[C@H](C)[C@@H](O)[C@@H](OC)[C@H]4OC)[C@@H](CC)OC(=O)C[C@@H](OC(C)=O)[C@@H]3C)O[C@@H]2C)O[C@@H](C)[C@@H]1OC(=O)CC(C)C,CCCCC=CCCCCCCCC(=O)O[C@]1(C)C[C@H](O[C@H]2[C@H](N(C)C)[C@@H](O)[C@H](O[C@H]3[C@@H](CC=O)C[C@@H](C)C(=O)/C=C/C(C)=C/[C@H](CO[C@@H]4O[C@H](C)[C@@H](O)[C@@H](OC)[C@H]4OC)[C@@H](CC)OC(=O)C[C@@H](OC(C)=O)[C@@H]3C)O[C@@H]2C)O[C@@H](C)[C@@H]1OC(=O)CC(C)C,TRUE,,-2.0925,-2.092485919
tylvalosin,Tylvalosin (Ì©Íò¾úËØ),REF_TYLVALOSIN,repository_reference,O49_attached_to_C36,49,36,C,MPM00813,n-Caproic acid,CCCCCC(=O)O,1,CCCCCC(=O)O[C@]1(C)C[C@H](O[C@H]2[C@H](N(C)C)[C@@H](O)[C@H](O[C@H]3[C@@H](CC=O)C[C@@H](C)C(=O)/C=C/C(C)=C/[C@H](CO[C@@H]4O[C@H](C)[C@@H](O)[C@@H](OC)[C@H]4OC)[C@@H](CC)OC(=O)C[C@@H](OC(C)=O)[C@@H]3C)O[C@@H]2C)O[C@@H](C)[C@@H]1OC(=O)CC(C)C,CCCCCC(=O)O[C@]1(C)C[C@H](O[C@H]2[C@H](N(C)C)[C@@H](O)[C@H](O[C@H]3[C@@H](CC=O)C[C@@H](C)C(=O)/C=C/C(C)=C/[C@H](CO[C@@H]4O[C@H](C)[C@@H](O)[C@@H](OC)[C@H]4OC)[C@@H](CC)OC(=O)C[C@@H](OC(C)=O)[C@@H]3C)O[C@@H]2C)O[C@@H](C)[C@@H]1OC(=O)CC(C)C,TRUE,,-1.6931,-1.693095871
tylvalosin,Tylvalosin (Ì©Íò¾úËØ),REF_TYLVALOSIN,repository_reference,O49_attached_to_C36,49,36,C,MPM00301,3-Hydroxyoctanoic acid,CCCCCC(O)CC(=O)O,1,CCCCCC(O)CC(=O)O[C@]1(C)C[C@H](O[C@H]2[C@H](N(C)C)[C@@H](O)[C@H](O[C@H]3[C@@H](CC=O)C[C@@H](C)C(=O)/C=C/C(C)=C/[C@H](CO[C@@H]4O[C@H](C)[C@@H](O)[C@@H](OC)[C@H]4OC)[C@@H](CC)OC(=O)C[C@@H](OC(C)=O)[C@@H]3C)O[C@@H]2C)O[C@@H](C)[C@@H]1OC(=O)CC(C)C,CCCCCC(O)CC(=O)O[C@]1(C)C[C@H](O[C@H]2[C@H](N(C)C)[C@@H](O)[C@H](O[C@H]3[C@@H](CC=O)C[C@@H](C)C(=O)/C=C/C(C)=C/[C@H](CO[C@@H]4O[C@H](C)[C@@H](O)[C@@H](OC)[C@H]4OC)[C@@H](CC)OC(=O)C[C@@H](OC(C)=O)[C@@H]3C)O[C@@H]2C)O[C@@H](C)[C@@H]1OC(=O)CC(C)C,TRUE,,-1.9729,-1.972912876
tylvalosin,Tylvalosin (Ì©Íò¾úËØ),REF_TYLVALOSIN,repository_reference,O49_attached_to_C36,49,36,C,MPM00411,"9-cis,12-cis-Octadecadienoic acid",CCCCCC=CCC=CCCCCCCCC(=O)O,1,CCCCCC=CCC=CCCCCCCCC(=O)O[C@]1(C)C[C@H](O[C@H]2[C@H](N(C)C)[C@@H](O)[C@H](O[C@H]3[C@@H](CC=O)C[C@@H](C)C(=O)/C=C/C(C)=C/[C@H](CO[C@@H]4O[C@H](C)[C@@H](O)[C@@H](OC)[C@H]4OC)[C@@H](CC)OC(=O)C[C@@H](OC(C)=O)[C@@H]3C)O[C@@H]2C)O[C@@H](C)[C@@H]1OC(=O)CC(C)C,CCCCCC=CCC=CCCCCCCCC(=O)O[C@]1(C)C[C@H](O[C@H]2[C@H](N(C)C)[C@@H](O)[C@H](O[C@H]3[C@@H](CC=O)C[C@@H](C)C(=O)/C=C/C(C)=C/[C@H](CO[C@@H]4O[C@H](C)[C@@H](O)[C@@H](OC)[C@H]4OC)[C@@H](CC)OC(=O)C[C@@H](OC(C)=O)[C@@H]3C)O[C@@H]2C)O[C@@H](C)[C@@H]1OC(=O)CC(C)C,TRUE,,-2.4025,-2.402467031
tylvalosin,Tylvalosin (Ì©Íò¾úËØ),REF_TYLVALOSIN,repository_reference,O49_attached_to_C36,49,36,C,MPM00689,Heptanoate,CCCCCCC(=O)O,1,CCCCCCC(=O)O[C@]1(C)C[C@H](O[C@H]2[C@H](N(C)C)[C@@H](O)[C@H](O[C@H]3[C@@H](CC=O)C[C@@H](C)C(=O)/C=C/C(C)=C/[C@H](CO[C@@H]4O[C@H](C)[C@@H](O)[C@@H](OC)[C@H]4OC)[C@@H](CC)OC(=O)C[C@@H](OC(C)=O)[C@@H]3C)O[C@@H]2C)O[C@@H](C)[C@@H]1OC(=O)CC(C)C,CCCCCCC(=O)O[C@]1(C)C[C@H](O[C@H]2[C@H](N(C)C)[C@@H](O)[C@H](O[C@H]3[C@@H](CC=O)C[C@@H](C)C(=O)/C=C/C(C)=C/[C@H](CO[C@@H]4O[C@H](C)[C@@H](O)[C@@H](OC)[C@H]4OC)[C@@H](CC)OC(=O)C[C@@H](OC(C)=O)[C@@H]3C)O[C@@H]2C)O[C@@H](C)[C@@H]1OC(=O)CC(C)C,TRUE,,-1.7614,-1.76142134
tylvalosin,Tylvalosin (Ì©Íò¾úËØ),REF_TYLVALOSIN,repository_reference,O49_attached_to_C36,49,36,C,MPM00300,3-Hydroxynonanoic acid,CCCCCCC(O)CC(=O)O,1,CCCCCCC(O)CC(=O)O[C@]1(C)C[C@H](O[C@H]2[C@H](N(C)C)[C@@H](O)[C@H](O[C@H]3[C@@H](CC=O)C[C@@H](C)C(=O)/C=C/C(C)=C/[C@H](CO[C@@H]4O[C@H](C)[C@@H](O)[C@@H](OC)[C@H]4OC)[C@@H](CC)OC(=O)C[C@@H](OC(C)=O)[C@@H]3C)O[C@@H]2C)O[C@@H](C)[C@@H]1OC(=O)CC(C)C,CCCCCCC(O)CC(=O)O[C@]1(C)C[C@H](O[C@H]2[C@H](N(C)C)[C@@H](O)[C@H](O[C@H]3[C@@H](CC=O)C[C@@H](C)C(=O)/C=C/C(C)=C/[C@H](CO[C@@H]4O[C@H](C)[C@@H](O)[C@@H](OC)[C@H]4OC)[C@@H](CC)OC(=O)C[C@@H](OC(C)=O)[C@@H]3C)O[C@@H]2C)O[C@@H](C)[C@@H]1OC(=O)CC(C)C,TRUE,,-1.9876,-1.987605609
tylvalosin,Tylvalosin (Ì©Íò¾úËØ),REF_TYLVALOSIN,repository_reference,O49_attached_to_C36,49,36,C,MPM00852,palmitoleate,CCCCCCC=CCCCCCCCC(=O)O,1,CCCCCCC=CCCCCCCCC(=O)O[C@]1(C)C[C@H](O[C@H]2[C@H](N(C)C)[C@@H](O)[C@H](O[C@H]3[C@@H](CC=O)C[C@@H](C)C(=O)/C=C/C(C)=C/[C@H](CO[C@@H]4O[C@H](C)[C@@H](O)[C@@H](OC)[C@H]4OC)[C@@H](CC)OC(=O)C[C@@H](OC(C)=O)[C@@H]3C)O[C@@H]2C)O[C@@H](C)[C@@H]1OC(=O)CC(C)C,CCCCCCC=CCCCCCCCC(=O)O[C@]1(C)C[C@H](O[C@H]2[C@H](N(C)C)[C@@H](O)[C@H](O[C@H]3[C@@H](CC=O)C[C@@H](C)C(=O)/C=C/C(C)=C/[C@H](CO[C@@H]4O[C@H](C)[C@@H](O)[C@@H](OC)[C@H]4OC)[C@@H](CC)OC(=O)C[C@@H](OC(C)=O)[C@@H]3C)O[C@@H]2C)O[C@@H](C)[C@@H]1OC(=O)CC(C)C,TRUE,,-2.22,-2.219955823
tylvalosin,Tylvalosin (Ì©Íò¾úËØ),REF_TYLVALOSIN,repository_reference,O49_attached_to_C36,49,36,C,MPM00984,trans-vaccenic acid,CCCCCCC=CCCCCCCCCCC(=O)O,1,CCCCCCC=CCCCCCCCCCC(=O)O[C@]1(C)C[C@H](O[C@H]2[C@H](N(C)C)[C@@H](O)[C@H](O[C@H]3[C@@H](CC=O)C[C@@H](C)C(=O)/C=C/C(C)=C/[C@H](CO[C@@H]4O[C@H](C)[C@@H](O)[C@@H](OC)[C@H]4OC)[C@@H](CC)OC(=O)C[C@@H](OC(C)=O)[C@@H]3C)O[C@@H]2C)O[C@@H](C)[C@@H]1OC(=O)CC(C)C,CCCCCCC=CCCCCCCCCCC(=O)O[C@]1(C)C[C@H](O[C@H]2[C@H](N(C)C)[C@@H](O)[C@H](O[C@H]3[C@@H](CC=O)C[C@@H](C)C(=O)/C=C/C(C)=C/[C@H](CO[C@@H]4O[C@H](C)[C@@H](O)[C@@H](OC)[C@H]4OC)[C@@H](CC)OC(=O)C[C@@H](OC(C)=O)[C@@H]3C)O[C@@H]2C)O[C@@H](C)[C@@H]1OC(=O)CC(C)C,TRUE,,-2.3569,-2.356894198
tylvalosin,Tylvalosin (Ì©Íò¾úËØ),REF_TYLVALOSIN,repository_reference,O49_attached_to_C36,49,36,C,MPM00837,Octanoate,CCCCCCCC(=O)O,1,CCCCCCCC(=O)O[C@]1(C)C[C@H](O[C@H]2[C@H](N(C)C)[C@@H](O)[C@H](O[C@H]3[C@@H](CC=O)C[C@@H](C)C(=O)/C=C/C(C)=C/[C@H](CO[C@@H]4O[C@H](C)[C@@H](O)[C@@H](OC)[C@H]4OC)[C@@H](CC)OC(=O)C[C@@H](OC(C)=O)[C@@H]3C)O[C@@H]2C)O[C@@H](C)[C@@H]1OC(=O)CC(C)C,CCCCCCCC(=O)O[C@]1(C)C[C@H](O[C@H]2[C@H](N(C)C)[C@@H](O)[C@H](O[C@H]3[C@@H](CC=O)C[C@@H](C)C(=O)/C=C/C(C)=C/[C@H](CO[C@@H]4O[C@H](C)[C@@H](O)[C@@H](OC)[C@H]4OC)[C@@H](CC)OC(=O)C[C@@H](OC(C)=O)[C@@H]3C)O[C@@H]2C)O[C@@H](C)[C@@H]1OC(=O)CC(C)C,TRUE,,-1.7752,-1.775166247
tylvalosin,Tylvalosin (Ì©Íò¾úËØ),REF_TYLVALOSIN,repository_reference,O49_attached_to_C36,49,36,C,MPM00293,3-Hydroxydecanoic acid,CCCCCCCC(O)CC(=O)O,1,CCCCCCCC(O)CC(=O)O[C@]1(C)C[C@H](O[C@H]2[C@H](N(C)C)[C@@H](O)[C@H](O[C@H]3[C@@H](CC=O)C[C@@H](C)C(=O)/C=C/C(C)=C/[C@H](CO[C@@H]4O[C@H](C)[C@@H](O)[C@@H](OC)[C@H]4OC)[C@@H](CC)OC(=O)C[C@@H](OC(C)=O)[C@@H]3C)O[C@@H]2C)O[C@@H](C)[C@@H]1OC(=O)CC(C)C,CCCCCCCC(O)CC(=O)O[C@]1(C)C[C@H](O[C@H]2[C@H](N(C)C)[C@@H](O)[C@H](O[C@H]3[C@@H](CC=O)C[C@@H](C)C(=O)/C=C/C(C)=C/[C@H](CO[C@@H]4O[C@H](C)[C@@H](O)[C@@H](OC)[C@H]4OC)[C@@H](CC)OC(=O)C[C@@H](OC(C)=O)[C@@H]3C)O[C@@H]2C)O[C@@H](C)[C@@H]1OC(=O)CC(C)C,TRUE,,-2.0263,-2.026305858
tylvalosin,Tylvalosin (Ì©Íò¾úËØ),REF_TYLVALOSIN,repository_reference,O49_attached_to_C36,49,36,C,MPM00859,Pelargonic acid,CCCCCCCCC(=O)O,1,CCCCCCCCC(=O)O[C@]1(C)C[C@H](O[C@H]2[C@H](N(C)C)[C@@H](O)[C@H](O[C@H]3[C@@H](CC=O)C[C@@H](C)C(=O)/C=C/C(C)=C/[C@H](CO[C@@H]4O[C@H](C)[C@@H](O)[C@@H](OC)[C@H]4OC)[C@@H](CC)OC(=O)C[C@@H](OC(C)=O)[C@@H]3C)O[C@@H]2C)O[C@@H](C)[C@@H]1OC(=O)CC(C)C,CCCCCCCCC(=O)O[C@]1(C)C[C@H](O[C@H]2[C@H](N(C)C)[C@@H](O)[C@H](O[C@H]3[C@@H](CC=O)C[C@@H](C)C(=O)/C=C/C(C)=C/[C@H](CO[C@@H]4O[C@H](C)[C@@H](O)[C@@H](OC)[C@H]4OC)[C@@H](CC)OC(=O)C[C@@H](OC(C)=O)[C@@H]3C)O[C@@H]2C)O[C@@H](C)[C@@H]1OC(=O)CC(C)C,TRUE,,-1.8147,-1.81471484
tylvalosin,Tylvalosin (Ì©Íò¾úËØ),REF_TYLVALOSIN,repository_reference,O49_attached_to_C36,49,36,C,MPM00839,Oleic acid,CCCCCCCCC=CCCCCCCCC(=O)O,1,CCCCCCCCC=CCCCCCCCC(=O)O[C@]1(C)C[C@H](O[C@H]2[C@H](N(C)C)[C@@H](O)[C@H](O[C@H]3[C@@H](CC=O)C[C@@H](C)C(=O)/C=C/C(C)=C/[C@H](CO[C@@H]4O[C@H](C)[C@@H](O)[C@@H](OC)[C@H]4OC)[C@@H](CC)OC(=O)C[C@@H](OC(C)=O)[C@@H]3C)O[C@@H]2C)O[C@@H](C)[C@@H]1OC(=O)CC(C)C,CCCCCCCCC=CCCCCCCCC(=O)O[C@]1(C)C[C@H](O[C@H]2[C@H](N(C)C)[C@@H](O)[C@H](O[C@H]3[C@@H](CC=O)C[C@@H](C)C(=O)/C=C/C(C)=C/[C@H](CO[C@@H]4O[C@H](C)[C@@H](O)[C@@H](OC)[C@H]4OC)[C@@H](CC)OC(=O)C[C@@H](OC(C)=O)[C@@H]3C)O[C@@H]2C)O[C@@H](C)[C@@H]1OC(=O)CC(C)C,TRUE,,-2.265,-2.265045591
tylvalosin,Tylvalosin (Ì©Íò¾úËØ),REF_TYLVALOSIN,repository_reference,O49_attached_to_C36,49,36,C,MPM00552,decanoate,CCCCCCCCCC(=O)O,1,CCCCCCCCCC(=O)O[C@]1(C)C[C@H](O[C@H]2[C@H](N(C)C)[C@@H](O)[C@H](O[C@H]3[C@@H](CC=O)C[C@@H](C)C(=O)/C=C/C(C)=C/[C@H](CO[C@@H]4O[C@H](C)[C@@H](O)[C@@H](OC)[C@H]4OC)[C@@H](CC)OC(=O)C[C@@H](OC(C)=O)[C@@H]3C)O[C@@H]2C)O[C@@H](C)[C@@H]1OC(=O)CC(C)C,CCCCCCCCCC(=O)O[C@]1(C)C[C@H](O[C@H]2[C@H](N(C)C)[C@@H](O)[C@H](O[C@H]3[C@@H](CC=O)C[C@@H](C)C(=O)/C=C/C(C)=C/[C@H](CO[C@@H]4O[C@H](C)[C@@H](O)[C@@H](OC)[C@H]4OC)[C@@H](CC)OC(=O)C[C@@H](OC(C)=O)[C@@H]3C)O[C@@H]2C)O[C@@H](C)[C@@H]1OC(=O)CC(C)C,TRUE,,-1.8534,-1.853418637
tylvalosin,Tylvalosin (Ì©Íò¾úËØ),REF_TYLVALOSIN,repository_reference,O49_attached_to_C36,49,36,C,MPM00294,3-Hydroxydodecanoic acid,CCCCCCCCCC(O)CC(=O)O,1,CCCCCCCCCC(O)CC(=O)O[C@]1(C)C[C@H](O[C@H]2[C@H](N(C)C)[C@@H](O)[C@H](O[C@H]3[C@@H](CC=O)C[C@@H](C)C(=O)/C=C/C(C)=C/[C@H](CO[C@@H]4O[C@H](C)[C@@H](O)[C@@H](OC)[C@H]4OC)[C@@H](CC)OC(=O)C[C@@H](OC(C)=O)[C@@H]3C)O[C@@H]2C)O[C@@H](C)[C@@H]1OC(=O)CC(C)C,CCCCCCCCCC(O)CC(=O)O[C@]1(C)C[C@H](O[C@H]2[C@H](N(C)C)[C@@H](O)[C@H](O[C@H]3[C@@H](CC=O)C[C@@H](C)C(=O)/C=C/C(C)=C/[C@H](CO[C@@H]4O[C@H](C)[C@@H](O)[C@@H](OC)[C@H]4OC)[C@@H](CC)OC(=O)C[C@@H](OC(C)=O)[C@@H]3C)O[C@@H]2C)O[C@@H](C)[C@@H]1OC(=O)CC(C)C,TRUE,,-2.1048,-2.104775138
tylvalosin,Tylvalosin (Ì©Íò¾úËØ),REF_TYLVALOSIN,repository_reference,O49_attached_to_C36,49,36,C,MPM00606,dodecanoate,CCCCCCCCCCCC(=O)O,1,CCCCCCCCCCCC(=O)O[C@]1(C)C[C@H](O[C@H]2[C@H](N(C)C)[C@@H](O)[C@H](O[C@H]3[C@@H](CC=O)C[C@@H](C)C(=O)/C=C/C(C)=C/[C@H](CO[C@@H]4O[C@H](C)[C@@H](O)[C@@H](OC)[C@H]4OC)[C@@H](CC)OC(=O)C[C@@H](OC(C)=O)[C@@H]3C)O[C@@H]2C)O[C@@H](C)[C@@H]1OC(=O)CC(C)C,CCCCCCCCCCCC(=O)O[C@]1(C)C[C@H](O[C@H]2[C@H](N(C)C)[C@@H](O)[C@H](O[C@H]3[C@@H](CC=O)C[C@@H](C)C(=O)/C=C/C(C)=C/[C@H](CO[C@@H]4O[C@H](C)[C@@H](O)[C@@H](OC)[C@H]4OC)[C@@H](CC)OC(=O)C[C@@H](OC(C)=O)[C@@H]3C)O[C@@H]2C)O[C@@H](C)[C@@H]1OC(=O)CC(C)C,TRUE,,-1.9319,-1.931896164
tylvalosin,Tylvalosin (Ì©Íò¾úËØ),REF_TYLVALOSIN,repository_reference,O49_attached_to_C36,49,36,C,MPM00305,3-Hydroxytetradecanoic acid,CCCCCCCCCCCC(O)CC(=O)O,1,CCCCCCCCCCCC(O)CC(=O)O[C@]1(C)C[C@H](O[C@H]2[C@H](N(C)C)[C@@H](O)[C@H](O[C@H]3[C@@H](CC=O)C[C@@H](C)C(=O)/C=C/C(C)=C/[C@H](CO[C@@H]4O[C@H](C)[C@@H](O)[C@@H](OC)[C@H]4OC)[C@@H](CC)OC(=O)C[C@@H](OC(C)=O)[C@@H]3C)O[C@@H]2C)O[C@@H](C)[C@@H]1OC(=O)CC(C)C,CCCCCCCCCCCC(O)CC(=O)O[C@]1(C)C[C@H](O[C@H]2[C@H](N(C)C)[C@@H](O)[C@H](O[C@H]3[C@@H](CC=O)C[C@@H](C)C(=O)/C=C/C(C)=C/[C@H](CO[C@@H]4O[C@H](C)[C@@H](O)[C@@H](OC)[C@H]4OC)[C@@H](CC)OC(=O)C[C@@H](OC(C)=O)[C@@H]3C)O[C@@H]2C)O[C@@H](C)[C@@H]1OC(=O)CC(C)C,TRUE,,-2.1835,-2.183477353
tylvalosin,Tylvalosin (Ì©Íò¾úËØ),REF_TYLVALOSIN,repository_reference,O49_attached_to_C36,49,36,C,MPM00864,Petroselaidic acid,CCCCCCCCCCCC=CCCCCC(=O)O,1,CCCCCCCCCCCC=CCCCCC(=O)O[C@]1(C)C[C@H](O[C@H]2[C@H](N(C)C)[C@@H](O)[C@H](O[C@H]3[C@@H](CC=O)C[C@@H](C)C(=O)/C=C/C(C)=C/[C@H](CO[C@@H]4O[C@H](C)[C@@H](O)[C@@H](OC)[C@H]4OC)[C@@H](CC)OC(=O)C[C@@H](OC(C)=O)[C@@H]3C)O[C@@H]2C)O[C@@H](C)[C@@H]1OC(=O)CC(C)C,CCCCCCCCCCCC=CCCCCC(=O)O[C@]1(C)C[C@H](O[C@H]2[C@H](N(C)C)[C@@H](O)[C@H](O[C@H]3[C@@H](CC=O)C[C@@H](C)C(=O)/C=C/C(C)=C/[C@H](CO[C@@H]4O[C@H](C)[C@@H](O)[C@@H](OC)[C@H]4OC)[C@@H](CC)OC(=O)C[C@@H](OC(C)=O)[C@@H]3C)O[C@@H]2C)O[C@@H](C)[C@@H]1OC(=O)CC(C)C,TRUE,,-2.1923,-2.19227785
tylvalosin,Tylvalosin (Ì©Íò¾úËØ),REF_TYLVALOSIN,repository_reference,O49_attached_to_C36,49,36,C,MPM00967,tetradecanoate,CCCCCCCCCCCCCC(=O)O,1,CCCCCCCCCCCCCC(=O)O[C@]1(C)C[C@H](O[C@H]2[C@H](N(C)C)[C@@H](O)[C@H](O[C@H]3[C@@H](CC=O)C[C@@H](C)C(=O)/C=C/C(C)=C/[C@H](CO[C@@H]4O[C@H](C)[C@@H](O)[C@@H](OC)[C@H]4OC)[C@@H](CC)OC(=O)C[C@@H](OC(C)=O)[C@@H]3C)O[C@@H]2C)O[C@@H](C)[C@@H]1OC(=O)CC(C)C,CCCCCCCCCCCCCC(=O)O[C@]1(C)C[C@H](O[C@H]2[C@H](N(C)C)[C@@H](O)[C@H](O[C@H]3[C@@H](CC=O)C[C@@H](C)C(=O)/C=C/C(C)=C/[C@H](CO[C@@H]4O[C@H](C)[C@@H](O)[C@@H](OC)[C@H]4OC)[C@@H](CC)OC(=O)C[C@@H](OC(C)=O)[C@@H]3C)O[C@@H]2C)O[C@@H](C)[C@@H]1OC(=O)CC(C)C,TRUE,,-2.0106,-2.010603352
tylvalosin,Tylvalosin (Ì©Íò¾úËØ),REF_TYLVALOSIN,repository_reference,O49_attached_to_C36,49,36,C,MPM00296,3-Hydroxyhexadecanoic acid,CCCCCCCCCCCCCC(O)CC(=O)O,1,CCCCCCCCCCCCCC(O)CC(=O)O[C@]1(C)C[C@H](O[C@H]2[C@H](N(C)C)[C@@H](O)[C@H](O[C@H]3[C@@H](CC=O)C[C@@H](C)C(=O)/C=C/C(C)=C/[C@H](CO[C@@H]4O[C@H](C)[C@@H](O)[C@@H](OC)[C@H]4OC)[C@@H](CC)OC(=O)C[C@@H](OC(C)=O)[C@@H]3C)O[C@@H]2C)O[C@@H](C)[C@@H]1OC(=O)CC(C)C,CCCCCCCCCCCCCC(O)CC(=O)O[C@]1(C)C[C@H](O[C@H]2[C@H](N(C)C)[C@@H](O)[C@H](O[C@H]3[C@@H](CC=O)C[C@@H](C)C(=O)/C=C/C(C)=C/[C@H](CO[C@@H]4O[C@H](C)[C@@H](O)[C@@H](OC)[C@H]4OC)[C@@H](CC)OC(=O)C[C@@H](OC(C)=O)[C@@H]3C)O[C@@H]2C)O[C@@H](C)[C@@H]1OC(=O)CC(C)C,TRUE,,-2.2624,-2.262410606
tylvalosin,Tylvalosin (Ì©Íò¾úËØ),REF_TYLVALOSIN,repository_reference,O49_attached_to_C36,49,36,C,MPM00511,Cetylic acid,CCCCCCCCCCCCCCCC(=O)O,1,CCCCCCCCCCCCCCCC(=O)O[C@]1(C)C[C@H](O[C@H]2[C@H](N(C)C)[C@@H](O)[C@H](O[C@H]3[C@@H](CC=O)C[C@@H](C)C(=O)/C=C/C(C)=C/[C@H](CO[C@@H]4O[C@H](C)[C@@H](O)[C@@H](OC)[C@H]4OC)[C@@H](CC)OC(=O)C[C@@H](OC(C)=O)[C@@H]3C)O[C@@H]2C)O[C@@H](C)[C@@H]1OC(=O)CC(C)C,CCCCCCCCCCCCCCCC(=O)O[C@]1(C)C[C@H](O[C@H]2[C@H](N(C)C)[C@@H](O)[C@H](O[C@H]3[C@@H](CC=O)C[C@@H](C)C(=O)/C=C/C(C)=C/[C@H](CO[C@@H]4O[C@H](C)[C@@H](O)[C@@H](OC)[C@H]4OC)[C@@H](CC)OC(=O)C[C@@H](OC(C)=O)[C@@H]3C)O[C@@H]2C)O[C@@H](C)[C@@H]1OC(=O)CC(C)C,TRUE,,-2.0895,-2.089544501
tylvalosin,Tylvalosin (Ì©Íò¾úËØ),REF_TYLVALOSIN,repository_reference,O49_attached_to_C36,49,36,C,MPM00955,Stearic acid,CCCCCCCCCCCCCCCCCC(=O)O,1,CCCCCCCCCCCCCCCCCC(=O)O[C@]1(C)C[C@H](O[C@H]2[C@H](N(C)C)[C@@H](O)[C@H](O[C@H]3[C@@H](CC=O)C[C@@H](C)C(=O)/C=C/C(C)=C/[C@H](CO[C@@H]4O[C@H](C)[C@@H](O)[C@@H](OC)[C@H]4OC)[C@@H](CC)OC(=O)C[C@@H](OC(C)=O)[C@@H]3C)O[C@@H]2C)O[C@@H](C)[C@@H]1OC(=O)CC(C)C,CCCCCCCCCCCCCCCCCC(=O)O[C@]1(C)C[C@H](O[C@H]2[C@H](N(C)C)[C@@H](O)[C@H](O[C@H]3[C@@H](CC=O)C[C@@H](C)C(=O)/C=C/C(C)=C/[C@H](CO[C@@H]4O[C@H](C)[C@@H](O)[C@@H](OC)[C@H]4OC)[C@@H](CC)OC(=O)C[C@@H](OC(C)=O)[C@@H]3C)O[C@@H]2C)O[C@@H](C)[C@@H]1OC(=O)CC(C)C,TRUE,,-2.1687,-2.168723943
tylvalosin,Tylvalosin (Ì©Íò¾úËØ),REF_TYLVALOSIN,repository_reference,O49_attached_to_C36,49,36,C,MPM01526,N-Methylglycine,CNCC(=O)O,1,CC[C@H]1OC(=O)C[C@@H](OC(C)=O)[C@H](C)[C@@H](O[C@@H]2O[C@H](C)[C@@H](O[C@H]3C[C@@](C)(OC(=O)CNC)[C@@H](OC(=O)CC(C)C)[C@H](C)O3)[C@H](N(C)C)[C@H]2O)[C@@H](CC=O)C[C@@H](C)C(=O)/C=C/C(C)=C/[C@@H]1CO[C@@H]1O[C@H](C)[C@@H](O)[C@@H](OC)[C@H]1OC,CC[C@H]1OC(=O)C[C@@H](OC(C)=O)[C@H](C)[C@@H](O[C@@H]2O[C@H](C)[C@@H](O[C@H]3C[C@@](C)(OC(=O)CNC)[C@@H](OC(=O)CC(C)C)[C@H](C)O3)[C@H](N(C)C)[C@H]2O)[C@@H](CC=O)C[C@@H](C)C(=O)/C=C/C(C)=C/[C@@H]1CO[C@@H]1O[C@H](C)[C@@H](O)[C@@H](OC)[C@H]1OC,TRUE,,-1.1903,-1.190287409
tylvalosin,Tylvalosin (Ì©Íò¾úËØ),REF_TYLVALOSIN,repository_reference,O49_attached_to_C36,49,36,C,MPM00346,4-Hydroxy-3-methoxycinnamate,COc1cc(C=CC(=O)O)ccc1O,1,CC[C@H]1OC(=O)C[C@@H](OC(C)=O)[C@H](C)[C@@H](O[C@@H]2O[C@H](C)[C@@H](O[C@H]3C[C@@](C)(OC(=O)C=Cc4ccc(O)c(OC)c4)[C@@H](OC(=O)CC(C)C)[C@H](C)O3)[C@H](N(C)C)[C@H]2O)[C@@H](CC=O)C[C@@H](C)C(=O)/C=C/C(C)=C/[C@@H]1CO[C@@H]1O[C@H](C)[C@@H](O)[C@@H](OC)[C@H]1OC,CC[C@H]1OC(=O)C[C@@H](OC(C)=O)[C@H](C)[C@@H](O[C@@H]2O[C@H](C)[C@@H](O[C@H]3C[C@@](C)(OC(=O)C=Cc4ccc(O)c(OC)c4)[C@@H](OC(=O)CC(C)C)[C@H](C)O3)[C@H](N(C)C)[C@H]2O)[C@@H](CC=O)C[C@@H](C)C(=O)/C=C/C(C)=C/[C@@H]1CO[C@@H]1O[C@H](C)[C@@H](O)[C@@H](OC)[C@H]1OC,TRUE,,-0.8555,-0.855533964
tylvalosin,Tylvalosin (Ì©Íò¾úËØ),REF_TYLVALOSIN,repository_reference,O49_attached_to_C36,49,36,C,MPM01482,L-Methionine (R)-S-oxide,CS(=O)CCC(N)C(=O)O,1,CC[C@H]1OC(=O)C[C@@H](OC(C)=O)[C@H](C)[C@@H](O[C@@H]2O[C@H](C)[C@@H](O[C@H]3C[C@@](C)(OC(=O)C(N)CCS(C)=O)[C@@H](OC(=O)CC(C)C)[C@H](C)O3)[C@H](N(C)C)[C@H]2O)[C@@H](CC=O)C[C@@H](C)C(=O)/C=C/C(C)=C/[C@@H]1CO[C@@H]1O[C@H](C)[C@@H](O)[C@@H](OC)[C@H]1OC,CC[C@H]1OC(=O)C[C@@H](OC(C)=O)[C@H](C)[C@@H](O[C@@H]2O[C@H](C)[C@@H](O[C@H]3C[C@@](C)(OC(=O)C(N)CCS(C)=O)[C@@H](OC(=O)CC(C)C)[C@H](C)O3)[C@H](N(C)C)[C@H]2O)[C@@H](CC=O)C[C@@H](C)C(=O)/C=C/C(C)=C/[C@@H]1CO[C@@H]1O[C@H](C)[C@@H](O)[C@@H](OC)[C@H]1OC,TRUE,,-1.6559,-1.655945435
tylvalosin,Tylvalosin (Ì©Íò¾úËØ),REF_TYLVALOSIN,repository_reference,O49_attached_to_C36,49,36,C,MPM01356,D-2-Amino-4-(methylthio)butyric acid,CSCCC(N)C(=O)O,1,CC[C@H]1OC(=O)C[C@@H](OC(C)=O)[C@H](C)[C@@H](O[C@@H]2O[C@H](C)[C@@H](O[C@H]3C[C@@](C)(OC(=O)C(N)CCSC)[C@@H](OC(=O)CC(C)C)[C@H](C)O3)[C@H](N(C)C)[C@H]2O)[C@@H](CC=O)C[C@@H](C)C(=O)/C=C/C(C)=C/[C@@H]1CO[C@@H]1O[C@H](C)[C@@H](O)[C@@H](OC)[C@H]1OC,CC[C@H]1OC(=O)C[C@@H](OC(C)=O)[C@H](C)[C@@H](O[C@@H]2O[C@H](C)[C@@H](O[C@H]3C[C@@](C)(OC(=O)C(N)CCSC)[C@@H](OC(=O)CC(C)C)[C@H](C)O3)[C@H](N(C)C)[C@H]2O)[C@@H](CC=O)C[C@@H](C)C(=O)/C=C/C(C)=C/[C@@H]1CO[C@@H]1O[C@H](C)[C@@H](O)[C@@H](OC)[C@H]1OC,TRUE,,-1.8562,-1.856156384
tylvalosin,Tylvalosin (Ì©Íò¾úËØ),REF_TYLVALOSIN,repository_reference,O49_attached_to_C36,49,36,C,MPM00678,Glycylmethionine,CSCCC(NC(=O)CN)C(=O)O,1,CC[C@H]1OC(=O)C[C@@H](OC(C)=O)[C@H](C)[C@@H](O[C@@H]2O[C@H](C)[C@@H](O[C@H]3C[C@@](C)(OC(=O)C(CCSC)NC(=O)CN)[C@@H](OC(=O)CC(C)C)[C@H](C)O3)[C@H](N(C)C)[C@H]2O)[C@@H](CC=O)C[C@@H](C)C(=O)/C=C/C(C)=C/[C@@H]1CO[C@@H]1O[C@H](C)[C@@H](O)[C@@H](OC)[C@H]1OC,CC[C@H]1OC(=O)C[C@@H](OC(C)=O)[C@H](C)[C@@H](O[C@@H]2O[C@H](C)[C@@H](O[C@H]3C[C@@](C)(OC(=O)C(CCSC)NC(=O)CN)[C@@H](OC(=O)CC(C)C)[C@H](C)O3)[C@H](N(C)C)[C@H]2O)[C@@H](CC=O)C[C@@H](C)C(=O)/C=C/C(C)=C/[C@@H]1CO[C@@H]1O[C@H](C)[C@@H](O)[C@@H](OC)[C@H]1OC,TRUE,,-1.633,-1.63296461
tylvalosin,Tylvalosin (Ì©Íò¾úËØ),REF_TYLVALOSIN,repository_reference,O49_attached_to_C36,49,36,C,MPM01143,2-Aminosuccinamic acid,NC(=O)CC(N)C(=O)O,1,CC[C@H]1OC(=O)C[C@@H](OC(C)=O)[C@H](C)[C@@H](O[C@@H]2O[C@H](C)[C@@H](O[C@H]3C[C@@](C)(OC(=O)C(N)CC(N)=O)[C@@H](OC(=O)CC(C)C)[C@H](C)O3)[C@H](N(C)C)[C@H]2O)[C@@H](CC=O)C[C@@H](C)C(=O)/C=C/C(C)=C/[C@@H]1CO[C@@H]1O[C@H](C)[C@@H](O)[C@@H](OC)[C@H]1OC,CC[C@H]1OC(=O)C[C@@H](OC(C)=O)[C@H](C)[C@@H](O[C@@H]2O[C@H](C)[C@@H](O[C@H]3C[C@@](C)(OC(=O)C(N)CC(N)=O)[C@@H](OC(=O)CC(C)C)[C@H](C)O3)[C@H](N(C)C)[C@H]2O)[C@@H](CC=O)C[C@@H](C)C(=O)/C=C/C(C)=C/[C@@H]1CO[C@@H]1O[C@H](C)[C@@H](O)[C@@H](OC)[C@H]1OC,TRUE,,-1.1901,-1.190127044
tylvalosin,Tylvalosin (Ì©Íò¾úËØ),REF_TYLVALOSIN,repository_reference,O49_attached_to_C36,49,36,C,MPM01464,L-2-Aminoglutaramic acid,NC(=O)CCC(N)C(=O)O,1,CC[C@H]1OC(=O)C[C@@H](OC(C)=O)[C@H](C)[C@@H](O[C@@H]2O[C@H](C)[C@@H](O[C@H]3C[C@@](C)(OC(=O)C(N)CCC(N)=O)[C@@H](OC(=O)CC(C)C)[C@H](C)O3)[C@H](N(C)C)[C@H]2O)[C@@H](CC=O)C[C@@H](C)C(=O)/C=C/C(C)=C/[C@@H]1CO[C@@H]1O[C@H](C)[C@@H](O)[C@@H](OC)[C@H]1OC,CC[C@H]1OC(=O)C[C@@H](OC(C)=O)[C@H](C)[C@@H](O[C@@H]2O[C@H](C)[C@@H](O[C@H]3C[C@@](C)(OC(=O)C(N)CCC(N)=O)[C@@H](OC(=O)CC(C)C)[C@H](C)O3)[C@H](N(C)C)[C@H]2O)[C@@H](CC=O)C[C@@H](C)C(=O)/C=C/C(C)=C/[C@@H]1CO[C@@H]1O[C@H](C)[C@@H](O)[C@@H](OC)[C@H]1OC,TRUE,,-1.2623,-1.262344139
tylvalosin,Tylvalosin (Ì©Íò¾úËØ),REF_TYLVALOSIN,repository_reference,O49_attached_to_C36,49,36,C,MPM00951,S-Succinyldihydrolipoamide,NC(=O)CCCCC(S)CCSC(=O)CCC(=O)O,1,CC[C@H]1OC(=O)C[C@@H](OC(C)=O)[C@H](C)[C@@H](O[C@@H]2O[C@H](C)[C@@H](O[C@H]3C[C@@](C)(OC(=O)CCC(=O)SCCC(S)CCCCC(N)=O)[C@@H](OC(=O)CC(C)C)[C@H](C)O3)[C@H](N(C)C)[C@H]2O)[C@@H](CC=O)C[C@@H](C)C(=O)/C=C/C(C)=C/[C@@H]1CO[C@@H]1O[C@H](C)[C@@H](O)[C@@H](OC)[C@H]1OC,CC[C@H]1OC(=O)C[C@@H](OC(C)=O)[C@H](C)[C@@H](O[C@@H]2O[C@H](C)[C@@H](O[C@H]3C[C@@](C)(OC(=O)CCC(=O)SCCC(S)CCCCC(N)=O)[C@@H](OC(=O)CC(C)C)[C@H](C)O3)[C@H](N(C)C)[C@H]2O)[C@@H](CC=O)C[C@@H](C)C(=O)/C=C/C(C)=C/[C@@H]1CO[C@@H]1O[C@H](C)[C@@H](O)[C@@H](OC)[C@H]1OC,TRUE,,-4.2073,-4.207332606
tylvalosin,Tylvalosin (Ì©Íò¾úËØ),REF_TYLVALOSIN,repository_reference,O49_attached_to_C36,49,36,C,MPM00444,Allophanic acid,NC(=O)NC(=O)O,1,CC[C@H]1OC(=O)C[C@@H](OC(C)=O)[C@H](C)[C@@H](O[C@@H]2O[C@H](C)[C@@H](O[C@H]3C[C@@](C)(OC(=O)NC(N)=O)[C@@H](OC(=O)CC(C)C)[C@H](C)O3)[C@H](N(C)C)[C@H]2O)[C@@H](CC=O)C[C@@H](C)C(=O)/C=C/C(C)=C/[C@@H]1CO[C@@H]1O[C@H](C)[C@@H](O)[C@@H](OC)[C@H]1OC,CC[C@H]1OC(=O)C[C@@H](OC(C)=O)[C@H](C)[C@@H](O[C@@H]2O[C@H](C)[C@@H](O[C@H]3C[C@@](C)(OC(=O)NC(N)=O)[C@@H](OC(=O)CC(C)C)[C@H](C)O3)[C@H](N(C)C)[C@H]2O)[C@@H](CC=O)C[C@@H](C)C(=O)/C=C/C(C)=C/[C@@H]1CO[C@@H]1O[C@H](C)[C@@H](O)[C@@H](OC)[C@H]1OC,TRUE,,-1.977,-1.977028945
tylvalosin,Tylvalosin (Ì©Íò¾úËØ),REF_TYLVALOSIN,repository_reference,O49_attached_to_C36,49,36,C,MPM00442,Allantoic acid,NC(=O)NC(NC(N)=O)C(=O)O,1,CC[C@H]1OC(=O)C[C@@H](OC(C)=O)[C@H](C)[C@@H](O[C@@H]2O[C@H](C)[C@@H](O[C@H]3C[C@@](C)(OC(=O)C(NC(N)=O)NC(N)=O)[C@@H](OC(=O)CC(C)C)[C@H](C)O3)[C@H](N(C)C)[C@H]2O)[C@@H](CC=O)C[C@@H](C)C(=O)/C=C/C(C)=C/[C@@H]1CO[C@@H]1O[C@H](C)[C@@H](O)[C@@H](OC)[C@H]1OC,CC[C@H]1OC(=O)C[C@@H](OC(C)=O)[C@H](C)[C@@H](O[C@@H]2O[C@H](C)[C@@H](O[C@H]3C[C@@](C)(OC(=O)C(NC(N)=O)NC(N)=O)[C@@H](OC(=O)CC(C)C)[C@H](C)O3)[C@H](N(C)C)[C@H]2O)[C@@H](CC=O)C[C@@H](C)C(=O)/C=C/C(C)=C/[C@@H]1CO[C@@H]1O[C@H](C)[C@@H](O)[C@@H](OC)[C@H]1OC,TRUE,,-2.2562,-2.25620526
tylvalosin,Tylvalosin (Ì©Íò¾úËØ),REF_TYLVALOSIN,repository_reference,O49_attached_to_C36,49,36,C,MPM00004,(-)-Ureidoglycolate,NC(=O)NC(O)C(=O)O,1,CC[C@H]1OC(=O)C[C@@H](OC(C)=O)[C@H](C)[C@@H](O[C@@H]2O[C@H](C)[C@@H](O[C@H]3C[C@@](C)(OC(=O)C(O)NC(N)=O)[C@@H](OC(=O)CC(C)C)[C@H](C)O3)[C@H](N(C)C)[C@H]2O)[C@@H](CC=O)C[C@@H](C)C(=O)/C=C/C(C)=C/[C@@H]1CO[C@@H]1O[C@H](C)[C@@H](O)[C@@H](OC)[C@H]1OC,CC[C@H]1OC(=O)C[C@@H](OC(C)=O)[C@H](C)[C@@H](O[C@@H]2O[C@H](C)[C@@H](O[C@H]3C[C@@](C)(OC(=O)C(O)NC(N)=O)[C@@H](OC(=O)CC(C)C)[C@H](C)O3)[C@H](N(C)C)[C@H]2O)[C@@H](CC=O)C[C@@H](C)C(=O)/C=C/C(C)=C/[C@@H]1CO[C@@H]1O[C@H](C)[C@@H](O)[C@@H](OC)[C@H]1OC,TRUE,,-1.8884,-1.888383895
tylvalosin,Tylvalosin (Ì©Íò¾úËØ),REF_TYLVALOSIN,repository_reference,O49_attached_to_C36,49,36,C,MPM00254,2-Oxo-4-hydroxy-4-carboxy-5-ureidoimidazoline,NC(=O)NC1=NC(=O)NC1(O)C(=O)O,1,CC[C@H]1OC(=O)C[C@@H](OC(C)=O)[C@H](C)[C@@H](O[C@@H]2O[C@H](C)[C@@H](O[C@H]3C[C@@](C)(OC(=O)C4(O)NC(=O)N=C4NC(N)=O)[C@@H](OC(=O)CC(C)C)[C@H](C)O3)[C@H](N(C)C)[C@H]2O)[C@@H](CC=O)C[C@@H](C)C(=O)/C=C/C(C)=C/[C@@H]1CO[C@@H]1O[C@H](C)[C@@H](O)[C@@H](OC)[C@H]1OC,CC[C@H]1OC(=O)C[C@@H](OC(C)=O)[C@H](C)[C@@H](O[C@@H]2O[C@H](C)[C@@H](O[C@H]3C[C@@](C)(OC(=O)C4(O)NC(=O)N=C4NC(N)=O)[C@@H](OC(=O)CC(C)C)[C@H](C)O3)[C@H](N(C)C)[C@H]2O)[C@@H](CC=O)C[C@@H](C)C(=O)/C=C/C(C)=C/[C@@H]1CO[C@@H]1O[C@H](C)[C@@H](O)[C@@H](OC)[C@H]1OC,TRUE,,-2.4851,-2.48513872
tylvalosin,Tylvalosin (Ì©Íò¾úËØ),REF_TYLVALOSIN,repository_reference,O49_attached_to_C36,49,36,C,MPM00815,N-Carbamoyl-beta-alanine,NC(=O)NCCC(=O)O,1,CC[C@H]1OC(=O)C[C@@H](OC(C)=O)[C@H](C)[C@@H](O[C@@H]2O[C@H](C)[C@@H](O[C@H]3C[C@@](C)(OC(=O)CCNC(N)=O)[C@@H](OC(=O)CC(C)C)[C@H](C)O3)[C@H](N(C)C)[C@H]2O)[C@@H](CC=O)C[C@@H](C)C(=O)/C=C/C(C)=C/[C@@H]1CO[C@@H]1O[C@H](C)[C@@H](O)[C@@H](OC)[C@H]1OC,CC[C@H]1OC(=O)C[C@@H](OC(C)=O)[C@H](C)[C@@H](O[C@@H]2O[C@H](C)[C@@H](O[C@H]3C[C@@](C)(OC(=O)CCNC(N)=O)[C@@H](OC(=O)CC(C)C)[C@H](C)O3)[C@H](N(C)C)[C@H]2O)[C@@H](CC=O)C[C@@H](C)C(=O)/C=C/C(C)=C/[C@@H]1CO[C@@H]1O[C@H](C)[C@@H](O)[C@@H](OC)[C@H]1OC,TRUE,,-1.7379,-1.737865497
tylvalosin,Tylvalosin (Ì©Íò¾úËØ),REF_TYLVALOSIN,repository_reference,O49_attached_to_C36,49,36,C,MPM01334,Citrulline,NC(=O)NCCCC(N)C(=O)O,1,CC[C@H]1OC(=O)C[C@@H](OC(C)=O)[C@H](C)[C@@H](O[C@@H]2O[C@H](C)[C@@H](O[C@H]3C[C@@](C)(OC(=O)C(N)CCCNC(N)=O)[C@@H](OC(=O)CC(C)C)[C@H](C)O3)[C@H](N(C)C)[C@H]2O)[C@@H](CC=O)C[C@@H](C)C(=O)/C=C/C(C)=C/[C@@H]1CO[C@@H]1O[C@H](C)[C@@H](O)[C@@H](OC)[C@H]1OC,CC[C@H]1OC(=O)C[C@@H](OC(C)=O)[C@H](C)[C@@H](O[C@@H]2O[C@H](C)[C@@H](O[C@H]3C[C@@](C)(OC(=O)C(N)CCCNC(N)=O)[C@@H](OC(=O)CC(C)C)[C@H](C)O3)[C@H](N(C)C)[C@H]2O)[C@@H](CC=O)C[C@@H](C)C(=O)/C=C/C(C)=C/[C@@H]1CO[C@@H]1O[C@H](C)[C@@H](O)[C@@H](OC)[C@H]1OC,TRUE,,-1.6329,-1.632887407
tylvalosin,Tylvalosin (Ì©Íò¾úËØ),REF_TYLVALOSIN,repository_reference,O49_attached_to_C36,49,36,C,MPM01438,Hydroxythreonine,NC(C(=O)O)C(O)CO,1,CC[C@H]1OC(=O)C[C@@H](OC(C)=O)[C@H](C)[C@@H](O[C@@H]2O[C@H](C)[C@@H](O[C@H]3C[C@@](C)(OC(=O)C(N)C(O)CO)[C@@H](OC(=O)CC(C)C)[C@H](C)O3)[C@H](N(C)C)[C@H]2O)[C@@H](CC=O)C[C@@H](C)C(=O)/C=C/C(C)=C/[C@@H]1CO[C@@H]1O[C@H](C)[C@@H](O)[C@@H](OC)[C@H]1OC,CC[C@H]1OC(=O)C[C@@H](OC(C)=O)[C@H](C)[C@@H](O[C@@H]2O[C@H](C)[C@@H](O[C@H]3C[C@@](C)(OC(=O)C(N)C(O)CO)[C@@H](OC(=O)CC(C)C)[C@H](C)O3)[C@H](N(C)C)[C@H]2O)[C@@H](CC=O)C[C@@H](C)C(=O)/C=C/C(C)=C/[C@@H]1CO[C@@H]1O[C@H](C)[C@@H](O)[C@@H](OC)[C@H]1OC,TRUE,,-1.6146,-1.614596694
tylvalosin,Tylvalosin (Ì©Íò¾úËØ),REF_TYLVALOSIN,repository_reference,O49_attached_to_C36,49,36,C,MPM00363,4-Phosphooxy-L-threonine,NC(C(=O)O)C(O)COP(=O)(O)O,1,CC[C@H]1OC(=O)C[C@@H](OC(C)=O)[C@H](C)[C@@H](O[C@@H]2O[C@H](C)[C@@H](O[C@H]3C[C@@](C)(OC(=O)C(N)C(O)COP(=O)(O)O)[C@@H](OC(=O)CC(C)C)[C@H](C)O3)[C@H](N(C)C)[C@H]2O)[C@@H](CC=O)C[C@@H](C)C(=O)/C=C/C(C)=C/[C@@H]1CO[C@@H]1O[C@H](C)[C@@H](O)[C@@H](OC)[C@H]1OC,CC[C@H]1OC(=O)C[C@@H](OC(C)=O)[C@H](C)[C@@H](O[C@@H]2O[C@H](C)[C@@H](O[C@H]3C[C@@](C)(OC(=O)C(N)C(O)COP(=O)(O)O)[C@@H](OC(=O)CC(C)C)[C@H](C)O3)[C@H](N(C)C)[C@H]2O)[C@@H](CC=O)C[C@@H](C)C(=O)/C=C/C(C)=C/[C@@H]1CO[C@@H]1O[C@H](C)[C@@H](O)[C@@H](OC)[C@H]1OC,TRUE,,-1.7096,-1.709573045
tylvalosin,Tylvalosin (Ì©Íò¾úËØ),REF_TYLVALOSIN,repository_reference,O49_attached_to_C36,49,36,C,MPM01144,2-Ammoniomalonate semialdehyde,NC(C=O)C(=O)O,1,CC[C@H]1OC(=O)C[C@@H](OC(C)=O)[C@H](C)[C@@H](O[C@@H]2O[C@H](C)[C@@H](O[C@H]3C[C@@](C)(OC(=O)C(N)C=O)[C@@H](OC(=O)CC(C)C)[C@H](C)O3)[C@H](N(C)C)[C@H]2O)[C@@H](CC=O)C[C@@H](C)C(=O)/C=C/C(C)=C/[C@@H]1CO[C@@H]1O[C@H](C)[C@@H](O)[C@@H](OC)[C@H]1OC,CC[C@H]1OC(=O)C[C@@H](OC(C)=O)[C@H](C)[C@@H](O[C@@H]2O[C@H](C)[C@@H](O[C@H]3C[C@@](C)(OC(=O)C(N)C=O)[C@@H](OC(=O)CC(C)C)[C@H](C)O3)[C@H](N(C)C)[C@H]2O)[C@@H](CC=O)C[C@@H](C)C(=O)/C=C/C(C)=C/[C@@H]1CO[C@@H]1O[C@H](C)[C@@H](O)[C@@H](OC)[C@H]1OC,TRUE,,-1.4875,-1.487473023
tylvalosin,Tylvalosin (Ì©Íò¾úËØ),REF_TYLVALOSIN,repository_reference,O49_attached_to_C36,49,36,C,MPM01475,L-Glutamate 1-semialdehyde,NC(C=O)CCC(=O)O,1,CC[C@H]1OC(=O)C[C@@H](OC(C)=O)[C@H](C)[C@@H](O[C@@H]2O[C@H](C)[C@@H](O[C@H]3C[C@@](C)(OC(=O)CCC(N)C=O)[C@@H](OC(=O)CC(C)C)[C@H](C)O3)[C@H](N(C)C)[C@H]2O)[C@@H](CC=O)C[C@@H](C)C(=O)/C=C/C(C)=C/[C@@H]1CO[C@@H]1O[C@H](C)[C@@H](O)[C@@H](OC)[C@H]1OC,CC[C@H]1OC(=O)C[C@@H](OC(C)=O)[C@H](C)[C@@H](O[C@@H]2O[C@H](C)[C@@H](O[C@H]3C[C@@](C)(OC(=O)CCC(N)C=O)[C@@H](OC(=O)CC(C)C)[C@H](C)O3)[C@H](N(C)C)[C@H]2O)[C@@H](CC=O)C[C@@H](C)C(=O)/C=C/C(C)=C/[C@@H]1CO[C@@H]1O[C@H](C)[C@@H](O)[C@@H](OC)[C@H]1OC,TRUE,,-1.7441,-1.744104579
tylvalosin,Tylvalosin (Ì©Íò¾úËØ),REF_TYLVALOSIN,repository_reference,O49_attached_to_C36,49,36,C,MPM01471,L-Aspartic 4-semialdehyde,NC(CC=O)C(=O)O,1,CC[C@H]1OC(=O)C[C@@H](OC(C)=O)[C@H](C)[C@@H](O[C@@H]2O[C@H](C)[C@@H](O[C@H]3C[C@@](C)(OC(=O)C(N)CC=O)[C@@H](OC(=O)CC(C)C)[C@H](C)O3)[C@H](N(C)C)[C@H]2O)[C@@H](CC=O)C[C@@H](C)C(=O)/C=C/C(C)=C/[C@@H]1CO[C@@H]1O[C@H](C)[C@@H](O)[C@@H](OC)[C@H]1OC,CC[C@H]1OC(=O)C[C@@H](OC(C)=O)[C@H](C)[C@@H](O[C@@H]2O[C@H](C)[C@@H](O[C@H]3C[C@@](C)(OC(=O)C(N)CC=O)[C@@H](OC(=O)CC(C)C)[C@H](C)O3)[C@H](N(C)C)[C@H]2O)[C@@H](CC=O)C[C@@H](C)C(=O)/C=C/C(C)=C/[C@@H]1CO[C@@H]1O[C@H](C)[C@@H](O)[C@@H](OC)[C@H]1OC,TRUE,,-1.6558,-1.655821499
tylvalosin,Tylvalosin (Ì©Íò¾úËØ),REF_TYLVALOSIN,repository_reference,O49_attached_to_C36,49,36,C,MPM01476,L-Glutamate gamma-semialdehyde,NC(CCC=O)C(=O)O,1,CC[C@H]1OC(=O)C[C@@H](OC(C)=O)[C@H](C)[C@@H](O[C@@H]2O[C@H](C)[C@@H](O[C@H]3C[C@@](C)(OC(=O)C(N)CCC=O)[C@@H](OC(=O)CC(C)C)[C@H](C)O3)[C@H](N(C)C)[C@H]2O)[C@@H](CC=O)C[C@@H](C)C(=O)/C=C/C(C)=C/[C@@H]1CO[C@@H]1O[C@H](C)[C@@H](O)[C@@H](OC)[C@H]1OC,CC[C@H]1OC(=O)C[C@@H](OC(C)=O)[C@H](C)[C@@H](O[C@@H]2O[C@H](C)[C@@H](O[C@H]3C[C@@](C)(OC(=O)C(N)CCC=O)[C@@H](OC(=O)CC(C)C)[C@H](C)O3)[C@H](N(C)C)[C@H]2O)[C@@H](CC=O)C[C@@H](C)C(=O)/C=C/C(C)=C/[C@@H]1CO[C@@H]1O[C@H](C)[C@@H](O)[C@@H](OC)[C@H]1OC,TRUE,,-1.7277,-1.727705519
tylvalosin,Tylvalosin (Ì©Íò¾úËØ),REF_TYLVALOSIN,repository_reference,O49_attached_to_C36,49,36,C,MPM01076,(S)-2-Amino-6-oxohexanoate,NC(CCCC=O)C(=O)O,1,CC[C@H]1OC(=O)C[C@@H](OC(C)=O)[C@H](C)[C@@H](O[C@@H]2O[C@H](C)[C@@H](O[C@H]3C[C@@](C)(OC(=O)C(N)CCCC=O)[C@@H](OC(=O)CC(C)C)[C@H](C)O3)[C@H](N(C)C)[C@H]2O)[C@@H](CC=O)C[C@@H](C)C(=O)/C=C/C(C)=C/[C@@H]1CO[C@@H]1O[C@H](C)[C@@H](O)[C@@H](OC)[C@H]1OC,CC[C@H]1OC(=O)C[C@@H](OC(C)=O)[C@H](C)[C@@H](O[C@@H]2O[C@H](C)[C@@H](O[C@H]3C[C@@](C)(OC(=O)C(N)CCCC=O)[C@@H](OC(=O)CC(C)C)[C@H](C)O3)[C@H](N(C)C)[C@H]2O)[C@@H](CC=O)C[C@@H](C)C(=O)/C=C/C(C)=C/[C@@H]1CO[C@@H]1O[C@H](C)[C@@H](O)[C@@H](OC)[C@H]1OC,TRUE,,-1.7945,-1.794536951
tylvalosin,Tylvalosin (Ì©Íò¾úËØ),REF_TYLVALOSIN,repository_reference,O49_attached_to_C36,49,36,C,MPM00800,N6-(D-Fructosyl)-L-lysine,NC(CCCCNCC(=O)C(O)C(O)C(O)CO)C(=O)O,1,CC[C@H]1OC(=O)C[C@@H](OC(C)=O)[C@H](C)[C@@H](O[C@@H]2O[C@H](C)[C@@H](O[C@H]3C[C@@](C)(OC(=O)C(N)CCCCNCC(=O)C(O)C(O)C(O)CO)[C@@H](OC(=O)CC(C)C)[C@H](C)O3)[C@H](N(C)C)[C@H]2O)[C@@H](CC=O)C[C@@H](C)C(=O)/C=C/C(C)=C/[C@@H]1CO[C@@H]1O[C@H](C)[C@@H](O)[C@@H](OC)[C@H]1OC,CC[C@H]1OC(=O)C[C@@H](OC(C)=O)[C@H](C)[C@@H](O[C@@H]2O[C@H](C)[C@@H](O[C@H]3C[C@@](C)(OC(=O)C(N)CCCCNCC(=O)C(O)C(O)C(O)CO)[C@@H](OC(=O)CC(C)C)[C@H](C)O3)[C@H](N(C)C)[C@H]2O)[C@@H](CC=O)C[C@@H](C)C(=O)/C=C/C(C)=C/[C@@H]1CO[C@@H]1O[C@H](C)[C@@H](O)[C@@H](OC)[C@H]1OC,TRUE,,-2.0687,-2.068702951
tylvalosin,Tylvalosin (Ì©Íò¾úËØ),REF_TYLVALOSIN,repository_reference,O49_attached_to_C36,49,36,C,MPM01141,2-Amino-4-hydroxybutyric acid,NC(CCO)C(=O)O,1,CC[C@H]1OC(=O)C[C@@H](OC(C)=O)[C@H](C)[C@@H](O[C@@H]2O[C@H](C)[C@@H](O[C@H]3C[C@@](C)(OC(=O)C(N)CCO)[C@@H](OC(=O)CC(C)C)[C@H](C)O3)[C@H](N(C)C)[C@H]2O)[C@@H](CC=O)C[C@@H](C)C(=O)/C=C/C(C)=C/[C@@H]1CO[C@@H]1O[C@H](C)[C@@H](O)[C@@H](OC)[C@H]1OC,CC[C@H]1OC(=O)C[C@@H](OC(C)=O)[C@H](C)[C@@H](O[C@@H]2O[C@H](C)[C@@H](O[C@H]3C[C@@](C)(OC(=O)C(N)CCO)[C@@H](OC(=O)CC(C)C)[C@H](C)O3)[C@H](N(C)C)[C@H]2O)[C@@H](CC=O)C[C@@H](C)C(=O)/C=C/C(C)=C/[C@@H]1CO[C@@H]1O[C@H](C)[C@@H](O)[C@@H](OC)[C@H]1OC,TRUE,,-1.3422,-1.342231636
tylvalosin,Tylvalosin (Ì©Íò¾úËØ),REF_TYLVALOSIN,repository_reference,O49_attached_to_C36,49,36,C,MPM00698,Homocysteine,NC(CCS)C(=O)O,1,CC[C@H]1OC(=O)C[C@@H](OC(C)=O)[C@H](C)[C@@H](O[C@@H]2O[C@H](C)[C@@H](O[C@H]3C[C@@](C)(OC(=O)C(N)CCS)[C@@H](OC(=O)CC(C)C)[C@H](C)O3)[C@H](N(C)C)[C@H]2O)[C@@H](CC=O)C[C@@H](C)C(=O)/C=C/C(C)=C/[C@@H]1CO[C@@H]1O[C@H](C)[C@@H](O)[C@@H](OC)[C@H]1OC,CC[C@H]1OC(=O)C[C@@H](OC(C)=O)[C@H](C)[C@@H](O[C@@H]2O[C@H](C)[C@@H](O[C@H]3C[C@@](C)(OC(=O)C(N)CCS)[C@@H](OC(=O)CC(C)C)[C@H](C)O3)[C@H](N(C)C)[C@H]2O)[C@@H](CC=O)C[C@@H](C)C(=O)/C=C/C(C)=C/[C@@H]1CO[C@@H]1O[C@H](C)[C@@H](O)[C@@H](OC)[C@H]1OC,TRUE,,-2.708,-2.708007069
tylvalosin,Tylvalosin (Ì©Íò¾úËØ),REF_TYLVALOSIN,repository_reference,O49_attached_to_C36,49,36,C,MPM01379,D-Serine,NC(CO)C(=O)O,1,CC[C@H]1OC(=O)C[C@@H](OC(C)=O)[C@H](C)[C@@H](O[C@@H]2O[C@H](C)[C@@H](O[C@H]3C[C@@](C)(OC(=O)C(N)CO)[C@@H](OC(=O)CC(C)C)[C@H](C)O3)[C@H](N(C)C)[C@H]2O)[C@@H](CC=O)C[C@@H](C)C(=O)/C=C/C(C)=C/[C@@H]1CO[C@@H]1O[C@H](C)[C@@H](O)[C@@H](OC)[C@H]1OC,CC[C@H]1OC(=O)C[C@@H](OC(C)=O)[C@H](C)[C@@H](O[C@@H]2O[C@H](C)[C@@H](O[C@H]3C[C@@](C)(OC(=O)C(N)CO)[C@@H](OC(=O)CC(C)C)[C@H](C)O3)[C@H](N(C)C)[C@H]2O)[C@@H](CC=O)C[C@@H](C)C(=O)/C=C/C(C)=C/[C@@H]1CO[C@@H]1O[C@H](C)[C@@H](O)[C@@H](OC)[C@H]1OC,TRUE,,-1.3482,-1.348230284
tylvalosin,Tylvalosin (Ì©Íò¾úËØ),REF_TYLVALOSIN,repository_reference,O49_attached_to_C36,49,36,C,MPM00325,3-Phospho-L-serine,NC(COP(=O)(O)O)C(=O)O,1,CC[C@H]1OC(=O)C[C@@H](OC(C)=O)[C@H](C)[C@@H](O[C@@H]2O[C@H](C)[C@@H](O[C@H]3C[C@@](C)(OC(=O)C(N)COP(=O)(O)O)[C@@H](OC(=O)CC(C)C)[C@H](C)O3)[C@H](N(C)C)[C@H]2O)[C@@H](CC=O)C[C@@H](C)C(=O)/C=C/C(C)=C/[C@@H]1CO[C@@H]1O[C@H](C)[C@@H](O)[C@@H](OC)[C@H]1OC,CC[C@H]1OC(=O)C[C@@H](OC(C)=O)[C@H](C)[C@@H](O[C@@H]2O[C@H](C)[C@@H](O[C@H]3C[C@@](C)(OC(=O)C(N)COP(=O)(O)O)[C@@H](OC(=O)CC(C)C)[C@H](C)O3)[C@H](N(C)C)[C@H]2O)[C@@H](CC=O)C[C@@H](C)C(=O)/C=C/C(C)=C/[C@@H]1CO[C@@H]1O[C@H](C)[C@@H](O)[C@@H](OC)[C@H]1OC,TRUE,,-1.4496,-1.449607537
tylvalosin,Tylvalosin (Ì©Íò¾úËØ),REF_TYLVALOSIN,repository_reference,O49_attached_to_C36,49,36,C,MPM00667,glycerol 1-phosphoserine(1-),NC(COP(=O)(O)OCC(O)CO)C(=O)O,1,CC[C@H]1OC(=O)C[C@@H](OC(C)=O)[C@H](C)[C@@H](O[C@@H]2O[C@H](C)[C@@H](O[C@H]3C[C@@](C)(OC(=O)C(N)COP(=O)(O)OCC(O)CO)[C@@H](OC(=O)CC(C)C)[C@H](C)O3)[C@H](N(C)C)[C@H]2O)[C@@H](CC=O)C[C@@H](C)C(=O)/C=C/C(C)=C/[C@@H]1CO[C@@H]1O[C@H](C)[C@@H](O)[C@@H](OC)[C@H]1OC,CC[C@H]1OC(=O)C[C@@H](OC(C)=O)[C@H](C)[C@@H](O[C@@H]2O[C@H](C)[C@@H](O[C@H]3C[C@@](C)(OC(=O)C(N)COP(=O)(O)OCC(O)CO)[C@@H](OC(=O)CC(C)C)[C@H](C)O3)[C@H](N(C)C)[C@H]2O)[C@@H](CC=O)C[C@@H](C)C(=O)/C=C/C(C)=C/[C@@H]1CO[C@@H]1O[C@H](C)[C@@H](O)[C@@H](OC)[C@H]1OC,TRUE,,-1.6783,-1.678312351
tylvalosin,Tylvalosin (Ì©Íò¾úËØ),REF_TYLVALOSIN,repository_reference,O49_attached_to_C36,49,36,C,MPM00199,2-Amino-3-sulfopropionic acid,NC(CS(=O)(=O)O)C(=O)O,1,CC[C@H]1OC(=O)C[C@@H](OC(C)=O)[C@H](C)[C@@H](O[C@@H]2O[C@H](C)[C@@H](O[C@H]3C[C@@](C)(OC(=O)C(N)CS(=O)(=O)O)[C@@H](OC(=O)CC(C)C)[C@H](C)O3)[C@H](N(C)C)[C@H]2O)[C@@H](CC=O)C[C@@H](C)C(=O)/C=C/C(C)=C/[C@@H]1CO[C@@H]1O[C@H](C)[C@@H](O)[C@@H](OC)[C@H]1OC,CC[C@H]1OC(=O)C[C@@H](OC(C)=O)[C@H](C)[C@@H](O[C@@H]2O[C@H](C)[C@@H](O[C@H]3C[C@@](C)(OC(=O)C(N)CS(=O)(=O)O)[C@@H](OC(=O)CC(C)C)[C@H](C)O3)[C@H](N(C)C)[C@H]2O)[C@@H](CC=O)C[C@@H](C)C(=O)/C=C/C(C)=C/[C@@H]1CO[C@@H]1O[C@H](C)[C@@H](O)[C@@H](OC)[C@H]1OC,TRUE,,-1.1686,-1.168577355
tylvalosin,Tylvalosin (Ì©Íò¾úËØ),REF_TYLVALOSIN,repository_reference,O49_attached_to_C36,49,36,C,MPM00329,3-Sulfinoalanine,NC(CS(=O)O)C(=O)O,1,CC[C@H]1OC(=O)C[C@@H](OC(C)=O)[C@H](C)[C@@H](O[C@@H]2O[C@H](C)[C@@H](O[C@H]3C[C@@](C)(OC(=O)C(N)CS(=O)O)[C@@H](OC(=O)CC(C)C)[C@H](C)O3)[C@H](N(C)C)[C@H]2O)[C@@H](CC=O)C[C@@H](C)C(=O)/C=C/C(C)=C/[C@@H]1CO[C@@H]1O[C@H](C)[C@@H](O)[C@@H](OC)[C@H]1OC,CC[C@H]1OC(=O)C[C@@H](OC(C)=O)[C@H](C)[C@@H](O[C@@H]2O[C@H](C)[C@@H](O[C@H]3C[C@@](C)(OC(=O)C(N)CS(=O)O)[C@@H](OC(=O)CC(C)C)[C@H](C)O3)[C@H](N(C)C)[C@H]2O)[C@@H](CC=O)C[C@@H](C)C(=O)/C=C/C(C)=C/[C@@H]1CO[C@@H]1O[C@H](C)[C@@H](O)[C@@H](OC)[C@H]1OC,TRUE,,-1.0997,-1.099712841
tylvalosin,Tylvalosin (Ì©Íò¾úËØ),REF_TYLVALOSIN,repository_reference,O49_attached_to_C36,49,36,C,MPM01473,L-Cysteinylglycine,NC(CS)C(=O)NCC(=O)O,1,CC[C@H]1OC(=O)C[C@@H](OC(C)=O)[C@H](C)[C@@H](O[C@@H]2O[C@H](C)[C@@H](O[C@H]3C[C@@](C)(OC(=O)CNC(=O)C(N)CS)[C@@H](OC(=O)CC(C)C)[C@H](C)O3)[C@H](N(C)C)[C@H]2O)[C@@H](CC=O)C[C@@H](C)C(=O)/C=C/C(C)=C/[C@@H]1CO[C@@H]1O[C@H](C)[C@@H](O)[C@@H](OC)[C@H]1OC,CC[C@H]1OC(=O)C[C@@H](OC(C)=O)[C@H](C)[C@@H](O[C@@H]2O[C@H](C)[C@@H](O[C@H]3C[C@@](C)(OC(=O)CNC(=O)C(N)CS)[C@@H](OC(=O)CC(C)C)[C@H](C)O3)[C@H](N(C)C)[C@H]2O)[C@@H](CC=O)C[C@@H](C)C(=O)/C=C/C(C)=C/[C@@H]1CO[C@@H]1O[C@H](C)[C@@H](O)[C@@H](OC)[C@H]1OC,TRUE,,-2.6133,-2.613265047
tylvalosin,Tylvalosin (Ì©Íò¾úËØ),REF_TYLVALOSIN,repository_reference,O49_attached_to_C36,49,36,C,MPM01361,D-Amino-3-mercaptopropionic acid,NC(CS)C(=O)O,1,CC[C@H]1OC(=O)C[C@@H](OC(C)=O)[C@H](C)[C@@H](O[C@@H]2O[C@H](C)[C@@H](O[C@H]3C[C@@](C)(OC(=O)C(N)CS)[C@@H](OC(=O)CC(C)C)[C@H](C)O3)[C@H](N(C)C)[C@H]2O)[C@@H](CC=O)C[C@@H](C)C(=O)/C=C/C(C)=C/[C@@H]1CO[C@@H]1O[C@H](C)[C@@H](O)[C@@H](OC)[C@H]1OC,CC[C@H]1OC(=O)C[C@@H](OC(C)=O)[C@H](C)[C@@H](O[C@@H]2O[C@H](C)[C@@H](O[C@H]3C[C@@](C)(OC(=O)C(N)CS)[C@@H](OC(=O)CC(C)C)[C@H](C)O3)[C@H](N(C)C)[C@H]2O)[C@@H](CC=O)C[C@@H](C)C(=O)/C=C/C(C)=C/[C@@H]1CO[C@@H]1O[C@H](C)[C@@H](O)[C@@H](OC)[C@H]1OC,TRUE,,-2.6449,-2.644939393
tylvalosin,Tylvalosin (Ì©Íò¾úËØ),REF_TYLVALOSIN,repository_reference,O49_attached_to_C36,49,36,C,MPM01078,(S)-alpha-Amino-beta-(3-indolyl)-propionic acid,NC(Cc1c[nH]c2ccccc12)C(=O)O,1,CC[C@H]1OC(=O)C[C@@H](OC(C)=O)[C@H](C)[C@@H](O[C@@H]2O[C@H](C)[C@@H](O[C@H]3C[C@@](C)(OC(=O)C(N)Cc4c[nH]c5ccccc45)[C@@H](OC(=O)CC(C)C)[C@H](C)O3)[C@H](N(C)C)[C@H]2O)[C@@H](CC=O)C[C@@H](C)C(=O)/C=C/C(C)=C/[C@@H]1CO[C@@H]1O[C@H](C)[C@@H](O)[C@@H](OC)[C@H]1OC,CC[C@H]1OC(=O)C[C@@H](OC(C)=O)[C@H](C)[C@@H](O[C@@H]2O[C@H](C)[C@@H](O[C@H]3C[C@@](C)(OC(=O)C(N)Cc4c[nH]c5ccccc45)[C@@H](OC(=O)CC(C)C)[C@H](C)O3)[C@H](N(C)C)[C@H]2O)[C@@H](CC=O)C[C@@H](C)C(=O)/C=C/C(C)=C/[C@@H]1CO[C@@H]1O[C@H](C)[C@@H](O)[C@@H](OC)[C@H]1OC,TRUE,,-0.5502,-0.550244223
tylvalosin,Tylvalosin (Ì©Íò¾úËØ),REF_TYLVALOSIN,repository_reference,O49_attached_to_C36,49,36,C,MPM01639,Tyrosine,NC(Cc1ccc(O)cc1)C(=O)O,1,CC[C@H]1OC(=O)C[C@@H](OC(C)=O)[C@H](C)[C@@H](O[C@@H]2O[C@H](C)[C@@H](O[C@H]3C[C@@](C)(OC(=O)C(N)Cc4ccc(O)cc4)[C@@H](OC(=O)CC(C)C)[C@H](C)O3)[C@H](N(C)C)[C@H]2O)[C@@H](CC=O)C[C@@H](C)C(=O)/C=C/C(C)=C/[C@@H]1CO[C@@H]1O[C@H](C)[C@@H](O)[C@@H](OC)[C@H]1OC,CC[C@H]1OC(=O)C[C@@H](OC(C)=O)[C@H](C)[C@@H](O[C@@H]2O[C@H](C)[C@@H](O[C@H]3C[C@@](C)(OC(=O)C(N)Cc4ccc(O)cc4)[C@@H](OC(=O)CC(C)C)[C@H](C)O3)[C@H](N(C)C)[C@H]2O)[C@@H](CC=O)C[C@@H](C)C(=O)/C=C/C(C)=C/[C@@H]1CO[C@@H]1O[C@H](C)[C@@H](O)[C@@H](OC)[C@H]1OC,TRUE,,-1.1653,-1.165314531
tylvalosin,Tylvalosin (Ì©Íò¾úËØ),REF_TYLVALOSIN,repository_reference,O49_attached_to_C36,49,36,C,MPM00895,Phosphonotyrosine,NC(Cc1ccc(OP(=O)(O)O)cc1)C(=O)O,1,CC[C@H]1OC(=O)C[C@@H](OC(C)=O)[C@H](C)[C@@H](O[C@@H]2O[C@H](C)[C@@H](O[C@H]3C[C@@](C)(OC(=O)C(N)Cc4ccc(OP(=O)(O)O)cc4)[C@@H](OC(=O)CC(C)C)[C@H](C)O3)[C@H](N(C)C)[C@H]2O)[C@@H](CC=O)C[C@@H](C)C(=O)/C=C/C(C)=C/[C@@H]1CO[C@@H]1O[C@H](C)[C@@H](O)[C@@H](OC)[C@H]1OC,CC[C@H]1OC(=O)C[C@@H](OC(C)=O)[C@H](C)[C@@H](O[C@@H]2O[C@H](C)[C@@H](O[C@H]3C[C@@](C)(OC(=O)C(N)Cc4ccc(OP(=O)(O)O)cc4)[C@@H](OC(=O)CC(C)C)[C@H](C)O3)[C@H](N(C)C)[C@H]2O)[C@@H](CC=O)C[C@@H](C)C(=O)/C=C/C(C)=C/[C@@H]1CO[C@@H]1O[C@H](C)[C@@H](O)[C@@H](OC)[C@H]1OC,TRUE,,-1.7099,-1.709908747
tylvalosin,Tylvalosin (Ì©Íò¾úËØ),REF_TYLVALOSIN,repository_reference,O49_attached_to_C36,49,36,C,MPM00612,D-phenylalanine,NC(Cc1ccccc1)C(=O)O,1,CC[C@H]1OC(=O)C[C@@H](OC(C)=O)[C@H](C)[C@@H](O[C@@H]2O[C@H](C)[C@@H](O[C@H]3C[C@@](C)(OC(=O)C(N)Cc4ccccc4)[C@@H](OC(=O)CC(C)C)[C@H](C)O3)[C@H](N(C)C)[C@H]2O)[C@@H](CC=O)C[C@@H](C)C(=O)/C=C/C(C)=C/[C@@H]1CO[C@@H]1O[C@H](C)[C@@H](O)[C@@H](OC)[C@H]1OC,CC[C@H]1OC(=O)C[C@@H](OC(C)=O)[C@H](C)[C@@H](O[C@@H]2O[C@H](C)[C@@H](O[C@H]3C[C@@](C)(OC(=O)C(N)Cc4ccccc4)[C@@H](OC(=O)CC(C)C)[C@H](C)O3)[C@H](N(C)C)[C@H]2O)[C@@H](CC=O)C[C@@H](C)C(=O)/C=C/C(C)=C/[C@@H]1CO[C@@H]1O[C@H](C)[C@@H](O)[C@@H](OC)[C@H]1OC,TRUE,,-1.5272,-1.527228102
tylvalosin,Tylvalosin (Ì©Íò¾úËØ),REF_TYLVALOSIN,repository_reference,O49_attached_to_C36,49,36,C,MPM01077,(S)-alpha-Amino-1H-imidazole-4-propionic acid,NC(Cc1cnc[nH]1)C(=O)O,1,CC[C@H]1OC(=O)C[C@@H](OC(C)=O)[C@H](C)[C@@H](O[C@@H]2O[C@H](C)[C@@H](O[C@H]3C[C@@](C)(OC(=O)C(N)Cc4cnc[nH]4)[C@@H](OC(=O)CC(C)C)[C@H](C)O3)[C@H](N(C)C)[C@H]2O)[C@@H](CC=O)C[C@@H](C)C(=O)/C=C/C(C)=C/[C@@H]1CO[C@@H]1O[C@H](C)[C@@H](O)[C@@H](OC)[C@H]1OC,CC[C@H]1OC(=O)C[C@@H](OC(C)=O)[C@H](C)[C@@H](O[C@@H]2O[C@H](C)[C@@H](O[C@H]3C[C@@](C)(OC(=O)C(N)Cc4cnc[nH]4)[C@@H](OC(=O)CC(C)C)[C@H](C)O3)[C@H](N(C)C)[C@H]2O)[C@@H](CC=O)C[C@@H](C)C(=O)/C=C/C(C)=C/[C@@H]1CO[C@@H]1O[C@H](C)[C@@H](O)[C@@H](OC)[C@H]1OC,TRUE,,-1.5298,-1.529806811
tylvalosin,Tylvalosin (Ì©Íò¾úËØ),REF_TYLVALOSIN,repository_reference,O49_attached_to_C36,49,36,C,MPM01165,2-Oxoarginine,NC(N)=NCCCC(=O)C(=O)O,1,CC[C@H]1OC(=O)C[C@@H](OC(C)=O)[C@H](C)[C@@H](O[C@@H]2O[C@H](C)[C@@H](O[C@H]3C[C@@](C)(OC(=O)C(=O)CCCN=C(N)N)[C@@H](OC(=O)CC(C)C)[C@H](C)O3)[C@H](N(C)C)[C@H]2O)[C@@H](CC=O)C[C@@H](C)C(=O)/C=C/C(C)=C/[C@@H]1CO[C@@H]1O[C@H](C)[C@@H](O)[C@@H](OC)[C@H]1OC,CC[C@H]1OC(=O)C[C@@H](OC(C)=O)[C@H](C)[C@@H](O[C@@H]2O[C@H](C)[C@@H](O[C@H]3C[C@@](C)(OC(=O)C(=O)CCCN=C(N)N)[C@@H](OC(=O)CC(C)C)[C@H](C)O3)[C@H](N(C)C)[C@H]2O)[C@@H](CC=O)C[C@@H](C)C(=O)/C=C/C(C)=C/[C@@H]1CO[C@@H]1O[C@H](C)[C@@H](O)[C@@H](OC)[C@H]1OC,TRUE,,-1.4731,-1.473084389
tylvalosin,Tylvalosin (Ì©Íò¾úËØ),REF_TYLVALOSIN,repository_reference,O49_attached_to_C36,49,36,C,MPM00541,D-2-Amino-5-guanidinovaleric acid,NC(N)=NCCCC(N)C(=O)O,1,CC[C@H]1OC(=O)C[C@@H](OC(C)=O)[C@H](C)[C@@H](O[C@@H]2O[C@H](C)[C@@H](O[C@H]3C[C@@](C)(OC(=O)C(N)CCCN=C(N)N)[C@@H](OC(=O)CC(C)C)[C@H](C)O3)[C@H](N(C)C)[C@H]2O)[C@@H](CC=O)C[C@@H](C)C(=O)/C=C/C(C)=C/[C@@H]1CO[C@@H]1O[C@H](C)[C@@H](O)[C@@H](OC)[C@H]1OC,CC[C@H]1OC(=O)C[C@@H](OC(C)=O)[C@H](C)[C@@H](O[C@@H]2O[C@H](C)[C@@H](O[C@H]3C[C@@](C)(OC(=O)C(N)CCCN=C(N)N)[C@@H](OC(=O)CC(C)C)[C@H](C)O3)[C@H](N(C)C)[C@H]2O)[C@@H](CC=O)C[C@@H](C)C(=O)/C=C/C(C)=C/[C@@H]1CO[C@@H]1O[C@H](C)[C@@H](O)[C@@H](OC)[C@H]1OC,TRUE,,-1.3655,-1.36547667
tylvalosin,Tylvalosin (Ì©Íò¾úËØ),REF_TYLVALOSIN,repository_reference,O49_attached_to_C36,49,36,C,MPM01242,5-Amino-4-oxovaleric acid,NCC(=O)CCC(=O)O,1,CC[C@H]1OC(=O)C[C@@H](OC(C)=O)[C@H](C)[C@@H](O[C@@H]2O[C@H](C)[C@@H](O[C@H]3C[C@@](C)(OC(=O)CCC(=O)CN)[C@@H](OC(=O)CC(C)C)[C@H](C)O3)[C@H](N(C)C)[C@H]2O)[C@@H](CC=O)C[C@@H](C)C(=O)/C=C/C(C)=C/[C@@H]1CO[C@@H]1O[C@H](C)[C@@H](O)[C@@H](OC)[C@H]1OC,CC[C@H]1OC(=O)C[C@@H](OC(C)=O)[C@H](C)[C@@H](O[C@@H]2O[C@H](C)[C@@H](O[C@H]3C[C@@](C)(OC(=O)CCC(=O)CN)[C@@H](OC(=O)CC(C)C)[C@H](C)O3)[C@H](N(C)C)[C@H]2O)[C@@H](CC=O)C[C@@H](C)C(=O)/C=C/C(C)=C/[C@@H]1CO[C@@H]1O[C@H](C)[C@@H](O)[C@@H](OC)[C@H]1OC,TRUE,,-1.2309,-1.230947491
tylvalosin,Tylvalosin (Ì©Íò¾úËØ),REF_TYLVALOSIN,repository_reference,O49_attached_to_C36,49,36,C,MPM00674,Glycyl-l-glutamine,NCC(=O)NC(CCC(N)=O)C(=O)O,1,CC[C@H]1OC(=O)C[C@@H](OC(C)=O)[C@H](C)[C@@H](O[C@@H]2O[C@H](C)[C@@H](O[C@H]3C[C@@](C)(OC(=O)C(CCC(N)=O)NC(=O)CN)[C@@H](OC(=O)CC(C)C)[C@H](C)O3)[C@H](N(C)C)[C@H]2O)[C@@H](CC=O)C[C@@H](C)C(=O)/C=C/C(C)=C/[C@@H]1CO[C@@H]1O[C@H](C)[C@@H](O)[C@@H](OC)[C@H]1OC,CC[C@H]1OC(=O)C[C@@H](OC(C)=O)[C@H](C)[C@@H](O[C@@H]2O[C@H](C)[C@@H](O[C@H]3C[C@@](C)(OC(=O)C(CCC(N)=O)NC(=O)CN)[C@@H](OC(=O)CC(C)C)[C@H](C)O3)[C@H](N(C)C)[C@H]2O)[C@@H](CC=O)C[C@@H](C)C(=O)/C=C/C(C)=C/[C@@H]1CO[C@@H]1O[C@H](C)[C@@H](O)[C@@H](OC)[C@H]1OC,TRUE,,-1.0363,-1.036258977
tylvalosin,Tylvalosin (Ì©Íò¾úËØ),REF_TYLVALOSIN,repository_reference,O49_attached_to_C36,49,36,C,MPM00673,Glycylcysteine,NCC(=O)NC(CS)C(=O)O,1,CC[C@H]1OC(=O)C[C@@H](OC(C)=O)[C@H](C)[C@@H](O[C@@H]2O[C@H](C)[C@@H](O[C@H]3C[C@@](C)(OC(=O)C(CS)NC(=O)CN)[C@@H](OC(=O)CC(C)C)[C@H](C)O3)[C@H](N(C)C)[C@H]2O)[C@@H](CC=O)C[C@@H](C)C(=O)/C=C/C(C)=C/[C@@H]1CO[C@@H]1O[C@H](C)[C@@H](O)[C@@H](OC)[C@H]1OC,CC[C@H]1OC(=O)C[C@@H](OC(C)=O)[C@H](C)[C@@H](O[C@@H]2O[C@H](C)[C@@H](O[C@H]3C[C@@](C)(OC(=O)C(CS)NC(=O)CN)[C@@H](OC(=O)CC(C)C)[C@H](C)O3)[C@H](N(C)C)[C@H]2O)[C@@H](CC=O)C[C@@H](C)C(=O)/C=C/C(C)=C/[C@@H]1CO[C@@H]1O[C@H](C)[C@@H](O)[C@@H](OC)[C@H]1OC,TRUE,,-2.4715,-2.471501582
tylvalosin,Tylvalosin (Ì©Íò¾úËØ),REF_TYLVALOSIN,repository_reference,O49_attached_to_C36,49,36,C,MPM00677,Glycyl-L-tyrosine,NCC(=O)NC(Cc1ccc(O)cc1)C(=O)O,1,CC[C@H]1OC(=O)C[C@@H](OC(C)=O)[C@H](C)[C@@H](O[C@@H]2O[C@H](C)[C@@H](O[C@H]3C[C@@](C)(OC(=O)C(Cc4ccc(O)cc4)NC(=O)CN)[C@@H](OC(=O)CC(C)C)[C@H](C)O3)[C@H](N(C)C)[C@H]2O)[C@@H](CC=O)C[C@@H](C)C(=O)/C=C/C(C)=C/[C@@H]1CO[C@@H]1O[C@H](C)[C@@H](O)[C@@H](OC)[C@H]1OC,CC[C@H]1OC(=O)C[C@@H](OC(C)=O)[C@H](C)[C@@H](O[C@@H]2O[C@H](C)[C@@H](O[C@H]3C[C@@](C)(OC(=O)C(Cc4ccc(O)cc4)NC(=O)CN)[C@@H](OC(=O)CC(C)C)[C@H](C)O3)[C@H](N(C)C)[C@H]2O)[C@@H](CC=O)C[C@@H](C)C(=O)/C=C/C(C)=C/[C@@H]1CO[C@@H]1O[C@H](C)[C@@H](O)[C@@H](OC)[C@H]1OC,TRUE,,-0.9366,-0.936565132
tylvalosin,Tylvalosin (Ì©Íò¾úËØ),REF_TYLVALOSIN,repository_reference,O49_attached_to_C36,49,36,C,MPM00676,Glycyl-L-phenylalanine,NCC(=O)NC(Cc1ccccc1)C(=O)O,1,CC[C@H]1OC(=O)C[C@@H](OC(C)=O)[C@H](C)[C@@H](O[C@@H]2O[C@H](C)[C@@H](O[C@H]3C[C@@](C)(OC(=O)C(Cc4ccccc4)NC(=O)CN)[C@@H](OC(=O)CC(C)C)[C@H](C)O3)[C@H](N(C)C)[C@H]2O)[C@@H](CC=O)C[C@@H](C)C(=O)/C=C/C(C)=C/[C@@H]1CO[C@@H]1O[C@H](C)[C@@H](O)[C@@H](OC)[C@H]1OC,CC[C@H]1OC(=O)C[C@@H](OC(C)=O)[C@H](C)[C@@H](O[C@@H]2O[C@H](C)[C@@H](O[C@H]3C[C@@](C)(OC(=O)C(Cc4ccccc4)NC(=O)CN)[C@@H](OC(=O)CC(C)C)[C@H](C)O3)[C@H](N(C)C)[C@H]2O)[C@@H](CC=O)C[C@@H](C)C(=O)/C=C/C(C)=C/[C@@H]1CO[C@@H]1O[C@H](C)[C@@H](O)[C@@H](OC)[C@H]1OC,TRUE,,-1.3071,-1.307071511
tylvalosin,Tylvalosin (Ì©Íò¾úËØ),REF_TYLVALOSIN,repository_reference,O49_attached_to_C36,49,36,C,MPM01413,Gly,NCC(=O)O,1,CC[C@H]1OC(=O)C[C@@H](OC(C)=O)[C@H](C)[C@@H](O[C@@H]2O[C@H](C)[C@@H](O[C@H]3C[C@@](C)(OC(=O)CN)[C@@H](OC(=O)CC(C)C)[C@H](C)O3)[C@H](N(C)C)[C@H]2O)[C@@H](CC=O)C[C@@H](C)C(=O)/C=C/C(C)=C/[C@@H]1CO[C@@H]1O[C@H](C)[C@@H](O)[C@@H](OC)[C@H]1OC,CC[C@H]1OC(=O)C[C@@H](OC(C)=O)[C@H](C)[C@@H](O[C@@H]2O[C@H](C)[C@@H](O[C@H]3C[C@@](C)(OC(=O)CN)[C@@H](OC(=O)CC(C)C)[C@H](C)O3)[C@H](N(C)C)[C@H]2O)[C@@H](CC=O)C[C@@H](C)C(=O)/C=C/C(C)=C/[C@@H]1CO[C@@H]1O[C@H](C)[C@@H](O)[C@@H](OC)[C@H]1OC,TRUE,,-1.0777,-1.077749499
tylvalosin,Tylvalosin (Ì©Íò¾úËØ),REF_TYLVALOSIN,repository_reference,O49_attached_to_C36,49,36,C,MPM01074,"(S)-2,3-Diaminopropanoate",NCC(N)C(=O)O,1,CC[C@H]1OC(=O)C[C@@H](OC(C)=O)[C@H](C)[C@@H](O[C@@H]2O[C@H](C)[C@@H](O[C@H]3C[C@@](C)(OC(=O)C(N)CN)[C@@H](OC(=O)CC(C)C)[C@H](C)O3)[C@H](N(C)C)[C@H]2O)[C@@H](CC=O)C[C@@H](C)C(=O)/C=C/C(C)=C/[C@@H]1CO[C@@H]1O[C@H](C)[C@@H](O)[C@@H](OC)[C@H]1OC,CC[C@H]1OC(=O)C[C@@H](OC(C)=O)[C@H](C)[C@@H](O[C@@H]2O[C@H](C)[C@@H](O[C@H]3C[C@@](C)(OC(=O)C(N)CN)[C@@H](OC(=O)CC(C)C)[C@H](C)O3)[C@H](N(C)C)[C@H]2O)[C@@H](CC=O)C[C@@H](C)C(=O)/C=C/C(C)=C/[C@@H]1CO[C@@H]1O[C@H](C)[C@@H](O)[C@@H](OC)[C@H]1OC,TRUE,,-0.9275,-0.927523325
tylvalosin,Tylvalosin (Ì©Íò¾úËØ),REF_TYLVALOSIN,repository_reference,O49_attached_to_C36,49,36,C,MPM01212,3-Aminopropanoate,NCCC(=O)O,1,CC[C@H]1OC(=O)C[C@@H](OC(C)=O)[C@H](C)[C@@H](O[C@@H]2O[C@H](C)[C@@H](O[C@H]3C[C@@](C)(OC(=O)CCN)[C@@H](OC(=O)CC(C)C)[C@H](C)O3)[C@H](N(C)C)[C@H]2O)[C@@H](CC=O)C[C@@H](C)C(=O)/C=C/C(C)=C/[C@@H]1CO[C@@H]1O[C@H](C)[C@@H](O)[C@@H](OC)[C@H]1OC,CC[C@H]1OC(=O)C[C@@H](OC(C)=O)[C@H](C)[C@@H](O[C@@H]2O[C@H](C)[C@@H](O[C@H]3C[C@@](C)(OC(=O)CCN)[C@@H](OC(=O)CC(C)C)[C@H](C)O3)[C@H](N(C)C)[C@H]2O)[C@@H](CC=O)C[C@@H](C)C(=O)/C=C/C(C)=C/[C@@H]1CO[C@@H]1O[C@H](C)[C@@H](O)[C@@H](OC)[C@H]1OC,TRUE,,-1.1651,-1.165114952
tylvalosin,Tylvalosin (Ì©Íò¾úËØ),REF_TYLVALOSIN,repository_reference,O49_attached_to_C36,49,36,C,MPM00725,"L-2,4-Diaminobutyrate",NCCC(N)C(=O)O,1,CC[C@H]1OC(=O)C[C@@H](OC(C)=O)[C@H](C)[C@@H](O[C@@H]2O[C@H](C)[C@@H](O[C@H]3C[C@@](C)(OC(=O)C(N)CCN)[C@@H](OC(=O)CC(C)C)[C@H](C)O3)[C@H](N(C)C)[C@H]2O)[C@@H](CC=O)C[C@@H](C)C(=O)/C=C/C(C)=C/[C@@H]1CO[C@@H]1O[C@H](C)[C@@H](O)[C@@H](OC)[C@H]1OC,CC[C@H]1OC(=O)C[C@@H](OC(C)=O)[C@H](C)[C@@H](O[C@@H]2O[C@H](C)[C@@H](O[C@H]3C[C@@](C)(OC(=O)C(N)CCN)[C@@H](OC(=O)CC(C)C)[C@H](C)O3)[C@H](N(C)C)[C@H]2O)[C@@H](CC=O)C[C@@H](C)C(=O)/C=C/C(C)=C/[C@@H]1CO[C@@H]1O[C@H](C)[C@@H](O)[C@@H](OC)[C@H]1OC,TRUE,,-0.9818,-0.981753249
tylvalosin,Tylvalosin (Ì©Íò¾úËØ),REF_TYLVALOSIN,repository_reference,O49_attached_to_C36,49,36,C,MPM01396,GABA,NCCCC(=O)O,1,CC[C@H]1OC(=O)C[C@@H](OC(C)=O)[C@H](C)[C@@H](O[C@@H]2O[C@H](C)[C@@H](O[C@H]3C[C@@](C)(OC(=O)CCCN)[C@@H](OC(=O)CC(C)C)[C@H](C)O3)[C@H](N(C)C)[C@H]2O)[C@@H](CC=O)C[C@@H](C)C(=O)/C=C/C(C)=C/[C@@H]1CO[C@@H]1O[C@H](C)[C@@H](O)[C@@H](OC)[C@H]1OC,CC[C@H]1OC(=O)C[C@@H](OC(C)=O)[C@H](C)[C@@H](O[C@@H]2O[C@H](C)[C@@H](O[C@H]3C[C@@](C)(OC(=O)CCCN)[C@@H](OC(=O)CC(C)C)[C@H](C)O3)[C@H](N(C)C)[C@H]2O)[C@@H](CC=O)C[C@@H](C)C(=O)/C=C/C(C)=C/[C@@H]1CO[C@@H]1O[C@H](C)[C@@H](O)[C@@H](OC)[C@H]1OC,TRUE,,-1.2243,-1.224280301
tylvalosin,Tylvalosin (Ì©Íò¾úËØ),REF_TYLVALOSIN,repository_reference,O49_attached_to_C36,49,36,C,MPM00093,"(S)-2,5-Diaminopentanoate",NCCCC(N)C(=O)O,1,CC[C@H]1OC(=O)C[C@@H](OC(C)=O)[C@H](C)[C@@H](O[C@@H]2O[C@H](C)[C@@H](O[C@H]3C[C@@](C)(OC(=O)C(N)CCCN)[C@@H](OC(=O)CC(C)C)[C@H](C)O3)[C@H](N(C)C)[C@H]2O)[C@@H](CC=O)C[C@@H](C)C(=O)/C=C/C(C)=C/[C@@H]1CO[C@@H]1O[C@H](C)[C@@H](O)[C@@H](OC)[C@H]1OC,CC[C@H]1OC(=O)C[C@@H](OC(C)=O)[C@H](C)[C@@H](O[C@@H]2O[C@H](C)[C@@H](O[C@H]3C[C@@](C)(OC(=O)C(N)CCCN)[C@@H](OC(=O)CC(C)C)[C@H](C)O3)[C@H](N(C)C)[C@H]2O)[C@@H](CC=O)C[C@@H](C)C(=O)/C=C/C(C)=C/[C@@H]1CO[C@@H]1O[C@H](C)[C@@H](O)[C@@H](OC)[C@H]1OC,TRUE,,-1.0439,-1.043902293
tylvalosin,Tylvalosin (Ì©Íò¾úËØ),REF_TYLVALOSIN,repository_reference,O49_attached_to_C36,49,36,C,MPM00742,L-beta-Lysine,NCCCC(N)CC(=O)O,1,CC[C@H]1OC(=O)C[C@@H](OC(C)=O)[C@H](C)[C@@H](O[C@@H]2O[C@H](C)[C@@H](O[C@H]3C[C@@](C)(OC(=O)CC(N)CCCN)[C@@H](OC(=O)CC(C)C)[C@H](C)O3)[C@H](N(C)C)[C@H]2O)[C@@H](CC=O)C[C@@H](C)C(=O)/C=C/C(C)=C/[C@@H]1CO[C@@H]1O[C@H](C)[C@@H](O)[C@@H](OC)[C@H]1OC,CC[C@H]1OC(=O)C[C@@H](OC(C)=O)[C@H](C)[C@@H](O[C@@H]2O[C@H](C)[C@@H](O[C@H]3C[C@@](C)(OC(=O)CC(N)CCCN)[C@@H](OC(=O)CC(C)C)[C@H](C)O3)[C@H](N(C)C)[C@H]2O)[C@@H](CC=O)C[C@@H](C)C(=O)/C=C/C(C)=C/[C@@H]1CO[C@@H]1O[C@H](C)[C@@H](O)[C@@H](OC)[C@H]1OC,TRUE,,-1.3015,-1.301472056
tylvalosin,Tylvalosin (Ì©Íò¾úËØ),REF_TYLVALOSIN,repository_reference,O49_attached_to_C36,49,36,C,MPM01164,2-Oxo-6-aminocaproate,NCCCCC(=O)C(=O)O,1,CC[C@H]1OC(=O)C[C@@H](OC(C)=O)[C@H](C)[C@@H](O[C@@H]2O[C@H](C)[C@@H](O[C@H]3C[C@@](C)(OC(=O)C(=O)CCCCN)[C@@H](OC(=O)CC(C)C)[C@H](C)O3)[C@H](N(C)C)[C@H]2O)[C@@H](CC=O)C[C@@H](C)C(=O)/C=C/C(C)=C/[C@@H]1CO[C@@H]1O[C@H](C)[C@@H](O)[C@@H](OC)[C@H]1OC,CC[C@H]1OC(=O)C[C@@H](OC(C)=O)[C@H](C)[C@@H](O[C@@H]2O[C@H](C)[C@@H](O[C@H]3C[C@@](C)(OC(=O)C(=O)CCCCN)[C@@H](OC(=O)CC(C)C)[C@H](C)O3)[C@H](N(C)C)[C@H]2O)[C@@H](CC=O)C[C@@H](C)C(=O)/C=C/C(C)=C/[C@@H]1CO[C@@H]1O[C@H](C)[C@@H](O)[C@@H](OC)[C@H]1OC,TRUE,,-1.2225,-1.222517533
tylvalosin,Tylvalosin (Ì©Íò¾úËØ),REF_TYLVALOSIN,repository_reference,O49_attached_to_C36,49,36,C,MPM00184,"2,6-Diaminohexanoic acid",NCCCCC(N)C(=O)O,1,CC[C@H]1OC(=O)C[C@@H](OC(C)=O)[C@H](C)[C@@H](O[C@@H]2O[C@H](C)[C@@H](O[C@H]3C[C@@](C)(OC(=O)C(N)CCCCN)[C@@H](OC(=O)CC(C)C)[C@H](C)O3)[C@H](N(C)C)[C@H]2O)[C@@H](CC=O)C[C@@H](C)C(=O)/C=C/C(C)=C/[C@@H]1CO[C@@H]1O[C@H](C)[C@@H](O)[C@@H](OC)[C@H]1OC,CC[C@H]1OC(=O)C[C@@H](OC(C)=O)[C@H](C)[C@@H](O[C@@H]2O[C@H](C)[C@@H](O[C@H]3C[C@@](C)(OC(=O)C(N)CCCCN)[C@@H](OC(=O)CC(C)C)[C@H](C)O3)[C@H](N(C)C)[C@H]2O)[C@@H](CC=O)C[C@@H](C)C(=O)/C=C/C(C)=C/[C@@H]1CO[C@@H]1O[C@H](C)[C@@H](O)[C@@H](OC)[C@H]1OC,TRUE,,-1.1096,-1.109637291
tylvalosin,Tylvalosin (Ì©Íò¾úËØ),REF_TYLVALOSIN,repository_reference,O49_attached_to_C36,49,36,C,MPM00373,5-Amino-1-(5-phospho-D-ribosyl)imidazole-4-carboxylate,Nc1c(C(=O)O)ncn1C1OC(COP(=O)(O)O)C(O)C1O,1,CC[C@H]1OC(=O)C[C@@H](OC(C)=O)[C@H](C)[C@@H](O[C@@H]2O[C@H](C)[C@@H](O[C@H]3C[C@@](C)(OC(=O)c4ncn(C5OC(COP(=O)(O)O)C(O)C5O)c4N)[C@@H](OC(=O)CC(C)C)[C@H](C)O3)[C@H](N(C)C)[C@H]2O)[C@@H](CC=O)C[C@@H](C)C(=O)/C=C/C(C)=C/[C@@H]1CO[C@@H]1O[C@H](C)[C@@H](O)[C@@H](OC)[C@H]1OC,CC[C@H]1OC(=O)C[C@@H](OC(C)=O)[C@H](C)[C@@H](O[C@@H]2O[C@H](C)[C@@H](O[C@H]3C[C@@](C)(OC(=O)c4ncn(C5OC(COP(=O)(O)O)C(O)C5O)c4N)[C@@H](OC(=O)CC(C)C)[C@H](C)O3)[C@H](N(C)C)[C@H]2O)[C@@H](CC=O)C[C@@H](C)C(=O)/C=C/C(C)=C/[C@@H]1CO[C@@H]1O[C@H](C)[C@@H](O)[C@@H](OC)[C@H]1OC,TRUE,,-4.0543,-4.054262867
tylvalosin,Tylvalosin (Ì©Íò¾úËØ),REF_TYLVALOSIN,repository_reference,O49_attached_to_C36,49,36,C,MPM00854,p-Aminobenzoate,Nc1ccc(C(=O)O)cc1,1,CC[C@H]1OC(=O)C[C@@H](OC(C)=O)[C@H](C)[C@@H](O[C@@H]2O[C@H](C)[C@@H](O[C@H]3C[C@@](C)(OC(=O)c4ccc(N)cc4)[C@@H](OC(=O)CC(C)C)[C@H](C)O3)[C@H](N(C)C)[C@H]2O)[C@@H](CC=O)C[C@@H](C)C(=O)/C=C/C(C)=C/[C@@H]1CO[C@@H]1O[C@H](C)[C@@H](O)[C@@H](OC)[C@H]1OC,CC[C@H]1OC(=O)C[C@@H](OC(C)=O)[C@H](C)[C@@H](O[C@@H]2O[C@H](C)[C@@H](O[C@H]3C[C@@](C)(OC(=O)c4ccc(N)cc4)[C@@H](OC(=O)CC(C)C)[C@H](C)O3)[C@H](N(C)C)[C@H]2O)[C@@H](CC=O)C[C@@H](C)C(=O)/C=C/C(C)=C/[C@@H]1CO[C@@H]1O[C@H](C)[C@@H](O)[C@@H](OC)[C@H]1OC,TRUE,,-1.1323,-1.132305498
tylvalosin,Tylvalosin (Ì©Íò¾úËØ),REF_TYLVALOSIN,repository_reference,O49_attached_to_C36,49,36,C,MPM00406,"7,8-Dihydropteroate",Nc1nc2c(c(=O)[nH]1)N=C(CNc1ccc(C(=O)O)cc1)CN2,1,CC[C@H]1OC(=O)C[C@@H](OC(C)=O)[C@H](C)[C@@H](O[C@@H]2O[C@H](C)[C@@H](O[C@H]3C[C@@](C)(OC(=O)c4ccc(NCC5=Nc6c(nc(N)[nH]c6=O)NC5)cc4)[C@@H](OC(=O)CC(C)C)[C@H](C)O3)[C@H](N(C)C)[C@H]2O)[C@@H](CC=O)C[C@@H](C)C(=O)/C=C/C(C)=C/[C@@H]1CO[C@@H]1O[C@H](C)[C@@H](O)[C@@H](OC)[C@H]1OC,CC[C@H]1OC(=O)C[C@@H](OC(C)=O)[C@H](C)[C@@H](O[C@@H]2O[C@H](C)[C@@H](O[C@H]3C[C@@](C)(OC(=O)c4ccc(NCC5=Nc6c(nc(N)[nH]c6=O)NC5)cc4)[C@@H](OC(=O)CC(C)C)[C@H](C)O3)[C@H](N(C)C)[C@H]2O)[C@@H](CC=O)C[C@@H](C)C(=O)/C=C/C(C)=C/[C@@H]1CO[C@@H]1O[C@H](C)[C@@H](O)[C@@H](OC)[C@H]1OC,TRUE,,-1.703,-1.702991813
tylvalosin,Tylvalosin (Ì©Íò¾úËØ),REF_TYLVALOSIN,repository_reference,O49_attached_to_C36,49,36,C,MPM00938,Se-Adenosylselenohomocysteine,Nc1ncnc2c1ncn2C1OC(C[Se]CCC(N)C(=O)O)C(O)C1O,1,CC[C@H]1OC(=O)C[C@@H](OC(C)=O)[C@H](C)[C@@H](O[C@@H]2O[C@H](C)[C@@H](O[C@H]3C[C@@](C)(OC(=O)C(N)CC[Se]CC4OC(n5cnc6c(N)ncnc65)C(O)C4O)[C@@H](OC(=O)CC(C)C)[C@H](C)O3)[C@H](N(C)C)[C@H]2O)[C@@H](CC=O)C[C@@H](C)C(=O)/C=C/C(C)=C/[C@@H]1CO[C@@H]1O[C@H](C)[C@@H](O)[C@@H](OC)[C@H]1OC,CC[C@H]1OC(=O)C[C@@H](OC(C)=O)[C@H](C)[C@@H](O[C@@H]2O[C@H](C)[C@@H](O[C@H]3C[C@@](C)(OC(=O)C(N)CC[Se]CC4OC(n5cnc6c(N)ncnc65)C(O)C4O)[C@@H](OC(=O)CC(C)C)[C@H](C)O3)[C@H](N(C)C)[C@H]2O)[C@@H](CC=O)C[C@@H](C)C(=O)/C=C/C(C)=C/[C@@H]1CO[C@@H]1O[C@H](C)[C@@H](O)[C@@H](OC)[C@H]1OC,TRUE,,-4.2591,-4.259121839
tylvalosin,Tylvalosin (Ì©Íò¾úËØ),REF_TYLVALOSIN,repository_reference,O49_attached_to_C36,49,36,C,MPM00210,2-Dehydro-3-deoxy-D-galactonate,O=C(O)C(=O)CC(O)C(O)CO,1,CC[C@H]1OC(=O)C[C@@H](OC(C)=O)[C@H](C)[C@@H](O[C@@H]2O[C@H](C)[C@@H](O[C@H]3C[C@@](C)(OC(=O)C(=O)CC(O)C(O)CO)[C@@H](OC(=O)CC(C)C)[C@H](C)O3)[C@H](N(C)C)[C@H]2O)[C@@H](CC=O)C[C@@H](C)C(=O)/C=C/C(C)=C/[C@@H]1CO[C@@H]1O[C@H](C)[C@@H](O)[C@@H](OC)[C@H]1OC,CC[C@H]1OC(=O)C[C@@H](OC(C)=O)[C@H](C)[C@@H](O[C@@H]2O[C@H](C)[C@@H](O[C@H]3C[C@@](C)(OC(=O)C(=O)CC(O)C(O)CO)[C@@H](OC(=O)CC(C)C)[C@H](C)O3)[C@H](N(C)C)[C@H]2O)[C@@H](CC=O)C[C@@H](C)C(=O)/C=C/C(C)=C/[C@@H]1CO[C@@H]1O[C@H](C)[C@@H](O)[C@@H](OC)[C@H]1OC,TRUE,,-1.9503,-1.950260431
tylvalosin,Tylvalosin (Ì©Íò¾úËØ),REF_TYLVALOSIN,repository_reference,O49_attached_to_C36,49,36,C,MPM00212,2-Dehydro-3-deoxy-D-gluconate 6-phosphate,O=C(O)C(=O)CC(O)C(O)COP(=O)(O)O,1,CC[C@H]1OC(=O)C[C@@H](OC(C)=O)[C@H](C)[C@@H](O[C@@H]2O[C@H](C)[C@@H](O[C@H]3C[C@@](C)(OC(=O)C(=O)CC(O)C(O)COP(=O)(O)O)[C@@H](OC(=O)CC(C)C)[C@H](C)O3)[C@H](N(C)C)[C@H]2O)[C@@H](CC=O)C[C@@H](C)C(=O)/C=C/C(C)=C/[C@@H]1CO[C@@H]1O[C@H](C)[C@@H](O)[C@@H](OC)[C@H]1OC,CC[C@H]1OC(=O)C[C@@H](OC(C)=O)[C@H](C)[C@@H](O[C@@H]2O[C@H](C)[C@@H](O[C@H]3C[C@@](C)(OC(=O)C(=O)CC(O)C(O)COP(=O)(O)O)[C@@H](OC(=O)CC(C)C)[C@H](C)O3)[C@H](N(C)C)[C@H]2O)[C@@H](CC=O)C[C@@H](C)C(=O)/C=C/C(C)=C/[C@@H]1CO[C@@H]1O[C@H](C)[C@@H](O)[C@@H](OC)[C@H]1OC,TRUE,,-2.1155,-2.115521849
tylvalosin,Tylvalosin (Ì©Íò¾úËØ),REF_TYLVALOSIN,repository_reference,O49_attached_to_C36,49,36,C,MPM00304,3-Hydroxypyruvic acid,O=C(O)C(=O)CO,1,CC[C@H]1OC(=O)C[C@@H](OC(C)=O)[C@H](C)[C@@H](O[C@@H]2O[C@H](C)[C@@H](O[C@H]3C[C@@](C)(OC(=O)C(=O)CO)[C@@H](OC(=O)CC(C)C)[C@H](C)O3)[C@H](N(C)C)[C@H]2O)[C@@H](CC=O)C[C@@H](C)C(=O)/C=C/C(C)=C/[C@@H]1CO[C@@H]1O[C@H](C)[C@@H](O)[C@@H](OC)[C@H]1OC,CC[C@H]1OC(=O)C[C@@H](OC(C)=O)[C@H](C)[C@@H](O[C@@H]2O[C@H](C)[C@@H](O[C@H]3C[C@@](C)(OC(=O)C(=O)CO)[C@@H](OC(=O)CC(C)C)[C@H](C)O3)[C@H](N(C)C)[C@H]2O)[C@@H](CC=O)C[C@@H](C)C(=O)/C=C/C(C)=C/[C@@H]1CO[C@@H]1O[C@H](C)[C@@H](O)[C@@H](OC)[C@H]1OC,TRUE,,-1.0394,-1.039375853
tylvalosin,Tylvalosin (Ì©Íò¾úËØ),REF_TYLVALOSIN,repository_reference,O49_attached_to_C36,49,36,C,MPM00897,p-Hydroxyphenylpyruvic acid,O=C(O)C(=O)Cc1ccc(O)cc1,1,CC[C@H]1OC(=O)C[C@@H](OC(C)=O)[C@H](C)[C@@H](O[C@@H]2O[C@H](C)[C@@H](O[C@H]3C[C@@](C)(OC(=O)C(=O)Cc4ccc(O)cc4)[C@@H](OC(=O)CC(C)C)[C@H](C)O3)[C@H](N(C)C)[C@H]2O)[C@@H](CC=O)C[C@@H](C)C(=O)/C=C/C(C)=C/[C@@H]1CO[C@@H]1O[C@H](C)[C@@H](O)[C@@H](OC)[C@H]1OC,CC[C@H]1OC(=O)C[C@@H](OC(C)=O)[C@H](C)[C@@H](O[C@@H]2O[C@H](C)[C@@H](O[C@H]3C[C@@](C)(OC(=O)C(=O)Cc4ccc(O)cc4)[C@@H](OC(=O)CC(C)C)[C@H](C)O3)[C@H](N(C)C)[C@H]2O)[C@@H](CC=O)C[C@@H](C)C(=O)/C=C/C(C)=C/[C@@H]1CO[C@@H]1O[C@H](C)[C@@H](O)[C@@H](OC)[C@H]1OC,TRUE,,-1.094,-1.09395683
tylvalosin,Tylvalosin (Ì©Íò¾úËØ),REF_TYLVALOSIN,repository_reference,O49_attached_to_C36,49,36,C,MPM00253,2-Oxo-3-phenylpropanoate,O=C(O)C(=O)Cc1ccccc1,1,CC[C@H]1OC(=O)C[C@@H](OC(C)=O)[C@H](C)[C@@H](O[C@@H]2O[C@H](C)[C@@H](O[C@H]3C[C@@](C)(OC(=O)C(=O)Cc4ccccc4)[C@@H](OC(=O)CC(C)C)[C@H](C)O3)[C@H](N(C)C)[C@H]2O)[C@@H](CC=O)C[C@@H](C)C(=O)/C=C/C(C)=C/[C@@H]1CO[C@@H]1O[C@H](C)[C@@H](O)[C@@H](OC)[C@H]1OC,CC[C@H]1OC(=O)C[C@@H](OC(C)=O)[C@H](C)[C@@H](O[C@@H]2O[C@H](C)[C@@H](O[C@H]3C[C@@](C)(OC(=O)C(=O)Cc4ccccc4)[C@@H](OC(=O)CC(C)C)[C@H](C)O3)[C@H](N(C)C)[C@H]2O)[C@@H](CC=O)C[C@@H](C)C(=O)/C=C/C(C)=C/[C@@H]1CO[C@@H]1O[C@H](C)[C@@H](O)[C@@H](OC)[C@H]1OC,TRUE,,-1.459,-1.458956765
tylvalosin,Tylvalosin (Ì©Íò¾úËØ),REF_TYLVALOSIN,repository_reference,O49_attached_to_C36,49,36,C,MPM00249,2-O-(alpha-D-Mannopyranosyl)-D-glycerate,O=C(O)C(CO)OC1OC(CO)C(O)C(O)C1O,1,CC[C@H]1OC(=O)C[C@@H](OC(C)=O)[C@H](C)[C@@H](O[C@@H]2O[C@H](C)[C@@H](O[C@H]3C[C@@](C)(OC(=O)C(CO)OC4OC(CO)C(O)C(O)C4O)[C@@H](OC(=O)CC(C)C)[C@H](C)O3)[C@H](N(C)C)[C@H]2O)[C@@H](CC=O)C[C@@H](C)C(=O)/C=C/C(C)=C/[C@@H]1CO[C@@H]1O[C@H](C)[C@@H](O)[C@@H](OC)[C@H]1OC,CC[C@H]1OC(=O)C[C@@H](OC(C)=O)[C@H](C)[C@@H](O[C@@H]2O[C@H](C)[C@@H](O[C@H]3C[C@@](C)(OC(=O)C(CO)OC4OC(CO)C(O)C(O)C4O)[C@@H](OC(=O)CC(C)C)[C@H](C)O3)[C@H](N(C)C)[C@H]2O)[C@@H](CC=O)C[C@@H](C)C(=O)/C=C/C(C)=C/[C@@H]1CO[C@@H]1O[C@H](C)[C@@H](O)[C@@H](OC)[C@H]1OC,TRUE,,-2.6745,-2.674470586
tylvalosin,Tylvalosin (Ì©Íò¾úËØ),REF_TYLVALOSIN,repository_reference,O49_attached_to_C36,49,36,C,MPM00248,2-O-(6-Phospho-alpha-D-mannosyl)-D-glycerate,O=C(O)C(CO)OC1OC(COP(=O)(O)O)C(O)C(O)C1O,1,CC[C@H]1OC(=O)C[C@@H](OC(C)=O)[C@H](C)[C@@H](O[C@@H]2O[C@H](C)[C@@H](O[C@H]3C[C@@](C)(OC(=O)C(CO)OC4OC(COP(=O)(O)O)C(O)C(O)C4O)[C@@H](OC(=O)CC(C)C)[C@H](C)O3)[C@H](N(C)C)[C@H]2O)[C@@H](CC=O)C[C@@H](C)C(=O)/C=C/C(C)=C/[C@@H]1CO[C@@H]1O[C@H](C)[C@@H](O)[C@@H](OC)[C@H]1OC,CC[C@H]1OC(=O)C[C@@H](OC(C)=O)[C@H](C)[C@@H](O[C@@H]2O[C@H](C)[C@@H](O[C@H]3C[C@@](C)(OC(=O)C(CO)OC4OC(COP(=O)(O)O)C(O)C(O)C4O)[C@@H](OC(=O)CC(C)C)[C@H](C)O3)[C@H](N(C)C)[C@H]2O)[C@@H](CC=O)C[C@@H](C)C(=O)/C=C/C(C)=C/[C@@H]1CO[C@@H]1O[C@H](C)[C@@H](O)[C@@H](OC)[C@H]1OC,TRUE,,-2.8364,-2.83637235
tylvalosin,Tylvalosin (Ì©Íò¾úËØ),REF_TYLVALOSIN,repository_reference,O49_attached_to_C36,49,36,C,MPM00262,2-Phospho-(R)-glycerate,O=C(O)C(CO)OP(=O)(O)O,1,CC[C@H]1OC(=O)C[C@@H](OC(C)=O)[C@H](C)[C@@H](O[C@@H]2O[C@H](C)[C@@H](O[C@H]3C[C@@](C)(OC(=O)C(CO)OP(=O)(O)O)[C@@H](OC(=O)CC(C)C)[C@H](C)O3)[C@H](N(C)C)[C@H]2O)[C@@H](CC=O)C[C@@H](C)C(=O)/C=C/C(C)=C/[C@@H]1CO[C@@H]1O[C@H](C)[C@@H](O)[C@@H](OC)[C@H]1OC,CC[C@H]1OC(=O)C[C@@H](OC(C)=O)[C@H](C)[C@@H](O[C@@H]2O[C@H](C)[C@@H](O[C@H]3C[C@@](C)(OC(=O)C(CO)OP(=O)(O)O)[C@@H](OC(=O)CC(C)C)[C@H](C)O3)[C@H](N(C)C)[C@H]2O)[C@@H](CC=O)C[C@@H](C)C(=O)/C=C/C(C)=C/[C@@H]1CO[C@@H]1O[C@H](C)[C@@H](O)[C@@H](OC)[C@H]1OC,TRUE,,-1.8997,-1.899691964
tylvalosin,Tylvalosin (Ì©Íò¾úËØ),REF_TYLVALOSIN,repository_reference,O49_attached_to_C36,49,36,C,MPM00380,5-Dehydrogluconate,O=C(O)C(O)C(O)C(O)C(=O)CO,1,CC[C@H]1OC(=O)C[C@@H](OC(C)=O)[C@H](C)[C@@H](O[C@@H]2O[C@H](C)[C@@H](O[C@H]3C[C@@](C)(OC(=O)C(O)C(O)C(O)C(=O)CO)[C@@H](OC(=O)CC(C)C)[C@H](C)O3)[C@H](N(C)C)[C@H]2O)[C@@H](CC=O)C[C@@H](C)C(=O)/C=C/C(C)=C/[C@@H]1CO[C@@H]1O[C@H](C)[C@@H](O)[C@@H](OC)[C@H]1OC,CC[C@H]1OC(=O)C[C@@H](OC(C)=O)[C@H](C)[C@@H](O[C@@H]2O[C@H](C)[C@@H](O[C@H]3C[C@@](C)(OC(=O)C(O)C(O)C(O)C(=O)CO)[C@@H](OC(=O)CC(C)C)[C@H](C)O3)[C@H](N(C)C)[C@H]2O)[C@@H](CC=O)C[C@@H](C)C(=O)/C=C/C(C)=C/[C@@H]1CO[C@@H]1O[C@H](C)[C@@H](O)[C@@H](OC)[C@H]1OC,TRUE,,-1.9973,-1.99734526
tylvalosin,Tylvalosin (Ì©Íò¾úËØ),REF_TYLVALOSIN,repository_reference,O49_attached_to_C36,49,36,C,MPM00547,D-Altronate,O=C(O)C(O)C(O)C(O)C(O)CO,1,CC[C@H]1OC(=O)C[C@@H](OC(C)=O)[C@H](C)[C@@H](O[C@@H]2O[C@H](C)[C@@H](O[C@H]3C[C@@](C)(OC(=O)C(O)C(O)C(O)C(O)CO)[C@@H](OC(=O)CC(C)C)[C@H](C)O3)[C@H](N(C)C)[C@H]2O)[C@@H](CC=O)C[C@@H](C)C(=O)/C=C/C(C)=C/[C@@H]1CO[C@@H]1O[C@H](C)[C@@H](O)[C@@H](OC)[C@H]1OC,CC[C@H]1OC(=O)C[C@@H](OC(C)=O)[C@H](C)[C@@H](O[C@@H]2O[C@H](C)[C@@H](O[C@H]3C[C@@](C)(OC(=O)C(O)C(O)C(O)C(O)CO)[C@@H](OC(=O)CC(C)C)[C@H](C)O3)[C@H](N(C)C)[C@H]2O)[C@@H](CC=O)C[C@@H](C)C(=O)/C=C/C(C)=C/[C@@H]1CO[C@@H]1O[C@H](C)[C@@H](O)[C@@H](OC)[C@H]1OC,TRUE,,-2.3514,-2.351379379
tylvalosin,Tylvalosin (Ì©Íò¾úËØ),REF_TYLVALOSIN,repository_reference,O49_attached_to_C36,49,36,C,MPM00401,6-Phospho-D-gluconate,O=C(O)C(O)C(O)C(O)C(O)COP(=O)(O)O,1,CC[C@H]1OC(=O)C[C@@H](OC(C)=O)[C@H](C)[C@@H](O[C@@H]2O[C@H](C)[C@@H](O[C@H]3C[C@@](C)(OC(=O)C(O)C(O)C(O)C(O)COP(=O)(O)O)[C@@H](OC(=O)CC(C)C)[C@H](C)O3)[C@H](N(C)C)[C@H]2O)[C@@H](CC=O)C[C@@H](C)C(=O)/C=C/C(C)=C/[C@@H]1CO[C@@H]1O[C@H](C)[C@@H](O)[C@@H](OC)[C@H]1OC,CC[C@H]1OC(=O)C[C@@H](OC(C)=O)[C@H](C)[C@@H](O[C@@H]2O[C@H](C)[C@@H](O[C@H]3C[C@@](C)(OC(=O)C(O)C(O)C(O)C(O)COP(=O)(O)O)[C@@H](OC(=O)CC(C)C)[C@H](C)O3)[C@H](N(C)C)[C@H]2O)[C@@H](CC=O)C[C@@H](C)C(=O)/C=C/C(C)=C/[C@@H]1CO[C@@H]1O[C@H](C)[C@@H](O)[C@@H](OC)[C@H]1OC,TRUE,,-2.5222,-2.522224562
tylvalosin,Tylvalosin (Ì©Íò¾úËØ),REF_TYLVALOSIN,repository_reference,O49_attached_to_C36,49,36,C,MPM00666,Glyceric acid,O=C(O)C(O)CO,1,CC[C@H]1OC(=O)C[C@@H](OC(C)=O)[C@H](C)[C@@H](O[C@@H]2O[C@H](C)[C@@H](O[C@H]3C[C@@](C)(OC(=O)C(O)CO)[C@@H](OC(=O)CC(C)C)[C@H](C)O3)[C@H](N(C)C)[C@H]2O)[C@@H](CC=O)C[C@@H](C)C(=O)/C=C/C(C)=C/[C@@H]1CO[C@@H]1O[C@H](C)[C@@H](O)[C@@H](OC)[C@H]1OC,CC[C@H]1OC(=O)C[C@@H](OC(C)=O)[C@H](C)[C@@H](O[C@@H]2O[C@H](C)[C@@H](O[C@H]3C[C@@](C)(OC(=O)C(O)CO)[C@@H](OC(=O)CC(C)C)[C@H](C)O3)[C@H](N(C)C)[C@H]2O)[C@@H](CC=O)C[C@@H](C)C(=O)/C=C/C(C)=C/[C@@H]1CO[C@@H]1O[C@H](C)[C@@H](O)[C@@H](OC)[C@H]1OC,TRUE,,-1.5348,-1.534842366
tylvalosin,Tylvalosin (Ì©Íò¾úËØ),REF_TYLVALOSIN,repository_reference,O49_attached_to_C36,49,36,C,MPM00324,3-Phosphoglycerate,O=C(O)C(O)COP(=O)(O)O,1,CC[C@H]1OC(=O)C[C@@H](OC(C)=O)[C@H](C)[C@@H](O[C@@H]2O[C@H](C)[C@@H](O[C@H]3C[C@@](C)(OC(=O)C(O)COP(=O)(O)O)[C@@H](OC(=O)CC(C)C)[C@H](C)O3)[C@H](N(C)C)[C@H]2O)[C@@H](CC=O)C[C@@H](C)C(=O)/C=C/C(C)=C/[C@@H]1CO[C@@H]1O[C@H](C)[C@@H](O)[C@@H](OC)[C@H]1OC,CC[C@H]1OC(=O)C[C@@H](OC(C)=O)[C@H](C)[C@@H](O[C@@H]2O[C@H](C)[C@@H](O[C@H]3C[C@@](C)(OC(=O)C(O)COP(=O)(O)O)[C@@H](OC(=O)CC(C)C)[C@H](C)O3)[C@H](N(C)C)[C@H]2O)[C@@H](CC=O)C[C@@H](C)C(=O)/C=C/C(C)=C/[C@@H]1CO[C@@H]1O[C@H](C)[C@@H](O)[C@@H](OC)[C@H]1OC,TRUE,,-1.7014,-1.701377449
tylvalosin,Tylvalosin (Ì©Íò¾úËØ),REF_TYLVALOSIN,repository_reference,O49_attached_to_C36,49,36,C,MPM00001,(-)-Quinic acid,O=C(O)C1(O)CC(O)C(O)C(O)C1,1,CC[C@H]1OC(=O)C[C@@H](OC(C)=O)[C@H](C)[C@@H](O[C@@H]2O[C@H](C)[C@@H](O[C@H]3C[C@@](C)(OC(=O)C4(O)CC(O)C(O)C(O)C4)[C@@H](OC(=O)CC(C)C)[C@H](C)O3)[C@H](N(C)C)[C@H]2O)[C@@H](CC=O)C[C@@H](C)C(=O)/C=C/C(C)=C/[C@@H]1CO[C@@H]1O[C@H](C)[C@@H](O)[C@@H](OC)[C@H]1OC,CC[C@H]1OC(=O)C[C@@H](OC(C)=O)[C@H](C)[C@@H](O[C@@H]2O[C@H](C)[C@@H](O[C@H]3C[C@@](C)(OC(=O)C4(O)CC(O)C(O)C(O)C4)[C@@H](OC(=O)CC(C)C)[C@H](C)O3)[C@H](N(C)C)[C@H]2O)[C@@H](CC=O)C[C@@H](C)C(=O)/C=C/C(C)=C/[C@@H]1CO[C@@H]1O[C@H](C)[C@@H](O)[C@@H](OC)[C@H]1OC,TRUE,,-2.619,-2.619015144
tylvalosin,Tylvalosin (Ì©Íò¾úËØ),REF_TYLVALOSIN,repository_reference,O49_attached_to_C36,49,36,C,MPM00283,3-Dehydroshikimate,O=C(O)C1=CC(=O)C(O)C(O)C1,1,CC[C@H]1OC(=O)C[C@@H](OC(C)=O)[C@H](C)[C@@H](O[C@@H]2O[C@H](C)[C@@H](O[C@H]3C[C@@](C)(OC(=O)C4=CC(=O)C(O)C(O)C4)[C@@H](OC(=O)CC(C)C)[C@H](C)O3)[C@H](N(C)C)[C@H]2O)[C@@H](CC=O)C[C@@H](C)C(=O)/C=C/C(C)=C/[C@@H]1CO[C@@H]1O[C@H](C)[C@@H](O)[C@@H](OC)[C@H]1OC,CC[C@H]1OC(=O)C[C@@H](OC(C)=O)[C@H](C)[C@@H](O[C@@H]2O[C@H](C)[C@@H](O[C@H]3C[C@@](C)(OC(=O)C4=CC(=O)C(O)C(O)C4)[C@@H](OC(=O)CC(C)C)[C@H](C)O3)[C@H](N(C)C)[C@H]2O)[C@@H](CC=O)C[C@@H](C)C(=O)/C=C/C(C)=C/[C@@H]1CO[C@@H]1O[C@H](C)[C@@H](O)[C@@H](OC)[C@H]1OC,TRUE,,-1.7418,-1.741763701
tylvalosin,Tylvalosin (Ì©Íò¾úËØ),REF_TYLVALOSIN,repository_reference,O49_attached_to_C36,49,36,C,MPM00269,"3,4,5-Trihydroxy-1-cyclohexenecarboxylic acid",O=C(O)C1=CC(O)C(O)C(O)C1,1,CC[C@H]1OC(=O)C[C@@H](OC(C)=O)[C@H](C)[C@@H](O[C@@H]2O[C@H](C)[C@@H](O[C@H]3C[C@@](C)(OC(=O)C4=CC(O)C(O)C(O)C4)[C@@H](OC(=O)CC(C)C)[C@H](C)O3)[C@H](N(C)C)[C@H]2O)[C@@H](CC=O)C[C@@H](C)C(=O)/C=C/C(C)=C/[C@@H]1CO[C@@H]1O[C@H](C)[C@@H](O)[C@@H](OC)[C@H]1OC,CC[C@H]1OC(=O)C[C@@H](OC(C)=O)[C@H](C)[C@@H](O[C@@H]2O[C@H](C)[C@@H](O[C@H]3C[C@@](C)(OC(=O)C4=CC(O)C(O)C(O)C4)[C@@H](OC(=O)CC(C)C)[C@H](C)O3)[C@H](N(C)C)[C@H]2O)[C@@H](CC=O)C[C@@H](C)C(=O)/C=C/C(C)=C/[C@@H]1CO[C@@H]1O[C@H](C)[C@@H](O)[C@@H](OC)[C@H]1OC,TRUE,,-2.095,-2.094970761
tylvalosin,Tylvalosin (Ì©Íò¾úËØ),REF_TYLVALOSIN,repository_reference,O49_attached_to_C36,49,36,C,MPM00160,1-pyrroline-2-carboxylic acid zwitterion,O=C(O)C1=NCCC1,1,CC[C@H]1OC(=O)C[C@@H](OC(C)=O)[C@H](C)[C@@H](O[C@@H]2O[C@H](C)[C@@H](O[C@H]3C[C@@](C)(OC(=O)C4=NCCC4)[C@@H](OC(=O)CC(C)C)[C@H](C)O3)[C@H](N(C)C)[C@H]2O)[C@@H](CC=O)C[C@@H](C)C(=O)/C=C/C(C)=C/[C@@H]1CO[C@@H]1O[C@H](C)[C@@H](O)[C@@H](OC)[C@H]1OC,CC[C@H]1OC(=O)C[C@@H](OC(C)=O)[C@H](C)[C@@H](O[C@@H]2O[C@H](C)[C@@H](O[C@H]3C[C@@](C)(OC(=O)C4=NCCC4)[C@@H](OC(=O)CC(C)C)[C@H](C)O3)[C@H](N(C)C)[C@H]2O)[C@@H](CC=O)C[C@@H](C)C(=O)/C=C/C(C)=C/[C@@H]1CO[C@@H]1O[C@H](C)[C@@H](O)[C@@H](OC)[C@H]1OC,TRUE,,-1.7649,-1.764923153
tylvalosin,Tylvalosin (Ì©Íò¾úËØ),REF_TYLVALOSIN,repository_reference,O49_attached_to_C36,49,36,C,MPM01116,1-Piperideine-2-carboxylate,O=C(O)C1=NCCCC1,1,CC[C@H]1OC(=O)C[C@@H](OC(C)=O)[C@H](C)[C@@H](O[C@@H]2O[C@H](C)[C@@H](O[C@H]3C[C@@](C)(OC(=O)C4=NCCCC4)[C@@H](OC(=O)CC(C)C)[C@H](C)O3)[C@H](N(C)C)[C@H]2O)[C@@H](CC=O)C[C@@H](C)C(=O)/C=C/C(C)=C/[C@@H]1CO[C@@H]1O[C@H](C)[C@@H](O)[C@@H](OC)[C@H]1OC,CC[C@H]1OC(=O)C[C@@H](OC(C)=O)[C@H](C)[C@@H](O[C@@H]2O[C@H](C)[C@@H](O[C@H]3C[C@@](C)(OC(=O)C4=NCCCC4)[C@@H](OC(=O)CC(C)C)[C@H](C)O3)[C@H](N(C)C)[C@H]2O)[C@@H](CC=O)C[C@@H](C)C(=O)/C=C/C(C)=C/[C@@H]1CO[C@@H]1O[C@H](C)[C@@H](O)[C@@H](OC)[C@H]1OC,TRUE,,-1.772,-1.772030535
tylvalosin,Tylvalosin (Ì©Íò¾úËØ),REF_TYLVALOSIN,repository_reference,O49_attached_to_C36,49,36,C,MPM00047,"(3R,5S)-3-Hydroxy-1-pyrroline-5-carboxylate",O=C(O)C1CC(O)C=N1,1,CC[C@H]1OC(=O)C[C@@H](OC(C)=O)[C@H](C)[C@@H](O[C@@H]2O[C@H](C)[C@@H](O[C@H]3C[C@@](C)(OC(=O)C4CC(O)C=N4)[C@@H](OC(=O)CC(C)C)[C@H](C)O3)[C@H](N(C)C)[C@H]2O)[C@@H](CC=O)C[C@@H](C)C(=O)/C=C/C(C)=C/[C@@H]1CO[C@@H]1O[C@H](C)[C@@H](O)[C@@H](OC)[C@H]1OC,CC[C@H]1OC(=O)C[C@@H](OC(C)=O)[C@H](C)[C@@H](O[C@@H]2O[C@H](C)[C@@H](O[C@H]3C[C@@](C)(OC(=O)C4CC(O)C=N4)[C@@H](OC(=O)CC(C)C)[C@H](C)O3)[C@H](N(C)C)[C@H]2O)[C@@H](CC=O)C[C@@H](C)C(=O)/C=C/C(C)=C/[C@@H]1CO[C@@H]1O[C@H](C)[C@@H](O)[C@@H](OC)[C@H]1OC,TRUE,,-2.3536,-2.353614389
tylvalosin,Tylvalosin (Ì©Íò¾úËØ),REF_TYLVALOSIN,repository_reference,O49_attached_to_C36,49,36,C,MPM00521,cis-4-Hydroxy-D-proline,O=C(O)C1CC(O)CN1,1,CC[C@H]1OC(=O)C[C@@H](OC(C)=O)[C@H](C)[C@@H](O[C@@H]2O[C@H](C)[C@@H](O[C@H]3C[C@@](C)(OC(=O)C4CC(O)CN4)[C@@H](OC(=O)CC(C)C)[C@H](C)O3)[C@H](N(C)C)[C@H]2O)[C@@H](CC=O)C[C@@H](C)C(=O)/C=C/C(C)=C/[C@@H]1CO[C@@H]1O[C@H](C)[C@@H](O)[C@@H](OC)[C@H]1OC,CC[C@H]1OC(=O)C[C@@H](OC(C)=O)[C@H](C)[C@@H](O[C@@H]2O[C@H](C)[C@@H](O[C@H]3C[C@@](C)(OC(=O)C4CC(O)CN4)[C@@H](OC(=O)CC(C)C)[C@H](C)O3)[C@H](N(C)C)[C@H]2O)[C@@H](CC=O)C[C@@H](C)C(=O)/C=C/C(C)=C/[C@@H]1CO[C@@H]1O[C@H](C)[C@@H](O)[C@@H](OC)[C@H]1OC,TRUE,,-1.7257,-1.725664728
tylvalosin,Tylvalosin (Ì©Íò¾úËØ),REF_TYLVALOSIN,repository_reference,O49_attached_to_C36,49,36,C,MPM00162,1-Pyrroline-5-carboxylate,O=C(O)C1CCC=N1,1,CC[C@H]1OC(=O)C[C@@H](OC(C)=O)[C@H](C)[C@@H](O[C@@H]2O[C@H](C)[C@@H](O[C@H]3C[C@@](C)(OC(=O)C4CCC=N4)[C@@H](OC(=O)CC(C)C)[C@H](C)O3)[C@H](N(C)C)[C@H]2O)[C@@H](CC=O)C[C@@H](C)C(=O)/C=C/C(C)=C/[C@@H]1CO[C@@H]1O[C@H](C)[C@@H](O)[C@@H](OC)[C@H]1OC,CC[C@H]1OC(=O)C[C@@H](OC(C)=O)[C@H](C)[C@@H](O[C@@H]2O[C@H](C)[C@@H](O[C@H]3C[C@@](C)(OC(=O)C4CCC=N4)[C@@H](OC(=O)CC(C)C)[C@H](C)O3)[C@H](N(C)C)[C@H]2O)[C@@H](CC=O)C[C@@H](C)C(=O)/C=C/C(C)=C/[C@@H]1CO[C@@H]1O[C@H](C)[C@@H](O)[C@@H](OC)[C@H]1OC,TRUE,,-2.0208,-2.0208207
tylvalosin,Tylvalosin (Ì©Íò¾úËØ),REF_TYLVALOSIN,repository_reference,O49_attached_to_C36,49,36,C,MPM00613,D-Proline,O=C(O)C1CCCN1,1,CC[C@H]1OC(=O)C[C@@H](OC(C)=O)[C@H](C)[C@@H](O[C@@H]2O[C@H](C)[C@@H](O[C@H]3C[C@@](C)(OC(=O)C4CCCN4)[C@@H](OC(=O)CC(C)C)[C@H](C)O3)[C@H](N(C)C)[C@H]2O)[C@@H](CC=O)C[C@@H](C)C(=O)/C=C/C(C)=C/[C@@H]1CO[C@@H]1O[C@H](C)[C@@H](O)[C@@H](OC)[C@H]1OC,CC[C@H]1OC(=O)C[C@@H](OC(C)=O)[C@H](C)[C@@H](O[C@@H]2O[C@H](C)[C@@H](O[C@H]3C[C@@](C)(OC(=O)C4CCCN4)[C@@H](OC(=O)CC(C)C)[C@H](C)O3)[C@H](N(C)C)[C@H]2O)[C@@H](CC=O)C[C@@H](C)C(=O)/C=C/C(C)=C/[C@@H]1CO[C@@H]1O[C@H](C)[C@@H](O)[C@@H](OC)[C@H]1OC,TRUE,,-1.405,-1.405009983
tylvalosin,Tylvalosin (Ì©Íò¾úËØ),REF_TYLVALOSIN,repository_reference,O49_attached_to_C36,49,36,C,MPM00575,D-Galacturonic acid,O=C(O)C1OC(O)C(O)C(O)C1O,1,CC[C@H]1OC(=O)C[C@@H](OC(C)=O)[C@H](C)[C@@H](O[C@@H]2O[C@H](C)[C@@H](O[C@H]3C[C@@](C)(OC(=O)C4OC(O)C(O)C(O)C4O)[C@@H](OC(=O)CC(C)C)[C@H](C)O3)[C@H](N(C)C)[C@H]2O)[C@@H](CC=O)C[C@@H](C)C(=O)/C=C/C(C)=C/[C@@H]1CO[C@@H]1O[C@H](C)[C@@H](O)[C@@H](OC)[C@H]1OC,CC[C@H]1OC(=O)C[C@@H](OC(C)=O)[C@H](C)[C@@H](O[C@@H]2O[C@H](C)[C@@H](O[C@H]3C[C@@](C)(OC(=O)C4OC(O)C(O)C(O)C4O)[C@@H](OC(=O)CC(C)C)[C@H](C)O3)[C@H](N(C)C)[C@H]2O)[C@@H](CC=O)C[C@@H](C)C(=O)/C=C/C(C)=C/[C@@H]1CO[C@@H]1O[C@H](C)[C@@H](O)[C@@H](OC)[C@H]1OC,TRUE,,-2.4168,-2.416836078
tylvalosin,Tylvalosin (Ì©Íò¾úËØ),REF_TYLVALOSIN,repository_reference,O49_attached_to_C36,49,36,C,MPM00158,1-Phospho-alpha-D-glucuronate,O=C(O)C1OC(OP(=O)(O)O)C(O)C(O)C1O,1,CC[C@H]1OC(=O)C[C@@H](OC(C)=O)[C@H](C)[C@@H](O[C@@H]2O[C@H](C)[C@@H](O[C@H]3C[C@@](C)(OC(=O)C4OC(OP(=O)(O)O)C(O)C(O)C4O)[C@@H](OC(=O)CC(C)C)[C@H](C)O3)[C@H](N(C)C)[C@H]2O)[C@@H](CC=O)C[C@@H](C)C(=O)/C=C/C(C)=C/[C@@H]1CO[C@@H]1O[C@H](C)[C@@H](O)[C@@H](OC)[C@H]1OC,CC[C@H]1OC(=O)C[C@@H](OC(C)=O)[C@H](C)[C@@H](O[C@@H]2O[C@H](C)[C@@H](O[C@H]3C[C@@](C)(OC(=O)C4OC(OP(=O)(O)O)C(O)C(O)C4O)[C@@H](OC(=O)CC(C)C)[C@H](C)O3)[C@H](N(C)C)[C@H]2O)[C@@H](CC=O)C[C@@H](C)C(=O)/C=C/C(C)=C/[C@@H]1CO[C@@H]1O[C@H](C)[C@@H](O)[C@@H](OC)[C@H]1OC,TRUE,,-3.3551,-3.3551292
tylvalosin,Tylvalosin (Ì©Íò¾úËØ),REF_TYLVALOSIN,repository_reference,O49_attached_to_C36,49,36,C,MPM00009,"(2E)-3-(3,4-Dihydroxyphenyl)prop-2-enoate",O=C(O)C=Cc1ccc(O)c(O)c1,1,CC[C@H]1OC(=O)C[C@@H](OC(C)=O)[C@H](C)[C@@H](O[C@@H]2O[C@H](C)[C@@H](O[C@H]3C[C@@](C)(OC(=O)C=Cc4ccc(O)c(O)c4)[C@@H](OC(=O)CC(C)C)[C@H](C)O3)[C@H](N(C)C)[C@H]2O)[C@@H](CC=O)C[C@@H](C)C(=O)/C=C/C(C)=C/[C@@H]1CO[C@@H]1O[C@H](C)[C@@H](O)[C@@H](OC)[C@H]1OC,CC[C@H]1OC(=O)C[C@@H](OC(C)=O)[C@H](C)[C@@H](O[C@@H]2O[C@H](C)[C@@H](O[C@H]3C[C@@](C)(OC(=O)C=Cc4ccc(O)c(O)c4)[C@@H](OC(=O)CC(C)C)[C@H](C)O3)[C@H](N(C)C)[C@H]2O)[C@@H](CC=O)C[C@@H](C)C(=O)/C=C/C(C)=C/[C@@H]1CO[C@@H]1O[C@H](C)[C@@H](O)[C@@H](OC)[C@H]1OC,TRUE,,-0.7081,-0.708080338
tylvalosin,Tylvalosin (Ì©Íò¾úËØ),REF_TYLVALOSIN,repository_reference,O49_attached_to_C36,49,36,C,MPM00350,4-Hydroxycinnamate,O=C(O)C=Cc1ccc(O)cc1,1,CC[C@H]1OC(=O)C[C@@H](OC(C)=O)[C@H](C)[C@@H](O[C@@H]2O[C@H](C)[C@@H](O[C@H]3C[C@@](C)(OC(=O)C=Cc4ccc(O)cc4)[C@@H](OC(=O)CC(C)C)[C@H](C)O3)[C@H](N(C)C)[C@H]2O)[C@@H](CC=O)C[C@@H](C)C(=O)/C=C/C(C)=C/[C@@H]1CO[C@@H]1O[C@H](C)[C@@H](O)[C@@H](OC)[C@H]1OC,CC[C@H]1OC(=O)C[C@@H](OC(C)=O)[C@H](C)[C@@H](O[C@@H]2O[C@H](C)[C@@H](O[C@H]3C[C@@](C)(OC(=O)C=Cc4ccc(O)cc4)[C@@H](OC(=O)CC(C)C)[C@H](C)O3)[C@H](N(C)C)[C@H]2O)[C@@H](CC=O)C[C@@H](C)C(=O)/C=C/C(C)=C/[C@@H]1CO[C@@H]1O[C@H](C)[C@@H](O)[C@@H](OC)[C@H]1OC,TRUE,,-0.4007,-0.400716823
tylvalosin,Tylvalosin (Ì©Íò¾úËØ),REF_TYLVALOSIN,repository_reference,O49_attached_to_C36,49,36,C,MPM00014,(2E)-3-Phenylprop-2-enoate,O=C(O)C=Cc1ccccc1,1,CC[C@H]1OC(=O)C[C@@H](OC(C)=O)[C@H](C)[C@@H](O[C@@H]2O[C@H](C)[C@@H](O[C@H]3C[C@@](C)(OC(=O)C=Cc4ccccc4)[C@@H](OC(=O)CC(C)C)[C@H](C)O3)[C@H](N(C)C)[C@H]2O)[C@@H](CC=O)C[C@@H](C)C(=O)/C=C/C(C)=C/[C@@H]1CO[C@@H]1O[C@H](C)[C@@H](O)[C@@H](OC)[C@H]1OC,CC[C@H]1OC(=O)C[C@@H](OC(C)=O)[C@H](C)[C@@H](O[C@@H]2O[C@H](C)[C@@H](O[C@H]3C[C@@](C)(OC(=O)C=Cc4ccccc4)[C@@H](OC(=O)CC(C)C)[C@H](C)O3)[C@H](N(C)C)[C@H]2O)[C@@H](CC=O)C[C@@H](C)C(=O)/C=C/C(C)=C/[C@@H]1CO[C@@H]1O[C@H](C)[C@@H](O)[C@@H](OC)[C@H]1OC,TRUE,,-0.0114,-0.011372056
tylvalosin,Tylvalosin (Ì©Íò¾úËØ),REF_TYLVALOSIN,repository_reference,O49_attached_to_C36,49,36,C,MPM00285,3-Hydroxy-10-phenyldecanoic acid,O=C(O)CC(O)CCCCCCCc1ccccc1,1,CC[C@H]1OC(=O)C[C@@H](OC(C)=O)[C@H](C)[C@@H](O[C@@H]2O[C@H](C)[C@@H](O[C@H]3C[C@@](C)(OC(=O)CC(O)CCCCCCCc4ccccc4)[C@@H](OC(=O)CC(C)C)[C@H](C)O3)[C@H](N(C)C)[C@H]2O)[C@@H](CC=O)C[C@@H](C)C(=O)/C=C/C(C)=C/[C@@H]1CO[C@@H]1O[C@H](C)[C@@H](O)[C@@H](OC)[C@H]1OC,CC[C@H]1OC(=O)C[C@@H](OC(C)=O)[C@H](C)[C@@H](O[C@@H]2O[C@H](C)[C@@H](O[C@H]3C[C@@](C)(OC(=O)CC(O)CCCCCCCc4ccccc4)[C@@H](OC(=O)CC(C)C)[C@H](C)O3)[C@H](N(C)C)[C@H]2O)[C@@H](CC=O)C[C@@H](C)C(=O)/C=C/C(C)=C/[C@@H]1CO[C@@H]1O[C@H](C)[C@@H](O)[C@@H](OC)[C@H]1OC,TRUE,,-2.2111,-2.211068384
tylvalosin,Tylvalosin (Ì©Íò¾úËØ),REF_TYLVALOSIN,repository_reference,O49_attached_to_C36,49,36,C,MPM00292,3-Hydroxy-9-phenylnonanoic acid,O=C(O)CC(O)CCCCCCc1ccccc1,1,CC[C@H]1OC(=O)C[C@@H](OC(C)=O)[C@H](C)[C@@H](O[C@@H]2O[C@H](C)[C@@H](O[C@H]3C[C@@](C)(OC(=O)CC(O)CCCCCCc4ccccc4)[C@@H](OC(=O)CC(C)C)[C@H](C)O3)[C@H](N(C)C)[C@H]2O)[C@@H](CC=O)C[C@@H](C)C(=O)/C=C/C(C)=C/[C@@H]1CO[C@@H]1O[C@H](C)[C@@H](O)[C@@H](OC)[C@H]1OC,CC[C@H]1OC(=O)C[C@@H](OC(C)=O)[C@H](C)[C@@H](O[C@@H]2O[C@H](C)[C@@H](O[C@H]3C[C@@](C)(OC(=O)CC(O)CCCCCCc4ccccc4)[C@@H](OC(=O)CC(C)C)[C@H](C)O3)[C@H](N(C)C)[C@H]2O)[C@@H](CC=O)C[C@@H](C)C(=O)/C=C/C(C)=C/[C@@H]1CO[C@@H]1O[C@H](C)[C@@H](O)[C@@H](OC)[C@H]1OC,TRUE,,-2.1431,-2.143147936
tylvalosin,Tylvalosin (Ì©Íò¾úËØ),REF_TYLVALOSIN,repository_reference,O49_attached_to_C36,49,36,C,MPM00291,3-Hydroxy-8-phenyloctanoic acid,O=C(O)CC(O)CCCCCc1ccccc1,1,CC[C@H]1OC(=O)C[C@@H](OC(C)=O)[C@H](C)[C@@H](O[C@@H]2O[C@H](C)[C@@H](O[C@H]3C[C@@](C)(OC(=O)CC(O)CCCCCc4ccccc4)[C@@H](OC(=O)CC(C)C)[C@H](C)O3)[C@H](N(C)C)[C@H]2O)[C@@H](CC=O)C[C@@H](C)C(=O)/C=C/C(C)=C/[C@@H]1CO[C@@H]1O[C@H](C)[C@@H](O)[C@@H](OC)[C@H]1OC,CC[C@H]1OC(=O)C[C@@H](OC(C)=O)[C@H](C)[C@@H](O[C@@H]2O[C@H](C)[C@@H](O[C@H]3C[C@@](C)(OC(=O)CC(O)CCCCCc4ccccc4)[C@@H](OC(=O)CC(C)C)[C@H](C)O3)[C@H](N(C)C)[C@H]2O)[C@@H](CC=O)C[C@@H](C)C(=O)/C=C/C(C)=C/[C@@H]1CO[C@@H]1O[C@H](C)[C@@H](O)[C@@H](OC)[C@H]1OC,TRUE,,-2.0744,-2.074387876
tylvalosin,Tylvalosin (Ì©Íò¾úËØ),REF_TYLVALOSIN,repository_reference,O49_attached_to_C36,49,36,C,MPM00290,3-Hydroxy-7-phenylheptanoic acid,O=C(O)CC(O)CCCCc1ccccc1,1,CC[C@H]1OC(=O)C[C@@H](OC(C)=O)[C@H](C)[C@@H](O[C@@H]2O[C@H](C)[C@@H](O[C@H]3C[C@@](C)(OC(=O)CC(O)CCCCc4ccccc4)[C@@H](OC(=O)CC(C)C)[C@H](C)O3)[C@H](N(C)C)[C@H]2O)[C@@H](CC=O)C[C@@H](C)C(=O)/C=C/C(C)=C/[C@@H]1CO[C@@H]1O[C@H](C)[C@@H](O)[C@@H](OC)[C@H]1OC,CC[C@H]1OC(=O)C[C@@H](OC(C)=O)[C@H](C)[C@@H](O[C@@H]2O[C@H](C)[C@@H](O[C@H]3C[C@@](C)(OC(=O)CC(O)CCCCc4ccccc4)[C@@H](OC(=O)CC(C)C)[C@H](C)O3)[C@H](N(C)C)[C@H]2O)[C@@H](CC=O)C[C@@H](C)C(=O)/C=C/C(C)=C/[C@@H]1CO[C@@H]1O[C@H](C)[C@@H](O)[C@@H](OC)[C@H]1OC,TRUE,,-2.0066,-2.006611047
tylvalosin,Tylvalosin (Ì©Íò¾úËØ),REF_TYLVALOSIN,repository_reference,O49_attached_to_C36,49,36,C,MPM00289,3-Hydroxy-6-phenylhexanoic acid,O=C(O)CC(O)CCCc1ccccc1,1,CC[C@H]1OC(=O)C[C@@H](OC(C)=O)[C@H](C)[C@@H](O[C@@H]2O[C@H](C)[C@@H](O[C@H]3C[C@@](C)(OC(=O)CC(O)CCCc4ccccc4)[C@@H](OC(=O)CC(C)C)[C@H](C)O3)[C@H](N(C)C)[C@H]2O)[C@@H](CC=O)C[C@@H](C)C(=O)/C=C/C(C)=C/[C@@H]1CO[C@@H]1O[C@H](C)[C@@H](O)[C@@H](OC)[C@H]1OC,CC[C@H]1OC(=O)C[C@@H](OC(C)=O)[C@H](C)[C@@H](O[C@@H]2O[C@H](C)[C@@H](O[C@H]3C[C@@](C)(OC(=O)CC(O)CCCc4ccccc4)[C@@H](OC(=O)CC(C)C)[C@H](C)O3)[C@H](N(C)C)[C@H]2O)[C@@H](CC=O)C[C@@H](C)C(=O)/C=C/C(C)=C/[C@@H]1CO[C@@H]1O[C@H](C)[C@@H](O)[C@@H](OC)[C@H]1OC,TRUE,,-1.938,-1.937992073
tylvalosin,Tylvalosin (Ì©Íò¾úËØ),REF_TYLVALOSIN,repository_reference,O49_attached_to_C36,49,36,C,MPM00388,"5-Oxo-4,5-dihydrofuran-2-acetate",O=C(O)CC1=CCC(=O)O1,1,CC[C@H]1OC(=O)C[C@@H](OC(C)=O)[C@H](C)[C@@H](O[C@@H]2O[C@H](C)[C@@H](O[C@H]3C[C@@](C)(OC(=O)CC4=CCC(=O)O4)[C@@H](OC(=O)CC(C)C)[C@H](C)O3)[C@H](N(C)C)[C@H]2O)[C@@H](CC=O)C[C@@H](C)C(=O)/C=C/C(C)=C/[C@@H]1CO[C@@H]1O[C@H](C)[C@@H](O)[C@@H](OC)[C@H]1OC,CC[C@H]1OC(=O)C[C@@H](OC(C)=O)[C@H](C)[C@@H](O[C@@H]2O[C@H](C)[C@@H](O[C@H]3C[C@@](C)(OC(=O)CC4=CCC(=O)O4)[C@@H](OC(=O)CC(C)C)[C@H](C)O3)[C@H](N(C)C)[C@H]2O)[C@@H](CC=O)C[C@@H](C)C(=O)/C=C/C(C)=C/[C@@H]1CO[C@@H]1O[C@H](C)[C@@H](O)[C@@H](OC)[C@H]1OC,TRUE,,-1.4492,-1.449150679
tylvalosin,Tylvalosin (Ì©Íò¾úËØ),REF_TYLVALOSIN,repository_reference,O49_attached_to_C36,49,36,C,MPM00597,DL-Thioctic acid,O=C(O)CCCCC1CCSS1,1,CC[C@H]1OC(=O)C[C@@H](OC(C)=O)[C@H](C)[C@@H](O[C@@H]2O[C@H](C)[C@@H](O[C@H]3C[C@@](C)(OC(=O)CCCCC4CCSS4)[C@@H](OC(=O)CC(C)C)[C@H](C)O3)[C@H](N(C)C)[C@H]2O)[C@@H](CC=O)C[C@@H](C)C(=O)/C=C/C(C)=C/[C@@H]1CO[C@@H]1O[C@H](C)[C@@H](O)[C@@H](OC)[C@H]1OC,CC[C@H]1OC(=O)C[C@@H](OC(C)=O)[C@H](C)[C@@H](O[C@@H]2O[C@H](C)[C@@H](O[C@H]3C[C@@](C)(OC(=O)CCCCC4CCSS4)[C@@H](OC(=O)CC(C)C)[C@H](C)O3)[C@H](N(C)C)[C@H]2O)[C@@H](CC=O)C[C@@H](C)C(=O)/C=C/C(C)=C/[C@@H]1CO[C@@H]1O[C@H](C)[C@@H](O)[C@@H](OC)[C@H]1OC,TRUE,,-3.1784,-3.178438725
tylvalosin,Tylvalosin (Ì©Íò¾úËØ),REF_TYLVALOSIN,repository_reference,O49_attached_to_C36,49,36,C,MPM00525,Coenzyme R,O=C(O)CCCCC1SCC2NC(=O)NC21,1,CC[C@H]1OC(=O)C[C@@H](OC(C)=O)[C@H](C)[C@@H](O[C@@H]2O[C@H](C)[C@@H](O[C@H]3C[C@@](C)(OC(=O)CCCCC4SCC5NC(=O)NC54)[C@@H](OC(=O)CC(C)C)[C@H](C)O3)[C@H](N(C)C)[C@H]2O)[C@@H](CC=O)C[C@@H](C)C(=O)/C=C/C(C)=C/[C@@H]1CO[C@@H]1O[C@H](C)[C@@H](O)[C@@H](OC)[C@H]1OC,CC[C@H]1OC(=O)C[C@@H](OC(C)=O)[C@H](C)[C@@H](O[C@@H]2O[C@H](C)[C@@H](O[C@H]3C[C@@](C)(OC(=O)CCCCC4SCC5NC(=O)NC54)[C@@H](OC(=O)CC(C)C)[C@H](C)O3)[C@H](N(C)C)[C@H]2O)[C@@H](CC=O)C[C@@H](C)C(=O)/C=C/C(C)=C/[C@@H]1CO[C@@H]1O[C@H](C)[C@@H](O)[C@@H](OC)[C@H]1OC,TRUE,,-3.0171,-3.017106497
tylvalosin,Tylvalosin (Ì©Íò¾úËØ),REF_TYLVALOSIN,repository_reference,O49_attached_to_C36,49,36,C,MPM00144,10-Phenyldecanoic acid,O=C(O)CCCCCCCCCc1ccccc1,1,CC[C@H]1OC(=O)C[C@@H](OC(C)=O)[C@H](C)[C@@H](O[C@@H]2O[C@H](C)[C@@H](O[C@H]3C[C@@](C)(OC(=O)CCCCCCCCCc4ccccc4)[C@@H](OC(=O)CC(C)C)[C@H](C)O3)[C@H](N(C)C)[C@H]2O)[C@@H](CC=O)C[C@@H](C)C(=O)/C=C/C(C)=C/[C@@H]1CO[C@@H]1O[C@H](C)[C@@H](O)[C@@H](OC)[C@H]1OC,CC[C@H]1OC(=O)C[C@@H](OC(C)=O)[C@H](C)[C@@H](O[C@@H]2O[C@H](C)[C@@H](O[C@H]3C[C@@](C)(OC(=O)CCCCCCCCCc4ccccc4)[C@@H](OC(=O)CC(C)C)[C@H](C)O3)[C@H](N(C)C)[C@H]2O)[C@@H](CC=O)C[C@@H](C)C(=O)/C=C/C(C)=C/[C@@H]1CO[C@@H]1O[C@H](C)[C@@H](O)[C@@H](OC)[C@H]1OC,TRUE,,-2.0671,-2.067076252
tylvalosin,Tylvalosin (Ì©Íò¾úËØ),REF_TYLVALOSIN,repository_reference,O49_attached_to_C36,49,36,C,MPM00412,9-Phenylnonanoic acid,O=C(O)CCCCCCCCc1ccccc1,1,CC[C@H]1OC(=O)C[C@@H](OC(C)=O)[C@H](C)[C@@H](O[C@@H]2O[C@H](C)[C@@H](O[C@H]3C[C@@](C)(OC(=O)CCCCCCCCc4ccccc4)[C@@H](OC(=O)CC(C)C)[C@H](C)O3)[C@H](N(C)C)[C@H]2O)[C@@H](CC=O)C[C@@H](C)C(=O)/C=C/C(C)=C/[C@@H]1CO[C@@H]1O[C@H](C)[C@@H](O)[C@@H](OC)[C@H]1OC,CC[C@H]1OC(=O)C[C@@H](OC(C)=O)[C@H](C)[C@@H](O[C@@H]2O[C@H](C)[C@@H](O[C@H]3C[C@@](C)(OC(=O)CCCCCCCCc4ccccc4)[C@@H](OC(=O)CC(C)C)[C@H](C)O3)[C@H](N(C)C)[C@H]2O)[C@@H](CC=O)C[C@@H](C)C(=O)/C=C/C(C)=C/[C@@H]1CO[C@@H]1O[C@H](C)[C@@H](O)[C@@H](OC)[C@H]1OC,TRUE,,-1.9992,-1.999151999
tylvalosin,Tylvalosin (Ì©Íò¾úËØ),REF_TYLVALOSIN,repository_reference,O49_attached_to_C36,49,36,C,MPM00409,8-Phenyloctanoic acid,O=C(O)CCCCCCCc1ccccc1,1,CC[C@H]1OC(=O)C[C@@H](OC(C)=O)[C@H](C)[C@@H](O[C@@H]2O[C@H](C)[C@@H](O[C@H]3C[C@@](C)(OC(=O)CCCCCCCc4ccccc4)[C@@H](OC(=O)CC(C)C)[C@H](C)O3)[C@H](N(C)C)[C@H]2O)[C@@H](CC=O)C[C@@H](C)C(=O)/C=C/C(C)=C/[C@@H]1CO[C@@H]1O[C@H](C)[C@@H](O)[C@@H](OC)[C@H]1OC,CC[C@H]1OC(=O)C[C@@H](OC(C)=O)[C@H](C)[C@@H](O[C@@H]2O[C@H](C)[C@@H](O[C@H]3C[C@@](C)(OC(=O)CCCCCCCc4ccccc4)[C@@H](OC(=O)CC(C)C)[C@H](C)O3)[C@H](N(C)C)[C@H]2O)[C@@H](CC=O)C[C@@H](C)C(=O)/C=C/C(C)=C/[C@@H]1CO[C@@H]1O[C@H](C)[C@@H](O)[C@@H](OC)[C@H]1OC,TRUE,,-1.9304,-1.930386703
tylvalosin,Tylvalosin (Ì©Íò¾úËØ),REF_TYLVALOSIN,repository_reference,O49_attached_to_C36,49,36,C,MPM00408,7-Phenylheptanoic acid,O=C(O)CCCCCCc1ccccc1,1,CC[C@H]1OC(=O)C[C@@H](OC(C)=O)[C@H](C)[C@@H](O[C@@H]2O[C@H](C)[C@@H](O[C@H]3C[C@@](C)(OC(=O)CCCCCCc4ccccc4)[C@@H](OC(=O)CC(C)C)[C@H](C)O3)[C@H](N(C)C)[C@H]2O)[C@@H](CC=O)C[C@@H](C)C(=O)/C=C/C(C)=C/[C@@H]1CO[C@@H]1O[C@H](C)[C@@H](O)[C@@H](OC)[C@H]1OC,CC[C@H]1OC(=O)C[C@@H](OC(C)=O)[C@H](C)[C@@H](O[C@@H]2O[C@H](C)[C@@H](O[C@H]3C[C@@](C)(OC(=O)CCCCCCc4ccccc4)[C@@H](OC(=O)CC(C)C)[C@H](C)O3)[C@H](N(C)C)[C@H]2O)[C@@H](CC=O)C[C@@H](C)C(=O)/C=C/C(C)=C/[C@@H]1CO[C@@H]1O[C@H](C)[C@@H](O)[C@@H](OC)[C@H]1OC,TRUE,,-1.8626,-1.862582963
tylvalosin,Tylvalosin (Ì©Íò¾úËØ),REF_TYLVALOSIN,repository_reference,O49_attached_to_C36,49,36,C,MPM00399,6-Phenylhexanoic acid,O=C(O)CCCCCc1ccccc1,1,CC[C@H]1OC(=O)C[C@@H](OC(C)=O)[C@H](C)[C@@H](O[C@@H]2O[C@H](C)[C@@H](O[C@H]3C[C@@](C)(OC(=O)CCCCCc4ccccc4)[C@@H](OC(=O)CC(C)C)[C@H](C)O3)[C@H](N(C)C)[C@H]2O)[C@@H](CC=O)C[C@@H](C)C(=O)/C=C/C(C)=C/[C@@H]1CO[C@@H]1O[C@H](C)[C@@H](O)[C@@H](OC)[C@H]1OC,CC[C@H]1OC(=O)C[C@@H](OC(C)=O)[C@H](C)[C@@H](O[C@@H]2O[C@H](C)[C@@H](O[C@H]3C[C@@](C)(OC(=O)CCCCCc4ccccc4)[C@@H](OC(=O)CC(C)C)[C@H](C)O3)[C@H](N(C)C)[C@H]2O)[C@@H](CC=O)C[C@@H](C)C(=O)/C=C/C(C)=C/[C@@H]1CO[C@@H]1O[C@H](C)[C@@H](O)[C@@H](OC)[C@H]1OC,TRUE,,-1.7939,-1.793941438
tylvalosin,Tylvalosin (Ì©Íò¾úËØ),REF_TYLVALOSIN,repository_reference,O49_attached_to_C36,49,36,C,MPM00390,5-Phenylvaleric acid,O=C(O)CCCCc1ccccc1,1,CC[C@H]1OC(=O)C[C@@H](OC(C)=O)[C@H](C)[C@@H](O[C@@H]2O[C@H](C)[C@@H](O[C@H]3C[C@@](C)(OC(=O)CCCCc4ccccc4)[C@@H](OC(=O)CC(C)C)[C@H](C)O3)[C@H](N(C)C)[C@H]2O)[C@@H](CC=O)C[C@@H](C)C(=O)/C=C/C(C)=C/[C@@H]1CO[C@@H]1O[C@H](C)[C@@H](O)[C@@H](OC)[C@H]1OC,CC[C@H]1OC(=O)C[C@@H](OC(C)=O)[C@H](C)[C@@H](O[C@@H]2O[C@H](C)[C@@H](O[C@H]3C[C@@](C)(OC(=O)CCCCc4ccccc4)[C@@H](OC(=O)CC(C)C)[C@H](C)O3)[C@H](N(C)C)[C@H]2O)[C@@H](CC=O)C[C@@H](C)C(=O)/C=C/C(C)=C/[C@@H]1CO[C@@H]1O[C@H](C)[C@@H](O)[C@@H](OC)[C@H]1OC,TRUE,,-1.7263,-1.726292787
tylvalosin,Tylvalosin (Ì©Íò¾úËØ),REF_TYLVALOSIN,repository_reference,O49_attached_to_C36,49,36,C,MPM00701,Hydroxyacetic acid,O=C(O)CO,1,CC[C@H]1OC(=O)C[C@@H](OC(C)=O)[C@H](C)[C@@H](O[C@@H]2O[C@H](C)[C@@H](O[C@H]3C[C@@](C)(OC(=O)CO)[C@@H](OC(=O)CC(C)C)[C@H](C)O3)[C@H](N(C)C)[C@H]2O)[C@@H](CC=O)C[C@@H](C)C(=O)/C=C/C(C)=C/[C@@H]1CO[C@@H]1O[C@H](C)[C@@H](O)[C@@H](OC)[C@H]1OC,CC[C@H]1OC(=O)C[C@@H](OC(C)=O)[C@H](C)[C@@H](O[C@@H]2O[C@H](C)[C@@H](O[C@H]3C[C@@](C)(OC(=O)CO)[C@@H](OC(=O)CC(C)C)[C@H](C)O3)[C@H](N(C)C)[C@H]2O)[C@@H](CC=O)C[C@@H](C)C(=O)/C=C/C(C)=C/[C@@H]1CO[C@@H]1O[C@H](C)[C@@H](O)[C@@H](OC)[C@H]1OC,TRUE,,-1.1826,-1.182614269
tylvalosin,Tylvalosin (Ì©Íò¾úËØ),REF_TYLVALOSIN,repository_reference,O49_attached_to_C36,49,36,C,MPM00891,Phosphoglycolic acid,O=C(O)COP(=O)(O)O,1,CC[C@H]1OC(=O)C[C@@H](OC(C)=O)[C@H](C)[C@@H](O[C@@H]2O[C@H](C)[C@@H](O[C@H]3C[C@@](C)(OC(=O)COP(=O)(O)O)[C@@H](OC(=O)CC(C)C)[C@H](C)O3)[C@H](N(C)C)[C@H]2O)[C@@H](CC=O)C[C@@H](C)C(=O)/C=C/C(C)=C/[C@@H]1CO[C@@H]1O[C@H](C)[C@@H](O)[C@@H](OC)[C@H]1OC,CC[C@H]1OC(=O)C[C@@H](OC(C)=O)[C@H](C)[C@@H](O[C@@H]2O[C@H](C)[C@@H](O[C@H]3C[C@@](C)(OC(=O)COP(=O)(O)O)[C@@H](OC(=O)CC(C)C)[C@H](C)O3)[C@H](N(C)C)[C@H]2O)[C@@H](CC=O)C[C@@H](C)C(=O)/C=C/C(C)=C/[C@@H]1CO[C@@H]1O[C@H](C)[C@@H](O)[C@@H](OC)[C@H]1OC,TRUE,,-1.644,-1.644037798
tylvalosin,Tylvalosin (Ì©Íò¾úËØ),REF_TYLVALOSIN,repository_reference,O49_attached_to_C36,49,36,C,MPM00894,Phosphonoacetic acid,O=C(O)CP(=O)(O)O,1,CC[C@H]1OC(=O)C[C@@H](OC(C)=O)[C@H](C)[C@@H](O[C@@H]2O[C@H](C)[C@@H](O[C@H]3C[C@@](C)(OC(=O)CP(=O)(O)O)[C@@H](OC(=O)CC(C)C)[C@H](C)O3)[C@H](N(C)C)[C@H]2O)[C@@H](CC=O)C[C@@H](C)C(=O)/C=C/C(C)=C/[C@@H]1CO[C@@H]1O[C@H](C)[C@@H](O)[C@@H](OC)[C@H]1OC,CC[C@H]1OC(=O)C[C@@H](OC(C)=O)[C@H](C)[C@@H](O[C@@H]2O[C@H](C)[C@@H](O[C@H]3C[C@@](C)(OC(=O)CP(=O)(O)O)[C@@H](OC(=O)CC(C)C)[C@H](C)O3)[C@H](N(C)C)[C@H]2O)[C@@H](CC=O)C[C@@H](C)C(=O)/C=C/C(C)=C/[C@@H]1CO[C@@H]1O[C@H](C)[C@@H](O)[C@@H](OC)[C@H]1OC,TRUE,,-1.9729,-1.972923777
tylvalosin,Tylvalosin (Ì©Íò¾úËØ),REF_TYLVALOSIN,repository_reference,O49_attached_to_C36,49,36,C,MPM00961,Sulfoacetic acid,O=C(O)CS(=O)(=O)O,1,CC[C@H]1OC(=O)C[C@@H](OC(C)=O)[C@H](C)[C@@H](O[C@@H]2O[C@H](C)[C@@H](O[C@H]3C[C@@](C)(OC(=O)CS(=O)(=O)O)[C@@H](OC(=O)CC(C)C)[C@H](C)O3)[C@H](N(C)C)[C@H]2O)[C@@H](CC=O)C[C@@H](C)C(=O)/C=C/C(C)=C/[C@@H]1CO[C@@H]1O[C@H](C)[C@@H](O)[C@@H](OC)[C@H]1OC,CC[C@H]1OC(=O)C[C@@H](OC(C)=O)[C@H](C)[C@@H](O[C@@H]2O[C@H](C)[C@@H](O[C@H]3C[C@@](C)(OC(=O)CS(=O)(=O)O)[C@@H](OC(=O)CC(C)C)[C@H](C)O3)[C@H](N(C)C)[C@H]2O)[C@@H](CC=O)C[C@@H](C)C(=O)/C=C/C(C)=C/[C@@H]1CO[C@@H]1O[C@H](C)[C@@H](O)[C@@H](OC)[C@H]1OC,TRUE,,-1.1481,-1.14806409
tylvalosin,Tylvalosin (Ì©Íò¾úËØ),REF_TYLVALOSIN,repository_reference,O49_attached_to_C36,49,36,C,MPM00418,"Acetic acid,phenyl ester",O=C(O)Cc1ccccc1,1,CC[C@H]1OC(=O)C[C@@H](OC(C)=O)[C@H](C)[C@@H](O[C@@H]2O[C@H](C)[C@@H](O[C@H]3C[C@@](C)(OC(=O)Cc4ccccc4)[C@@H](OC(=O)CC(C)C)[C@H](C)O3)[C@H](N(C)C)[C@H]2O)[C@@H](CC=O)C[C@@H](C)C(=O)/C=C/C(C)=C/[C@@H]1CO[C@@H]1O[C@H](C)[C@@H](O)[C@@H](OC)[C@H]1OC,CC[C@H]1OC(=O)C[C@@H](OC(C)=O)[C@H](C)[C@@H](O[C@@H]2O[C@H](C)[C@@H](O[C@H]3C[C@@](C)(OC(=O)Cc4ccccc4)[C@@H](OC(=O)CC(C)C)[C@H](C)O3)[C@H](N(C)C)[C@H]2O)[C@@H](CC=O)C[C@@H](C)C(=O)/C=C/C(C)=C/[C@@H]1CO[C@@H]1O[C@H](C)[C@@H](O)[C@@H](OC)[C@H]1OC,TRUE,,-1.5235,-1.5234568
tylvalosin,Tylvalosin (Ì©Íò¾úËØ),REF_TYLVALOSIN,repository_reference,O49_attached_to_C36,49,36,C,MPM01016,Uracil-6-carboxylic acid,O=C(O)c1cc(=O)[nH]c(=O)[nH]1,1,CC[C@H]1OC(=O)C[C@@H](OC(C)=O)[C@H](C)[C@@H](O[C@@H]2O[C@H](C)[C@@H](O[C@H]3C[C@@](C)(OC(=O)c4cc(=O)[nH]c(=O)[nH]4)[C@@H](OC(=O)CC(C)C)[C@H](C)O3)[C@H](N(C)C)[C@H]2O)[C@@H](CC=O)C[C@@H](C)C(=O)/C=C/C(C)=C/[C@@H]1CO[C@@H]1O[C@H](C)[C@@H](O)[C@@H](OC)[C@H]1OC,CC[C@H]1OC(=O)C[C@@H](OC(C)=O)[C@H](C)[C@@H](O[C@@H]2O[C@H](C)[C@@H](O[C@H]3C[C@@](C)(OC(=O)c4cc(=O)[nH]c(=O)[nH]4)[C@@H](OC(=O)CC(C)C)[C@H](C)O3)[C@H](N(C)C)[C@H]2O)[C@@H](CC=O)C[C@@H](C)C(=O)/C=C/C(C)=C/[C@@H]1CO[C@@H]1O[C@H](C)[C@@H](O)[C@@H](OC)[C@H]1OC,TRUE,,-1.4209,-1.420886829
tylvalosin,Tylvalosin (Ì©Íò¾úËØ),REF_TYLVALOSIN,repository_reference,O49_attached_to_C36,49,36,C,MPM00844,Orotidylic acid,O=C(O)c1cc(=O)[nH]c(=O)n1C1OC(COP(=O)(O)O)C(O)C1O,1,CC[C@H]1OC(=O)C[C@@H](OC(C)=O)[C@H](C)[C@@H](O[C@@H]2O[C@H](C)[C@@H](O[C@H]3C[C@@](C)(OC(=O)c4cc(=O)[nH]c(=O)n4C4OC(COP(=O)(O)O)C(O)C4O)[C@@H](OC(=O)CC(C)C)[C@H](C)O3)[C@H](N(C)C)[C@H]2O)[C@@H](CC=O)C[C@@H](C)C(=O)/C=C/C(C)=C/[C@@H]1CO[C@@H]1O[C@H](C)[C@@H](O)[C@@H](OC)[C@H]1OC,CC[C@H]1OC(=O)C[C@@H](OC(C)=O)[C@H](C)[C@@H](O[C@@H]2O[C@H](C)[C@@H](O[C@H]3C[C@@](C)(OC(=O)c4cc(=O)[nH]c(=O)n4C4OC(COP(=O)(O)O)C(O)C4O)[C@@H](OC(=O)CC(C)C)[C@H](C)O3)[C@H](N(C)C)[C@H]2O)[C@@H](CC=O)C[C@@H](C)C(=O)/C=C/C(C)=C/[C@@H]1CO[C@@H]1O[C@H](C)[C@@H](O)[C@@H](OC)[C@H]1OC,TRUE,,-2.7926,-2.792574133
tylvalosin,Tylvalosin (Ì©Íò¾úËØ),REF_TYLVALOSIN,repository_reference,O49_attached_to_C36,49,36,C,MPM00137,"1,4-Dihydroxy-2-naphthoic acid",O=C(O)c1cc(O)c2ccccc2c1O,1,CC[C@H]1OC(=O)C[C@@H](OC(C)=O)[C@H](C)[C@@H](O[C@@H]2O[C@H](C)[C@@H](O[C@H]3C[C@@](C)(OC(=O)c4cc(O)c5ccccc5c4O)[C@@H](OC(=O)CC(C)C)[C@H](C)O3)[C@H](N(C)C)[C@H]2O)[C@@H](CC=O)C[C@@H](C)C(=O)/C=C/C(C)=C/[C@@H]1CO[C@@H]1O[C@H](C)[C@@H](O)[C@@H](OC)[C@H]1OC,CC[C@H]1OC(=O)C[C@@H](OC(C)=O)[C@H](C)[C@@H](O[C@@H]2O[C@H](C)[C@@H](O[C@H]3C[C@@](C)(OC(=O)c4cc(O)c5ccccc5c4O)[C@@H](OC(=O)CC(C)C)[C@H](C)O3)[C@H](N(C)C)[C@H]2O)[C@@H](CC=O)C[C@@H](C)C(=O)/C=C/C(C)=C/[C@@H]1CO[C@@H]1O[C@H](C)[C@@H](O)[C@@H](OC)[C@H]1OC,TRUE,,-1.2113,-1.211336693
tylvalosin,Tylvalosin (Ì©Íò¾úËØ),REF_TYLVALOSIN,repository_reference,O49_attached_to_C36,49,36,C,MPM00398,6-Hydroxynicotinic acid,O=C(O)c1ccc(=O)[nH]c1,1,CC[C@H]1OC(=O)C[C@@H](OC(C)=O)[C@H](C)[C@@H](O[C@@H]2O[C@H](C)[C@@H](O[C@H]3C[C@@](C)(OC(=O)c4ccc(=O)[nH]c4)[C@@H](OC(=O)CC(C)C)[C@H](C)O3)[C@H](N(C)C)[C@H]2O)[C@@H](CC=O)C[C@@H](C)C(=O)/C=C/C(C)=C/[C@@H]1CO[C@@H]1O[C@H](C)[C@@H](O)[C@@H](OC)[C@H]1OC,CC[C@H]1OC(=O)C[C@@H](OC(C)=O)[C@H](C)[C@@H](O[C@@H]2O[C@H](C)[C@@H](O[C@H]3C[C@@](C)(OC(=O)c4ccc(=O)[nH]c4)[C@@H](OC(=O)CC(C)C)[C@H](C)O3)[C@H](N(C)C)[C@H]2O)[C@@H](CC=O)C[C@@H](C)C(=O)/C=C/C(C)=C/[C@@H]1CO[C@@H]1O[C@H](C)[C@@H](O)[C@@H](OC)[C@H]1OC,TRUE,,-0.9698,-0.969829367
tylvalosin,Tylvalosin (Ì©Íò¾úËØ),REF_TYLVALOSIN,repository_reference,O49_attached_to_C36,49,36,C,MPM00912,Protocatechuic acid,O=C(O)c1ccc(O)c(O)c1,1,CC[C@H]1OC(=O)C[C@@H](OC(C)=O)[C@H](C)[C@@H](O[C@@H]2O[C@H](C)[C@@H](O[C@H]3C[C@@](C)(OC(=O)c4ccc(O)c(O)c4)[C@@H](OC(=O)CC(C)C)[C@H](C)O3)[C@H](N(C)C)[C@H]2O)[C@@H](CC=O)C[C@@H](C)C(=O)/C=C/C(C)=C/[C@@H]1CO[C@@H]1O[C@H](C)[C@@H](O)[C@@H](OC)[C@H]1OC,CC[C@H]1OC(=O)C[C@@H](OC(C)=O)[C@H](C)[C@@H](O[C@@H]2O[C@H](C)[C@@H](O[C@H]3C[C@@](C)(OC(=O)c4ccc(O)c(O)c4)[C@@H](OC(=O)CC(C)C)[C@H](C)O3)[C@H](N(C)C)[C@H]2O)[C@@H](CC=O)C[C@@H](C)C(=O)/C=C/C(C)=C/[C@@H]1CO[C@@H]1O[C@H](C)[C@@H](O)[C@@H](OC)[C@H]1OC,TRUE,,-1.4258,-1.425795627
tylvalosin,Tylvalosin (Ì©Íò¾úËØ),REF_TYLVALOSIN,repository_reference,O49_attached_to_C36,49,36,C,MPM00702,Hydroxybenzenecarboxylic acid,O=C(O)c1ccc(O)cc1,1,CC[C@H]1OC(=O)C[C@@H](OC(C)=O)[C@H](C)[C@@H](O[C@@H]2O[C@H](C)[C@@H](O[C@H]3C[C@@](C)(OC(=O)c4ccc(O)cc4)[C@@H](OC(=O)CC(C)C)[C@H](C)O3)[C@H](N(C)C)[C@H]2O)[C@@H](CC=O)C[C@@H](C)C(=O)/C=C/C(C)=C/[C@@H]1CO[C@@H]1O[C@H](C)[C@@H](O)[C@@H](OC)[C@H]1OC,CC[C@H]1OC(=O)C[C@@H](OC(C)=O)[C@H](C)[C@@H](O[C@@H]2O[C@H](C)[C@@H](O[C@H]3C[C@@](C)(OC(=O)c4ccc(O)cc4)[C@@H](OC(=O)CC(C)C)[C@H](C)O3)[C@H](N(C)C)[C@H]2O)[C@@H](CC=O)C[C@@H](C)C(=O)/C=C/C(C)=C/[C@@H]1CO[C@@H]1O[C@H](C)[C@@H](O)[C@@H](OC)[C@H]1OC,TRUE,,-1.1185,-1.118536246
tylvalosin,Tylvalosin (Ì©Íò¾úËØ),REF_TYLVALOSIN,repository_reference,O49_attached_to_C36,49,36,C,MPM00173,"2,3-Dihydroxybenzoic acid",O=C(O)c1cccc(O)c1O,1,CC[C@H]1OC(=O)C[C@@H](OC(C)=O)[C@H](C)[C@@H](O[C@@H]2O[C@H](C)[C@@H](O[C@H]3C[C@@](C)(OC(=O)c4cccc(O)c4O)[C@@H](OC(=O)CC(C)C)[C@H](C)O3)[C@H](N(C)C)[C@H]2O)[C@@H](CC=O)C[C@@H](C)C(=O)/C=C/C(C)=C/[C@@H]1CO[C@@H]1O[C@H](C)[C@@H](O)[C@@H](OC)[C@H]1OC,CC[C@H]1OC(=O)C[C@@H](OC(C)=O)[C@H](C)[C@@H](O[C@@H]2O[C@H](C)[C@@H](O[C@H]3C[C@@](C)(OC(=O)c4cccc(O)c4O)[C@@H](OC(=O)CC(C)C)[C@H](C)O3)[C@H](N(C)C)[C@H]2O)[C@@H](CC=O)C[C@@H](C)C(=O)/C=C/C(C)=C/[C@@H]1CO[C@@H]1O[C@H](C)[C@@H](O)[C@@H](OC)[C@H]1OC,TRUE,,-1.4061,-1.406104062
tylvalosin,Tylvalosin (Ì©Íò¾úËØ),REF_TYLVALOSIN,repository_reference,O49_attached_to_C36,49,36,C,MPM00614,Dracylic acid,O=C(O)c1ccccc1,1,CC[C@H]1OC(=O)C[C@@H](OC(C)=O)[C@H](C)[C@@H](O[C@@H]2O[C@H](C)[C@@H](O[C@H]3C[C@@](C)(OC(=O)c4ccccc4)[C@@H](OC(=O)CC(C)C)[C@H](C)O3)[C@H](N(C)C)[C@H]2O)[C@@H](CC=O)C[C@@H](C)C(=O)/C=C/C(C)=C/[C@@H]1CO[C@@H]1O[C@H](C)[C@@H](O)[C@@H](OC)[C@H]1OC,CC[C@H]1OC(=O)C[C@@H](OC(C)=O)[C@H](C)[C@@H](O[C@@H]2O[C@H](C)[C@@H](O[C@H]3C[C@@](C)(OC(=O)c4ccccc4)[C@@H](OC(=O)CC(C)C)[C@H](C)O3)[C@H](N(C)C)[C@H]2O)[C@@H](CC=O)C[C@@H](C)C(=O)/C=C/C(C)=C/[C@@H]1CO[C@@H]1O[C@H](C)[C@@H](O)[C@@H](OC)[C@H]1OC,TRUE,,-0.7578,-0.757815214
tylvalosin,Tylvalosin (Ì©Íò¾úËØ),REF_TYLVALOSIN,repository_reference,O49_attached_to_C36,49,36,C,MPM00117,1-(2-Carboxyphenylamino)-1-deoxy-D-ribulose 5-phosphate,O=C(O)c1ccccc1NCC(=O)C(O)C(O)COP(=O)(O)O,1,CC[C@H]1OC(=O)C[C@@H](OC(C)=O)[C@H](C)[C@@H](O[C@@H]2O[C@H](C)[C@@H](O[C@H]3C[C@@](C)(OC(=O)c4ccccc4NCC(=O)C(O)C(O)COP(=O)(O)O)[C@@H](OC(=O)CC(C)C)[C@H](C)O3)[C@H](N(C)C)[C@H]2O)[C@@H](CC=O)C[C@@H](C)C(=O)/C=C/C(C)=C/[C@@H]1CO[C@@H]1O[C@H](C)[C@@H](O)[C@@H](OC)[C@H]1OC,CC[C@H]1OC(=O)C[C@@H](OC(C)=O)[C@H](C)[C@@H](O[C@@H]2O[C@H](C)[C@@H](O[C@H]3C[C@@](C)(OC(=O)c4ccccc4NCC(=O)C(O)C(O)COP(=O)(O)O)[C@@H](OC(=O)CC(C)C)[C@H](C)O3)[C@H](N(C)C)[C@H]2O)[C@@H](CC=O)C[C@@H](C)C(=O)/C=C/C(C)=C/[C@@H]1CO[C@@H]1O[C@H](C)[C@@H](O)[C@@H](OC)[C@H]1OC,TRUE,,-1.6405,-1.640489602
tylvalosin,Tylvalosin (Ì©Íò¾úËØ),REF_TYLVALOSIN,repository_reference,O49_attached_to_C36,49,36,C,MPM00931,Salicylic acid,O=C(O)c1ccccc1O,1,CC[C@H]1OC(=O)C[C@@H](OC(C)=O)[C@H](C)[C@@H](O[C@@H]2O[C@H](C)[C@@H](O[C@H]3C[C@@](C)(OC(=O)c4ccccc4O)[C@@H](OC(=O)CC(C)C)[C@H](C)O3)[C@H](N(C)C)[C@H]2O)[C@@H](CC=O)C[C@@H](C)C(=O)/C=C/C(C)=C/[C@@H]1CO[C@@H]1O[C@H](C)[C@@H](O)[C@@H](OC)[C@H]1OC,CC[C@H]1OC(=O)C[C@@H](OC(C)=O)[C@H](C)[C@@H](O[C@@H]2O[C@H](C)[C@@H](O[C@H]3C[C@@](C)(OC(=O)c4ccccc4O)[C@@H](OC(=O)CC(C)C)[C@H](C)O3)[C@H](N(C)C)[C@H]2O)[C@@H](CC=O)C[C@@H](C)C(=O)/C=C/C(C)=C/[C@@H]1CO[C@@H]1O[C@H](C)[C@@H](O)[C@@H](OC)[C@H]1OC,TRUE,,-1.101,-1.100959171
tylvalosin,Tylvalosin (Ì©Íò¾úËØ),REF_TYLVALOSIN,repository_reference,O49_attached_to_C36,49,36,C,MPM00328,3-Pyridinecarboxylic acid,O=C(O)c1cccnc1,1,CC[C@H]1OC(=O)C[C@@H](OC(C)=O)[C@H](C)[C@@H](O[C@@H]2O[C@H](C)[C@@H](O[C@H]3C[C@@](C)(OC(=O)c4cccnc4)[C@@H](OC(=O)CC(C)C)[C@H](C)O3)[C@H](N(C)C)[C@H]2O)[C@@H](CC=O)C[C@@H](C)C(=O)/C=C/C(C)=C/[C@@H]1CO[C@@H]1O[C@H](C)[C@@H](O)[C@@H](OC)[C@H]1OC,CC[C@H]1OC(=O)C[C@@H](OC(C)=O)[C@H](C)[C@@H](O[C@@H]2O[C@H](C)[C@@H](O[C@H]3C[C@@](C)(OC(=O)c4cccnc4)[C@@H](OC(=O)CC(C)C)[C@H](C)O3)[C@H](N(C)C)[C@H]2O)[C@@H](CC=O)C[C@@H](C)C(=O)/C=C/C(C)=C/[C@@H]1CO[C@@H]1O[C@H](C)[C@@H](O)[C@@H](OC)[C@H]1OC,TRUE,,-1.149,-1.148950579
tylvalosin,Tylvalosin (Ì©Íò¾úËØ),REF_TYLVALOSIN,repository_reference,O49_attached_to_C36,49,36,C,MPM00585,Dihydro-L-orotic acid,O=C1CC(C(=O)O)NC(=O)N1,1,CC[C@H]1OC(=O)C[C@@H](OC(C)=O)[C@H](C)[C@@H](O[C@@H]2O[C@H](C)[C@@H](O[C@H]3C[C@@](C)(OC(=O)C4CC(=O)NC(=O)N4)[C@@H](OC(=O)CC(C)C)[C@H](C)O3)[C@H](N(C)C)[C@H]2O)[C@@H](CC=O)C[C@@H](C)C(=O)/C=C/C(C)=C/[C@@H]1CO[C@@H]1O[C@H](C)[C@@H](O)[C@@H](OC)[C@H]1OC,CC[C@H]1OC(=O)C[C@@H](OC(C)=O)[C@H](C)[C@@H](O[C@@H]2O[C@H](C)[C@@H](O[C@H]3C[C@@](C)(OC(=O)C4CC(=O)NC(=O)N4)[C@@H](OC(=O)CC(C)C)[C@H](C)O3)[C@H](N(C)C)[C@H]2O)[C@@H](CC=O)C[C@@H](C)C(=O)/C=C/C(C)=C/[C@@H]1CO[C@@H]1O[C@H](C)[C@@H](O)[C@@H](OC)[C@H]1OC,TRUE,,-1.8233,-1.823263284
tylvalosin,Tylvalosin (Ì©Íò¾úËØ),REF_TYLVALOSIN,repository_reference,O49_attached_to_C36,49,36,C,MPM00381,5-Dehydroquinic acid,O=C1CC(O)(C(=O)O)CC(O)C1O,1,CC[C@H]1OC(=O)C[C@@H](OC(C)=O)[C@H](C)[C@@H](O[C@@H]2O[C@H](C)[C@@H](O[C@H]3C[C@@](C)(OC(=O)C4(O)CC(=O)C(O)C(O)C4)[C@@H](OC(=O)CC(C)C)[C@H](C)O3)[C@H](N(C)C)[C@H]2O)[C@@H](CC=O)C[C@@H](C)C(=O)/C=C/C(C)=C/[C@@H]1CO[C@@H]1O[C@H](C)[C@@H](O)[C@@H](OC)[C@H]1OC,CC[C@H]1OC(=O)C[C@@H](OC(C)=O)[C@H](C)[C@@H](O[C@@H]2O[C@H](C)[C@@H](O[C@H]3C[C@@](C)(OC(=O)C4(O)CC(=O)C(O)C(O)C4)[C@@H](OC(=O)CC(C)C)[C@H](C)O3)[C@H](N(C)C)[C@H]2O)[C@@H](CC=O)C[C@@H](C)C(=O)/C=C/C(C)=C/[C@@H]1CO[C@@H]1O[C@H](C)[C@@H](O)[C@@H](OC)[C@H]1OC,TRUE,,-2.2778,-2.277822239
tylvalosin,Tylvalosin (Ì©Íò¾úËØ),REF_TYLVALOSIN,repository_reference,O49_attached_to_C36,49,36,C,MPM00679,Glyoxylic acid,O=CC(=O)O,1,CC[C@H]1OC(=O)C[C@@H](OC(C)=O)[C@H](C)[C@@H](O[C@@H]2O[C@H](C)[C@@H](O[C@H]3C[C@@](C)(OC(=O)C=O)[C@@H](OC(=O)CC(C)C)[C@H](C)O3)[C@H](N(C)C)[C@H]2O)[C@@H](CC=O)C[C@@H](C)C(=O)/C=C/C(C)=C/[C@@H]1CO[C@@H]1O[C@H](C)[C@@H](O)[C@@H](OC)[C@H]1OC,CC[C@H]1OC(=O)C[C@@H](OC(C)=O)[C@H](C)[C@@H](O[C@@H]2O[C@H](C)[C@@H](O[C@H]3C[C@@](C)(OC(=O)C=O)[C@@H](OC(=O)CC(C)C)[C@H](C)O3)[C@H](N(C)C)[C@H]2O)[C@@H](CC=O)C[C@@H](C)C(=O)/C=C/C(C)=C/[C@@H]1CO[C@@H]1O[C@H](C)[C@@H](O)[C@@H](OC)[C@H]1OC,TRUE,,-1.3514,-1.351393123
tylvalosin,Tylvalosin (Ì©Íò¾úËØ),REF_TYLVALOSIN,repository_reference,O49_attached_to_C36,49,36,C,MPM00965,Tartronate semialdehyde,O=CC(O)C(=O)O,1,CC[C@H]1OC(=O)C[C@@H](OC(C)=O)[C@H](C)[C@@H](O[C@@H]2O[C@H](C)[C@@H](O[C@H]3C[C@@](C)(OC(=O)C(O)C=O)[C@@H](OC(=O)CC(C)C)[C@H](C)O3)[C@H](N(C)C)[C@H]2O)[C@@H](CC=O)C[C@@H](C)C(=O)/C=C/C(C)=C/[C@@H]1CO[C@@H]1O[C@H](C)[C@@H](O)[C@@H](OC)[C@H]1OC,CC[C@H]1OC(=O)C[C@@H](OC(C)=O)[C@H](C)[C@@H](O[C@@H]2O[C@H](C)[C@@H](O[C@H]3C[C@@](C)(OC(=O)C(O)C=O)[C@@H](OC(=O)CC(C)C)[C@H](C)O3)[C@H](N(C)C)[C@H]2O)[C@@H](CC=O)C[C@@H](C)C(=O)/C=C/C(C)=C/[C@@H]1CO[C@@H]1O[C@H](C)[C@@H](O)[C@@H](OC)[C@H]1OC,TRUE,,-1.5505,-1.550499565
tylvalosin,Tylvalosin (Ì©Íò¾úËØ),REF_TYLVALOSIN,repository_reference,O49_attached_to_C36,49,36,C,MPM00768,Malonate semialdehyde,O=CCC(=O)O,1,CC[C@H]1OC(=O)C[C@@H](OC(C)=O)[C@H](C)[C@@H](O[C@@H]2O[C@H](C)[C@@H](O[C@H]3C[C@@](C)(OC(=O)CC=O)[C@@H](OC(=O)CC(C)C)[C@H](C)O3)[C@H](N(C)C)[C@H]2O)[C@@H](CC=O)C[C@@H](C)C(=O)/C=C/C(C)=C/[C@@H]1CO[C@@H]1O[C@H](C)[C@@H](O)[C@@H](OC)[C@H]1OC,CC[C@H]1OC(=O)C[C@@H](OC(C)=O)[C@H](C)[C@@H](O[C@@H]2O[C@H](C)[C@@H](O[C@H]3C[C@@](C)(OC(=O)CC=O)[C@@H](OC(=O)CC(C)C)[C@H](C)O3)[C@H](N(C)C)[C@H]2O)[C@@H](CC=O)C[C@@H](C)C(=O)/C=C/C(C)=C/[C@@H]1CO[C@@H]1O[C@H](C)[C@@H](O)[C@@H](OC)[C@H]1OC,TRUE,,-1.6295,-1.629529996
tylvalosin,Tylvalosin (Ì©Íò¾úËØ),REF_TYLVALOSIN,repository_reference,O49_attached_to_C36,49,36,C,MPM00359,4-Oxobutanoate,O=CCCC(=O)O,1,CC[C@H]1OC(=O)C[C@@H](OC(C)=O)[C@H](C)[C@@H](O[C@@H]2O[C@H](C)[C@@H](O[C@H]3C[C@@](C)(OC(=O)CCC=O)[C@@H](OC(=O)CC(C)C)[C@H](C)O3)[C@H](N(C)C)[C@H]2O)[C@@H](CC=O)C[C@@H](C)C(=O)/C=C/C(C)=C/[C@@H]1CO[C@@H]1O[C@H](C)[C@@H](O)[C@@H](OC)[C@H]1OC,CC[C@H]1OC(=O)C[C@@H](OC(C)=O)[C@H](C)[C@@H](O[C@@H]2O[C@H](C)[C@@H](O[C@H]3C[C@@](C)(OC(=O)CCC=O)[C@@H](OC(=O)CC(C)C)[C@H](C)O3)[C@H](N(C)C)[C@H]2O)[C@@H](CC=O)C[C@@H](C)C(=O)/C=C/C(C)=C/[C@@H]1CO[C@@H]1O[C@H](C)[C@@H](O)[C@@H](OC)[C@H]1OC,TRUE,,-1.8922,-1.892221349
tylvalosin,Tylvalosin (Ì©Íò¾úËØ),REF_TYLVALOSIN,repository_reference,O53_attached_to_C27,53,27,C,MPM00863,PEP,C=C(OP(=O)(O)O)C(=O)O,1,C=C(OP(=O)(O)O)C(=O)O[C@H]1[C@H](O[C@H]2[C@@H](CC=O)C[C@@H](C)C(=O)/C=C/C(C)=C/[C@H](CO[C@@H]3O[C@H](C)[C@@H](O)[C@@H](OC)[C@H]3OC)[C@@H](CC)OC(=O)C[C@@H](OC(C)=O)[C@@H]2C)O[C@H](C)[C@@H](O[C@H]2C[C@@](C)(O)[C@@H](OC(=O)CC(C)C)[C@H](C)O2)[C@@H]1N(C)C,C=C(OP(=O)(O)O)C(=O)O[C@H]1[C@H](O[C@H]2[C@@H](CC=O)C[C@@H](C)C(=O)/C=C/C(C)=C/[C@H](CO[C@@H]3O[C@H](C)[C@@H](O)[C@@H](OC)[C@H]3OC)[C@@H](CC)OC(=O)C[C@@H](OC(C)=O)[C@@H]2C)O[C@H](C)[C@@H](O[C@H]2C[C@@](C)(O)[C@@H](OC(=O)CC(C)C)[C@H](C)O2)[C@@H]1N(C)C,TRUE,,-1.6985,-1.698529204
tylvalosin,Tylvalosin (Ì©Íò¾úËØ),REF_TYLVALOSIN,repository_reference,O53_attached_to_C27,53,27,C,MPM00921,Pyroracemic acid,CC(=O)C(=O)O,1,CC[C@H]1OC(=O)C[C@@H](OC(C)=O)[C@H](C)[C@@H](O[C@@H]2O[C@H](C)[C@@H](O[C@H]3C[C@@](C)(O)[C@@H](OC(=O)CC(C)C)[C@H](C)O3)[C@H](N(C)C)[C@H]2OC(=O)C(C)=O)[C@@H](CC=O)C[C@@H](C)C(=O)/C=C/C(C)=C/[C@@H]1CO[C@@H]1O[C@H](C)[C@@H](O)[C@@H](OC)[C@H]1OC,CC[C@H]1OC(=O)C[C@@H](OC(C)=O)[C@H](C)[C@@H](O[C@@H]2O[C@H](C)[C@@H](O[C@H]3C[C@@](C)(O)[C@@H](OC(=O)CC(C)C)[C@H](C)O3)[C@H](N(C)C)[C@H]2OC(=O)C(C)=O)[C@@H](CC=O)C[C@@H](C)C(=O)/C=C/C(C)=C/[C@@H]1CO[C@@H]1O[C@H](C)[C@@H](O)[C@@H](OC)[C@H]1OC,TRUE,,-1.4955,-1.495476774
tylvalosin,Tylvalosin (Ì©Íò¾úËØ),REF_TYLVALOSIN,repository_reference,O53_attached_to_C27,53,27,C,MPM00036,(2S)-2-Hydroxy-2-methyl-3-oxobutanoate,CC(=O)C(C)(O)C(=O)O,1,CC[C@H]1OC(=O)C[C@@H](OC(C)=O)[C@H](C)[C@@H](O[C@@H]2O[C@H](C)[C@@H](O[C@H]3C[C@@](C)(O)[C@@H](OC(=O)CC(C)C)[C@H](C)O3)[C@H](N(C)C)[C@H]2OC(=O)C(C)(O)C(C)=O)[C@@H](CC=O)C[C@@H](C)C(=O)/C=C/C(C)=C/[C@@H]1CO[C@@H]1O[C@H](C)[C@@H](O)[C@@H](OC)[C@H]1OC,CC[C@H]1OC(=O)C[C@@H](OC(C)=O)[C@H](C)[C@@H](O[C@@H]2O[C@H](C)[C@@H](O[C@H]3C[C@@](C)(O)[C@@H](OC(=O)CC(C)C)[C@H](C)O3)[C@H](N(C)C)[C@H]2OC(=O)C(C)(O)C(C)=O)[C@@H](CC=O)C[C@@H](C)C(=O)/C=C/C(C)=C/[C@@H]1CO[C@@H]1O[C@H](C)[C@@H](O)[C@@H](OC)[C@H]1OC,TRUE,,-2.164,-2.164041215
tylvalosin,Tylvalosin (Ì©Íò¾úËØ),REF_TYLVALOSIN,repository_reference,O53_attached_to_C27,53,27,C,MPM01075,(S)-2-Amino-3-oxobutanoic acid,CC(=O)C(N)C(=O)O,1,CC[C@H]1OC(=O)C[C@@H](OC(C)=O)[C@H](C)[C@@H](O[C@@H]2O[C@H](C)[C@@H](O[C@H]3C[C@@](C)(O)[C@@H](OC(=O)CC(C)C)[C@H](C)O3)[C@H](N(C)C)[C@H]2OC(=O)C(N)C(C)=O)[C@@H](CC=O)C[C@@H](C)C(=O)/C=C/C(C)=C/[C@@H]1CO[C@@H]1O[C@H](C)[C@@H](O)[C@@H](OC)[C@H]1OC,CC[C@H]1OC(=O)C[C@@H](OC(C)=O)[C@H](C)[C@@H](O[C@@H]2O[C@H](C)[C@@H](O[C@H]3C[C@@](C)(O)[C@@H](OC(=O)CC(C)C)[C@H](C)O3)[C@H](N(C)C)[C@H]2OC(=O)C(N)C(C)=O)[C@@H](CC=O)C[C@@H](C)C(=O)/C=C/C(C)=C/[C@@H]1CO[C@@H]1O[C@H](C)[C@@H](O)[C@@H](OC)[C@H]1OC,TRUE,,-1.4497,-1.449687874
tylvalosin,Tylvalosin (Ì©Íò¾úËØ),REF_TYLVALOSIN,repository_reference,O53_attached_to_C27,53,27,C,MPM00419,Acetoacetic acid,CC(=O)CC(=O)O,1,CC[C@H]1OC(=O)C[C@@H](OC(C)=O)[C@H](C)[C@@H](O[C@@H]2O[C@H](C)[C@@H](O[C@H]3C[C@@](C)(O)[C@@H](OC(=O)CC(C)C)[C@H](C)O3)[C@H](N(C)C)[C@H]2OC(=O)CC(C)=O)[C@@H](CC=O)C[C@@H](C)C(=O)/C=C/C(C)=C/[C@@H]1CO[C@@H]1O[C@H](C)[C@@H](O)[C@@H](OC)[C@H]1OC,CC[C@H]1OC(=O)C[C@@H](OC(C)=O)[C@H](C)[C@@H](O[C@@H]2O[C@H](C)[C@@H](O[C@H]3C[C@@](C)(O)[C@@H](OC(=O)CC(C)C)[C@H](C)O3)[C@H](N(C)C)[C@H]2OC(=O)CC(C)=O)[C@@H](CC=O)C[C@@H](C)C(=O)/C=C/C(C)=C/[C@@H]1CO[C@@H]1O[C@H](C)[C@@H](O)[C@@H](OC)[C@H]1OC,TRUE,,-1.6056,-1.605601273
tylvalosin,Tylvalosin (Ì©Íò¾úËØ),REF_TYLVALOSIN,repository_reference,O53_attached_to_C27,53,27,C,MPM00188,2-Acetamido-5-oxopentanoate,CC(=O)NC(CCC=O)C(=O)O,1,CC[C@H]1OC(=O)C[C@@H](OC(C)=O)[C@H](C)[C@@H](O[C@@H]2O[C@H](C)[C@@H](O[C@H]3C[C@@](C)(O)[C@@H](OC(=O)CC(C)C)[C@H](C)O3)[C@H](N(C)C)[C@H]2OC(=O)C(CCC=O)NC(C)=O)[C@@H](CC=O)C[C@@H](C)C(=O)/C=C/C(C)=C/[C@@H]1CO[C@@H]1O[C@H](C)[C@@H](O)[C@@H](OC)[C@H]1OC,CC[C@H]1OC(=O)C[C@@H](OC(C)=O)[C@H](C)[C@@H](O[C@@H]2O[C@H](C)[C@@H](O[C@H]3C[C@@](C)(O)[C@@H](OC(=O)CC(C)C)[C@H](C)O3)[C@H](N(C)C)[C@H]2OC(=O)C(CCC=O)NC(C)=O)[C@@H](CC=O)C[C@@H](C)C(=O)/C=C/C(C)=C/[C@@H]1CO[C@@H]1O[C@H](C)[C@@H](O)[C@@H](OC)[C@H]1OC,TRUE,,-2.1523,-2.152305186
tylvalosin,Tylvalosin (Ì©Íò¾úËØ),REF_TYLVALOSIN,repository_reference,O53_attached_to_C27,53,27,C,MPM01517,N2-Acetyl-L-ornithine,CC(=O)NC(CCCN)C(=O)O,1,CC[C@H]1OC(=O)C[C@@H](OC(C)=O)[C@H](C)[C@@H](O[C@@H]2O[C@H](C)[C@@H](O[C@H]3C[C@@](C)(O)[C@@H](OC(=O)CC(C)C)[C@H](C)O3)[C@H](N(C)C)[C@H]2OC(=O)C(CCCN)NC(C)=O)[C@@H](CC=O)C[C@@H](C)C(=O)/C=C/C(C)=C/[C@@H]1CO[C@@H]1O[C@H](C)[C@@H](O)[C@@H](OC)[C@H]1OC,CC[C@H]1OC(=O)C[C@@H](OC(C)=O)[C@H](C)[C@@H](O[C@@H]2O[C@H](C)[C@@H](O[C@H]3C[C@@](C)(O)[C@@H](OC(=O)CC(C)C)[C@H](C)O3)[C@H](N(C)C)[C@H]2OC(=O)C(CCCN)NC(C)=O)[C@@H](CC=O)C[C@@H](C)C(=O)/C=C/C(C)=C/[C@@H]1CO[C@@H]1O[C@H](C)[C@@H](O)[C@@H](OC)[C@H]1OC,TRUE,,-1.4736,-1.473575308
tylvalosin,Tylvalosin (Ì©Íò¾úËØ),REF_TYLVALOSIN,repository_reference,O53_attached_to_C27,53,27,C,MPM00819,Neu5Ac,CC(=O)NC1C(O)CC(O)(C(=O)O)OC1C(O)C(O)CO,1,CC[C@H]1OC(=O)C[C@@H](OC(C)=O)[C@H](C)[C@@H](O[C@@H]2O[C@H](C)[C@@H](O[C@H]3C[C@@](C)(O)[C@@H](OC(=O)CC(C)C)[C@H](C)O3)[C@H](N(C)C)[C@H]2OC(=O)C2(O)CC(O)C(NC(C)=O)C(C(O)C(O)CO)O2)[C@@H](CC=O)C[C@@H](C)C(=O)/C=C/C(C)=C/[C@@H]1CO[C@@H]1O[C@H](C)[C@@H](O)[C@@H](OC)[C@H]1OC,CC[C@H]1OC(=O)C[C@@H](OC(C)=O)[C@H](C)[C@@H](O[C@@H]2O[C@H](C)[C@@H](O[C@H]3C[C@@](C)(O)[C@@H](OC(=O)CC(C)C)[C@H](C)O3)[C@H](N(C)C)[C@H]2OC(=O)C2(O)CC(O)C(NC(C)=O)C(C(O)C(O)CO)O2)[C@@H](CC=O)C[C@@H](C)C(=O)/C=C/C(C)=C/[C@@H]1CO[C@@H]1O[C@H](C)[C@@H](O)[C@@H](OC)[C@H]1OC,TRUE,,-2.94,-2.93998323
tylvalosin,Tylvalosin (Ì©Íò¾úËØ),REF_TYLVALOSIN,repository_reference,O53_attached_to_C27,53,27,C,MPM00806,N-Acetyl-D-muramoate,CC(=O)NC1C(O)OC(CO)C(O)C1OC(C)C(=O)O,1,CC[C@H]1OC(=O)C[C@@H](OC(C)=O)[C@H](C)[C@@H](O[C@@H]2O[C@H](C)[C@@H](O[C@H]3C[C@@](C)(O)[C@@H](OC(=O)CC(C)C)[C@H](C)O3)[C@H](N(C)C)[C@H]2OC(=O)C(C)OC2C(O)C(CO)OC(O)C2NC(C)=O)[C@@H](CC=O)C[C@@H](C)C(=O)/C=C/C(C)=C/[C@@H]1CO[C@@H]1O[C@H](C)[C@@H](O)[C@@H](OC)[C@H]1OC,CC[C@H]1OC(=O)C[C@@H](OC(C)=O)[C@H](C)[C@@H](O[C@@H]2O[C@H](C)[C@@H](O[C@H]3C[C@@](C)(O)[C@@H](OC(=O)CC(C)C)[C@H](C)O3)[C@H](N(C)C)[C@H]2OC(=O)C(C)OC2C(O)C(CO)OC(O)C2NC(C)=O)[C@@H](CC=O)C[C@@H](C)C(=O)/C=C/C(C)=C/[C@@H]1CO[C@@H]1O[C@H](C)[C@@H](O)[C@@H](OC)[C@H]1OC,TRUE,,-2.5791,-2.579066721
tylvalosin,Tylvalosin (Ì©Íò¾úËØ),REF_TYLVALOSIN,repository_reference,O53_attached_to_C27,53,27,C,MPM00632,Ethanoic acid,CC(=O)O,1,CC[C@H]1OC(=O)C[C@@H](OC(C)=O)[C@H](C)[C@@H](O[C@@H]2O[C@H](C)[C@@H](O[C@H]3C[C@@](C)(O)[C@@H](OC(=O)CC(C)C)[C@H](C)O3)[C@H](N(C)C)[C@H]2OC(C)=O)[C@@H](CC=O)C[C@@H](C)C(=O)/C=C/C(C)=C/[C@@H]1CO[C@@H]1O[C@H](C)[C@@H](O)[C@@H](OC)[C@H]1OC,CC[C@H]1OC(=O)C[C@@H](OC(C)=O)[C@H](C)[C@@H](O[C@@H]2O[C@H](C)[C@@H](O[C@H]3C[C@@](C)(O)[C@@H](OC(=O)CC(C)C)[C@H](C)O3)[C@H](N(C)C)[C@H]2OC(C)=O)[C@@H](CC=O)C[C@@H](C)C(=O)/C=C/C(C)=C/[C@@H]1CO[C@@H]1O[C@H](C)[C@@H](O)[C@@H](OC)[C@H]1OC,TRUE,,-1.5432,-1.543187685
tylvalosin,Tylvalosin (Ì©Íò¾úËØ),REF_TYLVALOSIN,repository_reference,O53_attached_to_C27,53,27,C,MPM01530,O3-Acetyl-L-serine,CC(=O)OCC(N)C(=O)O,1,CC[C@H]1OC(=O)C[C@@H](OC(C)=O)[C@H](C)[C@@H](O[C@@H]2O[C@H](C)[C@@H](O[C@H]3C[C@@](C)(O)[C@@H](OC(=O)CC(C)C)[C@H](C)O3)[C@H](N(C)C)[C@H]2OC(=O)C(N)COC(C)=O)[C@@H](CC=O)C[C@@H](C)C(=O)/C=C/C(C)=C/[C@@H]1CO[C@@H]1O[C@H](C)[C@@H](O)[C@@H](OC)[C@H]1OC,CC[C@H]1OC(=O)C[C@@H](OC(C)=O)[C@H](C)[C@@H](O[C@@H]2O[C@H](C)[C@@H](O[C@H]3C[C@@](C)(O)[C@@H](OC(=O)CC(C)C)[C@H](C)O3)[C@H](N(C)C)[C@H]2OC(=O)C(N)COC(C)=O)[C@@H](CC=O)C[C@@H](C)C(=O)/C=C/C(C)=C/[C@@H]1CO[C@@H]1O[C@H](C)[C@@H](O)[C@@H](OC)[C@H]1OC,TRUE,,-1.301,-1.301013157
tylvalosin,Tylvalosin (Ì©Íò¾úËØ),REF_TYLVALOSIN,repository_reference,O53_attached_to_C27,53,27,C,MPM01531,O-Acetylhomoserine,CC(=O)OCCC(N)C(=O)O,1,CC[C@H]1OC(=O)C[C@@H](OC(C)=O)[C@H](C)[C@@H](O[C@@H]2O[C@H](C)[C@@H](O[C@H]3C[C@@](C)(O)[C@@H](OC(=O)CC(C)C)[C@H](C)O3)[C@H](N(C)C)[C@H]2OC(=O)C(N)CCOC(C)=O)[C@@H](CC=O)C[C@@H](C)C(=O)/C=C/C(C)=C/[C@@H]1CO[C@@H]1O[C@H](C)[C@@H](O)[C@@H](OC)[C@H]1OC,CC[C@H]1OC(=O)C[C@@H](OC(C)=O)[C@H](C)[C@@H](O[C@@H]2O[C@H](C)[C@@H](O[C@H]3C[C@@](C)(O)[C@@H](OC(=O)CC(C)C)[C@H](C)O3)[C@H](N(C)C)[C@H]2OC(=O)C(N)CCOC(C)=O)[C@@H](CC=O)C[C@@H](C)C(=O)/C=C/C(C)=C/[C@@H]1CO[C@@H]1O[C@H](C)[C@@H](O)[C@@H](OC)[C@H]1OC,TRUE,,-1.4888,-1.488784189
tylvalosin,Tylvalosin (Ì©Íò¾úËØ),REF_TYLVALOSIN,repository_reference,O53_attached_to_C27,53,27,C,MPM00396,6-Acetylthiohexanoic acid,CC(=O)SCCCCCC(=O)O,1,CC[C@H]1OC(=O)C[C@@H](OC(C)=O)[C@H](C)[C@@H](O[C@@H]2O[C@H](C)[C@@H](O[C@H]3C[C@@](C)(O)[C@@H](OC(=O)CC(C)C)[C@H](C)O3)[C@H](N(C)C)[C@H]2OC(=O)CCCCCSC(C)=O)[C@@H](CC=O)C[C@@H](C)C(=O)/C=C/C(C)=C/[C@@H]1CO[C@@H]1O[C@H](C)[C@@H](O)[C@@H](OC)[C@H]1OC,CC[C@H]1OC(=O)C[C@@H](OC(C)=O)[C@H](C)[C@@H](O[C@@H]2O[C@H](C)[C@@H](O[C@H]3C[C@@](C)(O)[C@@H](OC(=O)CC(C)C)[C@H](C)O3)[C@H](N(C)C)[C@H]2OC(=O)CCCCCSC(C)=O)[C@@H](CC=O)C[C@@H](C)C(=O)/C=C/C(C)=C/[C@@H]1CO[C@@H]1O[C@H](C)[C@@H](O)[C@@H](OC)[C@H]1OC,TRUE,,-2.5076,-2.507644883
tylvalosin,Tylvalosin (Ì©Íò¾úËØ),REF_TYLVALOSIN,repository_reference,O53_attached_to_C27,53,27,C,MPM00215,2-Dehydropantoate,CC(C)(CO)C(=O)C(=O)O,1,CC[C@H]1OC(=O)C[C@@H](OC(C)=O)[C@H](C)[C@@H](O[C@@H]2O[C@H](C)[C@@H](O[C@H]3C[C@@](C)(O)[C@@H](OC(=O)CC(C)C)[C@H](C)O3)[C@H](N(C)C)[C@H]2OC(=O)C(=O)C(C)(C)CO)[C@@H](CC=O)C[C@@H](C)C(=O)/C=C/C(C)=C/[C@@H]1CO[C@@H]1O[C@H](C)[C@@H](O)[C@@H](OC)[C@H]1OC,CC[C@H]1OC(=O)C[C@@H](OC(C)=O)[C@H](C)[C@@H](O[C@@H]2O[C@H](C)[C@@H](O[C@H]3C[C@@](C)(O)[C@@H](OC(=O)CC(C)C)[C@H](C)O3)[C@H](N(C)C)[C@H]2OC(=O)C(=O)C(C)(C)CO)[C@@H](CC=O)C[C@@H](C)C(=O)/C=C/C(C)=C/[C@@H]1CO[C@@H]1O[C@H](C)[C@@H](O)[C@@H](OC)[C@H]1OC,TRUE,,-1.3696,-1.369561386
tylvalosin,Tylvalosin (Ì©Íò¾úËØ),REF_TYLVALOSIN,repository_reference,O53_attached_to_C27,53,27,C,MPM00831,N-Pantothenoylcysteine,CC(C)(CO)C(O)C(=O)NCCC(=O)NC(CS)C(=O)O,1,CC[C@H]1OC(=O)C[C@@H](OC(C)=O)[C@H](C)[C@@H](O[C@@H]2O[C@H](C)[C@@H](O[C@H]3C[C@@](C)(O)[C@@H](OC(=O)CC(C)C)[C@H](C)O3)[C@H](N(C)C)[C@H]2OC(=O)C(CS)NC(=O)CCNC(=O)C(O)C(C)(C)CO)[C@@H](CC=O)C[C@@H](C)C(=O)/C=C/C(C)=C/[C@@H]1CO[C@@H]1O[C@H](C)[C@@H](O)[C@@H](OC)[C@H]1OC,CC[C@H]1OC(=O)C[C@@H](OC(C)=O)[C@H](C)[C@@H](O[C@@H]2O[C@H](C)[C@@H](O[C@H]3C[C@@](C)(O)[C@@H](OC(=O)CC(C)C)[C@H](C)O3)[C@H](N(C)C)[C@H]2OC(=O)C(CS)NC(=O)CCNC(=O)C(O)C(C)(C)CO)[C@@H](CC=O)C[C@@H](C)C(=O)/C=C/C(C)=C/[C@@H]1CO[C@@H]1O[C@H](C)[C@@H](O)[C@@H](OC)[C@H]1OC,TRUE,,-3.3289,-3.32887434
tylvalosin,Tylvalosin (Ì©Íò¾úËØ),REF_TYLVALOSIN,repository_reference,O53_attached_to_C27,53,27,C,MPM00087,(R)-Pantothenate,CC(C)(CO)C(O)C(=O)NCCC(=O)O,1,CC[C@H]1OC(=O)C[C@@H](OC(C)=O)[C@H](C)[C@@H](O[C@@H]2O[C@H](C)[C@@H](O[C@H]3C[C@@](C)(O)[C@@H](OC(=O)CC(C)C)[C@H](C)O3)[C@H](N(C)C)[C@H]2OC(=O)CCNC(=O)C(O)C(C)(C)CO)[C@@H](CC=O)C[C@@H](C)C(=O)/C=C/C(C)=C/[C@@H]1CO[C@@H]1O[C@H](C)[C@@H](O)[C@@H](OC)[C@H]1OC,CC[C@H]1OC(=O)C[C@@H](OC(C)=O)[C@H](C)[C@@H](O[C@@H]2O[C@H](C)[C@@H](O[C@H]3C[C@@](C)(O)[C@@H](OC(=O)CC(C)C)[C@H](C)O3)[C@H](N(C)C)[C@H]2OC(=O)CCNC(=O)C(O)C(C)(C)CO)[C@@H](CC=O)C[C@@H](C)C(=O)/C=C/C(C)=C/[C@@H]1CO[C@@H]1O[C@H](C)[C@@H](O)[C@@H](OC)[C@H]1OC,TRUE,,-1.7653,-1.765269156
tylvalosin,Tylvalosin (Ì©Íò¾úËØ),REF_TYLVALOSIN,repository_reference,O53_attached_to_C27,53,27,C,MPM00080,(R)-4'-Phosphopantothenate,CC(C)(COP(=O)(O)O)C(O)C(=O)NCCC(=O)O,1,CC[C@H]1OC(=O)C[C@@H](OC(C)=O)[C@H](C)[C@@H](O[C@@H]2O[C@H](C)[C@@H](O[C@H]3C[C@@](C)(O)[C@@H](OC(=O)CC(C)C)[C@H](C)O3)[C@H](N(C)C)[C@H]2OC(=O)CCNC(=O)C(O)C(C)(C)COP(=O)(O)O)[C@@H](CC=O)C[C@@H](C)C(=O)/C=C/C(C)=C/[C@@H]1CO[C@@H]1O[C@H](C)[C@@H](O)[C@@H](OC)[C@H]1OC,CC[C@H]1OC(=O)C[C@@H](OC(C)=O)[C@H](C)[C@@H](O[C@@H]2O[C@H](C)[C@@H](O[C@H]3C[C@@](C)(O)[C@@H](OC(=O)CC(C)C)[C@H](C)O3)[C@H](N(C)C)[C@H]2OC(=O)CCNC(=O)C(O)C(C)(C)COP(=O)(O)O)[C@@H](CC=O)C[C@@H](C)C(=O)/C=C/C(C)=C/[C@@H]1CO[C@@H]1O[C@H](C)[C@@H](O)[C@@H](OC)[C@H]1OC,TRUE,,-2.1577,-2.157719705
tylvalosin,Tylvalosin (Ì©Íò¾úËØ),REF_TYLVALOSIN,repository_reference,O53_attached_to_C27,53,27,C,MPM00026,"(2R)-2,3-Dihydroxy-3-methylbutanoate",CC(C)(O)C(O)C(=O)O,1,CC[C@H]1OC(=O)C[C@@H](OC(C)=O)[C@H](C)[C@@H](O[C@@H]2O[C@H](C)[C@@H](O[C@H]3C[C@@](C)(O)[C@@H](OC(=O)CC(C)C)[C@H](C)O3)[C@H](N(C)C)[C@H]2OC(=O)C(O)C(C)(C)O)[C@@H](CC=O)C[C@@H](C)C(=O)/C=C/C(C)=C/[C@@H]1CO[C@@H]1O[C@H](C)[C@@H](O)[C@@H](OC)[C@H]1OC,CC[C@H]1OC(=O)C[C@@H](OC(C)=O)[C@H](C)[C@@H](O[C@@H]2O[C@H](C)[C@@H](O[C@H]3C[C@@](C)(O)[C@@H](OC(=O)CC(C)C)[C@H](C)O3)[C@H](N(C)C)[C@H]2OC(=O)C(O)C(C)(C)O)[C@@H](CC=O)C[C@@H](C)C(=O)/C=C/C(C)=C/[C@@H]1CO[C@@H]1O[C@H](C)[C@@H](O)[C@@H](OC)[C@H]1OC,TRUE,,-1.9109,-1.910920472
tylvalosin,Tylvalosin (Ì©Íò¾úËØ),REF_TYLVALOSIN,repository_reference,O53_attached_to_C27,53,27,C,MPM00242,2-Keto-3-methylbutyric acid,CC(C)C(=O)C(=O)O,1,CC[C@H]1OC(=O)C[C@@H](OC(C)=O)[C@H](C)[C@@H](O[C@@H]2O[C@H](C)[C@@H](O[C@H]3C[C@@](C)(O)[C@@H](OC(=O)CC(C)C)[C@H](C)O3)[C@H](N(C)C)[C@H]2OC(=O)C(=O)C(C)C)[C@@H](CC=O)C[C@@H](C)C(=O)/C=C/C(C)=C/[C@@H]1CO[C@@H]1O[C@H](C)[C@@H](O)[C@@H](OC)[C@H]1OC,CC[C@H]1OC(=O)C[C@@H](OC(C)=O)[C@H](C)[C@@H](O[C@@H]2O[C@H](C)[C@@H](O[C@H]3C[C@@](C)(O)[C@@H](OC(=O)CC(C)C)[C@H](C)O3)[C@H](N(C)C)[C@H]2OC(=O)C(=O)C(C)C)[C@@H](CC=O)C[C@@H](C)C(=O)/C=C/C(C)=C/[C@@H]1CO[C@@H]1O[C@H](C)[C@@H](O)[C@@H](OC)[C@H]1OC,TRUE,,-1.5538,-1.553796144
tylvalosin,Tylvalosin (Ì©Íò¾úËØ),REF_TYLVALOSIN,repository_reference,O53_attached_to_C27,53,27,C,MPM00716,Isobutyrate,CC(C)C(=O)O,1,CC[C@H]1OC(=O)C[C@@H](OC(C)=O)[C@H](C)[C@@H](O[C@@H]2O[C@H](C)[C@@H](O[C@H]3C[C@@](C)(O)[C@@H](OC(=O)CC(C)C)[C@H](C)O3)[C@H](N(C)C)[C@H]2OC(=O)C(C)C)[C@@H](CC=O)C[C@@H](C)C(=O)/C=C/C(C)=C/[C@@H]1CO[C@@H]1O[C@H](C)[C@@H](O)[C@@H](OC)[C@H]1OC,CC[C@H]1OC(=O)C[C@@H](OC(C)=O)[C@H](C)[C@@H](O[C@@H]2O[C@H](C)[C@@H](O[C@H]3C[C@@](C)(O)[C@@H](OC(=O)CC(C)C)[C@H](C)O3)[C@H](N(C)C)[C@H]2OC(=O)C(C)C)[C@@H](CC=O)C[C@@H](C)C(=O)/C=C/C(C)=C/[C@@H]1CO[C@@H]1O[C@H](C)[C@@H](O)[C@@H](OC)[C@H]1OC,TRUE,,-1.6125,-1.612452262
tylvalosin,Tylvalosin (Ì©Íò¾úËØ),REF_TYLVALOSIN,repository_reference,O53_attached_to_C27,53,27,C,MPM01137,2-Amino-3-methylbutyric acid,CC(C)C(N)C(=O)O,1,CC[C@H]1OC(=O)C[C@@H](OC(C)=O)[C@H](C)[C@@H](O[C@@H]2O[C@H](C)[C@@H](O[C@H]3C[C@@](C)(O)[C@@H](OC(=O)CC(C)C)[C@H](C)O3)[C@H](N(C)C)[C@H]2OC(=O)C(N)C(C)C)[C@@H](CC=O)C[C@@H](C)C(=O)/C=C/C(C)=C/[C@@H]1CO[C@@H]1O[C@H](C)[C@@H](O)[C@@H](OC)[C@H]1OC,CC[C@H]1OC(=O)C[C@@H](OC(C)=O)[C@H](C)[C@@H](O[C@@H]2O[C@H](C)[C@@H](O[C@H]3C[C@@](C)(O)[C@@H](OC(=O)CC(C)C)[C@H](C)O3)[C@H](N(C)C)[C@H]2OC(=O)C(N)C(C)C)[C@@H](CC=O)C[C@@H](C)C(=O)/C=C/C(C)=C/[C@@H]1CO[C@@H]1O[C@H](C)[C@@H](O)[C@@H](OC)[C@H]1OC,TRUE,,-1.5865,-1.586475282
tylvalosin,Tylvalosin (Ì©Íò¾úËØ),REF_TYLVALOSIN,repository_reference,O53_attached_to_C27,53,27,C,MPM00260,2-Oxoisocaproate,CC(C)CC(=O)C(=O)O,1,CC[C@H]1OC(=O)C[C@@H](OC(C)=O)[C@H](C)[C@@H](O[C@@H]2O[C@H](C)[C@@H](O[C@H]3C[C@@](C)(O)[C@@H](OC(=O)CC(C)C)[C@H](C)O3)[C@H](N(C)C)[C@H]2OC(=O)C(=O)CC(C)C)[C@@H](CC=O)C[C@@H](C)C(=O)/C=C/C(C)=C/[C@@H]1CO[C@@H]1O[C@H](C)[C@@H](O)[C@@H](OC)[C@H]1OC,CC[C@H]1OC(=O)C[C@@H](OC(C)=O)[C@H](C)[C@@H](O[C@@H]2O[C@H](C)[C@@H](O[C@H]3C[C@@](C)(O)[C@@H](OC(=O)CC(C)C)[C@H](C)O3)[C@H](N(C)C)[C@H]2OC(=O)C(=O)CC(C)C)[C@@H](CC=O)C[C@@H](C)C(=O)/C=C/C(C)=C/[C@@H]1CO[C@@H]1O[C@H](C)[C@@H](O)[C@@H](OC)[C@H]1OC,TRUE,,-1.7802,-1.780212902
tylvalosin,Tylvalosin (Ì©Íò¾úËØ),REF_TYLVALOSIN,repository_reference,O53_attached_to_C27,53,27,C,MPM00720,Isovalerate,CC(C)CC(=O)O,1,CC[C@H]1OC(=O)C[C@@H](OC(C)=O)[C@H](C)[C@@H](O[C@@H]2O[C@H](C)[C@@H](O[C@H]3C[C@@](C)(O)[C@@H](OC(=O)CC(C)C)[C@H](C)O3)[C@H](N(C)C)[C@H]2OC(=O)CC(C)C)[C@@H](CC=O)C[C@@H](C)C(=O)/C=C/C(C)=C/[C@@H]1CO[C@@H]1O[C@H](C)[C@@H](O)[C@@H](OC)[C@H]1OC,CC[C@H]1OC(=O)C[C@@H](OC(C)=O)[C@H](C)[C@@H](O[C@@H]2O[C@H](C)[C@@H](O[C@H]3C[C@@](C)(O)[C@@H](OC(=O)CC(C)C)[C@H](C)O3)[C@H](N(C)C)[C@H]2OC(=O)CC(C)C)[C@@H](CC=O)C[C@@H](C)C(=O)/C=C/C(C)=C/[C@@H]1CO[C@@H]1O[C@H](C)[C@@H](O)[C@@H](OC)[C@H]1OC,TRUE,,-1.8418,-1.841824166
tylvalosin,Tylvalosin (Ì©Íò¾úËØ),REF_TYLVALOSIN,repository_reference,O53_attached_to_C27,53,27,C,MPM01055,(2S)-alpha-Leucine,CC(C)CC(N)C(=O)O,1,CC[C@H]1OC(=O)C[C@@H](OC(C)=O)[C@H](C)[C@@H](O[C@@H]2O[C@H](C)[C@@H](O[C@H]3C[C@@](C)(O)[C@@H](OC(=O)CC(C)C)[C@H](C)O3)[C@H](N(C)C)[C@H]2OC(=O)C(N)CC(C)C)[C@@H](CC=O)C[C@@H](C)C(=O)/C=C/C(C)=C/[C@@H]1CO[C@@H]1O[C@H](C)[C@@H](O)[C@@H](OC)[C@H]1OC,CC[C@H]1OC(=O)C[C@@H](OC(C)=O)[C@H](C)[C@@H](O[C@@H]2O[C@H](C)[C@@H](O[C@H]3C[C@@](C)(O)[C@@H](OC(=O)CC(C)C)[C@H](C)O3)[C@H](N(C)C)[C@H]2OC(=O)C(N)CC(C)C)[C@@H](CC=O)C[C@@H](C)C(=O)/C=C/C(C)=C/[C@@H]1CO[C@@H]1O[C@H](C)[C@@H](O)[C@@H](OC)[C@H]1OC,TRUE,,-1.6691,-1.66905358
tylvalosin,Tylvalosin (Ì©Íò¾úËØ),REF_TYLVALOSIN,repository_reference,O53_attached_to_C27,53,27,C,MPM00737,l-Alanyl-l-leucine,CC(C)CC(NC(=O)C(C)N)C(=O)O,1,CC[C@H]1OC(=O)C[C@@H](OC(C)=O)[C@H](C)[C@@H](O[C@@H]2O[C@H](C)[C@@H](O[C@H]3C[C@@](C)(O)[C@@H](OC(=O)CC(C)C)[C@H](C)O3)[C@H](N(C)C)[C@H]2OC(=O)C(CC(C)C)NC(=O)C(C)N)[C@@H](CC=O)C[C@@H](C)C(=O)/C=C/C(C)=C/[C@@H]1CO[C@@H]1O[C@H](C)[C@@H](O)[C@@H](OC)[C@H]1OC,CC[C@H]1OC(=O)C[C@@H](OC(C)=O)[C@H](C)[C@@H](O[C@@H]2O[C@H](C)[C@@H](O[C@H]3C[C@@](C)(O)[C@@H](OC(=O)CC(C)C)[C@H](C)O3)[C@H](N(C)C)[C@H]2OC(=O)C(CC(C)C)NC(=O)C(C)N)[C@@H](CC=O)C[C@@H](C)C(=O)/C=C/C(C)=C/[C@@H]1CO[C@@H]1O[C@H](C)[C@@H](O)[C@@H](OC)[C@H]1OC,TRUE,,-1.8219,-1.821914492
tylvalosin,Tylvalosin (Ì©Íò¾úËØ),REF_TYLVALOSIN,repository_reference,O53_attached_to_C27,53,27,C,MPM00675,Glycyl-L-leucine,CC(C)CC(NC(=O)CN)C(=O)O,1,CC[C@H]1OC(=O)C[C@@H](OC(C)=O)[C@H](C)[C@@H](O[C@@H]2O[C@H](C)[C@@H](O[C@H]3C[C@@](C)(O)[C@@H](OC(=O)CC(C)C)[C@H](C)O3)[C@H](N(C)C)[C@H]2OC(=O)C(CC(C)C)NC(=O)CN)[C@@H](CC=O)C[C@@H](C)C(=O)/C=C/C(C)=C/[C@@H]1CO[C@@H]1O[C@H](C)[C@@H](O)[C@@H](OC)[C@H]1OC,CC[C@H]1OC(=O)C[C@@H](OC(C)=O)[C@H](C)[C@@H](O[C@@H]2O[C@H](C)[C@@H](O[C@H]3C[C@@](C)(O)[C@@H](OC(=O)CC(C)C)[C@H](C)O3)[C@H](N(C)C)[C@H]2OC(=O)C(CC(C)C)NC(=O)CN)[C@@H](CC=O)C[C@@H](C)C(=O)/C=C/C(C)=C/[C@@H]1CO[C@@H]1O[C@H](C)[C@@H](O)[C@@H](OC)[C@H]1OC,TRUE,,-1.4452,-1.445150355
tylvalosin,Tylvalosin (Ì©Íò¾úËØ),REF_TYLVALOSIN,repository_reference,O53_attached_to_C27,53,27,C,MPM00108,(S)-methylmalonate semialdehyde,CC(C=O)C(=O)O,1,CC[C@H]1OC(=O)C[C@@H](OC(C)=O)[C@H](C)[C@@H](O[C@@H]2O[C@H](C)[C@@H](O[C@H]3C[C@@](C)(O)[C@@H](OC(=O)CC(C)C)[C@H](C)O3)[C@H](N(C)C)[C@H]2OC(=O)C(C)C=O)[C@@H](CC=O)C[C@@H](C)C(=O)/C=C/C(C)=C/[C@@H]1CO[C@@H]1O[C@H](C)[C@@H](O)[C@@H](OC)[C@H]1OC,CC[C@H]1OC(=O)C[C@@H](OC(C)=O)[C@H](C)[C@@H](O[C@@H]2O[C@H](C)[C@@H](O[C@H]3C[C@@](C)(O)[C@@H](OC(=O)CC(C)C)[C@H](C)O3)[C@H](N(C)C)[C@H]2OC(=O)C(C)C=O)[C@@H](CC=O)C[C@@H](C)C(=O)/C=C/C(C)=C/[C@@H]1CO[C@@H]1O[C@H](C)[C@@H](O)[C@@H](OC)[C@H]1OC,TRUE,,-1.766,-1.766022952
tylvalosin,Tylvalosin (Ì©Íò¾úËØ),REF_TYLVALOSIN,repository_reference,O53_attached_to_C27,53,27,C,MPM01359,D-Ala-D-Ala,CC(N)C(=O)NC(C)C(=O)O,1,CC[C@H]1OC(=O)C[C@@H](OC(C)=O)[C@H](C)[C@@H](O[C@@H]2O[C@H](C)[C@@H](O[C@H]3C[C@@](C)(O)[C@@H](OC(=O)CC(C)C)[C@H](C)O3)[C@H](N(C)C)[C@H]2OC(=O)C(C)NC(=O)C(C)N)[C@@H](CC=O)C[C@@H](C)C(=O)/C=C/C(C)=C/[C@@H]1CO[C@@H]1O[C@H](C)[C@@H](O)[C@@H](OC)[C@H]1OC,CC[C@H]1OC(=O)C[C@@H](OC(C)=O)[C@H](C)[C@@H](O[C@@H]2O[C@H](C)[C@@H](O[C@H]3C[C@@](C)(O)[C@@H](OC(=O)CC(C)C)[C@H](C)O3)[C@H](N(C)C)[C@H]2OC(=O)C(C)NC(=O)C(C)N)[C@@H](CC=O)C[C@@H](C)C(=O)/C=C/C(C)=C/[C@@H]1CO[C@@H]1O[C@H](C)[C@@H](O)[C@@H](OC)[C@H]1OC,TRUE,,-1.3756,-1.375558786
tylvalosin,Tylvalosin (Ì©Íò¾úËØ),REF_TYLVALOSIN,repository_reference,O53_attached_to_C27,53,27,C,MPM00736,l-Alanyl-l-glutamine,CC(N)C(=O)NC(CCC(N)=O)C(=O)O,1,CC[C@H]1OC(=O)C[C@@H](OC(C)=O)[C@H](C)[C@@H](O[C@@H]2O[C@H](C)[C@@H](O[C@H]3C[C@@](C)(O)[C@@H](OC(=O)CC(C)C)[C@H](C)O3)[C@H](N(C)C)[C@H]2OC(=O)C(CCC(N)=O)NC(=O)C(C)N)[C@@H](CC=O)C[C@@H](C)C(=O)/C=C/C(C)=C/[C@@H]1CO[C@@H]1O[C@H](C)[C@@H](O)[C@@H](OC)[C@H]1OC,CC[C@H]1OC(=O)C[C@@H](OC(C)=O)[C@H](C)[C@@H](O[C@@H]2O[C@H](C)[C@@H](O[C@H]3C[C@@](C)(O)[C@@H](OC(=O)CC(C)C)[C@H](C)O3)[C@H](N(C)C)[C@H]2OC(=O)C(CCC(N)=O)NC(=O)C(C)N)[C@@H](CC=O)C[C@@H](C)C(=O)/C=C/C(C)=C/[C@@H]1CO[C@@H]1O[C@H](C)[C@@H](O)[C@@H](OC)[C@H]1OC,TRUE,,-1.3517,-1.351668433
tylvalosin,Tylvalosin (Ì©Íò¾úËØ),REF_TYLVALOSIN,repository_reference,O53_attached_to_C27,53,27,C,MPM00440,Ala-His,CC(N)C(=O)NC(Cc1cnc[nH]1)C(=O)O,1,CC[C@H]1OC(=O)C[C@@H](OC(C)=O)[C@H](C)[C@@H](O[C@@H]2O[C@H](C)[C@@H](O[C@H]3C[C@@](C)(O)[C@@H](OC(=O)CC(C)C)[C@H](C)O3)[C@H](N(C)C)[C@H]2OC(=O)C(Cc2cnc[nH]2)NC(=O)C(C)N)[C@@H](CC=O)C[C@@H](C)C(=O)/C=C/C(C)=C/[C@@H]1CO[C@@H]1O[C@H](C)[C@@H](O)[C@@H](OC)[C@H]1OC,CC[C@H]1OC(=O)C[C@@H](OC(C)=O)[C@H](C)[C@@H](O[C@@H]2O[C@H](C)[C@@H](O[C@H]3C[C@@](C)(O)[C@@H](OC(=O)CC(C)C)[C@H](C)O3)[C@H](N(C)C)[C@H]2OC(=O)C(Cc2cnc[nH]2)NC(=O)C(C)N)[C@@H](CC=O)C[C@@H](C)C(=O)/C=C/C(C)=C/[C@@H]1CO[C@@H]1O[C@H](C)[C@@H](O)[C@@H](OC)[C@H]1OC,TRUE,,-1.6165,-1.616493807
tylvalosin,Tylvalosin (Ì©Íò¾úËØ),REF_TYLVALOSIN,repository_reference,O53_attached_to_C27,53,27,C,MPM00441,Alanylglycine,CC(N)C(=O)NCC(=O)O,1,CC[C@H]1OC(=O)C[C@@H](OC(C)=O)[C@H](C)[C@@H](O[C@@H]2O[C@H](C)[C@@H](O[C@H]3C[C@@](C)(O)[C@@H](OC(=O)CC(C)C)[C@H](C)O3)[C@H](N(C)C)[C@H]2OC(=O)CNC(=O)C(C)N)[C@@H](CC=O)C[C@@H](C)C(=O)/C=C/C(C)=C/[C@@H]1CO[C@@H]1O[C@H](C)[C@@H](O)[C@@H](OC)[C@H]1OC,CC[C@H]1OC(=O)C[C@@H](OC(C)=O)[C@H](C)[C@@H](O[C@@H]2O[C@H](C)[C@@H](O[C@H]3C[C@@](C)(O)[C@@H](OC(=O)CC(C)C)[C@H](C)O3)[C@H](N(C)C)[C@H]2OC(=O)CNC(=O)C(C)N)[C@@H](CC=O)C[C@@H](C)C(=O)/C=C/C(C)=C/[C@@H]1CO[C@@H]1O[C@H](C)[C@@H](O)[C@@H](OC)[C@H]1OC,TRUE,,-1.1869,-1.18694598
tylvalosin,Tylvalosin (Ì©Íò¾úËØ),REF_TYLVALOSIN,repository_reference,O53_attached_to_C27,53,27,C,MPM01358,D-Ala,CC(N)C(=O)O,1,CC[C@H]1OC(=O)C[C@@H](OC(C)=O)[C@H](C)[C@@H](O[C@@H]2O[C@H](C)[C@@H](O[C@H]3C[C@@](C)(O)[C@@H](OC(=O)CC(C)C)[C@H](C)O3)[C@H](N(C)C)[C@H]2OC(=O)C(C)N)[C@@H](CC=O)C[C@@H](C)C(=O)/C=C/C(C)=C/[C@@H]1CO[C@@H]1O[C@H](C)[C@@H](O)[C@@H](OC)[C@H]1OC,CC[C@H]1OC(=O)C[C@@H](OC(C)=O)[C@H](C)[C@@H](O[C@@H]2O[C@H](C)[C@@H](O[C@H]3C[C@@](C)(O)[C@@H](OC(=O)CC(C)C)[C@H](C)O3)[C@H](N(C)C)[C@H]2OC(=O)C(C)N)[C@@H](CC=O)C[C@@H](C)C(=O)/C=C/C(C)=C/[C@@H]1CO[C@@H]1O[C@H](C)[C@@H](O)[C@@H](OC)[C@H]1OC,TRUE,,-1.2255,-1.225521187
tylvalosin,Tylvalosin (Ì©Íò¾úËØ),REF_TYLVALOSIN,repository_reference,O53_attached_to_C27,53,27,C,MPM00548,DAPA,CC(N)C(N)CCCCCC(=O)O,1,CC[C@H]1OC(=O)C[C@@H](OC(C)=O)[C@H](C)[C@@H](O[C@@H]2O[C@H](C)[C@@H](O[C@H]3C[C@@](C)(O)[C@@H](OC(=O)CC(C)C)[C@H](C)O3)[C@H](N(C)C)[C@H]2OC(=O)CCCCCC(N)C(C)N)[C@@H](CC=O)C[C@@H](C)C(=O)/C=C/C(C)=C/[C@@H]1CO[C@@H]1O[C@H](C)[C@@H](O)[C@@H](OC)[C@H]1OC,CC[C@H]1OC(=O)C[C@@H](OC(C)=O)[C@H](C)[C@@H](O[C@@H]2O[C@H](C)[C@@H](O[C@H]3C[C@@](C)(O)[C@@H](OC(=O)CC(C)C)[C@H](C)O3)[C@H](N(C)C)[C@H]2OC(=O)CCCCCC(N)C(C)N)[C@@H](CC=O)C[C@@H](C)C(=O)/C=C/C(C)=C/[C@@H]1CO[C@@H]1O[C@H](C)[C@@H](O)[C@@H](OC)[C@H]1OC,TRUE,,-1.7228,-1.722782521
tylvalosin,Tylvalosin (Ì©Íò¾úËØ),REF_TYLVALOSIN,repository_reference,O53_attached_to_C27,53,27,C,MPM00031,"(2R,4S)-2,4-diaminopentanoic acid",CC(N)CC(N)C(=O)O,1,CC[C@H]1OC(=O)C[C@@H](OC(C)=O)[C@H](C)[C@@H](O[C@@H]2O[C@H](C)[C@@H](O[C@H]3C[C@@](C)(O)[C@@H](OC(=O)CC(C)C)[C@H](C)O3)[C@H](N(C)C)[C@H]2OC(=O)C(N)CC(C)N)[C@@H](CC=O)C[C@@H](C)C(=O)/C=C/C(C)=C/[C@@H]1CO[C@@H]1O[C@H](C)[C@@H](O)[C@@H](OC)[C@H]1OC,CC[C@H]1OC(=O)C[C@@H](OC(C)=O)[C@H](C)[C@@H](O[C@@H]2O[C@H](C)[C@@H](O[C@H]3C[C@@](C)(O)[C@@H](OC(=O)CC(C)C)[C@H](C)O3)[C@H](N(C)C)[C@H]2OC(=O)C(N)CC(C)N)[C@@H](CC=O)C[C@@H](C)C(=O)/C=C/C(C)=C/[C@@H]1CO[C@@H]1O[C@H](C)[C@@H](O)[C@@H](OC)[C@H]1OC,TRUE,,-1.292,-1.291997704
tylvalosin,Tylvalosin (Ì©Íò¾úËØ),REF_TYLVALOSIN,repository_reference,O53_attached_to_C27,53,27,C,MPM00051,"(3S,5S)-3,5-diaminohexanoic acid",CC(N)CC(N)CC(=O)O,1,CC[C@H]1OC(=O)C[C@@H](OC(C)=O)[C@H](C)[C@@H](O[C@@H]2O[C@H](C)[C@@H](O[C@H]3C[C@@](C)(O)[C@@H](OC(=O)CC(C)C)[C@H](C)O3)[C@H](N(C)C)[C@H]2OC(=O)CC(N)CC(C)N)[C@@H](CC=O)C[C@@H](C)C(=O)/C=C/C(C)=C/[C@@H]1CO[C@@H]1O[C@H](C)[C@@H](O)[C@@H](OC)[C@H]1OC,CC[C@H]1OC(=O)C[C@@H](OC(C)=O)[C@H](C)[C@@H](O[C@@H]2O[C@H](C)[C@@H](O[C@H]3C[C@@](C)(O)[C@@H](OC(=O)CC(C)C)[C@H](C)O3)[C@H](N(C)C)[C@H]2OC(=O)CC(N)CC(C)N)[C@@H](CC=O)C[C@@H](C)C(=O)/C=C/C(C)=C/[C@@H]1CO[C@@H]1O[C@H](C)[C@@H](O)[C@@H](OC)[C@H]1OC,TRUE,,-1.5482,-1.548155992
tylvalosin,Tylvalosin (Ì©Íò¾úËØ),REF_TYLVALOSIN,repository_reference,O53_attached_to_C27,53,27,C,MPM00083,(R)-mevalonate,CC(O)(CCO)CC(=O)O,1,CC[C@H]1OC(=O)C[C@@H](OC(C)=O)[C@H](C)[C@@H](O[C@@H]2O[C@H](C)[C@@H](O[C@H]3C[C@@](C)(O)[C@@H](OC(=O)CC(C)C)[C@H](C)O3)[C@H](N(C)C)[C@H]2OC(=O)CC(C)(O)CCO)[C@@H](CC=O)C[C@@H](C)C(=O)/C=C/C(C)=C/[C@@H]1CO[C@@H]1O[C@H](C)[C@@H](O)[C@@H](OC)[C@H]1OC,CC[C@H]1OC(=O)C[C@@H](OC(C)=O)[C@H](C)[C@@H](O[C@@H]2O[C@H](C)[C@@H](O[C@H]3C[C@@](C)(O)[C@@H](OC(=O)CC(C)C)[C@H](C)O3)[C@H](N(C)C)[C@H]2OC(=O)CC(C)(O)CCO)[C@@H](CC=O)C[C@@H](C)C(=O)/C=C/C(C)=C/[C@@H]1CO[C@@H]1O[C@H](C)[C@@H](O)[C@@H](OC)[C@H]1OC,TRUE,,-1.9873,-1.987294142
tylvalosin,Tylvalosin (Ì©Íò¾úËØ),REF_TYLVALOSIN,repository_reference,O53_attached_to_C27,53,27,C,MPM00081,(R)-5-Diphosphomevalonate,CC(O)(CCOP(=O)(O)OP(=O)(O)O)CC(=O)O,1,CC[C@H]1OC(=O)C[C@@H](OC(C)=O)[C@H](C)[C@@H](O[C@@H]2O[C@H](C)[C@@H](O[C@H]3C[C@@](C)(O)[C@@H](OC(=O)CC(C)C)[C@H](C)O3)[C@H](N(C)C)[C@H]2OC(=O)CC(C)(O)CCOP(=O)(O)OP(=O)(O)O)[C@@H](CC=O)C[C@@H](C)C(=O)/C=C/C(C)=C/[C@@H]1CO[C@@H]1O[C@H](C)[C@@H](O)[C@@H](OC)[C@H]1OC,CC[C@H]1OC(=O)C[C@@H](OC(C)=O)[C@H](C)[C@@H](O[C@@H]2O[C@H](C)[C@@H](O[C@H]3C[C@@](C)(O)[C@@H](OC(=O)CC(C)C)[C@H](C)O3)[C@H](N(C)C)[C@H]2OC(=O)CC(C)(O)CCOP(=O)(O)OP(=O)(O)O)[C@@H](CC=O)C[C@@H](C)C(=O)/C=C/C(C)=C/[C@@H]1CO[C@@H]1O[C@H](C)[C@@H](O)[C@@H](OC)[C@H]1OC,TRUE,,-2.8581,-2.858083502
tylvalosin,Tylvalosin (Ì©Íò¾úËØ),REF_TYLVALOSIN,repository_reference,O53_attached_to_C27,53,27,C,MPM00543,D-2-Hydroxypropionic acid,CC(O)C(=O)O,1,CC[C@H]1OC(=O)C[C@@H](OC(C)=O)[C@H](C)[C@@H](O[C@@H]2O[C@H](C)[C@@H](O[C@H]3C[C@@](C)(O)[C@@H](OC(=O)CC(C)C)[C@H](C)O3)[C@H](N(C)C)[C@H]2OC(=O)C(C)O)[C@@H](CC=O)C[C@@H](C)C(=O)/C=C/C(C)=C/[C@@H]1CO[C@@H]1O[C@H](C)[C@@H](O)[C@@H](OC)[C@H]1OC,CC[C@H]1OC(=O)C[C@@H](OC(C)=O)[C@H](C)[C@@H](O[C@@H]2O[C@H](C)[C@@H](O[C@H]3C[C@@](C)(O)[C@@H](OC(=O)CC(C)C)[C@H](C)O3)[C@H](N(C)C)[C@H]2OC(=O)C(C)O)[C@@H](CC=O)C[C@@H](C)C(=O)/C=C/C(C)=C/[C@@H]1CO[C@@H]1O[C@H](C)[C@@H](O)[C@@H](OC)[C@H]1OC,TRUE,,-1.5216,-1.521561066
tylvalosin,Tylvalosin (Ì©Íò¾úËØ),REF_TYLVALOSIN,repository_reference,O53_attached_to_C27,53,27,C,MPM01136,2-Amino-3-hydroxybutyric acid,CC(O)C(N)C(=O)O,1,CC[C@H]1OC(=O)C[C@@H](OC(C)=O)[C@H](C)[C@@H](O[C@@H]2O[C@H](C)[C@@H](O[C@H]3C[C@@](C)(O)[C@@H](OC(=O)CC(C)C)[C@H](C)O3)[C@H](N(C)C)[C@H]2OC(=O)C(N)C(C)O)[C@@H](CC=O)C[C@@H](C)C(=O)/C=C/C(C)=C/[C@@H]1CO[C@@H]1O[C@H](C)[C@@H](O)[C@@H](OC)[C@H]1OC,CC[C@H]1OC(=O)C[C@@H](OC(C)=O)[C@H](C)[C@@H](O[C@@H]2O[C@H](C)[C@@H](O[C@H]3C[C@@](C)(O)[C@@H](OC(=O)CC(C)C)[C@H](C)O3)[C@H](N(C)C)[C@H]2OC(=O)C(N)C(C)O)[C@@H](CC=O)C[C@@H](C)C(=O)/C=C/C(C)=C/[C@@H]1CO[C@@H]1O[C@H](C)[C@@H](O)[C@@H](OC)[C@H]1OC,TRUE,,-1.4779,-1.477885691
tylvalosin,Tylvalosin (Ì©Íò¾úËØ),REF_TYLVALOSIN,repository_reference,O53_attached_to_C27,53,27,C,MPM00551,D-beta-Hydroxybutyric acid,CC(O)CC(=O)O,1,CC[C@H]1OC(=O)C[C@@H](OC(C)=O)[C@H](C)[C@@H](O[C@@H]2O[C@H](C)[C@@H](O[C@H]3C[C@@](C)(O)[C@@H](OC(=O)CC(C)C)[C@H](C)O3)[C@H](N(C)C)[C@H]2OC(=O)CC(C)O)[C@@H](CC=O)C[C@@H](C)C(=O)/C=C/C(C)=C/[C@@H]1CO[C@@H]1O[C@H](C)[C@@H](O)[C@@H](OC)[C@H]1OC,CC[C@H]1OC(=O)C[C@@H](OC(C)=O)[C@H](C)[C@@H](O[C@@H]2O[C@H](C)[C@@H](O[C@H]3C[C@@](C)(O)[C@@H](OC(=O)CC(C)C)[C@H](C)O3)[C@H](N(C)C)[C@H]2OC(=O)CC(C)O)[C@@H](CC=O)C[C@@H](C)C(=O)/C=C/C(C)=C/[C@@H]1CO[C@@H]1O[C@H](C)[C@@H](O)[C@@H](OC)[C@H]1OC,TRUE,,-1.6699,-1.66994443
tylvalosin,Tylvalosin (Ì©Íò¾úËØ),REF_TYLVALOSIN,repository_reference,O53_attached_to_C27,53,27,C,MPM00843,O-Phospho-L-threonine,CC(OP(=O)(O)O)C(N)C(=O)O,1,CC[C@H]1OC(=O)C[C@@H](OC(C)=O)[C@H](C)[C@@H](O[C@@H]2O[C@H](C)[C@@H](O[C@H]3C[C@@](C)(O)[C@@H](OC(=O)CC(C)C)[C@H](C)O3)[C@H](N(C)C)[C@H]2OC(=O)C(N)C(C)OP(=O)(O)O)[C@@H](CC=O)C[C@@H](C)C(=O)/C=C/C(C)=C/[C@@H]1CO[C@@H]1O[C@H](C)[C@@H](O)[C@@H](OC)[C@H]1OC,CC[C@H]1OC(=O)C[C@@H](OC(C)=O)[C@H](C)[C@@H](O[C@@H]2O[C@H](C)[C@@H](O[C@H]3C[C@@](C)(O)[C@@H](OC(=O)CC(C)C)[C@H](C)O3)[C@H](N(C)C)[C@H]2OC(=O)C(N)C(C)OP(=O)(O)O)[C@@H](CC=O)C[C@@H](C)C(=O)/C=C/C(C)=C/[C@@H]1CO[C@@H]1O[C@H](C)[C@@H](O)[C@@H](OC)[C@H]1OC,TRUE,,-1.7644,-1.764427859
tylvalosin,Tylvalosin (Ì©Íò¾úËØ),REF_TYLVALOSIN,repository_reference,O53_attached_to_C27,53,27,C,MPM00465,Ampicillin,CC1(C)SC2C(NC(=O)C(N)c3ccccc3)C(=O)N2C1C(=O)O,1,CC[C@H]1OC(=O)C[C@@H](OC(C)=O)[C@H](C)[C@@H](O[C@@H]2O[C@H](C)[C@@H](O[C@H]3C[C@@](C)(O)[C@@H](OC(=O)CC(C)C)[C@H](C)O3)[C@H](N(C)C)[C@H]2OC(=O)C2N3C(=O)C(NC(=O)C(N)c4ccccc4)C3SC2(C)C)[C@@H](CC=O)C[C@@H](C)C(=O)/C=C/C(C)=C/[C@@H]1CO[C@@H]1O[C@H](C)[C@@H](O)[C@@H](OC)[C@H]1OC,CC[C@H]1OC(=O)C[C@@H](OC(C)=O)[C@H](C)[C@@H](O[C@@H]2O[C@H](C)[C@@H](O[C@H]3C[C@@](C)(O)[C@@H](OC(=O)CC(C)C)[C@H](C)O3)[C@H](N(C)C)[C@H]2OC(=O)C2N3C(=O)C(NC(=O)C(N)c4ccccc4)C3SC2(C)C)[C@@H](CC=O)C[C@@H](C)C(=O)/C=C/C(C)=C/[C@@H]1CO[C@@H]1O[C@H](C)[C@@H](O)[C@@H](OC)[C@H]1OC,TRUE,,-2.6845,-2.684521404
tylvalosin,Tylvalosin (Ì©Íò¾úËØ),REF_TYLVALOSIN,repository_reference,O53_attached_to_C27,53,27,C,MPM00566,Desthiobiotin,CC1NC(=O)NC1CCCCCC(=O)O,1,CC[C@H]1OC(=O)C[C@@H](OC(C)=O)[C@H](C)[C@@H](O[C@@H]2O[C@H](C)[C@@H](O[C@H]3C[C@@](C)(O)[C@@H](OC(=O)CC(C)C)[C@H](C)O3)[C@H](N(C)C)[C@H]2OC(=O)CCCCCC2NC(=O)NC2C)[C@@H](CC=O)C[C@@H](C)C(=O)/C=C/C(C)=C/[C@@H]1CO[C@@H]1O[C@H](C)[C@@H](O)[C@@H](OC)[C@H]1OC,CC[C@H]1OC(=O)C[C@@H](OC(C)=O)[C@H](C)[C@@H](O[C@@H]2O[C@H](C)[C@@H](O[C@H]3C[C@@](C)(O)[C@@H](OC(=O)CC(C)C)[C@H](C)O3)[C@H](N(C)C)[C@H]2OC(=O)CCCCCC2NC(=O)NC2C)[C@@H](CC=O)C[C@@H](C)C(=O)/C=C/C(C)=C/[C@@H]1CO[C@@H]1O[C@H](C)[C@@H](O)[C@@H](OC)[C@H]1OC,TRUE,,-2.4205,-2.420507095
tylvalosin,Tylvalosin (Ì©Íò¾úËØ),REF_TYLVALOSIN,repository_reference,O53_attached_to_C27,53,27,C,MPM00458,alpha-Ketobutyrate,CCC(=O)C(=O)O,1,CCC(=O)C(=O)O[C@H]1[C@H](O[C@H]2[C@@H](CC=O)C[C@@H](C)C(=O)/C=C/C(C)=C/[C@H](CO[C@@H]3O[C@H](C)[C@@H](O)[C@@H](OC)[C@H]3OC)[C@@H](CC)OC(=O)C[C@@H](OC(C)=O)[C@@H]2C)O[C@H](C)[C@@H](O[C@H]2C[C@@](C)(O)[C@@H](OC(=O)CC(C)C)[C@H](C)O2)[C@@H]1N(C)C,CCC(=O)C(=O)O[C@H]1[C@H](O[C@H]2[C@@H](CC=O)C[C@@H](C)C(=O)/C=C/C(C)=C/[C@H](CO[C@@H]3O[C@H](C)[C@@H](O)[C@@H](OC)[C@H]3OC)[C@@H](CC)OC(=O)C[C@@H](OC(C)=O)[C@@H]2C)O[C@H](C)[C@@H](O[C@H]2C[C@@](C)(O)[C@@H](OC(=O)CC(C)C)[C@H](C)O2)[C@@H]1N(C)C,TRUE,,-1.3841,-1.38406929
tylvalosin,Tylvalosin (Ì©Íò¾úËØ),REF_TYLVALOSIN,repository_reference,O53_attached_to_C27,53,27,C,MPM00908,propionate,CCC(=O)O,1,CCC(=O)O[C@H]1[C@H](O[C@H]2[C@@H](CC=O)C[C@@H](C)C(=O)/C=C/C(C)=C/[C@H](CO[C@@H]3O[C@H](C)[C@@H](O)[C@@H](OC)[C@H]3OC)[C@@H](CC)OC(=O)C[C@@H](OC(C)=O)[C@@H]2C)O[C@H](C)[C@@H](O[C@H]2C[C@@](C)(O)[C@@H](OC(=O)CC(C)C)[C@H](C)O2)[C@@H]1N(C)C,CCC(=O)O[C@H]1[C@H](O[C@H]2[C@@H](CC=O)C[C@@H](C)C(=O)/C=C/C(C)=C/[C@H](CO[C@@H]3O[C@H](C)[C@@H](O)[C@@H](OC)[C@H]3OC)[C@@H](CC)OC(=O)C[C@@H](OC(C)=O)[C@@H]2C)O[C@H](C)[C@@H](O[C@H]2C[C@@](C)(O)[C@@H](OC(=O)CC(C)C)[C@H](C)O2)[C@@H]1N(C)C,TRUE,,-1.4458,-1.445753546
tylvalosin,Tylvalosin (Ì©Íò¾úËØ),REF_TYLVALOSIN,repository_reference,O53_attached_to_C27,53,27,C,MPM00078,(R)-3-Hydroxy-3-methyl-2-oxopentanoate,CCC(C)(O)C(=O)C(=O)O,1,CC[C@H]1OC(=O)C[C@@H](OC(C)=O)[C@H](C)[C@@H](O[C@@H]2O[C@H](C)[C@@H](O[C@H]3C[C@@](C)(O)[C@@H](OC(=O)CC(C)C)[C@H](C)O3)[C@H](N(C)C)[C@H]2OC(=O)C(=O)C(C)(O)CC)[C@@H](CC=O)C[C@@H](C)C(=O)/C=C/C(C)=C/[C@@H]1CO[C@@H]1O[C@H](C)[C@@H](O)[C@@H](OC)[C@H]1OC,CC[C@H]1OC(=O)C[C@@H](OC(C)=O)[C@H](C)[C@@H](O[C@@H]2O[C@H](C)[C@@H](O[C@H]3C[C@@](C)(O)[C@@H](OC(=O)CC(C)C)[C@H](C)O3)[C@H](N(C)C)[C@H]2OC(=O)C(=O)C(C)(O)CC)[C@@H](CC=O)C[C@@H](C)C(=O)/C=C/C(C)=C/[C@@H]1CO[C@@H]1O[C@H](C)[C@@H](O)[C@@H](OC)[C@H]1OC,TRUE,,-1.5926,-1.592627367
tylvalosin,Tylvalosin (Ì©Íò¾úËØ),REF_TYLVALOSIN,repository_reference,O53_attached_to_C27,53,27,C,MPM00028,"(2R,3R)-2,3-Dihydroxy-3-methylpentanoate",CCC(C)(O)C(O)C(=O)O,1,CC[C@H]1OC(=O)C[C@@H](OC(C)=O)[C@H](C)[C@@H](O[C@@H]2O[C@H](C)[C@@H](O[C@H]3C[C@@](C)(O)[C@@H](OC(=O)CC(C)C)[C@H](C)O3)[C@H](N(C)C)[C@H]2OC(=O)C(O)C(C)(O)CC)[C@@H](CC=O)C[C@@H](C)C(=O)/C=C/C(C)=C/[C@@H]1CO[C@@H]1O[C@H](C)[C@@H](O)[C@@H](OC)[C@H]1OC,CC[C@H]1OC(=O)C[C@@H](OC(C)=O)[C@H](C)[C@@H](O[C@@H]2O[C@H](C)[C@@H](O[C@H]3C[C@@](C)(O)[C@@H](OC(=O)CC(C)C)[C@H](C)O3)[C@H](N(C)C)[C@H]2OC(=O)C(O)C(C)(O)CC)[C@@H](CC=O)C[C@@H](C)C(=O)/C=C/C(C)=C/[C@@H]1CO[C@@H]1O[C@H](C)[C@@H](O)[C@@H](OC)[C@H]1OC,TRUE,,-1.9491,-1.949131007
tylvalosin,Tylvalosin (Ì©Íò¾úËØ),REF_TYLVALOSIN,repository_reference,O53_attached_to_C27,53,27,C,MPM00050,(3S)-3-Methyl-2-oxopentanoate,CCC(C)C(=O)C(=O)O,1,CCC(C)C(=O)C(=O)O[C@H]1[C@H](O[C@H]2[C@@H](CC=O)C[C@@H](C)C(=O)/C=C/C(C)=C/[C@H](CO[C@@H]3O[C@H](C)[C@@H](O)[C@@H](OC)[C@H]3OC)[C@@H](CC)OC(=O)C[C@@H](OC(C)=O)[C@@H]2C)O[C@H](C)[C@@H](O[C@H]2C[C@@](C)(O)[C@@H](OC(=O)CC(C)C)[C@H](C)O2)[C@@H]1N(C)C,CCC(C)C(=O)C(=O)O[C@H]1[C@H](O[C@H]2[C@@H](CC=O)C[C@@H](C)C(=O)/C=C/C(C)=C/[C@H](CO[C@@H]3O[C@H](C)[C@@H](O)[C@@H](OC)[C@H]3OC)[C@@H](CC)OC(=O)C[C@@H](OC(C)=O)[C@@H]2C)O[C@H](C)[C@@H](O[C@H]2C[C@@](C)(O)[C@@H](OC(=O)CC(C)C)[C@H](C)O2)[C@@H]1N(C)C,TRUE,,-1.6021,-1.602067463
tylvalosin,Tylvalosin (Ì©Íò¾úËØ),REF_TYLVALOSIN,repository_reference,O53_attached_to_C27,53,27,C,MPM01138,2-Amino-3-methylvaleric acid,CCC(C)C(N)C(=O)O,1,CCC(C)C(N)C(=O)O[C@H]1[C@H](O[C@H]2[C@@H](CC=O)C[C@@H](C)C(=O)/C=C/C(C)=C/[C@H](CO[C@@H]3O[C@H](C)[C@@H](O)[C@@H](OC)[C@H]3OC)[C@@H](CC)OC(=O)C[C@@H](OC(C)=O)[C@@H]2C)O[C@H](C)[C@@H](O[C@H]2C[C@@](C)(O)[C@@H](OC(=O)CC(C)C)[C@H](C)O2)[C@@H]1N(C)C,CCC(C)C(N)C(=O)O[C@H]1[C@H](O[C@H]2[C@@H](CC=O)C[C@@H](C)C(=O)/C=C/C(C)=C/[C@H](CO[C@@H]3O[C@H](C)[C@@H](O)[C@@H](OC)[C@H]3OC)[C@@H](CC)OC(=O)C[C@@H](OC(C)=O)[C@@H]2C)O[C@H](C)[C@@H](O[C@H]2C[C@@](C)(O)[C@@H](OC(=O)CC(C)C)[C@H](C)O2)[C@@H]1N(C)C,TRUE,,-1.6422,-1.642156179
tylvalosin,Tylvalosin (Ì©Íò¾úËØ),REF_TYLVALOSIN,repository_reference,O53_attached_to_C27,53,27,C,MPM00029,"(2R,3R)-2-hydroxy-3-methylpentanoic acid",CCC(C)C(O)C(=O)O,1,CCC(C)C(O)C(=O)O[C@H]1[C@H](O[C@H]2[C@@H](CC=O)C[C@@H](C)C(=O)/C=C/C(C)=C/[C@H](CO[C@@H]3O[C@H](C)[C@@H](O)[C@@H](OC)[C@H]3OC)[C@@H](CC)OC(=O)C[C@@H](OC(C)=O)[C@@H]2C)O[C@H](C)[C@@H](O[C@H]2C[C@@](C)(O)[C@@H](OC(=O)CC(C)C)[C@H](C)O2)[C@@H]1N(C)C,CCC(C)C(O)C(=O)O[C@H]1[C@H](O[C@H]2[C@@H](CC=O)C[C@@H](C)C(=O)/C=C/C(C)=C/[C@H](CO[C@@H]3O[C@H](C)[C@@H](O)[C@@H](OC)[C@H]3OC)[C@@H](CC)OC(=O)C[C@@H](OC(C)=O)[C@@H]2C)O[C@H](C)[C@@H](O[C@H]2C[C@@](C)(O)[C@@H](OC(=O)CC(C)C)[C@H](C)O2)[C@@H]1N(C)C,TRUE,,-1.9383,-1.938256853
tylvalosin,Tylvalosin (Ì©Íò¾úËØ),REF_TYLVALOSIN,repository_reference,O53_attached_to_C27,53,27,C,MPM00094,(S)-2-Hydroxy-2-ethyl-3-oxobutanoate,CCC(O)(C(C)=O)C(=O)O,1,CC[C@H]1OC(=O)C[C@@H](OC(C)=O)[C@H](C)[C@@H](O[C@@H]2O[C@H](C)[C@@H](O[C@H]3C[C@@](C)(O)[C@@H](OC(=O)CC(C)C)[C@H](C)O3)[C@H](N(C)C)[C@H]2OC(=O)C(O)(CC)C(C)=O)[C@@H](CC=O)C[C@@H](C)C(=O)/C=C/C(C)=C/[C@@H]1CO[C@@H]1O[C@H](C)[C@@H](O)[C@@H](OC)[C@H]1OC,CC[C@H]1OC(=O)C[C@@H](OC(C)=O)[C@H](C)[C@@H](O[C@@H]2O[C@H](C)[C@@H](O[C@H]3C[C@@](C)(O)[C@@H](OC(=O)CC(C)C)[C@H](C)O3)[C@H](N(C)C)[C@H]2OC(=O)C(O)(CC)C(C)=O)[C@@H](CC=O)C[C@@H](C)C(=O)/C=C/C(C)=C/[C@@H]1CO[C@@H]1O[C@H](C)[C@@H](O)[C@@H](OC)[C@H]1OC,TRUE,,-1.868,-1.86798768
tylvalosin,Tylvalosin (Ì©Íò¾úËØ),REF_TYLVALOSIN,repository_reference,O53_attached_to_C27,53,27,C,MPM00302,3-Hydroxypentanoic acid,CCC(O)CC(=O)O,1,CCC(O)CC(=O)O[C@H]1[C@H](O[C@H]2[C@@H](CC=O)C[C@@H](C)C(=O)/C=C/C(C)=C/[C@H](CO[C@@H]3O[C@H](C)[C@@H](O)[C@@H](OC)[C@H]3OC)[C@@H](CC)OC(=O)C[C@@H](OC(C)=O)[C@@H]2C)O[C@H](C)[C@@H](O[C@H]2C[C@@](C)(O)[C@@H](OC(=O)CC(C)C)[C@H](C)O2)[C@@H]1N(C)C,CCC(O)CC(=O)O[C@H]1[C@H](O[C@H]2[C@@H](CC=O)C[C@@H](C)C(=O)/C=C/C(C)=C/[C@H](CO[C@@H]3O[C@H](C)[C@@H](O)[C@@H](OC)[C@H]3OC)[C@@H](CC)OC(=O)C[C@@H](OC(C)=O)[C@@H]2C)O[C@H](C)[C@@H](O[C@H]2C[C@@](C)(O)[C@@H](OC(=O)CC(C)C)[C@H](C)O2)[C@@H]1N(C)C,TRUE,,-1.7146,-1.714608601
tylvalosin,Tylvalosin (Ì©Íò¾úËØ),REF_TYLVALOSIN,repository_reference,O53_attached_to_C27,53,27,C,MPM00496,butyrate,CCCC(=O)O,1,CCCC(=O)O[C@H]1[C@H](O[C@H]2[C@@H](CC=O)C[C@@H](C)C(=O)/C=C/C(C)=C/[C@H](CO[C@@H]3O[C@H](C)[C@@H](O)[C@@H](OC)[C@H]3OC)[C@@H](CC)OC(=O)C[C@@H](OC(C)=O)[C@@H]2C)O[C@H](C)[C@@H](O[C@H]2C[C@@](C)(O)[C@@H](OC(=O)CC(C)C)[C@H](C)O2)[C@@H]1N(C)C,CCCC(=O)O[C@H]1[C@H](O[C@H]2[C@@H](CC=O)C[C@@H](C)C(=O)/C=C/C(C)=C/[C@H](CO[C@@H]3O[C@H](C)[C@@H](O)[C@@H](OC)[C@H]3OC)[C@@H](CC)OC(=O)C[C@@H](OC(C)=O)[C@@H]2C)O[C@H](C)[C@@H](O[C@H]2C[C@@](C)(O)[C@@H](OC(=O)CC(C)C)[C@H](C)O2)[C@@H]1N(C)C,TRUE,,-1.5031,-1.503060822
tylvalosin,Tylvalosin (Ì©Íò¾úËØ),REF_TYLVALOSIN,repository_reference,O53_attached_to_C27,53,27,C,MPM00298,3-Hydroxyhexanoic acid,CCCC(O)CC(=O)O,1,CCCC(O)CC(=O)O[C@H]1[C@H](O[C@H]2[C@@H](CC=O)C[C@@H](C)C(=O)/C=C/C(C)=C/[C@H](CO[C@@H]3O[C@H](C)[C@@H](O)[C@@H](OC)[C@H]3OC)[C@@H](CC)OC(=O)C[C@@H](OC(C)=O)[C@@H]2C)O[C@H](C)[C@@H](O[C@H]2C[C@@](C)(O)[C@@H](OC(=O)CC(C)C)[C@H](C)O2)[C@@H]1N(C)C,CCCC(O)CC(=O)O[C@H]1[C@H](O[C@H]2[C@@H](CC=O)C[C@@H](C)C(=O)/C=C/C(C)=C/[C@H](CO[C@@H]3O[C@H](C)[C@@H](O)[C@@H](OC)[C@H]3OC)[C@@H](CC)OC(=O)C[C@@H](OC(C)=O)[C@@H]2C)O[C@H](C)[C@@H](O[C@H]2C[C@@](C)(O)[C@@H](OC(=O)CC(C)C)[C@H](C)O2)[C@@H]1N(C)C,TRUE,,-1.7765,-1.776542191
tylvalosin,Tylvalosin (Ì©Íò¾úËØ),REF_TYLVALOSIN,repository_reference,O53_attached_to_C27,53,27,C,MPM00833,n-Valeric acid,CCCCC(=O)O,1,CCCCC(=O)O[C@H]1[C@H](O[C@H]2[C@@H](CC=O)C[C@@H](C)C(=O)/C=C/C(C)=C/[C@H](CO[C@@H]3O[C@H](C)[C@@H](O)[C@@H](OC)[C@H]3OC)[C@@H](CC)OC(=O)C[C@@H](OC(C)=O)[C@@H]2C)O[C@H](C)[C@@H](O[C@H]2C[C@@](C)(O)[C@@H](OC(=O)CC(C)C)[C@H](C)O2)[C@@H]1N(C)C,CCCCC(=O)O[C@H]1[C@H](O[C@H]2[C@@H](CC=O)C[C@@H](C)C(=O)/C=C/C(C)=C/[C@H](CO[C@@H]3O[C@H](C)[C@@H](O)[C@@H](OC)[C@H]3OC)[C@@H](CC)OC(=O)C[C@@H](OC(C)=O)[C@@H]2C)O[C@H](C)[C@@H](O[C@H]2C[C@@](C)(O)[C@@H](OC(=O)CC(C)C)[C@H](C)O2)[C@@H]1N(C)C,TRUE,,-1.5678,-1.567776032
tylvalosin,Tylvalosin (Ì©Íò¾úËØ),REF_TYLVALOSIN,repository_reference,O53_attached_to_C27,53,27,C,MPM00295,3-hydroxyheptanoic Acid,CCCCC(O)CC(=O)O,1,CCCCC(O)CC(=O)O[C@H]1[C@H](O[C@H]2[C@@H](CC=O)C[C@@H](C)C(=O)/C=C/C(C)=C/[C@H](CO[C@@H]3O[C@H](C)[C@@H](O)[C@@H](OC)[C@H]3OC)[C@@H](CC)OC(=O)C[C@@H](OC(C)=O)[C@@H]2C)O[C@H](C)[C@@H](O[C@H]2C[C@@](C)(O)[C@@H](OC(=O)CC(C)C)[C@H](C)O2)[C@@H]1N(C)C,CCCCC(O)CC(=O)O[C@H]1[C@H](O[C@H]2[C@@H](CC=O)C[C@@H](C)C(=O)/C=C/C(C)=C/[C@H](CO[C@@H]3O[C@H](C)[C@@H](O)[C@@H](OC)[C@H]3OC)[C@@H](CC)OC(=O)C[C@@H](OC(C)=O)[C@@H]2C)O[C@H](C)[C@@H](O[C@H]2C[C@@](C)(O)[C@@H](OC(=O)CC(C)C)[C@H](C)O2)[C@@H]1N(C)C,TRUE,,-1.8413,-1.841327417
tylvalosin,Tylvalosin (Ì©Íò¾úËØ),REF_TYLVALOSIN,repository_reference,O53_attached_to_C27,53,27,C,MPM00061,(9E)-tetradecenoic acid,CCCCC=CCCCCCCCC(=O)O,1,CCCCC=CCCCCCCCC(=O)O[C@H]1[C@H](O[C@H]2[C@@H](CC=O)C[C@@H](C)C(=O)/C=C/C(C)=C/[C@H](CO[C@@H]3O[C@H](C)[C@@H](O)[C@@H](OC)[C@H]3OC)[C@@H](CC)OC(=O)C[C@@H](OC(C)=O)[C@@H]2C)O[C@H](C)[C@@H](O[C@H]2C[C@@](C)(O)[C@@H](OC(=O)CC(C)C)[C@H](C)O2)[C@@H]1N(C)C,CCCCC=CCCCCCCCC(=O)O[C@H]1[C@H](O[C@H]2[C@@H](CC=O)C[C@@H](C)C(=O)/C=C/C(C)=C/[C@H](CO[C@@H]3O[C@H](C)[C@@H](O)[C@@H](OC)[C@H]3OC)[C@@H](CC)OC(=O)C[C@@H](OC(C)=O)[C@@H]2C)O[C@H](C)[C@@H](O[C@H]2C[C@@](C)(O)[C@@H](OC(=O)CC(C)C)[C@H](C)O2)[C@@H]1N(C)C,TRUE,,-2.0158,-2.015753266
tylvalosin,Tylvalosin (Ì©Íò¾úËØ),REF_TYLVALOSIN,repository_reference,O53_attached_to_C27,53,27,C,MPM00813,n-Caproic acid,CCCCCC(=O)O,1,CCCCCC(=O)O[C@H]1[C@H](O[C@H]2[C@@H](CC=O)C[C@@H](C)C(=O)/C=C/C(C)=C/[C@H](CO[C@@H]3O[C@H](C)[C@@H](O)[C@@H](OC)[C@H]3OC)[C@@H](CC)OC(=O)C[C@@H](OC(C)=O)[C@@H]2C)O[C@H](C)[C@@H](O[C@H]2C[C@@](C)(O)[C@@H](OC(=O)CC(C)C)[C@H](C)O2)[C@@H]1N(C)C,CCCCCC(=O)O[C@H]1[C@H](O[C@H]2[C@@H](CC=O)C[C@@H](C)C(=O)/C=C/C(C)=C/[C@H](CO[C@@H]3O[C@H](C)[C@@H](O)[C@@H](OC)[C@H]3OC)[C@@H](CC)OC(=O)C[C@@H](OC(C)=O)[C@@H]2C)O[C@H](C)[C@@H](O[C@H]2C[C@@](C)(O)[C@@H](OC(=O)CC(C)C)[C@H](C)O2)[C@@H]1N(C)C,TRUE,,-1.6325,-1.632513077
tylvalosin,Tylvalosin (Ì©Íò¾úËØ),REF_TYLVALOSIN,repository_reference,O53_attached_to_C27,53,27,C,MPM00301,3-Hydroxyoctanoic acid,CCCCCC(O)CC(=O)O,1,CCCCCC(O)CC(=O)O[C@H]1[C@H](O[C@H]2[C@@H](CC=O)C[C@@H](C)C(=O)/C=C/C(C)=C/[C@H](CO[C@@H]3O[C@H](C)[C@@H](O)[C@@H](OC)[C@H]3OC)[C@@H](CC)OC(=O)C[C@@H](OC(C)=O)[C@@H]2C)O[C@H](C)[C@@H](O[C@H]2C[C@@](C)(O)[C@@H](OC(=O)CC(C)C)[C@H](C)O2)[C@@H]1N(C)C,CCCCCC(O)CC(=O)O[C@H]1[C@H](O[C@H]2[C@@H](CC=O)C[C@@H](C)C(=O)/C=C/C(C)=C/[C@H](CO[C@@H]3O[C@H](C)[C@@H](O)[C@@H](OC)[C@H]3OC)[C@@H](CC)OC(=O)C[C@@H](OC(C)=O)[C@@H]2C)O[C@H](C)[C@@H](O[C@H]2C[C@@](C)(O)[C@@H](OC(=O)CC(C)C)[C@H](C)O2)[C@@H]1N(C)C,TRUE,,-1.9062,-1.906159525
tylvalosin,Tylvalosin (Ì©Íò¾úËØ),REF_TYLVALOSIN,repository_reference,O53_attached_to_C27,53,27,C,MPM00411,"9-cis,12-cis-Octadecadienoic acid",CCCCCC=CCC=CCCCCCCCC(=O)O,1,CCCCCC=CCC=CCCCCCCCC(=O)O[C@H]1[C@H](O[C@H]2[C@@H](CC=O)C[C@@H](C)C(=O)/C=C/C(C)=C/[C@H](CO[C@@H]3O[C@H](C)[C@@H](O)[C@@H](OC)[C@H]3OC)[C@@H](CC)OC(=O)C[C@@H](OC(C)=O)[C@@H]2C)O[C@H](C)[C@@H](O[C@H]2C[C@@](C)(O)[C@@H](OC(=O)CC(C)C)[C@H](C)O2)[C@@H]1N(C)C,CCCCCC=CCC=CCCCCCCCC(=O)O[C@H]1[C@H](O[C@H]2[C@@H](CC=O)C[C@@H](C)C(=O)/C=C/C(C)=C/[C@H](CO[C@@H]3O[C@H](C)[C@@H](O)[C@@H](OC)[C@H]3OC)[C@@H](CC)OC(=O)C[C@@H](OC(C)=O)[C@@H]2C)O[C@H](C)[C@@H](O[C@H]2C[C@@](C)(O)[C@@H](OC(=O)CC(C)C)[C@H](C)O2)[C@@H]1N(C)C,TRUE,,-2.3251,-2.325132011
tylvalosin,Tylvalosin (Ì©Íò¾úËØ),REF_TYLVALOSIN,repository_reference,O53_attached_to_C27,53,27,C,MPM00689,Heptanoate,CCCCCCC(=O)O,1,CCCCCCC(=O)O[C@H]1[C@H](O[C@H]2[C@@H](CC=O)C[C@@H](C)C(=O)/C=C/C(C)=C/[C@H](CO[C@@H]3O[C@H](C)[C@@H](O)[C@@H](OC)[C@H]3OC)[C@@H](CC)OC(=O)C[C@@H](OC(C)=O)[C@@H]2C)O[C@H](C)[C@@H](O[C@H]2C[C@@](C)(O)[C@@H](OC(=O)CC(C)C)[C@H](C)O2)[C@@H]1N(C)C,CCCCCCC(=O)O[C@H]1[C@H](O[C@H]2[C@@H](CC=O)C[C@@H](C)C(=O)/C=C/C(C)=C/[C@H](CO[C@@H]3O[C@H](C)[C@@H](O)[C@@H](OC)[C@H]3OC)[C@@H](CC)OC(=O)C[C@@H](OC(C)=O)[C@@H]2C)O[C@H](C)[C@@H](O[C@H]2C[C@@](C)(O)[C@@H](OC(=O)CC(C)C)[C@H](C)O2)[C@@H]1N(C)C,TRUE,,-1.6973,-1.697337257
tylvalosin,Tylvalosin (Ì©Íò¾úËØ),REF_TYLVALOSIN,repository_reference,O53_attached_to_C27,53,27,C,MPM00300,3-Hydroxynonanoic acid,CCCCCCC(O)CC(=O)O,1,CCCCCCC(O)CC(=O)O[C@H]1[C@H](O[C@H]2[C@@H](CC=O)C[C@@H](C)C(=O)/C=C/C(C)=C/[C@H](CO[C@@H]3O[C@H](C)[C@@H](O)[C@@H](OC)[C@H]3OC)[C@@H](CC)OC(=O)C[C@@H](OC(C)=O)[C@@H]2C)O[C@H](C)[C@@H](O[C@H]2C[C@@](C)(O)[C@@H](OC(=O)CC(C)C)[C@H](C)O2)[C@@H]1N(C)C,CCCCCCC(O)CC(=O)O[C@H]1[C@H](O[C@H]2[C@@H](CC=O)C[C@@H](C)C(=O)/C=C/C(C)=C/[C@H](CO[C@@H]3O[C@H](C)[C@@H](O)[C@@H](OC)[C@H]3OC)[C@@H](CC)OC(=O)C[C@@H](OC(C)=O)[C@@H]2C)O[C@H](C)[C@@H](O[C@H]2C[C@@](C)(O)[C@@H](OC(=O)CC(C)C)[C@H](C)O2)[C@@H]1N(C)C,TRUE,,-1.9174,-1.917350807
tylvalosin,Tylvalosin (Ì©Íò¾úËØ),REF_TYLVALOSIN,repository_reference,O53_attached_to_C27,53,27,C,MPM00852,palmitoleate,CCCCCCC=CCCCCCCCC(=O)O,1,CCCCCCC=CCCCCCCCC(=O)O[C@H]1[C@H](O[C@H]2[C@@H](CC=O)C[C@@H](C)C(=O)/C=C/C(C)=C/[C@H](CO[C@@H]3O[C@H](C)[C@@H](O)[C@@H](OC)[C@H]3OC)[C@@H](CC)OC(=O)C[C@@H](OC(C)=O)[C@@H]2C)O[C@H](C)[C@@H](O[C@H]2C[C@@](C)(O)[C@@H](OC(=O)CC(C)C)[C@H](C)O2)[C@@H]1N(C)C,CCCCCCC=CCCCCCCCC(=O)O[C@H]1[C@H](O[C@H]2[C@@H](CC=O)C[C@@H](C)C(=O)/C=C/C(C)=C/[C@H](CO[C@@H]3O[C@H](C)[C@@H](O)[C@@H](OC)[C@H]3OC)[C@@H](CC)OC(=O)C[C@@H](OC(C)=O)[C@@H]2C)O[C@H](C)[C@@H](O[C@H]2C[C@@](C)(O)[C@@H](OC(=O)CC(C)C)[C@H](C)O2)[C@@H]1N(C)C,TRUE,,-2.1429,-2.142921952
tylvalosin,Tylvalosin (Ì©Íò¾úËØ),REF_TYLVALOSIN,repository_reference,O53_attached_to_C27,53,27,C,MPM00984,trans-vaccenic acid,CCCCCCC=CCCCCCCCCCC(=O)O,1,CCCCCCC=CCCCCCCCCCC(=O)O[C@H]1[C@H](O[C@H]2[C@@H](CC=O)C[C@@H](C)C(=O)/C=C/C(C)=C/[C@H](CO[C@@H]3O[C@H](C)[C@@H](O)[C@@H](OC)[C@H]3OC)[C@@H](CC)OC(=O)C[C@@H](OC(C)=O)[C@@H]2C)O[C@H](C)[C@@H](O[C@H]2C[C@@](C)(O)[C@@H](OC(=O)CC(C)C)[C@H](C)O2)[C@@H]1N(C)C,CCCCCCC=CCCCCCCCCCC(=O)O[C@H]1[C@H](O[C@H]2[C@@H](CC=O)C[C@@H](C)C(=O)/C=C/C(C)=C/[C@H](CO[C@@H]3O[C@H](C)[C@@H](O)[C@@H](OC)[C@H]3OC)[C@@H](CC)OC(=O)C[C@@H](OC(C)=O)[C@@H]2C)O[C@H](C)[C@@H](O[C@H]2C[C@@](C)(O)[C@@H](OC(=O)CC(C)C)[C@H](C)O2)[C@@H]1N(C)C,TRUE,,-2.2796,-2.279559397
tylvalosin,Tylvalosin (Ì©Íò¾úËØ),REF_TYLVALOSIN,repository_reference,O53_attached_to_C27,53,27,C,MPM00837,Octanoate,CCCCCCCC(=O)O,1,CCCCCCCC(=O)O[C@H]1[C@H](O[C@H]2[C@@H](CC=O)C[C@@H](C)C(=O)/C=C/C(C)=C/[C@H](CO[C@@H]3O[C@H](C)[C@@H](O)[C@@H](OC)[C@H]3OC)[C@@H](CC)OC(=O)C[C@@H](OC(C)=O)[C@@H]2C)O[C@H](C)[C@@H](O[C@H]2C[C@@](C)(O)[C@@H](OC(=O)CC(C)C)[C@H](C)O2)[C@@H]1N(C)C,CCCCCCCC(=O)O[C@H]1[C@H](O[C@H]2[C@@H](CC=O)C[C@@H](C)C(=O)/C=C/C(C)=C/[C@H](CO[C@@H]3O[C@H](C)[C@@H](O)[C@@H](OC)[C@H]3OC)[C@@H](CC)OC(=O)C[C@@H](OC(C)=O)[C@@H]2C)O[C@H](C)[C@@H](O[C@H]2C[C@@](C)(O)[C@@H](OC(=O)CC(C)C)[C@H](C)O2)[C@@H]1N(C)C,TRUE,,-1.7085,-1.708479157
tylvalosin,Tylvalosin (Ì©Íò¾úËØ),REF_TYLVALOSIN,repository_reference,O53_attached_to_C27,53,27,C,MPM00293,3-Hydroxydecanoic acid,CCCCCCCC(O)CC(=O)O,1,CCCCCCCC(O)CC(=O)O[C@H]1[C@H](O[C@H]2[C@@H](CC=O)C[C@@H](C)C(=O)/C=C/C(C)=C/[C@H](CO[C@@H]3O[C@H](C)[C@@H](O)[C@@H](OC)[C@H]3OC)[C@@H](CC)OC(=O)C[C@@H](OC(C)=O)[C@@H]2C)O[C@H](C)[C@@H](O[C@H]2C[C@@](C)(O)[C@@H](OC(=O)CC(C)C)[C@H](C)O2)[C@@H]1N(C)C,CCCCCCCC(O)CC(=O)O[C@H]1[C@H](O[C@H]2[C@@H](CC=O)C[C@@H](C)C(=O)/C=C/C(C)=C/[C@H](CO[C@@H]3O[C@H](C)[C@@H](O)[C@@H](OC)[C@H]3OC)[C@@H](CC)OC(=O)C[C@@H](OC(C)=O)[C@@H]2C)O[C@H](C)[C@@H](O[C@H]2C[C@@](C)(O)[C@@H](OC(=O)CC(C)C)[C@H](C)O2)[C@@H]1N(C)C,TRUE,,-1.9534,-1.953448406
tylvalosin,Tylvalosin (Ì©Íò¾úËØ),REF_TYLVALOSIN,repository_reference,O53_attached_to_C27,53,27,C,MPM00859,Pelargonic acid,CCCCCCCCC(=O)O,1,CCCCCCCCC(=O)O[C@H]1[C@H](O[C@H]2[C@@H](CC=O)C[C@@H](C)C(=O)/C=C/C(C)=C/[C@H](CO[C@@H]3O[C@H](C)[C@@H](O)[C@@H](OC)[C@H]3OC)[C@@H](CC)OC(=O)C[C@@H](OC(C)=O)[C@@H]2C)O[C@H](C)[C@@H](O[C@H]2C[C@@](C)(O)[C@@H](OC(=O)CC(C)C)[C@H](C)O2)[C@@H]1N(C)C,CCCCCCCCC(=O)O[C@H]1[C@H](O[C@H]2[C@@H](CC=O)C[C@@H](C)C(=O)/C=C/C(C)=C/[C@H](CO[C@@H]3O[C@H](C)[C@@H](O)[C@@H](OC)[C@H]3OC)[C@@H](CC)OC(=O)C[C@@H](OC(C)=O)[C@@H]2C)O[C@H](C)[C@@H](O[C@H]2C[C@@](C)(O)[C@@H](OC(=O)CC(C)C)[C@H](C)O2)[C@@H]1N(C)C,TRUE,,-1.7445,-1.744526167
tylvalosin,Tylvalosin (Ì©Íò¾úËØ),REF_TYLVALOSIN,repository_reference,O53_attached_to_C27,53,27,C,MPM00839,Oleic acid,CCCCCCCCC=CCCCCCCCC(=O)O,1,CCCCCCCCC=CCCCCCCCC(=O)O[C@H]1[C@H](O[C@H]2[C@@H](CC=O)C[C@@H](C)C(=O)/C=C/C(C)=C/[C@H](CO[C@@H]3O[C@H](C)[C@@H](O)[C@@H](OC)[C@H]3OC)[C@@H](CC)OC(=O)C[C@@H](OC(C)=O)[C@@H]2C)O[C@H](C)[C@@H](O[C@H]2C[C@@](C)(O)[C@@H](OC(=O)CC(C)C)[C@H](C)O2)[C@@H]1N(C)C,CCCCCCCCC=CCCCCCCCC(=O)O[C@H]1[C@H](O[C@H]2[C@@H](CC=O)C[C@@H](C)C(=O)/C=C/C(C)=C/[C@H](CO[C@@H]3O[C@H](C)[C@@H](O)[C@@H](OC)[C@H]3OC)[C@@H](CC)OC(=O)C[C@@H](OC(C)=O)[C@@H]2C)O[C@H](C)[C@@H](O[C@H]2C[C@@](C)(O)[C@@H](OC(=O)CC(C)C)[C@H](C)O2)[C@@H]1N(C)C,TRUE,,-2.1877,-2.187710699
tylvalosin,Tylvalosin (Ì©Íò¾úËØ),REF_TYLVALOSIN,repository_reference,O53_attached_to_C27,53,27,C,MPM00552,decanoate,CCCCCCCCCC(=O)O,1,CCCCCCCCCC(=O)O[C@H]1[C@H](O[C@H]2[C@@H](CC=O)C[C@@H](C)C(=O)/C=C/C(C)=C/[C@H](CO[C@@H]3O[C@H](C)[C@@H](O)[C@@H](OC)[C@H]3OC)[C@@H](CC)OC(=O)C[C@@H](OC(C)=O)[C@@H]2C)O[C@H](C)[C@@H](O[C@H]2C[C@@](C)(O)[C@@H](OC(=O)CC(C)C)[C@H](C)O2)[C@@H]1N(C)C,CCCCCCCCCC(=O)O[C@H]1[C@H](O[C@H]2[C@@H](CC=O)C[C@@H](C)C(=O)/C=C/C(C)=C/[C@H](CO[C@@H]3O[C@H](C)[C@@H](O)[C@@H](OC)[C@H]3OC)[C@@H](CC)OC(=O)C[C@@H](OC(C)=O)[C@@H]2C)O[C@H](C)[C@@H](O[C@H]2C[C@@](C)(O)[C@@H](OC(=O)CC(C)C)[C@H](C)O2)[C@@H]1N(C)C,TRUE,,-1.7806,-1.780627207
tylvalosin,Tylvalosin (Ì©Íò¾úËØ),REF_TYLVALOSIN,repository_reference,O53_attached_to_C27,53,27,C,MPM00294,3-Hydroxydodecanoic acid,CCCCCCCCCC(O)CC(=O)O,1,CCCCCCCCCC(O)CC(=O)O[C@H]1[C@H](O[C@H]2[C@@H](CC=O)C[C@@H](C)C(=O)/C=C/C(C)=C/[C@H](CO[C@@H]3O[C@H](C)[C@@H](O)[C@@H](OC)[C@H]3OC)[C@@H](CC)OC(=O)C[C@@H](OC(C)=O)[C@@H]2C)O[C@H](C)[C@@H](O[C@H]2C[C@@](C)(O)[C@@H](OC(=O)CC(C)C)[C@H](C)O2)[C@@H]1N(C)C,CCCCCCCCCC(O)CC(=O)O[C@H]1[C@H](O[C@H]2[C@@H](CC=O)C[C@@H](C)C(=O)/C=C/C(C)=C/[C@H](CO[C@@H]3O[C@H](C)[C@@H](O)[C@@H](OC)[C@H]3OC)[C@@H](CC)OC(=O)C[C@@H](OC(C)=O)[C@@H]2C)O[C@H](C)[C@@H](O[C@H]2C[C@@](C)(O)[C@@H](OC(=O)CC(C)C)[C@H](C)O2)[C@@H]1N(C)C,TRUE,,-2.0283,-2.028265977
tylvalosin,Tylvalosin (Ì©Íò¾úËØ),REF_TYLVALOSIN,repository_reference,O53_attached_to_C27,53,27,C,MPM00606,dodecanoate,CCCCCCCCCCCC(=O)O,1,CCCCCCCCCCCC(=O)O[C@H]1[C@H](O[C@H]2[C@@H](CC=O)C[C@@H](C)C(=O)/C=C/C(C)=C/[C@H](CO[C@@H]3O[C@H](C)[C@@H](O)[C@@H](OC)[C@H]3OC)[C@@H](CC)OC(=O)C[C@@H](OC(C)=O)[C@@H]2C)O[C@H](C)[C@@H](O[C@H]2C[C@@](C)(O)[C@@H](OC(=O)CC(C)C)[C@H](C)O2)[C@@H]1N(C)C,CCCCCCCCCCCC(=O)O[C@H]1[C@H](O[C@H]2[C@@H](CC=O)C[C@@H](C)C(=O)/C=C/C(C)=C/[C@H](CO[C@@H]3O[C@H](C)[C@@H](O)[C@@H](OC)[C@H]3OC)[C@@H](CC)OC(=O)C[C@@H](OC(C)=O)[C@@H]2C)O[C@H](C)[C@@H](O[C@H]2C[C@@](C)(O)[C@@H](OC(=O)CC(C)C)[C@H](C)O2)[C@@H]1N(C)C,TRUE,,-1.8555,-1.855452918
tylvalosin,Tylvalosin (Ì©Íò¾úËØ),REF_TYLVALOSIN,repository_reference,O53_attached_to_C27,53,27,C,MPM00305,3-Hydroxytetradecanoic acid,CCCCCCCCCCCC(O)CC(=O)O,1,CCCCCCCCCCCC(O)CC(=O)O[C@H]1[C@H](O[C@H]2[C@@H](CC=O)C[C@@H](C)C(=O)/C=C/C(C)=C/[C@H](CO[C@@H]3O[C@H](C)[C@@H](O)[C@@H](OC)[C@H]3OC)[C@@H](CC)OC(=O)C[C@@H](OC(C)=O)[C@@H]2C)O[C@H](C)[C@@H](O[C@H]2C[C@@](C)(O)[C@@H](OC(=O)CC(C)C)[C@H](C)O2)[C@@H]1N(C)C,CCCCCCCCCCCC(O)CC(=O)O[C@H]1[C@H](O[C@H]2[C@@H](CC=O)C[C@@H](C)C(=O)/C=C/C(C)=C/[C@H](CO[C@@H]3O[C@H](C)[C@@H](O)[C@@H](OC)[C@H]3OC)[C@@H](CC)OC(=O)C[C@@H](OC(C)=O)[C@@H]2C)O[C@H](C)[C@@H](O[C@H]2C[C@@](C)(O)[C@@H](OC(=O)CC(C)C)[C@H](C)O2)[C@@H]1N(C)C,TRUE,,-2.1067,-2.106666892
tylvalosin,Tylvalosin (Ì©Íò¾úËØ),REF_TYLVALOSIN,repository_reference,O53_attached_to_C27,53,27,C,MPM00864,Petroselaidic acid,CCCCCCCCCCCC=CCCCCC(=O)O,1,CCCCCCCCCCCC=CCCCCC(=O)O[C@H]1[C@H](O[C@H]2[C@@H](CC=O)C[C@@H](C)C(=O)/C=C/C(C)=C/[C@H](CO[C@@H]3O[C@H](C)[C@@H](O)[C@@H](OC)[C@H]3OC)[C@@H](CC)OC(=O)C[C@@H](OC(C)=O)[C@@H]2C)O[C@H](C)[C@@H](O[C@H]2C[C@@](C)(O)[C@@H](OC(=O)CC(C)C)[C@H](C)O2)[C@@H]1N(C)C,CCCCCCCCCCCC=CCCCCC(=O)O[C@H]1[C@H](O[C@H]2[C@@H](CC=O)C[C@@H](C)C(=O)/C=C/C(C)=C/[C@H](CO[C@@H]3O[C@H](C)[C@@H](O)[C@@H](OC)[C@H]3OC)[C@@H](CC)OC(=O)C[C@@H](OC(C)=O)[C@@H]2C)O[C@H](C)[C@@H](O[C@H]2C[C@@](C)(O)[C@@H](OC(=O)CC(C)C)[C@H](C)O2)[C@@H]1N(C)C,TRUE,,-2.1149,-2.114943854
tylvalosin,Tylvalosin (Ì©Íò¾úËØ),REF_TYLVALOSIN,repository_reference,O53_attached_to_C27,53,27,C,MPM00967,tetradecanoate,CCCCCCCCCCCCCC(=O)O,1,CCCCCCCCCCCCCC(=O)O[C@H]1[C@H](O[C@H]2[C@@H](CC=O)C[C@@H](C)C(=O)/C=C/C(C)=C/[C@H](CO[C@@H]3O[C@H](C)[C@@H](O)[C@@H](OC)[C@H]3OC)[C@@H](CC)OC(=O)C[C@@H](OC(C)=O)[C@@H]2C)O[C@H](C)[C@@H](O[C@H]2C[C@@](C)(O)[C@@H](OC(=O)CC(C)C)[C@H](C)O2)[C@@H]1N(C)C,CCCCCCCCCCCCCC(=O)O[C@H]1[C@H](O[C@H]2[C@@H](CC=O)C[C@@H](C)C(=O)/C=C/C(C)=C/[C@H](CO[C@@H]3O[C@H](C)[C@@H](O)[C@@H](OC)[C@H]3OC)[C@@H](CC)OC(=O)C[C@@H](OC(C)=O)[C@@H]2C)O[C@H](C)[C@@H](O[C@H]2C[C@@](C)(O)[C@@H](OC(=O)CC(C)C)[C@H](C)O2)[C@@H]1N(C)C,TRUE,,-1.9339,-1.93385871
tylvalosin,Tylvalosin (Ì©Íò¾úËØ),REF_TYLVALOSIN,repository_reference,O53_attached_to_C27,53,27,C,MPM00296,3-Hydroxyhexadecanoic acid,CCCCCCCCCCCCCC(O)CC(=O)O,1,CCCCCCCCCCCCCC(O)CC(=O)O[C@H]1[C@H](O[C@H]2[C@@H](CC=O)C[C@@H](C)C(=O)/C=C/C(C)=C/[C@H](CO[C@@H]3O[C@H](C)[C@@H](O)[C@@H](OC)[C@H]3OC)[C@@H](CC)OC(=O)C[C@@H](OC(C)=O)[C@@H]2C)O[C@H](C)[C@@H](O[C@H]2C[C@@](C)(O)[C@@H](OC(=O)CC(C)C)[C@H](C)O2)[C@@H]1N(C)C,CCCCCCCCCCCCCC(O)CC(=O)O[C@H]1[C@H](O[C@H]2[C@@H](CC=O)C[C@@H](C)C(=O)/C=C/C(C)=C/[C@H](CO[C@@H]3O[C@H](C)[C@@H](O)[C@@H](OC)[C@H]3OC)[C@@H](CC)OC(=O)C[C@@H](OC(C)=O)[C@@H]2C)O[C@H](C)[C@@H](O[C@H]2C[C@@](C)(O)[C@@H](OC(=O)CC(C)C)[C@H](C)O2)[C@@H]1N(C)C,TRUE,,-2.1853,-2.185299037
tylvalosin,Tylvalosin (Ì©Íò¾úËØ),REF_TYLVALOSIN,repository_reference,O53_attached_to_C27,53,27,C,MPM00511,Cetylic acid,CCCCCCCCCCCCCCCC(=O)O,1,CCCCCCCCCCCCCCCC(=O)O[C@H]1[C@H](O[C@H]2[C@@H](CC=O)C[C@@H](C)C(=O)/C=C/C(C)=C/[C@H](CO[C@@H]3O[C@H](C)[C@@H](O)[C@@H](OC)[C@H]3OC)[C@@H](CC)OC(=O)C[C@@H](OC(C)=O)[C@@H]2C)O[C@H](C)[C@@H](O[C@H]2C[C@@](C)(O)[C@@H](OC(=O)CC(C)C)[C@H](C)O2)[C@@H]1N(C)C,CCCCCCCCCCCCCCCC(=O)O[C@H]1[C@H](O[C@H]2[C@@H](CC=O)C[C@@H](C)C(=O)/C=C/C(C)=C/[C@H](CO[C@@H]3O[C@H](C)[C@@H](O)[C@@H](OC)[C@H]3OC)[C@@H](CC)OC(=O)C[C@@H](OC(C)=O)[C@@H]2C)O[C@H](C)[C@@H](O[C@H]2C[C@@](C)(O)[C@@H](OC(=O)CC(C)C)[C@H](C)O2)[C@@H]1N(C)C,TRUE,,-2.0125,-2.012498662
tylvalosin,Tylvalosin (Ì©Íò¾úËØ),REF_TYLVALOSIN,repository_reference,O53_attached_to_C27,53,27,C,MPM00955,Stearic acid,CCCCCCCCCCCCCCCCCC(=O)O,1,CCCCCCCCCCCCCCCCCC(=O)O[C@H]1[C@H](O[C@H]2[C@@H](CC=O)C[C@@H](C)C(=O)/C=C/C(C)=C/[C@H](CO[C@@H]3O[C@H](C)[C@@H](O)[C@@H](OC)[C@H]3OC)[C@@H](CC)OC(=O)C[C@@H](OC(C)=O)[C@@H]2C)O[C@H](C)[C@@H](O[C@H]2C[C@@](C)(O)[C@@H](OC(=O)CC(C)C)[C@H](C)O2)[C@@H]1N(C)C,CCCCCCCCCCCCCCCCCC(=O)O[C@H]1[C@H](O[C@H]2[C@@H](CC=O)C[C@@H](C)C(=O)/C=C/C(C)=C/[C@H](CO[C@@H]3O[C@H](C)[C@@H](O)[C@@H](OC)[C@H]3OC)[C@@H](CC)OC(=O)C[C@@H](OC(C)=O)[C@@H]2C)O[C@H](C)[C@@H](O[C@H]2C[C@@](C)(O)[C@@H](OC(=O)CC(C)C)[C@H](C)O2)[C@@H]1N(C)C,TRUE,,-2.0914,-2.091377086
tylvalosin,Tylvalosin (Ì©Íò¾úËØ),REF_TYLVALOSIN,repository_reference,O53_attached_to_C27,53,27,C,MPM01526,N-Methylglycine,CNCC(=O)O,1,CC[C@H]1OC(=O)C[C@@H](OC(C)=O)[C@H](C)[C@@H](O[C@@H]2O[C@H](C)[C@@H](O[C@H]3C[C@@](C)(O)[C@@H](OC(=O)CC(C)C)[C@H](C)O3)[C@H](N(C)C)[C@H]2OC(=O)CNC)[C@@H](CC=O)C[C@@H](C)C(=O)/C=C/C(C)=C/[C@@H]1CO[C@@H]1O[C@H](C)[C@@H](O)[C@@H](OC)[C@H]1OC,CC[C@H]1OC(=O)C[C@@H](OC(C)=O)[C@H](C)[C@@H](O[C@@H]2O[C@H](C)[C@@H](O[C@H]3C[C@@](C)(O)[C@@H](OC(=O)CC(C)C)[C@H](C)O3)[C@H](N(C)C)[C@H]2OC(=O)CNC)[C@@H](CC=O)C[C@@H](C)C(=O)/C=C/C(C)=C/[C@@H]1CO[C@@H]1O[C@H](C)[C@@H](O)[C@@H](OC)[C@H]1OC,TRUE,,-1.1327,-1.132688384
tylvalosin,Tylvalosin (Ì©Íò¾úËØ),REF_TYLVALOSIN,repository_reference,O53_attached_to_C27,53,27,C,MPM00346,4-Hydroxy-3-methoxycinnamate,COc1cc(C=CC(=O)O)ccc1O,1,CC[C@H]1OC(=O)C[C@@H](OC(C)=O)[C@H](C)[C@@H](O[C@@H]2O[C@H](C)[C@@H](O[C@H]3C[C@@](C)(O)[C@@H](OC(=O)CC(C)C)[C@H](C)O3)[C@H](N(C)C)[C@H]2OC(=O)C=Cc2ccc(O)c(OC)c2)[C@@H](CC=O)C[C@@H](C)C(=O)/C=C/C(C)=C/[C@@H]1CO[C@@H]1O[C@H](C)[C@@H](O)[C@@H](OC)[C@H]1OC,CC[C@H]1OC(=O)C[C@@H](OC(C)=O)[C@H](C)[C@@H](O[C@@H]2O[C@H](C)[C@@H](O[C@H]3C[C@@](C)(O)[C@@H](OC(=O)CC(C)C)[C@H](C)O3)[C@H](N(C)C)[C@H]2OC(=O)C=Cc2ccc(O)c(OC)c2)[C@@H](CC=O)C[C@@H](C)C(=O)/C=C/C(C)=C/[C@@H]1CO[C@@H]1O[C@H](C)[C@@H](O)[C@@H](OC)[C@H]1OC,TRUE,,-0.7881,-0.788130837
tylvalosin,Tylvalosin (Ì©Íò¾úËØ),REF_TYLVALOSIN,repository_reference,O53_attached_to_C27,53,27,C,MPM01482,L-Methionine (R)-S-oxide,CS(=O)CCC(N)C(=O)O,1,CC[C@H]1OC(=O)C[C@@H](OC(C)=O)[C@H](C)[C@@H](O[C@@H]2O[C@H](C)[C@@H](O[C@H]3C[C@@](C)(O)[C@@H](OC(=O)CC(C)C)[C@H](C)O3)[C@H](N(C)C)[C@H]2OC(=O)C(N)CCS(C)=O)[C@@H](CC=O)C[C@@H](C)C(=O)/C=C/C(C)=C/[C@@H]1CO[C@@H]1O[C@H](C)[C@@H](O)[C@@H](OC)[C@H]1OC,CC[C@H]1OC(=O)C[C@@H](OC(C)=O)[C@H](C)[C@@H](O[C@@H]2O[C@H](C)[C@@H](O[C@H]3C[C@@](C)(O)[C@@H](OC(=O)CC(C)C)[C@H](C)O3)[C@H](N(C)C)[C@H]2OC(=O)C(N)CCS(C)=O)[C@@H](CC=O)C[C@@H](C)C(=O)/C=C/C(C)=C/[C@@H]1CO[C@@H]1O[C@H](C)[C@@H](O)[C@@H](OC)[C@H]1OC,TRUE,,-1.5952,-1.595223657
tylvalosin,Tylvalosin (Ì©Íò¾úËØ),REF_TYLVALOSIN,repository_reference,O53_attached_to_C27,53,27,C,MPM01356,D-2-Amino-4-(methylthio)butyric acid,CSCCC(N)C(=O)O,1,CC[C@H]1OC(=O)C[C@@H](OC(C)=O)[C@H](C)[C@@H](O[C@@H]2O[C@H](C)[C@@H](O[C@H]3C[C@@](C)(O)[C@@H](OC(=O)CC(C)C)[C@H](C)O3)[C@H](N(C)C)[C@H]2OC(=O)C(N)CCSC)[C@@H](CC=O)C[C@@H](C)C(=O)/C=C/C(C)=C/[C@@H]1CO[C@@H]1O[C@H](C)[C@@H](O)[C@@H](OC)[C@H]1OC,CC[C@H]1OC(=O)C[C@@H](OC(C)=O)[C@H](C)[C@@H](O[C@@H]2O[C@H](C)[C@@H](O[C@H]3C[C@@](C)(O)[C@@H](OC(=O)CC(C)C)[C@H](C)O3)[C@H](N(C)C)[C@H]2OC(=O)C(N)CCSC)[C@@H](CC=O)C[C@@H](C)C(=O)/C=C/C(C)=C/[C@@H]1CO[C@@H]1O[C@H](C)[C@@H](O)[C@@H](OC)[C@H]1OC,TRUE,,-1.7956,-1.795629663
tylvalosin,Tylvalosin (Ì©Íò¾úËØ),REF_TYLVALOSIN,repository_reference,O53_attached_to_C27,53,27,C,MPM00678,Glycylmethionine,CSCCC(NC(=O)CN)C(=O)O,1,CC[C@H]1OC(=O)C[C@@H](OC(C)=O)[C@H](C)[C@@H](O[C@@H]2O[C@H](C)[C@@H](O[C@H]3C[C@@](C)(O)[C@@H](OC(=O)CC(C)C)[C@H](C)O3)[C@H](N(C)C)[C@H]2OC(=O)C(CCSC)NC(=O)CN)[C@@H](CC=O)C[C@@H](C)C(=O)/C=C/C(C)=C/[C@@H]1CO[C@@H]1O[C@H](C)[C@@H](O)[C@@H](OC)[C@H]1OC,CC[C@H]1OC(=O)C[C@@H](OC(C)=O)[C@H](C)[C@@H](O[C@@H]2O[C@H](C)[C@@H](O[C@H]3C[C@@](C)(O)[C@@H](OC(=O)CC(C)C)[C@H](C)O3)[C@H](N(C)C)[C@H]2OC(=O)C(CCSC)NC(=O)CN)[C@@H](CC=O)C[C@@H](C)C(=O)/C=C/C(C)=C/[C@@H]1CO[C@@H]1O[C@H](C)[C@@H](O)[C@@H](OC)[C@H]1OC,TRUE,,-1.5718,-1.571756717
tylvalosin,Tylvalosin (Ì©Íò¾úËØ),REF_TYLVALOSIN,repository_reference,O53_attached_to_C27,53,27,C,MPM01143,2-Aminosuccinamic acid,NC(=O)CC(N)C(=O)O,1,CC[C@H]1OC(=O)C[C@@H](OC(C)=O)[C@H](C)[C@@H](O[C@@H]2O[C@H](C)[C@@H](O[C@H]3C[C@@](C)(O)[C@@H](OC(=O)CC(C)C)[C@H](C)O3)[C@H](N(C)C)[C@H]2OC(=O)C(N)CC(N)=O)[C@@H](CC=O)C[C@@H](C)C(=O)/C=C/C(C)=C/[C@@H]1CO[C@@H]1O[C@H](C)[C@@H](O)[C@@H](OC)[C@H]1OC,CC[C@H]1OC(=O)C[C@@H](OC(C)=O)[C@H](C)[C@@H](O[C@@H]2O[C@H](C)[C@@H](O[C@H]3C[C@@](C)(O)[C@@H](OC(=O)CC(C)C)[C@H](C)O3)[C@H](N(C)C)[C@H]2OC(=O)C(N)CC(N)=O)[C@@H](CC=O)C[C@@H](C)C(=O)/C=C/C(C)=C/[C@@H]1CO[C@@H]1O[C@H](C)[C@@H](O)[C@@H](OC)[C@H]1OC,TRUE,,-1.132,-1.13201318
tylvalosin,Tylvalosin (Ì©Íò¾úËØ),REF_TYLVALOSIN,repository_reference,O53_attached_to_C27,53,27,C,MPM01464,L-2-Aminoglutaramic acid,NC(=O)CCC(N)C(=O)O,1,CC[C@H]1OC(=O)C[C@@H](OC(C)=O)[C@H](C)[C@@H](O[C@@H]2O[C@H](C)[C@@H](O[C@H]3C[C@@](C)(O)[C@@H](OC(=O)CC(C)C)[C@H](C)O3)[C@H](N(C)C)[C@H]2OC(=O)C(N)CCC(N)=O)[C@@H](CC=O)C[C@@H](C)C(=O)/C=C/C(C)=C/[C@@H]1CO[C@@H]1O[C@H](C)[C@@H](O)[C@@H](OC)[C@H]1OC,CC[C@H]1OC(=O)C[C@@H](OC(C)=O)[C@H](C)[C@@H](O[C@@H]2O[C@H](C)[C@@H](O[C@H]3C[C@@](C)(O)[C@@H](OC(=O)CC(C)C)[C@H](C)O3)[C@H](N(C)C)[C@H]2OC(=O)C(N)CCC(N)=O)[C@@H](CC=O)C[C@@H](C)C(=O)/C=C/C(C)=C/[C@@H]1CO[C@@H]1O[C@H](C)[C@@H](O)[C@@H](OC)[C@H]1OC,TRUE,,-1.2016,-1.201634153
tylvalosin,Tylvalosin (Ì©Íò¾úËØ),REF_TYLVALOSIN,repository_reference,O53_attached_to_C27,53,27,C,MPM00951,S-Succinyldihydrolipoamide,NC(=O)CCCCC(S)CCSC(=O)CCC(=O)O,1,CC[C@H]1OC(=O)C[C@@H](OC(C)=O)[C@H](C)[C@@H](O[C@@H]2O[C@H](C)[C@@H](O[C@H]3C[C@@](C)(O)[C@@H](OC(=O)CC(C)C)[C@H](C)O3)[C@H](N(C)C)[C@H]2OC(=O)CCC(=O)SCCC(S)CCCCC(N)=O)[C@@H](CC=O)C[C@@H](C)C(=O)/C=C/C(C)=C/[C@@H]1CO[C@@H]1O[C@H](C)[C@@H](O)[C@@H](OC)[C@H]1OC,CC[C@H]1OC(=O)C[C@@H](OC(C)=O)[C@H](C)[C@@H](O[C@@H]2O[C@H](C)[C@@H](O[C@H]3C[C@@](C)(O)[C@@H](OC(=O)CC(C)C)[C@H](C)O3)[C@H](N(C)C)[C@H]2OC(=O)CCC(=O)SCCC(S)CCCCC(N)=O)[C@@H](CC=O)C[C@@H](C)C(=O)/C=C/C(C)=C/[C@@H]1CO[C@@H]1O[C@H](C)[C@@H](O)[C@@H](OC)[C@H]1OC,TRUE,,-4.1302,-4.130211178
tylvalosin,Tylvalosin (Ì©Íò¾úËØ),REF_TYLVALOSIN,repository_reference,O53_attached_to_C27,53,27,C,MPM00444,Allophanic acid,NC(=O)NC(=O)O,1,CC[C@H]1OC(=O)C[C@@H](OC(C)=O)[C@H](C)[C@@H](O[C@@H]2O[C@H](C)[C@@H](O[C@H]3C[C@@](C)(O)[C@@H](OC(=O)CC(C)C)[C@H](C)O3)[C@H](N(C)C)[C@H]2OC(=O)NC(N)=O)[C@@H](CC=O)C[C@@H](C)C(=O)/C=C/C(C)=C/[C@@H]1CO[C@@H]1O[C@H](C)[C@@H](O)[C@@H](OC)[C@H]1OC,CC[C@H]1OC(=O)C[C@@H](OC(C)=O)[C@H](C)[C@@H](O[C@@H]2O[C@H](C)[C@@H](O[C@H]3C[C@@](C)(O)[C@@H](OC(=O)CC(C)C)[C@H](C)O3)[C@H](N(C)C)[C@H]2OC(=O)NC(N)=O)[C@@H](CC=O)C[C@@H](C)C(=O)/C=C/C(C)=C/[C@@H]1CO[C@@H]1O[C@H](C)[C@@H](O)[C@@H](OC)[C@H]1OC,TRUE,,-1.9257,-1.925717452
tylvalosin,Tylvalosin (Ì©Íò¾úËØ),REF_TYLVALOSIN,repository_reference,O53_attached_to_C27,53,27,C,MPM00442,Allantoic acid,NC(=O)NC(NC(N)=O)C(=O)O,1,CC[C@H]1OC(=O)C[C@@H](OC(C)=O)[C@H](C)[C@@H](O[C@@H]2O[C@H](C)[C@@H](O[C@H]3C[C@@](C)(O)[C@@H](OC(=O)CC(C)C)[C@H](C)O3)[C@H](N(C)C)[C@H]2OC(=O)C(NC(N)=O)NC(N)=O)[C@@H](CC=O)C[C@@H](C)C(=O)/C=C/C(C)=C/[C@@H]1CO[C@@H]1O[C@H](C)[C@@H](O)[C@@H](OC)[C@H]1OC,CC[C@H]1OC(=O)C[C@@H](OC(C)=O)[C@H](C)[C@@H](O[C@@H]2O[C@H](C)[C@@H](O[C@H]3C[C@@](C)(O)[C@@H](OC(=O)CC(C)C)[C@H](C)O3)[C@H](N(C)C)[C@H]2OC(=O)C(NC(N)=O)NC(N)=O)[C@@H](CC=O)C[C@@H](C)C(=O)/C=C/C(C)=C/[C@@H]1CO[C@@H]1O[C@H](C)[C@@H](O)[C@@H](OC)[C@H]1OC,TRUE,,-2.1979,-2.19788325
tylvalosin,Tylvalosin (Ì©Íò¾úËØ),REF_TYLVALOSIN,repository_reference,O53_attached_to_C27,53,27,C,MPM00004,(-)-Ureidoglycolate,NC(=O)NC(O)C(=O)O,1,CC[C@H]1OC(=O)C[C@@H](OC(C)=O)[C@H](C)[C@@H](O[C@@H]2O[C@H](C)[C@@H](O[C@H]3C[C@@](C)(O)[C@@H](OC(=O)CC(C)C)[C@H](C)O3)[C@H](N(C)C)[C@H]2OC(=O)C(O)NC(N)=O)[C@@H](CC=O)C[C@@H](C)C(=O)/C=C/C(C)=C/[C@@H]1CO[C@@H]1O[C@H](C)[C@@H](O)[C@@H](OC)[C@H]1OC,CC[C@H]1OC(=O)C[C@@H](OC(C)=O)[C@H](C)[C@@H](O[C@@H]2O[C@H](C)[C@@H](O[C@H]3C[C@@](C)(O)[C@@H](OC(=O)CC(C)C)[C@H](C)O3)[C@H](N(C)C)[C@H]2OC(=O)C(O)NC(N)=O)[C@@H](CC=O)C[C@@H](C)C(=O)/C=C/C(C)=C/[C@@H]1CO[C@@H]1O[C@H](C)[C@@H](O)[C@@H](OC)[C@H]1OC,TRUE,,-1.8305,-1.830531149
tylvalosin,Tylvalosin (Ì©Íò¾úËØ),REF_TYLVALOSIN,repository_reference,O53_attached_to_C27,53,27,C,MPM00254,2-Oxo-4-hydroxy-4-carboxy-5-ureidoimidazoline,NC(=O)NC1=NC(=O)NC1(O)C(=O)O,1,CC[C@H]1OC(=O)C[C@@H](OC(C)=O)[C@H](C)[C@@H](O[C@@H]2O[C@H](C)[C@@H](O[C@H]3C[C@@](C)(O)[C@@H](OC(=O)CC(C)C)[C@H](C)O3)[C@H](N(C)C)[C@H]2OC(=O)C2(O)NC(=O)N=C2NC(N)=O)[C@@H](CC=O)C[C@@H](C)C(=O)/C=C/C(C)=C/[C@@H]1CO[C@@H]1O[C@H](C)[C@@H](O)[C@@H](OC)[C@H]1OC,CC[C@H]1OC(=O)C[C@@H](OC(C)=O)[C@H](C)[C@@H](O[C@@H]2O[C@H](C)[C@@H](O[C@H]3C[C@@](C)(O)[C@@H](OC(=O)CC(C)C)[C@H](C)O3)[C@H](N(C)C)[C@H]2OC(=O)C2(O)NC(=O)N=C2NC(N)=O)[C@@H](CC=O)C[C@@H](C)C(=O)/C=C/C(C)=C/[C@@H]1CO[C@@H]1O[C@H](C)[C@@H](O)[C@@H](OC)[C@H]1OC,TRUE,,-2.4305,-2.430506235
tylvalosin,Tylvalosin (Ì©Íò¾úËØ),REF_TYLVALOSIN,repository_reference,O53_attached_to_C27,53,27,C,MPM00815,N-Carbamoyl-beta-alanine,NC(=O)NCCC(=O)O,1,CC[C@H]1OC(=O)C[C@@H](OC(C)=O)[C@H](C)[C@@H](O[C@@H]2O[C@H](C)[C@@H](O[C@H]3C[C@@](C)(O)[C@@H](OC(=O)CC(C)C)[C@H](C)O3)[C@H](N(C)C)[C@H]2OC(=O)CCNC(N)=O)[C@@H](CC=O)C[C@@H](C)C(=O)/C=C/C(C)=C/[C@@H]1CO[C@@H]1O[C@H](C)[C@@H](O)[C@@H](OC)[C@H]1OC,CC[C@H]1OC(=O)C[C@@H](OC(C)=O)[C@H](C)[C@@H](O[C@@H]2O[C@H](C)[C@@H](O[C@H]3C[C@@](C)(O)[C@@H](OC(=O)CC(C)C)[C@H](C)O3)[C@H](N(C)C)[C@H]2OC(=O)CCNC(N)=O)[C@@H](CC=O)C[C@@H](C)C(=O)/C=C/C(C)=C/[C@@H]1CO[C@@H]1O[C@H](C)[C@@H](O)[C@@H](OC)[C@H]1OC,TRUE,,-1.6772,-1.677207561
tylvalosin,Tylvalosin (Ì©Íò¾úËØ),REF_TYLVALOSIN,repository_reference,O53_attached_to_C27,53,27,C,MPM01334,Citrulline,NC(=O)NCCCC(N)C(=O)O,1,CC[C@H]1OC(=O)C[C@@H](OC(C)=O)[C@H](C)[C@@H](O[C@@H]2O[C@H](C)[C@@H](O[C@H]3C[C@@](C)(O)[C@@H](OC(=O)CC(C)C)[C@H](C)O3)[C@H](N(C)C)[C@H]2OC(=O)C(N)CCCNC(N)=O)[C@@H](CC=O)C[C@@H](C)C(=O)/C=C/C(C)=C/[C@@H]1CO[C@@H]1O[C@H](C)[C@@H](O)[C@@H](OC)[C@H]1OC,CC[C@H]1OC(=O)C[C@@H](OC(C)=O)[C@H](C)[C@@H](O[C@@H]2O[C@H](C)[C@@H](O[C@H]3C[C@@](C)(O)[C@@H](OC(=O)CC(C)C)[C@H](C)O3)[C@H](N(C)C)[C@H]2OC(=O)C(N)CCCNC(N)=O)[C@@H](CC=O)C[C@@H](C)C(=O)/C=C/C(C)=C/[C@@H]1CO[C@@H]1O[C@H](C)[C@@H](O)[C@@H](OC)[C@H]1OC,TRUE,,-1.5661,-1.566106901
tylvalosin,Tylvalosin (Ì©Íò¾úËØ),REF_TYLVALOSIN,repository_reference,O53_attached_to_C27,53,27,C,MPM01438,Hydroxythreonine,NC(C(=O)O)C(O)CO,1,CC[C@H]1OC(=O)C[C@@H](OC(C)=O)[C@H](C)[C@@H](O[C@@H]2O[C@H](C)[C@@H](O[C@H]3C[C@@](C)(O)[C@@H](OC(=O)CC(C)C)[C@H](C)O3)[C@H](N(C)C)[C@H]2OC(=O)C(N)C(O)CO)[C@@H](CC=O)C[C@@H](C)C(=O)/C=C/C(C)=C/[C@@H]1CO[C@@H]1O[C@H](C)[C@@H](O)[C@@H](OC)[C@H]1OC,CC[C@H]1OC(=O)C[C@@H](OC(C)=O)[C@H](C)[C@@H](O[C@@H]2O[C@H](C)[C@@H](O[C@H]3C[C@@](C)(O)[C@@H](OC(=O)CC(C)C)[C@H](C)O3)[C@H](N(C)C)[C@H]2OC(=O)C(N)C(O)CO)[C@@H](CC=O)C[C@@H](C)C(=O)/C=C/C(C)=C/[C@@H]1CO[C@@H]1O[C@H](C)[C@@H](O)[C@@H](OC)[C@H]1OC,TRUE,,-1.5565,-1.556515406
tylvalosin,Tylvalosin (Ì©Íò¾úËØ),REF_TYLVALOSIN,repository_reference,O53_attached_to_C27,53,27,C,MPM00363,4-Phosphooxy-L-threonine,NC(C(=O)O)C(O)COP(=O)(O)O,1,CC[C@H]1OC(=O)C[C@@H](OC(C)=O)[C@H](C)[C@@H](O[C@@H]2O[C@H](C)[C@@H](O[C@H]3C[C@@](C)(O)[C@@H](OC(=O)CC(C)C)[C@H](C)O3)[C@H](N(C)C)[C@H]2OC(=O)C(N)C(O)COP(=O)(O)O)[C@@H](CC=O)C[C@@H](C)C(=O)/C=C/C(C)=C/[C@@H]1CO[C@@H]1O[C@H](C)[C@@H](O)[C@@H](OC)[C@H]1OC,CC[C@H]1OC(=O)C[C@@H](OC(C)=O)[C@H](C)[C@@H](O[C@@H]2O[C@H](C)[C@@H](O[C@H]3C[C@@](C)(O)[C@@H](OC(=O)CC(C)C)[C@H](C)O3)[C@H](N(C)C)[C@H]2OC(=O)C(N)C(O)COP(=O)(O)O)[C@@H](CC=O)C[C@@H](C)C(=O)/C=C/C(C)=C/[C@@H]1CO[C@@H]1O[C@H](C)[C@@H](O)[C@@H](OC)[C@H]1OC,TRUE,,-1.6442,-1.644228706
tylvalosin,Tylvalosin (Ì©Íò¾úËØ),REF_TYLVALOSIN,repository_reference,O53_attached_to_C27,53,27,C,MPM01144,2-Ammoniomalonate semialdehyde,NC(C=O)C(=O)O,1,CC[C@H]1OC(=O)C[C@@H](OC(C)=O)[C@H](C)[C@@H](O[C@@H]2O[C@H](C)[C@@H](O[C@H]3C[C@@](C)(O)[C@@H](OC(=O)CC(C)C)[C@H](C)O3)[C@H](N(C)C)[C@H]2OC(=O)C(N)C=O)[C@@H](CC=O)C[C@@H](C)C(=O)/C=C/C(C)=C/[C@@H]1CO[C@@H]1O[C@H](C)[C@@H](O)[C@@H](OC)[C@H]1OC,CC[C@H]1OC(=O)C[C@@H](OC(C)=O)[C@H](C)[C@@H](O[C@@H]2O[C@H](C)[C@@H](O[C@H]3C[C@@](C)(O)[C@@H](OC(=O)CC(C)C)[C@H](C)O3)[C@H](N(C)C)[C@H]2OC(=O)C(N)C=O)[C@@H](CC=O)C[C@@H](C)C(=O)/C=C/C(C)=C/[C@@H]1CO[C@@H]1O[C@H](C)[C@@H](O)[C@@H](OC)[C@H]1OC,TRUE,,-1.4298,-1.429845118
tylvalosin,Tylvalosin (Ì©Íò¾úËØ),REF_TYLVALOSIN,repository_reference,O53_attached_to_C27,53,27,C,MPM01475,L-Glutamate 1-semialdehyde,NC(C=O)CCC(=O)O,1,CC[C@H]1OC(=O)C[C@@H](OC(C)=O)[C@H](C)[C@@H](O[C@@H]2O[C@H](C)[C@@H](O[C@H]3C[C@@](C)(O)[C@@H](OC(=O)CC(C)C)[C@H](C)O3)[C@H](N(C)C)[C@H]2OC(=O)CCC(N)C=O)[C@@H](CC=O)C[C@@H](C)C(=O)/C=C/C(C)=C/[C@@H]1CO[C@@H]1O[C@H](C)[C@@H](O)[C@@H](OC)[C@H]1OC,CC[C@H]1OC(=O)C[C@@H](OC(C)=O)[C@H](C)[C@@H](O[C@@H]2O[C@H](C)[C@@H](O[C@H]3C[C@@](C)(O)[C@@H](OC(=O)CC(C)C)[C@H](C)O3)[C@H](N(C)C)[C@H]2OC(=O)CCC(N)C=O)[C@@H](CC=O)C[C@@H](C)C(=O)/C=C/C(C)=C/[C@@H]1CO[C@@H]1O[C@H](C)[C@@H](O)[C@@H](OC)[C@H]1OC,TRUE,,-1.6835,-1.683543905
tylvalosin,Tylvalosin (Ì©Íò¾úËØ),REF_TYLVALOSIN,repository_reference,O53_attached_to_C27,53,27,C,MPM01471,L-Aspartic 4-semialdehyde,NC(CC=O)C(=O)O,1,CC[C@H]1OC(=O)C[C@@H](OC(C)=O)[C@H](C)[C@@H](O[C@@H]2O[C@H](C)[C@@H](O[C@H]3C[C@@](C)(O)[C@@H](OC(=O)CC(C)C)[C@H](C)O3)[C@H](N(C)C)[C@H]2OC(=O)C(N)CC=O)[C@@H](CC=O)C[C@@H](C)C(=O)/C=C/C(C)=C/[C@@H]1CO[C@@H]1O[C@H](C)[C@@H](O)[C@@H](OC)[C@H]1OC,CC[C@H]1OC(=O)C[C@@H](OC(C)=O)[C@H](C)[C@@H](O[C@@H]2O[C@H](C)[C@@H](O[C@H]3C[C@@](C)(O)[C@@H](OC(=O)CC(C)C)[C@H](C)O3)[C@H](N(C)C)[C@H]2OC(=O)C(N)CC=O)[C@@H](CC=O)C[C@@H](C)C(=O)/C=C/C(C)=C/[C@@H]1CO[C@@H]1O[C@H](C)[C@@H](O)[C@@H](OC)[C@H]1OC,TRUE,,-1.5979,-1.597858717
tylvalosin,Tylvalosin (Ì©Íò¾úËØ),REF_TYLVALOSIN,repository_reference,O53_attached_to_C27,53,27,C,MPM01476,L-Glutamate gamma-semialdehyde,NC(CCC=O)C(=O)O,1,CC[C@H]1OC(=O)C[C@@H](OC(C)=O)[C@H](C)[C@@H](O[C@@H]2O[C@H](C)[C@@H](O[C@H]3C[C@@](C)(O)[C@@H](OC(=O)CC(C)C)[C@H](C)O3)[C@H](N(C)C)[C@H]2OC(=O)C(N)CCC=O)[C@@H](CC=O)C[C@@H](C)C(=O)/C=C/C(C)=C/[C@@H]1CO[C@@H]1O[C@H](C)[C@@H](O)[C@@H](OC)[C@H]1OC,CC[C@H]1OC(=O)C[C@@H](OC(C)=O)[C@H](C)[C@@H](O[C@@H]2O[C@H](C)[C@@H](O[C@H]3C[C@@](C)(O)[C@@H](OC(=O)CC(C)C)[C@H](C)O3)[C@H](N(C)C)[C@H]2OC(=O)C(N)CCC=O)[C@@H](CC=O)C[C@@H](C)C(=O)/C=C/C(C)=C/[C@@H]1CO[C@@H]1O[C@H](C)[C@@H](O)[C@@H](OC)[C@H]1OC,TRUE,,-1.6671,-1.667149597
tylvalosin,Tylvalosin (Ì©Íò¾úËØ),REF_TYLVALOSIN,repository_reference,O53_attached_to_C27,53,27,C,MPM01076,(S)-2-Amino-6-oxohexanoate,NC(CCCC=O)C(=O)O,1,CC[C@H]1OC(=O)C[C@@H](OC(C)=O)[C@H](C)[C@@H](O[C@@H]2O[C@H](C)[C@@H](O[C@H]3C[C@@](C)(O)[C@@H](OC(=O)CC(C)C)[C@H](C)O3)[C@H](N(C)C)[C@H]2OC(=O)C(N)CCCC=O)[C@@H](CC=O)C[C@@H](C)C(=O)/C=C/C(C)=C/[C@@H]1CO[C@@H]1O[C@H](C)[C@@H](O)[C@@H](OC)[C@H]1OC,CC[C@H]1OC(=O)C[C@@H](OC(C)=O)[C@H](C)[C@@H](O[C@@H]2O[C@H](C)[C@@H](O[C@H]3C[C@@](C)(O)[C@@H](OC(=O)CC(C)C)[C@H](C)O3)[C@H](N(C)C)[C@H]2OC(=O)C(N)CCCC=O)[C@@H](CC=O)C[C@@H](C)C(=O)/C=C/C(C)=C/[C@@H]1CO[C@@H]1O[C@H](C)[C@@H](O)[C@@H](OC)[C@H]1OC,TRUE,,-1.7305,-1.730516644
tylvalosin,Tylvalosin (Ì©Íò¾úËØ),REF_TYLVALOSIN,repository_reference,O53_attached_to_C27,53,27,C,MPM00800,N6-(D-Fructosyl)-L-lysine,NC(CCCCNCC(=O)C(O)C(O)C(O)CO)C(=O)O,1,CC[C@H]1OC(=O)C[C@@H](OC(C)=O)[C@H](C)[C@@H](O[C@@H]2O[C@H](C)[C@@H](O[C@H]3C[C@@](C)(O)[C@@H](OC(=O)CC(C)C)[C@H](C)O3)[C@H](N(C)C)[C@H]2OC(=O)C(N)CCCCNCC(=O)C(O)C(O)C(O)CO)[C@@H](CC=O)C[C@@H](C)C(=O)/C=C/C(C)=C/[C@@H]1CO[C@@H]1O[C@H](C)[C@@H](O)[C@@H](OC)[C@H]1OC,CC[C@H]1OC(=O)C[C@@H](OC(C)=O)[C@H](C)[C@@H](O[C@@H]2O[C@H](C)[C@@H](O[C@H]3C[C@@](C)(O)[C@@H](OC(=O)CC(C)C)[C@H](C)O3)[C@H](N(C)C)[C@H]2OC(=O)C(N)CCCCNCC(=O)C(O)C(O)C(O)CO)[C@@H](CC=O)C[C@@H](C)C(=O)/C=C/C(C)=C/[C@@H]1CO[C@@H]1O[C@H](C)[C@@H](O)[C@@H](OC)[C@H]1OC,TRUE,,-1.9917,-1.991739001
tylvalosin,Tylvalosin (Ì©Íò¾úËØ),REF_TYLVALOSIN,repository_reference,O53_attached_to_C27,53,27,C,MPM01141,2-Amino-4-hydroxybutyric acid,NC(CCO)C(=O)O,1,CC[C@H]1OC(=O)C[C@@H](OC(C)=O)[C@H](C)[C@@H](O[C@@H]2O[C@H](C)[C@@H](O[C@H]3C[C@@](C)(O)[C@@H](OC(=O)CC(C)C)[C@H](C)O3)[C@H](N(C)C)[C@H]2OC(=O)C(N)CCO)[C@@H](CC=O)C[C@@H](C)C(=O)/C=C/C(C)=C/[C@@H]1CO[C@@H]1O[C@H](C)[C@@H](O)[C@@H](OC)[C@H]1OC,CC[C@H]1OC(=O)C[C@@H](OC(C)=O)[C@H](C)[C@@H](O[C@@H]2O[C@H](C)[C@@H](O[C@H]3C[C@@](C)(O)[C@@H](OC(=O)CC(C)C)[C@H](C)O3)[C@H](N(C)C)[C@H]2OC(=O)C(N)CCO)[C@@H](CC=O)C[C@@H](C)C(=O)/C=C/C(C)=C/[C@@H]1CO[C@@H]1O[C@H](C)[C@@H](O)[C@@H](OC)[C@H]1OC,TRUE,,-1.2843,-1.284274153
tylvalosin,Tylvalosin (Ì©Íò¾úËØ),REF_TYLVALOSIN,repository_reference,O53_attached_to_C27,53,27,C,MPM00698,Homocysteine,NC(CCS)C(=O)O,1,CC[C@H]1OC(=O)C[C@@H](OC(C)=O)[C@H](C)[C@@H](O[C@@H]2O[C@H](C)[C@@H](O[C@H]3C[C@@](C)(O)[C@@H](OC(=O)CC(C)C)[C@H](C)O3)[C@H](N(C)C)[C@H]2OC(=O)C(N)CCS)[C@@H](CC=O)C[C@@H](C)C(=O)/C=C/C(C)=C/[C@@H]1CO[C@@H]1O[C@H](C)[C@@H](O)[C@@H](OC)[C@H]1OC,CC[C@H]1OC(=O)C[C@@H](OC(C)=O)[C@H](C)[C@@H](O[C@@H]2O[C@H](C)[C@@H](O[C@H]3C[C@@](C)(O)[C@@H](OC(=O)CC(C)C)[C@H](C)O3)[C@H](N(C)C)[C@H]2OC(=O)C(N)CCS)[C@@H](CC=O)C[C@@H](C)C(=O)/C=C/C(C)=C/[C@@H]1CO[C@@H]1O[C@H](C)[C@@H](O)[C@@H](OC)[C@H]1OC,TRUE,,-2.6501,-2.650120801
tylvalosin,Tylvalosin (Ì©Íò¾úËØ),REF_TYLVALOSIN,repository_reference,O53_attached_to_C27,53,27,C,MPM01379,D-Serine,NC(CO)C(=O)O,1,CC[C@H]1OC(=O)C[C@@H](OC(C)=O)[C@H](C)[C@@H](O[C@@H]2O[C@H](C)[C@@H](O[C@H]3C[C@@](C)(O)[C@@H](OC(=O)CC(C)C)[C@H](C)O3)[C@H](N(C)C)[C@H]2OC(=O)C(N)CO)[C@@H](CC=O)C[C@@H](C)C(=O)/C=C/C(C)=C/[C@@H]1CO[C@@H]1O[C@H](C)[C@@H](O)[C@@H](OC)[C@H]1OC,CC[C@H]1OC(=O)C[C@@H](OC(C)=O)[C@H](C)[C@@H](O[C@@H]2O[C@H](C)[C@@H](O[C@H]3C[C@@](C)(O)[C@@H](OC(=O)CC(C)C)[C@H](C)O3)[C@H](N(C)C)[C@H]2OC(=O)C(N)CO)[C@@H](CC=O)C[C@@H](C)C(=O)/C=C/C(C)=C/[C@@H]1CO[C@@H]1O[C@H](C)[C@@H](O)[C@@H](OC)[C@H]1OC,TRUE,,-1.2904,-1.29044073
tylvalosin,Tylvalosin (Ì©Íò¾úËØ),REF_TYLVALOSIN,repository_reference,O53_attached_to_C27,53,27,C,MPM00325,3-Phospho-L-serine,NC(COP(=O)(O)O)C(=O)O,1,CC[C@H]1OC(=O)C[C@@H](OC(C)=O)[C@H](C)[C@@H](O[C@@H]2O[C@H](C)[C@@H](O[C@H]3C[C@@](C)(O)[C@@H](OC(=O)CC(C)C)[C@H](C)O3)[C@H](N(C)C)[C@H]2OC(=O)C(N)COP(=O)(O)O)[C@@H](CC=O)C[C@@H](C)C(=O)/C=C/C(C)=C/[C@@H]1CO[C@@H]1O[C@H](C)[C@@H](O)[C@@H](OC)[C@H]1OC,CC[C@H]1OC(=O)C[C@@H](OC(C)=O)[C@H](C)[C@@H](O[C@@H]2O[C@H](C)[C@@H](O[C@H]3C[C@@](C)(O)[C@@H](OC(=O)CC(C)C)[C@H](C)O3)[C@H](N(C)C)[C@H]2OC(=O)C(N)COP(=O)(O)O)[C@@H](CC=O)C[C@@H](C)C(=O)/C=C/C(C)=C/[C@@H]1CO[C@@H]1O[C@H](C)[C@@H](O)[C@@H](OC)[C@H]1OC,TRUE,,-1.3879,-1.387908358
tylvalosin,Tylvalosin (Ì©Íò¾úËØ),REF_TYLVALOSIN,repository_reference,O53_attached_to_C27,53,27,C,MPM00667,glycerol 1-phosphoserine(1-),NC(COP(=O)(O)OCC(O)CO)C(=O)O,1,CC[C@H]1OC(=O)C[C@@H](OC(C)=O)[C@H](C)[C@@H](O[C@@H]2O[C@H](C)[C@@H](O[C@H]3C[C@@](C)(O)[C@@H](OC(=O)CC(C)C)[C@H](C)O3)[C@H](N(C)C)[C@H]2OC(=O)C(N)COP(=O)(O)OCC(O)CO)[C@@H](CC=O)C[C@@H](C)C(=O)/C=C/C(C)=C/[C@@H]1CO[C@@H]1O[C@H](C)[C@@H](O)[C@@H](OC)[C@H]1OC,CC[C@H]1OC(=O)C[C@@H](OC(C)=O)[C@H](C)[C@@H](O[C@@H]2O[C@H](C)[C@@H](O[C@H]3C[C@@](C)(O)[C@@H](OC(=O)CC(C)C)[C@H](C)O3)[C@H](N(C)C)[C@H]2OC(=O)C(N)COP(=O)(O)OCC(O)CO)[C@@H](CC=O)C[C@@H](C)C(=O)/C=C/C(C)=C/[C@@H]1CO[C@@H]1O[C@H](C)[C@@H](O)[C@@H](OC)[C@H]1OC,TRUE,,-1.6044,-1.604375305
tylvalosin,Tylvalosin (Ì©Íò¾úËØ),REF_TYLVALOSIN,repository_reference,O53_attached_to_C27,53,27,C,MPM00199,2-Amino-3-sulfopropionic acid,NC(CS(=O)(=O)O)C(=O)O,1,CC[C@H]1OC(=O)C[C@@H](OC(C)=O)[C@H](C)[C@@H](O[C@@H]2O[C@H](C)[C@@H](O[C@H]3C[C@@](C)(O)[C@@H](OC(=O)CC(C)C)[C@H](C)O3)[C@H](N(C)C)[C@H]2OC(=O)C(N)CS(=O)(=O)O)[C@@H](CC=O)C[C@@H](C)C(=O)/C=C/C(C)=C/[C@@H]1CO[C@@H]1O[C@H](C)[C@@H](O)[C@@H](OC)[C@H]1OC,CC[C@H]1OC(=O)C[C@@H](OC(C)=O)[C@H](C)[C@@H](O[C@@H]2O[C@H](C)[C@@H](O[C@H]3C[C@@](C)(O)[C@@H](OC(=O)CC(C)C)[C@H](C)O3)[C@H](N(C)C)[C@H]2OC(=O)C(N)CS(=O)(=O)O)[C@@H](CC=O)C[C@@H](C)C(=O)/C=C/C(C)=C/[C@@H]1CO[C@@H]1O[C@H](C)[C@@H](O)[C@@H](OC)[C@H]1OC,TRUE,,-1.1096,-1.109579621
tylvalosin,Tylvalosin (Ì©Íò¾úËØ),REF_TYLVALOSIN,repository_reference,O53_attached_to_C27,53,27,C,MPM00329,3-Sulfinoalanine,NC(CS(=O)O)C(=O)O,1,CC[C@H]1OC(=O)C[C@@H](OC(C)=O)[C@H](C)[C@@H](O[C@@H]2O[C@H](C)[C@@H](O[C@H]3C[C@@](C)(O)[C@@H](OC(=O)CC(C)C)[C@H](C)O3)[C@H](N(C)C)[C@H]2OC(=O)C(N)CS(=O)O)[C@@H](CC=O)C[C@@H](C)C(=O)/C=C/C(C)=C/[C@@H]1CO[C@@H]1O[C@H](C)[C@@H](O)[C@@H](OC)[C@H]1OC,CC[C@H]1OC(=O)C[C@@H](OC(C)=O)[C@H](C)[C@@H](O[C@@H]2O[C@H](C)[C@@H](O[C@H]3C[C@@](C)(O)[C@@H](OC(=O)CC(C)C)[C@H](C)O3)[C@H](N(C)C)[C@H]2OC(=O)C(N)CS(=O)O)[C@@H](CC=O)C[C@@H](C)C(=O)/C=C/C(C)=C/[C@@H]1CO[C@@H]1O[C@H](C)[C@@H](O)[C@@H](OC)[C@H]1OC,TRUE,,-1.0409,-1.040866989
tylvalosin,Tylvalosin (Ì©Íò¾úËØ),REF_TYLVALOSIN,repository_reference,O53_attached_to_C27,53,27,C,MPM01473,L-Cysteinylglycine,NC(CS)C(=O)NCC(=O)O,1,CC[C@H]1OC(=O)C[C@@H](OC(C)=O)[C@H](C)[C@@H](O[C@@H]2O[C@H](C)[C@@H](O[C@H]3C[C@@](C)(O)[C@@H](OC(=O)CC(C)C)[C@H](C)O3)[C@H](N(C)C)[C@H]2OC(=O)CNC(=O)C(N)CS)[C@@H](CC=O)C[C@@H](C)C(=O)/C=C/C(C)=C/[C@@H]1CO[C@@H]1O[C@H](C)[C@@H](O)[C@@H](OC)[C@H]1OC,CC[C@H]1OC(=O)C[C@@H](OC(C)=O)[C@H](C)[C@@H](O[C@@H]2O[C@H](C)[C@@H](O[C@H]3C[C@@](C)(O)[C@@H](OC(=O)CC(C)C)[C@H](C)O3)[C@H](N(C)C)[C@H]2OC(=O)CNC(=O)C(N)CS)[C@@H](CC=O)C[C@@H](C)C(=O)/C=C/C(C)=C/[C@@H]1CO[C@@H]1O[C@H](C)[C@@H](O)[C@@H](OC)[C@H]1OC,TRUE,,-2.549,-2.548990178
tylvalosin,Tylvalosin (Ì©Íò¾úËØ),REF_TYLVALOSIN,repository_reference,O53_attached_to_C27,53,27,C,MPM01361,D-Amino-3-mercaptopropionic acid,NC(CS)C(=O)O,1,CC[C@H]1OC(=O)C[C@@H](OC(C)=O)[C@H](C)[C@@H](O[C@@H]2O[C@H](C)[C@@H](O[C@H]3C[C@@](C)(O)[C@@H](OC(=O)CC(C)C)[C@H](C)O3)[C@H](N(C)C)[C@H]2OC(=O)C(N)CS)[C@@H](CC=O)C[C@@H](C)C(=O)/C=C/C(C)=C/[C@@H]1CO[C@@H]1O[C@H](C)[C@@H](O)[C@@H](OC)[C@H]1OC,CC[C@H]1OC(=O)C[C@@H](OC(C)=O)[C@H](C)[C@@H](O[C@@H]2O[C@H](C)[C@@H](O[C@H]3C[C@@](C)(O)[C@@H](OC(=O)CC(C)C)[C@H](C)O3)[C@H](N(C)C)[C@H]2OC(=O)C(N)CS)[C@@H](CC=O)C[C@@H](C)C(=O)/C=C/C(C)=C/[C@@H]1CO[C@@H]1O[C@H](C)[C@@H](O)[C@@H](OC)[C@H]1OC,TRUE,,-2.5873,-2.587253834
tylvalosin,Tylvalosin (Ì©Íò¾úËØ),REF_TYLVALOSIN,repository_reference,O53_attached_to_C27,53,27,C,MPM01078,(S)-alpha-Amino-beta-(3-indolyl)-propionic acid,NC(Cc1c[nH]c2ccccc12)C(=O)O,1,CC[C@H]1OC(=O)C[C@@H](OC(C)=O)[C@H](C)[C@@H](O[C@@H]2O[C@H](C)[C@@H](O[C@H]3C[C@@](C)(O)[C@@H](OC(=O)CC(C)C)[C@H](C)O3)[C@H](N(C)C)[C@H]2OC(=O)C(N)Cc2c[nH]c3ccccc23)[C@@H](CC=O)C[C@@H](C)C(=O)/C=C/C(C)=C/[C@@H]1CO[C@@H]1O[C@H](C)[C@@H](O)[C@@H](OC)[C@H]1OC,CC[C@H]1OC(=O)C[C@@H](OC(C)=O)[C@H](C)[C@@H](O[C@@H]2O[C@H](C)[C@@H](O[C@H]3C[C@@](C)(O)[C@@H](OC(=O)CC(C)C)[C@H](C)O3)[C@H](N(C)C)[C@H]2OC(=O)C(N)Cc2c[nH]c3ccccc23)[C@@H](CC=O)C[C@@H](C)C(=O)/C=C/C(C)=C/[C@@H]1CO[C@@H]1O[C@H](C)[C@@H](O)[C@@H](OC)[C@H]1OC,TRUE,,-0.483,-0.483041145
tylvalosin,Tylvalosin (Ì©Íò¾úËØ),REF_TYLVALOSIN,repository_reference,O53_attached_to_C27,53,27,C,MPM01639,Tyrosine,NC(Cc1ccc(O)cc1)C(=O)O,1,CC[C@H]1OC(=O)C[C@@H](OC(C)=O)[C@H](C)[C@@H](O[C@@H]2O[C@H](C)[C@@H](O[C@H]3C[C@@](C)(O)[C@@H](OC(=O)CC(C)C)[C@H](C)O3)[C@H](N(C)C)[C@H]2OC(=O)C(N)Cc2ccc(O)cc2)[C@@H](CC=O)C[C@@H](C)C(=O)/C=C/C(C)=C/[C@@H]1CO[C@@H]1O[C@H](C)[C@@H](O)[C@@H](OC)[C@H]1OC,CC[C@H]1OC(=O)C[C@@H](OC(C)=O)[C@H](C)[C@@H](O[C@@H]2O[C@H](C)[C@@H](O[C@H]3C[C@@](C)(O)[C@@H](OC(=O)CC(C)C)[C@H](C)O3)[C@H](N(C)C)[C@H]2OC(=O)C(N)Cc2ccc(O)cc2)[C@@H](CC=O)C[C@@H](C)C(=O)/C=C/C(C)=C/[C@@H]1CO[C@@H]1O[C@H](C)[C@@H](O)[C@@H](OC)[C@H]1OC,TRUE,,-1.0984,-1.098383712
tylvalosin,Tylvalosin (Ì©Íò¾úËØ),REF_TYLVALOSIN,repository_reference,O53_attached_to_C27,53,27,C,MPM00895,Phosphonotyrosine,NC(Cc1ccc(OP(=O)(O)O)cc1)C(=O)O,1,CC[C@H]1OC(=O)C[C@@H](OC(C)=O)[C@H](C)[C@@H](O[C@@H]2O[C@H](C)[C@@H](O[C@H]3C[C@@](C)(O)[C@@H](OC(=O)CC(C)C)[C@H](C)O3)[C@H](N(C)C)[C@H]2OC(=O)C(N)Cc2ccc(OP(=O)(O)O)cc2)[C@@H](CC=O)C[C@@H](C)C(=O)/C=C/C(C)=C/[C@@H]1CO[C@@H]1O[C@H](C)[C@@H](O)[C@@H](OC)[C@H]1OC,CC[C@H]1OC(=O)C[C@@H](OC(C)=O)[C@H](C)[C@@H](O[C@@H]2O[C@H](C)[C@@H](O[C@H]3C[C@@](C)(O)[C@@H](OC(=O)CC(C)C)[C@H](C)O3)[C@H](N(C)C)[C@H]2OC(=O)C(N)Cc2ccc(OP(=O)(O)O)cc2)[C@@H](CC=O)C[C@@H](C)C(=O)/C=C/C(C)=C/[C@@H]1CO[C@@H]1O[C@H](C)[C@@H](O)[C@@H](OC)[C@H]1OC,TRUE,,-1.6358,-1.635804322
tylvalosin,Tylvalosin (Ì©Íò¾úËØ),REF_TYLVALOSIN,repository_reference,O53_attached_to_C27,53,27,C,MPM00612,D-phenylalanine,NC(Cc1ccccc1)C(=O)O,1,CC[C@H]1OC(=O)C[C@@H](OC(C)=O)[C@H](C)[C@@H](O[C@@H]2O[C@H](C)[C@@H](O[C@H]3C[C@@](C)(O)[C@@H](OC(=O)CC(C)C)[C@H](C)O3)[C@H](N(C)C)[C@H]2OC(=O)C(N)Cc2ccccc2)[C@@H](CC=O)C[C@@H](C)C(=O)/C=C/C(C)=C/[C@@H]1CO[C@@H]1O[C@H](C)[C@@H](O)[C@@H](OC)[C@H]1OC,CC[C@H]1OC(=O)C[C@@H](OC(C)=O)[C@H](C)[C@@H](O[C@@H]2O[C@H](C)[C@@H](O[C@H]3C[C@@](C)(O)[C@@H](OC(=O)CC(C)C)[C@H](C)O3)[C@H](N(C)C)[C@H]2OC(=O)C(N)Cc2ccccc2)[C@@H](CC=O)C[C@@H](C)C(=O)/C=C/C(C)=C/[C@@H]1CO[C@@H]1O[C@H](C)[C@@H](O)[C@@H](OC)[C@H]1OC,TRUE,,-1.4629,-1.462885711
tylvalosin,Tylvalosin (Ì©Íò¾úËØ),REF_TYLVALOSIN,repository_reference,O53_attached_to_C27,53,27,C,MPM01077,(S)-alpha-Amino-1H-imidazole-4-propionic acid,NC(Cc1cnc[nH]1)C(=O)O,1,CC[C@H]1OC(=O)C[C@@H](OC(C)=O)[C@H](C)[C@@H](O[C@@H]2O[C@H](C)[C@@H](O[C@H]3C[C@@](C)(O)[C@@H](OC(=O)CC(C)C)[C@H](C)O3)[C@H](N(C)C)[C@H]2OC(=O)C(N)Cc2cnc[nH]2)[C@@H](CC=O)C[C@@H](C)C(=O)/C=C/C(C)=C/[C@@H]1CO[C@@H]1O[C@H](C)[C@@H](O)[C@@H](OC)[C@H]1OC,CC[C@H]1OC(=O)C[C@@H](OC(C)=O)[C@H](C)[C@@H](O[C@@H]2O[C@H](C)[C@@H](O[C@H]3C[C@@](C)(O)[C@@H](OC(=O)CC(C)C)[C@H](C)O3)[C@H](N(C)C)[C@H]2OC(=O)C(N)Cc2cnc[nH]2)[C@@H](CC=O)C[C@@H](C)C(=O)/C=C/C(C)=C/[C@@H]1CO[C@@H]1O[C@H](C)[C@@H](O)[C@@H](OC)[C@H]1OC,TRUE,,-1.4695,-1.469488904
tylvalosin,Tylvalosin (Ì©Íò¾úËØ),REF_TYLVALOSIN,repository_reference,O53_attached_to_C27,53,27,C,MPM01165,2-Oxoarginine,NC(N)=NCCCC(=O)C(=O)O,1,CC[C@H]1OC(=O)C[C@@H](OC(C)=O)[C@H](C)[C@@H](O[C@@H]2O[C@H](C)[C@@H](O[C@H]3C[C@@](C)(O)[C@@H](OC(=O)CC(C)C)[C@H](C)O3)[C@H](N(C)C)[C@H]2OC(=O)C(=O)CCCN=C(N)N)[C@@H](CC=O)C[C@@H](C)C(=O)/C=C/C(C)=C/[C@@H]1CO[C@@H]1O[C@H](C)[C@@H](O)[C@@H](OC)[C@H]1OC,CC[C@H]1OC(=O)C[C@@H](OC(C)=O)[C@H](C)[C@@H](O[C@@H]2O[C@H](C)[C@@H](O[C@H]3C[C@@](C)(O)[C@@H](OC(=O)CC(C)C)[C@H](C)O3)[C@H](N(C)C)[C@H]2OC(=O)C(=O)CCCN=C(N)N)[C@@H](CC=O)C[C@@H](C)C(=O)/C=C/C(C)=C/[C@@H]1CO[C@@H]1O[C@H](C)[C@@H](O)[C@@H](OC)[C@H]1OC,TRUE,,-1.4119,-1.411905765
tylvalosin,Tylvalosin (Ì©Íò¾úËØ),REF_TYLVALOSIN,repository_reference,O53_attached_to_C27,53,27,C,MPM00541,D-2-Amino-5-guanidinovaleric acid,NC(N)=NCCCC(N)C(=O)O,1,CC[C@H]1OC(=O)C[C@@H](OC(C)=O)[C@H](C)[C@@H](O[C@@H]2O[C@H](C)[C@@H](O[C@H]3C[C@@](C)(O)[C@@H](OC(=O)CC(C)C)[C@H](C)O3)[C@H](N(C)C)[C@H]2OC(=O)C(N)CCCN=C(N)N)[C@@H](CC=O)C[C@@H](C)C(=O)/C=C/C(C)=C/[C@@H]1CO[C@@H]1O[C@H](C)[C@@H](O)[C@@H](OC)[C@H]1OC,CC[C@H]1OC(=O)C[C@@H](OC(C)=O)[C@H](C)[C@@H](O[C@@H]2O[C@H](C)[C@@H](O[C@H]3C[C@@](C)(O)[C@@H](OC(=O)CC(C)C)[C@H](C)O3)[C@H](N(C)C)[C@H]2OC(=O)C(N)CCCN=C(N)N)[C@@H](CC=O)C[C@@H](C)C(=O)/C=C/C(C)=C/[C@@H]1CO[C@@H]1O[C@H](C)[C@@H](O)[C@@H](OC)[C@H]1OC,TRUE,,-1.298,-1.297961011
tylvalosin,Tylvalosin (Ì©Íò¾úËØ),REF_TYLVALOSIN,repository_reference,O53_attached_to_C27,53,27,C,MPM01242,5-Amino-4-oxovaleric acid,NCC(=O)CCC(=O)O,1,CC[C@H]1OC(=O)C[C@@H](OC(C)=O)[C@H](C)[C@@H](O[C@@H]2O[C@H](C)[C@@H](O[C@H]3C[C@@](C)(O)[C@@H](OC(=O)CC(C)C)[C@H](C)O3)[C@H](N(C)C)[C@H]2OC(=O)CCC(=O)CN)[C@@H](CC=O)C[C@@H](C)C(=O)/C=C/C(C)=C/[C@@H]1CO[C@@H]1O[C@H](C)[C@@H](O)[C@@H](OC)[C@H]1OC,CC[C@H]1OC(=O)C[C@@H](OC(C)=O)[C@H](C)[C@@H](O[C@@H]2O[C@H](C)[C@@H](O[C@H]3C[C@@](C)(O)[C@@H](OC(=O)CC(C)C)[C@H](C)O3)[C@H](N(C)C)[C@H]2OC(=O)CCC(=O)CN)[C@@H](CC=O)C[C@@H](C)C(=O)/C=C/C(C)=C/[C@@H]1CO[C@@H]1O[C@H](C)[C@@H](O)[C@@H](OC)[C@H]1OC,TRUE,,-1.1702,-1.170219092
tylvalosin,Tylvalosin (Ì©Íò¾úËØ),REF_TYLVALOSIN,repository_reference,O53_attached_to_C27,53,27,C,MPM00674,Glycyl-l-glutamine,NCC(=O)NC(CCC(N)=O)C(=O)O,1,CC[C@H]1OC(=O)C[C@@H](OC(C)=O)[C@H](C)[C@@H](O[C@@H]2O[C@H](C)[C@@H](O[C@H]3C[C@@](C)(O)[C@@H](OC(=O)CC(C)C)[C@H](C)O3)[C@H](N(C)C)[C@H]2OC(=O)C(CCC(N)=O)NC(=O)CN)[C@@H](CC=O)C[C@@H](C)C(=O)/C=C/C(C)=C/[C@@H]1CO[C@@H]1O[C@H](C)[C@@H](O)[C@@H](OC)[C@H]1OC,CC[C@H]1OC(=O)C[C@@H](OC(C)=O)[C@H](C)[C@@H](O[C@@H]2O[C@H](C)[C@@H](O[C@H]3C[C@@](C)(O)[C@@H](OC(=O)CC(C)C)[C@H](C)O3)[C@H](N(C)C)[C@H]2OC(=O)C(CCC(N)=O)NC(=O)CN)[C@@H](CC=O)C[C@@H](C)C(=O)/C=C/C(C)=C/[C@@H]1CO[C@@H]1O[C@H](C)[C@@H](O)[C@@H](OC)[C@H]1OC,TRUE,,-0.9749,-0.97491511
tylvalosin,Tylvalosin (Ì©Íò¾úËØ),REF_TYLVALOSIN,repository_reference,O53_attached_to_C27,53,27,C,MPM00673,Glycylcysteine,NCC(=O)NC(CS)C(=O)O,1,CC[C@H]1OC(=O)C[C@@H](OC(C)=O)[C@H](C)[C@@H](O[C@@H]2O[C@H](C)[C@@H](O[C@H]3C[C@@](C)(O)[C@@H](OC(=O)CC(C)C)[C@H](C)O3)[C@H](N(C)C)[C@H]2OC(=O)C(CS)NC(=O)CN)[C@@H](CC=O)C[C@@H](C)C(=O)/C=C/C(C)=C/[C@@H]1CO[C@@H]1O[C@H](C)[C@@H](O)[C@@H](OC)[C@H]1OC,CC[C@H]1OC(=O)C[C@@H](OC(C)=O)[C@H](C)[C@@H](O[C@@H]2O[C@H](C)[C@@H](O[C@H]3C[C@@](C)(O)[C@@H](OC(=O)CC(C)C)[C@H](C)O3)[C@H](N(C)C)[C@H]2OC(=O)C(CS)NC(=O)CN)[C@@H](CC=O)C[C@@H](C)C(=O)/C=C/C(C)=C/[C@@H]1CO[C@@H]1O[C@H](C)[C@@H](O)[C@@H](OC)[C@H]1OC,TRUE,,-2.4106,-2.410620453
tylvalosin,Tylvalosin (Ì©Íò¾úËØ),REF_TYLVALOSIN,repository_reference,O53_attached_to_C27,53,27,C,MPM00677,Glycyl-L-tyrosine,NCC(=O)NC(Cc1ccc(O)cc1)C(=O)O,1,CC[C@H]1OC(=O)C[C@@H](OC(C)=O)[C@H](C)[C@@H](O[C@@H]2O[C@H](C)[C@@H](O[C@H]3C[C@@](C)(O)[C@@H](OC(=O)CC(C)C)[C@H](C)O3)[C@H](N(C)C)[C@H]2OC(=O)C(Cc2ccc(O)cc2)NC(=O)CN)[C@@H](CC=O)C[C@@H](C)C(=O)/C=C/C(C)=C/[C@@H]1CO[C@@H]1O[C@H](C)[C@@H](O)[C@@H](OC)[C@H]1OC,CC[C@H]1OC(=O)C[C@@H](OC(C)=O)[C@H](C)[C@@H](O[C@@H]2O[C@H](C)[C@@H](O[C@H]3C[C@@](C)(O)[C@@H](OC(=O)CC(C)C)[C@H](C)O3)[C@H](N(C)C)[C@H]2OC(=O)C(Cc2ccc(O)cc2)NC(=O)CN)[C@@H](CC=O)C[C@@H](C)C(=O)/C=C/C(C)=C/[C@@H]1CO[C@@H]1O[C@H](C)[C@@H](O)[C@@H](OC)[C@H]1OC,TRUE,,-0.869,-0.868985013
tylvalosin,Tylvalosin (Ì©Íò¾úËØ),REF_TYLVALOSIN,repository_reference,O53_attached_to_C27,53,27,C,MPM00676,Glycyl-L-phenylalanine,NCC(=O)NC(Cc1ccccc1)C(=O)O,1,CC[C@H]1OC(=O)C[C@@H](OC(C)=O)[C@H](C)[C@@H](O[C@@H]2O[C@H](C)[C@@H](O[C@H]3C[C@@](C)(O)[C@@H](OC(=O)CC(C)C)[C@H](C)O3)[C@H](N(C)C)[C@H]2OC(=O)C(Cc2ccccc2)NC(=O)CN)[C@@H](CC=O)C[C@@H](C)C(=O)/C=C/C(C)=C/[C@@H]1CO[C@@H]1O[C@H](C)[C@@H](O)[C@@H](OC)[C@H]1OC,CC[C@H]1OC(=O)C[C@@H](OC(C)=O)[C@H](C)[C@@H](O[C@@H]2O[C@H](C)[C@@H](O[C@H]3C[C@@](C)(O)[C@@H](OC(=O)CC(C)C)[C@H](C)O3)[C@H](N(C)C)[C@H]2OC(=O)C(Cc2ccccc2)NC(=O)CN)[C@@H](CC=O)C[C@@H](C)C(=O)/C=C/C(C)=C/[C@@H]1CO[C@@H]1O[C@H](C)[C@@H](O)[C@@H](OC)[C@H]1OC,TRUE,,-1.2421,-1.242083185
tylvalosin,Tylvalosin (Ì©Íò¾úËØ),REF_TYLVALOSIN,repository_reference,O53_attached_to_C27,53,27,C,MPM01413,Gly,NCC(=O)O,1,CC[C@H]1OC(=O)C[C@@H](OC(C)=O)[C@H](C)[C@@H](O[C@@H]2O[C@H](C)[C@@H](O[C@H]3C[C@@](C)(O)[C@@H](OC(=O)CC(C)C)[C@H](C)O3)[C@H](N(C)C)[C@H]2OC(=O)CN)[C@@H](CC=O)C[C@@H](C)C(=O)/C=C/C(C)=C/[C@@H]1CO[C@@H]1O[C@H](C)[C@@H](O)[C@@H](OC)[C@H]1OC,CC[C@H]1OC(=O)C[C@@H](OC(C)=O)[C@H](C)[C@@H](O[C@@H]2O[C@H](C)[C@@H](O[C@H]3C[C@@](C)(O)[C@@H](OC(=O)CC(C)C)[C@H](C)O3)[C@H](N(C)C)[C@H]2OC(=O)CN)[C@@H](CC=O)C[C@@H](C)C(=O)/C=C/C(C)=C/[C@@H]1CO[C@@H]1O[C@H](C)[C@@H](O)[C@@H](OC)[C@H]1OC,TRUE,,-1.0202,-1.020233218
tylvalosin,Tylvalosin (Ì©Íò¾úËØ),REF_TYLVALOSIN,repository_reference,O53_attached_to_C27,53,27,C,MPM01074,"(S)-2,3-Diaminopropanoate",NCC(N)C(=O)O,1,CC[C@H]1OC(=O)C[C@@H](OC(C)=O)[C@H](C)[C@@H](O[C@@H]2O[C@H](C)[C@@H](O[C@H]3C[C@@](C)(O)[C@@H](OC(=O)CC(C)C)[C@H](C)O3)[C@H](N(C)C)[C@H]2OC(=O)C(N)CN)[C@@H](CC=O)C[C@@H](C)C(=O)/C=C/C(C)=C/[C@@H]1CO[C@@H]1O[C@H](C)[C@@H](O)[C@@H](OC)[C@H]1OC,CC[C@H]1OC(=O)C[C@@H](OC(C)=O)[C@H](C)[C@@H](O[C@@H]2O[C@H](C)[C@@H](O[C@H]3C[C@@](C)(O)[C@@H](OC(=O)CC(C)C)[C@H](C)O3)[C@H](N(C)C)[C@H]2OC(=O)C(N)CN)[C@@H](CC=O)C[C@@H](C)C(=O)/C=C/C(C)=C/[C@@H]1CO[C@@H]1O[C@H](C)[C@@H](O)[C@@H](OC)[C@H]1OC,TRUE,,-0.8692,-0.869205361
tylvalosin,Tylvalosin (Ì©Íò¾úËØ),REF_TYLVALOSIN,repository_reference,O53_attached_to_C27,53,27,C,MPM01212,3-Aminopropanoate,NCCC(=O)O,1,CC[C@H]1OC(=O)C[C@@H](OC(C)=O)[C@H](C)[C@@H](O[C@@H]2O[C@H](C)[C@@H](O[C@H]3C[C@@](C)(O)[C@@H](OC(=O)CC(C)C)[C@H](C)O3)[C@H](N(C)C)[C@H]2OC(=O)CCN)[C@@H](CC=O)C[C@@H](C)C(=O)/C=C/C(C)=C/[C@@H]1CO[C@@H]1O[C@H](C)[C@@H](O)[C@@H](OC)[C@H]1OC,CC[C@H]1OC(=O)C[C@@H](OC(C)=O)[C@H](C)[C@@H](O[C@@H]2O[C@H](C)[C@@H](O[C@H]3C[C@@](C)(O)[C@@H](OC(=O)CC(C)C)[C@H](C)O3)[C@H](N(C)C)[C@H]2OC(=O)CCN)[C@@H](CC=O)C[C@@H](C)C(=O)/C=C/C(C)=C/[C@@H]1CO[C@@H]1O[C@H](C)[C@@H](O)[C@@H](OC)[C@H]1OC,TRUE,,-1.1068,-1.106836323
tylvalosin,Tylvalosin (Ì©Íò¾úËØ),REF_TYLVALOSIN,repository_reference,O53_attached_to_C27,53,27,C,MPM00725,"L-2,4-Diaminobutyrate",NCCC(N)C(=O)O,1,CC[C@H]1OC(=O)C[C@@H](OC(C)=O)[C@H](C)[C@@H](O[C@@H]2O[C@H](C)[C@@H](O[C@H]3C[C@@](C)(O)[C@@H](OC(=O)CC(C)C)[C@H](C)O3)[C@H](N(C)C)[C@H]2OC(=O)C(N)CCN)[C@@H](CC=O)C[C@@H](C)C(=O)/C=C/C(C)=C/[C@@H]1CO[C@@H]1O[C@H](C)[C@@H](O)[C@@H](OC)[C@H]1OC,CC[C@H]1OC(=O)C[C@@H](OC(C)=O)[C@H](C)[C@@H](O[C@@H]2O[C@H](C)[C@@H](O[C@H]3C[C@@](C)(O)[C@@H](OC(=O)CC(C)C)[C@H](C)O3)[C@H](N(C)C)[C@H]2OC(=O)C(N)CCN)[C@@H](CC=O)C[C@@H](C)C(=O)/C=C/C(C)=C/[C@@H]1CO[C@@H]1O[C@H](C)[C@@H](O)[C@@H](OC)[C@H]1OC,TRUE,,-0.923,-0.923005562
tylvalosin,Tylvalosin (Ì©Íò¾úËØ),REF_TYLVALOSIN,repository_reference,O53_attached_to_C27,53,27,C,MPM01396,GABA,NCCCC(=O)O,1,CC[C@H]1OC(=O)C[C@@H](OC(C)=O)[C@H](C)[C@@H](O[C@@H]2O[C@H](C)[C@@H](O[C@H]3C[C@@](C)(O)[C@@H](OC(=O)CC(C)C)[C@H](C)O3)[C@H](N(C)C)[C@H]2OC(=O)CCCN)[C@@H](CC=O)C[C@@H](C)C(=O)/C=C/C(C)=C/[C@@H]1CO[C@@H]1O[C@H](C)[C@@H](O)[C@@H](OC)[C@H]1OC,CC[C@H]1OC(=O)C[C@@H](OC(C)=O)[C@H](C)[C@@H](O[C@@H]2O[C@H](C)[C@@H](O[C@H]3C[C@@](C)(O)[C@@H](OC(=O)CC(C)C)[C@H](C)O3)[C@H](N(C)C)[C@H]2OC(=O)CCCN)[C@@H](CC=O)C[C@@H](C)C(=O)/C=C/C(C)=C/[C@@H]1CO[C@@H]1O[C@H](C)[C@@H](O)[C@@H](OC)[C@H]1OC,TRUE,,-1.1655,-1.165548095
tylvalosin,Tylvalosin (Ì©Íò¾úËØ),REF_TYLVALOSIN,repository_reference,O53_attached_to_C27,53,27,C,MPM00093,"(S)-2,5-Diaminopentanoate",NCCCC(N)C(=O)O,1,CC[C@H]1OC(=O)C[C@@H](OC(C)=O)[C@H](C)[C@@H](O[C@@H]2O[C@H](C)[C@@H](O[C@H]3C[C@@](C)(O)[C@@H](OC(=O)CC(C)C)[C@H](C)O3)[C@H](N(C)C)[C@H]2OC(=O)C(N)CCCN)[C@@H](CC=O)C[C@@H](C)C(=O)/C=C/C(C)=C/[C@@H]1CO[C@@H]1O[C@H](C)[C@@H](O)[C@@H](OC)[C@H]1OC,CC[C@H]1OC(=O)C[C@@H](OC(C)=O)[C@H](C)[C@@H](O[C@@H]2O[C@H](C)[C@@H](O[C@H]3C[C@@](C)(O)[C@@H](OC(=O)CC(C)C)[C@H](C)O3)[C@H](N(C)C)[C@H]2OC(=O)C(N)CCCN)[C@@H](CC=O)C[C@@H](C)C(=O)/C=C/C(C)=C/[C@@H]1CO[C@@H]1O[C@H](C)[C@@H](O)[C@@H](OC)[C@H]1OC,TRUE,,-0.9826,-0.982624754
tylvalosin,Tylvalosin (Ì©Íò¾úËØ),REF_TYLVALOSIN,repository_reference,O53_attached_to_C27,53,27,C,MPM00742,L-beta-Lysine,NCCCC(N)CC(=O)O,1,CC[C@H]1OC(=O)C[C@@H](OC(C)=O)[C@H](C)[C@@H](O[C@@H]2O[C@H](C)[C@@H](O[C@H]3C[C@@](C)(O)[C@@H](OC(=O)CC(C)C)[C@H](C)O3)[C@H](N(C)C)[C@H]2OC(=O)CC(N)CCCN)[C@@H](CC=O)C[C@@H](C)C(=O)/C=C/C(C)=C/[C@@H]1CO[C@@H]1O[C@H](C)[C@@H](O)[C@@H](OC)[C@H]1OC,CC[C@H]1OC(=O)C[C@@H](OC(C)=O)[C@H](C)[C@@H](O[C@@H]2O[C@H](C)[C@@H](O[C@H]3C[C@@](C)(O)[C@@H](OC(=O)CC(C)C)[C@H](C)O3)[C@H](N(C)C)[C@H]2OC(=O)CC(N)CCCN)[C@@H](CC=O)C[C@@H](C)C(=O)/C=C/C(C)=C/[C@@H]1CO[C@@H]1O[C@H](C)[C@@H](O)[C@@H](OC)[C@H]1OC,TRUE,,-1.2367,-1.236721816
tylvalosin,Tylvalosin (Ì©Íò¾úËØ),REF_TYLVALOSIN,repository_reference,O53_attached_to_C27,53,27,C,MPM01164,2-Oxo-6-aminocaproate,NCCCCC(=O)C(=O)O,1,CC[C@H]1OC(=O)C[C@@H](OC(C)=O)[C@H](C)[C@@H](O[C@@H]2O[C@H](C)[C@@H](O[C@H]3C[C@@](C)(O)[C@@H](OC(=O)CC(C)C)[C@H](C)O3)[C@H](N(C)C)[C@H]2OC(=O)C(=O)CCCCN)[C@@H](CC=O)C[C@@H](C)C(=O)/C=C/C(C)=C/[C@@H]1CO[C@@H]1O[C@H](C)[C@@H](O)[C@@H](OC)[C@H]1OC,CC[C@H]1OC(=O)C[C@@H](OC(C)=O)[C@H](C)[C@@H](O[C@@H]2O[C@H](C)[C@@H](O[C@H]3C[C@@](C)(O)[C@@H](OC(=O)CC(C)C)[C@H](C)O3)[C@H](N(C)C)[C@H]2OC(=O)C(=O)CCCCN)[C@@H](CC=O)C[C@@H](C)C(=O)/C=C/C(C)=C/[C@@H]1CO[C@@H]1O[C@H](C)[C@@H](O)[C@@H](OC)[C@H]1OC,TRUE,,-1.1641,-1.164094727
tylvalosin,Tylvalosin (Ì©Íò¾úËØ),REF_TYLVALOSIN,repository_reference,O53_attached_to_C27,53,27,C,MPM00184,"2,6-Diaminohexanoic acid",NCCCCC(N)C(=O)O,1,CC[C@H]1OC(=O)C[C@@H](OC(C)=O)[C@H](C)[C@@H](O[C@@H]2O[C@H](C)[C@@H](O[C@H]3C[C@@](C)(O)[C@@H](OC(=O)CC(C)C)[C@H](C)O3)[C@H](N(C)C)[C@H]2OC(=O)C(N)CCCCN)[C@@H](CC=O)C[C@@H](C)C(=O)/C=C/C(C)=C/[C@@H]1CO[C@@H]1O[C@H](C)[C@@H](O)[C@@H](OC)[C@H]1OC,CC[C@H]1OC(=O)C[C@@H](OC(C)=O)[C@H](C)[C@@H](O[C@@H]2O[C@H](C)[C@@H](O[C@H]3C[C@@](C)(O)[C@@H](OC(=O)CC(C)C)[C@H](C)O3)[C@H](N(C)C)[C@H]2OC(=O)C(N)CCCCN)[C@@H](CC=O)C[C@@H](C)C(=O)/C=C/C(C)=C/[C@@H]1CO[C@@H]1O[C@H](C)[C@@H](O)[C@@H](OC)[C@H]1OC,TRUE,,-1.0449,-1.04491808
tylvalosin,Tylvalosin (Ì©Íò¾úËØ),REF_TYLVALOSIN,repository_reference,O53_attached_to_C27,53,27,C,MPM00373,5-Amino-1-(5-phospho-D-ribosyl)imidazole-4-carboxylate,Nc1c(C(=O)O)ncn1C1OC(COP(=O)(O)O)C(O)C1O,1,CC[C@H]1OC(=O)C[C@@H](OC(C)=O)[C@H](C)[C@@H](O[C@@H]2O[C@H](C)[C@@H](O[C@H]3C[C@@](C)(O)[C@@H](OC(=O)CC(C)C)[C@H](C)O3)[C@H](N(C)C)[C@H]2OC(=O)c2ncn(C3OC(COP(=O)(O)O)C(O)C3O)c2N)[C@@H](CC=O)C[C@@H](C)C(=O)/C=C/C(C)=C/[C@@H]1CO[C@@H]1O[C@H](C)[C@@H](O)[C@@H](OC)[C@H]1OC,CC[C@H]1OC(=O)C[C@@H](OC(C)=O)[C@H](C)[C@@H](O[C@@H]2O[C@H](C)[C@@H](O[C@H]3C[C@@](C)(O)[C@@H](OC(=O)CC(C)C)[C@H](C)O3)[C@H](N(C)C)[C@H]2OC(=O)c2ncn(C3OC(COP(=O)(O)O)C(O)C3O)c2N)[C@@H](CC=O)C[C@@H](C)C(=O)/C=C/C(C)=C/[C@@H]1CO[C@@H]1O[C@H](C)[C@@H](O)[C@@H](OC)[C@H]1OC,TRUE,,-3.982,-3.981957648
tylvalosin,Tylvalosin (Ì©Íò¾úËØ),REF_TYLVALOSIN,repository_reference,O53_attached_to_C27,53,27,C,MPM00854,p-Aminobenzoate,Nc1ccc(C(=O)O)cc1,1,CC[C@H]1OC(=O)C[C@@H](OC(C)=O)[C@H](C)[C@@H](O[C@@H]2O[C@H](C)[C@@H](O[C@H]3C[C@@](C)(O)[C@@H](OC(=O)CC(C)C)[C@H](C)O3)[C@H](N(C)C)[C@H]2OC(=O)c2ccc(N)cc2)[C@@H](CC=O)C[C@@H](C)C(=O)/C=C/C(C)=C/[C@@H]1CO[C@@H]1O[C@H](C)[C@@H](O)[C@@H](OC)[C@H]1OC,CC[C@H]1OC(=O)C[C@@H](OC(C)=O)[C@H](C)[C@@H](O[C@@H]2O[C@H](C)[C@@H](O[C@H]3C[C@@](C)(O)[C@@H](OC(=O)CC(C)C)[C@H](C)O3)[C@H](N(C)C)[C@H]2OC(=O)c2ccc(N)cc2)[C@@H](CC=O)C[C@@H](C)C(=O)/C=C/C(C)=C/[C@@H]1CO[C@@H]1O[C@H](C)[C@@H](O)[C@@H](OC)[C@H]1OC,TRUE,,-1.0714,-1.071363941
tylvalosin,Tylvalosin (Ì©Íò¾úËØ),REF_TYLVALOSIN,repository_reference,O53_attached_to_C27,53,27,C,MPM00406,"7,8-Dihydropteroate",Nc1nc2c(c(=O)[nH]1)N=C(CNc1ccc(C(=O)O)cc1)CN2,1,CC[C@H]1OC(=O)C[C@@H](OC(C)=O)[C@H](C)[C@@H](O[C@@H]2O[C@H](C)[C@@H](O[C@H]3C[C@@](C)(O)[C@@H](OC(=O)CC(C)C)[C@H](C)O3)[C@H](N(C)C)[C@H]2OC(=O)c2ccc(NCC3=Nc4c(nc(N)[nH]c4=O)NC3)cc2)[C@@H](CC=O)C[C@@H](C)C(=O)/C=C/C(C)=C/[C@@H]1CO[C@@H]1O[C@H](C)[C@@H](O)[C@@H](OC)[C@H]1OC,CC[C@H]1OC(=O)C[C@@H](OC(C)=O)[C@H](C)[C@@H](O[C@@H]2O[C@H](C)[C@@H](O[C@H]3C[C@@](C)(O)[C@@H](OC(=O)CC(C)C)[C@H](C)O3)[C@H](N(C)C)[C@H]2OC(=O)c2ccc(NCC3=Nc4c(nc(N)[nH]c4=O)NC3)cc2)[C@@H](CC=O)C[C@@H](C)C(=O)/C=C/C(C)=C/[C@@H]1CO[C@@H]1O[C@H](C)[C@@H](O)[C@@H](OC)[C@H]1OC,TRUE,,-1.6284,-1.628414664
tylvalosin,Tylvalosin (Ì©Íò¾úËØ),REF_TYLVALOSIN,repository_reference,O53_attached_to_C27,53,27,C,MPM00938,Se-Adenosylselenohomocysteine,Nc1ncnc2c1ncn2C1OC(C[Se]CCC(N)C(=O)O)C(O)C1O,1,CC[C@H]1OC(=O)C[C@@H](OC(C)=O)[C@H](C)[C@@H](O[C@@H]2O[C@H](C)[C@@H](O[C@H]3C[C@@](C)(O)[C@@H](OC(=O)CC(C)C)[C@H](C)O3)[C@H](N(C)C)[C@H]2OC(=O)C(N)CC[Se]CC2OC(n3cnc4c(N)ncnc43)C(O)C2O)[C@@H](CC=O)C[C@@H](C)C(=O)/C=C/C(C)=C/[C@@H]1CO[C@@H]1O[C@H](C)[C@@H](O)[C@@H](OC)[C@H]1OC,CC[C@H]1OC(=O)C[C@@H](OC(C)=O)[C@H](C)[C@@H](O[C@@H]2O[C@H](C)[C@@H](O[C@H]3C[C@@](C)(O)[C@@H](OC(=O)CC(C)C)[C@H](C)O3)[C@H](N(C)C)[C@H]2OC(=O)C(N)CC[Se]CC2OC(n3cnc4c(N)ncnc43)C(O)C2O)[C@@H](CC=O)C[C@@H](C)C(=O)/C=C/C(C)=C/[C@@H]1CO[C@@H]1O[C@H](C)[C@@H](O)[C@@H](OC)[C@H]1OC,TRUE,,-4.1811,-4.181127865
tylvalosin,Tylvalosin (Ì©Íò¾úËØ),REF_TYLVALOSIN,repository_reference,O53_attached_to_C27,53,27,C,MPM00210,2-Dehydro-3-deoxy-D-galactonate,O=C(O)C(=O)CC(O)C(O)CO,1,CC[C@H]1OC(=O)C[C@@H](OC(C)=O)[C@H](C)[C@@H](O[C@@H]2O[C@H](C)[C@@H](O[C@H]3C[C@@](C)(O)[C@@H](OC(=O)CC(C)C)[C@H](C)O3)[C@H](N(C)C)[C@H]2OC(=O)C(=O)CC(O)C(O)CO)[C@@H](CC=O)C[C@@H](C)C(=O)/C=C/C(C)=C/[C@@H]1CO[C@@H]1O[C@H](C)[C@@H](O)[C@@H](OC)[C@H]1OC,CC[C@H]1OC(=O)C[C@@H](OC(C)=O)[C@H](C)[C@@H](O[C@@H]2O[C@H](C)[C@@H](O[C@H]3C[C@@](C)(O)[C@@H](OC(=O)CC(C)C)[C@H](C)O3)[C@H](N(C)C)[C@H]2OC(=O)C(=O)CC(O)C(O)CO)[C@@H](CC=O)C[C@@H](C)C(=O)/C=C/C(C)=C/[C@@H]1CO[C@@H]1O[C@H](C)[C@@H](O)[C@@H](OC)[C@H]1OC,TRUE,,-1.8925,-1.89253226
tylvalosin,Tylvalosin (Ì©Íò¾úËØ),REF_TYLVALOSIN,repository_reference,O53_attached_to_C27,53,27,C,MPM00212,2-Dehydro-3-deoxy-D-gluconate 6-phosphate,O=C(O)C(=O)CC(O)C(O)COP(=O)(O)O,1,CC[C@H]1OC(=O)C[C@@H](OC(C)=O)[C@H](C)[C@@H](O[C@@H]2O[C@H](C)[C@@H](O[C@H]3C[C@@](C)(O)[C@@H](OC(=O)CC(C)C)[C@H](C)O3)[C@H](N(C)C)[C@H]2OC(=O)C(=O)CC(O)C(O)COP(=O)(O)O)[C@@H](CC=O)C[C@@H](C)C(=O)/C=C/C(C)=C/[C@@H]1CO[C@@H]1O[C@H](C)[C@@H](O)[C@@H](OC)[C@H]1OC,CC[C@H]1OC(=O)C[C@@H](OC(C)=O)[C@H](C)[C@@H](O[C@@H]2O[C@H](C)[C@@H](O[C@H]3C[C@@](C)(O)[C@@H](OC(=O)CC(C)C)[C@H](C)O3)[C@H](N(C)C)[C@H]2OC(=O)C(=O)CC(O)C(O)COP(=O)(O)O)[C@@H](CC=O)C[C@@H](C)C(=O)/C=C/C(C)=C/[C@@H]1CO[C@@H]1O[C@H](C)[C@@H](O)[C@@H](OC)[C@H]1OC,TRUE,,-2.0504,-2.050404878
tylvalosin,Tylvalosin (Ì©Íò¾úËØ),REF_TYLVALOSIN,repository_reference,O53_attached_to_C27,53,27,C,MPM00304,3-Hydroxypyruvic acid,O=C(O)C(=O)CO,1,CC[C@H]1OC(=O)C[C@@H](OC(C)=O)[C@H](C)[C@@H](O[C@@H]2O[C@H](C)[C@@H](O[C@H]3C[C@@](C)(O)[C@@H](OC(=O)CC(C)C)[C@H](C)O3)[C@H](N(C)C)[C@H]2OC(=O)C(=O)CO)[C@@H](CC=O)C[C@@H](C)C(=O)/C=C/C(C)=C/[C@@H]1CO[C@@H]1O[C@H](C)[C@@H](O)[C@@H](OC)[C@H]1OC,CC[C@H]1OC(=O)C[C@@H](OC(C)=O)[C@H](C)[C@@H](O[C@@H]2O[C@H](C)[C@@H](O[C@H]3C[C@@](C)(O)[C@@H](OC(=O)CC(C)C)[C@H](C)O3)[C@H](N(C)C)[C@H]2OC(=O)C(=O)CO)[C@@H](CC=O)C[C@@H](C)C(=O)/C=C/C(C)=C/[C@@H]1CO[C@@H]1O[C@H](C)[C@@H](O)[C@@H](OC)[C@H]1OC,TRUE,,-0.9882,-0.988244405
tylvalosin,Tylvalosin (Ì©Íò¾úËØ),REF_TYLVALOSIN,repository_reference,O53_attached_to_C27,53,27,C,MPM00897,p-Hydroxyphenylpyruvic acid,O=C(O)C(=O)Cc1ccc(O)cc1,1,CC[C@H]1OC(=O)C[C@@H](OC(C)=O)[C@H](C)[C@@H](O[C@@H]2O[C@H](C)[C@@H](O[C@H]3C[C@@](C)(O)[C@@H](OC(=O)CC(C)C)[C@H](C)O3)[C@H](N(C)C)[C@H]2OC(=O)C(=O)Cc2ccc(O)cc2)[C@@H](CC=O)C[C@@H](C)C(=O)/C=C/C(C)=C/[C@@H]1CO[C@@H]1O[C@H](C)[C@@H](O)[C@@H](OC)[C@H]1OC,CC[C@H]1OC(=O)C[C@@H](OC(C)=O)[C@H](C)[C@@H](O[C@@H]2O[C@H](C)[C@@H](O[C@H]3C[C@@](C)(O)[C@@H](OC(=O)CC(C)C)[C@H](C)O3)[C@H](N(C)C)[C@H]2OC(=O)C(=O)Cc2ccc(O)cc2)[C@@H](CC=O)C[C@@H](C)C(=O)/C=C/C(C)=C/[C@@H]1CO[C@@H]1O[C@H](C)[C@@H](O)[C@@H](OC)[C@H]1OC,TRUE,,-1.0336,-1.033620765
tylvalosin,Tylvalosin (Ì©Íò¾úËØ),REF_TYLVALOSIN,repository_reference,O53_attached_to_C27,53,27,C,MPM00253,2-Oxo-3-phenylpropanoate,O=C(O)C(=O)Cc1ccccc1,1,CC[C@H]1OC(=O)C[C@@H](OC(C)=O)[C@H](C)[C@@H](O[C@@H]2O[C@H](C)[C@@H](O[C@H]3C[C@@](C)(O)[C@@H](OC(=O)CC(C)C)[C@H](C)O3)[C@H](N(C)C)[C@H]2OC(=O)C(=O)Cc2ccccc2)[C@@H](CC=O)C[C@@H](C)C(=O)/C=C/C(C)=C/[C@@H]1CO[C@@H]1O[C@H](C)[C@@H](O)[C@@H](OC)[C@H]1OC,CC[C@H]1OC(=O)C[C@@H](OC(C)=O)[C@H](C)[C@@H](O[C@@H]2O[C@H](C)[C@@H](O[C@H]3C[C@@](C)(O)[C@@H](OC(=O)CC(C)C)[C@H](C)O3)[C@H](N(C)C)[C@H]2OC(=O)C(=O)Cc2ccccc2)[C@@H](CC=O)C[C@@H](C)C(=O)/C=C/C(C)=C/[C@@H]1CO[C@@H]1O[C@H](C)[C@@H](O)[C@@H](OC)[C@H]1OC,TRUE,,-1.4012,-1.401222358
tylvalosin,Tylvalosin (Ì©Íò¾úËØ),REF_TYLVALOSIN,repository_reference,O53_attached_to_C27,53,27,C,MPM00249,2-O-(alpha-D-Mannopyranosyl)-D-glycerate,O=C(O)C(CO)OC1OC(CO)C(O)C(O)C1O,1,CC[C@H]1OC(=O)C[C@@H](OC(C)=O)[C@H](C)[C@@H](O[C@@H]2O[C@H](C)[C@@H](O[C@H]3C[C@@](C)(O)[C@@H](OC(=O)CC(C)C)[C@H](C)O3)[C@H](N(C)C)[C@H]2OC(=O)C(CO)OC2OC(CO)C(O)C(O)C2O)[C@@H](CC=O)C[C@@H](C)C(=O)/C=C/C(C)=C/[C@@H]1CO[C@@H]1O[C@H](C)[C@@H](O)[C@@H](OC)[C@H]1OC,CC[C@H]1OC(=O)C[C@@H](OC(C)=O)[C@H](C)[C@@H](O[C@@H]2O[C@H](C)[C@@H](O[C@H]3C[C@@](C)(O)[C@@H](OC(=O)CC(C)C)[C@H](C)O3)[C@H](N(C)C)[C@H]2OC(=O)C(CO)OC2OC(CO)C(O)C(O)C2O)[C@@H](CC=O)C[C@@H](C)C(=O)/C=C/C(C)=C/[C@@H]1CO[C@@H]1O[C@H](C)[C@@H](O)[C@@H](OC)[C@H]1OC,TRUE,,-2.6069,-2.606925806
tylvalosin,Tylvalosin (Ì©Íò¾úËØ),REF_TYLVALOSIN,repository_reference,O53_attached_to_C27,53,27,C,MPM00248,2-O-(6-Phospho-alpha-D-mannosyl)-D-glycerate,O=C(O)C(CO)OC1OC(COP(=O)(O)O)C(O)C(O)C1O,1,CC[C@H]1OC(=O)C[C@@H](OC(C)=O)[C@H](C)[C@@H](O[C@@H]2O[C@H](C)[C@@H](O[C@H]3C[C@@](C)(O)[C@@H](OC(=O)CC(C)C)[C@H](C)O3)[C@H](N(C)C)[C@H]2OC(=O)C(CO)OC2OC(COP(=O)(O)O)C(O)C(O)C2O)[C@@H](CC=O)C[C@@H](C)C(=O)/C=C/C(C)=C/[C@@H]1CO[C@@H]1O[C@H](C)[C@@H](O)[C@@H](OC)[C@H]1OC,CC[C@H]1OC(=O)C[C@@H](OC(C)=O)[C@H](C)[C@@H](O[C@@H]2O[C@H](C)[C@@H](O[C@H]3C[C@@](C)(O)[C@@H](OC(=O)CC(C)C)[C@H](C)O3)[C@H](N(C)C)[C@H]2OC(=O)C(CO)OC2OC(COP(=O)(O)O)C(O)C(O)C2O)[C@@H](CC=O)C[C@@H](C)C(=O)/C=C/C(C)=C/[C@@H]1CO[C@@H]1O[C@H](C)[C@@H](O)[C@@H](OC)[C@H]1OC,TRUE,,-2.7615,-2.761507599
tylvalosin,Tylvalosin (Ì©Íò¾úËØ),REF_TYLVALOSIN,repository_reference,O53_attached_to_C27,53,27,C,MPM00262,2-Phospho-(R)-glycerate,O=C(O)C(CO)OP(=O)(O)O,1,CC[C@H]1OC(=O)C[C@@H](OC(C)=O)[C@H](C)[C@@H](O[C@@H]2O[C@H](C)[C@@H](O[C@H]3C[C@@](C)(O)[C@@H](OC(=O)CC(C)C)[C@H](C)O3)[C@H](N(C)C)[C@H]2OC(=O)C(CO)OP(=O)(O)O)[C@@H](CC=O)C[C@@H](C)C(=O)/C=C/C(C)=C/[C@@H]1CO[C@@H]1O[C@H](C)[C@@H](O)[C@@H](OC)[C@H]1OC,CC[C@H]1OC(=O)C[C@@H](OC(C)=O)[C@H](C)[C@@H](O[C@@H]2O[C@H](C)[C@@H](O[C@H]3C[C@@](C)(O)[C@@H](OC(=O)CC(C)C)[C@H](C)O3)[C@H](N(C)C)[C@H]2OC(=O)C(CO)OP(=O)(O)O)[C@@H](CC=O)C[C@@H](C)C(=O)/C=C/C(C)=C/[C@@H]1CO[C@@H]1O[C@H](C)[C@@H](O)[C@@H](OC)[C@H]1OC,TRUE,,-1.8405,-1.840524304
tylvalosin,Tylvalosin (Ì©Íò¾úËØ),REF_TYLVALOSIN,repository_reference,O53_attached_to_C27,53,27,C,MPM00380,5-Dehydrogluconate,O=C(O)C(O)C(O)C(O)C(=O)CO,1,CC[C@H]1OC(=O)C[C@@H](OC(C)=O)[C@H](C)[C@@H](O[C@@H]2O[C@H](C)[C@@H](O[C@H]3C[C@@](C)(O)[C@@H](OC(=O)CC(C)C)[C@H](C)O3)[C@H](N(C)C)[C@H]2OC(=O)C(O)C(O)C(O)C(=O)CO)[C@@H](CC=O)C[C@@H](C)C(=O)/C=C/C(C)=C/[C@@H]1CO[C@@H]1O[C@H](C)[C@@H](O)[C@@H](OC)[C@H]1OC,CC[C@H]1OC(=O)C[C@@H](OC(C)=O)[C@H](C)[C@@H](O[C@@H]2O[C@H](C)[C@@H](O[C@H]3C[C@@](C)(O)[C@@H](OC(=O)CC(C)C)[C@H](C)O3)[C@H](N(C)C)[C@H]2OC(=O)C(O)C(O)C(O)C(=O)CO)[C@@H](CC=O)C[C@@H](C)C(=O)/C=C/C(C)=C/[C@@H]1CO[C@@H]1O[C@H](C)[C@@H](O)[C@@H](OC)[C@H]1OC,TRUE,,-1.933,-1.93298909
tylvalosin,Tylvalosin (Ì©Íò¾úËØ),REF_TYLVALOSIN,repository_reference,O53_attached_to_C27,53,27,C,MPM00547,D-Altronate,O=C(O)C(O)C(O)C(O)C(O)CO,1,CC[C@H]1OC(=O)C[C@@H](OC(C)=O)[C@H](C)[C@@H](O[C@@H]2O[C@H](C)[C@@H](O[C@H]3C[C@@](C)(O)[C@@H](OC(=O)CC(C)C)[C@H](C)O3)[C@H](N(C)C)[C@H]2OC(=O)C(O)C(O)C(O)C(O)CO)[C@@H](CC=O)C[C@@H](C)C(=O)/C=C/C(C)=C/[C@@H]1CO[C@@H]1O[C@H](C)[C@@H](O)[C@@H](OC)[C@H]1OC,CC[C@H]1OC(=O)C[C@@H](OC(C)=O)[C@H](C)[C@@H](O[C@@H]2O[C@H](C)[C@@H](O[C@H]3C[C@@](C)(O)[C@@H](OC(=O)CC(C)C)[C@H](C)O3)[C@H](N(C)C)[C@H]2OC(=O)C(O)C(O)C(O)C(O)CO)[C@@H](CC=O)C[C@@H](C)C(=O)/C=C/C(C)=C/[C@@H]1CO[C@@H]1O[C@H](C)[C@@H](O)[C@@H](OC)[C@H]1OC,TRUE,,-2.287,-2.287013773
tylvalosin,Tylvalosin (Ì©Íò¾úËØ),REF_TYLVALOSIN,repository_reference,O53_attached_to_C27,53,27,C,MPM00401,6-Phospho-D-gluconate,O=C(O)C(O)C(O)C(O)C(O)COP(=O)(O)O,1,CC[C@H]1OC(=O)C[C@@H](OC(C)=O)[C@H](C)[C@@H](O[C@@H]2O[C@H](C)[C@@H](O[C@H]3C[C@@](C)(O)[C@@H](OC(=O)CC(C)C)[C@H](C)O3)[C@H](N(C)C)[C@H]2OC(=O)C(O)C(O)C(O)C(O)COP(=O)(O)O)[C@@H](CC=O)C[C@@H](C)C(=O)/C=C/C(C)=C/[C@@H]1CO[C@@H]1O[C@H](C)[C@@H](O)[C@@H](OC)[C@H]1OC,CC[C@H]1OC(=O)C[C@@H](OC(C)=O)[C@H](C)[C@@H](O[C@@H]2O[C@H](C)[C@@H](O[C@H]3C[C@@](C)(O)[C@@H](OC(=O)CC(C)C)[C@H](C)O3)[C@H](N(C)C)[C@H]2OC(=O)C(O)C(O)C(O)C(O)COP(=O)(O)O)[C@@H](CC=O)C[C@@H](C)C(=O)/C=C/C(C)=C/[C@@H]1CO[C@@H]1O[C@H](C)[C@@H](O)[C@@H](OC)[C@H]1OC,TRUE,,-2.4505,-2.450545402
tylvalosin,Tylvalosin (Ì©Íò¾úËØ),REF_TYLVALOSIN,repository_reference,O53_attached_to_C27,53,27,C,MPM00666,Glyceric acid,O=C(O)C(O)CO,1,CC[C@H]1OC(=O)C[C@@H](OC(C)=O)[C@H](C)[C@@H](O[C@@H]2O[C@H](C)[C@@H](O[C@H]3C[C@@](C)(O)[C@@H](OC(=O)CC(C)C)[C@H](C)O3)[C@H](N(C)C)[C@H]2OC(=O)C(O)CO)[C@@H](CC=O)C[C@@H](C)C(=O)/C=C/C(C)=C/[C@@H]1CO[C@@H]1O[C@H](C)[C@@H](O)[C@@H](OC)[C@H]1OC,CC[C@H]1OC(=O)C[C@@H](OC(C)=O)[C@H](C)[C@@H](O[C@@H]2O[C@H](C)[C@@H](O[C@H]3C[C@@](C)(O)[C@@H](OC(=O)CC(C)C)[C@H](C)O3)[C@H](N(C)C)[C@H]2OC(=O)C(O)CO)[C@@H](CC=O)C[C@@H](C)C(=O)/C=C/C(C)=C/[C@@H]1CO[C@@H]1O[C@H](C)[C@@H](O)[C@@H](OC)[C@H]1OC,TRUE,,-1.4772,-1.4771573
tylvalosin,Tylvalosin (Ì©Íò¾úËØ),REF_TYLVALOSIN,repository_reference,O53_attached_to_C27,53,27,C,MPM00324,3-Phosphoglycerate,O=C(O)C(O)COP(=O)(O)O,1,CC[C@H]1OC(=O)C[C@@H](OC(C)=O)[C@H](C)[C@@H](O[C@@H]2O[C@H](C)[C@@H](O[C@H]3C[C@@](C)(O)[C@@H](OC(=O)CC(C)C)[C@H](C)O3)[C@H](N(C)C)[C@H]2OC(=O)C(O)COP(=O)(O)O)[C@@H](CC=O)C[C@@H](C)C(=O)/C=C/C(C)=C/[C@@H]1CO[C@@H]1O[C@H](C)[C@@H](O)[C@@H](OC)[C@H]1OC,CC[C@H]1OC(=O)C[C@@H](OC(C)=O)[C@H](C)[C@@H](O[C@@H]2O[C@H](C)[C@@H](O[C@H]3C[C@@](C)(O)[C@@H](OC(=O)CC(C)C)[C@H](C)O3)[C@H](N(C)C)[C@H]2OC(=O)C(O)COP(=O)(O)O)[C@@H](CC=O)C[C@@H](C)C(=O)/C=C/C(C)=C/[C@@H]1CO[C@@H]1O[C@H](C)[C@@H](O)[C@@H](OC)[C@H]1OC,TRUE,,-1.6397,-1.639739622
tylvalosin,Tylvalosin (Ì©Íò¾úËØ),REF_TYLVALOSIN,repository_reference,O53_attached_to_C27,53,27,C,MPM00001,(-)-Quinic acid,O=C(O)C1(O)CC(O)C(O)C(O)C1,1,CC[C@H]1OC(=O)C[C@@H](OC(C)=O)[C@H](C)[C@@H](O[C@@H]2O[C@H](C)[C@@H](O[C@H]3C[C@@](C)(O)[C@@H](OC(=O)CC(C)C)[C@H](C)O3)[C@H](N(C)C)[C@H]2OC(=O)C2(O)CC(O)C(O)C(O)C2)[C@@H](CC=O)C[C@@H](C)C(=O)/C=C/C(C)=C/[C@@H]1CO[C@@H]1O[C@H](C)[C@@H](O)[C@@H](OC)[C@H]1OC,CC[C@H]1OC(=O)C[C@@H](OC(C)=O)[C@H](C)[C@@H](O[C@@H]2O[C@H](C)[C@@H](O[C@H]3C[C@@](C)(O)[C@@H](OC(=O)CC(C)C)[C@H](C)O3)[C@H](N(C)C)[C@H]2OC(=O)C2(O)CC(O)C(O)C(O)C2)[C@@H](CC=O)C[C@@H](C)C(=O)/C=C/C(C)=C/[C@@H]1CO[C@@H]1O[C@H](C)[C@@H](O)[C@@H](OC)[C@H]1OC,TRUE,,-2.558,-2.557960083
tylvalosin,Tylvalosin (Ì©Íò¾úËØ),REF_TYLVALOSIN,repository_reference,O53_attached_to_C27,53,27,C,MPM00283,3-Dehydroshikimate,O=C(O)C1=CC(=O)C(O)C(O)C1,1,CC[C@H]1OC(=O)C[C@@H](OC(C)=O)[C@H](C)[C@@H](O[C@@H]2O[C@H](C)[C@@H](O[C@H]3C[C@@](C)(O)[C@@H](OC(=O)CC(C)C)[C@H](C)O3)[C@H](N(C)C)[C@H]2OC(=O)C2=CC(=O)C(O)C(O)C2)[C@@H](CC=O)C[C@@H](C)C(=O)/C=C/C(C)=C/[C@@H]1CO[C@@H]1O[C@H](C)[C@@H](O)[C@@H](OC)[C@H]1OC,CC[C@H]1OC(=O)C[C@@H](OC(C)=O)[C@H](C)[C@@H](O[C@@H]2O[C@H](C)[C@@H](O[C@H]3C[C@@](C)(O)[C@@H](OC(=O)CC(C)C)[C@H](C)O3)[C@H](N(C)C)[C@H]2OC(=O)C2=CC(=O)C(O)C(O)C2)[C@@H](CC=O)C[C@@H](C)C(=O)/C=C/C(C)=C/[C@@H]1CO[C@@H]1O[C@H](C)[C@@H](O)[C@@H](OC)[C@H]1OC,TRUE,,-1.6807,-1.680728665
tylvalosin,Tylvalosin (Ì©Íò¾úËØ),REF_TYLVALOSIN,repository_reference,O53_attached_to_C27,53,27,C,MPM00269,"3,4,5-Trihydroxy-1-cyclohexenecarboxylic acid",O=C(O)C1=CC(O)C(O)C(O)C1,1,CC[C@H]1OC(=O)C[C@@H](OC(C)=O)[C@H](C)[C@@H](O[C@@H]2O[C@H](C)[C@@H](O[C@H]3C[C@@](C)(O)[C@@H](OC(=O)CC(C)C)[C@H](C)O3)[C@H](N(C)C)[C@H]2OC(=O)C2=CC(O)C(O)C(O)C2)[C@@H](CC=O)C[C@@H](C)C(=O)/C=C/C(C)=C/[C@@H]1CO[C@@H]1O[C@H](C)[C@@H](O)[C@@H](OC)[C@H]1OC,CC[C@H]1OC(=O)C[C@@H](OC(C)=O)[C@H](C)[C@@H](O[C@@H]2O[C@H](C)[C@@H](O[C@H]3C[C@@](C)(O)[C@@H](OC(=O)CC(C)C)[C@H](C)O3)[C@H](N(C)C)[C@H]2OC(=O)C2=CC(O)C(O)C(O)C2)[C@@H](CC=O)C[C@@H](C)C(=O)/C=C/C(C)=C/[C@@H]1CO[C@@H]1O[C@H](C)[C@@H](O)[C@@H](OC)[C@H]1OC,TRUE,,-2.0339,-2.033871318
tylvalosin,Tylvalosin (Ì©Íò¾úËØ),REF_TYLVALOSIN,repository_reference,O53_attached_to_C27,53,27,C,MPM00160,1-pyrroline-2-carboxylic acid zwitterion,O=C(O)C1=NCCC1,1,CC[C@H]1OC(=O)C[C@@H](OC(C)=O)[C@H](C)[C@@H](O[C@@H]2O[C@H](C)[C@@H](O[C@H]3C[C@@](C)(O)[C@@H](OC(=O)CC(C)C)[C@H](C)O3)[C@H](N(C)C)[C@H]2OC(=O)C2=NCCC2)[C@@H](CC=O)C[C@@H](C)C(=O)/C=C/C(C)=C/[C@@H]1CO[C@@H]1O[C@H](C)[C@@H](O)[C@@H](OC)[C@H]1OC,CC[C@H]1OC(=O)C[C@@H](OC(C)=O)[C@H](C)[C@@H](O[C@@H]2O[C@H](C)[C@@H](O[C@H]3C[C@@](C)(O)[C@@H](OC(=O)CC(C)C)[C@H](C)O3)[C@H](N(C)C)[C@H]2OC(=O)C2=NCCC2)[C@@H](CC=O)C[C@@H](C)C(=O)/C=C/C(C)=C/[C@@H]1CO[C@@H]1O[C@H](C)[C@@H](O)[C@@H](OC)[C@H]1OC,TRUE,,-1.7133,-1.713301677
tylvalosin,Tylvalosin (Ì©Íò¾úËØ),REF_TYLVALOSIN,repository_reference,O53_attached_to_C27,53,27,C,MPM01116,1-Piperideine-2-carboxylate,O=C(O)C1=NCCCC1,1,CC[C@H]1OC(=O)C[C@@H](OC(C)=O)[C@H](C)[C@@H](O[C@@H]2O[C@H](C)[C@@H](O[C@H]3C[C@@](C)(O)[C@@H](OC(=O)CC(C)C)[C@H](C)O3)[C@H](N(C)C)[C@H]2OC(=O)C2=NCCCC2)[C@@H](CC=O)C[C@@H](C)C(=O)/C=C/C(C)=C/[C@@H]1CO[C@@H]1O[C@H](C)[C@@H](O)[C@@H](OC)[C@H]1OC,CC[C@H]1OC(=O)C[C@@H](OC(C)=O)[C@H](C)[C@@H](O[C@@H]2O[C@H](C)[C@@H](O[C@H]3C[C@@](C)(O)[C@@H](OC(=O)CC(C)C)[C@H](C)O3)[C@H](N(C)C)[C@H]2OC(=O)C2=NCCCC2)[C@@H](CC=O)C[C@@H](C)C(=O)/C=C/C(C)=C/[C@@H]1CO[C@@H]1O[C@H](C)[C@@H](O)[C@@H](OC)[C@H]1OC,TRUE,,-1.7203,-1.720255247
tylvalosin,Tylvalosin (Ì©Íò¾úËØ),REF_TYLVALOSIN,repository_reference,O53_attached_to_C27,53,27,C,MPM00047,"(3R,5S)-3-Hydroxy-1-pyrroline-5-carboxylate",O=C(O)C1CC(O)C=N1,1,CC[C@H]1OC(=O)C[C@@H](OC(C)=O)[C@H](C)[C@@H](O[C@@H]2O[C@H](C)[C@@H](O[C@H]3C[C@@](C)(O)[C@@H](OC(=O)CC(C)C)[C@H](C)O3)[C@H](N(C)C)[C@H]2OC(=O)C2CC(O)C=N2)[C@@H](CC=O)C[C@@H](C)C(=O)/C=C/C(C)=C/[C@@H]1CO[C@@H]1O[C@H](C)[C@@H](O)[C@@H](OC)[C@H]1OC,CC[C@H]1OC(=O)C[C@@H](OC(C)=O)[C@H](C)[C@@H](O[C@@H]2O[C@H](C)[C@@H](O[C@H]3C[C@@](C)(O)[C@@H](OC(=O)CC(C)C)[C@H](C)O3)[C@H](N(C)C)[C@H]2OC(=O)C2CC(O)C=N2)[C@@H](CC=O)C[C@@H](C)C(=O)/C=C/C(C)=C/[C@@H]1CO[C@@H]1O[C@H](C)[C@@H](O)[C@@H](OC)[C@H]1OC,TRUE,,-2.2956,-2.295562956
tylvalosin,Tylvalosin (Ì©Íò¾úËØ),REF_TYLVALOSIN,repository_reference,O53_attached_to_C27,53,27,C,MPM00521,cis-4-Hydroxy-D-proline,O=C(O)C1CC(O)CN1,1,CC[C@H]1OC(=O)C[C@@H](OC(C)=O)[C@H](C)[C@@H](O[C@@H]2O[C@H](C)[C@@H](O[C@H]3C[C@@](C)(O)[C@@H](OC(=O)CC(C)C)[C@H](C)O3)[C@H](N(C)C)[C@H]2OC(=O)C2CC(O)CN2)[C@@H](CC=O)C[C@@H](C)C(=O)/C=C/C(C)=C/[C@@H]1CO[C@@H]1O[C@H](C)[C@@H](O)[C@@H](OC)[C@H]1OC,CC[C@H]1OC(=O)C[C@@H](OC(C)=O)[C@H](C)[C@@H](O[C@@H]2O[C@H](C)[C@@H](O[C@H]3C[C@@](C)(O)[C@@H](OC(=O)CC(C)C)[C@H](C)O3)[C@H](N(C)C)[C@H]2OC(=O)C2CC(O)CN2)[C@@H](CC=O)C[C@@H](C)C(=O)/C=C/C(C)=C/[C@@H]1CO[C@@H]1O[C@H](C)[C@@H](O)[C@@H](OC)[C@H]1OC,TRUE,,-1.6675,-1.667544945
tylvalosin,Tylvalosin (Ì©Íò¾úËØ),REF_TYLVALOSIN,repository_reference,O53_attached_to_C27,53,27,C,MPM00162,1-Pyrroline-5-carboxylate,O=C(O)C1CCC=N1,1,CC[C@H]1OC(=O)C[C@@H](OC(C)=O)[C@H](C)[C@@H](O[C@@H]2O[C@H](C)[C@@H](O[C@H]3C[C@@](C)(O)[C@@H](OC(=O)CC(C)C)[C@H](C)O3)[C@H](N(C)C)[C@H]2OC(=O)C2CCC=N2)[C@@H](CC=O)C[C@@H](C)C(=O)/C=C/C(C)=C/[C@@H]1CO[C@@H]1O[C@H](C)[C@@H](O)[C@@H](OC)[C@H]1OC,CC[C@H]1OC(=O)C[C@@H](OC(C)=O)[C@H](C)[C@@H](O[C@@H]2O[C@H](C)[C@@H](O[C@H]3C[C@@](C)(O)[C@@H](OC(=O)CC(C)C)[C@H](C)O3)[C@H](N(C)C)[C@H]2OC(=O)C2CCC=N2)[C@@H](CC=O)C[C@@H](C)C(=O)/C=C/C(C)=C/[C@@H]1CO[C@@H]1O[C@H](C)[C@@H](O)[C@@H](OC)[C@H]1OC,TRUE,,-1.9629,-1.962890526
tylvalosin,Tylvalosin (Ì©Íò¾úËØ),REF_TYLVALOSIN,repository_reference,O53_attached_to_C27,53,27,C,MPM00613,D-Proline,O=C(O)C1CCCN1,1,CC[C@H]1OC(=O)C[C@@H](OC(C)=O)[C@H](C)[C@@H](O[C@@H]2O[C@H](C)[C@@H](O[C@H]3C[C@@](C)(O)[C@@H](OC(=O)CC(C)C)[C@H](C)O3)[C@H](N(C)C)[C@H]2OC(=O)C2CCCN2)[C@@H](CC=O)C[C@@H](C)C(=O)/C=C/C(C)=C/[C@@H]1CO[C@@H]1O[C@H](C)[C@@H](O)[C@@H](OC)[C@H]1OC,CC[C@H]1OC(=O)C[C@@H](OC(C)=O)[C@H](C)[C@@H](O[C@@H]2O[C@H](C)[C@@H](O[C@H]3C[C@@](C)(O)[C@@H](OC(=O)CC(C)C)[C@H](C)O3)[C@H](N(C)C)[C@H]2OC(=O)C2CCCN2)[C@@H](CC=O)C[C@@H](C)C(=O)/C=C/C(C)=C/[C@@H]1CO[C@@H]1O[C@H](C)[C@@H](O)[C@@H](OC)[C@H]1OC,TRUE,,-1.3471,-1.347136001
tylvalosin,Tylvalosin (Ì©Íò¾úËØ),REF_TYLVALOSIN,repository_reference,O53_attached_to_C27,53,27,C,MPM00575,D-Galacturonic acid,O=C(O)C1OC(O)C(O)C(O)C1O,1,CC[C@H]1OC(=O)C[C@@H](OC(C)=O)[C@H](C)[C@@H](O[C@@H]2O[C@H](C)[C@@H](O[C@H]3C[C@@](C)(O)[C@@H](OC(=O)CC(C)C)[C@H](C)O3)[C@H](N(C)C)[C@H]2OC(=O)C2OC(O)C(O)C(O)C2O)[C@@H](CC=O)C[C@@H](C)C(=O)/C=C/C(C)=C/[C@@H]1CO[C@@H]1O[C@H](C)[C@@H](O)[C@@H](OC)[C@H]1OC,CC[C@H]1OC(=O)C[C@@H](OC(C)=O)[C@H](C)[C@@H](O[C@@H]2O[C@H](C)[C@@H](O[C@H]3C[C@@](C)(O)[C@@H](OC(=O)CC(C)C)[C@H](C)O3)[C@H](N(C)C)[C@H]2OC(=O)C2OC(O)C(O)C(O)C2O)[C@@H](CC=O)C[C@@H](C)C(=O)/C=C/C(C)=C/[C@@H]1CO[C@@H]1O[C@H](C)[C@@H](O)[C@@H](OC)[C@H]1OC,TRUE,,-2.3559,-2.355866756
tylvalosin,Tylvalosin (Ì©Íò¾úËØ),REF_TYLVALOSIN,repository_reference,O53_attached_to_C27,53,27,C,MPM00158,1-Phospho-alpha-D-glucuronate,O=C(O)C1OC(OP(=O)(O)O)C(O)C(O)C1O,1,CC[C@H]1OC(=O)C[C@@H](OC(C)=O)[C@H](C)[C@@H](O[C@@H]2O[C@H](C)[C@@H](O[C@H]3C[C@@](C)(O)[C@@H](OC(=O)CC(C)C)[C@H](C)O3)[C@H](N(C)C)[C@H]2OC(=O)C2OC(OP(=O)(O)O)C(O)C(O)C2O)[C@@H](CC=O)C[C@@H](C)C(=O)/C=C/C(C)=C/[C@@H]1CO[C@@H]1O[C@H](C)[C@@H](O)[C@@H](OC)[C@H]1OC,CC[C@H]1OC(=O)C[C@@H](OC(C)=O)[C@H](C)[C@@H](O[C@@H]2O[C@H](C)[C@@H](O[C@H]3C[C@@](C)(O)[C@@H](OC(=O)CC(C)C)[C@H](C)O3)[C@H](N(C)C)[C@H]2OC(=O)C2OC(OP(=O)(O)O)C(O)C(O)C2O)[C@@H](CC=O)C[C@@H](C)C(=O)/C=C/C(C)=C/[C@@H]1CO[C@@H]1O[C@H](C)[C@@H](O)[C@@H](OC)[C@H]1OC,TRUE,,-3.2893,-3.289287504
tylvalosin,Tylvalosin (Ì©Íò¾úËØ),REF_TYLVALOSIN,repository_reference,O53_attached_to_C27,53,27,C,MPM00009,"(2E)-3-(3,4-Dihydroxyphenyl)prop-2-enoate",O=C(O)C=Cc1ccc(O)c(O)c1,1,CC[C@H]1OC(=O)C[C@@H](OC(C)=O)[C@H](C)[C@@H](O[C@@H]2O[C@H](C)[C@@H](O[C@H]3C[C@@](C)(O)[C@@H](OC(=O)CC(C)C)[C@H](C)O3)[C@H](N(C)C)[C@H]2OC(=O)C=Cc2ccc(O)c(O)c2)[C@@H](CC=O)C[C@@H](C)C(=O)/C=C/C(C)=C/[C@@H]1CO[C@@H]1O[C@H](C)[C@@H](O)[C@@H](OC)[C@H]1OC,CC[C@H]1OC(=O)C[C@@H](OC(C)=O)[C@H](C)[C@@H](O[C@@H]2O[C@H](C)[C@@H](O[C@H]3C[C@@](C)(O)[C@@H](OC(=O)CC(C)C)[C@H](C)O3)[C@H](N(C)C)[C@H]2OC(=O)C=Cc2ccc(O)c(O)c2)[C@@H](CC=O)C[C@@H](C)C(=O)/C=C/C(C)=C/[C@@H]1CO[C@@H]1O[C@H](C)[C@@H](O)[C@@H](OC)[C@H]1OC,TRUE,,-0.6407,-0.640708092
tylvalosin,Tylvalosin (Ì©Íò¾úËØ),REF_TYLVALOSIN,repository_reference,O53_attached_to_C27,53,27,C,MPM00350,4-Hydroxycinnamate,O=C(O)C=Cc1ccc(O)cc1,1,CC[C@H]1OC(=O)C[C@@H](OC(C)=O)[C@H](C)[C@@H](O[C@@H]2O[C@H](C)[C@@H](O[C@H]3C[C@@](C)(O)[C@@H](OC(=O)CC(C)C)[C@H](C)O3)[C@H](N(C)C)[C@H]2OC(=O)C=Cc2ccc(O)cc2)[C@@H](CC=O)C[C@@H](C)C(=O)/C=C/C(C)=C/[C@@H]1CO[C@@H]1O[C@H](C)[C@@H](O)[C@@H](OC)[C@H]1OC,CC[C@H]1OC(=O)C[C@@H](OC(C)=O)[C@H](C)[C@@H](O[C@@H]2O[C@H](C)[C@@H](O[C@H]3C[C@@](C)(O)[C@@H](OC(=O)CC(C)C)[C@H](C)O3)[C@H](N(C)C)[C@H]2OC(=O)C=Cc2ccc(O)cc2)[C@@H](CC=O)C[C@@H](C)C(=O)/C=C/C(C)=C/[C@@H]1CO[C@@H]1O[C@H](C)[C@@H](O)[C@@H](OC)[C@H]1OC,TRUE,,-0.3337,-0.333660739
tylvalosin,Tylvalosin (Ì©Íò¾úËØ),REF_TYLVALOSIN,repository_reference,O53_attached_to_C27,53,27,C,MPM00014,(2E)-3-Phenylprop-2-enoate,O=C(O)C=Cc1ccccc1,1,CC[C@H]1OC(=O)C[C@@H](OC(C)=O)[C@H](C)[C@@H](O[C@@H]2O[C@H](C)[C@@H](O[C@H]3C[C@@](C)(O)[C@@H](OC(=O)CC(C)C)[C@H](C)O3)[C@H](N(C)C)[C@H]2OC(=O)C=Cc2ccccc2)[C@@H](CC=O)C[C@@H](C)C(=O)/C=C/C(C)=C/[C@@H]1CO[C@@H]1O[C@H](C)[C@@H](O)[C@@H](OC)[C@H]1OC,CC[C@H]1OC(=O)C[C@@H](OC(C)=O)[C@H](C)[C@@H](O[C@@H]2O[C@H](C)[C@@H](O[C@H]3C[C@@](C)(O)[C@@H](OC(=O)CC(C)C)[C@H](C)O3)[C@H](N(C)C)[C@H]2OC(=O)C=Cc2ccccc2)[C@@H](CC=O)C[C@@H](C)C(=O)/C=C/C(C)=C/[C@@H]1CO[C@@H]1O[C@H](C)[C@@H](O)[C@@H](OC)[C@H]1OC,TRUE,,0.053,0.053026444
tylvalosin,Tylvalosin (Ì©Íò¾úËØ),REF_TYLVALOSIN,repository_reference,O53_attached_to_C27,53,27,C,MPM00285,3-Hydroxy-10-phenyldecanoic acid,O=C(O)CC(O)CCCCCCCc1ccccc1,1,CC[C@H]1OC(=O)C[C@@H](OC(C)=O)[C@H](C)[C@@H](O[C@@H]2O[C@H](C)[C@@H](O[C@H]3C[C@@](C)(O)[C@@H](OC(=O)CC(C)C)[C@H](C)O3)[C@H](N(C)C)[C@H]2OC(=O)CC(O)CCCCCCCc2ccccc2)[C@@H](CC=O)C[C@@H](C)C(=O)/C=C/C(C)=C/[C@@H]1CO[C@@H]1O[C@H](C)[C@@H](O)[C@@H](OC)[C@H]1OC,CC[C@H]1OC(=O)C[C@@H](OC(C)=O)[C@H](C)[C@@H](O[C@@H]2O[C@H](C)[C@@H](O[C@H]3C[C@@](C)(O)[C@@H](OC(=O)CC(C)C)[C@H](C)O3)[C@H](N(C)C)[C@H]2OC(=O)CC(O)CCCCCCCc2ccccc2)[C@@H](CC=O)C[C@@H](C)C(=O)/C=C/C(C)=C/[C@@H]1CO[C@@H]1O[C@H](C)[C@@H](O)[C@@H](OC)[C@H]1OC,TRUE,,-2.134,-2.133965957
tylvalosin,Tylvalosin (Ì©Íò¾úËØ),REF_TYLVALOSIN,repository_reference,O53_attached_to_C27,53,27,C,MPM00292,3-Hydroxy-9-phenylnonanoic acid,O=C(O)CC(O)CCCCCCc1ccccc1,1,CC[C@H]1OC(=O)C[C@@H](OC(C)=O)[C@H](C)[C@@H](O[C@@H]2O[C@H](C)[C@@H](O[C@H]3C[C@@](C)(O)[C@@H](OC(=O)CC(C)C)[C@H](C)O3)[C@H](N(C)C)[C@H]2OC(=O)CC(O)CCCCCCc2ccccc2)[C@@H](CC=O)C[C@@H](C)C(=O)/C=C/C(C)=C/[C@@H]1CO[C@@H]1O[C@H](C)[C@@H](O)[C@@H](OC)[C@H]1OC,CC[C@H]1OC(=O)C[C@@H](OC(C)=O)[C@H](C)[C@@H](O[C@@H]2O[C@H](C)[C@@H](O[C@H]3C[C@@](C)(O)[C@@H](OC(=O)CC(C)C)[C@H](C)O3)[C@H](N(C)C)[C@H]2OC(=O)CC(O)CCCCCCc2ccccc2)[C@@H](CC=O)C[C@@H](C)C(=O)/C=C/C(C)=C/[C@@H]1CO[C@@H]1O[C@H](C)[C@@H](O)[C@@H](OC)[C@H]1OC,TRUE,,-2.0662,-2.066195208
tylvalosin,Tylvalosin (Ì©Íò¾úËØ),REF_TYLVALOSIN,repository_reference,O53_attached_to_C27,53,27,C,MPM00291,3-Hydroxy-8-phenyloctanoic acid,O=C(O)CC(O)CCCCCc1ccccc1,1,CC[C@H]1OC(=O)C[C@@H](OC(C)=O)[C@H](C)[C@@H](O[C@@H]2O[C@H](C)[C@@H](O[C@H]3C[C@@](C)(O)[C@@H](OC(=O)CC(C)C)[C@H](C)O3)[C@H](N(C)C)[C@H]2OC(=O)CC(O)CCCCCc2ccccc2)[C@@H](CC=O)C[C@@H](C)C(=O)/C=C/C(C)=C/[C@@H]1CO[C@@H]1O[C@H](C)[C@@H](O)[C@@H](OC)[C@H]1OC,CC[C@H]1OC(=O)C[C@@H](OC(C)=O)[C@H](C)[C@@H](O[C@@H]2O[C@H](C)[C@@H](O[C@H]3C[C@@](C)(O)[C@@H](OC(=O)CC(C)C)[C@H](C)O3)[C@H](N(C)C)[C@H]2OC(=O)CC(O)CCCCCc2ccccc2)[C@@H](CC=O)C[C@@H](C)C(=O)/C=C/C(C)=C/[C@@H]1CO[C@@H]1O[C@H](C)[C@@H](O)[C@@H](OC)[C@H]1OC,TRUE,,-1.9976,-1.997586059
tylvalosin,Tylvalosin (Ì©Íò¾úËØ),REF_TYLVALOSIN,repository_reference,O53_attached_to_C27,53,27,C,MPM00290,3-Hydroxy-7-phenylheptanoic acid,O=C(O)CC(O)CCCCc1ccccc1,1,CC[C@H]1OC(=O)C[C@@H](OC(C)=O)[C@H](C)[C@@H](O[C@@H]2O[C@H](C)[C@@H](O[C@H]3C[C@@](C)(O)[C@@H](OC(=O)CC(C)C)[C@H](C)O3)[C@H](N(C)C)[C@H]2OC(=O)CC(O)CCCCc2ccccc2)[C@@H](CC=O)C[C@@H](C)C(=O)/C=C/C(C)=C/[C@@H]1CO[C@@H]1O[C@H](C)[C@@H](O)[C@@H](OC)[C@H]1OC,CC[C@H]1OC(=O)C[C@@H](OC(C)=O)[C@H](C)[C@@H](O[C@@H]2O[C@H](C)[C@@H](O[C@H]3C[C@@](C)(O)[C@@H](OC(=O)CC(C)C)[C@H](C)O3)[C@H](N(C)C)[C@H]2OC(=O)CC(O)CCCCc2ccccc2)[C@@H](CC=O)C[C@@H](C)C(=O)/C=C/C(C)=C/[C@@H]1CO[C@@H]1O[C@H](C)[C@@H](O)[C@@H](OC)[C@H]1OC,TRUE,,-1.93,-1.92995898
tylvalosin,Tylvalosin (Ì©Íò¾úËØ),REF_TYLVALOSIN,repository_reference,O53_attached_to_C27,53,27,C,MPM00289,3-Hydroxy-6-phenylhexanoic acid,O=C(O)CC(O)CCCc1ccccc1,1,CC[C@H]1OC(=O)C[C@@H](OC(C)=O)[C@H](C)[C@@H](O[C@@H]2O[C@H](C)[C@@H](O[C@H]3C[C@@](C)(O)[C@@H](OC(=O)CC(C)C)[C@H](C)O3)[C@H](N(C)C)[C@H]2OC(=O)CC(O)CCCc2ccccc2)[C@@H](CC=O)C[C@@H](C)C(=O)/C=C/C(C)=C/[C@@H]1CO[C@@H]1O[C@H](C)[C@@H](O)[C@@H](OC)[C@H]1OC,CC[C@H]1OC(=O)C[C@@H](OC(C)=O)[C@H](C)[C@@H](O[C@@H]2O[C@H](C)[C@@H](O[C@H]3C[C@@](C)(O)[C@@H](OC(=O)CC(C)C)[C@H](C)O3)[C@H](N(C)C)[C@H]2OC(=O)CC(O)CCCc2ccccc2)[C@@H](CC=O)C[C@@H](C)C(=O)/C=C/C(C)=C/[C@@H]1CO[C@@H]1O[C@H](C)[C@@H](O)[C@@H](OC)[C@H]1OC,TRUE,,-1.8648,-1.864841636
tylvalosin,Tylvalosin (Ì©Íò¾úËØ),REF_TYLVALOSIN,repository_reference,O53_attached_to_C27,53,27,C,MPM00388,"5-Oxo-4,5-dihydrofuran-2-acetate",O=C(O)CC1=CCC(=O)O1,1,CC[C@H]1OC(=O)C[C@@H](OC(C)=O)[C@H](C)[C@@H](O[C@@H]2O[C@H](C)[C@@H](O[C@H]3C[C@@](C)(O)[C@@H](OC(=O)CC(C)C)[C@H](C)O3)[C@H](N(C)C)[C@H]2OC(=O)CC2=CCC(=O)O2)[C@@H](CC=O)C[C@@H](C)C(=O)/C=C/C(C)=C/[C@@H]1CO[C@@H]1O[C@H](C)[C@@H](O)[C@@H](OC)[C@H]1OC,CC[C@H]1OC(=O)C[C@@H](OC(C)=O)[C@H](C)[C@@H](O[C@@H]2O[C@H](C)[C@@H](O[C@H]3C[C@@](C)(O)[C@@H](OC(=O)CC(C)C)[C@H](C)O3)[C@H](N(C)C)[C@H]2OC(=O)CC2=CCC(=O)O2)[C@@H](CC=O)C[C@@H](C)C(=O)/C=C/C(C)=C/[C@@H]1CO[C@@H]1O[C@H](C)[C@@H](O)[C@@H](OC)[C@H]1OC,TRUE,,-1.3885,-1.3884612
tylvalosin,Tylvalosin (Ì©Íò¾úËØ),REF_TYLVALOSIN,repository_reference,O53_attached_to_C27,53,27,C,MPM00597,DL-Thioctic acid,O=C(O)CCCCC1CCSS1,1,CC[C@H]1OC(=O)C[C@@H](OC(C)=O)[C@H](C)[C@@H](O[C@@H]2O[C@H](C)[C@@H](O[C@H]3C[C@@](C)(O)[C@@H](OC(=O)CC(C)C)[C@H](C)O3)[C@H](N(C)C)[C@H]2OC(=O)CCCCC2CCSS2)[C@@H](CC=O)C[C@@H](C)C(=O)/C=C/C(C)=C/[C@@H]1CO[C@@H]1O[C@H](C)[C@@H](O)[C@@H](OC)[C@H]1OC,CC[C@H]1OC(=O)C[C@@H](OC(C)=O)[C@H](C)[C@@H](O[C@@H]2O[C@H](C)[C@@H](O[C@H]3C[C@@](C)(O)[C@@H](OC(=O)CC(C)C)[C@H](C)O3)[C@H](N(C)C)[C@H]2OC(=O)CCCCC2CCSS2)[C@@H](CC=O)C[C@@H](C)C(=O)/C=C/C(C)=C/[C@@H]1CO[C@@H]1O[C@H](C)[C@@H](O)[C@@H](OC)[C@H]1OC,TRUE,,-3.1115,-3.111459719
tylvalosin,Tylvalosin (Ì©Íò¾úËØ),REF_TYLVALOSIN,repository_reference,O53_attached_to_C27,53,27,C,MPM00525,Coenzyme R,O=C(O)CCCCC1SCC2NC(=O)NC21,1,CC[C@H]1OC(=O)C[C@@H](OC(C)=O)[C@H](C)[C@@H](O[C@@H]2O[C@H](C)[C@@H](O[C@H]3C[C@@](C)(O)[C@@H](OC(=O)CC(C)C)[C@H](C)O3)[C@H](N(C)C)[C@H]2OC(=O)CCCCC2SCC3NC(=O)NC32)[C@@H](CC=O)C[C@@H](C)C(=O)/C=C/C(C)=C/[C@@H]1CO[C@@H]1O[C@H](C)[C@@H](O)[C@@H](OC)[C@H]1OC,CC[C@H]1OC(=O)C[C@@H](OC(C)=O)[C@H](C)[C@@H](O[C@@H]2O[C@H](C)[C@@H](O[C@H]3C[C@@](C)(O)[C@@H](OC(=O)CC(C)C)[C@H](C)O3)[C@H](N(C)C)[C@H]2OC(=O)CCCCC2SCC3NC(=O)NC32)[C@@H](CC=O)C[C@@H](C)C(=O)/C=C/C(C)=C/[C@@H]1CO[C@@H]1O[C@H](C)[C@@H](O)[C@@H](OC)[C@H]1OC,TRUE,,-2.9437,-2.943742407
tylvalosin,Tylvalosin (Ì©Íò¾úËØ),REF_TYLVALOSIN,repository_reference,O53_attached_to_C27,53,27,C,MPM00144,10-Phenyldecanoic acid,O=C(O)CCCCCCCCCc1ccccc1,1,CC[C@H]1OC(=O)C[C@@H](OC(C)=O)[C@H](C)[C@@H](O[C@@H]2O[C@H](C)[C@@H](O[C@H]3C[C@@](C)(O)[C@@H](OC(=O)CC(C)C)[C@H](C)O3)[C@H](N(C)C)[C@H]2OC(=O)CCCCCCCCCc2ccccc2)[C@@H](CC=O)C[C@@H](C)C(=O)/C=C/C(C)=C/[C@@H]1CO[C@@H]1O[C@H](C)[C@@H](O)[C@@H](OC)[C@H]1OC,CC[C@H]1OC(=O)C[C@@H](OC(C)=O)[C@H](C)[C@@H](O[C@@H]2O[C@H](C)[C@@H](O[C@H]3C[C@@](C)(O)[C@@H](OC(=O)CC(C)C)[C@H](C)O3)[C@H](N(C)C)[C@H]2OC(=O)CCCCCCCCCc2ccccc2)[C@@H](CC=O)C[C@@H](C)C(=O)/C=C/C(C)=C/[C@@H]1CO[C@@H]1O[C@H](C)[C@@H](O)[C@@H](OC)[C@H]1OC,TRUE,,-1.9901,-1.990051541
tylvalosin,Tylvalosin (Ì©Íò¾úËØ),REF_TYLVALOSIN,repository_reference,O53_attached_to_C27,53,27,C,MPM00412,9-Phenylnonanoic acid,O=C(O)CCCCCCCCc1ccccc1,1,CC[C@H]1OC(=O)C[C@@H](OC(C)=O)[C@H](C)[C@@H](O[C@@H]2O[C@H](C)[C@@H](O[C@H]3C[C@@](C)(O)[C@@H](OC(=O)CC(C)C)[C@H](C)O3)[C@H](N(C)C)[C@H]2OC(=O)CCCCCCCCc2ccccc2)[C@@H](CC=O)C[C@@H](C)C(=O)/C=C/C(C)=C/[C@@H]1CO[C@@H]1O[C@H](C)[C@@H](O)[C@@H](OC)[C@H]1OC,CC[C@H]1OC(=O)C[C@@H](OC(C)=O)[C@H](C)[C@@H](O[C@@H]2O[C@H](C)[C@@H](O[C@H]3C[C@@](C)(O)[C@@H](OC(=O)CC(C)C)[C@H](C)O3)[C@H](N(C)C)[C@H]2OC(=O)CCCCCCCCc2ccccc2)[C@@H](CC=O)C[C@@H](C)C(=O)/C=C/C(C)=C/[C@@H]1CO[C@@H]1O[C@H](C)[C@@H](O)[C@@H](OC)[C@H]1OC,TRUE,,-1.9223,-1.922277075
tylvalosin,Tylvalosin (Ì©Íò¾úËØ),REF_TYLVALOSIN,repository_reference,O53_attached_to_C27,53,27,C,MPM00409,8-Phenyloctanoic acid,O=C(O)CCCCCCCc1ccccc1,1,CC[C@H]1OC(=O)C[C@@H](OC(C)=O)[C@H](C)[C@@H](O[C@@H]2O[C@H](C)[C@@H](O[C@H]3C[C@@](C)(O)[C@@H](OC(=O)CC(C)C)[C@H](C)O3)[C@H](N(C)C)[C@H]2OC(=O)CCCCCCCc2ccccc2)[C@@H](CC=O)C[C@@H](C)C(=O)/C=C/C(C)=C/[C@@H]1CO[C@@H]1O[C@H](C)[C@@H](O)[C@@H](OC)[C@H]1OC,CC[C@H]1OC(=O)C[C@@H](OC(C)=O)[C@H](C)[C@@H](O[C@@H]2O[C@H](C)[C@@H](O[C@H]3C[C@@](C)(O)[C@@H](OC(=O)CC(C)C)[C@H](C)O3)[C@H](N(C)C)[C@H]2OC(=O)CCCCCCCc2ccccc2)[C@@H](CC=O)C[C@@H](C)C(=O)/C=C/C(C)=C/[C@@H]1CO[C@@H]1O[C@H](C)[C@@H](O)[C@@H](OC)[C@H]1OC,TRUE,,-1.8537,-1.853662822
tylvalosin,Tylvalosin (Ì©Íò¾úËØ),REF_TYLVALOSIN,repository_reference,O53_attached_to_C27,53,27,C,MPM00408,7-Phenylheptanoic acid,O=C(O)CCCCCCc1ccccc1,1,CC[C@H]1OC(=O)C[C@@H](OC(C)=O)[C@H](C)[C@@H](O[C@@H]2O[C@H](C)[C@@H](O[C@H]3C[C@@](C)(O)[C@@H](OC(=O)CC(C)C)[C@H](C)O3)[C@H](N(C)C)[C@H]2OC(=O)CCCCCCc2ccccc2)[C@@H](CC=O)C[C@@H](C)C(=O)/C=C/C(C)=C/[C@@H]1CO[C@@H]1O[C@H](C)[C@@H](O)[C@@H](OC)[C@H]1OC,CC[C@H]1OC(=O)C[C@@H](OC(C)=O)[C@H](C)[C@@H](O[C@@H]2O[C@H](C)[C@@H](O[C@H]3C[C@@](C)(O)[C@@H](OC(=O)CC(C)C)[C@H](C)O3)[C@H](N(C)C)[C@H]2OC(=O)CCCCCCc2ccccc2)[C@@H](CC=O)C[C@@H](C)C(=O)/C=C/C(C)=C/[C@@H]1CO[C@@H]1O[C@H](C)[C@@H](O)[C@@H](OC)[C@H]1OC,TRUE,,-1.786,-1.786008958
tylvalosin,Tylvalosin (Ì©Íò¾úËØ),REF_TYLVALOSIN,repository_reference,O53_attached_to_C27,53,27,C,MPM00399,6-Phenylhexanoic acid,O=C(O)CCCCCc1ccccc1,1,CC[C@H]1OC(=O)C[C@@H](OC(C)=O)[C@H](C)[C@@H](O[C@@H]2O[C@H](C)[C@@H](O[C@H]3C[C@@](C)(O)[C@@H](OC(=O)CC(C)C)[C@H](C)O3)[C@H](N(C)C)[C@H]2OC(=O)CCCCCc2ccccc2)[C@@H](CC=O)C[C@@H](C)C(=O)/C=C/C(C)=C/[C@@H]1CO[C@@H]1O[C@H](C)[C@@H](O)[C@@H](OC)[C@H]1OC,CC[C@H]1OC(=O)C[C@@H](OC(C)=O)[C@H](C)[C@@H](O[C@@H]2O[C@H](C)[C@@H](O[C@H]3C[C@@](C)(O)[C@@H](OC(=O)CC(C)C)[C@H](C)O3)[C@H](N(C)C)[C@H]2OC(=O)CCCCCc2ccccc2)[C@@H](CC=O)C[C@@H](C)C(=O)/C=C/C(C)=C/[C@@H]1CO[C@@H]1O[C@H](C)[C@@H](O)[C@@H](OC)[C@H]1OC,TRUE,,-1.7209,-1.720869153
tylvalosin,Tylvalosin (Ì©Íò¾úËØ),REF_TYLVALOSIN,repository_reference,O53_attached_to_C27,53,27,C,MPM00390,5-Phenylvaleric acid,O=C(O)CCCCc1ccccc1,1,CC[C@H]1OC(=O)C[C@@H](OC(C)=O)[C@H](C)[C@@H](O[C@@H]2O[C@H](C)[C@@H](O[C@H]3C[C@@](C)(O)[C@@H](OC(=O)CC(C)C)[C@H](C)O3)[C@H](N(C)C)[C@H]2OC(=O)CCCCc2ccccc2)[C@@H](CC=O)C[C@@H](C)C(=O)/C=C/C(C)=C/[C@@H]1CO[C@@H]1O[C@H](C)[C@@H](O)[C@@H](OC)[C@H]1OC,CC[C@H]1OC(=O)C[C@@H](OC(C)=O)[C@H](C)[C@@H](O[C@@H]2O[C@H](C)[C@@H](O[C@H]3C[C@@](C)(O)[C@@H](OC(=O)CC(C)C)[C@H](C)O3)[C@H](N(C)C)[C@H]2OC(=O)CCCCc2ccccc2)[C@@H](CC=O)C[C@@H](C)C(=O)/C=C/C(C)=C/[C@@H]1CO[C@@H]1O[C@H](C)[C@@H](O)[C@@H](OC)[C@H]1OC,TRUE,,-1.6558,-1.655824095
tylvalosin,Tylvalosin (Ì©Íò¾úËØ),REF_TYLVALOSIN,repository_reference,O53_attached_to_C27,53,27,C,MPM00701,Hydroxyacetic acid,O=C(O)CO,1,CC[C@H]1OC(=O)C[C@@H](OC(C)=O)[C@H](C)[C@@H](O[C@@H]2O[C@H](C)[C@@H](O[C@H]3C[C@@](C)(O)[C@@H](OC(=O)CC(C)C)[C@H](C)O3)[C@H](N(C)C)[C@H]2OC(=O)CO)[C@@H](CC=O)C[C@@H](C)C(=O)/C=C/C(C)=C/[C@@H]1CO[C@@H]1O[C@H](C)[C@@H](O)[C@@H](OC)[C@H]1OC,CC[C@H]1OC(=O)C[C@@H](OC(C)=O)[C@H](C)[C@@H](O[C@@H]2O[C@H](C)[C@@H](O[C@H]3C[C@@](C)(O)[C@@H](OC(=O)CC(C)C)[C@H](C)O3)[C@H](N(C)C)[C@H]2OC(=O)CO)[C@@H](CC=O)C[C@@H](C)C(=O)/C=C/C(C)=C/[C@@H]1CO[C@@H]1O[C@H](C)[C@@H](O)[C@@H](OC)[C@H]1OC,TRUE,,-1.1252,-1.125188048
tylvalosin,Tylvalosin (Ì©Íò¾úËØ),REF_TYLVALOSIN,repository_reference,O53_attached_to_C27,53,27,C,MPM00891,Phosphoglycolic acid,O=C(O)COP(=O)(O)O,1,CC[C@H]1OC(=O)C[C@@H](OC(C)=O)[C@H](C)[C@@H](O[C@@H]2O[C@H](C)[C@@H](O[C@H]3C[C@@](C)(O)[C@@H](OC(=O)CC(C)C)[C@H](C)O3)[C@H](N(C)C)[C@H]2OC(=O)COP(=O)(O)O)[C@@H](CC=O)C[C@@H](C)C(=O)/C=C/C(C)=C/[C@@H]1CO[C@@H]1O[C@H](C)[C@@H](O)[C@@H](OC)[C@H]1OC,CC[C@H]1OC(=O)C[C@@H](OC(C)=O)[C@H](C)[C@@H](O[C@@H]2O[C@H](C)[C@@H](O[C@H]3C[C@@](C)(O)[C@@H](OC(=O)CC(C)C)[C@H](C)O3)[C@H](N(C)C)[C@H]2OC(=O)COP(=O)(O)O)[C@@H](CC=O)C[C@@H](C)C(=O)/C=C/C(C)=C/[C@@H]1CO[C@@H]1O[C@H](C)[C@@H](O)[C@@H](OC)[C@H]1OC,TRUE,,-1.5851,-1.585137717
tylvalosin,Tylvalosin (Ì©Íò¾úËØ),REF_TYLVALOSIN,repository_reference,O53_attached_to_C27,53,27,C,MPM00894,Phosphonoacetic acid,O=C(O)CP(=O)(O)O,1,CC[C@H]1OC(=O)C[C@@H](OC(C)=O)[C@H](C)[C@@H](O[C@@H]2O[C@H](C)[C@@H](O[C@H]3C[C@@](C)(O)[C@@H](OC(=O)CC(C)C)[C@H](C)O3)[C@H](N(C)C)[C@H]2OC(=O)CP(=O)(O)O)[C@@H](CC=O)C[C@@H](C)C(=O)/C=C/C(C)=C/[C@@H]1CO[C@@H]1O[C@H](C)[C@@H](O)[C@@H](OC)[C@H]1OC,CC[C@H]1OC(=O)C[C@@H](OC(C)=O)[C@H](C)[C@@H](O[C@@H]2O[C@H](C)[C@@H](O[C@H]3C[C@@](C)(O)[C@@H](OC(=O)CC(C)C)[C@H](C)O3)[C@H](N(C)C)[C@H]2OC(=O)CP(=O)(O)O)[C@@H](CC=O)C[C@@H](C)C(=O)/C=C/C(C)=C/[C@@H]1CO[C@@H]1O[C@H](C)[C@@H](O)[C@@H](OC)[C@H]1OC,TRUE,,-1.9203,-1.920279395
tylvalosin,Tylvalosin (Ì©Íò¾úËØ),REF_TYLVALOSIN,repository_reference,O53_attached_to_C27,53,27,C,MPM00961,Sulfoacetic acid,O=C(O)CS(=O)(=O)O,1,CC[C@H]1OC(=O)C[C@@H](OC(C)=O)[C@H](C)[C@@H](O[C@@H]2O[C@H](C)[C@@H](O[C@H]3C[C@@](C)(O)[C@@H](OC(=O)CC(C)C)[C@H](C)O3)[C@H](N(C)C)[C@H]2OC(=O)CS(=O)(=O)O)[C@@H](CC=O)C[C@@H](C)C(=O)/C=C/C(C)=C/[C@@H]1CO[C@@H]1O[C@H](C)[C@@H](O)[C@@H](OC)[C@H]1OC,CC[C@H]1OC(=O)C[C@@H](OC(C)=O)[C@H](C)[C@@H](O[C@@H]2O[C@H](C)[C@@H](O[C@H]3C[C@@](C)(O)[C@@H](OC(=O)CC(C)C)[C@H](C)O3)[C@H](N(C)C)[C@H]2OC(=O)CS(=O)(=O)O)[C@@H](CC=O)C[C@@H](C)C(=O)/C=C/C(C)=C/[C@@H]1CO[C@@H]1O[C@H](C)[C@@H](O)[C@@H](OC)[C@H]1OC,TRUE,,-1.0956,-1.095607548
tylvalosin,Tylvalosin (Ì©Íò¾úËØ),REF_TYLVALOSIN,repository_reference,O53_attached_to_C27,53,27,C,MPM00418,"Acetic acid,phenyl ester",O=C(O)Cc1ccccc1,1,CC[C@H]1OC(=O)C[C@@H](OC(C)=O)[C@H](C)[C@@H](O[C@@H]2O[C@H](C)[C@@H](O[C@H]3C[C@@](C)(O)[C@@H](OC(=O)CC(C)C)[C@H](C)O3)[C@H](N(C)C)[C@H]2OC(=O)Cc2ccccc2)[C@@H](CC=O)C[C@@H](C)C(=O)/C=C/C(C)=C/[C@@H]1CO[C@@H]1O[C@H](C)[C@@H](O)[C@@H](OC)[C@H]1OC,CC[C@H]1OC(=O)C[C@@H](OC(C)=O)[C@H](C)[C@@H](O[C@@H]2O[C@H](C)[C@@H](O[C@H]3C[C@@](C)(O)[C@@H](OC(=O)CC(C)C)[C@H](C)O3)[C@H](N(C)C)[C@H]2OC(=O)Cc2ccccc2)[C@@H](CC=O)C[C@@H](C)C(=O)/C=C/C(C)=C/[C@@H]1CO[C@@H]1O[C@H](C)[C@@H](O)[C@@H](OC)[C@H]1OC,TRUE,,-1.4627,-1.46265666
tylvalosin,Tylvalosin (Ì©Íò¾úËØ),REF_TYLVALOSIN,repository_reference,O53_attached_to_C27,53,27,C,MPM01016,Uracil-6-carboxylic acid,O=C(O)c1cc(=O)[nH]c(=O)[nH]1,1,CC[C@H]1OC(=O)C[C@@H](OC(C)=O)[C@H](C)[C@@H](O[C@@H]2O[C@H](C)[C@@H](O[C@H]3C[C@@](C)(O)[C@@H](OC(=O)CC(C)C)[C@H](C)O3)[C@H](N(C)C)[C@H]2OC(=O)c2cc(=O)[nH]c(=O)[nH]2)[C@@H](CC=O)C[C@@H](C)C(=O)/C=C/C(C)=C/[C@@H]1CO[C@@H]1O[C@H](C)[C@@H](O)[C@@H](OC)[C@H]1OC,CC[C@H]1OC(=O)C[C@@H](OC(C)=O)[C@H](C)[C@@H](O[C@@H]2O[C@H](C)[C@@H](O[C@H]3C[C@@](C)(O)[C@@H](OC(=O)CC(C)C)[C@H](C)O3)[C@H](N(C)C)[C@H]2OC(=O)c2cc(=O)[nH]c(=O)[nH]2)[C@@H](CC=O)C[C@@H](C)C(=O)/C=C/C(C)=C/[C@@H]1CO[C@@H]1O[C@H](C)[C@@H](O)[C@@H](OC)[C@H]1OC,TRUE,,-1.3683,-1.368325422
tylvalosin,Tylvalosin (Ì©Íò¾úËØ),REF_TYLVALOSIN,repository_reference,O53_attached_to_C27,53,27,C,MPM00844,Orotidylic acid,O=C(O)c1cc(=O)[nH]c(=O)n1C1OC(COP(=O)(O)O)C(O)C1O,1,CC[C@H]1OC(=O)C[C@@H](OC(C)=O)[C@H](C)[C@@H](O[C@@H]2O[C@H](C)[C@@H](O[C@H]3C[C@@](C)(O)[C@@H](OC(=O)CC(C)C)[C@H](C)O3)[C@H](N(C)C)[C@H]2OC(=O)c2cc(=O)[nH]c(=O)n2C2OC(COP(=O)(O)O)C(O)C2O)[C@@H](CC=O)C[C@@H](C)C(=O)/C=C/C(C)=C/[C@@H]1CO[C@@H]1O[C@H](C)[C@@H](O)[C@@H](OC)[C@H]1OC,CC[C@H]1OC(=O)C[C@@H](OC(C)=O)[C@H](C)[C@@H](O[C@@H]2O[C@H](C)[C@@H](O[C@H]3C[C@@](C)(O)[C@@H](OC(=O)CC(C)C)[C@H](C)O3)[C@H](N(C)C)[C@H]2OC(=O)c2cc(=O)[nH]c(=O)n2C2OC(COP(=O)(O)O)C(O)C2O)[C@@H](CC=O)C[C@@H](C)C(=O)/C=C/C(C)=C/[C@@H]1CO[C@@H]1O[C@H](C)[C@@H](O)[C@@H](OC)[C@H]1OC,TRUE,,-2.724,-2.724038871
tylvalosin,Tylvalosin (Ì©Íò¾úËØ),REF_TYLVALOSIN,repository_reference,O53_attached_to_C27,53,27,C,MPM00137,"1,4-Dihydroxy-2-naphthoic acid",O=C(O)c1cc(O)c2ccccc2c1O,1,CC[C@H]1OC(=O)C[C@@H](OC(C)=O)[C@H](C)[C@@H](O[C@@H]2O[C@H](C)[C@@H](O[C@H]3C[C@@](C)(O)[C@@H](OC(=O)CC(C)C)[C@H](C)O3)[C@H](N(C)C)[C@H]2OC(=O)c2cc(O)c3ccccc3c2O)[C@@H](CC=O)C[C@@H](C)C(=O)/C=C/C(C)=C/[C@@H]1CO[C@@H]1O[C@H](C)[C@@H](O)[C@@H](OC)[C@H]1OC,CC[C@H]1OC(=O)C[C@@H](OC(C)=O)[C@H](C)[C@@H](O[C@@H]2O[C@H](C)[C@@H](O[C@H]3C[C@@](C)(O)[C@@H](OC(=O)CC(C)C)[C@H](C)O3)[C@H](N(C)C)[C@H]2OC(=O)c2cc(O)c3ccccc3c2O)[C@@H](CC=O)C[C@@H](C)C(=O)/C=C/C(C)=C/[C@@H]1CO[C@@H]1O[C@H](C)[C@@H](O)[C@@H](OC)[C@H]1OC,TRUE,,-1.1456,-1.145576108
tylvalosin,Tylvalosin (Ì©Íò¾úËØ),REF_TYLVALOSIN,repository_reference,O53_attached_to_C27,53,27,C,MPM00398,6-Hydroxynicotinic acid,O=C(O)c1ccc(=O)[nH]c1,1,CC[C@H]1OC(=O)C[C@@H](OC(C)=O)[C@H](C)[C@@H](O[C@@H]2O[C@H](C)[C@@H](O[C@H]3C[C@@](C)(O)[C@@H](OC(=O)CC(C)C)[C@H](C)O3)[C@H](N(C)C)[C@H]2OC(=O)c2ccc(=O)[nH]c2)[C@@H](CC=O)C[C@@H](C)C(=O)/C=C/C(C)=C/[C@@H]1CO[C@@H]1O[C@H](C)[C@@H](O)[C@@H](OC)[C@H]1OC,CC[C@H]1OC(=O)C[C@@H](OC(C)=O)[C@H](C)[C@@H](O[C@@H]2O[C@H](C)[C@@H](O[C@H]3C[C@@](C)(O)[C@@H](OC(=O)CC(C)C)[C@H](C)O3)[C@H](N(C)C)[C@H]2OC(=O)c2ccc(=O)[nH]c2)[C@@H](CC=O)C[C@@H](C)C(=O)/C=C/C(C)=C/[C@@H]1CO[C@@H]1O[C@H](C)[C@@H](O)[C@@H](OC)[C@H]1OC,TRUE,,-0.909,-0.908950547
tylvalosin,Tylvalosin (Ì©Íò¾úËØ),REF_TYLVALOSIN,repository_reference,O53_attached_to_C27,53,27,C,MPM00912,Protocatechuic acid,O=C(O)c1ccc(O)c(O)c1,1,CC[C@H]1OC(=O)C[C@@H](OC(C)=O)[C@H](C)[C@@H](O[C@@H]2O[C@H](C)[C@@H](O[C@H]3C[C@@](C)(O)[C@@H](OC(=O)CC(C)C)[C@H](C)O3)[C@H](N(C)C)[C@H]2OC(=O)c2ccc(O)c(O)c2)[C@@H](CC=O)C[C@@H](C)C(=O)/C=C/C(C)=C/[C@@H]1CO[C@@H]1O[C@H](C)[C@@H](O)[C@@H](OC)[C@H]1OC,CC[C@H]1OC(=O)C[C@@H](OC(C)=O)[C@H](C)[C@@H](O[C@@H]2O[C@H](C)[C@@H](O[C@H]3C[C@@](C)(O)[C@@H](OC(=O)CC(C)C)[C@H](C)O3)[C@H](N(C)C)[C@H]2OC(=O)c2ccc(O)c(O)c2)[C@@H](CC=O)C[C@@H](C)C(=O)/C=C/C(C)=C/[C@@H]1CO[C@@H]1O[C@H](C)[C@@H](O)[C@@H](OC)[C@H]1OC,TRUE,,-1.3647,-1.364686281
tylvalosin,Tylvalosin (Ì©Íò¾úËØ),REF_TYLVALOSIN,repository_reference,O53_attached_to_C27,53,27,C,MPM00702,Hydroxybenzenecarboxylic acid,O=C(O)c1ccc(O)cc1,1,CC[C@H]1OC(=O)C[C@@H](OC(C)=O)[C@H](C)[C@@H](O[C@@H]2O[C@H](C)[C@@H](O[C@H]3C[C@@](C)(O)[C@@H](OC(=O)CC(C)C)[C@H](C)O3)[C@H](N(C)C)[C@H]2OC(=O)c2ccc(O)cc2)[C@@H](CC=O)C[C@@H](C)C(=O)/C=C/C(C)=C/[C@@H]1CO[C@@H]1O[C@H](C)[C@@H](O)[C@@H](OC)[C@H]1OC,CC[C@H]1OC(=O)C[C@@H](OC(C)=O)[C@H](C)[C@@H](O[C@@H]2O[C@H](C)[C@@H](O[C@H]3C[C@@](C)(O)[C@@H](OC(=O)CC(C)C)[C@H](C)O3)[C@H](N(C)C)[C@H]2OC(=O)c2ccc(O)cc2)[C@@H](CC=O)C[C@@H](C)C(=O)/C=C/C(C)=C/[C@@H]1CO[C@@H]1O[C@H](C)[C@@H](O)[C@@H](OC)[C@H]1OC,TRUE,,-1.0576,-1.057609265
tylvalosin,Tylvalosin (Ì©Íò¾úËØ),REF_TYLVALOSIN,repository_reference,O53_attached_to_C27,53,27,C,MPM00173,"2,3-Dihydroxybenzoic acid",O=C(O)c1cccc(O)c1O,1,CC[C@H]1OC(=O)C[C@@H](OC(C)=O)[C@H](C)[C@@H](O[C@@H]2O[C@H](C)[C@@H](O[C@H]3C[C@@](C)(O)[C@@H](OC(=O)CC(C)C)[C@H](C)O3)[C@H](N(C)C)[C@H]2OC(=O)c2cccc(O)c2O)[C@@H](CC=O)C[C@@H](C)C(=O)/C=C/C(C)=C/[C@@H]1CO[C@@H]1O[C@H](C)[C@@H](O)[C@@H](OC)[C@H]1OC,CC[C@H]1OC(=O)C[C@@H](OC(C)=O)[C@H](C)[C@@H](O[C@@H]2O[C@H](C)[C@@H](O[C@H]3C[C@@](C)(O)[C@@H](OC(=O)CC(C)C)[C@H](C)O3)[C@H](N(C)C)[C@H]2OC(=O)c2cccc(O)c2O)[C@@H](CC=O)C[C@@H](C)C(=O)/C=C/C(C)=C/[C@@H]1CO[C@@H]1O[C@H](C)[C@@H](O)[C@@H](OC)[C@H]1OC,TRUE,,-1.3471,-1.34709268
tylvalosin,Tylvalosin (Ì©Íò¾úËØ),REF_TYLVALOSIN,repository_reference,O53_attached_to_C27,53,27,C,MPM00614,Dracylic acid,O=C(O)c1ccccc1,1,CC[C@H]1OC(=O)C[C@@H](OC(C)=O)[C@H](C)[C@@H](O[C@@H]2O[C@H](C)[C@@H](O[C@H]3C[C@@](C)(O)[C@@H](OC(=O)CC(C)C)[C@H](C)O3)[C@H](N(C)C)[C@H]2OC(=O)c2ccccc2)[C@@H](CC=O)C[C@@H](C)C(=O)/C=C/C(C)=C/[C@@H]1CO[C@@H]1O[C@H](C)[C@@H](O)[C@@H](OC)[C@H]1OC,CC[C@H]1OC(=O)C[C@@H](OC(C)=O)[C@H](C)[C@@H](O[C@@H]2O[C@H](C)[C@@H](O[C@H]3C[C@@](C)(O)[C@@H](OC(=O)CC(C)C)[C@H](C)O3)[C@H](N(C)C)[C@H]2OC(=O)c2ccccc2)[C@@H](CC=O)C[C@@H](C)C(=O)/C=C/C(C)=C/[C@@H]1CO[C@@H]1O[C@H](C)[C@@H](O)[C@@H](OC)[C@H]1OC,TRUE,,-0.6996,-0.699603544
tylvalosin,Tylvalosin (Ì©Íò¾úËØ),REF_TYLVALOSIN,repository_reference,O53_attached_to_C27,53,27,C,MPM00117,1-(2-Carboxyphenylamino)-1-deoxy-D-ribulose 5-phosphate,O=C(O)c1ccccc1NCC(=O)C(O)C(O)COP(=O)(O)O,1,CC[C@H]1OC(=O)C[C@@H](OC(C)=O)[C@H](C)[C@@H](O[C@@H]2O[C@H](C)[C@@H](O[C@H]3C[C@@](C)(O)[C@@H](OC(=O)CC(C)C)[C@H](C)O3)[C@H](N(C)C)[C@H]2OC(=O)c2ccccc2NCC(=O)C(O)C(O)COP(=O)(O)O)[C@@H](CC=O)C[C@@H](C)C(=O)/C=C/C(C)=C/[C@@H]1CO[C@@H]1O[C@H](C)[C@@H](O)[C@@H](OC)[C@H]1OC,CC[C@H]1OC(=O)C[C@@H](OC(C)=O)[C@H](C)[C@@H](O[C@@H]2O[C@H](C)[C@@H](O[C@H]3C[C@@](C)(O)[C@@H](OC(=O)CC(C)C)[C@H](C)O3)[C@H](N(C)C)[C@H]2OC(=O)c2ccccc2NCC(=O)C(O)C(O)COP(=O)(O)O)[C@@H](CC=O)C[C@@H](C)C(=O)/C=C/C(C)=C/[C@@H]1CO[C@@H]1O[C@H](C)[C@@H](O)[C@@H](OC)[C@H]1OC,TRUE,,-1.5619,-1.561878781
tylvalosin,Tylvalosin (Ì©Íò¾úËØ),REF_TYLVALOSIN,repository_reference,O53_attached_to_C27,53,27,C,MPM00931,Salicylic acid,O=C(O)c1ccccc1O,1,CC[C@H]1OC(=O)C[C@@H](OC(C)=O)[C@H](C)[C@@H](O[C@@H]2O[C@H](C)[C@@H](O[C@H]3C[C@@](C)(O)[C@@H](OC(=O)CC(C)C)[C@H](C)O3)[C@H](N(C)C)[C@H]2OC(=O)c2ccccc2O)[C@@H](CC=O)C[C@@H](C)C(=O)/C=C/C(C)=C/[C@@H]1CO[C@@H]1O[C@H](C)[C@@H](O)[C@@H](OC)[C@H]1OC,CC[C@H]1OC(=O)C[C@@H](OC(C)=O)[C@H](C)[C@@H](O[C@@H]2O[C@H](C)[C@@H](O[C@H]3C[C@@](C)(O)[C@@H](OC(=O)CC(C)C)[C@H](C)O3)[C@H](N(C)C)[C@H]2OC(=O)c2ccccc2O)[C@@H](CC=O)C[C@@H](C)C(=O)/C=C/C(C)=C/[C@@H]1CO[C@@H]1O[C@H](C)[C@@H](O)[C@@H](OC)[C@H]1OC,TRUE,,-1.0424,-1.042418951
tylvalosin,Tylvalosin (Ì©Íò¾úËØ),REF_TYLVALOSIN,repository_reference,O53_attached_to_C27,53,27,C,MPM00328,3-Pyridinecarboxylic acid,O=C(O)c1cccnc1,1,CC[C@H]1OC(=O)C[C@@H](OC(C)=O)[C@H](C)[C@@H](O[C@@H]2O[C@H](C)[C@@H](O[C@H]3C[C@@](C)(O)[C@@H](OC(=O)CC(C)C)[C@H](C)O3)[C@H](N(C)C)[C@H]2OC(=O)c2cccnc2)[C@@H](CC=O)C[C@@H](C)C(=O)/C=C/C(C)=C/[C@@H]1CO[C@@H]1O[C@H](C)[C@@H](O)[C@@H](OC)[C@H]1OC,CC[C@H]1OC(=O)C[C@@H](OC(C)=O)[C@H](C)[C@@H](O[C@@H]2O[C@H](C)[C@@H](O[C@H]3C[C@@](C)(O)[C@@H](OC(=O)CC(C)C)[C@H](C)O3)[C@H](N(C)C)[C@H]2OC(=O)c2cccnc2)[C@@H](CC=O)C[C@@H](C)C(=O)/C=C/C(C)=C/[C@@H]1CO[C@@H]1O[C@H](C)[C@@H](O)[C@@H](OC)[C@H]1OC,TRUE,,-1.0908,-1.090831502
tylvalosin,Tylvalosin (Ì©Íò¾úËØ),REF_TYLVALOSIN,repository_reference,O53_attached_to_C27,53,27,C,MPM00585,Dihydro-L-orotic acid,O=C1CC(C(=O)O)NC(=O)N1,1,CC[C@H]1OC(=O)C[C@@H](OC(C)=O)[C@H](C)[C@@H](O[C@@H]2O[C@H](C)[C@@H](O[C@H]3C[C@@](C)(O)[C@@H](OC(=O)CC(C)C)[C@H](C)O3)[C@H](N(C)C)[C@H]2OC(=O)C2CC(=O)NC(=O)N2)[C@@H](CC=O)C[C@@H](C)C(=O)/C=C/C(C)=C/[C@@H]1CO[C@@H]1O[C@H](C)[C@@H](O)[C@@H](OC)[C@H]1OC,CC[C@H]1OC(=O)C[C@@H](OC(C)=O)[C@H](C)[C@@H](O[C@@H]2O[C@H](C)[C@@H](O[C@H]3C[C@@](C)(O)[C@@H](OC(=O)CC(C)C)[C@H](C)O3)[C@H](N(C)C)[C@H]2OC(=O)C2CC(=O)NC(=O)N2)[C@@H](CC=O)C[C@@H](C)C(=O)/C=C/C(C)=C/[C@@H]1CO[C@@H]1O[C@H](C)[C@@H](O)[C@@H](OC)[C@H]1OC,TRUE,,-1.765,-1.764987371
tylvalosin,Tylvalosin (Ì©Íò¾úËØ),REF_TYLVALOSIN,repository_reference,O53_attached_to_C27,53,27,C,MPM00381,5-Dehydroquinic acid,O=C1CC(O)(C(=O)O)CC(O)C1O,1,CC[C@H]1OC(=O)C[C@@H](OC(C)=O)[C@H](C)[C@@H](O[C@@H]2O[C@H](C)[C@@H](O[C@H]3C[C@@](C)(O)[C@@H](OC(=O)CC(C)C)[C@H](C)O3)[C@H](N(C)C)[C@H]2OC(=O)C2(O)CC(=O)C(O)C(O)C2)[C@@H](CC=O)C[C@@H](C)C(=O)/C=C/C(C)=C/[C@@H]1CO[C@@H]1O[C@H](C)[C@@H](O)[C@@H](OC)[C@H]1OC,CC[C@H]1OC(=O)C[C@@H](OC(C)=O)[C@H](C)[C@@H](O[C@@H]2O[C@H](C)[C@@H](O[C@H]3C[C@@](C)(O)[C@@H](OC(=O)CC(C)C)[C@H](C)O3)[C@H](N(C)C)[C@H]2OC(=O)C2(O)CC(=O)C(O)C(O)C2)[C@@H](CC=O)C[C@@H](C)C(=O)/C=C/C(C)=C/[C@@H]1CO[C@@H]1O[C@H](C)[C@@H](O)[C@@H](OC)[C@H]1OC,TRUE,,-2.2394,-2.239392556
tylvalosin,Tylvalosin (Ì©Íò¾úËØ),REF_TYLVALOSIN,repository_reference,O53_attached_to_C27,53,27,C,MPM00679,Glyoxylic acid,O=CC(=O)O,1,CC[C@H]1OC(=O)C[C@@H](OC(C)=O)[C@H](C)[C@@H](O[C@@H]2O[C@H](C)[C@@H](O[C@H]3C[C@@](C)(O)[C@@H](OC(=O)CC(C)C)[C@H](C)O3)[C@H](N(C)C)[C@H]2OC(=O)C=O)[C@@H](CC=O)C[C@@H](C)C(=O)/C=C/C(C)=C/[C@@H]1CO[C@@H]1O[C@H](C)[C@@H](O)[C@@H](OC)[C@H]1OC,CC[C@H]1OC(=O)C[C@@H](OC(C)=O)[C@H](C)[C@@H](O[C@@H]2O[C@H](C)[C@@H](O[C@H]3C[C@@](C)(O)[C@@H](OC(=O)CC(C)C)[C@H](C)O3)[C@H](N(C)C)[C@H]2OC(=O)C=O)[C@@H](CC=O)C[C@@H](C)C(=O)/C=C/C(C)=C/[C@@H]1CO[C@@H]1O[C@H](C)[C@@H](O)[C@@H](OC)[C@H]1OC,TRUE,,-1.3005,-1.30054279
tylvalosin,Tylvalosin (Ì©Íò¾úËØ),REF_TYLVALOSIN,repository_reference,O53_attached_to_C27,53,27,C,MPM00965,Tartronate semialdehyde,O=CC(O)C(=O)O,1,CC[C@H]1OC(=O)C[C@@H](OC(C)=O)[C@H](C)[C@@H](O[C@@H]2O[C@H](C)[C@@H](O[C@H]3C[C@@](C)(O)[C@@H](OC(=O)CC(C)C)[C@H](C)O3)[C@H](N(C)C)[C@H]2OC(=O)C(O)C=O)[C@@H](CC=O)C[C@@H](C)C(=O)/C=C/C(C)=C/[C@@H]1CO[C@@H]1O[C@H](C)[C@@H](O)[C@@H](OC)[C@H]1OC,CC[C@H]1OC(=O)C[C@@H](OC(C)=O)[C@H](C)[C@@H](O[C@@H]2O[C@H](C)[C@@H](O[C@H]3C[C@@](C)(O)[C@@H](OC(=O)CC(C)C)[C@H](C)O3)[C@H](N(C)C)[C@H]2OC(=O)C(O)C=O)[C@@H](CC=O)C[C@@H](C)C(=O)/C=C/C(C)=C/[C@@H]1CO[C@@H]1O[C@H](C)[C@@H](O)[C@@H](OC)[C@H]1OC,TRUE,,-1.4928,-1.492828592
tylvalosin,Tylvalosin (Ì©Íò¾úËØ),REF_TYLVALOSIN,repository_reference,O53_attached_to_C27,53,27,C,MPM00768,Malonate semialdehyde,O=CCC(=O)O,1,CC[C@H]1OC(=O)C[C@@H](OC(C)=O)[C@H](C)[C@@H](O[C@@H]2O[C@H](C)[C@@H](O[C@H]3C[C@@](C)(O)[C@@H](OC(=O)CC(C)C)[C@H](C)O3)[C@H](N(C)C)[C@H]2OC(=O)CC=O)[C@@H](CC=O)C[C@@H](C)C(=O)/C=C/C(C)=C/[C@@H]1CO[C@@H]1O[C@H](C)[C@@H](O)[C@@H](OC)[C@H]1OC,CC[C@H]1OC(=O)C[C@@H](OC(C)=O)[C@H](C)[C@@H](O[C@@H]2O[C@H](C)[C@@H](O[C@H]3C[C@@](C)(O)[C@@H](OC(=O)CC(C)C)[C@H](C)O3)[C@H](N(C)C)[C@H]2OC(=O)CC=O)[C@@H](CC=O)C[C@@H](C)C(=O)/C=C/C(C)=C/[C@@H]1CO[C@@H]1O[C@H](C)[C@@H](O)[C@@H](OC)[C@H]1OC,TRUE,,-1.5719,-1.571881436
tylvalosin,Tylvalosin (Ì©Íò¾úËØ),REF_TYLVALOSIN,repository_reference,O53_attached_to_C27,53,27,C,MPM00359,4-Oxobutanoate,O=CCCC(=O)O,1,CC[C@H]1OC(=O)C[C@@H](OC(C)=O)[C@H](C)[C@@H](O[C@@H]2O[C@H](C)[C@@H](O[C@H]3C[C@@](C)(O)[C@@H](OC(=O)CC(C)C)[C@H](C)O3)[C@H](N(C)C)[C@H]2OC(=O)CCC=O)[C@@H](CC=O)C[C@@H](C)C(=O)/C=C/C(C)=C/[C@@H]1CO[C@@H]1O[C@H](C)[C@@H](O)[C@@H](OC)[C@H]1OC,CC[C@H]1OC(=O)C[C@@H](OC(C)=O)[C@H](C)[C@@H](O[C@@H]2O[C@H](C)[C@@H](O[C@H]3C[C@@](C)(O)[C@@H](OC(=O)CC(C)C)[C@H](C)O3)[C@H](N(C)C)[C@H]2OC(=O)CCC=O)[C@@H](CC=O)C[C@@H](C)C(=O)/C=C/C(C)=C/[C@@H]1CO[C@@H]1O[C@H](C)[C@@H](O)[C@@H](OC)[C@H]1OC,TRUE,,-1.8343,-1.834309703
tylvalosin,Tylvalosin (Ì©Íò¾úËØ),REF_TYLVALOSIN,repository_reference,O68_attached_to_C64,68,64,C,MPM00863,PEP,C=C(OP(=O)(O)O)C(=O)O,1,C=C(OP(=O)(O)O)C(=O)O[C@H]1[C@@H](OC)[C@@H](OC)[C@H](OC[C@H]2/C=C(C)/C=C/C(=O)[C@H](C)C[C@H](CC=O)[C@H](O[C@@H]3O[C@H](C)[C@@H](O[C@H]4C[C@@](C)(O)[C@@H](OC(=O)CC(C)C)[C@H](C)O4)[C@H](N(C)C)[C@H]3O)[C@@H](C)[C@H](OC(C)=O)CC(=O)O[C@@H]2CC)O[C@@H]1C,C=C(OP(=O)(O)O)C(=O)O[C@H]1[C@@H](OC)[C@@H](OC)[C@H](OC[C@H]2/C=C(C)/C=C/C(=O)[C@H](C)C[C@H](CC=O)[C@H](O[C@@H]3O[C@H](C)[C@@H](O[C@H]4C[C@@](C)(O)[C@@H](OC(=O)CC(C)C)[C@H](C)O4)[C@H](N(C)C)[C@H]3O)[C@@H](C)[C@H](OC(C)=O)CC(=O)O[C@@H]2CC)O[C@@H]1C,TRUE,,-1.7285,-1.728522159
tylvalosin,Tylvalosin (Ì©Íò¾úËØ),REF_TYLVALOSIN,repository_reference,O68_attached_to_C64,68,64,C,MPM00921,Pyroracemic acid,CC(=O)C(=O)O,1,CC[C@H]1OC(=O)C[C@@H](OC(C)=O)[C@H](C)[C@@H](O[C@@H]2O[C@H](C)[C@@H](O[C@H]3C[C@@](C)(O)[C@@H](OC(=O)CC(C)C)[C@H](C)O3)[C@H](N(C)C)[C@H]2O)[C@@H](CC=O)C[C@@H](C)C(=O)/C=C/C(C)=C/[C@@H]1CO[C@@H]1O[C@H](C)[C@@H](OC(=O)C(C)=O)[C@@H](OC)[C@H]1OC,CC[C@H]1OC(=O)C[C@@H](OC(C)=O)[C@H](C)[C@@H](O[C@@H]2O[C@H](C)[C@@H](O[C@H]3C[C@@](C)(O)[C@@H](OC(=O)CC(C)C)[C@H](C)O3)[C@H](N(C)C)[C@H]2O)[C@@H](CC=O)C[C@@H](C)C(=O)/C=C/C(C)=C/[C@@H]1CO[C@@H]1O[C@H](C)[C@@H](OC(=O)C(C)=O)[C@@H](OC)[C@H]1OC,TRUE,,-1.5175,-1.517543696
tylvalosin,Tylvalosin (Ì©Íò¾úËØ),REF_TYLVALOSIN,repository_reference,O68_attached_to_C64,68,64,C,MPM00036,(2S)-2-Hydroxy-2-methyl-3-oxobutanoate,CC(=O)C(C)(O)C(=O)O,1,CC[C@H]1OC(=O)C[C@@H](OC(C)=O)[C@H](C)[C@@H](O[C@@H]2O[C@H](C)[C@@H](O[C@H]3C[C@@](C)(O)[C@@H](OC(=O)CC(C)C)[C@H](C)O3)[C@H](N(C)C)[C@H]2O)[C@@H](CC=O)C[C@@H](C)C(=O)/C=C/C(C)=C/[C@@H]1CO[C@@H]1O[C@H](C)[C@@H](OC(=O)C(C)(O)C(C)=O)[C@@H](OC)[C@H]1OC,CC[C@H]1OC(=O)C[C@@H](OC(C)=O)[C@H](C)[C@@H](O[C@@H]2O[C@H](C)[C@@H](O[C@H]3C[C@@](C)(O)[C@@H](OC(=O)CC(C)C)[C@H](C)O3)[C@H](N(C)C)[C@H]2O)[C@@H](CC=O)C[C@@H](C)C(=O)/C=C/C(C)=C/[C@@H]1CO[C@@H]1O[C@H](C)[C@@H](OC(=O)C(C)(O)C(C)=O)[C@@H](OC)[C@H]1OC,TRUE,,-2.1904,-2.190363982
tylvalosin,Tylvalosin (Ì©Íò¾úËØ),REF_TYLVALOSIN,repository_reference,O68_attached_to_C64,68,64,C,MPM01075,(S)-2-Amino-3-oxobutanoic acid,CC(=O)C(N)C(=O)O,1,CC[C@H]1OC(=O)C[C@@H](OC(C)=O)[C@H](C)[C@@H](O[C@@H]2O[C@H](C)[C@@H](O[C@H]3C[C@@](C)(O)[C@@H](OC(=O)CC(C)C)[C@H](C)O3)[C@H](N(C)C)[C@H]2O)[C@@H](CC=O)C[C@@H](C)C(=O)/C=C/C(C)=C/[C@@H]1CO[C@@H]1O[C@H](C)[C@@H](OC(=O)C(N)C(C)=O)[C@@H](OC)[C@H]1OC,CC[C@H]1OC(=O)C[C@@H](OC(C)=O)[C@H](C)[C@@H](O[C@@H]2O[C@H](C)[C@@H](O[C@H]3C[C@@](C)(O)[C@@H](OC(=O)CC(C)C)[C@H](C)O3)[C@H](N(C)C)[C@H]2O)[C@@H](CC=O)C[C@@H](C)C(=O)/C=C/C(C)=C/[C@@H]1CO[C@@H]1O[C@H](C)[C@@H](OC(=O)C(N)C(C)=O)[C@@H](OC)[C@H]1OC,TRUE,,-1.4757,-1.475734478
tylvalosin,Tylvalosin (Ì©Íò¾úËØ),REF_TYLVALOSIN,repository_reference,O68_attached_to_C64,68,64,C,MPM00419,Acetoacetic acid,CC(=O)CC(=O)O,1,CC[C@H]1OC(=O)C[C@@H](OC(C)=O)[C@H](C)[C@@H](O[C@@H]2O[C@H](C)[C@@H](O[C@H]3C[C@@](C)(O)[C@@H](OC(=O)CC(C)C)[C@H](C)O3)[C@H](N(C)C)[C@H]2O)[C@@H](CC=O)C[C@@H](C)C(=O)/C=C/C(C)=C/[C@@H]1CO[C@@H]1O[C@H](C)[C@@H](OC(=O)CC(C)=O)[C@@H](OC)[C@H]1OC,CC[C@H]1OC(=O)C[C@@H](OC(C)=O)[C@H](C)[C@@H](O[C@@H]2O[C@H](C)[C@@H](O[C@H]3C[C@@](C)(O)[C@@H](OC(=O)CC(C)C)[C@H](C)O3)[C@H](N(C)C)[C@H]2O)[C@@H](CC=O)C[C@@H](C)C(=O)/C=C/C(C)=C/[C@@H]1CO[C@@H]1O[C@H](C)[C@@H](OC(=O)CC(C)=O)[C@@H](OC)[C@H]1OC,TRUE,,-1.6316,-1.631597855
tylvalosin,Tylvalosin (Ì©Íò¾úËØ),REF_TYLVALOSIN,repository_reference,O68_attached_to_C64,68,64,C,MPM00188,2-Acetamido-5-oxopentanoate,CC(=O)NC(CCC=O)C(=O)O,1,CC[C@H]1OC(=O)C[C@@H](OC(C)=O)[C@H](C)[C@@H](O[C@@H]2O[C@H](C)[C@@H](O[C@H]3C[C@@](C)(O)[C@@H](OC(=O)CC(C)C)[C@H](C)O3)[C@H](N(C)C)[C@H]2O)[C@@H](CC=O)C[C@@H](C)C(=O)/C=C/C(C)=C/[C@@H]1CO[C@@H]1O[C@H](C)[C@@H](OC(=O)C(CCC=O)NC(C)=O)[C@@H](OC)[C@H]1OC,CC[C@H]1OC(=O)C[C@@H](OC(C)=O)[C@H](C)[C@@H](O[C@@H]2O[C@H](C)[C@@H](O[C@H]3C[C@@](C)(O)[C@@H](OC(=O)CC(C)C)[C@H](C)O3)[C@H](N(C)C)[C@H]2O)[C@@H](CC=O)C[C@@H](C)C(=O)/C=C/C(C)=C/[C@@H]1CO[C@@H]1O[C@H](C)[C@@H](OC(=O)C(CCC=O)NC(C)=O)[C@@H](OC)[C@H]1OC,TRUE,,-2.1853,-2.185316818
tylvalosin,Tylvalosin (Ì©Íò¾úËØ),REF_TYLVALOSIN,repository_reference,O68_attached_to_C64,68,64,C,MPM01517,N2-Acetyl-L-ornithine,CC(=O)NC(CCCN)C(=O)O,1,CC[C@H]1OC(=O)C[C@@H](OC(C)=O)[C@H](C)[C@@H](O[C@@H]2O[C@H](C)[C@@H](O[C@H]3C[C@@](C)(O)[C@@H](OC(=O)CC(C)C)[C@H](C)O3)[C@H](N(C)C)[C@H]2O)[C@@H](CC=O)C[C@@H](C)C(=O)/C=C/C(C)=C/[C@@H]1CO[C@@H]1O[C@H](C)[C@@H](OC(=O)C(CCCN)NC(C)=O)[C@@H](OC)[C@H]1OC,CC[C@H]1OC(=O)C[C@@H](OC(C)=O)[C@H](C)[C@@H](O[C@@H]2O[C@H](C)[C@@H](O[C@H]3C[C@@](C)(O)[C@@H](OC(=O)CC(C)C)[C@H](C)O3)[C@H](N(C)C)[C@H]2O)[C@@H](CC=O)C[C@@H](C)C(=O)/C=C/C(C)=C/[C@@H]1CO[C@@H]1O[C@H](C)[C@@H](OC(=O)C(CCCN)NC(C)=O)[C@@H](OC)[C@H]1OC,TRUE,,-1.5075,-1.507479623
tylvalosin,Tylvalosin (Ì©Íò¾úËØ),REF_TYLVALOSIN,repository_reference,O68_attached_to_C64,68,64,C,MPM00819,Neu5Ac,CC(=O)NC1C(O)CC(O)(C(=O)O)OC1C(O)C(O)CO,1,CC[C@H]1OC(=O)C[C@@H](OC(C)=O)[C@H](C)[C@@H](O[C@@H]2O[C@H](C)[C@@H](O[C@H]3C[C@@](C)(O)[C@@H](OC(=O)CC(C)C)[C@H](C)O3)[C@H](N(C)C)[C@H]2O)[C@@H](CC=O)C[C@@H](C)C(=O)/C=C/C(C)=C/[C@@H]1CO[C@@H]1O[C@H](C)[C@@H](OC(=O)C2(O)CC(O)C(NC(C)=O)C(C(O)C(O)CO)O2)[C@@H](OC)[C@H]1OC,CC[C@H]1OC(=O)C[C@@H](OC(C)=O)[C@H](C)[C@@H](O[C@@H]2O[C@H](C)[C@@H](O[C@H]3C[C@@](C)(O)[C@@H](OC(=O)CC(C)C)[C@H](C)O3)[C@H](N(C)C)[C@H]2O)[C@@H](CC=O)C[C@@H](C)C(=O)/C=C/C(C)=C/[C@@H]1CO[C@@H]1O[C@H](C)[C@@H](OC(=O)C2(O)CC(O)C(NC(C)=O)C(C(O)C(O)CO)O2)[C@@H](OC)[C@H]1OC,TRUE,,-2.9809,-2.980876591
tylvalosin,Tylvalosin (Ì©Íò¾úËØ),REF_TYLVALOSIN,repository_reference,O68_attached_to_C64,68,64,C,MPM00806,N-Acetyl-D-muramoate,CC(=O)NC1C(O)OC(CO)C(O)C1OC(C)C(=O)O,1,CC[C@H]1OC(=O)C[C@@H](OC(C)=O)[C@H](C)[C@@H](O[C@@H]2O[C@H](C)[C@@H](O[C@H]3C[C@@](C)(O)[C@@H](OC(=O)CC(C)C)[C@H](C)O3)[C@H](N(C)C)[C@H]2O)[C@@H](CC=O)C[C@@H](C)C(=O)/C=C/C(C)=C/[C@@H]1CO[C@@H]1O[C@H](C)[C@@H](OC(=O)C(C)OC2C(O)C(CO)OC(O)C2NC(C)=O)[C@@H](OC)[C@H]1OC,CC[C@H]1OC(=O)C[C@@H](OC(C)=O)[C@H](C)[C@@H](O[C@@H]2O[C@H](C)[C@@H](O[C@H]3C[C@@](C)(O)[C@@H](OC(=O)CC(C)C)[C@H](C)O3)[C@H](N(C)C)[C@H]2O)[C@@H](CC=O)C[C@@H](C)C(=O)/C=C/C(C)=C/[C@@H]1CO[C@@H]1O[C@H](C)[C@@H](OC(=O)C(C)OC2C(O)C(CO)OC(O)C2NC(C)=O)[C@@H](OC)[C@H]1OC,TRUE,,-2.6199,-2.619899062
tylvalosin,Tylvalosin (Ì©Íò¾úËØ),REF_TYLVALOSIN,repository_reference,O68_attached_to_C64,68,64,C,MPM00632,Ethanoic acid,CC(=O)O,1,CC[C@H]1OC(=O)C[C@@H](OC(C)=O)[C@H](C)[C@@H](O[C@@H]2O[C@H](C)[C@@H](O[C@H]3C[C@@](C)(O)[C@@H](OC(=O)CC(C)C)[C@H](C)O3)[C@H](N(C)C)[C@H]2O)[C@@H](CC=O)C[C@@H](C)C(=O)/C=C/C(C)=C/[C@@H]1CO[C@@H]1O[C@H](C)[C@@H](OC(C)=O)[C@@H](OC)[C@H]1OC,CC[C@H]1OC(=O)C[C@@H](OC(C)=O)[C@H](C)[C@@H](O[C@@H]2O[C@H](C)[C@@H](O[C@H]3C[C@@](C)(O)[C@@H](OC(=O)CC(C)C)[C@H](C)O3)[C@H](N(C)C)[C@H]2O)[C@@H](CC=O)C[C@@H](C)C(=O)/C=C/C(C)=C/[C@@H]1CO[C@@H]1O[C@H](C)[C@@H](OC(C)=O)[C@@H](OC)[C@H]1OC,TRUE,,-1.5628,-1.562768152
tylvalosin,Tylvalosin (Ì©Íò¾úËØ),REF_TYLVALOSIN,repository_reference,O68_attached_to_C64,68,64,C,MPM01530,O3-Acetyl-L-serine,CC(=O)OCC(N)C(=O)O,1,CC[C@H]1OC(=O)C[C@@H](OC(C)=O)[C@H](C)[C@@H](O[C@@H]2O[C@H](C)[C@@H](O[C@H]3C[C@@](C)(O)[C@@H](OC(=O)CC(C)C)[C@H](C)O3)[C@H](N(C)C)[C@H]2O)[C@@H](CC=O)C[C@@H](C)C(=O)/C=C/C(C)=C/[C@@H]1CO[C@@H]1O[C@H](C)[C@@H](OC(=O)C(N)COC(C)=O)[C@@H](OC)[C@H]1OC,CC[C@H]1OC(=O)C[C@@H](OC(C)=O)[C@H](C)[C@@H](O[C@@H]2O[C@H](C)[C@@H](O[C@H]3C[C@@](C)(O)[C@@H](OC(=O)CC(C)C)[C@H](C)O3)[C@H](N(C)C)[C@H]2O)[C@@H](CC=O)C[C@@H](C)C(=O)/C=C/C(C)=C/[C@@H]1CO[C@@H]1O[C@H](C)[C@@H](OC(=O)C(N)COC(C)=O)[C@@H](OC)[C@H]1OC,TRUE,,-1.3335,-1.333541497
tylvalosin,Tylvalosin (Ì©Íò¾úËØ),REF_TYLVALOSIN,repository_reference,O68_attached_to_C64,68,64,C,MPM01531,O-Acetylhomoserine,CC(=O)OCCC(N)C(=O)O,1,CC[C@H]1OC(=O)C[C@@H](OC(C)=O)[C@H](C)[C@@H](O[C@@H]2O[C@H](C)[C@@H](O[C@H]3C[C@@](C)(O)[C@@H](OC(=O)CC(C)C)[C@H](C)O3)[C@H](N(C)C)[C@H]2O)[C@@H](CC=O)C[C@@H](C)C(=O)/C=C/C(C)=C/[C@@H]1CO[C@@H]1O[C@H](C)[C@@H](OC(=O)C(N)CCOC(C)=O)[C@@H](OC)[C@H]1OC,CC[C@H]1OC(=O)C[C@@H](OC(C)=O)[C@H](C)[C@@H](O[C@@H]2O[C@H](C)[C@@H](O[C@H]3C[C@@](C)(O)[C@@H](OC(=O)CC(C)C)[C@H](C)O3)[C@H](N(C)C)[C@H]2O)[C@@H](CC=O)C[C@@H](C)C(=O)/C=C/C(C)=C/[C@@H]1CO[C@@H]1O[C@H](C)[C@@H](OC(=O)C(N)CCOC(C)=O)[C@@H](OC)[C@H]1OC,TRUE,,-1.5241,-1.524053087
tylvalosin,Tylvalosin (Ì©Íò¾úËØ),REF_TYLVALOSIN,repository_reference,O68_attached_to_C64,68,64,C,MPM00396,6-Acetylthiohexanoic acid,CC(=O)SCCCCCC(=O)O,1,CC[C@H]1OC(=O)C[C@@H](OC(C)=O)[C@H](C)[C@@H](O[C@@H]2O[C@H](C)[C@@H](O[C@H]3C[C@@](C)(O)[C@@H](OC(=O)CC(C)C)[C@H](C)O3)[C@H](N(C)C)[C@H]2O)[C@@H](CC=O)C[C@@H](C)C(=O)/C=C/C(C)=C/[C@@H]1CO[C@@H]1O[C@H](C)[C@@H](OC(=O)CCCCCSC(C)=O)[C@@H](OC)[C@H]1OC,CC[C@H]1OC(=O)C[C@@H](OC(C)=O)[C@H](C)[C@@H](O[C@@H]2O[C@H](C)[C@@H](O[C@H]3C[C@@](C)(O)[C@@H](OC(=O)CC(C)C)[C@H](C)O3)[C@H](N(C)C)[C@H]2O)[C@@H](CC=O)C[C@@H](C)C(=O)/C=C/C(C)=C/[C@@H]1CO[C@@H]1O[C@H](C)[C@@H](OC(=O)CCCCCSC(C)=O)[C@@H](OC)[C@H]1OC,TRUE,,-2.5491,-2.549122127
tylvalosin,Tylvalosin (Ì©Íò¾úËØ),REF_TYLVALOSIN,repository_reference,O68_attached_to_C64,68,64,C,MPM00215,2-Dehydropantoate,CC(C)(CO)C(=O)C(=O)O,1,CC[C@H]1OC(=O)C[C@@H](OC(C)=O)[C@H](C)[C@@H](O[C@@H]2O[C@H](C)[C@@H](O[C@H]3C[C@@](C)(O)[C@@H](OC(=O)CC(C)C)[C@H](C)O3)[C@H](N(C)C)[C@H]2O)[C@@H](CC=O)C[C@@H](C)C(=O)/C=C/C(C)=C/[C@@H]1CO[C@@H]1O[C@H](C)[C@@H](OC(=O)C(=O)C(C)(C)CO)[C@@H](OC)[C@H]1OC,CC[C@H]1OC(=O)C[C@@H](OC(C)=O)[C@H](C)[C@@H](O[C@@H]2O[C@H](C)[C@@H](O[C@H]3C[C@@](C)(O)[C@@H](OC(=O)CC(C)C)[C@H](C)O3)[C@H](N(C)C)[C@H]2O)[C@@H](CC=O)C[C@@H](C)C(=O)/C=C/C(C)=C/[C@@H]1CO[C@@H]1O[C@H](C)[C@@H](OC(=O)C(=O)C(C)(C)CO)[C@@H](OC)[C@H]1OC,TRUE,,-1.3984,-1.398435397
tylvalosin,Tylvalosin (Ì©Íò¾úËØ),REF_TYLVALOSIN,repository_reference,O68_attached_to_C64,68,64,C,MPM00831,N-Pantothenoylcysteine,CC(C)(CO)C(O)C(=O)NCCC(=O)NC(CS)C(=O)O,1,CC[C@H]1OC(=O)C[C@@H](OC(C)=O)[C@H](C)[C@@H](O[C@@H]2O[C@H](C)[C@@H](O[C@H]3C[C@@](C)(O)[C@@H](OC(=O)CC(C)C)[C@H](C)O3)[C@H](N(C)C)[C@H]2O)[C@@H](CC=O)C[C@@H](C)C(=O)/C=C/C(C)=C/[C@@H]1CO[C@@H]1O[C@H](C)[C@@H](OC(=O)C(CS)NC(=O)CCNC(=O)C(O)C(C)(C)CO)[C@@H](OC)[C@H]1OC,CC[C@H]1OC(=O)C[C@@H](OC(C)=O)[C@H](C)[C@@H](O[C@@H]2O[C@H](C)[C@@H](O[C@H]3C[C@@](C)(O)[C@@H](OC(=O)CC(C)C)[C@H](C)O3)[C@H](N(C)C)[C@H]2O)[C@@H](CC=O)C[C@@H](C)C(=O)/C=C/C(C)=C/[C@@H]1CO[C@@H]1O[C@H](C)[C@@H](OC(=O)C(CS)NC(=O)CCNC(=O)C(O)C(C)(C)CO)[C@@H](OC)[C@H]1OC,TRUE,,-3.3791,-3.379133728
tylvalosin,Tylvalosin (Ì©Íò¾úËØ),REF_TYLVALOSIN,repository_reference,O68_attached_to_C64,68,64,C,MPM00087,(R)-Pantothenate,CC(C)(CO)C(O)C(=O)NCCC(=O)O,1,CC[C@H]1OC(=O)C[C@@H](OC(C)=O)[C@H](C)[C@@H](O[C@@H]2O[C@H](C)[C@@H](O[C@H]3C[C@@](C)(O)[C@@H](OC(=O)CC(C)C)[C@H](C)O3)[C@H](N(C)C)[C@H]2O)[C@@H](CC=O)C[C@@H](C)C(=O)/C=C/C(C)=C/[C@@H]1CO[C@@H]1O[C@H](C)[C@@H](OC(=O)CCNC(=O)C(O)C(C)(C)CO)[C@@H](OC)[C@H]1OC,CC[C@H]1OC(=O)C[C@@H](OC(C)=O)[C@H](C)[C@@H](O[C@@H]2O[C@H](C)[C@@H](O[C@H]3C[C@@](C)(O)[C@@H](OC(=O)CC(C)C)[C@H](C)O3)[C@H](N(C)C)[C@H]2O)[C@@H](CC=O)C[C@@H](C)C(=O)/C=C/C(C)=C/[C@@H]1CO[C@@H]1O[C@H](C)[C@@H](OC(=O)CCNC(=O)C(O)C(C)(C)CO)[C@@H](OC)[C@H]1OC,TRUE,,-1.8074,-1.807441235
tylvalosin,Tylvalosin (Ì©Íò¾úËØ),REF_TYLVALOSIN,repository_reference,O68_attached_to_C64,68,64,C,MPM00080,(R)-4'-Phosphopantothenate,CC(C)(COP(=O)(O)O)C(O)C(=O)NCCC(=O)O,1,CC[C@H]1OC(=O)C[C@@H](OC(C)=O)[C@H](C)[C@@H](O[C@@H]2O[C@H](C)[C@@H](O[C@H]3C[C@@](C)(O)[C@@H](OC(=O)CC(C)C)[C@H](C)O3)[C@H](N(C)C)[C@H]2O)[C@@H](CC=O)C[C@@H](C)C(=O)/C=C/C(C)=C/[C@@H]1CO[C@@H]1O[C@H](C)[C@@H](OC(=O)CCNC(=O)C(O)C(C)(C)COP(=O)(O)O)[C@@H](OC)[C@H]1OC,CC[C@H]1OC(=O)C[C@@H](OC(C)=O)[C@H](C)[C@@H](O[C@@H]2O[C@H](C)[C@@H](O[C@H]3C[C@@](C)(O)[C@@H](OC(=O)CC(C)C)[C@H](C)O3)[C@H](N(C)C)[C@H]2O)[C@@H](CC=O)C[C@@H](C)C(=O)/C=C/C(C)=C/[C@@H]1CO[C@@H]1O[C@H](C)[C@@H](OC(=O)CCNC(=O)C(O)C(C)(C)COP(=O)(O)O)[C@@H](OC)[C@H]1OC,TRUE,,-2.2076,-2.207565202
tylvalosin,Tylvalosin (Ì©Íò¾úËØ),REF_TYLVALOSIN,repository_reference,O68_attached_to_C64,68,64,C,MPM00026,"(2R)-2,3-Dihydroxy-3-methylbutanoate",CC(C)(O)C(O)C(=O)O,1,CC[C@H]1OC(=O)C[C@@H](OC(C)=O)[C@H](C)[C@@H](O[C@@H]2O[C@H](C)[C@@H](O[C@H]3C[C@@](C)(O)[C@@H](OC(=O)CC(C)C)[C@H](C)O3)[C@H](N(C)C)[C@H]2O)[C@@H](CC=O)C[C@@H](C)C(=O)/C=C/C(C)=C/[C@@H]1CO[C@@H]1O[C@H](C)[C@@H](OC(=O)C(O)C(C)(C)O)[C@@H](OC)[C@H]1OC,CC[C@H]1OC(=O)C[C@@H](OC(C)=O)[C@H](C)[C@@H](O[C@@H]2O[C@H](C)[C@@H](O[C@H]3C[C@@](C)(O)[C@@H](OC(=O)CC(C)C)[C@H](C)O3)[C@H](N(C)C)[C@H]2O)[C@@H](CC=O)C[C@@H](C)C(=O)/C=C/C(C)=C/[C@@H]1CO[C@@H]1O[C@H](C)[C@@H](OC(=O)C(O)C(C)(C)O)[C@@H](OC)[C@H]1OC,TRUE,,-1.9373,-1.937318398
tylvalosin,Tylvalosin (Ì©Íò¾úËØ),REF_TYLVALOSIN,repository_reference,O68_attached_to_C64,68,64,C,MPM00242,2-Keto-3-methylbutyric acid,CC(C)C(=O)C(=O)O,1,CC[C@H]1OC(=O)C[C@@H](OC(C)=O)[C@H](C)[C@@H](O[C@@H]2O[C@H](C)[C@@H](O[C@H]3C[C@@](C)(O)[C@@H](OC(=O)CC(C)C)[C@H](C)O3)[C@H](N(C)C)[C@H]2O)[C@@H](CC=O)C[C@@H](C)C(=O)/C=C/C(C)=C/[C@@H]1CO[C@@H]1O[C@H](C)[C@@H](OC(=O)C(=O)C(C)C)[C@@H](OC)[C@H]1OC,CC[C@H]1OC(=O)C[C@@H](OC(C)=O)[C@H](C)[C@@H](O[C@@H]2O[C@H](C)[C@@H](O[C@H]3C[C@@](C)(O)[C@@H](OC(=O)CC(C)C)[C@H](C)O3)[C@H](N(C)C)[C@H]2O)[C@@H](CC=O)C[C@@H](C)C(=O)/C=C/C(C)=C/[C@@H]1CO[C@@H]1O[C@H](C)[C@@H](OC(=O)C(=O)C(C)C)[C@@H](OC)[C@H]1OC,TRUE,,-1.5797,-1.579726948
tylvalosin,Tylvalosin (Ì©Íò¾úËØ),REF_TYLVALOSIN,repository_reference,O68_attached_to_C64,68,64,C,MPM00716,Isobutyrate,CC(C)C(=O)O,1,CC[C@H]1OC(=O)C[C@@H](OC(C)=O)[C@H](C)[C@@H](O[C@@H]2O[C@H](C)[C@@H](O[C@H]3C[C@@](C)(O)[C@@H](OC(=O)CC(C)C)[C@H](C)O3)[C@H](N(C)C)[C@H]2O)[C@@H](CC=O)C[C@@H](C)C(=O)/C=C/C(C)=C/[C@@H]1CO[C@@H]1O[C@H](C)[C@@H](OC(=O)C(C)C)[C@@H](OC)[C@H]1OC,CC[C@H]1OC(=O)C[C@@H](OC(C)=O)[C@H](C)[C@@H](O[C@@H]2O[C@H](C)[C@@H](O[C@H]3C[C@@](C)(O)[C@@H](OC(=O)CC(C)C)[C@H](C)O3)[C@H](N(C)C)[C@H]2O)[C@@H](CC=O)C[C@@H](C)C(=O)/C=C/C(C)=C/[C@@H]1CO[C@@H]1O[C@H](C)[C@@H](OC(=O)C(C)C)[C@@H](OC)[C@H]1OC,TRUE,,-1.635,-1.63500864
tylvalosin,Tylvalosin (Ì©Íò¾úËØ),REF_TYLVALOSIN,repository_reference,O68_attached_to_C64,68,64,C,MPM01137,2-Amino-3-methylbutyric acid,CC(C)C(N)C(=O)O,1,CC[C@H]1OC(=O)C[C@@H](OC(C)=O)[C@H](C)[C@@H](O[C@@H]2O[C@H](C)[C@@H](O[C@H]3C[C@@](C)(O)[C@@H](OC(=O)CC(C)C)[C@H](C)O3)[C@H](N(C)C)[C@H]2O)[C@@H](CC=O)C[C@@H](C)C(=O)/C=C/C(C)=C/[C@@H]1CO[C@@H]1O[C@H](C)[C@@H](OC(=O)C(N)C(C)C)[C@@H](OC)[C@H]1OC,CC[C@H]1OC(=O)C[C@@H](OC(C)=O)[C@H](C)[C@@H](O[C@@H]2O[C@H](C)[C@@H](O[C@H]3C[C@@](C)(O)[C@@H](OC(=O)CC(C)C)[C@H](C)O3)[C@H](N(C)C)[C@H]2O)[C@@H](CC=O)C[C@@H](C)C(=O)/C=C/C(C)=C/[C@@H]1CO[C@@H]1O[C@H](C)[C@@H](OC(=O)C(N)C(C)C)[C@@H](OC)[C@H]1OC,TRUE,,-1.6126,-1.61264854
tylvalosin,Tylvalosin (Ì©Íò¾úËØ),REF_TYLVALOSIN,repository_reference,O68_attached_to_C64,68,64,C,MPM00260,2-Oxoisocaproate,CC(C)CC(=O)C(=O)O,1,CC[C@H]1OC(=O)C[C@@H](OC(C)=O)[C@H](C)[C@@H](O[C@@H]2O[C@H](C)[C@@H](O[C@H]3C[C@@](C)(O)[C@@H](OC(=O)CC(C)C)[C@H](C)O3)[C@H](N(C)C)[C@H]2O)[C@@H](CC=O)C[C@@H](C)C(=O)/C=C/C(C)=C/[C@@H]1CO[C@@H]1O[C@H](C)[C@@H](OC(=O)C(=O)CC(C)C)[C@@H](OC)[C@H]1OC,CC[C@H]1OC(=O)C[C@@H](OC(C)=O)[C@H](C)[C@@H](O[C@@H]2O[C@H](C)[C@@H](O[C@H]3C[C@@](C)(O)[C@@H](OC(=O)CC(C)C)[C@H](C)O3)[C@H](N(C)C)[C@H]2O)[C@@H](CC=O)C[C@@H](C)C(=O)/C=C/C(C)=C/[C@@H]1CO[C@@H]1O[C@H](C)[C@@H](OC(=O)C(=O)CC(C)C)[C@@H](OC)[C@H]1OC,TRUE,,-1.8088,-1.808846313
tylvalosin,Tylvalosin (Ì©Íò¾úËØ),REF_TYLVALOSIN,repository_reference,O68_attached_to_C64,68,64,C,MPM00720,Isovalerate,CC(C)CC(=O)O,1,CC[C@H]1OC(=O)C[C@@H](OC(C)=O)[C@H](C)[C@@H](O[C@@H]2O[C@H](C)[C@@H](O[C@H]3C[C@@](C)(O)[C@@H](OC(=O)CC(C)C)[C@H](C)O3)[C@H](N(C)C)[C@H]2O)[C@@H](CC=O)C[C@@H](C)C(=O)/C=C/C(C)=C/[C@@H]1CO[C@@H]1O[C@H](C)[C@@H](OC(=O)CC(C)C)[C@@H](OC)[C@H]1OC,CC[C@H]1OC(=O)C[C@@H](OC(C)=O)[C@H](C)[C@@H](O[C@@H]2O[C@H](C)[C@@H](O[C@H]3C[C@@](C)(O)[C@@H](OC(=O)CC(C)C)[C@H](C)O3)[C@H](N(C)C)[C@H]2O)[C@@H](CC=O)C[C@@H](C)C(=O)/C=C/C(C)=C/[C@@H]1CO[C@@H]1O[C@H](C)[C@@H](OC(=O)CC(C)C)[C@@H](OC)[C@H]1OC,TRUE,,-1.868,-1.867973192
tylvalosin,Tylvalosin (Ì©Íò¾úËØ),REF_TYLVALOSIN,repository_reference,O68_attached_to_C64,68,64,C,MPM01055,(2S)-alpha-Leucine,CC(C)CC(N)C(=O)O,1,CC[C@H]1OC(=O)C[C@@H](OC(C)=O)[C@H](C)[C@@H](O[C@@H]2O[C@H](C)[C@@H](O[C@H]3C[C@@](C)(O)[C@@H](OC(=O)CC(C)C)[C@H](C)O3)[C@H](N(C)C)[C@H]2O)[C@@H](CC=O)C[C@@H](C)C(=O)/C=C/C(C)=C/[C@@H]1CO[C@@H]1O[C@H](C)[C@@H](OC(=O)C(N)CC(C)C)[C@@H](OC)[C@H]1OC,CC[C@H]1OC(=O)C[C@@H](OC(C)=O)[C@H](C)[C@@H](O[C@@H]2O[C@H](C)[C@@H](O[C@H]3C[C@@](C)(O)[C@@H](OC(=O)CC(C)C)[C@H](C)O3)[C@H](N(C)C)[C@H]2O)[C@@H](CC=O)C[C@@H](C)C(=O)/C=C/C(C)=C/[C@@H]1CO[C@@H]1O[C@H](C)[C@@H](OC(=O)C(N)CC(C)C)[C@@H](OC)[C@H]1OC,TRUE,,-1.698,-1.697952586
tylvalosin,Tylvalosin (Ì©Íò¾úËØ),REF_TYLVALOSIN,repository_reference,O68_attached_to_C64,68,64,C,MPM00737,l-Alanyl-l-leucine,CC(C)CC(NC(=O)C(C)N)C(=O)O,1,CC[C@H]1OC(=O)C[C@@H](OC(C)=O)[C@H](C)[C@@H](O[C@@H]2O[C@H](C)[C@@H](O[C@H]3C[C@@](C)(O)[C@@H](OC(=O)CC(C)C)[C@H](C)O3)[C@H](N(C)C)[C@H]2O)[C@@H](CC=O)C[C@@H](C)C(=O)/C=C/C(C)=C/[C@@H]1CO[C@@H]1O[C@H](C)[C@@H](OC(=O)C(CC(C)C)NC(=O)C(C)N)[C@@H](OC)[C@H]1OC,CC[C@H]1OC(=O)C[C@@H](OC(C)=O)[C@H](C)[C@@H](O[C@@H]2O[C@H](C)[C@@H](O[C@H]3C[C@@](C)(O)[C@@H](OC(=O)CC(C)C)[C@H](C)O3)[C@H](N(C)C)[C@H]2O)[C@@H](CC=O)C[C@@H](C)C(=O)/C=C/C(C)=C/[C@@H]1CO[C@@H]1O[C@H](C)[C@@H](OC(=O)C(CC(C)C)NC(=O)C(C)N)[C@@H](OC)[C@H]1OC,TRUE,,-1.8557,-1.855734906
tylvalosin,Tylvalosin (Ì©Íò¾úËØ),REF_TYLVALOSIN,repository_reference,O68_attached_to_C64,68,64,C,MPM00675,Glycyl-L-leucine,CC(C)CC(NC(=O)CN)C(=O)O,1,CC[C@H]1OC(=O)C[C@@H](OC(C)=O)[C@H](C)[C@@H](O[C@@H]2O[C@H](C)[C@@H](O[C@H]3C[C@@](C)(O)[C@@H](OC(=O)CC(C)C)[C@H](C)O3)[C@H](N(C)C)[C@H]2O)[C@@H](CC=O)C[C@@H](C)C(=O)/C=C/C(C)=C/[C@@H]1CO[C@@H]1O[C@H](C)[C@@H](OC(=O)C(CC(C)C)NC(=O)CN)[C@@H](OC)[C@H]1OC,CC[C@H]1OC(=O)C[C@@H](OC(C)=O)[C@H](C)[C@@H](O[C@@H]2O[C@H](C)[C@@H](O[C@H]3C[C@@](C)(O)[C@@H](OC(=O)CC(C)C)[C@H](C)O3)[C@H](N(C)C)[C@H]2O)[C@@H](CC=O)C[C@@H](C)C(=O)/C=C/C(C)=C/[C@@H]1CO[C@@H]1O[C@H](C)[C@@H](OC(=O)C(CC(C)C)NC(=O)CN)[C@@H](OC)[C@H]1OC,TRUE,,-1.4785,-1.478525209
tylvalosin,Tylvalosin (Ì©Íò¾úËØ),REF_TYLVALOSIN,repository_reference,O68_attached_to_C64,68,64,C,MPM00108,(S)-methylmalonate semialdehyde,CC(C=O)C(=O)O,1,CC[C@H]1OC(=O)C[C@@H](OC(C)=O)[C@H](C)[C@@H](O[C@@H]2O[C@H](C)[C@@H](O[C@H]3C[C@@](C)(O)[C@@H](OC(=O)CC(C)C)[C@H](C)O3)[C@H](N(C)C)[C@H]2O)[C@@H](CC=O)C[C@@H](C)C(=O)/C=C/C(C)=C/[C@@H]1CO[C@@H]1O[C@H](C)[C@@H](OC(=O)C(C)C=O)[C@@H](OC)[C@H]1OC,CC[C@H]1OC(=O)C[C@@H](OC(C)=O)[C@H](C)[C@@H](O[C@@H]2O[C@H](C)[C@@H](O[C@H]3C[C@@](C)(O)[C@@H](OC(=O)CC(C)C)[C@H](C)O3)[C@H](N(C)C)[C@H]2O)[C@@H](CC=O)C[C@@H](C)C(=O)/C=C/C(C)=C/[C@@H]1CO[C@@H]1O[C@H](C)[C@@H](OC(=O)C(C)C=O)[C@@H](OC)[C@H]1OC,TRUE,,-1.7921,-1.792063259
tylvalosin,Tylvalosin (Ì©Íò¾úËØ),REF_TYLVALOSIN,repository_reference,O68_attached_to_C64,68,64,C,MPM01359,D-Ala-D-Ala,CC(N)C(=O)NC(C)C(=O)O,1,CC[C@H]1OC(=O)C[C@@H](OC(C)=O)[C@H](C)[C@@H](O[C@@H]2O[C@H](C)[C@@H](O[C@H]3C[C@@](C)(O)[C@@H](OC(=O)CC(C)C)[C@H](C)O3)[C@H](N(C)C)[C@H]2O)[C@@H](CC=O)C[C@@H](C)C(=O)/C=C/C(C)=C/[C@@H]1CO[C@@H]1O[C@H](C)[C@@H](OC(=O)C(C)NC(=O)C(C)N)[C@@H](OC)[C@H]1OC,CC[C@H]1OC(=O)C[C@@H](OC(C)=O)[C@H](C)[C@@H](O[C@@H]2O[C@H](C)[C@@H](O[C@H]3C[C@@](C)(O)[C@@H](OC(=O)CC(C)C)[C@H](C)O3)[C@H](N(C)C)[C@H]2O)[C@@H](CC=O)C[C@@H](C)C(=O)/C=C/C(C)=C/[C@@H]1CO[C@@H]1O[C@H](C)[C@@H](OC(=O)C(C)NC(=O)C(C)N)[C@@H](OC)[C@H]1OC,TRUE,,-1.4086,-1.408621185
tylvalosin,Tylvalosin (Ì©Íò¾úËØ),REF_TYLVALOSIN,repository_reference,O68_attached_to_C64,68,64,C,MPM00736,l-Alanyl-l-glutamine,CC(N)C(=O)NC(CCC(N)=O)C(=O)O,1,CC[C@H]1OC(=O)C[C@@H](OC(C)=O)[C@H](C)[C@@H](O[C@@H]2O[C@H](C)[C@@H](O[C@H]3C[C@@](C)(O)[C@@H](OC(=O)CC(C)C)[C@H](C)O3)[C@H](N(C)C)[C@H]2O)[C@@H](CC=O)C[C@@H](C)C(=O)/C=C/C(C)=C/[C@@H]1CO[C@@H]1O[C@H](C)[C@@H](OC(=O)C(CCC(N)=O)NC(=O)C(C)N)[C@@H](OC)[C@H]1OC,CC[C@H]1OC(=O)C[C@@H](OC(C)=O)[C@H](C)[C@@H](O[C@@H]2O[C@H](C)[C@@H](O[C@H]3C[C@@](C)(O)[C@@H](OC(=O)CC(C)C)[C@H](C)O3)[C@H](N(C)C)[C@H]2O)[C@@H](CC=O)C[C@@H](C)C(=O)/C=C/C(C)=C/[C@@H]1CO[C@@H]1O[C@H](C)[C@@H](OC(=O)C(CCC(N)=O)NC(=O)C(C)N)[C@@H](OC)[C@H]1OC,TRUE,,-1.3857,-1.385724501
tylvalosin,Tylvalosin (Ì©Íò¾úËØ),REF_TYLVALOSIN,repository_reference,O68_attached_to_C64,68,64,C,MPM00440,Ala-His,CC(N)C(=O)NC(Cc1cnc[nH]1)C(=O)O,1,CC[C@H]1OC(=O)C[C@@H](OC(C)=O)[C@H](C)[C@@H](O[C@@H]2O[C@H](C)[C@@H](O[C@H]3C[C@@](C)(O)[C@@H](OC(=O)CC(C)C)[C@H](C)O3)[C@H](N(C)C)[C@H]2O)[C@@H](CC=O)C[C@@H](C)C(=O)/C=C/C(C)=C/[C@@H]1CO[C@@H]1O[C@H](C)[C@@H](OC(=O)C(Cc2cnc[nH]2)NC(=O)C(C)N)[C@@H](OC)[C@H]1OC,CC[C@H]1OC(=O)C[C@@H](OC(C)=O)[C@H](C)[C@@H](O[C@@H]2O[C@H](C)[C@@H](O[C@H]3C[C@@](C)(O)[C@@H](OC(=O)CC(C)C)[C@H](C)O3)[C@H](N(C)C)[C@H]2O)[C@@H](CC=O)C[C@@H](C)C(=O)/C=C/C(C)=C/[C@@H]1CO[C@@H]1O[C@H](C)[C@@H](OC(=O)C(Cc2cnc[nH]2)NC(=O)C(C)N)[C@@H](OC)[C@H]1OC,TRUE,,-1.6498,-1.649799068
tylvalosin,Tylvalosin (Ì©Íò¾úËØ),REF_TYLVALOSIN,repository_reference,O68_attached_to_C64,68,64,C,MPM00441,Alanylglycine,CC(N)C(=O)NCC(=O)O,1,CC[C@H]1OC(=O)C[C@@H](OC(C)=O)[C@H](C)[C@@H](O[C@@H]2O[C@H](C)[C@@H](O[C@H]3C[C@@](C)(O)[C@@H](OC(=O)CC(C)C)[C@H](C)O3)[C@H](N(C)C)[C@H]2O)[C@@H](CC=O)C[C@@H](C)C(=O)/C=C/C(C)=C/[C@@H]1CO[C@@H]1O[C@H](C)[C@@H](OC(=O)CNC(=O)C(C)N)[C@@H](OC)[C@H]1OC,CC[C@H]1OC(=O)C[C@@H](OC(C)=O)[C@H](C)[C@@H](O[C@@H]2O[C@H](C)[C@@H](O[C@H]3C[C@@](C)(O)[C@@H](OC(=O)CC(C)C)[C@H](C)O3)[C@H](N(C)C)[C@H]2O)[C@@H](CC=O)C[C@@H](C)C(=O)/C=C/C(C)=C/[C@@H]1CO[C@@H]1O[C@H](C)[C@@H](OC(=O)CNC(=O)C(C)N)[C@@H](OC)[C@H]1OC,TRUE,,-1.2197,-1.219724599
tylvalosin,Tylvalosin (Ì©Íò¾úËØ),REF_TYLVALOSIN,repository_reference,O68_attached_to_C64,68,64,C,MPM01358,D-Ala,CC(N)C(=O)O,1,CC[C@H]1OC(=O)C[C@@H](OC(C)=O)[C@H](C)[C@@H](O[C@@H]2O[C@H](C)[C@@H](O[C@H]3C[C@@](C)(O)[C@@H](OC(=O)CC(C)C)[C@H](C)O3)[C@H](N(C)C)[C@H]2O)[C@@H](CC=O)C[C@@H](C)C(=O)/C=C/C(C)=C/[C@@H]1CO[C@@H]1O[C@H](C)[C@@H](OC(=O)C(C)N)[C@@H](OC)[C@H]1OC,CC[C@H]1OC(=O)C[C@@H](OC(C)=O)[C@H](C)[C@@H](O[C@@H]2O[C@H](C)[C@@H](O[C@H]3C[C@@](C)(O)[C@@H](OC(=O)CC(C)C)[C@H](C)O3)[C@H](N(C)C)[C@H]2O)[C@@H](CC=O)C[C@@H](C)C(=O)/C=C/C(C)=C/[C@@H]1CO[C@@H]1O[C@H](C)[C@@H](OC(=O)C(C)N)[C@@H](OC)[C@H]1OC,TRUE,,-1.2479,-1.247862634
tylvalosin,Tylvalosin (Ì©Íò¾úËØ),REF_TYLVALOSIN,repository_reference,O68_attached_to_C64,68,64,C,MPM00548,DAPA,CC(N)C(N)CCCCCC(=O)O,1,CC[C@H]1OC(=O)C[C@@H](OC(C)=O)[C@H](C)[C@@H](O[C@@H]2O[C@H](C)[C@@H](O[C@H]3C[C@@](C)(O)[C@@H](OC(=O)CC(C)C)[C@H](C)O3)[C@H](N(C)C)[C@H]2O)[C@@H](CC=O)C[C@@H](C)C(=O)/C=C/C(C)=C/[C@@H]1CO[C@@H]1O[C@H](C)[C@@H](OC(=O)CCCCCC(N)C(C)N)[C@@H](OC)[C@H]1OC,CC[C@H]1OC(=O)C[C@@H](OC(C)=O)[C@H](C)[C@@H](O[C@@H]2O[C@H](C)[C@@H](O[C@H]3C[C@@](C)(O)[C@@H](OC(=O)CC(C)C)[C@H](C)O3)[C@H](N(C)C)[C@H]2O)[C@@H](CC=O)C[C@@H](C)C(=O)/C=C/C(C)=C/[C@@H]1CO[C@@H]1O[C@H](C)[C@@H](OC(=O)CCCCCC(N)C(C)N)[C@@H](OC)[C@H]1OC,TRUE,,-1.7646,-1.764627757
tylvalosin,Tylvalosin (Ì©Íò¾úËØ),REF_TYLVALOSIN,repository_reference,O68_attached_to_C64,68,64,C,MPM00031,"(2R,4S)-2,4-diaminopentanoic acid",CC(N)CC(N)C(=O)O,1,CC[C@H]1OC(=O)C[C@@H](OC(C)=O)[C@H](C)[C@@H](O[C@@H]2O[C@H](C)[C@@H](O[C@H]3C[C@@](C)(O)[C@@H](OC(=O)CC(C)C)[C@H](C)O3)[C@H](N(C)C)[C@H]2O)[C@@H](CC=O)C[C@@H](C)C(=O)/C=C/C(C)=C/[C@@H]1CO[C@@H]1O[C@H](C)[C@@H](OC(=O)C(N)CC(C)N)[C@@H](OC)[C@H]1OC,CC[C@H]1OC(=O)C[C@@H](OC(C)=O)[C@H](C)[C@@H](O[C@@H]2O[C@H](C)[C@@H](O[C@H]3C[C@@](C)(O)[C@@H](OC(=O)CC(C)C)[C@H](C)O3)[C@H](N(C)C)[C@H]2O)[C@@H](CC=O)C[C@@H](C)C(=O)/C=C/C(C)=C/[C@@H]1CO[C@@H]1O[C@H](C)[C@@H](OC(=O)C(N)CC(C)N)[C@@H](OC)[C@H]1OC,TRUE,,-1.3218,-1.321756681
tylvalosin,Tylvalosin (Ì©Íò¾úËØ),REF_TYLVALOSIN,repository_reference,O68_attached_to_C64,68,64,C,MPM00051,"(3S,5S)-3,5-diaminohexanoic acid",CC(N)CC(N)CC(=O)O,1,CC[C@H]1OC(=O)C[C@@H](OC(C)=O)[C@H](C)[C@@H](O[C@@H]2O[C@H](C)[C@@H](O[C@H]3C[C@@](C)(O)[C@@H](OC(=O)CC(C)C)[C@H](C)O3)[C@H](N(C)C)[C@H]2O)[C@@H](CC=O)C[C@@H](C)C(=O)/C=C/C(C)=C/[C@@H]1CO[C@@H]1O[C@H](C)[C@@H](OC(=O)CC(N)CC(C)N)[C@@H](OC)[C@H]1OC,CC[C@H]1OC(=O)C[C@@H](OC(C)=O)[C@H](C)[C@@H](O[C@@H]2O[C@H](C)[C@@H](O[C@H]3C[C@@](C)(O)[C@@H](OC(=O)CC(C)C)[C@H](C)O3)[C@H](N(C)C)[C@H]2O)[C@@H](CC=O)C[C@@H](C)C(=O)/C=C/C(C)=C/[C@@H]1CO[C@@H]1O[C@H](C)[C@@H](OC(=O)CC(N)CC(C)N)[C@@H](OC)[C@H]1OC,TRUE,,-1.5813,-1.581310671
tylvalosin,Tylvalosin (Ì©Íò¾úËØ),REF_TYLVALOSIN,repository_reference,O68_attached_to_C64,68,64,C,MPM00083,(R)-mevalonate,CC(O)(CCO)CC(=O)O,1,CC[C@H]1OC(=O)C[C@@H](OC(C)=O)[C@H](C)[C@@H](O[C@@H]2O[C@H](C)[C@@H](O[C@H]3C[C@@](C)(O)[C@@H](OC(=O)CC(C)C)[C@H](C)O3)[C@H](N(C)C)[C@H]2O)[C@@H](CC=O)C[C@@H](C)C(=O)/C=C/C(C)=C/[C@@H]1CO[C@@H]1O[C@H](C)[C@@H](OC(=O)CC(C)(O)CCO)[C@@H](OC)[C@H]1OC,CC[C@H]1OC(=O)C[C@@H](OC(C)=O)[C@H](C)[C@@H](O[C@@H]2O[C@H](C)[C@@H](O[C@H]3C[C@@](C)(O)[C@@H](OC(=O)CC(C)C)[C@H](C)O3)[C@H](N(C)C)[C@H]2O)[C@@H](CC=O)C[C@@H](C)C(=O)/C=C/C(C)=C/[C@@H]1CO[C@@H]1O[C@H](C)[C@@H](OC(=O)CC(C)(O)CCO)[C@@H](OC)[C@H]1OC,TRUE,,-2.0199,-2.019938592
tylvalosin,Tylvalosin (Ì©Íò¾úËØ),REF_TYLVALOSIN,repository_reference,O68_attached_to_C64,68,64,C,MPM00081,(R)-5-Diphosphomevalonate,CC(O)(CCOP(=O)(O)OP(=O)(O)O)CC(=O)O,1,CC[C@H]1OC(=O)C[C@@H](OC(C)=O)[C@H](C)[C@@H](O[C@@H]2O[C@H](C)[C@@H](O[C@H]3C[C@@](C)(O)[C@@H](OC(=O)CC(C)C)[C@H](C)O3)[C@H](N(C)C)[C@H]2O)[C@@H](CC=O)C[C@@H](C)C(=O)/C=C/C(C)=C/[C@@H]1CO[C@@H]1O[C@H](C)[C@@H](OC(=O)CC(C)(O)CCOP(=O)(O)OP(=O)(O)O)[C@@H](OC)[C@H]1OC,CC[C@H]1OC(=O)C[C@@H](OC(C)=O)[C@H](C)[C@@H](O[C@@H]2O[C@H](C)[C@@H](O[C@H]3C[C@@](C)(O)[C@@H](OC(=O)CC(C)C)[C@H](C)O3)[C@H](N(C)C)[C@H]2O)[C@@H](CC=O)C[C@@H](C)C(=O)/C=C/C(C)=C/[C@@H]1CO[C@@H]1O[C@H](C)[C@@H](OC(=O)CC(C)(O)CCOP(=O)(O)OP(=O)(O)O)[C@@H](OC)[C@H]1OC,TRUE,,-2.9052,-2.90522145
tylvalosin,Tylvalosin (Ì©Íò¾úËØ),REF_TYLVALOSIN,repository_reference,O68_attached_to_C64,68,64,C,MPM00543,D-2-Hydroxypropionic acid,CC(O)C(=O)O,1,CC[C@H]1OC(=O)C[C@@H](OC(C)=O)[C@H](C)[C@@H](O[C@@H]2O[C@H](C)[C@@H](O[C@H]3C[C@@](C)(O)[C@@H](OC(=O)CC(C)C)[C@H](C)O3)[C@H](N(C)C)[C@H]2O)[C@@H](CC=O)C[C@@H](C)C(=O)/C=C/C(C)=C/[C@@H]1CO[C@@H]1O[C@H](C)[C@@H](OC(=O)C(C)O)[C@@H](OC)[C@H]1OC,CC[C@H]1OC(=O)C[C@@H](OC(C)=O)[C@H](C)[C@@H](O[C@@H]2O[C@H](C)[C@@H](O[C@H]3C[C@@](C)(O)[C@@H](OC(=O)CC(C)C)[C@H](C)O3)[C@H](N(C)C)[C@H]2O)[C@@H](CC=O)C[C@@H](C)C(=O)/C=C/C(C)=C/[C@@H]1CO[C@@H]1O[C@H](C)[C@@H](OC(=O)C(C)O)[C@@H](OC)[C@H]1OC,TRUE,,-1.5439,-1.543897709
tylvalosin,Tylvalosin (Ì©Íò¾úËØ),REF_TYLVALOSIN,repository_reference,O68_attached_to_C64,68,64,C,MPM01136,2-Amino-3-hydroxybutyric acid,CC(O)C(N)C(=O)O,1,CC[C@H]1OC(=O)C[C@@H](OC(C)=O)[C@H](C)[C@@H](O[C@@H]2O[C@H](C)[C@@H](O[C@H]3C[C@@](C)(O)[C@@H](OC(=O)CC(C)C)[C@H](C)O3)[C@H](N(C)C)[C@H]2O)[C@@H](CC=O)C[C@@H](C)C(=O)/C=C/C(C)=C/[C@@H]1CO[C@@H]1O[C@H](C)[C@@H](OC(=O)C(N)C(C)O)[C@@H](OC)[C@H]1OC,CC[C@H]1OC(=O)C[C@@H](OC(C)=O)[C@H](C)[C@@H](O[C@@H]2O[C@H](C)[C@@H](O[C@H]3C[C@@](C)(O)[C@@H](OC(=O)CC(C)C)[C@H](C)O3)[C@H](N(C)C)[C@H]2O)[C@@H](CC=O)C[C@@H](C)C(=O)/C=C/C(C)=C/[C@@H]1CO[C@@H]1O[C@H](C)[C@@H](OC(=O)C(N)C(C)O)[C@@H](OC)[C@H]1OC,TRUE,,-1.5041,-1.504101812
tylvalosin,Tylvalosin (Ì©Íò¾úËØ),REF_TYLVALOSIN,repository_reference,O68_attached_to_C64,68,64,C,MPM00551,D-beta-Hydroxybutyric acid,CC(O)CC(=O)O,1,CC[C@H]1OC(=O)C[C@@H](OC(C)=O)[C@H](C)[C@@H](O[C@@H]2O[C@H](C)[C@@H](O[C@H]3C[C@@](C)(O)[C@@H](OC(=O)CC(C)C)[C@H](C)O3)[C@H](N(C)C)[C@H]2O)[C@@H](CC=O)C[C@@H](C)C(=O)/C=C/C(C)=C/[C@@H]1CO[C@@H]1O[C@H](C)[C@@H](OC(=O)CC(C)O)[C@@H](OC)[C@H]1OC,CC[C@H]1OC(=O)C[C@@H](OC(C)=O)[C@H](C)[C@@H](O[C@@H]2O[C@H](C)[C@@H](O[C@H]3C[C@@](C)(O)[C@@H](OC(=O)CC(C)C)[C@H](C)O3)[C@H](N(C)C)[C@H]2O)[C@@H](CC=O)C[C@@H](C)C(=O)/C=C/C(C)=C/[C@@H]1CO[C@@H]1O[C@H](C)[C@@H](OC(=O)CC(C)O)[C@@H](OC)[C@H]1OC,TRUE,,-1.696,-1.696027119
tylvalosin,Tylvalosin (Ì©Íò¾úËØ),REF_TYLVALOSIN,repository_reference,O68_attached_to_C64,68,64,C,MPM00843,O-Phospho-L-threonine,CC(OP(=O)(O)O)C(N)C(=O)O,1,CC[C@H]1OC(=O)C[C@@H](OC(C)=O)[C@H](C)[C@@H](O[C@@H]2O[C@H](C)[C@@H](O[C@H]3C[C@@](C)(O)[C@@H](OC(=O)CC(C)C)[C@H](C)O3)[C@H](N(C)C)[C@H]2O)[C@@H](CC=O)C[C@@H](C)C(=O)/C=C/C(C)=C/[C@@H]1CO[C@@H]1O[C@H](C)[C@@H](OC(=O)C(N)C(C)OP(=O)(O)O)[C@@H](OC)[C@H]1OC,CC[C@H]1OC(=O)C[C@@H](OC(C)=O)[C@H](C)[C@@H](O[C@@H]2O[C@H](C)[C@@H](O[C@H]3C[C@@](C)(O)[C@@H](OC(=O)CC(C)C)[C@H](C)O3)[C@H](N(C)C)[C@H]2O)[C@@H](CC=O)C[C@@H](C)C(=O)/C=C/C(C)=C/[C@@H]1CO[C@@H]1O[C@H](C)[C@@H](OC(=O)C(N)C(C)OP(=O)(O)O)[C@@H](OC)[C@H]1OC,TRUE,,-1.7983,-1.798316101
tylvalosin,Tylvalosin (Ì©Íò¾úËØ),REF_TYLVALOSIN,repository_reference,O68_attached_to_C64,68,64,C,MPM00465,Ampicillin,CC1(C)SC2C(NC(=O)C(N)c3ccccc3)C(=O)N2C1C(=O)O,1,CC[C@H]1OC(=O)C[C@@H](OC(C)=O)[C@H](C)[C@@H](O[C@@H]2O[C@H](C)[C@@H](O[C@H]3C[C@@](C)(O)[C@@H](OC(=O)CC(C)C)[C@H](C)O3)[C@H](N(C)C)[C@H]2O)[C@@H](CC=O)C[C@@H](C)C(=O)/C=C/C(C)=C/[C@@H]1CO[C@@H]1O[C@H](C)[C@@H](OC(=O)C2N3C(=O)C(NC(=O)C(N)c4ccccc4)C3SC2(C)C)[C@@H](OC)[C@H]1OC,CC[C@H]1OC(=O)C[C@@H](OC(C)=O)[C@H](C)[C@@H](O[C@@H]2O[C@H](C)[C@@H](O[C@H]3C[C@@](C)(O)[C@@H](OC(=O)CC(C)C)[C@H](C)O3)[C@H](N(C)C)[C@H]2O)[C@@H](CC=O)C[C@@H](C)C(=O)/C=C/C(C)=C/[C@@H]1CO[C@@H]1O[C@H](C)[C@@H](OC(=O)C2N3C(=O)C(NC(=O)C(N)c4ccccc4)C3SC2(C)C)[C@@H](OC)[C@H]1OC,TRUE,,-2.7354,-2.735435143
tylvalosin,Tylvalosin (Ì©Íò¾úËØ),REF_TYLVALOSIN,repository_reference,O68_attached_to_C64,68,64,C,MPM00566,Desthiobiotin,CC1NC(=O)NC1CCCCCC(=O)O,1,CC[C@H]1OC(=O)C[C@@H](OC(C)=O)[C@H](C)[C@@H](O[C@@H]2O[C@H](C)[C@@H](O[C@H]3C[C@@](C)(O)[C@@H](OC(=O)CC(C)C)[C@H](C)O3)[C@H](N(C)C)[C@H]2O)[C@@H](CC=O)C[C@@H](C)C(=O)/C=C/C(C)=C/[C@@H]1CO[C@@H]1O[C@H](C)[C@@H](OC(=O)CCCCCC2NC(=O)NC2C)[C@@H](OC)[C@H]1OC,CC[C@H]1OC(=O)C[C@@H](OC(C)=O)[C@H](C)[C@@H](O[C@@H]2O[C@H](C)[C@@H](O[C@H]3C[C@@](C)(O)[C@@H](OC(=O)CC(C)C)[C@H](C)O3)[C@H](N(C)C)[C@H]2O)[C@@H](CC=O)C[C@@H](C)C(=O)/C=C/C(C)=C/[C@@H]1CO[C@@H]1O[C@H](C)[C@@H](OC(=O)CCCCCC2NC(=O)NC2C)[C@@H](OC)[C@H]1OC,TRUE,,-2.4661,-2.466095512
tylvalosin,Tylvalosin (Ì©Íò¾úËØ),REF_TYLVALOSIN,repository_reference,O68_attached_to_C64,68,64,C,MPM00458,alpha-Ketobutyrate,CCC(=O)C(=O)O,1,CCC(=O)C(=O)O[C@H]1[C@@H](OC)[C@@H](OC)[C@H](OC[C@H]2/C=C(C)/C=C/C(=O)[C@H](C)C[C@H](CC=O)[C@H](O[C@@H]3O[C@H](C)[C@@H](O[C@H]4C[C@@](C)(O)[C@@H](OC(=O)CC(C)C)[C@H](C)O4)[C@H](N(C)C)[C@H]3O)[C@@H](C)[C@H](OC(C)=O)CC(=O)O[C@@H]2CC)O[C@@H]1C,CCC(=O)C(=O)O[C@H]1[C@@H](OC)[C@@H](OC)[C@H](OC[C@H]2/C=C(C)/C=C/C(=O)[C@H](C)C[C@H](CC=O)[C@H](O[C@@H]3O[C@H](C)[C@@H](O[C@H]4C[C@@](C)(O)[C@@H](OC(=O)CC(C)C)[C@H](C)O4)[C@H](N(C)C)[C@H]3O)[C@@H](C)[C@H](OC(C)=O)CC(=O)O[C@@H]2CC)O[C@@H]1C,TRUE,,-1.4097,-1.409743827
tylvalosin,Tylvalosin (Ì©Íò¾úËØ),REF_TYLVALOSIN,repository_reference,O68_attached_to_C64,68,64,C,MPM00908,propionate,CCC(=O)O,1,CCC(=O)O[C@H]1[C@@H](OC)[C@@H](OC)[C@H](OC[C@H]2/C=C(C)/C=C/C(=O)[C@H](C)C[C@H](CC=O)[C@H](O[C@@H]3O[C@H](C)[C@@H](O[C@H]4C[C@@](C)(O)[C@@H](OC(=O)CC(C)C)[C@H](C)O4)[C@H](N(C)C)[C@H]3O)[C@@H](C)[C@H](OC(C)=O)CC(=O)O[C@@H]2CC)O[C@@H]1C,CCC(=O)O[C@H]1[C@@H](OC)[C@@H](OC)[C@H](OC[C@H]2/C=C(C)/C=C/C(=O)[C@H](C)C[C@H](CC=O)[C@H](O[C@@H]3O[C@H](C)[C@@H](O[C@H]4C[C@@](C)(O)[C@@H](OC(=O)CC(C)C)[C@H](C)O4)[C@H](N(C)C)[C@H]3O)[C@@H](C)[C@H](OC(C)=O)CC(=O)O[C@@H]2CC)O[C@@H]1C,TRUE,,-1.468,-1.468048878
tylvalosin,Tylvalosin (Ì©Íò¾úËØ),REF_TYLVALOSIN,repository_reference,O68_attached_to_C64,68,64,C,MPM00078,(R)-3-Hydroxy-3-methyl-2-oxopentanoate,CCC(C)(O)C(=O)C(=O)O,1,CC[C@H]1OC(=O)C[C@@H](OC(C)=O)[C@H](C)[C@@H](O[C@@H]2O[C@H](C)[C@@H](O[C@H]3C[C@@](C)(O)[C@@H](OC(=O)CC(C)C)[C@H](C)O3)[C@H](N(C)C)[C@H]2O)[C@@H](CC=O)C[C@@H](C)C(=O)/C=C/C(C)=C/[C@@H]1CO[C@@H]1O[C@H](C)[C@@H](OC(=O)C(=O)C(C)(O)CC)[C@@H](OC)[C@H]1OC,CC[C@H]1OC(=O)C[C@@H](OC(C)=O)[C@H](C)[C@@H](O[C@@H]2O[C@H](C)[C@@H](O[C@H]3C[C@@](C)(O)[C@@H](OC(=O)CC(C)C)[C@H](C)O3)[C@H](N(C)C)[C@H]2O)[C@@H](CC=O)C[C@@H](C)C(=O)/C=C/C(C)=C/[C@@H]1CO[C@@H]1O[C@H](C)[C@@H](OC(=O)C(=O)C(C)(O)CC)[C@@H](OC)[C@H]1OC,TRUE,,-1.6215,-1.621460492
tylvalosin,Tylvalosin (Ì©Íò¾úËØ),REF_TYLVALOSIN,repository_reference,O68_attached_to_C64,68,64,C,MPM00028,"(2R,3R)-2,3-Dihydroxy-3-methylpentanoate",CCC(C)(O)C(O)C(=O)O,1,CC[C@H]1OC(=O)C[C@@H](OC(C)=O)[C@H](C)[C@@H](O[C@@H]2O[C@H](C)[C@@H](O[C@H]3C[C@@](C)(O)[C@@H](OC(=O)CC(C)C)[C@H](C)O3)[C@H](N(C)C)[C@H]2O)[C@@H](CC=O)C[C@@H](C)C(=O)/C=C/C(C)=C/[C@@H]1CO[C@@H]1O[C@H](C)[C@@H](OC(=O)C(O)C(C)(O)CC)[C@@H](OC)[C@H]1OC,CC[C@H]1OC(=O)C[C@@H](OC(C)=O)[C@H](C)[C@@H](O[C@@H]2O[C@H](C)[C@@H](O[C@H]3C[C@@](C)(O)[C@@H](OC(=O)CC(C)C)[C@H](C)O3)[C@H](N(C)C)[C@H]2O)[C@@H](CC=O)C[C@@H](C)C(=O)/C=C/C(C)=C/[C@@H]1CO[C@@H]1O[C@H](C)[C@@H](OC(=O)C(O)C(C)(O)CC)[C@@H](OC)[C@H]1OC,TRUE,,-1.9782,-1.978234451
tylvalosin,Tylvalosin (Ì©Íò¾úËØ),REF_TYLVALOSIN,repository_reference,O68_attached_to_C64,68,64,C,MPM00050,(3S)-3-Methyl-2-oxopentanoate,CCC(C)C(=O)C(=O)O,1,CCC(C)C(=O)C(=O)O[C@H]1[C@@H](OC)[C@@H](OC)[C@H](OC[C@H]2/C=C(C)/C=C/C(=O)[C@H](C)C[C@H](CC=O)[C@H](O[C@@H]3O[C@H](C)[C@@H](O[C@H]4C[C@@](C)(O)[C@@H](OC(=O)CC(C)C)[C@H](C)O4)[C@H](N(C)C)[C@H]3O)[C@@H](C)[C@H](OC(C)=O)CC(=O)O[C@@H]2CC)O[C@@H]1C,CCC(C)C(=O)C(=O)O[C@H]1[C@@H](OC)[C@@H](OC)[C@H](OC[C@H]2/C=C(C)/C=C/C(=O)[C@H](C)C[C@H](CC=O)[C@H](O[C@@H]3O[C@H](C)[C@@H](O[C@H]4C[C@@](C)(O)[C@@H](OC(=O)CC(C)C)[C@H](C)O4)[C@H](N(C)C)[C@H]3O)[C@@H](C)[C@H](OC(C)=O)CC(=O)O[C@@H]2CC)O[C@@H]1C,TRUE,,-1.6307,-1.630703562
tylvalosin,Tylvalosin (Ì©Íò¾úËØ),REF_TYLVALOSIN,repository_reference,O68_attached_to_C64,68,64,C,MPM01138,2-Amino-3-methylvaleric acid,CCC(C)C(N)C(=O)O,1,CCC(C)C(N)C(=O)O[C@H]1[C@@H](OC)[C@@H](OC)[C@H](OC[C@H]2/C=C(C)/C=C/C(=O)[C@H](C)C[C@H](CC=O)[C@H](O[C@@H]3O[C@H](C)[C@@H](O[C@H]4C[C@@](C)(O)[C@@H](OC(=O)CC(C)C)[C@H](C)O4)[C@H](N(C)C)[C@H]3O)[C@@H](C)[C@H](OC(C)=O)CC(=O)O[C@@H]2CC)O[C@@H]1C,CCC(C)C(N)C(=O)O[C@H]1[C@@H](OC)[C@@H](OC)[C@H](OC[C@H]2/C=C(C)/C=C/C(=O)[C@H](C)C[C@H](CC=O)[C@H](O[C@@H]3O[C@H](C)[C@@H](O[C@H]4C[C@@](C)(O)[C@@H](OC(=O)CC(C)C)[C@H](C)O4)[C@H](N(C)C)[C@H]3O)[C@@H](C)[C@H](OC(C)=O)CC(=O)O[C@@H]2CC)O[C@@H]1C,TRUE,,-1.671,-1.671037954
tylvalosin,Tylvalosin (Ì©Íò¾úËØ),REF_TYLVALOSIN,repository_reference,O68_attached_to_C64,68,64,C,MPM00029,"(2R,3R)-2-hydroxy-3-methylpentanoic acid",CCC(C)C(O)C(=O)O,1,CCC(C)C(O)C(=O)O[C@H]1[C@@H](OC)[C@@H](OC)[C@H](OC[C@H]2/C=C(C)/C=C/C(=O)[C@H](C)C[C@H](CC=O)[C@H](O[C@@H]3O[C@H](C)[C@@H](O[C@H]4C[C@@](C)(O)[C@@H](OC(=O)CC(C)C)[C@H](C)O4)[C@H](N(C)C)[C@H]3O)[C@@H](C)[C@H](OC(C)=O)CC(=O)O[C@@H]2CC)O[C@@H]1C,CCC(C)C(O)C(=O)O[C@H]1[C@@H](OC)[C@@H](OC)[C@H](OC[C@H]2/C=C(C)/C=C/C(=O)[C@H](C)C[C@H](CC=O)[C@H](O[C@@H]3O[C@H](C)[C@@H](O[C@H]4C[C@@](C)(O)[C@@H](OC(=O)CC(C)C)[C@H](C)O4)[C@H](N(C)C)[C@H]3O)[C@@H](C)[C@H](OC(C)=O)CC(=O)O[C@@H]2CC)O[C@@H]1C,TRUE,,-1.9672,-1.967155533
tylvalosin,Tylvalosin (Ì©Íò¾úËØ),REF_TYLVALOSIN,repository_reference,O68_attached_to_C64,68,64,C,MPM00094,(S)-2-Hydroxy-2-ethyl-3-oxobutanoate,CCC(O)(C(C)=O)C(=O)O,1,CC[C@H]1OC(=O)C[C@@H](OC(C)=O)[C@H](C)[C@@H](O[C@@H]2O[C@H](C)[C@@H](O[C@H]3C[C@@](C)(O)[C@@H](OC(=O)CC(C)C)[C@H](C)O3)[C@H](N(C)C)[C@H]2O)[C@@H](CC=O)C[C@@H](C)C(=O)/C=C/C(C)=C/[C@@H]1CO[C@@H]1O[C@H](C)[C@@H](OC(=O)C(O)(CC)C(C)=O)[C@@H](OC)[C@H]1OC,CC[C@H]1OC(=O)C[C@@H](OC(C)=O)[C@H](C)[C@@H](O[C@@H]2O[C@H](C)[C@@H](O[C@H]3C[C@@](C)(O)[C@@H](OC(=O)CC(C)C)[C@H](C)O3)[C@H](N(C)C)[C@H]2O)[C@@H](CC=O)C[C@@H](C)C(=O)/C=C/C(C)=C/[C@@H]1CO[C@@H]1O[C@H](C)[C@@H](OC(=O)C(O)(CC)C(C)=O)[C@@H](OC)[C@H]1OC,TRUE,,-1.8946,-1.89456457
tylvalosin,Tylvalosin (Ì©Íò¾úËØ),REF_TYLVALOSIN,repository_reference,O68_attached_to_C64,68,64,C,MPM00302,3-Hydroxypentanoic acid,CCC(O)CC(=O)O,1,CCC(O)CC(=O)O[C@H]1[C@@H](OC)[C@@H](OC)[C@H](OC[C@H]2/C=C(C)/C=C/C(=O)[C@H](C)C[C@H](CC=O)[C@H](O[C@@H]3O[C@H](C)[C@@H](O[C@H]4C[C@@](C)(O)[C@@H](OC(=O)CC(C)C)[C@H](C)O4)[C@H](N(C)C)[C@H]3O)[C@@H](C)[C@H](OC(C)=O)CC(=O)O[C@@H]2CC)O[C@@H]1C,CCC(O)CC(=O)O[C@H]1[C@@H](OC)[C@@H](OC)[C@H](OC[C@H]2/C=C(C)/C=C/C(=O)[C@H](C)C[C@H](CC=O)[C@H](O[C@@H]3O[C@H](C)[C@@H](O[C@H]4C[C@@](C)(O)[C@@H](OC(=O)CC(C)C)[C@H](C)O4)[C@H](N(C)C)[C@H]3O)[C@@H](C)[C@H](OC(C)=O)CC(=O)O[C@@H]2CC)O[C@@H]1C,TRUE,,-1.7434,-1.743396706
tylvalosin,Tylvalosin (Ì©Íò¾úËØ),REF_TYLVALOSIN,repository_reference,O68_attached_to_C64,68,64,C,MPM00496,butyrate,CCCC(=O)O,1,CCCC(=O)O[C@H]1[C@@H](OC)[C@@H](OC)[C@H](OC[C@H]2/C=C(C)/C=C/C(=O)[C@H](C)C[C@H](CC=O)[C@H](O[C@@H]3O[C@H](C)[C@@H](O[C@H]4C[C@@](C)(O)[C@@H](OC(=O)CC(C)C)[C@H](C)O4)[C@H](N(C)C)[C@H]3O)[C@@H](C)[C@H](OC(C)=O)CC(=O)O[C@@H]2CC)O[C@@H]1C,CCCC(=O)O[C@H]1[C@@H](OC)[C@@H](OC)[C@H](OC[C@H]2/C=C(C)/C=C/C(=O)[C@H](C)C[C@H](CC=O)[C@H](O[C@@H]3O[C@H](C)[C@@H](O[C@H]4C[C@@](C)(O)[C@@H](OC(=O)CC(C)C)[C@H](C)O4)[C@H](N(C)C)[C@H]3O)[C@@H](C)[C@H](OC(C)=O)CC(=O)O[C@@H]2CC)O[C@@H]1C,TRUE,,-1.529,-1.528958276
tylvalosin,Tylvalosin (Ì©Íò¾úËØ),REF_TYLVALOSIN,repository_reference,O68_attached_to_C64,68,64,C,MPM00298,3-Hydroxyhexanoic acid,CCCC(O)CC(=O)O,1,CCCC(O)CC(=O)O[C@H]1[C@@H](OC)[C@@H](OC)[C@H](OC[C@H]2/C=C(C)/C=C/C(=O)[C@H](C)C[C@H](CC=O)[C@H](O[C@@H]3O[C@H](C)[C@@H](O[C@H]4C[C@@](C)(O)[C@@H](OC(=O)CC(C)C)[C@H](C)O4)[C@H](N(C)C)[C@H]3O)[C@@H](C)[C@H](OC(C)=O)CC(=O)O[C@@H]2CC)O[C@@H]1C,CCCC(O)CC(=O)O[C@H]1[C@@H](OC)[C@@H](OC)[C@H](OC[C@H]2/C=C(C)/C=C/C(=O)[C@H](C)C[C@H](CC=O)[C@H](O[C@@H]3O[C@H](C)[C@@H](O[C@H]4C[C@@](C)(O)[C@@H](OC(=O)CC(C)C)[C@H](C)O4)[C@H](N(C)C)[C@H]3O)[C@@H](C)[C@H](OC(C)=O)CC(=O)O[C@@H]2CC)O[C@@H]1C,TRUE,,-1.8089,-1.808935102
tylvalosin,Tylvalosin (Ì©Íò¾úËØ),REF_TYLVALOSIN,repository_reference,O68_attached_to_C64,68,64,C,MPM00833,n-Valeric acid,CCCCC(=O)O,1,CCCCC(=O)O[C@H]1[C@@H](OC)[C@@H](OC)[C@H](OC[C@H]2/C=C(C)/C=C/C(=O)[C@H](C)C[C@H](CC=O)[C@H](O[C@@H]3O[C@H](C)[C@@H](O[C@H]4C[C@@](C)(O)[C@@H](OC(=O)CC(C)C)[C@H](C)O4)[C@H](N(C)C)[C@H]3O)[C@@H](C)[C@H](OC(C)=O)CC(=O)O[C@@H]2CC)O[C@@H]1C,CCCCC(=O)O[C@H]1[C@@H](OC)[C@@H](OC)[C@H](OC[C@H]2/C=C(C)/C=C/C(=O)[C@H](C)C[C@H](CC=O)[C@H](O[C@@H]3O[C@H](C)[C@@H](O[C@H]4C[C@@](C)(O)[C@@H](OC(=O)CC(C)C)[C@H](C)O4)[C@H](N(C)C)[C@H]3O)[C@@H](C)[C@H](OC(C)=O)CC(=O)O[C@@H]2CC)O[C@@H]1C,TRUE,,-1.5964,-1.596378282
tylvalosin,Tylvalosin (Ì©Íò¾úËØ),REF_TYLVALOSIN,repository_reference,O68_attached_to_C64,68,64,C,MPM00295,3-hydroxyheptanoic Acid,CCCCC(O)CC(=O)O,1,CCCCC(O)CC(=O)O[C@H]1[C@@H](OC)[C@@H](OC)[C@H](OC[C@H]2/C=C(C)/C=C/C(=O)[C@H](C)C[C@H](CC=O)[C@H](O[C@@H]3O[C@H](C)[C@@H](O[C@H]4C[C@@](C)(O)[C@@H](OC(=O)CC(C)C)[C@H](C)O4)[C@H](N(C)C)[C@H]3O)[C@@H](C)[C@H](OC(C)=O)CC(=O)O[C@@H]2CC)O[C@@H]1C,CCCCC(O)CC(=O)O[C@H]1[C@@H](OC)[C@@H](OC)[C@H](OC[C@H]2/C=C(C)/C=C/C(=O)[C@H](C)C[C@H](CC=O)[C@H](O[C@@H]3O[C@H](C)[C@@H](O[C@H]4C[C@@](C)(O)[C@@H](OC(=O)CC(C)C)[C@H](C)O4)[C@H](N(C)C)[C@H]3O)[C@@H](C)[C@H](OC(C)=O)CC(=O)O[C@@H]2CC)O[C@@H]1C,TRUE,,-1.8764,-1.876426091
tylvalosin,Tylvalosin (Ì©Íò¾úËØ),REF_TYLVALOSIN,repository_reference,O68_attached_to_C64,68,64,C,MPM00061,(9E)-tetradecenoic acid,CCCCC=CCCCCCCCC(=O)O,1,CCCCC=CCCCCCCCC(=O)O[C@H]1[C@@H](OC)[C@@H](OC)[C@H](OC[C@H]2/C=C(C)/C=C/C(=O)[C@H](C)C[C@H](CC=O)[C@H](O[C@@H]3O[C@H](C)[C@@H](O[C@H]4C[C@@](C)(O)[C@@H](OC(=O)CC(C)C)[C@H](C)O4)[C@H](N(C)C)[C@H]3O)[C@@H](C)[C@H](OC(C)=O)CC(=O)O[C@@H]2CC)O[C@@H]1C,CCCCC=CCCCCCCCC(=O)O[C@H]1[C@@H](OC)[C@@H](OC)[C@H](OC[C@H]2/C=C(C)/C=C/C(=O)[C@H](C)C[C@H](CC=O)[C@H](O[C@@H]3O[C@H](C)[C@@H](O[C@H]4C[C@@](C)(O)[C@@H](OC(=O)CC(C)C)[C@H](C)O4)[C@H](N(C)C)[C@H]3O)[C@@H](C)[C@H](OC(C)=O)CC(=O)O[C@@H]2CC)O[C@@H]1C,TRUE,,-2.0649,-2.064948556
tylvalosin,Tylvalosin (Ì©Íò¾úËØ),REF_TYLVALOSIN,repository_reference,O68_attached_to_C64,68,64,C,MPM00813,n-Caproic acid,CCCCCC(=O)O,1,CCCCCC(=O)O[C@H]1[C@@H](OC)[C@@H](OC)[C@H](OC[C@H]2/C=C(C)/C=C/C(=O)[C@H](C)C[C@H](CC=O)[C@H](O[C@@H]3O[C@H](C)[C@@H](O[C@H]4C[C@@](C)(O)[C@@H](OC(=O)CC(C)C)[C@H](C)O4)[C@H](N(C)C)[C@H]3O)[C@@H](C)[C@H](OC(C)=O)CC(=O)O[C@@H]2CC)O[C@@H]1C,CCCCCC(=O)O[C@H]1[C@@H](OC)[C@@H](OC)[C@H](OC[C@H]2/C=C(C)/C=C/C(=O)[C@H](C)C[C@H](CC=O)[C@H](O[C@@H]3O[C@H](C)[C@@H](O[C@H]4C[C@@](C)(O)[C@@H](OC(=O)CC(C)C)[C@H](C)O4)[C@H](N(C)C)[C@H]3O)[C@@H](C)[C@H](OC(C)=O)CC(=O)O[C@@H]2CC)O[C@@H]1C,TRUE,,-1.6647,-1.664720113
tylvalosin,Tylvalosin (Ì©Íò¾úËØ),REF_TYLVALOSIN,repository_reference,O68_attached_to_C64,68,64,C,MPM00301,3-Hydroxyoctanoic acid,CCCCCC(O)CC(=O)O,1,CCCCCC(O)CC(=O)O[C@H]1[C@@H](OC)[C@@H](OC)[C@H](OC[C@H]2/C=C(C)/C=C/C(=O)[C@H](C)C[C@H](CC=O)[C@H](O[C@@H]3O[C@H](C)[C@@H](O[C@H]4C[C@@](C)(O)[C@@H](OC(=O)CC(C)C)[C@H](C)O4)[C@H](N(C)C)[C@H]3O)[C@@H](C)[C@H](OC(C)=O)CC(=O)O[C@@H]2CC)O[C@@H]1C,CCCCCC(O)CC(=O)O[C@H]1[C@@H](OC)[C@@H](OC)[C@H](OC[C@H]2/C=C(C)/C=C/C(=O)[C@H](C)C[C@H](CC=O)[C@H](O[C@@H]3O[C@H](C)[C@@H](O[C@H]4C[C@@](C)(O)[C@@H](OC(=O)CC(C)C)[C@H](C)O4)[C@H](N(C)C)[C@H]3O)[C@@H](C)[C@H](OC(C)=O)CC(=O)O[C@@H]2CC)O[C@@H]1C,TRUE,,-1.9449,-1.944863252
tylvalosin,Tylvalosin (Ì©Íò¾úËØ),REF_TYLVALOSIN,repository_reference,O68_attached_to_C64,68,64,C,MPM00411,"9-cis,12-cis-Octadecadienoic acid",CCCCCC=CCC=CCCCCCCCC(=O)O,1,CCCCCC=CCC=CCCCCCCCC(=O)O[C@H]1[C@@H](OC)[C@@H](OC)[C@H](OC[C@H]2/C=C(C)/C=C/C(=O)[C@H](C)C[C@H](CC=O)[C@H](O[C@@H]3O[C@H](C)[C@@H](O[C@H]4C[C@@](C)(O)[C@@H](OC(=O)CC(C)C)[C@H](C)O4)[C@H](N(C)C)[C@H]3O)[C@@H](C)[C@H](OC(C)=O)CC(=O)O[C@@H]2CC)O[C@@H]1C,CCCCCC=CCC=CCCCCCCCC(=O)O[C@H]1[C@@H](OC)[C@@H](OC)[C@H](OC[C@H]2/C=C(C)/C=C/C(=O)[C@H](C)C[C@H](CC=O)[C@H](O[C@@H]3O[C@H](C)[C@@H](O[C@H]4C[C@@](C)(O)[C@@H](OC(=O)CC(C)C)[C@H](C)O4)[C@H](N(C)C)[C@H]3O)[C@@H](C)[C@H](OC(C)=O)CC(=O)O[C@@H]2CC)O[C@@H]1C,TRUE,,-2.3753,-2.375342542
tylvalosin,Tylvalosin (Ì©Íò¾úËØ),REF_TYLVALOSIN,repository_reference,O68_attached_to_C64,68,64,C,MPM00689,Heptanoate,CCCCCCC(=O)O,1,CCCCCCC(=O)O[C@H]1[C@@H](OC)[C@@H](OC)[C@H](OC[C@H]2/C=C(C)/C=C/C(=O)[C@H](C)C[C@H](CC=O)[C@H](O[C@@H]3O[C@H](C)[C@@H](O[C@H]4C[C@@](C)(O)[C@@H](OC(=O)CC(C)C)[C@H](C)O4)[C@H](N(C)C)[C@H]3O)[C@@H](C)[C@H](OC(C)=O)CC(=O)O[C@@H]2CC)O[C@@H]1C,CCCCCCC(=O)O[C@H]1[C@@H](OC)[C@@H](OC)[C@H](OC[C@H]2/C=C(C)/C=C/C(=O)[C@H](C)C[C@H](CC=O)[C@H](O[C@@H]3O[C@H](C)[C@@H](O[C@H]4C[C@@](C)(O)[C@@H](OC(=O)CC(C)C)[C@H](C)O4)[C@H](N(C)C)[C@H]3O)[C@@H](C)[C@H](OC(C)=O)CC(=O)O[C@@H]2CC)O[C@@H]1C,TRUE,,-1.7323,-1.732250067
tylvalosin,Tylvalosin (Ì©Íò¾úËØ),REF_TYLVALOSIN,repository_reference,O68_attached_to_C64,68,64,C,MPM00300,3-Hydroxynonanoic acid,CCCCCCC(O)CC(=O)O,1,CCCCCCC(O)CC(=O)O[C@H]1[C@@H](OC)[C@@H](OC)[C@H](OC[C@H]2/C=C(C)/C=C/C(=O)[C@H](C)C[C@H](CC=O)[C@H](O[C@@H]3O[C@H](C)[C@@H](O[C@H]4C[C@@](C)(O)[C@@H](OC(=O)CC(C)C)[C@H](C)O4)[C@H](N(C)C)[C@H]3O)[C@@H](C)[C@H](OC(C)=O)CC(=O)O[C@@H]2CC)O[C@@H]1C,CCCCCCC(O)CC(=O)O[C@H]1[C@@H](OC)[C@@H](OC)[C@H](OC[C@H]2/C=C(C)/C=C/C(=O)[C@H](C)C[C@H](CC=O)[C@H](O[C@@H]3O[C@H](C)[C@@H](O[C@H]4C[C@@](C)(O)[C@@H](OC(=O)CC(C)C)[C@H](C)O4)[C@H](N(C)C)[C@H]3O)[C@@H](C)[C@H](OC(C)=O)CC(=O)O[C@@H]2CC)O[C@@H]1C,TRUE,,-1.9588,-1.958759988
tylvalosin,Tylvalosin (Ì©Íò¾úËØ),REF_TYLVALOSIN,repository_reference,O68_attached_to_C64,68,64,C,MPM00852,palmitoleate,CCCCCCC=CCCCCCCCC(=O)O,1,CCCCCCC=CCCCCCCCC(=O)O[C@H]1[C@@H](OC)[C@@H](OC)[C@H](OC[C@H]2/C=C(C)/C=C/C(=O)[C@H](C)C[C@H](CC=O)[C@H](O[C@@H]3O[C@H](C)[C@@H](O[C@H]4C[C@@](C)(O)[C@@H](OC(=O)CC(C)C)[C@H](C)O4)[C@H](N(C)C)[C@H]3O)[C@@H](C)[C@H](OC(C)=O)CC(=O)O[C@@H]2CC)O[C@@H]1C,CCCCCCC=CCCCCCCCC(=O)O[C@H]1[C@@H](OC)[C@@H](OC)[C@H](OC[C@H]2/C=C(C)/C=C/C(=O)[C@H](C)C[C@H](CC=O)[C@H](O[C@@H]3O[C@H](C)[C@@H](O[C@H]4C[C@@](C)(O)[C@@H](OC(=O)CC(C)C)[C@H](C)O4)[C@H](N(C)C)[C@H]3O)[C@@H](C)[C@H](OC(C)=O)CC(=O)O[C@@H]2CC)O[C@@H]1C,TRUE,,-2.1926,-2.192624808
tylvalosin,Tylvalosin (Ì©Íò¾úËØ),REF_TYLVALOSIN,repository_reference,O68_attached_to_C64,68,64,C,MPM00984,trans-vaccenic acid,CCCCCCC=CCCCCCCCCCC(=O)O,1,CCCCCCC=CCCCCCCCCCC(=O)O[C@H]1[C@@H](OC)[C@@H](OC)[C@H](OC[C@H]2/C=C(C)/C=C/C(=O)[C@H](C)C[C@H](CC=O)[C@H](O[C@@H]3O[C@H](C)[C@@H](O[C@H]4C[C@@](C)(O)[C@@H](OC(=O)CC(C)C)[C@H](C)O4)[C@H](N(C)C)[C@H]3O)[C@@H](C)[C@H](OC(C)=O)CC(=O)O[C@@H]2CC)O[C@@H]1C,CCCCCCC=CCCCCCCCCCC(=O)O[C@H]1[C@@H](OC)[C@@H](OC)[C@H](OC[C@H]2/C=C(C)/C=C/C(=O)[C@H](C)C[C@H](CC=O)[C@H](O[C@@H]3O[C@H](C)[C@@H](O[C@H]4C[C@@](C)(O)[C@@H](OC(=O)CC(C)C)[C@H](C)O4)[C@H](N(C)C)[C@H]3O)[C@@H](C)[C@H](OC(C)=O)CC(=O)O[C@@H]2CC)O[C@@H]1C,TRUE,,-2.3298,-2.329769362
tylvalosin,Tylvalosin (Ì©Íò¾úËØ),REF_TYLVALOSIN,repository_reference,O68_attached_to_C64,68,64,C,MPM00837,Octanoate,CCCCCCCC(=O)O,1,CCCCCCCC(=O)O[C@H]1[C@@H](OC)[C@@H](OC)[C@H](OC[C@H]2/C=C(C)/C=C/C(=O)[C@H](C)C[C@H](CC=O)[C@H](O[C@@H]3O[C@H](C)[C@@H](O[C@H]4C[C@@](C)(O)[C@@H](OC(=O)CC(C)C)[C@H](C)O4)[C@H](N(C)C)[C@H]3O)[C@@H](C)[C@H](OC(C)=O)CC(=O)O[C@@H]2CC)O[C@@H]1C,CCCCCCCC(=O)O[C@H]1[C@@H](OC)[C@@H](OC)[C@H](OC[C@H]2/C=C(C)/C=C/C(=O)[C@H](C)C[C@H](CC=O)[C@H](O[C@@H]3O[C@H](C)[C@@H](O[C@H]4C[C@@](C)(O)[C@@H](OC(=O)CC(C)C)[C@H](C)O4)[C@H](N(C)C)[C@H]3O)[C@@H](C)[C@H](OC(C)=O)CC(=O)O[C@@H]2CC)O[C@@H]1C,TRUE,,-1.747,-1.746997168
tylvalosin,Tylvalosin (Ì©Íò¾úËØ),REF_TYLVALOSIN,repository_reference,O68_attached_to_C64,68,64,C,MPM00293,3-Hydroxydecanoic acid,CCCCCCCC(O)CC(=O)O,1,CCCCCCCC(O)CC(=O)O[C@H]1[C@@H](OC)[C@@H](OC)[C@H](OC[C@H]2/C=C(C)/C=C/C(=O)[C@H](C)C[C@H](CC=O)[C@H](O[C@@H]3O[C@H](C)[C@@H](O[C@H]4C[C@@](C)(O)[C@@H](OC(=O)CC(C)C)[C@H](C)O4)[C@H](N(C)C)[C@H]3O)[C@@H](C)[C@H](OC(C)=O)CC(=O)O[C@@H]2CC)O[C@@H]1C,CCCCCCCC(O)CC(=O)O[C@H]1[C@@H](OC)[C@@H](OC)[C@H](OC[C@H]2/C=C(C)/C=C/C(=O)[C@H](C)C[C@H](CC=O)[C@H](O[C@@H]3O[C@H](C)[C@@H](O[C@H]4C[C@@](C)(O)[C@@H](OC(=O)CC(C)C)[C@H](C)O4)[C@H](N(C)C)[C@H]3O)[C@@H](C)[C@H](OC(C)=O)CC(=O)O[C@@H]2CC)O[C@@H]1C,TRUE,,-1.9985,-1.998462834
tylvalosin,Tylvalosin (Ì©Íò¾úËØ),REF_TYLVALOSIN,repository_reference,O68_attached_to_C64,68,64,C,MPM00859,Pelargonic acid,CCCCCCCCC(=O)O,1,CCCCCCCCC(=O)O[C@H]1[C@@H](OC)[C@@H](OC)[C@H](OC[C@H]2/C=C(C)/C=C/C(=O)[C@H](C)C[C@H](CC=O)[C@H](O[C@@H]3O[C@H](C)[C@@H](O[C@H]4C[C@@](C)(O)[C@@H](OC(=O)CC(C)C)[C@H](C)O4)[C@H](N(C)C)[C@H]3O)[C@@H](C)[C@H](OC(C)=O)CC(=O)O[C@@H]2CC)O[C@@H]1C,CCCCCCCCC(=O)O[C@H]1[C@@H](OC)[C@@H](OC)[C@H](OC[C@H]2/C=C(C)/C=C/C(=O)[C@H](C)C[C@H](CC=O)[C@H](O[C@@H]3O[C@H](C)[C@@H](O[C@H]4C[C@@](C)(O)[C@@H](OC(=O)CC(C)C)[C@H](C)O4)[C@H](N(C)C)[C@H]3O)[C@@H](C)[C@H](OC(C)=O)CC(=O)O[C@@H]2CC)O[C@@H]1C,TRUE,,-1.7857,-1.785749795
tylvalosin,Tylvalosin (Ì©Íò¾úËØ),REF_TYLVALOSIN,repository_reference,O68_attached_to_C64,68,64,C,MPM00839,Oleic acid,CCCCCCCCC=CCCCCCCCC(=O)O,1,CCCCCCCCC=CCCCCCCCC(=O)O[C@H]1[C@@H](OC)[C@@H](OC)[C@H](OC[C@H]2/C=C(C)/C=C/C(=O)[C@H](C)C[C@H](CC=O)[C@H](O[C@@H]3O[C@H](C)[C@@H](O[C@H]4C[C@@](C)(O)[C@@H](OC(=O)CC(C)C)[C@H](C)O4)[C@H](N(C)C)[C@H]3O)[C@@H](C)[C@H](OC(C)=O)CC(=O)O[C@@H]2CC)O[C@@H]1C,CCCCCCCCC=CCCCCCCCC(=O)O[C@H]1[C@@H](OC)[C@@H](OC)[C@H](OC[C@H]2/C=C(C)/C=C/C(=O)[C@H](C)C[C@H](CC=O)[C@H](O[C@@H]3O[C@H](C)[C@@H](O[C@H]4C[C@@](C)(O)[C@@H](OC(=O)CC(C)C)[C@H](C)O4)[C@H](N(C)C)[C@H]3O)[C@@H](C)[C@H](OC(C)=O)CC(=O)O[C@@H]2CC)O[C@@H]1C,TRUE,,-2.2379,-2.237920853
tylvalosin,Tylvalosin (Ì©Íò¾úËØ),REF_TYLVALOSIN,repository_reference,O68_attached_to_C64,68,64,C,MPM00552,decanoate,CCCCCCCCCC(=O)O,1,CCCCCCCCCC(=O)O[C@H]1[C@@H](OC)[C@@H](OC)[C@H](OC[C@H]2/C=C(C)/C=C/C(=O)[C@H](C)C[C@H](CC=O)[C@H](O[C@@H]3O[C@H](C)[C@@H](O[C@H]4C[C@@](C)(O)[C@@H](OC(=O)CC(C)C)[C@H](C)O4)[C@H](N(C)C)[C@H]3O)[C@@H](C)[C@H](OC(C)=O)CC(=O)O[C@@H]2CC)O[C@@H]1C,CCCCCCCCCC(=O)O[C@H]1[C@@H](OC)[C@@H](OC)[C@H](OC[C@H]2/C=C(C)/C=C/C(=O)[C@H](C)C[C@H](CC=O)[C@H](O[C@@H]3O[C@H](C)[C@@H](O[C@H]4C[C@@](C)(O)[C@@H](OC(=O)CC(C)C)[C@H](C)O4)[C@H](N(C)C)[C@H]3O)[C@@H](C)[C@H](OC(C)=O)CC(=O)O[C@@H]2CC)O[C@@H]1C,TRUE,,-1.8255,-1.825456153
tylvalosin,Tylvalosin (Ì©Íò¾úËØ),REF_TYLVALOSIN,repository_reference,O68_attached_to_C64,68,64,C,MPM00294,3-Hydroxydodecanoic acid,CCCCCCCCCC(O)CC(=O)O,1,CCCCCCCCCC(O)CC(=O)O[C@H]1[C@@H](OC)[C@@H](OC)[C@H](OC[C@H]2/C=C(C)/C=C/C(=O)[C@H](C)C[C@H](CC=O)[C@H](O[C@@H]3O[C@H](C)[C@@H](O[C@H]4C[C@@](C)(O)[C@@H](OC(=O)CC(C)C)[C@H](C)O4)[C@H](N(C)C)[C@H]3O)[C@@H](C)[C@H](OC(C)=O)CC(=O)O[C@@H]2CC)O[C@@H]1C,CCCCCCCCCC(O)CC(=O)O[C@H]1[C@@H](OC)[C@@H](OC)[C@H](OC[C@H]2/C=C(C)/C=C/C(=O)[C@H](C)C[C@H](CC=O)[C@H](O[C@@H]3O[C@H](C)[C@@H](O[C@H]4C[C@@](C)(O)[C@@H](OC(=O)CC(C)C)[C@H](C)O4)[C@H](N(C)C)[C@H]3O)[C@@H](C)[C@H](OC(C)=O)CC(=O)O[C@@H]2CC)O[C@@H]1C,TRUE,,-2.0771,-2.077138677
tylvalosin,Tylvalosin (Ì©Íò¾úËØ),REF_TYLVALOSIN,repository_reference,O68_attached_to_C64,68,64,C,MPM00606,dodecanoate,CCCCCCCCCCCC(=O)O,1,CCCCCCCCCCCC(=O)O[C@H]1[C@@H](OC)[C@@H](OC)[C@H](OC[C@H]2/C=C(C)/C=C/C(=O)[C@H](C)C[C@H](CC=O)[C@H](O[C@@H]3O[C@H](C)[C@@H](O[C@H]4C[C@@](C)(O)[C@@H](OC(=O)CC(C)C)[C@H](C)O4)[C@H](N(C)C)[C@H]3O)[C@@H](C)[C@H](OC(C)=O)CC(=O)O[C@@H]2CC)O[C@@H]1C,CCCCCCCCCCCC(=O)O[C@H]1[C@@H](OC)[C@@H](OC)[C@H](OC[C@H]2/C=C(C)/C=C/C(=O)[C@H](C)C[C@H](CC=O)[C@H](O[C@@H]3O[C@H](C)[C@@H](O[C@H]4C[C@@](C)(O)[C@@H](OC(=O)CC(C)C)[C@H](C)O4)[C@H](N(C)C)[C@H]3O)[C@@H](C)[C@H](OC(C)=O)CC(=O)O[C@@H]2CC)O[C@@H]1C,TRUE,,-1.9041,-1.904140205
tylvalosin,Tylvalosin (Ì©Íò¾úËØ),REF_TYLVALOSIN,repository_reference,O68_attached_to_C64,68,64,C,MPM00305,3-Hydroxytetradecanoic acid,CCCCCCCCCCCC(O)CC(=O)O,1,CCCCCCCCCCCC(O)CC(=O)O[C@H]1[C@@H](OC)[C@@H](OC)[C@H](OC[C@H]2/C=C(C)/C=C/C(=O)[C@H](C)C[C@H](CC=O)[C@H](O[C@@H]3O[C@H](C)[C@@H](O[C@H]4C[C@@](C)(O)[C@@H](OC(=O)CC(C)C)[C@H](C)O4)[C@H](N(C)C)[C@H]3O)[C@@H](C)[C@H](OC(C)=O)CC(=O)O[C@@H]2CC)O[C@@H]1C,CCCCCCCCCCCC(O)CC(=O)O[C@H]1[C@@H](OC)[C@@H](OC)[C@H](OC[C@H]2/C=C(C)/C=C/C(=O)[C@H](C)C[C@H](CC=O)[C@H](O[C@@H]3O[C@H](C)[C@@H](O[C@H]4C[C@@](C)(O)[C@@H](OC(=O)CC(C)C)[C@H](C)O4)[C@H](N(C)C)[C@H]3O)[C@@H](C)[C@H](OC(C)=O)CC(=O)O[C@@H]2CC)O[C@@H]1C,TRUE,,-2.156,-2.156047315
tylvalosin,Tylvalosin (Ì©Íò¾úËØ),REF_TYLVALOSIN,repository_reference,O68_attached_to_C64,68,64,C,MPM00864,Petroselaidic acid,CCCCCCCCCCCC=CCCCCC(=O)O,1,CCCCCCCCCCCC=CCCCCC(=O)O[C@H]1[C@@H](OC)[C@@H](OC)[C@H](OC[C@H]2/C=C(C)/C=C/C(=O)[C@H](C)C[C@H](CC=O)[C@H](O[C@@H]3O[C@H](C)[C@@H](O[C@H]4C[C@@](C)(O)[C@@H](OC(=O)CC(C)C)[C@H](C)O4)[C@H](N(C)C)[C@H]3O)[C@@H](C)[C@H](OC(C)=O)CC(=O)O[C@@H]2CC)O[C@@H]1C,CCCCCCCCCCCC=CCCCCC(=O)O[C@H]1[C@@H](OC)[C@@H](OC)[C@H](OC[C@H]2/C=C(C)/C=C/C(=O)[C@H](C)C[C@H](CC=O)[C@H](O[C@@H]3O[C@H](C)[C@@H](O[C@H]4C[C@@](C)(O)[C@@H](OC(=O)CC(C)C)[C@H](C)O4)[C@H](N(C)C)[C@H]3O)[C@@H](C)[C@H](OC(C)=O)CC(=O)O[C@@H]2CC)O[C@@H]1C,TRUE,,-2.1652,-2.16515328
tylvalosin,Tylvalosin (Ì©Íò¾úËØ),REF_TYLVALOSIN,repository_reference,O68_attached_to_C64,68,64,C,MPM00967,tetradecanoate,CCCCCCCCCCCCCC(=O)O,1,CCCCCCCCCCCCCC(=O)O[C@H]1[C@@H](OC)[C@@H](OC)[C@H](OC[C@H]2/C=C(C)/C=C/C(=O)[C@H](C)C[C@H](CC=O)[C@H](O[C@@H]3O[C@H](C)[C@@H](O[C@H]4C[C@@](C)(O)[C@@H](OC(=O)CC(C)C)[C@H](C)O4)[C@H](N(C)C)[C@H]3O)[C@@H](C)[C@H](OC(C)=O)CC(=O)O[C@@H]2CC)O[C@@H]1C,CCCCCCCCCCCCCC(=O)O[C@H]1[C@@H](OC)[C@@H](OC)[C@H](OC[C@H]2/C=C(C)/C=C/C(=O)[C@H](C)C[C@H](CC=O)[C@H](O[C@@H]3O[C@H](C)[C@@H](O[C@H]4C[C@@](C)(O)[C@@H](OC(=O)CC(C)C)[C@H](C)O4)[C@H](N(C)C)[C@H]3O)[C@@H](C)[C@H](OC(C)=O)CC(=O)O[C@@H]2CC)O[C@@H]1C,TRUE,,-1.9831,-1.98305381
tylvalosin,Tylvalosin (Ì©Íò¾úËØ),REF_TYLVALOSIN,repository_reference,O68_attached_to_C64,68,64,C,MPM00296,3-Hydroxyhexadecanoic acid,CCCCCCCCCCCCCC(O)CC(=O)O,1,CCCCCCCCCCCCCC(O)CC(=O)O[C@H]1[C@@H](OC)[C@@H](OC)[C@H](OC[C@H]2/C=C(C)/C=C/C(=O)[C@H](C)C[C@H](CC=O)[C@H](O[C@@H]3O[C@H](C)[C@@H](O[C@H]4C[C@@](C)(O)[C@@H](OC(=O)CC(C)C)[C@H](C)O4)[C@H](N(C)C)[C@H]3O)[C@@H](C)[C@H](OC(C)=O)CC(=O)O[C@@H]2CC)O[C@@H]1C,CCCCCCCCCCCCCC(O)CC(=O)O[C@H]1[C@@H](OC)[C@@H](OC)[C@H](OC[C@H]2/C=C(C)/C=C/C(=O)[C@H](C)C[C@H](CC=O)[C@H](O[C@@H]3O[C@H](C)[C@@H](O[C@H]4C[C@@](C)(O)[C@@H](OC(=O)CC(C)C)[C@H](C)O4)[C@H](N(C)C)[C@H]3O)[C@@H](C)[C@H](OC(C)=O)CC(=O)O[C@@H]2CC)O[C@@H]1C,TRUE,,-2.2352,-2.235186907
tylvalosin,Tylvalosin (Ì©Íò¾úËØ),REF_TYLVALOSIN,repository_reference,O68_attached_to_C64,68,64,C,MPM00511,Cetylic acid,CCCCCCCCCCCCCCCC(=O)O,1,CCCCCCCCCCCCCCCC(=O)O[C@H]1[C@@H](OC)[C@@H](OC)[C@H](OC[C@H]2/C=C(C)/C=C/C(=O)[C@H](C)C[C@H](CC=O)[C@H](O[C@@H]3O[C@H](C)[C@@H](O[C@H]4C[C@@](C)(O)[C@@H](OC(=O)CC(C)C)[C@H](C)O4)[C@H](N(C)C)[C@H]3O)[C@@H](C)[C@H](OC(C)=O)CC(=O)O[C@@H]2CC)O[C@@H]1C,CCCCCCCCCCCCCCCC(=O)O[C@H]1[C@@H](OC)[C@@H](OC)[C@H](OC[C@H]2/C=C(C)/C=C/C(=O)[C@H](C)C[C@H](CC=O)[C@H](O[C@@H]3O[C@H](C)[C@@H](O[C@H]4C[C@@](C)(O)[C@@H](OC(=O)CC(C)C)[C@H](C)O4)[C@H](N(C)C)[C@H]3O)[C@@H](C)[C@H](OC(C)=O)CC(=O)O[C@@H]2CC)O[C@@H]1C,TRUE,,-2.0622,-2.062201294
tylvalosin,Tylvalosin (Ì©Íò¾úËØ),REF_TYLVALOSIN,repository_reference,O68_attached_to_C64,68,64,C,MPM00955,Stearic acid,CCCCCCCCCCCCCCCCCC(=O)O,1,CCCCCCCCCCCCCCCCCC(=O)O[C@H]1[C@@H](OC)[C@@H](OC)[C@H](OC[C@H]2/C=C(C)/C=C/C(=O)[C@H](C)C[C@H](CC=O)[C@H](O[C@@H]3O[C@H](C)[C@@H](O[C@H]4C[C@@](C)(O)[C@@H](OC(=O)CC(C)C)[C@H](C)O4)[C@H](N(C)C)[C@H]3O)[C@@H](C)[C@H](OC(C)=O)CC(=O)O[C@@H]2CC)O[C@@H]1C,CCCCCCCCCCCCCCCCCC(=O)O[C@H]1[C@@H](OC)[C@@H](OC)[C@H](OC[C@H]2/C=C(C)/C=C/C(=O)[C@H](C)C[C@H](CC=O)[C@H](O[C@@H]3O[C@H](C)[C@@H](O[C@H]4C[C@@](C)(O)[C@@H](OC(=O)CC(C)C)[C@H](C)O4)[C@H](N(C)C)[C@H]3O)[C@@H](C)[C@H](OC(C)=O)CC(=O)O[C@@H]2CC)O[C@@H]1C,TRUE,,-2.1416,-2.141586997
tylvalosin,Tylvalosin (Ì©Íò¾úËØ),REF_TYLVALOSIN,repository_reference,O68_attached_to_C64,68,64,C,MPM01526,N-Methylglycine,CNCC(=O)O,1,CC[C@H]1OC(=O)C[C@@H](OC(C)=O)[C@H](C)[C@@H](O[C@@H]2O[C@H](C)[C@@H](O[C@H]3C[C@@](C)(O)[C@@H](OC(=O)CC(C)C)[C@H](C)O3)[C@H](N(C)C)[C@H]2O)[C@@H](CC=O)C[C@@H](C)C(=O)/C=C/C(C)=C/[C@@H]1CO[C@@H]1O[C@H](C)[C@@H](OC(=O)CNC)[C@@H](OC)[C@H]1OC,CC[C@H]1OC(=O)C[C@@H](OC(C)=O)[C@H](C)[C@@H](O[C@@H]2O[C@H](C)[C@@H](O[C@H]3C[C@@](C)(O)[C@@H](OC(=O)CC(C)C)[C@H](C)O3)[C@H](N(C)C)[C@H]2O)[C@@H](CC=O)C[C@@H](C)C(=O)/C=C/C(C)=C/[C@@H]1CO[C@@H]1O[C@H](C)[C@@H](OC(=O)CNC)[C@@H](OC)[C@H]1OC,TRUE,,-1.1584,-1.158370917
tylvalosin,Tylvalosin (Ì©Íò¾úËØ),REF_TYLVALOSIN,repository_reference,O68_attached_to_C64,68,64,C,MPM00346,4-Hydroxy-3-methoxycinnamate,COc1cc(C=CC(=O)O)ccc1O,1,CC[C@H]1OC(=O)C[C@@H](OC(C)=O)[C@H](C)[C@@H](O[C@@H]2O[C@H](C)[C@@H](O[C@H]3C[C@@](C)(O)[C@@H](OC(=O)CC(C)C)[C@H](C)O3)[C@H](N(C)C)[C@H]2O)[C@@H](CC=O)C[C@@H](C)C(=O)/C=C/C(C)=C/[C@@H]1CO[C@@H]1O[C@H](C)[C@@H](OC(=O)C=Cc2ccc(O)c(OC)c2)[C@@H](OC)[C@H]1OC,CC[C@H]1OC(=O)C[C@@H](OC(C)=O)[C@H](C)[C@@H](O[C@@H]2O[C@H](C)[C@@H](O[C@H]3C[C@@](C)(O)[C@@H](OC(=O)CC(C)C)[C@H](C)O3)[C@H](N(C)C)[C@H]2O)[C@@H](CC=O)C[C@@H](C)C(=O)/C=C/C(C)=C/[C@@H]1CO[C@@H]1O[C@H](C)[C@@H](OC(=O)C=Cc2ccc(O)c(OC)c2)[C@@H](OC)[C@H]1OC,TRUE,,-0.8278,-0.827809733
tylvalosin,Tylvalosin (Ì©Íò¾úËØ),REF_TYLVALOSIN,repository_reference,O68_attached_to_C64,68,64,C,MPM01482,L-Methionine (R)-S-oxide,CS(=O)CCC(N)C(=O)O,1,CC[C@H]1OC(=O)C[C@@H](OC(C)=O)[C@H](C)[C@@H](O[C@@H]2O[C@H](C)[C@@H](O[C@H]3C[C@@](C)(O)[C@@H](OC(=O)CC(C)C)[C@H](C)O3)[C@H](N(C)C)[C@H]2O)[C@@H](CC=O)C[C@@H](C)C(=O)/C=C/C(C)=C/[C@@H]1CO[C@@H]1O[C@H](C)[C@@H](OC(=O)C(N)CCS(C)=O)[C@@H](OC)[C@H]1OC,CC[C@H]1OC(=O)C[C@@H](OC(C)=O)[C@H](C)[C@@H](O[C@@H]2O[C@H](C)[C@@H](O[C@H]3C[C@@](C)(O)[C@@H](OC(=O)CC(C)C)[C@H](C)O3)[C@H](N(C)C)[C@H]2O)[C@@H](CC=O)C[C@@H](C)C(=O)/C=C/C(C)=C/[C@@H]1CO[C@@H]1O[C@H](C)[C@@H](OC(=O)C(N)CCS(C)=O)[C@@H](OC)[C@H]1OC,TRUE,,-1.6278,-1.627783533
tylvalosin,Tylvalosin (Ì©Íò¾úËØ),REF_TYLVALOSIN,repository_reference,O68_attached_to_C64,68,64,C,MPM01356,D-2-Amino-4-(methylthio)butyric acid,CSCCC(N)C(=O)O,1,CC[C@H]1OC(=O)C[C@@H](OC(C)=O)[C@H](C)[C@@H](O[C@@H]2O[C@H](C)[C@@H](O[C@H]3C[C@@](C)(O)[C@@H](OC(=O)CC(C)C)[C@H](C)O3)[C@H](N(C)C)[C@H]2O)[C@@H](CC=O)C[C@@H](C)C(=O)/C=C/C(C)=C/[C@@H]1CO[C@@H]1O[C@H](C)[C@@H](OC(=O)C(N)CCSC)[C@@H](OC)[C@H]1OC,CC[C@H]1OC(=O)C[C@@H](OC(C)=O)[C@H](C)[C@@H](O[C@@H]2O[C@H](C)[C@@H](O[C@H]3C[C@@](C)(O)[C@@H](OC(=O)CC(C)C)[C@H](C)O3)[C@H](N(C)C)[C@H]2O)[C@@H](CC=O)C[C@@H](C)C(=O)/C=C/C(C)=C/[C@@H]1CO[C@@H]1O[C@H](C)[C@@H](OC(=O)C(N)CCSC)[C@@H](OC)[C@H]1OC,TRUE,,-1.8279,-1.827890488
tylvalosin,Tylvalosin (Ì©Íò¾úËØ),REF_TYLVALOSIN,repository_reference,O68_attached_to_C64,68,64,C,MPM00678,Glycylmethionine,CSCCC(NC(=O)CN)C(=O)O,1,CC[C@H]1OC(=O)C[C@@H](OC(C)=O)[C@H](C)[C@@H](O[C@@H]2O[C@H](C)[C@@H](O[C@H]3C[C@@](C)(O)[C@@H](OC(=O)CC(C)C)[C@H](C)O3)[C@H](N(C)C)[C@H]2O)[C@@H](CC=O)C[C@@H](C)C(=O)/C=C/C(C)=C/[C@@H]1CO[C@@H]1O[C@H](C)[C@@H](OC(=O)C(CCSC)NC(=O)CN)[C@@H](OC)[C@H]1OC,CC[C@H]1OC(=O)C[C@@H](OC(C)=O)[C@H](C)[C@@H](O[C@@H]2O[C@H](C)[C@@H](O[C@H]3C[C@@](C)(O)[C@@H](OC(=O)CC(C)C)[C@H](C)O3)[C@H](N(C)C)[C@H]2O)[C@@H](CC=O)C[C@@H](C)C(=O)/C=C/C(C)=C/[C@@H]1CO[C@@H]1O[C@H](C)[C@@H](OC(=O)C(CCSC)NC(=O)CN)[C@@H](OC)[C@H]1OC,TRUE,,-1.6051,-1.605128331
tylvalosin,Tylvalosin (Ì©Íò¾úËØ),REF_TYLVALOSIN,repository_reference,O68_attached_to_C64,68,64,C,MPM01143,2-Aminosuccinamic acid,NC(=O)CC(N)C(=O)O,1,CC[C@H]1OC(=O)C[C@@H](OC(C)=O)[C@H](C)[C@@H](O[C@@H]2O[C@H](C)[C@@H](O[C@H]3C[C@@](C)(O)[C@@H](OC(=O)CC(C)C)[C@H](C)O3)[C@H](N(C)C)[C@H]2O)[C@@H](CC=O)C[C@@H](C)C(=O)/C=C/C(C)=C/[C@@H]1CO[C@@H]1O[C@H](C)[C@@H](OC(=O)C(N)CC(N)=O)[C@@H](OC)[C@H]1OC,CC[C@H]1OC(=O)C[C@@H](OC(C)=O)[C@H](C)[C@@H](O[C@@H]2O[C@H](C)[C@@H](O[C@H]3C[C@@](C)(O)[C@@H](OC(=O)CC(C)C)[C@H](C)O3)[C@H](N(C)C)[C@H]2O)[C@@H](CC=O)C[C@@H](C)C(=O)/C=C/C(C)=C/[C@@H]1CO[C@@H]1O[C@H](C)[C@@H](OC(=O)C(N)CC(N)=O)[C@@H](OC)[C@H]1OC,TRUE,,-1.161,-1.160971491
tylvalosin,Tylvalosin (Ì©Íò¾úËØ),REF_TYLVALOSIN,repository_reference,O68_attached_to_C64,68,64,C,MPM01464,L-2-Aminoglutaramic acid,NC(=O)CCC(N)C(=O)O,1,CC[C@H]1OC(=O)C[C@@H](OC(C)=O)[C@H](C)[C@@H](O[C@@H]2O[C@H](C)[C@@H](O[C@H]3C[C@@](C)(O)[C@@H](OC(=O)CC(C)C)[C@H](C)O3)[C@H](N(C)C)[C@H]2O)[C@@H](CC=O)C[C@@H](C)C(=O)/C=C/C(C)=C/[C@@H]1CO[C@@H]1O[C@H](C)[C@@H](OC(=O)C(N)CCC(N)=O)[C@@H](OC)[C@H]1OC,CC[C@H]1OC(=O)C[C@@H](OC(C)=O)[C@H](C)[C@@H](O[C@@H]2O[C@H](C)[C@@H](O[C@H]3C[C@@](C)(O)[C@@H](OC(=O)CC(C)C)[C@H](C)O3)[C@H](N(C)C)[C@H]2O)[C@@H](CC=O)C[C@@H](C)C(=O)/C=C/C(C)=C/[C@@H]1CO[C@@H]1O[C@H](C)[C@@H](OC(=O)C(N)CCC(N)=O)[C@@H](OC)[C@H]1OC,TRUE,,-1.2342,-1.234182122
tylvalosin,Tylvalosin (Ì©Íò¾úËØ),REF_TYLVALOSIN,repository_reference,O68_attached_to_C64,68,64,C,MPM00951,S-Succinyldihydrolipoamide,NC(=O)CCCCC(S)CCSC(=O)CCC(=O)O,1,CC[C@H]1OC(=O)C[C@@H](OC(C)=O)[C@H](C)[C@@H](O[C@@H]2O[C@H](C)[C@@H](O[C@H]3C[C@@](C)(O)[C@@H](OC(=O)CC(C)C)[C@H](C)O3)[C@H](N(C)C)[C@H]2O)[C@@H](CC=O)C[C@@H](C)C(=O)/C=C/C(C)=C/[C@@H]1CO[C@@H]1O[C@H](C)[C@@H](OC(=O)CCC(=O)SCCC(S)CCCCC(N)=O)[C@@H](OC)[C@H]1OC,CC[C@H]1OC(=O)C[C@@H](OC(C)=O)[C@H](C)[C@@H](O[C@@H]2O[C@H](C)[C@@H](O[C@H]3C[C@@](C)(O)[C@@H](OC(=O)CC(C)C)[C@H](C)O3)[C@H](N(C)C)[C@H]2O)[C@@H](CC=O)C[C@@H](C)C(=O)/C=C/C(C)=C/[C@@H]1CO[C@@H]1O[C@H](C)[C@@H](OC(=O)CCC(=O)SCCC(S)CCCCC(N)=O)[C@@H](OC)[C@H]1OC,TRUE,,-4.1801,-4.18011006
tylvalosin,Tylvalosin (Ì©Íò¾úËØ),REF_TYLVALOSIN,repository_reference,O68_attached_to_C64,68,64,C,MPM00444,Allophanic acid,NC(=O)NC(=O)O,1,CC[C@H]1OC(=O)C[C@@H](OC(C)=O)[C@H](C)[C@@H](O[C@@H]2O[C@H](C)[C@@H](O[C@H]3C[C@@](C)(O)[C@@H](OC(=O)CC(C)C)[C@H](C)O3)[C@H](N(C)C)[C@H]2O)[C@@H](CC=O)C[C@@H](C)C(=O)/C=C/C(C)=C/[C@@H]1CO[C@@H]1O[C@H](C)[C@@H](OC(=O)NC(N)=O)[C@@H](OC)[C@H]1OC,CC[C@H]1OC(=O)C[C@@H](OC(C)=O)[C@H](C)[C@@H](O[C@@H]2O[C@H](C)[C@@H](O[C@H]3C[C@@](C)(O)[C@@H](OC(=O)CC(C)C)[C@H](C)O3)[C@H](N(C)C)[C@H]2O)[C@@H](CC=O)C[C@@H](C)C(=O)/C=C/C(C)=C/[C@@H]1CO[C@@H]1O[C@H](C)[C@@H](OC(=O)NC(N)=O)[C@@H](OC)[C@H]1OC,TRUE,,-1.9515,-1.951484209
tylvalosin,Tylvalosin (Ì©Íò¾úËØ),REF_TYLVALOSIN,repository_reference,O68_attached_to_C64,68,64,C,MPM00442,Allantoic acid,NC(=O)NC(NC(N)=O)C(=O)O,1,CC[C@H]1OC(=O)C[C@@H](OC(C)=O)[C@H](C)[C@@H](O[C@@H]2O[C@H](C)[C@@H](O[C@H]3C[C@@](C)(O)[C@@H](OC(=O)CC(C)C)[C@H](C)O3)[C@H](N(C)C)[C@H]2O)[C@@H](CC=O)C[C@@H](C)C(=O)/C=C/C(C)=C/[C@@H]1CO[C@@H]1O[C@H](C)[C@@H](OC(=O)C(NC(N)=O)NC(N)=O)[C@@H](OC)[C@H]1OC,CC[C@H]1OC(=O)C[C@@H](OC(C)=O)[C@H](C)[C@@H](O[C@@H]2O[C@H](C)[C@@H](O[C@H]3C[C@@](C)(O)[C@@H](OC(=O)CC(C)C)[C@H](C)O3)[C@H](N(C)C)[C@H]2O)[C@@H](CC=O)C[C@@H](C)C(=O)/C=C/C(C)=C/[C@@H]1CO[C@@H]1O[C@H](C)[C@@H](OC(=O)C(NC(N)=O)NC(N)=O)[C@@H](OC)[C@H]1OC,TRUE,,-2.2274,-2.227371065
tylvalosin,Tylvalosin (Ì©Íò¾úËØ),REF_TYLVALOSIN,repository_reference,O68_attached_to_C64,68,64,C,MPM00004,(-)-Ureidoglycolate,NC(=O)NC(O)C(=O)O,1,CC[C@H]1OC(=O)C[C@@H](OC(C)=O)[C@H](C)[C@@H](O[C@@H]2O[C@H](C)[C@@H](O[C@H]3C[C@@](C)(O)[C@@H](OC(=O)CC(C)C)[C@H](C)O3)[C@H](N(C)C)[C@H]2O)[C@@H](CC=O)C[C@@H](C)C(=O)/C=C/C(C)=C/[C@@H]1CO[C@@H]1O[C@H](C)[C@@H](OC(=O)C(O)NC(N)=O)[C@@H](OC)[C@H]1OC,CC[C@H]1OC(=O)C[C@@H](OC(C)=O)[C@H](C)[C@@H](O[C@@H]2O[C@H](C)[C@@H](O[C@H]3C[C@@](C)(O)[C@@H](OC(=O)CC(C)C)[C@H](C)O3)[C@H](N(C)C)[C@H]2O)[C@@H](CC=O)C[C@@H](C)C(=O)/C=C/C(C)=C/[C@@H]1CO[C@@H]1O[C@H](C)[C@@H](OC(=O)C(O)NC(N)=O)[C@@H](OC)[C@H]1OC,TRUE,,-1.8592,-1.859244892
tylvalosin,Tylvalosin (Ì©Íò¾úËØ),REF_TYLVALOSIN,repository_reference,O68_attached_to_C64,68,64,C,MPM00254,2-Oxo-4-hydroxy-4-carboxy-5-ureidoimidazoline,NC(=O)NC1=NC(=O)NC1(O)C(=O)O,1,CC[C@H]1OC(=O)C[C@@H](OC(C)=O)[C@H](C)[C@@H](O[C@@H]2O[C@H](C)[C@@H](O[C@H]3C[C@@](C)(O)[C@@H](OC(=O)CC(C)C)[C@H](C)O3)[C@H](N(C)C)[C@H]2O)[C@@H](CC=O)C[C@@H](C)C(=O)/C=C/C(C)=C/[C@@H]1CO[C@@H]1O[C@H](C)[C@@H](OC(=O)C2(O)NC(=O)N=C2NC(N)=O)[C@@H](OC)[C@H]1OC,CC[C@H]1OC(=O)C[C@@H](OC(C)=O)[C@H](C)[C@@H](O[C@@H]2O[C@H](C)[C@@H](O[C@H]3C[C@@](C)(O)[C@@H](OC(=O)CC(C)C)[C@H](C)O3)[C@H](N(C)C)[C@H]2O)[C@@H](CC=O)C[C@@H](C)C(=O)/C=C/C(C)=C/[C@@H]1CO[C@@H]1O[C@H](C)[C@@H](OC(=O)C2(O)NC(=O)N=C2NC(N)=O)[C@@H](OC)[C@H]1OC,TRUE,,-2.4637,-2.46370949
tylvalosin,Tylvalosin (Ì©Íò¾úËØ),REF_TYLVALOSIN,repository_reference,O68_attached_to_C64,68,64,C,MPM00815,N-Carbamoyl-beta-alanine,NC(=O)NCCC(=O)O,1,CC[C@H]1OC(=O)C[C@@H](OC(C)=O)[C@H](C)[C@@H](O[C@@H]2O[C@H](C)[C@@H](O[C@H]3C[C@@](C)(O)[C@@H](OC(=O)CC(C)C)[C@H](C)O3)[C@H](N(C)C)[C@H]2O)[C@@H](CC=O)C[C@@H](C)C(=O)/C=C/C(C)=C/[C@@H]1CO[C@@H]1O[C@H](C)[C@@H](OC(=O)CCNC(N)=O)[C@@H](OC)[C@H]1OC,CC[C@H]1OC(=O)C[C@@H](OC(C)=O)[C@H](C)[C@@H](O[C@@H]2O[C@H](C)[C@@H](O[C@H]3C[C@@](C)(O)[C@@H](OC(=O)CC(C)C)[C@H](C)O3)[C@H](N(C)C)[C@H]2O)[C@@H](CC=O)C[C@@H](C)C(=O)/C=C/C(C)=C/[C@@H]1CO[C@@H]1O[C@H](C)[C@@H](OC(=O)CCNC(N)=O)[C@@H](OC)[C@H]1OC,TRUE,,-1.7096,-1.709602658
tylvalosin,Tylvalosin (Ì©Íò¾úËØ),REF_TYLVALOSIN,repository_reference,O68_attached_to_C64,68,64,C,MPM01334,Citrulline,NC(=O)NCCCC(N)C(=O)O,1,CC[C@H]1OC(=O)C[C@@H](OC(C)=O)[C@H](C)[C@@H](O[C@@H]2O[C@H](C)[C@@H](O[C@H]3C[C@@](C)(O)[C@@H](OC(=O)CC(C)C)[C@H](C)O3)[C@H](N(C)C)[C@H]2O)[C@@H](CC=O)C[C@@H](C)C(=O)/C=C/C(C)=C/[C@@H]1CO[C@@H]1O[C@H](C)[C@@H](OC(=O)C(N)CCCNC(N)=O)[C@@H](OC)[C@H]1OC,CC[C@H]1OC(=O)C[C@@H](OC(C)=O)[C@H](C)[C@@H](O[C@@H]2O[C@H](C)[C@@H](O[C@H]3C[C@@](C)(O)[C@@H](OC(=O)CC(C)C)[C@H](C)O3)[C@H](N(C)C)[C@H]2O)[C@@H](CC=O)C[C@@H](C)C(=O)/C=C/C(C)=C/[C@@H]1CO[C@@H]1O[C@H](C)[C@@H](OC(=O)C(N)CCCNC(N)=O)[C@@H](OC)[C@H]1OC,TRUE,,-1.6049,-1.604940152
tylvalosin,Tylvalosin (Ì©Íò¾úËØ),REF_TYLVALOSIN,repository_reference,O68_attached_to_C64,68,64,C,MPM01438,Hydroxythreonine,NC(C(=O)O)C(O)CO,1,CC[C@H]1OC(=O)C[C@@H](OC(C)=O)[C@H](C)[C@@H](O[C@@H]2O[C@H](C)[C@@H](O[C@H]3C[C@@](C)(O)[C@@H](OC(=O)CC(C)C)[C@H](C)O3)[C@H](N(C)C)[C@H]2O)[C@@H](CC=O)C[C@@H](C)C(=O)/C=C/C(C)=C/[C@@H]1CO[C@@H]1O[C@H](C)[C@@H](OC(=O)C(N)C(O)CO)[C@@H](OC)[C@H]1OC,CC[C@H]1OC(=O)C[C@@H](OC(C)=O)[C@H](C)[C@@H](O[C@@H]2O[C@H](C)[C@@H](O[C@H]3C[C@@](C)(O)[C@@H](OC(=O)CC(C)C)[C@H](C)O3)[C@H](N(C)C)[C@H]2O)[C@@H](CC=O)C[C@@H](C)C(=O)/C=C/C(C)=C/[C@@H]1CO[C@@H]1O[C@H](C)[C@@H](OC(=O)C(N)C(O)CO)[C@@H](OC)[C@H]1OC,TRUE,,-1.5854,-1.585443419
tylvalosin,Tylvalosin (Ì©Íò¾úËØ),REF_TYLVALOSIN,repository_reference,O68_attached_to_C64,68,64,C,MPM00363,4-Phosphooxy-L-threonine,NC(C(=O)O)C(O)COP(=O)(O)O,1,CC[C@H]1OC(=O)C[C@@H](OC(C)=O)[C@H](C)[C@@H](O[C@@H]2O[C@H](C)[C@@H](O[C@H]3C[C@@](C)(O)[C@@H](OC(=O)CC(C)C)[C@H](C)O3)[C@H](N(C)C)[C@H]2O)[C@@H](CC=O)C[C@@H](C)C(=O)/C=C/C(C)=C/[C@@H]1CO[C@@H]1O[C@H](C)[C@@H](OC(=O)C(N)C(O)COP(=O)(O)O)[C@@H](OC)[C@H]1OC,CC[C@H]1OC(=O)C[C@@H](OC(C)=O)[C@H](C)[C@@H](O[C@@H]2O[C@H](C)[C@@H](O[C@H]3C[C@@](C)(O)[C@@H](OC(=O)CC(C)C)[C@H](C)O3)[C@H](N(C)C)[C@H]2O)[C@@H](CC=O)C[C@@H](C)C(=O)/C=C/C(C)=C/[C@@H]1CO[C@@H]1O[C@H](C)[C@@H](OC(=O)C(N)C(O)COP(=O)(O)O)[C@@H](OC)[C@H]1OC,TRUE,,-1.6808,-1.680840523
tylvalosin,Tylvalosin (Ì©Íò¾úËØ),REF_TYLVALOSIN,repository_reference,O68_attached_to_C64,68,64,C,MPM01144,2-Ammoniomalonate semialdehyde,NC(C=O)C(=O)O,1,CC[C@H]1OC(=O)C[C@@H](OC(C)=O)[C@H](C)[C@@H](O[C@@H]2O[C@H](C)[C@@H](O[C@H]3C[C@@](C)(O)[C@@H](OC(=O)CC(C)C)[C@H](C)O3)[C@H](N(C)C)[C@H]2O)[C@@H](CC=O)C[C@@H](C)C(=O)/C=C/C(C)=C/[C@@H]1CO[C@@H]1O[C@H](C)[C@@H](OC(=O)C(N)C=O)[C@@H](OC)[C@H]1OC,CC[C@H]1OC(=O)C[C@@H](OC(C)=O)[C@H](C)[C@@H](O[C@@H]2O[C@H](C)[C@@H](O[C@H]3C[C@@](C)(O)[C@@H](OC(=O)CC(C)C)[C@H](C)O3)[C@H](N(C)C)[C@H]2O)[C@@H](CC=O)C[C@@H](C)C(=O)/C=C/C(C)=C/[C@@H]1CO[C@@H]1O[C@H](C)[C@@H](OC(=O)C(N)C=O)[C@@H](OC)[C@H]1OC,TRUE,,-1.4557,-1.455666395
tylvalosin,Tylvalosin (Ì©Íò¾úËØ),REF_TYLVALOSIN,repository_reference,O68_attached_to_C64,68,64,C,MPM01475,L-Glutamate 1-semialdehyde,NC(C=O)CCC(=O)O,1,CC[C@H]1OC(=O)C[C@@H](OC(C)=O)[C@H](C)[C@@H](O[C@@H]2O[C@H](C)[C@@H](O[C@H]3C[C@@](C)(O)[C@@H](OC(=O)CC(C)C)[C@H](C)O3)[C@H](N(C)C)[C@H]2O)[C@@H](CC=O)C[C@@H](C)C(=O)/C=C/C(C)=C/[C@@H]1CO[C@@H]1O[C@H](C)[C@@H](OC(=O)CCC(N)C=O)[C@@H](OC)[C@H]1OC,CC[C@H]1OC(=O)C[C@@H](OC(C)=O)[C@H](C)[C@@H](O[C@@H]2O[C@H](C)[C@@H](O[C@H]3C[C@@](C)(O)[C@@H](OC(=O)CC(C)C)[C@H](C)O3)[C@H](N(C)C)[C@H]2O)[C@@H](CC=O)C[C@@H](C)C(=O)/C=C/C(C)=C/[C@@H]1CO[C@@H]1O[C@H](C)[C@@H](OC(=O)CCC(N)C=O)[C@@H](OC)[C@H]1OC,TRUE,,-1.7158,-1.715845188
tylvalosin,Tylvalosin (Ì©Íò¾úËØ),REF_TYLVALOSIN,repository_reference,O68_attached_to_C64,68,64,C,MPM01471,L-Aspartic 4-semialdehyde,NC(CC=O)C(=O)O,1,CC[C@H]1OC(=O)C[C@@H](OC(C)=O)[C@H](C)[C@@H](O[C@@H]2O[C@H](C)[C@@H](O[C@H]3C[C@@](C)(O)[C@@H](OC(=O)CC(C)C)[C@H](C)O3)[C@H](N(C)C)[C@H]2O)[C@@H](CC=O)C[C@@H](C)C(=O)/C=C/C(C)=C/[C@@H]1CO[C@@H]1O[C@H](C)[C@@H](OC(=O)C(N)CC=O)[C@@H](OC)[C@H]1OC,CC[C@H]1OC(=O)C[C@@H](OC(C)=O)[C@H](C)[C@@H](O[C@@H]2O[C@H](C)[C@@H](O[C@H]3C[C@@](C)(O)[C@@H](OC(=O)CC(C)C)[C@H](C)O3)[C@H](N(C)C)[C@H]2O)[C@@H](CC=O)C[C@@H](C)C(=O)/C=C/C(C)=C/[C@@H]1CO[C@@H]1O[C@H](C)[C@@H](OC(=O)C(N)CC=O)[C@@H](OC)[C@H]1OC,TRUE,,-1.6266,-1.62656341
tylvalosin,Tylvalosin (Ì©Íò¾úËØ),REF_TYLVALOSIN,repository_reference,O68_attached_to_C64,68,64,C,MPM01476,L-Glutamate gamma-semialdehyde,NC(CCC=O)C(=O)O,1,CC[C@H]1OC(=O)C[C@@H](OC(C)=O)[C@H](C)[C@@H](O[C@@H]2O[C@H](C)[C@@H](O[C@H]3C[C@@](C)(O)[C@@H](OC(=O)CC(C)C)[C@H](C)O3)[C@H](N(C)C)[C@H]2O)[C@@H](CC=O)C[C@@H](C)C(=O)/C=C/C(C)=C/[C@@H]1CO[C@@H]1O[C@H](C)[C@@H](OC(=O)C(N)CCC=O)[C@@H](OC)[C@H]1OC,CC[C@H]1OC(=O)C[C@@H](OC(C)=O)[C@H](C)[C@@H](O[C@@H]2O[C@H](C)[C@@H](O[C@H]3C[C@@](C)(O)[C@@H](OC(=O)CC(C)C)[C@H](C)O3)[C@H](N(C)C)[C@H]2O)[C@@H](CC=O)C[C@@H](C)C(=O)/C=C/C(C)=C/[C@@H]1CO[C@@H]1O[C@H](C)[C@@H](OC(=O)C(N)CCC=O)[C@@H](OC)[C@H]1OC,TRUE,,-1.6994,-1.699441569
tylvalosin,Tylvalosin (Ì©Íò¾úËØ),REF_TYLVALOSIN,repository_reference,O68_attached_to_C64,68,64,C,MPM01076,(S)-2-Amino-6-oxohexanoate,NC(CCCC=O)C(=O)O,1,CC[C@H]1OC(=O)C[C@@H](OC(C)=O)[C@H](C)[C@@H](O[C@@H]2O[C@H](C)[C@@H](O[C@H]3C[C@@](C)(O)[C@@H](OC(=O)CC(C)C)[C@H](C)O3)[C@H](N(C)C)[C@H]2O)[C@@H](CC=O)C[C@@H](C)C(=O)/C=C/C(C)=C/[C@@H]1CO[C@@H]1O[C@H](C)[C@@H](OC(=O)C(N)CCCC=O)[C@@H](OC)[C@H]1OC,CC[C@H]1OC(=O)C[C@@H](OC(C)=O)[C@H](C)[C@@H](O[C@@H]2O[C@H](C)[C@@H](O[C@H]3C[C@@](C)(O)[C@@H](OC(=O)CC(C)C)[C@H](C)O3)[C@H](N(C)C)[C@H]2O)[C@@H](CC=O)C[C@@H](C)C(=O)/C=C/C(C)=C/[C@@H]1CO[C@@H]1O[C@H](C)[C@@H](OC(=O)C(N)CCCC=O)[C@@H](OC)[C@H]1OC,TRUE,,-1.7655,-1.765487836
tylvalosin,Tylvalosin (Ì©Íò¾úËØ),REF_TYLVALOSIN,repository_reference,O68_attached_to_C64,68,64,C,MPM00800,N6-(D-Fructosyl)-L-lysine,NC(CCCCNCC(=O)C(O)C(O)C(O)CO)C(=O)O,1,CC[C@H]1OC(=O)C[C@@H](OC(C)=O)[C@H](C)[C@@H](O[C@@H]2O[C@H](C)[C@@H](O[C@H]3C[C@@](C)(O)[C@@H](OC(=O)CC(C)C)[C@H](C)O3)[C@H](N(C)C)[C@H]2O)[C@@H](CC=O)C[C@@H](C)C(=O)/C=C/C(C)=C/[C@@H]1CO[C@@H]1O[C@H](C)[C@@H](OC(=O)C(N)CCCCNCC(=O)C(O)C(O)C(O)CO)[C@@H](OC)[C@H]1OC,CC[C@H]1OC(=O)C[C@@H](OC(C)=O)[C@H](C)[C@@H](O[C@@H]2O[C@H](C)[C@@H](O[C@H]3C[C@@](C)(O)[C@@H](OC(=O)CC(C)C)[C@H](C)O3)[C@H](N(C)C)[C@H]2O)[C@@H](CC=O)C[C@@H](C)C(=O)/C=C/C(C)=C/[C@@H]1CO[C@@H]1O[C@H](C)[C@@H](OC(=O)C(N)CCCCNCC(=O)C(O)C(O)C(O)CO)[C@@H](OC)[C@H]1OC,TRUE,,-2.0417,-2.041655414
tylvalosin,Tylvalosin (Ì©Íò¾úËØ),REF_TYLVALOSIN,repository_reference,O68_attached_to_C64,68,64,C,MPM01141,2-Amino-4-hydroxybutyric acid,NC(CCO)C(=O)O,1,CC[C@H]1OC(=O)C[C@@H](OC(C)=O)[C@H](C)[C@@H](O[C@@H]2O[C@H](C)[C@@H](O[C@H]3C[C@@](C)(O)[C@@H](OC(=O)CC(C)C)[C@H](C)O3)[C@H](N(C)C)[C@H]2O)[C@@H](CC=O)C[C@@H](C)C(=O)/C=C/C(C)=C/[C@@H]1CO[C@@H]1O[C@H](C)[C@@H](OC(=O)C(N)CCO)[C@@H](OC)[C@H]1OC,CC[C@H]1OC(=O)C[C@@H](OC(C)=O)[C@H](C)[C@@H](O[C@@H]2O[C@H](C)[C@@H](O[C@H]3C[C@@](C)(O)[C@@H](OC(=O)CC(C)C)[C@H](C)O3)[C@H](N(C)C)[C@H]2O)[C@@H](CC=O)C[C@@H](C)C(=O)/C=C/C(C)=C/[C@@H]1CO[C@@H]1O[C@H](C)[C@@H](OC(=O)C(N)CCO)[C@@H](OC)[C@H]1OC,TRUE,,-1.313,-1.312964925
tylvalosin,Tylvalosin (Ì©Íò¾úËØ),REF_TYLVALOSIN,repository_reference,O68_attached_to_C64,68,64,C,MPM00698,Homocysteine,NC(CCS)C(=O)O,1,CC[C@H]1OC(=O)C[C@@H](OC(C)=O)[C@H](C)[C@@H](O[C@@H]2O[C@H](C)[C@@H](O[C@H]3C[C@@](C)(O)[C@@H](OC(=O)CC(C)C)[C@H](C)O3)[C@H](N(C)C)[C@H]2O)[C@@H](CC=O)C[C@@H](C)C(=O)/C=C/C(C)=C/[C@@H]1CO[C@@H]1O[C@H](C)[C@@H](OC(=O)C(N)CCS)[C@@H](OC)[C@H]1OC,CC[C@H]1OC(=O)C[C@@H](OC(C)=O)[C@H](C)[C@@H](O[C@@H]2O[C@H](C)[C@@H](O[C@H]3C[C@@](C)(O)[C@@H](OC(=O)CC(C)C)[C@H](C)O3)[C@H](N(C)C)[C@H]2O)[C@@H](CC=O)C[C@@H](C)C(=O)/C=C/C(C)=C/[C@@H]1CO[C@@H]1O[C@H](C)[C@@H](OC(=O)C(N)CCS)[C@@H](OC)[C@H]1OC,TRUE,,-2.6788,-2.678757326
tylvalosin,Tylvalosin (Ì©Íò¾úËØ),REF_TYLVALOSIN,repository_reference,O68_attached_to_C64,68,64,C,MPM01379,D-Serine,NC(CO)C(=O)O,1,CC[C@H]1OC(=O)C[C@@H](OC(C)=O)[C@H](C)[C@@H](O[C@@H]2O[C@H](C)[C@@H](O[C@H]3C[C@@](C)(O)[C@@H](OC(=O)CC(C)C)[C@H](C)O3)[C@H](N(C)C)[C@H]2O)[C@@H](CC=O)C[C@@H](C)C(=O)/C=C/C(C)=C/[C@@H]1CO[C@@H]1O[C@H](C)[C@@H](OC(=O)C(N)CO)[C@@H](OC)[C@H]1OC,CC[C@H]1OC(=O)C[C@@H](OC(C)=O)[C@H](C)[C@@H](O[C@@H]2O[C@H](C)[C@@H](O[C@H]3C[C@@](C)(O)[C@@H](OC(=O)CC(C)C)[C@H](C)O3)[C@H](N(C)C)[C@H]2O)[C@@H](CC=O)C[C@@H](C)C(=O)/C=C/C(C)=C/[C@@H]1CO[C@@H]1O[C@H](C)[C@@H](OC(=O)C(N)CO)[C@@H](OC)[C@H]1OC,TRUE,,-1.3164,-1.316411868
tylvalosin,Tylvalosin (Ì©Íò¾úËØ),REF_TYLVALOSIN,repository_reference,O68_attached_to_C64,68,64,C,MPM00325,3-Phospho-L-serine,NC(COP(=O)(O)O)C(=O)O,1,CC[C@H]1OC(=O)C[C@@H](OC(C)=O)[C@H](C)[C@@H](O[C@@H]2O[C@H](C)[C@@H](O[C@H]3C[C@@](C)(O)[C@@H](OC(=O)CC(C)C)[C@H](C)O3)[C@H](N(C)C)[C@H]2O)[C@@H](CC=O)C[C@@H](C)C(=O)/C=C/C(C)=C/[C@@H]1CO[C@@H]1O[C@H](C)[C@@H](OC(=O)C(N)COP(=O)(O)O)[C@@H](OC)[C@H]1OC,CC[C@H]1OC(=O)C[C@@H](OC(C)=O)[C@H](C)[C@@H](O[C@@H]2O[C@H](C)[C@@H](O[C@H]3C[C@@](C)(O)[C@@H](OC(=O)CC(C)C)[C@H](C)O3)[C@H](N(C)C)[C@H]2O)[C@@H](CC=O)C[C@@H](C)C(=O)/C=C/C(C)=C/[C@@H]1CO[C@@H]1O[C@H](C)[C@@H](OC(=O)C(N)COP(=O)(O)O)[C@@H](OC)[C@H]1OC,TRUE,,-1.4216,-1.421560367
tylvalosin,Tylvalosin (Ì©Íò¾úËØ),REF_TYLVALOSIN,repository_reference,O68_attached_to_C64,68,64,C,MPM00667,glycerol 1-phosphoserine(1-),NC(COP(=O)(O)OCC(O)CO)C(=O)O,1,CC[C@H]1OC(=O)C[C@@H](OC(C)=O)[C@H](C)[C@@H](O[C@@H]2O[C@H](C)[C@@H](O[C@H]3C[C@@](C)(O)[C@@H](OC(=O)CC(C)C)[C@H](C)O3)[C@H](N(C)C)[C@H]2O)[C@@H](CC=O)C[C@@H](C)C(=O)/C=C/C(C)=C/[C@@H]1CO[C@@H]1O[C@H](C)[C@@H](OC(=O)C(N)COP(=O)(O)OCC(O)CO)[C@@H](OC)[C@H]1OC,CC[C@H]1OC(=O)C[C@@H](OC(C)=O)[C@H](C)[C@@H](O[C@@H]2O[C@H](C)[C@@H](O[C@H]3C[C@@](C)(O)[C@@H](OC(=O)CC(C)C)[C@H](C)O3)[C@H](N(C)C)[C@H]2O)[C@@H](CC=O)C[C@@H](C)C(=O)/C=C/C(C)=C/[C@@H]1CO[C@@H]1O[C@H](C)[C@@H](OC(=O)C(N)COP(=O)(O)OCC(O)CO)[C@@H](OC)[C@H]1OC,TRUE,,-1.6508,-1.650821707
tylvalosin,Tylvalosin (Ì©Íò¾úËØ),REF_TYLVALOSIN,repository_reference,O68_attached_to_C64,68,64,C,MPM00199,2-Amino-3-sulfopropionic acid,NC(CS(=O)(=O)O)C(=O)O,1,CC[C@H]1OC(=O)C[C@@H](OC(C)=O)[C@H](C)[C@@H](O[C@@H]2O[C@H](C)[C@@H](O[C@H]3C[C@@](C)(O)[C@@H](OC(=O)CC(C)C)[C@H](C)O3)[C@H](N(C)C)[C@H]2O)[C@@H](CC=O)C[C@@H](C)C(=O)/C=C/C(C)=C/[C@@H]1CO[C@@H]1O[C@H](C)[C@@H](OC(=O)C(N)CS(=O)(=O)O)[C@@H](OC)[C@H]1OC,CC[C@H]1OC(=O)C[C@@H](OC(C)=O)[C@H](C)[C@@H](O[C@@H]2O[C@H](C)[C@@H](O[C@H]3C[C@@](C)(O)[C@@H](OC(=O)CC(C)C)[C@H](C)O3)[C@H](N(C)C)[C@H]2O)[C@@H](CC=O)C[C@@H](C)C(=O)/C=C/C(C)=C/[C@@H]1CO[C@@H]1O[C@H](C)[C@@H](OC(=O)C(N)CS(=O)(=O)O)[C@@H](OC)[C@H]1OC,TRUE,,-1.1396,-1.139564577
tylvalosin,Tylvalosin (Ì©Íò¾úËØ),REF_TYLVALOSIN,repository_reference,O68_attached_to_C64,68,64,C,MPM00329,3-Sulfinoalanine,NC(CS(=O)O)C(=O)O,1,CC[C@H]1OC(=O)C[C@@H](OC(C)=O)[C@H](C)[C@@H](O[C@@H]2O[C@H](C)[C@@H](O[C@H]3C[C@@](C)(O)[C@@H](OC(=O)CC(C)C)[C@H](C)O3)[C@H](N(C)C)[C@H]2O)[C@@H](CC=O)C[C@@H](C)C(=O)/C=C/C(C)=C/[C@@H]1CO[C@@H]1O[C@H](C)[C@@H](OC(=O)C(N)CS(=O)O)[C@@H](OC)[C@H]1OC,CC[C@H]1OC(=O)C[C@@H](OC(C)=O)[C@H](C)[C@@H](O[C@@H]2O[C@H](C)[C@@H](O[C@H]3C[C@@](C)(O)[C@@H](OC(=O)CC(C)C)[C@H](C)O3)[C@H](N(C)C)[C@H]2O)[C@@H](CC=O)C[C@@H](C)C(=O)/C=C/C(C)=C/[C@@H]1CO[C@@H]1O[C@H](C)[C@@H](OC(=O)C(N)CS(=O)O)[C@@H](OC)[C@H]1OC,TRUE,,-1.0706,-1.070588975
tylvalosin,Tylvalosin (Ì©Íò¾úËØ),REF_TYLVALOSIN,repository_reference,O68_attached_to_C64,68,64,C,MPM01473,L-Cysteinylglycine,NC(CS)C(=O)NCC(=O)O,1,CC[C@H]1OC(=O)C[C@@H](OC(C)=O)[C@H](C)[C@@H](O[C@@H]2O[C@H](C)[C@@H](O[C@H]3C[C@@](C)(O)[C@@H](OC(=O)CC(C)C)[C@H](C)O3)[C@H](N(C)C)[C@H]2O)[C@@H](CC=O)C[C@@H](C)C(=O)/C=C/C(C)=C/[C@@H]1CO[C@@H]1O[C@H](C)[C@@H](OC(=O)CNC(=O)C(N)CS)[C@@H](OC)[C@H]1OC,CC[C@H]1OC(=O)C[C@@H](OC(C)=O)[C@H](C)[C@@H](O[C@@H]2O[C@H](C)[C@@H](O[C@H]3C[C@@](C)(O)[C@@H](OC(=O)CC(C)C)[C@H](C)O3)[C@H](N(C)C)[C@H]2O)[C@@H](CC=O)C[C@@H](C)C(=O)/C=C/C(C)=C/[C@@H]1CO[C@@H]1O[C@H](C)[C@@H](OC(=O)CNC(=O)C(N)CS)[C@@H](OC)[C@H]1OC,TRUE,,-2.5843,-2.584323358
tylvalosin,Tylvalosin (Ì©Íò¾úËØ),REF_TYLVALOSIN,repository_reference,O68_attached_to_C64,68,64,C,MPM01361,D-Amino-3-mercaptopropionic acid,NC(CS)C(=O)O,1,CC[C@H]1OC(=O)C[C@@H](OC(C)=O)[C@H](C)[C@@H](O[C@@H]2O[C@H](C)[C@@H](O[C@H]3C[C@@](C)(O)[C@@H](OC(=O)CC(C)C)[C@H](C)O3)[C@H](N(C)C)[C@H]2O)[C@@H](CC=O)C[C@@H](C)C(=O)/C=C/C(C)=C/[C@@H]1CO[C@@H]1O[C@H](C)[C@@H](OC(=O)C(N)CS)[C@@H](OC)[C@H]1OC,CC[C@H]1OC(=O)C[C@@H](OC(C)=O)[C@H](C)[C@@H](O[C@@H]2O[C@H](C)[C@@H](O[C@H]3C[C@@](C)(O)[C@@H](OC(=O)CC(C)C)[C@H](C)O3)[C@H](N(C)C)[C@H]2O)[C@@H](CC=O)C[C@@H](C)C(=O)/C=C/C(C)=C/[C@@H]1CO[C@@H]1O[C@H](C)[C@@H](OC(=O)C(N)CS)[C@@H](OC)[C@H]1OC,TRUE,,-2.6131,-2.613129984
tylvalosin,Tylvalosin (Ì©Íò¾úËØ),REF_TYLVALOSIN,repository_reference,O68_attached_to_C64,68,64,C,MPM01078,(S)-alpha-Amino-beta-(3-indolyl)-propionic acid,NC(Cc1c[nH]c2ccccc12)C(=O)O,1,CC[C@H]1OC(=O)C[C@@H](OC(C)=O)[C@H](C)[C@@H](O[C@@H]2O[C@H](C)[C@@H](O[C@H]3C[C@@](C)(O)[C@@H](OC(=O)CC(C)C)[C@H](C)O3)[C@H](N(C)C)[C@H]2O)[C@@H](CC=O)C[C@@H](C)C(=O)/C=C/C(C)=C/[C@@H]1CO[C@@H]1O[C@H](C)[C@@H](OC(=O)C(N)Cc2c[nH]c3ccccc23)[C@@H](OC)[C@H]1OC,CC[C@H]1OC(=O)C[C@@H](OC(C)=O)[C@H](C)[C@@H](O[C@@H]2O[C@H](C)[C@@H](O[C@H]3C[C@@](C)(O)[C@@H](OC(=O)CC(C)C)[C@H](C)O3)[C@H](N(C)C)[C@H]2O)[C@@H](CC=O)C[C@@H](C)C(=O)/C=C/C(C)=C/[C@@H]1CO[C@@H]1O[C@H](C)[C@@H](OC(=O)C(N)Cc2c[nH]c3ccccc23)[C@@H](OC)[C@H]1OC,TRUE,,-0.5226,-0.522622177
tylvalosin,Tylvalosin (Ì©Íò¾úËØ),REF_TYLVALOSIN,repository_reference,O68_attached_to_C64,68,64,C,MPM01639,Tyrosine,NC(Cc1ccc(O)cc1)C(=O)O,1,CC[C@H]1OC(=O)C[C@@H](OC(C)=O)[C@H](C)[C@@H](O[C@@H]2O[C@H](C)[C@@H](O[C@H]3C[C@@](C)(O)[C@@H](OC(=O)CC(C)C)[C@H](C)O3)[C@H](N(C)C)[C@H]2O)[C@@H](CC=O)C[C@@H](C)C(=O)/C=C/C(C)=C/[C@@H]1CO[C@@H]1O[C@H](C)[C@@H](OC(=O)C(N)Cc2ccc(O)cc2)[C@@H](OC)[C@H]1OC,CC[C@H]1OC(=O)C[C@@H](OC(C)=O)[C@H](C)[C@@H](O[C@@H]2O[C@H](C)[C@@H](O[C@H]3C[C@@](C)(O)[C@@H](OC(=O)CC(C)C)[C@H](C)O3)[C@H](N(C)C)[C@H]2O)[C@@H](CC=O)C[C@@H](C)C(=O)/C=C/C(C)=C/[C@@H]1CO[C@@H]1O[C@H](C)[C@@H](OC(=O)C(N)Cc2ccc(O)cc2)[C@@H](OC)[C@H]1OC,TRUE,,-1.1375,-1.137470511
tylvalosin,Tylvalosin (Ì©Íò¾úËØ),REF_TYLVALOSIN,repository_reference,O68_attached_to_C64,68,64,C,MPM00895,Phosphonotyrosine,NC(Cc1ccc(OP(=O)(O)O)cc1)C(=O)O,1,CC[C@H]1OC(=O)C[C@@H](OC(C)=O)[C@H](C)[C@@H](O[C@@H]2O[C@H](C)[C@@H](O[C@H]3C[C@@](C)(O)[C@@H](OC(=O)CC(C)C)[C@H](C)O3)[C@H](N(C)C)[C@H]2O)[C@@H](CC=O)C[C@@H](C)C(=O)/C=C/C(C)=C/[C@@H]1CO[C@@H]1O[C@H](C)[C@@H](OC(=O)C(N)Cc2ccc(OP(=O)(O)O)cc2)[C@@H](OC)[C@H]1OC,CC[C@H]1OC(=O)C[C@@H](OC(C)=O)[C@H](C)[C@@H](O[C@@H]2O[C@H](C)[C@@H](O[C@H]3C[C@@](C)(O)[C@@H](OC(=O)CC(C)C)[C@H](C)O3)[C@H](N(C)C)[C@H]2O)[C@@H](CC=O)C[C@@H](C)C(=O)/C=C/C(C)=C/[C@@H]1CO[C@@H]1O[C@H](C)[C@@H](OC(=O)C(N)Cc2ccc(OP(=O)(O)O)cc2)[C@@H](OC)[C@H]1OC,TRUE,,-1.6825,-1.682485504
tylvalosin,Tylvalosin (Ì©Íò¾úËØ),REF_TYLVALOSIN,repository_reference,O68_attached_to_C64,68,64,C,MPM00612,D-phenylalanine,NC(Cc1ccccc1)C(=O)O,1,CC[C@H]1OC(=O)C[C@@H](OC(C)=O)[C@H](C)[C@@H](O[C@@H]2O[C@H](C)[C@@H](O[C@H]3C[C@@](C)(O)[C@@H](OC(=O)CC(C)C)[C@H](C)O3)[C@H](N(C)C)[C@H]2O)[C@@H](CC=O)C[C@@H](C)C(=O)/C=C/C(C)=C/[C@@H]1CO[C@@H]1O[C@H](C)[C@@H](OC(=O)C(N)Cc2ccccc2)[C@@H](OC)[C@H]1OC,CC[C@H]1OC(=O)C[C@@H](OC(C)=O)[C@H](C)[C@@H](O[C@@H]2O[C@H](C)[C@@H](O[C@H]3C[C@@](C)(O)[C@@H](OC(=O)CC(C)C)[C@H](C)O3)[C@H](N(C)C)[C@H]2O)[C@@H](CC=O)C[C@@H](C)C(=O)/C=C/C(C)=C/[C@@H]1CO[C@@H]1O[C@H](C)[C@@H](OC(=O)C(N)Cc2ccccc2)[C@@H](OC)[C@H]1OC,TRUE,,-1.4984,-1.498379676
tylvalosin,Tylvalosin (Ì©Íò¾úËØ),REF_TYLVALOSIN,repository_reference,O68_attached_to_C64,68,64,C,MPM01077,(S)-alpha-Amino-1H-imidazole-4-propionic acid,NC(Cc1cnc[nH]1)C(=O)O,1,CC[C@H]1OC(=O)C[C@@H](OC(C)=O)[C@H](C)[C@@H](O[C@@H]2O[C@H](C)[C@@H](O[C@H]3C[C@@](C)(O)[C@@H](OC(=O)CC(C)C)[C@H](C)O3)[C@H](N(C)C)[C@H]2O)[C@@H](CC=O)C[C@@H](C)C(=O)/C=C/C(C)=C/[C@@H]1CO[C@@H]1O[C@H](C)[C@@H](OC(=O)C(N)Cc2cnc[nH]2)[C@@H](OC)[C@H]1OC,CC[C@H]1OC(=O)C[C@@H](OC(C)=O)[C@H](C)[C@@H](O[C@@H]2O[C@H](C)[C@@H](O[C@H]3C[C@@](C)(O)[C@@H](OC(=O)CC(C)C)[C@H](C)O3)[C@H](N(C)C)[C@H]2O)[C@@H](CC=O)C[C@@H](C)C(=O)/C=C/C(C)=C/[C@@H]1CO[C@@H]1O[C@H](C)[C@@H](OC(=O)C(N)Cc2cnc[nH]2)[C@@H](OC)[C@H]1OC,TRUE,,-1.5017,-1.501693363
tylvalosin,Tylvalosin (Ì©Íò¾úËØ),REF_TYLVALOSIN,repository_reference,O68_attached_to_C64,68,64,C,MPM01165,2-Oxoarginine,NC(N)=NCCCC(=O)C(=O)O,1,CC[C@H]1OC(=O)C[C@@H](OC(C)=O)[C@H](C)[C@@H](O[C@@H]2O[C@H](C)[C@@H](O[C@H]3C[C@@](C)(O)[C@@H](OC(=O)CC(C)C)[C@H](C)O3)[C@H](N(C)C)[C@H]2O)[C@@H](CC=O)C[C@@H](C)C(=O)/C=C/C(C)=C/[C@@H]1CO[C@@H]1O[C@H](C)[C@@H](OC(=O)C(=O)CCCN=C(N)N)[C@@H](OC)[C@H]1OC,CC[C@H]1OC(=O)C[C@@H](OC(C)=O)[C@H](C)[C@@H](O[C@@H]2O[C@H](C)[C@@H](O[C@H]3C[C@@](C)(O)[C@@H](OC(=O)CC(C)C)[C@H](C)O3)[C@H](N(C)C)[C@H]2O)[C@@H](CC=O)C[C@@H](C)C(=O)/C=C/C(C)=C/[C@@H]1CO[C@@H]1O[C@H](C)[C@@H](OC(=O)C(=O)CCCN=C(N)N)[C@@H](OC)[C@H]1OC,TRUE,,-1.4514,-1.451434499
tylvalosin,Tylvalosin (Ì©Íò¾úËØ),REF_TYLVALOSIN,repository_reference,O68_attached_to_C64,68,64,C,MPM00541,D-2-Amino-5-guanidinovaleric acid,NC(N)=NCCCC(N)C(=O)O,1,CC[C@H]1OC(=O)C[C@@H](OC(C)=O)[C@H](C)[C@@H](O[C@@H]2O[C@H](C)[C@@H](O[C@H]3C[C@@](C)(O)[C@@H](OC(=O)CC(C)C)[C@H](C)O3)[C@H](N(C)C)[C@H]2O)[C@@H](CC=O)C[C@@H](C)C(=O)/C=C/C(C)=C/[C@@H]1CO[C@@H]1O[C@H](C)[C@@H](OC(=O)C(N)CCCN=C(N)N)[C@@H](OC)[C@H]1OC,CC[C@H]1OC(=O)C[C@@H](OC(C)=O)[C@H](C)[C@@H](O[C@@H]2O[C@H](C)[C@@H](O[C@H]3C[C@@](C)(O)[C@@H](OC(=O)CC(C)C)[C@H](C)O3)[C@H](N(C)C)[C@H]2O)[C@@H](CC=O)C[C@@H](C)C(=O)/C=C/C(C)=C/[C@@H]1CO[C@@H]1O[C@H](C)[C@@H](OC(=O)C(N)CCCN=C(N)N)[C@@H](OC)[C@H]1OC,TRUE,,-1.3375,-1.337538045
tylvalosin,Tylvalosin (Ì©Íò¾úËØ),REF_TYLVALOSIN,repository_reference,O68_attached_to_C64,68,64,C,MPM01242,5-Amino-4-oxovaleric acid,NCC(=O)CCC(=O)O,1,CC[C@H]1OC(=O)C[C@@H](OC(C)=O)[C@H](C)[C@@H](O[C@@H]2O[C@H](C)[C@@H](O[C@H]3C[C@@](C)(O)[C@@H](OC(=O)CC(C)C)[C@H](C)O3)[C@H](N(C)C)[C@H]2O)[C@@H](CC=O)C[C@@H](C)C(=O)/C=C/C(C)=C/[C@@H]1CO[C@@H]1O[C@H](C)[C@@H](OC(=O)CCC(=O)CN)[C@@H](OC)[C@H]1OC,CC[C@H]1OC(=O)C[C@@H](OC(C)=O)[C@H](C)[C@@H](O[C@@H]2O[C@H](C)[C@@H](O[C@H]3C[C@@](C)(O)[C@@H](OC(=O)CC(C)C)[C@H](C)O3)[C@H](N(C)C)[C@H]2O)[C@@H](CC=O)C[C@@H](C)C(=O)/C=C/C(C)=C/[C@@H]1CO[C@@H]1O[C@H](C)[C@@H](OC(=O)CCC(=O)CN)[C@@H](OC)[C@H]1OC,TRUE,,-1.2027,-1.202691337
tylvalosin,Tylvalosin (Ì©Íò¾úËØ),REF_TYLVALOSIN,repository_reference,O68_attached_to_C64,68,64,C,MPM00674,Glycyl-l-glutamine,NCC(=O)NC(CCC(N)=O)C(=O)O,1,CC[C@H]1OC(=O)C[C@@H](OC(C)=O)[C@H](C)[C@@H](O[C@@H]2O[C@H](C)[C@@H](O[C@H]3C[C@@](C)(O)[C@@H](OC(=O)CC(C)C)[C@H](C)O3)[C@H](N(C)C)[C@H]2O)[C@@H](CC=O)C[C@@H](C)C(=O)/C=C/C(C)=C/[C@@H]1CO[C@@H]1O[C@H](C)[C@@H](OC(=O)C(CCC(N)=O)NC(=O)CN)[C@@H](OC)[C@H]1OC,CC[C@H]1OC(=O)C[C@@H](OC(C)=O)[C@H](C)[C@@H](O[C@@H]2O[C@H](C)[C@@H](O[C@H]3C[C@@](C)(O)[C@@H](OC(=O)CC(C)C)[C@H](C)O3)[C@H](N(C)C)[C@H]2O)[C@@H](CC=O)C[C@@H](C)C(=O)/C=C/C(C)=C/[C@@H]1CO[C@@H]1O[C@H](C)[C@@H](OC(=O)C(CCC(N)=O)NC(=O)CN)[C@@H](OC)[C@H]1OC,TRUE,,-1.0085,-1.008526655
tylvalosin,Tylvalosin (Ì©Íò¾úËØ),REF_TYLVALOSIN,repository_reference,O68_attached_to_C64,68,64,C,MPM00673,Glycylcysteine,NCC(=O)NC(CS)C(=O)O,1,CC[C@H]1OC(=O)C[C@@H](OC(C)=O)[C@H](C)[C@@H](O[C@@H]2O[C@H](C)[C@@H](O[C@H]3C[C@@](C)(O)[C@@H](OC(=O)CC(C)C)[C@H](C)O3)[C@H](N(C)C)[C@H]2O)[C@@H](CC=O)C[C@@H](C)C(=O)/C=C/C(C)=C/[C@@H]1CO[C@@H]1O[C@H](C)[C@@H](OC(=O)C(CS)NC(=O)CN)[C@@H](OC)[C@H]1OC,CC[C@H]1OC(=O)C[C@@H](OC(C)=O)[C@H](C)[C@@H](O[C@@H]2O[C@H](C)[C@@H](O[C@H]3C[C@@](C)(O)[C@@H](OC(=O)CC(C)C)[C@H](C)O3)[C@H](N(C)C)[C@H]2O)[C@@H](CC=O)C[C@@H](C)C(=O)/C=C/C(C)=C/[C@@H]1CO[C@@H]1O[C@H](C)[C@@H](OC(=O)C(CS)NC(=O)CN)[C@@H](OC)[C@H]1OC,TRUE,,-2.4435,-2.443459963
tylvalosin,Tylvalosin (Ì©Íò¾úËØ),REF_TYLVALOSIN,repository_reference,O68_attached_to_C64,68,64,C,MPM00677,Glycyl-L-tyrosine,NCC(=O)NC(Cc1ccc(O)cc1)C(=O)O,1,CC[C@H]1OC(=O)C[C@@H](OC(C)=O)[C@H](C)[C@@H](O[C@@H]2O[C@H](C)[C@@H](O[C@H]3C[C@@](C)(O)[C@@H](OC(=O)CC(C)C)[C@H](C)O3)[C@H](N(C)C)[C@H]2O)[C@@H](CC=O)C[C@@H](C)C(=O)/C=C/C(C)=C/[C@@H]1CO[C@@H]1O[C@H](C)[C@@H](OC(=O)C(Cc2ccc(O)cc2)NC(=O)CN)[C@@H](OC)[C@H]1OC,CC[C@H]1OC(=O)C[C@@H](OC(C)=O)[C@H](C)[C@@H](O[C@@H]2O[C@H](C)[C@@H](O[C@H]3C[C@@](C)(O)[C@@H](OC(=O)CC(C)C)[C@H](C)O3)[C@H](N(C)C)[C@H]2O)[C@@H](CC=O)C[C@@H](C)C(=O)/C=C/C(C)=C/[C@@H]1CO[C@@H]1O[C@H](C)[C@@H](OC(=O)C(Cc2ccc(O)cc2)NC(=O)CN)[C@@H](OC)[C@H]1OC,TRUE,,-0.9091,-0.909148221
tylvalosin,Tylvalosin (Ì©Íò¾úËØ),REF_TYLVALOSIN,repository_reference,O68_attached_to_C64,68,64,C,MPM00676,Glycyl-L-phenylalanine,NCC(=O)NC(Cc1ccccc1)C(=O)O,1,CC[C@H]1OC(=O)C[C@@H](OC(C)=O)[C@H](C)[C@@H](O[C@@H]2O[C@H](C)[C@@H](O[C@H]3C[C@@](C)(O)[C@@H](OC(=O)CC(C)C)[C@H](C)O3)[C@H](N(C)C)[C@H]2O)[C@@H](CC=O)C[C@@H](C)C(=O)/C=C/C(C)=C/[C@@H]1CO[C@@H]1O[C@H](C)[C@@H](OC(=O)C(Cc2ccccc2)NC(=O)CN)[C@@H](OC)[C@H]1OC,CC[C@H]1OC(=O)C[C@@H](OC(C)=O)[C@H](C)[C@@H](O[C@@H]2O[C@H](C)[C@@H](O[C@H]3C[C@@](C)(O)[C@@H](OC(=O)CC(C)C)[C@H](C)O3)[C@H](N(C)C)[C@H]2O)[C@@H](CC=O)C[C@@H](C)C(=O)/C=C/C(C)=C/[C@@H]1CO[C@@H]1O[C@H](C)[C@@H](OC(=O)C(Cc2ccccc2)NC(=O)CN)[C@@H](OC)[C@H]1OC,TRUE,,-1.2787,-1.27865132
tylvalosin,Tylvalosin (Ì©Íò¾úËØ),REF_TYLVALOSIN,repository_reference,O68_attached_to_C64,68,64,C,MPM01413,Gly,NCC(=O)O,1,CC[C@H]1OC(=O)C[C@@H](OC(C)=O)[C@H](C)[C@@H](O[C@@H]2O[C@H](C)[C@@H](O[C@H]3C[C@@](C)(O)[C@@H](OC(=O)CC(C)C)[C@H](C)O3)[C@H](N(C)C)[C@H]2O)[C@@H](CC=O)C[C@@H](C)C(=O)/C=C/C(C)=C/[C@@H]1CO[C@@H]1O[C@H](C)[C@@H](OC(=O)CN)[C@@H](OC)[C@H]1OC,CC[C@H]1OC(=O)C[C@@H](OC(C)=O)[C@H](C)[C@@H](O[C@@H]2O[C@H](C)[C@@H](O[C@H]3C[C@@](C)(O)[C@@H](OC(=O)CC(C)C)[C@H](C)O3)[C@H](N(C)C)[C@H]2O)[C@@H](CC=O)C[C@@H](C)C(=O)/C=C/C(C)=C/[C@@H]1CO[C@@H]1O[C@H](C)[C@@H](OC(=O)CN)[C@@H](OC)[C@H]1OC,TRUE,,-1.0424,-1.042358667
tylvalosin,Tylvalosin (Ì©Íò¾úËØ),REF_TYLVALOSIN,repository_reference,O68_attached_to_C64,68,64,C,MPM01074,"(S)-2,3-Diaminopropanoate",NCC(N)C(=O)O,1,CC[C@H]1OC(=O)C[C@@H](OC(C)=O)[C@H](C)[C@@H](O[C@@H]2O[C@H](C)[C@@H](O[C@H]3C[C@@](C)(O)[C@@H](OC(=O)CC(C)C)[C@H](C)O3)[C@H](N(C)C)[C@H]2O)[C@@H](CC=O)C[C@@H](C)C(=O)/C=C/C(C)=C/[C@@H]1CO[C@@H]1O[C@H](C)[C@@H](OC(=O)C(N)CN)[C@@H](OC)[C@H]1OC,CC[C@H]1OC(=O)C[C@@H](OC(C)=O)[C@H](C)[C@@H](O[C@@H]2O[C@H](C)[C@@H](O[C@H]3C[C@@](C)(O)[C@@H](OC(=O)CC(C)C)[C@H](C)O3)[C@H](N(C)C)[C@H]2O)[C@@H](CC=O)C[C@@H](C)C(=O)/C=C/C(C)=C/[C@@H]1CO[C@@H]1O[C@H](C)[C@@H](OC(=O)C(N)CN)[C@@H](OC)[C@H]1OC,TRUE,,-0.8958,-0.895777089
tylvalosin,Tylvalosin (Ì©Íò¾úËØ),REF_TYLVALOSIN,repository_reference,O68_attached_to_C64,68,64,C,MPM01212,3-Aminopropanoate,NCCC(=O)O,1,CC[C@H]1OC(=O)C[C@@H](OC(C)=O)[C@H](C)[C@@H](O[C@@H]2O[C@H](C)[C@@H](O[C@H]3C[C@@](C)(O)[C@@H](OC(=O)CC(C)C)[C@H](C)O3)[C@H](N(C)C)[C@H]2O)[C@@H](CC=O)C[C@@H](C)C(=O)/C=C/C(C)=C/[C@@H]1CO[C@@H]1O[C@H](C)[C@@H](OC(=O)CCN)[C@@H](OC)[C@H]1OC,CC[C@H]1OC(=O)C[C@@H](OC(C)=O)[C@H](C)[C@@H](O[C@@H]2O[C@H](C)[C@@H](O[C@H]3C[C@@](C)(O)[C@@H](OC(=O)CC(C)C)[C@H](C)O3)[C@H](N(C)C)[C@H]2O)[C@@H](CC=O)C[C@@H](C)C(=O)/C=C/C(C)=C/[C@@H]1CO[C@@H]1O[C@H](C)[C@@H](OC(=O)CCN)[C@@H](OC)[C@H]1OC,TRUE,,-1.1333,-1.133261914
tylvalosin,Tylvalosin (Ì©Íò¾úËØ),REF_TYLVALOSIN,repository_reference,O68_attached_to_C64,68,64,C,MPM00725,"L-2,4-Diaminobutyrate",NCCC(N)C(=O)O,1,CC[C@H]1OC(=O)C[C@@H](OC(C)=O)[C@H](C)[C@@H](O[C@@H]2O[C@H](C)[C@@H](O[C@H]3C[C@@](C)(O)[C@@H](OC(=O)CC(C)C)[C@H](C)O3)[C@H](N(C)C)[C@H]2O)[C@@H](CC=O)C[C@@H](C)C(=O)/C=C/C(C)=C/[C@@H]1CO[C@@H]1O[C@H](C)[C@@H](OC(=O)C(N)CCN)[C@@H](OC)[C@H]1OC,CC[C@H]1OC(=O)C[C@@H](OC(C)=O)[C@H](C)[C@@H](O[C@@H]2O[C@H](C)[C@@H](O[C@H]3C[C@@](C)(O)[C@@H](OC(=O)CC(C)C)[C@H](C)O3)[C@H](N(C)C)[C@H]2O)[C@@H](CC=O)C[C@@H](C)C(=O)/C=C/C(C)=C/[C@@H]1CO[C@@H]1O[C@H](C)[C@@H](OC(=O)C(N)CCN)[C@@H](OC)[C@H]1OC,TRUE,,-0.9525,-0.952511602
tylvalosin,Tylvalosin (Ì©Íò¾úËØ),REF_TYLVALOSIN,repository_reference,O68_attached_to_C64,68,64,C,MPM01396,GABA,NCCCC(=O)O,1,CC[C@H]1OC(=O)C[C@@H](OC(C)=O)[C@H](C)[C@@H](O[C@@H]2O[C@H](C)[C@@H](O[C@H]3C[C@@](C)(O)[C@@H](OC(=O)CC(C)C)[C@H](C)O3)[C@H](N(C)C)[C@H]2O)[C@@H](CC=O)C[C@@H](C)C(=O)/C=C/C(C)=C/[C@@H]1CO[C@@H]1O[C@H](C)[C@@H](OC(=O)CCCN)[C@@H](OC)[C@H]1OC,CC[C@H]1OC(=O)C[C@@H](OC(C)=O)[C@H](C)[C@@H](O[C@@H]2O[C@H](C)[C@@H](O[C@H]3C[C@@](C)(O)[C@@H](OC(=O)CC(C)C)[C@H](C)O3)[C@H](N(C)C)[C@H]2O)[C@@H](CC=O)C[C@@H](C)C(=O)/C=C/C(C)=C/[C@@H]1CO[C@@H]1O[C@H](C)[C@@H](OC(=O)CCCN)[C@@H](OC)[C@H]1OC,TRUE,,-1.1949,-1.194936953
tylvalosin,Tylvalosin (Ì©Íò¾úËØ),REF_TYLVALOSIN,repository_reference,O68_attached_to_C64,68,64,C,MPM00093,"(S)-2,5-Diaminopentanoate",NCCCC(N)C(=O)O,1,CC[C@H]1OC(=O)C[C@@H](OC(C)=O)[C@H](C)[C@@H](O[C@@H]2O[C@H](C)[C@@H](O[C@H]3C[C@@](C)(O)[C@@H](OC(=O)CC(C)C)[C@H](C)O3)[C@H](N(C)C)[C@H]2O)[C@@H](CC=O)C[C@@H](C)C(=O)/C=C/C(C)=C/[C@@H]1CO[C@@H]1O[C@H](C)[C@@H](OC(=O)C(N)CCCN)[C@@H](OC)[C@H]1OC,CC[C@H]1OC(=O)C[C@@H](OC(C)=O)[C@H](C)[C@@H](O[C@@H]2O[C@H](C)[C@@H](O[C@H]3C[C@@](C)(O)[C@@H](OC(=O)CC(C)C)[C@H](C)O3)[C@H](N(C)C)[C@H]2O)[C@@H](CC=O)C[C@@H](C)C(=O)/C=C/C(C)=C/[C@@H]1CO[C@@H]1O[C@H](C)[C@@H](OC(=O)C(N)CCCN)[C@@H](OC)[C@H]1OC,TRUE,,-1.0157,-1.015650925
tylvalosin,Tylvalosin (Ì©Íò¾úËØ),REF_TYLVALOSIN,repository_reference,O68_attached_to_C64,68,64,C,MPM00742,L-beta-Lysine,NCCCC(N)CC(=O)O,1,CC[C@H]1OC(=O)C[C@@H](OC(C)=O)[C@H](C)[C@@H](O[C@@H]2O[C@H](C)[C@@H](O[C@H]3C[C@@](C)(O)[C@@H](OC(=O)CC(C)C)[C@H](C)O3)[C@H](N(C)C)[C@H]2O)[C@@H](CC=O)C[C@@H](C)C(=O)/C=C/C(C)=C/[C@@H]1CO[C@@H]1O[C@H](C)[C@@H](OC(=O)CC(N)CCCN)[C@@H](OC)[C@H]1OC,CC[C@H]1OC(=O)C[C@@H](OC(C)=O)[C@H](C)[C@@H](O[C@@H]2O[C@H](C)[C@@H](O[C@H]3C[C@@](C)(O)[C@@H](OC(=O)CC(C)C)[C@H](C)O3)[C@H](N(C)C)[C@H]2O)[C@@H](CC=O)C[C@@H](C)C(=O)/C=C/C(C)=C/[C@@H]1CO[C@@H]1O[C@H](C)[C@@H](OC(=O)CC(N)CCCN)[C@@H](OC)[C@H]1OC,TRUE,,-1.2725,-1.27248223
tylvalosin,Tylvalosin (Ì©Íò¾úËØ),REF_TYLVALOSIN,repository_reference,O68_attached_to_C64,68,64,C,MPM01164,2-Oxo-6-aminocaproate,NCCCCC(=O)C(=O)O,1,CC[C@H]1OC(=O)C[C@@H](OC(C)=O)[C@H](C)[C@@H](O[C@@H]2O[C@H](C)[C@@H](O[C@H]3C[C@@](C)(O)[C@@H](OC(=O)CC(C)C)[C@H](C)O3)[C@H](N(C)C)[C@H]2O)[C@@H](CC=O)C[C@@H](C)C(=O)/C=C/C(C)=C/[C@@H]1CO[C@@H]1O[C@H](C)[C@@H](OC(=O)C(=O)CCCCN)[C@@H](OC)[C@H]1OC,CC[C@H]1OC(=O)C[C@@H](OC(C)=O)[C@H](C)[C@@H](O[C@@H]2O[C@H](C)[C@@H](O[C@H]3C[C@@](C)(O)[C@@H](OC(=O)CC(C)C)[C@H](C)O3)[C@H](N(C)C)[C@H]2O)[C@@H](CC=O)C[C@@H](C)C(=O)/C=C/C(C)=C/[C@@H]1CO[C@@H]1O[C@H](C)[C@@H](OC(=O)C(=O)CCCCN)[C@@H](OC)[C@H]1OC,TRUE,,-1.1998,-1.19976289
tylvalosin,Tylvalosin (Ì©Íò¾úËØ),REF_TYLVALOSIN,repository_reference,O68_attached_to_C64,68,64,C,MPM00184,"2,6-Diaminohexanoic acid",NCCCCC(N)C(=O)O,1,CC[C@H]1OC(=O)C[C@@H](OC(C)=O)[C@H](C)[C@@H](O[C@@H]2O[C@H](C)[C@@H](O[C@H]3C[C@@](C)(O)[C@@H](OC(=O)CC(C)C)[C@H](C)O3)[C@H](N(C)C)[C@H]2O)[C@@H](CC=O)C[C@@H](C)C(=O)/C=C/C(C)=C/[C@@H]1CO[C@@H]1O[C@H](C)[C@@H](OC(=O)C(N)CCCCN)[C@@H](OC)[C@H]1OC,CC[C@H]1OC(=O)C[C@@H](OC(C)=O)[C@H](C)[C@@H](O[C@@H]2O[C@H](C)[C@@H](O[C@H]3C[C@@](C)(O)[C@@H](OC(=O)CC(C)C)[C@H](C)O3)[C@H](N(C)C)[C@H]2O)[C@@H](CC=O)C[C@@H](C)C(=O)/C=C/C(C)=C/[C@@H]1CO[C@@H]1O[C@H](C)[C@@H](OC(=O)C(N)CCCCN)[C@@H](OC)[C@H]1OC,TRUE,,-1.0806,-1.0805959
tylvalosin,Tylvalosin (Ì©Íò¾úËØ),REF_TYLVALOSIN,repository_reference,O68_attached_to_C64,68,64,C,MPM00373,5-Amino-1-(5-phospho-D-ribosyl)imidazole-4-carboxylate,Nc1c(C(=O)O)ncn1C1OC(COP(=O)(O)O)C(O)C1O,1,CC[C@H]1OC(=O)C[C@@H](OC(C)=O)[C@H](C)[C@@H](O[C@@H]2O[C@H](C)[C@@H](O[C@H]3C[C@@](C)(O)[C@@H](OC(=O)CC(C)C)[C@H](C)O3)[C@H](N(C)C)[C@H]2O)[C@@H](CC=O)C[C@@H](C)C(=O)/C=C/C(C)=C/[C@@H]1CO[C@@H]1O[C@H](C)[C@@H](OC(=O)c2ncn(C3OC(COP(=O)(O)O)C(O)C3O)c2N)[C@@H](OC)[C@H]1OC,CC[C@H]1OC(=O)C[C@@H](OC(C)=O)[C@H](C)[C@@H](O[C@@H]2O[C@H](C)[C@@H](O[C@H]3C[C@@](C)(O)[C@@H](OC(=O)CC(C)C)[C@H](C)O3)[C@H](N(C)C)[C@H]2O)[C@@H](CC=O)C[C@@H](C)C(=O)/C=C/C(C)=C/[C@@H]1CO[C@@H]1O[C@H](C)[C@@H](OC(=O)c2ncn(C3OC(COP(=O)(O)O)C(O)C3O)c2N)[C@@H](OC)[C@H]1OC,TRUE,,-4.0328,-4.032760291
tylvalosin,Tylvalosin (Ì©Íò¾úËØ),REF_TYLVALOSIN,repository_reference,O68_attached_to_C64,68,64,C,MPM00854,p-Aminobenzoate,Nc1ccc(C(=O)O)cc1,1,CC[C@H]1OC(=O)C[C@@H](OC(C)=O)[C@H](C)[C@@H](O[C@@H]2O[C@H](C)[C@@H](O[C@H]3C[C@@](C)(O)[C@@H](OC(=O)CC(C)C)[C@H](C)O3)[C@H](N(C)C)[C@H]2O)[C@@H](CC=O)C[C@@H](C)C(=O)/C=C/C(C)=C/[C@@H]1CO[C@@H]1O[C@H](C)[C@@H](OC(=O)c2ccc(N)cc2)[C@@H](OC)[C@H]1OC,CC[C@H]1OC(=O)C[C@@H](OC(C)=O)[C@H](C)[C@@H](O[C@@H]2O[C@H](C)[C@@H](O[C@H]3C[C@@](C)(O)[C@@H](OC(=O)CC(C)C)[C@H](C)O3)[C@H](N(C)C)[C@H]2O)[C@@H](CC=O)C[C@@H](C)C(=O)/C=C/C(C)=C/[C@@H]1CO[C@@H]1O[C@H](C)[C@@H](OC(=O)c2ccc(N)cc2)[C@@H](OC)[C@H]1OC,TRUE,,-1.1042,-1.104165271
tylvalosin,Tylvalosin (Ì©Íò¾úËØ),REF_TYLVALOSIN,repository_reference,O68_attached_to_C64,68,64,C,MPM00406,"7,8-Dihydropteroate",Nc1nc2c(c(=O)[nH]1)N=C(CNc1ccc(C(=O)O)cc1)CN2,1,CC[C@H]1OC(=O)C[C@@H](OC(C)=O)[C@H](C)[C@@H](O[C@@H]2O[C@H](C)[C@@H](O[C@H]3C[C@@](C)(O)[C@@H](OC(=O)CC(C)C)[C@H](C)O3)[C@H](N(C)C)[C@H]2O)[C@@H](CC=O)C[C@@H](C)C(=O)/C=C/C(C)=C/[C@@H]1CO[C@@H]1O[C@H](C)[C@@H](OC(=O)c2ccc(NCC3=Nc4c(nc(N)[nH]c4=O)NC3)cc2)[C@@H](OC)[C@H]1OC,CC[C@H]1OC(=O)C[C@@H](OC(C)=O)[C@H](C)[C@@H](O[C@@H]2O[C@H](C)[C@@H](O[C@H]3C[C@@](C)(O)[C@@H](OC(=O)CC(C)C)[C@H](C)O3)[C@H](N(C)C)[C@H]2O)[C@@H](CC=O)C[C@@H](C)C(=O)/C=C/C(C)=C/[C@@H]1CO[C@@H]1O[C@H](C)[C@@H](OC(=O)c2ccc(NCC3=Nc4c(nc(N)[nH]c4=O)NC3)cc2)[C@@H](OC)[C@H]1OC,TRUE,,-1.6762,-1.676213022
tylvalosin,Tylvalosin (Ì©Íò¾úËØ),REF_TYLVALOSIN,repository_reference,O68_attached_to_C64,68,64,C,MPM00938,Se-Adenosylselenohomocysteine,Nc1ncnc2c1ncn2C1OC(C[Se]CCC(N)C(=O)O)C(O)C1O,1,CC[C@H]1OC(=O)C[C@@H](OC(C)=O)[C@H](C)[C@@H](O[C@@H]2O[C@H](C)[C@@H](O[C@H]3C[C@@](C)(O)[C@@H](OC(=O)CC(C)C)[C@H](C)O3)[C@H](N(C)C)[C@H]2O)[C@@H](CC=O)C[C@@H](C)C(=O)/C=C/C(C)=C/[C@@H]1CO[C@@H]1O[C@H](C)[C@@H](OC(=O)C(N)CC[Se]CC2OC(n3cnc4c(N)ncnc43)C(O)C2O)[C@@H](OC)[C@H]1OC,CC[C@H]1OC(=O)C[C@@H](OC(C)=O)[C@H](C)[C@@H](O[C@@H]2O[C@H](C)[C@@H](O[C@H]3C[C@@](C)(O)[C@@H](OC(=O)CC(C)C)[C@H](C)O3)[C@H](N(C)C)[C@H]2O)[C@@H](CC=O)C[C@@H](C)C(=O)/C=C/C(C)=C/[C@@H]1CO[C@@H]1O[C@H](C)[C@@H](OC(=O)C(N)CC[Se]CC2OC(n3cnc4c(N)ncnc43)C(O)C2O)[C@@H](OC)[C@H]1OC,TRUE,,-4.2326,-4.232648791
tylvalosin,Tylvalosin (Ì©Íò¾úËØ),REF_TYLVALOSIN,repository_reference,O68_attached_to_C64,68,64,C,MPM00210,2-Dehydro-3-deoxy-D-galactonate,O=C(O)C(=O)CC(O)C(O)CO,1,CC[C@H]1OC(=O)C[C@@H](OC(C)=O)[C@H](C)[C@@H](O[C@@H]2O[C@H](C)[C@@H](O[C@H]3C[C@@](C)(O)[C@@H](OC(=O)CC(C)C)[C@H](C)O3)[C@H](N(C)C)[C@H]2O)[C@@H](CC=O)C[C@@H](C)C(=O)/C=C/C(C)=C/[C@@H]1CO[C@@H]1O[C@H](C)[C@@H](OC(=O)C(=O)CC(O)C(O)CO)[C@@H](OC)[C@H]1OC,CC[C@H]1OC(=O)C[C@@H](OC(C)=O)[C@H](C)[C@@H](O[C@@H]2O[C@H](C)[C@@H](O[C@H]3C[C@@](C)(O)[C@@H](OC(=O)CC(C)C)[C@H](C)O3)[C@H](N(C)C)[C@H]2O)[C@@H](CC=O)C[C@@H](C)C(=O)/C=C/C(C)=C/[C@@H]1CO[C@@H]1O[C@H](C)[C@@H](OC(=O)C(=O)CC(O)C(O)CO)[C@@H](OC)[C@H]1OC,TRUE,,-1.9277,-1.927705116
tylvalosin,Tylvalosin (Ì©Íò¾úËØ),REF_TYLVALOSIN,repository_reference,O68_attached_to_C64,68,64,C,MPM00212,2-Dehydro-3-deoxy-D-gluconate 6-phosphate,O=C(O)C(=O)CC(O)C(O)COP(=O)(O)O,1,CC[C@H]1OC(=O)C[C@@H](OC(C)=O)[C@H](C)[C@@H](O[C@@H]2O[C@H](C)[C@@H](O[C@H]3C[C@@](C)(O)[C@@H](OC(=O)CC(C)C)[C@H](C)O3)[C@H](N(C)C)[C@H]2O)[C@@H](CC=O)C[C@@H](C)C(=O)/C=C/C(C)=C/[C@@H]1CO[C@@H]1O[C@H](C)[C@@H](OC(=O)C(=O)CC(O)C(O)COP(=O)(O)O)[C@@H](OC)[C@H]1OC,CC[C@H]1OC(=O)C[C@@H](OC(C)=O)[C@H](C)[C@@H](O[C@@H]2O[C@H](C)[C@@H](O[C@H]3C[C@@](C)(O)[C@@H](OC(=O)CC(C)C)[C@H](C)O3)[C@H](N(C)C)[C@H]2O)[C@@H](CC=O)C[C@@H](C)C(=O)/C=C/C(C)=C/[C@@H]1CO[C@@H]1O[C@H](C)[C@@H](OC(=O)C(=O)CC(O)C(O)COP(=O)(O)O)[C@@H](OC)[C@H]1OC,TRUE,,-2.0934,-2.093390958
tylvalosin,Tylvalosin (Ì©Íò¾úËØ),REF_TYLVALOSIN,repository_reference,O68_attached_to_C64,68,64,C,MPM00304,3-Hydroxypyruvic acid,O=C(O)C(=O)CO,1,CC[C@H]1OC(=O)C[C@@H](OC(C)=O)[C@H](C)[C@@H](O[C@@H]2O[C@H](C)[C@@H](O[C@H]3C[C@@](C)(O)[C@@H](OC(=O)CC(C)C)[C@H](C)O3)[C@H](N(C)C)[C@H]2O)[C@@H](CC=O)C[C@@H](C)C(=O)/C=C/C(C)=C/[C@@H]1CO[C@@H]1O[C@H](C)[C@@H](OC(=O)C(=O)CO)[C@@H](OC)[C@H]1OC,CC[C@H]1OC(=O)C[C@@H](OC(C)=O)[C@H](C)[C@@H](O[C@@H]2O[C@H](C)[C@@H](O[C@H]3C[C@@](C)(O)[C@@H](OC(=O)CC(C)C)[C@H](C)O3)[C@H](N(C)C)[C@H]2O)[C@@H](CC=O)C[C@@H](C)C(=O)/C=C/C(C)=C/[C@@H]1CO[C@@H]1O[C@H](C)[C@@H](OC(=O)C(=O)CO)[C@@H](OC)[C@H]1OC,TRUE,,-1.0138,-1.013849676
tylvalosin,Tylvalosin (Ì©Íò¾úËØ),REF_TYLVALOSIN,repository_reference,O68_attached_to_C64,68,64,C,MPM00897,p-Hydroxyphenylpyruvic acid,O=C(O)C(=O)Cc1ccc(O)cc1,1,CC[C@H]1OC(=O)C[C@@H](OC(C)=O)[C@H](C)[C@@H](O[C@@H]2O[C@H](C)[C@@H](O[C@H]3C[C@@](C)(O)[C@@H](OC(=O)CC(C)C)[C@H](C)O3)[C@H](N(C)C)[C@H]2O)[C@@H](CC=O)C[C@@H](C)C(=O)/C=C/C(C)=C/[C@@H]1CO[C@@H]1O[C@H](C)[C@@H](OC(=O)C(=O)Cc2ccc(O)cc2)[C@@H](OC)[C@H]1OC,CC[C@H]1OC(=O)C[C@@H](OC(C)=O)[C@H](C)[C@@H](O[C@@H]2O[C@H](C)[C@@H](O[C@H]3C[C@@](C)(O)[C@@H](OC(=O)CC(C)C)[C@H](C)O3)[C@H](N(C)C)[C@H]2O)[C@@H](CC=O)C[C@@H](C)C(=O)/C=C/C(C)=C/[C@@H]1CO[C@@H]1O[C@H](C)[C@@H](OC(=O)C(=O)Cc2ccc(O)cc2)[C@@H](OC)[C@H]1OC,TRUE,,-1.0724,-1.072405416
tylvalosin,Tylvalosin (Ì©Íò¾úËØ),REF_TYLVALOSIN,repository_reference,O68_attached_to_C64,68,64,C,MPM00253,2-Oxo-3-phenylpropanoate,O=C(O)C(=O)Cc1ccccc1,1,CC[C@H]1OC(=O)C[C@@H](OC(C)=O)[C@H](C)[C@@H](O[C@@H]2O[C@H](C)[C@@H](O[C@H]3C[C@@](C)(O)[C@@H](OC(=O)CC(C)C)[C@H](C)O3)[C@H](N(C)C)[C@H]2O)[C@@H](CC=O)C[C@@H](C)C(=O)/C=C/C(C)=C/[C@@H]1CO[C@@H]1O[C@H](C)[C@@H](OC(=O)C(=O)Cc2ccccc2)[C@@H](OC)[C@H]1OC,CC[C@H]1OC(=O)C[C@@H](OC(C)=O)[C@H](C)[C@@H](O[C@@H]2O[C@H](C)[C@@H](O[C@H]3C[C@@](C)(O)[C@@H](OC(=O)CC(C)C)[C@H](C)O3)[C@H](N(C)C)[C@H]2O)[C@@H](CC=O)C[C@@H](C)C(=O)/C=C/C(C)=C/[C@@H]1CO[C@@H]1O[C@H](C)[C@@H](OC(=O)C(=O)Cc2ccccc2)[C@@H](OC)[C@H]1OC,TRUE,,-1.4364,-1.436401812
tylvalosin,Tylvalosin (Ì©Íò¾úËØ),REF_TYLVALOSIN,repository_reference,O68_attached_to_C64,68,64,C,MPM00249,2-O-(alpha-D-Mannopyranosyl)-D-glycerate,O=C(O)C(CO)OC1OC(CO)C(O)C(O)C1O,1,CC[C@H]1OC(=O)C[C@@H](OC(C)=O)[C@H](C)[C@@H](O[C@@H]2O[C@H](C)[C@@H](O[C@H]3C[C@@](C)(O)[C@@H](OC(=O)CC(C)C)[C@H](C)O3)[C@H](N(C)C)[C@H]2O)[C@@H](CC=O)C[C@@H](C)C(=O)/C=C/C(C)=C/[C@@H]1CO[C@@H]1O[C@H](C)[C@@H](OC(=O)C(CO)OC2OC(CO)C(O)C(O)C2O)[C@@H](OC)[C@H]1OC,CC[C@H]1OC(=O)C[C@@H](OC(C)=O)[C@H](C)[C@@H](O[C@@H]2O[C@H](C)[C@@H](O[C@H]3C[C@@](C)(O)[C@@H](OC(=O)CC(C)C)[C@H](C)O3)[C@H](N(C)C)[C@H]2O)[C@@H](CC=O)C[C@@H](C)C(=O)/C=C/C(C)=C/[C@@H]1CO[C@@H]1O[C@H](C)[C@@H](OC(=O)C(CO)OC2OC(CO)C(O)C(O)C2O)[C@@H](OC)[C@H]1OC,TRUE,,-2.6472,-2.647172313
tylvalosin,Tylvalosin (Ì©Íò¾úËØ),REF_TYLVALOSIN,repository_reference,O68_attached_to_C64,68,64,C,MPM00248,2-O-(6-Phospho-alpha-D-mannosyl)-D-glycerate,O=C(O)C(CO)OC1OC(COP(=O)(O)O)C(O)C(O)C1O,1,CC[C@H]1OC(=O)C[C@@H](OC(C)=O)[C@H](C)[C@@H](O[C@@H]2O[C@H](C)[C@@H](O[C@H]3C[C@@](C)(O)[C@@H](OC(=O)CC(C)C)[C@H](C)O3)[C@H](N(C)C)[C@H]2O)[C@@H](CC=O)C[C@@H](C)C(=O)/C=C/C(C)=C/[C@@H]1CO[C@@H]1O[C@H](C)[C@@H](OC(=O)C(CO)OC2OC(COP(=O)(O)O)C(O)C(O)C2O)[C@@H](OC)[C@H]1OC,CC[C@H]1OC(=O)C[C@@H](OC(C)=O)[C@H](C)[C@@H](O[C@@H]2O[C@H](C)[C@@H](O[C@H]3C[C@@](C)(O)[C@@H](OC(=O)CC(C)C)[C@H](C)O3)[C@H](N(C)C)[C@H]2O)[C@@H](CC=O)C[C@@H](C)C(=O)/C=C/C(C)=C/[C@@H]1CO[C@@H]1O[C@H](C)[C@@H](OC(=O)C(CO)OC2OC(COP(=O)(O)O)C(O)C(O)C2O)[C@@H](OC)[C@H]1OC,TRUE,,-2.8095,-2.80949728
tylvalosin,Tylvalosin (Ì©Íò¾úËØ),REF_TYLVALOSIN,repository_reference,O68_attached_to_C64,68,64,C,MPM00262,2-Phospho-(R)-glycerate,O=C(O)C(CO)OP(=O)(O)O,1,CC[C@H]1OC(=O)C[C@@H](OC(C)=O)[C@H](C)[C@@H](O[C@@H]2O[C@H](C)[C@@H](O[C@H]3C[C@@](C)(O)[C@@H](OC(=O)CC(C)C)[C@H](C)O3)[C@H](N(C)C)[C@H]2O)[C@@H](CC=O)C[C@@H](C)C(=O)/C=C/C(C)=C/[C@@H]1CO[C@@H]1O[C@H](C)[C@@H](OC(=O)C(CO)OP(=O)(O)O)[C@@H](OC)[C@H]1OC,CC[C@H]1OC(=O)C[C@@H](OC(C)=O)[C@H](C)[C@@H](O[C@@H]2O[C@H](C)[C@@H](O[C@H]3C[C@@](C)(O)[C@@H](OC(=O)CC(C)C)[C@H](C)O3)[C@H](N(C)C)[C@H]2O)[C@@H](CC=O)C[C@@H](C)C(=O)/C=C/C(C)=C/[C@@H]1CO[C@@H]1O[C@H](C)[C@@H](OC(=O)C(CO)OP(=O)(O)O)[C@@H](OC)[C@H]1OC,TRUE,,-1.8708,-1.870760624
tylvalosin,Tylvalosin (Ì©Íò¾úËØ),REF_TYLVALOSIN,repository_reference,O68_attached_to_C64,68,64,C,MPM00380,5-Dehydrogluconate,O=C(O)C(O)C(O)C(O)C(=O)CO,1,CC[C@H]1OC(=O)C[C@@H](OC(C)=O)[C@H](C)[C@@H](O[C@@H]2O[C@H](C)[C@@H](O[C@H]3C[C@@](C)(O)[C@@H](OC(=O)CC(C)C)[C@H](C)O3)[C@H](N(C)C)[C@H]2O)[C@@H](CC=O)C[C@@H](C)C(=O)/C=C/C(C)=C/[C@@H]1CO[C@@H]1O[C@H](C)[C@@H](OC(=O)C(O)C(O)C(O)C(=O)CO)[C@@H](OC)[C@H]1OC,CC[C@H]1OC(=O)C[C@@H](OC(C)=O)[C@H](C)[C@@H](O[C@@H]2O[C@H](C)[C@@H](O[C@H]3C[C@@](C)(O)[C@@H](OC(=O)CC(C)C)[C@H](C)O3)[C@H](N(C)C)[C@H]2O)[C@@H](CC=O)C[C@@H](C)C(=O)/C=C/C(C)=C/[C@@H]1CO[C@@H]1O[C@H](C)[C@@H](OC(=O)C(O)C(O)C(O)C(=O)CO)[C@@H](OC)[C@H]1OC,TRUE,,-1.9686,-1.968623523
tylvalosin,Tylvalosin (Ì©Íò¾úËØ),REF_TYLVALOSIN,repository_reference,O68_attached_to_C64,68,64,C,MPM00547,D-Altronate,O=C(O)C(O)C(O)C(O)C(O)CO,1,CC[C@H]1OC(=O)C[C@@H](OC(C)=O)[C@H](C)[C@@H](O[C@@H]2O[C@H](C)[C@@H](O[C@H]3C[C@@](C)(O)[C@@H](OC(=O)CC(C)C)[C@H](C)O3)[C@H](N(C)C)[C@H]2O)[C@@H](CC=O)C[C@@H](C)C(=O)/C=C/C(C)=C/[C@@H]1CO[C@@H]1O[C@H](C)[C@@H](OC(=O)C(O)C(O)C(O)C(O)CO)[C@@H](OC)[C@H]1OC,CC[C@H]1OC(=O)C[C@@H](OC(C)=O)[C@H](C)[C@@H](O[C@@H]2O[C@H](C)[C@@H](O[C@H]3C[C@@](C)(O)[C@@H](OC(=O)CC(C)C)[C@H](C)O3)[C@H](N(C)C)[C@H]2O)[C@@H](CC=O)C[C@@H](C)C(=O)/C=C/C(C)=C/[C@@H]1CO[C@@H]1O[C@H](C)[C@@H](OC(=O)C(O)C(O)C(O)C(O)CO)[C@@H](OC)[C@H]1OC,TRUE,,-2.3227,-2.322656593
tylvalosin,Tylvalosin (Ì©Íò¾úËØ),REF_TYLVALOSIN,repository_reference,O68_attached_to_C64,68,64,C,MPM00401,6-Phospho-D-gluconate,O=C(O)C(O)C(O)C(O)C(O)COP(=O)(O)O,1,CC[C@H]1OC(=O)C[C@@H](OC(C)=O)[C@H](C)[C@@H](O[C@@H]2O[C@H](C)[C@@H](O[C@H]3C[C@@](C)(O)[C@@H](OC(=O)CC(C)C)[C@H](C)O3)[C@H](N(C)C)[C@H]2O)[C@@H](CC=O)C[C@@H](C)C(=O)/C=C/C(C)=C/[C@@H]1CO[C@@H]1O[C@H](C)[C@@H](OC(=O)C(O)C(O)C(O)C(O)COP(=O)(O)O)[C@@H](OC)[C@H]1OC,CC[C@H]1OC(=O)C[C@@H](OC(C)=O)[C@H](C)[C@@H](O[C@@H]2O[C@H](C)[C@@H](O[C@H]3C[C@@](C)(O)[C@@H](OC(=O)CC(C)C)[C@H](C)O3)[C@H](N(C)C)[C@H]2O)[C@@H](CC=O)C[C@@H](C)C(=O)/C=C/C(C)=C/[C@@H]1CO[C@@H]1O[C@H](C)[C@@H](OC(=O)C(O)C(O)C(O)C(O)COP(=O)(O)O)[C@@H](OC)[C@H]1OC,TRUE,,-2.4939,-2.493925114
tylvalosin,Tylvalosin (Ì©Íò¾úËØ),REF_TYLVALOSIN,repository_reference,O68_attached_to_C64,68,64,C,MPM00666,Glyceric acid,O=C(O)C(O)CO,1,CC[C@H]1OC(=O)C[C@@H](OC(C)=O)[C@H](C)[C@@H](O[C@@H]2O[C@H](C)[C@@H](O[C@H]3C[C@@](C)(O)[C@@H](OC(=O)CC(C)C)[C@H](C)O3)[C@H](N(C)C)[C@H]2O)[C@@H](CC=O)C[C@@H](C)C(=O)/C=C/C(C)=C/[C@@H]1CO[C@@H]1O[C@H](C)[C@@H](OC(=O)C(O)CO)[C@@H](OC)[C@H]1OC,CC[C@H]1OC(=O)C[C@@H](OC(C)=O)[C@H](C)[C@@H](O[C@@H]2O[C@H](C)[C@@H](O[C@H]3C[C@@](C)(O)[C@@H](OC(=O)CC(C)C)[C@H](C)O3)[C@H](N(C)C)[C@H]2O)[C@@H](CC=O)C[C@@H](C)C(=O)/C=C/C(C)=C/[C@@H]1CO[C@@H]1O[C@H](C)[C@@H](OC(=O)C(O)CO)[C@@H](OC)[C@H]1OC,TRUE,,-1.503,-1.50303938
tylvalosin,Tylvalosin (Ì©Íò¾úËØ),REF_TYLVALOSIN,repository_reference,O68_attached_to_C64,68,64,C,MPM00324,3-Phosphoglycerate,O=C(O)C(O)COP(=O)(O)O,1,CC[C@H]1OC(=O)C[C@@H](OC(C)=O)[C@H](C)[C@@H](O[C@@H]2O[C@H](C)[C@@H](O[C@H]3C[C@@](C)(O)[C@@H](OC(=O)CC(C)C)[C@H](C)O3)[C@H](N(C)C)[C@H]2O)[C@@H](CC=O)C[C@@H](C)C(=O)/C=C/C(C)=C/[C@@H]1CO[C@@H]1O[C@H](C)[C@@H](OC(=O)C(O)COP(=O)(O)O)[C@@H](OC)[C@H]1OC,CC[C@H]1OC(=O)C[C@@H](OC(C)=O)[C@H](C)[C@@H](O[C@@H]2O[C@H](C)[C@@H](O[C@H]3C[C@@](C)(O)[C@@H](OC(=O)CC(C)C)[C@H](C)O3)[C@H](N(C)C)[C@H]2O)[C@@H](CC=O)C[C@@H](C)C(=O)/C=C/C(C)=C/[C@@H]1CO[C@@H]1O[C@H](C)[C@@H](OC(=O)C(O)COP(=O)(O)O)[C@@H](OC)[C@H]1OC,TRUE,,-1.6733,-1.673345637
tylvalosin,Tylvalosin (Ì©Íò¾úËØ),REF_TYLVALOSIN,repository_reference,O68_attached_to_C64,68,64,C,MPM00001,(-)-Quinic acid,O=C(O)C1(O)CC(O)C(O)C(O)C1,1,CC[C@H]1OC(=O)C[C@@H](OC(C)=O)[C@H](C)[C@@H](O[C@@H]2O[C@H](C)[C@@H](O[C@H]3C[C@@](C)(O)[C@@H](OC(=O)CC(C)C)[C@H](C)O3)[C@H](N(C)C)[C@H]2O)[C@@H](CC=O)C[C@@H](C)C(=O)/C=C/C(C)=C/[C@@H]1CO[C@@H]1O[C@H](C)[C@@H](OC(=O)C2(O)CC(O)C(O)C(O)C2)[C@@H](OC)[C@H]1OC,CC[C@H]1OC(=O)C[C@@H](OC(C)=O)[C@H](C)[C@@H](O[C@@H]2O[C@H](C)[C@@H](O[C@H]3C[C@@](C)(O)[C@@H](OC(=O)CC(C)C)[C@H](C)O3)[C@H](N(C)C)[C@H]2O)[C@@H](CC=O)C[C@@H](C)C(=O)/C=C/C(C)=C/[C@@H]1CO[C@@H]1O[C@H](C)[C@@H](OC(=O)C2(O)CC(O)C(O)C(O)C2)[C@@H](OC)[C@H]1OC,TRUE,,-2.5912,-2.591193749
tylvalosin,Tylvalosin (Ì©Íò¾úËØ),REF_TYLVALOSIN,repository_reference,O68_attached_to_C64,68,64,C,MPM00283,3-Dehydroshikimate,O=C(O)C1=CC(=O)C(O)C(O)C1,1,CC[C@H]1OC(=O)C[C@@H](OC(C)=O)[C@H](C)[C@@H](O[C@@H]2O[C@H](C)[C@@H](O[C@H]3C[C@@](C)(O)[C@@H](OC(=O)CC(C)C)[C@H](C)O3)[C@H](N(C)C)[C@H]2O)[C@@H](CC=O)C[C@@H](C)C(=O)/C=C/C(C)=C/[C@@H]1CO[C@@H]1O[C@H](C)[C@@H](OC(=O)C2=CC(=O)C(O)C(O)C2)[C@@H](OC)[C@H]1OC,CC[C@H]1OC(=O)C[C@@H](OC(C)=O)[C@H](C)[C@@H](O[C@@H]2O[C@H](C)[C@@H](O[C@H]3C[C@@](C)(O)[C@@H](OC(=O)CC(C)C)[C@H](C)O3)[C@H](N(C)C)[C@H]2O)[C@@H](CC=O)C[C@@H](C)C(=O)/C=C/C(C)=C/[C@@H]1CO[C@@H]1O[C@H](C)[C@@H](OC(=O)C2=CC(=O)C(O)C(O)C2)[C@@H](OC)[C@H]1OC,TRUE,,-1.7138,-1.713837123
tylvalosin,Tylvalosin (Ì©Íò¾úËØ),REF_TYLVALOSIN,repository_reference,O68_attached_to_C64,68,64,C,MPM00269,"3,4,5-Trihydroxy-1-cyclohexenecarboxylic acid",O=C(O)C1=CC(O)C(O)C(O)C1,1,CC[C@H]1OC(=O)C[C@@H](OC(C)=O)[C@H](C)[C@@H](O[C@@H]2O[C@H](C)[C@@H](O[C@H]3C[C@@](C)(O)[C@@H](OC(=O)CC(C)C)[C@H](C)O3)[C@H](N(C)C)[C@H]2O)[C@@H](CC=O)C[C@@H](C)C(=O)/C=C/C(C)=C/[C@@H]1CO[C@@H]1O[C@H](C)[C@@H](OC(=O)C2=CC(O)C(O)C(O)C2)[C@@H](OC)[C@H]1OC,CC[C@H]1OC(=O)C[C@@H](OC(C)=O)[C@H](C)[C@@H](O[C@@H]2O[C@H](C)[C@@H](O[C@H]3C[C@@](C)(O)[C@@H](OC(=O)CC(C)C)[C@H](C)O3)[C@H](N(C)C)[C@H]2O)[C@@H](CC=O)C[C@@H](C)C(=O)/C=C/C(C)=C/[C@@H]1CO[C@@H]1O[C@H](C)[C@@H](OC(=O)C2=CC(O)C(O)C(O)C2)[C@@H](OC)[C@H]1OC,TRUE,,-2.067,-2.067040953
tylvalosin,Tylvalosin (Ì©Íò¾úËØ),REF_TYLVALOSIN,repository_reference,O68_attached_to_C64,68,64,C,MPM00160,1-pyrroline-2-carboxylic acid zwitterion,O=C(O)C1=NCCC1,1,CC[C@H]1OC(=O)C[C@@H](OC(C)=O)[C@H](C)[C@@H](O[C@@H]2O[C@H](C)[C@@H](O[C@H]3C[C@@](C)(O)[C@@H](OC(=O)CC(C)C)[C@H](C)O3)[C@H](N(C)C)[C@H]2O)[C@@H](CC=O)C[C@@H](C)C(=O)/C=C/C(C)=C/[C@@H]1CO[C@@H]1O[C@H](C)[C@@H](OC(=O)C2=NCCC2)[C@@H](OC)[C@H]1OC,CC[C@H]1OC(=O)C[C@@H](OC(C)=O)[C@H](C)[C@@H](O[C@@H]2O[C@H](C)[C@@H](O[C@H]3C[C@@](C)(O)[C@@H](OC(=O)CC(C)C)[C@H](C)O3)[C@H](N(C)C)[C@H]2O)[C@@H](CC=O)C[C@@H](C)C(=O)/C=C/C(C)=C/[C@@H]1CO[C@@H]1O[C@H](C)[C@@H](OC(=O)C2=NCCC2)[C@@H](OC)[C@H]1OC,TRUE,,-1.7395,-1.739489093
tylvalosin,Tylvalosin (Ì©Íò¾úËØ),REF_TYLVALOSIN,repository_reference,O68_attached_to_C64,68,64,C,MPM01116,1-Piperideine-2-carboxylate,O=C(O)C1=NCCCC1,1,CC[C@H]1OC(=O)C[C@@H](OC(C)=O)[C@H](C)[C@@H](O[C@@H]2O[C@H](C)[C@@H](O[C@H]3C[C@@](C)(O)[C@@H](OC(=O)CC(C)C)[C@H](C)O3)[C@H](N(C)C)[C@H]2O)[C@@H](CC=O)C[C@@H](C)C(=O)/C=C/C(C)=C/[C@@H]1CO[C@@H]1O[C@H](C)[C@@H](OC(=O)C2=NCCCC2)[C@@H](OC)[C@H]1OC,CC[C@H]1OC(=O)C[C@@H](OC(C)=O)[C@H](C)[C@@H](O[C@@H]2O[C@H](C)[C@@H](O[C@H]3C[C@@](C)(O)[C@@H](OC(=O)CC(C)C)[C@H](C)O3)[C@H](N(C)C)[C@H]2O)[C@@H](CC=O)C[C@@H](C)C(=O)/C=C/C(C)=C/[C@@H]1CO[C@@H]1O[C@H](C)[C@@H](OC(=O)C2=NCCCC2)[C@@H](OC)[C@H]1OC,TRUE,,-1.7492,-1.749150478
tylvalosin,Tylvalosin (Ì©Íò¾úËØ),REF_TYLVALOSIN,repository_reference,O68_attached_to_C64,68,64,C,MPM00047,"(3R,5S)-3-Hydroxy-1-pyrroline-5-carboxylate",O=C(O)C1CC(O)C=N1,1,CC[C@H]1OC(=O)C[C@@H](OC(C)=O)[C@H](C)[C@@H](O[C@@H]2O[C@H](C)[C@@H](O[C@H]3C[C@@](C)(O)[C@@H](OC(=O)CC(C)C)[C@H](C)O3)[C@H](N(C)C)[C@H]2O)[C@@H](CC=O)C[C@@H](C)C(=O)/C=C/C(C)=C/[C@@H]1CO[C@@H]1O[C@H](C)[C@@H](OC(=O)C2CC(O)C=N2)[C@@H](OC)[C@H]1OC,CC[C@H]1OC(=O)C[C@@H](OC(C)=O)[C@H](C)[C@@H](O[C@@H]2O[C@H](C)[C@@H](O[C@H]3C[C@@](C)(O)[C@@H](OC(=O)CC(C)C)[C@H](C)O3)[C@H](N(C)C)[C@H]2O)[C@@H](CC=O)C[C@@H](C)C(=O)/C=C/C(C)=C/[C@@H]1CO[C@@H]1O[C@H](C)[C@@H](OC(=O)C2CC(O)C=N2)[C@@H](OC)[C@H]1OC,TRUE,,-2.3245,-2.324475566
tylvalosin,Tylvalosin (Ì©Íò¾úËØ),REF_TYLVALOSIN,repository_reference,O68_attached_to_C64,68,64,C,MPM00521,cis-4-Hydroxy-D-proline,O=C(O)C1CC(O)CN1,1,CC[C@H]1OC(=O)C[C@@H](OC(C)=O)[C@H](C)[C@@H](O[C@@H]2O[C@H](C)[C@@H](O[C@H]3C[C@@](C)(O)[C@@H](OC(=O)CC(C)C)[C@H](C)O3)[C@H](N(C)C)[C@H]2O)[C@@H](CC=O)C[C@@H](C)C(=O)/C=C/C(C)=C/[C@@H]1CO[C@@H]1O[C@H](C)[C@@H](OC(=O)C2CC(O)CN2)[C@@H](OC)[C@H]1OC,CC[C@H]1OC(=O)C[C@@H](OC(C)=O)[C@H](C)[C@@H](O[C@@H]2O[C@H](C)[C@@H](O[C@H]3C[C@@](C)(O)[C@@H](OC(=O)CC(C)C)[C@H](C)O3)[C@H](N(C)C)[C@H]2O)[C@@H](CC=O)C[C@@H](C)C(=O)/C=C/C(C)=C/[C@@H]1CO[C@@H]1O[C@H](C)[C@@H](OC(=O)C2CC(O)CN2)[C@@H](OC)[C@H]1OC,TRUE,,-1.6965,-1.696510876
tylvalosin,Tylvalosin (Ì©Íò¾úËØ),REF_TYLVALOSIN,repository_reference,O68_attached_to_C64,68,64,C,MPM00162,1-Pyrroline-5-carboxylate,O=C(O)C1CCC=N1,1,CC[C@H]1OC(=O)C[C@@H](OC(C)=O)[C@H](C)[C@@H](O[C@@H]2O[C@H](C)[C@@H](O[C@H]3C[C@@](C)(O)[C@@H](OC(=O)CC(C)C)[C@H](C)O3)[C@H](N(C)C)[C@H]2O)[C@@H](CC=O)C[C@@H](C)C(=O)/C=C/C(C)=C/[C@@H]1CO[C@@H]1O[C@H](C)[C@@H](OC(=O)C2CCC=N2)[C@@H](OC)[C@H]1OC,CC[C@H]1OC(=O)C[C@@H](OC(C)=O)[C@H](C)[C@@H](O[C@@H]2O[C@H](C)[C@@H](O[C@H]3C[C@@](C)(O)[C@@H](OC(=O)CC(C)C)[C@H](C)O3)[C@H](N(C)C)[C@H]2O)[C@@H](CC=O)C[C@@H](C)C(=O)/C=C/C(C)=C/[C@@H]1CO[C@@H]1O[C@H](C)[C@@H](OC(=O)C2CCC=N2)[C@@H](OC)[C@H]1OC,TRUE,,-1.9891,-1.989123746
tylvalosin,Tylvalosin (Ì©Íò¾úËØ),REF_TYLVALOSIN,repository_reference,O68_attached_to_C64,68,64,C,MPM00613,D-Proline,O=C(O)C1CCCN1,1,CC[C@H]1OC(=O)C[C@@H](OC(C)=O)[C@H](C)[C@@H](O[C@@H]2O[C@H](C)[C@@H](O[C@H]3C[C@@](C)(O)[C@@H](OC(=O)CC(C)C)[C@H](C)O3)[C@H](N(C)C)[C@H]2O)[C@@H](CC=O)C[C@@H](C)C(=O)/C=C/C(C)=C/[C@@H]1CO[C@@H]1O[C@H](C)[C@@H](OC(=O)C2CCCN2)[C@@H](OC)[C@H]1OC,CC[C@H]1OC(=O)C[C@@H](OC(C)=O)[C@H](C)[C@@H](O[C@@H]2O[C@H](C)[C@@H](O[C@H]3C[C@@](C)(O)[C@@H](OC(=O)CC(C)C)[C@H](C)O3)[C@H](N(C)C)[C@H]2O)[C@@H](CC=O)C[C@@H](C)C(=O)/C=C/C(C)=C/[C@@H]1CO[C@@H]1O[C@H](C)[C@@H](OC(=O)C2CCCN2)[C@@H](OC)[C@H]1OC,TRUE,,-1.3733,-1.37331938
tylvalosin,Tylvalosin (Ì©Íò¾úËØ),REF_TYLVALOSIN,repository_reference,O68_attached_to_C64,68,64,C,MPM00575,D-Galacturonic acid,O=C(O)C1OC(O)C(O)C(O)C1O,1,CC[C@H]1OC(=O)C[C@@H](OC(C)=O)[C@H](C)[C@@H](O[C@@H]2O[C@H](C)[C@@H](O[C@H]3C[C@@](C)(O)[C@@H](OC(=O)CC(C)C)[C@H](C)O3)[C@H](N(C)C)[C@H]2O)[C@@H](CC=O)C[C@@H](C)C(=O)/C=C/C(C)=C/[C@@H]1CO[C@@H]1O[C@H](C)[C@@H](OC(=O)C2OC(O)C(O)C(O)C2O)[C@@H](OC)[C@H]1OC,CC[C@H]1OC(=O)C[C@@H](OC(C)=O)[C@H](C)[C@@H](O[C@@H]2O[C@H](C)[C@@H](O[C@H]3C[C@@](C)(O)[C@@H](OC(=O)CC(C)C)[C@H](C)O3)[C@H](N(C)C)[C@H]2O)[C@@H](CC=O)C[C@@H](C)C(=O)/C=C/C(C)=C/[C@@H]1CO[C@@H]1O[C@H](C)[C@@H](OC(=O)C2OC(O)C(O)C(O)C2O)[C@@H](OC)[C@H]1OC,TRUE,,-2.389,-2.389019995
tylvalosin,Tylvalosin (Ì©Íò¾úËØ),REF_TYLVALOSIN,repository_reference,O68_attached_to_C64,68,64,C,MPM00158,1-Phospho-alpha-D-glucuronate,O=C(O)C1OC(OP(=O)(O)O)C(O)C(O)C1O,1,CC[C@H]1OC(=O)C[C@@H](OC(C)=O)[C@H](C)[C@@H](O[C@@H]2O[C@H](C)[C@@H](O[C@H]3C[C@@](C)(O)[C@@H](OC(=O)CC(C)C)[C@H](C)O3)[C@H](N(C)C)[C@H]2O)[C@@H](CC=O)C[C@@H](C)C(=O)/C=C/C(C)=C/[C@@H]1CO[C@@H]1O[C@H](C)[C@@H](OC(=O)C2OC(OP(=O)(O)O)C(O)C(O)C2O)[C@@H](OC)[C@H]1OC,CC[C@H]1OC(=O)C[C@@H](OC(C)=O)[C@H](C)[C@@H](O[C@@H]2O[C@H](C)[C@@H](O[C@H]3C[C@@](C)(O)[C@@H](OC(=O)CC(C)C)[C@H](C)O3)[C@H](N(C)C)[C@H]2O)[C@@H](CC=O)C[C@@H](C)C(=O)/C=C/C(C)=C/[C@@H]1CO[C@@H]1O[C@H](C)[C@@H](OC(=O)C2OC(OP(=O)(O)O)C(O)C(O)C2O)[C@@H](OC)[C@H]1OC,TRUE,,-3.3268,-3.326837269
tylvalosin,Tylvalosin (Ì©Íò¾úËØ),REF_TYLVALOSIN,repository_reference,O68_attached_to_C64,68,64,C,MPM00009,"(2E)-3-(3,4-Dihydroxyphenyl)prop-2-enoate",O=C(O)C=Cc1ccc(O)c(O)c1,1,CC[C@H]1OC(=O)C[C@@H](OC(C)=O)[C@H](C)[C@@H](O[C@@H]2O[C@H](C)[C@@H](O[C@H]3C[C@@](C)(O)[C@@H](OC(=O)CC(C)C)[C@H](C)O3)[C@H](N(C)C)[C@H]2O)[C@@H](CC=O)C[C@@H](C)C(=O)/C=C/C(C)=C/[C@@H]1CO[C@@H]1O[C@H](C)[C@@H](OC(=O)C=Cc2ccc(O)c(O)c2)[C@@H](OC)[C@H]1OC,CC[C@H]1OC(=O)C[C@@H](OC(C)=O)[C@H](C)[C@@H](O[C@@H]2O[C@H](C)[C@@H](O[C@H]3C[C@@](C)(O)[C@@H](OC(=O)CC(C)C)[C@H](C)O3)[C@H](N(C)C)[C@H]2O)[C@@H](CC=O)C[C@@H](C)C(=O)/C=C/C(C)=C/[C@@H]1CO[C@@H]1O[C@H](C)[C@@H](OC(=O)C=Cc2ccc(O)c(O)c2)[C@@H](OC)[C@H]1OC,TRUE,,-0.6801,-0.680104878
tylvalosin,Tylvalosin (Ì©Íò¾úËØ),REF_TYLVALOSIN,repository_reference,O68_attached_to_C64,68,64,C,MPM00350,4-Hydroxycinnamate,O=C(O)C=Cc1ccc(O)cc1,1,CC[C@H]1OC(=O)C[C@@H](OC(C)=O)[C@H](C)[C@@H](O[C@@H]2O[C@H](C)[C@@H](O[C@H]3C[C@@](C)(O)[C@@H](OC(=O)CC(C)C)[C@H](C)O3)[C@H](N(C)C)[C@H]2O)[C@@H](CC=O)C[C@@H](C)C(=O)/C=C/C(C)=C/[C@@H]1CO[C@@H]1O[C@H](C)[C@@H](OC(=O)C=Cc2ccc(O)cc2)[C@@H](OC)[C@H]1OC,CC[C@H]1OC(=O)C[C@@H](OC(C)=O)[C@H](C)[C@@H](O[C@@H]2O[C@H](C)[C@@H](O[C@H]3C[C@@](C)(O)[C@@H](OC(=O)CC(C)C)[C@H](C)O3)[C@H](N(C)C)[C@H]2O)[C@@H](CC=O)C[C@@H](C)C(=O)/C=C/C(C)=C/[C@@H]1CO[C@@H]1O[C@H](C)[C@@H](OC(=O)C=Cc2ccc(O)cc2)[C@@H](OC)[C@H]1OC,TRUE,,-0.3728,-0.372779435
tylvalosin,Tylvalosin (Ì©Íò¾úËØ),REF_TYLVALOSIN,repository_reference,O68_attached_to_C64,68,64,C,MPM00014,(2E)-3-Phenylprop-2-enoate,O=C(O)C=Cc1ccccc1,1,CC[C@H]1OC(=O)C[C@@H](OC(C)=O)[C@H](C)[C@@H](O[C@@H]2O[C@H](C)[C@@H](O[C@H]3C[C@@](C)(O)[C@@H](OC(=O)CC(C)C)[C@H](C)O3)[C@H](N(C)C)[C@H]2O)[C@@H](CC=O)C[C@@H](C)C(=O)/C=C/C(C)=C/[C@@H]1CO[C@@H]1O[C@H](C)[C@@H](OC(=O)C=Cc2ccccc2)[C@@H](OC)[C@H]1OC,CC[C@H]1OC(=O)C[C@@H](OC(C)=O)[C@H](C)[C@@H](O[C@@H]2O[C@H](C)[C@@H](O[C@H]3C[C@@](C)(O)[C@@H](OC(=O)CC(C)C)[C@H](C)O3)[C@H](N(C)C)[C@H]2O)[C@@H](CC=O)C[C@@H](C)C(=O)/C=C/C(C)=C/[C@@H]1CO[C@@H]1O[C@H](C)[C@@H](OC(=O)C=Cc2ccccc2)[C@@H](OC)[C@H]1OC,TRUE,,0.0176,0.017573525
tylvalosin,Tylvalosin (Ì©Íò¾úËØ),REF_TYLVALOSIN,repository_reference,O68_attached_to_C64,68,64,C,MPM00285,3-Hydroxy-10-phenyldecanoic acid,O=C(O)CC(O)CCCCCCCc1ccccc1,1,CC[C@H]1OC(=O)C[C@@H](OC(C)=O)[C@H](C)[C@@H](O[C@@H]2O[C@H](C)[C@@H](O[C@H]3C[C@@](C)(O)[C@@H](OC(=O)CC(C)C)[C@H](C)O3)[C@H](N(C)C)[C@H]2O)[C@@H](CC=O)C[C@@H](C)C(=O)/C=C/C(C)=C/[C@@H]1CO[C@@H]1O[C@H](C)[C@@H](OC(=O)CC(O)CCCCCCCc2ccccc2)[C@@H](OC)[C@H]1OC,CC[C@H]1OC(=O)C[C@@H](OC(C)=O)[C@H](C)[C@@H](O[C@@H]2O[C@H](C)[C@@H](O[C@H]3C[C@@](C)(O)[C@@H](OC(=O)CC(C)C)[C@H](C)O3)[C@H](N(C)C)[C@H]2O)[C@@H](CC=O)C[C@@H](C)C(=O)/C=C/C(C)=C/[C@@H]1CO[C@@H]1O[C@H](C)[C@@H](OC(=O)CC(O)CCCCCCCc2ccccc2)[C@@H](OC)[C@H]1OC,TRUE,,-2.1839,-2.183850289
tylvalosin,Tylvalosin (Ì©Íò¾úËØ),REF_TYLVALOSIN,repository_reference,O68_attached_to_C64,68,64,C,MPM00292,3-Hydroxy-9-phenylnonanoic acid,O=C(O)CC(O)CCCCCCc1ccccc1,1,CC[C@H]1OC(=O)C[C@@H](OC(C)=O)[C@H](C)[C@@H](O[C@@H]2O[C@H](C)[C@@H](O[C@H]3C[C@@](C)(O)[C@@H](OC(=O)CC(C)C)[C@H](C)O3)[C@H](N(C)C)[C@H]2O)[C@@H](CC=O)C[C@@H](C)C(=O)/C=C/C(C)=C/[C@@H]1CO[C@@H]1O[C@H](C)[C@@H](OC(=O)CC(O)CCCCCCc2ccccc2)[C@@H](OC)[C@H]1OC,CC[C@H]1OC(=O)C[C@@H](OC(C)=O)[C@H](C)[C@@H](O[C@@H]2O[C@H](C)[C@@H](O[C@H]3C[C@@](C)(O)[C@@H](OC(=O)CC(C)C)[C@H](C)O3)[C@H](N(C)C)[C@H]2O)[C@@H](CC=O)C[C@@H](C)C(=O)/C=C/C(C)=C/[C@@H]1CO[C@@H]1O[C@H](C)[C@@H](OC(=O)CC(O)CCCCCCc2ccccc2)[C@@H](OC)[C@H]1OC,TRUE,,-2.1149,-2.114926724
tylvalosin,Tylvalosin (Ì©Íò¾úËØ),REF_TYLVALOSIN,repository_reference,O68_attached_to_C64,68,64,C,MPM00291,3-Hydroxy-8-phenyloctanoic acid,O=C(O)CC(O)CCCCCc1ccccc1,1,CC[C@H]1OC(=O)C[C@@H](OC(C)=O)[C@H](C)[C@@H](O[C@@H]2O[C@H](C)[C@@H](O[C@H]3C[C@@](C)(O)[C@@H](OC(=O)CC(C)C)[C@H](C)O3)[C@H](N(C)C)[C@H]2O)[C@@H](CC=O)C[C@@H](C)C(=O)/C=C/C(C)=C/[C@@H]1CO[C@@H]1O[C@H](C)[C@@H](OC(=O)CC(O)CCCCCc2ccccc2)[C@@H](OC)[C@H]1OC,CC[C@H]1OC(=O)C[C@@H](OC(C)=O)[C@H](C)[C@@H](O[C@@H]2O[C@H](C)[C@@H](O[C@H]3C[C@@](C)(O)[C@@H](OC(=O)CC(C)C)[C@H](C)O3)[C@H](N(C)C)[C@H]2O)[C@@H](CC=O)C[C@@H](C)C(=O)/C=C/C(C)=C/[C@@H]1CO[C@@H]1O[C@H](C)[C@@H](OC(=O)CC(O)CCCCCc2ccccc2)[C@@H](OC)[C@H]1OC,TRUE,,-2.047,-2.046963483
tylvalosin,Tylvalosin (Ì©Íò¾úËØ),REF_TYLVALOSIN,repository_reference,O68_attached_to_C64,68,64,C,MPM00290,3-Hydroxy-7-phenylheptanoic acid,O=C(O)CC(O)CCCCc1ccccc1,1,CC[C@H]1OC(=O)C[C@@H](OC(C)=O)[C@H](C)[C@@H](O[C@@H]2O[C@H](C)[C@@H](O[C@H]3C[C@@](C)(O)[C@@H](OC(=O)CC(C)C)[C@H](C)O3)[C@H](N(C)C)[C@H]2O)[C@@H](CC=O)C[C@@H](C)C(=O)/C=C/C(C)=C/[C@@H]1CO[C@@H]1O[C@H](C)[C@@H](OC(=O)CC(O)CCCCc2ccccc2)[C@@H](OC)[C@H]1OC,CC[C@H]1OC(=O)C[C@@H](OC(C)=O)[C@H](C)[C@@H](O[C@@H]2O[C@H](C)[C@@H](O[C@H]3C[C@@](C)(O)[C@@H](OC(=O)CC(C)C)[C@H](C)O3)[C@H](N(C)C)[C@H]2O)[C@@H](CC=O)C[C@@H](C)C(=O)/C=C/C(C)=C/[C@@H]1CO[C@@H]1O[C@H](C)[C@@H](OC(=O)CC(O)CCCCc2ccccc2)[C@@H](OC)[C@H]1OC,TRUE,,-1.9782,-1.978183843
tylvalosin,Tylvalosin (Ì©Íò¾úËØ),REF_TYLVALOSIN,repository_reference,O68_attached_to_C64,68,64,C,MPM00289,3-Hydroxy-6-phenylhexanoic acid,O=C(O)CC(O)CCCc1ccccc1,1,CC[C@H]1OC(=O)C[C@@H](OC(C)=O)[C@H](C)[C@@H](O[C@@H]2O[C@H](C)[C@@H](O[C@H]3C[C@@](C)(O)[C@@H](OC(=O)CC(C)C)[C@H](C)O3)[C@H](N(C)C)[C@H]2O)[C@@H](CC=O)C[C@@H](C)C(=O)/C=C/C(C)=C/[C@@H]1CO[C@@H]1O[C@H](C)[C@@H](OC(=O)CC(O)CCCc2ccccc2)[C@@H](OC)[C@H]1OC,CC[C@H]1OC(=O)C[C@@H](OC(C)=O)[C@H](C)[C@@H](O[C@@H]2O[C@H](C)[C@@H](O[C@H]3C[C@@](C)(O)[C@@H](OC(=O)CC(C)C)[C@H](C)O3)[C@H](N(C)C)[C@H]2O)[C@@H](CC=O)C[C@@H](C)C(=O)/C=C/C(C)=C/[C@@H]1CO[C@@H]1O[C@H](C)[C@@H](OC(=O)CC(O)CCCc2ccccc2)[C@@H](OC)[C@H]1OC,TRUE,,-1.9104,-1.910361378
tylvalosin,Tylvalosin (Ì©Íò¾úËØ),REF_TYLVALOSIN,repository_reference,O68_attached_to_C64,68,64,C,MPM00388,"5-Oxo-4,5-dihydrofuran-2-acetate",O=C(O)CC1=CCC(=O)O1,1,CC[C@H]1OC(=O)C[C@@H](OC(C)=O)[C@H](C)[C@@H](O[C@@H]2O[C@H](C)[C@@H](O[C@H]3C[C@@](C)(O)[C@@H](OC(=O)CC(C)C)[C@H](C)O3)[C@H](N(C)C)[C@H]2O)[C@@H](CC=O)C[C@@H](C)C(=O)/C=C/C(C)=C/[C@@H]1CO[C@@H]1O[C@H](C)[C@@H](OC(=O)CC2=CCC(=O)O2)[C@@H](OC)[C@H]1OC,CC[C@H]1OC(=O)C[C@@H](OC(C)=O)[C@H](C)[C@@H](O[C@@H]2O[C@H](C)[C@@H](O[C@H]3C[C@@](C)(O)[C@@H](OC(=O)CC(C)C)[C@H](C)O3)[C@H](N(C)C)[C@H]2O)[C@@H](CC=O)C[C@@H](C)C(=O)/C=C/C(C)=C/[C@@H]1CO[C@@H]1O[C@H](C)[C@@H](OC(=O)CC2=CCC(=O)O2)[C@@H](OC)[C@H]1OC,TRUE,,-1.421,-1.42100657
tylvalosin,Tylvalosin (Ì©Íò¾úËØ),REF_TYLVALOSIN,repository_reference,O68_attached_to_C64,68,64,C,MPM00597,DL-Thioctic acid,O=C(O)CCCCC1CCSS1,1,CC[C@H]1OC(=O)C[C@@H](OC(C)=O)[C@H](C)[C@@H](O[C@@H]2O[C@H](C)[C@@H](O[C@H]3C[C@@](C)(O)[C@@H](OC(=O)CC(C)C)[C@H](C)O3)[C@H](N(C)C)[C@H]2O)[C@@H](CC=O)C[C@@H](C)C(=O)/C=C/C(C)=C/[C@@H]1CO[C@@H]1O[C@H](C)[C@@H](OC(=O)CCCCC2CCSS2)[C@@H](OC)[C@H]1OC,CC[C@H]1OC(=O)C[C@@H](OC(C)=O)[C@H](C)[C@@H](O[C@@H]2O[C@H](C)[C@@H](O[C@H]3C[C@@](C)(O)[C@@H](OC(=O)CC(C)C)[C@H](C)O3)[C@H](N(C)C)[C@H]2O)[C@@H](CC=O)C[C@@H](C)C(=O)/C=C/C(C)=C/[C@@H]1CO[C@@H]1O[C@H](C)[C@@H](OC(=O)CCCCC2CCSS2)[C@@H](OC)[C@H]1OC,TRUE,,-3.1505,-3.150482734
tylvalosin,Tylvalosin (Ì©Íò¾úËØ),REF_TYLVALOSIN,repository_reference,O68_attached_to_C64,68,64,C,MPM00525,Coenzyme R,O=C(O)CCCCC1SCC2NC(=O)NC21,1,CC[C@H]1OC(=O)C[C@@H](OC(C)=O)[C@H](C)[C@@H](O[C@@H]2O[C@H](C)[C@@H](O[C@H]3C[C@@](C)(O)[C@@H](OC(=O)CC(C)C)[C@H](C)O3)[C@H](N(C)C)[C@H]2O)[C@@H](CC=O)C[C@@H](C)C(=O)/C=C/C(C)=C/[C@@H]1CO[C@@H]1O[C@H](C)[C@@H](OC(=O)CCCCC2SCC3NC(=O)NC32)[C@@H](OC)[C@H]1OC,CC[C@H]1OC(=O)C[C@@H](OC(C)=O)[C@H](C)[C@@H](O[C@@H]2O[C@H](C)[C@@H](O[C@H]3C[C@@](C)(O)[C@@H](OC(=O)CC(C)C)[C@H](C)O3)[C@H](N(C)C)[C@H]2O)[C@@H](CC=O)C[C@@H](C)C(=O)/C=C/C(C)=C/[C@@H]1CO[C@@H]1O[C@H](C)[C@@H](OC(=O)CCCCC2SCC3NC(=O)NC32)[C@@H](OC)[C@H]1OC,TRUE,,-2.9896,-2.9895811
tylvalosin,Tylvalosin (Ì©Íò¾úËØ),REF_TYLVALOSIN,repository_reference,O68_attached_to_C64,68,64,C,MPM00144,10-Phenyldecanoic acid,O=C(O)CCCCCCCCCc1ccccc1,1,CC[C@H]1OC(=O)C[C@@H](OC(C)=O)[C@H](C)[C@@H](O[C@@H]2O[C@H](C)[C@@H](O[C@H]3C[C@@](C)(O)[C@@H](OC(=O)CC(C)C)[C@H](C)O3)[C@H](N(C)C)[C@H]2O)[C@@H](CC=O)C[C@@H](C)C(=O)/C=C/C(C)=C/[C@@H]1CO[C@@H]1O[C@H](C)[C@@H](OC(=O)CCCCCCCCCc2ccccc2)[C@@H](OC)[C@H]1OC,CC[C@H]1OC(=O)C[C@@H](OC(C)=O)[C@H](C)[C@@H](O[C@@H]2O[C@H](C)[C@@H](O[C@H]3C[C@@](C)(O)[C@@H](OC(=O)CC(C)C)[C@H](C)O3)[C@H](N(C)C)[C@H]2O)[C@@H](CC=O)C[C@@H](C)C(=O)/C=C/C(C)=C/[C@@H]1CO[C@@H]1O[C@H](C)[C@@H](OC(=O)CCCCCCCCCc2ccccc2)[C@@H](OC)[C@H]1OC,TRUE,,-2.0398,-2.039750892
tylvalosin,Tylvalosin (Ì©Íò¾úËØ),REF_TYLVALOSIN,repository_reference,O68_attached_to_C64,68,64,C,MPM00412,9-Phenylnonanoic acid,O=C(O)CCCCCCCCc1ccccc1,1,CC[C@H]1OC(=O)C[C@@H](OC(C)=O)[C@H](C)[C@@H](O[C@@H]2O[C@H](C)[C@@H](O[C@H]3C[C@@](C)(O)[C@@H](OC(=O)CC(C)C)[C@H](C)O3)[C@H](N(C)C)[C@H]2O)[C@@H](CC=O)C[C@@H](C)C(=O)/C=C/C(C)=C/[C@@H]1CO[C@@H]1O[C@H](C)[C@@H](OC(=O)CCCCCCCCc2ccccc2)[C@@H](OC)[C@H]1OC,CC[C@H]1OC(=O)C[C@@H](OC(C)=O)[C@H](C)[C@@H](O[C@@H]2O[C@H](C)[C@@H](O[C@H]3C[C@@](C)(O)[C@@H](OC(=O)CC(C)C)[C@H](C)O3)[C@H](N(C)C)[C@H]2O)[C@@H](CC=O)C[C@@H](C)C(=O)/C=C/C(C)=C/[C@@H]1CO[C@@H]1O[C@H](C)[C@@H](OC(=O)CCCCCCCCc2ccccc2)[C@@H](OC)[C@H]1OC,TRUE,,-1.9708,-1.970823519
tylvalosin,Tylvalosin (Ì©Íò¾úËØ),REF_TYLVALOSIN,repository_reference,O68_attached_to_C64,68,64,C,MPM00409,8-Phenyloctanoic acid,O=C(O)CCCCCCCc1ccccc1,1,CC[C@H]1OC(=O)C[C@@H](OC(C)=O)[C@H](C)[C@@H](O[C@@H]2O[C@H](C)[C@@H](O[C@H]3C[C@@](C)(O)[C@@H](OC(=O)CC(C)C)[C@H](C)O3)[C@H](N(C)C)[C@H]2O)[C@@H](CC=O)C[C@@H](C)C(=O)/C=C/C(C)=C/[C@@H]1CO[C@@H]1O[C@H](C)[C@@H](OC(=O)CCCCCCCc2ccccc2)[C@@H](OC)[C@H]1OC,CC[C@H]1OC(=O)C[C@@H](OC(C)=O)[C@H](C)[C@@H](O[C@@H]2O[C@H](C)[C@@H](O[C@H]3C[C@@](C)(O)[C@@H](OC(=O)CC(C)C)[C@H](C)O3)[C@H](N(C)C)[C@H]2O)[C@@H](CC=O)C[C@@H](C)C(=O)/C=C/C(C)=C/[C@@H]1CO[C@@H]1O[C@H](C)[C@@H](OC(=O)CCCCCCCc2ccccc2)[C@@H](OC)[C@H]1OC,TRUE,,-1.9029,-1.902855046
tylvalosin,Tylvalosin (Ì©Íò¾úËØ),REF_TYLVALOSIN,repository_reference,O68_attached_to_C64,68,64,C,MPM00408,7-Phenylheptanoic acid,O=C(O)CCCCCCc1ccccc1,1,CC[C@H]1OC(=O)C[C@@H](OC(C)=O)[C@H](C)[C@@H](O[C@@H]2O[C@H](C)[C@@H](O[C@H]3C[C@@](C)(O)[C@@H](OC(=O)CC(C)C)[C@H](C)O3)[C@H](N(C)C)[C@H]2O)[C@@H](CC=O)C[C@@H](C)C(=O)/C=C/C(C)=C/[C@@H]1CO[C@@H]1O[C@H](C)[C@@H](OC(=O)CCCCCCc2ccccc2)[C@@H](OC)[C@H]1OC,CC[C@H]1OC(=O)C[C@@H](OC(C)=O)[C@H](C)[C@@H](O[C@@H]2O[C@H](C)[C@@H](O[C@H]3C[C@@](C)(O)[C@@H](OC(=O)CC(C)C)[C@H](C)O3)[C@H](N(C)C)[C@H]2O)[C@@H](CC=O)C[C@@H](C)C(=O)/C=C/C(C)=C/[C@@H]1CO[C@@H]1O[C@H](C)[C@@H](OC(=O)CCCCCCc2ccccc2)[C@@H](OC)[C@H]1OC,TRUE,,-1.834,-1.83404854
tylvalosin,Tylvalosin (Ì©Íò¾úËØ),REF_TYLVALOSIN,repository_reference,O68_attached_to_C64,68,64,C,MPM00399,6-Phenylhexanoic acid,O=C(O)CCCCCc1ccccc1,1,CC[C@H]1OC(=O)C[C@@H](OC(C)=O)[C@H](C)[C@@H](O[C@@H]2O[C@H](C)[C@@H](O[C@H]3C[C@@](C)(O)[C@@H](OC(=O)CC(C)C)[C@H](C)O3)[C@H](N(C)C)[C@H]2O)[C@@H](CC=O)C[C@@H](C)C(=O)/C=C/C(C)=C/[C@@H]1CO[C@@H]1O[C@H](C)[C@@H](OC(=O)CCCCCc2ccccc2)[C@@H](OC)[C@H]1OC,CC[C@H]1OC(=O)C[C@@H](OC(C)=O)[C@H](C)[C@@H](O[C@@H]2O[C@H](C)[C@@H](O[C@H]3C[C@@](C)(O)[C@@H](OC(=O)CC(C)C)[C@H](C)O3)[C@H](N(C)C)[C@H]2O)[C@@H](CC=O)C[C@@H](C)C(=O)/C=C/C(C)=C/[C@@H]1CO[C@@H]1O[C@H](C)[C@@H](OC(=O)CCCCCc2ccccc2)[C@@H](OC)[C@H]1OC,TRUE,,-1.7662,-1.766203507
tylvalosin,Tylvalosin (Ì©Íò¾úËØ),REF_TYLVALOSIN,repository_reference,O68_attached_to_C64,68,64,C,MPM00390,5-Phenylvaleric acid,O=C(O)CCCCc1ccccc1,1,CC[C@H]1OC(=O)C[C@@H](OC(C)=O)[C@H](C)[C@@H](O[C@@H]2O[C@H](C)[C@@H](O[C@H]3C[C@@](C)(O)[C@@H](OC(=O)CC(C)C)[C@H](C)O3)[C@H](N(C)C)[C@H]2O)[C@@H](CC=O)C[C@@H](C)C(=O)/C=C/C(C)=C/[C@@H]1CO[C@@H]1O[C@H](C)[C@@H](OC(=O)CCCCc2ccccc2)[C@@H](OC)[C@H]1OC,CC[C@H]1OC(=O)C[C@@H](OC(C)=O)[C@H](C)[C@@H](O[C@@H]2O[C@H](C)[C@@H](O[C@H]3C[C@@](C)(O)[C@@H](OC(=O)CC(C)C)[C@H](C)O3)[C@H](N(C)C)[C@H]2O)[C@@H](CC=O)C[C@@H](C)C(=O)/C=C/C(C)=C/[C@@H]1CO[C@@H]1O[C@H](C)[C@@H](OC(=O)CCCCc2ccccc2)[C@@H](OC)[C@H]1OC,TRUE,,-1.6976,-1.697552468
tylvalosin,Tylvalosin (Ì©Íò¾úËØ),REF_TYLVALOSIN,repository_reference,O68_attached_to_C64,68,64,C,MPM00701,Hydroxyacetic acid,O=C(O)CO,1,CC[C@H]1OC(=O)C[C@@H](OC(C)=O)[C@H](C)[C@@H](O[C@@H]2O[C@H](C)[C@@H](O[C@H]3C[C@@](C)(O)[C@@H](OC(=O)CC(C)C)[C@H](C)O3)[C@H](N(C)C)[C@H]2O)[C@@H](CC=O)C[C@@H](C)C(=O)/C=C/C(C)=C/[C@@H]1CO[C@@H]1O[C@H](C)[C@@H](OC(=O)CO)[C@@H](OC)[C@H]1OC,CC[C@H]1OC(=O)C[C@@H](OC(C)=O)[C@H](C)[C@@H](O[C@@H]2O[C@H](C)[C@@H](O[C@H]3C[C@@](C)(O)[C@@H](OC(=O)CC(C)C)[C@H](C)O3)[C@H](N(C)C)[C@H]2O)[C@@H](CC=O)C[C@@H](C)C(=O)/C=C/C(C)=C/[C@@H]1CO[C@@H]1O[C@H](C)[C@@H](OC(=O)CO)[C@@H](OC)[C@H]1OC,TRUE,,-1.1472,-1.147246132
tylvalosin,Tylvalosin (Ì©Íò¾úËØ),REF_TYLVALOSIN,repository_reference,O68_attached_to_C64,68,64,C,MPM00891,Phosphoglycolic acid,O=C(O)COP(=O)(O)O,1,CC[C@H]1OC(=O)C[C@@H](OC(C)=O)[C@H](C)[C@@H](O[C@@H]2O[C@H](C)[C@@H](O[C@H]3C[C@@](C)(O)[C@@H](OC(=O)CC(C)C)[C@H](C)O3)[C@H](N(C)C)[C@H]2O)[C@@H](CC=O)C[C@@H](C)C(=O)/C=C/C(C)=C/[C@@H]1CO[C@@H]1O[C@H](C)[C@@H](OC(=O)COP(=O)(O)O)[C@@H](OC)[C@H]1OC,CC[C@H]1OC(=O)C[C@@H](OC(C)=O)[C@H](C)[C@@H](O[C@@H]2O[C@H](C)[C@@H](O[C@H]3C[C@@](C)(O)[C@@H](OC(=O)CC(C)C)[C@H](C)O3)[C@H](N(C)C)[C@H]2O)[C@@H](CC=O)C[C@@H](C)C(=O)/C=C/C(C)=C/[C@@H]1CO[C@@H]1O[C@H](C)[C@@H](OC(=O)COP(=O)(O)O)[C@@H](OC)[C@H]1OC,TRUE,,-1.6149,-1.614890775
tylvalosin,Tylvalosin (Ì©Íò¾úËØ),REF_TYLVALOSIN,repository_reference,O68_attached_to_C64,68,64,C,MPM00894,Phosphonoacetic acid,O=C(O)CP(=O)(O)O,1,CC[C@H]1OC(=O)C[C@@H](OC(C)=O)[C@H](C)[C@@H](O[C@@H]2O[C@H](C)[C@@H](O[C@H]3C[C@@](C)(O)[C@@H](OC(=O)CC(C)C)[C@H](C)O3)[C@H](N(C)C)[C@H]2O)[C@@H](CC=O)C[C@@H](C)C(=O)/C=C/C(C)=C/[C@@H]1CO[C@@H]1O[C@H](C)[C@@H](OC(=O)CP(=O)(O)O)[C@@H](OC)[C@H]1OC,CC[C@H]1OC(=O)C[C@@H](OC(C)=O)[C@H](C)[C@@H](O[C@@H]2O[C@H](C)[C@@H](O[C@H]3C[C@@](C)(O)[C@@H](OC(=O)CC(C)C)[C@H](C)O3)[C@H](N(C)C)[C@H]2O)[C@@H](CC=O)C[C@@H](C)C(=O)/C=C/C(C)=C/[C@@H]1CO[C@@H]1O[C@H](C)[C@@H](OC(=O)CP(=O)(O)O)[C@@H](OC)[C@H]1OC,TRUE,,-1.9475,-1.947476249
tylvalosin,Tylvalosin (Ì©Íò¾úËØ),REF_TYLVALOSIN,repository_reference,O68_attached_to_C64,68,64,C,MPM00961,Sulfoacetic acid,O=C(O)CS(=O)(=O)O,1,CC[C@H]1OC(=O)C[C@@H](OC(C)=O)[C@H](C)[C@@H](O[C@@H]2O[C@H](C)[C@@H](O[C@H]3C[C@@](C)(O)[C@@H](OC(=O)CC(C)C)[C@H](C)O3)[C@H](N(C)C)[C@H]2O)[C@@H](CC=O)C[C@@H](C)C(=O)/C=C/C(C)=C/[C@@H]1CO[C@@H]1O[C@H](C)[C@@H](OC(=O)CS(=O)(=O)O)[C@@H](OC)[C@H]1OC,CC[C@H]1OC(=O)C[C@@H](OC(C)=O)[C@H](C)[C@@H](O[C@@H]2O[C@H](C)[C@@H](O[C@H]3C[C@@](C)(O)[C@@H](OC(=O)CC(C)C)[C@H](C)O3)[C@H](N(C)C)[C@H]2O)[C@@H](CC=O)C[C@@H](C)C(=O)/C=C/C(C)=C/[C@@H]1CO[C@@H]1O[C@H](C)[C@@H](OC(=O)CS(=O)(=O)O)[C@@H](OC)[C@H]1OC,TRUE,,-1.1226,-1.122625061
tylvalosin,Tylvalosin (Ì©Íò¾úËØ),REF_TYLVALOSIN,repository_reference,O68_attached_to_C64,68,64,C,MPM00418,"Acetic acid,phenyl ester",O=C(O)Cc1ccccc1,1,CC[C@H]1OC(=O)C[C@@H](OC(C)=O)[C@H](C)[C@@H](O[C@@H]2O[C@H](C)[C@@H](O[C@H]3C[C@@](C)(O)[C@@H](OC(=O)CC(C)C)[C@H](C)O3)[C@H](N(C)C)[C@H]2O)[C@@H](CC=O)C[C@@H](C)C(=O)/C=C/C(C)=C/[C@@H]1CO[C@@H]1O[C@H](C)[C@@H](OC(=O)Cc2ccccc2)[C@@H](OC)[C@H]1OC,CC[C@H]1OC(=O)C[C@@H](OC(C)=O)[C@H](C)[C@@H](O[C@@H]2O[C@H](C)[C@@H](O[C@H]3C[C@@](C)(O)[C@@H](OC(=O)CC(C)C)[C@H](C)O3)[C@H](N(C)C)[C@H]2O)[C@@H](CC=O)C[C@@H](C)C(=O)/C=C/C(C)=C/[C@@H]1CO[C@@H]1O[C@H](C)[C@@H](OC(=O)Cc2ccccc2)[C@@H](OC)[C@H]1OC,TRUE,,-1.4953,-1.49530973
tylvalosin,Tylvalosin (Ì©Íò¾úËØ),REF_TYLVALOSIN,repository_reference,O68_attached_to_C64,68,64,C,MPM01016,Uracil-6-carboxylic acid,O=C(O)c1cc(=O)[nH]c(=O)[nH]1,1,CC[C@H]1OC(=O)C[C@@H](OC(C)=O)[C@H](C)[C@@H](O[C@@H]2O[C@H](C)[C@@H](O[C@H]3C[C@@](C)(O)[C@@H](OC(=O)CC(C)C)[C@H](C)O3)[C@H](N(C)C)[C@H]2O)[C@@H](CC=O)C[C@@H](C)C(=O)/C=C/C(C)=C/[C@@H]1CO[C@@H]1O[C@H](C)[C@@H](OC(=O)c2cc(=O)[nH]c(=O)[nH]2)[C@@H](OC)[C@H]1OC,CC[C@H]1OC(=O)C[C@@H](OC(C)=O)[C@H](C)[C@@H](O[C@@H]2O[C@H](C)[C@@H](O[C@H]3C[C@@](C)(O)[C@@H](OC(=O)CC(C)C)[C@H](C)O3)[C@H](N(C)C)[C@H]2O)[C@@H](CC=O)C[C@@H](C)C(=O)/C=C/C(C)=C/[C@@H]1CO[C@@H]1O[C@H](C)[C@@H](OC(=O)c2cc(=O)[nH]c(=O)[nH]2)[C@@H](OC)[C@H]1OC,TRUE,,-1.3982,-1.398163118
tylvalosin,Tylvalosin (Ì©Íò¾úËØ),REF_TYLVALOSIN,repository_reference,O68_attached_to_C64,68,64,C,MPM00844,Orotidylic acid,O=C(O)c1cc(=O)[nH]c(=O)n1C1OC(COP(=O)(O)O)C(O)C1O,1,CC[C@H]1OC(=O)C[C@@H](OC(C)=O)[C@H](C)[C@@H](O[C@@H]2O[C@H](C)[C@@H](O[C@H]3C[C@@](C)(O)[C@@H](OC(=O)CC(C)C)[C@H](C)O3)[C@H](N(C)C)[C@H]2O)[C@@H](CC=O)C[C@@H](C)C(=O)/C=C/C(C)=C/[C@@H]1CO[C@@H]1O[C@H](C)[C@@H](OC(=O)c2cc(=O)[nH]c(=O)n2C2OC(COP(=O)(O)O)C(O)C2O)[C@@H](OC)[C@H]1OC,CC[C@H]1OC(=O)C[C@@H](OC(C)=O)[C@H](C)[C@@H](O[C@@H]2O[C@H](C)[C@@H](O[C@H]3C[C@@](C)(O)[C@@H](OC(=O)CC(C)C)[C@H](C)O3)[C@H](N(C)C)[C@H]2O)[C@@H](CC=O)C[C@@H](C)C(=O)/C=C/C(C)=C/[C@@H]1CO[C@@H]1O[C@H](C)[C@@H](OC(=O)c2cc(=O)[nH]c(=O)n2C2OC(COP(=O)(O)O)C(O)C2O)[C@@H](OC)[C@H]1OC,TRUE,,-2.7722,-2.772167781
tylvalosin,Tylvalosin (Ì©Íò¾úËØ),REF_TYLVALOSIN,repository_reference,O68_attached_to_C64,68,64,C,MPM00137,"1,4-Dihydroxy-2-naphthoic acid",O=C(O)c1cc(O)c2ccccc2c1O,1,CC[C@H]1OC(=O)C[C@@H](OC(C)=O)[C@H](C)[C@@H](O[C@@H]2O[C@H](C)[C@@H](O[C@H]3C[C@@](C)(O)[C@@H](OC(=O)CC(C)C)[C@H](C)O3)[C@H](N(C)C)[C@H]2O)[C@@H](CC=O)C[C@@H](C)C(=O)/C=C/C(C)=C/[C@@H]1CO[C@@H]1O[C@H](C)[C@@H](OC(=O)c2cc(O)c3ccccc3c2O)[C@@H](OC)[C@H]1OC,CC[C@H]1OC(=O)C[C@@H](OC(C)=O)[C@H](C)[C@@H](O[C@@H]2O[C@H](C)[C@@H](O[C@H]3C[C@@](C)(O)[C@@H](OC(=O)CC(C)C)[C@H](C)O3)[C@H](N(C)C)[C@H]2O)[C@@H](CC=O)C[C@@H](C)C(=O)/C=C/C(C)=C/[C@@H]1CO[C@@H]1O[C@H](C)[C@@H](OC(=O)c2cc(O)c3ccccc3c2O)[C@@H](OC)[C@H]1OC,TRUE,,-1.1828,-1.182817065
tylvalosin,Tylvalosin (Ì©Íò¾úËØ),REF_TYLVALOSIN,repository_reference,O68_attached_to_C64,68,64,C,MPM00398,6-Hydroxynicotinic acid,O=C(O)c1ccc(=O)[nH]c1,1,CC[C@H]1OC(=O)C[C@@H](OC(C)=O)[C@H](C)[C@@H](O[C@@H]2O[C@H](C)[C@@H](O[C@H]3C[C@@](C)(O)[C@@H](OC(=O)CC(C)C)[C@H](C)O3)[C@H](N(C)C)[C@H]2O)[C@@H](CC=O)C[C@@H](C)C(=O)/C=C/C(C)=C/[C@@H]1CO[C@@H]1O[C@H](C)[C@@H](OC(=O)c2ccc(=O)[nH]c2)[C@@H](OC)[C@H]1OC,CC[C@H]1OC(=O)C[C@@H](OC(C)=O)[C@H](C)[C@@H](O[C@@H]2O[C@H](C)[C@@H](O[C@H]3C[C@@](C)(O)[C@@H](OC(=O)CC(C)C)[C@H](C)O3)[C@H](N(C)C)[C@H]2O)[C@@H](CC=O)C[C@@H](C)C(=O)/C=C/C(C)=C/[C@@H]1CO[C@@H]1O[C@H](C)[C@@H](OC(=O)c2ccc(=O)[nH]c2)[C@@H](OC)[C@H]1OC,TRUE,,-0.9417,-0.941701251
tylvalosin,Tylvalosin (Ì©Íò¾úËØ),REF_TYLVALOSIN,repository_reference,O68_attached_to_C64,68,64,C,MPM00912,Protocatechuic acid,O=C(O)c1ccc(O)c(O)c1,1,CC[C@H]1OC(=O)C[C@@H](OC(C)=O)[C@H](C)[C@@H](O[C@@H]2O[C@H](C)[C@@H](O[C@H]3C[C@@](C)(O)[C@@H](OC(=O)CC(C)C)[C@H](C)O3)[C@H](N(C)C)[C@H]2O)[C@@H](CC=O)C[C@@H](C)C(=O)/C=C/C(C)=C/[C@@H]1CO[C@@H]1O[C@H](C)[C@@H](OC(=O)c2ccc(O)c(O)c2)[C@@H](OC)[C@H]1OC,CC[C@H]1OC(=O)C[C@@H](OC(C)=O)[C@H](C)[C@@H](O[C@@H]2O[C@H](C)[C@@H](O[C@H]3C[C@@](C)(O)[C@@H](OC(=O)CC(C)C)[C@H](C)O3)[C@H](N(C)C)[C@H]2O)[C@@H](CC=O)C[C@@H](C)C(=O)/C=C/C(C)=C/[C@@H]1CO[C@@H]1O[C@H](C)[C@@H](OC(=O)c2ccc(O)c(O)c2)[C@@H](OC)[C@H]1OC,TRUE,,-1.3978,-1.397769114
tylvalosin,Tylvalosin (Ì©Íò¾úËØ),REF_TYLVALOSIN,repository_reference,O68_attached_to_C64,68,64,C,MPM00702,Hydroxybenzenecarboxylic acid,O=C(O)c1ccc(O)cc1,1,CC[C@H]1OC(=O)C[C@@H](OC(C)=O)[C@H](C)[C@@H](O[C@@H]2O[C@H](C)[C@@H](O[C@H]3C[C@@](C)(O)[C@@H](OC(=O)CC(C)C)[C@H](C)O3)[C@H](N(C)C)[C@H]2O)[C@@H](CC=O)C[C@@H](C)C(=O)/C=C/C(C)=C/[C@@H]1CO[C@@H]1O[C@H](C)[C@@H](OC(=O)c2ccc(O)cc2)[C@@H](OC)[C@H]1OC,CC[C@H]1OC(=O)C[C@@H](OC(C)=O)[C@H](C)[C@@H](O[C@@H]2O[C@H](C)[C@@H](O[C@H]3C[C@@](C)(O)[C@@H](OC(=O)CC(C)C)[C@H](C)O3)[C@H](N(C)C)[C@H]2O)[C@@H](CC=O)C[C@@H](C)C(=O)/C=C/C(C)=C/[C@@H]1CO[C@@H]1O[C@H](C)[C@@H](OC(=O)c2ccc(O)cc2)[C@@H](OC)[C@H]1OC,TRUE,,-1.0904,-1.090403619
tylvalosin,Tylvalosin (Ì©Íò¾úËØ),REF_TYLVALOSIN,repository_reference,O68_attached_to_C64,68,64,C,MPM00173,"2,3-Dihydroxybenzoic acid",O=C(O)c1cccc(O)c1O,1,CC[C@H]1OC(=O)C[C@@H](OC(C)=O)[C@H](C)[C@@H](O[C@@H]2O[C@H](C)[C@@H](O[C@H]3C[C@@](C)(O)[C@@H](OC(=O)CC(C)C)[C@H](C)O3)[C@H](N(C)C)[C@H]2O)[C@@H](CC=O)C[C@@H](C)C(=O)/C=C/C(C)=C/[C@@H]1CO[C@@H]1O[C@H](C)[C@@H](OC(=O)c2cccc(O)c2O)[C@@H](OC)[C@H]1OC,CC[C@H]1OC(=O)C[C@@H](OC(C)=O)[C@H](C)[C@@H](O[C@@H]2O[C@H](C)[C@@H](O[C@H]3C[C@@](C)(O)[C@@H](OC(=O)CC(C)C)[C@H](C)O3)[C@H](N(C)C)[C@H]2O)[C@@H](CC=O)C[C@@H](C)C(=O)/C=C/C(C)=C/[C@@H]1CO[C@@H]1O[C@H](C)[C@@H](OC(=O)c2cccc(O)c2O)[C@@H](OC)[C@H]1OC,TRUE,,-1.3772,-1.377165202
tylvalosin,Tylvalosin (Ì©Íò¾úËØ),REF_TYLVALOSIN,repository_reference,O68_attached_to_C64,68,64,C,MPM00614,Dracylic acid,O=C(O)c1ccccc1,1,CC[C@H]1OC(=O)C[C@@H](OC(C)=O)[C@H](C)[C@@H](O[C@@H]2O[C@H](C)[C@@H](O[C@H]3C[C@@](C)(O)[C@@H](OC(=O)CC(C)C)[C@H](C)O3)[C@H](N(C)C)[C@H]2O)[C@@H](CC=O)C[C@@H](C)C(=O)/C=C/C(C)=C/[C@@H]1CO[C@@H]1O[C@H](C)[C@@H](OC(=O)c2ccccc2)[C@@H](OC)[C@H]1OC,CC[C@H]1OC(=O)C[C@@H](OC(C)=O)[C@H](C)[C@@H](O[C@@H]2O[C@H](C)[C@@H](O[C@H]3C[C@@](C)(O)[C@@H](OC(=O)CC(C)C)[C@H](C)O3)[C@H](N(C)C)[C@H]2O)[C@@H](CC=O)C[C@@H](C)C(=O)/C=C/C(C)=C/[C@@H]1CO[C@@H]1O[C@H](C)[C@@H](OC(=O)c2ccccc2)[C@@H](OC)[C@H]1OC,TRUE,,-0.7287,-0.728671881
tylvalosin,Tylvalosin (Ì©Íò¾úËØ),REF_TYLVALOSIN,repository_reference,O68_attached_to_C64,68,64,C,MPM00117,1-(2-Carboxyphenylamino)-1-deoxy-D-ribulose 5-phosphate,O=C(O)c1ccccc1NCC(=O)C(O)C(O)COP(=O)(O)O,1,CC[C@H]1OC(=O)C[C@@H](OC(C)=O)[C@H](C)[C@@H](O[C@@H]2O[C@H](C)[C@@H](O[C@H]3C[C@@](C)(O)[C@@H](OC(=O)CC(C)C)[C@H](C)O3)[C@H](N(C)C)[C@H]2O)[C@@H](CC=O)C[C@@H](C)C(=O)/C=C/C(C)=C/[C@@H]1CO[C@@H]1O[C@H](C)[C@@H](OC(=O)c2ccccc2NCC(=O)C(O)C(O)COP(=O)(O)O)[C@@H](OC)[C@H]1OC,CC[C@H]1OC(=O)C[C@@H](OC(C)=O)[C@H](C)[C@@H](O[C@@H]2O[C@H](C)[C@@H](O[C@H]3C[C@@](C)(O)[C@@H](OC(=O)CC(C)C)[C@H](C)O3)[C@H](N(C)C)[C@H]2O)[C@@H](CC=O)C[C@@H](C)C(=O)/C=C/C(C)=C/[C@@H]1CO[C@@H]1O[C@H](C)[C@@H](OC(=O)c2ccccc2NCC(=O)C(O)C(O)COP(=O)(O)O)[C@@H](OC)[C@H]1OC,TRUE,,-1.6137,-1.61371167
tylvalosin,Tylvalosin (Ì©Íò¾úËØ),REF_TYLVALOSIN,repository_reference,O68_attached_to_C64,68,64,C,MPM00931,Salicylic acid,O=C(O)c1ccccc1O,1,CC[C@H]1OC(=O)C[C@@H](OC(C)=O)[C@H](C)[C@@H](O[C@@H]2O[C@H](C)[C@@H](O[C@H]3C[C@@](C)(O)[C@@H](OC(=O)CC(C)C)[C@H](C)O3)[C@H](N(C)C)[C@H]2O)[C@@H](CC=O)C[C@@H](C)C(=O)/C=C/C(C)=C/[C@@H]1CO[C@@H]1O[C@H](C)[C@@H](OC(=O)c2ccccc2O)[C@@H](OC)[C@H]1OC,CC[C@H]1OC(=O)C[C@@H](OC(C)=O)[C@H](C)[C@@H](O[C@@H]2O[C@H](C)[C@@H](O[C@H]3C[C@@](C)(O)[C@@H](OC(=O)CC(C)C)[C@H](C)O3)[C@H](N(C)C)[C@H]2O)[C@@H](CC=O)C[C@@H](C)C(=O)/C=C/C(C)=C/[C@@H]1CO[C@@H]1O[C@H](C)[C@@H](OC(=O)c2ccccc2O)[C@@H](OC)[C@H]1OC,TRUE,,-1.0719,-1.071931095
tylvalosin,Tylvalosin (Ì©Íò¾úËØ),REF_TYLVALOSIN,repository_reference,O68_attached_to_C64,68,64,C,MPM00328,3-Pyridinecarboxylic acid,O=C(O)c1cccnc1,1,CC[C@H]1OC(=O)C[C@@H](OC(C)=O)[C@H](C)[C@@H](O[C@@H]2O[C@H](C)[C@@H](O[C@H]3C[C@@](C)(O)[C@@H](OC(=O)CC(C)C)[C@H](C)O3)[C@H](N(C)C)[C@H]2O)[C@@H](CC=O)C[C@@H](C)C(=O)/C=C/C(C)=C/[C@@H]1CO[C@@H]1O[C@H](C)[C@@H](OC(=O)c2cccnc2)[C@@H](OC)[C@H]1OC,CC[C@H]1OC(=O)C[C@@H](OC(C)=O)[C@H](C)[C@@H](O[C@@H]2O[C@H](C)[C@@H](O[C@H]3C[C@@](C)(O)[C@@H](OC(=O)CC(C)C)[C@H](C)O3)[C@H](N(C)C)[C@H]2O)[C@@H](CC=O)C[C@@H](C)C(=O)/C=C/C(C)=C/[C@@H]1CO[C@@H]1O[C@H](C)[C@@H](OC(=O)c2cccnc2)[C@@H](OC)[C@H]1OC,TRUE,,-1.1198,-1.119812969
tylvalosin,Tylvalosin (Ì©Íò¾úËØ),REF_TYLVALOSIN,repository_reference,O68_attached_to_C64,68,64,C,MPM00585,Dihydro-L-orotic acid,O=C1CC(C(=O)O)NC(=O)N1,1,CC[C@H]1OC(=O)C[C@@H](OC(C)=O)[C@H](C)[C@@H](O[C@@H]2O[C@H](C)[C@@H](O[C@H]3C[C@@](C)(O)[C@@H](OC(=O)CC(C)C)[C@H](C)O3)[C@H](N(C)C)[C@H]2O)[C@@H](CC=O)C[C@@H](C)C(=O)/C=C/C(C)=C/[C@@H]1CO[C@@H]1O[C@H](C)[C@@H](OC(=O)C2CC(=O)NC(=O)N2)[C@@H](OC)[C@H]1OC,CC[C@H]1OC(=O)C[C@@H](OC(C)=O)[C@H](C)[C@@H](O[C@@H]2O[C@H](C)[C@@H](O[C@H]3C[C@@](C)(O)[C@@H](OC(=O)CC(C)C)[C@H](C)O3)[C@H](N(C)C)[C@H]2O)[C@@H](CC=O)C[C@@H](C)C(=O)/C=C/C(C)=C/[C@@H]1CO[C@@H]1O[C@H](C)[C@@H](OC(=O)C2CC(=O)NC(=O)N2)[C@@H](OC)[C@H]1OC,TRUE,,-1.7943,-1.79432908
tylvalosin,Tylvalosin (Ì©Íò¾úËØ),REF_TYLVALOSIN,repository_reference,O68_attached_to_C64,68,64,C,MPM00381,5-Dehydroquinic acid,O=C1CC(O)(C(=O)O)CC(O)C1O,1,CC[C@H]1OC(=O)C[C@@H](OC(C)=O)[C@H](C)[C@@H](O[C@@H]2O[C@H](C)[C@@H](O[C@H]3C[C@@](C)(O)[C@@H](OC(=O)CC(C)C)[C@H](C)O3)[C@H](N(C)C)[C@H]2O)[C@@H](CC=O)C[C@@H](C)C(=O)/C=C/C(C)=C/[C@@H]1CO[C@@H]1O[C@H](C)[C@@H](OC(=O)C2(O)CC(=O)C(O)C(O)C2)[C@@H](OC)[C@H]1OC,CC[C@H]1OC(=O)C[C@@H](OC(C)=O)[C@H](C)[C@@H](O[C@@H]2O[C@H](C)[C@@H](O[C@H]3C[C@@](C)(O)[C@@H](OC(=O)CC(C)C)[C@H](C)O3)[C@H](N(C)C)[C@H]2O)[C@@H](CC=O)C[C@@H](C)C(=O)/C=C/C(C)=C/[C@@H]1CO[C@@H]1O[C@H](C)[C@@H](OC(=O)C2(O)CC(=O)C(O)C(O)C2)[C@@H](OC)[C@H]1OC,TRUE,,-2.2726,-2.272599505
tylvalosin,Tylvalosin (Ì©Íò¾úËØ),REF_TYLVALOSIN,repository_reference,O68_attached_to_C64,68,64,C,MPM00679,Glyoxylic acid,O=CC(=O)O,1,CC[C@H]1OC(=O)C[C@@H](OC(C)=O)[C@H](C)[C@@H](O[C@@H]2O[C@H](C)[C@@H](O[C@H]3C[C@@](C)(O)[C@@H](OC(=O)CC(C)C)[C@H](C)O3)[C@H](N(C)C)[C@H]2O)[C@@H](CC=O)C[C@@H](C)C(=O)/C=C/C(C)=C/[C@@H]1CO[C@@H]1O[C@H](C)[C@@H](OC(=O)C=O)[C@@H](OC)[C@H]1OC,CC[C@H]1OC(=O)C[C@@H](OC(C)=O)[C@H](C)[C@@H](O[C@@H]2O[C@H](C)[C@@H](O[C@H]3C[C@@](C)(O)[C@@H](OC(=O)CC(C)C)[C@H](C)O3)[C@H](N(C)C)[C@H]2O)[C@@H](CC=O)C[C@@H](C)C(=O)/C=C/C(C)=C/[C@@H]1CO[C@@H]1O[C@H](C)[C@@H](OC(=O)C=O)[C@@H](OC)[C@H]1OC,TRUE,,-1.3223,-1.322296628
tylvalosin,Tylvalosin (Ì©Íò¾úËØ),REF_TYLVALOSIN,repository_reference,O68_attached_to_C64,68,64,C,MPM00965,Tartronate semialdehyde,O=CC(O)C(=O)O,1,CC[C@H]1OC(=O)C[C@@H](OC(C)=O)[C@H](C)[C@@H](O[C@@H]2O[C@H](C)[C@@H](O[C@H]3C[C@@](C)(O)[C@@H](OC(=O)CC(C)C)[C@H](C)O3)[C@H](N(C)C)[C@H]2O)[C@@H](CC=O)C[C@@H](C)C(=O)/C=C/C(C)=C/[C@@H]1CO[C@@H]1O[C@H](C)[C@@H](OC(=O)C(O)C=O)[C@@H](OC)[C@H]1OC,CC[C@H]1OC(=O)C[C@@H](OC(C)=O)[C@H](C)[C@@H](O[C@@H]2O[C@H](C)[C@@H](O[C@H]3C[C@@](C)(O)[C@@H](OC(=O)CC(C)C)[C@H](C)O3)[C@H](N(C)C)[C@H]2O)[C@@H](CC=O)C[C@@H](C)C(=O)/C=C/C(C)=C/[C@@H]1CO[C@@H]1O[C@H](C)[C@@H](OC(=O)C(O)C=O)[C@@H](OC)[C@H]1OC,TRUE,,-1.5187,-1.518743896
tylvalosin,Tylvalosin (Ì©Íò¾úËØ),REF_TYLVALOSIN,repository_reference,O68_attached_to_C64,68,64,C,MPM00768,Malonate semialdehyde,O=CCC(=O)O,1,CC[C@H]1OC(=O)C[C@@H](OC(C)=O)[C@H](C)[C@@H](O[C@@H]2O[C@H](C)[C@@H](O[C@H]3C[C@@](C)(O)[C@@H](OC(=O)CC(C)C)[C@H](C)O3)[C@H](N(C)C)[C@H]2O)[C@@H](CC=O)C[C@@H](C)C(=O)/C=C/C(C)=C/[C@@H]1CO[C@@H]1O[C@H](C)[C@@H](OC(=O)CC=O)[C@@H](OC)[C@H]1OC,CC[C@H]1OC(=O)C[C@@H](OC(C)=O)[C@H](C)[C@@H](O[C@@H]2O[C@H](C)[C@@H](O[C@H]3C[C@@](C)(O)[C@@H](OC(=O)CC(C)C)[C@H](C)O3)[C@H](N(C)C)[C@H]2O)[C@@H](CC=O)C[C@@H](C)C(=O)/C=C/C(C)=C/[C@@H]1CO[C@@H]1O[C@H](C)[C@@H](OC(=O)CC=O)[C@@H](OC)[C@H]1OC,TRUE,,-1.5976,-1.59761117
tylvalosin,Tylvalosin (Ì©Íò¾úËØ),REF_TYLVALOSIN,repository_reference,O68_attached_to_C64,68,64,C,MPM00359,4-Oxobutanoate,O=CCCC(=O)O,1,CC[C@H]1OC(=O)C[C@@H](OC(C)=O)[C@H](C)[C@@H](O[C@@H]2O[C@H](C)[C@@H](O[C@H]3C[C@@](C)(O)[C@@H](OC(=O)CC(C)C)[C@H](C)O3)[C@H](N(C)C)[C@H]2O)[C@@H](CC=O)C[C@@H](C)C(=O)/C=C/C(C)=C/[C@@H]1CO[C@@H]1O[C@H](C)[C@@H](OC(=O)CCC=O)[C@@H](OC)[C@H]1OC,CC[C@H]1OC(=O)C[C@@H](OC(C)=O)[C@H](C)[C@@H](O[C@@H]2O[C@H](C)[C@@H](O[C@H]3C[C@@](C)(O)[C@@H](OC(=O)CC(C)C)[C@H](C)O3)[C@H](N(C)C)[C@H]2O)[C@@H](CC=O)C[C@@H](C)C(=O)/C=C/C(C)=C/[C@@H]1CO[C@@H]1O[C@H](C)[C@@H](OC(=O)CCC=O)[C@@H](OC)[C@H]1OC,TRUE,,-1.8629,-1.862852086
