scaffold_slug,scaffold_name,scaffold_ref_id,scaffold_smiles_source,hydroxyl_site_id,hydroxyl_oxygen_atom_idx,hydroxyl_neighbor_atom_idx,hydroxyl_neighbor_symbol,representative_mpm_id,representative_name,neutralized_smiles,cooh_group_count,product_smiles,product_canonical_smiles,sanitize_ok,error_message,pMIC_pred（μmol/ml）
tildipirosin,Tildipirosin (泰地罗新),REF_TILDIPIROSIN,repository_reference,O20_attached_to_C15,20,15,C,MPM00863,PEP,C=C(OP(=O)(O)O)C(=O)O,1,C=C(OP(=O)(O)O)C(=O)O[C@@H]1CC(=O)O[C@H](CC)[C@@H](CN2CCCCC2)/C=C(C)/C=C/C(=O)[C@H](C)C[C@H](CCN2CCCCC2)[C@H](O[C@@H]2O[C@H](C)[C@@H](O)[C@H](N(C)C)[C@H]2O)[C@H]1C,C=C(OP(=O)(O)O)C(=O)O[C@@H]1CC(=O)O[C@H](CC)[C@@H](CN2CCCCC2)/C=C(C)/C=C/C(=O)[C@H](C)C[C@H](CCN2CCCCC2)[C@H](O[C@@H]2O[C@H](C)[C@@H](O)[C@H](N(C)C)[C@H]2O)[C@H]1C,TRUE,,1.283 
tildipirosin,Tildipirosin (泰地罗新),REF_TILDIPIROSIN,repository_reference,O20_attached_to_C15,20,15,C,MPM00921,Pyroracemic acid,CC(=O)C(=O)O,1,CC[C@H]1OC(=O)C[C@@H](OC(=O)C(C)=O)[C@H](C)[C@@H](O[C@@H]2O[C@H](C)[C@@H](O)[C@H](N(C)C)[C@H]2O)[C@@H](CCN2CCCCC2)C[C@@H](C)C(=O)/C=C/C(C)=C/[C@@H]1CN1CCCCC1,CC[C@H]1OC(=O)C[C@@H](OC(=O)C(C)=O)[C@H](C)[C@@H](O[C@@H]2O[C@H](C)[C@@H](O)[C@H](N(C)C)[C@H]2O)[C@@H](CCN2CCCCC2)C[C@@H](C)C(=O)/C=C/C(C)=C/[C@@H]1CN1CCCCC1,TRUE,,1.480 
tildipirosin,Tildipirosin (泰地罗新),REF_TILDIPIROSIN,repository_reference,O20_attached_to_C15,20,15,C,MPM00036,(2S)-2-Hydroxy-2-methyl-3-oxobutanoate,CC(=O)C(C)(O)C(=O)O,1,CC[C@H]1OC(=O)C[C@@H](OC(=O)C(C)(O)C(C)=O)[C@H](C)[C@@H](O[C@@H]2O[C@H](C)[C@@H](O)[C@H](N(C)C)[C@H]2O)[C@@H](CCN2CCCCC2)C[C@@H](C)C(=O)/C=C/C(C)=C/[C@@H]1CN1CCCCC1,CC[C@H]1OC(=O)C[C@@H](OC(=O)C(C)(O)C(C)=O)[C@H](C)[C@@H](O[C@@H]2O[C@H](C)[C@@H](O)[C@H](N(C)C)[C@H]2O)[C@@H](CCN2CCCCC2)C[C@@H](C)C(=O)/C=C/C(C)=C/[C@@H]1CN1CCCCC1,TRUE,,0.806 
tildipirosin,Tildipirosin (泰地罗新),REF_TILDIPIROSIN,repository_reference,O20_attached_to_C15,20,15,C,MPM01075,(S)-2-Amino-3-oxobutanoic acid,CC(=O)C(N)C(=O)O,1,CC[C@H]1OC(=O)C[C@@H](OC(=O)C(N)C(C)=O)[C@H](C)[C@@H](O[C@@H]2O[C@H](C)[C@@H](O)[C@H](N(C)C)[C@H]2O)[C@@H](CCN2CCCCC2)C[C@@H](C)C(=O)/C=C/C(C)=C/[C@@H]1CN1CCCCC1,CC[C@H]1OC(=O)C[C@@H](OC(=O)C(N)C(C)=O)[C@H](C)[C@@H](O[C@@H]2O[C@H](C)[C@@H](O)[C@H](N(C)C)[C@H]2O)[C@@H](CCN2CCCCC2)C[C@@H](C)C(=O)/C=C/C(C)=C/[C@@H]1CN1CCCCC1,TRUE,,1.519 
tildipirosin,Tildipirosin (泰地罗新),REF_TILDIPIROSIN,repository_reference,O20_attached_to_C15,20,15,C,MPM00419,Acetoacetic acid,CC(=O)CC(=O)O,1,CC[C@H]1OC(=O)C[C@@H](OC(=O)CC(C)=O)[C@H](C)[C@@H](O[C@@H]2O[C@H](C)[C@@H](O)[C@H](N(C)C)[C@H]2O)[C@@H](CCN2CCCCC2)C[C@@H](C)C(=O)/C=C/C(C)=C/[C@@H]1CN1CCCCC1,CC[C@H]1OC(=O)C[C@@H](OC(=O)CC(C)=O)[C@H](C)[C@@H](O[C@@H]2O[C@H](C)[C@@H](O)[C@H](N(C)C)[C@H]2O)[C@@H](CCN2CCCCC2)C[C@@H](C)C(=O)/C=C/C(C)=C/[C@@H]1CN1CCCCC1,TRUE,,1.363 
tildipirosin,Tildipirosin (泰地罗新),REF_TILDIPIROSIN,repository_reference,O20_attached_to_C15,20,15,C,MPM00188,2-Acetamido-5-oxopentanoate,CC(=O)NC(CCC=O)C(=O)O,1,CC[C@H]1OC(=O)C[C@@H](OC(=O)C(CCC=O)NC(C)=O)[C@H](C)[C@@H](O[C@@H]2O[C@H](C)[C@@H](O)[C@H](N(C)C)[C@H]2O)[C@@H](CCN2CCCCC2)C[C@@H](C)C(=O)/C=C/C(C)=C/[C@@H]1CN1CCCCC1,CC[C@H]1OC(=O)C[C@@H](OC(=O)C(CCC=O)NC(C)=O)[C@H](C)[C@@H](O[C@@H]2O[C@H](C)[C@@H](O)[C@H](N(C)C)[C@H]2O)[C@@H](CCN2CCCCC2)C[C@@H](C)C(=O)/C=C/C(C)=C/[C@@H]1CN1CCCCC1,TRUE,,0.817 
tildipirosin,Tildipirosin (泰地罗新),REF_TILDIPIROSIN,repository_reference,O20_attached_to_C15,20,15,C,MPM01517,N2-Acetyl-L-ornithine,CC(=O)NC(CCCN)C(=O)O,1,CC[C@H]1OC(=O)C[C@@H](OC(=O)C(CCCN)NC(C)=O)[C@H](C)[C@@H](O[C@@H]2O[C@H](C)[C@@H](O)[C@H](N(C)C)[C@H]2O)[C@@H](CCN2CCCCC2)C[C@@H](C)C(=O)/C=C/C(C)=C/[C@@H]1CN1CCCCC1,CC[C@H]1OC(=O)C[C@@H](OC(=O)C(CCCN)NC(C)=O)[C@H](C)[C@@H](O[C@@H]2O[C@H](C)[C@@H](O)[C@H](N(C)C)[C@H]2O)[C@@H](CCN2CCCCC2)C[C@@H](C)C(=O)/C=C/C(C)=C/[C@@H]1CN1CCCCC1,TRUE,,1.492 
tildipirosin,Tildipirosin (泰地罗新),REF_TILDIPIROSIN,repository_reference,O20_attached_to_C15,20,15,C,MPM00819,Neu5Ac,CC(=O)NC1C(O)CC(O)(C(=O)O)OC1C(O)C(O)CO,1,CC[C@H]1OC(=O)C[C@@H](OC(=O)C2(O)CC(O)C(NC(C)=O)C(C(O)C(O)CO)O2)[C@H](C)[C@@H](O[C@@H]2O[C@H](C)[C@@H](O)[C@H](N(C)C)[C@H]2O)[C@@H](CCN2CCCCC2)C[C@@H](C)C(=O)/C=C/C(C)=C/[C@@H]1CN1CCCCC1,CC[C@H]1OC(=O)C[C@@H](OC(=O)C2(O)CC(O)C(NC(C)=O)C(C(O)C(O)CO)O2)[C@H](C)[C@@H](O[C@@H]2O[C@H](C)[C@@H](O)[C@H](N(C)C)[C@H]2O)[C@@H](CCN2CCCCC2)C[C@@H](C)C(=O)/C=C/C(C)=C/[C@@H]1CN1CCCCC1,TRUE,,0.040 
tildipirosin,Tildipirosin (泰地罗新),REF_TILDIPIROSIN,repository_reference,O20_attached_to_C15,20,15,C,MPM00806,N-Acetyl-D-muramoate,CC(=O)NC1C(O)OC(CO)C(O)C1OC(C)C(=O)O,1,CC[C@H]1OC(=O)C[C@@H](OC(=O)C(C)OC2C(O)C(CO)OC(O)C2NC(C)=O)[C@H](C)[C@@H](O[C@@H]2O[C@H](C)[C@@H](O)[C@H](N(C)C)[C@H]2O)[C@@H](CCN2CCCCC2)C[C@@H](C)C(=O)/C=C/C(C)=C/[C@@H]1CN1CCCCC1,CC[C@H]1OC(=O)C[C@@H](OC(=O)C(C)OC2C(O)C(CO)OC(O)C2NC(C)=O)[C@H](C)[C@@H](O[C@@H]2O[C@H](C)[C@@H](O)[C@H](N(C)C)[C@H]2O)[C@@H](CCN2CCCCC2)C[C@@H](C)C(=O)/C=C/C(C)=C/[C@@H]1CN1CCCCC1,TRUE,,0.394 
tildipirosin,Tildipirosin (泰地罗新),REF_TILDIPIROSIN,repository_reference,O20_attached_to_C15,20,15,C,MPM00632,Ethanoic acid,CC(=O)O,1,CC[C@H]1OC(=O)C[C@@H](OC(C)=O)[C@H](C)[C@@H](O[C@@H]2O[C@H](C)[C@@H](O)[C@H](N(C)C)[C@H]2O)[C@@H](CCN2CCCCC2)C[C@@H](C)C(=O)/C=C/C(C)=C/[C@@H]1CN1CCCCC1,CC[C@H]1OC(=O)C[C@@H](OC(C)=O)[C@H](C)[C@@H](O[C@@H]2O[C@H](C)[C@@H](O)[C@H](N(C)C)[C@H]2O)[C@@H](CCN2CCCCC2)C[C@@H](C)C(=O)/C=C/C(C)=C/[C@@H]1CN1CCCCC1,TRUE,,1.424 
tildipirosin,Tildipirosin (泰地罗新),REF_TILDIPIROSIN,repository_reference,O20_attached_to_C15,20,15,C,MPM01530,O3-Acetyl-L-serine,CC(=O)OCC(N)C(=O)O,1,CC[C@H]1OC(=O)C[C@@H](OC(=O)C(N)COC(C)=O)[C@H](C)[C@@H](O[C@@H]2O[C@H](C)[C@@H](O)[C@H](N(C)C)[C@H]2O)[C@@H](CCN2CCCCC2)C[C@@H](C)C(=O)/C=C/C(C)=C/[C@@H]1CN1CCCCC1,CC[C@H]1OC(=O)C[C@@H](OC(=O)C(N)COC(C)=O)[C@H](C)[C@@H](O[C@@H]2O[C@H](C)[C@@H](O)[C@H](N(C)C)[C@H]2O)[C@@H](CCN2CCCCC2)C[C@@H](C)C(=O)/C=C/C(C)=C/[C@@H]1CN1CCCCC1,TRUE,,1.668 
tildipirosin,Tildipirosin (泰地罗新),REF_TILDIPIROSIN,repository_reference,O20_attached_to_C15,20,15,C,MPM01531,O-Acetylhomoserine,CC(=O)OCCC(N)C(=O)O,1,CC[C@H]1OC(=O)C[C@@H](OC(=O)C(N)CCOC(C)=O)[C@H](C)[C@@H](O[C@@H]2O[C@H](C)[C@@H](O)[C@H](N(C)C)[C@H]2O)[C@@H](CCN2CCCCC2)C[C@@H](C)C(=O)/C=C/C(C)=C/[C@@H]1CN1CCCCC1,CC[C@H]1OC(=O)C[C@@H](OC(=O)C(N)CCOC(C)=O)[C@H](C)[C@@H](O[C@@H]2O[C@H](C)[C@@H](O)[C@H](N(C)C)[C@H]2O)[C@@H](CCN2CCCCC2)C[C@@H](C)C(=O)/C=C/C(C)=C/[C@@H]1CN1CCCCC1,TRUE,,1.480 
tildipirosin,Tildipirosin (泰地罗新),REF_TILDIPIROSIN,repository_reference,O20_attached_to_C15,20,15,C,MPM00396,6-Acetylthiohexanoic acid,CC(=O)SCCCCCC(=O)O,1,CC[C@H]1OC(=O)C[C@@H](OC(=O)CCCCCSC(C)=O)[C@H](C)[C@@H](O[C@@H]2O[C@H](C)[C@@H](O)[C@H](N(C)C)[C@H]2O)[C@@H](CCN2CCCCC2)C[C@@H](C)C(=O)/C=C/C(C)=C/[C@@H]1CN1CCCCC1,CC[C@H]1OC(=O)C[C@@H](OC(=O)CCCCCSC(C)=O)[C@H](C)[C@@H](O[C@@H]2O[C@H](C)[C@@H](O)[C@H](N(C)C)[C@H]2O)[C@@H](CCN2CCCCC2)C[C@@H](C)C(=O)/C=C/C(C)=C/[C@@H]1CN1CCCCC1,TRUE,,0.459 
tildipirosin,Tildipirosin (泰地罗新),REF_TILDIPIROSIN,repository_reference,O20_attached_to_C15,20,15,C,MPM00215,2-Dehydropantoate,CC(C)(CO)C(=O)C(=O)O,1,CC[C@H]1OC(=O)C[C@@H](OC(=O)C(=O)C(C)(C)CO)[C@H](C)[C@@H](O[C@@H]2O[C@H](C)[C@@H](O)[C@H](N(C)C)[C@H]2O)[C@@H](CCN2CCCCC2)C[C@@H](C)C(=O)/C=C/C(C)=C/[C@@H]1CN1CCCCC1,CC[C@H]1OC(=O)C[C@@H](OC(=O)C(=O)C(C)(C)CO)[C@H](C)[C@@H](O[C@@H]2O[C@H](C)[C@@H](O)[C@H](N(C)C)[C@H]2O)[C@@H](CCN2CCCCC2)C[C@@H](C)C(=O)/C=C/C(C)=C/[C@@H]1CN1CCCCC1,TRUE,,1.607 
tildipirosin,Tildipirosin (泰地罗新),REF_TILDIPIROSIN,repository_reference,O20_attached_to_C15,20,15,C,MPM00831,N-Pantothenoylcysteine,CC(C)(CO)C(O)C(=O)NCCC(=O)NC(CS)C(=O)O,1,CC[C@H]1OC(=O)C[C@@H](OC(=O)C(CS)NC(=O)CCNC(=O)C(O)C(C)(C)CO)[C@H](C)[C@@H](O[C@@H]2O[C@H](C)[C@@H](O)[C@H](N(C)C)[C@H]2O)[C@@H](CCN2CCCCC2)C[C@@H](C)C(=O)/C=C/C(C)=C/[C@@H]1CN1CCCCC1,CC[C@H]1OC(=O)C[C@@H](OC(=O)C(CS)NC(=O)CCNC(=O)C(O)C(C)(C)CO)[C@H](C)[C@@H](O[C@@H]2O[C@H](C)[C@@H](O)[C@H](N(C)C)[C@H]2O)[C@@H](CCN2CCCCC2)C[C@@H](C)C(=O)/C=C/C(C)=C/[C@@H]1CN1CCCCC1,TRUE,,-0.367 
tildipirosin,Tildipirosin (泰地罗新),REF_TILDIPIROSIN,repository_reference,O20_attached_to_C15,20,15,C,MPM00087,(R)-Pantothenate,CC(C)(CO)C(O)C(=O)NCCC(=O)O,1,CC[C@H]1OC(=O)C[C@@H](OC(=O)CCNC(=O)C(O)C(C)(C)CO)[C@H](C)[C@@H](O[C@@H]2O[C@H](C)[C@@H](O)[C@H](N(C)C)[C@H]2O)[C@@H](CCN2CCCCC2)C[C@@H](C)C(=O)/C=C/C(C)=C/[C@@H]1CN1CCCCC1,CC[C@H]1OC(=O)C[C@@H](OC(=O)CCNC(=O)C(O)C(C)(C)CO)[C@H](C)[C@@H](O[C@@H]2O[C@H](C)[C@@H](O)[C@H](N(C)C)[C@H]2O)[C@@H](CCN2CCCCC2)C[C@@H](C)C(=O)/C=C/C(C)=C/[C@@H]1CN1CCCCC1,TRUE,,1.203 
tildipirosin,Tildipirosin (泰地罗新),REF_TILDIPIROSIN,repository_reference,O20_attached_to_C15,20,15,C,MPM00080,(R)-4'-Phosphopantothenate,CC(C)(COP(=O)(O)O)C(O)C(=O)NCCC(=O)O,1,CC[C@H]1OC(=O)C[C@@H](OC(=O)CCNC(=O)C(O)C(C)(C)COP(=O)(O)O)[C@H](C)[C@@H](O[C@@H]2O[C@H](C)[C@@H](O)[C@H](N(C)C)[C@H]2O)[C@@H](CCN2CCCCC2)C[C@@H](C)C(=O)/C=C/C(C)=C/[C@@H]1CN1CCCCC1,CC[C@H]1OC(=O)C[C@@H](OC(=O)CCNC(=O)C(O)C(C)(C)COP(=O)(O)O)[C@H](C)[C@@H](O[C@@H]2O[C@H](C)[C@@H](O)[C@H](N(C)C)[C@H]2O)[C@@H](CCN2CCCCC2)C[C@@H](C)C(=O)/C=C/C(C)=C/[C@@H]1CN1CCCCC1,TRUE,,0.812 
tildipirosin,Tildipirosin (泰地罗新),REF_TILDIPIROSIN,repository_reference,O20_attached_to_C15,20,15,C,MPM00026,"(2R)-2,3-Dihydroxy-3-methylbutanoate",CC(C)(O)C(O)C(=O)O,1,CC[C@H]1OC(=O)C[C@@H](OC(=O)C(O)C(C)(C)O)[C@H](C)[C@@H](O[C@@H]2O[C@H](C)[C@@H](O)[C@H](N(C)C)[C@H]2O)[C@@H](CCN2CCCCC2)C[C@@H](C)C(=O)/C=C/C(C)=C/[C@@H]1CN1CCCCC1,CC[C@H]1OC(=O)C[C@@H](OC(=O)C(O)C(C)(C)O)[C@H](C)[C@@H](O[C@@H]2O[C@H](C)[C@@H](O)[C@H](N(C)C)[C@H]2O)[C@@H](CCN2CCCCC2)C[C@@H](C)C(=O)/C=C/C(C)=C/[C@@H]1CN1CCCCC1,TRUE,,1.059 
tildipirosin,Tildipirosin (泰地罗新),REF_TILDIPIROSIN,repository_reference,O20_attached_to_C15,20,15,C,MPM00242,2-Keto-3-methylbutyric acid,CC(C)C(=O)C(=O)O,1,CC[C@H]1OC(=O)C[C@@H](OC(=O)C(=O)C(C)C)[C@H](C)[C@@H](O[C@@H]2O[C@H](C)[C@@H](O)[C@H](N(C)C)[C@H]2O)[C@@H](CCN2CCCCC2)C[C@@H](C)C(=O)/C=C/C(C)=C/[C@@H]1CN1CCCCC1,CC[C@H]1OC(=O)C[C@@H](OC(=O)C(=O)C(C)C)[C@H](C)[C@@H](O[C@@H]2O[C@H](C)[C@@H](O)[C@H](N(C)C)[C@H]2O)[C@@H](CCN2CCCCC2)C[C@@H](C)C(=O)/C=C/C(C)=C/[C@@H]1CN1CCCCC1,TRUE,,1.422 
tildipirosin,Tildipirosin (泰地罗新),REF_TILDIPIROSIN,repository_reference,O20_attached_to_C15,20,15,C,MPM00716,Isobutyrate,CC(C)C(=O)O,1,CC[C@H]1OC(=O)C[C@@H](OC(=O)C(C)C)[C@H](C)[C@@H](O[C@@H]2O[C@H](C)[C@@H](O)[C@H](N(C)C)[C@H]2O)[C@@H](CCN2CCCCC2)C[C@@H](C)C(=O)/C=C/C(C)=C/[C@@H]1CN1CCCCC1,CC[C@H]1OC(=O)C[C@@H](OC(=O)C(C)C)[C@H](C)[C@@H](O[C@@H]2O[C@H](C)[C@@H](O)[C@H](N(C)C)[C@H]2O)[C@@H](CCN2CCCCC2)C[C@@H](C)C(=O)/C=C/C(C)=C/[C@@H]1CN1CCCCC1,TRUE,,1.355 
tildipirosin,Tildipirosin (泰地罗新),REF_TILDIPIROSIN,repository_reference,O20_attached_to_C15,20,15,C,MPM01137,2-Amino-3-methylbutyric acid,CC(C)C(N)C(=O)O,1,CC[C@H]1OC(=O)C[C@@H](OC(=O)C(N)C(C)C)[C@H](C)[C@@H](O[C@@H]2O[C@H](C)[C@@H](O)[C@H](N(C)C)[C@H]2O)[C@@H](CCN2CCCCC2)C[C@@H](C)C(=O)/C=C/C(C)=C/[C@@H]1CN1CCCCC1,CC[C@H]1OC(=O)C[C@@H](OC(=O)C(N)C(C)C)[C@H](C)[C@@H](O[C@@H]2O[C@H](C)[C@@H](O)[C@H](N(C)C)[C@H]2O)[C@@H](CCN2CCCCC2)C[C@@H](C)C(=O)/C=C/C(C)=C/[C@@H]1CN1CCCCC1,TRUE,,1.381 
tildipirosin,Tildipirosin (泰地罗新),REF_TILDIPIROSIN,repository_reference,O20_attached_to_C15,20,15,C,MPM00260,2-Oxoisocaproate,CC(C)CC(=O)C(=O)O,1,CC[C@H]1OC(=O)C[C@@H](OC(=O)C(=O)CC(C)C)[C@H](C)[C@@H](O[C@@H]2O[C@H](C)[C@@H](O)[C@H](N(C)C)[C@H]2O)[C@@H](CCN2CCCCC2)C[C@@H](C)C(=O)/C=C/C(C)=C/[C@@H]1CN1CCCCC1,CC[C@H]1OC(=O)C[C@@H](OC(=O)C(=O)CC(C)C)[C@H](C)[C@@H](O[C@@H]2O[C@H](C)[C@@H](O)[C@H](N(C)C)[C@H]2O)[C@@H](CCN2CCCCC2)C[C@@H](C)C(=O)/C=C/C(C)=C/[C@@H]1CN1CCCCC1,TRUE,,1.195 
tildipirosin,Tildipirosin (泰地罗新),REF_TILDIPIROSIN,repository_reference,O20_attached_to_C15,20,15,C,MPM00720,Isovalerate,CC(C)CC(=O)O,1,CC[C@H]1OC(=O)C[C@@H](OC(=O)CC(C)C)[C@H](C)[C@@H](O[C@@H]2O[C@H](C)[C@@H](O)[C@H](N(C)C)[C@H]2O)[C@@H](CCN2CCCCC2)C[C@@H](C)C(=O)/C=C/C(C)=C/[C@@H]1CN1CCCCC1,CC[C@H]1OC(=O)C[C@@H](OC(=O)CC(C)C)[C@H](C)[C@@H](O[C@@H]2O[C@H](C)[C@@H](O)[C@H](N(C)C)[C@H]2O)[C@@H](CCN2CCCCC2)C[C@@H](C)C(=O)/C=C/C(C)=C/[C@@H]1CN1CCCCC1,TRUE,,1.126 
tildipirosin,Tildipirosin (泰地罗新),REF_TILDIPIROSIN,repository_reference,O20_attached_to_C15,20,15,C,MPM01055,(2S)-alpha-Leucine,CC(C)CC(N)C(=O)O,1,CC[C@H]1OC(=O)C[C@@H](OC(=O)C(N)CC(C)C)[C@H](C)[C@@H](O[C@@H]2O[C@H](C)[C@@H](O)[C@H](N(C)C)[C@H]2O)[C@@H](CCN2CCCCC2)C[C@@H](C)C(=O)/C=C/C(C)=C/[C@@H]1CN1CCCCC1,CC[C@H]1OC(=O)C[C@@H](OC(=O)C(N)CC(C)C)[C@H](C)[C@@H](O[C@@H]2O[C@H](C)[C@@H](O)[C@H](N(C)C)[C@H]2O)[C@@H](CCN2CCCCC2)C[C@@H](C)C(=O)/C=C/C(C)=C/[C@@H]1CN1CCCCC1,TRUE,,1.301 
tildipirosin,Tildipirosin (泰地罗新),REF_TILDIPIROSIN,repository_reference,O20_attached_to_C15,20,15,C,MPM00737,l-Alanyl-l-leucine,CC(C)CC(NC(=O)C(C)N)C(=O)O,1,CC[C@H]1OC(=O)C[C@@H](OC(=O)C(CC(C)C)NC(=O)C(C)N)[C@H](C)[C@@H](O[C@@H]2O[C@H](C)[C@@H](O)[C@H](N(C)C)[C@H]2O)[C@@H](CCN2CCCCC2)C[C@@H](C)C(=O)/C=C/C(C)=C/[C@@H]1CN1CCCCC1,CC[C@H]1OC(=O)C[C@@H](OC(=O)C(CC(C)C)NC(=O)C(C)N)[C@H](C)[C@@H](O[C@@H]2O[C@H](C)[C@@H](O)[C@H](N(C)C)[C@H]2O)[C@@H](CCN2CCCCC2)C[C@@H](C)C(=O)/C=C/C(C)=C/[C@@H]1CN1CCCCC1,TRUE,,1.149 
tildipirosin,Tildipirosin (泰地罗新),REF_TILDIPIROSIN,repository_reference,O20_attached_to_C15,20,15,C,MPM00675,Glycyl-L-leucine,CC(C)CC(NC(=O)CN)C(=O)O,1,CC[C@H]1OC(=O)C[C@@H](OC(=O)C(CC(C)C)NC(=O)CN)[C@H](C)[C@@H](O[C@@H]2O[C@H](C)[C@@H](O)[C@H](N(C)C)[C@H]2O)[C@@H](CCN2CCCCC2)C[C@@H](C)C(=O)/C=C/C(C)=C/[C@@H]1CN1CCCCC1,CC[C@H]1OC(=O)C[C@@H](OC(=O)C(CC(C)C)NC(=O)CN)[C@H](C)[C@@H](O[C@@H]2O[C@H](C)[C@@H](O)[C@H](N(C)C)[C@H]2O)[C@@H](CCN2CCCCC2)C[C@@H](C)C(=O)/C=C/C(C)=C/[C@@H]1CN1CCCCC1,TRUE,,1.523 
tildipirosin,Tildipirosin (泰地罗新),REF_TILDIPIROSIN,repository_reference,O20_attached_to_C15,20,15,C,MPM00108,(S)-methylmalonate semialdehyde,CC(C=O)C(=O)O,1,CC[C@H]1OC(=O)C[C@@H](OC(=O)C(C)C=O)[C@H](C)[C@@H](O[C@@H]2O[C@H](C)[C@@H](O)[C@H](N(C)C)[C@H]2O)[C@@H](CCN2CCCCC2)C[C@@H](C)C(=O)/C=C/C(C)=C/[C@@H]1CN1CCCCC1,CC[C@H]1OC(=O)C[C@@H](OC(=O)C(C)C=O)[C@H](C)[C@@H](O[C@@H]2O[C@H](C)[C@@H](O)[C@H](N(C)C)[C@H]2O)[C@@H](CCN2CCCCC2)C[C@@H](C)C(=O)/C=C/C(C)=C/[C@@H]1CN1CCCCC1,TRUE,,1.205 
tildipirosin,Tildipirosin (泰地罗新),REF_TILDIPIROSIN,repository_reference,O20_attached_to_C15,20,15,C,MPM01359,D-Ala-D-Ala,CC(N)C(=O)NC(C)C(=O)O,1,CC[C@H]1OC(=O)C[C@@H](OC(=O)C(C)NC(=O)C(C)N)[C@H](C)[C@@H](O[C@@H]2O[C@H](C)[C@@H](O)[C@H](N(C)C)[C@H]2O)[C@@H](CCN2CCCCC2)C[C@@H](C)C(=O)/C=C/C(C)=C/[C@@H]1CN1CCCCC1,CC[C@H]1OC(=O)C[C@@H](OC(=O)C(C)NC(=O)C(C)N)[C@H](C)[C@@H](O[C@@H]2O[C@H](C)[C@@H](O)[C@H](N(C)C)[C@H]2O)[C@@H](CCN2CCCCC2)C[C@@H](C)C(=O)/C=C/C(C)=C/[C@@H]1CN1CCCCC1,TRUE,,1.592 
tildipirosin,Tildipirosin (泰地罗新),REF_TILDIPIROSIN,repository_reference,O20_attached_to_C15,20,15,C,MPM00736,l-Alanyl-l-glutamine,CC(N)C(=O)NC(CCC(N)=O)C(=O)O,1,CC[C@H]1OC(=O)C[C@@H](OC(=O)C(CCC(N)=O)NC(=O)C(C)N)[C@H](C)[C@@H](O[C@@H]2O[C@H](C)[C@@H](O)[C@H](N(C)C)[C@H]2O)[C@@H](CCN2CCCCC2)C[C@@H](C)C(=O)/C=C/C(C)=C/[C@@H]1CN1CCCCC1,CC[C@H]1OC(=O)C[C@@H](OC(=O)C(CCC(N)=O)NC(=O)C(C)N)[C@H](C)[C@@H](O[C@@H]2O[C@H](C)[C@@H](O)[C@H](N(C)C)[C@H]2O)[C@@H](CCN2CCCCC2)C[C@@H](C)C(=O)/C=C/C(C)=C/[C@@H]1CN1CCCCC1,TRUE,,1.617 
tildipirosin,Tildipirosin (泰地罗新),REF_TILDIPIROSIN,repository_reference,O20_attached_to_C15,20,15,C,MPM00440,Ala-His,CC(N)C(=O)NC(Cc1cnc[nH]1)C(=O)O,1,CC[C@H]1OC(=O)C[C@@H](OC(=O)C(Cc2cnc[nH]2)NC(=O)C(C)N)[C@H](C)[C@@H](O[C@@H]2O[C@H](C)[C@@H](O)[C@H](N(C)C)[C@H]2O)[C@@H](CCN2CCCCC2)C[C@@H](C)C(=O)/C=C/C(C)=C/[C@@H]1CN1CCCCC1,CC[C@H]1OC(=O)C[C@@H](OC(=O)C(Cc2cnc[nH]2)NC(=O)C(C)N)[C@H](C)[C@@H](O[C@@H]2O[C@H](C)[C@@H](O)[C@H](N(C)C)[C@H]2O)[C@@H](CCN2CCCCC2)C[C@@H](C)C(=O)/C=C/C(C)=C/[C@@H]1CN1CCCCC1,TRUE,,1.352 
tildipirosin,Tildipirosin (泰地罗新),REF_TILDIPIROSIN,repository_reference,O20_attached_to_C15,20,15,C,MPM00441,Alanylglycine,CC(N)C(=O)NCC(=O)O,1,CC[C@H]1OC(=O)C[C@@H](OC(=O)CNC(=O)C(C)N)[C@H](C)[C@@H](O[C@@H]2O[C@H](C)[C@@H](O)[C@H](N(C)C)[C@H]2O)[C@@H](CCN2CCCCC2)C[C@@H](C)C(=O)/C=C/C(C)=C/[C@@H]1CN1CCCCC1,CC[C@H]1OC(=O)C[C@@H](OC(=O)CNC(=O)C(C)N)[C@H](C)[C@@H](O[C@@H]2O[C@H](C)[C@@H](O)[C@H](N(C)C)[C@H]2O)[C@@H](CCN2CCCCC2)C[C@@H](C)C(=O)/C=C/C(C)=C/[C@@H]1CN1CCCCC1,TRUE,,1.780 
tildipirosin,Tildipirosin (泰地罗新),REF_TILDIPIROSIN,repository_reference,O20_attached_to_C15,20,15,C,MPM01358,D-Ala,CC(N)C(=O)O,1,CC[C@H]1OC(=O)C[C@@H](OC(=O)C(C)N)[C@H](C)[C@@H](O[C@@H]2O[C@H](C)[C@@H](O)[C@H](N(C)C)[C@H]2O)[C@@H](CCN2CCCCC2)C[C@@H](C)C(=O)/C=C/C(C)=C/[C@@H]1CN1CCCCC1,CC[C@H]1OC(=O)C[C@@H](OC(=O)C(C)N)[C@H](C)[C@@H](O[C@@H]2O[C@H](C)[C@@H](O)[C@H](N(C)C)[C@H]2O)[C@@H](CCN2CCCCC2)C[C@@H](C)C(=O)/C=C/C(C)=C/[C@@H]1CN1CCCCC1,TRUE,,1.741 
tildipirosin,Tildipirosin (泰地罗新),REF_TILDIPIROSIN,repository_reference,O20_attached_to_C15,20,15,C,MPM00548,DAPA,CC(N)C(N)CCCCCC(=O)O,1,CC[C@H]1OC(=O)C[C@@H](OC(=O)CCCCCC(N)C(C)N)[C@H](C)[C@@H](O[C@@H]2O[C@H](C)[C@@H](O)[C@H](N(C)C)[C@H]2O)[C@@H](CCN2CCCCC2)C[C@@H](C)C(=O)/C=C/C(C)=C/[C@@H]1CN1CCCCC1,CC[C@H]1OC(=O)C[C@@H](OC(=O)CCCCCC(N)C(C)N)[C@H](C)[C@@H](O[C@@H]2O[C@H](C)[C@@H](O)[C@H](N(C)C)[C@H]2O)[C@@H](CCN2CCCCC2)C[C@@H](C)C(=O)/C=C/C(C)=C/[C@@H]1CN1CCCCC1,TRUE,,1.241 
tildipirosin,Tildipirosin (泰地罗新),REF_TILDIPIROSIN,repository_reference,O20_attached_to_C15,20,15,C,MPM00031,"(2R,4S)-2,4-diaminopentanoic acid",CC(N)CC(N)C(=O)O,1,CC[C@H]1OC(=O)C[C@@H](OC(=O)C(N)CC(C)N)[C@H](C)[C@@H](O[C@@H]2O[C@H](C)[C@@H](O)[C@H](N(C)C)[C@H]2O)[C@@H](CCN2CCCCC2)C[C@@H](C)C(=O)/C=C/C(C)=C/[C@@H]1CN1CCCCC1,CC[C@H]1OC(=O)C[C@@H](OC(=O)C(N)CC(C)N)[C@H](C)[C@@H](O[C@@H]2O[C@H](C)[C@@H](O)[C@H](N(C)C)[C@H]2O)[C@@H](CCN2CCCCC2)C[C@@H](C)C(=O)/C=C/C(C)=C/[C@@H]1CN1CCCCC1,TRUE,,1.672 
tildipirosin,Tildipirosin (泰地罗新),REF_TILDIPIROSIN,repository_reference,O20_attached_to_C15,20,15,C,MPM00051,"(3S,5S)-3,5-diaminohexanoic acid",CC(N)CC(N)CC(=O)O,1,CC[C@H]1OC(=O)C[C@@H](OC(=O)CC(N)CC(C)N)[C@H](C)[C@@H](O[C@@H]2O[C@H](C)[C@@H](O)[C@H](N(C)C)[C@H]2O)[C@@H](CCN2CCCCC2)C[C@@H](C)C(=O)/C=C/C(C)=C/[C@@H]1CN1CCCCC1,CC[C@H]1OC(=O)C[C@@H](OC(=O)CC(N)CC(C)N)[C@H](C)[C@@H](O[C@@H]2O[C@H](C)[C@@H](O)[C@H](N(C)C)[C@H]2O)[C@@H](CCN2CCCCC2)C[C@@H](C)C(=O)/C=C/C(C)=C/[C@@H]1CN1CCCCC1,TRUE,,1.417 
tildipirosin,Tildipirosin (泰地罗新),REF_TILDIPIROSIN,repository_reference,O20_attached_to_C15,20,15,C,MPM00083,(R)-mevalonate,CC(O)(CCO)CC(=O)O,1,CC[C@H]1OC(=O)C[C@@H](OC(=O)CC(C)(O)CCO)[C@H](C)[C@@H](O[C@@H]2O[C@H](C)[C@@H](O)[C@H](N(C)C)[C@H]2O)[C@@H](CCN2CCCCC2)C[C@@H](C)C(=O)/C=C/C(C)=C/[C@@H]1CN1CCCCC1,CC[C@H]1OC(=O)C[C@@H](OC(=O)CC(C)(O)CCO)[C@H](C)[C@@H](O[C@@H]2O[C@H](C)[C@@H](O)[C@H](N(C)C)[C@H]2O)[C@@H](CCN2CCCCC2)C[C@@H](C)C(=O)/C=C/C(C)=C/[C@@H]1CN1CCCCC1,TRUE,,0.982 
tildipirosin,Tildipirosin (泰地罗新),REF_TILDIPIROSIN,repository_reference,O20_attached_to_C15,20,15,C,MPM00081,(R)-5-Diphosphomevalonate,CC(O)(CCOP(=O)(O)OP(=O)(O)O)CC(=O)O,1,CC[C@H]1OC(=O)C[C@@H](OC(=O)CC(C)(O)CCOP(=O)(O)OP(=O)(O)O)[C@H](C)[C@@H](O[C@@H]2O[C@H](C)[C@@H](O)[C@H](N(C)C)[C@H]2O)[C@@H](CCN2CCCCC2)C[C@@H](C)C(=O)/C=C/C(C)=C/[C@@H]1CN1CCCCC1,CC[C@H]1OC(=O)C[C@@H](OC(=O)CC(C)(O)CCOP(=O)(O)OP(=O)(O)O)[C@H](C)[C@@H](O[C@@H]2O[C@H](C)[C@@H](O)[C@H](N(C)C)[C@H]2O)[C@@H](CCN2CCCCC2)C[C@@H](C)C(=O)/C=C/C(C)=C/[C@@H]1CN1CCCCC1,TRUE,,0.109 
tildipirosin,Tildipirosin (泰地罗新),REF_TILDIPIROSIN,repository_reference,O20_attached_to_C15,20,15,C,MPM00543,D-2-Hydroxypropionic acid,CC(O)C(=O)O,1,CC[C@H]1OC(=O)C[C@@H](OC(=O)C(C)O)[C@H](C)[C@@H](O[C@@H]2O[C@H](C)[C@@H](O)[C@H](N(C)C)[C@H]2O)[C@@H](CCN2CCCCC2)C[C@@H](C)C(=O)/C=C/C(C)=C/[C@@H]1CN1CCCCC1,CC[C@H]1OC(=O)C[C@@H](OC(=O)C(C)O)[C@H](C)[C@@H](O[C@@H]2O[C@H](C)[C@@H](O)[C@H](N(C)C)[C@H]2O)[C@@H](CCN2CCCCC2)C[C@@H](C)C(=O)/C=C/C(C)=C/[C@@H]1CN1CCCCC1,TRUE,,1.447 
tildipirosin,Tildipirosin (泰地罗新),REF_TILDIPIROSIN,repository_reference,O20_attached_to_C15,20,15,C,MPM01136,2-Amino-3-hydroxybutyric acid,CC(O)C(N)C(=O)O,1,CC[C@H]1OC(=O)C[C@@H](OC(=O)C(N)C(C)O)[C@H](C)[C@@H](O[C@@H]2O[C@H](C)[C@@H](O)[C@H](N(C)C)[C@H]2O)[C@@H](CCN2CCCCC2)C[C@@H](C)C(=O)/C=C/C(C)=C/[C@@H]1CN1CCCCC1,CC[C@H]1OC(=O)C[C@@H](OC(=O)C(N)C(C)O)[C@H](C)[C@@H](O[C@@H]2O[C@H](C)[C@@H](O)[C@H](N(C)C)[C@H]2O)[C@@H](CCN2CCCCC2)C[C@@H](C)C(=O)/C=C/C(C)=C/[C@@H]1CN1CCCCC1,TRUE,,1.490 
tildipirosin,Tildipirosin (泰地罗新),REF_TILDIPIROSIN,repository_reference,O20_attached_to_C15,20,15,C,MPM00551,D-beta-Hydroxybutyric acid,CC(O)CC(=O)O,1,CC[C@H]1OC(=O)C[C@@H](OC(=O)CC(C)O)[C@H](C)[C@@H](O[C@@H]2O[C@H](C)[C@@H](O)[C@H](N(C)C)[C@H]2O)[C@@H](CCN2CCCCC2)C[C@@H](C)C(=O)/C=C/C(C)=C/[C@@H]1CN1CCCCC1,CC[C@H]1OC(=O)C[C@@H](OC(=O)CC(C)O)[C@H](C)[C@@H](O[C@@H]2O[C@H](C)[C@@H](O)[C@H](N(C)C)[C@H]2O)[C@@H](CCN2CCCCC2)C[C@@H](C)C(=O)/C=C/C(C)=C/[C@@H]1CN1CCCCC1,TRUE,,1.301 
tildipirosin,Tildipirosin (泰地罗新),REF_TILDIPIROSIN,repository_reference,O20_attached_to_C15,20,15,C,MPM00843,O-Phospho-L-threonine,CC(OP(=O)(O)O)C(N)C(=O)O,1,CC[C@H]1OC(=O)C[C@@H](OC(=O)C(N)C(C)OP(=O)(O)O)[C@H](C)[C@@H](O[C@@H]2O[C@H](C)[C@@H](O)[C@H](N(C)C)[C@H]2O)[C@@H](CCN2CCCCC2)C[C@@H](C)C(=O)/C=C/C(C)=C/[C@@H]1CN1CCCCC1,CC[C@H]1OC(=O)C[C@@H](OC(=O)C(N)C(C)OP(=O)(O)O)[C@H](C)[C@@H](O[C@@H]2O[C@H](C)[C@@H](O)[C@H](N(C)C)[C@H]2O)[C@@H](CCN2CCCCC2)C[C@@H](C)C(=O)/C=C/C(C)=C/[C@@H]1CN1CCCCC1,TRUE,,1.207 
tildipirosin,Tildipirosin (泰地罗新),REF_TILDIPIROSIN,repository_reference,O20_attached_to_C15,20,15,C,MPM00465,Ampicillin,CC1(C)SC2C(NC(=O)C(N)c3ccccc3)C(=O)N2C1C(=O)O,1,CC[C@H]1OC(=O)C[C@@H](OC(=O)C2N3C(=O)C(NC(=O)C(N)c4ccccc4)C3SC2(C)C)[C@H](C)[C@@H](O[C@@H]2O[C@H](C)[C@@H](O)[C@H](N(C)C)[C@H]2O)[C@@H](CCN2CCCCC2)C[C@@H](C)C(=O)/C=C/C(C)=C/[C@@H]1CN1CCCCC1,CC[C@H]1OC(=O)C[C@@H](OC(=O)C2N3C(=O)C(NC(=O)C(N)c4ccccc4)C3SC2(C)C)[C@H](C)[C@@H](O[C@@H]2O[C@H](C)[C@@H](O)[C@H](N(C)C)[C@H]2O)[C@@H](CCN2CCCCC2)C[C@@H](C)C(=O)/C=C/C(C)=C/[C@@H]1CN1CCCCC1,TRUE,,0.280 
tildipirosin,Tildipirosin (泰地罗新),REF_TILDIPIROSIN,repository_reference,O20_attached_to_C15,20,15,C,MPM00566,Desthiobiotin,CC1NC(=O)NC1CCCCCC(=O)O,1,CC[C@H]1OC(=O)C[C@@H](OC(=O)CCCCCC2NC(=O)NC2C)[C@H](C)[C@@H](O[C@@H]2O[C@H](C)[C@@H](O)[C@H](N(C)C)[C@H]2O)[C@@H](CCN2CCCCC2)C[C@@H](C)C(=O)/C=C/C(C)=C/[C@@H]1CN1CCCCC1,CC[C@H]1OC(=O)C[C@@H](OC(=O)CCCCCC2NC(=O)NC2C)[C@H](C)[C@@H](O[C@@H]2O[C@H](C)[C@@H](O)[C@H](N(C)C)[C@H]2O)[C@@H](CCN2CCCCC2)C[C@@H](C)C(=O)/C=C/C(C)=C/[C@@H]1CN1CCCCC1,TRUE,,0.542 
tildipirosin,Tildipirosin (泰地罗新),REF_TILDIPIROSIN,repository_reference,O20_attached_to_C15,20,15,C,MPM00458,alpha-Ketobutyrate,CCC(=O)C(=O)O,1,CCC(=O)C(=O)O[C@@H]1CC(=O)O[C@H](CC)[C@@H](CN2CCCCC2)/C=C(C)/C=C/C(=O)[C@H](C)C[C@H](CCN2CCCCC2)[C@H](O[C@@H]2O[C@H](C)[C@@H](O)[C@H](N(C)C)[C@H]2O)[C@H]1C,CCC(=O)C(=O)O[C@@H]1CC(=O)O[C@H](CC)[C@@H](CN2CCCCC2)/C=C(C)/C=C/C(=O)[C@H](C)C[C@H](CCN2CCCCC2)[C@H](O[C@@H]2O[C@H](C)[C@@H](O)[C@H](N(C)C)[C@H]2O)[C@H]1C,TRUE,,1.591 
tildipirosin,Tildipirosin (泰地罗新),REF_TILDIPIROSIN,repository_reference,O20_attached_to_C15,20,15,C,MPM00908,propionate,CCC(=O)O,1,CCC(=O)O[C@@H]1CC(=O)O[C@H](CC)[C@@H](CN2CCCCC2)/C=C(C)/C=C/C(=O)[C@H](C)C[C@H](CCN2CCCCC2)[C@H](O[C@@H]2O[C@H](C)[C@@H](O)[C@H](N(C)C)[C@H]2O)[C@H]1C,CCC(=O)O[C@@H]1CC(=O)O[C@H](CC)[C@@H](CN2CCCCC2)/C=C(C)/C=C/C(=O)[C@H](C)C[C@H](CCN2CCCCC2)[C@H](O[C@@H]2O[C@H](C)[C@@H](O)[C@H](N(C)C)[C@H]2O)[C@H]1C,TRUE,,1.525 
tildipirosin,Tildipirosin (泰地罗新),REF_TILDIPIROSIN,repository_reference,O20_attached_to_C15,20,15,C,MPM00078,(R)-3-Hydroxy-3-methyl-2-oxopentanoate,CCC(C)(O)C(=O)C(=O)O,1,CC[C@H]1OC(=O)C[C@@H](OC(=O)C(=O)C(C)(O)CC)[C@H](C)[C@@H](O[C@@H]2O[C@H](C)[C@@H](O)[C@H](N(C)C)[C@H]2O)[C@@H](CCN2CCCCC2)C[C@@H](C)C(=O)/C=C/C(C)=C/[C@@H]1CN1CCCCC1,CC[C@H]1OC(=O)C[C@@H](OC(=O)C(=O)C(C)(O)CC)[C@H](C)[C@@H](O[C@@H]2O[C@H](C)[C@@H](O)[C@H](N(C)C)[C@H]2O)[C@@H](CCN2CCCCC2)C[C@@H](C)C(=O)/C=C/C(C)=C/[C@@H]1CN1CCCCC1,TRUE,,1.384 
tildipirosin,Tildipirosin (泰地罗新),REF_TILDIPIROSIN,repository_reference,O20_attached_to_C15,20,15,C,MPM00028,"(2R,3R)-2,3-Dihydroxy-3-methylpentanoate",CCC(C)(O)C(O)C(=O)O,1,CC[C@H]1OC(=O)C[C@@H](OC(=O)C(O)C(C)(O)CC)[C@H](C)[C@@H](O[C@@H]2O[C@H](C)[C@@H](O)[C@H](N(C)C)[C@H]2O)[C@@H](CCN2CCCCC2)C[C@@H](C)C(=O)/C=C/C(C)=C/[C@@H]1CN1CCCCC1,CC[C@H]1OC(=O)C[C@@H](OC(=O)C(O)C(C)(O)CC)[C@H](C)[C@@H](O[C@@H]2O[C@H](C)[C@@H](O)[C@H](N(C)C)[C@H]2O)[C@@H](CCN2CCCCC2)C[C@@H](C)C(=O)/C=C/C(C)=C/[C@@H]1CN1CCCCC1,TRUE,,1.020 
tildipirosin,Tildipirosin (泰地罗新),REF_TILDIPIROSIN,repository_reference,O20_attached_to_C15,20,15,C,MPM00050,(3S)-3-Methyl-2-oxopentanoate,CCC(C)C(=O)C(=O)O,1,CCC(C)C(=O)C(=O)O[C@@H]1CC(=O)O[C@H](CC)[C@@H](CN2CCCCC2)/C=C(C)/C=C/C(=O)[C@H](C)C[C@H](CCN2CCCCC2)[C@H](O[C@@H]2O[C@H](C)[C@@H](O)[C@H](N(C)C)[C@H]2O)[C@H]1C,CCC(C)C(=O)C(=O)O[C@@H]1CC(=O)O[C@H](CC)[C@@H](CN2CCCCC2)/C=C(C)/C=C/C(=O)[C@H](C)C[C@H](CCN2CCCCC2)[C@H](O[C@@H]2O[C@H](C)[C@@H](O)[C@H](N(C)C)[C@H]2O)[C@H]1C,TRUE,,1.373 
tildipirosin,Tildipirosin (泰地罗新),REF_TILDIPIROSIN,repository_reference,O20_attached_to_C15,20,15,C,MPM01138,2-Amino-3-methylvaleric acid,CCC(C)C(N)C(=O)O,1,CCC(C)C(N)C(=O)O[C@@H]1CC(=O)O[C@H](CC)[C@@H](CN2CCCCC2)/C=C(C)/C=C/C(=O)[C@H](C)C[C@H](CCN2CCCCC2)[C@H](O[C@@H]2O[C@H](C)[C@@H](O)[C@H](N(C)C)[C@H]2O)[C@H]1C,CCC(C)C(N)C(=O)O[C@@H]1CC(=O)O[C@H](CC)[C@@H](CN2CCCCC2)/C=C(C)/C=C/C(=O)[C@H](C)C[C@H](CCN2CCCCC2)[C@H](O[C@@H]2O[C@H](C)[C@@H](O)[C@H](N(C)C)[C@H]2O)[C@H]1C,TRUE,,1.328 
tildipirosin,Tildipirosin (泰地罗新),REF_TILDIPIROSIN,repository_reference,O20_attached_to_C15,20,15,C,MPM00029,"(2R,3R)-2-hydroxy-3-methylpentanoic acid",CCC(C)C(O)C(=O)O,1,CCC(C)C(O)C(=O)O[C@@H]1CC(=O)O[C@H](CC)[C@@H](CN2CCCCC2)/C=C(C)/C=C/C(=O)[C@H](C)C[C@H](CCN2CCCCC2)[C@H](O[C@@H]2O[C@H](C)[C@@H](O)[C@H](N(C)C)[C@H]2O)[C@H]1C,CCC(C)C(O)C(=O)O[C@@H]1CC(=O)O[C@H](CC)[C@@H](CN2CCCCC2)/C=C(C)/C=C/C(=O)[C@H](C)C[C@H](CCN2CCCCC2)[C@H](O[C@@H]2O[C@H](C)[C@@H](O)[C@H](N(C)C)[C@H]2O)[C@H]1C,TRUE,,1.033 
tildipirosin,Tildipirosin (泰地罗新),REF_TILDIPIROSIN,repository_reference,O20_attached_to_C15,20,15,C,MPM00094,(S)-2-Hydroxy-2-ethyl-3-oxobutanoate,CCC(O)(C(C)=O)C(=O)O,1,CC[C@H]1OC(=O)C[C@@H](OC(=O)C(O)(CC)C(C)=O)[C@H](C)[C@@H](O[C@@H]2O[C@H](C)[C@@H](O)[C@H](N(C)C)[C@H]2O)[C@@H](CCN2CCCCC2)C[C@@H](C)C(=O)/C=C/C(C)=C/[C@@H]1CN1CCCCC1,CC[C@H]1OC(=O)C[C@@H](OC(=O)C(O)(CC)C(C)=O)[C@H](C)[C@@H](O[C@@H]2O[C@H](C)[C@@H](O)[C@H](N(C)C)[C@H]2O)[C@@H](CCN2CCCCC2)C[C@@H](C)C(=O)/C=C/C(C)=C/[C@@H]1CN1CCCCC1,TRUE,,1.102 
tildipirosin,Tildipirosin (泰地罗新),REF_TILDIPIROSIN,repository_reference,O20_attached_to_C15,20,15,C,MPM00302,3-Hydroxypentanoic acid,CCC(O)CC(=O)O,1,CCC(O)CC(=O)O[C@@H]1CC(=O)O[C@H](CC)[C@@H](CN2CCCCC2)/C=C(C)/C=C/C(=O)[C@H](C)C[C@H](CCN2CCCCC2)[C@H](O[C@@H]2O[C@H](C)[C@@H](O)[C@H](N(C)C)[C@H]2O)[C@H]1C,CCC(O)CC(=O)O[C@@H]1CC(=O)O[C@H](CC)[C@@H](CN2CCCCC2)/C=C(C)/C=C/C(=O)[C@H](C)C[C@H](CCN2CCCCC2)[C@H](O[C@@H]2O[C@H](C)[C@@H](O)[C@H](N(C)C)[C@H]2O)[C@H]1C,TRUE,,1.254 
tildipirosin,Tildipirosin (泰地罗新),REF_TILDIPIROSIN,repository_reference,O20_attached_to_C15,20,15,C,MPM00496,butyrate,CCCC(=O)O,1,CCCC(=O)O[C@@H]1CC(=O)O[C@H](CC)[C@@H](CN2CCCCC2)/C=C(C)/C=C/C(=O)[C@H](C)C[C@H](CCN2CCCCC2)[C@H](O[C@@H]2O[C@H](C)[C@@H](O)[C@H](N(C)C)[C@H]2O)[C@H]1C,CCCC(=O)O[C@@H]1CC(=O)O[C@H](CC)[C@@H](CN2CCCCC2)/C=C(C)/C=C/C(=O)[C@H](C)C[C@H](CCN2CCCCC2)[C@H](O[C@@H]2O[C@H](C)[C@@H](O)[C@H](N(C)C)[C@H]2O)[C@H]1C,TRUE,,1.465 
tildipirosin,Tildipirosin (泰地罗新),REF_TILDIPIROSIN,repository_reference,O20_attached_to_C15,20,15,C,MPM00298,3-Hydroxyhexanoic acid,CCCC(O)CC(=O)O,1,CCCC(O)CC(=O)O[C@@H]1CC(=O)O[C@H](CC)[C@@H](CN2CCCCC2)/C=C(C)/C=C/C(=O)[C@H](C)C[C@H](CCN2CCCCC2)[C@H](O[C@@H]2O[C@H](C)[C@@H](O)[C@H](N(C)C)[C@H]2O)[C@H]1C,CCCC(O)CC(=O)O[C@@H]1CC(=O)O[C@H](CC)[C@@H](CN2CCCCC2)/C=C(C)/C=C/C(=O)[C@H](C)C[C@H](CCN2CCCCC2)[C@H](O[C@@H]2O[C@H](C)[C@@H](O)[C@H](N(C)C)[C@H]2O)[C@H]1C,TRUE,,1.192 
tildipirosin,Tildipirosin (泰地罗新),REF_TILDIPIROSIN,repository_reference,O20_attached_to_C15,20,15,C,MPM00833,n-Valeric acid,CCCCC(=O)O,1,CCCCC(=O)O[C@@H]1CC(=O)O[C@H](CC)[C@@H](CN2CCCCC2)/C=C(C)/C=C/C(=O)[C@H](C)C[C@H](CCN2CCCCC2)[C@H](O[C@@H]2O[C@H](C)[C@@H](O)[C@H](N(C)C)[C@H]2O)[C@H]1C,CCCCC(=O)O[C@@H]1CC(=O)O[C@H](CC)[C@@H](CN2CCCCC2)/C=C(C)/C=C/C(=O)[C@H](C)C[C@H](CCN2CCCCC2)[C@H](O[C@@H]2O[C@H](C)[C@@H](O)[C@H](N(C)C)[C@H]2O)[C@H]1C,TRUE,,1.400 
tildipirosin,Tildipirosin (泰地罗新),REF_TILDIPIROSIN,repository_reference,O20_attached_to_C15,20,15,C,MPM00295,3-hydroxyheptanoic Acid,CCCCC(O)CC(=O)O,1,CCCCC(O)CC(=O)O[C@@H]1CC(=O)O[C@H](CC)[C@@H](CN2CCCCC2)/C=C(C)/C=C/C(=O)[C@H](C)C[C@H](CCN2CCCCC2)[C@H](O[C@@H]2O[C@H](C)[C@@H](O)[C@H](N(C)C)[C@H]2O)[C@H]1C,CCCCC(O)CC(=O)O[C@@H]1CC(=O)O[C@H](CC)[C@@H](CN2CCCCC2)/C=C(C)/C=C/C(=O)[C@H](C)C[C@H](CCN2CCCCC2)[C@H](O[C@@H]2O[C@H](C)[C@@H](O)[C@H](N(C)C)[C@H]2O)[C@H]1C,TRUE,,1.128 
tildipirosin,Tildipirosin (泰地罗新),REF_TILDIPIROSIN,repository_reference,O20_attached_to_C15,20,15,C,MPM00061,(9E)-tetradecenoic acid,CCCCC=CCCCCCCCC(=O)O,1,CCCCC=CCCCCCCCC(=O)O[C@@H]1CC(=O)O[C@H](CC)[C@@H](CN2CCCCC2)/C=C(C)/C=C/C(=O)[C@H](C)C[C@H](CCN2CCCCC2)[C@H](O[C@@H]2O[C@H](C)[C@@H](O)[C@H](N(C)C)[C@H]2O)[C@H]1C,CCCCC=CCCCCCCCC(=O)O[C@@H]1CC(=O)O[C@H](CC)[C@@H](CN2CCCCC2)/C=C(C)/C=C/C(=O)[C@H](C)C[C@H](CCN2CCCCC2)[C@H](O[C@@H]2O[C@H](C)[C@@H](O)[C@H](N(C)C)[C@H]2O)[C@H]1C,TRUE,,0.945 
tildipirosin,Tildipirosin (泰地罗新),REF_TILDIPIROSIN,repository_reference,O20_attached_to_C15,20,15,C,MPM00813,n-Caproic acid,CCCCCC(=O)O,1,CCCCCC(=O)O[C@@H]1CC(=O)O[C@H](CC)[C@@H](CN2CCCCC2)/C=C(C)/C=C/C(=O)[C@H](C)C[C@H](CCN2CCCCC2)[C@H](O[C@@H]2O[C@H](C)[C@@H](O)[C@H](N(C)C)[C@H]2O)[C@H]1C,CCCCCC(=O)O[C@@H]1CC(=O)O[C@H](CC)[C@@H](CN2CCCCC2)/C=C(C)/C=C/C(=O)[C@H](C)C[C@H](CCN2CCCCC2)[C@H](O[C@@H]2O[C@H](C)[C@@H](O)[C@H](N(C)C)[C@H]2O)[C@H]1C,TRUE,,1.336 
tildipirosin,Tildipirosin (泰地罗新),REF_TILDIPIROSIN,repository_reference,O20_attached_to_C15,20,15,C,MPM00301,3-Hydroxyoctanoic acid,CCCCCC(O)CC(=O)O,1,CCCCCC(O)CC(=O)O[C@@H]1CC(=O)O[C@H](CC)[C@@H](CN2CCCCC2)/C=C(C)/C=C/C(=O)[C@H](C)C[C@H](CCN2CCCCC2)[C@H](O[C@@H]2O[C@H](C)[C@@H](O)[C@H](N(C)C)[C@H]2O)[C@H]1C,CCCCCC(O)CC(=O)O[C@@H]1CC(=O)O[C@H](CC)[C@@H](CN2CCCCC2)/C=C(C)/C=C/C(=O)[C@H](C)C[C@H](CCN2CCCCC2)[C@H](O[C@@H]2O[C@H](C)[C@@H](O)[C@H](N(C)C)[C@H]2O)[C@H]1C,TRUE,,1.063 
tildipirosin,Tildipirosin (泰地罗新),REF_TILDIPIROSIN,repository_reference,O20_attached_to_C15,20,15,C,MPM00411,"9-cis,12-cis-Octadecadienoic acid",CCCCCC=CCC=CCCCCCCCC(=O)O,1,CCCCCC=CCC=CCCCCCCCC(=O)O[C@@H]1CC(=O)O[C@H](CC)[C@@H](CN2CCCCC2)/C=C(C)/C=C/C(=O)[C@H](C)C[C@H](CCN2CCCCC2)[C@H](O[C@@H]2O[C@H](C)[C@@H](O)[C@H](N(C)C)[C@H]2O)[C@H]1C,CCCCCC=CCC=CCCCCCCCC(=O)O[C@@H]1CC(=O)O[C@H](CC)[C@@H](CN2CCCCC2)/C=C(C)/C=C/C(=O)[C@H](C)C[C@H](CCN2CCCCC2)[C@H](O[C@@H]2O[C@H](C)[C@@H](O)[C@H](N(C)C)[C@H]2O)[C@H]1C,TRUE,,0.637 
tildipirosin,Tildipirosin (泰地罗新),REF_TILDIPIROSIN,repository_reference,O20_attached_to_C15,20,15,C,MPM00689,Heptanoate,CCCCCCC(=O)O,1,CCCCCCC(=O)O[C@@H]1CC(=O)O[C@H](CC)[C@@H](CN2CCCCC2)/C=C(C)/C=C/C(=O)[C@H](C)C[C@H](CCN2CCCCC2)[C@H](O[C@@H]2O[C@H](C)[C@@H](O)[C@H](N(C)C)[C@H]2O)[C@H]1C,CCCCCCC(=O)O[C@@H]1CC(=O)O[C@H](CC)[C@@H](CN2CCCCC2)/C=C(C)/C=C/C(=O)[C@H](C)C[C@H](CCN2CCCCC2)[C@H](O[C@@H]2O[C@H](C)[C@@H](O)[C@H](N(C)C)[C@H]2O)[C@H]1C,TRUE,,1.271 
tildipirosin,Tildipirosin (泰地罗新),REF_TILDIPIROSIN,repository_reference,O20_attached_to_C15,20,15,C,MPM00300,3-Hydroxynonanoic acid,CCCCCCC(O)CC(=O)O,1,CCCCCCC(O)CC(=O)O[C@@H]1CC(=O)O[C@H](CC)[C@@H](CN2CCCCC2)/C=C(C)/C=C/C(=O)[C@H](C)C[C@H](CCN2CCCCC2)[C@H](O[C@@H]2O[C@H](C)[C@@H](O)[C@H](N(C)C)[C@H]2O)[C@H]1C,CCCCCCC(O)CC(=O)O[C@@H]1CC(=O)O[C@H](CC)[C@@H](CN2CCCCC2)/C=C(C)/C=C/C(=O)[C@H](C)C[C@H](CCN2CCCCC2)[C@H](O[C@@H]2O[C@H](C)[C@@H](O)[C@H](N(C)C)[C@H]2O)[C@H]1C,TRUE,,1.050 
tildipirosin,Tildipirosin (泰地罗新),REF_TILDIPIROSIN,repository_reference,O20_attached_to_C15,20,15,C,MPM00852,palmitoleate,CCCCCCC=CCCCCCCCC(=O)O,1,CCCCCCC=CCCCCCCCC(=O)O[C@@H]1CC(=O)O[C@H](CC)[C@@H](CN2CCCCC2)/C=C(C)/C=C/C(=O)[C@H](C)C[C@H](CCN2CCCCC2)[C@H](O[C@@H]2O[C@H](C)[C@@H](O)[C@H](N(C)C)[C@H]2O)[C@H]1C,CCCCCCC=CCCCCCCCC(=O)O[C@@H]1CC(=O)O[C@H](CC)[C@@H](CN2CCCCC2)/C=C(C)/C=C/C(=O)[C@H](C)C[C@H](CCN2CCCCC2)[C@H](O[C@@H]2O[C@H](C)[C@@H](O)[C@H](N(C)C)[C@H]2O)[C@H]1C,TRUE,,0.819 
tildipirosin,Tildipirosin (泰地罗新),REF_TILDIPIROSIN,repository_reference,O20_attached_to_C15,20,15,C,MPM00984,trans-vaccenic acid,CCCCCCC=CCCCCCCCCCC(=O)O,1,CCCCCCC=CCCCCCCCCCC(=O)O[C@@H]1CC(=O)O[C@H](CC)[C@@H](CN2CCCCC2)/C=C(C)/C=C/C(=O)[C@H](C)C[C@H](CCN2CCCCC2)[C@H](O[C@@H]2O[C@H](C)[C@@H](O)[C@H](N(C)C)[C@H]2O)[C@H]1C,CCCCCCC=CCCCCCCCCCC(=O)O[C@@H]1CC(=O)O[C@H](CC)[C@@H](CN2CCCCC2)/C=C(C)/C=C/C(=O)[C@H](C)C[C@H](CCN2CCCCC2)[C@H](O[C@@H]2O[C@H](C)[C@@H](O)[C@H](N(C)C)[C@H]2O)[C@H]1C,TRUE,,0.683 
tildipirosin,Tildipirosin (泰地罗新),REF_TILDIPIROSIN,repository_reference,O20_attached_to_C15,20,15,C,MPM00837,Octanoate,CCCCCCCC(=O)O,1,CCCCCCCC(=O)O[C@@H]1CC(=O)O[C@H](CC)[C@@H](CN2CCCCC2)/C=C(C)/C=C/C(=O)[C@H](C)C[C@H](CCN2CCCCC2)[C@H](O[C@@H]2O[C@H](C)[C@@H](O)[C@H](N(C)C)[C@H]2O)[C@H]1C,CCCCCCCC(=O)O[C@@H]1CC(=O)O[C@H](CC)[C@@H](CN2CCCCC2)/C=C(C)/C=C/C(=O)[C@H](C)C[C@H](CCN2CCCCC2)[C@H](O[C@@H]2O[C@H](C)[C@@H](O)[C@H](N(C)C)[C@H]2O)[C@H]1C,TRUE,,1.260 
tildipirosin,Tildipirosin (泰地罗新),REF_TILDIPIROSIN,repository_reference,O20_attached_to_C15,20,15,C,MPM00293,3-Hydroxydecanoic acid,CCCCCCCC(O)CC(=O)O,1,CCCCCCCC(O)CC(=O)O[C@@H]1CC(=O)O[C@H](CC)[C@@H](CN2CCCCC2)/C=C(C)/C=C/C(=O)[C@H](C)C[C@H](CCN2CCCCC2)[C@H](O[C@@H]2O[C@H](C)[C@@H](O)[C@H](N(C)C)[C@H]2O)[C@H]1C,CCCCCCCC(O)CC(=O)O[C@@H]1CC(=O)O[C@H](CC)[C@@H](CN2CCCCC2)/C=C(C)/C=C/C(=O)[C@H](C)C[C@H](CCN2CCCCC2)[C@H](O[C@@H]2O[C@H](C)[C@@H](O)[C@H](N(C)C)[C@H]2O)[C@H]1C,TRUE,,1.011 
tildipirosin,Tildipirosin (泰地罗新),REF_TILDIPIROSIN,repository_reference,O20_attached_to_C15,20,15,C,MPM00859,Pelargonic acid,CCCCCCCCC(=O)O,1,CCCCCCCCC(=O)O[C@@H]1CC(=O)O[C@H](CC)[C@@H](CN2CCCCC2)/C=C(C)/C=C/C(=O)[C@H](C)C[C@H](CCN2CCCCC2)[C@H](O[C@@H]2O[C@H](C)[C@@H](O)[C@H](N(C)C)[C@H]2O)[C@H]1C,CCCCCCCCC(=O)O[C@@H]1CC(=O)O[C@H](CC)[C@@H](CN2CCCCC2)/C=C(C)/C=C/C(=O)[C@H](C)C[C@H](CCN2CCCCC2)[C@H](O[C@@H]2O[C@H](C)[C@@H](O)[C@H](N(C)C)[C@H]2O)[C@H]1C,TRUE,,1.222 
tildipirosin,Tildipirosin (泰地罗新),REF_TILDIPIROSIN,repository_reference,O20_attached_to_C15,20,15,C,MPM00839,Oleic acid,CCCCCCCCC=CCCCCCCCC(=O)O,1,CCCCCCCCC=CCCCCCCCC(=O)O[C@@H]1CC(=O)O[C@H](CC)[C@@H](CN2CCCCC2)/C=C(C)/C=C/C(=O)[C@H](C)C[C@H](CCN2CCCCC2)[C@H](O[C@@H]2O[C@H](C)[C@@H](O)[C@H](N(C)C)[C@H]2O)[C@H]1C,CCCCCCCCC=CCCCCCCCC(=O)O[C@@H]1CC(=O)O[C@H](CC)[C@@H](CN2CCCCC2)/C=C(C)/C=C/C(=O)[C@H](C)C[C@H](CCN2CCCCC2)[C@H](O[C@@H]2O[C@H](C)[C@@H](O)[C@H](N(C)C)[C@H]2O)[C@H]1C,TRUE,,0.775 
tildipirosin,Tildipirosin (泰地罗新),REF_TILDIPIROSIN,repository_reference,O20_attached_to_C15,20,15,C,MPM00552,decanoate,CCCCCCCCCC(=O)O,1,CCCCCCCCCC(=O)O[C@@H]1CC(=O)O[C@H](CC)[C@@H](CN2CCCCC2)/C=C(C)/C=C/C(=O)[C@H](C)C[C@H](CCN2CCCCC2)[C@H](O[C@@H]2O[C@H](C)[C@@H](O)[C@H](N(C)C)[C@H]2O)[C@H]1C,CCCCCCCCCC(=O)O[C@@H]1CC(=O)O[C@H](CC)[C@@H](CN2CCCCC2)/C=C(C)/C=C/C(=O)[C@H](C)C[C@H](CCN2CCCCC2)[C@H](O[C@@H]2O[C@H](C)[C@@H](O)[C@H](N(C)C)[C@H]2O)[C@H]1C,TRUE,,1.183 
tildipirosin,Tildipirosin (泰地罗新),REF_TILDIPIROSIN,repository_reference,O20_attached_to_C15,20,15,C,MPM00294,3-Hydroxydodecanoic acid,CCCCCCCCCC(O)CC(=O)O,1,CCCCCCCCCC(O)CC(=O)O[C@@H]1CC(=O)O[C@H](CC)[C@@H](CN2CCCCC2)/C=C(C)/C=C/C(=O)[C@H](C)C[C@H](CCN2CCCCC2)[C@H](O[C@@H]2O[C@H](C)[C@@H](O)[C@H](N(C)C)[C@H]2O)[C@H]1C,CCCCCCCCCC(O)CC(=O)O[C@@H]1CC(=O)O[C@H](CC)[C@@H](CN2CCCCC2)/C=C(C)/C=C/C(=O)[C@H](C)C[C@H](CCN2CCCCC2)[C@H](O[C@@H]2O[C@H](C)[C@@H](O)[C@H](N(C)C)[C@H]2O)[C@H]1C,TRUE,,0.933 
tildipirosin,Tildipirosin (泰地罗新),REF_TILDIPIROSIN,repository_reference,O20_attached_to_C15,20,15,C,MPM00606,dodecanoate,CCCCCCCCCCCC(=O)O,1,CCCCCCCCCCCC(=O)O[C@@H]1CC(=O)O[C@H](CC)[C@@H](CN2CCCCC2)/C=C(C)/C=C/C(=O)[C@H](C)C[C@H](CCN2CCCCC2)[C@H](O[C@@H]2O[C@H](C)[C@@H](O)[C@H](N(C)C)[C@H]2O)[C@H]1C,CCCCCCCCCCCC(=O)O[C@@H]1CC(=O)O[C@H](CC)[C@@H](CN2CCCCC2)/C=C(C)/C=C/C(=O)[C@H](C)C[C@H](CCN2CCCCC2)[C@H](O[C@@H]2O[C@H](C)[C@@H](O)[C@H](N(C)C)[C@H]2O)[C@H]1C,TRUE,,1.105 
tildipirosin,Tildipirosin (泰地罗新),REF_TILDIPIROSIN,repository_reference,O20_attached_to_C15,20,15,C,MPM00305,3-Hydroxytetradecanoic acid,CCCCCCCCCCCC(O)CC(=O)O,1,CCCCCCCCCCCC(O)CC(=O)O[C@@H]1CC(=O)O[C@H](CC)[C@@H](CN2CCCCC2)/C=C(C)/C=C/C(=O)[C@H](C)C[C@H](CCN2CCCCC2)[C@H](O[C@@H]2O[C@H](C)[C@@H](O)[C@H](N(C)C)[C@H]2O)[C@H]1C,CCCCCCCCCCCC(O)CC(=O)O[C@@H]1CC(=O)O[C@H](CC)[C@@H](CN2CCCCC2)/C=C(C)/C=C/C(=O)[C@H](C)C[C@H](CCN2CCCCC2)[C@H](O[C@@H]2O[C@H](C)[C@@H](O)[C@H](N(C)C)[C@H]2O)[C@H]1C,TRUE,,0.855 
tildipirosin,Tildipirosin (泰地罗新),REF_TILDIPIROSIN,repository_reference,O20_attached_to_C15,20,15,C,MPM00864,Petroselaidic acid,CCCCCCCCCCCC=CCCCCC(=O)O,1,CCCCCCCCCCCC=CCCCCC(=O)O[C@@H]1CC(=O)O[C@H](CC)[C@@H](CN2CCCCC2)/C=C(C)/C=C/C(=O)[C@H](C)C[C@H](CCN2CCCCC2)[C@H](O[C@@H]2O[C@H](C)[C@@H](O)[C@H](N(C)C)[C@H]2O)[C@H]1C,CCCCCCCCCCCC=CCCCCC(=O)O[C@@H]1CC(=O)O[C@H](CC)[C@@H](CN2CCCCC2)/C=C(C)/C=C/C(=O)[C@H](C)C[C@H](CCN2CCCCC2)[C@H](O[C@@H]2O[C@H](C)[C@@H](O)[C@H](N(C)C)[C@H]2O)[C@H]1C,TRUE,,0.848 
tildipirosin,Tildipirosin (泰地罗新),REF_TILDIPIROSIN,repository_reference,O20_attached_to_C15,20,15,C,MPM00967,tetradecanoate,CCCCCCCCCCCCCC(=O)O,1,CCCCCCCCCCCCCC(=O)O[C@@H]1CC(=O)O[C@H](CC)[C@@H](CN2CCCCC2)/C=C(C)/C=C/C(=O)[C@H](C)C[C@H](CCN2CCCCC2)[C@H](O[C@@H]2O[C@H](C)[C@@H](O)[C@H](N(C)C)[C@H]2O)[C@H]1C,CCCCCCCCCCCCCC(=O)O[C@@H]1CC(=O)O[C@H](CC)[C@@H](CN2CCCCC2)/C=C(C)/C=C/C(=O)[C@H](C)C[C@H](CCN2CCCCC2)[C@H](O[C@@H]2O[C@H](C)[C@@H](O)[C@H](N(C)C)[C@H]2O)[C@H]1C,TRUE,,1.027 
tildipirosin,Tildipirosin (泰地罗新),REF_TILDIPIROSIN,repository_reference,O20_attached_to_C15,20,15,C,MPM00296,3-Hydroxyhexadecanoic acid,CCCCCCCCCCCCCC(O)CC(=O)O,1,CCCCCCCCCCCCCC(O)CC(=O)O[C@@H]1CC(=O)O[C@H](CC)[C@@H](CN2CCCCC2)/C=C(C)/C=C/C(=O)[C@H](C)C[C@H](CCN2CCCCC2)[C@H](O[C@@H]2O[C@H](C)[C@@H](O)[C@H](N(C)C)[C@H]2O)[C@H]1C,CCCCCCCCCCCCCC(O)CC(=O)O[C@@H]1CC(=O)O[C@H](CC)[C@@H](CN2CCCCC2)/C=C(C)/C=C/C(=O)[C@H](C)C[C@H](CCN2CCCCC2)[C@H](O[C@@H]2O[C@H](C)[C@@H](O)[C@H](N(C)C)[C@H]2O)[C@H]1C,TRUE,,0.777 
tildipirosin,Tildipirosin (泰地罗新),REF_TILDIPIROSIN,repository_reference,O20_attached_to_C15,20,15,C,MPM00511,Cetylic acid,CCCCCCCCCCCCCCCC(=O)O,1,CCCCCCCCCCCCCCCC(=O)O[C@@H]1CC(=O)O[C@H](CC)[C@@H](CN2CCCCC2)/C=C(C)/C=C/C(=O)[C@H](C)C[C@H](CCN2CCCCC2)[C@H](O[C@@H]2O[C@H](C)[C@@H](O)[C@H](N(C)C)[C@H]2O)[C@H]1C,CCCCCCCCCCCCCCCC(=O)O[C@@H]1CC(=O)O[C@H](CC)[C@@H](CN2CCCCC2)/C=C(C)/C=C/C(=O)[C@H](C)C[C@H](CCN2CCCCC2)[C@H](O[C@@H]2O[C@H](C)[C@@H](O)[C@H](N(C)C)[C@H]2O)[C@H]1C,TRUE,,0.949 
tildipirosin,Tildipirosin (泰地罗新),REF_TILDIPIROSIN,repository_reference,O20_attached_to_C15,20,15,C,MPM00955,Stearic acid,CCCCCCCCCCCCCCCCCC(=O)O,1,CCCCCCCCCCCCCCCCCC(=O)O[C@@H]1CC(=O)O[C@H](CC)[C@@H](CN2CCCCC2)/C=C(C)/C=C/C(=O)[C@H](C)C[C@H](CCN2CCCCC2)[C@H](O[C@@H]2O[C@H](C)[C@@H](O)[C@H](N(C)C)[C@H]2O)[C@H]1C,CCCCCCCCCCCCCCCCCC(=O)O[C@@H]1CC(=O)O[C@H](CC)[C@@H](CN2CCCCC2)/C=C(C)/C=C/C(=O)[C@H](C)C[C@H](CCN2CCCCC2)[C@H](O[C@@H]2O[C@H](C)[C@@H](O)[C@H](N(C)C)[C@H]2O)[C@H]1C,TRUE,,0.871 
tildipirosin,Tildipirosin (泰地罗新),REF_TILDIPIROSIN,repository_reference,O20_attached_to_C15,20,15,C,MPM01526,N-Methylglycine,CNCC(=O)O,1,CC[C@H]1OC(=O)C[C@@H](OC(=O)CNC)[C@H](C)[C@@H](O[C@@H]2O[C@H](C)[C@@H](O)[C@H](N(C)C)[C@H]2O)[C@@H](CCN2CCCCC2)C[C@@H](C)C(=O)/C=C/C(C)=C/[C@@H]1CN1CCCCC1,CC[C@H]1OC(=O)C[C@@H](OC(=O)CNC)[C@H](C)[C@@H](O[C@@H]2O[C@H](C)[C@@H](O)[C@H](N(C)C)[C@H]2O)[C@@H](CCN2CCCCC2)C[C@@H](C)C(=O)/C=C/C(C)=C/[C@@H]1CN1CCCCC1,TRUE,,1.834 
tildipirosin,Tildipirosin (泰地罗新),REF_TILDIPIROSIN,repository_reference,O20_attached_to_C15,20,15,C,MPM00346,4-Hydroxy-3-methoxycinnamate,COc1cc(C=CC(=O)O)ccc1O,1,CC[C@H]1OC(=O)C[C@@H](OC(=O)C=Cc2ccc(O)c(OC)c2)[C@H](C)[C@@H](O[C@@H]2O[C@H](C)[C@@H](O)[C@H](N(C)C)[C@H]2O)[C@@H](CCN2CCCCC2)C[C@@H](C)C(=O)/C=C/C(C)=C/[C@@H]1CN1CCCCC1,CC[C@H]1OC(=O)C[C@@H](OC(=O)C=Cc2ccc(O)c(OC)c2)[C@H](C)[C@@H](O[C@@H]2O[C@H](C)[C@@H](O)[C@H](N(C)C)[C@H]2O)[C@@H](CCN2CCCCC2)C[C@@H](C)C(=O)/C=C/C(C)=C/[C@@H]1CN1CCCCC1,TRUE,,2.188 
tildipirosin,Tildipirosin (泰地罗新),REF_TILDIPIROSIN,repository_reference,O20_attached_to_C15,20,15,C,MPM01482,L-Methionine (R)-S-oxide,CS(=O)CCC(N)C(=O)O,1,CC[C@H]1OC(=O)C[C@@H](OC(=O)C(N)CCS(C)=O)[C@H](C)[C@@H](O[C@@H]2O[C@H](C)[C@@H](O)[C@H](N(C)C)[C@H]2O)[C@@H](CCN2CCCCC2)C[C@@H](C)C(=O)/C=C/C(C)=C/[C@@H]1CN1CCCCC1,CC[C@H]1OC(=O)C[C@@H](OC(=O)C(N)CCS(C)=O)[C@H](C)[C@@H](O[C@@H]2O[C@H](C)[C@@H](O)[C@H](N(C)C)[C@H]2O)[C@@H](CCN2CCCCC2)C[C@@H](C)C(=O)/C=C/C(C)=C/[C@@H]1CN1CCCCC1,TRUE,,1.373 
tildipirosin,Tildipirosin (泰地罗新),REF_TILDIPIROSIN,repository_reference,O20_attached_to_C15,20,15,C,MPM01356,D-2-Amino-4-(methylthio)butyric acid,CSCCC(N)C(=O)O,1,CC[C@H]1OC(=O)C[C@@H](OC(=O)C(N)CCSC)[C@H](C)[C@@H](O[C@@H]2O[C@H](C)[C@@H](O)[C@H](N(C)C)[C@H]2O)[C@@H](CCN2CCCCC2)C[C@@H](C)C(=O)/C=C/C(C)=C/[C@@H]1CN1CCCCC1,CC[C@H]1OC(=O)C[C@@H](OC(=O)C(N)CCSC)[C@H](C)[C@@H](O[C@@H]2O[C@H](C)[C@@H](O)[C@H](N(C)C)[C@H]2O)[C@@H](CCN2CCCCC2)C[C@@H](C)C(=O)/C=C/C(C)=C/[C@@H]1CN1CCCCC1,TRUE,,1.172 
tildipirosin,Tildipirosin (泰地罗新),REF_TILDIPIROSIN,repository_reference,O20_attached_to_C15,20,15,C,MPM00678,Glycylmethionine,CSCCC(NC(=O)CN)C(=O)O,1,CC[C@H]1OC(=O)C[C@@H](OC(=O)C(CCSC)NC(=O)CN)[C@H](C)[C@@H](O[C@@H]2O[C@H](C)[C@@H](O)[C@H](N(C)C)[C@H]2O)[C@@H](CCN2CCCCC2)C[C@@H](C)C(=O)/C=C/C(C)=C/[C@@H]1CN1CCCCC1,CC[C@H]1OC(=O)C[C@@H](OC(=O)C(CCSC)NC(=O)CN)[C@H](C)[C@@H](O[C@@H]2O[C@H](C)[C@@H](O)[C@H](N(C)C)[C@H]2O)[C@@H](CCN2CCCCC2)C[C@@H](C)C(=O)/C=C/C(C)=C/[C@@H]1CN1CCCCC1,TRUE,,1.396 
tildipirosin,Tildipirosin (泰地罗新),REF_TILDIPIROSIN,repository_reference,O20_attached_to_C15,20,15,C,MPM01143,2-Aminosuccinamic acid,NC(=O)CC(N)C(=O)O,1,CC[C@H]1OC(=O)C[C@@H](OC(=O)C(N)CC(N)=O)[C@H](C)[C@@H](O[C@@H]2O[C@H](C)[C@@H](O)[C@H](N(C)C)[C@H]2O)[C@@H](CCN2CCCCC2)C[C@@H](C)C(=O)/C=C/C(C)=C/[C@@H]1CN1CCCCC1,CC[C@H]1OC(=O)C[C@@H](OC(=O)C(N)CC(N)=O)[C@H](C)[C@@H](O[C@@H]2O[C@H](C)[C@@H](O)[C@H](N(C)C)[C@H]2O)[C@@H](CCN2CCCCC2)C[C@@H](C)C(=O)/C=C/C(C)=C/[C@@H]1CN1CCCCC1,TRUE,,1.835 
tildipirosin,Tildipirosin (泰地罗新),REF_TILDIPIROSIN,repository_reference,O20_attached_to_C15,20,15,C,MPM01464,L-2-Aminoglutaramic acid,NC(=O)CCC(N)C(=O)O,1,CC[C@H]1OC(=O)C[C@@H](OC(=O)C(N)CCC(N)=O)[C@H](C)[C@@H](O[C@@H]2O[C@H](C)[C@@H](O)[C@H](N(C)C)[C@H]2O)[C@@H](CCN2CCCCC2)C[C@@H](C)C(=O)/C=C/C(C)=C/[C@@H]1CN1CCCCC1,CC[C@H]1OC(=O)C[C@@H](OC(=O)C(N)CCC(N)=O)[C@H](C)[C@@H](O[C@@H]2O[C@H](C)[C@@H](O)[C@H](N(C)C)[C@H]2O)[C@@H](CCN2CCCCC2)C[C@@H](C)C(=O)/C=C/C(C)=C/[C@@H]1CN1CCCCC1,TRUE,,1.766 
tildipirosin,Tildipirosin (泰地罗新),REF_TILDIPIROSIN,repository_reference,O20_attached_to_C15,20,15,C,MPM00951,S-Succinyldihydrolipoamide,NC(=O)CCCCC(S)CCSC(=O)CCC(=O)O,1,CC[C@H]1OC(=O)C[C@@H](OC(=O)CCC(=O)SCCC(S)CCCCC(N)=O)[C@H](C)[C@@H](O[C@@H]2O[C@H](C)[C@@H](O)[C@H](N(C)C)[C@H]2O)[C@@H](CCN2CCCCC2)C[C@@H](C)C(=O)/C=C/C(C)=C/[C@@H]1CN1CCCCC1,CC[C@H]1OC(=O)C[C@@H](OC(=O)CCC(=O)SCCC(S)CCCCC(N)=O)[C@H](C)[C@@H](O[C@@H]2O[C@H](C)[C@@H](O)[C@H](N(C)C)[C@H]2O)[C@@H](CCN2CCCCC2)C[C@@H](C)C(=O)/C=C/C(C)=C/[C@@H]1CN1CCCCC1,TRUE,,-1.169 
tildipirosin,Tildipirosin (泰地罗新),REF_TILDIPIROSIN,repository_reference,O20_attached_to_C15,20,15,C,MPM00444,Allophanic acid,NC(=O)NC(=O)O,1,CC[C@H]1OC(=O)C[C@@H](OC(=O)NC(N)=O)[C@H](C)[C@@H](O[C@@H]2O[C@H](C)[C@@H](O)[C@H](N(C)C)[C@H]2O)[C@@H](CCN2CCCCC2)C[C@@H](C)C(=O)/C=C/C(C)=C/[C@@H]1CN1CCCCC1,CC[C@H]1OC(=O)C[C@@H](OC(=O)NC(N)=O)[C@H](C)[C@@H](O[C@@H]2O[C@H](C)[C@@H](O)[C@H](N(C)C)[C@H]2O)[C@@H](CCN2CCCCC2)C[C@@H](C)C(=O)/C=C/C(C)=C/[C@@H]1CN1CCCCC1,TRUE,,1.048 
tildipirosin,Tildipirosin (泰地罗新),REF_TILDIPIROSIN,repository_reference,O20_attached_to_C15,20,15,C,MPM00442,Allantoic acid,NC(=O)NC(NC(N)=O)C(=O)O,1,CC[C@H]1OC(=O)C[C@@H](OC(=O)C(NC(N)=O)NC(N)=O)[C@H](C)[C@@H](O[C@@H]2O[C@H](C)[C@@H](O)[C@H](N(C)C)[C@H]2O)[C@@H](CCN2CCCCC2)C[C@@H](C)C(=O)/C=C/C(C)=C/[C@@H]1CN1CCCCC1,CC[C@H]1OC(=O)C[C@@H](OC(=O)C(NC(N)=O)NC(N)=O)[C@H](C)[C@@H](O[C@@H]2O[C@H](C)[C@@H](O)[C@H](N(C)C)[C@H]2O)[C@@H](CCN2CCCCC2)C[C@@H](C)C(=O)/C=C/C(C)=C/[C@@H]1CN1CCCCC1,TRUE,,0.770 
tildipirosin,Tildipirosin (泰地罗新),REF_TILDIPIROSIN,repository_reference,O20_attached_to_C15,20,15,C,MPM00004,(-)-Ureidoglycolate,NC(=O)NC(O)C(=O)O,1,CC[C@H]1OC(=O)C[C@@H](OC(=O)C(O)NC(N)=O)[C@H](C)[C@@H](O[C@@H]2O[C@H](C)[C@@H](O)[C@H](N(C)C)[C@H]2O)[C@@H](CCN2CCCCC2)C[C@@H](C)C(=O)/C=C/C(C)=C/[C@@H]1CN1CCCCC1,CC[C@H]1OC(=O)C[C@@H](OC(=O)C(O)NC(N)=O)[C@H](C)[C@@H](O[C@@H]2O[C@H](C)[C@@H](O)[C@H](N(C)C)[C@H]2O)[C@@H](CCN2CCCCC2)C[C@@H](C)C(=O)/C=C/C(C)=C/[C@@H]1CN1CCCCC1,TRUE,,1.144 
tildipirosin,Tildipirosin (泰地罗新),REF_TILDIPIROSIN,repository_reference,O20_attached_to_C15,20,15,C,MPM00254,2-Oxo-4-hydroxy-4-carboxy-5-ureidoimidazoline,NC(=O)NC1=NC(=O)NC1(O)C(=O)O,1,CC[C@H]1OC(=O)C[C@@H](OC(=O)C2(O)NC(=O)N=C2NC(N)=O)[C@H](C)[C@@H](O[C@@H]2O[C@H](C)[C@@H](O)[C@H](N(C)C)[C@H]2O)[C@@H](CCN2CCCCC2)C[C@@H](C)C(=O)/C=C/C(C)=C/[C@@H]1CN1CCCCC1,CC[C@H]1OC(=O)C[C@@H](OC(=O)C2(O)NC(=O)N=C2NC(N)=O)[C@H](C)[C@@H](O[C@@H]2O[C@H](C)[C@@H](O)[C@H](N(C)C)[C@H]2O)[C@@H](CCN2CCCCC2)C[C@@H](C)C(=O)/C=C/C(C)=C/[C@@H]1CN1CCCCC1,TRUE,,0.544 
tildipirosin,Tildipirosin (泰地罗新),REF_TILDIPIROSIN,repository_reference,O20_attached_to_C15,20,15,C,MPM00815,N-Carbamoyl-beta-alanine,NC(=O)NCCC(=O)O,1,CC[C@H]1OC(=O)C[C@@H](OC(=O)CCNC(N)=O)[C@H](C)[C@@H](O[C@@H]2O[C@H](C)[C@@H](O)[C@H](N(C)C)[C@H]2O)[C@@H](CCN2CCCCC2)C[C@@H](C)C(=O)/C=C/C(C)=C/[C@@H]1CN1CCCCC1,CC[C@H]1OC(=O)C[C@@H](OC(=O)CCNC(N)=O)[C@H](C)[C@@H](O[C@@H]2O[C@H](C)[C@@H](O)[C@H](N(C)C)[C@H]2O)[C@@H](CCN2CCCCC2)C[C@@H](C)C(=O)/C=C/C(C)=C/[C@@H]1CN1CCCCC1,TRUE,,1.290 
tildipirosin,Tildipirosin (泰地罗新),REF_TILDIPIROSIN,repository_reference,O20_attached_to_C15,20,15,C,MPM01334,Citrulline,NC(=O)NCCCC(N)C(=O)O,1,CC[C@H]1OC(=O)C[C@@H](OC(=O)C(N)CCCNC(N)=O)[C@H](C)[C@@H](O[C@@H]2O[C@H](C)[C@@H](O)[C@H](N(C)C)[C@H]2O)[C@@H](CCN2CCCCC2)C[C@@H](C)C(=O)/C=C/C(C)=C/[C@@H]1CN1CCCCC1,CC[C@H]1OC(=O)C[C@@H](OC(=O)C(N)CCCNC(N)=O)[C@H](C)[C@@H](O[C@@H]2O[C@H](C)[C@@H](O)[C@H](N(C)C)[C@H]2O)[C@@H](CCN2CCCCC2)C[C@@H](C)C(=O)/C=C/C(C)=C/[C@@H]1CN1CCCCC1,TRUE,,1.401 
tildipirosin,Tildipirosin (泰地罗新),REF_TILDIPIROSIN,repository_reference,O20_attached_to_C15,20,15,C,MPM01438,Hydroxythreonine,NC(C(=O)O)C(O)CO,1,CC[C@H]1OC(=O)C[C@@H](OC(=O)C(N)C(O)CO)[C@H](C)[C@@H](O[C@@H]2O[C@H](C)[C@@H](O)[C@H](N(C)C)[C@H]2O)[C@@H](CCN2CCCCC2)C[C@@H](C)C(=O)/C=C/C(C)=C/[C@@H]1CN1CCCCC1,CC[C@H]1OC(=O)C[C@@H](OC(=O)C(N)C(O)CO)[C@H](C)[C@@H](O[C@@H]2O[C@H](C)[C@@H](O)[C@H](N(C)C)[C@H]2O)[C@@H](CCN2CCCCC2)C[C@@H](C)C(=O)/C=C/C(C)=C/[C@@H]1CN1CCCCC1,TRUE,,1.412 
tildipirosin,Tildipirosin (泰地罗新),REF_TILDIPIROSIN,repository_reference,O20_attached_to_C15,20,15,C,MPM00363,4-Phosphooxy-L-threonine,NC(C(=O)O)C(O)COP(=O)(O)O,1,CC[C@H]1OC(=O)C[C@@H](OC(=O)C(N)C(O)COP(=O)(O)O)[C@H](C)[C@@H](O[C@@H]2O[C@H](C)[C@@H](O)[C@H](N(C)C)[C@H]2O)[C@@H](CCN2CCCCC2)C[C@@H](C)C(=O)/C=C/C(C)=C/[C@@H]1CN1CCCCC1,CC[C@H]1OC(=O)C[C@@H](OC(=O)C(N)C(O)COP(=O)(O)O)[C@H](C)[C@@H](O[C@@H]2O[C@H](C)[C@@H](O)[C@H](N(C)C)[C@H]2O)[C@@H](CCN2CCCCC2)C[C@@H](C)C(=O)/C=C/C(C)=C/[C@@H]1CN1CCCCC1,TRUE,,1.328 
tildipirosin,Tildipirosin (泰地罗新),REF_TILDIPIROSIN,repository_reference,O20_attached_to_C15,20,15,C,MPM01144,2-Ammoniomalonate semialdehyde,NC(C=O)C(=O)O,1,CC[C@H]1OC(=O)C[C@@H](OC(=O)C(N)C=O)[C@H](C)[C@@H](O[C@@H]2O[C@H](C)[C@@H](O)[C@H](N(C)C)[C@H]2O)[C@@H](CCN2CCCCC2)C[C@@H](C)C(=O)/C=C/C(C)=C/[C@@H]1CN1CCCCC1,CC[C@H]1OC(=O)C[C@@H](OC(=O)C(N)C=O)[C@H](C)[C@@H](O[C@@H]2O[C@H](C)[C@@H](O)[C@H](N(C)C)[C@H]2O)[C@@H](CCN2CCCCC2)C[C@@H](C)C(=O)/C=C/C(C)=C/[C@@H]1CN1CCCCC1,TRUE,,1.534 
tildipirosin,Tildipirosin (泰地罗新),REF_TILDIPIROSIN,repository_reference,O20_attached_to_C15,20,15,C,MPM01475,L-Glutamate 1-semialdehyde,NC(C=O)CCC(=O)O,1,CC[C@H]1OC(=O)C[C@@H](OC(=O)CCC(N)C=O)[C@H](C)[C@@H](O[C@@H]2O[C@H](C)[C@@H](O)[C@H](N(C)C)[C@H]2O)[C@@H](CCN2CCCCC2)C[C@@H](C)C(=O)/C=C/C(C)=C/[C@@H]1CN1CCCCC1,CC[C@H]1OC(=O)C[C@@H](OC(=O)CCC(N)C=O)[C@H](C)[C@@H](O[C@@H]2O[C@H](C)[C@@H](O)[C@H](N(C)C)[C@H]2O)[C@@H](CCN2CCCCC2)C[C@@H](C)C(=O)/C=C/C(C)=C/[C@@H]1CN1CCCCC1,TRUE,,1.285 
tildipirosin,Tildipirosin (泰地罗新),REF_TILDIPIROSIN,repository_reference,O20_attached_to_C15,20,15,C,MPM01471,L-Aspartic 4-semialdehyde,NC(CC=O)C(=O)O,1,CC[C@H]1OC(=O)C[C@@H](OC(=O)C(N)CC=O)[C@H](C)[C@@H](O[C@@H]2O[C@H](C)[C@@H](O)[C@H](N(C)C)[C@H]2O)[C@@H](CCN2CCCCC2)C[C@@H](C)C(=O)/C=C/C(C)=C/[C@@H]1CN1CCCCC1,CC[C@H]1OC(=O)C[C@@H](OC(=O)C(N)CC=O)[C@H](C)[C@@H](O[C@@H]2O[C@H](C)[C@@H](O)[C@H](N(C)C)[C@H]2O)[C@@H](CCN2CCCCC2)C[C@@H](C)C(=O)/C=C/C(C)=C/[C@@H]1CN1CCCCC1,TRUE,,1.370 
tildipirosin,Tildipirosin (泰地罗新),REF_TILDIPIROSIN,repository_reference,O20_attached_to_C15,20,15,C,MPM01476,L-Glutamate gamma-semialdehyde,NC(CCC=O)C(=O)O,1,CC[C@H]1OC(=O)C[C@@H](OC(=O)C(N)CCC=O)[C@H](C)[C@@H](O[C@@H]2O[C@H](C)[C@@H](O)[C@H](N(C)C)[C@H]2O)[C@@H](CCN2CCCCC2)C[C@@H](C)C(=O)/C=C/C(C)=C/[C@@H]1CN1CCCCC1,CC[C@H]1OC(=O)C[C@@H](OC(=O)C(N)CCC=O)[C@H](C)[C@@H](O[C@@H]2O[C@H](C)[C@@H](O)[C@H](N(C)C)[C@H]2O)[C@@H](CCN2CCCCC2)C[C@@H](C)C(=O)/C=C/C(C)=C/[C@@H]1CN1CCCCC1,TRUE,,1.301 
tildipirosin,Tildipirosin (泰地罗新),REF_TILDIPIROSIN,repository_reference,O20_attached_to_C15,20,15,C,MPM01076,(S)-2-Amino-6-oxohexanoate,NC(CCCC=O)C(=O)O,1,CC[C@H]1OC(=O)C[C@@H](OC(=O)C(N)CCCC=O)[C@H](C)[C@@H](O[C@@H]2O[C@H](C)[C@@H](O)[C@H](N(C)C)[C@H]2O)[C@@H](CCN2CCCCC2)C[C@@H](C)C(=O)/C=C/C(C)=C/[C@@H]1CN1CCCCC1,CC[C@H]1OC(=O)C[C@@H](OC(=O)C(N)CCCC=O)[C@H](C)[C@@H](O[C@@H]2O[C@H](C)[C@@H](O)[C@H](N(C)C)[C@H]2O)[C@@H](CCN2CCCCC2)C[C@@H](C)C(=O)/C=C/C(C)=C/[C@@H]1CN1CCCCC1,TRUE,,1.238 
tildipirosin,Tildipirosin (泰地罗新),REF_TILDIPIROSIN,repository_reference,O20_attached_to_C15,20,15,C,MPM00800,N6-(D-Fructosyl)-L-lysine,NC(CCCCNCC(=O)C(O)C(O)C(O)CO)C(=O)O,1,CC[C@H]1OC(=O)C[C@@H](OC(=O)C(N)CCCCNCC(=O)C(O)C(O)C(O)CO)[C@H](C)[C@@H](O[C@@H]2O[C@H](C)[C@@H](O)[C@H](N(C)C)[C@H]2O)[C@@H](CCN2CCCCC2)C[C@@H](C)C(=O)/C=C/C(C)=C/[C@@H]1CN1CCCCC1,CC[C@H]1OC(=O)C[C@@H](OC(=O)C(N)CCCCNCC(=O)C(O)C(O)C(O)CO)[C@H](C)[C@@H](O[C@@H]2O[C@H](C)[C@@H](O)[C@H](N(C)C)[C@H]2O)[C@@H](CCN2CCCCC2)C[C@@H](C)C(=O)/C=C/C(C)=C/[C@@H]1CN1CCCCC1,TRUE,,0.972 
tildipirosin,Tildipirosin (泰地罗新),REF_TILDIPIROSIN,repository_reference,O20_attached_to_C15,20,15,C,MPM01141,2-Amino-4-hydroxybutyric acid,NC(CCO)C(=O)O,1,CC[C@H]1OC(=O)C[C@@H](OC(=O)C(N)CCO)[C@H](C)[C@@H](O[C@@H]2O[C@H](C)[C@@H](O)[C@H](N(C)C)[C@H]2O)[C@@H](CCN2CCCCC2)C[C@@H](C)C(=O)/C=C/C(C)=C/[C@@H]1CN1CCCCC1,CC[C@H]1OC(=O)C[C@@H](OC(=O)C(N)CCO)[C@H](C)[C@@H](O[C@@H]2O[C@H](C)[C@@H](O)[C@H](N(C)C)[C@H]2O)[C@@H](CCN2CCCCC2)C[C@@H](C)C(=O)/C=C/C(C)=C/[C@@H]1CN1CCCCC1,TRUE,,1.684 
tildipirosin,Tildipirosin (泰地罗新),REF_TILDIPIROSIN,repository_reference,O20_attached_to_C15,20,15,C,MPM00698,Homocysteine,NC(CCS)C(=O)O,1,CC[C@H]1OC(=O)C[C@@H](OC(=O)C(N)CCS)[C@H](C)[C@@H](O[C@@H]2O[C@H](C)[C@@H](O)[C@H](N(C)C)[C@H]2O)[C@@H](CCN2CCCCC2)C[C@@H](C)C(=O)/C=C/C(C)=C/[C@@H]1CN1CCCCC1,CC[C@H]1OC(=O)C[C@@H](OC(=O)C(N)CCS)[C@H](C)[C@@H](O[C@@H]2O[C@H](C)[C@@H](O)[C@H](N(C)C)[C@H]2O)[C@@H](CCN2CCCCC2)C[C@@H](C)C(=O)/C=C/C(C)=C/[C@@H]1CN1CCCCC1,TRUE,,0.317 
tildipirosin,Tildipirosin (泰地罗新),REF_TILDIPIROSIN,repository_reference,O20_attached_to_C15,20,15,C,MPM01379,D-Serine,NC(CO)C(=O)O,1,CC[C@H]1OC(=O)C[C@@H](OC(=O)C(N)CO)[C@H](C)[C@@H](O[C@@H]2O[C@H](C)[C@@H](O)[C@H](N(C)C)[C@H]2O)[C@@H](CCN2CCCCC2)C[C@@H](C)C(=O)/C=C/C(C)=C/[C@@H]1CN1CCCCC1,CC[C@H]1OC(=O)C[C@@H](OC(=O)C(N)CO)[C@H](C)[C@@H](O[C@@H]2O[C@H](C)[C@@H](O)[C@H](N(C)C)[C@H]2O)[C@@H](CCN2CCCCC2)C[C@@H](C)C(=O)/C=C/C(C)=C/[C@@H]1CN1CCCCC1,TRUE,,1.677 
tildipirosin,Tildipirosin (泰地罗新),REF_TILDIPIROSIN,repository_reference,O20_attached_to_C15,20,15,C,MPM00325,3-Phospho-L-serine,NC(COP(=O)(O)O)C(=O)O,1,CC[C@H]1OC(=O)C[C@@H](OC(=O)C(N)COP(=O)(O)O)[C@H](C)[C@@H](O[C@@H]2O[C@H](C)[C@@H](O)[C@H](N(C)C)[C@H]2O)[C@@H](CCN2CCCCC2)C[C@@H](C)C(=O)/C=C/C(C)=C/[C@@H]1CN1CCCCC1,CC[C@H]1OC(=O)C[C@@H](OC(=O)C(N)COP(=O)(O)O)[C@H](C)[C@@H](O[C@@H]2O[C@H](C)[C@@H](O)[C@H](N(C)C)[C@H]2O)[C@@H](CCN2CCCCC2)C[C@@H](C)C(=O)/C=C/C(C)=C/[C@@H]1CN1CCCCC1,TRUE,,1.584 
tildipirosin,Tildipirosin (泰地罗新),REF_TILDIPIROSIN,repository_reference,O20_attached_to_C15,20,15,C,MPM00667,glycerol 1-phosphoserine(1-),NC(COP(=O)(O)OCC(O)CO)C(=O)O,1,CC[C@H]1OC(=O)C[C@@H](OC(=O)C(N)COP(=O)(O)OCC(O)CO)[C@H](C)[C@@H](O[C@@H]2O[C@H](C)[C@@H](O)[C@H](N(C)C)[C@H]2O)[C@@H](CCN2CCCCC2)C[C@@H](C)C(=O)/C=C/C(C)=C/[C@@H]1CN1CCCCC1,CC[C@H]1OC(=O)C[C@@H](OC(=O)C(N)COP(=O)(O)OCC(O)CO)[C@H](C)[C@@H](O[C@@H]2O[C@H](C)[C@@H](O)[C@H](N(C)C)[C@H]2O)[C@@H](CCN2CCCCC2)C[C@@H](C)C(=O)/C=C/C(C)=C/[C@@H]1CN1CCCCC1,TRUE,,1.363 
tildipirosin,Tildipirosin (泰地罗新),REF_TILDIPIROSIN,repository_reference,O20_attached_to_C15,20,15,C,MPM00199,2-Amino-3-sulfopropionic acid,NC(CS(=O)(=O)O)C(=O)O,1,CC[C@H]1OC(=O)C[C@@H](OC(=O)C(N)CS(=O)(=O)O)[C@H](C)[C@@H](O[C@@H]2O[C@H](C)[C@@H](O)[C@H](N(C)C)[C@H]2O)[C@@H](CCN2CCCCC2)C[C@@H](C)C(=O)/C=C/C(C)=C/[C@@H]1CN1CCCCC1,CC[C@H]1OC(=O)C[C@@H](OC(=O)C(N)CS(=O)(=O)O)[C@H](C)[C@@H](O[C@@H]2O[C@H](C)[C@@H](O)[C@H](N(C)C)[C@H]2O)[C@@H](CCN2CCCCC2)C[C@@H](C)C(=O)/C=C/C(C)=C/[C@@H]1CN1CCCCC1,TRUE,,1.862 
tildipirosin,Tildipirosin (泰地罗新),REF_TILDIPIROSIN,repository_reference,O20_attached_to_C15,20,15,C,MPM00329,3-Sulfinoalanine,NC(CS(=O)O)C(=O)O,1,CC[C@H]1OC(=O)C[C@@H](OC(=O)C(N)CS(=O)O)[C@H](C)[C@@H](O[C@@H]2O[C@H](C)[C@@H](O)[C@H](N(C)C)[C@H]2O)[C@@H](CCN2CCCCC2)C[C@@H](C)C(=O)/C=C/C(C)=C/[C@@H]1CN1CCCCC1,CC[C@H]1OC(=O)C[C@@H](OC(=O)C(N)CS(=O)O)[C@H](C)[C@@H](O[C@@H]2O[C@H](C)[C@@H](O)[C@H](N(C)C)[C@H]2O)[C@@H](CCN2CCCCC2)C[C@@H](C)C(=O)/C=C/C(C)=C/[C@@H]1CN1CCCCC1,TRUE,,1.928 
tildipirosin,Tildipirosin (泰地罗新),REF_TILDIPIROSIN,repository_reference,O20_attached_to_C15,20,15,C,MPM01473,L-Cysteinylglycine,NC(CS)C(=O)NCC(=O)O,1,CC[C@H]1OC(=O)C[C@@H](OC(=O)CNC(=O)C(N)CS)[C@H](C)[C@@H](O[C@@H]2O[C@H](C)[C@@H](O)[C@H](N(C)C)[C@H]2O)[C@@H](CCN2CCCCC2)C[C@@H](C)C(=O)/C=C/C(C)=C/[C@@H]1CN1CCCCC1,CC[C@H]1OC(=O)C[C@@H](OC(=O)CNC(=O)C(N)CS)[C@H](C)[C@@H](O[C@@H]2O[C@H](C)[C@@H](O)[C@H](N(C)C)[C@H]2O)[C@@H](CCN2CCCCC2)C[C@@H](C)C(=O)/C=C/C(C)=C/[C@@H]1CN1CCCCC1,TRUE,,0.423 
tildipirosin,Tildipirosin (泰地罗新),REF_TILDIPIROSIN,repository_reference,O20_attached_to_C15,20,15,C,MPM01361,D-Amino-3-mercaptopropionic acid,NC(CS)C(=O)O,1,CC[C@H]1OC(=O)C[C@@H](OC(=O)C(N)CS)[C@H](C)[C@@H](O[C@@H]2O[C@H](C)[C@@H](O)[C@H](N(C)C)[C@H]2O)[C@@H](CCN2CCCCC2)C[C@@H](C)C(=O)/C=C/C(C)=C/[C@@H]1CN1CCCCC1,CC[C@H]1OC(=O)C[C@@H](OC(=O)C(N)CS)[C@H](C)[C@@H](O[C@@H]2O[C@H](C)[C@@H](O)[C@H](N(C)C)[C@H]2O)[C@@H](CCN2CCCCC2)C[C@@H](C)C(=O)/C=C/C(C)=C/[C@@H]1CN1CCCCC1,TRUE,,0.381 
tildipirosin,Tildipirosin (泰地罗新),REF_TILDIPIROSIN,repository_reference,O20_attached_to_C15,20,15,C,MPM01078,(S)-alpha-Amino-beta-(3-indolyl)-propionic acid,NC(Cc1c[nH]c2ccccc12)C(=O)O,1,CC[C@H]1OC(=O)C[C@@H](OC(=O)C(N)Cc2c[nH]c3ccccc23)[C@H](C)[C@@H](O[C@@H]2O[C@H](C)[C@@H](O)[C@H](N(C)C)[C@H]2O)[C@@H](CCN2CCCCC2)C[C@@H](C)C(=O)/C=C/C(C)=C/[C@@H]1CN1CCCCC1,CC[C@H]1OC(=O)C[C@@H](OC(=O)C(N)Cc2c[nH]c3ccccc23)[C@H](C)[C@@H](O[C@@H]2O[C@H](C)[C@@H](O)[C@H](N(C)C)[C@H]2O)[C@@H](CCN2CCCCC2)C[C@@H](C)C(=O)/C=C/C(C)=C/[C@@H]1CN1CCCCC1,TRUE,,2.485 
tildipirosin,Tildipirosin (泰地罗新),REF_TILDIPIROSIN,repository_reference,O20_attached_to_C15,20,15,C,MPM01639,Tyrosine,NC(Cc1ccc(O)cc1)C(=O)O,1,CC[C@H]1OC(=O)C[C@@H](OC(=O)C(N)Cc2ccc(O)cc2)[C@H](C)[C@@H](O[C@@H]2O[C@H](C)[C@@H](O)[C@H](N(C)C)[C@H]2O)[C@@H](CCN2CCCCC2)C[C@@H](C)C(=O)/C=C/C(C)=C/[C@@H]1CN1CCCCC1,CC[C@H]1OC(=O)C[C@@H](OC(=O)C(N)Cc2ccc(O)cc2)[C@H](C)[C@@H](O[C@@H]2O[C@H](C)[C@@H](O)[C@H](N(C)C)[C@H]2O)[C@@H](CCN2CCCCC2)C[C@@H](C)C(=O)/C=C/C(C)=C/[C@@H]1CN1CCCCC1,TRUE,,1.873 
tildipirosin,Tildipirosin (泰地罗新),REF_TILDIPIROSIN,repository_reference,O20_attached_to_C15,20,15,C,MPM00895,Phosphonotyrosine,NC(Cc1ccc(OP(=O)(O)O)cc1)C(=O)O,1,CC[C@H]1OC(=O)C[C@@H](OC(=O)C(N)Cc2ccc(OP(=O)(O)O)cc2)[C@H](C)[C@@H](O[C@@H]2O[C@H](C)[C@@H](O)[C@H](N(C)C)[C@H]2O)[C@@H](CCN2CCCCC2)C[C@@H](C)C(=O)/C=C/C(C)=C/[C@@H]1CN1CCCCC1,CC[C@H]1OC(=O)C[C@@H](OC(=O)C(N)Cc2ccc(OP(=O)(O)O)cc2)[C@H](C)[C@@H](O[C@@H]2O[C@H](C)[C@@H](O)[C@H](N(C)C)[C@H]2O)[C@@H](CCN2CCCCC2)C[C@@H](C)C(=O)/C=C/C(C)=C/[C@@H]1CN1CCCCC1,TRUE,,1.333 
tildipirosin,Tildipirosin (泰地罗新),REF_TILDIPIROSIN,repository_reference,O20_attached_to_C15,20,15,C,MPM00612,D-phenylalanine,NC(Cc1ccccc1)C(=O)O,1,CC[C@H]1OC(=O)C[C@@H](OC(=O)C(N)Cc2ccccc2)[C@H](C)[C@@H](O[C@@H]2O[C@H](C)[C@@H](O)[C@H](N(C)C)[C@H]2O)[C@@H](CCN2CCCCC2)C[C@@H](C)C(=O)/C=C/C(C)=C/[C@@H]1CN1CCCCC1,CC[C@H]1OC(=O)C[C@@H](OC(=O)C(N)Cc2ccccc2)[C@H](C)[C@@H](O[C@@H]2O[C@H](C)[C@@H](O)[C@H](N(C)C)[C@H]2O)[C@@H](CCN2CCCCC2)C[C@@H](C)C(=O)/C=C/C(C)=C/[C@@H]1CN1CCCCC1,TRUE,,1.505 
tildipirosin,Tildipirosin (泰地罗新),REF_TILDIPIROSIN,repository_reference,O20_attached_to_C15,20,15,C,MPM01077,(S)-alpha-Amino-1H-imidazole-4-propionic acid,NC(Cc1cnc[nH]1)C(=O)O,1,CC[C@H]1OC(=O)C[C@@H](OC(=O)C(N)Cc2cnc[nH]2)[C@H](C)[C@@H](O[C@@H]2O[C@H](C)[C@@H](O)[C@H](N(C)C)[C@H]2O)[C@@H](CCN2CCCCC2)C[C@@H](C)C(=O)/C=C/C(C)=C/[C@@H]1CN1CCCCC1,CC[C@H]1OC(=O)C[C@@H](OC(=O)C(N)Cc2cnc[nH]2)[C@H](C)[C@@H](O[C@@H]2O[C@H](C)[C@@H](O)[C@H](N(C)C)[C@H]2O)[C@@H](CCN2CCCCC2)C[C@@H](C)C(=O)/C=C/C(C)=C/[C@@H]1CN1CCCCC1,TRUE,,1.498 
tildipirosin,Tildipirosin (泰地罗新),REF_TILDIPIROSIN,repository_reference,O20_attached_to_C15,20,15,C,MPM01165,2-Oxoarginine,NC(N)=NCCCC(=O)C(=O)O,1,CC[C@H]1OC(=O)C[C@@H](OC(=O)C(=O)CCCN=C(N)N)[C@H](C)[C@@H](O[C@@H]2O[C@H](C)[C@@H](O)[C@H](N(C)C)[C@H]2O)[C@@H](CCN2CCCCC2)C[C@@H](C)C(=O)/C=C/C(C)=C/[C@@H]1CN1CCCCC1,CC[C@H]1OC(=O)C[C@@H](OC(=O)C(=O)CCCN=C(N)N)[C@H](C)[C@@H](O[C@@H]2O[C@H](C)[C@@H](O)[C@H](N(C)C)[C@H]2O)[C@@H](CCN2CCCCC2)C[C@@H](C)C(=O)/C=C/C(C)=C/[C@@H]1CN1CCCCC1,TRUE,,1.559 
tildipirosin,Tildipirosin (泰地罗新),REF_TILDIPIROSIN,repository_reference,O20_attached_to_C15,20,15,C,MPM00541,D-2-Amino-5-guanidinovaleric acid,NC(N)=NCCCC(N)C(=O)O,1,CC[C@H]1OC(=O)C[C@@H](OC(=O)C(N)CCCN=C(N)N)[C@H](C)[C@@H](O[C@@H]2O[C@H](C)[C@@H](O)[C@H](N(C)C)[C@H]2O)[C@@H](CCN2CCCCC2)C[C@@H](C)C(=O)/C=C/C(C)=C/[C@@H]1CN1CCCCC1,CC[C@H]1OC(=O)C[C@@H](OC(=O)C(N)CCCN=C(N)N)[C@H](C)[C@@H](O[C@@H]2O[C@H](C)[C@@H](O)[C@H](N(C)C)[C@H]2O)[C@@H](CCN2CCCCC2)C[C@@H](C)C(=O)/C=C/C(C)=C/[C@@H]1CN1CCCCC1,TRUE,,1.665 
tildipirosin,Tildipirosin (泰地罗新),REF_TILDIPIROSIN,repository_reference,O20_attached_to_C15,20,15,C,MPM01242,5-Amino-4-oxovaleric acid,NCC(=O)CCC(=O)O,1,CC[C@H]1OC(=O)C[C@@H](OC(=O)CCC(=O)CN)[C@H](C)[C@@H](O[C@@H]2O[C@H](C)[C@@H](O)[C@H](N(C)C)[C@H]2O)[C@@H](CCN2CCCCC2)C[C@@H](C)C(=O)/C=C/C(C)=C/[C@@H]1CN1CCCCC1,CC[C@H]1OC(=O)C[C@@H](OC(=O)CCC(=O)CN)[C@H](C)[C@@H](O[C@@H]2O[C@H](C)[C@@H](O)[C@H](N(C)C)[C@H]2O)[C@@H](CCN2CCCCC2)C[C@@H](C)C(=O)/C=C/C(C)=C/[C@@H]1CN1CCCCC1,TRUE,,1.798 
tildipirosin,Tildipirosin (泰地罗新),REF_TILDIPIROSIN,repository_reference,O20_attached_to_C15,20,15,C,MPM00674,Glycyl-l-glutamine,NCC(=O)NC(CCC(N)=O)C(=O)O,1,CC[C@H]1OC(=O)C[C@@H](OC(=O)C(CCC(N)=O)NC(=O)CN)[C@H](C)[C@@H](O[C@@H]2O[C@H](C)[C@@H](O)[C@H](N(C)C)[C@H]2O)[C@@H](CCN2CCCCC2)C[C@@H](C)C(=O)/C=C/C(C)=C/[C@@H]1CN1CCCCC1,CC[C@H]1OC(=O)C[C@@H](OC(=O)C(CCC(N)=O)NC(=O)CN)[C@H](C)[C@@H](O[C@@H]2O[C@H](C)[C@@H](O)[C@H](N(C)C)[C@H]2O)[C@@H](CCN2CCCCC2)C[C@@H](C)C(=O)/C=C/C(C)=C/[C@@H]1CN1CCCCC1,TRUE,,1.993 
tildipirosin,Tildipirosin (泰地罗新),REF_TILDIPIROSIN,repository_reference,O20_attached_to_C15,20,15,C,MPM00673,Glycylcysteine,NCC(=O)NC(CS)C(=O)O,1,CC[C@H]1OC(=O)C[C@@H](OC(=O)C(CS)NC(=O)CN)[C@H](C)[C@@H](O[C@@H]2O[C@H](C)[C@@H](O)[C@H](N(C)C)[C@H]2O)[C@@H](CCN2CCCCC2)C[C@@H](C)C(=O)/C=C/C(C)=C/[C@@H]1CN1CCCCC1,CC[C@H]1OC(=O)C[C@@H](OC(=O)C(CS)NC(=O)CN)[C@H](C)[C@@H](O[C@@H]2O[C@H](C)[C@@H](O)[C@H](N(C)C)[C@H]2O)[C@@H](CCN2CCCCC2)C[C@@H](C)C(=O)/C=C/C(C)=C/[C@@H]1CN1CCCCC1,TRUE,,0.556 
tildipirosin,Tildipirosin (泰地罗新),REF_TILDIPIROSIN,repository_reference,O20_attached_to_C15,20,15,C,MPM00677,Glycyl-L-tyrosine,NCC(=O)NC(Cc1ccc(O)cc1)C(=O)O,1,CC[C@H]1OC(=O)C[C@@H](OC(=O)C(Cc2ccc(O)cc2)NC(=O)CN)[C@H](C)[C@@H](O[C@@H]2O[C@H](C)[C@@H](O)[C@H](N(C)C)[C@H]2O)[C@@H](CCN2CCCCC2)C[C@@H](C)C(=O)/C=C/C(C)=C/[C@@H]1CN1CCCCC1,CC[C@H]1OC(=O)C[C@@H](OC(=O)C(Cc2ccc(O)cc2)NC(=O)CN)[C@H](C)[C@@H](O[C@@H]2O[C@H](C)[C@@H](O)[C@H](N(C)C)[C@H]2O)[C@@H](CCN2CCCCC2)C[C@@H](C)C(=O)/C=C/C(C)=C/[C@@H]1CN1CCCCC1,TRUE,,2.100 
tildipirosin,Tildipirosin (泰地罗新),REF_TILDIPIROSIN,repository_reference,O20_attached_to_C15,20,15,C,MPM00676,Glycyl-L-phenylalanine,NCC(=O)NC(Cc1ccccc1)C(=O)O,1,CC[C@H]1OC(=O)C[C@@H](OC(=O)C(Cc2ccccc2)NC(=O)CN)[C@H](C)[C@@H](O[C@@H]2O[C@H](C)[C@@H](O)[C@H](N(C)C)[C@H]2O)[C@@H](CCN2CCCCC2)C[C@@H](C)C(=O)/C=C/C(C)=C/[C@@H]1CN1CCCCC1,CC[C@H]1OC(=O)C[C@@H](OC(=O)C(Cc2ccccc2)NC(=O)CN)[C@H](C)[C@@H](O[C@@H]2O[C@H](C)[C@@H](O)[C@H](N(C)C)[C@H]2O)[C@@H](CCN2CCCCC2)C[C@@H](C)C(=O)/C=C/C(C)=C/[C@@H]1CN1CCCCC1,TRUE,,1.727 
tildipirosin,Tildipirosin (泰地罗新),REF_TILDIPIROSIN,repository_reference,O20_attached_to_C15,20,15,C,MPM01413,Gly,NCC(=O)O,1,CC[C@H]1OC(=O)C[C@@H](OC(=O)CN)[C@H](C)[C@@H](O[C@@H]2O[C@H](C)[C@@H](O)[C@H](N(C)C)[C@H]2O)[C@@H](CCN2CCCCC2)C[C@@H](C)C(=O)/C=C/C(C)=C/[C@@H]1CN1CCCCC1,CC[C@H]1OC(=O)C[C@@H](OC(=O)CN)[C@H](C)[C@@H](O[C@@H]2O[C@H](C)[C@@H](O)[C@H](N(C)C)[C@H]2O)[C@@H](CCN2CCCCC2)C[C@@H](C)C(=O)/C=C/C(C)=C/[C@@H]1CN1CCCCC1,TRUE,,1.947 
tildipirosin,Tildipirosin (泰地罗新),REF_TILDIPIROSIN,repository_reference,O20_attached_to_C15,20,15,C,MPM01074,"(S)-2,3-Diaminopropanoate",NCC(N)C(=O)O,1,CC[C@H]1OC(=O)C[C@@H](OC(=O)C(N)CN)[C@H](C)[C@@H](O[C@@H]2O[C@H](C)[C@@H](O)[C@H](N(C)C)[C@H]2O)[C@@H](CCN2CCCCC2)C[C@@H](C)C(=O)/C=C/C(C)=C/[C@@H]1CN1CCCCC1,CC[C@H]1OC(=O)C[C@@H](OC(=O)C(N)CN)[C@H](C)[C@@H](O[C@@H]2O[C@H](C)[C@@H](O)[C@H](N(C)C)[C@H]2O)[C@@H](CCN2CCCCC2)C[C@@H](C)C(=O)/C=C/C(C)=C/[C@@H]1CN1CCCCC1,TRUE,,2.096 
tildipirosin,Tildipirosin (泰地罗新),REF_TILDIPIROSIN,repository_reference,O20_attached_to_C15,20,15,C,MPM01212,3-Aminopropanoate,NCCC(=O)O,1,CC[C@H]1OC(=O)C[C@@H](OC(=O)CCN)[C@H](C)[C@@H](O[C@@H]2O[C@H](C)[C@@H](O)[C@H](N(C)C)[C@H]2O)[C@@H](CCN2CCCCC2)C[C@@H](C)C(=O)/C=C/C(C)=C/[C@@H]1CN1CCCCC1,CC[C@H]1OC(=O)C[C@@H](OC(=O)CCN)[C@H](C)[C@@H](O[C@@H]2O[C@H](C)[C@@H](O)[C@H](N(C)C)[C@H]2O)[C@@H](CCN2CCCCC2)C[C@@H](C)C(=O)/C=C/C(C)=C/[C@@H]1CN1CCCCC1,TRUE,,1.859 
tildipirosin,Tildipirosin (泰地罗新),REF_TILDIPIROSIN,repository_reference,O20_attached_to_C15,20,15,C,MPM00725,"L-2,4-Diaminobutyrate",NCCC(N)C(=O)O,1,CC[C@H]1OC(=O)C[C@@H](OC(=O)C(N)CCN)[C@H](C)[C@@H](O[C@@H]2O[C@H](C)[C@@H](O)[C@H](N(C)C)[C@H]2O)[C@@H](CCN2CCCCC2)C[C@@H](C)C(=O)/C=C/C(C)=C/[C@@H]1CN1CCCCC1,CC[C@H]1OC(=O)C[C@@H](OC(=O)C(N)CCN)[C@H](C)[C@@H](O[C@@H]2O[C@H](C)[C@@H](O)[C@H](N(C)C)[C@H]2O)[C@@H](CCN2CCCCC2)C[C@@H](C)C(=O)/C=C/C(C)=C/[C@@H]1CN1CCCCC1,TRUE,,2.041 
tildipirosin,Tildipirosin (泰地罗新),REF_TILDIPIROSIN,repository_reference,O20_attached_to_C15,20,15,C,MPM01396,GABA,NCCCC(=O)O,1,CC[C@H]1OC(=O)C[C@@H](OC(=O)CCCN)[C@H](C)[C@@H](O[C@@H]2O[C@H](C)[C@@H](O)[C@H](N(C)C)[C@H]2O)[C@@H](CCN2CCCCC2)C[C@@H](C)C(=O)/C=C/C(C)=C/[C@@H]1CN1CCCCC1,CC[C@H]1OC(=O)C[C@@H](OC(=O)CCCN)[C@H](C)[C@@H](O[C@@H]2O[C@H](C)[C@@H](O)[C@H](N(C)C)[C@H]2O)[C@@H](CCN2CCCCC2)C[C@@H](C)C(=O)/C=C/C(C)=C/[C@@H]1CN1CCCCC1,TRUE,,1.799 
tildipirosin,Tildipirosin (泰地罗新),REF_TILDIPIROSIN,repository_reference,O20_attached_to_C15,20,15,C,MPM00093,"(S)-2,5-Diaminopentanoate",NCCCC(N)C(=O)O,1,CC[C@H]1OC(=O)C[C@@H](OC(=O)C(N)CCCN)[C@H](C)[C@@H](O[C@@H]2O[C@H](C)[C@@H](O)[C@H](N(C)C)[C@H]2O)[C@@H](CCN2CCCCC2)C[C@@H](C)C(=O)/C=C/C(C)=C/[C@@H]1CN1CCCCC1,CC[C@H]1OC(=O)C[C@@H](OC(=O)C(N)CCCN)[C@H](C)[C@@H](O[C@@H]2O[C@H](C)[C@@H](O)[C@H](N(C)C)[C@H]2O)[C@@H](CCN2CCCCC2)C[C@@H](C)C(=O)/C=C/C(C)=C/[C@@H]1CN1CCCCC1,TRUE,,1.981 
tildipirosin,Tildipirosin (泰地罗新),REF_TILDIPIROSIN,repository_reference,O20_attached_to_C15,20,15,C,MPM00742,L-beta-Lysine,NCCCC(N)CC(=O)O,1,CC[C@H]1OC(=O)C[C@@H](OC(=O)CC(N)CCCN)[C@H](C)[C@@H](O[C@@H]2O[C@H](C)[C@@H](O)[C@H](N(C)C)[C@H]2O)[C@@H](CCN2CCCCC2)C[C@@H](C)C(=O)/C=C/C(C)=C/[C@@H]1CN1CCCCC1,CC[C@H]1OC(=O)C[C@@H](OC(=O)CC(N)CCCN)[C@H](C)[C@@H](O[C@@H]2O[C@H](C)[C@@H](O)[C@H](N(C)C)[C@H]2O)[C@@H](CCN2CCCCC2)C[C@@H](C)C(=O)/C=C/C(C)=C/[C@@H]1CN1CCCCC1,TRUE,,1.728 
tildipirosin,Tildipirosin (泰地罗新),REF_TILDIPIROSIN,repository_reference,O20_attached_to_C15,20,15,C,MPM01164,2-Oxo-6-aminocaproate,NCCCCC(=O)C(=O)O,1,CC[C@H]1OC(=O)C[C@@H](OC(=O)C(=O)CCCCN)[C@H](C)[C@@H](O[C@@H]2O[C@H](C)[C@@H](O)[C@H](N(C)C)[C@H]2O)[C@@H](CCN2CCCCC2)C[C@@H](C)C(=O)/C=C/C(C)=C/[C@@H]1CN1CCCCC1,CC[C@H]1OC(=O)C[C@@H](OC(=O)C(=O)CCCCN)[C@H](C)[C@@H](O[C@@H]2O[C@H](C)[C@@H](O)[C@H](N(C)C)[C@H]2O)[C@@H](CCN2CCCCC2)C[C@@H](C)C(=O)/C=C/C(C)=C/[C@@H]1CN1CCCCC1,TRUE,,1.808 
tildipirosin,Tildipirosin (泰地罗新),REF_TILDIPIROSIN,repository_reference,O20_attached_to_C15,20,15,C,MPM00184,"2,6-Diaminohexanoic acid",NCCCCC(N)C(=O)O,1,CC[C@H]1OC(=O)C[C@@H](OC(=O)C(N)CCCCN)[C@H](C)[C@@H](O[C@@H]2O[C@H](C)[C@@H](O)[C@H](N(C)C)[C@H]2O)[C@@H](CCN2CCCCC2)C[C@@H](C)C(=O)/C=C/C(C)=C/[C@@H]1CN1CCCCC1,CC[C@H]1OC(=O)C[C@@H](OC(=O)C(N)CCCCN)[C@H](C)[C@@H](O[C@@H]2O[C@H](C)[C@@H](O)[C@H](N(C)C)[C@H]2O)[C@@H](CCN2CCCCC2)C[C@@H](C)C(=O)/C=C/C(C)=C/[C@@H]1CN1CCCCC1,TRUE,,1.920 
tildipirosin,Tildipirosin (泰地罗新),REF_TILDIPIROSIN,repository_reference,O20_attached_to_C15,20,15,C,MPM00373,5-Amino-1-(5-phospho-D-ribosyl)imidazole-4-carboxylate,Nc1c(C(=O)O)ncn1C1OC(COP(=O)(O)O)C(O)C1O,1,CC[C@H]1OC(=O)C[C@@H](OC(=O)c2ncn(C3OC(COP(=O)(O)O)C(O)C3O)c2N)[C@H](C)[C@@H](O[C@@H]2O[C@H](C)[C@@H](O)[C@H](N(C)C)[C@H]2O)[C@@H](CCN2CCCCC2)C[C@@H](C)C(=O)/C=C/C(C)=C/[C@@H]1CN1CCCCC1,CC[C@H]1OC(=O)C[C@@H](OC(=O)c2ncn(C3OC(COP(=O)(O)O)C(O)C3O)c2N)[C@H](C)[C@@H](O[C@@H]2O[C@H](C)[C@@H](O)[C@H](N(C)C)[C@H]2O)[C@@H](CCN2CCCCC2)C[C@@H](C)C(=O)/C=C/C(C)=C/[C@@H]1CN1CCCCC1,TRUE,,-1.007 
tildipirosin,Tildipirosin (泰地罗新),REF_TILDIPIROSIN,repository_reference,O20_attached_to_C15,20,15,C,MPM00854,p-Aminobenzoate,Nc1ccc(C(=O)O)cc1,1,CC[C@H]1OC(=O)C[C@@H](OC(=O)c2ccc(N)cc2)[C@H](C)[C@@H](O[C@@H]2O[C@H](C)[C@@H](O)[C@H](N(C)C)[C@H]2O)[C@@H](CCN2CCCCC2)C[C@@H](C)C(=O)/C=C/C(C)=C/[C@@H]1CN1CCCCC1,CC[C@H]1OC(=O)C[C@@H](OC(=O)c2ccc(N)cc2)[C@H](C)[C@@H](O[C@@H]2O[C@H](C)[C@@H](O)[C@H](N(C)C)[C@H]2O)[C@@H](CCN2CCCCC2)C[C@@H](C)C(=O)/C=C/C(C)=C/[C@@H]1CN1CCCCC1,TRUE,,1.902 
tildipirosin,Tildipirosin (泰地罗新),REF_TILDIPIROSIN,repository_reference,O20_attached_to_C15,20,15,C,MPM00406,"7,8-Dihydropteroate",Nc1nc2c(c(=O)[nH]1)N=C(CNc1ccc(C(=O)O)cc1)CN2,1,CC[C@H]1OC(=O)C[C@@H](OC(=O)c2ccc(NCC3=Nc4c(nc(N)[nH]c4=O)NC3)cc2)[C@H](C)[C@@H](O[C@@H]2O[C@H](C)[C@@H](O)[C@H](N(C)C)[C@H]2O)[C@@H](CCN2CCCCC2)C[C@@H](C)C(=O)/C=C/C(C)=C/[C@@H]1CN1CCCCC1,CC[C@H]1OC(=O)C[C@@H](OC(=O)c2ccc(NCC3=Nc4c(nc(N)[nH]c4=O)NC3)cc2)[C@H](C)[C@@H](O[C@@H]2O[C@H](C)[C@@H](O)[C@H](N(C)C)[C@H]2O)[C@@H](CCN2CCCCC2)C[C@@H](C)C(=O)/C=C/C(C)=C/[C@@H]1CN1CCCCC1,TRUE,,1.314 
tildipirosin,Tildipirosin (泰地罗新),REF_TILDIPIROSIN,repository_reference,O20_attached_to_C15,20,15,C,MPM00938,Se-Adenosylselenohomocysteine,Nc1ncnc2c1ncn2C1OC(C[Se]CCC(N)C(=O)O)C(O)C1O,1,CC[C@H]1OC(=O)C[C@@H](OC(=O)C(N)CC[Se]CC2OC(n3cnc4c(N)ncnc43)C(O)C2O)[C@H](C)[C@@H](O[C@@H]2O[C@H](C)[C@@H](O)[C@H](N(C)C)[C@H]2O)[C@@H](CCN2CCCCC2)C[C@@H](C)C(=O)/C=C/C(C)=C/[C@@H]1CN1CCCCC1,CC[C@H]1OC(=O)C[C@@H](OC(=O)C(N)CC[Se]CC2OC(n3cnc4c(N)ncnc43)C(O)C2O)[C@H](C)[C@@H](O[C@@H]2O[C@H](C)[C@@H](O)[C@H](N(C)C)[C@H]2O)[C@@H](CCN2CCCCC2)C[C@@H](C)C(=O)/C=C/C(C)=C/[C@@H]1CN1CCCCC1,TRUE,,-1.219 
tildipirosin,Tildipirosin (泰地罗新),REF_TILDIPIROSIN,repository_reference,O20_attached_to_C15,20,15,C,MPM00210,2-Dehydro-3-deoxy-D-galactonate,O=C(O)C(=O)CC(O)C(O)CO,1,CC[C@H]1OC(=O)C[C@@H](OC(=O)C(=O)CC(O)C(O)CO)[C@H](C)[C@@H](O[C@@H]2O[C@H](C)[C@@H](O)[C@H](N(C)C)[C@H]2O)[C@@H](CCN2CCCCC2)C[C@@H](C)C(=O)/C=C/C(C)=C/[C@@H]1CN1CCCCC1,CC[C@H]1OC(=O)C[C@@H](OC(=O)C(=O)CC(O)C(O)CO)[C@H](C)[C@@H](O[C@@H]2O[C@H](C)[C@@H](O)[C@H](N(C)C)[C@H]2O)[C@@H](CCN2CCCCC2)C[C@@H](C)C(=O)/C=C/C(C)=C/[C@@H]1CN1CCCCC1,TRUE,,1.085 
tildipirosin,Tildipirosin (泰地罗新),REF_TILDIPIROSIN,repository_reference,O20_attached_to_C15,20,15,C,MPM00212,2-Dehydro-3-deoxy-D-gluconate 6-phosphate,O=C(O)C(=O)CC(O)C(O)COP(=O)(O)O,1,CC[C@H]1OC(=O)C[C@@H](OC(=O)C(=O)CC(O)C(O)COP(=O)(O)O)[C@H](C)[C@@H](O[C@@H]2O[C@H](C)[C@@H](O)[C@H](N(C)C)[C@H]2O)[C@@H](CCN2CCCCC2)C[C@@H](C)C(=O)/C=C/C(C)=C/[C@@H]1CN1CCCCC1,CC[C@H]1OC(=O)C[C@@H](OC(=O)C(=O)CC(O)C(O)COP(=O)(O)O)[C@H](C)[C@@H](O[C@@H]2O[C@H](C)[C@@H](O)[C@H](N(C)C)[C@H]2O)[C@@H](CCN2CCCCC2)C[C@@H](C)C(=O)/C=C/C(C)=C/[C@@H]1CN1CCCCC1,TRUE,,0.932 
tildipirosin,Tildipirosin (泰地罗新),REF_TILDIPIROSIN,repository_reference,O20_attached_to_C15,20,15,C,MPM00304,3-Hydroxypyruvic acid,O=C(O)C(=O)CO,1,CC[C@H]1OC(=O)C[C@@H](OC(=O)C(=O)CO)[C@H](C)[C@@H](O[C@@H]2O[C@H](C)[C@@H](O)[C@H](N(C)C)[C@H]2O)[C@@H](CCN2CCCCC2)C[C@@H](C)C(=O)/C=C/C(C)=C/[C@@H]1CN1CCCCC1,CC[C@H]1OC(=O)C[C@@H](OC(=O)C(=O)CO)[C@H](C)[C@@H](O[C@@H]2O[C@H](C)[C@@H](O)[C@H](N(C)C)[C@H]2O)[C@@H](CCN2CCCCC2)C[C@@H](C)C(=O)/C=C/C(C)=C/[C@@H]1CN1CCCCC1,TRUE,,1.988 
tildipirosin,Tildipirosin (泰地罗新),REF_TILDIPIROSIN,repository_reference,O20_attached_to_C15,20,15,C,MPM00897,p-Hydroxyphenylpyruvic acid,O=C(O)C(=O)Cc1ccc(O)cc1,1,CC[C@H]1OC(=O)C[C@@H](OC(=O)C(=O)Cc2ccc(O)cc2)[C@H](C)[C@@H](O[C@@H]2O[C@H](C)[C@@H](O)[C@H](N(C)C)[C@H]2O)[C@@H](CCN2CCCCC2)C[C@@H](C)C(=O)/C=C/C(C)=C/[C@@H]1CN1CCCCC1,CC[C@H]1OC(=O)C[C@@H](OC(=O)C(=O)Cc2ccc(O)cc2)[C@H](C)[C@@H](O[C@@H]2O[C@H](C)[C@@H](O)[C@H](N(C)C)[C@H]2O)[C@@H](CCN2CCCCC2)C[C@@H](C)C(=O)/C=C/C(C)=C/[C@@H]1CN1CCCCC1,TRUE,,1.943 
tildipirosin,Tildipirosin (泰地罗新),REF_TILDIPIROSIN,repository_reference,O20_attached_to_C15,20,15,C,MPM00253,2-Oxo-3-phenylpropanoate,O=C(O)C(=O)Cc1ccccc1,1,CC[C@H]1OC(=O)C[C@@H](OC(=O)C(=O)Cc2ccccc2)[C@H](C)[C@@H](O[C@@H]2O[C@H](C)[C@@H](O)[C@H](N(C)C)[C@H]2O)[C@@H](CCN2CCCCC2)C[C@@H](C)C(=O)/C=C/C(C)=C/[C@@H]1CN1CCCCC1,CC[C@H]1OC(=O)C[C@@H](OC(=O)C(=O)Cc2ccccc2)[C@H](C)[C@@H](O[C@@H]2O[C@H](C)[C@@H](O)[C@H](N(C)C)[C@H]2O)[C@@H](CCN2CCCCC2)C[C@@H](C)C(=O)/C=C/C(C)=C/[C@@H]1CN1CCCCC1,TRUE,,1.575 
tildipirosin,Tildipirosin (泰地罗新),REF_TILDIPIROSIN,repository_reference,O20_attached_to_C15,20,15,C,MPM00249,2-O-(alpha-D-Mannopyranosyl)-D-glycerate,O=C(O)C(CO)OC1OC(CO)C(O)C(O)C1O,1,CC[C@H]1OC(=O)C[C@@H](OC(=O)C(CO)OC2OC(CO)C(O)C(O)C2O)[C@H](C)[C@@H](O[C@@H]2O[C@H](C)[C@@H](O)[C@H](N(C)C)[C@H]2O)[C@@H](CCN2CCCCC2)C[C@@H](C)C(=O)/C=C/C(C)=C/[C@@H]1CN1CCCCC1,CC[C@H]1OC(=O)C[C@@H](OC(=O)C(CO)OC2OC(CO)C(O)C(O)C2O)[C@H](C)[C@@H](O[C@@H]2O[C@H](C)[C@@H](O)[C@H](N(C)C)[C@H]2O)[C@@H](CCN2CCCCC2)C[C@@H](C)C(=O)/C=C/C(C)=C/[C@@H]1CN1CCCCC1,TRUE,,0.366 
tildipirosin,Tildipirosin (泰地罗新),REF_TILDIPIROSIN,repository_reference,O20_attached_to_C15,20,15,C,MPM00248,2-O-(6-Phospho-alpha-D-mannosyl)-D-glycerate,O=C(O)C(CO)OC1OC(COP(=O)(O)O)C(O)C(O)C1O,1,CC[C@H]1OC(=O)C[C@@H](OC(=O)C(CO)OC2OC(COP(=O)(O)O)C(O)C(O)C2O)[C@H](C)[C@@H](O[C@@H]2O[C@H](C)[C@@H](O)[C@H](N(C)C)[C@H]2O)[C@@H](CCN2CCCCC2)C[C@@H](C)C(=O)/C=C/C(C)=C/[C@@H]1CN1CCCCC1,CC[C@H]1OC(=O)C[C@@H](OC(=O)C(CO)OC2OC(COP(=O)(O)O)C(O)C(O)C2O)[C@H](C)[C@@H](O[C@@H]2O[C@H](C)[C@@H](O)[C@H](N(C)C)[C@H]2O)[C@@H](CCN2CCCCC2)C[C@@H](C)C(=O)/C=C/C(C)=C/[C@@H]1CN1CCCCC1,TRUE,,0.213 
tildipirosin,Tildipirosin (泰地罗新),REF_TILDIPIROSIN,repository_reference,O20_attached_to_C15,20,15,C,MPM00262,2-Phospho-(R)-glycerate,O=C(O)C(CO)OP(=O)(O)O,1,CC[C@H]1OC(=O)C[C@@H](OC(=O)C(CO)OP(=O)(O)O)[C@H](C)[C@@H](O[C@@H]2O[C@H](C)[C@@H](O)[C@H](N(C)C)[C@H]2O)[C@@H](CCN2CCCCC2)C[C@@H](C)C(=O)/C=C/C(C)=C/[C@@H]1CN1CCCCC1,CC[C@H]1OC(=O)C[C@@H](OC(=O)C(CO)OP(=O)(O)O)[C@H](C)[C@@H](O[C@@H]2O[C@H](C)[C@@H](O)[C@H](N(C)C)[C@H]2O)[C@@H](CCN2CCCCC2)C[C@@H](C)C(=O)/C=C/C(C)=C/[C@@H]1CN1CCCCC1,TRUE,,1.136 
tildipirosin,Tildipirosin (泰地罗新),REF_TILDIPIROSIN,repository_reference,O20_attached_to_C15,20,15,C,MPM00380,5-Dehydrogluconate,O=C(O)C(O)C(O)C(O)C(=O)CO,1,CC[C@H]1OC(=O)C[C@@H](OC(=O)C(O)C(O)C(O)C(=O)CO)[C@H](C)[C@@H](O[C@@H]2O[C@H](C)[C@@H](O)[C@H](N(C)C)[C@H]2O)[C@@H](CCN2CCCCC2)C[C@@H](C)C(=O)/C=C/C(C)=C/[C@@H]1CN1CCCCC1,CC[C@H]1OC(=O)C[C@@H](OC(=O)C(O)C(O)C(O)C(=O)CO)[C@H](C)[C@@H](O[C@@H]2O[C@H](C)[C@@H](O)[C@H](N(C)C)[C@H]2O)[C@@H](CCN2CCCCC2)C[C@@H](C)C(=O)/C=C/C(C)=C/[C@@H]1CN1CCCCC1,TRUE,,1.039 
tildipirosin,Tildipirosin (泰地罗新),REF_TILDIPIROSIN,repository_reference,O20_attached_to_C15,20,15,C,MPM00547,D-Altronate,O=C(O)C(O)C(O)C(O)C(O)CO,1,CC[C@H]1OC(=O)C[C@@H](OC(=O)C(O)C(O)C(O)C(O)CO)[C@H](C)[C@@H](O[C@@H]2O[C@H](C)[C@@H](O)[C@H](N(C)C)[C@H]2O)[C@@H](CCN2CCCCC2)C[C@@H](C)C(=O)/C=C/C(C)=C/[C@@H]1CN1CCCCC1,CC[C@H]1OC(=O)C[C@@H](OC(=O)C(O)C(O)C(O)C(O)CO)[C@H](C)[C@@H](O[C@@H]2O[C@H](C)[C@@H](O)[C@H](N(C)C)[C@H]2O)[C@@H](CCN2CCCCC2)C[C@@H](C)C(=O)/C=C/C(C)=C/[C@@H]1CN1CCCCC1,TRUE,,0.685 
tildipirosin,Tildipirosin (泰地罗新),REF_TILDIPIROSIN,repository_reference,O20_attached_to_C15,20,15,C,MPM00401,6-Phospho-D-gluconate,O=C(O)C(O)C(O)C(O)C(O)COP(=O)(O)O,1,CC[C@H]1OC(=O)C[C@@H](OC(=O)C(O)C(O)C(O)C(O)COP(=O)(O)O)[C@H](C)[C@@H](O[C@@H]2O[C@H](C)[C@@H](O)[C@H](N(C)C)[C@H]2O)[C@@H](CCN2CCCCC2)C[C@@H](C)C(=O)/C=C/C(C)=C/[C@@H]1CN1CCCCC1,CC[C@H]1OC(=O)C[C@@H](OC(=O)C(O)C(O)C(O)C(O)COP(=O)(O)O)[C@H](C)[C@@H](O[C@@H]2O[C@H](C)[C@@H](O)[C@H](N(C)C)[C@H]2O)[C@@H](CCN2CCCCC2)C[C@@H](C)C(=O)/C=C/C(C)=C/[C@@H]1CN1CCCCC1,TRUE,,0.525 
tildipirosin,Tildipirosin (泰地罗新),REF_TILDIPIROSIN,repository_reference,O20_attached_to_C15,20,15,C,MPM00666,Glyceric acid,O=C(O)C(O)CO,1,CC[C@H]1OC(=O)C[C@@H](OC(=O)C(O)CO)[C@H](C)[C@@H](O[C@@H]2O[C@H](C)[C@@H](O)[C@H](N(C)C)[C@H]2O)[C@@H](CCN2CCCCC2)C[C@@H](C)C(=O)/C=C/C(C)=C/[C@@H]1CN1CCCCC1,CC[C@H]1OC(=O)C[C@@H](OC(=O)C(O)CO)[C@H](C)[C@@H](O[C@@H]2O[C@H](C)[C@@H](O)[C@H](N(C)C)[C@H]2O)[C@@H](CCN2CCCCC2)C[C@@H](C)C(=O)/C=C/C(C)=C/[C@@H]1CN1CCCCC1,TRUE,,1.492 
tildipirosin,Tildipirosin (泰地罗新),REF_TILDIPIROSIN,repository_reference,O20_attached_to_C15,20,15,C,MPM00324,3-Phosphoglycerate,O=C(O)C(O)COP(=O)(O)O,1,CC[C@H]1OC(=O)C[C@@H](OC(=O)C(O)COP(=O)(O)O)[C@H](C)[C@@H](O[C@@H]2O[C@H](C)[C@@H](O)[C@H](N(C)C)[C@H]2O)[C@@H](CCN2CCCCC2)C[C@@H](C)C(=O)/C=C/C(C)=C/[C@@H]1CN1CCCCC1,CC[C@H]1OC(=O)C[C@@H](OC(=O)C(O)COP(=O)(O)O)[C@H](C)[C@@H](O[C@@H]2O[C@H](C)[C@@H](O)[C@H](N(C)C)[C@H]2O)[C@@H](CCN2CCCCC2)C[C@@H](C)C(=O)/C=C/C(C)=C/[C@@H]1CN1CCCCC1,TRUE,,1.336 
tildipirosin,Tildipirosin (泰地罗新),REF_TILDIPIROSIN,repository_reference,O20_attached_to_C15,20,15,C,MPM00001,(-)-Quinic acid,O=C(O)C1(O)CC(O)C(O)C(O)C1,1,CC[C@H]1OC(=O)C[C@@H](OC(=O)C2(O)CC(O)C(O)C(O)C2)[C@H](C)[C@@H](O[C@@H]2O[C@H](C)[C@@H](O)[C@H](N(C)C)[C@H]2O)[C@@H](CCN2CCCCC2)C[C@@H](C)C(=O)/C=C/C(C)=C/[C@@H]1CN1CCCCC1,CC[C@H]1OC(=O)C[C@@H](OC(=O)C2(O)CC(O)C(O)C(O)C2)[C@H](C)[C@@H](O[C@@H]2O[C@H](C)[C@@H](O)[C@H](N(C)C)[C@H]2O)[C@@H](CCN2CCCCC2)C[C@@H](C)C(=O)/C=C/C(C)=C/[C@@H]1CN1CCCCC1,TRUE,,0.413 
tildipirosin,Tildipirosin (泰地罗新),REF_TILDIPIROSIN,repository_reference,O20_attached_to_C15,20,15,C,MPM00283,3-Dehydroshikimate,O=C(O)C1=CC(=O)C(O)C(O)C1,1,CC[C@H]1OC(=O)C[C@@H](OC(=O)C2=CC(=O)C(O)C(O)C2)[C@H](C)[C@@H](O[C@@H]2O[C@H](C)[C@@H](O)[C@H](N(C)C)[C@H]2O)[C@@H](CCN2CCCCC2)C[C@@H](C)C(=O)/C=C/C(C)=C/[C@@H]1CN1CCCCC1,CC[C@H]1OC(=O)C[C@@H](OC(=O)C2=CC(=O)C(O)C(O)C2)[C@H](C)[C@@H](O[C@@H]2O[C@H](C)[C@@H](O)[C@H](N(C)C)[C@H]2O)[C@@H](CCN2CCCCC2)C[C@@H](C)C(=O)/C=C/C(C)=C/[C@@H]1CN1CCCCC1,TRUE,,1.290 
tildipirosin,Tildipirosin (泰地罗新),REF_TILDIPIROSIN,repository_reference,O20_attached_to_C15,20,15,C,MPM00269,"3,4,5-Trihydroxy-1-cyclohexenecarboxylic acid",O=C(O)C1=CC(O)C(O)C(O)C1,1,CC[C@H]1OC(=O)C[C@@H](OC(=O)C2=CC(O)C(O)C(O)C2)[C@H](C)[C@@H](O[C@@H]2O[C@H](C)[C@@H](O)[C@H](N(C)C)[C@H]2O)[C@@H](CCN2CCCCC2)C[C@@H](C)C(=O)/C=C/C(C)=C/[C@@H]1CN1CCCCC1,CC[C@H]1OC(=O)C[C@@H](OC(=O)C2=CC(O)C(O)C(O)C2)[C@H](C)[C@@H](O[C@@H]2O[C@H](C)[C@@H](O)[C@H](N(C)C)[C@H]2O)[C@@H](CCN2CCCCC2)C[C@@H](C)C(=O)/C=C/C(C)=C/[C@@H]1CN1CCCCC1,TRUE,,0.936 
tildipirosin,Tildipirosin (泰地罗新),REF_TILDIPIROSIN,repository_reference,O20_attached_to_C15,20,15,C,MPM00160,1-pyrroline-2-carboxylic acid zwitterion,O=C(O)C1=NCCC1,1,CC[C@H]1OC(=O)C[C@@H](OC(=O)C2=NCCC2)[C@H](C)[C@@H](O[C@@H]2O[C@H](C)[C@@H](O)[C@H](N(C)C)[C@H]2O)[C@@H](CCN2CCCCC2)C[C@@H](C)C(=O)/C=C/C(C)=C/[C@@H]1CN1CCCCC1,CC[C@H]1OC(=O)C[C@@H](OC(=O)C2=NCCC2)[C@H](C)[C@@H](O[C@@H]2O[C@H](C)[C@@H](O)[C@H](N(C)C)[C@H]2O)[C@@H](CCN2CCCCC2)C[C@@H](C)C(=O)/C=C/C(C)=C/[C@@H]1CN1CCCCC1,TRUE,,1.260 
tildipirosin,Tildipirosin (泰地罗新),REF_TILDIPIROSIN,repository_reference,O20_attached_to_C15,20,15,C,MPM01116,1-Piperideine-2-carboxylate,O=C(O)C1=NCCCC1,1,CC[C@H]1OC(=O)C[C@@H](OC(=O)C2=NCCCC2)[C@H](C)[C@@H](O[C@@H]2O[C@H](C)[C@@H](O)[C@H](N(C)C)[C@H]2O)[C@@H](CCN2CCCCC2)C[C@@H](C)C(=O)/C=C/C(C)=C/[C@@H]1CN1CCCCC1,CC[C@H]1OC(=O)C[C@@H](OC(=O)C2=NCCCC2)[C@H](C)[C@@H](O[C@@H]2O[C@H](C)[C@@H](O)[C@H](N(C)C)[C@H]2O)[C@@H](CCN2CCCCC2)C[C@@H](C)C(=O)/C=C/C(C)=C/[C@@H]1CN1CCCCC1,TRUE,,1.254 
tildipirosin,Tildipirosin (泰地罗新),REF_TILDIPIROSIN,repository_reference,O20_attached_to_C15,20,15,C,MPM00047,"(3R,5S)-3-Hydroxy-1-pyrroline-5-carboxylate",O=C(O)C1CC(O)C=N1,1,CC[C@H]1OC(=O)C[C@@H](OC(=O)C2CC(O)C=N2)[C@H](C)[C@@H](O[C@@H]2O[C@H](C)[C@@H](O)[C@H](N(C)C)[C@H]2O)[C@@H](CCN2CCCCC2)C[C@@H](C)C(=O)/C=C/C(C)=C/[C@@H]1CN1CCCCC1,CC[C@H]1OC(=O)C[C@@H](OC(=O)C2CC(O)C=N2)[C@H](C)[C@@H](O[C@@H]2O[C@H](C)[C@@H](O)[C@H](N(C)C)[C@H]2O)[C@@H](CCN2CCCCC2)C[C@@H](C)C(=O)/C=C/C(C)=C/[C@@H]1CN1CCCCC1,TRUE,,0.673 
tildipirosin,Tildipirosin (泰地罗新),REF_TILDIPIROSIN,repository_reference,O20_attached_to_C15,20,15,C,MPM00521,cis-4-Hydroxy-D-proline,O=C(O)C1CC(O)CN1,1,CC[C@H]1OC(=O)C[C@@H](OC(=O)C2CC(O)CN2)[C@H](C)[C@@H](O[C@@H]2O[C@H](C)[C@@H](O)[C@H](N(C)C)[C@H]2O)[C@@H](CCN2CCCCC2)C[C@@H](C)C(=O)/C=C/C(C)=C/[C@@H]1CN1CCCCC1,CC[C@H]1OC(=O)C[C@@H](OC(=O)C2CC(O)CN2)[C@H](C)[C@@H](O[C@@H]2O[C@H](C)[C@@H](O)[C@H](N(C)C)[C@H]2O)[C@@H](CCN2CCCCC2)C[C@@H](C)C(=O)/C=C/C(C)=C/[C@@H]1CN1CCCCC1,TRUE,,1.300 
tildipirosin,Tildipirosin (泰地罗新),REF_TILDIPIROSIN,repository_reference,O20_attached_to_C15,20,15,C,MPM00162,1-Pyrroline-5-carboxylate,O=C(O)C1CCC=N1,1,CC[C@H]1OC(=O)C[C@@H](OC(=O)C2CCC=N2)[C@H](C)[C@@H](O[C@@H]2O[C@H](C)[C@@H](O)[C@H](N(C)C)[C@H]2O)[C@@H](CCN2CCCCC2)C[C@@H](C)C(=O)/C=C/C(C)=C/[C@@H]1CN1CCCCC1,CC[C@H]1OC(=O)C[C@@H](OC(=O)C2CCC=N2)[C@H](C)[C@@H](O[C@@H]2O[C@H](C)[C@@H](O)[C@H](N(C)C)[C@H]2O)[C@@H](CCN2CCCCC2)C[C@@H](C)C(=O)/C=C/C(C)=C/[C@@H]1CN1CCCCC1,TRUE,,1.004 
tildipirosin,Tildipirosin (泰地罗新),REF_TILDIPIROSIN,repository_reference,O20_attached_to_C15,20,15,C,MPM00613,D-Proline,O=C(O)C1CCCN1,1,CC[C@H]1OC(=O)C[C@@H](OC(=O)C2CCCN2)[C@H](C)[C@@H](O[C@@H]2O[C@H](C)[C@@H](O)[C@H](N(C)C)[C@H]2O)[C@@H](CCN2CCCCC2)C[C@@H](C)C(=O)/C=C/C(C)=C/[C@@H]1CN1CCCCC1,CC[C@H]1OC(=O)C[C@@H](OC(=O)C2CCCN2)[C@H](C)[C@@H](O[C@@H]2O[C@H](C)[C@@H](O)[C@H](N(C)C)[C@H]2O)[C@@H](CCN2CCCCC2)C[C@@H](C)C(=O)/C=C/C(C)=C/[C@@H]1CN1CCCCC1,TRUE,,1.620 
tildipirosin,Tildipirosin (泰地罗新),REF_TILDIPIROSIN,repository_reference,O20_attached_to_C15,20,15,C,MPM00575,D-Galacturonic acid,O=C(O)C1OC(O)C(O)C(O)C1O,1,CC[C@H]1OC(=O)C[C@@H](OC(=O)C2OC(O)C(O)C(O)C2O)[C@H](C)[C@@H](O[C@@H]2O[C@H](C)[C@@H](O)[C@H](N(C)C)[C@H]2O)[C@@H](CCN2CCCCC2)C[C@@H](C)C(=O)/C=C/C(C)=C/[C@@H]1CN1CCCCC1,CC[C@H]1OC(=O)C[C@@H](OC(=O)C2OC(O)C(O)C(O)C2O)[C@H](C)[C@@H](O[C@@H]2O[C@H](C)[C@@H](O)[C@H](N(C)C)[C@H]2O)[C@@H](CCN2CCCCC2)C[C@@H](C)C(=O)/C=C/C(C)=C/[C@@H]1CN1CCCCC1,TRUE,,0.616 
tildipirosin,Tildipirosin (泰地罗新),REF_TILDIPIROSIN,repository_reference,O20_attached_to_C15,20,15,C,MPM00158,1-Phospho-alpha-D-glucuronate,O=C(O)C1OC(OP(=O)(O)O)C(O)C(O)C1O,1,CC[C@H]1OC(=O)C[C@@H](OC(=O)C2OC(OP(=O)(O)O)C(O)C(O)C2O)[C@H](C)[C@@H](O[C@@H]2O[C@H](C)[C@@H](O)[C@H](N(C)C)[C@H]2O)[C@@H](CCN2CCCCC2)C[C@@H](C)C(=O)/C=C/C(C)=C/[C@@H]1CN1CCCCC1,CC[C@H]1OC(=O)C[C@@H](OC(=O)C2OC(OP(=O)(O)O)C(O)C(O)C2O)[C@H](C)[C@@H](O[C@@H]2O[C@H](C)[C@@H](O)[C@H](N(C)C)[C@H]2O)[C@@H](CCN2CCCCC2)C[C@@H](C)C(=O)/C=C/C(C)=C/[C@@H]1CN1CCCCC1,TRUE,,-0.311 
tildipirosin,Tildipirosin (泰地罗新),REF_TILDIPIROSIN,repository_reference,O20_attached_to_C15,20,15,C,MPM00009,"(2E)-3-(3,4-Dihydroxyphenyl)prop-2-enoate",O=C(O)C=Cc1ccc(O)c(O)c1,1,CC[C@H]1OC(=O)C[C@@H](OC(=O)C=Cc2ccc(O)c(O)c2)[C@H](C)[C@@H](O[C@@H]2O[C@H](C)[C@@H](O)[C@H](N(C)C)[C@H]2O)[C@@H](CCN2CCCCC2)C[C@@H](C)C(=O)/C=C/C(C)=C/[C@@H]1CN1CCCCC1,CC[C@H]1OC(=O)C[C@@H](OC(=O)C=Cc2ccc(O)c(O)c2)[C@H](C)[C@@H](O[C@@H]2O[C@H](C)[C@@H](O)[C@H](N(C)C)[C@H]2O)[C@@H](CCN2CCCCC2)C[C@@H](C)C(=O)/C=C/C(C)=C/[C@@H]1CN1CCCCC1,TRUE,,2.335 
tildipirosin,Tildipirosin (泰地罗新),REF_TILDIPIROSIN,repository_reference,O20_attached_to_C15,20,15,C,MPM00350,4-Hydroxycinnamate,O=C(O)C=Cc1ccc(O)cc1,1,CC[C@H]1OC(=O)C[C@@H](OC(=O)C=Cc2ccc(O)cc2)[C@H](C)[C@@H](O[C@@H]2O[C@H](C)[C@@H](O)[C@H](N(C)C)[C@H]2O)[C@@H](CCN2CCCCC2)C[C@@H](C)C(=O)/C=C/C(C)=C/[C@@H]1CN1CCCCC1,CC[C@H]1OC(=O)C[C@@H](OC(=O)C=Cc2ccc(O)cc2)[C@H](C)[C@@H](O[C@@H]2O[C@H](C)[C@@H](O)[C@H](N(C)C)[C@H]2O)[C@@H](CCN2CCCCC2)C[C@@H](C)C(=O)/C=C/C(C)=C/[C@@H]1CN1CCCCC1,TRUE,,2.642 
tildipirosin,Tildipirosin (泰地罗新),REF_TILDIPIROSIN,repository_reference,O20_attached_to_C15,20,15,C,MPM00014,(2E)-3-Phenylprop-2-enoate,O=C(O)C=Cc1ccccc1,1,CC[C@H]1OC(=O)C[C@@H](OC(=O)C=Cc2ccccc2)[C@H](C)[C@@H](O[C@@H]2O[C@H](C)[C@@H](O)[C@H](N(C)C)[C@H]2O)[C@@H](CCN2CCCCC2)C[C@@H](C)C(=O)/C=C/C(C)=C/[C@@H]1CN1CCCCC1,CC[C@H]1OC(=O)C[C@@H](OC(=O)C=Cc2ccccc2)[C@H](C)[C@@H](O[C@@H]2O[C@H](C)[C@@H](O)[C@H](N(C)C)[C@H]2O)[C@@H](CCN2CCCCC2)C[C@@H](C)C(=O)/C=C/C(C)=C/[C@@H]1CN1CCCCC1,TRUE,,3.028 
tildipirosin,Tildipirosin (泰地罗新),REF_TILDIPIROSIN,repository_reference,O20_attached_to_C15,20,15,C,MPM00285,3-Hydroxy-10-phenyldecanoic acid,O=C(O)CC(O)CCCCCCCc1ccccc1,1,CC[C@H]1OC(=O)C[C@@H](OC(=O)CC(O)CCCCCCCc2ccccc2)[C@H](C)[C@@H](O[C@@H]2O[C@H](C)[C@@H](O)[C@H](N(C)C)[C@H]2O)[C@@H](CCN2CCCCC2)C[C@@H](C)C(=O)/C=C/C(C)=C/[C@@H]1CN1CCCCC1,CC[C@H]1OC(=O)C[C@@H](OC(=O)CC(O)CCCCCCCc2ccccc2)[C@H](C)[C@@H](O[C@@H]2O[C@H](C)[C@@H](O)[C@H](N(C)C)[C@H]2O)[C@@H](CCN2CCCCC2)C[C@@H](C)C(=O)/C=C/C(C)=C/[C@@H]1CN1CCCCC1,TRUE,,0.829 
tildipirosin,Tildipirosin (泰地罗新),REF_TILDIPIROSIN,repository_reference,O20_attached_to_C15,20,15,C,MPM00292,3-Hydroxy-9-phenylnonanoic acid,O=C(O)CC(O)CCCCCCc1ccccc1,1,CC[C@H]1OC(=O)C[C@@H](OC(=O)CC(O)CCCCCCc2ccccc2)[C@H](C)[C@@H](O[C@@H]2O[C@H](C)[C@@H](O)[C@H](N(C)C)[C@H]2O)[C@@H](CCN2CCCCC2)C[C@@H](C)C(=O)/C=C/C(C)=C/[C@@H]1CN1CCCCC1,CC[C@H]1OC(=O)C[C@@H](OC(=O)CC(O)CCCCCCc2ccccc2)[C@H](C)[C@@H](O[C@@H]2O[C@H](C)[C@@H](O)[C@H](N(C)C)[C@H]2O)[C@@H](CCN2CCCCC2)C[C@@H](C)C(=O)/C=C/C(C)=C/[C@@H]1CN1CCCCC1,TRUE,,0.897 
tildipirosin,Tildipirosin (泰地罗新),REF_TILDIPIROSIN,repository_reference,O20_attached_to_C15,20,15,C,MPM00291,3-Hydroxy-8-phenyloctanoic acid,O=C(O)CC(O)CCCCCc1ccccc1,1,CC[C@H]1OC(=O)C[C@@H](OC(=O)CC(O)CCCCCc2ccccc2)[C@H](C)[C@@H](O[C@@H]2O[C@H](C)[C@@H](O)[C@H](N(C)C)[C@H]2O)[C@@H](CCN2CCCCC2)C[C@@H](C)C(=O)/C=C/C(C)=C/[C@@H]1CN1CCCCC1,CC[C@H]1OC(=O)C[C@@H](OC(=O)CC(O)CCCCCc2ccccc2)[C@H](C)[C@@H](O[C@@H]2O[C@H](C)[C@@H](O)[C@H](N(C)C)[C@H]2O)[C@@H](CCN2CCCCC2)C[C@@H](C)C(=O)/C=C/C(C)=C/[C@@H]1CN1CCCCC1,TRUE,,0.964 
tildipirosin,Tildipirosin (泰地罗新),REF_TILDIPIROSIN,repository_reference,O20_attached_to_C15,20,15,C,MPM00290,3-Hydroxy-7-phenylheptanoic acid,O=C(O)CC(O)CCCCc1ccccc1,1,CC[C@H]1OC(=O)C[C@@H](OC(=O)CC(O)CCCCc2ccccc2)[C@H](C)[C@@H](O[C@@H]2O[C@H](C)[C@@H](O)[C@H](N(C)C)[C@H]2O)[C@@H](CCN2CCCCC2)C[C@@H](C)C(=O)/C=C/C(C)=C/[C@@H]1CN1CCCCC1,CC[C@H]1OC(=O)C[C@@H](OC(=O)CC(O)CCCCc2ccccc2)[C@H](C)[C@@H](O[C@@H]2O[C@H](C)[C@@H](O)[C@H](N(C)C)[C@H]2O)[C@@H](CCN2CCCCC2)C[C@@H](C)C(=O)/C=C/C(C)=C/[C@@H]1CN1CCCCC1,TRUE,,1.032 
tildipirosin,Tildipirosin (泰地罗新),REF_TILDIPIROSIN,repository_reference,O20_attached_to_C15,20,15,C,MPM00289,3-Hydroxy-6-phenylhexanoic acid,O=C(O)CC(O)CCCc1ccccc1,1,CC[C@H]1OC(=O)C[C@@H](OC(=O)CC(O)CCCc2ccccc2)[C@H](C)[C@@H](O[C@@H]2O[C@H](C)[C@@H](O)[C@H](N(C)C)[C@H]2O)[C@@H](CCN2CCCCC2)C[C@@H](C)C(=O)/C=C/C(C)=C/[C@@H]1CN1CCCCC1,CC[C@H]1OC(=O)C[C@@H](OC(=O)CC(O)CCCc2ccccc2)[C@H](C)[C@@H](O[C@@H]2O[C@H](C)[C@@H](O)[C@H](N(C)C)[C@H]2O)[C@@H](CCN2CCCCC2)C[C@@H](C)C(=O)/C=C/C(C)=C/[C@@H]1CN1CCCCC1,TRUE,,1.100 
tildipirosin,Tildipirosin (泰地罗新),REF_TILDIPIROSIN,repository_reference,O20_attached_to_C15,20,15,C,MPM00388,"5-Oxo-4,5-dihydrofuran-2-acetate",O=C(O)CC1=CCC(=O)O1,1,CC[C@H]1OC(=O)C[C@@H](OC(=O)CC2=CCC(=O)O2)[C@H](C)[C@@H](O[C@@H]2O[C@H](C)[C@@H](O)[C@H](N(C)C)[C@H]2O)[C@@H](CCN2CCCCC2)C[C@@H](C)C(=O)/C=C/C(C)=C/[C@@H]1CN1CCCCC1,CC[C@H]1OC(=O)C[C@@H](OC(=O)CC2=CCC(=O)O2)[C@H](C)[C@@H](O[C@@H]2O[C@H](C)[C@@H](O)[C@H](N(C)C)[C@H]2O)[C@@H](CCN2CCCCC2)C[C@@H](C)C(=O)/C=C/C(C)=C/[C@@H]1CN1CCCCC1,TRUE,,1.581 
tildipirosin,Tildipirosin (泰地罗新),REF_TILDIPIROSIN,repository_reference,O20_attached_to_C15,20,15,C,MPM00597,DL-Thioctic acid,O=C(O)CCCCC1CCSS1,1,CC[C@H]1OC(=O)C[C@@H](OC(=O)CCCCC2CCSS2)[C@H](C)[C@@H](O[C@@H]2O[C@H](C)[C@@H](O)[C@H](N(C)C)[C@H]2O)[C@@H](CCN2CCCCC2)C[C@@H](C)C(=O)/C=C/C(C)=C/[C@@H]1CN1CCCCC1,CC[C@H]1OC(=O)C[C@@H](OC(=O)CCCCC2CCSS2)[C@H](C)[C@@H](O[C@@H]2O[C@H](C)[C@@H](O)[C@H](N(C)C)[C@H]2O)[C@@H](CCN2CCCCC2)C[C@@H](C)C(=O)/C=C/C(C)=C/[C@@H]1CN1CCCCC1,TRUE,,-0.143 
tildipirosin,Tildipirosin (泰地罗新),REF_TILDIPIROSIN,repository_reference,O20_attached_to_C15,20,15,C,MPM00525,Coenzyme R,O=C(O)CCCCC1SCC2NC(=O)NC21,1,CC[C@H]1OC(=O)C[C@@H](OC(=O)CCCCC2SCC3NC(=O)NC32)[C@H](C)[C@@H](O[C@@H]2O[C@H](C)[C@@H](O)[C@H](N(C)C)[C@H]2O)[C@@H](CCN2CCCCC2)C[C@@H](C)C(=O)/C=C/C(C)=C/[C@@H]1CN1CCCCC1,CC[C@H]1OC(=O)C[C@@H](OC(=O)CCCCC2SCC3NC(=O)NC32)[C@H](C)[C@@H](O[C@@H]2O[C@H](C)[C@@H](O)[C@H](N(C)C)[C@H]2O)[C@@H](CCN2CCCCC2)C[C@@H](C)C(=O)/C=C/C(C)=C/[C@@H]1CN1CCCCC1,TRUE,,0.019 
tildipirosin,Tildipirosin (泰地罗新),REF_TILDIPIROSIN,repository_reference,O20_attached_to_C15,20,15,C,MPM00144,10-Phenyldecanoic acid,O=C(O)CCCCCCCCCc1ccccc1,1,CC[C@H]1OC(=O)C[C@@H](OC(=O)CCCCCCCCCc2ccccc2)[C@H](C)[C@@H](O[C@@H]2O[C@H](C)[C@@H](O)[C@H](N(C)C)[C@H]2O)[C@@H](CCN2CCCCC2)C[C@@H](C)C(=O)/C=C/C(C)=C/[C@@H]1CN1CCCCC1,CC[C@H]1OC(=O)C[C@@H](OC(=O)CCCCCCCCCc2ccccc2)[C@H](C)[C@@H](O[C@@H]2O[C@H](C)[C@@H](O)[C@H](N(C)C)[C@H]2O)[C@@H](CCN2CCCCC2)C[C@@H](C)C(=O)/C=C/C(C)=C/[C@@H]1CN1CCCCC1,TRUE,,0.972 
tildipirosin,Tildipirosin (泰地罗新),REF_TILDIPIROSIN,repository_reference,O20_attached_to_C15,20,15,C,MPM00412,9-Phenylnonanoic acid,O=C(O)CCCCCCCCc1ccccc1,1,CC[C@H]1OC(=O)C[C@@H](OC(=O)CCCCCCCCc2ccccc2)[C@H](C)[C@@H](O[C@@H]2O[C@H](C)[C@@H](O)[C@H](N(C)C)[C@H]2O)[C@@H](CCN2CCCCC2)C[C@@H](C)C(=O)/C=C/C(C)=C/[C@@H]1CN1CCCCC1,CC[C@H]1OC(=O)C[C@@H](OC(=O)CCCCCCCCc2ccccc2)[C@H](C)[C@@H](O[C@@H]2O[C@H](C)[C@@H](O)[C@H](N(C)C)[C@H]2O)[C@@H](CCN2CCCCC2)C[C@@H](C)C(=O)/C=C/C(C)=C/[C@@H]1CN1CCCCC1,TRUE,,1.040 
tildipirosin,Tildipirosin (泰地罗新),REF_TILDIPIROSIN,repository_reference,O20_attached_to_C15,20,15,C,MPM00409,8-Phenyloctanoic acid,O=C(O)CCCCCCCc1ccccc1,1,CC[C@H]1OC(=O)C[C@@H](OC(=O)CCCCCCCc2ccccc2)[C@H](C)[C@@H](O[C@@H]2O[C@H](C)[C@@H](O)[C@H](N(C)C)[C@H]2O)[C@@H](CCN2CCCCC2)C[C@@H](C)C(=O)/C=C/C(C)=C/[C@@H]1CN1CCCCC1,CC[C@H]1OC(=O)C[C@@H](OC(=O)CCCCCCCc2ccccc2)[C@H](C)[C@@H](O[C@@H]2O[C@H](C)[C@@H](O)[C@H](N(C)C)[C@H]2O)[C@@H](CCN2CCCCC2)C[C@@H](C)C(=O)/C=C/C(C)=C/[C@@H]1CN1CCCCC1,TRUE,,1.107 
tildipirosin,Tildipirosin (泰地罗新),REF_TILDIPIROSIN,repository_reference,O20_attached_to_C15,20,15,C,MPM00408,7-Phenylheptanoic acid,O=C(O)CCCCCCc1ccccc1,1,CC[C@H]1OC(=O)C[C@@H](OC(=O)CCCCCCc2ccccc2)[C@H](C)[C@@H](O[C@@H]2O[C@H](C)[C@@H](O)[C@H](N(C)C)[C@H]2O)[C@@H](CCN2CCCCC2)C[C@@H](C)C(=O)/C=C/C(C)=C/[C@@H]1CN1CCCCC1,CC[C@H]1OC(=O)C[C@@H](OC(=O)CCCCCCc2ccccc2)[C@H](C)[C@@H](O[C@@H]2O[C@H](C)[C@@H](O)[C@H](N(C)C)[C@H]2O)[C@@H](CCN2CCCCC2)C[C@@H](C)C(=O)/C=C/C(C)=C/[C@@H]1CN1CCCCC1,TRUE,,1.176 
tildipirosin,Tildipirosin (泰地罗新),REF_TILDIPIROSIN,repository_reference,O20_attached_to_C15,20,15,C,MPM00399,6-Phenylhexanoic acid,O=C(O)CCCCCc1ccccc1,1,CC[C@H]1OC(=O)C[C@@H](OC(=O)CCCCCc2ccccc2)[C@H](C)[C@@H](O[C@@H]2O[C@H](C)[C@@H](O)[C@H](N(C)C)[C@H]2O)[C@@H](CCN2CCCCC2)C[C@@H](C)C(=O)/C=C/C(C)=C/[C@@H]1CN1CCCCC1,CC[C@H]1OC(=O)C[C@@H](OC(=O)CCCCCc2ccccc2)[C@H](C)[C@@H](O[C@@H]2O[C@H](C)[C@@H](O)[C@H](N(C)C)[C@H]2O)[C@@H](CCN2CCCCC2)C[C@@H](C)C(=O)/C=C/C(C)=C/[C@@H]1CN1CCCCC1,TRUE,,1.243 
tildipirosin,Tildipirosin (泰地罗新),REF_TILDIPIROSIN,repository_reference,O20_attached_to_C15,20,15,C,MPM00390,5-Phenylvaleric acid,O=C(O)CCCCc1ccccc1,1,CC[C@H]1OC(=O)C[C@@H](OC(=O)CCCCc2ccccc2)[C@H](C)[C@@H](O[C@@H]2O[C@H](C)[C@@H](O)[C@H](N(C)C)[C@H]2O)[C@@H](CCN2CCCCC2)C[C@@H](C)C(=O)/C=C/C(C)=C/[C@@H]1CN1CCCCC1,CC[C@H]1OC(=O)C[C@@H](OC(=O)CCCCc2ccccc2)[C@H](C)[C@@H](O[C@@H]2O[C@H](C)[C@@H](O)[C@H](N(C)C)[C@H]2O)[C@@H](CCN2CCCCC2)C[C@@H](C)C(=O)/C=C/C(C)=C/[C@@H]1CN1CCCCC1,TRUE,,1.311 
tildipirosin,Tildipirosin (泰地罗新),REF_TILDIPIROSIN,repository_reference,O20_attached_to_C15,20,15,C,MPM00701,Hydroxyacetic acid,O=C(O)CO,1,CC[C@H]1OC(=O)C[C@@H](OC(=O)CO)[C@H](C)[C@@H](O[C@@H]2O[C@H](C)[C@@H](O)[C@H](N(C)C)[C@H]2O)[C@@H](CCN2CCCCC2)C[C@@H](C)C(=O)/C=C/C(C)=C/[C@@H]1CN1CCCCC1,CC[C@H]1OC(=O)C[C@@H](OC(=O)CO)[C@H](C)[C@@H](O[C@@H]2O[C@H](C)[C@@H](O)[C@H](N(C)C)[C@H]2O)[C@@H](CCN2CCCCC2)C[C@@H](C)C(=O)/C=C/C(C)=C/[C@@H]1CN1CCCCC1,TRUE,,1.843 
tildipirosin,Tildipirosin (泰地罗新),REF_TILDIPIROSIN,repository_reference,O20_attached_to_C15,20,15,C,MPM00891,Phosphoglycolic acid,O=C(O)COP(=O)(O)O,1,CC[C@H]1OC(=O)C[C@@H](OC(=O)COP(=O)(O)O)[C@H](C)[C@@H](O[C@@H]2O[C@H](C)[C@@H](O)[C@H](N(C)C)[C@H]2O)[C@@H](CCN2CCCCC2)C[C@@H](C)C(=O)/C=C/C(C)=C/[C@@H]1CN1CCCCC1,CC[C@H]1OC(=O)C[C@@H](OC(=O)COP(=O)(O)O)[C@H](C)[C@@H](O[C@@H]2O[C@H](C)[C@@H](O)[C@H](N(C)C)[C@H]2O)[C@@H](CCN2CCCCC2)C[C@@H](C)C(=O)/C=C/C(C)=C/[C@@H]1CN1CCCCC1,TRUE,,1.390 
tildipirosin,Tildipirosin (泰地罗新),REF_TILDIPIROSIN,repository_reference,O20_attached_to_C15,20,15,C,MPM00894,Phosphonoacetic acid,O=C(O)CP(=O)(O)O,1,CC[C@H]1OC(=O)C[C@@H](OC(=O)CP(=O)(O)O)[C@H](C)[C@@H](O[C@@H]2O[C@H](C)[C@@H](O)[C@H](N(C)C)[C@H]2O)[C@@H](CCN2CCCCC2)C[C@@H](C)C(=O)/C=C/C(C)=C/[C@@H]1CN1CCCCC1,CC[C@H]1OC(=O)C[C@@H](OC(=O)CP(=O)(O)O)[C@H](C)[C@@H](O[C@@H]2O[C@H](C)[C@@H](O)[C@H](N(C)C)[C@H]2O)[C@@H](CCN2CCCCC2)C[C@@H](C)C(=O)/C=C/C(C)=C/[C@@H]1CN1CCCCC1,TRUE,,1.060 
tildipirosin,Tildipirosin (泰地罗新),REF_TILDIPIROSIN,repository_reference,O20_attached_to_C15,20,15,C,MPM00961,Sulfoacetic acid,O=C(O)CS(=O)(=O)O,1,CC[C@H]1OC(=O)C[C@@H](OC(=O)CS(=O)(=O)O)[C@H](C)[C@@H](O[C@@H]2O[C@H](C)[C@@H](O)[C@H](N(C)C)[C@H]2O)[C@@H](CCN2CCCCC2)C[C@@H](C)C(=O)/C=C/C(C)=C/[C@@H]1CN1CCCCC1,CC[C@H]1OC(=O)C[C@@H](OC(=O)CS(=O)(=O)O)[C@H](C)[C@@H](O[C@@H]2O[C@H](C)[C@@H](O)[C@H](N(C)C)[C@H]2O)[C@@H](CCN2CCCCC2)C[C@@H](C)C(=O)/C=C/C(C)=C/[C@@H]1CN1CCCCC1,TRUE,,1.887 
tildipirosin,Tildipirosin (泰地罗新),REF_TILDIPIROSIN,repository_reference,O20_attached_to_C15,20,15,C,MPM00418,"Acetic acid,phenyl ester",O=C(O)Cc1ccccc1,1,CC[C@H]1OC(=O)C[C@@H](OC(=O)Cc2ccccc2)[C@H](C)[C@@H](O[C@@H]2O[C@H](C)[C@@H](O)[C@H](N(C)C)[C@H]2O)[C@@H](CCN2CCCCC2)C[C@@H](C)C(=O)/C=C/C(C)=C/[C@@H]1CN1CCCCC1,CC[C@H]1OC(=O)C[C@@H](OC(=O)Cc2ccccc2)[C@H](C)[C@@H](O[C@@H]2O[C@H](C)[C@@H](O)[C@H](N(C)C)[C@H]2O)[C@@H](CCN2CCCCC2)C[C@@H](C)C(=O)/C=C/C(C)=C/[C@@H]1CN1CCCCC1,TRUE,,1.506 
tildipirosin,Tildipirosin (泰地罗新),REF_TILDIPIROSIN,repository_reference,O20_attached_to_C15,20,15,C,MPM01016,Uracil-6-carboxylic acid,O=C(O)c1cc(=O)[nH]c(=O)[nH]1,1,CC[C@H]1OC(=O)C[C@@H](OC(=O)c2cc(=O)[nH]c(=O)[nH]2)[C@H](C)[C@@H](O[C@@H]2O[C@H](C)[C@@H](O)[C@H](N(C)C)[C@H]2O)[C@@H](CCN2CCCCC2)C[C@@H](C)C(=O)/C=C/C(C)=C/[C@@H]1CN1CCCCC1,CC[C@H]1OC(=O)C[C@@H](OC(=O)c2cc(=O)[nH]c(=O)[nH]2)[C@H](C)[C@@H](O[C@@H]2O[C@H](C)[C@@H](O)[C@H](N(C)C)[C@H]2O)[C@@H](CCN2CCCCC2)C[C@@H](C)C(=O)/C=C/C(C)=C/[C@@H]1CN1CCCCC1,TRUE,,1.607 
tildipirosin,Tildipirosin (泰地罗新),REF_TILDIPIROSIN,repository_reference,O20_attached_to_C15,20,15,C,MPM00844,Orotidylic acid,O=C(O)c1cc(=O)[nH]c(=O)n1C1OC(COP(=O)(O)O)C(O)C1O,1,CC[C@H]1OC(=O)C[C@@H](OC(=O)c2cc(=O)[nH]c(=O)n2C2OC(COP(=O)(O)O)C(O)C2O)[C@H](C)[C@@H](O[C@@H]2O[C@H](C)[C@@H](O)[C@H](N(C)C)[C@H]2O)[C@@H](CCN2CCCCC2)C[C@@H](C)C(=O)/C=C/C(C)=C/[C@@H]1CN1CCCCC1,CC[C@H]1OC(=O)C[C@@H](OC(=O)c2cc(=O)[nH]c(=O)n2C2OC(COP(=O)(O)O)C(O)C2O)[C@H](C)[C@@H](O[C@@H]2O[C@H](C)[C@@H](O)[C@H](N(C)C)[C@H]2O)[C@@H](CCN2CCCCC2)C[C@@H](C)C(=O)/C=C/C(C)=C/[C@@H]1CN1CCCCC1,TRUE,,0.255 
tildipirosin,Tildipirosin (泰地罗新),REF_TILDIPIROSIN,repository_reference,O20_attached_to_C15,20,15,C,MPM00137,"1,4-Dihydroxy-2-naphthoic acid",O=C(O)c1cc(O)c2ccccc2c1O,1,CC[C@H]1OC(=O)C[C@@H](OC(=O)c2cc(O)c3ccccc3c2O)[C@H](C)[C@@H](O[C@@H]2O[C@H](C)[C@@H](O)[C@H](N(C)C)[C@H]2O)[C@@H](CCN2CCCCC2)C[C@@H](C)C(=O)/C=C/C(C)=C/[C@@H]1CN1CCCCC1,CC[C@H]1OC(=O)C[C@@H](OC(=O)c2cc(O)c3ccccc3c2O)[C@H](C)[C@@H](O[C@@H]2O[C@H](C)[C@@H](O)[C@H](N(C)C)[C@H]2O)[C@@H](CCN2CCCCC2)C[C@@H](C)C(=O)/C=C/C(C)=C/[C@@H]1CN1CCCCC1,TRUE,,1.832 
tildipirosin,Tildipirosin (泰地罗新),REF_TILDIPIROSIN,repository_reference,O20_attached_to_C15,20,15,C,MPM00398,6-Hydroxynicotinic acid,O=C(O)c1ccc(=O)[nH]c1,1,CC[C@H]1OC(=O)C[C@@H](OC(=O)c2ccc(=O)[nH]c2)[C@H](C)[C@@H](O[C@@H]2O[C@H](C)[C@@H](O)[C@H](N(C)C)[C@H]2O)[C@@H](CCN2CCCCC2)C[C@@H](C)C(=O)/C=C/C(C)=C/[C@@H]1CN1CCCCC1,CC[C@H]1OC(=O)C[C@@H](OC(=O)c2ccc(=O)[nH]c2)[C@H](C)[C@@H](O[C@@H]2O[C@H](C)[C@@H](O)[C@H](N(C)C)[C@H]2O)[C@@H](CCN2CCCCC2)C[C@@H](C)C(=O)/C=C/C(C)=C/[C@@H]1CN1CCCCC1,TRUE,,2.065 
tildipirosin,Tildipirosin (泰地罗新),REF_TILDIPIROSIN,repository_reference,O20_attached_to_C15,20,15,C,MPM00912,Protocatechuic acid,O=C(O)c1ccc(O)c(O)c1,1,CC[C@H]1OC(=O)C[C@@H](OC(=O)c2ccc(O)c(O)c2)[C@H](C)[C@@H](O[C@@H]2O[C@H](C)[C@@H](O)[C@H](N(C)C)[C@H]2O)[C@@H](CCN2CCCCC2)C[C@@H](C)C(=O)/C=C/C(C)=C/[C@@H]1CN1CCCCC1,CC[C@H]1OC(=O)C[C@@H](OC(=O)c2ccc(O)c(O)c2)[C@H](C)[C@@H](O[C@@H]2O[C@H](C)[C@@H](O)[C@H](N(C)C)[C@H]2O)[C@@H](CCN2CCCCC2)C[C@@H](C)C(=O)/C=C/C(C)=C/[C@@H]1CN1CCCCC1,TRUE,,1.611 
tildipirosin,Tildipirosin (泰地罗新),REF_TILDIPIROSIN,repository_reference,O20_attached_to_C15,20,15,C,MPM00702,Hydroxybenzenecarboxylic acid,O=C(O)c1ccc(O)cc1,1,CC[C@H]1OC(=O)C[C@@H](OC(=O)c2ccc(O)cc2)[C@H](C)[C@@H](O[C@@H]2O[C@H](C)[C@@H](O)[C@H](N(C)C)[C@H]2O)[C@@H](CCN2CCCCC2)C[C@@H](C)C(=O)/C=C/C(C)=C/[C@@H]1CN1CCCCC1,CC[C@H]1OC(=O)C[C@@H](OC(=O)c2ccc(O)cc2)[C@H](C)[C@@H](O[C@@H]2O[C@H](C)[C@@H](O)[C@H](N(C)C)[C@H]2O)[C@@H](CCN2CCCCC2)C[C@@H](C)C(=O)/C=C/C(C)=C/[C@@H]1CN1CCCCC1,TRUE,,1.917 
tildipirosin,Tildipirosin (泰地罗新),REF_TILDIPIROSIN,repository_reference,O20_attached_to_C15,20,15,C,MPM00173,"2,3-Dihydroxybenzoic acid",O=C(O)c1cccc(O)c1O,1,CC[C@H]1OC(=O)C[C@@H](OC(=O)c2cccc(O)c2O)[C@H](C)[C@@H](O[C@@H]2O[C@H](C)[C@@H](O)[C@H](N(C)C)[C@H]2O)[C@@H](CCN2CCCCC2)C[C@@H](C)C(=O)/C=C/C(C)=C/[C@@H]1CN1CCCCC1,CC[C@H]1OC(=O)C[C@@H](OC(=O)c2cccc(O)c2O)[C@H](C)[C@@H](O[C@@H]2O[C@H](C)[C@@H](O)[C@H](N(C)C)[C@H]2O)[C@@H](CCN2CCCCC2)C[C@@H](C)C(=O)/C=C/C(C)=C/[C@@H]1CN1CCCCC1,TRUE,,1.629 
tildipirosin,Tildipirosin (泰地罗新),REF_TILDIPIROSIN,repository_reference,O20_attached_to_C15,20,15,C,MPM00614,Dracylic acid,O=C(O)c1ccccc1,1,CC[C@H]1OC(=O)C[C@@H](OC(=O)c2ccccc2)[C@H](C)[C@@H](O[C@@H]2O[C@H](C)[C@@H](O)[C@H](N(C)C)[C@H]2O)[C@@H](CCN2CCCCC2)C[C@@H](C)C(=O)/C=C/C(C)=C/[C@@H]1CN1CCCCC1,CC[C@H]1OC(=O)C[C@@H](OC(=O)c2ccccc2)[C@H](C)[C@@H](O[C@@H]2O[C@H](C)[C@@H](O)[C@H](N(C)C)[C@H]2O)[C@@H](CCN2CCCCC2)C[C@@H](C)C(=O)/C=C/C(C)=C/[C@@H]1CN1CCCCC1,TRUE,,2.275 
tildipirosin,Tildipirosin (泰地罗新),REF_TILDIPIROSIN,repository_reference,O20_attached_to_C15,20,15,C,MPM00117,1-(2-Carboxyphenylamino)-1-deoxy-D-ribulose 5-phosphate,O=C(O)c1ccccc1NCC(=O)C(O)C(O)COP(=O)(O)O,1,CC[C@H]1OC(=O)C[C@@H](OC(=O)c2ccccc2NCC(=O)C(O)C(O)COP(=O)(O)O)[C@H](C)[C@@H](O[C@@H]2O[C@H](C)[C@@H](O)[C@H](N(C)C)[C@H]2O)[C@@H](CCN2CCCCC2)C[C@@H](C)C(=O)/C=C/C(C)=C/[C@@H]1CN1CCCCC1,CC[C@H]1OC(=O)C[C@@H](OC(=O)c2ccccc2NCC(=O)C(O)C(O)COP(=O)(O)O)[C@H](C)[C@@H](O[C@@H]2O[C@H](C)[C@@H](O)[C@H](N(C)C)[C@H]2O)[C@@H](CCN2CCCCC2)C[C@@H](C)C(=O)/C=C/C(C)=C/[C@@H]1CN1CCCCC1,TRUE,,1.414 
tildipirosin,Tildipirosin (泰地罗新),REF_TILDIPIROSIN,repository_reference,O20_attached_to_C15,20,15,C,MPM00931,Salicylic acid,O=C(O)c1ccccc1O,1,CC[C@H]1OC(=O)C[C@@H](OC(=O)c2ccccc2O)[C@H](C)[C@@H](O[C@@H]2O[C@H](C)[C@@H](O)[C@H](N(C)C)[C@H]2O)[C@@H](CCN2CCCCC2)C[C@@H](C)C(=O)/C=C/C(C)=C/[C@@H]1CN1CCCCC1,CC[C@H]1OC(=O)C[C@@H](OC(=O)c2ccccc2O)[C@H](C)[C@@H](O[C@@H]2O[C@H](C)[C@@H](O)[C@H](N(C)C)[C@H]2O)[C@@H](CCN2CCCCC2)C[C@@H](C)C(=O)/C=C/C(C)=C/[C@@H]1CN1CCCCC1,TRUE,,1.933 
tildipirosin,Tildipirosin (泰地罗新),REF_TILDIPIROSIN,repository_reference,O20_attached_to_C15,20,15,C,MPM00328,3-Pyridinecarboxylic acid,O=C(O)c1cccnc1,1,CC[C@H]1OC(=O)C[C@@H](OC(=O)c2cccnc2)[C@H](C)[C@@H](O[C@@H]2O[C@H](C)[C@@H](O)[C@H](N(C)C)[C@H]2O)[C@@H](CCN2CCCCC2)C[C@@H](C)C(=O)/C=C/C(C)=C/[C@@H]1CN1CCCCC1,CC[C@H]1OC(=O)C[C@@H](OC(=O)c2cccnc2)[C@H](C)[C@@H](O[C@@H]2O[C@H](C)[C@@H](O)[C@H](N(C)C)[C@H]2O)[C@@H](CCN2CCCCC2)C[C@@H](C)C(=O)/C=C/C(C)=C/[C@@H]1CN1CCCCC1,TRUE,,1.883 
tildipirosin,Tildipirosin (泰地罗新),REF_TILDIPIROSIN,repository_reference,O20_attached_to_C15,20,15,C,MPM00585,Dihydro-L-orotic acid,O=C1CC(C(=O)O)NC(=O)N1,1,CC[C@H]1OC(=O)C[C@@H](OC(=O)C2CC(=O)NC(=O)N2)[C@H](C)[C@@H](O[C@@H]2O[C@H](C)[C@@H](O)[C@H](N(C)C)[C@H]2O)[C@@H](CCN2CCCCC2)C[C@@H](C)C(=O)/C=C/C(C)=C/[C@@H]1CN1CCCCC1,CC[C@H]1OC(=O)C[C@@H](OC(=O)C2CC(=O)NC(=O)N2)[C@H](C)[C@@H](O[C@@H]2O[C@H](C)[C@@H](O)[C@H](N(C)C)[C@H]2O)[C@@H](CCN2CCCCC2)C[C@@H](C)C(=O)/C=C/C(C)=C/[C@@H]1CN1CCCCC1,TRUE,,1.203 
tildipirosin,Tildipirosin (泰地罗新),REF_TILDIPIROSIN,repository_reference,O20_attached_to_C15,20,15,C,MPM00381,5-Dehydroquinic acid,O=C1CC(O)(C(=O)O)CC(O)C1O,1,CC[C@H]1OC(=O)C[C@@H](OC(=O)C2(O)CC(=O)C(O)C(O)C2)[C@H](C)[C@@H](O[C@@H]2O[C@H](C)[C@@H](O)[C@H](N(C)C)[C@H]2O)[C@@H](CCN2CCCCC2)C[C@@H](C)C(=O)/C=C/C(C)=C/[C@@H]1CN1CCCCC1,CC[C@H]1OC(=O)C[C@@H](OC(=O)C2(O)CC(=O)C(O)C(O)C2)[C@H](C)[C@@H](O[C@@H]2O[C@H](C)[C@@H](O)[C@H](N(C)C)[C@H]2O)[C@@H](CCN2CCCCC2)C[C@@H](C)C(=O)/C=C/C(C)=C/[C@@H]1CN1CCCCC1,TRUE,,0.754 
tildipirosin,Tildipirosin (泰地罗新),REF_TILDIPIROSIN,repository_reference,O20_attached_to_C15,20,15,C,MPM00679,Glyoxylic acid,O=CC(=O)O,1,CC[C@H]1OC(=O)C[C@@H](OC(=O)C=O)[C@H](C)[C@@H](O[C@@H]2O[C@H](C)[C@@H](O)[C@H](N(C)C)[C@H]2O)[C@@H](CCN2CCCCC2)C[C@@H](C)C(=O)/C=C/C(C)=C/[C@@H]1CN1CCCCC1,CC[C@H]1OC(=O)C[C@@H](OC(=O)C=O)[C@H](C)[C@@H](O[C@@H]2O[C@H](C)[C@@H](O)[C@H](N(C)C)[C@H]2O)[C@@H](CCN2CCCCC2)C[C@@H](C)C(=O)/C=C/C(C)=C/[C@@H]1CN1CCCCC1,TRUE,,1.674 
tildipirosin,Tildipirosin (泰地罗新),REF_TILDIPIROSIN,repository_reference,O20_attached_to_C15,20,15,C,MPM00965,Tartronate semialdehyde,O=CC(O)C(=O)O,1,CC[C@H]1OC(=O)C[C@@H](OC(=O)C(O)C=O)[C@H](C)[C@@H](O[C@@H]2O[C@H](C)[C@@H](O)[C@H](N(C)C)[C@H]2O)[C@@H](CCN2CCCCC2)C[C@@H](C)C(=O)/C=C/C(C)=C/[C@@H]1CN1CCCCC1,CC[C@H]1OC(=O)C[C@@H](OC(=O)C(O)C=O)[C@H](C)[C@@H](O[C@@H]2O[C@H](C)[C@@H](O)[C@H](N(C)C)[C@H]2O)[C@@H](CCN2CCCCC2)C[C@@H](C)C(=O)/C=C/C(C)=C/[C@@H]1CN1CCCCC1,TRUE,,1.477 
tildipirosin,Tildipirosin (泰地罗新),REF_TILDIPIROSIN,repository_reference,O20_attached_to_C15,20,15,C,MPM00768,Malonate semialdehyde,O=CCC(=O)O,1,CC[C@H]1OC(=O)C[C@@H](OC(=O)CC=O)[C@H](C)[C@@H](O[C@@H]2O[C@H](C)[C@@H](O)[C@H](N(C)C)[C@H]2O)[C@@H](CCN2CCCCC2)C[C@@H](C)C(=O)/C=C/C(C)=C/[C@@H]1CN1CCCCC1,CC[C@H]1OC(=O)C[C@@H](OC(=O)CC=O)[C@H](C)[C@@H](O[C@@H]2O[C@H](C)[C@@H](O)[C@H](N(C)C)[C@H]2O)[C@@H](CCN2CCCCC2)C[C@@H](C)C(=O)/C=C/C(C)=C/[C@@H]1CN1CCCCC1,TRUE,,1.397 
tildipirosin,Tildipirosin (泰地罗新),REF_TILDIPIROSIN,repository_reference,O20_attached_to_C15,20,15,C,MPM00359,4-Oxobutanoate,O=CCCC(=O)O,1,CC[C@H]1OC(=O)C[C@@H](OC(=O)CCC=O)[C@H](C)[C@@H](O[C@@H]2O[C@H](C)[C@@H](O)[C@H](N(C)C)[C@H]2O)[C@@H](CCN2CCCCC2)C[C@@H](C)C(=O)/C=C/C(C)=C/[C@@H]1CN1CCCCC1,CC[C@H]1OC(=O)C[C@@H](OC(=O)CCC=O)[C@H](C)[C@@H](O[C@@H]2O[C@H](C)[C@@H](O)[C@H](N(C)C)[C@H]2O)[C@@H](CCN2CCCCC2)C[C@@H](C)C(=O)/C=C/C(C)=C/[C@@H]1CN1CCCCC1,TRUE,,1.134 
tildipirosin,Tildipirosin (泰地罗新),REF_TILDIPIROSIN,repository_reference,O30_attached_to_C26,30,26,C,MPM00863,PEP,C=C(OP(=O)(O)O)C(=O)O,1,C=C(OP(=O)(O)O)C(=O)O[C@H]1[C@H](N(C)C)[C@@H](O)[C@H](O[C@H]2[C@@H](CCN3CCCCC3)C[C@@H](C)C(=O)/C=C/C(C)=C/[C@H](CN3CCCCC3)[C@@H](CC)OC(=O)C[C@@H](O)[C@@H]2C)O[C@@H]1C,C=C(OP(=O)(O)O)C(=O)O[C@H]1[C@H](N(C)C)[C@@H](O)[C@H](O[C@H]2[C@@H](CCN3CCCCC3)C[C@@H](C)C(=O)/C=C/C(C)=C/[C@H](CN3CCCCC3)[C@@H](CC)OC(=O)C[C@@H](O)[C@@H]2C)O[C@@H]1C,TRUE,,1.283 
tildipirosin,Tildipirosin (泰地罗新),REF_TILDIPIROSIN,repository_reference,O30_attached_to_C26,30,26,C,MPM00921,Pyroracemic acid,CC(=O)C(=O)O,1,CC[C@H]1OC(=O)C[C@@H](O)[C@H](C)[C@@H](O[C@@H]2O[C@H](C)[C@@H](OC(=O)C(C)=O)[C@H](N(C)C)[C@H]2O)[C@@H](CCN2CCCCC2)C[C@@H](C)C(=O)/C=C/C(C)=C/[C@@H]1CN1CCCCC1,CC[C@H]1OC(=O)C[C@@H](O)[C@H](C)[C@@H](O[C@@H]2O[C@H](C)[C@@H](OC(=O)C(C)=O)[C@H](N(C)C)[C@H]2O)[C@@H](CCN2CCCCC2)C[C@@H](C)C(=O)/C=C/C(C)=C/[C@@H]1CN1CCCCC1,TRUE,,1.486 
tildipirosin,Tildipirosin (泰地罗新),REF_TILDIPIROSIN,repository_reference,O30_attached_to_C26,30,26,C,MPM00036,(2S)-2-Hydroxy-2-methyl-3-oxobutanoate,CC(=O)C(C)(O)C(=O)O,1,CC[C@H]1OC(=O)C[C@@H](O)[C@H](C)[C@@H](O[C@@H]2O[C@H](C)[C@@H](OC(=O)C(C)(O)C(C)=O)[C@H](N(C)C)[C@H]2O)[C@@H](CCN2CCCCC2)C[C@@H](C)C(=O)/C=C/C(C)=C/[C@@H]1CN1CCCCC1,CC[C@H]1OC(=O)C[C@@H](O)[C@H](C)[C@@H](O[C@@H]2O[C@H](C)[C@@H](OC(=O)C(C)(O)C(C)=O)[C@H](N(C)C)[C@H]2O)[C@@H](CCN2CCCCC2)C[C@@H](C)C(=O)/C=C/C(C)=C/[C@@H]1CN1CCCCC1,TRUE,,0.816 
tildipirosin,Tildipirosin (泰地罗新),REF_TILDIPIROSIN,repository_reference,O30_attached_to_C26,30,26,C,MPM01075,(S)-2-Amino-3-oxobutanoic acid,CC(=O)C(N)C(=O)O,1,CC[C@H]1OC(=O)C[C@@H](O)[C@H](C)[C@@H](O[C@@H]2O[C@H](C)[C@@H](OC(=O)C(N)C(C)=O)[C@H](N(C)C)[C@H]2O)[C@@H](CCN2CCCCC2)C[C@@H](C)C(=O)/C=C/C(C)=C/[C@@H]1CN1CCCCC1,CC[C@H]1OC(=O)C[C@@H](O)[C@H](C)[C@@H](O[C@@H]2O[C@H](C)[C@@H](OC(=O)C(N)C(C)=O)[C@H](N(C)C)[C@H]2O)[C@@H](CCN2CCCCC2)C[C@@H](C)C(=O)/C=C/C(C)=C/[C@@H]1CN1CCCCC1,TRUE,,1.531 
tildipirosin,Tildipirosin (泰地罗新),REF_TILDIPIROSIN,repository_reference,O30_attached_to_C26,30,26,C,MPM00419,Acetoacetic acid,CC(=O)CC(=O)O,1,CC[C@H]1OC(=O)C[C@@H](O)[C@H](C)[C@@H](O[C@@H]2O[C@H](C)[C@@H](OC(=O)CC(C)=O)[C@H](N(C)C)[C@H]2O)[C@@H](CCN2CCCCC2)C[C@@H](C)C(=O)/C=C/C(C)=C/[C@@H]1CN1CCCCC1,CC[C@H]1OC(=O)C[C@@H](O)[C@H](C)[C@@H](O[C@@H]2O[C@H](C)[C@@H](OC(=O)CC(C)=O)[C@H](N(C)C)[C@H]2O)[C@@H](CCN2CCCCC2)C[C@@H](C)C(=O)/C=C/C(C)=C/[C@@H]1CN1CCCCC1,TRUE,,1.373 
tildipirosin,Tildipirosin (泰地罗新),REF_TILDIPIROSIN,repository_reference,O30_attached_to_C26,30,26,C,MPM00188,2-Acetamido-5-oxopentanoate,CC(=O)NC(CCC=O)C(=O)O,1,CC[C@H]1OC(=O)C[C@@H](O)[C@H](C)[C@@H](O[C@@H]2O[C@H](C)[C@@H](OC(=O)C(CCC=O)NC(C)=O)[C@H](N(C)C)[C@H]2O)[C@@H](CCN2CCCCC2)C[C@@H](C)C(=O)/C=C/C(C)=C/[C@@H]1CN1CCCCC1,CC[C@H]1OC(=O)C[C@@H](O)[C@H](C)[C@@H](O[C@@H]2O[C@H](C)[C@@H](OC(=O)C(CCC=O)NC(C)=O)[C@H](N(C)C)[C@H]2O)[C@@H](CCN2CCCCC2)C[C@@H](C)C(=O)/C=C/C(C)=C/[C@@H]1CN1CCCCC1,TRUE,,0.821 
tildipirosin,Tildipirosin (泰地罗新),REF_TILDIPIROSIN,repository_reference,O30_attached_to_C26,30,26,C,MPM01517,N2-Acetyl-L-ornithine,CC(=O)NC(CCCN)C(=O)O,1,CC[C@H]1OC(=O)C[C@@H](O)[C@H](C)[C@@H](O[C@@H]2O[C@H](C)[C@@H](OC(=O)C(CCCN)NC(C)=O)[C@H](N(C)C)[C@H]2O)[C@@H](CCN2CCCCC2)C[C@@H](C)C(=O)/C=C/C(C)=C/[C@@H]1CN1CCCCC1,CC[C@H]1OC(=O)C[C@@H](O)[C@H](C)[C@@H](O[C@@H]2O[C@H](C)[C@@H](OC(=O)C(CCCN)NC(C)=O)[C@H](N(C)C)[C@H]2O)[C@@H](CCN2CCCCC2)C[C@@H](C)C(=O)/C=C/C(C)=C/[C@@H]1CN1CCCCC1,TRUE,,1.496 
tildipirosin,Tildipirosin (泰地罗新),REF_TILDIPIROSIN,repository_reference,O30_attached_to_C26,30,26,C,MPM00819,Neu5Ac,CC(=O)NC1C(O)CC(O)(C(=O)O)OC1C(O)C(O)CO,1,CC[C@H]1OC(=O)C[C@@H](O)[C@H](C)[C@@H](O[C@@H]2O[C@H](C)[C@@H](OC(=O)C3(O)CC(O)C(NC(C)=O)C(C(O)C(O)CO)O3)[C@H](N(C)C)[C@H]2O)[C@@H](CCN2CCCCC2)C[C@@H](C)C(=O)/C=C/C(C)=C/[C@@H]1CN1CCCCC1,CC[C@H]1OC(=O)C[C@@H](O)[C@H](C)[C@@H](O[C@@H]2O[C@H](C)[C@@H](OC(=O)C3(O)CC(O)C(NC(C)=O)C(C(O)C(O)CO)O3)[C@H](N(C)C)[C@H]2O)[C@@H](CCN2CCCCC2)C[C@@H](C)C(=O)/C=C/C(C)=C/[C@@H]1CN1CCCCC1,TRUE,,0.031 
tildipirosin,Tildipirosin (泰地罗新),REF_TILDIPIROSIN,repository_reference,O30_attached_to_C26,30,26,C,MPM00806,N-Acetyl-D-muramoate,CC(=O)NC1C(O)OC(CO)C(O)C1OC(C)C(=O)O,1,CC[C@H]1OC(=O)C[C@@H](O)[C@H](C)[C@@H](O[C@@H]2O[C@H](C)[C@@H](OC(=O)C(C)OC3C(O)C(CO)OC(O)C3NC(C)=O)[C@H](N(C)C)[C@H]2O)[C@@H](CCN2CCCCC2)C[C@@H](C)C(=O)/C=C/C(C)=C/[C@@H]1CN1CCCCC1,CC[C@H]1OC(=O)C[C@@H](O)[C@H](C)[C@@H](O[C@@H]2O[C@H](C)[C@@H](OC(=O)C(C)OC3C(O)C(CO)OC(O)C3NC(C)=O)[C@H](N(C)C)[C@H]2O)[C@@H](CCN2CCCCC2)C[C@@H](C)C(=O)/C=C/C(C)=C/[C@@H]1CN1CCCCC1,TRUE,,0.391 
tildipirosin,Tildipirosin (泰地罗新),REF_TILDIPIROSIN,repository_reference,O30_attached_to_C26,30,26,C,MPM00632,Ethanoic acid,CC(=O)O,1,CC[C@H]1OC(=O)C[C@@H](O)[C@H](C)[C@@H](O[C@@H]2O[C@H](C)[C@@H](OC(C)=O)[C@H](N(C)C)[C@H]2O)[C@@H](CCN2CCCCC2)C[C@@H](C)C(=O)/C=C/C(C)=C/[C@@H]1CN1CCCCC1,CC[C@H]1OC(=O)C[C@@H](O)[C@H](C)[C@@H](O[C@@H]2O[C@H](C)[C@@H](OC(C)=O)[C@H](N(C)C)[C@H]2O)[C@@H](CCN2CCCCC2)C[C@@H](C)C(=O)/C=C/C(C)=C/[C@@H]1CN1CCCCC1,TRUE,,1.441 
tildipirosin,Tildipirosin (泰地罗新),REF_TILDIPIROSIN,repository_reference,O30_attached_to_C26,30,26,C,MPM01530,O3-Acetyl-L-serine,CC(=O)OCC(N)C(=O)O,1,CC[C@H]1OC(=O)C[C@@H](O)[C@H](C)[C@@H](O[C@@H]2O[C@H](C)[C@@H](OC(=O)C(N)COC(C)=O)[C@H](N(C)C)[C@H]2O)[C@@H](CCN2CCCCC2)C[C@@H](C)C(=O)/C=C/C(C)=C/[C@@H]1CN1CCCCC1,CC[C@H]1OC(=O)C[C@@H](O)[C@H](C)[C@@H](O[C@@H]2O[C@H](C)[C@@H](OC(=O)C(N)COC(C)=O)[C@H](N(C)C)[C@H]2O)[C@@H](CCN2CCCCC2)C[C@@H](C)C(=O)/C=C/C(C)=C/[C@@H]1CN1CCCCC1,TRUE,,1.672 
tildipirosin,Tildipirosin (泰地罗新),REF_TILDIPIROSIN,repository_reference,O30_attached_to_C26,30,26,C,MPM01531,O-Acetylhomoserine,CC(=O)OCCC(N)C(=O)O,1,CC[C@H]1OC(=O)C[C@@H](O)[C@H](C)[C@@H](O[C@@H]2O[C@H](C)[C@@H](OC(=O)C(N)CCOC(C)=O)[C@H](N(C)C)[C@H]2O)[C@@H](CCN2CCCCC2)C[C@@H](C)C(=O)/C=C/C(C)=C/[C@@H]1CN1CCCCC1,CC[C@H]1OC(=O)C[C@@H](O)[C@H](C)[C@@H](O[C@@H]2O[C@H](C)[C@@H](OC(=O)C(N)CCOC(C)=O)[C@H](N(C)C)[C@H]2O)[C@@H](CCN2CCCCC2)C[C@@H](C)C(=O)/C=C/C(C)=C/[C@@H]1CN1CCCCC1,TRUE,,1.481 
tildipirosin,Tildipirosin (泰地罗新),REF_TILDIPIROSIN,repository_reference,O30_attached_to_C26,30,26,C,MPM00396,6-Acetylthiohexanoic acid,CC(=O)SCCCCCC(=O)O,1,CC[C@H]1OC(=O)C[C@@H](O)[C@H](C)[C@@H](O[C@@H]2O[C@H](C)[C@@H](OC(=O)CCCCCSC(C)=O)[C@H](N(C)C)[C@H]2O)[C@@H](CCN2CCCCC2)C[C@@H](C)C(=O)/C=C/C(C)=C/[C@@H]1CN1CCCCC1,CC[C@H]1OC(=O)C[C@@H](O)[C@H](C)[C@@H](O[C@@H]2O[C@H](C)[C@@H](OC(=O)CCCCCSC(C)=O)[C@H](N(C)C)[C@H]2O)[C@@H](CCN2CCCCC2)C[C@@H](C)C(=O)/C=C/C(C)=C/[C@@H]1CN1CCCCC1,TRUE,,0.457 
tildipirosin,Tildipirosin (泰地罗新),REF_TILDIPIROSIN,repository_reference,O30_attached_to_C26,30,26,C,MPM00215,2-Dehydropantoate,CC(C)(CO)C(=O)C(=O)O,1,CC[C@H]1OC(=O)C[C@@H](O)[C@H](C)[C@@H](O[C@@H]2O[C@H](C)[C@@H](OC(=O)C(=O)C(C)(C)CO)[C@H](N(C)C)[C@H]2O)[C@@H](CCN2CCCCC2)C[C@@H](C)C(=O)/C=C/C(C)=C/[C@@H]1CN1CCCCC1,CC[C@H]1OC(=O)C[C@@H](O)[C@H](C)[C@@H](O[C@@H]2O[C@H](C)[C@@H](OC(=O)C(=O)C(C)(C)CO)[C@H](N(C)C)[C@H]2O)[C@@H](CCN2CCCCC2)C[C@@H](C)C(=O)/C=C/C(C)=C/[C@@H]1CN1CCCCC1,TRUE,,1.607 
tildipirosin,Tildipirosin (泰地罗新),REF_TILDIPIROSIN,repository_reference,O30_attached_to_C26,30,26,C,MPM00831,N-Pantothenoylcysteine,CC(C)(CO)C(O)C(=O)NCCC(=O)NC(CS)C(=O)O,1,CC[C@H]1OC(=O)C[C@@H](O)[C@H](C)[C@@H](O[C@@H]2O[C@H](C)[C@@H](OC(=O)C(CS)NC(=O)CCNC(=O)C(O)C(C)(C)CO)[C@H](N(C)C)[C@H]2O)[C@@H](CCN2CCCCC2)C[C@@H](C)C(=O)/C=C/C(C)=C/[C@@H]1CN1CCCCC1,CC[C@H]1OC(=O)C[C@@H](O)[C@H](C)[C@@H](O[C@@H]2O[C@H](C)[C@@H](OC(=O)C(CS)NC(=O)CCNC(=O)C(O)C(C)(C)CO)[C@H](N(C)C)[C@H]2O)[C@@H](CCN2CCCCC2)C[C@@H](C)C(=O)/C=C/C(C)=C/[C@@H]1CN1CCCCC1,TRUE,,-0.370 
tildipirosin,Tildipirosin (泰地罗新),REF_TILDIPIROSIN,repository_reference,O30_attached_to_C26,30,26,C,MPM00087,(R)-Pantothenate,CC(C)(CO)C(O)C(=O)NCCC(=O)O,1,CC[C@H]1OC(=O)C[C@@H](O)[C@H](C)[C@@H](O[C@@H]2O[C@H](C)[C@@H](OC(=O)CCNC(=O)C(O)C(C)(C)CO)[C@H](N(C)C)[C@H]2O)[C@@H](CCN2CCCCC2)C[C@@H](C)C(=O)/C=C/C(C)=C/[C@@H]1CN1CCCCC1,CC[C@H]1OC(=O)C[C@@H](O)[C@H](C)[C@@H](O[C@@H]2O[C@H](C)[C@@H](OC(=O)CCNC(=O)C(O)C(C)(C)CO)[C@H](N(C)C)[C@H]2O)[C@@H](CCN2CCCCC2)C[C@@H](C)C(=O)/C=C/C(C)=C/[C@@H]1CN1CCCCC1,TRUE,,1.200 
tildipirosin,Tildipirosin (泰地罗新),REF_TILDIPIROSIN,repository_reference,O30_attached_to_C26,30,26,C,MPM00080,(R)-4'-Phosphopantothenate,CC(C)(COP(=O)(O)O)C(O)C(=O)NCCC(=O)O,1,CC[C@H]1OC(=O)C[C@@H](O)[C@H](C)[C@@H](O[C@@H]2O[C@H](C)[C@@H](OC(=O)CCNC(=O)C(O)C(C)(C)COP(=O)(O)O)[C@H](N(C)C)[C@H]2O)[C@@H](CCN2CCCCC2)C[C@@H](C)C(=O)/C=C/C(C)=C/[C@@H]1CN1CCCCC1,CC[C@H]1OC(=O)C[C@@H](O)[C@H](C)[C@@H](O[C@@H]2O[C@H](C)[C@@H](OC(=O)CCNC(=O)C(O)C(C)(C)COP(=O)(O)O)[C@H](N(C)C)[C@H]2O)[C@@H](CCN2CCCCC2)C[C@@H](C)C(=O)/C=C/C(C)=C/[C@@H]1CN1CCCCC1,TRUE,,0.808 
tildipirosin,Tildipirosin (泰地罗新),REF_TILDIPIROSIN,repository_reference,O30_attached_to_C26,30,26,C,MPM00026,"(2R)-2,3-Dihydroxy-3-methylbutanoate",CC(C)(O)C(O)C(=O)O,1,CC[C@H]1OC(=O)C[C@@H](O)[C@H](C)[C@@H](O[C@@H]2O[C@H](C)[C@@H](OC(=O)C(O)C(C)(C)O)[C@H](N(C)C)[C@H]2O)[C@@H](CCN2CCCCC2)C[C@@H](C)C(=O)/C=C/C(C)=C/[C@@H]1CN1CCCCC1,CC[C@H]1OC(=O)C[C@@H](O)[C@H](C)[C@@H](O[C@@H]2O[C@H](C)[C@@H](OC(=O)C(O)C(C)(C)O)[C@H](N(C)C)[C@H]2O)[C@@H](CCN2CCCCC2)C[C@@H](C)C(=O)/C=C/C(C)=C/[C@@H]1CN1CCCCC1,TRUE,,1.069 
tildipirosin,Tildipirosin (泰地罗新),REF_TILDIPIROSIN,repository_reference,O30_attached_to_C26,30,26,C,MPM00242,2-Keto-3-methylbutyric acid,CC(C)C(=O)C(=O)O,1,CC[C@H]1OC(=O)C[C@@H](O)[C@H](C)[C@@H](O[C@@H]2O[C@H](C)[C@@H](OC(=O)C(=O)C(C)C)[C@H](N(C)C)[C@H]2O)[C@@H](CCN2CCCCC2)C[C@@H](C)C(=O)/C=C/C(C)=C/[C@@H]1CN1CCCCC1,CC[C@H]1OC(=O)C[C@@H](O)[C@H](C)[C@@H](O[C@@H]2O[C@H](C)[C@@H](OC(=O)C(=O)C(C)C)[C@H](N(C)C)[C@H]2O)[C@@H](CCN2CCCCC2)C[C@@H](C)C(=O)/C=C/C(C)=C/[C@@H]1CN1CCCCC1,TRUE,,1.425 
tildipirosin,Tildipirosin (泰地罗新),REF_TILDIPIROSIN,repository_reference,O30_attached_to_C26,30,26,C,MPM00716,Isobutyrate,CC(C)C(=O)O,1,CC[C@H]1OC(=O)C[C@@H](O)[C@H](C)[C@@H](O[C@@H]2O[C@H](C)[C@@H](OC(=O)C(C)C)[C@H](N(C)C)[C@H]2O)[C@@H](CCN2CCCCC2)C[C@@H](C)C(=O)/C=C/C(C)=C/[C@@H]1CN1CCCCC1,CC[C@H]1OC(=O)C[C@@H](O)[C@H](C)[C@@H](O[C@@H]2O[C@H](C)[C@@H](OC(=O)C(C)C)[C@H](N(C)C)[C@H]2O)[C@@H](CCN2CCCCC2)C[C@@H](C)C(=O)/C=C/C(C)=C/[C@@H]1CN1CCCCC1,TRUE,,1.368 
tildipirosin,Tildipirosin (泰地罗新),REF_TILDIPIROSIN,repository_reference,O30_attached_to_C26,30,26,C,MPM01137,2-Amino-3-methylbutyric acid,CC(C)C(N)C(=O)O,1,CC[C@H]1OC(=O)C[C@@H](O)[C@H](C)[C@@H](O[C@@H]2O[C@H](C)[C@@H](OC(=O)C(N)C(C)C)[C@H](N(C)C)[C@H]2O)[C@@H](CCN2CCCCC2)C[C@@H](C)C(=O)/C=C/C(C)=C/[C@@H]1CN1CCCCC1,CC[C@H]1OC(=O)C[C@@H](O)[C@H](C)[C@@H](O[C@@H]2O[C@H](C)[C@@H](OC(=O)C(N)C(C)C)[C@H](N(C)C)[C@H]2O)[C@@H](CCN2CCCCC2)C[C@@H](C)C(=O)/C=C/C(C)=C/[C@@H]1CN1CCCCC1,TRUE,,1.391 
tildipirosin,Tildipirosin (泰地罗新),REF_TILDIPIROSIN,repository_reference,O30_attached_to_C26,30,26,C,MPM00260,2-Oxoisocaproate,CC(C)CC(=O)C(=O)O,1,CC[C@H]1OC(=O)C[C@@H](O)[C@H](C)[C@@H](O[C@@H]2O[C@H](C)[C@@H](OC(=O)C(=O)CC(C)C)[C@H](N(C)C)[C@H]2O)[C@@H](CCN2CCCCC2)C[C@@H](C)C(=O)/C=C/C(C)=C/[C@@H]1CN1CCCCC1,CC[C@H]1OC(=O)C[C@@H](O)[C@H](C)[C@@H](O[C@@H]2O[C@H](C)[C@@H](OC(=O)C(=O)CC(C)C)[C@H](N(C)C)[C@H]2O)[C@@H](CCN2CCCCC2)C[C@@H](C)C(=O)/C=C/C(C)=C/[C@@H]1CN1CCCCC1,TRUE,,1.196 
tildipirosin,Tildipirosin (泰地罗新),REF_TILDIPIROSIN,repository_reference,O30_attached_to_C26,30,26,C,MPM00720,Isovalerate,CC(C)CC(=O)O,1,CC[C@H]1OC(=O)C[C@@H](O)[C@H](C)[C@@H](O[C@@H]2O[C@H](C)[C@@H](OC(=O)CC(C)C)[C@H](N(C)C)[C@H]2O)[C@@H](CCN2CCCCC2)C[C@@H](C)C(=O)/C=C/C(C)=C/[C@@H]1CN1CCCCC1,CC[C@H]1OC(=O)C[C@@H](O)[C@H](C)[C@@H](O[C@@H]2O[C@H](C)[C@@H](OC(=O)CC(C)C)[C@H](N(C)C)[C@H]2O)[C@@H](CCN2CCCCC2)C[C@@H](C)C(=O)/C=C/C(C)=C/[C@@H]1CN1CCCCC1,TRUE,,1.137 
tildipirosin,Tildipirosin (泰地罗新),REF_TILDIPIROSIN,repository_reference,O30_attached_to_C26,30,26,C,MPM01055,(2S)-alpha-Leucine,CC(C)CC(N)C(=O)O,1,CC[C@H]1OC(=O)C[C@@H](O)[C@H](C)[C@@H](O[C@@H]2O[C@H](C)[C@@H](OC(=O)C(N)CC(C)C)[C@H](N(C)C)[C@H]2O)[C@@H](CCN2CCCCC2)C[C@@H](C)C(=O)/C=C/C(C)=C/[C@@H]1CN1CCCCC1,CC[C@H]1OC(=O)C[C@@H](O)[C@H](C)[C@@H](O[C@@H]2O[C@H](C)[C@@H](OC(=O)C(N)CC(C)C)[C@H](N(C)C)[C@H]2O)[C@@H](CCN2CCCCC2)C[C@@H](C)C(=O)/C=C/C(C)=C/[C@@H]1CN1CCCCC1,TRUE,,1.308 
tildipirosin,Tildipirosin (泰地罗新),REF_TILDIPIROSIN,repository_reference,O30_attached_to_C26,30,26,C,MPM00737,l-Alanyl-l-leucine,CC(C)CC(NC(=O)C(C)N)C(=O)O,1,CC[C@H]1OC(=O)C[C@@H](O)[C@H](C)[C@@H](O[C@@H]2O[C@H](C)[C@@H](OC(=O)C(CC(C)C)NC(=O)C(C)N)[C@H](N(C)C)[C@H]2O)[C@@H](CCN2CCCCC2)C[C@@H](C)C(=O)/C=C/C(C)=C/[C@@H]1CN1CCCCC1,CC[C@H]1OC(=O)C[C@@H](O)[C@H](C)[C@@H](O[C@@H]2O[C@H](C)[C@@H](OC(=O)C(CC(C)C)NC(=O)C(C)N)[C@H](N(C)C)[C@H]2O)[C@@H](CCN2CCCCC2)C[C@@H](C)C(=O)/C=C/C(C)=C/[C@@H]1CN1CCCCC1,TRUE,,1.152 
tildipirosin,Tildipirosin (泰地罗新),REF_TILDIPIROSIN,repository_reference,O30_attached_to_C26,30,26,C,MPM00675,Glycyl-L-leucine,CC(C)CC(NC(=O)CN)C(=O)O,1,CC[C@H]1OC(=O)C[C@@H](O)[C@H](C)[C@@H](O[C@@H]2O[C@H](C)[C@@H](OC(=O)C(CC(C)C)NC(=O)CN)[C@H](N(C)C)[C@H]2O)[C@@H](CCN2CCCCC2)C[C@@H](C)C(=O)/C=C/C(C)=C/[C@@H]1CN1CCCCC1,CC[C@H]1OC(=O)C[C@@H](O)[C@H](C)[C@@H](O[C@@H]2O[C@H](C)[C@@H](OC(=O)C(CC(C)C)NC(=O)CN)[C@H](N(C)C)[C@H]2O)[C@@H](CCN2CCCCC2)C[C@@H](C)C(=O)/C=C/C(C)=C/[C@@H]1CN1CCCCC1,TRUE,,1.526 
tildipirosin,Tildipirosin (泰地罗新),REF_TILDIPIROSIN,repository_reference,O30_attached_to_C26,30,26,C,MPM00108,(S)-methylmalonate semialdehyde,CC(C=O)C(=O)O,1,CC[C@H]1OC(=O)C[C@@H](O)[C@H](C)[C@@H](O[C@@H]2O[C@H](C)[C@@H](OC(=O)C(C)C=O)[C@H](N(C)C)[C@H]2O)[C@@H](CCN2CCCCC2)C[C@@H](C)C(=O)/C=C/C(C)=C/[C@@H]1CN1CCCCC1,CC[C@H]1OC(=O)C[C@@H](O)[C@H](C)[C@@H](O[C@@H]2O[C@H](C)[C@@H](OC(=O)C(C)C=O)[C@H](N(C)C)[C@H]2O)[C@@H](CCN2CCCCC2)C[C@@H](C)C(=O)/C=C/C(C)=C/[C@@H]1CN1CCCCC1,TRUE,,1.215 
tildipirosin,Tildipirosin (泰地罗新),REF_TILDIPIROSIN,repository_reference,O30_attached_to_C26,30,26,C,MPM01359,D-Ala-D-Ala,CC(N)C(=O)NC(C)C(=O)O,1,CC[C@H]1OC(=O)C[C@@H](O)[C@H](C)[C@@H](O[C@@H]2O[C@H](C)[C@@H](OC(=O)C(C)NC(=O)C(C)N)[C@H](N(C)C)[C@H]2O)[C@@H](CCN2CCCCC2)C[C@@H](C)C(=O)/C=C/C(C)=C/[C@@H]1CN1CCCCC1,CC[C@H]1OC(=O)C[C@@H](O)[C@H](C)[C@@H](O[C@@H]2O[C@H](C)[C@@H](OC(=O)C(C)NC(=O)C(C)N)[C@H](N(C)C)[C@H]2O)[C@@H](CCN2CCCCC2)C[C@@H](C)C(=O)/C=C/C(C)=C/[C@@H]1CN1CCCCC1,TRUE,,1.596 
tildipirosin,Tildipirosin (泰地罗新),REF_TILDIPIROSIN,repository_reference,O30_attached_to_C26,30,26,C,MPM00736,l-Alanyl-l-glutamine,CC(N)C(=O)NC(CCC(N)=O)C(=O)O,1,CC[C@H]1OC(=O)C[C@@H](O)[C@H](C)[C@@H](O[C@@H]2O[C@H](C)[C@@H](OC(=O)C(CCC(N)=O)NC(=O)C(C)N)[C@H](N(C)C)[C@H]2O)[C@@H](CCN2CCCCC2)C[C@@H](C)C(=O)/C=C/C(C)=C/[C@@H]1CN1CCCCC1,CC[C@H]1OC(=O)C[C@@H](O)[C@H](C)[C@@H](O[C@@H]2O[C@H](C)[C@@H](OC(=O)C(CCC(N)=O)NC(=O)C(C)N)[C@H](N(C)C)[C@H]2O)[C@@H](CCN2CCCCC2)C[C@@H](C)C(=O)/C=C/C(C)=C/[C@@H]1CN1CCCCC1,TRUE,,1.620 
tildipirosin,Tildipirosin (泰地罗新),REF_TILDIPIROSIN,repository_reference,O30_attached_to_C26,30,26,C,MPM00440,Ala-His,CC(N)C(=O)NC(Cc1cnc[nH]1)C(=O)O,1,CC[C@H]1OC(=O)C[C@@H](O)[C@H](C)[C@@H](O[C@@H]2O[C@H](C)[C@@H](OC(=O)C(Cc3cnc[nH]3)NC(=O)C(C)N)[C@H](N(C)C)[C@H]2O)[C@@H](CCN2CCCCC2)C[C@@H](C)C(=O)/C=C/C(C)=C/[C@@H]1CN1CCCCC1,CC[C@H]1OC(=O)C[C@@H](O)[C@H](C)[C@@H](O[C@@H]2O[C@H](C)[C@@H](OC(=O)C(Cc3cnc[nH]3)NC(=O)C(C)N)[C@H](N(C)C)[C@H]2O)[C@@H](CCN2CCCCC2)C[C@@H](C)C(=O)/C=C/C(C)=C/[C@@H]1CN1CCCCC1,TRUE,,1.354 
tildipirosin,Tildipirosin (泰地罗新),REF_TILDIPIROSIN,repository_reference,O30_attached_to_C26,30,26,C,MPM00441,Alanylglycine,CC(N)C(=O)NCC(=O)O,1,CC[C@H]1OC(=O)C[C@@H](O)[C@H](C)[C@@H](O[C@@H]2O[C@H](C)[C@@H](OC(=O)CNC(=O)C(C)N)[C@H](N(C)C)[C@H]2O)[C@@H](CCN2CCCCC2)C[C@@H](C)C(=O)/C=C/C(C)=C/[C@@H]1CN1CCCCC1,CC[C@H]1OC(=O)C[C@@H](O)[C@H](C)[C@@H](O[C@@H]2O[C@H](C)[C@@H](OC(=O)CNC(=O)C(C)N)[C@H](N(C)C)[C@H]2O)[C@@H](CCN2CCCCC2)C[C@@H](C)C(=O)/C=C/C(C)=C/[C@@H]1CN1CCCCC1,TRUE,,1.784 
tildipirosin,Tildipirosin (泰地罗新),REF_TILDIPIROSIN,repository_reference,O30_attached_to_C26,30,26,C,MPM01358,D-Ala,CC(N)C(=O)O,1,CC[C@H]1OC(=O)C[C@@H](O)[C@H](C)[C@@H](O[C@@H]2O[C@H](C)[C@@H](OC(=O)C(C)N)[C@H](N(C)C)[C@H]2O)[C@@H](CCN2CCCCC2)C[C@@H](C)C(=O)/C=C/C(C)=C/[C@@H]1CN1CCCCC1,CC[C@H]1OC(=O)C[C@@H](O)[C@H](C)[C@@H](O[C@@H]2O[C@H](C)[C@@H](OC(=O)C(C)N)[C@H](N(C)C)[C@H]2O)[C@@H](CCN2CCCCC2)C[C@@H](C)C(=O)/C=C/C(C)=C/[C@@H]1CN1CCCCC1,TRUE,,1.754 
tildipirosin,Tildipirosin (泰地罗新),REF_TILDIPIROSIN,repository_reference,O30_attached_to_C26,30,26,C,MPM00548,DAPA,CC(N)C(N)CCCCCC(=O)O,1,CC[C@H]1OC(=O)C[C@@H](O)[C@H](C)[C@@H](O[C@@H]2O[C@H](C)[C@@H](OC(=O)CCCCCC(N)C(C)N)[C@H](N(C)C)[C@H]2O)[C@@H](CCN2CCCCC2)C[C@@H](C)C(=O)/C=C/C(C)=C/[C@@H]1CN1CCCCC1,CC[C@H]1OC(=O)C[C@@H](O)[C@H](C)[C@@H](O[C@@H]2O[C@H](C)[C@@H](OC(=O)CCCCCC(N)C(C)N)[C@H](N(C)C)[C@H]2O)[C@@H](CCN2CCCCC2)C[C@@H](C)C(=O)/C=C/C(C)=C/[C@@H]1CN1CCCCC1,TRUE,,1.237 
tildipirosin,Tildipirosin (泰地罗新),REF_TILDIPIROSIN,repository_reference,O30_attached_to_C26,30,26,C,MPM00031,"(2R,4S)-2,4-diaminopentanoic acid",CC(N)CC(N)C(=O)O,1,CC[C@H]1OC(=O)C[C@@H](O)[C@H](C)[C@@H](O[C@@H]2O[C@H](C)[C@@H](OC(=O)C(N)CC(C)N)[C@H](N(C)C)[C@H]2O)[C@@H](CCN2CCCCC2)C[C@@H](C)C(=O)/C=C/C(C)=C/[C@@H]1CN1CCCCC1,CC[C@H]1OC(=O)C[C@@H](O)[C@H](C)[C@@H](O[C@@H]2O[C@H](C)[C@@H](OC(=O)C(N)CC(C)N)[C@H](N(C)C)[C@H]2O)[C@@H](CCN2CCCCC2)C[C@@H](C)C(=O)/C=C/C(C)=C/[C@@H]1CN1CCCCC1,TRUE,,1.679 
tildipirosin,Tildipirosin (泰地罗新),REF_TILDIPIROSIN,repository_reference,O30_attached_to_C26,30,26,C,MPM00051,"(3S,5S)-3,5-diaminohexanoic acid",CC(N)CC(N)CC(=O)O,1,CC[C@H]1OC(=O)C[C@@H](O)[C@H](C)[C@@H](O[C@@H]2O[C@H](C)[C@@H](OC(=O)CC(N)CC(C)N)[C@H](N(C)C)[C@H]2O)[C@@H](CCN2CCCCC2)C[C@@H](C)C(=O)/C=C/C(C)=C/[C@@H]1CN1CCCCC1,CC[C@H]1OC(=O)C[C@@H](O)[C@H](C)[C@@H](O[C@@H]2O[C@H](C)[C@@H](OC(=O)CC(N)CC(C)N)[C@H](N(C)C)[C@H]2O)[C@@H](CCN2CCCCC2)C[C@@H](C)C(=O)/C=C/C(C)=C/[C@@H]1CN1CCCCC1,TRUE,,1.420 
tildipirosin,Tildipirosin (泰地罗新),REF_TILDIPIROSIN,repository_reference,O30_attached_to_C26,30,26,C,MPM00083,(R)-mevalonate,CC(O)(CCO)CC(=O)O,1,CC[C@H]1OC(=O)C[C@@H](O)[C@H](C)[C@@H](O[C@@H]2O[C@H](C)[C@@H](OC(=O)CC(C)(O)CCO)[C@H](N(C)C)[C@H]2O)[C@@H](CCN2CCCCC2)C[C@@H](C)C(=O)/C=C/C(C)=C/[C@@H]1CN1CCCCC1,CC[C@H]1OC(=O)C[C@@H](O)[C@H](C)[C@@H](O[C@@H]2O[C@H](C)[C@@H](OC(=O)CC(C)(O)CCO)[C@H](N(C)C)[C@H]2O)[C@@H](CCN2CCCCC2)C[C@@H](C)C(=O)/C=C/C(C)=C/[C@@H]1CN1CCCCC1,TRUE,,0.987 
tildipirosin,Tildipirosin (泰地罗新),REF_TILDIPIROSIN,repository_reference,O30_attached_to_C26,30,26,C,MPM00081,(R)-5-Diphosphomevalonate,CC(O)(CCOP(=O)(O)OP(=O)(O)O)CC(=O)O,1,CC[C@H]1OC(=O)C[C@@H](O)[C@H](C)[C@@H](O[C@@H]2O[C@H](C)[C@@H](OC(=O)CC(C)(O)CCOP(=O)(O)OP(=O)(O)O)[C@H](N(C)C)[C@H]2O)[C@@H](CCN2CCCCC2)C[C@@H](C)C(=O)/C=C/C(C)=C/[C@@H]1CN1CCCCC1,CC[C@H]1OC(=O)C[C@@H](O)[C@H](C)[C@@H](O[C@@H]2O[C@H](C)[C@@H](OC(=O)CC(C)(O)CCOP(=O)(O)OP(=O)(O)O)[C@H](N(C)C)[C@H]2O)[C@@H](CCN2CCCCC2)C[C@@H](C)C(=O)/C=C/C(C)=C/[C@@H]1CN1CCCCC1,TRUE,,0.107 
tildipirosin,Tildipirosin (泰地罗新),REF_TILDIPIROSIN,repository_reference,O30_attached_to_C26,30,26,C,MPM00543,D-2-Hydroxypropionic acid,CC(O)C(=O)O,1,CC[C@H]1OC(=O)C[C@@H](O)[C@H](C)[C@@H](O[C@@H]2O[C@H](C)[C@@H](OC(=O)C(C)O)[C@H](N(C)C)[C@H]2O)[C@@H](CCN2CCCCC2)C[C@@H](C)C(=O)/C=C/C(C)=C/[C@@H]1CN1CCCCC1,CC[C@H]1OC(=O)C[C@@H](O)[C@H](C)[C@@H](O[C@@H]2O[C@H](C)[C@@H](OC(=O)C(C)O)[C@H](N(C)C)[C@H]2O)[C@@H](CCN2CCCCC2)C[C@@H](C)C(=O)/C=C/C(C)=C/[C@@H]1CN1CCCCC1,TRUE,,1.460 
tildipirosin,Tildipirosin (泰地罗新),REF_TILDIPIROSIN,repository_reference,O30_attached_to_C26,30,26,C,MPM01136,2-Amino-3-hydroxybutyric acid,CC(O)C(N)C(=O)O,1,CC[C@H]1OC(=O)C[C@@H](O)[C@H](C)[C@@H](O[C@@H]2O[C@H](C)[C@@H](OC(=O)C(N)C(C)O)[C@H](N(C)C)[C@H]2O)[C@@H](CCN2CCCCC2)C[C@@H](C)C(=O)/C=C/C(C)=C/[C@@H]1CN1CCCCC1,CC[C@H]1OC(=O)C[C@@H](O)[C@H](C)[C@@H](O[C@@H]2O[C@H](C)[C@@H](OC(=O)C(N)C(C)O)[C@H](N(C)C)[C@H]2O)[C@@H](CCN2CCCCC2)C[C@@H](C)C(=O)/C=C/C(C)=C/[C@@H]1CN1CCCCC1,TRUE,,1.500 
tildipirosin,Tildipirosin (泰地罗新),REF_TILDIPIROSIN,repository_reference,O30_attached_to_C26,30,26,C,MPM00551,D-beta-Hydroxybutyric acid,CC(O)CC(=O)O,1,CC[C@H]1OC(=O)C[C@@H](O)[C@H](C)[C@@H](O[C@@H]2O[C@H](C)[C@@H](OC(=O)CC(C)O)[C@H](N(C)C)[C@H]2O)[C@@H](CCN2CCCCC2)C[C@@H](C)C(=O)/C=C/C(C)=C/[C@@H]1CN1CCCCC1,CC[C@H]1OC(=O)C[C@@H](O)[C@H](C)[C@@H](O[C@@H]2O[C@H](C)[C@@H](OC(=O)CC(C)O)[C@H](N(C)C)[C@H]2O)[C@@H](CCN2CCCCC2)C[C@@H](C)C(=O)/C=C/C(C)=C/[C@@H]1CN1CCCCC1,TRUE,,1.312 
tildipirosin,Tildipirosin (泰地罗新),REF_TILDIPIROSIN,repository_reference,O30_attached_to_C26,30,26,C,MPM00843,O-Phospho-L-threonine,CC(OP(=O)(O)O)C(N)C(=O)O,1,CC[C@H]1OC(=O)C[C@@H](O)[C@H](C)[C@@H](O[C@@H]2O[C@H](C)[C@@H](OC(=O)C(N)C(C)OP(=O)(O)O)[C@H](N(C)C)[C@H]2O)[C@@H](CCN2CCCCC2)C[C@@H](C)C(=O)/C=C/C(C)=C/[C@@H]1CN1CCCCC1,CC[C@H]1OC(=O)C[C@@H](O)[C@H](C)[C@@H](O[C@@H]2O[C@H](C)[C@@H](OC(=O)C(N)C(C)OP(=O)(O)O)[C@H](N(C)C)[C@H]2O)[C@@H](CCN2CCCCC2)C[C@@H](C)C(=O)/C=C/C(C)=C/[C@@H]1CN1CCCCC1,TRUE,,1.211 
tildipirosin,Tildipirosin (泰地罗新),REF_TILDIPIROSIN,repository_reference,O30_attached_to_C26,30,26,C,MPM00465,Ampicillin,CC1(C)SC2C(NC(=O)C(N)c3ccccc3)C(=O)N2C1C(=O)O,1,CC[C@H]1OC(=O)C[C@@H](O)[C@H](C)[C@@H](O[C@@H]2O[C@H](C)[C@@H](OC(=O)C3N4C(=O)C(NC(=O)C(N)c5ccccc5)C4SC3(C)C)[C@H](N(C)C)[C@H]2O)[C@@H](CCN2CCCCC2)C[C@@H](C)C(=O)/C=C/C(C)=C/[C@@H]1CN1CCCCC1,CC[C@H]1OC(=O)C[C@@H](O)[C@H](C)[C@@H](O[C@@H]2O[C@H](C)[C@@H](OC(=O)C3N4C(=O)C(NC(=O)C(N)c5ccccc5)C4SC3(C)C)[C@H](N(C)C)[C@H]2O)[C@@H](CCN2CCCCC2)C[C@@H](C)C(=O)/C=C/C(C)=C/[C@@H]1CN1CCCCC1,TRUE,,0.277 
tildipirosin,Tildipirosin (泰地罗新),REF_TILDIPIROSIN,repository_reference,O30_attached_to_C26,30,26,C,MPM00566,Desthiobiotin,CC1NC(=O)NC1CCCCCC(=O)O,1,CC[C@H]1OC(=O)C[C@@H](O)[C@H](C)[C@@H](O[C@@H]2O[C@H](C)[C@@H](OC(=O)CCCCCC3NC(=O)NC3C)[C@H](N(C)C)[C@H]2O)[C@@H](CCN2CCCCC2)C[C@@H](C)C(=O)/C=C/C(C)=C/[C@@H]1CN1CCCCC1,CC[C@H]1OC(=O)C[C@@H](O)[C@H](C)[C@@H](O[C@@H]2O[C@H](C)[C@@H](OC(=O)CCCCCC3NC(=O)NC3C)[C@H](N(C)C)[C@H]2O)[C@@H](CCN2CCCCC2)C[C@@H](C)C(=O)/C=C/C(C)=C/[C@@H]1CN1CCCCC1,TRUE,,0.541 
tildipirosin,Tildipirosin (泰地罗新),REF_TILDIPIROSIN,repository_reference,O30_attached_to_C26,30,26,C,MPM00458,alpha-Ketobutyrate,CCC(=O)C(=O)O,1,CCC(=O)C(=O)O[C@H]1[C@H](N(C)C)[C@@H](O)[C@H](O[C@H]2[C@@H](CCN3CCCCC3)C[C@@H](C)C(=O)/C=C/C(C)=C/[C@H](CN3CCCCC3)[C@@H](CC)OC(=O)C[C@@H](O)[C@@H]2C)O[C@@H]1C,CCC(=O)C(=O)O[C@H]1[C@H](N(C)C)[C@@H](O)[C@H](O[C@H]2[C@@H](CCN3CCCCC3)C[C@@H](C)C(=O)/C=C/C(C)=C/[C@H](CN3CCCCC3)[C@@H](CC)OC(=O)C[C@@H](O)[C@@H]2C)O[C@@H]1C,TRUE,,1.595 
tildipirosin,Tildipirosin (泰地罗新),REF_TILDIPIROSIN,repository_reference,O30_attached_to_C26,30,26,C,MPM00908,propionate,CCC(=O)O,1,CCC(=O)O[C@H]1[C@H](N(C)C)[C@@H](O)[C@H](O[C@H]2[C@@H](CCN3CCCCC3)C[C@@H](C)C(=O)/C=C/C(C)=C/[C@H](CN3CCCCC3)[C@@H](CC)OC(=O)C[C@@H](O)[C@@H]2C)O[C@@H]1C,CCC(=O)O[C@H]1[C@H](N(C)C)[C@@H](O)[C@H](O[C@H]2[C@@H](CCN3CCCCC3)C[C@@H](C)C(=O)/C=C/C(C)=C/[C@H](CN3CCCCC3)[C@@H](CC)OC(=O)C[C@@H](O)[C@@H]2C)O[C@@H]1C,TRUE,,1.538 
tildipirosin,Tildipirosin (泰地罗新),REF_TILDIPIROSIN,repository_reference,O30_attached_to_C26,30,26,C,MPM00078,(R)-3-Hydroxy-3-methyl-2-oxopentanoate,CCC(C)(O)C(=O)C(=O)O,1,CC[C@H]1OC(=O)C[C@@H](O)[C@H](C)[C@@H](O[C@@H]2O[C@H](C)[C@@H](OC(=O)C(=O)C(C)(O)CC)[C@H](N(C)C)[C@H]2O)[C@@H](CCN2CCCCC2)C[C@@H](C)C(=O)/C=C/C(C)=C/[C@@H]1CN1CCCCC1,CC[C@H]1OC(=O)C[C@@H](O)[C@H](C)[C@@H](O[C@@H]2O[C@H](C)[C@@H](OC(=O)C(=O)C(C)(O)CC)[C@H](N(C)C)[C@H]2O)[C@@H](CCN2CCCCC2)C[C@@H](C)C(=O)/C=C/C(C)=C/[C@@H]1CN1CCCCC1,TRUE,,1.384 
tildipirosin,Tildipirosin (泰地罗新),REF_TILDIPIROSIN,repository_reference,O30_attached_to_C26,30,26,C,MPM00028,"(2R,3R)-2,3-Dihydroxy-3-methylpentanoate",CCC(C)(O)C(O)C(=O)O,1,CC[C@H]1OC(=O)C[C@@H](O)[C@H](C)[C@@H](O[C@@H]2O[C@H](C)[C@@H](OC(=O)C(O)C(C)(O)CC)[C@H](N(C)C)[C@H]2O)[C@@H](CCN2CCCCC2)C[C@@H](C)C(=O)/C=C/C(C)=C/[C@@H]1CN1CCCCC1,CC[C@H]1OC(=O)C[C@@H](O)[C@H](C)[C@@H](O[C@@H]2O[C@H](C)[C@@H](OC(=O)C(O)C(C)(O)CC)[C@H](N(C)C)[C@H]2O)[C@@H](CCN2CCCCC2)C[C@@H](C)C(=O)/C=C/C(C)=C/[C@@H]1CN1CCCCC1,TRUE,,1.027 
tildipirosin,Tildipirosin (泰地罗新),REF_TILDIPIROSIN,repository_reference,O30_attached_to_C26,30,26,C,MPM00050,(3S)-3-Methyl-2-oxopentanoate,CCC(C)C(=O)C(=O)O,1,CCC(C)C(=O)C(=O)O[C@H]1[C@H](N(C)C)[C@@H](O)[C@H](O[C@H]2[C@@H](CCN3CCCCC3)C[C@@H](C)C(=O)/C=C/C(C)=C/[C@H](CN3CCCCC3)[C@@H](CC)OC(=O)C[C@@H](O)[C@@H]2C)O[C@@H]1C,CCC(C)C(=O)C(=O)O[C@H]1[C@H](N(C)C)[C@@H](O)[C@H](O[C@H]2[C@@H](CCN3CCCCC3)C[C@@H](C)C(=O)/C=C/C(C)=C/[C@H](CN3CCCCC3)[C@@H](CC)OC(=O)C[C@@H](O)[C@@H]2C)O[C@@H]1C,TRUE,,1.374 
tildipirosin,Tildipirosin (泰地罗新),REF_TILDIPIROSIN,repository_reference,O30_attached_to_C26,30,26,C,MPM01138,2-Amino-3-methylvaleric acid,CCC(C)C(N)C(=O)O,1,CCC(C)C(N)C(=O)O[C@H]1[C@H](N(C)C)[C@@H](O)[C@H](O[C@H]2[C@@H](CCN3CCCCC3)C[C@@H](C)C(=O)/C=C/C(C)=C/[C@H](CN3CCCCC3)[C@@H](CC)OC(=O)C[C@@H](O)[C@@H]2C)O[C@@H]1C,CCC(C)C(N)C(=O)O[C@H]1[C@H](N(C)C)[C@@H](O)[C@H](O[C@H]2[C@@H](CCN3CCCCC3)C[C@@H](C)C(=O)/C=C/C(C)=C/[C@H](CN3CCCCC3)[C@@H](CC)OC(=O)C[C@@H](O)[C@@H]2C)O[C@@H]1C,TRUE,,1.335 
tildipirosin,Tildipirosin (泰地罗新),REF_TILDIPIROSIN,repository_reference,O30_attached_to_C26,30,26,C,MPM00029,"(2R,3R)-2-hydroxy-3-methylpentanoic acid",CCC(C)C(O)C(=O)O,1,CCC(C)C(O)C(=O)O[C@H]1[C@H](N(C)C)[C@@H](O)[C@H](O[C@H]2[C@@H](CCN3CCCCC3)C[C@@H](C)C(=O)/C=C/C(C)=C/[C@H](CN3CCCCC3)[C@@H](CC)OC(=O)C[C@@H](O)[C@@H]2C)O[C@@H]1C,CCC(C)C(O)C(=O)O[C@H]1[C@H](N(C)C)[C@@H](O)[C@H](O[C@H]2[C@@H](CCN3CCCCC3)C[C@@H](C)C(=O)/C=C/C(C)=C/[C@H](CN3CCCCC3)[C@@H](CC)OC(=O)C[C@@H](O)[C@@H]2C)O[C@@H]1C,TRUE,,1.040 
tildipirosin,Tildipirosin (泰地罗新),REF_TILDIPIROSIN,repository_reference,O30_attached_to_C26,30,26,C,MPM00094,(S)-2-Hydroxy-2-ethyl-3-oxobutanoate,CCC(O)(C(C)=O)C(=O)O,1,CC[C@H]1OC(=O)C[C@@H](O)[C@H](C)[C@@H](O[C@@H]2O[C@H](C)[C@@H](OC(=O)C(O)(CC)C(C)=O)[C@H](N(C)C)[C@H]2O)[C@@H](CCN2CCCCC2)C[C@@H](C)C(=O)/C=C/C(C)=C/[C@@H]1CN1CCCCC1,CC[C@H]1OC(=O)C[C@@H](O)[C@H](C)[C@@H](O[C@@H]2O[C@H](C)[C@@H](OC(=O)C(O)(CC)C(C)=O)[C@H](N(C)C)[C@H]2O)[C@@H](CCN2CCCCC2)C[C@@H](C)C(=O)/C=C/C(C)=C/[C@@H]1CN1CCCCC1,TRUE,,1.112 
tildipirosin,Tildipirosin (泰地罗新),REF_TILDIPIROSIN,repository_reference,O30_attached_to_C26,30,26,C,MPM00302,3-Hydroxypentanoic acid,CCC(O)CC(=O)O,1,CCC(O)CC(=O)O[C@H]1[C@H](N(C)C)[C@@H](O)[C@H](O[C@H]2[C@@H](CCN3CCCCC3)C[C@@H](C)C(=O)/C=C/C(C)=C/[C@H](CN3CCCCC3)[C@@H](CC)OC(=O)C[C@@H](O)[C@@H]2C)O[C@@H]1C,CCC(O)CC(=O)O[C@H]1[C@H](N(C)C)[C@@H](O)[C@H](O[C@H]2[C@@H](CCN3CCCCC3)C[C@@H](C)C(=O)/C=C/C(C)=C/[C@H](CN3CCCCC3)[C@@H](CC)OC(=O)C[C@@H](O)[C@@H]2C)O[C@@H]1C,TRUE,,1.261 
tildipirosin,Tildipirosin (泰地罗新),REF_TILDIPIROSIN,repository_reference,O30_attached_to_C26,30,26,C,MPM00496,butyrate,CCCC(=O)O,1,CCCC(=O)O[C@H]1[C@H](N(C)C)[C@@H](O)[C@H](O[C@H]2[C@@H](CCN3CCCCC3)C[C@@H](C)C(=O)/C=C/C(C)=C/[C@H](CN3CCCCC3)[C@@H](CC)OC(=O)C[C@@H](O)[C@@H]2C)O[C@@H]1C,CCCC(=O)O[C@H]1[C@H](N(C)C)[C@@H](O)[C@H](O[C@H]2[C@@H](CCN3CCCCC3)C[C@@H](C)C(=O)/C=C/C(C)=C/[C@H](CN3CCCCC3)[C@@H](CC)OC(=O)C[C@@H](O)[C@@H]2C)O[C@@H]1C,TRUE,,1.475 
tildipirosin,Tildipirosin (泰地罗新),REF_TILDIPIROSIN,repository_reference,O30_attached_to_C26,30,26,C,MPM00298,3-Hydroxyhexanoic acid,CCCC(O)CC(=O)O,1,CCCC(O)CC(=O)O[C@H]1[C@H](N(C)C)[C@@H](O)[C@H](O[C@H]2[C@@H](CCN3CCCCC3)C[C@@H](C)C(=O)/C=C/C(C)=C/[C@H](CN3CCCCC3)[C@@H](CC)OC(=O)C[C@@H](O)[C@@H]2C)O[C@@H]1C,CCCC(O)CC(=O)O[C@H]1[C@H](N(C)C)[C@@H](O)[C@H](O[C@H]2[C@@H](CCN3CCCCC3)C[C@@H](C)C(=O)/C=C/C(C)=C/[C@H](CN3CCCCC3)[C@@H](CC)OC(=O)C[C@@H](O)[C@@H]2C)O[C@@H]1C,TRUE,,1.197 
tildipirosin,Tildipirosin (泰地罗新),REF_TILDIPIROSIN,repository_reference,O30_attached_to_C26,30,26,C,MPM00833,n-Valeric acid,CCCCC(=O)O,1,CCCCC(=O)O[C@H]1[C@H](N(C)C)[C@@H](O)[C@H](O[C@H]2[C@@H](CCN3CCCCC3)C[C@@H](C)C(=O)/C=C/C(C)=C/[C@H](CN3CCCCC3)[C@@H](CC)OC(=O)C[C@@H](O)[C@@H]2C)O[C@@H]1C,CCCCC(=O)O[C@H]1[C@H](N(C)C)[C@@H](O)[C@H](O[C@H]2[C@@H](CCN3CCCCC3)C[C@@H](C)C(=O)/C=C/C(C)=C/[C@H](CN3CCCCC3)[C@@H](CC)OC(=O)C[C@@H](O)[C@@H]2C)O[C@@H]1C,TRUE,,1.407 
tildipirosin,Tildipirosin (泰地罗新),REF_TILDIPIROSIN,repository_reference,O30_attached_to_C26,30,26,C,MPM00295,3-hydroxyheptanoic Acid,CCCCC(O)CC(=O)O,1,CCCCC(O)CC(=O)O[C@H]1[C@H](N(C)C)[C@@H](O)[C@H](O[C@H]2[C@@H](CCN3CCCCC3)C[C@@H](C)C(=O)/C=C/C(C)=C/[C@H](CN3CCCCC3)[C@@H](CC)OC(=O)C[C@@H](O)[C@@H]2C)O[C@@H]1C,CCCCC(O)CC(=O)O[C@H]1[C@H](N(C)C)[C@@H](O)[C@H](O[C@H]2[C@@H](CCN3CCCCC3)C[C@@H](C)C(=O)/C=C/C(C)=C/[C@H](CN3CCCCC3)[C@@H](CC)OC(=O)C[C@@H](O)[C@@H]2C)O[C@@H]1C,TRUE,,1.129 
tildipirosin,Tildipirosin (泰地罗新),REF_TILDIPIROSIN,repository_reference,O30_attached_to_C26,30,26,C,MPM00061,(9E)-tetradecenoic acid,CCCCC=CCCCCCCCC(=O)O,1,CCCCC=CCCCCCCCC(=O)O[C@H]1[C@H](N(C)C)[C@@H](O)[C@H](O[C@H]2[C@@H](CCN3CCCCC3)C[C@@H](C)C(=O)/C=C/C(C)=C/[C@H](CN3CCCCC3)[C@@H](CC)OC(=O)C[C@@H](O)[C@@H]2C)O[C@@H]1C,CCCCC=CCCCCCCCC(=O)O[C@H]1[C@H](N(C)C)[C@@H](O)[C@H](O[C@H]2[C@@H](CCN3CCCCC3)C[C@@H](C)C(=O)/C=C/C(C)=C/[C@H](CN3CCCCC3)[C@@H](CC)OC(=O)C[C@@H](O)[C@@H]2C)O[C@@H]1C,TRUE,,0.944 
tildipirosin,Tildipirosin (泰地罗新),REF_TILDIPIROSIN,repository_reference,O30_attached_to_C26,30,26,C,MPM00813,n-Caproic acid,CCCCCC(=O)O,1,CCCCCC(=O)O[C@H]1[C@H](N(C)C)[C@@H](O)[C@H](O[C@H]2[C@@H](CCN3CCCCC3)C[C@@H](C)C(=O)/C=C/C(C)=C/[C@H](CN3CCCCC3)[C@@H](CC)OC(=O)C[C@@H](O)[C@@H]2C)O[C@@H]1C,CCCCCC(=O)O[C@H]1[C@H](N(C)C)[C@@H](O)[C@H](O[C@H]2[C@@H](CCN3CCCCC3)C[C@@H](C)C(=O)/C=C/C(C)=C/[C@H](CN3CCCCC3)[C@@H](CC)OC(=O)C[C@@H](O)[C@@H]2C)O[C@@H]1C,TRUE,,1.340 
tildipirosin,Tildipirosin (泰地罗新),REF_TILDIPIROSIN,repository_reference,O30_attached_to_C26,30,26,C,MPM00301,3-Hydroxyoctanoic acid,CCCCCC(O)CC(=O)O,1,CCCCCC(O)CC(=O)O[C@H]1[C@H](N(C)C)[C@@H](O)[C@H](O[C@H]2[C@@H](CCN3CCCCC3)C[C@@H](C)C(=O)/C=C/C(C)=C/[C@H](CN3CCCCC3)[C@@H](CC)OC(=O)C[C@@H](O)[C@@H]2C)O[C@@H]1C,CCCCCC(O)CC(=O)O[C@H]1[C@H](N(C)C)[C@@H](O)[C@H](O[C@H]2[C@@H](CCN3CCCCC3)C[C@@H](C)C(=O)/C=C/C(C)=C/[C@H](CN3CCCCC3)[C@@H](CC)OC(=O)C[C@@H](O)[C@@H]2C)O[C@@H]1C,TRUE,,1.062 
tildipirosin,Tildipirosin (泰地罗新),REF_TILDIPIROSIN,repository_reference,O30_attached_to_C26,30,26,C,MPM00411,"9-cis,12-cis-Octadecadienoic acid",CCCCCC=CCC=CCCCCCCCC(=O)O,1,CCCCCC=CCC=CCCCCCCCC(=O)O[C@H]1[C@H](N(C)C)[C@@H](O)[C@H](O[C@H]2[C@@H](CCN3CCCCC3)C[C@@H](C)C(=O)/C=C/C(C)=C/[C@H](CN3CCCCC3)[C@@H](CC)OC(=O)C[C@@H](O)[C@@H]2C)O[C@@H]1C,CCCCCC=CCC=CCCCCCCCC(=O)O[C@H]1[C@H](N(C)C)[C@@H](O)[C@H](O[C@H]2[C@@H](CCN3CCCCC3)C[C@@H](C)C(=O)/C=C/C(C)=C/[C@H](CN3CCCCC3)[C@@H](CC)OC(=O)C[C@@H](O)[C@@H]2C)O[C@@H]1C,TRUE,,0.635 
tildipirosin,Tildipirosin (泰地罗新),REF_TILDIPIROSIN,repository_reference,O30_attached_to_C26,30,26,C,MPM00689,Heptanoate,CCCCCCC(=O)O,1,CCCCCCC(=O)O[C@H]1[C@H](N(C)C)[C@@H](O)[C@H](O[C@H]2[C@@H](CCN3CCCCC3)C[C@@H](C)C(=O)/C=C/C(C)=C/[C@H](CN3CCCCC3)[C@@H](CC)OC(=O)C[C@@H](O)[C@@H]2C)O[C@@H]1C,CCCCCCC(=O)O[C@H]1[C@H](N(C)C)[C@@H](O)[C@H](O[C@H]2[C@@H](CCN3CCCCC3)C[C@@H](C)C(=O)/C=C/C(C)=C/[C@H](CN3CCCCC3)[C@@H](CC)OC(=O)C[C@@H](O)[C@@H]2C)O[C@@H]1C,TRUE,,1.272 
tildipirosin,Tildipirosin (泰地罗新),REF_TILDIPIROSIN,repository_reference,O30_attached_to_C26,30,26,C,MPM00300,3-Hydroxynonanoic acid,CCCCCCC(O)CC(=O)O,1,CCCCCCC(O)CC(=O)O[C@H]1[C@H](N(C)C)[C@@H](O)[C@H](O[C@H]2[C@@H](CCN3CCCCC3)C[C@@H](C)C(=O)/C=C/C(C)=C/[C@H](CN3CCCCC3)[C@@H](CC)OC(=O)C[C@@H](O)[C@@H]2C)O[C@@H]1C,CCCCCCC(O)CC(=O)O[C@H]1[C@H](N(C)C)[C@@H](O)[C@H](O[C@H]2[C@@H](CCN3CCCCC3)C[C@@H](C)C(=O)/C=C/C(C)=C/[C@H](CN3CCCCC3)[C@@H](CC)OC(=O)C[C@@H](O)[C@@H]2C)O[C@@H]1C,TRUE,,1.047 
tildipirosin,Tildipirosin (泰地罗新),REF_TILDIPIROSIN,repository_reference,O30_attached_to_C26,30,26,C,MPM00852,palmitoleate,CCCCCCC=CCCCCCCCC(=O)O,1,CCCCCCC=CCCCCCCCC(=O)O[C@H]1[C@H](N(C)C)[C@@H](O)[C@H](O[C@H]2[C@@H](CCN3CCCCC3)C[C@@H](C)C(=O)/C=C/C(C)=C/[C@H](CN3CCCCC3)[C@@H](CC)OC(=O)C[C@@H](O)[C@@H]2C)O[C@@H]1C,CCCCCCC=CCCCCCCCC(=O)O[C@H]1[C@H](N(C)C)[C@@H](O)[C@H](O[C@H]2[C@@H](CCN3CCCCC3)C[C@@H](C)C(=O)/C=C/C(C)=C/[C@H](CN3CCCCC3)[C@@H](CC)OC(=O)C[C@@H](O)[C@@H]2C)O[C@@H]1C,TRUE,,0.817 
tildipirosin,Tildipirosin (泰地罗新),REF_TILDIPIROSIN,repository_reference,O30_attached_to_C26,30,26,C,MPM00984,trans-vaccenic acid,CCCCCCC=CCCCCCCCCCC(=O)O,1,CCCCCCC=CCCCCCCCCCC(=O)O[C@H]1[C@H](N(C)C)[C@@H](O)[C@H](O[C@H]2[C@@H](CCN3CCCCC3)C[C@@H](C)C(=O)/C=C/C(C)=C/[C@H](CN3CCCCC3)[C@@H](CC)OC(=O)C[C@@H](O)[C@@H]2C)O[C@@H]1C,CCCCCCC=CCCCCCCCCCC(=O)O[C@H]1[C@H](N(C)C)[C@@H](O)[C@H](O[C@H]2[C@@H](CCN3CCCCC3)C[C@@H](C)C(=O)/C=C/C(C)=C/[C@H](CN3CCCCC3)[C@@H](CC)OC(=O)C[C@@H](O)[C@@H]2C)O[C@@H]1C,TRUE,,0.681 
tildipirosin,Tildipirosin (泰地罗新),REF_TILDIPIROSIN,repository_reference,O30_attached_to_C26,30,26,C,MPM00837,Octanoate,CCCCCCCC(=O)O,1,CCCCCCCC(=O)O[C@H]1[C@H](N(C)C)[C@@H](O)[C@H](O[C@H]2[C@@H](CCN3CCCCC3)C[C@@H](C)C(=O)/C=C/C(C)=C/[C@H](CN3CCCCC3)[C@@H](CC)OC(=O)C[C@@H](O)[C@@H]2C)O[C@@H]1C,CCCCCCCC(=O)O[C@H]1[C@H](N(C)C)[C@@H](O)[C@H](O[C@H]2[C@@H](CCN3CCCCC3)C[C@@H](C)C(=O)/C=C/C(C)=C/[C@H](CN3CCCCC3)[C@@H](CC)OC(=O)C[C@@H](O)[C@@H]2C)O[C@@H]1C,TRUE,,1.259 
tildipirosin,Tildipirosin (泰地罗新),REF_TILDIPIROSIN,repository_reference,O30_attached_to_C26,30,26,C,MPM00293,3-Hydroxydecanoic acid,CCCCCCCC(O)CC(=O)O,1,CCCCCCCC(O)CC(=O)O[C@H]1[C@H](N(C)C)[C@@H](O)[C@H](O[C@H]2[C@@H](CCN3CCCCC3)C[C@@H](C)C(=O)/C=C/C(C)=C/[C@H](CN3CCCCC3)[C@@H](CC)OC(=O)C[C@@H](O)[C@@H]2C)O[C@@H]1C,CCCCCCCC(O)CC(=O)O[C@H]1[C@H](N(C)C)[C@@H](O)[C@H](O[C@H]2[C@@H](CCN3CCCCC3)C[C@@H](C)C(=O)/C=C/C(C)=C/[C@H](CN3CCCCC3)[C@@H](CC)OC(=O)C[C@@H](O)[C@@H]2C)O[C@@H]1C,TRUE,,1.009 
tildipirosin,Tildipirosin (泰地罗新),REF_TILDIPIROSIN,repository_reference,O30_attached_to_C26,30,26,C,MPM00859,Pelargonic acid,CCCCCCCCC(=O)O,1,CCCCCCCCC(=O)O[C@H]1[C@H](N(C)C)[C@@H](O)[C@H](O[C@H]2[C@@H](CCN3CCCCC3)C[C@@H](C)C(=O)/C=C/C(C)=C/[C@H](CN3CCCCC3)[C@@H](CC)OC(=O)C[C@@H](O)[C@@H]2C)O[C@@H]1C,CCCCCCCCC(=O)O[C@H]1[C@H](N(C)C)[C@@H](O)[C@H](O[C@H]2[C@@H](CCN3CCCCC3)C[C@@H](C)C(=O)/C=C/C(C)=C/[C@H](CN3CCCCC3)[C@@H](CC)OC(=O)C[C@@H](O)[C@@H]2C)O[C@@H]1C,TRUE,,1.219 
tildipirosin,Tildipirosin (泰地罗新),REF_TILDIPIROSIN,repository_reference,O30_attached_to_C26,30,26,C,MPM00839,Oleic acid,CCCCCCCCC=CCCCCCCCC(=O)O,1,CCCCCCCCC=CCCCCCCCC(=O)O[C@H]1[C@H](N(C)C)[C@@H](O)[C@H](O[C@H]2[C@@H](CCN3CCCCC3)C[C@@H](C)C(=O)/C=C/C(C)=C/[C@H](CN3CCCCC3)[C@@H](CC)OC(=O)C[C@@H](O)[C@@H]2C)O[C@@H]1C,CCCCCCCCC=CCCCCCCCC(=O)O[C@H]1[C@H](N(C)C)[C@@H](O)[C@H](O[C@H]2[C@@H](CCN3CCCCC3)C[C@@H](C)C(=O)/C=C/C(C)=C/[C@H](CN3CCCCC3)[C@@H](CC)OC(=O)C[C@@H](O)[C@@H]2C)O[C@@H]1C,TRUE,,0.773 
tildipirosin,Tildipirosin (泰地罗新),REF_TILDIPIROSIN,repository_reference,O30_attached_to_C26,30,26,C,MPM00552,decanoate,CCCCCCCCCC(=O)O,1,CCCCCCCCCC(=O)O[C@H]1[C@H](N(C)C)[C@@H](O)[C@H](O[C@H]2[C@@H](CCN3CCCCC3)C[C@@H](C)C(=O)/C=C/C(C)=C/[C@H](CN3CCCCC3)[C@@H](CC)OC(=O)C[C@@H](O)[C@@H]2C)O[C@@H]1C,CCCCCCCCCC(=O)O[C@H]1[C@H](N(C)C)[C@@H](O)[C@H](O[C@H]2[C@@H](CCN3CCCCC3)C[C@@H](C)C(=O)/C=C/C(C)=C/[C@H](CN3CCCCC3)[C@@H](CC)OC(=O)C[C@@H](O)[C@@H]2C)O[C@@H]1C,TRUE,,1.181 
tildipirosin,Tildipirosin (泰地罗新),REF_TILDIPIROSIN,repository_reference,O30_attached_to_C26,30,26,C,MPM00294,3-Hydroxydodecanoic acid,CCCCCCCCCC(O)CC(=O)O,1,CCCCCCCCCC(O)CC(=O)O[C@H]1[C@H](N(C)C)[C@@H](O)[C@H](O[C@H]2[C@@H](CCN3CCCCC3)C[C@@H](C)C(=O)/C=C/C(C)=C/[C@H](CN3CCCCC3)[C@@H](CC)OC(=O)C[C@@H](O)[C@@H]2C)O[C@@H]1C,CCCCCCCCCC(O)CC(=O)O[C@H]1[C@H](N(C)C)[C@@H](O)[C@H](O[C@H]2[C@@H](CCN3CCCCC3)C[C@@H](C)C(=O)/C=C/C(C)=C/[C@H](CN3CCCCC3)[C@@H](CC)OC(=O)C[C@@H](O)[C@@H]2C)O[C@@H]1C,TRUE,,0.931 
tildipirosin,Tildipirosin (泰地罗新),REF_TILDIPIROSIN,repository_reference,O30_attached_to_C26,30,26,C,MPM00606,dodecanoate,CCCCCCCCCCCC(=O)O,1,CCCCCCCCCCCC(=O)O[C@H]1[C@H](N(C)C)[C@@H](O)[C@H](O[C@H]2[C@@H](CCN3CCCCC3)C[C@@H](C)C(=O)/C=C/C(C)=C/[C@H](CN3CCCCC3)[C@@H](CC)OC(=O)C[C@@H](O)[C@@H]2C)O[C@@H]1C,CCCCCCCCCCCC(=O)O[C@H]1[C@H](N(C)C)[C@@H](O)[C@H](O[C@H]2[C@@H](CCN3CCCCC3)C[C@@H](C)C(=O)/C=C/C(C)=C/[C@H](CN3CCCCC3)[C@@H](CC)OC(=O)C[C@@H](O)[C@@H]2C)O[C@@H]1C,TRUE,,1.103 
tildipirosin,Tildipirosin (泰地罗新),REF_TILDIPIROSIN,repository_reference,O30_attached_to_C26,30,26,C,MPM00305,3-Hydroxytetradecanoic acid,CCCCCCCCCCCC(O)CC(=O)O,1,CCCCCCCCCCCC(O)CC(=O)O[C@H]1[C@H](N(C)C)[C@@H](O)[C@H](O[C@H]2[C@@H](CCN3CCCCC3)C[C@@H](C)C(=O)/C=C/C(C)=C/[C@H](CN3CCCCC3)[C@@H](CC)OC(=O)C[C@@H](O)[C@@H]2C)O[C@@H]1C,CCCCCCCCCCCC(O)CC(=O)O[C@H]1[C@H](N(C)C)[C@@H](O)[C@H](O[C@H]2[C@@H](CCN3CCCCC3)C[C@@H](C)C(=O)/C=C/C(C)=C/[C@H](CN3CCCCC3)[C@@H](CC)OC(=O)C[C@@H](O)[C@@H]2C)O[C@@H]1C,TRUE,,0.853 
tildipirosin,Tildipirosin (泰地罗新),REF_TILDIPIROSIN,repository_reference,O30_attached_to_C26,30,26,C,MPM00864,Petroselaidic acid,CCCCCCCCCCCC=CCCCCC(=O)O,1,CCCCCCCCCCCC=CCCCCC(=O)O[C@H]1[C@H](N(C)C)[C@@H](O)[C@H](O[C@H]2[C@@H](CCN3CCCCC3)C[C@@H](C)C(=O)/C=C/C(C)=C/[C@H](CN3CCCCC3)[C@@H](CC)OC(=O)C[C@@H](O)[C@@H]2C)O[C@@H]1C,CCCCCCCCCCCC=CCCCCC(=O)O[C@H]1[C@H](N(C)C)[C@@H](O)[C@H](O[C@H]2[C@@H](CCN3CCCCC3)C[C@@H](C)C(=O)/C=C/C(C)=C/[C@H](CN3CCCCC3)[C@@H](CC)OC(=O)C[C@@H](O)[C@@H]2C)O[C@@H]1C,TRUE,,0.845 
tildipirosin,Tildipirosin (泰地罗新),REF_TILDIPIROSIN,repository_reference,O30_attached_to_C26,30,26,C,MPM00967,tetradecanoate,CCCCCCCCCCCCCC(=O)O,1,CCCCCCCCCCCCCC(=O)O[C@H]1[C@H](N(C)C)[C@@H](O)[C@H](O[C@H]2[C@@H](CCN3CCCCC3)C[C@@H](C)C(=O)/C=C/C(C)=C/[C@H](CN3CCCCC3)[C@@H](CC)OC(=O)C[C@@H](O)[C@@H]2C)O[C@@H]1C,CCCCCCCCCCCCCC(=O)O[C@H]1[C@H](N(C)C)[C@@H](O)[C@H](O[C@H]2[C@@H](CCN3CCCCC3)C[C@@H](C)C(=O)/C=C/C(C)=C/[C@H](CN3CCCCC3)[C@@H](CC)OC(=O)C[C@@H](O)[C@@H]2C)O[C@@H]1C,TRUE,,1.025 
tildipirosin,Tildipirosin (泰地罗新),REF_TILDIPIROSIN,repository_reference,O30_attached_to_C26,30,26,C,MPM00296,3-Hydroxyhexadecanoic acid,CCCCCCCCCCCCCC(O)CC(=O)O,1,CCCCCCCCCCCCCC(O)CC(=O)O[C@H]1[C@H](N(C)C)[C@@H](O)[C@H](O[C@H]2[C@@H](CCN3CCCCC3)C[C@@H](C)C(=O)/C=C/C(C)=C/[C@H](CN3CCCCC3)[C@@H](CC)OC(=O)C[C@@H](O)[C@@H]2C)O[C@@H]1C,CCCCCCCCCCCCCC(O)CC(=O)O[C@H]1[C@H](N(C)C)[C@@H](O)[C@H](O[C@H]2[C@@H](CCN3CCCCC3)C[C@@H](C)C(=O)/C=C/C(C)=C/[C@H](CN3CCCCC3)[C@@H](CC)OC(=O)C[C@@H](O)[C@@H]2C)O[C@@H]1C,TRUE,,0.775 
tildipirosin,Tildipirosin (泰地罗新),REF_TILDIPIROSIN,repository_reference,O30_attached_to_C26,30,26,C,MPM00511,Cetylic acid,CCCCCCCCCCCCCCCC(=O)O,1,CCCCCCCCCCCCCCCC(=O)O[C@H]1[C@H](N(C)C)[C@@H](O)[C@H](O[C@H]2[C@@H](CCN3CCCCC3)C[C@@H](C)C(=O)/C=C/C(C)=C/[C@H](CN3CCCCC3)[C@@H](CC)OC(=O)C[C@@H](O)[C@@H]2C)O[C@@H]1C,CCCCCCCCCCCCCCCC(=O)O[C@H]1[C@H](N(C)C)[C@@H](O)[C@H](O[C@H]2[C@@H](CCN3CCCCC3)C[C@@H](C)C(=O)/C=C/C(C)=C/[C@H](CN3CCCCC3)[C@@H](CC)OC(=O)C[C@@H](O)[C@@H]2C)O[C@@H]1C,TRUE,,0.947 
tildipirosin,Tildipirosin (泰地罗新),REF_TILDIPIROSIN,repository_reference,O30_attached_to_C26,30,26,C,MPM00955,Stearic acid,CCCCCCCCCCCCCCCCCC(=O)O,1,CCCCCCCCCCCCCCCCCC(=O)O[C@H]1[C@H](N(C)C)[C@@H](O)[C@H](O[C@H]2[C@@H](CCN3CCCCC3)C[C@@H](C)C(=O)/C=C/C(C)=C/[C@H](CN3CCCCC3)[C@@H](CC)OC(=O)C[C@@H](O)[C@@H]2C)O[C@@H]1C,CCCCCCCCCCCCCCCCCC(=O)O[C@H]1[C@H](N(C)C)[C@@H](O)[C@H](O[C@H]2[C@@H](CCN3CCCCC3)C[C@@H](C)C(=O)/C=C/C(C)=C/[C@H](CN3CCCCC3)[C@@H](CC)OC(=O)C[C@@H](O)[C@@H]2C)O[C@@H]1C,TRUE,,0.869 
tildipirosin,Tildipirosin (泰地罗新),REF_TILDIPIROSIN,repository_reference,O30_attached_to_C26,30,26,C,MPM01526,N-Methylglycine,CNCC(=O)O,1,CC[C@H]1OC(=O)C[C@@H](O)[C@H](C)[C@@H](O[C@@H]2O[C@H](C)[C@@H](OC(=O)CNC)[C@H](N(C)C)[C@H]2O)[C@@H](CCN2CCCCC2)C[C@@H](C)C(=O)/C=C/C(C)=C/[C@@H]1CN1CCCCC1,CC[C@H]1OC(=O)C[C@@H](O)[C@H](C)[C@@H](O[C@@H]2O[C@H](C)[C@@H](OC(=O)CNC)[C@H](N(C)C)[C@H]2O)[C@@H](CCN2CCCCC2)C[C@@H](C)C(=O)/C=C/C(C)=C/[C@@H]1CN1CCCCC1,TRUE,,1.845 
tildipirosin,Tildipirosin (泰地罗新),REF_TILDIPIROSIN,repository_reference,O30_attached_to_C26,30,26,C,MPM00346,4-Hydroxy-3-methoxycinnamate,COc1cc(C=CC(=O)O)ccc1O,1,CC[C@H]1OC(=O)C[C@@H](O)[C@H](C)[C@@H](O[C@@H]2O[C@H](C)[C@@H](OC(=O)C=Cc3ccc(O)c(OC)c3)[C@H](N(C)C)[C@H]2O)[C@@H](CCN2CCCCC2)C[C@@H](C)C(=O)/C=C/C(C)=C/[C@@H]1CN1CCCCC1,CC[C@H]1OC(=O)C[C@@H](O)[C@H](C)[C@@H](O[C@@H]2O[C@H](C)[C@@H](OC(=O)C=Cc3ccc(O)c(OC)c3)[C@H](N(C)C)[C@H]2O)[C@@H](CCN2CCCCC2)C[C@@H](C)C(=O)/C=C/C(C)=C/[C@@H]1CN1CCCCC1,TRUE,,2.180 
tildipirosin,Tildipirosin (泰地罗新),REF_TILDIPIROSIN,repository_reference,O30_attached_to_C26,30,26,C,MPM01482,L-Methionine (R)-S-oxide,CS(=O)CCC(N)C(=O)O,1,CC[C@H]1OC(=O)C[C@@H](O)[C@H](C)[C@@H](O[C@@H]2O[C@H](C)[C@@H](OC(=O)C(N)CCS(C)=O)[C@H](N(C)C)[C@H]2O)[C@@H](CCN2CCCCC2)C[C@@H](C)C(=O)/C=C/C(C)=C/[C@@H]1CN1CCCCC1,CC[C@H]1OC(=O)C[C@@H](O)[C@H](C)[C@@H](O[C@@H]2O[C@H](C)[C@@H](OC(=O)C(N)CCS(C)=O)[C@H](N(C)C)[C@H]2O)[C@@H](CCN2CCCCC2)C[C@@H](C)C(=O)/C=C/C(C)=C/[C@@H]1CN1CCCCC1,TRUE,,1.377 
tildipirosin,Tildipirosin (泰地罗新),REF_TILDIPIROSIN,repository_reference,O30_attached_to_C26,30,26,C,MPM01356,D-2-Amino-4-(methylthio)butyric acid,CSCCC(N)C(=O)O,1,CC[C@H]1OC(=O)C[C@@H](O)[C@H](C)[C@@H](O[C@@H]2O[C@H](C)[C@@H](OC(=O)C(N)CCSC)[C@H](N(C)C)[C@H]2O)[C@@H](CCN2CCCCC2)C[C@@H](C)C(=O)/C=C/C(C)=C/[C@@H]1CN1CCCCC1,CC[C@H]1OC(=O)C[C@@H](O)[C@H](C)[C@@H](O[C@@H]2O[C@H](C)[C@@H](OC(=O)C(N)CCSC)[C@H](N(C)C)[C@H]2O)[C@@H](CCN2CCCCC2)C[C@@H](C)C(=O)/C=C/C(C)=C/[C@@H]1CN1CCCCC1,TRUE,,1.176 
tildipirosin,Tildipirosin (泰地罗新),REF_TILDIPIROSIN,repository_reference,O30_attached_to_C26,30,26,C,MPM00678,Glycylmethionine,CSCCC(NC(=O)CN)C(=O)O,1,CC[C@H]1OC(=O)C[C@@H](O)[C@H](C)[C@@H](O[C@@H]2O[C@H](C)[C@@H](OC(=O)C(CCSC)NC(=O)CN)[C@H](N(C)C)[C@H]2O)[C@@H](CCN2CCCCC2)C[C@@H](C)C(=O)/C=C/C(C)=C/[C@@H]1CN1CCCCC1,CC[C@H]1OC(=O)C[C@@H](O)[C@H](C)[C@@H](O[C@@H]2O[C@H](C)[C@@H](OC(=O)C(CCSC)NC(=O)CN)[C@H](N(C)C)[C@H]2O)[C@@H](CCN2CCCCC2)C[C@@H](C)C(=O)/C=C/C(C)=C/[C@@H]1CN1CCCCC1,TRUE,,1.400 
tildipirosin,Tildipirosin (泰地罗新),REF_TILDIPIROSIN,repository_reference,O30_attached_to_C26,30,26,C,MPM01143,2-Aminosuccinamic acid,NC(=O)CC(N)C(=O)O,1,CC[C@H]1OC(=O)C[C@@H](O)[C@H](C)[C@@H](O[C@@H]2O[C@H](C)[C@@H](OC(=O)C(N)CC(N)=O)[C@H](N(C)C)[C@H]2O)[C@@H](CCN2CCCCC2)C[C@@H](C)C(=O)/C=C/C(C)=C/[C@@H]1CN1CCCCC1,CC[C@H]1OC(=O)C[C@@H](O)[C@H](C)[C@@H](O[C@@H]2O[C@H](C)[C@@H](OC(=O)C(N)CC(N)=O)[C@H](N(C)C)[C@H]2O)[C@@H](CCN2CCCCC2)C[C@@H](C)C(=O)/C=C/C(C)=C/[C@@H]1CN1CCCCC1,TRUE,,1.842 
tildipirosin,Tildipirosin (泰地罗新),REF_TILDIPIROSIN,repository_reference,O30_attached_to_C26,30,26,C,MPM01464,L-2-Aminoglutaramic acid,NC(=O)CCC(N)C(=O)O,1,CC[C@H]1OC(=O)C[C@@H](O)[C@H](C)[C@@H](O[C@@H]2O[C@H](C)[C@@H](OC(=O)C(N)CCC(N)=O)[C@H](N(C)C)[C@H]2O)[C@@H](CCN2CCCCC2)C[C@@H](C)C(=O)/C=C/C(C)=C/[C@@H]1CN1CCCCC1,CC[C@H]1OC(=O)C[C@@H](O)[C@H](C)[C@@H](O[C@@H]2O[C@H](C)[C@@H](OC(=O)C(N)CCC(N)=O)[C@H](N(C)C)[C@H]2O)[C@@H](CCN2CCCCC2)C[C@@H](C)C(=O)/C=C/C(C)=C/[C@@H]1CN1CCCCC1,TRUE,,1.770 
tildipirosin,Tildipirosin (泰地罗新),REF_TILDIPIROSIN,repository_reference,O30_attached_to_C26,30,26,C,MPM00951,S-Succinyldihydrolipoamide,NC(=O)CCCCC(S)CCSC(=O)CCC(=O)O,1,CC[C@H]1OC(=O)C[C@@H](O)[C@H](C)[C@@H](O[C@@H]2O[C@H](C)[C@@H](OC(=O)CCC(=O)SCCC(S)CCCCC(N)=O)[C@H](N(C)C)[C@H]2O)[C@@H](CCN2CCCCC2)C[C@@H](C)C(=O)/C=C/C(C)=C/[C@@H]1CN1CCCCC1,CC[C@H]1OC(=O)C[C@@H](O)[C@H](C)[C@@H](O[C@@H]2O[C@H](C)[C@@H](OC(=O)CCC(=O)SCCC(S)CCCCC(N)=O)[C@H](N(C)C)[C@H]2O)[C@@H](CCN2CCCCC2)C[C@@H](C)C(=O)/C=C/C(C)=C/[C@@H]1CN1CCCCC1,TRUE,,-1.171 
tildipirosin,Tildipirosin (泰地罗新),REF_TILDIPIROSIN,repository_reference,O30_attached_to_C26,30,26,C,MPM00444,Allophanic acid,NC(=O)NC(=O)O,1,CC[C@H]1OC(=O)C[C@@H](O)[C@H](C)[C@@H](O[C@@H]2O[C@H](C)[C@@H](OC(=O)NC(N)=O)[C@H](N(C)C)[C@H]2O)[C@@H](CCN2CCCCC2)C[C@@H](C)C(=O)/C=C/C(C)=C/[C@@H]1CN1CCCCC1,CC[C@H]1OC(=O)C[C@@H](O)[C@H](C)[C@@H](O[C@@H]2O[C@H](C)[C@@H](OC(=O)NC(N)=O)[C@H](N(C)C)[C@H]2O)[C@@H](CCN2CCCCC2)C[C@@H](C)C(=O)/C=C/C(C)=C/[C@@H]1CN1CCCCC1,TRUE,,1.052 
tildipirosin,Tildipirosin (泰地罗新),REF_TILDIPIROSIN,repository_reference,O30_attached_to_C26,30,26,C,MPM00442,Allantoic acid,NC(=O)NC(NC(N)=O)C(=O)O,1,CC[C@H]1OC(=O)C[C@@H](O)[C@H](C)[C@@H](O[C@@H]2O[C@H](C)[C@@H](OC(=O)C(NC(N)=O)NC(N)=O)[C@H](N(C)C)[C@H]2O)[C@@H](CCN2CCCCC2)C[C@@H](C)C(=O)/C=C/C(C)=C/[C@@H]1CN1CCCCC1,CC[C@H]1OC(=O)C[C@@H](O)[C@H](C)[C@@H](O[C@@H]2O[C@H](C)[C@@H](OC(=O)C(NC(N)=O)NC(N)=O)[C@H](N(C)C)[C@H]2O)[C@@H](CCN2CCCCC2)C[C@@H](C)C(=O)/C=C/C(C)=C/[C@@H]1CN1CCCCC1,TRUE,,0.776 
tildipirosin,Tildipirosin (泰地罗新),REF_TILDIPIROSIN,repository_reference,O30_attached_to_C26,30,26,C,MPM00004,(-)-Ureidoglycolate,NC(=O)NC(O)C(=O)O,1,CC[C@H]1OC(=O)C[C@@H](O)[C@H](C)[C@@H](O[C@@H]2O[C@H](C)[C@@H](OC(=O)C(O)NC(N)=O)[C@H](N(C)C)[C@H]2O)[C@@H](CCN2CCCCC2)C[C@@H](C)C(=O)/C=C/C(C)=C/[C@@H]1CN1CCCCC1,CC[C@H]1OC(=O)C[C@@H](O)[C@H](C)[C@@H](O[C@@H]2O[C@H](C)[C@@H](OC(=O)C(O)NC(N)=O)[C@H](N(C)C)[C@H]2O)[C@@H](CCN2CCCCC2)C[C@@H](C)C(=O)/C=C/C(C)=C/[C@@H]1CN1CCCCC1,TRUE,,1.144 
tildipirosin,Tildipirosin (泰地罗新),REF_TILDIPIROSIN,repository_reference,O30_attached_to_C26,30,26,C,MPM00254,2-Oxo-4-hydroxy-4-carboxy-5-ureidoimidazoline,NC(=O)NC1=NC(=O)NC1(O)C(=O)O,1,CC[C@H]1OC(=O)C[C@@H](O)[C@H](C)[C@@H](O[C@@H]2O[C@H](C)[C@@H](OC(=O)C3(O)NC(=O)N=C3NC(N)=O)[C@H](N(C)C)[C@H]2O)[C@@H](CCN2CCCCC2)C[C@@H](C)C(=O)/C=C/C(C)=C/[C@@H]1CN1CCCCC1,CC[C@H]1OC(=O)C[C@@H](O)[C@H](C)[C@@H](O[C@@H]2O[C@H](C)[C@@H](OC(=O)C3(O)NC(=O)N=C3NC(N)=O)[C@H](N(C)C)[C@H]2O)[C@@H](CCN2CCCCC2)C[C@@H](C)C(=O)/C=C/C(C)=C/[C@@H]1CN1CCCCC1,TRUE,,0.541 
tildipirosin,Tildipirosin (泰地罗新),REF_TILDIPIROSIN,repository_reference,O30_attached_to_C26,30,26,C,MPM00815,N-Carbamoyl-beta-alanine,NC(=O)NCCC(=O)O,1,CC[C@H]1OC(=O)C[C@@H](O)[C@H](C)[C@@H](O[C@@H]2O[C@H](C)[C@@H](OC(=O)CCNC(N)=O)[C@H](N(C)C)[C@H]2O)[C@@H](CCN2CCCCC2)C[C@@H](C)C(=O)/C=C/C(C)=C/[C@@H]1CN1CCCCC1,CC[C@H]1OC(=O)C[C@@H](O)[C@H](C)[C@@H](O[C@@H]2O[C@H](C)[C@@H](OC(=O)CCNC(N)=O)[C@H](N(C)C)[C@H]2O)[C@@H](CCN2CCCCC2)C[C@@H](C)C(=O)/C=C/C(C)=C/[C@@H]1CN1CCCCC1,TRUE,,1.295 
tildipirosin,Tildipirosin (泰地罗新),REF_TILDIPIROSIN,repository_reference,O30_attached_to_C26,30,26,C,MPM01334,Citrulline,NC(=O)NCCCC(N)C(=O)O,1,CC[C@H]1OC(=O)C[C@@H](O)[C@H](C)[C@@H](O[C@@H]2O[C@H](C)[C@@H](OC(=O)C(N)CCCNC(N)=O)[C@H](N(C)C)[C@H]2O)[C@@H](CCN2CCCCC2)C[C@@H](C)C(=O)/C=C/C(C)=C/[C@@H]1CN1CCCCC1,CC[C@H]1OC(=O)C[C@@H](O)[C@H](C)[C@@H](O[C@@H]2O[C@H](C)[C@@H](OC(=O)C(N)CCCNC(N)=O)[C@H](N(C)C)[C@H]2O)[C@@H](CCN2CCCCC2)C[C@@H](C)C(=O)/C=C/C(C)=C/[C@@H]1CN1CCCCC1,TRUE,,1.400 
tildipirosin,Tildipirosin (泰地罗新),REF_TILDIPIROSIN,repository_reference,O30_attached_to_C26,30,26,C,MPM01438,Hydroxythreonine,NC(C(=O)O)C(O)CO,1,CC[C@H]1OC(=O)C[C@@H](O)[C@H](C)[C@@H](O[C@@H]2O[C@H](C)[C@@H](OC(=O)C(N)C(O)CO)[C@H](N(C)C)[C@H]2O)[C@@H](CCN2CCCCC2)C[C@@H](C)C(=O)/C=C/C(C)=C/[C@@H]1CN1CCCCC1,CC[C@H]1OC(=O)C[C@@H](O)[C@H](C)[C@@H](O[C@@H]2O[C@H](C)[C@@H](OC(=O)C(N)C(O)CO)[C@H](N(C)C)[C@H]2O)[C@@H](CCN2CCCCC2)C[C@@H](C)C(=O)/C=C/C(C)=C/[C@@H]1CN1CCCCC1,TRUE,,1.419 
tildipirosin,Tildipirosin (泰地罗新),REF_TILDIPIROSIN,repository_reference,O30_attached_to_C26,30,26,C,MPM00363,4-Phosphooxy-L-threonine,NC(C(=O)O)C(O)COP(=O)(O)O,1,CC[C@H]1OC(=O)C[C@@H](O)[C@H](C)[C@@H](O[C@@H]2O[C@H](C)[C@@H](OC(=O)C(N)C(O)COP(=O)(O)O)[C@H](N(C)C)[C@H]2O)[C@@H](CCN2CCCCC2)C[C@@H](C)C(=O)/C=C/C(C)=C/[C@@H]1CN1CCCCC1,CC[C@H]1OC(=O)C[C@@H](O)[C@H](C)[C@@H](O[C@@H]2O[C@H](C)[C@@H](OC(=O)C(N)C(O)COP(=O)(O)O)[C@H](N(C)C)[C@H]2O)[C@@H](CCN2CCCCC2)C[C@@H](C)C(=O)/C=C/C(C)=C/[C@@H]1CN1CCCCC1,TRUE,,1.328 
tildipirosin,Tildipirosin (泰地罗新),REF_TILDIPIROSIN,repository_reference,O30_attached_to_C26,30,26,C,MPM01144,2-Ammoniomalonate semialdehyde,NC(C=O)C(=O)O,1,CC[C@H]1OC(=O)C[C@@H](O)[C@H](C)[C@@H](O[C@@H]2O[C@H](C)[C@@H](OC(=O)C(N)C=O)[C@H](N(C)C)[C@H]2O)[C@@H](CCN2CCCCC2)C[C@@H](C)C(=O)/C=C/C(C)=C/[C@@H]1CN1CCCCC1,CC[C@H]1OC(=O)C[C@@H](O)[C@H](C)[C@@H](O[C@@H]2O[C@H](C)[C@@H](OC(=O)C(N)C=O)[C@H](N(C)C)[C@H]2O)[C@@H](CCN2CCCCC2)C[C@@H](C)C(=O)/C=C/C(C)=C/[C@@H]1CN1CCCCC1,TRUE,,1.546 
tildipirosin,Tildipirosin (泰地罗新),REF_TILDIPIROSIN,repository_reference,O30_attached_to_C26,30,26,C,MPM01475,L-Glutamate 1-semialdehyde,NC(C=O)CCC(=O)O,1,CC[C@H]1OC(=O)C[C@@H](O)[C@H](C)[C@@H](O[C@@H]2O[C@H](C)[C@@H](OC(=O)CCC(N)C=O)[C@H](N(C)C)[C@H]2O)[C@@H](CCN2CCCCC2)C[C@@H](C)C(=O)/C=C/C(C)=C/[C@@H]1CN1CCCCC1,CC[C@H]1OC(=O)C[C@@H](O)[C@H](C)[C@@H](O[C@@H]2O[C@H](C)[C@@H](OC(=O)CCC(N)C=O)[C@H](N(C)C)[C@H]2O)[C@@H](CCN2CCCCC2)C[C@@H](C)C(=O)/C=C/C(C)=C/[C@@H]1CN1CCCCC1,TRUE,,1.289 
tildipirosin,Tildipirosin (泰地罗新),REF_TILDIPIROSIN,repository_reference,O30_attached_to_C26,30,26,C,MPM01471,L-Aspartic 4-semialdehyde,NC(CC=O)C(=O)O,1,CC[C@H]1OC(=O)C[C@@H](O)[C@H](C)[C@@H](O[C@@H]2O[C@H](C)[C@@H](OC(=O)C(N)CC=O)[C@H](N(C)C)[C@H]2O)[C@@H](CCN2CCCCC2)C[C@@H](C)C(=O)/C=C/C(C)=C/[C@@H]1CN1CCCCC1,CC[C@H]1OC(=O)C[C@@H](O)[C@H](C)[C@@H](O[C@@H]2O[C@H](C)[C@@H](OC(=O)C(N)CC=O)[C@H](N(C)C)[C@H]2O)[C@@H](CCN2CCCCC2)C[C@@H](C)C(=O)/C=C/C(C)=C/[C@@H]1CN1CCCCC1,TRUE,,1.377 
tildipirosin,Tildipirosin (泰地罗新),REF_TILDIPIROSIN,repository_reference,O30_attached_to_C26,30,26,C,MPM01476,L-Glutamate gamma-semialdehyde,NC(CCC=O)C(=O)O,1,CC[C@H]1OC(=O)C[C@@H](O)[C@H](C)[C@@H](O[C@@H]2O[C@H](C)[C@@H](OC(=O)C(N)CCC=O)[C@H](N(C)C)[C@H]2O)[C@@H](CCN2CCCCC2)C[C@@H](C)C(=O)/C=C/C(C)=C/[C@@H]1CN1CCCCC1,CC[C@H]1OC(=O)C[C@@H](O)[C@H](C)[C@@H](O[C@@H]2O[C@H](C)[C@@H](OC(=O)C(N)CCC=O)[C@H](N(C)C)[C@H]2O)[C@@H](CCN2CCCCC2)C[C@@H](C)C(=O)/C=C/C(C)=C/[C@@H]1CN1CCCCC1,TRUE,,1.305 
tildipirosin,Tildipirosin (泰地罗新),REF_TILDIPIROSIN,repository_reference,O30_attached_to_C26,30,26,C,MPM01076,(S)-2-Amino-6-oxohexanoate,NC(CCCC=O)C(=O)O,1,CC[C@H]1OC(=O)C[C@@H](O)[C@H](C)[C@@H](O[C@@H]2O[C@H](C)[C@@H](OC(=O)C(N)CCCC=O)[C@H](N(C)C)[C@H]2O)[C@@H](CCN2CCCCC2)C[C@@H](C)C(=O)/C=C/C(C)=C/[C@@H]1CN1CCCCC1,CC[C@H]1OC(=O)C[C@@H](O)[C@H](C)[C@@H](O[C@@H]2O[C@H](C)[C@@H](OC(=O)C(N)CCCC=O)[C@H](N(C)C)[C@H]2O)[C@@H](CCN2CCCCC2)C[C@@H](C)C(=O)/C=C/C(C)=C/[C@@H]1CN1CCCCC1,TRUE,,1.239 
tildipirosin,Tildipirosin (泰地罗新),REF_TILDIPIROSIN,repository_reference,O30_attached_to_C26,30,26,C,MPM00800,N6-(D-Fructosyl)-L-lysine,NC(CCCCNCC(=O)C(O)C(O)C(O)CO)C(=O)O,1,CC[C@H]1OC(=O)C[C@@H](O)[C@H](C)[C@@H](O[C@@H]2O[C@H](C)[C@@H](OC(=O)C(N)CCCCNCC(=O)C(O)C(O)C(O)CO)[C@H](N(C)C)[C@H]2O)[C@@H](CCN2CCCCC2)C[C@@H](C)C(=O)/C=C/C(C)=C/[C@@H]1CN1CCCCC1,CC[C@H]1OC(=O)C[C@@H](O)[C@H](C)[C@@H](O[C@@H]2O[C@H](C)[C@@H](OC(=O)C(N)CCCCNCC(=O)C(O)C(O)C(O)CO)[C@H](N(C)C)[C@H]2O)[C@@H](CCN2CCCCC2)C[C@@H](C)C(=O)/C=C/C(C)=C/[C@@H]1CN1CCCCC1,TRUE,,0.968 
tildipirosin,Tildipirosin (泰地罗新),REF_TILDIPIROSIN,repository_reference,O30_attached_to_C26,30,26,C,MPM01141,2-Amino-4-hydroxybutyric acid,NC(CCO)C(=O)O,1,CC[C@H]1OC(=O)C[C@@H](O)[C@H](C)[C@@H](O[C@@H]2O[C@H](C)[C@@H](OC(=O)C(N)CCO)[C@H](N(C)C)[C@H]2O)[C@@H](CCN2CCCCC2)C[C@@H](C)C(=O)/C=C/C(C)=C/[C@@H]1CN1CCCCC1,CC[C@H]1OC(=O)C[C@@H](O)[C@H](C)[C@@H](O[C@@H]2O[C@H](C)[C@@H](OC(=O)C(N)CCO)[C@H](N(C)C)[C@H]2O)[C@@H](CCN2CCCCC2)C[C@@H](C)C(=O)/C=C/C(C)=C/[C@@H]1CN1CCCCC1,TRUE,,1.690 
tildipirosin,Tildipirosin (泰地罗新),REF_TILDIPIROSIN,repository_reference,O30_attached_to_C26,30,26,C,MPM00698,Homocysteine,NC(CCS)C(=O)O,1,CC[C@H]1OC(=O)C[C@@H](O)[C@H](C)[C@@H](O[C@@H]2O[C@H](C)[C@@H](OC(=O)C(N)CCS)[C@H](N(C)C)[C@H]2O)[C@@H](CCN2CCCCC2)C[C@@H](C)C(=O)/C=C/C(C)=C/[C@@H]1CN1CCCCC1,CC[C@H]1OC(=O)C[C@@H](O)[C@H](C)[C@@H](O[C@@H]2O[C@H](C)[C@@H](OC(=O)C(N)CCS)[C@H](N(C)C)[C@H]2O)[C@@H](CCN2CCCCC2)C[C@@H](C)C(=O)/C=C/C(C)=C/[C@@H]1CN1CCCCC1,TRUE,,0.324 
tildipirosin,Tildipirosin (泰地罗新),REF_TILDIPIROSIN,repository_reference,O30_attached_to_C26,30,26,C,MPM01379,D-Serine,NC(CO)C(=O)O,1,CC[C@H]1OC(=O)C[C@@H](O)[C@H](C)[C@@H](O[C@@H]2O[C@H](C)[C@@H](OC(=O)C(N)CO)[C@H](N(C)C)[C@H]2O)[C@@H](CCN2CCCCC2)C[C@@H](C)C(=O)/C=C/C(C)=C/[C@@H]1CN1CCCCC1,CC[C@H]1OC(=O)C[C@@H](O)[C@H](C)[C@@H](O[C@@H]2O[C@H](C)[C@@H](OC(=O)C(N)CO)[C@H](N(C)C)[C@H]2O)[C@@H](CCN2CCCCC2)C[C@@H](C)C(=O)/C=C/C(C)=C/[C@@H]1CN1CCCCC1,TRUE,,1.687 
tildipirosin,Tildipirosin (泰地罗新),REF_TILDIPIROSIN,repository_reference,O30_attached_to_C26,30,26,C,MPM00325,3-Phospho-L-serine,NC(COP(=O)(O)O)C(=O)O,1,CC[C@H]1OC(=O)C[C@@H](O)[C@H](C)[C@@H](O[C@@H]2O[C@H](C)[C@@H](OC(=O)C(N)COP(=O)(O)O)[C@H](N(C)C)[C@H]2O)[C@@H](CCN2CCCCC2)C[C@@H](C)C(=O)/C=C/C(C)=C/[C@@H]1CN1CCCCC1,CC[C@H]1OC(=O)C[C@@H](O)[C@H](C)[C@@H](O[C@@H]2O[C@H](C)[C@@H](OC(=O)C(N)COP(=O)(O)O)[C@H](N(C)C)[C@H]2O)[C@@H](CCN2CCCCC2)C[C@@H](C)C(=O)/C=C/C(C)=C/[C@@H]1CN1CCCCC1,TRUE,,1.587 
tildipirosin,Tildipirosin (泰地罗新),REF_TILDIPIROSIN,repository_reference,O30_attached_to_C26,30,26,C,MPM00667,glycerol 1-phosphoserine(1-),NC(COP(=O)(O)OCC(O)CO)C(=O)O,1,CC[C@H]1OC(=O)C[C@@H](O)[C@H](C)[C@@H](O[C@@H]2O[C@H](C)[C@@H](OC(=O)C(N)COP(=O)(O)OCC(O)CO)[C@H](N(C)C)[C@H]2O)[C@@H](CCN2CCCCC2)C[C@@H](C)C(=O)/C=C/C(C)=C/[C@@H]1CN1CCCCC1,CC[C@H]1OC(=O)C[C@@H](O)[C@H](C)[C@@H](O[C@@H]2O[C@H](C)[C@@H](OC(=O)C(N)COP(=O)(O)OCC(O)CO)[C@H](N(C)C)[C@H]2O)[C@@H](CCN2CCCCC2)C[C@@H](C)C(=O)/C=C/C(C)=C/[C@@H]1CN1CCCCC1,TRUE,,1.361 
tildipirosin,Tildipirosin (泰地罗新),REF_TILDIPIROSIN,repository_reference,O30_attached_to_C26,30,26,C,MPM00199,2-Amino-3-sulfopropionic acid,NC(CS(=O)(=O)O)C(=O)O,1,CC[C@H]1OC(=O)C[C@@H](O)[C@H](C)[C@@H](O[C@@H]2O[C@H](C)[C@@H](OC(=O)C(N)CS(=O)(=O)O)[C@H](N(C)C)[C@H]2O)[C@@H](CCN2CCCCC2)C[C@@H](C)C(=O)/C=C/C(C)=C/[C@@H]1CN1CCCCC1,CC[C@H]1OC(=O)C[C@@H](O)[C@H](C)[C@@H](O[C@@H]2O[C@H](C)[C@@H](OC(=O)C(N)CS(=O)(=O)O)[C@H](N(C)C)[C@H]2O)[C@@H](CCN2CCCCC2)C[C@@H](C)C(=O)/C=C/C(C)=C/[C@@H]1CN1CCCCC1,TRUE,,1.869 
tildipirosin,Tildipirosin (泰地罗新),REF_TILDIPIROSIN,repository_reference,O30_attached_to_C26,30,26,C,MPM00329,3-Sulfinoalanine,NC(CS(=O)O)C(=O)O,1,CC[C@H]1OC(=O)C[C@@H](O)[C@H](C)[C@@H](O[C@@H]2O[C@H](C)[C@@H](OC(=O)C(N)CS(=O)O)[C@H](N(C)C)[C@H]2O)[C@@H](CCN2CCCCC2)C[C@@H](C)C(=O)/C=C/C(C)=C/[C@@H]1CN1CCCCC1,CC[C@H]1OC(=O)C[C@@H](O)[C@H](C)[C@@H](O[C@@H]2O[C@H](C)[C@@H](OC(=O)C(N)CS(=O)O)[C@H](N(C)C)[C@H]2O)[C@@H](CCN2CCCCC2)C[C@@H](C)C(=O)/C=C/C(C)=C/[C@@H]1CN1CCCCC1,TRUE,,1.935 
tildipirosin,Tildipirosin (泰地罗新),REF_TILDIPIROSIN,repository_reference,O30_attached_to_C26,30,26,C,MPM01473,L-Cysteinylglycine,NC(CS)C(=O)NCC(=O)O,1,CC[C@H]1OC(=O)C[C@@H](O)[C@H](C)[C@@H](O[C@@H]2O[C@H](C)[C@@H](OC(=O)CNC(=O)C(N)CS)[C@H](N(C)C)[C@H]2O)[C@@H](CCN2CCCCC2)C[C@@H](C)C(=O)/C=C/C(C)=C/[C@@H]1CN1CCCCC1,CC[C@H]1OC(=O)C[C@@H](O)[C@H](C)[C@@H](O[C@@H]2O[C@H](C)[C@@H](OC(=O)CNC(=O)C(N)CS)[C@H](N(C)C)[C@H]2O)[C@@H](CCN2CCCCC2)C[C@@H](C)C(=O)/C=C/C(C)=C/[C@@H]1CN1CCCCC1,TRUE,,0.421 
tildipirosin,Tildipirosin (泰地罗新),REF_TILDIPIROSIN,repository_reference,O30_attached_to_C26,30,26,C,MPM01361,D-Amino-3-mercaptopropionic acid,NC(CS)C(=O)O,1,CC[C@H]1OC(=O)C[C@@H](O)[C@H](C)[C@@H](O[C@@H]2O[C@H](C)[C@@H](OC(=O)C(N)CS)[C@H](N(C)C)[C@H]2O)[C@@H](CCN2CCCCC2)C[C@@H](C)C(=O)/C=C/C(C)=C/[C@@H]1CN1CCCCC1,CC[C@H]1OC(=O)C[C@@H](O)[C@H](C)[C@@H](O[C@@H]2O[C@H](C)[C@@H](OC(=O)C(N)CS)[C@H](N(C)C)[C@H]2O)[C@@H](CCN2CCCCC2)C[C@@H](C)C(=O)/C=C/C(C)=C/[C@@H]1CN1CCCCC1,TRUE,,0.390 
tildipirosin,Tildipirosin (泰地罗新),REF_TILDIPIROSIN,repository_reference,O30_attached_to_C26,30,26,C,MPM01078,(S)-alpha-Amino-beta-(3-indolyl)-propionic acid,NC(Cc1c[nH]c2ccccc12)C(=O)O,1,CC[C@H]1OC(=O)C[C@@H](O)[C@H](C)[C@@H](O[C@@H]2O[C@H](C)[C@@H](OC(=O)C(N)Cc3c[nH]c4ccccc34)[C@H](N(C)C)[C@H]2O)[C@@H](CCN2CCCCC2)C[C@@H](C)C(=O)/C=C/C(C)=C/[C@@H]1CN1CCCCC1,CC[C@H]1OC(=O)C[C@@H](O)[C@H](C)[C@@H](O[C@@H]2O[C@H](C)[C@@H](OC(=O)C(N)Cc3c[nH]c4ccccc34)[C@H](N(C)C)[C@H]2O)[C@@H](CCN2CCCCC2)C[C@@H](C)C(=O)/C=C/C(C)=C/[C@@H]1CN1CCCCC1,TRUE,,2.483 
tildipirosin,Tildipirosin (泰地罗新),REF_TILDIPIROSIN,repository_reference,O30_attached_to_C26,30,26,C,MPM01639,Tyrosine,NC(Cc1ccc(O)cc1)C(=O)O,1,CC[C@H]1OC(=O)C[C@@H](O)[C@H](C)[C@@H](O[C@@H]2O[C@H](C)[C@@H](OC(=O)C(N)Cc3ccc(O)cc3)[C@H](N(C)C)[C@H]2O)[C@@H](CCN2CCCCC2)C[C@@H](C)C(=O)/C=C/C(C)=C/[C@@H]1CN1CCCCC1,CC[C@H]1OC(=O)C[C@@H](O)[C@H](C)[C@@H](O[C@@H]2O[C@H](C)[C@@H](OC(=O)C(N)Cc3ccc(O)cc3)[C@H](N(C)C)[C@H]2O)[C@@H](CCN2CCCCC2)C[C@@H](C)C(=O)/C=C/C(C)=C/[C@@H]1CN1CCCCC1,TRUE,,1.871 
tildipirosin,Tildipirosin (泰地罗新),REF_TILDIPIROSIN,repository_reference,O30_attached_to_C26,30,26,C,MPM00895,Phosphonotyrosine,NC(Cc1ccc(OP(=O)(O)O)cc1)C(=O)O,1,CC[C@H]1OC(=O)C[C@@H](O)[C@H](C)[C@@H](O[C@@H]2O[C@H](C)[C@@H](OC(=O)C(N)Cc3ccc(OP(=O)(O)O)cc3)[C@H](N(C)C)[C@H]2O)[C@@H](CCN2CCCCC2)C[C@@H](C)C(=O)/C=C/C(C)=C/[C@@H]1CN1CCCCC1,CC[C@H]1OC(=O)C[C@@H](O)[C@H](C)[C@@H](O[C@@H]2O[C@H](C)[C@@H](OC(=O)C(N)Cc3ccc(OP(=O)(O)O)cc3)[C@H](N(C)C)[C@H]2O)[C@@H](CCN2CCCCC2)C[C@@H](C)C(=O)/C=C/C(C)=C/[C@@H]1CN1CCCCC1,TRUE,,1.330 
tildipirosin,Tildipirosin (泰地罗新),REF_TILDIPIROSIN,repository_reference,O30_attached_to_C26,30,26,C,MPM00612,D-phenylalanine,NC(Cc1ccccc1)C(=O)O,1,CC[C@H]1OC(=O)C[C@@H](O)[C@H](C)[C@@H](O[C@@H]2O[C@H](C)[C@@H](OC(=O)C(N)Cc3ccccc3)[C@H](N(C)C)[C@H]2O)[C@@H](CCN2CCCCC2)C[C@@H](C)C(=O)/C=C/C(C)=C/[C@@H]1CN1CCCCC1,CC[C@H]1OC(=O)C[C@@H](O)[C@H](C)[C@@H](O[C@@H]2O[C@H](C)[C@@H](OC(=O)C(N)Cc3ccccc3)[C@H](N(C)C)[C@H]2O)[C@@H](CCN2CCCCC2)C[C@@H](C)C(=O)/C=C/C(C)=C/[C@@H]1CN1CCCCC1,TRUE,,1.506 
tildipirosin,Tildipirosin (泰地罗新),REF_TILDIPIROSIN,repository_reference,O30_attached_to_C26,30,26,C,MPM01077,(S)-alpha-Amino-1H-imidazole-4-propionic acid,NC(Cc1cnc[nH]1)C(=O)O,1,CC[C@H]1OC(=O)C[C@@H](O)[C@H](C)[C@@H](O[C@@H]2O[C@H](C)[C@@H](OC(=O)C(N)Cc3cnc[nH]3)[C@H](N(C)C)[C@H]2O)[C@@H](CCN2CCCCC2)C[C@@H](C)C(=O)/C=C/C(C)=C/[C@@H]1CN1CCCCC1,CC[C@H]1OC(=O)C[C@@H](O)[C@H](C)[C@@H](O[C@@H]2O[C@H](C)[C@@H](OC(=O)C(N)Cc3cnc[nH]3)[C@H](N(C)C)[C@H]2O)[C@@H](CCN2CCCCC2)C[C@@H](C)C(=O)/C=C/C(C)=C/[C@@H]1CN1CCCCC1,TRUE,,1.501 
tildipirosin,Tildipirosin (泰地罗新),REF_TILDIPIROSIN,repository_reference,O30_attached_to_C26,30,26,C,MPM01165,2-Oxoarginine,NC(N)=NCCCC(=O)C(=O)O,1,CC[C@H]1OC(=O)C[C@@H](O)[C@H](C)[C@@H](O[C@@H]2O[C@H](C)[C@@H](OC(=O)C(=O)CCCN=C(N)N)[C@H](N(C)C)[C@H]2O)[C@@H](CCN2CCCCC2)C[C@@H](C)C(=O)/C=C/C(C)=C/[C@@H]1CN1CCCCC1,CC[C@H]1OC(=O)C[C@@H](O)[C@H](C)[C@@H](O[C@@H]2O[C@H](C)[C@@H](OC(=O)C(=O)CCCN=C(N)N)[C@H](N(C)C)[C@H]2O)[C@@H](CCN2CCCCC2)C[C@@H](C)C(=O)/C=C/C(C)=C/[C@@H]1CN1CCCCC1,TRUE,,1.551 
tildipirosin,Tildipirosin (泰地罗新),REF_TILDIPIROSIN,repository_reference,O30_attached_to_C26,30,26,C,MPM00541,D-2-Amino-5-guanidinovaleric acid,NC(N)=NCCCC(N)C(=O)O,1,CC[C@H]1OC(=O)C[C@@H](O)[C@H](C)[C@@H](O[C@@H]2O[C@H](C)[C@@H](OC(=O)C(N)CCCN=C(N)N)[C@H](N(C)C)[C@H]2O)[C@@H](CCN2CCCCC2)C[C@@H](C)C(=O)/C=C/C(C)=C/[C@@H]1CN1CCCCC1,CC[C@H]1OC(=O)C[C@@H](O)[C@H](C)[C@@H](O[C@@H]2O[C@H](C)[C@@H](OC(=O)C(N)CCCN=C(N)N)[C@H](N(C)C)[C@H]2O)[C@@H](CCN2CCCCC2)C[C@@H](C)C(=O)/C=C/C(C)=C/[C@@H]1CN1CCCCC1,TRUE,,1.663 
tildipirosin,Tildipirosin (泰地罗新),REF_TILDIPIROSIN,repository_reference,O30_attached_to_C26,30,26,C,MPM01242,5-Amino-4-oxovaleric acid,NCC(=O)CCC(=O)O,1,CC[C@H]1OC(=O)C[C@@H](O)[C@H](C)[C@@H](O[C@@H]2O[C@H](C)[C@@H](OC(=O)CCC(=O)CN)[C@H](N(C)C)[C@H]2O)[C@@H](CCN2CCCCC2)C[C@@H](C)C(=O)/C=C/C(C)=C/[C@@H]1CN1CCCCC1,CC[C@H]1OC(=O)C[C@@H](O)[C@H](C)[C@@H](O[C@@H]2O[C@H](C)[C@@H](OC(=O)CCC(=O)CN)[C@H](N(C)C)[C@H]2O)[C@@H](CCN2CCCCC2)C[C@@H](C)C(=O)/C=C/C(C)=C/[C@@H]1CN1CCCCC1,TRUE,,1.802 
tildipirosin,Tildipirosin (泰地罗新),REF_TILDIPIROSIN,repository_reference,O30_attached_to_C26,30,26,C,MPM00674,Glycyl-l-glutamine,NCC(=O)NC(CCC(N)=O)C(=O)O,1,CC[C@H]1OC(=O)C[C@@H](O)[C@H](C)[C@@H](O[C@@H]2O[C@H](C)[C@@H](OC(=O)C(CCC(N)=O)NC(=O)CN)[C@H](N(C)C)[C@H]2O)[C@@H](CCN2CCCCC2)C[C@@H](C)C(=O)/C=C/C(C)=C/[C@@H]1CN1CCCCC1,CC[C@H]1OC(=O)C[C@@H](O)[C@H](C)[C@@H](O[C@@H]2O[C@H](C)[C@@H](OC(=O)C(CCC(N)=O)NC(=O)CN)[C@H](N(C)C)[C@H]2O)[C@@H](CCN2CCCCC2)C[C@@H](C)C(=O)/C=C/C(C)=C/[C@@H]1CN1CCCCC1,TRUE,,1.997 
tildipirosin,Tildipirosin (泰地罗新),REF_TILDIPIROSIN,repository_reference,O30_attached_to_C26,30,26,C,MPM00673,Glycylcysteine,NCC(=O)NC(CS)C(=O)O,1,CC[C@H]1OC(=O)C[C@@H](O)[C@H](C)[C@@H](O[C@@H]2O[C@H](C)[C@@H](OC(=O)C(CS)NC(=O)CN)[C@H](N(C)C)[C@H]2O)[C@@H](CCN2CCCCC2)C[C@@H](C)C(=O)/C=C/C(C)=C/[C@@H]1CN1CCCCC1,CC[C@H]1OC(=O)C[C@@H](O)[C@H](C)[C@@H](O[C@@H]2O[C@H](C)[C@@H](OC(=O)C(CS)NC(=O)CN)[C@H](N(C)C)[C@H]2O)[C@@H](CCN2CCCCC2)C[C@@H](C)C(=O)/C=C/C(C)=C/[C@@H]1CN1CCCCC1,TRUE,,0.560 
tildipirosin,Tildipirosin (泰地罗新),REF_TILDIPIROSIN,repository_reference,O30_attached_to_C26,30,26,C,MPM00677,Glycyl-L-tyrosine,NCC(=O)NC(Cc1ccc(O)cc1)C(=O)O,1,CC[C@H]1OC(=O)C[C@@H](O)[C@H](C)[C@@H](O[C@@H]2O[C@H](C)[C@@H](OC(=O)C(Cc3ccc(O)cc3)NC(=O)CN)[C@H](N(C)C)[C@H]2O)[C@@H](CCN2CCCCC2)C[C@@H](C)C(=O)/C=C/C(C)=C/[C@@H]1CN1CCCCC1,CC[C@H]1OC(=O)C[C@@H](O)[C@H](C)[C@@H](O[C@@H]2O[C@H](C)[C@@H](OC(=O)C(Cc3ccc(O)cc3)NC(=O)CN)[C@H](N(C)C)[C@H]2O)[C@@H](CCN2CCCCC2)C[C@@H](C)C(=O)/C=C/C(C)=C/[C@@H]1CN1CCCCC1,TRUE,,2.097 
tildipirosin,Tildipirosin (泰地罗新),REF_TILDIPIROSIN,repository_reference,O30_attached_to_C26,30,26,C,MPM00676,Glycyl-L-phenylalanine,NCC(=O)NC(Cc1ccccc1)C(=O)O,1,CC[C@H]1OC(=O)C[C@@H](O)[C@H](C)[C@@H](O[C@@H]2O[C@H](C)[C@@H](OC(=O)C(Cc3ccccc3)NC(=O)CN)[C@H](N(C)C)[C@H]2O)[C@@H](CCN2CCCCC2)C[C@@H](C)C(=O)/C=C/C(C)=C/[C@@H]1CN1CCCCC1,CC[C@H]1OC(=O)C[C@@H](O)[C@H](C)[C@@H](O[C@@H]2O[C@H](C)[C@@H](OC(=O)C(Cc3ccccc3)NC(=O)CN)[C@H](N(C)C)[C@H]2O)[C@@H](CCN2CCCCC2)C[C@@H](C)C(=O)/C=C/C(C)=C/[C@@H]1CN1CCCCC1,TRUE,,1.727 
tildipirosin,Tildipirosin (泰地罗新),REF_TILDIPIROSIN,repository_reference,O30_attached_to_C26,30,26,C,MPM01413,Gly,NCC(=O)O,1,CC[C@H]1OC(=O)C[C@@H](O)[C@H](C)[C@@H](O[C@@H]2O[C@H](C)[C@@H](OC(=O)CN)[C@H](N(C)C)[C@H]2O)[C@@H](CCN2CCCCC2)C[C@@H](C)C(=O)/C=C/C(C)=C/[C@@H]1CN1CCCCC1,CC[C@H]1OC(=O)C[C@@H](O)[C@H](C)[C@@H](O[C@@H]2O[C@H](C)[C@@H](OC(=O)CN)[C@H](N(C)C)[C@H]2O)[C@@H](CCN2CCCCC2)C[C@@H](C)C(=O)/C=C/C(C)=C/[C@@H]1CN1CCCCC1,TRUE,,1.959 
tildipirosin,Tildipirosin (泰地罗新),REF_TILDIPIROSIN,repository_reference,O30_attached_to_C26,30,26,C,MPM01074,"(S)-2,3-Diaminopropanoate",NCC(N)C(=O)O,1,CC[C@H]1OC(=O)C[C@@H](O)[C@H](C)[C@@H](O[C@@H]2O[C@H](C)[C@@H](OC(=O)C(N)CN)[C@H](N(C)C)[C@H]2O)[C@@H](CCN2CCCCC2)C[C@@H](C)C(=O)/C=C/C(C)=C/[C@@H]1CN1CCCCC1,CC[C@H]1OC(=O)C[C@@H](O)[C@H](C)[C@@H](O[C@@H]2O[C@H](C)[C@@H](OC(=O)C(N)CN)[C@H](N(C)C)[C@H]2O)[C@@H](CCN2CCCCC2)C[C@@H](C)C(=O)/C=C/C(C)=C/[C@@H]1CN1CCCCC1,TRUE,,2.106 
tildipirosin,Tildipirosin (泰地罗新),REF_TILDIPIROSIN,repository_reference,O30_attached_to_C26,30,26,C,MPM01212,3-Aminopropanoate,NCCC(=O)O,1,CC[C@H]1OC(=O)C[C@@H](O)[C@H](C)[C@@H](O[C@@H]2O[C@H](C)[C@@H](OC(=O)CCN)[C@H](N(C)C)[C@H]2O)[C@@H](CCN2CCCCC2)C[C@@H](C)C(=O)/C=C/C(C)=C/[C@@H]1CN1CCCCC1,CC[C@H]1OC(=O)C[C@@H](O)[C@H](C)[C@@H](O[C@@H]2O[C@H](C)[C@@H](OC(=O)CCN)[C@H](N(C)C)[C@H]2O)[C@@H](CCN2CCCCC2)C[C@@H](C)C(=O)/C=C/C(C)=C/[C@@H]1CN1CCCCC1,TRUE,,1.869 
tildipirosin,Tildipirosin (泰地罗新),REF_TILDIPIROSIN,repository_reference,O30_attached_to_C26,30,26,C,MPM00725,"L-2,4-Diaminobutyrate",NCCC(N)C(=O)O,1,CC[C@H]1OC(=O)C[C@@H](O)[C@H](C)[C@@H](O[C@@H]2O[C@H](C)[C@@H](OC(=O)C(N)CCN)[C@H](N(C)C)[C@H]2O)[C@@H](CCN2CCCCC2)C[C@@H](C)C(=O)/C=C/C(C)=C/[C@@H]1CN1CCCCC1,CC[C@H]1OC(=O)C[C@@H](O)[C@H](C)[C@@H](O[C@@H]2O[C@H](C)[C@@H](OC(=O)C(N)CCN)[C@H](N(C)C)[C@H]2O)[C@@H](CCN2CCCCC2)C[C@@H](C)C(=O)/C=C/C(C)=C/[C@@H]1CN1CCCCC1,TRUE,,2.048 
tildipirosin,Tildipirosin (泰地罗新),REF_TILDIPIROSIN,repository_reference,O30_attached_to_C26,30,26,C,MPM01396,GABA,NCCCC(=O)O,1,CC[C@H]1OC(=O)C[C@@H](O)[C@H](C)[C@@H](O[C@@H]2O[C@H](C)[C@@H](OC(=O)CCCN)[C@H](N(C)C)[C@H]2O)[C@@H](CCN2CCCCC2)C[C@@H](C)C(=O)/C=C/C(C)=C/[C@@H]1CN1CCCCC1,CC[C@H]1OC(=O)C[C@@H](O)[C@H](C)[C@@H](O[C@@H]2O[C@H](C)[C@@H](OC(=O)CCCN)[C@H](N(C)C)[C@H]2O)[C@@H](CCN2CCCCC2)C[C@@H](C)C(=O)/C=C/C(C)=C/[C@@H]1CN1CCCCC1,TRUE,,1.806 
tildipirosin,Tildipirosin (泰地罗新),REF_TILDIPIROSIN,repository_reference,O30_attached_to_C26,30,26,C,MPM00093,"(S)-2,5-Diaminopentanoate",NCCCC(N)C(=O)O,1,CC[C@H]1OC(=O)C[C@@H](O)[C@H](C)[C@@H](O[C@@H]2O[C@H](C)[C@@H](OC(=O)C(N)CCCN)[C@H](N(C)C)[C@H]2O)[C@@H](CCN2CCCCC2)C[C@@H](C)C(=O)/C=C/C(C)=C/[C@@H]1CN1CCCCC1,CC[C@H]1OC(=O)C[C@@H](O)[C@H](C)[C@@H](O[C@@H]2O[C@H](C)[C@@H](OC(=O)C(N)CCCN)[C@H](N(C)C)[C@H]2O)[C@@H](CCN2CCCCC2)C[C@@H](C)C(=O)/C=C/C(C)=C/[C@@H]1CN1CCCCC1,TRUE,,1.986 
tildipirosin,Tildipirosin (泰地罗新),REF_TILDIPIROSIN,repository_reference,O30_attached_to_C26,30,26,C,MPM00742,L-beta-Lysine,NCCCC(N)CC(=O)O,1,CC[C@H]1OC(=O)C[C@@H](O)[C@H](C)[C@@H](O[C@@H]2O[C@H](C)[C@@H](OC(=O)CC(N)CCCN)[C@H](N(C)C)[C@H]2O)[C@@H](CCN2CCCCC2)C[C@@H](C)C(=O)/C=C/C(C)=C/[C@@H]1CN1CCCCC1,CC[C@H]1OC(=O)C[C@@H](O)[C@H](C)[C@@H](O[C@@H]2O[C@H](C)[C@@H](OC(=O)CC(N)CCCN)[C@H](N(C)C)[C@H]2O)[C@@H](CCN2CCCCC2)C[C@@H](C)C(=O)/C=C/C(C)=C/[C@@H]1CN1CCCCC1,TRUE,,1.729 
tildipirosin,Tildipirosin (泰地罗新),REF_TILDIPIROSIN,repository_reference,O30_attached_to_C26,30,26,C,MPM01164,2-Oxo-6-aminocaproate,NCCCCC(=O)C(=O)O,1,CC[C@H]1OC(=O)C[C@@H](O)[C@H](C)[C@@H](O[C@@H]2O[C@H](C)[C@@H](OC(=O)C(=O)CCCCN)[C@H](N(C)C)[C@H]2O)[C@@H](CCN2CCCCC2)C[C@@H](C)C(=O)/C=C/C(C)=C/[C@@H]1CN1CCCCC1,CC[C@H]1OC(=O)C[C@@H](O)[C@H](C)[C@@H](O[C@@H]2O[C@H](C)[C@@H](OC(=O)C(=O)CCCCN)[C@H](N(C)C)[C@H]2O)[C@@H](CCN2CCCCC2)C[C@@H](C)C(=O)/C=C/C(C)=C/[C@@H]1CN1CCCCC1,TRUE,,1.802 
tildipirosin,Tildipirosin (泰地罗新),REF_TILDIPIROSIN,repository_reference,O30_attached_to_C26,30,26,C,MPM00184,"2,6-Diaminohexanoic acid",NCCCCC(N)C(=O)O,1,CC[C@H]1OC(=O)C[C@@H](O)[C@H](C)[C@@H](O[C@@H]2O[C@H](C)[C@@H](OC(=O)C(N)CCCCN)[C@H](N(C)C)[C@H]2O)[C@@H](CCN2CCCCC2)C[C@@H](C)C(=O)/C=C/C(C)=C/[C@@H]1CN1CCCCC1,CC[C@H]1OC(=O)C[C@@H](O)[C@H](C)[C@@H](O[C@@H]2O[C@H](C)[C@@H](OC(=O)C(N)CCCCN)[C@H](N(C)C)[C@H]2O)[C@@H](CCN2CCCCC2)C[C@@H](C)C(=O)/C=C/C(C)=C/[C@@H]1CN1CCCCC1,TRUE,,1.920 
tildipirosin,Tildipirosin (泰地罗新),REF_TILDIPIROSIN,repository_reference,O30_attached_to_C26,30,26,C,MPM00373,5-Amino-1-(5-phospho-D-ribosyl)imidazole-4-carboxylate,Nc1c(C(=O)O)ncn1C1OC(COP(=O)(O)O)C(O)C1O,1,CC[C@H]1OC(=O)C[C@@H](O)[C@H](C)[C@@H](O[C@@H]2O[C@H](C)[C@@H](OC(=O)c3ncn(C4OC(COP(=O)(O)O)C(O)C4O)c3N)[C@H](N(C)C)[C@H]2O)[C@@H](CCN2CCCCC2)C[C@@H](C)C(=O)/C=C/C(C)=C/[C@@H]1CN1CCCCC1,CC[C@H]1OC(=O)C[C@@H](O)[C@H](C)[C@@H](O[C@@H]2O[C@H](C)[C@@H](OC(=O)c3ncn(C4OC(COP(=O)(O)O)C(O)C4O)c3N)[C@H](N(C)C)[C@H]2O)[C@@H](CCN2CCCCC2)C[C@@H](C)C(=O)/C=C/C(C)=C/[C@@H]1CN1CCCCC1,TRUE,,-1.017 
tildipirosin,Tildipirosin (泰地罗新),REF_TILDIPIROSIN,repository_reference,O30_attached_to_C26,30,26,C,MPM00854,p-Aminobenzoate,Nc1ccc(C(=O)O)cc1,1,CC[C@H]1OC(=O)C[C@@H](O)[C@H](C)[C@@H](O[C@@H]2O[C@H](C)[C@@H](OC(=O)c3ccc(N)cc3)[C@H](N(C)C)[C@H]2O)[C@@H](CCN2CCCCC2)C[C@@H](C)C(=O)/C=C/C(C)=C/[C@@H]1CN1CCCCC1,CC[C@H]1OC(=O)C[C@@H](O)[C@H](C)[C@@H](O[C@@H]2O[C@H](C)[C@@H](OC(=O)c3ccc(N)cc3)[C@H](N(C)C)[C@H]2O)[C@@H](CCN2CCCCC2)C[C@@H](C)C(=O)/C=C/C(C)=C/[C@@H]1CN1CCCCC1,TRUE,,1.901 
tildipirosin,Tildipirosin (泰地罗新),REF_TILDIPIROSIN,repository_reference,O30_attached_to_C26,30,26,C,MPM00406,"7,8-Dihydropteroate",Nc1nc2c(c(=O)[nH]1)N=C(CNc1ccc(C(=O)O)cc1)CN2,1,CC[C@H]1OC(=O)C[C@@H](O)[C@H](C)[C@@H](O[C@@H]2O[C@H](C)[C@@H](OC(=O)c3ccc(NCC4=Nc5c(nc(N)[nH]c5=O)NC4)cc3)[C@H](N(C)C)[C@H]2O)[C@@H](CCN2CCCCC2)C[C@@H](C)C(=O)/C=C/C(C)=C/[C@@H]1CN1CCCCC1,CC[C@H]1OC(=O)C[C@@H](O)[C@H](C)[C@@H](O[C@@H]2O[C@H](C)[C@@H](OC(=O)c3ccc(NCC4=Nc5c(nc(N)[nH]c5=O)NC4)cc3)[C@H](N(C)C)[C@H]2O)[C@@H](CCN2CCCCC2)C[C@@H](C)C(=O)/C=C/C(C)=C/[C@@H]1CN1CCCCC1,TRUE,,1.324 
tildipirosin,Tildipirosin (泰地罗新),REF_TILDIPIROSIN,repository_reference,O30_attached_to_C26,30,26,C,MPM00938,Se-Adenosylselenohomocysteine,Nc1ncnc2c1ncn2C1OC(C[Se]CCC(N)C(=O)O)C(O)C1O,1,CC[C@H]1OC(=O)C[C@@H](O)[C@H](C)[C@@H](O[C@@H]2O[C@H](C)[C@@H](OC(=O)C(N)CC[Se]CC3OC(n4cnc5c(N)ncnc54)C(O)C3O)[C@H](N(C)C)[C@H]2O)[C@@H](CCN2CCCCC2)C[C@@H](C)C(=O)/C=C/C(C)=C/[C@@H]1CN1CCCCC1,CC[C@H]1OC(=O)C[C@@H](O)[C@H](C)[C@@H](O[C@@H]2O[C@H](C)[C@@H](OC(=O)C(N)CC[Se]CC3OC(n4cnc5c(N)ncnc54)C(O)C3O)[C@H](N(C)C)[C@H]2O)[C@@H](CCN2CCCCC2)C[C@@H](C)C(=O)/C=C/C(C)=C/[C@@H]1CN1CCCCC1,TRUE,,-1.222 
tildipirosin,Tildipirosin (泰地罗新),REF_TILDIPIROSIN,repository_reference,O30_attached_to_C26,30,26,C,MPM00210,2-Dehydro-3-deoxy-D-galactonate,O=C(O)C(=O)CC(O)C(O)CO,1,CC[C@H]1OC(=O)C[C@@H](O)[C@H](C)[C@@H](O[C@@H]2O[C@H](C)[C@@H](OC(=O)C(=O)CC(O)C(O)CO)[C@H](N(C)C)[C@H]2O)[C@@H](CCN2CCCCC2)C[C@@H](C)C(=O)/C=C/C(C)=C/[C@@H]1CN1CCCCC1,CC[C@H]1OC(=O)C[C@@H](O)[C@H](C)[C@@H](O[C@@H]2O[C@H](C)[C@@H](OC(=O)C(=O)CC(O)C(O)CO)[C@H](N(C)C)[C@H]2O)[C@@H](CCN2CCCCC2)C[C@@H](C)C(=O)/C=C/C(C)=C/[C@@H]1CN1CCCCC1,TRUE,,1.079 
tildipirosin,Tildipirosin (泰地罗新),REF_TILDIPIROSIN,repository_reference,O30_attached_to_C26,30,26,C,MPM00212,2-Dehydro-3-deoxy-D-gluconate 6-phosphate,O=C(O)C(=O)CC(O)C(O)COP(=O)(O)O,1,CC[C@H]1OC(=O)C[C@@H](O)[C@H](C)[C@@H](O[C@@H]2O[C@H](C)[C@@H](OC(=O)C(=O)CC(O)C(O)COP(=O)(O)O)[C@H](N(C)C)[C@H]2O)[C@@H](CCN2CCCCC2)C[C@@H](C)C(=O)/C=C/C(C)=C/[C@@H]1CN1CCCCC1,CC[C@H]1OC(=O)C[C@@H](O)[C@H](C)[C@@H](O[C@@H]2O[C@H](C)[C@@H](OC(=O)C(=O)CC(O)C(O)COP(=O)(O)O)[C@H](N(C)C)[C@H]2O)[C@@H](CCN2CCCCC2)C[C@@H](C)C(=O)/C=C/C(C)=C/[C@@H]1CN1CCCCC1,TRUE,,0.921 
tildipirosin,Tildipirosin (泰地罗新),REF_TILDIPIROSIN,repository_reference,O30_attached_to_C26,30,26,C,MPM00304,3-Hydroxypyruvic acid,O=C(O)C(=O)CO,1,CC[C@H]1OC(=O)C[C@@H](O)[C@H](C)[C@@H](O[C@@H]2O[C@H](C)[C@@H](OC(=O)C(=O)CO)[C@H](N(C)C)[C@H]2O)[C@@H](CCN2CCCCC2)C[C@@H](C)C(=O)/C=C/C(C)=C/[C@@H]1CN1CCCCC1,CC[C@H]1OC(=O)C[C@@H](O)[C@H](C)[C@@H](O[C@@H]2O[C@H](C)[C@@H](OC(=O)C(=O)CO)[C@H](N(C)C)[C@H]2O)[C@@H](CCN2CCCCC2)C[C@@H](C)C(=O)/C=C/C(C)=C/[C@@H]1CN1CCCCC1,TRUE,,1.991 
tildipirosin,Tildipirosin (泰地罗新),REF_TILDIPIROSIN,repository_reference,O30_attached_to_C26,30,26,C,MPM00897,p-Hydroxyphenylpyruvic acid,O=C(O)C(=O)Cc1ccc(O)cc1,1,CC[C@H]1OC(=O)C[C@@H](O)[C@H](C)[C@@H](O[C@@H]2O[C@H](C)[C@@H](OC(=O)C(=O)Cc3ccc(O)cc3)[C@H](N(C)C)[C@H]2O)[C@@H](CCN2CCCCC2)C[C@@H](C)C(=O)/C=C/C(C)=C/[C@@H]1CN1CCCCC1,CC[C@H]1OC(=O)C[C@@H](O)[C@H](C)[C@@H](O[C@@H]2O[C@H](C)[C@@H](OC(=O)C(=O)Cc3ccc(O)cc3)[C@H](N(C)C)[C@H]2O)[C@@H](CCN2CCCCC2)C[C@@H](C)C(=O)/C=C/C(C)=C/[C@@H]1CN1CCCCC1,TRUE,,1.935 
tildipirosin,Tildipirosin (泰地罗新),REF_TILDIPIROSIN,repository_reference,O30_attached_to_C26,30,26,C,MPM00253,2-Oxo-3-phenylpropanoate,O=C(O)C(=O)Cc1ccccc1,1,CC[C@H]1OC(=O)C[C@@H](O)[C@H](C)[C@@H](O[C@@H]2O[C@H](C)[C@@H](OC(=O)C(=O)Cc3ccccc3)[C@H](N(C)C)[C@H]2O)[C@@H](CCN2CCCCC2)C[C@@H](C)C(=O)/C=C/C(C)=C/[C@@H]1CN1CCCCC1,CC[C@H]1OC(=O)C[C@@H](O)[C@H](C)[C@@H](O[C@@H]2O[C@H](C)[C@@H](OC(=O)C(=O)Cc3ccccc3)[C@H](N(C)C)[C@H]2O)[C@@H](CCN2CCCCC2)C[C@@H](C)C(=O)/C=C/C(C)=C/[C@@H]1CN1CCCCC1,TRUE,,1.569 
tildipirosin,Tildipirosin (泰地罗新),REF_TILDIPIROSIN,repository_reference,O30_attached_to_C26,30,26,C,MPM00249,2-O-(alpha-D-Mannopyranosyl)-D-glycerate,O=C(O)C(CO)OC1OC(CO)C(O)C(O)C1O,1,CC[C@H]1OC(=O)C[C@@H](O)[C@H](C)[C@@H](O[C@@H]2O[C@H](C)[C@@H](OC(=O)C(CO)OC3OC(CO)C(O)C(O)C3O)[C@H](N(C)C)[C@H]2O)[C@@H](CCN2CCCCC2)C[C@@H](C)C(=O)/C=C/C(C)=C/[C@@H]1CN1CCCCC1,CC[C@H]1OC(=O)C[C@@H](O)[C@H](C)[C@@H](O[C@@H]2O[C@H](C)[C@@H](OC(=O)C(CO)OC3OC(CO)C(O)C(O)C3O)[C@H](N(C)C)[C@H]2O)[C@@H](CCN2CCCCC2)C[C@@H](C)C(=O)/C=C/C(C)=C/[C@@H]1CN1CCCCC1,TRUE,,0.364 
tildipirosin,Tildipirosin (泰地罗新),REF_TILDIPIROSIN,repository_reference,O30_attached_to_C26,30,26,C,MPM00248,2-O-(6-Phospho-alpha-D-mannosyl)-D-glycerate,O=C(O)C(CO)OC1OC(COP(=O)(O)O)C(O)C(O)C1O,1,CC[C@H]1OC(=O)C[C@@H](O)[C@H](C)[C@@H](O[C@@H]2O[C@H](C)[C@@H](OC(=O)C(CO)OC3OC(COP(=O)(O)O)C(O)C(O)C3O)[C@H](N(C)C)[C@H]2O)[C@@H](CCN2CCCCC2)C[C@@H](C)C(=O)/C=C/C(C)=C/[C@@H]1CN1CCCCC1,CC[C@H]1OC(=O)C[C@@H](O)[C@H](C)[C@@H](O[C@@H]2O[C@H](C)[C@@H](OC(=O)C(CO)OC3OC(COP(=O)(O)O)C(O)C(O)C3O)[C@H](N(C)C)[C@H]2O)[C@@H](CCN2CCCCC2)C[C@@H](C)C(=O)/C=C/C(C)=C/[C@@H]1CN1CCCCC1,TRUE,,0.209 
tildipirosin,Tildipirosin (泰地罗新),REF_TILDIPIROSIN,repository_reference,O30_attached_to_C26,30,26,C,MPM00262,2-Phospho-(R)-glycerate,O=C(O)C(CO)OP(=O)(O)O,1,CC[C@H]1OC(=O)C[C@@H](O)[C@H](C)[C@@H](O[C@@H]2O[C@H](C)[C@@H](OC(=O)C(CO)OP(=O)(O)O)[C@H](N(C)C)[C@H]2O)[C@@H](CCN2CCCCC2)C[C@@H](C)C(=O)/C=C/C(C)=C/[C@@H]1CN1CCCCC1,CC[C@H]1OC(=O)C[C@@H](O)[C@H](C)[C@@H](O[C@@H]2O[C@H](C)[C@@H](OC(=O)C(CO)OP(=O)(O)O)[C@H](N(C)C)[C@H]2O)[C@@H](CCN2CCCCC2)C[C@@H](C)C(=O)/C=C/C(C)=C/[C@@H]1CN1CCCCC1,TRUE,,1.141 
tildipirosin,Tildipirosin (泰地罗新),REF_TILDIPIROSIN,repository_reference,O30_attached_to_C26,30,26,C,MPM00380,5-Dehydrogluconate,O=C(O)C(O)C(O)C(O)C(=O)CO,1,CC[C@H]1OC(=O)C[C@@H](O)[C@H](C)[C@@H](O[C@@H]2O[C@H](C)[C@@H](OC(=O)C(O)C(O)C(O)C(=O)CO)[C@H](N(C)C)[C@H]2O)[C@@H](CCN2CCCCC2)C[C@@H](C)C(=O)/C=C/C(C)=C/[C@@H]1CN1CCCCC1,CC[C@H]1OC(=O)C[C@@H](O)[C@H](C)[C@@H](O[C@@H]2O[C@H](C)[C@@H](OC(=O)C(O)C(O)C(O)C(=O)CO)[C@H](N(C)C)[C@H]2O)[C@@H](CCN2CCCCC2)C[C@@H](C)C(=O)/C=C/C(C)=C/[C@@H]1CN1CCCCC1,TRUE,,1.039 
tildipirosin,Tildipirosin (泰地罗新),REF_TILDIPIROSIN,repository_reference,O30_attached_to_C26,30,26,C,MPM00547,D-Altronate,O=C(O)C(O)C(O)C(O)C(O)CO,1,CC[C@H]1OC(=O)C[C@@H](O)[C@H](C)[C@@H](O[C@@H]2O[C@H](C)[C@@H](OC(=O)C(O)C(O)C(O)C(O)CO)[C@H](N(C)C)[C@H]2O)[C@@H](CCN2CCCCC2)C[C@@H](C)C(=O)/C=C/C(C)=C/[C@@H]1CN1CCCCC1,CC[C@H]1OC(=O)C[C@@H](O)[C@H](C)[C@@H](O[C@@H]2O[C@H](C)[C@@H](OC(=O)C(O)C(O)C(O)C(O)CO)[C@H](N(C)C)[C@H]2O)[C@@H](CCN2CCCCC2)C[C@@H](C)C(=O)/C=C/C(C)=C/[C@@H]1CN1CCCCC1,TRUE,,0.685 
tildipirosin,Tildipirosin (泰地罗新),REF_TILDIPIROSIN,repository_reference,O30_attached_to_C26,30,26,C,MPM00401,6-Phospho-D-gluconate,O=C(O)C(O)C(O)C(O)C(O)COP(=O)(O)O,1,CC[C@H]1OC(=O)C[C@@H](O)[C@H](C)[C@@H](O[C@@H]2O[C@H](C)[C@@H](OC(=O)C(O)C(O)C(O)C(O)COP(=O)(O)O)[C@H](N(C)C)[C@H]2O)[C@@H](CCN2CCCCC2)C[C@@H](C)C(=O)/C=C/C(C)=C/[C@@H]1CN1CCCCC1,CC[C@H]1OC(=O)C[C@@H](O)[C@H](C)[C@@H](O[C@@H]2O[C@H](C)[C@@H](OC(=O)C(O)C(O)C(O)C(O)COP(=O)(O)O)[C@H](N(C)C)[C@H]2O)[C@@H](CCN2CCCCC2)C[C@@H](C)C(=O)/C=C/C(C)=C/[C@@H]1CN1CCCCC1,TRUE,,0.521 
tildipirosin,Tildipirosin (泰地罗新),REF_TILDIPIROSIN,repository_reference,O30_attached_to_C26,30,26,C,MPM00666,Glyceric acid,O=C(O)C(O)CO,1,CC[C@H]1OC(=O)C[C@@H](O)[C@H](C)[C@@H](O[C@@H]2O[C@H](C)[C@@H](OC(=O)C(O)CO)[C@H](N(C)C)[C@H]2O)[C@@H](CCN2CCCCC2)C[C@@H](C)C(=O)/C=C/C(C)=C/[C@@H]1CN1CCCCC1,CC[C@H]1OC(=O)C[C@@H](O)[C@H](C)[C@@H](O[C@@H]2O[C@H](C)[C@@H](OC(=O)C(O)CO)[C@H](N(C)C)[C@H]2O)[C@@H](CCN2CCCCC2)C[C@@H](C)C(=O)/C=C/C(C)=C/[C@@H]1CN1CCCCC1,TRUE,,1.502 
tildipirosin,Tildipirosin (泰地罗新),REF_TILDIPIROSIN,repository_reference,O30_attached_to_C26,30,26,C,MPM00324,3-Phosphoglycerate,O=C(O)C(O)COP(=O)(O)O,1,CC[C@H]1OC(=O)C[C@@H](O)[C@H](C)[C@@H](O[C@@H]2O[C@H](C)[C@@H](OC(=O)C(O)COP(=O)(O)O)[C@H](N(C)C)[C@H]2O)[C@@H](CCN2CCCCC2)C[C@@H](C)C(=O)/C=C/C(C)=C/[C@@H]1CN1CCCCC1,CC[C@H]1OC(=O)C[C@@H](O)[C@H](C)[C@@H](O[C@@H]2O[C@H](C)[C@@H](OC(=O)C(O)COP(=O)(O)O)[C@H](N(C)C)[C@H]2O)[C@@H](CCN2CCCCC2)C[C@@H](C)C(=O)/C=C/C(C)=C/[C@@H]1CN1CCCCC1,TRUE,,1.340 
tildipirosin,Tildipirosin (泰地罗新),REF_TILDIPIROSIN,repository_reference,O30_attached_to_C26,30,26,C,MPM00001,(-)-Quinic acid,O=C(O)C1(O)CC(O)C(O)C(O)C1,1,CC[C@H]1OC(=O)C[C@@H](O)[C@H](C)[C@@H](O[C@@H]2O[C@H](C)[C@@H](OC(=O)C3(O)CC(O)C(O)C(O)C3)[C@H](N(C)C)[C@H]2O)[C@@H](CCN2CCCCC2)C[C@@H](C)C(=O)/C=C/C(C)=C/[C@@H]1CN1CCCCC1,CC[C@H]1OC(=O)C[C@@H](O)[C@H](C)[C@@H](O[C@@H]2O[C@H](C)[C@@H](OC(=O)C3(O)CC(O)C(O)C(O)C3)[C@H](N(C)C)[C@H]2O)[C@@H](CCN2CCCCC2)C[C@@H](C)C(=O)/C=C/C(C)=C/[C@@H]1CN1CCCCC1,TRUE,,0.417 
tildipirosin,Tildipirosin (泰地罗新),REF_TILDIPIROSIN,repository_reference,O30_attached_to_C26,30,26,C,MPM00283,3-Dehydroshikimate,O=C(O)C1=CC(=O)C(O)C(O)C1,1,CC[C@H]1OC(=O)C[C@@H](O)[C@H](C)[C@@H](O[C@@H]2O[C@H](C)[C@@H](OC(=O)C3=CC(=O)C(O)C(O)C3)[C@H](N(C)C)[C@H]2O)[C@@H](CCN2CCCCC2)C[C@@H](C)C(=O)/C=C/C(C)=C/[C@@H]1CN1CCCCC1,CC[C@H]1OC(=O)C[C@@H](O)[C@H](C)[C@@H](O[C@@H]2O[C@H](C)[C@@H](OC(=O)C3=CC(=O)C(O)C(O)C3)[C@H](N(C)C)[C@H]2O)[C@@H](CCN2CCCCC2)C[C@@H](C)C(=O)/C=C/C(C)=C/[C@@H]1CN1CCCCC1,TRUE,,1.294 
tildipirosin,Tildipirosin (泰地罗新),REF_TILDIPIROSIN,repository_reference,O30_attached_to_C26,30,26,C,MPM00269,"3,4,5-Trihydroxy-1-cyclohexenecarboxylic acid",O=C(O)C1=CC(O)C(O)C(O)C1,1,CC[C@H]1OC(=O)C[C@@H](O)[C@H](C)[C@@H](O[C@@H]2O[C@H](C)[C@@H](OC(=O)C3=CC(O)C(O)C(O)C3)[C@H](N(C)C)[C@H]2O)[C@@H](CCN2CCCCC2)C[C@@H](C)C(=O)/C=C/C(C)=C/[C@@H]1CN1CCCCC1,CC[C@H]1OC(=O)C[C@@H](O)[C@H](C)[C@@H](O[C@@H]2O[C@H](C)[C@@H](OC(=O)C3=CC(O)C(O)C(O)C3)[C@H](N(C)C)[C@H]2O)[C@@H](CCN2CCCCC2)C[C@@H](C)C(=O)/C=C/C(C)=C/[C@@H]1CN1CCCCC1,TRUE,,0.940 
tildipirosin,Tildipirosin (泰地罗新),REF_TILDIPIROSIN,repository_reference,O30_attached_to_C26,30,26,C,MPM00160,1-pyrroline-2-carboxylic acid zwitterion,O=C(O)C1=NCCC1,1,CC[C@H]1OC(=O)C[C@@H](O)[C@H](C)[C@@H](O[C@@H]2O[C@H](C)[C@@H](OC(=O)C3=NCCC3)[C@H](N(C)C)[C@H]2O)[C@@H](CCN2CCCCC2)C[C@@H](C)C(=O)/C=C/C(C)=C/[C@@H]1CN1CCCCC1,CC[C@H]1OC(=O)C[C@@H](O)[C@H](C)[C@@H](O[C@@H]2O[C@H](C)[C@@H](OC(=O)C3=NCCC3)[C@H](N(C)C)[C@H]2O)[C@@H](CCN2CCCCC2)C[C@@H](C)C(=O)/C=C/C(C)=C/[C@@H]1CN1CCCCC1,TRUE,,1.264 
tildipirosin,Tildipirosin (泰地罗新),REF_TILDIPIROSIN,repository_reference,O30_attached_to_C26,30,26,C,MPM01116,1-Piperideine-2-carboxylate,O=C(O)C1=NCCCC1,1,CC[C@H]1OC(=O)C[C@@H](O)[C@H](C)[C@@H](O[C@@H]2O[C@H](C)[C@@H](OC(=O)C3=NCCCC3)[C@H](N(C)C)[C@H]2O)[C@@H](CCN2CCCCC2)C[C@@H](C)C(=O)/C=C/C(C)=C/[C@@H]1CN1CCCCC1,CC[C@H]1OC(=O)C[C@@H](O)[C@H](C)[C@@H](O[C@@H]2O[C@H](C)[C@@H](OC(=O)C3=NCCCC3)[C@H](N(C)C)[C@H]2O)[C@@H](CCN2CCCCC2)C[C@@H](C)C(=O)/C=C/C(C)=C/[C@@H]1CN1CCCCC1,TRUE,,1.254 
tildipirosin,Tildipirosin (泰地罗新),REF_TILDIPIROSIN,repository_reference,O30_attached_to_C26,30,26,C,MPM00047,"(3R,5S)-3-Hydroxy-1-pyrroline-5-carboxylate",O=C(O)C1CC(O)C=N1,1,CC[C@H]1OC(=O)C[C@@H](O)[C@H](C)[C@@H](O[C@@H]2O[C@H](C)[C@@H](OC(=O)C3CC(O)C=N3)[C@H](N(C)C)[C@H]2O)[C@@H](CCN2CCCCC2)C[C@@H](C)C(=O)/C=C/C(C)=C/[C@@H]1CN1CCCCC1,CC[C@H]1OC(=O)C[C@@H](O)[C@H](C)[C@@H](O[C@@H]2O[C@H](C)[C@@H](OC(=O)C3CC(O)C=N3)[C@H](N(C)C)[C@H]2O)[C@@H](CCN2CCCCC2)C[C@@H](C)C(=O)/C=C/C(C)=C/[C@@H]1CN1CCCCC1,TRUE,,0.679 
tildipirosin,Tildipirosin (泰地罗新),REF_TILDIPIROSIN,repository_reference,O30_attached_to_C26,30,26,C,MPM00521,cis-4-Hydroxy-D-proline,O=C(O)C1CC(O)CN1,1,CC[C@H]1OC(=O)C[C@@H](O)[C@H](C)[C@@H](O[C@@H]2O[C@H](C)[C@@H](OC(=O)C3CC(O)CN3)[C@H](N(C)C)[C@H]2O)[C@@H](CCN2CCCCC2)C[C@@H](C)C(=O)/C=C/C(C)=C/[C@@H]1CN1CCCCC1,CC[C@H]1OC(=O)C[C@@H](O)[C@H](C)[C@@H](O[C@@H]2O[C@H](C)[C@@H](OC(=O)C3CC(O)CN3)[C@H](N(C)C)[C@H]2O)[C@@H](CCN2CCCCC2)C[C@@H](C)C(=O)/C=C/C(C)=C/[C@@H]1CN1CCCCC1,TRUE,,1.307 
tildipirosin,Tildipirosin (泰地罗新),REF_TILDIPIROSIN,repository_reference,O30_attached_to_C26,30,26,C,MPM00162,1-Pyrroline-5-carboxylate,O=C(O)C1CCC=N1,1,CC[C@H]1OC(=O)C[C@@H](O)[C@H](C)[C@@H](O[C@@H]2O[C@H](C)[C@@H](OC(=O)C3CCC=N3)[C@H](N(C)C)[C@H]2O)[C@@H](CCN2CCCCC2)C[C@@H](C)C(=O)/C=C/C(C)=C/[C@@H]1CN1CCCCC1,CC[C@H]1OC(=O)C[C@@H](O)[C@H](C)[C@@H](O[C@@H]2O[C@H](C)[C@@H](OC(=O)C3CCC=N3)[C@H](N(C)C)[C@H]2O)[C@@H](CCN2CCCCC2)C[C@@H](C)C(=O)/C=C/C(C)=C/[C@@H]1CN1CCCCC1,TRUE,,1.015 
tildipirosin,Tildipirosin (泰地罗新),REF_TILDIPIROSIN,repository_reference,O30_attached_to_C26,30,26,C,MPM00613,D-Proline,O=C(O)C1CCCN1,1,CC[C@H]1OC(=O)C[C@@H](O)[C@H](C)[C@@H](O[C@@H]2O[C@H](C)[C@@H](OC(=O)C3CCCN3)[C@H](N(C)C)[C@H]2O)[C@@H](CCN2CCCCC2)C[C@@H](C)C(=O)/C=C/C(C)=C/[C@@H]1CN1CCCCC1,CC[C@H]1OC(=O)C[C@@H](O)[C@H](C)[C@@H](O[C@@H]2O[C@H](C)[C@@H](OC(=O)C3CCCN3)[C@H](N(C)C)[C@H]2O)[C@@H](CCN2CCCCC2)C[C@@H](C)C(=O)/C=C/C(C)=C/[C@@H]1CN1CCCCC1,TRUE,,1.630 
tildipirosin,Tildipirosin (泰地罗新),REF_TILDIPIROSIN,repository_reference,O30_attached_to_C26,30,26,C,MPM00575,D-Galacturonic acid,O=C(O)C1OC(O)C(O)C(O)C1O,1,CC[C@H]1OC(=O)C[C@@H](O)[C@H](C)[C@@H](O[C@@H]2O[C@H](C)[C@@H](OC(=O)C3OC(O)C(O)C(O)C3O)[C@H](N(C)C)[C@H]2O)[C@@H](CCN2CCCCC2)C[C@@H](C)C(=O)/C=C/C(C)=C/[C@@H]1CN1CCCCC1,CC[C@H]1OC(=O)C[C@@H](O)[C@H](C)[C@@H](O[C@@H]2O[C@H](C)[C@@H](OC(=O)C3OC(O)C(O)C(O)C3O)[C@H](N(C)C)[C@H]2O)[C@@H](CCN2CCCCC2)C[C@@H](C)C(=O)/C=C/C(C)=C/[C@@H]1CN1CCCCC1,TRUE,,0.620 
tildipirosin,Tildipirosin (泰地罗新),REF_TILDIPIROSIN,repository_reference,O30_attached_to_C26,30,26,C,MPM00158,1-Phospho-alpha-D-glucuronate,O=C(O)C1OC(OP(=O)(O)O)C(O)C(O)C1O,1,CC[C@H]1OC(=O)C[C@@H](O)[C@H](C)[C@@H](O[C@@H]2O[C@H](C)[C@@H](OC(=O)C3OC(OP(=O)(O)O)C(O)C(O)C3O)[C@H](N(C)C)[C@H]2O)[C@@H](CCN2CCCCC2)C[C@@H](C)C(=O)/C=C/C(C)=C/[C@@H]1CN1CCCCC1,CC[C@H]1OC(=O)C[C@@H](O)[C@H](C)[C@@H](O[C@@H]2O[C@H](C)[C@@H](OC(=O)C3OC(OP(=O)(O)O)C(O)C(O)C3O)[C@H](N(C)C)[C@H]2O)[C@@H](CCN2CCCCC2)C[C@@H](C)C(=O)/C=C/C(C)=C/[C@@H]1CN1CCCCC1,TRUE,,-0.312 
tildipirosin,Tildipirosin (泰地罗新),REF_TILDIPIROSIN,repository_reference,O30_attached_to_C26,30,26,C,MPM00009,"(2E)-3-(3,4-Dihydroxyphenyl)prop-2-enoate",O=C(O)C=Cc1ccc(O)c(O)c1,1,CC[C@H]1OC(=O)C[C@@H](O)[C@H](C)[C@@H](O[C@@H]2O[C@H](C)[C@@H](OC(=O)C=Cc3ccc(O)c(O)c3)[C@H](N(C)C)[C@H]2O)[C@@H](CCN2CCCCC2)C[C@@H](C)C(=O)/C=C/C(C)=C/[C@@H]1CN1CCCCC1,CC[C@H]1OC(=O)C[C@@H](O)[C@H](C)[C@@H](O[C@@H]2O[C@H](C)[C@@H](OC(=O)C=Cc3ccc(O)c(O)c3)[C@H](N(C)C)[C@H]2O)[C@@H](CCN2CCCCC2)C[C@@H](C)C(=O)/C=C/C(C)=C/[C@@H]1CN1CCCCC1,TRUE,,2.327 
tildipirosin,Tildipirosin (泰地罗新),REF_TILDIPIROSIN,repository_reference,O30_attached_to_C26,30,26,C,MPM00350,4-Hydroxycinnamate,O=C(O)C=Cc1ccc(O)cc1,1,CC[C@H]1OC(=O)C[C@@H](O)[C@H](C)[C@@H](O[C@@H]2O[C@H](C)[C@@H](OC(=O)C=Cc3ccc(O)cc3)[C@H](N(C)C)[C@H]2O)[C@@H](CCN2CCCCC2)C[C@@H](C)C(=O)/C=C/C(C)=C/[C@@H]1CN1CCCCC1,CC[C@H]1OC(=O)C[C@@H](O)[C@H](C)[C@@H](O[C@@H]2O[C@H](C)[C@@H](OC(=O)C=Cc3ccc(O)cc3)[C@H](N(C)C)[C@H]2O)[C@@H](CCN2CCCCC2)C[C@@H](C)C(=O)/C=C/C(C)=C/[C@@H]1CN1CCCCC1,TRUE,,2.634 
tildipirosin,Tildipirosin (泰地罗新),REF_TILDIPIROSIN,repository_reference,O30_attached_to_C26,30,26,C,MPM00014,(2E)-3-Phenylprop-2-enoate,O=C(O)C=Cc1ccccc1,1,CC[C@H]1OC(=O)C[C@@H](O)[C@H](C)[C@@H](O[C@@H]2O[C@H](C)[C@@H](OC(=O)C=Cc3ccccc3)[C@H](N(C)C)[C@H]2O)[C@@H](CCN2CCCCC2)C[C@@H](C)C(=O)/C=C/C(C)=C/[C@@H]1CN1CCCCC1,CC[C@H]1OC(=O)C[C@@H](O)[C@H](C)[C@@H](O[C@@H]2O[C@H](C)[C@@H](OC(=O)C=Cc3ccccc3)[C@H](N(C)C)[C@H]2O)[C@@H](CCN2CCCCC2)C[C@@H](C)C(=O)/C=C/C(C)=C/[C@@H]1CN1CCCCC1,TRUE,,3.023 
tildipirosin,Tildipirosin (泰地罗新),REF_TILDIPIROSIN,repository_reference,O30_attached_to_C26,30,26,C,MPM00285,3-Hydroxy-10-phenyldecanoic acid,O=C(O)CC(O)CCCCCCCc1ccccc1,1,CC[C@H]1OC(=O)C[C@@H](O)[C@H](C)[C@@H](O[C@@H]2O[C@H](C)[C@@H](OC(=O)CC(O)CCCCCCCc3ccccc3)[C@H](N(C)C)[C@H]2O)[C@@H](CCN2CCCCC2)C[C@@H](C)C(=O)/C=C/C(C)=C/[C@@H]1CN1CCCCC1,CC[C@H]1OC(=O)C[C@@H](O)[C@H](C)[C@@H](O[C@@H]2O[C@H](C)[C@@H](OC(=O)CC(O)CCCCCCCc3ccccc3)[C@H](N(C)C)[C@H]2O)[C@@H](CCN2CCCCC2)C[C@@H](C)C(=O)/C=C/C(C)=C/[C@@H]1CN1CCCCC1,TRUE,,0.826 
tildipirosin,Tildipirosin (泰地罗新),REF_TILDIPIROSIN,repository_reference,O30_attached_to_C26,30,26,C,MPM00292,3-Hydroxy-9-phenylnonanoic acid,O=C(O)CC(O)CCCCCCc1ccccc1,1,CC[C@H]1OC(=O)C[C@@H](O)[C@H](C)[C@@H](O[C@@H]2O[C@H](C)[C@@H](OC(=O)CC(O)CCCCCCc3ccccc3)[C@H](N(C)C)[C@H]2O)[C@@H](CCN2CCCCC2)C[C@@H](C)C(=O)/C=C/C(C)=C/[C@@H]1CN1CCCCC1,CC[C@H]1OC(=O)C[C@@H](O)[C@H](C)[C@@H](O[C@@H]2O[C@H](C)[C@@H](OC(=O)CC(O)CCCCCCc3ccccc3)[C@H](N(C)C)[C@H]2O)[C@@H](CCN2CCCCC2)C[C@@H](C)C(=O)/C=C/C(C)=C/[C@@H]1CN1CCCCC1,TRUE,,0.894 
tildipirosin,Tildipirosin (泰地罗新),REF_TILDIPIROSIN,repository_reference,O30_attached_to_C26,30,26,C,MPM00291,3-Hydroxy-8-phenyloctanoic acid,O=C(O)CC(O)CCCCCc1ccccc1,1,CC[C@H]1OC(=O)C[C@@H](O)[C@H](C)[C@@H](O[C@@H]2O[C@H](C)[C@@H](OC(=O)CC(O)CCCCCc3ccccc3)[C@H](N(C)C)[C@H]2O)[C@@H](CCN2CCCCC2)C[C@@H](C)C(=O)/C=C/C(C)=C/[C@@H]1CN1CCCCC1,CC[C@H]1OC(=O)C[C@@H](O)[C@H](C)[C@@H](O[C@@H]2O[C@H](C)[C@@H](OC(=O)CC(O)CCCCCc3ccccc3)[C@H](N(C)C)[C@H]2O)[C@@H](CCN2CCCCC2)C[C@@H](C)C(=O)/C=C/C(C)=C/[C@@H]1CN1CCCCC1,TRUE,,0.962 
tildipirosin,Tildipirosin (泰地罗新),REF_TILDIPIROSIN,repository_reference,O30_attached_to_C26,30,26,C,MPM00290,3-Hydroxy-7-phenylheptanoic acid,O=C(O)CC(O)CCCCc1ccccc1,1,CC[C@H]1OC(=O)C[C@@H](O)[C@H](C)[C@@H](O[C@@H]2O[C@H](C)[C@@H](OC(=O)CC(O)CCCCc3ccccc3)[C@H](N(C)C)[C@H]2O)[C@@H](CCN2CCCCC2)C[C@@H](C)C(=O)/C=C/C(C)=C/[C@@H]1CN1CCCCC1,CC[C@H]1OC(=O)C[C@@H](O)[C@H](C)[C@@H](O[C@@H]2O[C@H](C)[C@@H](OC(=O)CC(O)CCCCc3ccccc3)[C@H](N(C)C)[C@H]2O)[C@@H](CCN2CCCCC2)C[C@@H](C)C(=O)/C=C/C(C)=C/[C@@H]1CN1CCCCC1,TRUE,,1.030 
tildipirosin,Tildipirosin (泰地罗新),REF_TILDIPIROSIN,repository_reference,O30_attached_to_C26,30,26,C,MPM00289,3-Hydroxy-6-phenylhexanoic acid,O=C(O)CC(O)CCCc1ccccc1,1,CC[C@H]1OC(=O)C[C@@H](O)[C@H](C)[C@@H](O[C@@H]2O[C@H](C)[C@@H](OC(=O)CC(O)CCCc3ccccc3)[C@H](N(C)C)[C@H]2O)[C@@H](CCN2CCCCC2)C[C@@H](C)C(=O)/C=C/C(C)=C/[C@@H]1CN1CCCCC1,CC[C@H]1OC(=O)C[C@@H](O)[C@H](C)[C@@H](O[C@@H]2O[C@H](C)[C@@H](OC(=O)CC(O)CCCc3ccccc3)[C@H](N(C)C)[C@H]2O)[C@@H](CCN2CCCCC2)C[C@@H](C)C(=O)/C=C/C(C)=C/[C@@H]1CN1CCCCC1,TRUE,,1.098 
tildipirosin,Tildipirosin (泰地罗新),REF_TILDIPIROSIN,repository_reference,O30_attached_to_C26,30,26,C,MPM00388,"5-Oxo-4,5-dihydrofuran-2-acetate",O=C(O)CC1=CCC(=O)O1,1,CC[C@H]1OC(=O)C[C@@H](O)[C@H](C)[C@@H](O[C@@H]2O[C@H](C)[C@@H](OC(=O)CC3=CCC(=O)O3)[C@H](N(C)C)[C@H]2O)[C@@H](CCN2CCCCC2)C[C@@H](C)C(=O)/C=C/C(C)=C/[C@@H]1CN1CCCCC1,CC[C@H]1OC(=O)C[C@@H](O)[C@H](C)[C@@H](O[C@@H]2O[C@H](C)[C@@H](OC(=O)CC3=CCC(=O)O3)[C@H](N(C)C)[C@H]2O)[C@@H](CCN2CCCCC2)C[C@@H](C)C(=O)/C=C/C(C)=C/[C@@H]1CN1CCCCC1,TRUE,,1.586 
tildipirosin,Tildipirosin (泰地罗新),REF_TILDIPIROSIN,repository_reference,O30_attached_to_C26,30,26,C,MPM00597,DL-Thioctic acid,O=C(O)CCCCC1CCSS1,1,CC[C@H]1OC(=O)C[C@@H](O)[C@H](C)[C@@H](O[C@@H]2O[C@H](C)[C@@H](OC(=O)CCCCC3CCSS3)[C@H](N(C)C)[C@H]2O)[C@@H](CCN2CCCCC2)C[C@@H](C)C(=O)/C=C/C(C)=C/[C@@H]1CN1CCCCC1,CC[C@H]1OC(=O)C[C@@H](O)[C@H](C)[C@@H](O[C@@H]2O[C@H](C)[C@@H](OC(=O)CCCCC3CCSS3)[C@H](N(C)C)[C@H]2O)[C@@H](CCN2CCCCC2)C[C@@H](C)C(=O)/C=C/C(C)=C/[C@@H]1CN1CCCCC1,TRUE,,-0.144 
tildipirosin,Tildipirosin (泰地罗新),REF_TILDIPIROSIN,repository_reference,O30_attached_to_C26,30,26,C,MPM00525,Coenzyme R,O=C(O)CCCCC1SCC2NC(=O)NC21,1,CC[C@H]1OC(=O)C[C@@H](O)[C@H](C)[C@@H](O[C@@H]2O[C@H](C)[C@@H](OC(=O)CCCCC3SCC4NC(=O)NC43)[C@H](N(C)C)[C@H]2O)[C@@H](CCN2CCCCC2)C[C@@H](C)C(=O)/C=C/C(C)=C/[C@@H]1CN1CCCCC1,CC[C@H]1OC(=O)C[C@@H](O)[C@H](C)[C@@H](O[C@@H]2O[C@H](C)[C@@H](OC(=O)CCCCC3SCC4NC(=O)NC43)[C@H](N(C)C)[C@H]2O)[C@@H](CCN2CCCCC2)C[C@@H](C)C(=O)/C=C/C(C)=C/[C@@H]1CN1CCCCC1,TRUE,,0.017 
tildipirosin,Tildipirosin (泰地罗新),REF_TILDIPIROSIN,repository_reference,O30_attached_to_C26,30,26,C,MPM00144,10-Phenyldecanoic acid,O=C(O)CCCCCCCCCc1ccccc1,1,CC[C@H]1OC(=O)C[C@@H](O)[C@H](C)[C@@H](O[C@@H]2O[C@H](C)[C@@H](OC(=O)CCCCCCCCCc3ccccc3)[C@H](N(C)C)[C@H]2O)[C@@H](CCN2CCCCC2)C[C@@H](C)C(=O)/C=C/C(C)=C/[C@@H]1CN1CCCCC1,CC[C@H]1OC(=O)C[C@@H](O)[C@H](C)[C@@H](O[C@@H]2O[C@H](C)[C@@H](OC(=O)CCCCCCCCCc3ccccc3)[C@H](N(C)C)[C@H]2O)[C@@H](CCN2CCCCC2)C[C@@H](C)C(=O)/C=C/C(C)=C/[C@@H]1CN1CCCCC1,TRUE,,0.970 
tildipirosin,Tildipirosin (泰地罗新),REF_TILDIPIROSIN,repository_reference,O30_attached_to_C26,30,26,C,MPM00412,9-Phenylnonanoic acid,O=C(O)CCCCCCCCc1ccccc1,1,CC[C@H]1OC(=O)C[C@@H](O)[C@H](C)[C@@H](O[C@@H]2O[C@H](C)[C@@H](OC(=O)CCCCCCCCc3ccccc3)[C@H](N(C)C)[C@H]2O)[C@@H](CCN2CCCCC2)C[C@@H](C)C(=O)/C=C/C(C)=C/[C@@H]1CN1CCCCC1,CC[C@H]1OC(=O)C[C@@H](O)[C@H](C)[C@@H](O[C@@H]2O[C@H](C)[C@@H](OC(=O)CCCCCCCCc3ccccc3)[C@H](N(C)C)[C@H]2O)[C@@H](CCN2CCCCC2)C[C@@H](C)C(=O)/C=C/C(C)=C/[C@@H]1CN1CCCCC1,TRUE,,1.037 
tildipirosin,Tildipirosin (泰地罗新),REF_TILDIPIROSIN,repository_reference,O30_attached_to_C26,30,26,C,MPM00409,8-Phenyloctanoic acid,O=C(O)CCCCCCCc1ccccc1,1,CC[C@H]1OC(=O)C[C@@H](O)[C@H](C)[C@@H](O[C@@H]2O[C@H](C)[C@@H](OC(=O)CCCCCCCc3ccccc3)[C@H](N(C)C)[C@H]2O)[C@@H](CCN2CCCCC2)C[C@@H](C)C(=O)/C=C/C(C)=C/[C@@H]1CN1CCCCC1,CC[C@H]1OC(=O)C[C@@H](O)[C@H](C)[C@@H](O[C@@H]2O[C@H](C)[C@@H](OC(=O)CCCCCCCc3ccccc3)[C@H](N(C)C)[C@H]2O)[C@@H](CCN2CCCCC2)C[C@@H](C)C(=O)/C=C/C(C)=C/[C@@H]1CN1CCCCC1,TRUE,,1.106 
tildipirosin,Tildipirosin (泰地罗新),REF_TILDIPIROSIN,repository_reference,O30_attached_to_C26,30,26,C,MPM00408,7-Phenylheptanoic acid,O=C(O)CCCCCCc1ccccc1,1,CC[C@H]1OC(=O)C[C@@H](O)[C@H](C)[C@@H](O[C@@H]2O[C@H](C)[C@@H](OC(=O)CCCCCCc3ccccc3)[C@H](N(C)C)[C@H]2O)[C@@H](CCN2CCCCC2)C[C@@H](C)C(=O)/C=C/C(C)=C/[C@@H]1CN1CCCCC1,CC[C@H]1OC(=O)C[C@@H](O)[C@H](C)[C@@H](O[C@@H]2O[C@H](C)[C@@H](OC(=O)CCCCCCc3ccccc3)[C@H](N(C)C)[C@H]2O)[C@@H](CCN2CCCCC2)C[C@@H](C)C(=O)/C=C/C(C)=C/[C@@H]1CN1CCCCC1,TRUE,,1.173 
tildipirosin,Tildipirosin (泰地罗新),REF_TILDIPIROSIN,repository_reference,O30_attached_to_C26,30,26,C,MPM00399,6-Phenylhexanoic acid,O=C(O)CCCCCc1ccccc1,1,CC[C@H]1OC(=O)C[C@@H](O)[C@H](C)[C@@H](O[C@@H]2O[C@H](C)[C@@H](OC(=O)CCCCCc3ccccc3)[C@H](N(C)C)[C@H]2O)[C@@H](CCN2CCCCC2)C[C@@H](C)C(=O)/C=C/C(C)=C/[C@@H]1CN1CCCCC1,CC[C@H]1OC(=O)C[C@@H](O)[C@H](C)[C@@H](O[C@@H]2O[C@H](C)[C@@H](OC(=O)CCCCCc3ccccc3)[C@H](N(C)C)[C@H]2O)[C@@H](CCN2CCCCC2)C[C@@H](C)C(=O)/C=C/C(C)=C/[C@@H]1CN1CCCCC1,TRUE,,1.241 
tildipirosin,Tildipirosin (泰地罗新),REF_TILDIPIROSIN,repository_reference,O30_attached_to_C26,30,26,C,MPM00390,5-Phenylvaleric acid,O=C(O)CCCCc1ccccc1,1,CC[C@H]1OC(=O)C[C@@H](O)[C@H](C)[C@@H](O[C@@H]2O[C@H](C)[C@@H](OC(=O)CCCCc3ccccc3)[C@H](N(C)C)[C@H]2O)[C@@H](CCN2CCCCC2)C[C@@H](C)C(=O)/C=C/C(C)=C/[C@@H]1CN1CCCCC1,CC[C@H]1OC(=O)C[C@@H](O)[C@H](C)[C@@H](O[C@@H]2O[C@H](C)[C@@H](OC(=O)CCCCc3ccccc3)[C@H](N(C)C)[C@H]2O)[C@@H](CCN2CCCCC2)C[C@@H](C)C(=O)/C=C/C(C)=C/[C@@H]1CN1CCCCC1,TRUE,,1.309 
tildipirosin,Tildipirosin (泰地罗新),REF_TILDIPIROSIN,repository_reference,O30_attached_to_C26,30,26,C,MPM00701,Hydroxyacetic acid,O=C(O)CO,1,CC[C@H]1OC(=O)C[C@@H](O)[C@H](C)[C@@H](O[C@@H]2O[C@H](C)[C@@H](OC(=O)CO)[C@H](N(C)C)[C@H]2O)[C@@H](CCN2CCCCC2)C[C@@H](C)C(=O)/C=C/C(C)=C/[C@@H]1CN1CCCCC1,CC[C@H]1OC(=O)C[C@@H](O)[C@H](C)[C@@H](O[C@@H]2O[C@H](C)[C@@H](OC(=O)CO)[C@H](N(C)C)[C@H]2O)[C@@H](CCN2CCCCC2)C[C@@H](C)C(=O)/C=C/C(C)=C/[C@@H]1CN1CCCCC1,TRUE,,1.856 
tildipirosin,Tildipirosin (泰地罗新),REF_TILDIPIROSIN,repository_reference,O30_attached_to_C26,30,26,C,MPM00891,Phosphoglycolic acid,O=C(O)COP(=O)(O)O,1,CC[C@H]1OC(=O)C[C@@H](O)[C@H](C)[C@@H](O[C@@H]2O[C@H](C)[C@@H](OC(=O)COP(=O)(O)O)[C@H](N(C)C)[C@H]2O)[C@@H](CCN2CCCCC2)C[C@@H](C)C(=O)/C=C/C(C)=C/[C@@H]1CN1CCCCC1,CC[C@H]1OC(=O)C[C@@H](O)[C@H](C)[C@@H](O[C@@H]2O[C@H](C)[C@@H](OC(=O)COP(=O)(O)O)[C@H](N(C)C)[C@H]2O)[C@@H](CCN2CCCCC2)C[C@@H](C)C(=O)/C=C/C(C)=C/[C@@H]1CN1CCCCC1,TRUE,,1.396 
tildipirosin,Tildipirosin (泰地罗新),REF_TILDIPIROSIN,repository_reference,O30_attached_to_C26,30,26,C,MPM00894,Phosphonoacetic acid,O=C(O)CP(=O)(O)O,1,CC[C@H]1OC(=O)C[C@@H](O)[C@H](C)[C@@H](O[C@@H]2O[C@H](C)[C@@H](OC(=O)CP(=O)(O)O)[C@H](N(C)C)[C@H]2O)[C@@H](CCN2CCCCC2)C[C@@H](C)C(=O)/C=C/C(C)=C/[C@@H]1CN1CCCCC1,CC[C@H]1OC(=O)C[C@@H](O)[C@H](C)[C@@H](O[C@@H]2O[C@H](C)[C@@H](OC(=O)CP(=O)(O)O)[C@H](N(C)C)[C@H]2O)[C@@H](CCN2CCCCC2)C[C@@H](C)C(=O)/C=C/C(C)=C/[C@@H]1CN1CCCCC1,TRUE,,1.064 
tildipirosin,Tildipirosin (泰地罗新),REF_TILDIPIROSIN,repository_reference,O30_attached_to_C26,30,26,C,MPM00961,Sulfoacetic acid,O=C(O)CS(=O)(=O)O,1,CC[C@H]1OC(=O)C[C@@H](O)[C@H](C)[C@@H](O[C@@H]2O[C@H](C)[C@@H](OC(=O)CS(=O)(=O)O)[C@H](N(C)C)[C@H]2O)[C@@H](CCN2CCCCC2)C[C@@H](C)C(=O)/C=C/C(C)=C/[C@@H]1CN1CCCCC1,CC[C@H]1OC(=O)C[C@@H](O)[C@H](C)[C@@H](O[C@@H]2O[C@H](C)[C@@H](OC(=O)CS(=O)(=O)O)[C@H](N(C)C)[C@H]2O)[C@@H](CCN2CCCCC2)C[C@@H](C)C(=O)/C=C/C(C)=C/[C@@H]1CN1CCCCC1,TRUE,,1.890 
tildipirosin,Tildipirosin (泰地罗新),REF_TILDIPIROSIN,repository_reference,O30_attached_to_C26,30,26,C,MPM00418,"Acetic acid,phenyl ester",O=C(O)Cc1ccccc1,1,CC[C@H]1OC(=O)C[C@@H](O)[C@H](C)[C@@H](O[C@@H]2O[C@H](C)[C@@H](OC(=O)Cc3ccccc3)[C@H](N(C)C)[C@H]2O)[C@@H](CCN2CCCCC2)C[C@@H](C)C(=O)/C=C/C(C)=C/[C@@H]1CN1CCCCC1,CC[C@H]1OC(=O)C[C@@H](O)[C@H](C)[C@@H](O[C@@H]2O[C@H](C)[C@@H](OC(=O)Cc3ccccc3)[C@H](N(C)C)[C@H]2O)[C@@H](CCN2CCCCC2)C[C@@H](C)C(=O)/C=C/C(C)=C/[C@@H]1CN1CCCCC1,TRUE,,1.510 
tildipirosin,Tildipirosin (泰地罗新),REF_TILDIPIROSIN,repository_reference,O30_attached_to_C26,30,26,C,MPM01016,Uracil-6-carboxylic acid,O=C(O)c1cc(=O)[nH]c(=O)[nH]1,1,CC[C@H]1OC(=O)C[C@@H](O)[C@H](C)[C@@H](O[C@@H]2O[C@H](C)[C@@H](OC(=O)c3cc(=O)[nH]c(=O)[nH]3)[C@H](N(C)C)[C@H]2O)[C@@H](CCN2CCCCC2)C[C@@H](C)C(=O)/C=C/C(C)=C/[C@@H]1CN1CCCCC1,CC[C@H]1OC(=O)C[C@@H](O)[C@H](C)[C@@H](O[C@@H]2O[C@H](C)[C@@H](OC(=O)c3cc(=O)[nH]c(=O)[nH]3)[C@H](N(C)C)[C@H]2O)[C@@H](CCN2CCCCC2)C[C@@H](C)C(=O)/C=C/C(C)=C/[C@@H]1CN1CCCCC1,TRUE,,1.608 
tildipirosin,Tildipirosin (泰地罗新),REF_TILDIPIROSIN,repository_reference,O30_attached_to_C26,30,26,C,MPM00844,Orotidylic acid,O=C(O)c1cc(=O)[nH]c(=O)n1C1OC(COP(=O)(O)O)C(O)C1O,1,CC[C@H]1OC(=O)C[C@@H](O)[C@H](C)[C@@H](O[C@@H]2O[C@H](C)[C@@H](OC(=O)c3cc(=O)[nH]c(=O)n3C3OC(COP(=O)(O)O)C(O)C3O)[C@H](N(C)C)[C@H]2O)[C@@H](CCN2CCCCC2)C[C@@H](C)C(=O)/C=C/C(C)=C/[C@@H]1CN1CCCCC1,CC[C@H]1OC(=O)C[C@@H](O)[C@H](C)[C@@H](O[C@@H]2O[C@H](C)[C@@H](OC(=O)c3cc(=O)[nH]c(=O)n3C3OC(COP(=O)(O)O)C(O)C3O)[C@H](N(C)C)[C@H]2O)[C@@H](CCN2CCCCC2)C[C@@H](C)C(=O)/C=C/C(C)=C/[C@@H]1CN1CCCCC1,TRUE,,0.245 
tildipirosin,Tildipirosin (泰地罗新),REF_TILDIPIROSIN,repository_reference,O30_attached_to_C26,30,26,C,MPM00137,"1,4-Dihydroxy-2-naphthoic acid",O=C(O)c1cc(O)c2ccccc2c1O,1,CC[C@H]1OC(=O)C[C@@H](O)[C@H](C)[C@@H](O[C@@H]2O[C@H](C)[C@@H](OC(=O)c3cc(O)c4ccccc4c3O)[C@H](N(C)C)[C@H]2O)[C@@H](CCN2CCCCC2)C[C@@H](C)C(=O)/C=C/C(C)=C/[C@@H]1CN1CCCCC1,CC[C@H]1OC(=O)C[C@@H](O)[C@H](C)[C@@H](O[C@@H]2O[C@H](C)[C@@H](OC(=O)c3cc(O)c4ccccc4c3O)[C@H](N(C)C)[C@H]2O)[C@@H](CCN2CCCCC2)C[C@@H](C)C(=O)/C=C/C(C)=C/[C@@H]1CN1CCCCC1,TRUE,,1.826 
tildipirosin,Tildipirosin (泰地罗新),REF_TILDIPIROSIN,repository_reference,O30_attached_to_C26,30,26,C,MPM00398,6-Hydroxynicotinic acid,O=C(O)c1ccc(=O)[nH]c1,1,CC[C@H]1OC(=O)C[C@@H](O)[C@H](C)[C@@H](O[C@@H]2O[C@H](C)[C@@H](OC(=O)c3ccc(=O)[nH]c3)[C@H](N(C)C)[C@H]2O)[C@@H](CCN2CCCCC2)C[C@@H](C)C(=O)/C=C/C(C)=C/[C@@H]1CN1CCCCC1,CC[C@H]1OC(=O)C[C@@H](O)[C@H](C)[C@@H](O[C@@H]2O[C@H](C)[C@@H](OC(=O)c3ccc(=O)[nH]c3)[C@H](N(C)C)[C@H]2O)[C@@H](CCN2CCCCC2)C[C@@H](C)C(=O)/C=C/C(C)=C/[C@@H]1CN1CCCCC1,TRUE,,2.063 
tildipirosin,Tildipirosin (泰地罗新),REF_TILDIPIROSIN,repository_reference,O30_attached_to_C26,30,26,C,MPM00912,Protocatechuic acid,O=C(O)c1ccc(O)c(O)c1,1,CC[C@H]1OC(=O)C[C@@H](O)[C@H](C)[C@@H](O[C@@H]2O[C@H](C)[C@@H](OC(=O)c3ccc(O)c(O)c3)[C@H](N(C)C)[C@H]2O)[C@@H](CCN2CCCCC2)C[C@@H](C)C(=O)/C=C/C(C)=C/[C@@H]1CN1CCCCC1,CC[C@H]1OC(=O)C[C@@H](O)[C@H](C)[C@@H](O[C@@H]2O[C@H](C)[C@@H](OC(=O)c3ccc(O)c(O)c3)[C@H](N(C)C)[C@H]2O)[C@@H](CCN2CCCCC2)C[C@@H](C)C(=O)/C=C/C(C)=C/[C@@H]1CN1CCCCC1,TRUE,,1.609 
tildipirosin,Tildipirosin (泰地罗新),REF_TILDIPIROSIN,repository_reference,O30_attached_to_C26,30,26,C,MPM00702,Hydroxybenzenecarboxylic acid,O=C(O)c1ccc(O)cc1,1,CC[C@H]1OC(=O)C[C@@H](O)[C@H](C)[C@@H](O[C@@H]2O[C@H](C)[C@@H](OC(=O)c3ccc(O)cc3)[C@H](N(C)C)[C@H]2O)[C@@H](CCN2CCCCC2)C[C@@H](C)C(=O)/C=C/C(C)=C/[C@@H]1CN1CCCCC1,CC[C@H]1OC(=O)C[C@@H](O)[C@H](C)[C@@H](O[C@@H]2O[C@H](C)[C@@H](OC(=O)c3ccc(O)cc3)[C@H](N(C)C)[C@H]2O)[C@@H](CCN2CCCCC2)C[C@@H](C)C(=O)/C=C/C(C)=C/[C@@H]1CN1CCCCC1,TRUE,,1.915 
tildipirosin,Tildipirosin (泰地罗新),REF_TILDIPIROSIN,repository_reference,O30_attached_to_C26,30,26,C,MPM00173,"2,3-Dihydroxybenzoic acid",O=C(O)c1cccc(O)c1O,1,CC[C@H]1OC(=O)C[C@@H](O)[C@H](C)[C@@H](O[C@@H]2O[C@H](C)[C@@H](OC(=O)c3cccc(O)c3O)[C@H](N(C)C)[C@H]2O)[C@@H](CCN2CCCCC2)C[C@@H](C)C(=O)/C=C/C(C)=C/[C@@H]1CN1CCCCC1,CC[C@H]1OC(=O)C[C@@H](O)[C@H](C)[C@@H](O[C@@H]2O[C@H](C)[C@@H](OC(=O)c3cccc(O)c3O)[C@H](N(C)C)[C@H]2O)[C@@H](CCN2CCCCC2)C[C@@H](C)C(=O)/C=C/C(C)=C/[C@@H]1CN1CCCCC1,TRUE,,1.629 
tildipirosin,Tildipirosin (泰地罗新),REF_TILDIPIROSIN,repository_reference,O30_attached_to_C26,30,26,C,MPM00614,Dracylic acid,O=C(O)c1ccccc1,1,CC[C@H]1OC(=O)C[C@@H](O)[C@H](C)[C@@H](O[C@@H]2O[C@H](C)[C@@H](OC(=O)c3ccccc3)[C@H](N(C)C)[C@H]2O)[C@@H](CCN2CCCCC2)C[C@@H](C)C(=O)/C=C/C(C)=C/[C@@H]1CN1CCCCC1,CC[C@H]1OC(=O)C[C@@H](O)[C@H](C)[C@@H](O[C@@H]2O[C@H](C)[C@@H](OC(=O)c3ccccc3)[C@H](N(C)C)[C@H]2O)[C@@H](CCN2CCCCC2)C[C@@H](C)C(=O)/C=C/C(C)=C/[C@@H]1CN1CCCCC1,TRUE,,2.276 
tildipirosin,Tildipirosin (泰地罗新),REF_TILDIPIROSIN,repository_reference,O30_attached_to_C26,30,26,C,MPM00117,1-(2-Carboxyphenylamino)-1-deoxy-D-ribulose 5-phosphate,O=C(O)c1ccccc1NCC(=O)C(O)C(O)COP(=O)(O)O,1,CC[C@H]1OC(=O)C[C@@H](O)[C@H](C)[C@@H](O[C@@H]2O[C@H](C)[C@@H](OC(=O)c3ccccc3NCC(=O)C(O)C(O)COP(=O)(O)O)[C@H](N(C)C)[C@H]2O)[C@@H](CCN2CCCCC2)C[C@@H](C)C(=O)/C=C/C(C)=C/[C@@H]1CN1CCCCC1,CC[C@H]1OC(=O)C[C@@H](O)[C@H](C)[C@@H](O[C@@H]2O[C@H](C)[C@@H](OC(=O)c3ccccc3NCC(=O)C(O)C(O)COP(=O)(O)O)[C@H](N(C)C)[C@H]2O)[C@@H](CCN2CCCCC2)C[C@@H](C)C(=O)/C=C/C(C)=C/[C@@H]1CN1CCCCC1,TRUE,,1.405 
tildipirosin,Tildipirosin (泰地罗新),REF_TILDIPIROSIN,repository_reference,O30_attached_to_C26,30,26,C,MPM00931,Salicylic acid,O=C(O)c1ccccc1O,1,CC[C@H]1OC(=O)C[C@@H](O)[C@H](C)[C@@H](O[C@@H]2O[C@H](C)[C@@H](OC(=O)c3ccccc3O)[C@H](N(C)C)[C@H]2O)[C@@H](CCN2CCCCC2)C[C@@H](C)C(=O)/C=C/C(C)=C/[C@@H]1CN1CCCCC1,CC[C@H]1OC(=O)C[C@@H](O)[C@H](C)[C@@H](O[C@@H]2O[C@H](C)[C@@H](OC(=O)c3ccccc3O)[C@H](N(C)C)[C@H]2O)[C@@H](CCN2CCCCC2)C[C@@H](C)C(=O)/C=C/C(C)=C/[C@@H]1CN1CCCCC1,TRUE,,1.933 
tildipirosin,Tildipirosin (泰地罗新),REF_TILDIPIROSIN,repository_reference,O30_attached_to_C26,30,26,C,MPM00328,3-Pyridinecarboxylic acid,O=C(O)c1cccnc1,1,CC[C@H]1OC(=O)C[C@@H](O)[C@H](C)[C@@H](O[C@@H]2O[C@H](C)[C@@H](OC(=O)c3cccnc3)[C@H](N(C)C)[C@H]2O)[C@@H](CCN2CCCCC2)C[C@@H](C)C(=O)/C=C/C(C)=C/[C@@H]1CN1CCCCC1,CC[C@H]1OC(=O)C[C@@H](O)[C@H](C)[C@@H](O[C@@H]2O[C@H](C)[C@@H](OC(=O)c3cccnc3)[C@H](N(C)C)[C@H]2O)[C@@H](CCN2CCCCC2)C[C@@H](C)C(=O)/C=C/C(C)=C/[C@@H]1CN1CCCCC1,TRUE,,1.884 
tildipirosin,Tildipirosin (泰地罗新),REF_TILDIPIROSIN,repository_reference,O30_attached_to_C26,30,26,C,MPM00585,Dihydro-L-orotic acid,O=C1CC(C(=O)O)NC(=O)N1,1,CC[C@H]1OC(=O)C[C@@H](O)[C@H](C)[C@@H](O[C@@H]2O[C@H](C)[C@@H](OC(=O)C3CC(=O)NC(=O)N3)[C@H](N(C)C)[C@H]2O)[C@@H](CCN2CCCCC2)C[C@@H](C)C(=O)/C=C/C(C)=C/[C@@H]1CN1CCCCC1,CC[C@H]1OC(=O)C[C@@H](O)[C@H](C)[C@@H](O[C@@H]2O[C@H](C)[C@@H](OC(=O)C3CC(=O)NC(=O)N3)[C@H](N(C)C)[C@H]2O)[C@@H](CCN2CCCCC2)C[C@@H](C)C(=O)/C=C/C(C)=C/[C@@H]1CN1CCCCC1,TRUE,,1.210 
tildipirosin,Tildipirosin (泰地罗新),REF_TILDIPIROSIN,repository_reference,O30_attached_to_C26,30,26,C,MPM00381,5-Dehydroquinic acid,O=C1CC(O)(C(=O)O)CC(O)C1O,1,CC[C@H]1OC(=O)C[C@@H](O)[C@H](C)[C@@H](O[C@@H]2O[C@H](C)[C@@H](OC(=O)C3(O)CC(=O)C(O)C(O)C3)[C@H](N(C)C)[C@H]2O)[C@@H](CCN2CCCCC2)C[C@@H](C)C(=O)/C=C/C(C)=C/[C@@H]1CN1CCCCC1,CC[C@H]1OC(=O)C[C@@H](O)[C@H](C)[C@@H](O[C@@H]2O[C@H](C)[C@@H](OC(=O)C3(O)CC(=O)C(O)C(O)C3)[C@H](N(C)C)[C@H]2O)[C@@H](CCN2CCCCC2)C[C@@H](C)C(=O)/C=C/C(C)=C/[C@@H]1CN1CCCCC1,TRUE,,0.736 
tildipirosin,Tildipirosin (泰地罗新),REF_TILDIPIROSIN,repository_reference,O30_attached_to_C26,30,26,C,MPM00679,Glyoxylic acid,O=CC(=O)O,1,CC[C@H]1OC(=O)C[C@@H](O)[C@H](C)[C@@H](O[C@@H]2O[C@H](C)[C@@H](OC(=O)C=O)[C@H](N(C)C)[C@H]2O)[C@@H](CCN2CCCCC2)C[C@@H](C)C(=O)/C=C/C(C)=C/[C@@H]1CN1CCCCC1,CC[C@H]1OC(=O)C[C@@H](O)[C@H](C)[C@@H](O[C@@H]2O[C@H](C)[C@@H](OC(=O)C=O)[C@H](N(C)C)[C@H]2O)[C@@H](CCN2CCCCC2)C[C@@H](C)C(=O)/C=C/C(C)=C/[C@@H]1CN1CCCCC1,TRUE,,1.681 
tildipirosin,Tildipirosin (泰地罗新),REF_TILDIPIROSIN,repository_reference,O30_attached_to_C26,30,26,C,MPM00965,Tartronate semialdehyde,O=CC(O)C(=O)O,1,CC[C@H]1OC(=O)C[C@@H](O)[C@H](C)[C@@H](O[C@@H]2O[C@H](C)[C@@H](OC(=O)C(O)C=O)[C@H](N(C)C)[C@H]2O)[C@@H](CCN2CCCCC2)C[C@@H](C)C(=O)/C=C/C(C)=C/[C@@H]1CN1CCCCC1,CC[C@H]1OC(=O)C[C@@H](O)[C@H](C)[C@@H](O[C@@H]2O[C@H](C)[C@@H](OC(=O)C(O)C=O)[C@H](N(C)C)[C@H]2O)[C@@H](CCN2CCCCC2)C[C@@H](C)C(=O)/C=C/C(C)=C/[C@@H]1CN1CCCCC1,TRUE,,1.484 
tildipirosin,Tildipirosin (泰地罗新),REF_TILDIPIROSIN,repository_reference,O30_attached_to_C26,30,26,C,MPM00768,Malonate semialdehyde,O=CCC(=O)O,1,CC[C@H]1OC(=O)C[C@@H](O)[C@H](C)[C@@H](O[C@@H]2O[C@H](C)[C@@H](OC(=O)CC=O)[C@H](N(C)C)[C@H]2O)[C@@H](CCN2CCCCC2)C[C@@H](C)C(=O)/C=C/C(C)=C/[C@@H]1CN1CCCCC1,CC[C@H]1OC(=O)C[C@@H](O)[C@H](C)[C@@H](O[C@@H]2O[C@H](C)[C@@H](OC(=O)CC=O)[C@H](N(C)C)[C@H]2O)[C@@H](CCN2CCCCC2)C[C@@H](C)C(=O)/C=C/C(C)=C/[C@@H]1CN1CCCCC1,TRUE,,1.407 
tildipirosin,Tildipirosin (泰地罗新),REF_TILDIPIROSIN,repository_reference,O30_attached_to_C26,30,26,C,MPM00359,4-Oxobutanoate,O=CCCC(=O)O,1,CC[C@H]1OC(=O)C[C@@H](O)[C@H](C)[C@@H](O[C@@H]2O[C@H](C)[C@@H](OC(=O)CCC=O)[C@H](N(C)C)[C@H]2O)[C@@H](CCN2CCCCC2)C[C@@H](C)C(=O)/C=C/C(C)=C/[C@@H]1CN1CCCCC1,CC[C@H]1OC(=O)C[C@@H](O)[C@H](C)[C@@H](O[C@@H]2O[C@H](C)[C@@H](OC(=O)CCC=O)[C@H](N(C)C)[C@H]2O)[C@@H](CCN2CCCCC2)C[C@@H](C)C(=O)/C=C/C(C)=C/[C@@H]1CN1CCCCC1,TRUE,,1.141 
tildipirosin,Tildipirosin (泰地罗新),REF_TILDIPIROSIN,repository_reference,O34_attached_to_C24,34,24,C,MPM00863,PEP,C=C(OP(=O)(O)O)C(=O)O,1,C=C(OP(=O)(O)O)C(=O)O[C@H]1[C@H](O[C@H]2[C@@H](CCN3CCCCC3)C[C@@H](C)C(=O)/C=C/C(C)=C/[C@H](CN3CCCCC3)[C@@H](CC)OC(=O)C[C@@H](O)[C@@H]2C)O[C@H](C)[C@@H](O)[C@@H]1N(C)C,C=C(OP(=O)(O)O)C(=O)O[C@H]1[C@H](O[C@H]2[C@@H](CCN3CCCCC3)C[C@@H](C)C(=O)/C=C/C(C)=C/[C@H](CN3CCCCC3)[C@@H](CC)OC(=O)C[C@@H](O)[C@@H]2C)O[C@H](C)[C@@H](O)[C@@H]1N(C)C,TRUE,,1.361 
tildipirosin,Tildipirosin (泰地罗新),REF_TILDIPIROSIN,repository_reference,O34_attached_to_C24,34,24,C,MPM00921,Pyroracemic acid,CC(=O)C(=O)O,1,CC[C@H]1OC(=O)C[C@@H](O)[C@H](C)[C@@H](O[C@@H]2O[C@H](C)[C@@H](O)[C@H](N(C)C)[C@H]2OC(=O)C(C)=O)[C@@H](CCN2CCCCC2)C[C@@H](C)C(=O)/C=C/C(C)=C/[C@@H]1CN1CCCCC1,CC[C@H]1OC(=O)C[C@@H](O)[C@H](C)[C@@H](O[C@@H]2O[C@H](C)[C@@H](O)[C@H](N(C)C)[C@H]2OC(=O)C(C)=O)[C@@H](CCN2CCCCC2)C[C@@H](C)C(=O)/C=C/C(C)=C/[C@@H]1CN1CCCCC1,TRUE,,1.564 
tildipirosin,Tildipirosin (泰地罗新),REF_TILDIPIROSIN,repository_reference,O34_attached_to_C24,34,24,C,MPM00036,(2S)-2-Hydroxy-2-methyl-3-oxobutanoate,CC(=O)C(C)(O)C(=O)O,1,CC[C@H]1OC(=O)C[C@@H](O)[C@H](C)[C@@H](O[C@@H]2O[C@H](C)[C@@H](O)[C@H](N(C)C)[C@H]2OC(=O)C(C)(O)C(C)=O)[C@@H](CCN2CCCCC2)C[C@@H](C)C(=O)/C=C/C(C)=C/[C@@H]1CN1CCCCC1,CC[C@H]1OC(=O)C[C@@H](O)[C@H](C)[C@@H](O[C@@H]2O[C@H](C)[C@@H](O)[C@H](N(C)C)[C@H]2OC(=O)C(C)(O)C(C)=O)[C@@H](CCN2CCCCC2)C[C@@H](C)C(=O)/C=C/C(C)=C/[C@@H]1CN1CCCCC1,TRUE,,0.894 
tildipirosin,Tildipirosin (泰地罗新),REF_TILDIPIROSIN,repository_reference,O34_attached_to_C24,34,24,C,MPM01075,(S)-2-Amino-3-oxobutanoic acid,CC(=O)C(N)C(=O)O,1,CC[C@H]1OC(=O)C[C@@H](O)[C@H](C)[C@@H](O[C@@H]2O[C@H](C)[C@@H](O)[C@H](N(C)C)[C@H]2OC(=O)C(N)C(C)=O)[C@@H](CCN2CCCCC2)C[C@@H](C)C(=O)/C=C/C(C)=C/[C@@H]1CN1CCCCC1,CC[C@H]1OC(=O)C[C@@H](O)[C@H](C)[C@@H](O[C@@H]2O[C@H](C)[C@@H](O)[C@H](N(C)C)[C@H]2OC(=O)C(N)C(C)=O)[C@@H](CCN2CCCCC2)C[C@@H](C)C(=O)/C=C/C(C)=C/[C@@H]1CN1CCCCC1,TRUE,,1.610 
tildipirosin,Tildipirosin (泰地罗新),REF_TILDIPIROSIN,repository_reference,O34_attached_to_C24,34,24,C,MPM00419,Acetoacetic acid,CC(=O)CC(=O)O,1,CC[C@H]1OC(=O)C[C@@H](O)[C@H](C)[C@@H](O[C@@H]2O[C@H](C)[C@@H](O)[C@H](N(C)C)[C@H]2OC(=O)CC(C)=O)[C@@H](CCN2CCCCC2)C[C@@H](C)C(=O)/C=C/C(C)=C/[C@@H]1CN1CCCCC1,CC[C@H]1OC(=O)C[C@@H](O)[C@H](C)[C@@H](O[C@@H]2O[C@H](C)[C@@H](O)[C@H](N(C)C)[C@H]2OC(=O)CC(C)=O)[C@@H](CCN2CCCCC2)C[C@@H](C)C(=O)/C=C/C(C)=C/[C@@H]1CN1CCCCC1,TRUE,,1.452 
tildipirosin,Tildipirosin (泰地罗新),REF_TILDIPIROSIN,repository_reference,O34_attached_to_C24,34,24,C,MPM00188,2-Acetamido-5-oxopentanoate,CC(=O)NC(CCC=O)C(=O)O,1,CC[C@H]1OC(=O)C[C@@H](O)[C@H](C)[C@@H](O[C@@H]2O[C@H](C)[C@@H](O)[C@H](N(C)C)[C@H]2OC(=O)C(CCC=O)NC(C)=O)[C@@H](CCN2CCCCC2)C[C@@H](C)C(=O)/C=C/C(C)=C/[C@@H]1CN1CCCCC1,CC[C@H]1OC(=O)C[C@@H](O)[C@H](C)[C@@H](O[C@@H]2O[C@H](C)[C@@H](O)[C@H](N(C)C)[C@H]2OC(=O)C(CCC=O)NC(C)=O)[C@@H](CCN2CCCCC2)C[C@@H](C)C(=O)/C=C/C(C)=C/[C@@H]1CN1CCCCC1,TRUE,,0.900 
tildipirosin,Tildipirosin (泰地罗新),REF_TILDIPIROSIN,repository_reference,O34_attached_to_C24,34,24,C,MPM01517,N2-Acetyl-L-ornithine,CC(=O)NC(CCCN)C(=O)O,1,CC[C@H]1OC(=O)C[C@@H](O)[C@H](C)[C@@H](O[C@@H]2O[C@H](C)[C@@H](O)[C@H](N(C)C)[C@H]2OC(=O)C(CCCN)NC(C)=O)[C@@H](CCN2CCCCC2)C[C@@H](C)C(=O)/C=C/C(C)=C/[C@@H]1CN1CCCCC1,CC[C@H]1OC(=O)C[C@@H](O)[C@H](C)[C@@H](O[C@@H]2O[C@H](C)[C@@H](O)[C@H](N(C)C)[C@H]2OC(=O)C(CCCN)NC(C)=O)[C@@H](CCN2CCCCC2)C[C@@H](C)C(=O)/C=C/C(C)=C/[C@@H]1CN1CCCCC1,TRUE,,1.574 
tildipirosin,Tildipirosin (泰地罗新),REF_TILDIPIROSIN,repository_reference,O34_attached_to_C24,34,24,C,MPM00819,Neu5Ac,CC(=O)NC1C(O)CC(O)(C(=O)O)OC1C(O)C(O)CO,1,CC[C@H]1OC(=O)C[C@@H](O)[C@H](C)[C@@H](O[C@@H]2O[C@H](C)[C@@H](O)[C@H](N(C)C)[C@H]2OC(=O)C2(O)CC(O)C(NC(C)=O)C(C(O)C(O)CO)O2)[C@@H](CCN2CCCCC2)C[C@@H](C)C(=O)/C=C/C(C)=C/[C@@H]1CN1CCCCC1,CC[C@H]1OC(=O)C[C@@H](O)[C@H](C)[C@@H](O[C@@H]2O[C@H](C)[C@@H](O)[C@H](N(C)C)[C@H]2OC(=O)C2(O)CC(O)C(NC(C)=O)C(C(O)C(O)CO)O2)[C@@H](CCN2CCCCC2)C[C@@H](C)C(=O)/C=C/C(C)=C/[C@@H]1CN1CCCCC1,TRUE,,0.110 
tildipirosin,Tildipirosin (泰地罗新),REF_TILDIPIROSIN,repository_reference,O34_attached_to_C24,34,24,C,MPM00806,N-Acetyl-D-muramoate,CC(=O)NC1C(O)OC(CO)C(O)C1OC(C)C(=O)O,1,CC[C@H]1OC(=O)C[C@@H](O)[C@H](C)[C@@H](O[C@@H]2O[C@H](C)[C@@H](O)[C@H](N(C)C)[C@H]2OC(=O)C(C)OC2C(O)C(CO)OC(O)C2NC(C)=O)[C@@H](CCN2CCCCC2)C[C@@H](C)C(=O)/C=C/C(C)=C/[C@@H]1CN1CCCCC1,CC[C@H]1OC(=O)C[C@@H](O)[C@H](C)[C@@H](O[C@@H]2O[C@H](C)[C@@H](O)[C@H](N(C)C)[C@H]2OC(=O)C(C)OC2C(O)C(CO)OC(O)C2NC(C)=O)[C@@H](CCN2CCCCC2)C[C@@H](C)C(=O)/C=C/C(C)=C/[C@@H]1CN1CCCCC1,TRUE,,0.470 
tildipirosin,Tildipirosin (泰地罗新),REF_TILDIPIROSIN,repository_reference,O34_attached_to_C24,34,24,C,MPM00632,Ethanoic acid,CC(=O)O,1,CC[C@H]1OC(=O)C[C@@H](O)[C@H](C)[C@@H](O[C@@H]2O[C@H](C)[C@@H](O)[C@H](N(C)C)[C@H]2OC(C)=O)[C@@H](CCN2CCCCC2)C[C@@H](C)C(=O)/C=C/C(C)=C/[C@@H]1CN1CCCCC1,CC[C@H]1OC(=O)C[C@@H](O)[C@H](C)[C@@H](O[C@@H]2O[C@H](C)[C@@H](O)[C@H](N(C)C)[C@H]2OC(C)=O)[C@@H](CCN2CCCCC2)C[C@@H](C)C(=O)/C=C/C(C)=C/[C@@H]1CN1CCCCC1,TRUE,,1.516 
tildipirosin,Tildipirosin (泰地罗新),REF_TILDIPIROSIN,repository_reference,O34_attached_to_C24,34,24,C,MPM01530,O3-Acetyl-L-serine,CC(=O)OCC(N)C(=O)O,1,CC[C@H]1OC(=O)C[C@@H](O)[C@H](C)[C@@H](O[C@@H]2O[C@H](C)[C@@H](O)[C@H](N(C)C)[C@H]2OC(=O)C(N)COC(C)=O)[C@@H](CCN2CCCCC2)C[C@@H](C)C(=O)/C=C/C(C)=C/[C@@H]1CN1CCCCC1,CC[C@H]1OC(=O)C[C@@H](O)[C@H](C)[C@@H](O[C@@H]2O[C@H](C)[C@@H](O)[C@H](N(C)C)[C@H]2OC(=O)C(N)COC(C)=O)[C@@H](CCN2CCCCC2)C[C@@H](C)C(=O)/C=C/C(C)=C/[C@@H]1CN1CCCCC1,TRUE,,1.751 
tildipirosin,Tildipirosin (泰地罗新),REF_TILDIPIROSIN,repository_reference,O34_attached_to_C24,34,24,C,MPM01531,O-Acetylhomoserine,CC(=O)OCCC(N)C(=O)O,1,CC[C@H]1OC(=O)C[C@@H](O)[C@H](C)[C@@H](O[C@@H]2O[C@H](C)[C@@H](O)[C@H](N(C)C)[C@H]2OC(=O)C(N)CCOC(C)=O)[C@@H](CCN2CCCCC2)C[C@@H](C)C(=O)/C=C/C(C)=C/[C@@H]1CN1CCCCC1,CC[C@H]1OC(=O)C[C@@H](O)[C@H](C)[C@@H](O[C@@H]2O[C@H](C)[C@@H](O)[C@H](N(C)C)[C@H]2OC(=O)C(N)CCOC(C)=O)[C@@H](CCN2CCCCC2)C[C@@H](C)C(=O)/C=C/C(C)=C/[C@@H]1CN1CCCCC1,TRUE,,1.560 
tildipirosin,Tildipirosin (泰地罗新),REF_TILDIPIROSIN,repository_reference,O34_attached_to_C24,34,24,C,MPM00396,6-Acetylthiohexanoic acid,CC(=O)SCCCCCC(=O)O,1,CC[C@H]1OC(=O)C[C@@H](O)[C@H](C)[C@@H](O[C@@H]2O[C@H](C)[C@@H](O)[C@H](N(C)C)[C@H]2OC(=O)CCCCCSC(C)=O)[C@@H](CCN2CCCCC2)C[C@@H](C)C(=O)/C=C/C(C)=C/[C@@H]1CN1CCCCC1,CC[C@H]1OC(=O)C[C@@H](O)[C@H](C)[C@@H](O[C@@H]2O[C@H](C)[C@@H](O)[C@H](N(C)C)[C@H]2OC(=O)CCCCCSC(C)=O)[C@@H](CCN2CCCCC2)C[C@@H](C)C(=O)/C=C/C(C)=C/[C@@H]1CN1CCCCC1,TRUE,,0.536 
tildipirosin,Tildipirosin (泰地罗新),REF_TILDIPIROSIN,repository_reference,O34_attached_to_C24,34,24,C,MPM00215,2-Dehydropantoate,CC(C)(CO)C(=O)C(=O)O,1,CC[C@H]1OC(=O)C[C@@H](O)[C@H](C)[C@@H](O[C@@H]2O[C@H](C)[C@@H](O)[C@H](N(C)C)[C@H]2OC(=O)C(=O)C(C)(C)CO)[C@@H](CCN2CCCCC2)C[C@@H](C)C(=O)/C=C/C(C)=C/[C@@H]1CN1CCCCC1,CC[C@H]1OC(=O)C[C@@H](O)[C@H](C)[C@@H](O[C@@H]2O[C@H](C)[C@@H](O)[C@H](N(C)C)[C@H]2OC(=O)C(=O)C(C)(C)CO)[C@@H](CCN2CCCCC2)C[C@@H](C)C(=O)/C=C/C(C)=C/[C@@H]1CN1CCCCC1,TRUE,,1.685 
tildipirosin,Tildipirosin (泰地罗新),REF_TILDIPIROSIN,repository_reference,O34_attached_to_C24,34,24,C,MPM00831,N-Pantothenoylcysteine,CC(C)(CO)C(O)C(=O)NCCC(=O)NC(CS)C(=O)O,1,CC[C@H]1OC(=O)C[C@@H](O)[C@H](C)[C@@H](O[C@@H]2O[C@H](C)[C@@H](O)[C@H](N(C)C)[C@H]2OC(=O)C(CS)NC(=O)CCNC(=O)C(O)C(C)(C)CO)[C@@H](CCN2CCCCC2)C[C@@H](C)C(=O)/C=C/C(C)=C/[C@@H]1CN1CCCCC1,CC[C@H]1OC(=O)C[C@@H](O)[C@H](C)[C@@H](O[C@@H]2O[C@H](C)[C@@H](O)[C@H](N(C)C)[C@H]2OC(=O)C(CS)NC(=O)CCNC(=O)C(O)C(C)(C)CO)[C@@H](CCN2CCCCC2)C[C@@H](C)C(=O)/C=C/C(C)=C/[C@@H]1CN1CCCCC1,TRUE,,-0.291 
tildipirosin,Tildipirosin (泰地罗新),REF_TILDIPIROSIN,repository_reference,O34_attached_to_C24,34,24,C,MPM00087,(R)-Pantothenate,CC(C)(CO)C(O)C(=O)NCCC(=O)O,1,CC[C@H]1OC(=O)C[C@@H](O)[C@H](C)[C@@H](O[C@@H]2O[C@H](C)[C@@H](O)[C@H](N(C)C)[C@H]2OC(=O)CCNC(=O)C(O)C(C)(C)CO)[C@@H](CCN2CCCCC2)C[C@@H](C)C(=O)/C=C/C(C)=C/[C@@H]1CN1CCCCC1,CC[C@H]1OC(=O)C[C@@H](O)[C@H](C)[C@@H](O[C@@H]2O[C@H](C)[C@@H](O)[C@H](N(C)C)[C@H]2OC(=O)CCNC(=O)C(O)C(C)(C)CO)[C@@H](CCN2CCCCC2)C[C@@H](C)C(=O)/C=C/C(C)=C/[C@@H]1CN1CCCCC1,TRUE,,1.279 
tildipirosin,Tildipirosin (泰地罗新),REF_TILDIPIROSIN,repository_reference,O34_attached_to_C24,34,24,C,MPM00080,(R)-4'-Phosphopantothenate,CC(C)(COP(=O)(O)O)C(O)C(=O)NCCC(=O)O,1,CC[C@H]1OC(=O)C[C@@H](O)[C@H](C)[C@@H](O[C@@H]2O[C@H](C)[C@@H](O)[C@H](N(C)C)[C@H]2OC(=O)CCNC(=O)C(O)C(C)(C)COP(=O)(O)O)[C@@H](CCN2CCCCC2)C[C@@H](C)C(=O)/C=C/C(C)=C/[C@@H]1CN1CCCCC1,CC[C@H]1OC(=O)C[C@@H](O)[C@H](C)[C@@H](O[C@@H]2O[C@H](C)[C@@H](O)[C@H](N(C)C)[C@H]2OC(=O)CCNC(=O)C(O)C(C)(C)COP(=O)(O)O)[C@@H](CCN2CCCCC2)C[C@@H](C)C(=O)/C=C/C(C)=C/[C@@H]1CN1CCCCC1,TRUE,,0.887 
tildipirosin,Tildipirosin (泰地罗新),REF_TILDIPIROSIN,repository_reference,O34_attached_to_C24,34,24,C,MPM00026,"(2R)-2,3-Dihydroxy-3-methylbutanoate",CC(C)(O)C(O)C(=O)O,1,CC[C@H]1OC(=O)C[C@@H](O)[C@H](C)[C@@H](O[C@@H]2O[C@H](C)[C@@H](O)[C@H](N(C)C)[C@H]2OC(=O)C(O)C(C)(C)O)[C@@H](CCN2CCCCC2)C[C@@H](C)C(=O)/C=C/C(C)=C/[C@@H]1CN1CCCCC1,CC[C@H]1OC(=O)C[C@@H](O)[C@H](C)[C@@H](O[C@@H]2O[C@H](C)[C@@H](O)[C@H](N(C)C)[C@H]2OC(=O)C(O)C(C)(C)O)[C@@H](CCN2CCCCC2)C[C@@H](C)C(=O)/C=C/C(C)=C/[C@@H]1CN1CCCCC1,TRUE,,1.147 
tildipirosin,Tildipirosin (泰地罗新),REF_TILDIPIROSIN,repository_reference,O34_attached_to_C24,34,24,C,MPM00242,2-Keto-3-methylbutyric acid,CC(C)C(=O)C(=O)O,1,CC[C@H]1OC(=O)C[C@@H](O)[C@H](C)[C@@H](O[C@@H]2O[C@H](C)[C@@H](O)[C@H](N(C)C)[C@H]2OC(=O)C(=O)C(C)C)[C@@H](CCN2CCCCC2)C[C@@H](C)C(=O)/C=C/C(C)=C/[C@@H]1CN1CCCCC1,CC[C@H]1OC(=O)C[C@@H](O)[C@H](C)[C@@H](O[C@@H]2O[C@H](C)[C@@H](O)[C@H](N(C)C)[C@H]2OC(=O)C(=O)C(C)C)[C@@H](CCN2CCCCC2)C[C@@H](C)C(=O)/C=C/C(C)=C/[C@@H]1CN1CCCCC1,TRUE,,1.504 
tildipirosin,Tildipirosin (泰地罗新),REF_TILDIPIROSIN,repository_reference,O34_attached_to_C24,34,24,C,MPM00716,Isobutyrate,CC(C)C(=O)O,1,CC[C@H]1OC(=O)C[C@@H](O)[C@H](C)[C@@H](O[C@@H]2O[C@H](C)[C@@H](O)[C@H](N(C)C)[C@H]2OC(=O)C(C)C)[C@@H](CCN2CCCCC2)C[C@@H](C)C(=O)/C=C/C(C)=C/[C@@H]1CN1CCCCC1,CC[C@H]1OC(=O)C[C@@H](O)[C@H](C)[C@@H](O[C@@H]2O[C@H](C)[C@@H](O)[C@H](N(C)C)[C@H]2OC(=O)C(C)C)[C@@H](CCN2CCCCC2)C[C@@H](C)C(=O)/C=C/C(C)=C/[C@@H]1CN1CCCCC1,TRUE,,1.447 
tildipirosin,Tildipirosin (泰地罗新),REF_TILDIPIROSIN,repository_reference,O34_attached_to_C24,34,24,C,MPM01137,2-Amino-3-methylbutyric acid,CC(C)C(N)C(=O)O,1,CC[C@H]1OC(=O)C[C@@H](O)[C@H](C)[C@@H](O[C@@H]2O[C@H](C)[C@@H](O)[C@H](N(C)C)[C@H]2OC(=O)C(N)C(C)C)[C@@H](CCN2CCCCC2)C[C@@H](C)C(=O)/C=C/C(C)=C/[C@@H]1CN1CCCCC1,CC[C@H]1OC(=O)C[C@@H](O)[C@H](C)[C@@H](O[C@@H]2O[C@H](C)[C@@H](O)[C@H](N(C)C)[C@H]2OC(=O)C(N)C(C)C)[C@@H](CCN2CCCCC2)C[C@@H](C)C(=O)/C=C/C(C)=C/[C@@H]1CN1CCCCC1,TRUE,,1.469 
tildipirosin,Tildipirosin (泰地罗新),REF_TILDIPIROSIN,repository_reference,O34_attached_to_C24,34,24,C,MPM00260,2-Oxoisocaproate,CC(C)CC(=O)C(=O)O,1,CC[C@H]1OC(=O)C[C@@H](O)[C@H](C)[C@@H](O[C@@H]2O[C@H](C)[C@@H](O)[C@H](N(C)C)[C@H]2OC(=O)C(=O)CC(C)C)[C@@H](CCN2CCCCC2)C[C@@H](C)C(=O)/C=C/C(C)=C/[C@@H]1CN1CCCCC1,CC[C@H]1OC(=O)C[C@@H](O)[C@H](C)[C@@H](O[C@@H]2O[C@H](C)[C@@H](O)[C@H](N(C)C)[C@H]2OC(=O)C(=O)CC(C)C)[C@@H](CCN2CCCCC2)C[C@@H](C)C(=O)/C=C/C(C)=C/[C@@H]1CN1CCCCC1,TRUE,,1.274 
tildipirosin,Tildipirosin (泰地罗新),REF_TILDIPIROSIN,repository_reference,O34_attached_to_C24,34,24,C,MPM00720,Isovalerate,CC(C)CC(=O)O,1,CC[C@H]1OC(=O)C[C@@H](O)[C@H](C)[C@@H](O[C@@H]2O[C@H](C)[C@@H](O)[C@H](N(C)C)[C@H]2OC(=O)CC(C)C)[C@@H](CCN2CCCCC2)C[C@@H](C)C(=O)/C=C/C(C)=C/[C@@H]1CN1CCCCC1,CC[C@H]1OC(=O)C[C@@H](O)[C@H](C)[C@@H](O[C@@H]2O[C@H](C)[C@@H](O)[C@H](N(C)C)[C@H]2OC(=O)CC(C)C)[C@@H](CCN2CCCCC2)C[C@@H](C)C(=O)/C=C/C(C)=C/[C@@H]1CN1CCCCC1,TRUE,,1.215 
tildipirosin,Tildipirosin (泰地罗新),REF_TILDIPIROSIN,repository_reference,O34_attached_to_C24,34,24,C,MPM01055,(2S)-alpha-Leucine,CC(C)CC(N)C(=O)O,1,CC[C@H]1OC(=O)C[C@@H](O)[C@H](C)[C@@H](O[C@@H]2O[C@H](C)[C@@H](O)[C@H](N(C)C)[C@H]2OC(=O)C(N)CC(C)C)[C@@H](CCN2CCCCC2)C[C@@H](C)C(=O)/C=C/C(C)=C/[C@@H]1CN1CCCCC1,CC[C@H]1OC(=O)C[C@@H](O)[C@H](C)[C@@H](O[C@@H]2O[C@H](C)[C@@H](O)[C@H](N(C)C)[C@H]2OC(=O)C(N)CC(C)C)[C@@H](CCN2CCCCC2)C[C@@H](C)C(=O)/C=C/C(C)=C/[C@@H]1CN1CCCCC1,TRUE,,1.386 
tildipirosin,Tildipirosin (泰地罗新),REF_TILDIPIROSIN,repository_reference,O34_attached_to_C24,34,24,C,MPM00737,l-Alanyl-l-leucine,CC(C)CC(NC(=O)C(C)N)C(=O)O,1,CC[C@H]1OC(=O)C[C@@H](O)[C@H](C)[C@@H](O[C@@H]2O[C@H](C)[C@@H](O)[C@H](N(C)C)[C@H]2OC(=O)C(CC(C)C)NC(=O)C(C)N)[C@@H](CCN2CCCCC2)C[C@@H](C)C(=O)/C=C/C(C)=C/[C@@H]1CN1CCCCC1,CC[C@H]1OC(=O)C[C@@H](O)[C@H](C)[C@@H](O[C@@H]2O[C@H](C)[C@@H](O)[C@H](N(C)C)[C@H]2OC(=O)C(CC(C)C)NC(=O)C(C)N)[C@@H](CCN2CCCCC2)C[C@@H](C)C(=O)/C=C/C(C)=C/[C@@H]1CN1CCCCC1,TRUE,,1.231 
tildipirosin,Tildipirosin (泰地罗新),REF_TILDIPIROSIN,repository_reference,O34_attached_to_C24,34,24,C,MPM00675,Glycyl-L-leucine,CC(C)CC(NC(=O)CN)C(=O)O,1,CC[C@H]1OC(=O)C[C@@H](O)[C@H](C)[C@@H](O[C@@H]2O[C@H](C)[C@@H](O)[C@H](N(C)C)[C@H]2OC(=O)C(CC(C)C)NC(=O)CN)[C@@H](CCN2CCCCC2)C[C@@H](C)C(=O)/C=C/C(C)=C/[C@@H]1CN1CCCCC1,CC[C@H]1OC(=O)C[C@@H](O)[C@H](C)[C@@H](O[C@@H]2O[C@H](C)[C@@H](O)[C@H](N(C)C)[C@H]2OC(=O)C(CC(C)C)NC(=O)CN)[C@@H](CCN2CCCCC2)C[C@@H](C)C(=O)/C=C/C(C)=C/[C@@H]1CN1CCCCC1,TRUE,,1.605 
tildipirosin,Tildipirosin (泰地罗新),REF_TILDIPIROSIN,repository_reference,O34_attached_to_C24,34,24,C,MPM00108,(S)-methylmalonate semialdehyde,CC(C=O)C(=O)O,1,CC[C@H]1OC(=O)C[C@@H](O)[C@H](C)[C@@H](O[C@@H]2O[C@H](C)[C@@H](O)[C@H](N(C)C)[C@H]2OC(=O)C(C)C=O)[C@@H](CCN2CCCCC2)C[C@@H](C)C(=O)/C=C/C(C)=C/[C@@H]1CN1CCCCC1,CC[C@H]1OC(=O)C[C@@H](O)[C@H](C)[C@@H](O[C@@H]2O[C@H](C)[C@@H](O)[C@H](N(C)C)[C@H]2OC(=O)C(C)C=O)[C@@H](CCN2CCCCC2)C[C@@H](C)C(=O)/C=C/C(C)=C/[C@@H]1CN1CCCCC1,TRUE,,1.294 
tildipirosin,Tildipirosin (泰地罗新),REF_TILDIPIROSIN,repository_reference,O34_attached_to_C24,34,24,C,MPM01359,D-Ala-D-Ala,CC(N)C(=O)NC(C)C(=O)O,1,CC[C@H]1OC(=O)C[C@@H](O)[C@H](C)[C@@H](O[C@@H]2O[C@H](C)[C@@H](O)[C@H](N(C)C)[C@H]2OC(=O)C(C)NC(=O)C(C)N)[C@@H](CCN2CCCCC2)C[C@@H](C)C(=O)/C=C/C(C)=C/[C@@H]1CN1CCCCC1,CC[C@H]1OC(=O)C[C@@H](O)[C@H](C)[C@@H](O[C@@H]2O[C@H](C)[C@@H](O)[C@H](N(C)C)[C@H]2OC(=O)C(C)NC(=O)C(C)N)[C@@H](CCN2CCCCC2)C[C@@H](C)C(=O)/C=C/C(C)=C/[C@@H]1CN1CCCCC1,TRUE,,1.674 
tildipirosin,Tildipirosin (泰地罗新),REF_TILDIPIROSIN,repository_reference,O34_attached_to_C24,34,24,C,MPM00736,l-Alanyl-l-glutamine,CC(N)C(=O)NC(CCC(N)=O)C(=O)O,1,CC[C@H]1OC(=O)C[C@@H](O)[C@H](C)[C@@H](O[C@@H]2O[C@H](C)[C@@H](O)[C@H](N(C)C)[C@H]2OC(=O)C(CCC(N)=O)NC(=O)C(C)N)[C@@H](CCN2CCCCC2)C[C@@H](C)C(=O)/C=C/C(C)=C/[C@@H]1CN1CCCCC1,CC[C@H]1OC(=O)C[C@@H](O)[C@H](C)[C@@H](O[C@@H]2O[C@H](C)[C@@H](O)[C@H](N(C)C)[C@H]2OC(=O)C(CCC(N)=O)NC(=O)C(C)N)[C@@H](CCN2CCCCC2)C[C@@H](C)C(=O)/C=C/C(C)=C/[C@@H]1CN1CCCCC1,TRUE,,1.699 
tildipirosin,Tildipirosin (泰地罗新),REF_TILDIPIROSIN,repository_reference,O34_attached_to_C24,34,24,C,MPM00440,Ala-His,CC(N)C(=O)NC(Cc1cnc[nH]1)C(=O)O,1,CC[C@H]1OC(=O)C[C@@H](O)[C@H](C)[C@@H](O[C@@H]2O[C@H](C)[C@@H](O)[C@H](N(C)C)[C@H]2OC(=O)C(Cc2cnc[nH]2)NC(=O)C(C)N)[C@@H](CCN2CCCCC2)C[C@@H](C)C(=O)/C=C/C(C)=C/[C@@H]1CN1CCCCC1,CC[C@H]1OC(=O)C[C@@H](O)[C@H](C)[C@@H](O[C@@H]2O[C@H](C)[C@@H](O)[C@H](N(C)C)[C@H]2OC(=O)C(Cc2cnc[nH]2)NC(=O)C(C)N)[C@@H](CCN2CCCCC2)C[C@@H](C)C(=O)/C=C/C(C)=C/[C@@H]1CN1CCCCC1,TRUE,,1.433 
tildipirosin,Tildipirosin (泰地罗新),REF_TILDIPIROSIN,repository_reference,O34_attached_to_C24,34,24,C,MPM00441,Alanylglycine,CC(N)C(=O)NCC(=O)O,1,CC[C@H]1OC(=O)C[C@@H](O)[C@H](C)[C@@H](O[C@@H]2O[C@H](C)[C@@H](O)[C@H](N(C)C)[C@H]2OC(=O)CNC(=O)C(C)N)[C@@H](CCN2CCCCC2)C[C@@H](C)C(=O)/C=C/C(C)=C/[C@@H]1CN1CCCCC1,CC[C@H]1OC(=O)C[C@@H](O)[C@H](C)[C@@H](O[C@@H]2O[C@H](C)[C@@H](O)[C@H](N(C)C)[C@H]2OC(=O)CNC(=O)C(C)N)[C@@H](CCN2CCCCC2)C[C@@H](C)C(=O)/C=C/C(C)=C/[C@@H]1CN1CCCCC1,TRUE,,1.863 
tildipirosin,Tildipirosin (泰地罗新),REF_TILDIPIROSIN,repository_reference,O34_attached_to_C24,34,24,C,MPM01358,D-Ala,CC(N)C(=O)O,1,CC[C@H]1OC(=O)C[C@@H](O)[C@H](C)[C@@H](O[C@@H]2O[C@H](C)[C@@H](O)[C@H](N(C)C)[C@H]2OC(=O)C(C)N)[C@@H](CCN2CCCCC2)C[C@@H](C)C(=O)/C=C/C(C)=C/[C@@H]1CN1CCCCC1,CC[C@H]1OC(=O)C[C@@H](O)[C@H](C)[C@@H](O[C@@H]2O[C@H](C)[C@@H](O)[C@H](N(C)C)[C@H]2OC(=O)C(C)N)[C@@H](CCN2CCCCC2)C[C@@H](C)C(=O)/C=C/C(C)=C/[C@@H]1CN1CCCCC1,TRUE,,1.832 
tildipirosin,Tildipirosin (泰地罗新),REF_TILDIPIROSIN,repository_reference,O34_attached_to_C24,34,24,C,MPM00548,DAPA,CC(N)C(N)CCCCCC(=O)O,1,CC[C@H]1OC(=O)C[C@@H](O)[C@H](C)[C@@H](O[C@@H]2O[C@H](C)[C@@H](O)[C@H](N(C)C)[C@H]2OC(=O)CCCCCC(N)C(C)N)[C@@H](CCN2CCCCC2)C[C@@H](C)C(=O)/C=C/C(C)=C/[C@@H]1CN1CCCCC1,CC[C@H]1OC(=O)C[C@@H](O)[C@H](C)[C@@H](O[C@@H]2O[C@H](C)[C@@H](O)[C@H](N(C)C)[C@H]2OC(=O)CCCCCC(N)C(C)N)[C@@H](CCN2CCCCC2)C[C@@H](C)C(=O)/C=C/C(C)=C/[C@@H]1CN1CCCCC1,TRUE,,1.315 
tildipirosin,Tildipirosin (泰地罗新),REF_TILDIPIROSIN,repository_reference,O34_attached_to_C24,34,24,C,MPM00031,"(2R,4S)-2,4-diaminopentanoic acid",CC(N)CC(N)C(=O)O,1,CC[C@H]1OC(=O)C[C@@H](O)[C@H](C)[C@@H](O[C@@H]2O[C@H](C)[C@@H](O)[C@H](N(C)C)[C@H]2OC(=O)C(N)CC(C)N)[C@@H](CCN2CCCCC2)C[C@@H](C)C(=O)/C=C/C(C)=C/[C@@H]1CN1CCCCC1,CC[C@H]1OC(=O)C[C@@H](O)[C@H](C)[C@@H](O[C@@H]2O[C@H](C)[C@@H](O)[C@H](N(C)C)[C@H]2OC(=O)C(N)CC(C)N)[C@@H](CCN2CCCCC2)C[C@@H](C)C(=O)/C=C/C(C)=C/[C@@H]1CN1CCCCC1,TRUE,,1.757 
tildipirosin,Tildipirosin (泰地罗新),REF_TILDIPIROSIN,repository_reference,O34_attached_to_C24,34,24,C,MPM00051,"(3S,5S)-3,5-diaminohexanoic acid",CC(N)CC(N)CC(=O)O,1,CC[C@H]1OC(=O)C[C@@H](O)[C@H](C)[C@@H](O[C@@H]2O[C@H](C)[C@@H](O)[C@H](N(C)C)[C@H]2OC(=O)CC(N)CC(C)N)[C@@H](CCN2CCCCC2)C[C@@H](C)C(=O)/C=C/C(C)=C/[C@@H]1CN1CCCCC1,CC[C@H]1OC(=O)C[C@@H](O)[C@H](C)[C@@H](O[C@@H]2O[C@H](C)[C@@H](O)[C@H](N(C)C)[C@H]2OC(=O)CC(N)CC(C)N)[C@@H](CCN2CCCCC2)C[C@@H](C)C(=O)/C=C/C(C)=C/[C@@H]1CN1CCCCC1,TRUE,,1.499 
tildipirosin,Tildipirosin (泰地罗新),REF_TILDIPIROSIN,repository_reference,O34_attached_to_C24,34,24,C,MPM00083,(R)-mevalonate,CC(O)(CCO)CC(=O)O,1,CC[C@H]1OC(=O)C[C@@H](O)[C@H](C)[C@@H](O[C@@H]2O[C@H](C)[C@@H](O)[C@H](N(C)C)[C@H]2OC(=O)CC(C)(O)CCO)[C@@H](CCN2CCCCC2)C[C@@H](C)C(=O)/C=C/C(C)=C/[C@@H]1CN1CCCCC1,CC[C@H]1OC(=O)C[C@@H](O)[C@H](C)[C@@H](O[C@@H]2O[C@H](C)[C@@H](O)[C@H](N(C)C)[C@H]2OC(=O)CC(C)(O)CCO)[C@@H](CCN2CCCCC2)C[C@@H](C)C(=O)/C=C/C(C)=C/[C@@H]1CN1CCCCC1,TRUE,,1.065 
tildipirosin,Tildipirosin (泰地罗新),REF_TILDIPIROSIN,repository_reference,O34_attached_to_C24,34,24,C,MPM00081,(R)-5-Diphosphomevalonate,CC(O)(CCOP(=O)(O)OP(=O)(O)O)CC(=O)O,1,CC[C@H]1OC(=O)C[C@@H](O)[C@H](C)[C@@H](O[C@@H]2O[C@H](C)[C@@H](O)[C@H](N(C)C)[C@H]2OC(=O)CC(C)(O)CCOP(=O)(O)OP(=O)(O)O)[C@@H](CCN2CCCCC2)C[C@@H](C)C(=O)/C=C/C(C)=C/[C@@H]1CN1CCCCC1,CC[C@H]1OC(=O)C[C@@H](O)[C@H](C)[C@@H](O[C@@H]2O[C@H](C)[C@@H](O)[C@H](N(C)C)[C@H]2OC(=O)CC(C)(O)CCOP(=O)(O)OP(=O)(O)O)[C@@H](CCN2CCCCC2)C[C@@H](C)C(=O)/C=C/C(C)=C/[C@@H]1CN1CCCCC1,TRUE,,0.186 
tildipirosin,Tildipirosin (泰地罗新),REF_TILDIPIROSIN,repository_reference,O34_attached_to_C24,34,24,C,MPM00543,D-2-Hydroxypropionic acid,CC(O)C(=O)O,1,CC[C@H]1OC(=O)C[C@@H](O)[C@H](C)[C@@H](O[C@@H]2O[C@H](C)[C@@H](O)[C@H](N(C)C)[C@H]2OC(=O)C(C)O)[C@@H](CCN2CCCCC2)C[C@@H](C)C(=O)/C=C/C(C)=C/[C@@H]1CN1CCCCC1,CC[C@H]1OC(=O)C[C@@H](O)[C@H](C)[C@@H](O[C@@H]2O[C@H](C)[C@@H](O)[C@H](N(C)C)[C@H]2OC(=O)C(C)O)[C@@H](CCN2CCCCC2)C[C@@H](C)C(=O)/C=C/C(C)=C/[C@@H]1CN1CCCCC1,TRUE,,1.538 
tildipirosin,Tildipirosin (泰地罗新),REF_TILDIPIROSIN,repository_reference,O34_attached_to_C24,34,24,C,MPM01136,2-Amino-3-hydroxybutyric acid,CC(O)C(N)C(=O)O,1,CC[C@H]1OC(=O)C[C@@H](O)[C@H](C)[C@@H](O[C@@H]2O[C@H](C)[C@@H](O)[C@H](N(C)C)[C@H]2OC(=O)C(N)C(C)O)[C@@H](CCN2CCCCC2)C[C@@H](C)C(=O)/C=C/C(C)=C/[C@@H]1CN1CCCCC1,CC[C@H]1OC(=O)C[C@@H](O)[C@H](C)[C@@H](O[C@@H]2O[C@H](C)[C@@H](O)[C@H](N(C)C)[C@H]2OC(=O)C(N)C(C)O)[C@@H](CCN2CCCCC2)C[C@@H](C)C(=O)/C=C/C(C)=C/[C@@H]1CN1CCCCC1,TRUE,,1.579 
tildipirosin,Tildipirosin (泰地罗新),REF_TILDIPIROSIN,repository_reference,O34_attached_to_C24,34,24,C,MPM00551,D-beta-Hydroxybutyric acid,CC(O)CC(=O)O,1,CC[C@H]1OC(=O)C[C@@H](O)[C@H](C)[C@@H](O[C@@H]2O[C@H](C)[C@@H](O)[C@H](N(C)C)[C@H]2OC(=O)CC(C)O)[C@@H](CCN2CCCCC2)C[C@@H](C)C(=O)/C=C/C(C)=C/[C@@H]1CN1CCCCC1,CC[C@H]1OC(=O)C[C@@H](O)[C@H](C)[C@@H](O[C@@H]2O[C@H](C)[C@@H](O)[C@H](N(C)C)[C@H]2OC(=O)CC(C)O)[C@@H](CCN2CCCCC2)C[C@@H](C)C(=O)/C=C/C(C)=C/[C@@H]1CN1CCCCC1,TRUE,,1.390 
tildipirosin,Tildipirosin (泰地罗新),REF_TILDIPIROSIN,repository_reference,O34_attached_to_C24,34,24,C,MPM00843,O-Phospho-L-threonine,CC(OP(=O)(O)O)C(N)C(=O)O,1,CC[C@H]1OC(=O)C[C@@H](O)[C@H](C)[C@@H](O[C@@H]2O[C@H](C)[C@@H](O)[C@H](N(C)C)[C@H]2OC(=O)C(N)C(C)OP(=O)(O)O)[C@@H](CCN2CCCCC2)C[C@@H](C)C(=O)/C=C/C(C)=C/[C@@H]1CN1CCCCC1,CC[C@H]1OC(=O)C[C@@H](O)[C@H](C)[C@@H](O[C@@H]2O[C@H](C)[C@@H](O)[C@H](N(C)C)[C@H]2OC(=O)C(N)C(C)OP(=O)(O)O)[C@@H](CCN2CCCCC2)C[C@@H](C)C(=O)/C=C/C(C)=C/[C@@H]1CN1CCCCC1,TRUE,,1.289 
tildipirosin,Tildipirosin (泰地罗新),REF_TILDIPIROSIN,repository_reference,O34_attached_to_C24,34,24,C,MPM00465,Ampicillin,CC1(C)SC2C(NC(=O)C(N)c3ccccc3)C(=O)N2C1C(=O)O,1,CC[C@H]1OC(=O)C[C@@H](O)[C@H](C)[C@@H](O[C@@H]2O[C@H](C)[C@@H](O)[C@H](N(C)C)[C@H]2OC(=O)C2N3C(=O)C(NC(=O)C(N)c4ccccc4)C3SC2(C)C)[C@@H](CCN2CCCCC2)C[C@@H](C)C(=O)/C=C/C(C)=C/[C@@H]1CN1CCCCC1,CC[C@H]1OC(=O)C[C@@H](O)[C@H](C)[C@@H](O[C@@H]2O[C@H](C)[C@@H](O)[C@H](N(C)C)[C@H]2OC(=O)C2N3C(=O)C(NC(=O)C(N)c4ccccc4)C3SC2(C)C)[C@@H](CCN2CCCCC2)C[C@@H](C)C(=O)/C=C/C(C)=C/[C@@H]1CN1CCCCC1,TRUE,,0.356 
tildipirosin,Tildipirosin (泰地罗新),REF_TILDIPIROSIN,repository_reference,O34_attached_to_C24,34,24,C,MPM00566,Desthiobiotin,CC1NC(=O)NC1CCCCCC(=O)O,1,CC[C@H]1OC(=O)C[C@@H](O)[C@H](C)[C@@H](O[C@@H]2O[C@H](C)[C@@H](O)[C@H](N(C)C)[C@H]2OC(=O)CCCCCC2NC(=O)NC2C)[C@@H](CCN2CCCCC2)C[C@@H](C)C(=O)/C=C/C(C)=C/[C@@H]1CN1CCCCC1,CC[C@H]1OC(=O)C[C@@H](O)[C@H](C)[C@@H](O[C@@H]2O[C@H](C)[C@@H](O)[C@H](N(C)C)[C@H]2OC(=O)CCCCCC2NC(=O)NC2C)[C@@H](CCN2CCCCC2)C[C@@H](C)C(=O)/C=C/C(C)=C/[C@@H]1CN1CCCCC1,TRUE,,0.620 
tildipirosin,Tildipirosin (泰地罗新),REF_TILDIPIROSIN,repository_reference,O34_attached_to_C24,34,24,C,MPM00458,alpha-Ketobutyrate,CCC(=O)C(=O)O,1,CCC(=O)C(=O)O[C@H]1[C@H](O[C@H]2[C@@H](CCN3CCCCC3)C[C@@H](C)C(=O)/C=C/C(C)=C/[C@H](CN3CCCCC3)[C@@H](CC)OC(=O)C[C@@H](O)[C@@H]2C)O[C@H](C)[C@@H](O)[C@@H]1N(C)C,CCC(=O)C(=O)O[C@H]1[C@H](O[C@H]2[C@@H](CCN3CCCCC3)C[C@@H](C)C(=O)/C=C/C(C)=C/[C@H](CN3CCCCC3)[C@@H](CC)OC(=O)C[C@@H](O)[C@@H]2C)O[C@H](C)[C@@H](O)[C@@H]1N(C)C,TRUE,,1.673 
tildipirosin,Tildipirosin (泰地罗新),REF_TILDIPIROSIN,repository_reference,O34_attached_to_C24,34,24,C,MPM00908,propionate,CCC(=O)O,1,CCC(=O)O[C@H]1[C@H](O[C@H]2[C@@H](CCN3CCCCC3)C[C@@H](C)C(=O)/C=C/C(C)=C/[C@H](CN3CCCCC3)[C@@H](CC)OC(=O)C[C@@H](O)[C@@H]2C)O[C@H](C)[C@@H](O)[C@@H]1N(C)C,CCC(=O)O[C@H]1[C@H](O[C@H]2[C@@H](CCN3CCCCC3)C[C@@H](C)C(=O)/C=C/C(C)=C/[C@H](CN3CCCCC3)[C@@H](CC)OC(=O)C[C@@H](O)[C@@H]2C)O[C@H](C)[C@@H](O)[C@@H]1N(C)C,TRUE,,1.616 
tildipirosin,Tildipirosin (泰地罗新),REF_TILDIPIROSIN,repository_reference,O34_attached_to_C24,34,24,C,MPM00078,(R)-3-Hydroxy-3-methyl-2-oxopentanoate,CCC(C)(O)C(=O)C(=O)O,1,CC[C@H]1OC(=O)C[C@@H](O)[C@H](C)[C@@H](O[C@@H]2O[C@H](C)[C@@H](O)[C@H](N(C)C)[C@H]2OC(=O)C(=O)C(C)(O)CC)[C@@H](CCN2CCCCC2)C[C@@H](C)C(=O)/C=C/C(C)=C/[C@@H]1CN1CCCCC1,CC[C@H]1OC(=O)C[C@@H](O)[C@H](C)[C@@H](O[C@@H]2O[C@H](C)[C@@H](O)[C@H](N(C)C)[C@H]2OC(=O)C(=O)C(C)(O)CC)[C@@H](CCN2CCCCC2)C[C@@H](C)C(=O)/C=C/C(C)=C/[C@@H]1CN1CCCCC1,TRUE,,1.462 
tildipirosin,Tildipirosin (泰地罗新),REF_TILDIPIROSIN,repository_reference,O34_attached_to_C24,34,24,C,MPM00028,"(2R,3R)-2,3-Dihydroxy-3-methylpentanoate",CCC(C)(O)C(O)C(=O)O,1,CC[C@H]1OC(=O)C[C@@H](O)[C@H](C)[C@@H](O[C@@H]2O[C@H](C)[C@@H](O)[C@H](N(C)C)[C@H]2OC(=O)C(O)C(C)(O)CC)[C@@H](CCN2CCCCC2)C[C@@H](C)C(=O)/C=C/C(C)=C/[C@@H]1CN1CCCCC1,CC[C@H]1OC(=O)C[C@@H](O)[C@H](C)[C@@H](O[C@@H]2O[C@H](C)[C@@H](O)[C@H](N(C)C)[C@H]2OC(=O)C(O)C(C)(O)CC)[C@@H](CCN2CCCCC2)C[C@@H](C)C(=O)/C=C/C(C)=C/[C@@H]1CN1CCCCC1,TRUE,,1.106 
tildipirosin,Tildipirosin (泰地罗新),REF_TILDIPIROSIN,repository_reference,O34_attached_to_C24,34,24,C,MPM00050,(3S)-3-Methyl-2-oxopentanoate,CCC(C)C(=O)C(=O)O,1,CCC(C)C(=O)C(=O)O[C@H]1[C@H](O[C@H]2[C@@H](CCN3CCCCC3)C[C@@H](C)C(=O)/C=C/C(C)=C/[C@H](CN3CCCCC3)[C@@H](CC)OC(=O)C[C@@H](O)[C@@H]2C)O[C@H](C)[C@@H](O)[C@@H]1N(C)C,CCC(C)C(=O)C(=O)O[C@H]1[C@H](O[C@H]2[C@@H](CCN3CCCCC3)C[C@@H](C)C(=O)/C=C/C(C)=C/[C@H](CN3CCCCC3)[C@@H](CC)OC(=O)C[C@@H](O)[C@@H]2C)O[C@H](C)[C@@H](O)[C@@H]1N(C)C,TRUE,,1.452 
tildipirosin,Tildipirosin (泰地罗新),REF_TILDIPIROSIN,repository_reference,O34_attached_to_C24,34,24,C,MPM01138,2-Amino-3-methylvaleric acid,CCC(C)C(N)C(=O)O,1,CCC(C)C(N)C(=O)O[C@H]1[C@H](O[C@H]2[C@@H](CCN3CCCCC3)C[C@@H](C)C(=O)/C=C/C(C)=C/[C@H](CN3CCCCC3)[C@@H](CC)OC(=O)C[C@@H](O)[C@@H]2C)O[C@H](C)[C@@H](O)[C@@H]1N(C)C,CCC(C)C(N)C(=O)O[C@H]1[C@H](O[C@H]2[C@@H](CCN3CCCCC3)C[C@@H](C)C(=O)/C=C/C(C)=C/[C@H](CN3CCCCC3)[C@@H](CC)OC(=O)C[C@@H](O)[C@@H]2C)O[C@H](C)[C@@H](O)[C@@H]1N(C)C,TRUE,,1.413 
tildipirosin,Tildipirosin (泰地罗新),REF_TILDIPIROSIN,repository_reference,O34_attached_to_C24,34,24,C,MPM00029,"(2R,3R)-2-hydroxy-3-methylpentanoic acid",CCC(C)C(O)C(=O)O,1,CCC(C)C(O)C(=O)O[C@H]1[C@H](O[C@H]2[C@@H](CCN3CCCCC3)C[C@@H](C)C(=O)/C=C/C(C)=C/[C@H](CN3CCCCC3)[C@@H](CC)OC(=O)C[C@@H](O)[C@@H]2C)O[C@H](C)[C@@H](O)[C@@H]1N(C)C,CCC(C)C(O)C(=O)O[C@H]1[C@H](O[C@H]2[C@@H](CCN3CCCCC3)C[C@@H](C)C(=O)/C=C/C(C)=C/[C@H](CN3CCCCC3)[C@@H](CC)OC(=O)C[C@@H](O)[C@@H]2C)O[C@H](C)[C@@H](O)[C@@H]1N(C)C,TRUE,,1.119 
tildipirosin,Tildipirosin (泰地罗新),REF_TILDIPIROSIN,repository_reference,O34_attached_to_C24,34,24,C,MPM00094,(S)-2-Hydroxy-2-ethyl-3-oxobutanoate,CCC(O)(C(C)=O)C(=O)O,1,CC[C@H]1OC(=O)C[C@@H](O)[C@H](C)[C@@H](O[C@@H]2O[C@H](C)[C@@H](O)[C@H](N(C)C)[C@H]2OC(=O)C(O)(CC)C(C)=O)[C@@H](CCN2CCCCC2)C[C@@H](C)C(=O)/C=C/C(C)=C/[C@@H]1CN1CCCCC1,CC[C@H]1OC(=O)C[C@@H](O)[C@H](C)[C@@H](O[C@@H]2O[C@H](C)[C@@H](O)[C@H](N(C)C)[C@H]2OC(=O)C(O)(CC)C(C)=O)[C@@H](CCN2CCCCC2)C[C@@H](C)C(=O)/C=C/C(C)=C/[C@@H]1CN1CCCCC1,TRUE,,1.190 
tildipirosin,Tildipirosin (泰地罗新),REF_TILDIPIROSIN,repository_reference,O34_attached_to_C24,34,24,C,MPM00302,3-Hydroxypentanoic acid,CCC(O)CC(=O)O,1,CCC(O)CC(=O)O[C@H]1[C@H](O[C@H]2[C@@H](CCN3CCCCC3)C[C@@H](C)C(=O)/C=C/C(C)=C/[C@H](CN3CCCCC3)[C@@H](CC)OC(=O)C[C@@H](O)[C@@H]2C)O[C@H](C)[C@@H](O)[C@@H]1N(C)C,CCC(O)CC(=O)O[C@H]1[C@H](O[C@H]2[C@@H](CCN3CCCCC3)C[C@@H](C)C(=O)/C=C/C(C)=C/[C@H](CN3CCCCC3)[C@@H](CC)OC(=O)C[C@@H](O)[C@@H]2C)O[C@H](C)[C@@H](O)[C@@H]1N(C)C,TRUE,,1.340 
tildipirosin,Tildipirosin (泰地罗新),REF_TILDIPIROSIN,repository_reference,O34_attached_to_C24,34,24,C,MPM00496,butyrate,CCCC(=O)O,1,CCCC(=O)O[C@H]1[C@H](O[C@H]2[C@@H](CCN3CCCCC3)C[C@@H](C)C(=O)/C=C/C(C)=C/[C@H](CN3CCCCC3)[C@@H](CC)OC(=O)C[C@@H](O)[C@@H]2C)O[C@H](C)[C@@H](O)[C@@H]1N(C)C,CCCC(=O)O[C@H]1[C@H](O[C@H]2[C@@H](CCN3CCCCC3)C[C@@H](C)C(=O)/C=C/C(C)=C/[C@H](CN3CCCCC3)[C@@H](CC)OC(=O)C[C@@H](O)[C@@H]2C)O[C@H](C)[C@@H](O)[C@@H]1N(C)C,TRUE,,1.554 
tildipirosin,Tildipirosin (泰地罗新),REF_TILDIPIROSIN,repository_reference,O34_attached_to_C24,34,24,C,MPM00298,3-Hydroxyhexanoic acid,CCCC(O)CC(=O)O,1,CCCC(O)CC(=O)O[C@H]1[C@H](O[C@H]2[C@@H](CCN3CCCCC3)C[C@@H](C)C(=O)/C=C/C(C)=C/[C@H](CN3CCCCC3)[C@@H](CC)OC(=O)C[C@@H](O)[C@@H]2C)O[C@H](C)[C@@H](O)[C@@H]1N(C)C,CCCC(O)CC(=O)O[C@H]1[C@H](O[C@H]2[C@@H](CCN3CCCCC3)C[C@@H](C)C(=O)/C=C/C(C)=C/[C@H](CN3CCCCC3)[C@@H](CC)OC(=O)C[C@@H](O)[C@@H]2C)O[C@H](C)[C@@H](O)[C@@H]1N(C)C,TRUE,,1.275 
tildipirosin,Tildipirosin (泰地罗新),REF_TILDIPIROSIN,repository_reference,O34_attached_to_C24,34,24,C,MPM00833,n-Valeric acid,CCCCC(=O)O,1,CCCCC(=O)O[C@H]1[C@H](O[C@H]2[C@@H](CCN3CCCCC3)C[C@@H](C)C(=O)/C=C/C(C)=C/[C@H](CN3CCCCC3)[C@@H](CC)OC(=O)C[C@@H](O)[C@@H]2C)O[C@H](C)[C@@H](O)[C@@H]1N(C)C,CCCCC(=O)O[C@H]1[C@H](O[C@H]2[C@@H](CCN3CCCCC3)C[C@@H](C)C(=O)/C=C/C(C)=C/[C@H](CN3CCCCC3)[C@@H](CC)OC(=O)C[C@@H](O)[C@@H]2C)O[C@H](C)[C@@H](O)[C@@H]1N(C)C,TRUE,,1.486 
tildipirosin,Tildipirosin (泰地罗新),REF_TILDIPIROSIN,repository_reference,O34_attached_to_C24,34,24,C,MPM00295,3-hydroxyheptanoic Acid,CCCCC(O)CC(=O)O,1,CCCCC(O)CC(=O)O[C@H]1[C@H](O[C@H]2[C@@H](CCN3CCCCC3)C[C@@H](C)C(=O)/C=C/C(C)=C/[C@H](CN3CCCCC3)[C@@H](CC)OC(=O)C[C@@H](O)[C@@H]2C)O[C@H](C)[C@@H](O)[C@@H]1N(C)C,CCCCC(O)CC(=O)O[C@H]1[C@H](O[C@H]2[C@@H](CCN3CCCCC3)C[C@@H](C)C(=O)/C=C/C(C)=C/[C@H](CN3CCCCC3)[C@@H](CC)OC(=O)C[C@@H](O)[C@@H]2C)O[C@H](C)[C@@H](O)[C@@H]1N(C)C,TRUE,,1.207 
tildipirosin,Tildipirosin (泰地罗新),REF_TILDIPIROSIN,repository_reference,O34_attached_to_C24,34,24,C,MPM00061,(9E)-tetradecenoic acid,CCCCC=CCCCCCCCC(=O)O,1,CCCCC=CCCCCCCCC(=O)O[C@H]1[C@H](O[C@H]2[C@@H](CCN3CCCCC3)C[C@@H](C)C(=O)/C=C/C(C)=C/[C@H](CN3CCCCC3)[C@@H](CC)OC(=O)C[C@@H](O)[C@@H]2C)O[C@H](C)[C@@H](O)[C@@H]1N(C)C,CCCCC=CCCCCCCCC(=O)O[C@H]1[C@H](O[C@H]2[C@@H](CCN3CCCCC3)C[C@@H](C)C(=O)/C=C/C(C)=C/[C@H](CN3CCCCC3)[C@@H](CC)OC(=O)C[C@@H](O)[C@@H]2C)O[C@H](C)[C@@H](O)[C@@H]1N(C)C,TRUE,,1.022 
tildipirosin,Tildipirosin (泰地罗新),REF_TILDIPIROSIN,repository_reference,O34_attached_to_C24,34,24,C,MPM00813,n-Caproic acid,CCCCCC(=O)O,1,CCCCCC(=O)O[C@H]1[C@H](O[C@H]2[C@@H](CCN3CCCCC3)C[C@@H](C)C(=O)/C=C/C(C)=C/[C@H](CN3CCCCC3)[C@@H](CC)OC(=O)C[C@@H](O)[C@@H]2C)O[C@H](C)[C@@H](O)[C@@H]1N(C)C,CCCCCC(=O)O[C@H]1[C@H](O[C@H]2[C@@H](CCN3CCCCC3)C[C@@H](C)C(=O)/C=C/C(C)=C/[C@H](CN3CCCCC3)[C@@H](CC)OC(=O)C[C@@H](O)[C@@H]2C)O[C@H](C)[C@@H](O)[C@@H]1N(C)C,TRUE,,1.419 
tildipirosin,Tildipirosin (泰地罗新),REF_TILDIPIROSIN,repository_reference,O34_attached_to_C24,34,24,C,MPM00301,3-Hydroxyoctanoic acid,CCCCCC(O)CC(=O)O,1,CCCCCC(O)CC(=O)O[C@H]1[C@H](O[C@H]2[C@@H](CCN3CCCCC3)C[C@@H](C)C(=O)/C=C/C(C)=C/[C@H](CN3CCCCC3)[C@@H](CC)OC(=O)C[C@@H](O)[C@@H]2C)O[C@H](C)[C@@H](O)[C@@H]1N(C)C,CCCCCC(O)CC(=O)O[C@H]1[C@H](O[C@H]2[C@@H](CCN3CCCCC3)C[C@@H](C)C(=O)/C=C/C(C)=C/[C@H](CN3CCCCC3)[C@@H](CC)OC(=O)C[C@@H](O)[C@@H]2C)O[C@H](C)[C@@H](O)[C@@H]1N(C)C,TRUE,,1.140 
tildipirosin,Tildipirosin (泰地罗新),REF_TILDIPIROSIN,repository_reference,O34_attached_to_C24,34,24,C,MPM00411,"9-cis,12-cis-Octadecadienoic acid",CCCCCC=CCC=CCCCCCCCC(=O)O,1,CCCCCC=CCC=CCCCCCCCC(=O)O[C@H]1[C@H](O[C@H]2[C@@H](CCN3CCCCC3)C[C@@H](C)C(=O)/C=C/C(C)=C/[C@H](CN3CCCCC3)[C@@H](CC)OC(=O)C[C@@H](O)[C@@H]2C)O[C@H](C)[C@@H](O)[C@@H]1N(C)C,CCCCCC=CCC=CCCCCCCCC(=O)O[C@H]1[C@H](O[C@H]2[C@@H](CCN3CCCCC3)C[C@@H](C)C(=O)/C=C/C(C)=C/[C@H](CN3CCCCC3)[C@@H](CC)OC(=O)C[C@@H](O)[C@@H]2C)O[C@H](C)[C@@H](O)[C@@H]1N(C)C,TRUE,,0.714 
tildipirosin,Tildipirosin (泰地罗新),REF_TILDIPIROSIN,repository_reference,O34_attached_to_C24,34,24,C,MPM00689,Heptanoate,CCCCCCC(=O)O,1,CCCCCCC(=O)O[C@H]1[C@H](O[C@H]2[C@@H](CCN3CCCCC3)C[C@@H](C)C(=O)/C=C/C(C)=C/[C@H](CN3CCCCC3)[C@@H](CC)OC(=O)C[C@@H](O)[C@@H]2C)O[C@H](C)[C@@H](O)[C@@H]1N(C)C,CCCCCCC(=O)O[C@H]1[C@H](O[C@H]2[C@@H](CCN3CCCCC3)C[C@@H](C)C(=O)/C=C/C(C)=C/[C@H](CN3CCCCC3)[C@@H](CC)OC(=O)C[C@@H](O)[C@@H]2C)O[C@H](C)[C@@H](O)[C@@H]1N(C)C,TRUE,,1.351 
tildipirosin,Tildipirosin (泰地罗新),REF_TILDIPIROSIN,repository_reference,O34_attached_to_C24,34,24,C,MPM00300,3-Hydroxynonanoic acid,CCCCCCC(O)CC(=O)O,1,CCCCCCC(O)CC(=O)O[C@H]1[C@H](O[C@H]2[C@@H](CCN3CCCCC3)C[C@@H](C)C(=O)/C=C/C(C)=C/[C@H](CN3CCCCC3)[C@@H](CC)OC(=O)C[C@@H](O)[C@@H]2C)O[C@H](C)[C@@H](O)[C@@H]1N(C)C,CCCCCCC(O)CC(=O)O[C@H]1[C@H](O[C@H]2[C@@H](CCN3CCCCC3)C[C@@H](C)C(=O)/C=C/C(C)=C/[C@H](CN3CCCCC3)[C@@H](CC)OC(=O)C[C@@H](O)[C@@H]2C)O[C@H](C)[C@@H](O)[C@@H]1N(C)C,TRUE,,1.126 
tildipirosin,Tildipirosin (泰地罗新),REF_TILDIPIROSIN,repository_reference,O34_attached_to_C24,34,24,C,MPM00852,palmitoleate,CCCCCCC=CCCCCCCCC(=O)O,1,CCCCCCC=CCCCCCCCC(=O)O[C@H]1[C@H](O[C@H]2[C@@H](CCN3CCCCC3)C[C@@H](C)C(=O)/C=C/C(C)=C/[C@H](CN3CCCCC3)[C@@H](CC)OC(=O)C[C@@H](O)[C@@H]2C)O[C@H](C)[C@@H](O)[C@@H]1N(C)C,CCCCCCC=CCCCCCCCC(=O)O[C@H]1[C@H](O[C@H]2[C@@H](CCN3CCCCC3)C[C@@H](C)C(=O)/C=C/C(C)=C/[C@H](CN3CCCCC3)[C@@H](CC)OC(=O)C[C@@H](O)[C@@H]2C)O[C@H](C)[C@@H](O)[C@@H]1N(C)C,TRUE,,0.896 
tildipirosin,Tildipirosin (泰地罗新),REF_TILDIPIROSIN,repository_reference,O34_attached_to_C24,34,24,C,MPM00984,trans-vaccenic acid,CCCCCCC=CCCCCCCCCCC(=O)O,1,CCCCCCC=CCCCCCCCCCC(=O)O[C@H]1[C@H](O[C@H]2[C@@H](CCN3CCCCC3)C[C@@H](C)C(=O)/C=C/C(C)=C/[C@H](CN3CCCCC3)[C@@H](CC)OC(=O)C[C@@H](O)[C@@H]2C)O[C@H](C)[C@@H](O)[C@@H]1N(C)C,CCCCCCC=CCCCCCCCCCC(=O)O[C@H]1[C@H](O[C@H]2[C@@H](CCN3CCCCC3)C[C@@H](C)C(=O)/C=C/C(C)=C/[C@H](CN3CCCCC3)[C@@H](CC)OC(=O)C[C@@H](O)[C@@H]2C)O[C@H](C)[C@@H](O)[C@@H]1N(C)C,TRUE,,0.760 
tildipirosin,Tildipirosin (泰地罗新),REF_TILDIPIROSIN,repository_reference,O34_attached_to_C24,34,24,C,MPM00837,Octanoate,CCCCCCCC(=O)O,1,CCCCCCCC(=O)O[C@H]1[C@H](O[C@H]2[C@@H](CCN3CCCCC3)C[C@@H](C)C(=O)/C=C/C(C)=C/[C@H](CN3CCCCC3)[C@@H](CC)OC(=O)C[C@@H](O)[C@@H]2C)O[C@H](C)[C@@H](O)[C@@H]1N(C)C,CCCCCCCC(=O)O[C@H]1[C@H](O[C@H]2[C@@H](CCN3CCCCC3)C[C@@H](C)C(=O)/C=C/C(C)=C/[C@H](CN3CCCCC3)[C@@H](CC)OC(=O)C[C@@H](O)[C@@H]2C)O[C@H](C)[C@@H](O)[C@@H]1N(C)C,TRUE,,1.337 
tildipirosin,Tildipirosin (泰地罗新),REF_TILDIPIROSIN,repository_reference,O34_attached_to_C24,34,24,C,MPM00293,3-Hydroxydecanoic acid,CCCCCCCC(O)CC(=O)O,1,CCCCCCCC(O)CC(=O)O[C@H]1[C@H](O[C@H]2[C@@H](CCN3CCCCC3)C[C@@H](C)C(=O)/C=C/C(C)=C/[C@H](CN3CCCCC3)[C@@H](CC)OC(=O)C[C@@H](O)[C@@H]2C)O[C@H](C)[C@@H](O)[C@@H]1N(C)C,CCCCCCCC(O)CC(=O)O[C@H]1[C@H](O[C@H]2[C@@H](CCN3CCCCC3)C[C@@H](C)C(=O)/C=C/C(C)=C/[C@H](CN3CCCCC3)[C@@H](CC)OC(=O)C[C@@H](O)[C@@H]2C)O[C@H](C)[C@@H](O)[C@@H]1N(C)C,TRUE,,1.088 
tildipirosin,Tildipirosin (泰地罗新),REF_TILDIPIROSIN,repository_reference,O34_attached_to_C24,34,24,C,MPM00859,Pelargonic acid,CCCCCCCCC(=O)O,1,CCCCCCCCC(=O)O[C@H]1[C@H](O[C@H]2[C@@H](CCN3CCCCC3)C[C@@H](C)C(=O)/C=C/C(C)=C/[C@H](CN3CCCCC3)[C@@H](CC)OC(=O)C[C@@H](O)[C@@H]2C)O[C@H](C)[C@@H](O)[C@@H]1N(C)C,CCCCCCCCC(=O)O[C@H]1[C@H](O[C@H]2[C@@H](CCN3CCCCC3)C[C@@H](C)C(=O)/C=C/C(C)=C/[C@H](CN3CCCCC3)[C@@H](CC)OC(=O)C[C@@H](O)[C@@H]2C)O[C@H](C)[C@@H](O)[C@@H]1N(C)C,TRUE,,1.298 
tildipirosin,Tildipirosin (泰地罗新),REF_TILDIPIROSIN,repository_reference,O34_attached_to_C24,34,24,C,MPM00839,Oleic acid,CCCCCCCCC=CCCCCCCCC(=O)O,1,CCCCCCCCC=CCCCCCCCC(=O)O[C@H]1[C@H](O[C@H]2[C@@H](CCN3CCCCC3)C[C@@H](C)C(=O)/C=C/C(C)=C/[C@H](CN3CCCCC3)[C@@H](CC)OC(=O)C[C@@H](O)[C@@H]2C)O[C@H](C)[C@@H](O)[C@@H]1N(C)C,CCCCCCCCC=CCCCCCCCC(=O)O[C@H]1[C@H](O[C@H]2[C@@H](CCN3CCCCC3)C[C@@H](C)C(=O)/C=C/C(C)=C/[C@H](CN3CCCCC3)[C@@H](CC)OC(=O)C[C@@H](O)[C@@H]2C)O[C@H](C)[C@@H](O)[C@@H]1N(C)C,TRUE,,0.852 
tildipirosin,Tildipirosin (泰地罗新),REF_TILDIPIROSIN,repository_reference,O34_attached_to_C24,34,24,C,MPM00552,decanoate,CCCCCCCCCC(=O)O,1,CCCCCCCCCC(=O)O[C@H]1[C@H](O[C@H]2[C@@H](CCN3CCCCC3)C[C@@H](C)C(=O)/C=C/C(C)=C/[C@H](CN3CCCCC3)[C@@H](CC)OC(=O)C[C@@H](O)[C@@H]2C)O[C@H](C)[C@@H](O)[C@@H]1N(C)C,CCCCCCCCCC(=O)O[C@H]1[C@H](O[C@H]2[C@@H](CCN3CCCCC3)C[C@@H](C)C(=O)/C=C/C(C)=C/[C@H](CN3CCCCC3)[C@@H](CC)OC(=O)C[C@@H](O)[C@@H]2C)O[C@H](C)[C@@H](O)[C@@H]1N(C)C,TRUE,,1.260 
tildipirosin,Tildipirosin (泰地罗新),REF_TILDIPIROSIN,repository_reference,O34_attached_to_C24,34,24,C,MPM00294,3-Hydroxydodecanoic acid,CCCCCCCCCC(O)CC(=O)O,1,CCCCCCCCCC(O)CC(=O)O[C@H]1[C@H](O[C@H]2[C@@H](CCN3CCCCC3)C[C@@H](C)C(=O)/C=C/C(C)=C/[C@H](CN3CCCCC3)[C@@H](CC)OC(=O)C[C@@H](O)[C@@H]2C)O[C@H](C)[C@@H](O)[C@@H]1N(C)C,CCCCCCCCCC(O)CC(=O)O[C@H]1[C@H](O[C@H]2[C@@H](CCN3CCCCC3)C[C@@H](C)C(=O)/C=C/C(C)=C/[C@H](CN3CCCCC3)[C@@H](CC)OC(=O)C[C@@H](O)[C@@H]2C)O[C@H](C)[C@@H](O)[C@@H]1N(C)C,TRUE,,1.010 
tildipirosin,Tildipirosin (泰地罗新),REF_TILDIPIROSIN,repository_reference,O34_attached_to_C24,34,24,C,MPM00606,dodecanoate,CCCCCCCCCCCC(=O)O,1,CCCCCCCCCCCC(=O)O[C@H]1[C@H](O[C@H]2[C@@H](CCN3CCCCC3)C[C@@H](C)C(=O)/C=C/C(C)=C/[C@H](CN3CCCCC3)[C@@H](CC)OC(=O)C[C@@H](O)[C@@H]2C)O[C@H](C)[C@@H](O)[C@@H]1N(C)C,CCCCCCCCCCCC(=O)O[C@H]1[C@H](O[C@H]2[C@@H](CCN3CCCCC3)C[C@@H](C)C(=O)/C=C/C(C)=C/[C@H](CN3CCCCC3)[C@@H](CC)OC(=O)C[C@@H](O)[C@@H]2C)O[C@H](C)[C@@H](O)[C@@H]1N(C)C,TRUE,,1.182 
tildipirosin,Tildipirosin (泰地罗新),REF_TILDIPIROSIN,repository_reference,O34_attached_to_C24,34,24,C,MPM00305,3-Hydroxytetradecanoic acid,CCCCCCCCCCCC(O)CC(=O)O,1,CCCCCCCCCCCC(O)CC(=O)O[C@H]1[C@H](O[C@H]2[C@@H](CCN3CCCCC3)C[C@@H](C)C(=O)/C=C/C(C)=C/[C@H](CN3CCCCC3)[C@@H](CC)OC(=O)C[C@@H](O)[C@@H]2C)O[C@H](C)[C@@H](O)[C@@H]1N(C)C,CCCCCCCCCCCC(O)CC(=O)O[C@H]1[C@H](O[C@H]2[C@@H](CCN3CCCCC3)C[C@@H](C)C(=O)/C=C/C(C)=C/[C@H](CN3CCCCC3)[C@@H](CC)OC(=O)C[C@@H](O)[C@@H]2C)O[C@H](C)[C@@H](O)[C@@H]1N(C)C,TRUE,,0.932 
tildipirosin,Tildipirosin (泰地罗新),REF_TILDIPIROSIN,repository_reference,O34_attached_to_C24,34,24,C,MPM00864,Petroselaidic acid,CCCCCCCCCCCC=CCCCCC(=O)O,1,CCCCCCCCCCCC=CCCCCC(=O)O[C@H]1[C@H](O[C@H]2[C@@H](CCN3CCCCC3)C[C@@H](C)C(=O)/C=C/C(C)=C/[C@H](CN3CCCCC3)[C@@H](CC)OC(=O)C[C@@H](O)[C@@H]2C)O[C@H](C)[C@@H](O)[C@@H]1N(C)C,CCCCCCCCCCCC=CCCCCC(=O)O[C@H]1[C@H](O[C@H]2[C@@H](CCN3CCCCC3)C[C@@H](C)C(=O)/C=C/C(C)=C/[C@H](CN3CCCCC3)[C@@H](CC)OC(=O)C[C@@H](O)[C@@H]2C)O[C@H](C)[C@@H](O)[C@@H]1N(C)C,TRUE,,0.924 
tildipirosin,Tildipirosin (泰地罗新),REF_TILDIPIROSIN,repository_reference,O34_attached_to_C24,34,24,C,MPM00967,tetradecanoate,CCCCCCCCCCCCCC(=O)O,1,CCCCCCCCCCCCCC(=O)O[C@H]1[C@H](O[C@H]2[C@@H](CCN3CCCCC3)C[C@@H](C)C(=O)/C=C/C(C)=C/[C@H](CN3CCCCC3)[C@@H](CC)OC(=O)C[C@@H](O)[C@@H]2C)O[C@H](C)[C@@H](O)[C@@H]1N(C)C,CCCCCCCCCCCCCC(=O)O[C@H]1[C@H](O[C@H]2[C@@H](CCN3CCCCC3)C[C@@H](C)C(=O)/C=C/C(C)=C/[C@H](CN3CCCCC3)[C@@H](CC)OC(=O)C[C@@H](O)[C@@H]2C)O[C@H](C)[C@@H](O)[C@@H]1N(C)C,TRUE,,1.104 
tildipirosin,Tildipirosin (泰地罗新),REF_TILDIPIROSIN,repository_reference,O34_attached_to_C24,34,24,C,MPM00296,3-Hydroxyhexadecanoic acid,CCCCCCCCCCCCCC(O)CC(=O)O,1,CCCCCCCCCCCCCC(O)CC(=O)O[C@H]1[C@H](O[C@H]2[C@@H](CCN3CCCCC3)C[C@@H](C)C(=O)/C=C/C(C)=C/[C@H](CN3CCCCC3)[C@@H](CC)OC(=O)C[C@@H](O)[C@@H]2C)O[C@H](C)[C@@H](O)[C@@H]1N(C)C,CCCCCCCCCCCCCC(O)CC(=O)O[C@H]1[C@H](O[C@H]2[C@@H](CCN3CCCCC3)C[C@@H](C)C(=O)/C=C/C(C)=C/[C@H](CN3CCCCC3)[C@@H](CC)OC(=O)C[C@@H](O)[C@@H]2C)O[C@H](C)[C@@H](O)[C@@H]1N(C)C,TRUE,,0.854 
tildipirosin,Tildipirosin (泰地罗新),REF_TILDIPIROSIN,repository_reference,O34_attached_to_C24,34,24,C,MPM00511,Cetylic acid,CCCCCCCCCCCCCCCC(=O)O,1,CCCCCCCCCCCCCCCC(=O)O[C@H]1[C@H](O[C@H]2[C@@H](CCN3CCCCC3)C[C@@H](C)C(=O)/C=C/C(C)=C/[C@H](CN3CCCCC3)[C@@H](CC)OC(=O)C[C@@H](O)[C@@H]2C)O[C@H](C)[C@@H](O)[C@@H]1N(C)C,CCCCCCCCCCCCCCCC(=O)O[C@H]1[C@H](O[C@H]2[C@@H](CCN3CCCCC3)C[C@@H](C)C(=O)/C=C/C(C)=C/[C@H](CN3CCCCC3)[C@@H](CC)OC(=O)C[C@@H](O)[C@@H]2C)O[C@H](C)[C@@H](O)[C@@H]1N(C)C,TRUE,,1.026 
tildipirosin,Tildipirosin (泰地罗新),REF_TILDIPIROSIN,repository_reference,O34_attached_to_C24,34,24,C,MPM00955,Stearic acid,CCCCCCCCCCCCCCCCCC(=O)O,1,CCCCCCCCCCCCCCCCCC(=O)O[C@H]1[C@H](O[C@H]2[C@@H](CCN3CCCCC3)C[C@@H](C)C(=O)/C=C/C(C)=C/[C@H](CN3CCCCC3)[C@@H](CC)OC(=O)C[C@@H](O)[C@@H]2C)O[C@H](C)[C@@H](O)[C@@H]1N(C)C,CCCCCCCCCCCCCCCCCC(=O)O[C@H]1[C@H](O[C@H]2[C@@H](CCN3CCCCC3)C[C@@H](C)C(=O)/C=C/C(C)=C/[C@H](CN3CCCCC3)[C@@H](CC)OC(=O)C[C@@H](O)[C@@H]2C)O[C@H](C)[C@@H](O)[C@@H]1N(C)C,TRUE,,0.948 
tildipirosin,Tildipirosin (泰地罗新),REF_TILDIPIROSIN,repository_reference,O34_attached_to_C24,34,24,C,MPM01526,N-Methylglycine,CNCC(=O)O,1,CC[C@H]1OC(=O)C[C@@H](O)[C@H](C)[C@@H](O[C@@H]2O[C@H](C)[C@@H](O)[C@H](N(C)C)[C@H]2OC(=O)CNC)[C@@H](CCN2CCCCC2)C[C@@H](C)C(=O)/C=C/C(C)=C/[C@@H]1CN1CCCCC1,CC[C@H]1OC(=O)C[C@@H](O)[C@H](C)[C@@H](O[C@@H]2O[C@H](C)[C@@H](O)[C@H](N(C)C)[C@H]2OC(=O)CNC)[C@@H](CCN2CCCCC2)C[C@@H](C)C(=O)/C=C/C(C)=C/[C@@H]1CN1CCCCC1,TRUE,,1.923 
tildipirosin,Tildipirosin (泰地罗新),REF_TILDIPIROSIN,repository_reference,O34_attached_to_C24,34,24,C,MPM00346,4-Hydroxy-3-methoxycinnamate,COc1cc(C=CC(=O)O)ccc1O,1,CC[C@H]1OC(=O)C[C@@H](O)[C@H](C)[C@@H](O[C@@H]2O[C@H](C)[C@@H](O)[C@H](N(C)C)[C@H]2OC(=O)C=Cc2ccc(O)c(OC)c2)[C@@H](CCN2CCCCC2)C[C@@H](C)C(=O)/C=C/C(C)=C/[C@@H]1CN1CCCCC1,CC[C@H]1OC(=O)C[C@@H](O)[C@H](C)[C@@H](O[C@@H]2O[C@H](C)[C@@H](O)[C@H](N(C)C)[C@H]2OC(=O)C=Cc2ccc(O)c(OC)c2)[C@@H](CCN2CCCCC2)C[C@@H](C)C(=O)/C=C/C(C)=C/[C@@H]1CN1CCCCC1,TRUE,,2.259 
tildipirosin,Tildipirosin (泰地罗新),REF_TILDIPIROSIN,repository_reference,O34_attached_to_C24,34,24,C,MPM01482,L-Methionine (R)-S-oxide,CS(=O)CCC(N)C(=O)O,1,CC[C@H]1OC(=O)C[C@@H](O)[C@H](C)[C@@H](O[C@@H]2O[C@H](C)[C@@H](O)[C@H](N(C)C)[C@H]2OC(=O)C(N)CCS(C)=O)[C@@H](CCN2CCCCC2)C[C@@H](C)C(=O)/C=C/C(C)=C/[C@@H]1CN1CCCCC1,CC[C@H]1OC(=O)C[C@@H](O)[C@H](C)[C@@H](O[C@@H]2O[C@H](C)[C@@H](O)[C@H](N(C)C)[C@H]2OC(=O)C(N)CCS(C)=O)[C@@H](CCN2CCCCC2)C[C@@H](C)C(=O)/C=C/C(C)=C/[C@@H]1CN1CCCCC1,TRUE,,1.456 
tildipirosin,Tildipirosin (泰地罗新),REF_TILDIPIROSIN,repository_reference,O34_attached_to_C24,34,24,C,MPM01356,D-2-Amino-4-(methylthio)butyric acid,CSCCC(N)C(=O)O,1,CC[C@H]1OC(=O)C[C@@H](O)[C@H](C)[C@@H](O[C@@H]2O[C@H](C)[C@@H](O)[C@H](N(C)C)[C@H]2OC(=O)C(N)CCSC)[C@@H](CCN2CCCCC2)C[C@@H](C)C(=O)/C=C/C(C)=C/[C@@H]1CN1CCCCC1,CC[C@H]1OC(=O)C[C@@H](O)[C@H](C)[C@@H](O[C@@H]2O[C@H](C)[C@@H](O)[C@H](N(C)C)[C@H]2OC(=O)C(N)CCSC)[C@@H](CCN2CCCCC2)C[C@@H](C)C(=O)/C=C/C(C)=C/[C@@H]1CN1CCCCC1,TRUE,,1.254 
tildipirosin,Tildipirosin (泰地罗新),REF_TILDIPIROSIN,repository_reference,O34_attached_to_C24,34,24,C,MPM00678,Glycylmethionine,CSCCC(NC(=O)CN)C(=O)O,1,CC[C@H]1OC(=O)C[C@@H](O)[C@H](C)[C@@H](O[C@@H]2O[C@H](C)[C@@H](O)[C@H](N(C)C)[C@H]2OC(=O)C(CCSC)NC(=O)CN)[C@@H](CCN2CCCCC2)C[C@@H](C)C(=O)/C=C/C(C)=C/[C@@H]1CN1CCCCC1,CC[C@H]1OC(=O)C[C@@H](O)[C@H](C)[C@@H](O[C@@H]2O[C@H](C)[C@@H](O)[C@H](N(C)C)[C@H]2OC(=O)C(CCSC)NC(=O)CN)[C@@H](CCN2CCCCC2)C[C@@H](C)C(=O)/C=C/C(C)=C/[C@@H]1CN1CCCCC1,TRUE,,1.478 
tildipirosin,Tildipirosin (泰地罗新),REF_TILDIPIROSIN,repository_reference,O34_attached_to_C24,34,24,C,MPM01143,2-Aminosuccinamic acid,NC(=O)CC(N)C(=O)O,1,CC[C@H]1OC(=O)C[C@@H](O)[C@H](C)[C@@H](O[C@@H]2O[C@H](C)[C@@H](O)[C@H](N(C)C)[C@H]2OC(=O)C(N)CC(N)=O)[C@@H](CCN2CCCCC2)C[C@@H](C)C(=O)/C=C/C(C)=C/[C@@H]1CN1CCCCC1,CC[C@H]1OC(=O)C[C@@H](O)[C@H](C)[C@@H](O[C@@H]2O[C@H](C)[C@@H](O)[C@H](N(C)C)[C@H]2OC(=O)C(N)CC(N)=O)[C@@H](CCN2CCCCC2)C[C@@H](C)C(=O)/C=C/C(C)=C/[C@@H]1CN1CCCCC1,TRUE,,1.921 
tildipirosin,Tildipirosin (泰地罗新),REF_TILDIPIROSIN,repository_reference,O34_attached_to_C24,34,24,C,MPM01464,L-2-Aminoglutaramic acid,NC(=O)CCC(N)C(=O)O,1,CC[C@H]1OC(=O)C[C@@H](O)[C@H](C)[C@@H](O[C@@H]2O[C@H](C)[C@@H](O)[C@H](N(C)C)[C@H]2OC(=O)C(N)CCC(N)=O)[C@@H](CCN2CCCCC2)C[C@@H](C)C(=O)/C=C/C(C)=C/[C@@H]1CN1CCCCC1,CC[C@H]1OC(=O)C[C@@H](O)[C@H](C)[C@@H](O[C@@H]2O[C@H](C)[C@@H](O)[C@H](N(C)C)[C@H]2OC(=O)C(N)CCC(N)=O)[C@@H](CCN2CCCCC2)C[C@@H](C)C(=O)/C=C/C(C)=C/[C@@H]1CN1CCCCC1,TRUE,,1.849 
tildipirosin,Tildipirosin (泰地罗新),REF_TILDIPIROSIN,repository_reference,O34_attached_to_C24,34,24,C,MPM00951,S-Succinyldihydrolipoamide,NC(=O)CCCCC(S)CCSC(=O)CCC(=O)O,1,CC[C@H]1OC(=O)C[C@@H](O)[C@H](C)[C@@H](O[C@@H]2O[C@H](C)[C@@H](O)[C@H](N(C)C)[C@H]2OC(=O)CCC(=O)SCCC(S)CCCCC(N)=O)[C@@H](CCN2CCCCC2)C[C@@H](C)C(=O)/C=C/C(C)=C/[C@@H]1CN1CCCCC1,CC[C@H]1OC(=O)C[C@@H](O)[C@H](C)[C@@H](O[C@@H]2O[C@H](C)[C@@H](O)[C@H](N(C)C)[C@H]2OC(=O)CCC(=O)SCCC(S)CCCCC(N)=O)[C@@H](CCN2CCCCC2)C[C@@H](C)C(=O)/C=C/C(C)=C/[C@@H]1CN1CCCCC1,TRUE,,-1.092 
tildipirosin,Tildipirosin (泰地罗新),REF_TILDIPIROSIN,repository_reference,O34_attached_to_C24,34,24,C,MPM00444,Allophanic acid,NC(=O)NC(=O)O,1,CC[C@H]1OC(=O)C[C@@H](O)[C@H](C)[C@@H](O[C@@H]2O[C@H](C)[C@@H](O)[C@H](N(C)C)[C@H]2OC(=O)NC(N)=O)[C@@H](CCN2CCCCC2)C[C@@H](C)C(=O)/C=C/C(C)=C/[C@@H]1CN1CCCCC1,CC[C@H]1OC(=O)C[C@@H](O)[C@H](C)[C@@H](O[C@@H]2O[C@H](C)[C@@H](O)[C@H](N(C)C)[C@H]2OC(=O)NC(N)=O)[C@@H](CCN2CCCCC2)C[C@@H](C)C(=O)/C=C/C(C)=C/[C@@H]1CN1CCCCC1,TRUE,,1.130 
tildipirosin,Tildipirosin (泰地罗新),REF_TILDIPIROSIN,repository_reference,O34_attached_to_C24,34,24,C,MPM00442,Allantoic acid,NC(=O)NC(NC(N)=O)C(=O)O,1,CC[C@H]1OC(=O)C[C@@H](O)[C@H](C)[C@@H](O[C@@H]2O[C@H](C)[C@@H](O)[C@H](N(C)C)[C@H]2OC(=O)C(NC(N)=O)NC(N)=O)[C@@H](CCN2CCCCC2)C[C@@H](C)C(=O)/C=C/C(C)=C/[C@@H]1CN1CCCCC1,CC[C@H]1OC(=O)C[C@@H](O)[C@H](C)[C@@H](O[C@@H]2O[C@H](C)[C@@H](O)[C@H](N(C)C)[C@H]2OC(=O)C(NC(N)=O)NC(N)=O)[C@@H](CCN2CCCCC2)C[C@@H](C)C(=O)/C=C/C(C)=C/[C@@H]1CN1CCCCC1,TRUE,,0.855 
tildipirosin,Tildipirosin (泰地罗新),REF_TILDIPIROSIN,repository_reference,O34_attached_to_C24,34,24,C,MPM00004,(-)-Ureidoglycolate,NC(=O)NC(O)C(=O)O,1,CC[C@H]1OC(=O)C[C@@H](O)[C@H](C)[C@@H](O[C@@H]2O[C@H](C)[C@@H](O)[C@H](N(C)C)[C@H]2OC(=O)C(O)NC(N)=O)[C@@H](CCN2CCCCC2)C[C@@H](C)C(=O)/C=C/C(C)=C/[C@@H]1CN1CCCCC1,CC[C@H]1OC(=O)C[C@@H](O)[C@H](C)[C@@H](O[C@@H]2O[C@H](C)[C@@H](O)[C@H](N(C)C)[C@H]2OC(=O)C(O)NC(N)=O)[C@@H](CCN2CCCCC2)C[C@@H](C)C(=O)/C=C/C(C)=C/[C@@H]1CN1CCCCC1,TRUE,,1.223 
tildipirosin,Tildipirosin (泰地罗新),REF_TILDIPIROSIN,repository_reference,O34_attached_to_C24,34,24,C,MPM00254,2-Oxo-4-hydroxy-4-carboxy-5-ureidoimidazoline,NC(=O)NC1=NC(=O)NC1(O)C(=O)O,1,CC[C@H]1OC(=O)C[C@@H](O)[C@H](C)[C@@H](O[C@@H]2O[C@H](C)[C@@H](O)[C@H](N(C)C)[C@H]2OC(=O)C2(O)NC(=O)N=C2NC(N)=O)[C@@H](CCN2CCCCC2)C[C@@H](C)C(=O)/C=C/C(C)=C/[C@@H]1CN1CCCCC1,CC[C@H]1OC(=O)C[C@@H](O)[C@H](C)[C@@H](O[C@@H]2O[C@H](C)[C@@H](O)[C@H](N(C)C)[C@H]2OC(=O)C2(O)NC(=O)N=C2NC(N)=O)[C@@H](CCN2CCCCC2)C[C@@H](C)C(=O)/C=C/C(C)=C/[C@@H]1CN1CCCCC1,TRUE,,0.619 
tildipirosin,Tildipirosin (泰地罗新),REF_TILDIPIROSIN,repository_reference,O34_attached_to_C24,34,24,C,MPM00815,N-Carbamoyl-beta-alanine,NC(=O)NCCC(=O)O,1,CC[C@H]1OC(=O)C[C@@H](O)[C@H](C)[C@@H](O[C@@H]2O[C@H](C)[C@@H](O)[C@H](N(C)C)[C@H]2OC(=O)CCNC(N)=O)[C@@H](CCN2CCCCC2)C[C@@H](C)C(=O)/C=C/C(C)=C/[C@@H]1CN1CCCCC1,CC[C@H]1OC(=O)C[C@@H](O)[C@H](C)[C@@H](O[C@@H]2O[C@H](C)[C@@H](O)[C@H](N(C)C)[C@H]2OC(=O)CCNC(N)=O)[C@@H](CCN2CCCCC2)C[C@@H](C)C(=O)/C=C/C(C)=C/[C@@H]1CN1CCCCC1,TRUE,,1.373 
tildipirosin,Tildipirosin (泰地罗新),REF_TILDIPIROSIN,repository_reference,O34_attached_to_C24,34,24,C,MPM01334,Citrulline,NC(=O)NCCCC(N)C(=O)O,1,CC[C@H]1OC(=O)C[C@@H](O)[C@H](C)[C@@H](O[C@@H]2O[C@H](C)[C@@H](O)[C@H](N(C)C)[C@H]2OC(=O)C(N)CCCNC(N)=O)[C@@H](CCN2CCCCC2)C[C@@H](C)C(=O)/C=C/C(C)=C/[C@@H]1CN1CCCCC1,CC[C@H]1OC(=O)C[C@@H](O)[C@H](C)[C@@H](O[C@@H]2O[C@H](C)[C@@H](O)[C@H](N(C)C)[C@H]2OC(=O)C(N)CCCNC(N)=O)[C@@H](CCN2CCCCC2)C[C@@H](C)C(=O)/C=C/C(C)=C/[C@@H]1CN1CCCCC1,TRUE,,1.478 
tildipirosin,Tildipirosin (泰地罗新),REF_TILDIPIROSIN,repository_reference,O34_attached_to_C24,34,24,C,MPM01438,Hydroxythreonine,NC(C(=O)O)C(O)CO,1,CC[C@H]1OC(=O)C[C@@H](O)[C@H](C)[C@@H](O[C@@H]2O[C@H](C)[C@@H](O)[C@H](N(C)C)[C@H]2OC(=O)C(N)C(O)CO)[C@@H](CCN2CCCCC2)C[C@@H](C)C(=O)/C=C/C(C)=C/[C@@H]1CN1CCCCC1,CC[C@H]1OC(=O)C[C@@H](O)[C@H](C)[C@@H](O[C@@H]2O[C@H](C)[C@@H](O)[C@H](N(C)C)[C@H]2OC(=O)C(N)C(O)CO)[C@@H](CCN2CCCCC2)C[C@@H](C)C(=O)/C=C/C(C)=C/[C@@H]1CN1CCCCC1,TRUE,,1.497 
tildipirosin,Tildipirosin (泰地罗新),REF_TILDIPIROSIN,repository_reference,O34_attached_to_C24,34,24,C,MPM00363,4-Phosphooxy-L-threonine,NC(C(=O)O)C(O)COP(=O)(O)O,1,CC[C@H]1OC(=O)C[C@@H](O)[C@H](C)[C@@H](O[C@@H]2O[C@H](C)[C@@H](O)[C@H](N(C)C)[C@H]2OC(=O)C(N)C(O)COP(=O)(O)O)[C@@H](CCN2CCCCC2)C[C@@H](C)C(=O)/C=C/C(C)=C/[C@@H]1CN1CCCCC1,CC[C@H]1OC(=O)C[C@@H](O)[C@H](C)[C@@H](O[C@@H]2O[C@H](C)[C@@H](O)[C@H](N(C)C)[C@H]2OC(=O)C(N)C(O)COP(=O)(O)O)[C@@H](CCN2CCCCC2)C[C@@H](C)C(=O)/C=C/C(C)=C/[C@@H]1CN1CCCCC1,TRUE,,1.407 
tildipirosin,Tildipirosin (泰地罗新),REF_TILDIPIROSIN,repository_reference,O34_attached_to_C24,34,24,C,MPM01144,2-Ammoniomalonate semialdehyde,NC(C=O)C(=O)O,1,CC[C@H]1OC(=O)C[C@@H](O)[C@H](C)[C@@H](O[C@@H]2O[C@H](C)[C@@H](O)[C@H](N(C)C)[C@H]2OC(=O)C(N)C=O)[C@@H](CCN2CCCCC2)C[C@@H](C)C(=O)/C=C/C(C)=C/[C@@H]1CN1CCCCC1,CC[C@H]1OC(=O)C[C@@H](O)[C@H](C)[C@@H](O[C@@H]2O[C@H](C)[C@@H](O)[C@H](N(C)C)[C@H]2OC(=O)C(N)C=O)[C@@H](CCN2CCCCC2)C[C@@H](C)C(=O)/C=C/C(C)=C/[C@@H]1CN1CCCCC1,TRUE,,1.625 
tildipirosin,Tildipirosin (泰地罗新),REF_TILDIPIROSIN,repository_reference,O34_attached_to_C24,34,24,C,MPM01475,L-Glutamate 1-semialdehyde,NC(C=O)CCC(=O)O,1,CC[C@H]1OC(=O)C[C@@H](O)[C@H](C)[C@@H](O[C@@H]2O[C@H](C)[C@@H](O)[C@H](N(C)C)[C@H]2OC(=O)CCC(N)C=O)[C@@H](CCN2CCCCC2)C[C@@H](C)C(=O)/C=C/C(C)=C/[C@@H]1CN1CCCCC1,CC[C@H]1OC(=O)C[C@@H](O)[C@H](C)[C@@H](O[C@@H]2O[C@H](C)[C@@H](O)[C@H](N(C)C)[C@H]2OC(=O)CCC(N)C=O)[C@@H](CCN2CCCCC2)C[C@@H](C)C(=O)/C=C/C(C)=C/[C@@H]1CN1CCCCC1,TRUE,,1.367 
tildipirosin,Tildipirosin (泰地罗新),REF_TILDIPIROSIN,repository_reference,O34_attached_to_C24,34,24,C,MPM01471,L-Aspartic 4-semialdehyde,NC(CC=O)C(=O)O,1,CC[C@H]1OC(=O)C[C@@H](O)[C@H](C)[C@@H](O[C@@H]2O[C@H](C)[C@@H](O)[C@H](N(C)C)[C@H]2OC(=O)C(N)CC=O)[C@@H](CCN2CCCCC2)C[C@@H](C)C(=O)/C=C/C(C)=C/[C@@H]1CN1CCCCC1,CC[C@H]1OC(=O)C[C@@H](O)[C@H](C)[C@@H](O[C@@H]2O[C@H](C)[C@@H](O)[C@H](N(C)C)[C@H]2OC(=O)C(N)CC=O)[C@@H](CCN2CCCCC2)C[C@@H](C)C(=O)/C=C/C(C)=C/[C@@H]1CN1CCCCC1,TRUE,,1.456 
tildipirosin,Tildipirosin (泰地罗新),REF_TILDIPIROSIN,repository_reference,O34_attached_to_C24,34,24,C,MPM01476,L-Glutamate gamma-semialdehyde,NC(CCC=O)C(=O)O,1,CC[C@H]1OC(=O)C[C@@H](O)[C@H](C)[C@@H](O[C@@H]2O[C@H](C)[C@@H](O)[C@H](N(C)C)[C@H]2OC(=O)C(N)CCC=O)[C@@H](CCN2CCCCC2)C[C@@H](C)C(=O)/C=C/C(C)=C/[C@@H]1CN1CCCCC1,CC[C@H]1OC(=O)C[C@@H](O)[C@H](C)[C@@H](O[C@@H]2O[C@H](C)[C@@H](O)[C@H](N(C)C)[C@H]2OC(=O)C(N)CCC=O)[C@@H](CCN2CCCCC2)C[C@@H](C)C(=O)/C=C/C(C)=C/[C@@H]1CN1CCCCC1,TRUE,,1.384 
tildipirosin,Tildipirosin (泰地罗新),REF_TILDIPIROSIN,repository_reference,O34_attached_to_C24,34,24,C,MPM01076,(S)-2-Amino-6-oxohexanoate,NC(CCCC=O)C(=O)O,1,CC[C@H]1OC(=O)C[C@@H](O)[C@H](C)[C@@H](O[C@@H]2O[C@H](C)[C@@H](O)[C@H](N(C)C)[C@H]2OC(=O)C(N)CCCC=O)[C@@H](CCN2CCCCC2)C[C@@H](C)C(=O)/C=C/C(C)=C/[C@@H]1CN1CCCCC1,CC[C@H]1OC(=O)C[C@@H](O)[C@H](C)[C@@H](O[C@@H]2O[C@H](C)[C@@H](O)[C@H](N(C)C)[C@H]2OC(=O)C(N)CCCC=O)[C@@H](CCN2CCCCC2)C[C@@H](C)C(=O)/C=C/C(C)=C/[C@@H]1CN1CCCCC1,TRUE,,1.317 
tildipirosin,Tildipirosin (泰地罗新),REF_TILDIPIROSIN,repository_reference,O34_attached_to_C24,34,24,C,MPM00800,N6-(D-Fructosyl)-L-lysine,NC(CCCCNCC(=O)C(O)C(O)C(O)CO)C(=O)O,1,CC[C@H]1OC(=O)C[C@@H](O)[C@H](C)[C@@H](O[C@@H]2O[C@H](C)[C@@H](O)[C@H](N(C)C)[C@H]2OC(=O)C(N)CCCCNCC(=O)C(O)C(O)C(O)CO)[C@@H](CCN2CCCCC2)C[C@@H](C)C(=O)/C=C/C(C)=C/[C@@H]1CN1CCCCC1,CC[C@H]1OC(=O)C[C@@H](O)[C@H](C)[C@@H](O[C@@H]2O[C@H](C)[C@@H](O)[C@H](N(C)C)[C@H]2OC(=O)C(N)CCCCNCC(=O)C(O)C(O)C(O)CO)[C@@H](CCN2CCCCC2)C[C@@H](C)C(=O)/C=C/C(C)=C/[C@@H]1CN1CCCCC1,TRUE,,1.047 
tildipirosin,Tildipirosin (泰地罗新),REF_TILDIPIROSIN,repository_reference,O34_attached_to_C24,34,24,C,MPM01141,2-Amino-4-hydroxybutyric acid,NC(CCO)C(=O)O,1,CC[C@H]1OC(=O)C[C@@H](O)[C@H](C)[C@@H](O[C@@H]2O[C@H](C)[C@@H](O)[C@H](N(C)C)[C@H]2OC(=O)C(N)CCO)[C@@H](CCN2CCCCC2)C[C@@H](C)C(=O)/C=C/C(C)=C/[C@@H]1CN1CCCCC1,CC[C@H]1OC(=O)C[C@@H](O)[C@H](C)[C@@H](O[C@@H]2O[C@H](C)[C@@H](O)[C@H](N(C)C)[C@H]2OC(=O)C(N)CCO)[C@@H](CCN2CCCCC2)C[C@@H](C)C(=O)/C=C/C(C)=C/[C@@H]1CN1CCCCC1,TRUE,,1.769 
tildipirosin,Tildipirosin (泰地罗新),REF_TILDIPIROSIN,repository_reference,O34_attached_to_C24,34,24,C,MPM00698,Homocysteine,NC(CCS)C(=O)O,1,CC[C@H]1OC(=O)C[C@@H](O)[C@H](C)[C@@H](O[C@@H]2O[C@H](C)[C@@H](O)[C@H](N(C)C)[C@H]2OC(=O)C(N)CCS)[C@@H](CCN2CCCCC2)C[C@@H](C)C(=O)/C=C/C(C)=C/[C@@H]1CN1CCCCC1,CC[C@H]1OC(=O)C[C@@H](O)[C@H](C)[C@@H](O[C@@H]2O[C@H](C)[C@@H](O)[C@H](N(C)C)[C@H]2OC(=O)C(N)CCS)[C@@H](CCN2CCCCC2)C[C@@H](C)C(=O)/C=C/C(C)=C/[C@@H]1CN1CCCCC1,TRUE,,0.402 
tildipirosin,Tildipirosin (泰地罗新),REF_TILDIPIROSIN,repository_reference,O34_attached_to_C24,34,24,C,MPM01379,D-Serine,NC(CO)C(=O)O,1,CC[C@H]1OC(=O)C[C@@H](O)[C@H](C)[C@@H](O[C@@H]2O[C@H](C)[C@@H](O)[C@H](N(C)C)[C@H]2OC(=O)C(N)CO)[C@@H](CCN2CCCCC2)C[C@@H](C)C(=O)/C=C/C(C)=C/[C@@H]1CN1CCCCC1,CC[C@H]1OC(=O)C[C@@H](O)[C@H](C)[C@@H](O[C@@H]2O[C@H](C)[C@@H](O)[C@H](N(C)C)[C@H]2OC(=O)C(N)CO)[C@@H](CCN2CCCCC2)C[C@@H](C)C(=O)/C=C/C(C)=C/[C@@H]1CN1CCCCC1,TRUE,,1.766 
tildipirosin,Tildipirosin (泰地罗新),REF_TILDIPIROSIN,repository_reference,O34_attached_to_C24,34,24,C,MPM00325,3-Phospho-L-serine,NC(COP(=O)(O)O)C(=O)O,1,CC[C@H]1OC(=O)C[C@@H](O)[C@H](C)[C@@H](O[C@@H]2O[C@H](C)[C@@H](O)[C@H](N(C)C)[C@H]2OC(=O)C(N)COP(=O)(O)O)[C@@H](CCN2CCCCC2)C[C@@H](C)C(=O)/C=C/C(C)=C/[C@@H]1CN1CCCCC1,CC[C@H]1OC(=O)C[C@@H](O)[C@H](C)[C@@H](O[C@@H]2O[C@H](C)[C@@H](O)[C@H](N(C)C)[C@H]2OC(=O)C(N)COP(=O)(O)O)[C@@H](CCN2CCCCC2)C[C@@H](C)C(=O)/C=C/C(C)=C/[C@@H]1CN1CCCCC1,TRUE,,1.666 
tildipirosin,Tildipirosin (泰地罗新),REF_TILDIPIROSIN,repository_reference,O34_attached_to_C24,34,24,C,MPM00667,glycerol 1-phosphoserine(1-),NC(COP(=O)(O)OCC(O)CO)C(=O)O,1,CC[C@H]1OC(=O)C[C@@H](O)[C@H](C)[C@@H](O[C@@H]2O[C@H](C)[C@@H](O)[C@H](N(C)C)[C@H]2OC(=O)C(N)COP(=O)(O)OCC(O)CO)[C@@H](CCN2CCCCC2)C[C@@H](C)C(=O)/C=C/C(C)=C/[C@@H]1CN1CCCCC1,CC[C@H]1OC(=O)C[C@@H](O)[C@H](C)[C@@H](O[C@@H]2O[C@H](C)[C@@H](O)[C@H](N(C)C)[C@H]2OC(=O)C(N)COP(=O)(O)OCC(O)CO)[C@@H](CCN2CCCCC2)C[C@@H](C)C(=O)/C=C/C(C)=C/[C@@H]1CN1CCCCC1,TRUE,,1.439 
tildipirosin,Tildipirosin (泰地罗新),REF_TILDIPIROSIN,repository_reference,O34_attached_to_C24,34,24,C,MPM00199,2-Amino-3-sulfopropionic acid,NC(CS(=O)(=O)O)C(=O)O,1,CC[C@H]1OC(=O)C[C@@H](O)[C@H](C)[C@@H](O[C@@H]2O[C@H](C)[C@@H](O)[C@H](N(C)C)[C@H]2OC(=O)C(N)CS(=O)(=O)O)[C@@H](CCN2CCCCC2)C[C@@H](C)C(=O)/C=C/C(C)=C/[C@@H]1CN1CCCCC1,CC[C@H]1OC(=O)C[C@@H](O)[C@H](C)[C@@H](O[C@@H]2O[C@H](C)[C@@H](O)[C@H](N(C)C)[C@H]2OC(=O)C(N)CS(=O)(=O)O)[C@@H](CCN2CCCCC2)C[C@@H](C)C(=O)/C=C/C(C)=C/[C@@H]1CN1CCCCC1,TRUE,,1.948 
tildipirosin,Tildipirosin (泰地罗新),REF_TILDIPIROSIN,repository_reference,O34_attached_to_C24,34,24,C,MPM00329,3-Sulfinoalanine,NC(CS(=O)O)C(=O)O,1,CC[C@H]1OC(=O)C[C@@H](O)[C@H](C)[C@@H](O[C@@H]2O[C@H](C)[C@@H](O)[C@H](N(C)C)[C@H]2OC(=O)C(N)CS(=O)O)[C@@H](CCN2CCCCC2)C[C@@H](C)C(=O)/C=C/C(C)=C/[C@@H]1CN1CCCCC1,CC[C@H]1OC(=O)C[C@@H](O)[C@H](C)[C@@H](O[C@@H]2O[C@H](C)[C@@H](O)[C@H](N(C)C)[C@H]2OC(=O)C(N)CS(=O)O)[C@@H](CCN2CCCCC2)C[C@@H](C)C(=O)/C=C/C(C)=C/[C@@H]1CN1CCCCC1,TRUE,,2.014 
tildipirosin,Tildipirosin (泰地罗新),REF_TILDIPIROSIN,repository_reference,O34_attached_to_C24,34,24,C,MPM01473,L-Cysteinylglycine,NC(CS)C(=O)NCC(=O)O,1,CC[C@H]1OC(=O)C[C@@H](O)[C@H](C)[C@@H](O[C@@H]2O[C@H](C)[C@@H](O)[C@H](N(C)C)[C@H]2OC(=O)CNC(=O)C(N)CS)[C@@H](CCN2CCCCC2)C[C@@H](C)C(=O)/C=C/C(C)=C/[C@@H]1CN1CCCCC1,CC[C@H]1OC(=O)C[C@@H](O)[C@H](C)[C@@H](O[C@@H]2O[C@H](C)[C@@H](O)[C@H](N(C)C)[C@H]2OC(=O)CNC(=O)C(N)CS)[C@@H](CCN2CCCCC2)C[C@@H](C)C(=O)/C=C/C(C)=C/[C@@H]1CN1CCCCC1,TRUE,,0.499 
tildipirosin,Tildipirosin (泰地罗新),REF_TILDIPIROSIN,repository_reference,O34_attached_to_C24,34,24,C,MPM01361,D-Amino-3-mercaptopropionic acid,NC(CS)C(=O)O,1,CC[C@H]1OC(=O)C[C@@H](O)[C@H](C)[C@@H](O[C@@H]2O[C@H](C)[C@@H](O)[C@H](N(C)C)[C@H]2OC(=O)C(N)CS)[C@@H](CCN2CCCCC2)C[C@@H](C)C(=O)/C=C/C(C)=C/[C@@H]1CN1CCCCC1,CC[C@H]1OC(=O)C[C@@H](O)[C@H](C)[C@@H](O[C@@H]2O[C@H](C)[C@@H](O)[C@H](N(C)C)[C@H]2OC(=O)C(N)CS)[C@@H](CCN2CCCCC2)C[C@@H](C)C(=O)/C=C/C(C)=C/[C@@H]1CN1CCCCC1,TRUE,,0.468 
tildipirosin,Tildipirosin (泰地罗新),REF_TILDIPIROSIN,repository_reference,O34_attached_to_C24,34,24,C,MPM01078,(S)-alpha-Amino-beta-(3-indolyl)-propionic acid,NC(Cc1c[nH]c2ccccc12)C(=O)O,1,CC[C@H]1OC(=O)C[C@@H](O)[C@H](C)[C@@H](O[C@@H]2O[C@H](C)[C@@H](O)[C@H](N(C)C)[C@H]2OC(=O)C(N)Cc2c[nH]c3ccccc23)[C@@H](CCN2CCCCC2)C[C@@H](C)C(=O)/C=C/C(C)=C/[C@@H]1CN1CCCCC1,CC[C@H]1OC(=O)C[C@@H](O)[C@H](C)[C@@H](O[C@@H]2O[C@H](C)[C@@H](O)[C@H](N(C)C)[C@H]2OC(=O)C(N)Cc2c[nH]c3ccccc23)[C@@H](CCN2CCCCC2)C[C@@H](C)C(=O)/C=C/C(C)=C/[C@@H]1CN1CCCCC1,TRUE,,2.562 
tildipirosin,Tildipirosin (泰地罗新),REF_TILDIPIROSIN,repository_reference,O34_attached_to_C24,34,24,C,MPM01639,Tyrosine,NC(Cc1ccc(O)cc1)C(=O)O,1,CC[C@H]1OC(=O)C[C@@H](O)[C@H](C)[C@@H](O[C@@H]2O[C@H](C)[C@@H](O)[C@H](N(C)C)[C@H]2OC(=O)C(N)Cc2ccc(O)cc2)[C@@H](CCN2CCCCC2)C[C@@H](C)C(=O)/C=C/C(C)=C/[C@@H]1CN1CCCCC1,CC[C@H]1OC(=O)C[C@@H](O)[C@H](C)[C@@H](O[C@@H]2O[C@H](C)[C@@H](O)[C@H](N(C)C)[C@H]2OC(=O)C(N)Cc2ccc(O)cc2)[C@@H](CCN2CCCCC2)C[C@@H](C)C(=O)/C=C/C(C)=C/[C@@H]1CN1CCCCC1,TRUE,,1.950 
tildipirosin,Tildipirosin (泰地罗新),REF_TILDIPIROSIN,repository_reference,O34_attached_to_C24,34,24,C,MPM00895,Phosphonotyrosine,NC(Cc1ccc(OP(=O)(O)O)cc1)C(=O)O,1,CC[C@H]1OC(=O)C[C@@H](O)[C@H](C)[C@@H](O[C@@H]2O[C@H](C)[C@@H](O)[C@H](N(C)C)[C@H]2OC(=O)C(N)Cc2ccc(OP(=O)(O)O)cc2)[C@@H](CCN2CCCCC2)C[C@@H](C)C(=O)/C=C/C(C)=C/[C@@H]1CN1CCCCC1,CC[C@H]1OC(=O)C[C@@H](O)[C@H](C)[C@@H](O[C@@H]2O[C@H](C)[C@@H](O)[C@H](N(C)C)[C@H]2OC(=O)C(N)Cc2ccc(OP(=O)(O)O)cc2)[C@@H](CCN2CCCCC2)C[C@@H](C)C(=O)/C=C/C(C)=C/[C@@H]1CN1CCCCC1,TRUE,,1.408 
tildipirosin,Tildipirosin (泰地罗新),REF_TILDIPIROSIN,repository_reference,O34_attached_to_C24,34,24,C,MPM00612,D-phenylalanine,NC(Cc1ccccc1)C(=O)O,1,CC[C@H]1OC(=O)C[C@@H](O)[C@H](C)[C@@H](O[C@@H]2O[C@H](C)[C@@H](O)[C@H](N(C)C)[C@H]2OC(=O)C(N)Cc2ccccc2)[C@@H](CCN2CCCCC2)C[C@@H](C)C(=O)/C=C/C(C)=C/[C@@H]1CN1CCCCC1,CC[C@H]1OC(=O)C[C@@H](O)[C@H](C)[C@@H](O[C@@H]2O[C@H](C)[C@@H](O)[C@H](N(C)C)[C@H]2OC(=O)C(N)Cc2ccccc2)[C@@H](CCN2CCCCC2)C[C@@H](C)C(=O)/C=C/C(C)=C/[C@@H]1CN1CCCCC1,TRUE,,1.585 
tildipirosin,Tildipirosin (泰地罗新),REF_TILDIPIROSIN,repository_reference,O34_attached_to_C24,34,24,C,MPM01077,(S)-alpha-Amino-1H-imidazole-4-propionic acid,NC(Cc1cnc[nH]1)C(=O)O,1,CC[C@H]1OC(=O)C[C@@H](O)[C@H](C)[C@@H](O[C@@H]2O[C@H](C)[C@@H](O)[C@H](N(C)C)[C@H]2OC(=O)C(N)Cc2cnc[nH]2)[C@@H](CCN2CCCCC2)C[C@@H](C)C(=O)/C=C/C(C)=C/[C@@H]1CN1CCCCC1,CC[C@H]1OC(=O)C[C@@H](O)[C@H](C)[C@@H](O[C@@H]2O[C@H](C)[C@@H](O)[C@H](N(C)C)[C@H]2OC(=O)C(N)Cc2cnc[nH]2)[C@@H](CCN2CCCCC2)C[C@@H](C)C(=O)/C=C/C(C)=C/[C@@H]1CN1CCCCC1,TRUE,,1.580 
tildipirosin,Tildipirosin (泰地罗新),REF_TILDIPIROSIN,repository_reference,O34_attached_to_C24,34,24,C,MPM01165,2-Oxoarginine,NC(N)=NCCCC(=O)C(=O)O,1,CC[C@H]1OC(=O)C[C@@H](O)[C@H](C)[C@@H](O[C@@H]2O[C@H](C)[C@@H](O)[C@H](N(C)C)[C@H]2OC(=O)C(=O)CCCN=C(N)N)[C@@H](CCN2CCCCC2)C[C@@H](C)C(=O)/C=C/C(C)=C/[C@@H]1CN1CCCCC1,CC[C@H]1OC(=O)C[C@@H](O)[C@H](C)[C@@H](O[C@@H]2O[C@H](C)[C@@H](O)[C@H](N(C)C)[C@H]2OC(=O)C(=O)CCCN=C(N)N)[C@@H](CCN2CCCCC2)C[C@@H](C)C(=O)/C=C/C(C)=C/[C@@H]1CN1CCCCC1,TRUE,,1.630 
tildipirosin,Tildipirosin (泰地罗新),REF_TILDIPIROSIN,repository_reference,O34_attached_to_C24,34,24,C,MPM00541,D-2-Amino-5-guanidinovaleric acid,NC(N)=NCCCC(N)C(=O)O,1,CC[C@H]1OC(=O)C[C@@H](O)[C@H](C)[C@@H](O[C@@H]2O[C@H](C)[C@@H](O)[C@H](N(C)C)[C@H]2OC(=O)C(N)CCCN=C(N)N)[C@@H](CCN2CCCCC2)C[C@@H](C)C(=O)/C=C/C(C)=C/[C@@H]1CN1CCCCC1,CC[C@H]1OC(=O)C[C@@H](O)[C@H](C)[C@@H](O[C@@H]2O[C@H](C)[C@@H](O)[C@H](N(C)C)[C@H]2OC(=O)C(N)CCCN=C(N)N)[C@@H](CCN2CCCCC2)C[C@@H](C)C(=O)/C=C/C(C)=C/[C@@H]1CN1CCCCC1,TRUE,,1.742 
tildipirosin,Tildipirosin (泰地罗新),REF_TILDIPIROSIN,repository_reference,O34_attached_to_C24,34,24,C,MPM01242,5-Amino-4-oxovaleric acid,NCC(=O)CCC(=O)O,1,CC[C@H]1OC(=O)C[C@@H](O)[C@H](C)[C@@H](O[C@@H]2O[C@H](C)[C@@H](O)[C@H](N(C)C)[C@H]2OC(=O)CCC(=O)CN)[C@@H](CCN2CCCCC2)C[C@@H](C)C(=O)/C=C/C(C)=C/[C@@H]1CN1CCCCC1,CC[C@H]1OC(=O)C[C@@H](O)[C@H](C)[C@@H](O[C@@H]2O[C@H](C)[C@@H](O)[C@H](N(C)C)[C@H]2OC(=O)CCC(=O)CN)[C@@H](CCN2CCCCC2)C[C@@H](C)C(=O)/C=C/C(C)=C/[C@@H]1CN1CCCCC1,TRUE,,1.880 
tildipirosin,Tildipirosin (泰地罗新),REF_TILDIPIROSIN,repository_reference,O34_attached_to_C24,34,24,C,MPM00674,Glycyl-l-glutamine,NCC(=O)NC(CCC(N)=O)C(=O)O,1,CC[C@H]1OC(=O)C[C@@H](O)[C@H](C)[C@@H](O[C@@H]2O[C@H](C)[C@@H](O)[C@H](N(C)C)[C@H]2OC(=O)C(CCC(N)=O)NC(=O)CN)[C@@H](CCN2CCCCC2)C[C@@H](C)C(=O)/C=C/C(C)=C/[C@@H]1CN1CCCCC1,CC[C@H]1OC(=O)C[C@@H](O)[C@H](C)[C@@H](O[C@@H]2O[C@H](C)[C@@H](O)[C@H](N(C)C)[C@H]2OC(=O)C(CCC(N)=O)NC(=O)CN)[C@@H](CCN2CCCCC2)C[C@@H](C)C(=O)/C=C/C(C)=C/[C@@H]1CN1CCCCC1,TRUE,,2.076 
tildipirosin,Tildipirosin (泰地罗新),REF_TILDIPIROSIN,repository_reference,O34_attached_to_C24,34,24,C,MPM00673,Glycylcysteine,NCC(=O)NC(CS)C(=O)O,1,CC[C@H]1OC(=O)C[C@@H](O)[C@H](C)[C@@H](O[C@@H]2O[C@H](C)[C@@H](O)[C@H](N(C)C)[C@H]2OC(=O)C(CS)NC(=O)CN)[C@@H](CCN2CCCCC2)C[C@@H](C)C(=O)/C=C/C(C)=C/[C@@H]1CN1CCCCC1,CC[C@H]1OC(=O)C[C@@H](O)[C@H](C)[C@@H](O[C@@H]2O[C@H](C)[C@@H](O)[C@H](N(C)C)[C@H]2OC(=O)C(CS)NC(=O)CN)[C@@H](CCN2CCCCC2)C[C@@H](C)C(=O)/C=C/C(C)=C/[C@@H]1CN1CCCCC1,TRUE,,0.638 
tildipirosin,Tildipirosin (泰地罗新),REF_TILDIPIROSIN,repository_reference,O34_attached_to_C24,34,24,C,MPM00677,Glycyl-L-tyrosine,NCC(=O)NC(Cc1ccc(O)cc1)C(=O)O,1,CC[C@H]1OC(=O)C[C@@H](O)[C@H](C)[C@@H](O[C@@H]2O[C@H](C)[C@@H](O)[C@H](N(C)C)[C@H]2OC(=O)C(Cc2ccc(O)cc2)NC(=O)CN)[C@@H](CCN2CCCCC2)C[C@@H](C)C(=O)/C=C/C(C)=C/[C@@H]1CN1CCCCC1,CC[C@H]1OC(=O)C[C@@H](O)[C@H](C)[C@@H](O[C@@H]2O[C@H](C)[C@@H](O)[C@H](N(C)C)[C@H]2OC(=O)C(Cc2ccc(O)cc2)NC(=O)CN)[C@@H](CCN2CCCCC2)C[C@@H](C)C(=O)/C=C/C(C)=C/[C@@H]1CN1CCCCC1,TRUE,,2.176 
tildipirosin,Tildipirosin (泰地罗新),REF_TILDIPIROSIN,repository_reference,O34_attached_to_C24,34,24,C,MPM00676,Glycyl-L-phenylalanine,NCC(=O)NC(Cc1ccccc1)C(=O)O,1,CC[C@H]1OC(=O)C[C@@H](O)[C@H](C)[C@@H](O[C@@H]2O[C@H](C)[C@@H](O)[C@H](N(C)C)[C@H]2OC(=O)C(Cc2ccccc2)NC(=O)CN)[C@@H](CCN2CCCCC2)C[C@@H](C)C(=O)/C=C/C(C)=C/[C@@H]1CN1CCCCC1,CC[C@H]1OC(=O)C[C@@H](O)[C@H](C)[C@@H](O[C@@H]2O[C@H](C)[C@@H](O)[C@H](N(C)C)[C@H]2OC(=O)C(Cc2ccccc2)NC(=O)CN)[C@@H](CCN2CCCCC2)C[C@@H](C)C(=O)/C=C/C(C)=C/[C@@H]1CN1CCCCC1,TRUE,,1.805 
tildipirosin,Tildipirosin (泰地罗新),REF_TILDIPIROSIN,repository_reference,O34_attached_to_C24,34,24,C,MPM01413,Gly,NCC(=O)O,1,CC[C@H]1OC(=O)C[C@@H](O)[C@H](C)[C@@H](O[C@@H]2O[C@H](C)[C@@H](O)[C@H](N(C)C)[C@H]2OC(=O)CN)[C@@H](CCN2CCCCC2)C[C@@H](C)C(=O)/C=C/C(C)=C/[C@@H]1CN1CCCCC1,CC[C@H]1OC(=O)C[C@@H](O)[C@H](C)[C@@H](O[C@@H]2O[C@H](C)[C@@H](O)[C@H](N(C)C)[C@H]2OC(=O)CN)[C@@H](CCN2CCCCC2)C[C@@H](C)C(=O)/C=C/C(C)=C/[C@@H]1CN1CCCCC1,TRUE,,2.038 
tildipirosin,Tildipirosin (泰地罗新),REF_TILDIPIROSIN,repository_reference,O34_attached_to_C24,34,24,C,MPM01074,"(S)-2,3-Diaminopropanoate",NCC(N)C(=O)O,1,CC[C@H]1OC(=O)C[C@@H](O)[C@H](C)[C@@H](O[C@@H]2O[C@H](C)[C@@H](O)[C@H](N(C)C)[C@H]2OC(=O)C(N)CN)[C@@H](CCN2CCCCC2)C[C@@H](C)C(=O)/C=C/C(C)=C/[C@@H]1CN1CCCCC1,CC[C@H]1OC(=O)C[C@@H](O)[C@H](C)[C@@H](O[C@@H]2O[C@H](C)[C@@H](O)[C@H](N(C)C)[C@H]2OC(=O)C(N)CN)[C@@H](CCN2CCCCC2)C[C@@H](C)C(=O)/C=C/C(C)=C/[C@@H]1CN1CCCCC1,TRUE,,2.184 
tildipirosin,Tildipirosin (泰地罗新),REF_TILDIPIROSIN,repository_reference,O34_attached_to_C24,34,24,C,MPM01212,3-Aminopropanoate,NCCC(=O)O,1,CC[C@H]1OC(=O)C[C@@H](O)[C@H](C)[C@@H](O[C@@H]2O[C@H](C)[C@@H](O)[C@H](N(C)C)[C@H]2OC(=O)CCN)[C@@H](CCN2CCCCC2)C[C@@H](C)C(=O)/C=C/C(C)=C/[C@@H]1CN1CCCCC1,CC[C@H]1OC(=O)C[C@@H](O)[C@H](C)[C@@H](O[C@@H]2O[C@H](C)[C@@H](O)[C@H](N(C)C)[C@H]2OC(=O)CCN)[C@@H](CCN2CCCCC2)C[C@@H](C)C(=O)/C=C/C(C)=C/[C@@H]1CN1CCCCC1,TRUE,,1.947 
tildipirosin,Tildipirosin (泰地罗新),REF_TILDIPIROSIN,repository_reference,O34_attached_to_C24,34,24,C,MPM00725,"L-2,4-Diaminobutyrate",NCCC(N)C(=O)O,1,CC[C@H]1OC(=O)C[C@@H](O)[C@H](C)[C@@H](O[C@@H]2O[C@H](C)[C@@H](O)[C@H](N(C)C)[C@H]2OC(=O)C(N)CCN)[C@@H](CCN2CCCCC2)C[C@@H](C)C(=O)/C=C/C(C)=C/[C@@H]1CN1CCCCC1,CC[C@H]1OC(=O)C[C@@H](O)[C@H](C)[C@@H](O[C@@H]2O[C@H](C)[C@@H](O)[C@H](N(C)C)[C@H]2OC(=O)C(N)CCN)[C@@H](CCN2CCCCC2)C[C@@H](C)C(=O)/C=C/C(C)=C/[C@@H]1CN1CCCCC1,TRUE,,2.126 
tildipirosin,Tildipirosin (泰地罗新),REF_TILDIPIROSIN,repository_reference,O34_attached_to_C24,34,24,C,MPM01396,GABA,NCCCC(=O)O,1,CC[C@H]1OC(=O)C[C@@H](O)[C@H](C)[C@@H](O[C@@H]2O[C@H](C)[C@@H](O)[C@H](N(C)C)[C@H]2OC(=O)CCCN)[C@@H](CCN2CCCCC2)C[C@@H](C)C(=O)/C=C/C(C)=C/[C@@H]1CN1CCCCC1,CC[C@H]1OC(=O)C[C@@H](O)[C@H](C)[C@@H](O[C@@H]2O[C@H](C)[C@@H](O)[C@H](N(C)C)[C@H]2OC(=O)CCCN)[C@@H](CCN2CCCCC2)C[C@@H](C)C(=O)/C=C/C(C)=C/[C@@H]1CN1CCCCC1,TRUE,,1.884 
tildipirosin,Tildipirosin (泰地罗新),REF_TILDIPIROSIN,repository_reference,O34_attached_to_C24,34,24,C,MPM00093,"(S)-2,5-Diaminopentanoate",NCCCC(N)C(=O)O,1,CC[C@H]1OC(=O)C[C@@H](O)[C@H](C)[C@@H](O[C@@H]2O[C@H](C)[C@@H](O)[C@H](N(C)C)[C@H]2OC(=O)C(N)CCCN)[C@@H](CCN2CCCCC2)C[C@@H](C)C(=O)/C=C/C(C)=C/[C@@H]1CN1CCCCC1,CC[C@H]1OC(=O)C[C@@H](O)[C@H](C)[C@@H](O[C@@H]2O[C@H](C)[C@@H](O)[C@H](N(C)C)[C@H]2OC(=O)C(N)CCCN)[C@@H](CCN2CCCCC2)C[C@@H](C)C(=O)/C=C/C(C)=C/[C@@H]1CN1CCCCC1,TRUE,,2.064 
tildipirosin,Tildipirosin (泰地罗新),REF_TILDIPIROSIN,repository_reference,O34_attached_to_C24,34,24,C,MPM00742,L-beta-Lysine,NCCCC(N)CC(=O)O,1,CC[C@H]1OC(=O)C[C@@H](O)[C@H](C)[C@@H](O[C@@H]2O[C@H](C)[C@@H](O)[C@H](N(C)C)[C@H]2OC(=O)CC(N)CCCN)[C@@H](CCN2CCCCC2)C[C@@H](C)C(=O)/C=C/C(C)=C/[C@@H]1CN1CCCCC1,CC[C@H]1OC(=O)C[C@@H](O)[C@H](C)[C@@H](O[C@@H]2O[C@H](C)[C@@H](O)[C@H](N(C)C)[C@H]2OC(=O)CC(N)CCCN)[C@@H](CCN2CCCCC2)C[C@@H](C)C(=O)/C=C/C(C)=C/[C@@H]1CN1CCCCC1,TRUE,,1.808 
tildipirosin,Tildipirosin (泰地罗新),REF_TILDIPIROSIN,repository_reference,O34_attached_to_C24,34,24,C,MPM01164,2-Oxo-6-aminocaproate,NCCCCC(=O)C(=O)O,1,CC[C@H]1OC(=O)C[C@@H](O)[C@H](C)[C@@H](O[C@@H]2O[C@H](C)[C@@H](O)[C@H](N(C)C)[C@H]2OC(=O)C(=O)CCCCN)[C@@H](CCN2CCCCC2)C[C@@H](C)C(=O)/C=C/C(C)=C/[C@@H]1CN1CCCCC1,CC[C@H]1OC(=O)C[C@@H](O)[C@H](C)[C@@H](O[C@@H]2O[C@H](C)[C@@H](O)[C@H](N(C)C)[C@H]2OC(=O)C(=O)CCCCN)[C@@H](CCN2CCCCC2)C[C@@H](C)C(=O)/C=C/C(C)=C/[C@@H]1CN1CCCCC1,TRUE,,1.881 
tildipirosin,Tildipirosin (泰地罗新),REF_TILDIPIROSIN,repository_reference,O34_attached_to_C24,34,24,C,MPM00184,"2,6-Diaminohexanoic acid",NCCCCC(N)C(=O)O,1,CC[C@H]1OC(=O)C[C@@H](O)[C@H](C)[C@@H](O[C@@H]2O[C@H](C)[C@@H](O)[C@H](N(C)C)[C@H]2OC(=O)C(N)CCCCN)[C@@H](CCN2CCCCC2)C[C@@H](C)C(=O)/C=C/C(C)=C/[C@@H]1CN1CCCCC1,CC[C@H]1OC(=O)C[C@@H](O)[C@H](C)[C@@H](O[C@@H]2O[C@H](C)[C@@H](O)[C@H](N(C)C)[C@H]2OC(=O)C(N)CCCCN)[C@@H](CCN2CCCCC2)C[C@@H](C)C(=O)/C=C/C(C)=C/[C@@H]1CN1CCCCC1,TRUE,,1.998 
tildipirosin,Tildipirosin (泰地罗新),REF_TILDIPIROSIN,repository_reference,O34_attached_to_C24,34,24,C,MPM00373,5-Amino-1-(5-phospho-D-ribosyl)imidazole-4-carboxylate,Nc1c(C(=O)O)ncn1C1OC(COP(=O)(O)O)C(O)C1O,1,CC[C@H]1OC(=O)C[C@@H](O)[C@H](C)[C@@H](O[C@@H]2O[C@H](C)[C@@H](O)[C@H](N(C)C)[C@H]2OC(=O)c2ncn(C3OC(COP(=O)(O)O)C(O)C3O)c2N)[C@@H](CCN2CCCCC2)C[C@@H](C)C(=O)/C=C/C(C)=C/[C@@H]1CN1CCCCC1,CC[C@H]1OC(=O)C[C@@H](O)[C@H](C)[C@@H](O[C@@H]2O[C@H](C)[C@@H](O)[C@H](N(C)C)[C@H]2OC(=O)c2ncn(C3OC(COP(=O)(O)O)C(O)C3O)c2N)[C@@H](CCN2CCCCC2)C[C@@H](C)C(=O)/C=C/C(C)=C/[C@@H]1CN1CCCCC1,TRUE,,-0.938 
tildipirosin,Tildipirosin (泰地罗新),REF_TILDIPIROSIN,repository_reference,O34_attached_to_C24,34,24,C,MPM00854,p-Aminobenzoate,Nc1ccc(C(=O)O)cc1,1,CC[C@H]1OC(=O)C[C@@H](O)[C@H](C)[C@@H](O[C@@H]2O[C@H](C)[C@@H](O)[C@H](N(C)C)[C@H]2OC(=O)c2ccc(N)cc2)[C@@H](CCN2CCCCC2)C[C@@H](C)C(=O)/C=C/C(C)=C/[C@@H]1CN1CCCCC1,CC[C@H]1OC(=O)C[C@@H](O)[C@H](C)[C@@H](O[C@@H]2O[C@H](C)[C@@H](O)[C@H](N(C)C)[C@H]2OC(=O)c2ccc(N)cc2)[C@@H](CCN2CCCCC2)C[C@@H](C)C(=O)/C=C/C(C)=C/[C@@H]1CN1CCCCC1,TRUE,,1.979 
tildipirosin,Tildipirosin (泰地罗新),REF_TILDIPIROSIN,repository_reference,O34_attached_to_C24,34,24,C,MPM00406,"7,8-Dihydropteroate",Nc1nc2c(c(=O)[nH]1)N=C(CNc1ccc(C(=O)O)cc1)CN2,1,CC[C@H]1OC(=O)C[C@@H](O)[C@H](C)[C@@H](O[C@@H]2O[C@H](C)[C@@H](O)[C@H](N(C)C)[C@H]2OC(=O)c2ccc(NCC3=Nc4c(nc(N)[nH]c4=O)NC3)cc2)[C@@H](CCN2CCCCC2)C[C@@H](C)C(=O)/C=C/C(C)=C/[C@@H]1CN1CCCCC1,CC[C@H]1OC(=O)C[C@@H](O)[C@H](C)[C@@H](O[C@@H]2O[C@H](C)[C@@H](O)[C@H](N(C)C)[C@H]2OC(=O)c2ccc(NCC3=Nc4c(nc(N)[nH]c4=O)NC3)cc2)[C@@H](CCN2CCCCC2)C[C@@H](C)C(=O)/C=C/C(C)=C/[C@@H]1CN1CCCCC1,TRUE,,1.403 
tildipirosin,Tildipirosin (泰地罗新),REF_TILDIPIROSIN,repository_reference,O34_attached_to_C24,34,24,C,MPM00938,Se-Adenosylselenohomocysteine,Nc1ncnc2c1ncn2C1OC(C[Se]CCC(N)C(=O)O)C(O)C1O,1,CC[C@H]1OC(=O)C[C@@H](O)[C@H](C)[C@@H](O[C@@H]2O[C@H](C)[C@@H](O)[C@H](N(C)C)[C@H]2OC(=O)C(N)CC[Se]CC2OC(n3cnc4c(N)ncnc43)C(O)C2O)[C@@H](CCN2CCCCC2)C[C@@H](C)C(=O)/C=C/C(C)=C/[C@@H]1CN1CCCCC1,CC[C@H]1OC(=O)C[C@@H](O)[C@H](C)[C@@H](O[C@@H]2O[C@H](C)[C@@H](O)[C@H](N(C)C)[C@H]2OC(=O)C(N)CC[Se]CC2OC(n3cnc4c(N)ncnc43)C(O)C2O)[C@@H](CCN2CCCCC2)C[C@@H](C)C(=O)/C=C/C(C)=C/[C@@H]1CN1CCCCC1,TRUE,,-1.143 
tildipirosin,Tildipirosin (泰地罗新),REF_TILDIPIROSIN,repository_reference,O34_attached_to_C24,34,24,C,MPM00210,2-Dehydro-3-deoxy-D-galactonate,O=C(O)C(=O)CC(O)C(O)CO,1,CC[C@H]1OC(=O)C[C@@H](O)[C@H](C)[C@@H](O[C@@H]2O[C@H](C)[C@@H](O)[C@H](N(C)C)[C@H]2OC(=O)C(=O)CC(O)C(O)CO)[C@@H](CCN2CCCCC2)C[C@@H](C)C(=O)/C=C/C(C)=C/[C@@H]1CN1CCCCC1,CC[C@H]1OC(=O)C[C@@H](O)[C@H](C)[C@@H](O[C@@H]2O[C@H](C)[C@@H](O)[C@H](N(C)C)[C@H]2OC(=O)C(=O)CC(O)C(O)CO)[C@@H](CCN2CCCCC2)C[C@@H](C)C(=O)/C=C/C(C)=C/[C@@H]1CN1CCCCC1,TRUE,,1.158 
tildipirosin,Tildipirosin (泰地罗新),REF_TILDIPIROSIN,repository_reference,O34_attached_to_C24,34,24,C,MPM00212,2-Dehydro-3-deoxy-D-gluconate 6-phosphate,O=C(O)C(=O)CC(O)C(O)COP(=O)(O)O,1,CC[C@H]1OC(=O)C[C@@H](O)[C@H](C)[C@@H](O[C@@H]2O[C@H](C)[C@@H](O)[C@H](N(C)C)[C@H]2OC(=O)C(=O)CC(O)C(O)COP(=O)(O)O)[C@@H](CCN2CCCCC2)C[C@@H](C)C(=O)/C=C/C(C)=C/[C@@H]1CN1CCCCC1,CC[C@H]1OC(=O)C[C@@H](O)[C@H](C)[C@@H](O[C@@H]2O[C@H](C)[C@@H](O)[C@H](N(C)C)[C@H]2OC(=O)C(=O)CC(O)C(O)COP(=O)(O)O)[C@@H](CCN2CCCCC2)C[C@@H](C)C(=O)/C=C/C(C)=C/[C@@H]1CN1CCCCC1,TRUE,,1.000 
tildipirosin,Tildipirosin (泰地罗新),REF_TILDIPIROSIN,repository_reference,O34_attached_to_C24,34,24,C,MPM00304,3-Hydroxypyruvic acid,O=C(O)C(=O)CO,1,CC[C@H]1OC(=O)C[C@@H](O)[C@H](C)[C@@H](O[C@@H]2O[C@H](C)[C@@H](O)[C@H](N(C)C)[C@H]2OC(=O)C(=O)CO)[C@@H](CCN2CCCCC2)C[C@@H](C)C(=O)/C=C/C(C)=C/[C@@H]1CN1CCCCC1,CC[C@H]1OC(=O)C[C@@H](O)[C@H](C)[C@@H](O[C@@H]2O[C@H](C)[C@@H](O)[C@H](N(C)C)[C@H]2OC(=O)C(=O)CO)[C@@H](CCN2CCCCC2)C[C@@H](C)C(=O)/C=C/C(C)=C/[C@@H]1CN1CCCCC1,TRUE,,2.070 
tildipirosin,Tildipirosin (泰地罗新),REF_TILDIPIROSIN,repository_reference,O34_attached_to_C24,34,24,C,MPM00897,p-Hydroxyphenylpyruvic acid,O=C(O)C(=O)Cc1ccc(O)cc1,1,CC[C@H]1OC(=O)C[C@@H](O)[C@H](C)[C@@H](O[C@@H]2O[C@H](C)[C@@H](O)[C@H](N(C)C)[C@H]2OC(=O)C(=O)Cc2ccc(O)cc2)[C@@H](CCN2CCCCC2)C[C@@H](C)C(=O)/C=C/C(C)=C/[C@@H]1CN1CCCCC1,CC[C@H]1OC(=O)C[C@@H](O)[C@H](C)[C@@H](O[C@@H]2O[C@H](C)[C@@H](O)[C@H](N(C)C)[C@H]2OC(=O)C(=O)Cc2ccc(O)cc2)[C@@H](CCN2CCCCC2)C[C@@H](C)C(=O)/C=C/C(C)=C/[C@@H]1CN1CCCCC1,TRUE,,2.013 
tildipirosin,Tildipirosin (泰地罗新),REF_TILDIPIROSIN,repository_reference,O34_attached_to_C24,34,24,C,MPM00253,2-Oxo-3-phenylpropanoate,O=C(O)C(=O)Cc1ccccc1,1,CC[C@H]1OC(=O)C[C@@H](O)[C@H](C)[C@@H](O[C@@H]2O[C@H](C)[C@@H](O)[C@H](N(C)C)[C@H]2OC(=O)C(=O)Cc2ccccc2)[C@@H](CCN2CCCCC2)C[C@@H](C)C(=O)/C=C/C(C)=C/[C@@H]1CN1CCCCC1,CC[C@H]1OC(=O)C[C@@H](O)[C@H](C)[C@@H](O[C@@H]2O[C@H](C)[C@@H](O)[C@H](N(C)C)[C@H]2OC(=O)C(=O)Cc2ccccc2)[C@@H](CCN2CCCCC2)C[C@@H](C)C(=O)/C=C/C(C)=C/[C@@H]1CN1CCCCC1,TRUE,,1.648 
tildipirosin,Tildipirosin (泰地罗新),REF_TILDIPIROSIN,repository_reference,O34_attached_to_C24,34,24,C,MPM00249,2-O-(alpha-D-Mannopyranosyl)-D-glycerate,O=C(O)C(CO)OC1OC(CO)C(O)C(O)C1O,1,CC[C@H]1OC(=O)C[C@@H](O)[C@H](C)[C@@H](O[C@@H]2O[C@H](C)[C@@H](O)[C@H](N(C)C)[C@H]2OC(=O)C(CO)OC2OC(CO)C(O)C(O)C2O)[C@@H](CCN2CCCCC2)C[C@@H](C)C(=O)/C=C/C(C)=C/[C@@H]1CN1CCCCC1,CC[C@H]1OC(=O)C[C@@H](O)[C@H](C)[C@@H](O[C@@H]2O[C@H](C)[C@@H](O)[C@H](N(C)C)[C@H]2OC(=O)C(CO)OC2OC(CO)C(O)C(O)C2O)[C@@H](CCN2CCCCC2)C[C@@H](C)C(=O)/C=C/C(C)=C/[C@@H]1CN1CCCCC1,TRUE,,0.443 
tildipirosin,Tildipirosin (泰地罗新),REF_TILDIPIROSIN,repository_reference,O34_attached_to_C24,34,24,C,MPM00248,2-O-(6-Phospho-alpha-D-mannosyl)-D-glycerate,O=C(O)C(CO)OC1OC(COP(=O)(O)O)C(O)C(O)C1O,1,CC[C@H]1OC(=O)C[C@@H](O)[C@H](C)[C@@H](O[C@@H]2O[C@H](C)[C@@H](O)[C@H](N(C)C)[C@H]2OC(=O)C(CO)OC2OC(COP(=O)(O)O)C(O)C(O)C2O)[C@@H](CCN2CCCCC2)C[C@@H](C)C(=O)/C=C/C(C)=C/[C@@H]1CN1CCCCC1,CC[C@H]1OC(=O)C[C@@H](O)[C@H](C)[C@@H](O[C@@H]2O[C@H](C)[C@@H](O)[C@H](N(C)C)[C@H]2OC(=O)C(CO)OC2OC(COP(=O)(O)O)C(O)C(O)C2O)[C@@H](CCN2CCCCC2)C[C@@H](C)C(=O)/C=C/C(C)=C/[C@@H]1CN1CCCCC1,TRUE,,0.289 
tildipirosin,Tildipirosin (泰地罗新),REF_TILDIPIROSIN,repository_reference,O34_attached_to_C24,34,24,C,MPM00262,2-Phospho-(R)-glycerate,O=C(O)C(CO)OP(=O)(O)O,1,CC[C@H]1OC(=O)C[C@@H](O)[C@H](C)[C@@H](O[C@@H]2O[C@H](C)[C@@H](O)[C@H](N(C)C)[C@H]2OC(=O)C(CO)OP(=O)(O)O)[C@@H](CCN2CCCCC2)C[C@@H](C)C(=O)/C=C/C(C)=C/[C@@H]1CN1CCCCC1,CC[C@H]1OC(=O)C[C@@H](O)[C@H](C)[C@@H](O[C@@H]2O[C@H](C)[C@@H](O)[C@H](N(C)C)[C@H]2OC(=O)C(CO)OP(=O)(O)O)[C@@H](CCN2CCCCC2)C[C@@H](C)C(=O)/C=C/C(C)=C/[C@@H]1CN1CCCCC1,TRUE,,1.220 
tildipirosin,Tildipirosin (泰地罗新),REF_TILDIPIROSIN,repository_reference,O34_attached_to_C24,34,24,C,MPM00380,5-Dehydrogluconate,O=C(O)C(O)C(O)C(O)C(=O)CO,1,CC[C@H]1OC(=O)C[C@@H](O)[C@H](C)[C@@H](O[C@@H]2O[C@H](C)[C@@H](O)[C@H](N(C)C)[C@H]2OC(=O)C(O)C(O)C(O)C(=O)CO)[C@@H](CCN2CCCCC2)C[C@@H](C)C(=O)/C=C/C(C)=C/[C@@H]1CN1CCCCC1,CC[C@H]1OC(=O)C[C@@H](O)[C@H](C)[C@@H](O[C@@H]2O[C@H](C)[C@@H](O)[C@H](N(C)C)[C@H]2OC(=O)C(O)C(O)C(O)C(=O)CO)[C@@H](CCN2CCCCC2)C[C@@H](C)C(=O)/C=C/C(C)=C/[C@@H]1CN1CCCCC1,TRUE,,1.118 
tildipirosin,Tildipirosin (泰地罗新),REF_TILDIPIROSIN,repository_reference,O34_attached_to_C24,34,24,C,MPM00547,D-Altronate,O=C(O)C(O)C(O)C(O)C(O)CO,1,CC[C@H]1OC(=O)C[C@@H](O)[C@H](C)[C@@H](O[C@@H]2O[C@H](C)[C@@H](O)[C@H](N(C)C)[C@H]2OC(=O)C(O)C(O)C(O)C(O)CO)[C@@H](CCN2CCCCC2)C[C@@H](C)C(=O)/C=C/C(C)=C/[C@@H]1CN1CCCCC1,CC[C@H]1OC(=O)C[C@@H](O)[C@H](C)[C@@H](O[C@@H]2O[C@H](C)[C@@H](O)[C@H](N(C)C)[C@H]2OC(=O)C(O)C(O)C(O)C(O)CO)[C@@H](CCN2CCCCC2)C[C@@H](C)C(=O)/C=C/C(C)=C/[C@@H]1CN1CCCCC1,TRUE,,0.764 
tildipirosin,Tildipirosin (泰地罗新),REF_TILDIPIROSIN,repository_reference,O34_attached_to_C24,34,24,C,MPM00401,6-Phospho-D-gluconate,O=C(O)C(O)C(O)C(O)C(O)COP(=O)(O)O,1,CC[C@H]1OC(=O)C[C@@H](O)[C@H](C)[C@@H](O[C@@H]2O[C@H](C)[C@@H](O)[C@H](N(C)C)[C@H]2OC(=O)C(O)C(O)C(O)C(O)COP(=O)(O)O)[C@@H](CCN2CCCCC2)C[C@@H](C)C(=O)/C=C/C(C)=C/[C@@H]1CN1CCCCC1,CC[C@H]1OC(=O)C[C@@H](O)[C@H](C)[C@@H](O[C@@H]2O[C@H](C)[C@@H](O)[C@H](N(C)C)[C@H]2OC(=O)C(O)C(O)C(O)C(O)COP(=O)(O)O)[C@@H](CCN2CCCCC2)C[C@@H](C)C(=O)/C=C/C(C)=C/[C@@H]1CN1CCCCC1,TRUE,,0.600 
tildipirosin,Tildipirosin (泰地罗新),REF_TILDIPIROSIN,repository_reference,O34_attached_to_C24,34,24,C,MPM00666,Glyceric acid,O=C(O)C(O)CO,1,CC[C@H]1OC(=O)C[C@@H](O)[C@H](C)[C@@H](O[C@@H]2O[C@H](C)[C@@H](O)[C@H](N(C)C)[C@H]2OC(=O)C(O)CO)[C@@H](CCN2CCCCC2)C[C@@H](C)C(=O)/C=C/C(C)=C/[C@@H]1CN1CCCCC1,CC[C@H]1OC(=O)C[C@@H](O)[C@H](C)[C@@H](O[C@@H]2O[C@H](C)[C@@H](O)[C@H](N(C)C)[C@H]2OC(=O)C(O)CO)[C@@H](CCN2CCCCC2)C[C@@H](C)C(=O)/C=C/C(C)=C/[C@@H]1CN1CCCCC1,TRUE,,1.580 
tildipirosin,Tildipirosin (泰地罗新),REF_TILDIPIROSIN,repository_reference,O34_attached_to_C24,34,24,C,MPM00324,3-Phosphoglycerate,O=C(O)C(O)COP(=O)(O)O,1,CC[C@H]1OC(=O)C[C@@H](O)[C@H](C)[C@@H](O[C@@H]2O[C@H](C)[C@@H](O)[C@H](N(C)C)[C@H]2OC(=O)C(O)COP(=O)(O)O)[C@@H](CCN2CCCCC2)C[C@@H](C)C(=O)/C=C/C(C)=C/[C@@H]1CN1CCCCC1,CC[C@H]1OC(=O)C[C@@H](O)[C@H](C)[C@@H](O[C@@H]2O[C@H](C)[C@@H](O)[C@H](N(C)C)[C@H]2OC(=O)C(O)COP(=O)(O)O)[C@@H](CCN2CCCCC2)C[C@@H](C)C(=O)/C=C/C(C)=C/[C@@H]1CN1CCCCC1,TRUE,,1.418 
tildipirosin,Tildipirosin (泰地罗新),REF_TILDIPIROSIN,repository_reference,O34_attached_to_C24,34,24,C,MPM00001,(-)-Quinic acid,O=C(O)C1(O)CC(O)C(O)C(O)C1,1,CC[C@H]1OC(=O)C[C@@H](O)[C@H](C)[C@@H](O[C@@H]2O[C@H](C)[C@@H](O)[C@H](N(C)C)[C@H]2OC(=O)C2(O)CC(O)C(O)C(O)C2)[C@@H](CCN2CCCCC2)C[C@@H](C)C(=O)/C=C/C(C)=C/[C@@H]1CN1CCCCC1,CC[C@H]1OC(=O)C[C@@H](O)[C@H](C)[C@@H](O[C@@H]2O[C@H](C)[C@@H](O)[C@H](N(C)C)[C@H]2OC(=O)C2(O)CC(O)C(O)C(O)C2)[C@@H](CCN2CCCCC2)C[C@@H](C)C(=O)/C=C/C(C)=C/[C@@H]1CN1CCCCC1,TRUE,,0.496 
tildipirosin,Tildipirosin (泰地罗新),REF_TILDIPIROSIN,repository_reference,O34_attached_to_C24,34,24,C,MPM00283,3-Dehydroshikimate,O=C(O)C1=CC(=O)C(O)C(O)C1,1,CC[C@H]1OC(=O)C[C@@H](O)[C@H](C)[C@@H](O[C@@H]2O[C@H](C)[C@@H](O)[C@H](N(C)C)[C@H]2OC(=O)C2=CC(=O)C(O)C(O)C2)[C@@H](CCN2CCCCC2)C[C@@H](C)C(=O)/C=C/C(C)=C/[C@@H]1CN1CCCCC1,CC[C@H]1OC(=O)C[C@@H](O)[C@H](C)[C@@H](O[C@@H]2O[C@H](C)[C@@H](O)[C@H](N(C)C)[C@H]2OC(=O)C2=CC(=O)C(O)C(O)C2)[C@@H](CCN2CCCCC2)C[C@@H](C)C(=O)/C=C/C(C)=C/[C@@H]1CN1CCCCC1,TRUE,,1.373 
tildipirosin,Tildipirosin (泰地罗新),REF_TILDIPIROSIN,repository_reference,O34_attached_to_C24,34,24,C,MPM00269,"3,4,5-Trihydroxy-1-cyclohexenecarboxylic acid",O=C(O)C1=CC(O)C(O)C(O)C1,1,CC[C@H]1OC(=O)C[C@@H](O)[C@H](C)[C@@H](O[C@@H]2O[C@H](C)[C@@H](O)[C@H](N(C)C)[C@H]2OC(=O)C2=CC(O)C(O)C(O)C2)[C@@H](CCN2CCCCC2)C[C@@H](C)C(=O)/C=C/C(C)=C/[C@@H]1CN1CCCCC1,CC[C@H]1OC(=O)C[C@@H](O)[C@H](C)[C@@H](O[C@@H]2O[C@H](C)[C@@H](O)[C@H](N(C)C)[C@H]2OC(=O)C2=CC(O)C(O)C(O)C2)[C@@H](CCN2CCCCC2)C[C@@H](C)C(=O)/C=C/C(C)=C/[C@@H]1CN1CCCCC1,TRUE,,1.019 
tildipirosin,Tildipirosin (泰地罗新),REF_TILDIPIROSIN,repository_reference,O34_attached_to_C24,34,24,C,MPM00160,1-pyrroline-2-carboxylic acid zwitterion,O=C(O)C1=NCCC1,1,CC[C@H]1OC(=O)C[C@@H](O)[C@H](C)[C@@H](O[C@@H]2O[C@H](C)[C@@H](O)[C@H](N(C)C)[C@H]2OC(=O)C2=NCCC2)[C@@H](CCN2CCCCC2)C[C@@H](C)C(=O)/C=C/C(C)=C/[C@@H]1CN1CCCCC1,CC[C@H]1OC(=O)C[C@@H](O)[C@H](C)[C@@H](O[C@@H]2O[C@H](C)[C@@H](O)[C@H](N(C)C)[C@H]2OC(=O)C2=NCCC2)[C@@H](CCN2CCCCC2)C[C@@H](C)C(=O)/C=C/C(C)=C/[C@@H]1CN1CCCCC1,TRUE,,1.343 
tildipirosin,Tildipirosin (泰地罗新),REF_TILDIPIROSIN,repository_reference,O34_attached_to_C24,34,24,C,MPM01116,1-Piperideine-2-carboxylate,O=C(O)C1=NCCCC1,1,CC[C@H]1OC(=O)C[C@@H](O)[C@H](C)[C@@H](O[C@@H]2O[C@H](C)[C@@H](O)[C@H](N(C)C)[C@H]2OC(=O)C2=NCCCC2)[C@@H](CCN2CCCCC2)C[C@@H](C)C(=O)/C=C/C(C)=C/[C@@H]1CN1CCCCC1,CC[C@H]1OC(=O)C[C@@H](O)[C@H](C)[C@@H](O[C@@H]2O[C@H](C)[C@@H](O)[C@H](N(C)C)[C@H]2OC(=O)C2=NCCCC2)[C@@H](CCN2CCCCC2)C[C@@H](C)C(=O)/C=C/C(C)=C/[C@@H]1CN1CCCCC1,TRUE,,1.333 
tildipirosin,Tildipirosin (泰地罗新),REF_TILDIPIROSIN,repository_reference,O34_attached_to_C24,34,24,C,MPM00047,"(3R,5S)-3-Hydroxy-1-pyrroline-5-carboxylate",O=C(O)C1CC(O)C=N1,1,CC[C@H]1OC(=O)C[C@@H](O)[C@H](C)[C@@H](O[C@@H]2O[C@H](C)[C@@H](O)[C@H](N(C)C)[C@H]2OC(=O)C2CC(O)C=N2)[C@@H](CCN2CCCCC2)C[C@@H](C)C(=O)/C=C/C(C)=C/[C@@H]1CN1CCCCC1,CC[C@H]1OC(=O)C[C@@H](O)[C@H](C)[C@@H](O[C@@H]2O[C@H](C)[C@@H](O)[C@H](N(C)C)[C@H]2OC(=O)C2CC(O)C=N2)[C@@H](CCN2CCCCC2)C[C@@H](C)C(=O)/C=C/C(C)=C/[C@@H]1CN1CCCCC1,TRUE,,0.758 
tildipirosin,Tildipirosin (泰地罗新),REF_TILDIPIROSIN,repository_reference,O34_attached_to_C24,34,24,C,MPM00521,cis-4-Hydroxy-D-proline,O=C(O)C1CC(O)CN1,1,CC[C@H]1OC(=O)C[C@@H](O)[C@H](C)[C@@H](O[C@@H]2O[C@H](C)[C@@H](O)[C@H](N(C)C)[C@H]2OC(=O)C2CC(O)CN2)[C@@H](CCN2CCCCC2)C[C@@H](C)C(=O)/C=C/C(C)=C/[C@@H]1CN1CCCCC1,CC[C@H]1OC(=O)C[C@@H](O)[C@H](C)[C@@H](O[C@@H]2O[C@H](C)[C@@H](O)[C@H](N(C)C)[C@H]2OC(=O)C2CC(O)CN2)[C@@H](CCN2CCCCC2)C[C@@H](C)C(=O)/C=C/C(C)=C/[C@@H]1CN1CCCCC1,TRUE,,1.386 
tildipirosin,Tildipirosin (泰地罗新),REF_TILDIPIROSIN,repository_reference,O34_attached_to_C24,34,24,C,MPM00162,1-Pyrroline-5-carboxylate,O=C(O)C1CCC=N1,1,CC[C@H]1OC(=O)C[C@@H](O)[C@H](C)[C@@H](O[C@@H]2O[C@H](C)[C@@H](O)[C@H](N(C)C)[C@H]2OC(=O)C2CCC=N2)[C@@H](CCN2CCCCC2)C[C@@H](C)C(=O)/C=C/C(C)=C/[C@@H]1CN1CCCCC1,CC[C@H]1OC(=O)C[C@@H](O)[C@H](C)[C@@H](O[C@@H]2O[C@H](C)[C@@H](O)[C@H](N(C)C)[C@H]2OC(=O)C2CCC=N2)[C@@H](CCN2CCCCC2)C[C@@H](C)C(=O)/C=C/C(C)=C/[C@@H]1CN1CCCCC1,TRUE,,1.093 
tildipirosin,Tildipirosin (泰地罗新),REF_TILDIPIROSIN,repository_reference,O34_attached_to_C24,34,24,C,MPM00613,D-Proline,O=C(O)C1CCCN1,1,CC[C@H]1OC(=O)C[C@@H](O)[C@H](C)[C@@H](O[C@@H]2O[C@H](C)[C@@H](O)[C@H](N(C)C)[C@H]2OC(=O)C2CCCN2)[C@@H](CCN2CCCCC2)C[C@@H](C)C(=O)/C=C/C(C)=C/[C@@H]1CN1CCCCC1,CC[C@H]1OC(=O)C[C@@H](O)[C@H](C)[C@@H](O[C@@H]2O[C@H](C)[C@@H](O)[C@H](N(C)C)[C@H]2OC(=O)C2CCCN2)[C@@H](CCN2CCCCC2)C[C@@H](C)C(=O)/C=C/C(C)=C/[C@@H]1CN1CCCCC1,TRUE,,1.709 
tildipirosin,Tildipirosin (泰地罗新),REF_TILDIPIROSIN,repository_reference,O34_attached_to_C24,34,24,C,MPM00575,D-Galacturonic acid,O=C(O)C1OC(O)C(O)C(O)C1O,1,CC[C@H]1OC(=O)C[C@@H](O)[C@H](C)[C@@H](O[C@@H]2O[C@H](C)[C@@H](O)[C@H](N(C)C)[C@H]2OC(=O)C2OC(O)C(O)C(O)C2O)[C@@H](CCN2CCCCC2)C[C@@H](C)C(=O)/C=C/C(C)=C/[C@@H]1CN1CCCCC1,CC[C@H]1OC(=O)C[C@@H](O)[C@H](C)[C@@H](O[C@@H]2O[C@H](C)[C@@H](O)[C@H](N(C)C)[C@H]2OC(=O)C2OC(O)C(O)C(O)C2O)[C@@H](CCN2CCCCC2)C[C@@H](C)C(=O)/C=C/C(C)=C/[C@@H]1CN1CCCCC1,TRUE,,0.698 
tildipirosin,Tildipirosin (泰地罗新),REF_TILDIPIROSIN,repository_reference,O34_attached_to_C24,34,24,C,MPM00158,1-Phospho-alpha-D-glucuronate,O=C(O)C1OC(OP(=O)(O)O)C(O)C(O)C1O,1,CC[C@H]1OC(=O)C[C@@H](O)[C@H](C)[C@@H](O[C@@H]2O[C@H](C)[C@@H](O)[C@H](N(C)C)[C@H]2OC(=O)C2OC(OP(=O)(O)O)C(O)C(O)C2O)[C@@H](CCN2CCCCC2)C[C@@H](C)C(=O)/C=C/C(C)=C/[C@@H]1CN1CCCCC1,CC[C@H]1OC(=O)C[C@@H](O)[C@H](C)[C@@H](O[C@@H]2O[C@H](C)[C@@H](O)[C@H](N(C)C)[C@H]2OC(=O)C2OC(OP(=O)(O)O)C(O)C(O)C2O)[C@@H](CCN2CCCCC2)C[C@@H](C)C(=O)/C=C/C(C)=C/[C@@H]1CN1CCCCC1,TRUE,,-0.233 
tildipirosin,Tildipirosin (泰地罗新),REF_TILDIPIROSIN,repository_reference,O34_attached_to_C24,34,24,C,MPM00009,"(2E)-3-(3,4-Dihydroxyphenyl)prop-2-enoate",O=C(O)C=Cc1ccc(O)c(O)c1,1,CC[C@H]1OC(=O)C[C@@H](O)[C@H](C)[C@@H](O[C@@H]2O[C@H](C)[C@@H](O)[C@H](N(C)C)[C@H]2OC(=O)C=Cc2ccc(O)c(O)c2)[C@@H](CCN2CCCCC2)C[C@@H](C)C(=O)/C=C/C(C)=C/[C@@H]1CN1CCCCC1,CC[C@H]1OC(=O)C[C@@H](O)[C@H](C)[C@@H](O[C@@H]2O[C@H](C)[C@@H](O)[C@H](N(C)C)[C@H]2OC(=O)C=Cc2ccc(O)c(O)c2)[C@@H](CCN2CCCCC2)C[C@@H](C)C(=O)/C=C/C(C)=C/[C@@H]1CN1CCCCC1,TRUE,,2.406 
tildipirosin,Tildipirosin (泰地罗新),REF_TILDIPIROSIN,repository_reference,O34_attached_to_C24,34,24,C,MPM00350,4-Hydroxycinnamate,O=C(O)C=Cc1ccc(O)cc1,1,CC[C@H]1OC(=O)C[C@@H](O)[C@H](C)[C@@H](O[C@@H]2O[C@H](C)[C@@H](O)[C@H](N(C)C)[C@H]2OC(=O)C=Cc2ccc(O)cc2)[C@@H](CCN2CCCCC2)C[C@@H](C)C(=O)/C=C/C(C)=C/[C@@H]1CN1CCCCC1,CC[C@H]1OC(=O)C[C@@H](O)[C@H](C)[C@@H](O[C@@H]2O[C@H](C)[C@@H](O)[C@H](N(C)C)[C@H]2OC(=O)C=Cc2ccc(O)cc2)[C@@H](CCN2CCCCC2)C[C@@H](C)C(=O)/C=C/C(C)=C/[C@@H]1CN1CCCCC1,TRUE,,2.712 
tildipirosin,Tildipirosin (泰地罗新),REF_TILDIPIROSIN,repository_reference,O34_attached_to_C24,34,24,C,MPM00014,(2E)-3-Phenylprop-2-enoate,O=C(O)C=Cc1ccccc1,1,CC[C@H]1OC(=O)C[C@@H](O)[C@H](C)[C@@H](O[C@@H]2O[C@H](C)[C@@H](O)[C@H](N(C)C)[C@H]2OC(=O)C=Cc2ccccc2)[C@@H](CCN2CCCCC2)C[C@@H](C)C(=O)/C=C/C(C)=C/[C@@H]1CN1CCCCC1,CC[C@H]1OC(=O)C[C@@H](O)[C@H](C)[C@@H](O[C@@H]2O[C@H](C)[C@@H](O)[C@H](N(C)C)[C@H]2OC(=O)C=Cc2ccccc2)[C@@H](CCN2CCCCC2)C[C@@H](C)C(=O)/C=C/C(C)=C/[C@@H]1CN1CCCCC1,TRUE,,3.102 
tildipirosin,Tildipirosin (泰地罗新),REF_TILDIPIROSIN,repository_reference,O34_attached_to_C24,34,24,C,MPM00285,3-Hydroxy-10-phenyldecanoic acid,O=C(O)CC(O)CCCCCCCc1ccccc1,1,CC[C@H]1OC(=O)C[C@@H](O)[C@H](C)[C@@H](O[C@@H]2O[C@H](C)[C@@H](O)[C@H](N(C)C)[C@H]2OC(=O)CC(O)CCCCCCCc2ccccc2)[C@@H](CCN2CCCCC2)C[C@@H](C)C(=O)/C=C/C(C)=C/[C@@H]1CN1CCCCC1,CC[C@H]1OC(=O)C[C@@H](O)[C@H](C)[C@@H](O[C@@H]2O[C@H](C)[C@@H](O)[C@H](N(C)C)[C@H]2OC(=O)CC(O)CCCCCCCc2ccccc2)[C@@H](CCN2CCCCC2)C[C@@H](C)C(=O)/C=C/C(C)=C/[C@@H]1CN1CCCCC1,TRUE,,0.905 
tildipirosin,Tildipirosin (泰地罗新),REF_TILDIPIROSIN,repository_reference,O34_attached_to_C24,34,24,C,MPM00292,3-Hydroxy-9-phenylnonanoic acid,O=C(O)CC(O)CCCCCCc1ccccc1,1,CC[C@H]1OC(=O)C[C@@H](O)[C@H](C)[C@@H](O[C@@H]2O[C@H](C)[C@@H](O)[C@H](N(C)C)[C@H]2OC(=O)CC(O)CCCCCCc2ccccc2)[C@@H](CCN2CCCCC2)C[C@@H](C)C(=O)/C=C/C(C)=C/[C@@H]1CN1CCCCC1,CC[C@H]1OC(=O)C[C@@H](O)[C@H](C)[C@@H](O[C@@H]2O[C@H](C)[C@@H](O)[C@H](N(C)C)[C@H]2OC(=O)CC(O)CCCCCCc2ccccc2)[C@@H](CCN2CCCCC2)C[C@@H](C)C(=O)/C=C/C(C)=C/[C@@H]1CN1CCCCC1,TRUE,,0.973 
tildipirosin,Tildipirosin (泰地罗新),REF_TILDIPIROSIN,repository_reference,O34_attached_to_C24,34,24,C,MPM00291,3-Hydroxy-8-phenyloctanoic acid,O=C(O)CC(O)CCCCCc1ccccc1,1,CC[C@H]1OC(=O)C[C@@H](O)[C@H](C)[C@@H](O[C@@H]2O[C@H](C)[C@@H](O)[C@H](N(C)C)[C@H]2OC(=O)CC(O)CCCCCc2ccccc2)[C@@H](CCN2CCCCC2)C[C@@H](C)C(=O)/C=C/C(C)=C/[C@@H]1CN1CCCCC1,CC[C@H]1OC(=O)C[C@@H](O)[C@H](C)[C@@H](O[C@@H]2O[C@H](C)[C@@H](O)[C@H](N(C)C)[C@H]2OC(=O)CC(O)CCCCCc2ccccc2)[C@@H](CCN2CCCCC2)C[C@@H](C)C(=O)/C=C/C(C)=C/[C@@H]1CN1CCCCC1,TRUE,,1.041 
tildipirosin,Tildipirosin (泰地罗新),REF_TILDIPIROSIN,repository_reference,O34_attached_to_C24,34,24,C,MPM00290,3-Hydroxy-7-phenylheptanoic acid,O=C(O)CC(O)CCCCc1ccccc1,1,CC[C@H]1OC(=O)C[C@@H](O)[C@H](C)[C@@H](O[C@@H]2O[C@H](C)[C@@H](O)[C@H](N(C)C)[C@H]2OC(=O)CC(O)CCCCc2ccccc2)[C@@H](CCN2CCCCC2)C[C@@H](C)C(=O)/C=C/C(C)=C/[C@@H]1CN1CCCCC1,CC[C@H]1OC(=O)C[C@@H](O)[C@H](C)[C@@H](O[C@@H]2O[C@H](C)[C@@H](O)[C@H](N(C)C)[C@H]2OC(=O)CC(O)CCCCc2ccccc2)[C@@H](CCN2CCCCC2)C[C@@H](C)C(=O)/C=C/C(C)=C/[C@@H]1CN1CCCCC1,TRUE,,1.109 
tildipirosin,Tildipirosin (泰地罗新),REF_TILDIPIROSIN,repository_reference,O34_attached_to_C24,34,24,C,MPM00289,3-Hydroxy-6-phenylhexanoic acid,O=C(O)CC(O)CCCc1ccccc1,1,CC[C@H]1OC(=O)C[C@@H](O)[C@H](C)[C@@H](O[C@@H]2O[C@H](C)[C@@H](O)[C@H](N(C)C)[C@H]2OC(=O)CC(O)CCCc2ccccc2)[C@@H](CCN2CCCCC2)C[C@@H](C)C(=O)/C=C/C(C)=C/[C@@H]1CN1CCCCC1,CC[C@H]1OC(=O)C[C@@H](O)[C@H](C)[C@@H](O[C@@H]2O[C@H](C)[C@@H](O)[C@H](N(C)C)[C@H]2OC(=O)CC(O)CCCc2ccccc2)[C@@H](CCN2CCCCC2)C[C@@H](C)C(=O)/C=C/C(C)=C/[C@@H]1CN1CCCCC1,TRUE,,1.177 
tildipirosin,Tildipirosin (泰地罗新),REF_TILDIPIROSIN,repository_reference,O34_attached_to_C24,34,24,C,MPM00388,"5-Oxo-4,5-dihydrofuran-2-acetate",O=C(O)CC1=CCC(=O)O1,1,CC[C@H]1OC(=O)C[C@@H](O)[C@H](C)[C@@H](O[C@@H]2O[C@H](C)[C@@H](O)[C@H](N(C)C)[C@H]2OC(=O)CC2=CCC(=O)O2)[C@@H](CCN2CCCCC2)C[C@@H](C)C(=O)/C=C/C(C)=C/[C@@H]1CN1CCCCC1,CC[C@H]1OC(=O)C[C@@H](O)[C@H](C)[C@@H](O[C@@H]2O[C@H](C)[C@@H](O)[C@H](N(C)C)[C@H]2OC(=O)CC2=CCC(=O)O2)[C@@H](CCN2CCCCC2)C[C@@H](C)C(=O)/C=C/C(C)=C/[C@@H]1CN1CCCCC1,TRUE,,1.664 
tildipirosin,Tildipirosin (泰地罗新),REF_TILDIPIROSIN,repository_reference,O34_attached_to_C24,34,24,C,MPM00597,DL-Thioctic acid,O=C(O)CCCCC1CCSS1,1,CC[C@H]1OC(=O)C[C@@H](O)[C@H](C)[C@@H](O[C@@H]2O[C@H](C)[C@@H](O)[C@H](N(C)C)[C@H]2OC(=O)CCCCC2CCSS2)[C@@H](CCN2CCCCC2)C[C@@H](C)C(=O)/C=C/C(C)=C/[C@@H]1CN1CCCCC1,CC[C@H]1OC(=O)C[C@@H](O)[C@H](C)[C@@H](O[C@@H]2O[C@H](C)[C@@H](O)[C@H](N(C)C)[C@H]2OC(=O)CCCCC2CCSS2)[C@@H](CCN2CCCCC2)C[C@@H](C)C(=O)/C=C/C(C)=C/[C@@H]1CN1CCCCC1,TRUE,,-0.065 
tildipirosin,Tildipirosin (泰地罗新),REF_TILDIPIROSIN,repository_reference,O34_attached_to_C24,34,24,C,MPM00525,Coenzyme R,O=C(O)CCCCC1SCC2NC(=O)NC21,1,CC[C@H]1OC(=O)C[C@@H](O)[C@H](C)[C@@H](O[C@@H]2O[C@H](C)[C@@H](O)[C@H](N(C)C)[C@H]2OC(=O)CCCCC2SCC3NC(=O)NC32)[C@@H](CCN2CCCCC2)C[C@@H](C)C(=O)/C=C/C(C)=C/[C@@H]1CN1CCCCC1,CC[C@H]1OC(=O)C[C@@H](O)[C@H](C)[C@@H](O[C@@H]2O[C@H](C)[C@@H](O)[C@H](N(C)C)[C@H]2OC(=O)CCCCC2SCC3NC(=O)NC32)[C@@H](CCN2CCCCC2)C[C@@H](C)C(=O)/C=C/C(C)=C/[C@@H]1CN1CCCCC1,TRUE,,0.096 
tildipirosin,Tildipirosin (泰地罗新),REF_TILDIPIROSIN,repository_reference,O34_attached_to_C24,34,24,C,MPM00144,10-Phenyldecanoic acid,O=C(O)CCCCCCCCCc1ccccc1,1,CC[C@H]1OC(=O)C[C@@H](O)[C@H](C)[C@@H](O[C@@H]2O[C@H](C)[C@@H](O)[C@H](N(C)C)[C@H]2OC(=O)CCCCCCCCCc2ccccc2)[C@@H](CCN2CCCCC2)C[C@@H](C)C(=O)/C=C/C(C)=C/[C@@H]1CN1CCCCC1,CC[C@H]1OC(=O)C[C@@H](O)[C@H](C)[C@@H](O[C@@H]2O[C@H](C)[C@@H](O)[C@H](N(C)C)[C@H]2OC(=O)CCCCCCCCCc2ccccc2)[C@@H](CCN2CCCCC2)C[C@@H](C)C(=O)/C=C/C(C)=C/[C@@H]1CN1CCCCC1,TRUE,,1.049 
tildipirosin,Tildipirosin (泰地罗新),REF_TILDIPIROSIN,repository_reference,O34_attached_to_C24,34,24,C,MPM00412,9-Phenylnonanoic acid,O=C(O)CCCCCCCCc1ccccc1,1,CC[C@H]1OC(=O)C[C@@H](O)[C@H](C)[C@@H](O[C@@H]2O[C@H](C)[C@@H](O)[C@H](N(C)C)[C@H]2OC(=O)CCCCCCCCc2ccccc2)[C@@H](CCN2CCCCC2)C[C@@H](C)C(=O)/C=C/C(C)=C/[C@@H]1CN1CCCCC1,CC[C@H]1OC(=O)C[C@@H](O)[C@H](C)[C@@H](O[C@@H]2O[C@H](C)[C@@H](O)[C@H](N(C)C)[C@H]2OC(=O)CCCCCCCCc2ccccc2)[C@@H](CCN2CCCCC2)C[C@@H](C)C(=O)/C=C/C(C)=C/[C@@H]1CN1CCCCC1,TRUE,,1.116 
tildipirosin,Tildipirosin (泰地罗新),REF_TILDIPIROSIN,repository_reference,O34_attached_to_C24,34,24,C,MPM00409,8-Phenyloctanoic acid,O=C(O)CCCCCCCc1ccccc1,1,CC[C@H]1OC(=O)C[C@@H](O)[C@H](C)[C@@H](O[C@@H]2O[C@H](C)[C@@H](O)[C@H](N(C)C)[C@H]2OC(=O)CCCCCCCc2ccccc2)[C@@H](CCN2CCCCC2)C[C@@H](C)C(=O)/C=C/C(C)=C/[C@@H]1CN1CCCCC1,CC[C@H]1OC(=O)C[C@@H](O)[C@H](C)[C@@H](O[C@@H]2O[C@H](C)[C@@H](O)[C@H](N(C)C)[C@H]2OC(=O)CCCCCCCc2ccccc2)[C@@H](CCN2CCCCC2)C[C@@H](C)C(=O)/C=C/C(C)=C/[C@@H]1CN1CCCCC1,TRUE,,1.184 
tildipirosin,Tildipirosin (泰地罗新),REF_TILDIPIROSIN,repository_reference,O34_attached_to_C24,34,24,C,MPM00408,7-Phenylheptanoic acid,O=C(O)CCCCCCc1ccccc1,1,CC[C@H]1OC(=O)C[C@@H](O)[C@H](C)[C@@H](O[C@@H]2O[C@H](C)[C@@H](O)[C@H](N(C)C)[C@H]2OC(=O)CCCCCCc2ccccc2)[C@@H](CCN2CCCCC2)C[C@@H](C)C(=O)/C=C/C(C)=C/[C@@H]1CN1CCCCC1,CC[C@H]1OC(=O)C[C@@H](O)[C@H](C)[C@@H](O[C@@H]2O[C@H](C)[C@@H](O)[C@H](N(C)C)[C@H]2OC(=O)CCCCCCc2ccccc2)[C@@H](CCN2CCCCC2)C[C@@H](C)C(=O)/C=C/C(C)=C/[C@@H]1CN1CCCCC1,TRUE,,1.252 
tildipirosin,Tildipirosin (泰地罗新),REF_TILDIPIROSIN,repository_reference,O34_attached_to_C24,34,24,C,MPM00399,6-Phenylhexanoic acid,O=C(O)CCCCCc1ccccc1,1,CC[C@H]1OC(=O)C[C@@H](O)[C@H](C)[C@@H](O[C@@H]2O[C@H](C)[C@@H](O)[C@H](N(C)C)[C@H]2OC(=O)CCCCCc2ccccc2)[C@@H](CCN2CCCCC2)C[C@@H](C)C(=O)/C=C/C(C)=C/[C@@H]1CN1CCCCC1,CC[C@H]1OC(=O)C[C@@H](O)[C@H](C)[C@@H](O[C@@H]2O[C@H](C)[C@@H](O)[C@H](N(C)C)[C@H]2OC(=O)CCCCCc2ccccc2)[C@@H](CCN2CCCCC2)C[C@@H](C)C(=O)/C=C/C(C)=C/[C@@H]1CN1CCCCC1,TRUE,,1.320 
tildipirosin,Tildipirosin (泰地罗新),REF_TILDIPIROSIN,repository_reference,O34_attached_to_C24,34,24,C,MPM00390,5-Phenylvaleric acid,O=C(O)CCCCc1ccccc1,1,CC[C@H]1OC(=O)C[C@@H](O)[C@H](C)[C@@H](O[C@@H]2O[C@H](C)[C@@H](O)[C@H](N(C)C)[C@H]2OC(=O)CCCCc2ccccc2)[C@@H](CCN2CCCCC2)C[C@@H](C)C(=O)/C=C/C(C)=C/[C@@H]1CN1CCCCC1,CC[C@H]1OC(=O)C[C@@H](O)[C@H](C)[C@@H](O[C@@H]2O[C@H](C)[C@@H](O)[C@H](N(C)C)[C@H]2OC(=O)CCCCc2ccccc2)[C@@H](CCN2CCCCC2)C[C@@H](C)C(=O)/C=C/C(C)=C/[C@@H]1CN1CCCCC1,TRUE,,1.387 
tildipirosin,Tildipirosin (泰地罗新),REF_TILDIPIROSIN,repository_reference,O34_attached_to_C24,34,24,C,MPM00701,Hydroxyacetic acid,O=C(O)CO,1,CC[C@H]1OC(=O)C[C@@H](O)[C@H](C)[C@@H](O[C@@H]2O[C@H](C)[C@@H](O)[C@H](N(C)C)[C@H]2OC(=O)CO)[C@@H](CCN2CCCCC2)C[C@@H](C)C(=O)/C=C/C(C)=C/[C@@H]1CN1CCCCC1,CC[C@H]1OC(=O)C[C@@H](O)[C@H](C)[C@@H](O[C@@H]2O[C@H](C)[C@@H](O)[C@H](N(C)C)[C@H]2OC(=O)CO)[C@@H](CCN2CCCCC2)C[C@@H](C)C(=O)/C=C/C(C)=C/[C@@H]1CN1CCCCC1,TRUE,,1.934 
tildipirosin,Tildipirosin (泰地罗新),REF_TILDIPIROSIN,repository_reference,O34_attached_to_C24,34,24,C,MPM00891,Phosphoglycolic acid,O=C(O)COP(=O)(O)O,1,CC[C@H]1OC(=O)C[C@@H](O)[C@H](C)[C@@H](O[C@@H]2O[C@H](C)[C@@H](O)[C@H](N(C)C)[C@H]2OC(=O)COP(=O)(O)O)[C@@H](CCN2CCCCC2)C[C@@H](C)C(=O)/C=C/C(C)=C/[C@@H]1CN1CCCCC1,CC[C@H]1OC(=O)C[C@@H](O)[C@H](C)[C@@H](O[C@@H]2O[C@H](C)[C@@H](O)[C@H](N(C)C)[C@H]2OC(=O)COP(=O)(O)O)[C@@H](CCN2CCCCC2)C[C@@H](C)C(=O)/C=C/C(C)=C/[C@@H]1CN1CCCCC1,TRUE,,1.475 
tildipirosin,Tildipirosin (泰地罗新),REF_TILDIPIROSIN,repository_reference,O34_attached_to_C24,34,24,C,MPM00894,Phosphonoacetic acid,O=C(O)CP(=O)(O)O,1,CC[C@H]1OC(=O)C[C@@H](O)[C@H](C)[C@@H](O[C@@H]2O[C@H](C)[C@@H](O)[C@H](N(C)C)[C@H]2OC(=O)CP(=O)(O)O)[C@@H](CCN2CCCCC2)C[C@@H](C)C(=O)/C=C/C(C)=C/[C@@H]1CN1CCCCC1,CC[C@H]1OC(=O)C[C@@H](O)[C@H](C)[C@@H](O[C@@H]2O[C@H](C)[C@@H](O)[C@H](N(C)C)[C@H]2OC(=O)CP(=O)(O)O)[C@@H](CCN2CCCCC2)C[C@@H](C)C(=O)/C=C/C(C)=C/[C@@H]1CN1CCCCC1,TRUE,,1.142 
tildipirosin,Tildipirosin (泰地罗新),REF_TILDIPIROSIN,repository_reference,O34_attached_to_C24,34,24,C,MPM00961,Sulfoacetic acid,O=C(O)CS(=O)(=O)O,1,CC[C@H]1OC(=O)C[C@@H](O)[C@H](C)[C@@H](O[C@@H]2O[C@H](C)[C@@H](O)[C@H](N(C)C)[C@H]2OC(=O)CS(=O)(=O)O)[C@@H](CCN2CCCCC2)C[C@@H](C)C(=O)/C=C/C(C)=C/[C@@H]1CN1CCCCC1,CC[C@H]1OC(=O)C[C@@H](O)[C@H](C)[C@@H](O[C@@H]2O[C@H](C)[C@@H](O)[C@H](N(C)C)[C@H]2OC(=O)CS(=O)(=O)O)[C@@H](CCN2CCCCC2)C[C@@H](C)C(=O)/C=C/C(C)=C/[C@@H]1CN1CCCCC1,TRUE,,1.969 
tildipirosin,Tildipirosin (泰地罗新),REF_TILDIPIROSIN,repository_reference,O34_attached_to_C24,34,24,C,MPM00418,"Acetic acid,phenyl ester",O=C(O)Cc1ccccc1,1,CC[C@H]1OC(=O)C[C@@H](O)[C@H](C)[C@@H](O[C@@H]2O[C@H](C)[C@@H](O)[C@H](N(C)C)[C@H]2OC(=O)Cc2ccccc2)[C@@H](CCN2CCCCC2)C[C@@H](C)C(=O)/C=C/C(C)=C/[C@@H]1CN1CCCCC1,CC[C@H]1OC(=O)C[C@@H](O)[C@H](C)[C@@H](O[C@@H]2O[C@H](C)[C@@H](O)[C@H](N(C)C)[C@H]2OC(=O)Cc2ccccc2)[C@@H](CCN2CCCCC2)C[C@@H](C)C(=O)/C=C/C(C)=C/[C@@H]1CN1CCCCC1,TRUE,,1.589 
tildipirosin,Tildipirosin (泰地罗新),REF_TILDIPIROSIN,repository_reference,O34_attached_to_C24,34,24,C,MPM01016,Uracil-6-carboxylic acid,O=C(O)c1cc(=O)[nH]c(=O)[nH]1,1,CC[C@H]1OC(=O)C[C@@H](O)[C@H](C)[C@@H](O[C@@H]2O[C@H](C)[C@@H](O)[C@H](N(C)C)[C@H]2OC(=O)c2cc(=O)[nH]c(=O)[nH]2)[C@@H](CCN2CCCCC2)C[C@@H](C)C(=O)/C=C/C(C)=C/[C@@H]1CN1CCCCC1,CC[C@H]1OC(=O)C[C@@H](O)[C@H](C)[C@@H](O[C@@H]2O[C@H](C)[C@@H](O)[C@H](N(C)C)[C@H]2OC(=O)c2cc(=O)[nH]c(=O)[nH]2)[C@@H](CCN2CCCCC2)C[C@@H](C)C(=O)/C=C/C(C)=C/[C@@H]1CN1CCCCC1,TRUE,,1.686 
tildipirosin,Tildipirosin (泰地罗新),REF_TILDIPIROSIN,repository_reference,O34_attached_to_C24,34,24,C,MPM00844,Orotidylic acid,O=C(O)c1cc(=O)[nH]c(=O)n1C1OC(COP(=O)(O)O)C(O)C1O,1,CC[C@H]1OC(=O)C[C@@H](O)[C@H](C)[C@@H](O[C@@H]2O[C@H](C)[C@@H](O)[C@H](N(C)C)[C@H]2OC(=O)c2cc(=O)[nH]c(=O)n2C2OC(COP(=O)(O)O)C(O)C2O)[C@@H](CCN2CCCCC2)C[C@@H](C)C(=O)/C=C/C(C)=C/[C@@H]1CN1CCCCC1,CC[C@H]1OC(=O)C[C@@H](O)[C@H](C)[C@@H](O[C@@H]2O[C@H](C)[C@@H](O)[C@H](N(C)C)[C@H]2OC(=O)c2cc(=O)[nH]c(=O)n2C2OC(COP(=O)(O)O)C(O)C2O)[C@@H](CCN2CCCCC2)C[C@@H](C)C(=O)/C=C/C(C)=C/[C@@H]1CN1CCCCC1,TRUE,,0.324 
tildipirosin,Tildipirosin (泰地罗新),REF_TILDIPIROSIN,repository_reference,O34_attached_to_C24,34,24,C,MPM00137,"1,4-Dihydroxy-2-naphthoic acid",O=C(O)c1cc(O)c2ccccc2c1O,1,CC[C@H]1OC(=O)C[C@@H](O)[C@H](C)[C@@H](O[C@@H]2O[C@H](C)[C@@H](O)[C@H](N(C)C)[C@H]2OC(=O)c2cc(O)c3ccccc3c2O)[C@@H](CCN2CCCCC2)C[C@@H](C)C(=O)/C=C/C(C)=C/[C@@H]1CN1CCCCC1,CC[C@H]1OC(=O)C[C@@H](O)[C@H](C)[C@@H](O[C@@H]2O[C@H](C)[C@@H](O)[C@H](N(C)C)[C@H]2OC(=O)c2cc(O)c3ccccc3c2O)[C@@H](CCN2CCCCC2)C[C@@H](C)C(=O)/C=C/C(C)=C/[C@@H]1CN1CCCCC1,TRUE,,1.905 
tildipirosin,Tildipirosin (泰地罗新),REF_TILDIPIROSIN,repository_reference,O34_attached_to_C24,34,24,C,MPM00398,6-Hydroxynicotinic acid,O=C(O)c1ccc(=O)[nH]c1,1,CC[C@H]1OC(=O)C[C@@H](O)[C@H](C)[C@@H](O[C@@H]2O[C@H](C)[C@@H](O)[C@H](N(C)C)[C@H]2OC(=O)c2ccc(=O)[nH]c2)[C@@H](CCN2CCCCC2)C[C@@H](C)C(=O)/C=C/C(C)=C/[C@@H]1CN1CCCCC1,CC[C@H]1OC(=O)C[C@@H](O)[C@H](C)[C@@H](O[C@@H]2O[C@H](C)[C@@H](O)[C@H](N(C)C)[C@H]2OC(=O)c2ccc(=O)[nH]c2)[C@@H](CCN2CCCCC2)C[C@@H](C)C(=O)/C=C/C(C)=C/[C@@H]1CN1CCCCC1,TRUE,,2.142 
tildipirosin,Tildipirosin (泰地罗新),REF_TILDIPIROSIN,repository_reference,O34_attached_to_C24,34,24,C,MPM00912,Protocatechuic acid,O=C(O)c1ccc(O)c(O)c1,1,CC[C@H]1OC(=O)C[C@@H](O)[C@H](C)[C@@H](O[C@@H]2O[C@H](C)[C@@H](O)[C@H](N(C)C)[C@H]2OC(=O)c2ccc(O)c(O)c2)[C@@H](CCN2CCCCC2)C[C@@H](C)C(=O)/C=C/C(C)=C/[C@@H]1CN1CCCCC1,CC[C@H]1OC(=O)C[C@@H](O)[C@H](C)[C@@H](O[C@@H]2O[C@H](C)[C@@H](O)[C@H](N(C)C)[C@H]2OC(=O)c2ccc(O)c(O)c2)[C@@H](CCN2CCCCC2)C[C@@H](C)C(=O)/C=C/C(C)=C/[C@@H]1CN1CCCCC1,TRUE,,1.687 
tildipirosin,Tildipirosin (泰地罗新),REF_TILDIPIROSIN,repository_reference,O34_attached_to_C24,34,24,C,MPM00702,Hydroxybenzenecarboxylic acid,O=C(O)c1ccc(O)cc1,1,CC[C@H]1OC(=O)C[C@@H](O)[C@H](C)[C@@H](O[C@@H]2O[C@H](C)[C@@H](O)[C@H](N(C)C)[C@H]2OC(=O)c2ccc(O)cc2)[C@@H](CCN2CCCCC2)C[C@@H](C)C(=O)/C=C/C(C)=C/[C@@H]1CN1CCCCC1,CC[C@H]1OC(=O)C[C@@H](O)[C@H](C)[C@@H](O[C@@H]2O[C@H](C)[C@@H](O)[C@H](N(C)C)[C@H]2OC(=O)c2ccc(O)cc2)[C@@H](CCN2CCCCC2)C[C@@H](C)C(=O)/C=C/C(C)=C/[C@@H]1CN1CCCCC1,TRUE,,1.994 
tildipirosin,Tildipirosin (泰地罗新),REF_TILDIPIROSIN,repository_reference,O34_attached_to_C24,34,24,C,MPM00173,"2,3-Dihydroxybenzoic acid",O=C(O)c1cccc(O)c1O,1,CC[C@H]1OC(=O)C[C@@H](O)[C@H](C)[C@@H](O[C@@H]2O[C@H](C)[C@@H](O)[C@H](N(C)C)[C@H]2OC(=O)c2cccc(O)c2O)[C@@H](CCN2CCCCC2)C[C@@H](C)C(=O)/C=C/C(C)=C/[C@@H]1CN1CCCCC1,CC[C@H]1OC(=O)C[C@@H](O)[C@H](C)[C@@H](O[C@@H]2O[C@H](C)[C@@H](O)[C@H](N(C)C)[C@H]2OC(=O)c2cccc(O)c2O)[C@@H](CCN2CCCCC2)C[C@@H](C)C(=O)/C=C/C(C)=C/[C@@H]1CN1CCCCC1,TRUE,,1.708 
tildipirosin,Tildipirosin (泰地罗新),REF_TILDIPIROSIN,repository_reference,O34_attached_to_C24,34,24,C,MPM00614,Dracylic acid,O=C(O)c1ccccc1,1,CC[C@H]1OC(=O)C[C@@H](O)[C@H](C)[C@@H](O[C@@H]2O[C@H](C)[C@@H](O)[C@H](N(C)C)[C@H]2OC(=O)c2ccccc2)[C@@H](CCN2CCCCC2)C[C@@H](C)C(=O)/C=C/C(C)=C/[C@@H]1CN1CCCCC1,CC[C@H]1OC(=O)C[C@@H](O)[C@H](C)[C@@H](O[C@@H]2O[C@H](C)[C@@H](O)[C@H](N(C)C)[C@H]2OC(=O)c2ccccc2)[C@@H](CCN2CCCCC2)C[C@@H](C)C(=O)/C=C/C(C)=C/[C@@H]1CN1CCCCC1,TRUE,,2.354 
tildipirosin,Tildipirosin (泰地罗新),REF_TILDIPIROSIN,repository_reference,O34_attached_to_C24,34,24,C,MPM00117,1-(2-Carboxyphenylamino)-1-deoxy-D-ribulose 5-phosphate,O=C(O)c1ccccc1NCC(=O)C(O)C(O)COP(=O)(O)O,1,CC[C@H]1OC(=O)C[C@@H](O)[C@H](C)[C@@H](O[C@@H]2O[C@H](C)[C@@H](O)[C@H](N(C)C)[C@H]2OC(=O)c2ccccc2NCC(=O)C(O)C(O)COP(=O)(O)O)[C@@H](CCN2CCCCC2)C[C@@H](C)C(=O)/C=C/C(C)=C/[C@@H]1CN1CCCCC1,CC[C@H]1OC(=O)C[C@@H](O)[C@H](C)[C@@H](O[C@@H]2O[C@H](C)[C@@H](O)[C@H](N(C)C)[C@H]2OC(=O)c2ccccc2NCC(=O)C(O)C(O)COP(=O)(O)O)[C@@H](CCN2CCCCC2)C[C@@H](C)C(=O)/C=C/C(C)=C/[C@@H]1CN1CCCCC1,TRUE,,1.484 
tildipirosin,Tildipirosin (泰地罗新),REF_TILDIPIROSIN,repository_reference,O34_attached_to_C24,34,24,C,MPM00931,Salicylic acid,O=C(O)c1ccccc1O,1,CC[C@H]1OC(=O)C[C@@H](O)[C@H](C)[C@@H](O[C@@H]2O[C@H](C)[C@@H](O)[C@H](N(C)C)[C@H]2OC(=O)c2ccccc2O)[C@@H](CCN2CCCCC2)C[C@@H](C)C(=O)/C=C/C(C)=C/[C@@H]1CN1CCCCC1,CC[C@H]1OC(=O)C[C@@H](O)[C@H](C)[C@@H](O[C@@H]2O[C@H](C)[C@@H](O)[C@H](N(C)C)[C@H]2OC(=O)c2ccccc2O)[C@@H](CCN2CCCCC2)C[C@@H](C)C(=O)/C=C/C(C)=C/[C@@H]1CN1CCCCC1,TRUE,,2.011 
tildipirosin,Tildipirosin (泰地罗新),REF_TILDIPIROSIN,repository_reference,O34_attached_to_C24,34,24,C,MPM00328,3-Pyridinecarboxylic acid,O=C(O)c1cccnc1,1,CC[C@H]1OC(=O)C[C@@H](O)[C@H](C)[C@@H](O[C@@H]2O[C@H](C)[C@@H](O)[C@H](N(C)C)[C@H]2OC(=O)c2cccnc2)[C@@H](CCN2CCCCC2)C[C@@H](C)C(=O)/C=C/C(C)=C/[C@@H]1CN1CCCCC1,CC[C@H]1OC(=O)C[C@@H](O)[C@H](C)[C@@H](O[C@@H]2O[C@H](C)[C@@H](O)[C@H](N(C)C)[C@H]2OC(=O)c2cccnc2)[C@@H](CCN2CCCCC2)C[C@@H](C)C(=O)/C=C/C(C)=C/[C@@H]1CN1CCCCC1,TRUE,,1.962 
tildipirosin,Tildipirosin (泰地罗新),REF_TILDIPIROSIN,repository_reference,O34_attached_to_C24,34,24,C,MPM00585,Dihydro-L-orotic acid,O=C1CC(C(=O)O)NC(=O)N1,1,CC[C@H]1OC(=O)C[C@@H](O)[C@H](C)[C@@H](O[C@@H]2O[C@H](C)[C@@H](O)[C@H](N(C)C)[C@H]2OC(=O)C2CC(=O)NC(=O)N2)[C@@H](CCN2CCCCC2)C[C@@H](C)C(=O)/C=C/C(C)=C/[C@@H]1CN1CCCCC1,CC[C@H]1OC(=O)C[C@@H](O)[C@H](C)[C@@H](O[C@@H]2O[C@H](C)[C@@H](O)[C@H](N(C)C)[C@H]2OC(=O)C2CC(=O)NC(=O)N2)[C@@H](CCN2CCCCC2)C[C@@H](C)C(=O)/C=C/C(C)=C/[C@@H]1CN1CCCCC1,TRUE,,1.289 
tildipirosin,Tildipirosin (泰地罗新),REF_TILDIPIROSIN,repository_reference,O34_attached_to_C24,34,24,C,MPM00381,5-Dehydroquinic acid,O=C1CC(O)(C(=O)O)CC(O)C1O,1,CC[C@H]1OC(=O)C[C@@H](O)[C@H](C)[C@@H](O[C@@H]2O[C@H](C)[C@@H](O)[C@H](N(C)C)[C@H]2OC(=O)C2(O)CC(=O)C(O)C(O)C2)[C@@H](CCN2CCCCC2)C[C@@H](C)C(=O)/C=C/C(C)=C/[C@@H]1CN1CCCCC1,CC[C@H]1OC(=O)C[C@@H](O)[C@H](C)[C@@H](O[C@@H]2O[C@H](C)[C@@H](O)[C@H](N(C)C)[C@H]2OC(=O)C2(O)CC(=O)C(O)C(O)C2)[C@@H](CCN2CCCCC2)C[C@@H](C)C(=O)/C=C/C(C)=C/[C@@H]1CN1CCCCC1,TRUE,,0.814 
tildipirosin,Tildipirosin (泰地罗新),REF_TILDIPIROSIN,repository_reference,O34_attached_to_C24,34,24,C,MPM00679,Glyoxylic acid,O=CC(=O)O,1,CC[C@H]1OC(=O)C[C@@H](O)[C@H](C)[C@@H](O[C@@H]2O[C@H](C)[C@@H](O)[C@H](N(C)C)[C@H]2OC(=O)C=O)[C@@H](CCN2CCCCC2)C[C@@H](C)C(=O)/C=C/C(C)=C/[C@@H]1CN1CCCCC1,CC[C@H]1OC(=O)C[C@@H](O)[C@H](C)[C@@H](O[C@@H]2O[C@H](C)[C@@H](O)[C@H](N(C)C)[C@H]2OC(=O)C=O)[C@@H](CCN2CCCCC2)C[C@@H](C)C(=O)/C=C/C(C)=C/[C@@H]1CN1CCCCC1,TRUE,,1.759 
tildipirosin,Tildipirosin (泰地罗新),REF_TILDIPIROSIN,repository_reference,O34_attached_to_C24,34,24,C,MPM00965,Tartronate semialdehyde,O=CC(O)C(=O)O,1,CC[C@H]1OC(=O)C[C@@H](O)[C@H](C)[C@@H](O[C@@H]2O[C@H](C)[C@@H](O)[C@H](N(C)C)[C@H]2OC(=O)C(O)C=O)[C@@H](CCN2CCCCC2)C[C@@H](C)C(=O)/C=C/C(C)=C/[C@@H]1CN1CCCCC1,CC[C@H]1OC(=O)C[C@@H](O)[C@H](C)[C@@H](O[C@@H]2O[C@H](C)[C@@H](O)[C@H](N(C)C)[C@H]2OC(=O)C(O)C=O)[C@@H](CCN2CCCCC2)C[C@@H](C)C(=O)/C=C/C(C)=C/[C@@H]1CN1CCCCC1,TRUE,,1.562 
tildipirosin,Tildipirosin (泰地罗新),REF_TILDIPIROSIN,repository_reference,O34_attached_to_C24,34,24,C,MPM00768,Malonate semialdehyde,O=CCC(=O)O,1,CC[C@H]1OC(=O)C[C@@H](O)[C@H](C)[C@@H](O[C@@H]2O[C@H](C)[C@@H](O)[C@H](N(C)C)[C@H]2OC(=O)CC=O)[C@@H](CCN2CCCCC2)C[C@@H](C)C(=O)/C=C/C(C)=C/[C@@H]1CN1CCCCC1,CC[C@H]1OC(=O)C[C@@H](O)[C@H](C)[C@@H](O[C@@H]2O[C@H](C)[C@@H](O)[C@H](N(C)C)[C@H]2OC(=O)CC=O)[C@@H](CCN2CCCCC2)C[C@@H](C)C(=O)/C=C/C(C)=C/[C@@H]1CN1CCCCC1,TRUE,,1.486 
tildipirosin,Tildipirosin (泰地罗新),REF_TILDIPIROSIN,repository_reference,O34_attached_to_C24,34,24,C,MPM00359,4-Oxobutanoate,O=CCCC(=O)O,1,CC[C@H]1OC(=O)C[C@@H](O)[C@H](C)[C@@H](O[C@@H]2O[C@H](C)[C@@H](O)[C@H](N(C)C)[C@H]2OC(=O)CCC=O)[C@@H](CCN2CCCCC2)C[C@@H](C)C(=O)/C=C/C(C)=C/[C@@H]1CN1CCCCC1,CC[C@H]1OC(=O)C[C@@H](O)[C@H](C)[C@@H](O[C@@H]2O[C@H](C)[C@@H](O)[C@H](N(C)C)[C@H]2OC(=O)CCC=O)[C@@H](CCN2CCCCC2)C[C@@H](C)C(=O)/C=C/C(C)=C/[C@@H]1CN1CCCCC1,TRUE,,1.220 
