scaffold_slug,scaffold_name,scaffold_ref_id,scaffold_smiles_source,hydroxyl_site_id,hydroxyl_oxygen_atom_idx,hydroxyl_neighbor_atom_idx,hydroxyl_neighbor_symbol,representative_mpm_id,representative_name,neutralized_smiles,cooh_group_count,product_smiles,product_canonical_smiles,sanitize_ok,error_message,pMIC_pred£¨¦Ìmol/ml£©
tilmicosin,Tilmicosin (ÌæÃ×¿¼ÐÇ),REF_TILMICOSIN,repository_reference,O34_attached_to_C24,34,24,C,MPM00014,(2E)-3-Phenylprop-2-enoate,O=C(O)C=Cc1ccccc1,1,CC[C@H]1OC(=O)C[C@@H](O)[C@H](C)[C@@H](O[C@@H]2O[C@H](C)[C@@H](O)[C@H](N(C)C)[C@H]2OC(=O)C=Cc2ccccc2)[C@@H](CCN2C[C@H](C)C[C@H](C)C2)C[C@@H](C)C(=O)/C=C/C(C)=C/[C@@H]1CO[C@@H]1O[C@H](C)[C@@H](O)[C@@H](OC)[C@H]1OC,CC[C@H]1OC(=O)C[C@@H](O)[C@H](C)[C@@H](O[C@@H]2O[C@H](C)[C@@H](O)[C@H](N(C)C)[C@H]2OC(=O)C=Cc2ccccc2)[C@@H](CCN2C[C@H](C)C[C@H](C)C2)C[C@@H](C)C(=O)/C=C/C(C)=C/[C@@H]1CO[C@@H]1O[C@H](C)[C@@H](O)[C@@H](OC)[C@H]1OC,TRUE,,1.791
tilmicosin,Tilmicosin (ÌæÃ×¿¼ÐÇ),REF_TILMICOSIN,repository_reference,O56_attached_to_C52,56,52,C,MPM00014,(2E)-3-Phenylprop-2-enoate,O=C(O)C=Cc1ccccc1,1,CC[C@H]1OC(=O)C[C@@H](O)[C@H](C)[C@@H](O[C@@H]2O[C@H](C)[C@@H](O)[C@H](N(C)C)[C@H]2O)[C@@H](CCN2C[C@H](C)C[C@H](C)C2)C[C@@H](C)C(=O)/C=C/C(C)=C/[C@@H]1CO[C@@H]1O[C@H](C)[C@@H](OC(=O)C=Cc2ccccc2)[C@@H](OC)[C@H]1OC,CC[C@H]1OC(=O)C[C@@H](O)[C@H](C)[C@@H](O[C@@H]2O[C@H](C)[C@@H](O)[C@H](N(C)C)[C@H]2O)[C@@H](CCN2C[C@H](C)C[C@H](C)C2)C[C@@H](C)C(=O)/C=C/C(C)=C/[C@@H]1CO[C@@H]1O[C@H](C)[C@@H](OC(=O)C=Cc2ccccc2)[C@@H](OC)[C@H]1OC,TRUE,,1.768
tilmicosin,Tilmicosin (ÌæÃ×¿¼ÐÇ),REF_TILMICOSIN,repository_reference,O20_attached_to_C15,20,15,C,MPM00014,(2E)-3-Phenylprop-2-enoate,O=C(O)C=Cc1ccccc1,1,CC[C@H]1OC(=O)C[C@@H](OC(=O)C=Cc2ccccc2)[C@H](C)[C@@H](O[C@@H]2O[C@H](C)[C@@H](O)[C@H](N(C)C)[C@H]2O)[C@@H](CCN2C[C@H](C)C[C@H](C)C2)C[C@@H](C)C(=O)/C=C/C(C)=C/[C@@H]1CO[C@@H]1O[C@H](C)[C@@H](O)[C@@H](OC)[C@H]1OC,CC[C@H]1OC(=O)C[C@@H](OC(=O)C=Cc2ccccc2)[C@H](C)[C@@H](O[C@@H]2O[C@H](C)[C@@H](O)[C@H](N(C)C)[C@H]2O)[C@@H](CCN2C[C@H](C)C[C@H](C)C2)C[C@@H](C)C(=O)/C=C/C(C)=C/[C@@H]1CO[C@@H]1O[C@H](C)[C@@H](O)[C@@H](OC)[C@H]1OC,TRUE,,1.718
tilmicosin,Tilmicosin (ÌæÃ×¿¼ÐÇ),REF_TILMICOSIN,repository_reference,O30_attached_to_C26,30,26,C,MPM00014,(2E)-3-Phenylprop-2-enoate,O=C(O)C=Cc1ccccc1,1,CC[C@H]1OC(=O)C[C@@H](O)[C@H](C)[C@@H](O[C@@H]2O[C@H](C)[C@@H](OC(=O)C=Cc3ccccc3)[C@H](N(C)C)[C@H]2O)[C@@H](CCN2C[C@H](C)C[C@H](C)C2)C[C@@H](C)C(=O)/C=C/C(C)=C/[C@@H]1CO[C@@H]1O[C@H](C)[C@@H](O)[C@@H](OC)[C@H]1OC,CC[C@H]1OC(=O)C[C@@H](O)[C@H](C)[C@@H](O[C@@H]2O[C@H](C)[C@@H](OC(=O)C=Cc3ccccc3)[C@H](N(C)C)[C@H]2O)[C@@H](CCN2C[C@H](C)C[C@H](C)C2)C[C@@H](C)C(=O)/C=C/C(C)=C/[C@@H]1CO[C@@H]1O[C@H](C)[C@@H](O)[C@@H](OC)[C@H]1OC,TRUE,,1.712
tilmicosin,Tilmicosin (ÌæÃ×¿¼ÐÇ),REF_TILMICOSIN,repository_reference,O34_attached_to_C24,34,24,C,MPM00350,4-Hydroxycinnamate,O=C(O)C=Cc1ccc(O)cc1,1,CC[C@H]1OC(=O)C[C@@H](O)[C@H](C)[C@@H](O[C@@H]2O[C@H](C)[C@@H](O)[C@H](N(C)C)[C@H]2OC(=O)C=Cc2ccc(O)cc2)[C@@H](CCN2C[C@H](C)C[C@H](C)C2)C[C@@H](C)C(=O)/C=C/C(C)=C/[C@@H]1CO[C@@H]1O[C@H](C)[C@@H](O)[C@@H](OC)[C@H]1OC,CC[C@H]1OC(=O)C[C@@H](O)[C@H](C)[C@@H](O[C@@H]2O[C@H](C)[C@@H](O)[C@H](N(C)C)[C@H]2OC(=O)C=Cc2ccc(O)cc2)[C@@H](CCN2C[C@H](C)C[C@H](C)C2)C[C@@H](C)C(=O)/C=C/C(C)=C/[C@@H]1CO[C@@H]1O[C@H](C)[C@@H](O)[C@@H](OC)[C@H]1OC,TRUE,,1.4
tilmicosin,Tilmicosin (ÌæÃ×¿¼ÐÇ),REF_TILMICOSIN,repository_reference,O56_attached_to_C52,56,52,C,MPM00350,4-Hydroxycinnamate,O=C(O)C=Cc1ccc(O)cc1,1,CC[C@H]1OC(=O)C[C@@H](O)[C@H](C)[C@@H](O[C@@H]2O[C@H](C)[C@@H](O)[C@H](N(C)C)[C@H]2O)[C@@H](CCN2C[C@H](C)C[C@H](C)C2)C[C@@H](C)C(=O)/C=C/C(C)=C/[C@@H]1CO[C@@H]1O[C@H](C)[C@@H](OC(=O)C=Cc2ccc(O)cc2)[C@@H](OC)[C@H]1OC,CC[C@H]1OC(=O)C[C@@H](O)[C@H](C)[C@@H](O[C@@H]2O[C@H](C)[C@@H](O)[C@H](N(C)C)[C@H]2O)[C@@H](CCN2C[C@H](C)C[C@H](C)C2)C[C@@H](C)C(=O)/C=C/C(C)=C/[C@@H]1CO[C@@H]1O[C@H](C)[C@@H](OC(=O)C=Cc2ccc(O)cc2)[C@@H](OC)[C@H]1OC,TRUE,,1.376
tilmicosin,Tilmicosin (ÌæÃ×¿¼ÐÇ),REF_TILMICOSIN,repository_reference,O20_attached_to_C15,20,15,C,MPM00350,4-Hydroxycinnamate,O=C(O)C=Cc1ccc(O)cc1,1,CC[C@H]1OC(=O)C[C@@H](OC(=O)C=Cc2ccc(O)cc2)[C@H](C)[C@@H](O[C@@H]2O[C@H](C)[C@@H](O)[C@H](N(C)C)[C@H]2O)[C@@H](CCN2C[C@H](C)C[C@H](C)C2)C[C@@H](C)C(=O)/C=C/C(C)=C/[C@@H]1CO[C@@H]1O[C@H](C)[C@@H](O)[C@@H](OC)[C@H]1OC,CC[C@H]1OC(=O)C[C@@H](OC(=O)C=Cc2ccc(O)cc2)[C@H](C)[C@@H](O[C@@H]2O[C@H](C)[C@@H](O)[C@H](N(C)C)[C@H]2O)[C@@H](CCN2C[C@H](C)C[C@H](C)C2)C[C@@H](C)C(=O)/C=C/C(C)=C/[C@@H]1CO[C@@H]1O[C@H](C)[C@@H](O)[C@@H](OC)[C@H]1OC,TRUE,,1.33
tilmicosin,Tilmicosin (ÌæÃ×¿¼ÐÇ),REF_TILMICOSIN,repository_reference,O30_attached_to_C26,30,26,C,MPM00350,4-Hydroxycinnamate,O=C(O)C=Cc1ccc(O)cc1,1,CC[C@H]1OC(=O)C[C@@H](O)[C@H](C)[C@@H](O[C@@H]2O[C@H](C)[C@@H](OC(=O)C=Cc3ccc(O)cc3)[C@H](N(C)C)[C@H]2O)[C@@H](CCN2C[C@H](C)C[C@H](C)C2)C[C@@H](C)C(=O)/C=C/C(C)=C/[C@@H]1CO[C@@H]1O[C@H](C)[C@@H](O)[C@@H](OC)[C@H]1OC,CC[C@H]1OC(=O)C[C@@H](O)[C@H](C)[C@@H](O[C@@H]2O[C@H](C)[C@@H](OC(=O)C=Cc3ccc(O)cc3)[C@H](N(C)C)[C@H]2O)[C@@H](CCN2C[C@H](C)C[C@H](C)C2)C[C@@H](C)C(=O)/C=C/C(C)=C/[C@@H]1CO[C@@H]1O[C@H](C)[C@@H](O)[C@@H](OC)[C@H]1OC,TRUE,,1.321
tilmicosin,Tilmicosin (ÌæÃ×¿¼ÐÇ),REF_TILMICOSIN,repository_reference,O34_attached_to_C24,34,24,C,MPM01078,(S)-alpha-Amino-beta-(3-indolyl)-propionic acid,NC(Cc1c[nH]c2ccccc12)C(=O)O,1,CC[C@H]1OC(=O)C[C@@H](O)[C@H](C)[C@@H](O[C@@H]2O[C@H](C)[C@@H](O)[C@H](N(C)C)[C@H]2OC(=O)C(N)Cc2c[nH]c3ccccc23)[C@@H](CCN2C[C@H](C)C[C@H](C)C2)C[C@@H](C)C(=O)/C=C/C(C)=C/[C@@H]1CO[C@@H]1O[C@H](C)[C@@H](O)[C@@H](OC)[C@H]1OC,CC[C@H]1OC(=O)C[C@@H](O)[C@H](C)[C@@H](O[C@@H]2O[C@H](C)[C@@H](O)[C@H](N(C)C)[C@H]2OC(=O)C(N)Cc2c[nH]c3ccccc23)[C@@H](CCN2C[C@H](C)C[C@H](C)C2)C[C@@H](C)C(=O)/C=C/C(C)=C/[C@@H]1CO[C@@H]1O[C@H](C)[C@@H](O)[C@@H](OC)[C@H]1OC,TRUE,,1.254
tilmicosin,Tilmicosin (ÌæÃ×¿¼ÐÇ),REF_TILMICOSIN,repository_reference,O56_attached_to_C52,56,52,C,MPM01078,(S)-alpha-Amino-beta-(3-indolyl)-propionic acid,NC(Cc1c[nH]c2ccccc12)C(=O)O,1,CC[C@H]1OC(=O)C[C@@H](O)[C@H](C)[C@@H](O[C@@H]2O[C@H](C)[C@@H](O)[C@H](N(C)C)[C@H]2O)[C@@H](CCN2C[C@H](C)C[C@H](C)C2)C[C@@H](C)C(=O)/C=C/C(C)=C/[C@@H]1CO[C@@H]1O[C@H](C)[C@@H](OC(=O)C(N)Cc2c[nH]c3ccccc23)[C@@H](OC)[C@H]1OC,CC[C@H]1OC(=O)C[C@@H](O)[C@H](C)[C@@H](O[C@@H]2O[C@H](C)[C@@H](O)[C@H](N(C)C)[C@H]2O)[C@@H](CCN2C[C@H](C)C[C@H](C)C2)C[C@@H](C)C(=O)/C=C/C(C)=C/[C@@H]1CO[C@@H]1O[C@H](C)[C@@H](OC(=O)C(N)Cc2c[nH]c3ccccc23)[C@@H](OC)[C@H]1OC,TRUE,,1.231
tilmicosin,Tilmicosin (ÌæÃ×¿¼ÐÇ),REF_TILMICOSIN,repository_reference,O20_attached_to_C15,20,15,C,MPM01078,(S)-alpha-Amino-beta-(3-indolyl)-propionic acid,NC(Cc1c[nH]c2ccccc12)C(=O)O,1,CC[C@H]1OC(=O)C[C@@H](OC(=O)C(N)Cc2c[nH]c3ccccc23)[C@H](C)[C@@H](O[C@@H]2O[C@H](C)[C@@H](O)[C@H](N(C)C)[C@H]2O)[C@@H](CCN2C[C@H](C)C[C@H](C)C2)C[C@@H](C)C(=O)/C=C/C(C)=C/[C@@H]1CO[C@@H]1O[C@H](C)[C@@H](O)[C@@H](OC)[C@H]1OC,CC[C@H]1OC(=O)C[C@@H](OC(=O)C(N)Cc2c[nH]c3ccccc23)[C@H](C)[C@@H](O[C@@H]2O[C@H](C)[C@@H](O)[C@H](N(C)C)[C@H]2O)[C@@H](CCN2C[C@H](C)C[C@H](C)C2)C[C@@H](C)C(=O)/C=C/C(C)=C/[C@@H]1CO[C@@H]1O[C@H](C)[C@@H](O)[C@@H](OC)[C@H]1OC,TRUE,,1.178
tilmicosin,Tilmicosin (ÌæÃ×¿¼ÐÇ),REF_TILMICOSIN,repository_reference,O30_attached_to_C26,30,26,C,MPM01078,(S)-alpha-Amino-beta-(3-indolyl)-propionic acid,NC(Cc1c[nH]c2ccccc12)C(=O)O,1,CC[C@H]1OC(=O)C[C@@H](O)[C@H](C)[C@@H](O[C@@H]2O[C@H](C)[C@@H](OC(=O)C(N)Cc3c[nH]c4ccccc34)[C@H](N(C)C)[C@H]2O)[C@@H](CCN2C[C@H](C)C[C@H](C)C2)C[C@@H](C)C(=O)/C=C/C(C)=C/[C@@H]1CO[C@@H]1O[C@H](C)[C@@H](O)[C@@H](OC)[C@H]1OC,CC[C@H]1OC(=O)C[C@@H](O)[C@H](C)[C@@H](O[C@@H]2O[C@H](C)[C@@H](OC(=O)C(N)Cc3c[nH]c4ccccc34)[C@H](N(C)C)[C@H]2O)[C@@H](CCN2C[C@H](C)C[C@H](C)C2)C[C@@H](C)C(=O)/C=C/C(C)=C/[C@@H]1CO[C@@H]1O[C@H](C)[C@@H](O)[C@@H](OC)[C@H]1OC,TRUE,,1.175
tilmicosin,Tilmicosin (ÌæÃ×¿¼ÐÇ),REF_TILMICOSIN,repository_reference,O34_attached_to_C24,34,24,C,MPM00009,"(2E)-3-(3,4-Dihydroxyphenyl)prop-2-enoate",O=C(O)C=Cc1ccc(O)c(O)c1,1,CC[C@H]1OC(=O)C[C@@H](O)[C@H](C)[C@@H](O[C@@H]2O[C@H](C)[C@@H](O)[C@H](N(C)C)[C@H]2OC(=O)C=Cc2ccc(O)c(O)c2)[C@@H](CCN2C[C@H](C)C[C@H](C)C2)C[C@@H](C)C(=O)/C=C/C(C)=C/[C@@H]1CO[C@@H]1O[C@H](C)[C@@H](O)[C@@H](OC)[C@H]1OC,CC[C@H]1OC(=O)C[C@@H](O)[C@H](C)[C@@H](O[C@@H]2O[C@H](C)[C@@H](O)[C@H](N(C)C)[C@H]2OC(=O)C=Cc2ccc(O)c(O)c2)[C@@H](CCN2C[C@H](C)C[C@H](C)C2)C[C@@H](C)C(=O)/C=C/C(C)=C/[C@@H]1CO[C@@H]1O[C@H](C)[C@@H](O)[C@@H](OC)[C@H]1OC,TRUE,,1.093
tilmicosin,Tilmicosin (ÌæÃ×¿¼ÐÇ),REF_TILMICOSIN,repository_reference,O56_attached_to_C52,56,52,C,MPM00009,"(2E)-3-(3,4-Dihydroxyphenyl)prop-2-enoate",O=C(O)C=Cc1ccc(O)c(O)c1,1,CC[C@H]1OC(=O)C[C@@H](O)[C@H](C)[C@@H](O[C@@H]2O[C@H](C)[C@@H](O)[C@H](N(C)C)[C@H]2O)[C@@H](CCN2C[C@H](C)C[C@H](C)C2)C[C@@H](C)C(=O)/C=C/C(C)=C/[C@@H]1CO[C@@H]1O[C@H](C)[C@@H](OC(=O)C=Cc2ccc(O)c(O)c2)[C@@H](OC)[C@H]1OC,CC[C@H]1OC(=O)C[C@@H](O)[C@H](C)[C@@H](O[C@@H]2O[C@H](C)[C@@H](O)[C@H](N(C)C)[C@H]2O)[C@@H](CCN2C[C@H](C)C[C@H](C)C2)C[C@@H](C)C(=O)/C=C/C(C)=C/[C@@H]1CO[C@@H]1O[C@H](C)[C@@H](OC(=O)C=Cc2ccc(O)c(O)c2)[C@@H](OC)[C@H]1OC,TRUE,,1.07
tilmicosin,Tilmicosin (ÌæÃ×¿¼ÐÇ),REF_TILMICOSIN,repository_reference,O34_attached_to_C24,34,24,C,MPM00614,Dracylic acid,O=C(O)c1ccccc1,1,CC[C@H]1OC(=O)C[C@@H](O)[C@H](C)[C@@H](O[C@@H]2O[C@H](C)[C@@H](O)[C@H](N(C)C)[C@H]2OC(=O)c2ccccc2)[C@@H](CCN2C[C@H](C)C[C@H](C)C2)C[C@@H](C)C(=O)/C=C/C(C)=C/[C@@H]1CO[C@@H]1O[C@H](C)[C@@H](O)[C@@H](OC)[C@H]1OC,CC[C@H]1OC(=O)C[C@@H](O)[C@H](C)[C@@H](O[C@@H]2O[C@H](C)[C@@H](O)[C@H](N(C)C)[C@H]2OC(=O)c2ccccc2)[C@@H](CCN2C[C@H](C)C[C@H](C)C2)C[C@@H](C)C(=O)/C=C/C(C)=C/[C@@H]1CO[C@@H]1O[C@H](C)[C@@H](O)[C@@H](OC)[C@H]1OC,TRUE,,1.044
tilmicosin,Tilmicosin (ÌæÃ×¿¼ÐÇ),REF_TILMICOSIN,repository_reference,O20_attached_to_C15,20,15,C,MPM00009,"(2E)-3-(3,4-Dihydroxyphenyl)prop-2-enoate",O=C(O)C=Cc1ccc(O)c(O)c1,1,CC[C@H]1OC(=O)C[C@@H](OC(=O)C=Cc2ccc(O)c(O)c2)[C@H](C)[C@@H](O[C@@H]2O[C@H](C)[C@@H](O)[C@H](N(C)C)[C@H]2O)[C@@H](CCN2C[C@H](C)C[C@H](C)C2)C[C@@H](C)C(=O)/C=C/C(C)=C/[C@@H]1CO[C@@H]1O[C@H](C)[C@@H](O)[C@@H](OC)[C@H]1OC,CC[C@H]1OC(=O)C[C@@H](OC(=O)C=Cc2ccc(O)c(O)c2)[C@H](C)[C@@H](O[C@@H]2O[C@H](C)[C@@H](O)[C@H](N(C)C)[C@H]2O)[C@@H](CCN2C[C@H](C)C[C@H](C)C2)C[C@@H](C)C(=O)/C=C/C(C)=C/[C@@H]1CO[C@@H]1O[C@H](C)[C@@H](O)[C@@H](OC)[C@H]1OC,TRUE,,1.023
tilmicosin,Tilmicosin (ÌæÃ×¿¼ÐÇ),REF_TILMICOSIN,repository_reference,O56_attached_to_C52,56,52,C,MPM00614,Dracylic acid,O=C(O)c1ccccc1,1,CC[C@H]1OC(=O)C[C@@H](O)[C@H](C)[C@@H](O[C@@H]2O[C@H](C)[C@@H](O)[C@H](N(C)C)[C@H]2O)[C@@H](CCN2C[C@H](C)C[C@H](C)C2)C[C@@H](C)C(=O)/C=C/C(C)=C/[C@@H]1CO[C@@H]1O[C@H](C)[C@@H](OC(=O)c2ccccc2)[C@@H](OC)[C@H]1OC,CC[C@H]1OC(=O)C[C@@H](O)[C@H](C)[C@@H](O[C@@H]2O[C@H](C)[C@@H](O)[C@H](N(C)C)[C@H]2O)[C@@H](CCN2C[C@H](C)C[C@H](C)C2)C[C@@H](C)C(=O)/C=C/C(C)=C/[C@@H]1CO[C@@H]1O[C@H](C)[C@@H](OC(=O)c2ccccc2)[C@@H](OC)[C@H]1OC,TRUE,,1.022
tilmicosin,Tilmicosin (ÌæÃ×¿¼ÐÇ),REF_TILMICOSIN,repository_reference,O30_attached_to_C26,30,26,C,MPM00009,"(2E)-3-(3,4-Dihydroxyphenyl)prop-2-enoate",O=C(O)C=Cc1ccc(O)c(O)c1,1,CC[C@H]1OC(=O)C[C@@H](O)[C@H](C)[C@@H](O[C@@H]2O[C@H](C)[C@@H](OC(=O)C=Cc3ccc(O)c(O)c3)[C@H](N(C)C)[C@H]2O)[C@@H](CCN2C[C@H](C)C[C@H](C)C2)C[C@@H](C)C(=O)/C=C/C(C)=C/[C@@H]1CO[C@@H]1O[C@H](C)[C@@H](O)[C@@H](OC)[C@H]1OC,CC[C@H]1OC(=O)C[C@@H](O)[C@H](C)[C@@H](O[C@@H]2O[C@H](C)[C@@H](OC(=O)C=Cc3ccc(O)c(O)c3)[C@H](N(C)C)[C@H]2O)[C@@H](CCN2C[C@H](C)C[C@H](C)C2)C[C@@H](C)C(=O)/C=C/C(C)=C/[C@@H]1CO[C@@H]1O[C@H](C)[C@@H](O)[C@@H](OC)[C@H]1OC,TRUE,,1.014
tilmicosin,Tilmicosin (ÌæÃ×¿¼ÐÇ),REF_TILMICOSIN,repository_reference,O20_attached_to_C15,20,15,C,MPM00614,Dracylic acid,O=C(O)c1ccccc1,1,CC[C@H]1OC(=O)C[C@@H](OC(=O)c2ccccc2)[C@H](C)[C@@H](O[C@@H]2O[C@H](C)[C@@H](O)[C@H](N(C)C)[C@H]2O)[C@@H](CCN2C[C@H](C)C[C@H](C)C2)C[C@@H](C)C(=O)/C=C/C(C)=C/[C@@H]1CO[C@@H]1O[C@H](C)[C@@H](O)[C@@H](OC)[C@H]1OC,CC[C@H]1OC(=O)C[C@@H](OC(=O)c2ccccc2)[C@H](C)[C@@H](O[C@@H]2O[C@H](C)[C@@H](O)[C@H](N(C)C)[C@H]2O)[C@@H](CCN2C[C@H](C)C[C@H](C)C2)C[C@@H](C)C(=O)/C=C/C(C)=C/[C@@H]1CO[C@@H]1O[C@H](C)[C@@H](O)[C@@H](OC)[C@H]1OC,TRUE,,0.965
tilmicosin,Tilmicosin (ÌæÃ×¿¼ÐÇ),REF_TILMICOSIN,repository_reference,O30_attached_to_C26,30,26,C,MPM00614,Dracylic acid,O=C(O)c1ccccc1,1,CC[C@H]1OC(=O)C[C@@H](O)[C@H](C)[C@@H](O[C@@H]2O[C@H](C)[C@@H](OC(=O)c3ccccc3)[C@H](N(C)C)[C@H]2O)[C@@H](CCN2C[C@H](C)C[C@H](C)C2)C[C@@H](C)C(=O)/C=C/C(C)=C/[C@@H]1CO[C@@H]1O[C@H](C)[C@@H](O)[C@@H](OC)[C@H]1OC,CC[C@H]1OC(=O)C[C@@H](O)[C@H](C)[C@@H](O[C@@H]2O[C@H](C)[C@@H](OC(=O)c3ccccc3)[C@H](N(C)C)[C@H]2O)[C@@H](CCN2C[C@H](C)C[C@H](C)C2)C[C@@H](C)C(=O)/C=C/C(C)=C/[C@@H]1CO[C@@H]1O[C@H](C)[C@@H](O)[C@@H](OC)[C@H]1OC,TRUE,,0.965
tilmicosin,Tilmicosin (ÌæÃ×¿¼ÐÇ),REF_TILMICOSIN,repository_reference,O34_attached_to_C24,34,24,C,MPM00346,4-Hydroxy-3-methoxycinnamate,COc1cc(C=CC(=O)O)ccc1O,1,CC[C@H]1OC(=O)C[C@@H](O)[C@H](C)[C@@H](O[C@@H]2O[C@H](C)[C@@H](O)[C@H](N(C)C)[C@H]2OC(=O)C=Cc2ccc(O)c(OC)c2)[C@@H](CCN2C[C@H](C)C[C@H](C)C2)C[C@@H](C)C(=O)/C=C/C(C)=C/[C@@H]1CO[C@@H]1O[C@H](C)[C@@H](O)[C@@H](OC)[C@H]1OC,CC[C@H]1OC(=O)C[C@@H](O)[C@H](C)[C@@H](O[C@@H]2O[C@H](C)[C@@H](O)[C@H](N(C)C)[C@H]2OC(=O)C=Cc2ccc(O)c(OC)c2)[C@@H](CCN2C[C@H](C)C[C@H](C)C2)C[C@@H](C)C(=O)/C=C/C(C)=C/[C@@H]1CO[C@@H]1O[C@H](C)[C@@H](O)[C@@H](OC)[C@H]1OC,TRUE,,0.945
tilmicosin,Tilmicosin (ÌæÃ×¿¼ÐÇ),REF_TILMICOSIN,repository_reference,O56_attached_to_C52,56,52,C,MPM00346,4-Hydroxy-3-methoxycinnamate,COc1cc(C=CC(=O)O)ccc1O,1,CC[C@H]1OC(=O)C[C@@H](O)[C@H](C)[C@@H](O[C@@H]2O[C@H](C)[C@@H](O)[C@H](N(C)C)[C@H]2O)[C@@H](CCN2C[C@H](C)C[C@H](C)C2)C[C@@H](C)C(=O)/C=C/C(C)=C/[C@@H]1CO[C@@H]1O[C@H](C)[C@@H](OC(=O)C=Cc2ccc(O)c(OC)c2)[C@@H](OC)[C@H]1OC,CC[C@H]1OC(=O)C[C@@H](O)[C@H](C)[C@@H](O[C@@H]2O[C@H](C)[C@@H](O)[C@H](N(C)C)[C@H]2O)[C@@H](CCN2C[C@H](C)C[C@H](C)C2)C[C@@H](C)C(=O)/C=C/C(C)=C/[C@@H]1CO[C@@H]1O[C@H](C)[C@@H](OC(=O)C=Cc2ccc(O)c(OC)c2)[C@@H](OC)[C@H]1OC,TRUE,,0.922
tilmicosin,Tilmicosin (ÌæÃ×¿¼ÐÇ),REF_TILMICOSIN,repository_reference,O20_attached_to_C15,20,15,C,MPM00346,4-Hydroxy-3-methoxycinnamate,COc1cc(C=CC(=O)O)ccc1O,1,CC[C@H]1OC(=O)C[C@@H](OC(=O)C=Cc2ccc(O)c(OC)c2)[C@H](C)[C@@H](O[C@@H]2O[C@H](C)[C@@H](O)[C@H](N(C)C)[C@H]2O)[C@@H](CCN2C[C@H](C)C[C@H](C)C2)C[C@@H](C)C(=O)/C=C/C(C)=C/[C@@H]1CO[C@@H]1O[C@H](C)[C@@H](O)[C@@H](OC)[C@H]1OC,CC[C@H]1OC(=O)C[C@@H](OC(=O)C=Cc2ccc(O)c(OC)c2)[C@H](C)[C@@H](O[C@@H]2O[C@H](C)[C@@H](O)[C@H](N(C)C)[C@H]2O)[C@@H](CCN2C[C@H](C)C[C@H](C)C2)C[C@@H](C)C(=O)/C=C/C(C)=C/[C@@H]1CO[C@@H]1O[C@H](C)[C@@H](O)[C@@H](OC)[C@H]1OC,TRUE,,0.875
tilmicosin,Tilmicosin (ÌæÃ×¿¼ÐÇ),REF_TILMICOSIN,repository_reference,O34_attached_to_C24,34,24,C,MPM01074,"(S)-2,3-Diaminopropanoate",NCC(N)C(=O)O,1,CC[C@H]1OC(=O)C[C@@H](O)[C@H](C)[C@@H](O[C@@H]2O[C@H](C)[C@@H](O)[C@H](N(C)C)[C@H]2OC(=O)C(N)CN)[C@@H](CCN2C[C@H](C)C[C@H](C)C2)C[C@@H](C)C(=O)/C=C/C(C)=C/[C@@H]1CO[C@@H]1O[C@H](C)[C@@H](O)[C@@H](OC)[C@H]1OC,CC[C@H]1OC(=O)C[C@@H](O)[C@H](C)[C@@H](O[C@@H]2O[C@H](C)[C@@H](O)[C@H](N(C)C)[C@H]2OC(=O)C(N)CN)[C@@H](CCN2C[C@H](C)C[C@H](C)C2)C[C@@H](C)C(=O)/C=C/C(C)=C/[C@@H]1CO[C@@H]1O[C@H](C)[C@@H](O)[C@@H](OC)[C@H]1OC,TRUE,,0.875
tilmicosin,Tilmicosin (ÌæÃ×¿¼ÐÇ),REF_TILMICOSIN,repository_reference,O30_attached_to_C26,30,26,C,MPM00346,4-Hydroxy-3-methoxycinnamate,COc1cc(C=CC(=O)O)ccc1O,1,CC[C@H]1OC(=O)C[C@@H](O)[C@H](C)[C@@H](O[C@@H]2O[C@H](C)[C@@H](OC(=O)C=Cc3ccc(O)c(OC)c3)[C@H](N(C)C)[C@H]2O)[C@@H](CCN2C[C@H](C)C[C@H](C)C2)C[C@@H](C)C(=O)/C=C/C(C)=C/[C@@H]1CO[C@@H]1O[C@H](C)[C@@H](O)[C@@H](OC)[C@H]1OC,CC[C@H]1OC(=O)C[C@@H](O)[C@H](C)[C@@H](O[C@@H]2O[C@H](C)[C@@H](OC(=O)C=Cc3ccc(O)c(OC)c3)[C@H](N(C)C)[C@H]2O)[C@@H](CCN2C[C@H](C)C[C@H](C)C2)C[C@@H](C)C(=O)/C=C/C(C)=C/[C@@H]1CO[C@@H]1O[C@H](C)[C@@H](O)[C@@H](OC)[C@H]1OC,TRUE,,0.867
tilmicosin,Tilmicosin (ÌæÃ×¿¼ÐÇ),REF_TILMICOSIN,repository_reference,O34_attached_to_C24,34,24,C,MPM00677,Glycyl-L-tyrosine,NCC(=O)NC(Cc1ccc(O)cc1)C(=O)O,1,CC[C@H]1OC(=O)C[C@@H](O)[C@H](C)[C@@H](O[C@@H]2O[C@H](C)[C@@H](O)[C@H](N(C)C)[C@H]2OC(=O)C(Cc2ccc(O)cc2)NC(=O)CN)[C@@H](CCN2C[C@H](C)C[C@H](C)C2)C[C@@H](C)C(=O)/C=C/C(C)=C/[C@@H]1CO[C@@H]1O[C@H](C)[C@@H](O)[C@@H](OC)[C@H]1OC,CC[C@H]1OC(=O)C[C@@H](O)[C@H](C)[C@@H](O[C@@H]2O[C@H](C)[C@@H](O)[C@H](N(C)C)[C@H]2OC(=O)C(Cc2ccc(O)cc2)NC(=O)CN)[C@@H](CCN2C[C@H](C)C[C@H](C)C2)C[C@@H](C)C(=O)/C=C/C(C)=C/[C@@H]1CO[C@@H]1O[C@H](C)[C@@H](O)[C@@H](OC)[C@H]1OC,TRUE,,0.865
tilmicosin,Tilmicosin (ÌæÃ×¿¼ÐÇ),REF_TILMICOSIN,repository_reference,O56_attached_to_C52,56,52,C,MPM01074,"(S)-2,3-Diaminopropanoate",NCC(N)C(=O)O,1,CC[C@H]1OC(=O)C[C@@H](O)[C@H](C)[C@@H](O[C@@H]2O[C@H](C)[C@@H](O)[C@H](N(C)C)[C@H]2O)[C@@H](CCN2C[C@H](C)C[C@H](C)C2)C[C@@H](C)C(=O)/C=C/C(C)=C/[C@@H]1CO[C@@H]1O[C@H](C)[C@@H](OC(=O)C(N)CN)[C@@H](OC)[C@H]1OC,CC[C@H]1OC(=O)C[C@@H](O)[C@H](C)[C@@H](O[C@@H]2O[C@H](C)[C@@H](O)[C@H](N(C)C)[C@H]2O)[C@@H](CCN2C[C@H](C)C[C@H](C)C2)C[C@@H](C)C(=O)/C=C/C(C)=C/[C@@H]1CO[C@@H]1O[C@H](C)[C@@H](OC(=O)C(N)CN)[C@@H](OC)[C@H]1OC,TRUE,,0.852
tilmicosin,Tilmicosin (ÌæÃ×¿¼ÐÇ),REF_TILMICOSIN,repository_reference,O56_attached_to_C52,56,52,C,MPM00677,Glycyl-L-tyrosine,NCC(=O)NC(Cc1ccc(O)cc1)C(=O)O,1,CC[C@H]1OC(=O)C[C@@H](O)[C@H](C)[C@@H](O[C@@H]2O[C@H](C)[C@@H](O)[C@H](N(C)C)[C@H]2O)[C@@H](CCN2C[C@H](C)C[C@H](C)C2)C[C@@H](C)C(=O)/C=C/C(C)=C/[C@@H]1CO[C@@H]1O[C@H](C)[C@@H](OC(=O)C(Cc2ccc(O)cc2)NC(=O)CN)[C@@H](OC)[C@H]1OC,CC[C@H]1OC(=O)C[C@@H](O)[C@H](C)[C@@H](O[C@@H]2O[C@H](C)[C@@H](O)[C@H](N(C)C)[C@H]2O)[C@@H](CCN2C[C@H](C)C[C@H](C)C2)C[C@@H](C)C(=O)/C=C/C(C)=C/[C@@H]1CO[C@@H]1O[C@H](C)[C@@H](OC(=O)C(Cc2ccc(O)cc2)NC(=O)CN)[C@@H](OC)[C@H]1OC,TRUE,,0.842
tilmicosin,Tilmicosin (ÌæÃ×¿¼ÐÇ),REF_TILMICOSIN,repository_reference,O34_attached_to_C24,34,24,C,MPM00398,6-Hydroxynicotinic acid,O=C(O)c1ccc(=O)[nH]c1,1,CC[C@H]1OC(=O)C[C@@H](O)[C@H](C)[C@@H](O[C@@H]2O[C@H](C)[C@@H](O)[C@H](N(C)C)[C@H]2OC(=O)c2ccc(=O)[nH]c2)[C@@H](CCN2C[C@H](C)C[C@H](C)C2)C[C@@H](C)C(=O)/C=C/C(C)=C/[C@@H]1CO[C@@H]1O[C@H](C)[C@@H](O)[C@@H](OC)[C@H]1OC,CC[C@H]1OC(=O)C[C@@H](O)[C@H](C)[C@@H](O[C@@H]2O[C@H](C)[C@@H](O)[C@H](N(C)C)[C@H]2OC(=O)c2ccc(=O)[nH]c2)[C@@H](CCN2C[C@H](C)C[C@H](C)C2)C[C@@H](C)C(=O)/C=C/C(C)=C/[C@@H]1CO[C@@H]1O[C@H](C)[C@@H](O)[C@@H](OC)[C@H]1OC,TRUE,,0.83
tilmicosin,Tilmicosin (ÌæÃ×¿¼ÐÇ),REF_TILMICOSIN,repository_reference,O34_attached_to_C24,34,24,C,MPM00725,"L-2,4-Diaminobutyrate",NCCC(N)C(=O)O,1,CC[C@H]1OC(=O)C[C@@H](O)[C@H](C)[C@@H](O[C@@H]2O[C@H](C)[C@@H](O)[C@H](N(C)C)[C@H]2OC(=O)C(N)CCN)[C@@H](CCN2C[C@H](C)C[C@H](C)C2)C[C@@H](C)C(=O)/C=C/C(C)=C/[C@@H]1CO[C@@H]1O[C@H](C)[C@@H](O)[C@@H](OC)[C@H]1OC,CC[C@H]1OC(=O)C[C@@H](O)[C@H](C)[C@@H](O[C@@H]2O[C@H](C)[C@@H](O)[C@H](N(C)C)[C@H]2OC(=O)C(N)CCN)[C@@H](CCN2C[C@H](C)C[C@H](C)C2)C[C@@H](C)C(=O)/C=C/C(C)=C/[C@@H]1CO[C@@H]1O[C@H](C)[C@@H](O)[C@@H](OC)[C@H]1OC,TRUE,,0.817
tilmicosin,Tilmicosin (ÌæÃ×¿¼ÐÇ),REF_TILMICOSIN,repository_reference,O56_attached_to_C52,56,52,C,MPM00398,6-Hydroxynicotinic acid,O=C(O)c1ccc(=O)[nH]c1,1,CC[C@H]1OC(=O)C[C@@H](O)[C@H](C)[C@@H](O[C@@H]2O[C@H](C)[C@@H](O)[C@H](N(C)C)[C@H]2O)[C@@H](CCN2C[C@H](C)C[C@H](C)C2)C[C@@H](C)C(=O)/C=C/C(C)=C/[C@@H]1CO[C@@H]1O[C@H](C)[C@@H](OC(=O)c2ccc(=O)[nH]c2)[C@@H](OC)[C@H]1OC,CC[C@H]1OC(=O)C[C@@H](O)[C@H](C)[C@@H](O[C@@H]2O[C@H](C)[C@@H](O)[C@H](N(C)C)[C@H]2O)[C@@H](CCN2C[C@H](C)C[C@H](C)C2)C[C@@H](C)C(=O)/C=C/C(C)=C/[C@@H]1CO[C@@H]1O[C@H](C)[C@@H](OC(=O)c2ccc(=O)[nH]c2)[C@@H](OC)[C@H]1OC,TRUE,,0.807
tilmicosin,Tilmicosin (ÌæÃ×¿¼ÐÇ),REF_TILMICOSIN,repository_reference,O30_attached_to_C26,30,26,C,MPM01074,"(S)-2,3-Diaminopropanoate",NCC(N)C(=O)O,1,CC[C@H]1OC(=O)C[C@@H](O)[C@H](C)[C@@H](O[C@@H]2O[C@H](C)[C@@H](OC(=O)C(N)CN)[C@H](N(C)C)[C@H]2O)[C@@H](CCN2C[C@H](C)C[C@H](C)C2)C[C@@H](C)C(=O)/C=C/C(C)=C/[C@@H]1CO[C@@H]1O[C@H](C)[C@@H](O)[C@@H](OC)[C@H]1OC,CC[C@H]1OC(=O)C[C@@H](O)[C@H](C)[C@@H](O[C@@H]2O[C@H](C)[C@@H](OC(=O)C(N)CN)[C@H](N(C)C)[C@H]2O)[C@@H](CCN2C[C@H](C)C[C@H](C)C2)C[C@@H](C)C(=O)/C=C/C(C)=C/[C@@H]1CO[C@@H]1O[C@H](C)[C@@H](O)[C@@H](OC)[C@H]1OC,TRUE,,0.797
tilmicosin,Tilmicosin (ÌæÃ×¿¼ÐÇ),REF_TILMICOSIN,repository_reference,O56_attached_to_C52,56,52,C,MPM00725,"L-2,4-Diaminobutyrate",NCCC(N)C(=O)O,1,CC[C@H]1OC(=O)C[C@@H](O)[C@H](C)[C@@H](O[C@@H]2O[C@H](C)[C@@H](O)[C@H](N(C)C)[C@H]2O)[C@@H](CCN2C[C@H](C)C[C@H](C)C2)C[C@@H](C)C(=O)/C=C/C(C)=C/[C@@H]1CO[C@@H]1O[C@H](C)[C@@H](OC(=O)C(N)CCN)[C@@H](OC)[C@H]1OC,CC[C@H]1OC(=O)C[C@@H](O)[C@H](C)[C@@H](O[C@@H]2O[C@H](C)[C@@H](O)[C@H](N(C)C)[C@H]2O)[C@@H](CCN2C[C@H](C)C[C@H](C)C2)C[C@@H](C)C(=O)/C=C/C(C)=C/[C@@H]1CO[C@@H]1O[C@H](C)[C@@H](OC(=O)C(N)CCN)[C@@H](OC)[C@H]1OC,TRUE,,0.795
tilmicosin,Tilmicosin (ÌæÃ×¿¼ÐÇ),REF_TILMICOSIN,repository_reference,O20_attached_to_C15,20,15,C,MPM00677,Glycyl-L-tyrosine,NCC(=O)NC(Cc1ccc(O)cc1)C(=O)O,1,CC[C@H]1OC(=O)C[C@@H](OC(=O)C(Cc2ccc(O)cc2)NC(=O)CN)[C@H](C)[C@@H](O[C@@H]2O[C@H](C)[C@@H](O)[C@H](N(C)C)[C@H]2O)[C@@H](CCN2C[C@H](C)C[C@H](C)C2)C[C@@H](C)C(=O)/C=C/C(C)=C/[C@@H]1CO[C@@H]1O[C@H](C)[C@@H](O)[C@@H](OC)[C@H]1OC,CC[C@H]1OC(=O)C[C@@H](OC(=O)C(Cc2ccc(O)cc2)NC(=O)CN)[C@H](C)[C@@H](O[C@@H]2O[C@H](C)[C@@H](O)[C@H](N(C)C)[C@H]2O)[C@@H](CCN2C[C@H](C)C[C@H](C)C2)C[C@@H](C)C(=O)/C=C/C(C)=C/[C@@H]1CO[C@@H]1O[C@H](C)[C@@H](O)[C@@H](OC)[C@H]1OC,TRUE,,0.789
tilmicosin,Tilmicosin (ÌæÃ×¿¼ÐÇ),REF_TILMICOSIN,repository_reference,O20_attached_to_C15,20,15,C,MPM01074,"(S)-2,3-Diaminopropanoate",NCC(N)C(=O)O,1,CC[C@H]1OC(=O)C[C@@H](OC(=O)C(N)CN)[C@H](C)[C@@H](O[C@@H]2O[C@H](C)[C@@H](O)[C@H](N(C)C)[C@H]2O)[C@@H](CCN2C[C@H](C)C[C@H](C)C2)C[C@@H](C)C(=O)/C=C/C(C)=C/[C@@H]1CO[C@@H]1O[C@H](C)[C@@H](O)[C@@H](OC)[C@H]1OC,CC[C@H]1OC(=O)C[C@@H](OC(=O)C(N)CN)[C@H](C)[C@@H](O[C@@H]2O[C@H](C)[C@@H](O)[C@H](N(C)C)[C@H]2O)[C@@H](CCN2C[C@H](C)C[C@H](C)C2)C[C@@H](C)C(=O)/C=C/C(C)=C/[C@@H]1CO[C@@H]1O[C@H](C)[C@@H](O)[C@@H](OC)[C@H]1OC,TRUE,,0.787
tilmicosin,Tilmicosin (ÌæÃ×¿¼ÐÇ),REF_TILMICOSIN,repository_reference,O30_attached_to_C26,30,26,C,MPM00677,Glycyl-L-tyrosine,NCC(=O)NC(Cc1ccc(O)cc1)C(=O)O,1,CC[C@H]1OC(=O)C[C@@H](O)[C@H](C)[C@@H](O[C@@H]2O[C@H](C)[C@@H](OC(=O)C(Cc3ccc(O)cc3)NC(=O)CN)[C@H](N(C)C)[C@H]2O)[C@@H](CCN2C[C@H](C)C[C@H](C)C2)C[C@@H](C)C(=O)/C=C/C(C)=C/[C@@H]1CO[C@@H]1O[C@H](C)[C@@H](O)[C@@H](OC)[C@H]1OC,CC[C@H]1OC(=O)C[C@@H](O)[C@H](C)[C@@H](O[C@@H]2O[C@H](C)[C@@H](OC(=O)C(Cc3ccc(O)cc3)NC(=O)CN)[C@H](N(C)C)[C@H]2O)[C@@H](CCN2C[C@H](C)C[C@H](C)C2)C[C@@H](C)C(=O)/C=C/C(C)=C/[C@@H]1CO[C@@H]1O[C@H](C)[C@@H](O)[C@@H](OC)[C@H]1OC,TRUE,,0.786
tilmicosin,Tilmicosin (ÌæÃ×¿¼ÐÇ),REF_TILMICOSIN,repository_reference,O34_attached_to_C24,34,24,C,MPM00674,Glycyl-l-glutamine,NCC(=O)NC(CCC(N)=O)C(=O)O,1,CC[C@H]1OC(=O)C[C@@H](O)[C@H](C)[C@@H](O[C@@H]2O[C@H](C)[C@@H](O)[C@H](N(C)C)[C@H]2OC(=O)C(CCC(N)=O)NC(=O)CN)[C@@H](CCN2C[C@H](C)C[C@H](C)C2)C[C@@H](C)C(=O)/C=C/C(C)=C/[C@@H]1CO[C@@H]1O[C@H](C)[C@@H](O)[C@@H](OC)[C@H]1OC,CC[C@H]1OC(=O)C[C@@H](O)[C@H](C)[C@@H](O[C@@H]2O[C@H](C)[C@@H](O)[C@H](N(C)C)[C@H]2OC(=O)C(CCC(N)=O)NC(=O)CN)[C@@H](CCN2C[C@H](C)C[C@H](C)C2)C[C@@H](C)C(=O)/C=C/C(C)=C/[C@@H]1CO[C@@H]1O[C@H](C)[C@@H](O)[C@@H](OC)[C@H]1OC,TRUE,,0.765
tilmicosin,Tilmicosin (ÌæÃ×¿¼ÐÇ),REF_TILMICOSIN,repository_reference,O34_attached_to_C24,34,24,C,MPM00304,3-Hydroxypyruvic acid,O=C(O)C(=O)CO,1,CC[C@H]1OC(=O)C[C@@H](O)[C@H](C)[C@@H](O[C@@H]2O[C@H](C)[C@@H](O)[C@H](N(C)C)[C@H]2OC(=O)C(=O)CO)[C@@H](CCN2C[C@H](C)C[C@H](C)C2)C[C@@H](C)C(=O)/C=C/C(C)=C/[C@@H]1CO[C@@H]1O[C@H](C)[C@@H](O)[C@@H](OC)[C@H]1OC,CC[C@H]1OC(=O)C[C@@H](O)[C@H](C)[C@@H](O[C@@H]2O[C@H](C)[C@@H](O)[C@H](N(C)C)[C@H]2OC(=O)C(=O)CO)[C@@H](CCN2C[C@H](C)C[C@H](C)C2)C[C@@H](C)C(=O)/C=C/C(C)=C/[C@@H]1CO[C@@H]1O[C@H](C)[C@@H](O)[C@@H](OC)[C@H]1OC,TRUE,,0.759
tilmicosin,Tilmicosin (ÌæÃ×¿¼ÐÇ),REF_TILMICOSIN,repository_reference,O34_attached_to_C24,34,24,C,MPM00093,"(S)-2,5-Diaminopentanoate",NCCCC(N)C(=O)O,1,CC[C@H]1OC(=O)C[C@@H](O)[C@H](C)[C@@H](O[C@@H]2O[C@H](C)[C@@H](O)[C@H](N(C)C)[C@H]2OC(=O)C(N)CCCN)[C@@H](CCN2C[C@H](C)C[C@H](C)C2)C[C@@H](C)C(=O)/C=C/C(C)=C/[C@@H]1CO[C@@H]1O[C@H](C)[C@@H](O)[C@@H](OC)[C@H]1OC,CC[C@H]1OC(=O)C[C@@H](O)[C@H](C)[C@@H](O[C@@H]2O[C@H](C)[C@@H](O)[C@H](N(C)C)[C@H]2OC(=O)C(N)CCCN)[C@@H](CCN2C[C@H](C)C[C@H](C)C2)C[C@@H](C)C(=O)/C=C/C(C)=C/[C@@H]1CO[C@@H]1O[C@H](C)[C@@H](O)[C@@H](OC)[C@H]1OC,TRUE,,0.755
tilmicosin,Tilmicosin (ÌæÃ×¿¼ÐÇ),REF_TILMICOSIN,repository_reference,O20_attached_to_C15,20,15,C,MPM00398,6-Hydroxynicotinic acid,O=C(O)c1ccc(=O)[nH]c1,1,CC[C@H]1OC(=O)C[C@@H](OC(=O)c2ccc(=O)[nH]c2)[C@H](C)[C@@H](O[C@@H]2O[C@H](C)[C@@H](O)[C@H](N(C)C)[C@H]2O)[C@@H](CCN2C[C@H](C)C[C@H](C)C2)C[C@@H](C)C(=O)/C=C/C(C)=C/[C@@H]1CO[C@@H]1O[C@H](C)[C@@H](O)[C@@H](OC)[C@H]1OC,CC[C@H]1OC(=O)C[C@@H](OC(=O)c2ccc(=O)[nH]c2)[C@H](C)[C@@H](O[C@@H]2O[C@H](C)[C@@H](O)[C@H](N(C)C)[C@H]2O)[C@@H](CCN2C[C@H](C)C[C@H](C)C2)C[C@@H](C)C(=O)/C=C/C(C)=C/[C@@H]1CO[C@@H]1O[C@H](C)[C@@H](O)[C@@H](OC)[C@H]1OC,TRUE,,0.754
tilmicosin,Tilmicosin (ÌæÃ×¿¼ÐÇ),REF_TILMICOSIN,repository_reference,O30_attached_to_C26,30,26,C,MPM00398,6-Hydroxynicotinic acid,O=C(O)c1ccc(=O)[nH]c1,1,CC[C@H]1OC(=O)C[C@@H](O)[C@H](C)[C@@H](O[C@@H]2O[C@H](C)[C@@H](OC(=O)c3ccc(=O)[nH]c3)[C@H](N(C)C)[C@H]2O)[C@@H](CCN2C[C@H](C)C[C@H](C)C2)C[C@@H](C)C(=O)/C=C/C(C)=C/[C@@H]1CO[C@@H]1O[C@H](C)[C@@H](O)[C@@H](OC)[C@H]1OC,CC[C@H]1OC(=O)C[C@@H](O)[C@H](C)[C@@H](O[C@@H]2O[C@H](C)[C@@H](OC(=O)c3ccc(=O)[nH]c3)[C@H](N(C)C)[C@H]2O)[C@@H](CCN2C[C@H](C)C[C@H](C)C2)C[C@@H](C)C(=O)/C=C/C(C)=C/[C@@H]1CO[C@@H]1O[C@H](C)[C@@H](O)[C@@H](OC)[C@H]1OC,TRUE,,0.751
tilmicosin,Tilmicosin (ÌæÃ×¿¼ÐÇ),REF_TILMICOSIN,repository_reference,O56_attached_to_C52,56,52,C,MPM00674,Glycyl-l-glutamine,NCC(=O)NC(CCC(N)=O)C(=O)O,1,CC[C@H]1OC(=O)C[C@@H](O)[C@H](C)[C@@H](O[C@@H]2O[C@H](C)[C@@H](O)[C@H](N(C)C)[C@H]2O)[C@@H](CCN2C[C@H](C)C[C@H](C)C2)C[C@@H](C)C(=O)/C=C/C(C)=C/[C@@H]1CO[C@@H]1O[C@H](C)[C@@H](OC(=O)C(CCC(N)=O)NC(=O)CN)[C@@H](OC)[C@H]1OC,CC[C@H]1OC(=O)C[C@@H](O)[C@H](C)[C@@H](O[C@@H]2O[C@H](C)[C@@H](O)[C@H](N(C)C)[C@H]2O)[C@@H](CCN2C[C@H](C)C[C@H](C)C2)C[C@@H](C)C(=O)/C=C/C(C)=C/[C@@H]1CO[C@@H]1O[C@H](C)[C@@H](OC(=O)C(CCC(N)=O)NC(=O)CN)[C@@H](OC)[C@H]1OC,TRUE,,0.742
tilmicosin,Tilmicosin (ÌæÃ×¿¼ÐÇ),REF_TILMICOSIN,repository_reference,O30_attached_to_C26,30,26,C,MPM00725,"L-2,4-Diaminobutyrate",NCCC(N)C(=O)O,1,CC[C@H]1OC(=O)C[C@@H](O)[C@H](C)[C@@H](O[C@@H]2O[C@H](C)[C@@H](OC(=O)C(N)CCN)[C@H](N(C)C)[C@H]2O)[C@@H](CCN2C[C@H](C)C[C@H](C)C2)C[C@@H](C)C(=O)/C=C/C(C)=C/[C@@H]1CO[C@@H]1O[C@H](C)[C@@H](O)[C@@H](OC)[C@H]1OC,CC[C@H]1OC(=O)C[C@@H](O)[C@H](C)[C@@H](O[C@@H]2O[C@H](C)[C@@H](OC(=O)C(N)CCN)[C@H](N(C)C)[C@H]2O)[C@@H](CCN2C[C@H](C)C[C@H](C)C2)C[C@@H](C)C(=O)/C=C/C(C)=C/[C@@H]1CO[C@@H]1O[C@H](C)[C@@H](O)[C@@H](OC)[C@H]1OC,TRUE,,0.739
tilmicosin,Tilmicosin (ÌæÃ×¿¼ÐÇ),REF_TILMICOSIN,repository_reference,O56_attached_to_C52,56,52,C,MPM00304,3-Hydroxypyruvic acid,O=C(O)C(=O)CO,1,CC[C@H]1OC(=O)C[C@@H](O)[C@H](C)[C@@H](O[C@@H]2O[C@H](C)[C@@H](O)[C@H](N(C)C)[C@H]2O)[C@@H](CCN2C[C@H](C)C[C@H](C)C2)C[C@@H](C)C(=O)/C=C/C(C)=C/[C@@H]1CO[C@@H]1O[C@H](C)[C@@H](OC(=O)C(=O)CO)[C@@H](OC)[C@H]1OC,CC[C@H]1OC(=O)C[C@@H](O)[C@H](C)[C@@H](O[C@@H]2O[C@H](C)[C@@H](O)[C@H](N(C)C)[C@H]2O)[C@@H](CCN2C[C@H](C)C[C@H](C)C2)C[C@@H](C)C(=O)/C=C/C(C)=C/[C@@H]1CO[C@@H]1O[C@H](C)[C@@H](OC(=O)C(=O)CO)[C@@H](OC)[C@H]1OC,TRUE,,0.736
tilmicosin,Tilmicosin (ÌæÃ×¿¼ÐÇ),REF_TILMICOSIN,repository_reference,O20_attached_to_C15,20,15,C,MPM00725,"L-2,4-Diaminobutyrate",NCCC(N)C(=O)O,1,CC[C@H]1OC(=O)C[C@@H](OC(=O)C(N)CCN)[C@H](C)[C@@H](O[C@@H]2O[C@H](C)[C@@H](O)[C@H](N(C)C)[C@H]2O)[C@@H](CCN2C[C@H](C)C[C@H](C)C2)C[C@@H](C)C(=O)/C=C/C(C)=C/[C@@H]1CO[C@@H]1O[C@H](C)[C@@H](O)[C@@H](OC)[C@H]1OC,CC[C@H]1OC(=O)C[C@@H](OC(=O)C(N)CCN)[C@H](C)[C@@H](O[C@@H]2O[C@H](C)[C@@H](O)[C@H](N(C)C)[C@H]2O)[C@@H](CCN2C[C@H](C)C[C@H](C)C2)C[C@@H](C)C(=O)/C=C/C(C)=C/[C@@H]1CO[C@@H]1O[C@H](C)[C@@H](O)[C@@H](OC)[C@H]1OC,TRUE,,0.732
tilmicosin,Tilmicosin (ÌæÃ×¿¼ÐÇ),REF_TILMICOSIN,repository_reference,O56_attached_to_C52,56,52,C,MPM00093,"(S)-2,5-Diaminopentanoate",NCCCC(N)C(=O)O,1,CC[C@H]1OC(=O)C[C@@H](O)[C@H](C)[C@@H](O[C@@H]2O[C@H](C)[C@@H](O)[C@H](N(C)C)[C@H]2O)[C@@H](CCN2C[C@H](C)C[C@H](C)C2)C[C@@H](C)C(=O)/C=C/C(C)=C/[C@@H]1CO[C@@H]1O[C@H](C)[C@@H](OC(=O)C(N)CCCN)[C@@H](OC)[C@H]1OC,CC[C@H]1OC(=O)C[C@@H](O)[C@H](C)[C@@H](O[C@@H]2O[C@H](C)[C@@H](O)[C@H](N(C)C)[C@H]2O)[C@@H](CCN2C[C@H](C)C[C@H](C)C2)C[C@@H](C)C(=O)/C=C/C(C)=C/[C@@H]1CO[C@@H]1O[C@H](C)[C@@H](OC(=O)C(N)CCCN)[C@@H](OC)[C@H]1OC,TRUE,,0.732
tilmicosin,Tilmicosin (ÌæÃ×¿¼ÐÇ),REF_TILMICOSIN,repository_reference,O34_attached_to_C24,34,24,C,MPM01413,Gly,NCC(=O)O,1,CC[C@H]1OC(=O)C[C@@H](O)[C@H](C)[C@@H](O[C@@H]2O[C@H](C)[C@@H](O)[C@H](N(C)C)[C@H]2OC(=O)CN)[C@@H](CCN2C[C@H](C)C[C@H](C)C2)C[C@@H](C)C(=O)/C=C/C(C)=C/[C@@H]1CO[C@@H]1O[C@H](C)[C@@H](O)[C@@H](OC)[C@H]1OC,CC[C@H]1OC(=O)C[C@@H](O)[C@H](C)[C@@H](O[C@@H]2O[C@H](C)[C@@H](O)[C@H](N(C)C)[C@H]2OC(=O)CN)[C@@H](CCN2C[C@H](C)C[C@H](C)C2)C[C@@H](C)C(=O)/C=C/C(C)=C/[C@@H]1CO[C@@H]1O[C@H](C)[C@@H](O)[C@@H](OC)[C@H]1OC,TRUE,,0.728
tilmicosin,Tilmicosin (ÌæÃ×¿¼ÐÇ),REF_TILMICOSIN,repository_reference,O34_attached_to_C24,34,24,C,MPM00329,3-Sulfinoalanine,NC(CS(=O)O)C(=O)O,1,CC[C@H]1OC(=O)C[C@@H](O)[C@H](C)[C@@H](O[C@@H]2O[C@H](C)[C@@H](O)[C@H](N(C)C)[C@H]2OC(=O)C(N)CS(=O)O)[C@@H](CCN2C[C@H](C)C[C@H](C)C2)C[C@@H](C)C(=O)/C=C/C(C)=C/[C@@H]1CO[C@@H]1O[C@H](C)[C@@H](O)[C@@H](OC)[C@H]1OC,CC[C@H]1OC(=O)C[C@@H](O)[C@H](C)[C@@H](O[C@@H]2O[C@H](C)[C@@H](O)[C@H](N(C)C)[C@H]2OC(=O)C(N)CS(=O)O)[C@@H](CCN2C[C@H](C)C[C@H](C)C2)C[C@@H](C)C(=O)/C=C/C(C)=C/[C@@H]1CO[C@@H]1O[C@H](C)[C@@H](O)[C@@H](OC)[C@H]1OC,TRUE,,0.707
tilmicosin,Tilmicosin (ÌæÃ×¿¼ÐÇ),REF_TILMICOSIN,repository_reference,O56_attached_to_C52,56,52,C,MPM01413,Gly,NCC(=O)O,1,CC[C@H]1OC(=O)C[C@@H](O)[C@H](C)[C@@H](O[C@@H]2O[C@H](C)[C@@H](O)[C@H](N(C)C)[C@H]2O)[C@@H](CCN2C[C@H](C)C[C@H](C)C2)C[C@@H](C)C(=O)/C=C/C(C)=C/[C@@H]1CO[C@@H]1O[C@H](C)[C@@H](OC(=O)CN)[C@@H](OC)[C@H]1OC,CC[C@H]1OC(=O)C[C@@H](O)[C@H](C)[C@@H](O[C@@H]2O[C@H](C)[C@@H](O)[C@H](N(C)C)[C@H]2O)[C@@H](CCN2C[C@H](C)C[C@H](C)C2)C[C@@H](C)C(=O)/C=C/C(C)=C/[C@@H]1CO[C@@H]1O[C@H](C)[C@@H](OC(=O)CN)[C@@H](OC)[C@H]1OC,TRUE,,0.706
tilmicosin,Tilmicosin (ÌæÃ×¿¼ÐÇ),REF_TILMICOSIN,repository_reference,O34_attached_to_C24,34,24,C,MPM00897,p-Hydroxyphenylpyruvic acid,O=C(O)C(=O)Cc1ccc(O)cc1,1,CC[C@H]1OC(=O)C[C@@H](O)[C@H](C)[C@@H](O[C@@H]2O[C@H](C)[C@@H](O)[C@H](N(C)C)[C@H]2OC(=O)C(=O)Cc2ccc(O)cc2)[C@@H](CCN2C[C@H](C)C[C@H](C)C2)C[C@@H](C)C(=O)/C=C/C(C)=C/[C@@H]1CO[C@@H]1O[C@H](C)[C@@H](O)[C@@H](OC)[C@H]1OC,CC[C@H]1OC(=O)C[C@@H](O)[C@H](C)[C@@H](O[C@@H]2O[C@H](C)[C@@H](O)[C@H](N(C)C)[C@H]2OC(=O)C(=O)Cc2ccc(O)cc2)[C@@H](CCN2C[C@H](C)C[C@H](C)C2)C[C@@H](C)C(=O)/C=C/C(C)=C/[C@@H]1CO[C@@H]1O[C@H](C)[C@@H](O)[C@@H](OC)[C@H]1OC,TRUE,,0.696
tilmicosin,Tilmicosin (ÌæÃ×¿¼ÐÇ),REF_TILMICOSIN,repository_reference,O34_attached_to_C24,34,24,C,MPM00931,Salicylic acid,O=C(O)c1ccccc1O,1,CC[C@H]1OC(=O)C[C@@H](O)[C@H](C)[C@@H](O[C@@H]2O[C@H](C)[C@@H](O)[C@H](N(C)C)[C@H]2OC(=O)c2ccccc2O)[C@@H](CCN2C[C@H](C)C[C@H](C)C2)C[C@@H](C)C(=O)/C=C/C(C)=C/[C@@H]1CO[C@@H]1O[C@H](C)[C@@H](O)[C@@H](OC)[C@H]1OC,CC[C@H]1OC(=O)C[C@@H](O)[C@H](C)[C@@H](O[C@@H]2O[C@H](C)[C@@H](O)[C@H](N(C)C)[C@H]2OC(=O)c2ccccc2O)[C@@H](CCN2C[C@H](C)C[C@H](C)C2)C[C@@H](C)C(=O)/C=C/C(C)=C/[C@@H]1CO[C@@H]1O[C@H](C)[C@@H](O)[C@@H](OC)[C@H]1OC,TRUE,,0.696
tilmicosin,Tilmicosin (ÌæÃ×¿¼ÐÇ),REF_TILMICOSIN,repository_reference,O34_attached_to_C24,34,24,C,MPM00184,"2,6-Diaminohexanoic acid",NCCCCC(N)C(=O)O,1,CC[C@H]1OC(=O)C[C@@H](O)[C@H](C)[C@@H](O[C@@H]2O[C@H](C)[C@@H](O)[C@H](N(C)C)[C@H]2OC(=O)C(N)CCCCN)[C@@H](CCN2C[C@H](C)C[C@H](C)C2)C[C@@H](C)C(=O)/C=C/C(C)=C/[C@@H]1CO[C@@H]1O[C@H](C)[C@@H](O)[C@@H](OC)[C@H]1OC,CC[C@H]1OC(=O)C[C@@H](O)[C@H](C)[C@@H](O[C@@H]2O[C@H](C)[C@@H](O)[C@H](N(C)C)[C@H]2OC(=O)C(N)CCCCN)[C@@H](CCN2C[C@H](C)C[C@H](C)C2)C[C@@H](C)C(=O)/C=C/C(C)=C/[C@@H]1CO[C@@H]1O[C@H](C)[C@@H](O)[C@@H](OC)[C@H]1OC,TRUE,,0.689
tilmicosin,Tilmicosin (ÌæÃ×¿¼ÐÇ),REF_TILMICOSIN,repository_reference,O30_attached_to_C26,30,26,C,MPM00674,Glycyl-l-glutamine,NCC(=O)NC(CCC(N)=O)C(=O)O,1,CC[C@H]1OC(=O)C[C@@H](O)[C@H](C)[C@@H](O[C@@H]2O[C@H](C)[C@@H](OC(=O)C(CCC(N)=O)NC(=O)CN)[C@H](N(C)C)[C@H]2O)[C@@H](CCN2C[C@H](C)C[C@H](C)C2)C[C@@H](C)C(=O)/C=C/C(C)=C/[C@@H]1CO[C@@H]1O[C@H](C)[C@@H](O)[C@@H](OC)[C@H]1OC,CC[C@H]1OC(=O)C[C@@H](O)[C@H](C)[C@@H](O[C@@H]2O[C@H](C)[C@@H](OC(=O)C(CCC(N)=O)NC(=O)CN)[C@H](N(C)C)[C@H]2O)[C@@H](CCN2C[C@H](C)C[C@H](C)C2)C[C@@H](C)C(=O)/C=C/C(C)=C/[C@@H]1CO[C@@H]1O[C@H](C)[C@@H](O)[C@@H](OC)[C@H]1OC,TRUE,,0.686
tilmicosin,Tilmicosin (ÌæÃ×¿¼ÐÇ),REF_TILMICOSIN,repository_reference,O56_attached_to_C52,56,52,C,MPM00329,3-Sulfinoalanine,NC(CS(=O)O)C(=O)O,1,CC[C@H]1OC(=O)C[C@@H](O)[C@H](C)[C@@H](O[C@@H]2O[C@H](C)[C@@H](O)[C@H](N(C)C)[C@H]2O)[C@@H](CCN2C[C@H](C)C[C@H](C)C2)C[C@@H](C)C(=O)/C=C/C(C)=C/[C@@H]1CO[C@@H]1O[C@H](C)[C@@H](OC(=O)C(N)CS(=O)O)[C@@H](OC)[C@H]1OC,CC[C@H]1OC(=O)C[C@@H](O)[C@H](C)[C@@H](O[C@@H]2O[C@H](C)[C@@H](O)[C@H](N(C)C)[C@H]2O)[C@@H](CCN2C[C@H](C)C[C@H](C)C2)C[C@@H](C)C(=O)/C=C/C(C)=C/[C@@H]1CO[C@@H]1O[C@H](C)[C@@H](OC(=O)C(N)CS(=O)O)[C@@H](OC)[C@H]1OC,TRUE,,0.685
tilmicosin,Tilmicosin (ÌæÃ×¿¼ÐÇ),REF_TILMICOSIN,repository_reference,O20_attached_to_C15,20,15,C,MPM00674,Glycyl-l-glutamine,NCC(=O)NC(CCC(N)=O)C(=O)O,1,CC[C@H]1OC(=O)C[C@@H](OC(=O)C(CCC(N)=O)NC(=O)CN)[C@H](C)[C@@H](O[C@@H]2O[C@H](C)[C@@H](O)[C@H](N(C)C)[C@H]2O)[C@@H](CCN2C[C@H](C)C[C@H](C)C2)C[C@@H](C)C(=O)/C=C/C(C)=C/[C@@H]1CO[C@@H]1O[C@H](C)[C@@H](O)[C@@H](OC)[C@H]1OC,CC[C@H]1OC(=O)C[C@@H](OC(=O)C(CCC(N)=O)NC(=O)CN)[C@H](C)[C@@H](O[C@@H]2O[C@H](C)[C@@H](O)[C@H](N(C)C)[C@H]2O)[C@@H](CCN2C[C@H](C)C[C@H](C)C2)C[C@@H](C)C(=O)/C=C/C(C)=C/[C@@H]1CO[C@@H]1O[C@H](C)[C@@H](O)[C@@H](OC)[C@H]1OC,TRUE,,0.683
tilmicosin,Tilmicosin (ÌæÃ×¿¼ÐÇ),REF_TILMICOSIN,repository_reference,O30_attached_to_C26,30,26,C,MPM00304,3-Hydroxypyruvic acid,O=C(O)C(=O)CO,1,CC[C@H]1OC(=O)C[C@@H](O)[C@H](C)[C@@H](O[C@@H]2O[C@H](C)[C@@H](OC(=O)C(=O)CO)[C@H](N(C)C)[C@H]2O)[C@@H](CCN2C[C@H](C)C[C@H](C)C2)C[C@@H](C)C(=O)/C=C/C(C)=C/[C@@H]1CO[C@@H]1O[C@H](C)[C@@H](O)[C@@H](OC)[C@H]1OC,CC[C@H]1OC(=O)C[C@@H](O)[C@H](C)[C@@H](O[C@@H]2O[C@H](C)[C@@H](OC(=O)C(=O)CO)[C@H](N(C)C)[C@H]2O)[C@@H](CCN2C[C@H](C)C[C@H](C)C2)C[C@@H](C)C(=O)/C=C/C(C)=C/[C@@H]1CO[C@@H]1O[C@H](C)[C@@H](O)[C@@H](OC)[C@H]1OC,TRUE,,0.681
tilmicosin,Tilmicosin (ÌæÃ×¿¼ÐÇ),REF_TILMICOSIN,repository_reference,O34_attached_to_C24,34,24,C,MPM00702,Hydroxybenzenecarboxylic acid,O=C(O)c1ccc(O)cc1,1,CC[C@H]1OC(=O)C[C@@H](O)[C@H](C)[C@@H](O[C@@H]2O[C@H](C)[C@@H](O)[C@H](N(C)C)[C@H]2OC(=O)c2ccc(O)cc2)[C@@H](CCN2C[C@H](C)C[C@H](C)C2)C[C@@H](C)C(=O)/C=C/C(C)=C/[C@@H]1CO[C@@H]1O[C@H](C)[C@@H](O)[C@@H](OC)[C@H]1OC,CC[C@H]1OC(=O)C[C@@H](O)[C@H](C)[C@@H](O[C@@H]2O[C@H](C)[C@@H](O)[C@H](N(C)C)[C@H]2OC(=O)c2ccc(O)cc2)[C@@H](CCN2C[C@H](C)C[C@H](C)C2)C[C@@H](C)C(=O)/C=C/C(C)=C/[C@@H]1CO[C@@H]1O[C@H](C)[C@@H](O)[C@@H](OC)[C@H]1OC,TRUE,,0.679
tilmicosin,Tilmicosin (ÌæÃ×¿¼ÐÇ),REF_TILMICOSIN,repository_reference,O20_attached_to_C15,20,15,C,MPM00304,3-Hydroxypyruvic acid,O=C(O)C(=O)CO,1,CC[C@H]1OC(=O)C[C@@H](OC(=O)C(=O)CO)[C@H](C)[C@@H](O[C@@H]2O[C@H](C)[C@@H](O)[C@H](N(C)C)[C@H]2O)[C@@H](CCN2C[C@H](C)C[C@H](C)C2)C[C@@H](C)C(=O)/C=C/C(C)=C/[C@@H]1CO[C@@H]1O[C@H](C)[C@@H](O)[C@@H](OC)[C@H]1OC,CC[C@H]1OC(=O)C[C@@H](OC(=O)C(=O)CO)[C@H](C)[C@@H](O[C@@H]2O[C@H](C)[C@@H](O)[C@H](N(C)C)[C@H]2O)[C@@H](CCN2C[C@H](C)C[C@H](C)C2)C[C@@H](C)C(=O)/C=C/C(C)=C/[C@@H]1CO[C@@H]1O[C@H](C)[C@@H](O)[C@@H](OC)[C@H]1OC,TRUE,,0.677
tilmicosin,Tilmicosin (ÌæÃ×¿¼ÐÇ),REF_TILMICOSIN,repository_reference,O30_attached_to_C26,30,26,C,MPM00093,"(S)-2,5-Diaminopentanoate",NCCCC(N)C(=O)O,1,CC[C@H]1OC(=O)C[C@@H](O)[C@H](C)[C@@H](O[C@@H]2O[C@H](C)[C@@H](OC(=O)C(N)CCCN)[C@H](N(C)C)[C@H]2O)[C@@H](CCN2C[C@H](C)C[C@H](C)C2)C[C@@H](C)C(=O)/C=C/C(C)=C/[C@@H]1CO[C@@H]1O[C@H](C)[C@@H](O)[C@@H](OC)[C@H]1OC,CC[C@H]1OC(=O)C[C@@H](O)[C@H](C)[C@@H](O[C@@H]2O[C@H](C)[C@@H](OC(=O)C(N)CCCN)[C@H](N(C)C)[C@H]2O)[C@@H](CCN2C[C@H](C)C[C@H](C)C2)C[C@@H](C)C(=O)/C=C/C(C)=C/[C@@H]1CO[C@@H]1O[C@H](C)[C@@H](O)[C@@H](OC)[C@H]1OC,TRUE,,0.676
tilmicosin,Tilmicosin (ÌæÃ×¿¼ÐÇ),REF_TILMICOSIN,repository_reference,O56_attached_to_C52,56,52,C,MPM00931,Salicylic acid,O=C(O)c1ccccc1O,1,CC[C@H]1OC(=O)C[C@@H](O)[C@H](C)[C@@H](O[C@@H]2O[C@H](C)[C@@H](O)[C@H](N(C)C)[C@H]2O)[C@@H](CCN2C[C@H](C)C[C@H](C)C2)C[C@@H](C)C(=O)/C=C/C(C)=C/[C@@H]1CO[C@@H]1O[C@H](C)[C@@H](OC(=O)c2ccccc2O)[C@@H](OC)[C@H]1OC,CC[C@H]1OC(=O)C[C@@H](O)[C@H](C)[C@@H](O[C@@H]2O[C@H](C)[C@@H](O)[C@H](N(C)C)[C@H]2O)[C@@H](CCN2C[C@H](C)C[C@H](C)C2)C[C@@H](C)C(=O)/C=C/C(C)=C/[C@@H]1CO[C@@H]1O[C@H](C)[C@@H](OC(=O)c2ccccc2O)[C@@H](OC)[C@H]1OC,TRUE,,0.674
tilmicosin,Tilmicosin (ÌæÃ×¿¼ÐÇ),REF_TILMICOSIN,repository_reference,O56_attached_to_C52,56,52,C,MPM00897,p-Hydroxyphenylpyruvic acid,O=C(O)C(=O)Cc1ccc(O)cc1,1,CC[C@H]1OC(=O)C[C@@H](O)[C@H](C)[C@@H](O[C@@H]2O[C@H](C)[C@@H](O)[C@H](N(C)C)[C@H]2O)[C@@H](CCN2C[C@H](C)C[C@H](C)C2)C[C@@H](C)C(=O)/C=C/C(C)=C/[C@@H]1CO[C@@H]1O[C@H](C)[C@@H](OC(=O)C(=O)Cc2ccc(O)cc2)[C@@H](OC)[C@H]1OC,CC[C@H]1OC(=O)C[C@@H](O)[C@H](C)[C@@H](O[C@@H]2O[C@H](C)[C@@H](O)[C@H](N(C)C)[C@H]2O)[C@@H](CCN2C[C@H](C)C[C@H](C)C2)C[C@@H](C)C(=O)/C=C/C(C)=C/[C@@H]1CO[C@@H]1O[C@H](C)[C@@H](OC(=O)C(=O)Cc2ccc(O)cc2)[C@@H](OC)[C@H]1OC,TRUE,,0.673
tilmicosin,Tilmicosin (ÌæÃ×¿¼ÐÇ),REF_TILMICOSIN,repository_reference,O20_attached_to_C15,20,15,C,MPM00093,"(S)-2,5-Diaminopentanoate",NCCCC(N)C(=O)O,1,CC[C@H]1OC(=O)C[C@@H](OC(=O)C(N)CCCN)[C@H](C)[C@@H](O[C@@H]2O[C@H](C)[C@@H](O)[C@H](N(C)C)[C@H]2O)[C@@H](CCN2C[C@H](C)C[C@H](C)C2)C[C@@H](C)C(=O)/C=C/C(C)=C/[C@@H]1CO[C@@H]1O[C@H](C)[C@@H](O)[C@@H](OC)[C@H]1OC,CC[C@H]1OC(=O)C[C@@H](OC(=O)C(N)CCCN)[C@H](C)[C@@H](O[C@@H]2O[C@H](C)[C@@H](O)[C@H](N(C)C)[C@H]2O)[C@@H](CCN2C[C@H](C)C[C@H](C)C2)C[C@@H](C)C(=O)/C=C/C(C)=C/[C@@H]1CO[C@@H]1O[C@H](C)[C@@H](O)[C@@H](OC)[C@H]1OC,TRUE,,0.672
tilmicosin,Tilmicosin (ÌæÃ×¿¼ÐÇ),REF_TILMICOSIN,repository_reference,O56_attached_to_C52,56,52,C,MPM00184,"2,6-Diaminohexanoic acid",NCCCCC(N)C(=O)O,1,CC[C@H]1OC(=O)C[C@@H](O)[C@H](C)[C@@H](O[C@@H]2O[C@H](C)[C@@H](O)[C@H](N(C)C)[C@H]2O)[C@@H](CCN2C[C@H](C)C[C@H](C)C2)C[C@@H](C)C(=O)/C=C/C(C)=C/[C@@H]1CO[C@@H]1O[C@H](C)[C@@H](OC(=O)C(N)CCCCN)[C@@H](OC)[C@H]1OC,CC[C@H]1OC(=O)C[C@@H](O)[C@H](C)[C@@H](O[C@@H]2O[C@H](C)[C@@H](O)[C@H](N(C)C)[C@H]2O)[C@@H](CCN2C[C@H](C)C[C@H](C)C2)C[C@@H](C)C(=O)/C=C/C(C)=C/[C@@H]1CO[C@@H]1O[C@H](C)[C@@H](OC(=O)C(N)CCCCN)[C@@H](OC)[C@H]1OC,TRUE,,0.667
tilmicosin,Tilmicosin (ÌæÃ×¿¼ÐÇ),REF_TILMICOSIN,repository_reference,O34_attached_to_C24,34,24,C,MPM00854,p-Aminobenzoate,Nc1ccc(C(=O)O)cc1,1,CC[C@H]1OC(=O)C[C@@H](O)[C@H](C)[C@@H](O[C@@H]2O[C@H](C)[C@@H](O)[C@H](N(C)C)[C@H]2OC(=O)c2ccc(N)cc2)[C@@H](CCN2C[C@H](C)C[C@H](C)C2)C[C@@H](C)C(=O)/C=C/C(C)=C/[C@@H]1CO[C@@H]1O[C@H](C)[C@@H](O)[C@@H](OC)[C@H]1OC,CC[C@H]1OC(=O)C[C@@H](O)[C@H](C)[C@@H](O[C@@H]2O[C@H](C)[C@@H](O)[C@H](N(C)C)[C@H]2OC(=O)c2ccc(N)cc2)[C@@H](CCN2C[C@H](C)C[C@H](C)C2)C[C@@H](C)C(=O)/C=C/C(C)=C/[C@@H]1CO[C@@H]1O[C@H](C)[C@@H](O)[C@@H](OC)[C@H]1OC,TRUE,,0.666
tilmicosin,Tilmicosin (ÌæÃ×¿¼ÐÇ),REF_TILMICOSIN,repository_reference,O34_attached_to_C24,34,24,C,MPM00961,Sulfoacetic acid,O=C(O)CS(=O)(=O)O,1,CC[C@H]1OC(=O)C[C@@H](O)[C@H](C)[C@@H](O[C@@H]2O[C@H](C)[C@@H](O)[C@H](N(C)C)[C@H]2OC(=O)CS(=O)(=O)O)[C@@H](CCN2C[C@H](C)C[C@H](C)C2)C[C@@H](C)C(=O)/C=C/C(C)=C/[C@@H]1CO[C@@H]1O[C@H](C)[C@@H](O)[C@@H](OC)[C@H]1OC,CC[C@H]1OC(=O)C[C@@H](O)[C@H](C)[C@@H](O[C@@H]2O[C@H](C)[C@@H](O)[C@H](N(C)C)[C@H]2OC(=O)CS(=O)(=O)O)[C@@H](CCN2C[C@H](C)C[C@H](C)C2)C[C@@H](C)C(=O)/C=C/C(C)=C/[C@@H]1CO[C@@H]1O[C@H](C)[C@@H](O)[C@@H](OC)[C@H]1OC,TRUE,,0.656
tilmicosin,Tilmicosin (ÌæÃ×¿¼ÐÇ),REF_TILMICOSIN,repository_reference,O56_attached_to_C52,56,52,C,MPM00702,Hydroxybenzenecarboxylic acid,O=C(O)c1ccc(O)cc1,1,CC[C@H]1OC(=O)C[C@@H](O)[C@H](C)[C@@H](O[C@@H]2O[C@H](C)[C@@H](O)[C@H](N(C)C)[C@H]2O)[C@@H](CCN2C[C@H](C)C[C@H](C)C2)C[C@@H](C)C(=O)/C=C/C(C)=C/[C@@H]1CO[C@@H]1O[C@H](C)[C@@H](OC(=O)c2ccc(O)cc2)[C@@H](OC)[C@H]1OC,CC[C@H]1OC(=O)C[C@@H](O)[C@H](C)[C@@H](O[C@@H]2O[C@H](C)[C@@H](O)[C@H](N(C)C)[C@H]2O)[C@@H](CCN2C[C@H](C)C[C@H](C)C2)C[C@@H](C)C(=O)/C=C/C(C)=C/[C@@H]1CO[C@@H]1O[C@H](C)[C@@H](OC(=O)c2ccc(O)cc2)[C@@H](OC)[C@H]1OC,TRUE,,0.655
tilmicosin,Tilmicosin (ÌæÃ×¿¼ÐÇ),REF_TILMICOSIN,repository_reference,O30_attached_to_C26,30,26,C,MPM01413,Gly,NCC(=O)O,1,CC[C@H]1OC(=O)C[C@@H](O)[C@H](C)[C@@H](O[C@@H]2O[C@H](C)[C@@H](OC(=O)CN)[C@H](N(C)C)[C@H]2O)[C@@H](CCN2C[C@H](C)C[C@H](C)C2)C[C@@H](C)C(=O)/C=C/C(C)=C/[C@@H]1CO[C@@H]1O[C@H](C)[C@@H](O)[C@@H](OC)[C@H]1OC,CC[C@H]1OC(=O)C[C@@H](O)[C@H](C)[C@@H](O[C@@H]2O[C@H](C)[C@@H](OC(=O)CN)[C@H](N(C)C)[C@H]2O)[C@@H](CCN2C[C@H](C)C[C@H](C)C2)C[C@@H](C)C(=O)/C=C/C(C)=C/[C@@H]1CO[C@@H]1O[C@H](C)[C@@H](O)[C@@H](OC)[C@H]1OC,TRUE,,0.65
tilmicosin,Tilmicosin (ÌæÃ×¿¼ÐÇ),REF_TILMICOSIN,repository_reference,O34_attached_to_C24,34,24,C,MPM00328,3-Pyridinecarboxylic acid,O=C(O)c1cccnc1,1,CC[C@H]1OC(=O)C[C@@H](O)[C@H](C)[C@@H](O[C@@H]2O[C@H](C)[C@@H](O)[C@H](N(C)C)[C@H]2OC(=O)c2cccnc2)[C@@H](CCN2C[C@H](C)C[C@H](C)C2)C[C@@H](C)C(=O)/C=C/C(C)=C/[C@@H]1CO[C@@H]1O[C@H](C)[C@@H](O)[C@@H](OC)[C@H]1OC,CC[C@H]1OC(=O)C[C@@H](O)[C@H](C)[C@@H](O[C@@H]2O[C@H](C)[C@@H](O)[C@H](N(C)C)[C@H]2OC(=O)c2cccnc2)[C@@H](CCN2C[C@H](C)C[C@H](C)C2)C[C@@H](C)C(=O)/C=C/C(C)=C/[C@@H]1CO[C@@H]1O[C@H](C)[C@@H](O)[C@@H](OC)[C@H]1OC,TRUE,,0.65
tilmicosin,Tilmicosin (ÌæÃ×¿¼ÐÇ),REF_TILMICOSIN,repository_reference,O56_attached_to_C52,56,52,C,MPM00854,p-Aminobenzoate,Nc1ccc(C(=O)O)cc1,1,CC[C@H]1OC(=O)C[C@@H](O)[C@H](C)[C@@H](O[C@@H]2O[C@H](C)[C@@H](O)[C@H](N(C)C)[C@H]2O)[C@@H](CCN2C[C@H](C)C[C@H](C)C2)C[C@@H](C)C(=O)/C=C/C(C)=C/[C@@H]1CO[C@@H]1O[C@H](C)[C@@H](OC(=O)c2ccc(N)cc2)[C@@H](OC)[C@H]1OC,CC[C@H]1OC(=O)C[C@@H](O)[C@H](C)[C@@H](O[C@@H]2O[C@H](C)[C@@H](O)[C@H](N(C)C)[C@H]2O)[C@@H](CCN2C[C@H](C)C[C@H](C)C2)C[C@@H](C)C(=O)/C=C/C(C)=C/[C@@H]1CO[C@@H]1O[C@H](C)[C@@H](OC(=O)c2ccc(N)cc2)[C@@H](OC)[C@H]1OC,TRUE,,0.643
tilmicosin,Tilmicosin (ÌæÃ×¿¼ÐÇ),REF_TILMICOSIN,repository_reference,O34_attached_to_C24,34,24,C,MPM00199,2-Amino-3-sulfopropionic acid,NC(CS(=O)(=O)O)C(=O)O,1,CC[C@H]1OC(=O)C[C@@H](O)[C@H](C)[C@@H](O[C@@H]2O[C@H](C)[C@@H](O)[C@H](N(C)C)[C@H]2OC(=O)C(N)CS(=O)(=O)O)[C@@H](CCN2C[C@H](C)C[C@H](C)C2)C[C@@H](C)C(=O)/C=C/C(C)=C/[C@@H]1CO[C@@H]1O[C@H](C)[C@@H](O)[C@@H](OC)[C@H]1OC,CC[C@H]1OC(=O)C[C@@H](O)[C@H](C)[C@@H](O[C@@H]2O[C@H](C)[C@@H](O)[C@H](N(C)C)[C@H]2OC(=O)C(N)CS(=O)(=O)O)[C@@H](CCN2C[C@H](C)C[C@H](C)C2)C[C@@H](C)C(=O)/C=C/C(C)=C/[C@@H]1CO[C@@H]1O[C@H](C)[C@@H](O)[C@@H](OC)[C@H]1OC,TRUE,,0.64
tilmicosin,Tilmicosin (ÌæÃ×¿¼ÐÇ),REF_TILMICOSIN,repository_reference,O34_attached_to_C24,34,24,C,MPM01639,Tyrosine,NC(Cc1ccc(O)cc1)C(=O)O,1,CC[C@H]1OC(=O)C[C@@H](O)[C@H](C)[C@@H](O[C@@H]2O[C@H](C)[C@@H](O)[C@H](N(C)C)[C@H]2OC(=O)C(N)Cc2ccc(O)cc2)[C@@H](CCN2C[C@H](C)C[C@H](C)C2)C[C@@H](C)C(=O)/C=C/C(C)=C/[C@@H]1CO[C@@H]1O[C@H](C)[C@@H](O)[C@@H](OC)[C@H]1OC,CC[C@H]1OC(=O)C[C@@H](O)[C@H](C)[C@@H](O[C@@H]2O[C@H](C)[C@@H](O)[C@H](N(C)C)[C@H]2OC(=O)C(N)Cc2ccc(O)cc2)[C@@H](CCN2C[C@H](C)C[C@H](C)C2)C[C@@H](C)C(=O)/C=C/C(C)=C/[C@@H]1CO[C@@H]1O[C@H](C)[C@@H](O)[C@@H](OC)[C@H]1OC,TRUE,,0.639
tilmicosin,Tilmicosin (ÌæÃ×¿¼ÐÇ),REF_TILMICOSIN,repository_reference,O20_attached_to_C15,20,15,C,MPM01413,Gly,NCC(=O)O,1,CC[C@H]1OC(=O)C[C@@H](OC(=O)CN)[C@H](C)[C@@H](O[C@@H]2O[C@H](C)[C@@H](O)[C@H](N(C)C)[C@H]2O)[C@@H](CCN2C[C@H](C)C[C@H](C)C2)C[C@@H](C)C(=O)/C=C/C(C)=C/[C@@H]1CO[C@@H]1O[C@H](C)[C@@H](O)[C@@H](OC)[C@H]1OC,CC[C@H]1OC(=O)C[C@@H](OC(=O)CN)[C@H](C)[C@@H](O[C@@H]2O[C@H](C)[C@@H](O)[C@H](N(C)C)[C@H]2O)[C@@H](CCN2C[C@H](C)C[C@H](C)C2)C[C@@H](C)C(=O)/C=C/C(C)=C/[C@@H]1CO[C@@H]1O[C@H](C)[C@@H](O)[C@@H](OC)[C@H]1OC,TRUE,,0.637
tilmicosin,Tilmicosin (ÌæÃ×¿¼ÐÇ),REF_TILMICOSIN,repository_reference,O34_attached_to_C24,34,24,C,MPM01212,3-Aminopropanoate,NCCC(=O)O,1,CC[C@H]1OC(=O)C[C@@H](O)[C@H](C)[C@@H](O[C@@H]2O[C@H](C)[C@@H](O)[C@H](N(C)C)[C@H]2OC(=O)CCN)[C@@H](CCN2C[C@H](C)C[C@H](C)C2)C[C@@H](C)C(=O)/C=C/C(C)=C/[C@@H]1CO[C@@H]1O[C@H](C)[C@@H](O)[C@@H](OC)[C@H]1OC,CC[C@H]1OC(=O)C[C@@H](O)[C@H](C)[C@@H](O[C@@H]2O[C@H](C)[C@@H](O)[C@H](N(C)C)[C@H]2OC(=O)CCN)[C@@H](CCN2C[C@H](C)C[C@H](C)C2)C[C@@H](C)C(=O)/C=C/C(C)=C/[C@@H]1CO[C@@H]1O[C@H](C)[C@@H](O)[C@@H](OC)[C@H]1OC,TRUE,,0.637
tilmicosin,Tilmicosin (ÌæÃ×¿¼ÐÇ),REF_TILMICOSIN,repository_reference,O56_attached_to_C52,56,52,C,MPM00961,Sulfoacetic acid,O=C(O)CS(=O)(=O)O,1,CC[C@H]1OC(=O)C[C@@H](O)[C@H](C)[C@@H](O[C@@H]2O[C@H](C)[C@@H](O)[C@H](N(C)C)[C@H]2O)[C@@H](CCN2C[C@H](C)C[C@H](C)C2)C[C@@H](C)C(=O)/C=C/C(C)=C/[C@@H]1CO[C@@H]1O[C@H](C)[C@@H](OC(=O)CS(=O)(=O)O)[C@@H](OC)[C@H]1OC,CC[C@H]1OC(=O)C[C@@H](O)[C@H](C)[C@@H](O[C@@H]2O[C@H](C)[C@@H](O)[C@H](N(C)C)[C@H]2O)[C@@H](CCN2C[C@H](C)C[C@H](C)C2)C[C@@H](C)C(=O)/C=C/C(C)=C/[C@@H]1CO[C@@H]1O[C@H](C)[C@@H](OC(=O)CS(=O)(=O)O)[C@@H](OC)[C@H]1OC,TRUE,,0.634
tilmicosin,Tilmicosin (ÌæÃ×¿¼ÐÇ),REF_TILMICOSIN,repository_reference,O30_attached_to_C26,30,26,C,MPM00329,3-Sulfinoalanine,NC(CS(=O)O)C(=O)O,1,CC[C@H]1OC(=O)C[C@@H](O)[C@H](C)[C@@H](O[C@@H]2O[C@H](C)[C@@H](OC(=O)C(N)CS(=O)O)[C@H](N(C)C)[C@H]2O)[C@@H](CCN2C[C@H](C)C[C@H](C)C2)C[C@@H](C)C(=O)/C=C/C(C)=C/[C@@H]1CO[C@@H]1O[C@H](C)[C@@H](O)[C@@H](OC)[C@H]1OC,CC[C@H]1OC(=O)C[C@@H](O)[C@H](C)[C@@H](O[C@@H]2O[C@H](C)[C@@H](OC(=O)C(N)CS(=O)O)[C@H](N(C)C)[C@H]2O)[C@@H](CCN2C[C@H](C)C[C@H](C)C2)C[C@@H](C)C(=O)/C=C/C(C)=C/[C@@H]1CO[C@@H]1O[C@H](C)[C@@H](O)[C@@H](OC)[C@H]1OC,TRUE,,0.628
tilmicosin,Tilmicosin (ÌæÃ×¿¼ÐÇ),REF_TILMICOSIN,repository_reference,O56_attached_to_C52,56,52,C,MPM00328,3-Pyridinecarboxylic acid,O=C(O)c1cccnc1,1,CC[C@H]1OC(=O)C[C@@H](O)[C@H](C)[C@@H](O[C@@H]2O[C@H](C)[C@@H](O)[C@H](N(C)C)[C@H]2O)[C@@H](CCN2C[C@H](C)C[C@H](C)C2)C[C@@H](C)C(=O)/C=C/C(C)=C/[C@@H]1CO[C@@H]1O[C@H](C)[C@@H](OC(=O)c2cccnc2)[C@@H](OC)[C@H]1OC,CC[C@H]1OC(=O)C[C@@H](O)[C@H](C)[C@@H](O[C@@H]2O[C@H](C)[C@@H](O)[C@H](N(C)C)[C@H]2O)[C@@H](CCN2C[C@H](C)C[C@H](C)C2)C[C@@H](C)C(=O)/C=C/C(C)=C/[C@@H]1CO[C@@H]1O[C@H](C)[C@@H](OC(=O)c2cccnc2)[C@@H](OC)[C@H]1OC,TRUE,,0.627
tilmicosin,Tilmicosin (ÌæÃ×¿¼ÐÇ),REF_TILMICOSIN,repository_reference,O20_attached_to_C15,20,15,C,MPM00897,p-Hydroxyphenylpyruvic acid,O=C(O)C(=O)Cc1ccc(O)cc1,1,CC[C@H]1OC(=O)C[C@@H](OC(=O)C(=O)Cc2ccc(O)cc2)[C@H](C)[C@@H](O[C@@H]2O[C@H](C)[C@@H](O)[C@H](N(C)C)[C@H]2O)[C@@H](CCN2C[C@H](C)C[C@H](C)C2)C[C@@H](C)C(=O)/C=C/C(C)=C/[C@@H]1CO[C@@H]1O[C@H](C)[C@@H](O)[C@@H](OC)[C@H]1OC,CC[C@H]1OC(=O)C[C@@H](OC(=O)C(=O)Cc2ccc(O)cc2)[C@H](C)[C@@H](O[C@@H]2O[C@H](C)[C@@H](O)[C@H](N(C)C)[C@H]2O)[C@@H](CCN2C[C@H](C)C[C@H](C)C2)C[C@@H](C)C(=O)/C=C/C(C)=C/[C@@H]1CO[C@@H]1O[C@H](C)[C@@H](O)[C@@H](OC)[C@H]1OC,TRUE,,0.626
tilmicosin,Tilmicosin (ÌæÃ×¿¼ÐÇ),REF_TILMICOSIN,repository_reference,O34_attached_to_C24,34,24,C,MPM00701,Hydroxyacetic acid,O=C(O)CO,1,CC[C@H]1OC(=O)C[C@@H](O)[C@H](C)[C@@H](O[C@@H]2O[C@H](C)[C@@H](O)[C@H](N(C)C)[C@H]2OC(=O)CO)[C@@H](CCN2C[C@H](C)C[C@H](C)C2)C[C@@H](C)C(=O)/C=C/C(C)=C/[C@@H]1CO[C@@H]1O[C@H](C)[C@@H](O)[C@@H](OC)[C@H]1OC,CC[C@H]1OC(=O)C[C@@H](O)[C@H](C)[C@@H](O[C@@H]2O[C@H](C)[C@@H](O)[C@H](N(C)C)[C@H]2OC(=O)CO)[C@@H](CCN2C[C@H](C)C[C@H](C)C2)C[C@@H](C)C(=O)/C=C/C(C)=C/[C@@H]1CO[C@@H]1O[C@H](C)[C@@H](O)[C@@H](OC)[C@H]1OC,TRUE,,0.624
tilmicosin,Tilmicosin (ÌæÃ×¿¼ÐÇ),REF_TILMICOSIN,repository_reference,O20_attached_to_C15,20,15,C,MPM00329,3-Sulfinoalanine,NC(CS(=O)O)C(=O)O,1,CC[C@H]1OC(=O)C[C@@H](OC(=O)C(N)CS(=O)O)[C@H](C)[C@@H](O[C@@H]2O[C@H](C)[C@@H](O)[C@H](N(C)C)[C@H]2O)[C@@H](CCN2C[C@H](C)C[C@H](C)C2)C[C@@H](C)C(=O)/C=C/C(C)=C/[C@@H]1CO[C@@H]1O[C@H](C)[C@@H](O)[C@@H](OC)[C@H]1OC,CC[C@H]1OC(=O)C[C@@H](OC(=O)C(N)CS(=O)O)[C@H](C)[C@@H](O[C@@H]2O[C@H](C)[C@@H](O)[C@H](N(C)C)[C@H]2O)[C@@H](CCN2C[C@H](C)C[C@H](C)C2)C[C@@H](C)C(=O)/C=C/C(C)=C/[C@@H]1CO[C@@H]1O[C@H](C)[C@@H](O)[C@@H](OC)[C@H]1OC,TRUE,,0.622
tilmicosin,Tilmicosin (ÌæÃ×¿¼ÐÇ),REF_TILMICOSIN,repository_reference,O20_attached_to_C15,20,15,C,MPM00931,Salicylic acid,O=C(O)c1ccccc1O,1,CC[C@H]1OC(=O)C[C@@H](OC(=O)c2ccccc2O)[C@H](C)[C@@H](O[C@@H]2O[C@H](C)[C@@H](O)[C@H](N(C)C)[C@H]2O)[C@@H](CCN2C[C@H](C)C[C@H](C)C2)C[C@@H](C)C(=O)/C=C/C(C)=C/[C@@H]1CO[C@@H]1O[C@H](C)[C@@H](O)[C@@H](OC)[C@H]1OC,CC[C@H]1OC(=O)C[C@@H](OC(=O)c2ccccc2O)[C@H](C)[C@@H](O[C@@H]2O[C@H](C)[C@@H](O)[C@H](N(C)C)[C@H]2O)[C@@H](CCN2C[C@H](C)C[C@H](C)C2)C[C@@H](C)C(=O)/C=C/C(C)=C/[C@@H]1CO[C@@H]1O[C@H](C)[C@@H](O)[C@@H](OC)[C@H]1OC,TRUE,,0.618
tilmicosin,Tilmicosin (ÌæÃ×¿¼ÐÇ),REF_TILMICOSIN,repository_reference,O56_attached_to_C52,56,52,C,MPM00199,2-Amino-3-sulfopropionic acid,NC(CS(=O)(=O)O)C(=O)O,1,CC[C@H]1OC(=O)C[C@@H](O)[C@H](C)[C@@H](O[C@@H]2O[C@H](C)[C@@H](O)[C@H](N(C)C)[C@H]2O)[C@@H](CCN2C[C@H](C)C[C@H](C)C2)C[C@@H](C)C(=O)/C=C/C(C)=C/[C@@H]1CO[C@@H]1O[C@H](C)[C@@H](OC(=O)C(N)CS(=O)(=O)O)[C@@H](OC)[C@H]1OC,CC[C@H]1OC(=O)C[C@@H](O)[C@H](C)[C@@H](O[C@@H]2O[C@H](C)[C@@H](O)[C@H](N(C)C)[C@H]2O)[C@@H](CCN2C[C@H](C)C[C@H](C)C2)C[C@@H](C)C(=O)/C=C/C(C)=C/[C@@H]1CO[C@@H]1O[C@H](C)[C@@H](OC(=O)C(N)CS(=O)(=O)O)[C@@H](OC)[C@H]1OC,TRUE,,0.618
tilmicosin,Tilmicosin (ÌæÃ×¿¼ÐÇ),REF_TILMICOSIN,repository_reference,O30_attached_to_C26,30,26,C,MPM00897,p-Hydroxyphenylpyruvic acid,O=C(O)C(=O)Cc1ccc(O)cc1,1,CC[C@H]1OC(=O)C[C@@H](O)[C@H](C)[C@@H](O[C@@H]2O[C@H](C)[C@@H](OC(=O)C(=O)Cc3ccc(O)cc3)[C@H](N(C)C)[C@H]2O)[C@@H](CCN2C[C@H](C)C[C@H](C)C2)C[C@@H](C)C(=O)/C=C/C(C)=C/[C@@H]1CO[C@@H]1O[C@H](C)[C@@H](O)[C@@H](OC)[C@H]1OC,CC[C@H]1OC(=O)C[C@@H](O)[C@H](C)[C@@H](O[C@@H]2O[C@H](C)[C@@H](OC(=O)C(=O)Cc3ccc(O)cc3)[C@H](N(C)C)[C@H]2O)[C@@H](CCN2C[C@H](C)C[C@H](C)C2)C[C@@H](C)C(=O)/C=C/C(C)=C/[C@@H]1CO[C@@H]1O[C@H](C)[C@@H](O)[C@@H](OC)[C@H]1OC,TRUE,,0.617
tilmicosin,Tilmicosin (ÌæÃ×¿¼ÐÇ),REF_TILMICOSIN,repository_reference,O30_attached_to_C26,30,26,C,MPM00931,Salicylic acid,O=C(O)c1ccccc1O,1,CC[C@H]1OC(=O)C[C@@H](O)[C@H](C)[C@@H](O[C@@H]2O[C@H](C)[C@@H](OC(=O)c3ccccc3O)[C@H](N(C)C)[C@H]2O)[C@@H](CCN2C[C@H](C)C[C@H](C)C2)C[C@@H](C)C(=O)/C=C/C(C)=C/[C@@H]1CO[C@@H]1O[C@H](C)[C@@H](O)[C@@H](OC)[C@H]1OC,CC[C@H]1OC(=O)C[C@@H](O)[C@H](C)[C@@H](O[C@@H]2O[C@H](C)[C@@H](OC(=O)c3ccccc3O)[C@H](N(C)C)[C@H]2O)[C@@H](CCN2C[C@H](C)C[C@H](C)C2)C[C@@H](C)C(=O)/C=C/C(C)=C/[C@@H]1CO[C@@H]1O[C@H](C)[C@@H](O)[C@@H](OC)[C@H]1OC,TRUE,,0.617
tilmicosin,Tilmicosin (ÌæÃ×¿¼ÐÇ),REF_TILMICOSIN,repository_reference,O56_attached_to_C52,56,52,C,MPM01639,Tyrosine,NC(Cc1ccc(O)cc1)C(=O)O,1,CC[C@H]1OC(=O)C[C@@H](O)[C@H](C)[C@@H](O[C@@H]2O[C@H](C)[C@@H](O)[C@H](N(C)C)[C@H]2O)[C@@H](CCN2C[C@H](C)C[C@H](C)C2)C[C@@H](C)C(=O)/C=C/C(C)=C/[C@@H]1CO[C@@H]1O[C@H](C)[C@@H](OC(=O)C(N)Cc2ccc(O)cc2)[C@@H](OC)[C@H]1OC,CC[C@H]1OC(=O)C[C@@H](O)[C@H](C)[C@@H](O[C@@H]2O[C@H](C)[C@@H](O)[C@H](N(C)C)[C@H]2O)[C@@H](CCN2C[C@H](C)C[C@H](C)C2)C[C@@H](C)C(=O)/C=C/C(C)=C/[C@@H]1CO[C@@H]1O[C@H](C)[C@@H](OC(=O)C(N)Cc2ccc(O)cc2)[C@@H](OC)[C@H]1OC,TRUE,,0.616
tilmicosin,Tilmicosin (ÌæÃ×¿¼ÐÇ),REF_TILMICOSIN,repository_reference,O56_attached_to_C52,56,52,C,MPM01212,3-Aminopropanoate,NCCC(=O)O,1,CC[C@H]1OC(=O)C[C@@H](O)[C@H](C)[C@@H](O[C@@H]2O[C@H](C)[C@@H](O)[C@H](N(C)C)[C@H]2O)[C@@H](CCN2C[C@H](C)C[C@H](C)C2)C[C@@H](C)C(=O)/C=C/C(C)=C/[C@@H]1CO[C@@H]1O[C@H](C)[C@@H](OC(=O)CCN)[C@@H](OC)[C@H]1OC,CC[C@H]1OC(=O)C[C@@H](O)[C@H](C)[C@@H](O[C@@H]2O[C@H](C)[C@@H](O)[C@H](N(C)C)[C@H]2O)[C@@H](CCN2C[C@H](C)C[C@H](C)C2)C[C@@H](C)C(=O)/C=C/C(C)=C/[C@@H]1CO[C@@H]1O[C@H](C)[C@@H](OC(=O)CCN)[C@@H](OC)[C@H]1OC,TRUE,,0.615
tilmicosin,Tilmicosin (ÌæÃ×¿¼ÐÇ),REF_TILMICOSIN,repository_reference,O34_attached_to_C24,34,24,C,MPM01526,N-Methylglycine,CNCC(=O)O,1,CC[C@H]1OC(=O)C[C@@H](O)[C@H](C)[C@@H](O[C@@H]2O[C@H](C)[C@@H](O)[C@H](N(C)C)[C@H]2OC(=O)CNC)[C@@H](CCN2C[C@H](C)C[C@H](C)C2)C[C@@H](C)C(=O)/C=C/C(C)=C/[C@@H]1CO[C@@H]1O[C@H](C)[C@@H](O)[C@@H](OC)[C@H]1OC,CC[C@H]1OC(=O)C[C@@H](O)[C@H](C)[C@@H](O[C@@H]2O[C@H](C)[C@@H](O)[C@H](N(C)C)[C@H]2OC(=O)CNC)[C@@H](CCN2C[C@H](C)C[C@H](C)C2)C[C@@H](C)C(=O)/C=C/C(C)=C/[C@@H]1CO[C@@H]1O[C@H](C)[C@@H](O)[C@@H](OC)[C@H]1OC,TRUE,,0.613
tilmicosin,Tilmicosin (ÌæÃ×¿¼ÐÇ),REF_TILMICOSIN,repository_reference,O34_attached_to_C24,34,24,C,MPM01143,2-Aminosuccinamic acid,NC(=O)CC(N)C(=O)O,1,CC[C@H]1OC(=O)C[C@@H](O)[C@H](C)[C@@H](O[C@@H]2O[C@H](C)[C@@H](O)[C@H](N(C)C)[C@H]2OC(=O)C(N)CC(N)=O)[C@@H](CCN2C[C@H](C)C[C@H](C)C2)C[C@@H](C)C(=O)/C=C/C(C)=C/[C@@H]1CO[C@@H]1O[C@H](C)[C@@H](O)[C@@H](OC)[C@H]1OC,CC[C@H]1OC(=O)C[C@@H](O)[C@H](C)[C@@H](O[C@@H]2O[C@H](C)[C@@H](O)[C@H](N(C)C)[C@H]2OC(=O)C(N)CC(N)=O)[C@@H](CCN2C[C@H](C)C[C@H](C)C2)C[C@@H](C)C(=O)/C=C/C(C)=C/[C@@H]1CO[C@@H]1O[C@H](C)[C@@H](O)[C@@H](OC)[C@H]1OC,TRUE,,0.611
tilmicosin,Tilmicosin (ÌæÃ×¿¼ÐÇ),REF_TILMICOSIN,repository_reference,O20_attached_to_C15,20,15,C,MPM00184,"2,6-Diaminohexanoic acid",NCCCCC(N)C(=O)O,1,CC[C@H]1OC(=O)C[C@@H](OC(=O)C(N)CCCCN)[C@H](C)[C@@H](O[C@@H]2O[C@H](C)[C@@H](O)[C@H](N(C)C)[C@H]2O)[C@@H](CCN2C[C@H](C)C[C@H](C)C2)C[C@@H](C)C(=O)/C=C/C(C)=C/[C@@H]1CO[C@@H]1O[C@H](C)[C@@H](O)[C@@H](OC)[C@H]1OC,CC[C@H]1OC(=O)C[C@@H](OC(=O)C(N)CCCCN)[C@H](C)[C@@H](O[C@@H]2O[C@H](C)[C@@H](O)[C@H](N(C)C)[C@H]2O)[C@@H](CCN2C[C@H](C)C[C@H](C)C2)C[C@@H](C)C(=O)/C=C/C(C)=C/[C@@H]1CO[C@@H]1O[C@H](C)[C@@H](O)[C@@H](OC)[C@H]1OC,TRUE,,0.61
tilmicosin,Tilmicosin (ÌæÃ×¿¼ÐÇ),REF_TILMICOSIN,repository_reference,O30_attached_to_C26,30,26,C,MPM00184,"2,6-Diaminohexanoic acid",NCCCCC(N)C(=O)O,1,CC[C@H]1OC(=O)C[C@@H](O)[C@H](C)[C@@H](O[C@@H]2O[C@H](C)[C@@H](OC(=O)C(N)CCCCN)[C@H](N(C)C)[C@H]2O)[C@@H](CCN2C[C@H](C)C[C@H](C)C2)C[C@@H](C)C(=O)/C=C/C(C)=C/[C@@H]1CO[C@@H]1O[C@H](C)[C@@H](O)[C@@H](OC)[C@H]1OC,CC[C@H]1OC(=O)C[C@@H](O)[C@H](C)[C@@H](O[C@@H]2O[C@H](C)[C@@H](OC(=O)C(N)CCCCN)[C@H](N(C)C)[C@H]2O)[C@@H](CCN2C[C@H](C)C[C@H](C)C2)C[C@@H](C)C(=O)/C=C/C(C)=C/[C@@H]1CO[C@@H]1O[C@H](C)[C@@H](O)[C@@H](OC)[C@H]1OC,TRUE,,0.61
tilmicosin,Tilmicosin (ÌæÃ×¿¼ÐÇ),REF_TILMICOSIN,repository_reference,O20_attached_to_C15,20,15,C,MPM00702,Hydroxybenzenecarboxylic acid,O=C(O)c1ccc(O)cc1,1,CC[C@H]1OC(=O)C[C@@H](OC(=O)c2ccc(O)cc2)[C@H](C)[C@@H](O[C@@H]2O[C@H](C)[C@@H](O)[C@H](N(C)C)[C@H]2O)[C@@H](CCN2C[C@H](C)C[C@H](C)C2)C[C@@H](C)C(=O)/C=C/C(C)=C/[C@@H]1CO[C@@H]1O[C@H](C)[C@@H](O)[C@@H](OC)[C@H]1OC,CC[C@H]1OC(=O)C[C@@H](OC(=O)c2ccc(O)cc2)[C@H](C)[C@@H](O[C@@H]2O[C@H](C)[C@@H](O)[C@H](N(C)C)[C@H]2O)[C@@H](CCN2C[C@H](C)C[C@H](C)C2)C[C@@H](C)C(=O)/C=C/C(C)=C/[C@@H]1CO[C@@H]1O[C@H](C)[C@@H](O)[C@@H](OC)[C@H]1OC,TRUE,,0.602
tilmicosin,Tilmicosin (ÌæÃ×¿¼ÐÇ),REF_TILMICOSIN,repository_reference,O56_attached_to_C52,56,52,C,MPM00701,Hydroxyacetic acid,O=C(O)CO,1,CC[C@H]1OC(=O)C[C@@H](O)[C@H](C)[C@@H](O[C@@H]2O[C@H](C)[C@@H](O)[C@H](N(C)C)[C@H]2O)[C@@H](CCN2C[C@H](C)C[C@H](C)C2)C[C@@H](C)C(=O)/C=C/C(C)=C/[C@@H]1CO[C@@H]1O[C@H](C)[C@@H](OC(=O)CO)[C@@H](OC)[C@H]1OC,CC[C@H]1OC(=O)C[C@@H](O)[C@H](C)[C@@H](O[C@@H]2O[C@H](C)[C@@H](O)[C@H](N(C)C)[C@H]2O)[C@@H](CCN2C[C@H](C)C[C@H](C)C2)C[C@@H](C)C(=O)/C=C/C(C)=C/[C@@H]1CO[C@@H]1O[C@H](C)[C@@H](OC(=O)CO)[C@@H](OC)[C@H]1OC,TRUE,,0.602
tilmicosin,Tilmicosin (ÌæÃ×¿¼ÐÇ),REF_TILMICOSIN,repository_reference,O30_attached_to_C26,30,26,C,MPM00702,Hydroxybenzenecarboxylic acid,O=C(O)c1ccc(O)cc1,1,CC[C@H]1OC(=O)C[C@@H](O)[C@H](C)[C@@H](O[C@@H]2O[C@H](C)[C@@H](OC(=O)c3ccc(O)cc3)[C@H](N(C)C)[C@H]2O)[C@@H](CCN2C[C@H](C)C[C@H](C)C2)C[C@@H](C)C(=O)/C=C/C(C)=C/[C@@H]1CO[C@@H]1O[C@H](C)[C@@H](O)[C@@H](OC)[C@H]1OC,CC[C@H]1OC(=O)C[C@@H](O)[C@H](C)[C@@H](O[C@@H]2O[C@H](C)[C@@H](OC(=O)c3ccc(O)cc3)[C@H](N(C)C)[C@H]2O)[C@@H](CCN2C[C@H](C)C[C@H](C)C2)C[C@@H](C)C(=O)/C=C/C(C)=C/[C@@H]1CO[C@@H]1O[C@H](C)[C@@H](O)[C@@H](OC)[C@H]1OC,TRUE,,0.6
tilmicosin,Tilmicosin (ÌæÃ×¿¼ÐÇ),REF_TILMICOSIN,repository_reference,O34_attached_to_C24,34,24,C,MPM00137,"1,4-Dihydroxy-2-naphthoic acid",O=C(O)c1cc(O)c2ccccc2c1O,1,CC[C@H]1OC(=O)C[C@@H](O)[C@H](C)[C@@H](O[C@@H]2O[C@H](C)[C@@H](O)[C@H](N(C)C)[C@H]2OC(=O)c2cc(O)c3ccccc3c2O)[C@@H](CCN2C[C@H](C)C[C@H](C)C2)C[C@@H](C)C(=O)/C=C/C(C)=C/[C@@H]1CO[C@@H]1O[C@H](C)[C@@H](O)[C@@H](OC)[C@H]1OC,CC[C@H]1OC(=O)C[C@@H](O)[C@H](C)[C@@H](O[C@@H]2O[C@H](C)[C@@H](O)[C@H](N(C)C)[C@H]2OC(=O)c2cc(O)c3ccccc3c2O)[C@@H](CCN2C[C@H](C)C[C@H](C)C2)C[C@@H](C)C(=O)/C=C/C(C)=C/[C@@H]1CO[C@@H]1O[C@H](C)[C@@H](O)[C@@H](OC)[C@H]1OC,TRUE,,0.592
tilmicosin,Tilmicosin (ÌæÃ×¿¼ÐÇ),REF_TILMICOSIN,repository_reference,O20_attached_to_C15,20,15,C,MPM00854,p-Aminobenzoate,Nc1ccc(C(=O)O)cc1,1,CC[C@H]1OC(=O)C[C@@H](OC(=O)c2ccc(N)cc2)[C@H](C)[C@@H](O[C@@H]2O[C@H](C)[C@@H](O)[C@H](N(C)C)[C@H]2O)[C@@H](CCN2C[C@H](C)C[C@H](C)C2)C[C@@H](C)C(=O)/C=C/C(C)=C/[C@@H]1CO[C@@H]1O[C@H](C)[C@@H](O)[C@@H](OC)[C@H]1OC,CC[C@H]1OC(=O)C[C@@H](OC(=O)c2ccc(N)cc2)[C@H](C)[C@@H](O[C@@H]2O[C@H](C)[C@@H](O)[C@H](N(C)C)[C@H]2O)[C@@H](CCN2C[C@H](C)C[C@H](C)C2)C[C@@H](C)C(=O)/C=C/C(C)=C/[C@@H]1CO[C@@H]1O[C@H](C)[C@@H](O)[C@@H](OC)[C@H]1OC,TRUE,,0.59
tilmicosin,Tilmicosin (ÌæÃ×¿¼ÐÇ),REF_TILMICOSIN,repository_reference,O56_attached_to_C52,56,52,C,MPM01526,N-Methylglycine,CNCC(=O)O,1,CC[C@H]1OC(=O)C[C@@H](O)[C@H](C)[C@@H](O[C@@H]2O[C@H](C)[C@@H](O)[C@H](N(C)C)[C@H]2O)[C@@H](CCN2C[C@H](C)C[C@H](C)C2)C[C@@H](C)C(=O)/C=C/C(C)=C/[C@@H]1CO[C@@H]1O[C@H](C)[C@@H](OC(=O)CNC)[C@@H](OC)[C@H]1OC,CC[C@H]1OC(=O)C[C@@H](O)[C@H](C)[C@@H](O[C@@H]2O[C@H](C)[C@@H](O)[C@H](N(C)C)[C@H]2O)[C@@H](CCN2C[C@H](C)C[C@H](C)C2)C[C@@H](C)C(=O)/C=C/C(C)=C/[C@@H]1CO[C@@H]1O[C@H](C)[C@@H](OC(=O)CNC)[C@@H](OC)[C@H]1OC,TRUE,,0.59
tilmicosin,Tilmicosin (ÌæÃ×¿¼ÐÇ),REF_TILMICOSIN,repository_reference,O30_attached_to_C26,30,26,C,MPM00854,p-Aminobenzoate,Nc1ccc(C(=O)O)cc1,1,CC[C@H]1OC(=O)C[C@@H](O)[C@H](C)[C@@H](O[C@@H]2O[C@H](C)[C@@H](OC(=O)c3ccc(N)cc3)[C@H](N(C)C)[C@H]2O)[C@@H](CCN2C[C@H](C)C[C@H](C)C2)C[C@@H](C)C(=O)/C=C/C(C)=C/[C@@H]1CO[C@@H]1O[C@H](C)[C@@H](O)[C@@H](OC)[C@H]1OC,CC[C@H]1OC(=O)C[C@@H](O)[C@H](C)[C@@H](O[C@@H]2O[C@H](C)[C@@H](OC(=O)c3ccc(N)cc3)[C@H](N(C)C)[C@H]2O)[C@@H](CCN2C[C@H](C)C[C@H](C)C2)C[C@@H](C)C(=O)/C=C/C(C)=C/[C@@H]1CO[C@@H]1O[C@H](C)[C@@H](O)[C@@H](OC)[C@H]1OC,TRUE,,0.588
tilmicosin,Tilmicosin (ÌæÃ×¿¼ÐÇ),REF_TILMICOSIN,repository_reference,O56_attached_to_C52,56,52,C,MPM01143,2-Aminosuccinamic acid,NC(=O)CC(N)C(=O)O,1,CC[C@H]1OC(=O)C[C@@H](O)[C@H](C)[C@@H](O[C@@H]2O[C@H](C)[C@@H](O)[C@H](N(C)C)[C@H]2O)[C@@H](CCN2C[C@H](C)C[C@H](C)C2)C[C@@H](C)C(=O)/C=C/C(C)=C/[C@@H]1CO[C@@H]1O[C@H](C)[C@@H](OC(=O)C(N)CC(N)=O)[C@@H](OC)[C@H]1OC,CC[C@H]1OC(=O)C[C@@H](O)[C@H](C)[C@@H](O[C@@H]2O[C@H](C)[C@@H](O)[C@H](N(C)C)[C@H]2O)[C@@H](CCN2C[C@H](C)C[C@H](C)C2)C[C@@H](C)C(=O)/C=C/C(C)=C/[C@@H]1CO[C@@H]1O[C@H](C)[C@@H](OC(=O)C(N)CC(N)=O)[C@@H](OC)[C@H]1OC,TRUE,,0.588
tilmicosin,Tilmicosin (ÌæÃ×¿¼ÐÇ),REF_TILMICOSIN,repository_reference,O30_attached_to_C26,30,26,C,MPM00961,Sulfoacetic acid,O=C(O)CS(=O)(=O)O,1,CC[C@H]1OC(=O)C[C@@H](O)[C@H](C)[C@@H](O[C@@H]2O[C@H](C)[C@@H](OC(=O)CS(=O)(=O)O)[C@H](N(C)C)[C@H]2O)[C@@H](CCN2C[C@H](C)C[C@H](C)C2)C[C@@H](C)C(=O)/C=C/C(C)=C/[C@@H]1CO[C@@H]1O[C@H](C)[C@@H](O)[C@@H](OC)[C@H]1OC,CC[C@H]1OC(=O)C[C@@H](O)[C@H](C)[C@@H](O[C@@H]2O[C@H](C)[C@@H](OC(=O)CS(=O)(=O)O)[C@H](N(C)C)[C@H]2O)[C@@H](CCN2C[C@H](C)C[C@H](C)C2)C[C@@H](C)C(=O)/C=C/C(C)=C/[C@@H]1CO[C@@H]1O[C@H](C)[C@@H](O)[C@@H](OC)[C@H]1OC,TRUE,,0.577
tilmicosin,Tilmicosin (ÌæÃ×¿¼ÐÇ),REF_TILMICOSIN,repository_reference,O20_attached_to_C15,20,15,C,MPM00961,Sulfoacetic acid,O=C(O)CS(=O)(=O)O,1,CC[C@H]1OC(=O)C[C@@H](OC(=O)CS(=O)(=O)O)[C@H](C)[C@@H](O[C@@H]2O[C@H](C)[C@@H](O)[C@H](N(C)C)[C@H]2O)[C@@H](CCN2C[C@H](C)C[C@H](C)C2)C[C@@H](C)C(=O)/C=C/C(C)=C/[C@@H]1CO[C@@H]1O[C@H](C)[C@@H](O)[C@@H](OC)[C@H]1OC,CC[C@H]1OC(=O)C[C@@H](OC(=O)CS(=O)(=O)O)[C@H](C)[C@@H](O[C@@H]2O[C@H](C)[C@@H](O)[C@H](N(C)C)[C@H]2O)[C@@H](CCN2C[C@H](C)C[C@H](C)C2)C[C@@H](C)C(=O)/C=C/C(C)=C/[C@@H]1CO[C@@H]1O[C@H](C)[C@@H](O)[C@@H](OC)[C@H]1OC,TRUE,,0.575
tilmicosin,Tilmicosin (ÌæÃ×¿¼ÐÇ),REF_TILMICOSIN,repository_reference,O34_attached_to_C24,34,24,C,MPM01396,GABA,NCCCC(=O)O,1,CC[C@H]1OC(=O)C[C@@H](O)[C@H](C)[C@@H](O[C@@H]2O[C@H](C)[C@@H](O)[C@H](N(C)C)[C@H]2OC(=O)CCCN)[C@@H](CCN2C[C@H](C)C[C@H](C)C2)C[C@@H](C)C(=O)/C=C/C(C)=C/[C@@H]1CO[C@@H]1O[C@H](C)[C@@H](O)[C@@H](OC)[C@H]1OC,CC[C@H]1OC(=O)C[C@@H](O)[C@H](C)[C@@H](O[C@@H]2O[C@H](C)[C@@H](O)[C@H](N(C)C)[C@H]2OC(=O)CCCN)[C@@H](CCN2C[C@H](C)C[C@H](C)C2)C[C@@H](C)C(=O)/C=C/C(C)=C/[C@@H]1CO[C@@H]1O[C@H](C)[C@@H](O)[C@@H](OC)[C@H]1OC,TRUE,,0.574
tilmicosin,Tilmicosin (ÌæÃ×¿¼ÐÇ),REF_TILMICOSIN,repository_reference,O30_attached_to_C26,30,26,C,MPM00328,3-Pyridinecarboxylic acid,O=C(O)c1cccnc1,1,CC[C@H]1OC(=O)C[C@@H](O)[C@H](C)[C@@H](O[C@@H]2O[C@H](C)[C@@H](OC(=O)c3cccnc3)[C@H](N(C)C)[C@H]2O)[C@@H](CCN2C[C@H](C)C[C@H](C)C2)C[C@@H](C)C(=O)/C=C/C(C)=C/[C@@H]1CO[C@@H]1O[C@H](C)[C@@H](O)[C@@H](OC)[C@H]1OC,CC[C@H]1OC(=O)C[C@@H](O)[C@H](C)[C@@H](O[C@@H]2O[C@H](C)[C@@H](OC(=O)c3cccnc3)[C@H](N(C)C)[C@H]2O)[C@@H](CCN2C[C@H](C)C[C@H](C)C2)C[C@@H](C)C(=O)/C=C/C(C)=C/[C@@H]1CO[C@@H]1O[C@H](C)[C@@H](O)[C@@H](OC)[C@H]1OC,TRUE,,0.571
tilmicosin,Tilmicosin (ÌæÃ×¿¼ÐÇ),REF_TILMICOSIN,repository_reference,O20_attached_to_C15,20,15,C,MPM00328,3-Pyridinecarboxylic acid,O=C(O)c1cccnc1,1,CC[C@H]1OC(=O)C[C@@H](OC(=O)c2cccnc2)[C@H](C)[C@@H](O[C@@H]2O[C@H](C)[C@@H](O)[C@H](N(C)C)[C@H]2O)[C@@H](CCN2C[C@H](C)C[C@H](C)C2)C[C@@H](C)C(=O)/C=C/C(C)=C/[C@@H]1CO[C@@H]1O[C@H](C)[C@@H](O)[C@@H](OC)[C@H]1OC,CC[C@H]1OC(=O)C[C@@H](OC(=O)c2cccnc2)[C@H](C)[C@@H](O[C@@H]2O[C@H](C)[C@@H](O)[C@H](N(C)C)[C@H]2O)[C@@H](CCN2C[C@H](C)C[C@H](C)C2)C[C@@H](C)C(=O)/C=C/C(C)=C/[C@@H]1CO[C@@H]1O[C@H](C)[C@@H](O)[C@@H](OC)[C@H]1OC,TRUE,,0.57
tilmicosin,Tilmicosin (ÌæÃ×¿¼ÐÇ),REF_TILMICOSIN,repository_reference,O34_attached_to_C24,34,24,C,MPM01242,5-Amino-4-oxovaleric acid,NCC(=O)CCC(=O)O,1,CC[C@H]1OC(=O)C[C@@H](O)[C@H](C)[C@@H](O[C@@H]2O[C@H](C)[C@@H](O)[C@H](N(C)C)[C@H]2OC(=O)CCC(=O)CN)[C@@H](CCN2C[C@H](C)C[C@H](C)C2)C[C@@H](C)C(=O)/C=C/C(C)=C/[C@@H]1CO[C@@H]1O[C@H](C)[C@@H](O)[C@@H](OC)[C@H]1OC,CC[C@H]1OC(=O)C[C@@H](O)[C@H](C)[C@@H](O[C@@H]2O[C@H](C)[C@@H](O)[C@H](N(C)C)[C@H]2OC(=O)CCC(=O)CN)[C@@H](CCN2C[C@H](C)C[C@H](C)C2)C[C@@H](C)C(=O)/C=C/C(C)=C/[C@@H]1CO[C@@H]1O[C@H](C)[C@@H](O)[C@@H](OC)[C@H]1OC,TRUE,,0.57
tilmicosin,Tilmicosin (ÌæÃ×¿¼ÐÇ),REF_TILMICOSIN,repository_reference,O34_attached_to_C24,34,24,C,MPM01164,2-Oxo-6-aminocaproate,NCCCCC(=O)C(=O)O,1,CC[C@H]1OC(=O)C[C@@H](O)[C@H](C)[C@@H](O[C@@H]2O[C@H](C)[C@@H](O)[C@H](N(C)C)[C@H]2OC(=O)C(=O)CCCCN)[C@@H](CCN2C[C@H](C)C[C@H](C)C2)C[C@@H](C)C(=O)/C=C/C(C)=C/[C@@H]1CO[C@@H]1O[C@H](C)[C@@H](O)[C@@H](OC)[C@H]1OC,CC[C@H]1OC(=O)C[C@@H](O)[C@H](C)[C@@H](O[C@@H]2O[C@H](C)[C@@H](O)[C@H](N(C)C)[C@H]2OC(=O)C(=O)CCCCN)[C@@H](CCN2C[C@H](C)C[C@H](C)C2)C[C@@H](C)C(=O)/C=C/C(C)=C/[C@@H]1CO[C@@H]1O[C@H](C)[C@@H](O)[C@@H](OC)[C@H]1OC,TRUE,,0.57
tilmicosin,Tilmicosin (ÌæÃ×¿¼ÐÇ),REF_TILMICOSIN,repository_reference,O56_attached_to_C52,56,52,C,MPM00137,"1,4-Dihydroxy-2-naphthoic acid",O=C(O)c1cc(O)c2ccccc2c1O,1,CC[C@H]1OC(=O)C[C@@H](O)[C@H](C)[C@@H](O[C@@H]2O[C@H](C)[C@@H](O)[C@H](N(C)C)[C@H]2O)[C@@H](CCN2C[C@H](C)C[C@H](C)C2)C[C@@H](C)C(=O)/C=C/C(C)=C/[C@@H]1CO[C@@H]1O[C@H](C)[C@@H](OC(=O)c2cc(O)c3ccccc3c2O)[C@@H](OC)[C@H]1OC,CC[C@H]1OC(=O)C[C@@H](O)[C@H](C)[C@@H](O[C@@H]2O[C@H](C)[C@@H](O)[C@H](N(C)C)[C@H]2O)[C@@H](CCN2C[C@H](C)C[C@H](C)C2)C[C@@H](C)C(=O)/C=C/C(C)=C/[C@@H]1CO[C@@H]1O[C@H](C)[C@@H](OC(=O)c2cc(O)c3ccccc3c2O)[C@@H](OC)[C@H]1OC,TRUE,,0.569
tilmicosin,Tilmicosin (ÌæÃ×¿¼ÐÇ),REF_TILMICOSIN,repository_reference,O20_attached_to_C15,20,15,C,MPM01639,Tyrosine,NC(Cc1ccc(O)cc1)C(=O)O,1,CC[C@H]1OC(=O)C[C@@H](OC(=O)C(N)Cc2ccc(O)cc2)[C@H](C)[C@@H](O[C@@H]2O[C@H](C)[C@@H](O)[C@H](N(C)C)[C@H]2O)[C@@H](CCN2C[C@H](C)C[C@H](C)C2)C[C@@H](C)C(=O)/C=C/C(C)=C/[C@@H]1CO[C@@H]1O[C@H](C)[C@@H](O)[C@@H](OC)[C@H]1OC,CC[C@H]1OC(=O)C[C@@H](OC(=O)C(N)Cc2ccc(O)cc2)[C@H](C)[C@@H](O[C@@H]2O[C@H](C)[C@@H](O)[C@H](N(C)C)[C@H]2O)[C@@H](CCN2C[C@H](C)C[C@H](C)C2)C[C@@H](C)C(=O)/C=C/C(C)=C/[C@@H]1CO[C@@H]1O[C@H](C)[C@@H](O)[C@@H](OC)[C@H]1OC,TRUE,,0.563
tilmicosin,Tilmicosin (ÌæÃ×¿¼ÐÇ),REF_TILMICOSIN,repository_reference,O30_attached_to_C26,30,26,C,MPM00199,2-Amino-3-sulfopropionic acid,NC(CS(=O)(=O)O)C(=O)O,1,CC[C@H]1OC(=O)C[C@@H](O)[C@H](C)[C@@H](O[C@@H]2O[C@H](C)[C@@H](OC(=O)C(N)CS(=O)(=O)O)[C@H](N(C)C)[C@H]2O)[C@@H](CCN2C[C@H](C)C[C@H](C)C2)C[C@@H](C)C(=O)/C=C/C(C)=C/[C@@H]1CO[C@@H]1O[C@H](C)[C@@H](O)[C@@H](OC)[C@H]1OC,CC[C@H]1OC(=O)C[C@@H](O)[C@H](C)[C@@H](O[C@@H]2O[C@H](C)[C@@H](OC(=O)C(N)CS(=O)(=O)O)[C@H](N(C)C)[C@H]2O)[C@@H](CCN2C[C@H](C)C[C@H](C)C2)C[C@@H](C)C(=O)/C=C/C(C)=C/[C@@H]1CO[C@@H]1O[C@H](C)[C@@H](O)[C@@H](OC)[C@H]1OC,TRUE,,0.561
tilmicosin,Tilmicosin (ÌæÃ×¿¼ÐÇ),REF_TILMICOSIN,repository_reference,O30_attached_to_C26,30,26,C,MPM01639,Tyrosine,NC(Cc1ccc(O)cc1)C(=O)O,1,CC[C@H]1OC(=O)C[C@@H](O)[C@H](C)[C@@H](O[C@@H]2O[C@H](C)[C@@H](OC(=O)C(N)Cc3ccc(O)cc3)[C@H](N(C)C)[C@H]2O)[C@@H](CCN2C[C@H](C)C[C@H](C)C2)C[C@@H](C)C(=O)/C=C/C(C)=C/[C@@H]1CO[C@@H]1O[C@H](C)[C@@H](O)[C@@H](OC)[C@H]1OC,CC[C@H]1OC(=O)C[C@@H](O)[C@H](C)[C@@H](O[C@@H]2O[C@H](C)[C@@H](OC(=O)C(N)Cc3ccc(O)cc3)[C@H](N(C)C)[C@H]2O)[C@@H](CCN2C[C@H](C)C[C@H](C)C2)C[C@@H](C)C(=O)/C=C/C(C)=C/[C@@H]1CO[C@@H]1O[C@H](C)[C@@H](O)[C@@H](OC)[C@H]1OC,TRUE,,0.56
tilmicosin,Tilmicosin (ÌæÃ×¿¼ÐÇ),REF_TILMICOSIN,repository_reference,O30_attached_to_C26,30,26,C,MPM01212,3-Aminopropanoate,NCCC(=O)O,1,CC[C@H]1OC(=O)C[C@@H](O)[C@H](C)[C@@H](O[C@@H]2O[C@H](C)[C@@H](OC(=O)CCN)[C@H](N(C)C)[C@H]2O)[C@@H](CCN2C[C@H](C)C[C@H](C)C2)C[C@@H](C)C(=O)/C=C/C(C)=C/[C@@H]1CO[C@@H]1O[C@H](C)[C@@H](O)[C@@H](OC)[C@H]1OC,CC[C@H]1OC(=O)C[C@@H](O)[C@H](C)[C@@H](O[C@@H]2O[C@H](C)[C@@H](OC(=O)CCN)[C@H](N(C)C)[C@H]2O)[C@@H](CCN2C[C@H](C)C[C@H](C)C2)C[C@@H](C)C(=O)/C=C/C(C)=C/[C@@H]1CO[C@@H]1O[C@H](C)[C@@H](O)[C@@H](OC)[C@H]1OC,TRUE,,0.559
tilmicosin,Tilmicosin (ÌæÃ×¿¼ÐÇ),REF_TILMICOSIN,repository_reference,O34_attached_to_C24,34,24,C,MPM00441,Alanylglycine,CC(N)C(=O)NCC(=O)O,1,CC[C@H]1OC(=O)C[C@@H](O)[C@H](C)[C@@H](O[C@@H]2O[C@H](C)[C@@H](O)[C@H](N(C)C)[C@H]2OC(=O)CNC(=O)C(C)N)[C@@H](CCN2C[C@H](C)C[C@H](C)C2)C[C@@H](C)C(=O)/C=C/C(C)=C/[C@@H]1CO[C@@H]1O[C@H](C)[C@@H](O)[C@@H](OC)[C@H]1OC,CC[C@H]1OC(=O)C[C@@H](O)[C@H](C)[C@@H](O[C@@H]2O[C@H](C)[C@@H](O)[C@H](N(C)C)[C@H]2OC(=O)CNC(=O)C(C)N)[C@@H](CCN2C[C@H](C)C[C@H](C)C2)C[C@@H](C)C(=O)/C=C/C(C)=C/[C@@H]1CO[C@@H]1O[C@H](C)[C@@H](O)[C@@H](OC)[C@H]1OC,TRUE,,0.558
tilmicosin,Tilmicosin (ÌæÃ×¿¼ÐÇ),REF_TILMICOSIN,repository_reference,O20_attached_to_C15,20,15,C,MPM00199,2-Amino-3-sulfopropionic acid,NC(CS(=O)(=O)O)C(=O)O,1,CC[C@H]1OC(=O)C[C@@H](OC(=O)C(N)CS(=O)(=O)O)[C@H](C)[C@@H](O[C@@H]2O[C@H](C)[C@@H](O)[C@H](N(C)C)[C@H]2O)[C@@H](CCN2C[C@H](C)C[C@H](C)C2)C[C@@H](C)C(=O)/C=C/C(C)=C/[C@@H]1CO[C@@H]1O[C@H](C)[C@@H](O)[C@@H](OC)[C@H]1OC,CC[C@H]1OC(=O)C[C@@H](OC(=O)C(N)CS(=O)(=O)O)[C@H](C)[C@@H](O[C@@H]2O[C@H](C)[C@@H](O)[C@H](N(C)C)[C@H]2O)[C@@H](CCN2C[C@H](C)C[C@H](C)C2)C[C@@H](C)C(=O)/C=C/C(C)=C/[C@@H]1CO[C@@H]1O[C@H](C)[C@@H](O)[C@@H](OC)[C@H]1OC,TRUE,,0.556
tilmicosin,Tilmicosin (ÌæÃ×¿¼ÐÇ),REF_TILMICOSIN,repository_reference,O56_attached_to_C52,56,52,C,MPM01396,GABA,NCCCC(=O)O,1,CC[C@H]1OC(=O)C[C@@H](O)[C@H](C)[C@@H](O[C@@H]2O[C@H](C)[C@@H](O)[C@H](N(C)C)[C@H]2O)[C@@H](CCN2C[C@H](C)C[C@H](C)C2)C[C@@H](C)C(=O)/C=C/C(C)=C/[C@@H]1CO[C@@H]1O[C@H](C)[C@@H](OC(=O)CCCN)[C@@H](OC)[C@H]1OC,CC[C@H]1OC(=O)C[C@@H](O)[C@H](C)[C@@H](O[C@@H]2O[C@H](C)[C@@H](O)[C@H](N(C)C)[C@H]2O)[C@@H](CCN2C[C@H](C)C[C@H](C)C2)C[C@@H](C)C(=O)/C=C/C(C)=C/[C@@H]1CO[C@@H]1O[C@H](C)[C@@H](OC(=O)CCCN)[C@@H](OC)[C@H]1OC,TRUE,,0.552
tilmicosin,Tilmicosin (ÌæÃ×¿¼ÐÇ),REF_TILMICOSIN,repository_reference,O20_attached_to_C15,20,15,C,MPM01212,3-Aminopropanoate,NCCC(=O)O,1,CC[C@H]1OC(=O)C[C@@H](OC(=O)CCN)[C@H](C)[C@@H](O[C@@H]2O[C@H](C)[C@@H](O)[C@H](N(C)C)[C@H]2O)[C@@H](CCN2C[C@H](C)C[C@H](C)C2)C[C@@H](C)C(=O)/C=C/C(C)=C/[C@@H]1CO[C@@H]1O[C@H](C)[C@@H](O)[C@@H](OC)[C@H]1OC,CC[C@H]1OC(=O)C[C@@H](OC(=O)CCN)[C@H](C)[C@@H](O[C@@H]2O[C@H](C)[C@@H](O)[C@H](N(C)C)[C@H]2O)[C@@H](CCN2C[C@H](C)C[C@H](C)C2)C[C@@H](C)C(=O)/C=C/C(C)=C/[C@@H]1CO[C@@H]1O[C@H](C)[C@@H](O)[C@@H](OC)[C@H]1OC,TRUE,,0.549
tilmicosin,Tilmicosin (ÌæÃ×¿¼ÐÇ),REF_TILMICOSIN,repository_reference,O56_attached_to_C52,56,52,C,MPM01164,2-Oxo-6-aminocaproate,NCCCCC(=O)C(=O)O,1,CC[C@H]1OC(=O)C[C@@H](O)[C@H](C)[C@@H](O[C@@H]2O[C@H](C)[C@@H](O)[C@H](N(C)C)[C@H]2O)[C@@H](CCN2C[C@H](C)C[C@H](C)C2)C[C@@H](C)C(=O)/C=C/C(C)=C/[C@@H]1CO[C@@H]1O[C@H](C)[C@@H](OC(=O)C(=O)CCCCN)[C@@H](OC)[C@H]1OC,CC[C@H]1OC(=O)C[C@@H](O)[C@H](C)[C@@H](O[C@@H]2O[C@H](C)[C@@H](O)[C@H](N(C)C)[C@H]2O)[C@@H](CCN2C[C@H](C)C[C@H](C)C2)C[C@@H](C)C(=O)/C=C/C(C)=C/[C@@H]1CO[C@@H]1O[C@H](C)[C@@H](OC(=O)C(=O)CCCCN)[C@@H](OC)[C@H]1OC,TRUE,,0.548
tilmicosin,Tilmicosin (ÌæÃ×¿¼ÐÇ),REF_TILMICOSIN,repository_reference,O56_attached_to_C52,56,52,C,MPM01242,5-Amino-4-oxovaleric acid,NCC(=O)CCC(=O)O,1,CC[C@H]1OC(=O)C[C@@H](O)[C@H](C)[C@@H](O[C@@H]2O[C@H](C)[C@@H](O)[C@H](N(C)C)[C@H]2O)[C@@H](CCN2C[C@H](C)C[C@H](C)C2)C[C@@H](C)C(=O)/C=C/C(C)=C/[C@@H]1CO[C@@H]1O[C@H](C)[C@@H](OC(=O)CCC(=O)CN)[C@@H](OC)[C@H]1OC,CC[C@H]1OC(=O)C[C@@H](O)[C@H](C)[C@@H](O[C@@H]2O[C@H](C)[C@@H](O)[C@H](N(C)C)[C@H]2O)[C@@H](CCN2C[C@H](C)C[C@H](C)C2)C[C@@H](C)C(=O)/C=C/C(C)=C/[C@@H]1CO[C@@H]1O[C@H](C)[C@@H](OC(=O)CCC(=O)CN)[C@@H](OC)[C@H]1OC,TRUE,,0.547
tilmicosin,Tilmicosin (ÌæÃ×¿¼ÐÇ),REF_TILMICOSIN,repository_reference,O30_attached_to_C26,30,26,C,MPM00701,Hydroxyacetic acid,O=C(O)CO,1,CC[C@H]1OC(=O)C[C@@H](O)[C@H](C)[C@@H](O[C@@H]2O[C@H](C)[C@@H](OC(=O)CO)[C@H](N(C)C)[C@H]2O)[C@@H](CCN2C[C@H](C)C[C@H](C)C2)C[C@@H](C)C(=O)/C=C/C(C)=C/[C@@H]1CO[C@@H]1O[C@H](C)[C@@H](O)[C@@H](OC)[C@H]1OC,CC[C@H]1OC(=O)C[C@@H](O)[C@H](C)[C@@H](O[C@@H]2O[C@H](C)[C@@H](OC(=O)CO)[C@H](N(C)C)[C@H]2O)[C@@H](CCN2C[C@H](C)C[C@H](C)C2)C[C@@H](C)C(=O)/C=C/C(C)=C/[C@@H]1CO[C@@H]1O[C@H](C)[C@@H](O)[C@@H](OC)[C@H]1OC,TRUE,,0.546
tilmicosin,Tilmicosin (ÌæÃ×¿¼ÐÇ),REF_TILMICOSIN,repository_reference,O34_attached_to_C24,34,24,C,MPM01464,L-2-Aminoglutaramic acid,NC(=O)CCC(N)C(=O)O,1,CC[C@H]1OC(=O)C[C@@H](O)[C@H](C)[C@@H](O[C@@H]2O[C@H](C)[C@@H](O)[C@H](N(C)C)[C@H]2OC(=O)C(N)CCC(N)=O)[C@@H](CCN2C[C@H](C)C[C@H](C)C2)C[C@@H](C)C(=O)/C=C/C(C)=C/[C@@H]1CO[C@@H]1O[C@H](C)[C@@H](O)[C@@H](OC)[C@H]1OC,CC[C@H]1OC(=O)C[C@@H](O)[C@H](C)[C@@H](O[C@@H]2O[C@H](C)[C@@H](O)[C@H](N(C)C)[C@H]2OC(=O)C(N)CCC(N)=O)[C@@H](CCN2C[C@H](C)C[C@H](C)C2)C[C@@H](C)C(=O)/C=C/C(C)=C/[C@@H]1CO[C@@H]1O[C@H](C)[C@@H](O)[C@@H](OC)[C@H]1OC,TRUE,,0.539
tilmicosin,Tilmicosin (ÌæÃ×¿¼ÐÇ),REF_TILMICOSIN,repository_reference,O56_attached_to_C52,56,52,C,MPM00441,Alanylglycine,CC(N)C(=O)NCC(=O)O,1,CC[C@H]1OC(=O)C[C@@H](O)[C@H](C)[C@@H](O[C@@H]2O[C@H](C)[C@@H](O)[C@H](N(C)C)[C@H]2O)[C@@H](CCN2C[C@H](C)C[C@H](C)C2)C[C@@H](C)C(=O)/C=C/C(C)=C/[C@@H]1CO[C@@H]1O[C@H](C)[C@@H](OC(=O)CNC(=O)C(C)N)[C@@H](OC)[C@H]1OC,CC[C@H]1OC(=O)C[C@@H](O)[C@H](C)[C@@H](O[C@@H]2O[C@H](C)[C@@H](O)[C@H](N(C)C)[C@H]2O)[C@@H](CCN2C[C@H](C)C[C@H](C)C2)C[C@@H](C)C(=O)/C=C/C(C)=C/[C@@H]1CO[C@@H]1O[C@H](C)[C@@H](OC(=O)CNC(=O)C(C)N)[C@@H](OC)[C@H]1OC,TRUE,,0.536
tilmicosin,Tilmicosin (ÌæÃ×¿¼ÐÇ),REF_TILMICOSIN,repository_reference,O30_attached_to_C26,30,26,C,MPM01526,N-Methylglycine,CNCC(=O)O,1,CC[C@H]1OC(=O)C[C@@H](O)[C@H](C)[C@@H](O[C@@H]2O[C@H](C)[C@@H](OC(=O)CNC)[C@H](N(C)C)[C@H]2O)[C@@H](CCN2C[C@H](C)C[C@H](C)C2)C[C@@H](C)C(=O)/C=C/C(C)=C/[C@@H]1CO[C@@H]1O[C@H](C)[C@@H](O)[C@@H](OC)[C@H]1OC,CC[C@H]1OC(=O)C[C@@H](O)[C@H](C)[C@@H](O[C@@H]2O[C@H](C)[C@@H](OC(=O)CNC)[C@H](N(C)C)[C@H]2O)[C@@H](CCN2C[C@H](C)C[C@H](C)C2)C[C@@H](C)C(=O)/C=C/C(C)=C/[C@@H]1CO[C@@H]1O[C@H](C)[C@@H](O)[C@@H](OC)[C@H]1OC,TRUE,,0.534
tilmicosin,Tilmicosin (ÌæÃ×¿¼ÐÇ),REF_TILMICOSIN,repository_reference,O20_attached_to_C15,20,15,C,MPM00701,Hydroxyacetic acid,O=C(O)CO,1,CC[C@H]1OC(=O)C[C@@H](OC(=O)CO)[C@H](C)[C@@H](O[C@@H]2O[C@H](C)[C@@H](O)[C@H](N(C)C)[C@H]2O)[C@@H](CCN2C[C@H](C)C[C@H](C)C2)C[C@@H](C)C(=O)/C=C/C(C)=C/[C@@H]1CO[C@@H]1O[C@H](C)[C@@H](O)[C@@H](OC)[C@H]1OC,CC[C@H]1OC(=O)C[C@@H](OC(=O)CO)[C@H](C)[C@@H](O[C@@H]2O[C@H](C)[C@@H](O)[C@H](N(C)C)[C@H]2O)[C@@H](CCN2C[C@H](C)C[C@H](C)C2)C[C@@H](C)C(=O)/C=C/C(C)=C/[C@@H]1CO[C@@H]1O[C@H](C)[C@@H](O)[C@@H](OC)[C@H]1OC,TRUE,,0.533
tilmicosin,Tilmicosin (ÌæÃ×¿¼ÐÇ),REF_TILMICOSIN,repository_reference,O30_attached_to_C26,30,26,C,MPM01143,2-Aminosuccinamic acid,NC(=O)CC(N)C(=O)O,1,CC[C@H]1OC(=O)C[C@@H](O)[C@H](C)[C@@H](O[C@@H]2O[C@H](C)[C@@H](OC(=O)C(N)CC(N)=O)[C@H](N(C)C)[C@H]2O)[C@@H](CCN2C[C@H](C)C[C@H](C)C2)C[C@@H](C)C(=O)/C=C/C(C)=C/[C@@H]1CO[C@@H]1O[C@H](C)[C@@H](O)[C@@H](OC)[C@H]1OC,CC[C@H]1OC(=O)C[C@@H](O)[C@H](C)[C@@H](O[C@@H]2O[C@H](C)[C@@H](OC(=O)C(N)CC(N)=O)[C@H](N(C)C)[C@H]2O)[C@@H](CCN2C[C@H](C)C[C@H](C)C2)C[C@@H](C)C(=O)/C=C/C(C)=C/[C@@H]1CO[C@@H]1O[C@H](C)[C@@H](O)[C@@H](OC)[C@H]1OC,TRUE,,0.532
tilmicosin,Tilmicosin (ÌæÃ×¿¼ÐÇ),REF_TILMICOSIN,repository_reference,O20_attached_to_C15,20,15,C,MPM01143,2-Aminosuccinamic acid,NC(=O)CC(N)C(=O)O,1,CC[C@H]1OC(=O)C[C@@H](OC(=O)C(N)CC(N)=O)[C@H](C)[C@@H](O[C@@H]2O[C@H](C)[C@@H](O)[C@H](N(C)C)[C@H]2O)[C@@H](CCN2C[C@H](C)C[C@H](C)C2)C[C@@H](C)C(=O)/C=C/C(C)=C/[C@@H]1CO[C@@H]1O[C@H](C)[C@@H](O)[C@@H](OC)[C@H]1OC,CC[C@H]1OC(=O)C[C@@H](OC(=O)C(N)CC(N)=O)[C@H](C)[C@@H](O[C@@H]2O[C@H](C)[C@@H](O)[C@H](N(C)C)[C@H]2O)[C@@H](CCN2C[C@H](C)C[C@H](C)C2)C[C@@H](C)C(=O)/C=C/C(C)=C/[C@@H]1CO[C@@H]1O[C@H](C)[C@@H](O)[C@@H](OC)[C@H]1OC,TRUE,,0.526
tilmicosin,Tilmicosin (ÌæÃ×¿¼ÐÇ),REF_TILMICOSIN,repository_reference,O20_attached_to_C15,20,15,C,MPM01526,N-Methylglycine,CNCC(=O)O,1,CC[C@H]1OC(=O)C[C@@H](OC(=O)CNC)[C@H](C)[C@@H](O[C@@H]2O[C@H](C)[C@@H](O)[C@H](N(C)C)[C@H]2O)[C@@H](CCN2C[C@H](C)C[C@H](C)C2)C[C@@H](C)C(=O)/C=C/C(C)=C/[C@@H]1CO[C@@H]1O[C@H](C)[C@@H](O)[C@@H](OC)[C@H]1OC,CC[C@H]1OC(=O)C[C@@H](OC(=O)CNC)[C@H](C)[C@@H](O[C@@H]2O[C@H](C)[C@@H](O)[C@H](N(C)C)[C@H]2O)[C@@H](CCN2C[C@H](C)C[C@H](C)C2)C[C@@H](C)C(=O)/C=C/C(C)=C/[C@@H]1CO[C@@H]1O[C@H](C)[C@@H](O)[C@@H](OC)[C@H]1OC,TRUE,,0.524
tilmicosin,Tilmicosin (ÌæÃ×¿¼ÐÇ),REF_TILMICOSIN,repository_reference,O34_attached_to_C24,34,24,C,MPM01358,D-Ala,CC(N)C(=O)O,1,CC[C@H]1OC(=O)C[C@@H](O)[C@H](C)[C@@H](O[C@@H]2O[C@H](C)[C@@H](O)[C@H](N(C)C)[C@H]2OC(=O)C(C)N)[C@@H](CCN2C[C@H](C)C[C@H](C)C2)C[C@@H](C)C(=O)/C=C/C(C)=C/[C@@H]1CO[C@@H]1O[C@H](C)[C@@H](O)[C@@H](OC)[C@H]1OC,CC[C@H]1OC(=O)C[C@@H](O)[C@H](C)[C@@H](O[C@@H]2O[C@H](C)[C@@H](O)[C@H](N(C)C)[C@H]2OC(=O)C(C)N)[C@@H](CCN2C[C@H](C)C[C@H](C)C2)C[C@@H](C)C(=O)/C=C/C(C)=C/[C@@H]1CO[C@@H]1O[C@H](C)[C@@H](O)[C@@H](OC)[C@H]1OC,TRUE,,0.523
tilmicosin,Tilmicosin (ÌæÃ×¿¼ÐÇ),REF_TILMICOSIN,repository_reference,O20_attached_to_C15,20,15,C,MPM00137,"1,4-Dihydroxy-2-naphthoic acid",O=C(O)c1cc(O)c2ccccc2c1O,1,CC[C@H]1OC(=O)C[C@@H](OC(=O)c2cc(O)c3ccccc3c2O)[C@H](C)[C@@H](O[C@@H]2O[C@H](C)[C@@H](O)[C@H](N(C)C)[C@H]2O)[C@@H](CCN2C[C@H](C)C[C@H](C)C2)C[C@@H](C)C(=O)/C=C/C(C)=C/[C@@H]1CO[C@@H]1O[C@H](C)[C@@H](O)[C@@H](OC)[C@H]1OC,CC[C@H]1OC(=O)C[C@@H](OC(=O)c2cc(O)c3ccccc3c2O)[C@H](C)[C@@H](O[C@@H]2O[C@H](C)[C@@H](O)[C@H](N(C)C)[C@H]2O)[C@@H](CCN2C[C@H](C)C[C@H](C)C2)C[C@@H](C)C(=O)/C=C/C(C)=C/[C@@H]1CO[C@@H]1O[C@H](C)[C@@H](O)[C@@H](OC)[C@H]1OC,TRUE,,0.519
tilmicosin,Tilmicosin (ÌæÃ×¿¼ÐÇ),REF_TILMICOSIN,repository_reference,O56_attached_to_C52,56,52,C,MPM01464,L-2-Aminoglutaramic acid,NC(=O)CCC(N)C(=O)O,1,CC[C@H]1OC(=O)C[C@@H](O)[C@H](C)[C@@H](O[C@@H]2O[C@H](C)[C@@H](O)[C@H](N(C)C)[C@H]2O)[C@@H](CCN2C[C@H](C)C[C@H](C)C2)C[C@@H](C)C(=O)/C=C/C(C)=C/[C@@H]1CO[C@@H]1O[C@H](C)[C@@H](OC(=O)C(N)CCC(N)=O)[C@@H](OC)[C@H]1OC,CC[C@H]1OC(=O)C[C@@H](O)[C@H](C)[C@@H](O[C@@H]2O[C@H](C)[C@@H](O)[C@H](N(C)C)[C@H]2O)[C@@H](CCN2C[C@H](C)C[C@H](C)C2)C[C@@H](C)C(=O)/C=C/C(C)=C/[C@@H]1CO[C@@H]1O[C@H](C)[C@@H](OC(=O)C(N)CCC(N)=O)[C@@H](OC)[C@H]1OC,TRUE,,0.516
tilmicosin,Tilmicosin (ÌæÃ×¿¼ÐÇ),REF_TILMICOSIN,repository_reference,O30_attached_to_C26,30,26,C,MPM00137,"1,4-Dihydroxy-2-naphthoic acid",O=C(O)c1cc(O)c2ccccc2c1O,1,CC[C@H]1OC(=O)C[C@@H](O)[C@H](C)[C@@H](O[C@@H]2O[C@H](C)[C@@H](OC(=O)c3cc(O)c4ccccc4c3O)[C@H](N(C)C)[C@H]2O)[C@@H](CCN2C[C@H](C)C[C@H](C)C2)C[C@@H](C)C(=O)/C=C/C(C)=C/[C@@H]1CO[C@@H]1O[C@H](C)[C@@H](O)[C@@H](OC)[C@H]1OC,CC[C@H]1OC(=O)C[C@@H](O)[C@H](C)[C@@H](O[C@@H]2O[C@H](C)[C@@H](OC(=O)c3cc(O)c4ccccc4c3O)[C@H](N(C)C)[C@H]2O)[C@@H](CCN2C[C@H](C)C[C@H](C)C2)C[C@@H](C)C(=O)/C=C/C(C)=C/[C@@H]1CO[C@@H]1O[C@H](C)[C@@H](O)[C@@H](OC)[C@H]1OC,TRUE,,0.513
tilmicosin,Tilmicosin (ÌæÃ×¿¼ÐÇ),REF_TILMICOSIN,repository_reference,O56_attached_to_C52,56,52,C,MPM01358,D-Ala,CC(N)C(=O)O,1,CC[C@H]1OC(=O)C[C@@H](O)[C@H](C)[C@@H](O[C@@H]2O[C@H](C)[C@@H](O)[C@H](N(C)C)[C@H]2O)[C@@H](CCN2C[C@H](C)C[C@H](C)C2)C[C@@H](C)C(=O)/C=C/C(C)=C/[C@@H]1CO[C@@H]1O[C@H](C)[C@@H](OC(=O)C(C)N)[C@@H](OC)[C@H]1OC,CC[C@H]1OC(=O)C[C@@H](O)[C@H](C)[C@@H](O[C@@H]2O[C@H](C)[C@@H](O)[C@H](N(C)C)[C@H]2O)[C@@H](CCN2C[C@H](C)C[C@H](C)C2)C[C@@H](C)C(=O)/C=C/C(C)=C/[C@@H]1CO[C@@H]1O[C@H](C)[C@@H](OC(=O)C(C)N)[C@@H](OC)[C@H]1OC,TRUE,,0.501
tilmicosin,Tilmicosin (ÌæÃ×¿¼ÐÇ),REF_TILMICOSIN,repository_reference,O34_attached_to_C24,34,24,C,MPM00676,Glycyl-L-phenylalanine,NCC(=O)NC(Cc1ccccc1)C(=O)O,1,CC[C@H]1OC(=O)C[C@@H](O)[C@H](C)[C@@H](O[C@@H]2O[C@H](C)[C@@H](O)[C@H](N(C)C)[C@H]2OC(=O)C(Cc2ccccc2)NC(=O)CN)[C@@H](CCN2C[C@H](C)C[C@H](C)C2)C[C@@H](C)C(=O)/C=C/C(C)=C/[C@@H]1CO[C@@H]1O[C@H](C)[C@@H](O)[C@@H](OC)[C@H]1OC,CC[C@H]1OC(=O)C[C@@H](O)[C@H](C)[C@@H](O[C@@H]2O[C@H](C)[C@@H](O)[C@H](N(C)C)[C@H]2OC(=O)C(Cc2ccccc2)NC(=O)CN)[C@@H](CCN2C[C@H](C)C[C@H](C)C2)C[C@@H](C)C(=O)/C=C/C(C)=C/[C@@H]1CO[C@@H]1O[C@H](C)[C@@H](O)[C@@H](OC)[C@H]1OC,TRUE,,0.5
tilmicosin,Tilmicosin (ÌæÃ×¿¼ÐÇ),REF_TILMICOSIN,repository_reference,O20_attached_to_C15,20,15,C,MPM01164,2-Oxo-6-aminocaproate,NCCCCC(=O)C(=O)O,1,CC[C@H]1OC(=O)C[C@@H](OC(=O)C(=O)CCCCN)[C@H](C)[C@@H](O[C@@H]2O[C@H](C)[C@@H](O)[C@H](N(C)C)[C@H]2O)[C@@H](CCN2C[C@H](C)C[C@H](C)C2)C[C@@H](C)C(=O)/C=C/C(C)=C/[C@@H]1CO[C@@H]1O[C@H](C)[C@@H](O)[C@@H](OC)[C@H]1OC,CC[C@H]1OC(=O)C[C@@H](OC(=O)C(=O)CCCCN)[C@H](C)[C@@H](O[C@@H]2O[C@H](C)[C@@H](O)[C@H](N(C)C)[C@H]2O)[C@@H](CCN2C[C@H](C)C[C@H](C)C2)C[C@@H](C)C(=O)/C=C/C(C)=C/[C@@H]1CO[C@@H]1O[C@H](C)[C@@H](O)[C@@H](OC)[C@H]1OC,TRUE,,0.497
tilmicosin,Tilmicosin (ÌæÃ×¿¼ÐÇ),REF_TILMICOSIN,repository_reference,O34_attached_to_C24,34,24,C,MPM00742,L-beta-Lysine,NCCCC(N)CC(=O)O,1,CC[C@H]1OC(=O)C[C@@H](O)[C@H](C)[C@@H](O[C@@H]2O[C@H](C)[C@@H](O)[C@H](N(C)C)[C@H]2OC(=O)CC(N)CCCN)[C@@H](CCN2C[C@H](C)C[C@H](C)C2)C[C@@H](C)C(=O)/C=C/C(C)=C/[C@@H]1CO[C@@H]1O[C@H](C)[C@@H](O)[C@@H](OC)[C@H]1OC,CC[C@H]1OC(=O)C[C@@H](O)[C@H](C)[C@@H](O[C@@H]2O[C@H](C)[C@@H](O)[C@H](N(C)C)[C@H]2OC(=O)CC(N)CCCN)[C@@H](CCN2C[C@H](C)C[C@H](C)C2)C[C@@H](C)C(=O)/C=C/C(C)=C/[C@@H]1CO[C@@H]1O[C@H](C)[C@@H](O)[C@@H](OC)[C@H]1OC,TRUE,,0.497
tilmicosin,Tilmicosin (ÌæÃ×¿¼ÐÇ),REF_TILMICOSIN,repository_reference,O30_attached_to_C26,30,26,C,MPM01396,GABA,NCCCC(=O)O,1,CC[C@H]1OC(=O)C[C@@H](O)[C@H](C)[C@@H](O[C@@H]2O[C@H](C)[C@@H](OC(=O)CCCN)[C@H](N(C)C)[C@H]2O)[C@@H](CCN2C[C@H](C)C[C@H](C)C2)C[C@@H](C)C(=O)/C=C/C(C)=C/[C@@H]1CO[C@@H]1O[C@H](C)[C@@H](O)[C@@H](OC)[C@H]1OC,CC[C@H]1OC(=O)C[C@@H](O)[C@H](C)[C@@H](O[C@@H]2O[C@H](C)[C@@H](OC(=O)CCCN)[C@H](N(C)C)[C@H]2O)[C@@H](CCN2C[C@H](C)C[C@H](C)C2)C[C@@H](C)C(=O)/C=C/C(C)=C/[C@@H]1CO[C@@H]1O[C@H](C)[C@@H](O)[C@@H](OC)[C@H]1OC,TRUE,,0.496
tilmicosin,Tilmicosin (ÌæÃ×¿¼ÐÇ),REF_TILMICOSIN,repository_reference,O30_attached_to_C26,30,26,C,MPM01242,5-Amino-4-oxovaleric acid,NCC(=O)CCC(=O)O,1,CC[C@H]1OC(=O)C[C@@H](O)[C@H](C)[C@@H](O[C@@H]2O[C@H](C)[C@@H](OC(=O)CCC(=O)CN)[C@H](N(C)C)[C@H]2O)[C@@H](CCN2C[C@H](C)C[C@H](C)C2)C[C@@H](C)C(=O)/C=C/C(C)=C/[C@@H]1CO[C@@H]1O[C@H](C)[C@@H](O)[C@@H](OC)[C@H]1OC,CC[C@H]1OC(=O)C[C@@H](O)[C@H](C)[C@@H](O[C@@H]2O[C@H](C)[C@@H](OC(=O)CCC(=O)CN)[C@H](N(C)C)[C@H]2O)[C@@H](CCN2C[C@H](C)C[C@H](C)C2)C[C@@H](C)C(=O)/C=C/C(C)=C/[C@@H]1CO[C@@H]1O[C@H](C)[C@@H](O)[C@@H](OC)[C@H]1OC,TRUE,,0.491
tilmicosin,Tilmicosin (ÌæÃ×¿¼ÐÇ),REF_TILMICOSIN,repository_reference,O30_attached_to_C26,30,26,C,MPM01164,2-Oxo-6-aminocaproate,NCCCCC(=O)C(=O)O,1,CC[C@H]1OC(=O)C[C@@H](O)[C@H](C)[C@@H](O[C@@H]2O[C@H](C)[C@@H](OC(=O)C(=O)CCCCN)[C@H](N(C)C)[C@H]2O)[C@@H](CCN2C[C@H](C)C[C@H](C)C2)C[C@@H](C)C(=O)/C=C/C(C)=C/[C@@H]1CO[C@@H]1O[C@H](C)[C@@H](O)[C@@H](OC)[C@H]1OC,CC[C@H]1OC(=O)C[C@@H](O)[C@H](C)[C@@H](O[C@@H]2O[C@H](C)[C@@H](OC(=O)C(=O)CCCCN)[C@H](N(C)C)[C@H]2O)[C@@H](CCN2C[C@H](C)C[C@H](C)C2)C[C@@H](C)C(=O)/C=C/C(C)=C/[C@@H]1CO[C@@H]1O[C@H](C)[C@@H](O)[C@@H](OC)[C@H]1OC,TRUE,,0.491
tilmicosin,Tilmicosin (ÌæÃ×¿¼ÐÇ),REF_TILMICOSIN,repository_reference,O20_attached_to_C15,20,15,C,MPM01396,GABA,NCCCC(=O)O,1,CC[C@H]1OC(=O)C[C@@H](OC(=O)CCCN)[C@H](C)[C@@H](O[C@@H]2O[C@H](C)[C@@H](O)[C@H](N(C)C)[C@H]2O)[C@@H](CCN2C[C@H](C)C[C@H](C)C2)C[C@@H](C)C(=O)/C=C/C(C)=C/[C@@H]1CO[C@@H]1O[C@H](C)[C@@H](O)[C@@H](OC)[C@H]1OC,CC[C@H]1OC(=O)C[C@@H](OC(=O)CCCN)[C@H](C)[C@@H](O[C@@H]2O[C@H](C)[C@@H](O)[C@H](N(C)C)[C@H]2O)[C@@H](CCN2C[C@H](C)C[C@H](C)C2)C[C@@H](C)C(=O)/C=C/C(C)=C/[C@@H]1CO[C@@H]1O[C@H](C)[C@@H](O)[C@@H](OC)[C@H]1OC,TRUE,,0.489
tilmicosin,Tilmicosin (ÌæÃ×¿¼ÐÇ),REF_TILMICOSIN,repository_reference,O20_attached_to_C15,20,15,C,MPM01242,5-Amino-4-oxovaleric acid,NCC(=O)CCC(=O)O,1,CC[C@H]1OC(=O)C[C@@H](OC(=O)CCC(=O)CN)[C@H](C)[C@@H](O[C@@H]2O[C@H](C)[C@@H](O)[C@H](N(C)C)[C@H]2O)[C@@H](CCN2C[C@H](C)C[C@H](C)C2)C[C@@H](C)C(=O)/C=C/C(C)=C/[C@@H]1CO[C@@H]1O[C@H](C)[C@@H](O)[C@@H](OC)[C@H]1OC,CC[C@H]1OC(=O)C[C@@H](OC(=O)CCC(=O)CN)[C@H](C)[C@@H](O[C@@H]2O[C@H](C)[C@@H](O)[C@H](N(C)C)[C@H]2O)[C@@H](CCN2C[C@H](C)C[C@H](C)C2)C[C@@H](C)C(=O)/C=C/C(C)=C/[C@@H]1CO[C@@H]1O[C@H](C)[C@@H](O)[C@@H](OC)[C@H]1OC,TRUE,,0.487
tilmicosin,Tilmicosin (ÌæÃ×¿¼ÐÇ),REF_TILMICOSIN,repository_reference,O30_attached_to_C26,30,26,C,MPM00441,Alanylglycine,CC(N)C(=O)NCC(=O)O,1,CC[C@H]1OC(=O)C[C@@H](O)[C@H](C)[C@@H](O[C@@H]2O[C@H](C)[C@@H](OC(=O)CNC(=O)C(C)N)[C@H](N(C)C)[C@H]2O)[C@@H](CCN2C[C@H](C)C[C@H](C)C2)C[C@@H](C)C(=O)/C=C/C(C)=C/[C@@H]1CO[C@@H]1O[C@H](C)[C@@H](O)[C@@H](OC)[C@H]1OC,CC[C@H]1OC(=O)C[C@@H](O)[C@H](C)[C@@H](O[C@@H]2O[C@H](C)[C@@H](OC(=O)CNC(=O)C(C)N)[C@H](N(C)C)[C@H]2O)[C@@H](CCN2C[C@H](C)C[C@H](C)C2)C[C@@H](C)C(=O)/C=C/C(C)=C/[C@@H]1CO[C@@H]1O[C@H](C)[C@@H](O)[C@@H](OC)[C@H]1OC,TRUE,,0.48
tilmicosin,Tilmicosin (ÌæÃ×¿¼ÐÇ),REF_TILMICOSIN,repository_reference,O56_attached_to_C52,56,52,C,MPM00676,Glycyl-L-phenylalanine,NCC(=O)NC(Cc1ccccc1)C(=O)O,1,CC[C@H]1OC(=O)C[C@@H](O)[C@H](C)[C@@H](O[C@@H]2O[C@H](C)[C@@H](O)[C@H](N(C)C)[C@H]2O)[C@@H](CCN2C[C@H](C)C[C@H](C)C2)C[C@@H](C)C(=O)/C=C/C(C)=C/[C@@H]1CO[C@@H]1O[C@H](C)[C@@H](OC(=O)C(Cc2ccccc2)NC(=O)CN)[C@@H](OC)[C@H]1OC,CC[C@H]1OC(=O)C[C@@H](O)[C@H](C)[C@@H](O[C@@H]2O[C@H](C)[C@@H](O)[C@H](N(C)C)[C@H]2O)[C@@H](CCN2C[C@H](C)C[C@H](C)C2)C[C@@H](C)C(=O)/C=C/C(C)=C/[C@@H]1CO[C@@H]1O[C@H](C)[C@@H](OC(=O)C(Cc2ccccc2)NC(=O)CN)[C@@H](OC)[C@H]1OC,TRUE,,0.478
tilmicosin,Tilmicosin (ÌæÃ×¿¼ÐÇ),REF_TILMICOSIN,repository_reference,O20_attached_to_C15,20,15,C,MPM00441,Alanylglycine,CC(N)C(=O)NCC(=O)O,1,CC[C@H]1OC(=O)C[C@@H](OC(=O)CNC(=O)C(C)N)[C@H](C)[C@@H](O[C@@H]2O[C@H](C)[C@@H](O)[C@H](N(C)C)[C@H]2O)[C@@H](CCN2C[C@H](C)C[C@H](C)C2)C[C@@H](C)C(=O)/C=C/C(C)=C/[C@@H]1CO[C@@H]1O[C@H](C)[C@@H](O)[C@@H](OC)[C@H]1OC,CC[C@H]1OC(=O)C[C@@H](OC(=O)CNC(=O)C(C)N)[C@H](C)[C@@H](O[C@@H]2O[C@H](C)[C@@H](O)[C@H](N(C)C)[C@H]2O)[C@@H](CCN2C[C@H](C)C[C@H](C)C2)C[C@@H](C)C(=O)/C=C/C(C)=C/[C@@H]1CO[C@@H]1O[C@H](C)[C@@H](O)[C@@H](OC)[C@H]1OC,TRUE,,0.476
tilmicosin,Tilmicosin (ÌæÃ×¿¼ÐÇ),REF_TILMICOSIN,repository_reference,O56_attached_to_C52,56,52,C,MPM00742,L-beta-Lysine,NCCCC(N)CC(=O)O,1,CC[C@H]1OC(=O)C[C@@H](O)[C@H](C)[C@@H](O[C@@H]2O[C@H](C)[C@@H](O)[C@H](N(C)C)[C@H]2O)[C@@H](CCN2C[C@H](C)C[C@H](C)C2)C[C@@H](C)C(=O)/C=C/C(C)=C/[C@@H]1CO[C@@H]1O[C@H](C)[C@@H](OC(=O)CC(N)CCCN)[C@@H](OC)[C@H]1OC,CC[C@H]1OC(=O)C[C@@H](O)[C@H](C)[C@@H](O[C@@H]2O[C@H](C)[C@@H](O)[C@H](N(C)C)[C@H]2O)[C@@H](CCN2C[C@H](C)C[C@H](C)C2)C[C@@H](C)C(=O)/C=C/C(C)=C/[C@@H]1CO[C@@H]1O[C@H](C)[C@@H](OC(=O)CC(N)CCCN)[C@@H](OC)[C@H]1OC,TRUE,,0.475
tilmicosin,Tilmicosin (ÌæÃ×¿¼ÐÇ),REF_TILMICOSIN,repository_reference,O34_attached_to_C24,34,24,C,MPM01141,2-Amino-4-hydroxybutyric acid,NC(CCO)C(=O)O,1,CC[C@H]1OC(=O)C[C@@H](O)[C@H](C)[C@@H](O[C@@H]2O[C@H](C)[C@@H](O)[C@H](N(C)C)[C@H]2OC(=O)C(N)CCO)[C@@H](CCN2C[C@H](C)C[C@H](C)C2)C[C@@H](C)C(=O)/C=C/C(C)=C/[C@@H]1CO[C@@H]1O[C@H](C)[C@@H](O)[C@@H](OC)[C@H]1OC,CC[C@H]1OC(=O)C[C@@H](O)[C@H](C)[C@@H](O[C@@H]2O[C@H](C)[C@@H](O)[C@H](N(C)C)[C@H]2OC(=O)C(N)CCO)[C@@H](CCN2C[C@H](C)C[C@H](C)C2)C[C@@H](C)C(=O)/C=C/C(C)=C/[C@@H]1CO[C@@H]1O[C@H](C)[C@@H](O)[C@@H](OC)[C@H]1OC,TRUE,,0.465
tilmicosin,Tilmicosin (ÌæÃ×¿¼ÐÇ),REF_TILMICOSIN,repository_reference,O34_attached_to_C24,34,24,C,MPM01379,D-Serine,NC(CO)C(=O)O,1,CC[C@H]1OC(=O)C[C@@H](O)[C@H](C)[C@@H](O[C@@H]2O[C@H](C)[C@@H](O)[C@H](N(C)C)[C@H]2OC(=O)C(N)CO)[C@@H](CCN2C[C@H](C)C[C@H](C)C2)C[C@@H](C)C(=O)/C=C/C(C)=C/[C@@H]1CO[C@@H]1O[C@H](C)[C@@H](O)[C@@H](OC)[C@H]1OC,CC[C@H]1OC(=O)C[C@@H](O)[C@H](C)[C@@H](O[C@@H]2O[C@H](C)[C@@H](O)[C@H](N(C)C)[C@H]2OC(=O)C(N)CO)[C@@H](CCN2C[C@H](C)C[C@H](C)C2)C[C@@H](C)C(=O)/C=C/C(C)=C/[C@@H]1CO[C@@H]1O[C@H](C)[C@@H](O)[C@@H](OC)[C@H]1OC,TRUE,,0.461
tilmicosin,Tilmicosin (ÌæÃ×¿¼ÐÇ),REF_TILMICOSIN,repository_reference,O30_attached_to_C26,30,26,C,MPM01464,L-2-Aminoglutaramic acid,NC(=O)CCC(N)C(=O)O,1,CC[C@H]1OC(=O)C[C@@H](O)[C@H](C)[C@@H](O[C@@H]2O[C@H](C)[C@@H](OC(=O)C(N)CCC(N)=O)[C@H](N(C)C)[C@H]2O)[C@@H](CCN2C[C@H](C)C[C@H](C)C2)C[C@@H](C)C(=O)/C=C/C(C)=C/[C@@H]1CO[C@@H]1O[C@H](C)[C@@H](O)[C@@H](OC)[C@H]1OC,CC[C@H]1OC(=O)C[C@@H](O)[C@H](C)[C@@H](O[C@@H]2O[C@H](C)[C@@H](OC(=O)C(N)CCC(N)=O)[C@H](N(C)C)[C@H]2O)[C@@H](CCN2C[C@H](C)C[C@H](C)C2)C[C@@H](C)C(=O)/C=C/C(C)=C/[C@@H]1CO[C@@H]1O[C@H](C)[C@@H](O)[C@@H](OC)[C@H]1OC,TRUE,,0.46
tilmicosin,Tilmicosin (ÌæÃ×¿¼ÐÇ),REF_TILMICOSIN,repository_reference,O20_attached_to_C15,20,15,C,MPM01464,L-2-Aminoglutaramic acid,NC(=O)CCC(N)C(=O)O,1,CC[C@H]1OC(=O)C[C@@H](OC(=O)C(N)CCC(N)=O)[C@H](C)[C@@H](O[C@@H]2O[C@H](C)[C@@H](O)[C@H](N(C)C)[C@H]2O)[C@@H](CCN2C[C@H](C)C[C@H](C)C2)C[C@@H](C)C(=O)/C=C/C(C)=C/[C@@H]1CO[C@@H]1O[C@H](C)[C@@H](O)[C@@H](OC)[C@H]1OC,CC[C@H]1OC(=O)C[C@@H](OC(=O)C(N)CCC(N)=O)[C@H](C)[C@@H](O[C@@H]2O[C@H](C)[C@@H](O)[C@H](N(C)C)[C@H]2O)[C@@H](CCN2C[C@H](C)C[C@H](C)C2)C[C@@H](C)C(=O)/C=C/C(C)=C/[C@@H]1CO[C@@H]1O[C@H](C)[C@@H](O)[C@@H](OC)[C@H]1OC,TRUE,,0.456
tilmicosin,Tilmicosin (ÌæÃ×¿¼ÐÇ),REF_TILMICOSIN,repository_reference,O34_attached_to_C24,34,24,C,MPM00679,Glyoxylic acid,O=CC(=O)O,1,CC[C@H]1OC(=O)C[C@@H](O)[C@H](C)[C@@H](O[C@@H]2O[C@H](C)[C@@H](O)[C@H](N(C)C)[C@H]2OC(=O)C=O)[C@@H](CCN2C[C@H](C)C[C@H](C)C2)C[C@@H](C)C(=O)/C=C/C(C)=C/[C@@H]1CO[C@@H]1O[C@H](C)[C@@H](O)[C@@H](OC)[C@H]1OC,CC[C@H]1OC(=O)C[C@@H](O)[C@H](C)[C@@H](O[C@@H]2O[C@H](C)[C@@H](O)[C@H](N(C)C)[C@H]2OC(=O)C=O)[C@@H](CCN2C[C@H](C)C[C@H](C)C2)C[C@@H](C)C(=O)/C=C/C(C)=C/[C@@H]1CO[C@@H]1O[C@H](C)[C@@H](O)[C@@H](OC)[C@H]1OC,TRUE,,0.449
tilmicosin,Tilmicosin (ÌæÃ×¿¼ÐÇ),REF_TILMICOSIN,repository_reference,O34_attached_to_C24,34,24,C,MPM00031,"(2R,4S)-2,4-diaminopentanoic acid",CC(N)CC(N)C(=O)O,1,CC[C@H]1OC(=O)C[C@@H](O)[C@H](C)[C@@H](O[C@@H]2O[C@H](C)[C@@H](O)[C@H](N(C)C)[C@H]2OC(=O)C(N)CC(C)N)[C@@H](CCN2C[C@H](C)C[C@H](C)C2)C[C@@H](C)C(=O)/C=C/C(C)=C/[C@@H]1CO[C@@H]1O[C@H](C)[C@@H](O)[C@@H](OC)[C@H]1OC,CC[C@H]1OC(=O)C[C@@H](O)[C@H](C)[C@@H](O[C@@H]2O[C@H](C)[C@@H](O)[C@H](N(C)C)[C@H]2OC(=O)C(N)CC(C)N)[C@@H](CCN2C[C@H](C)C[C@H](C)C2)C[C@@H](C)C(=O)/C=C/C(C)=C/[C@@H]1CO[C@@H]1O[C@H](C)[C@@H](O)[C@@H](OC)[C@H]1OC,TRUE,,0.448
tilmicosin,Tilmicosin (ÌæÃ×¿¼ÐÇ),REF_TILMICOSIN,repository_reference,O30_attached_to_C26,30,26,C,MPM01358,D-Ala,CC(N)C(=O)O,1,CC[C@H]1OC(=O)C[C@@H](O)[C@H](C)[C@@H](O[C@@H]2O[C@H](C)[C@@H](OC(=O)C(C)N)[C@H](N(C)C)[C@H]2O)[C@@H](CCN2C[C@H](C)C[C@H](C)C2)C[C@@H](C)C(=O)/C=C/C(C)=C/[C@@H]1CO[C@@H]1O[C@H](C)[C@@H](O)[C@@H](OC)[C@H]1OC,CC[C@H]1OC(=O)C[C@@H](O)[C@H](C)[C@@H](O[C@@H]2O[C@H](C)[C@@H](OC(=O)C(C)N)[C@H](N(C)C)[C@H]2O)[C@@H](CCN2C[C@H](C)C[C@H](C)C2)C[C@@H](C)C(=O)/C=C/C(C)=C/[C@@H]1CO[C@@H]1O[C@H](C)[C@@H](O)[C@@H](OC)[C@H]1OC,TRUE,,0.444
tilmicosin,Tilmicosin (ÌæÃ×¿¼ÐÇ),REF_TILMICOSIN,repository_reference,O56_attached_to_C52,56,52,C,MPM01141,2-Amino-4-hydroxybutyric acid,NC(CCO)C(=O)O,1,CC[C@H]1OC(=O)C[C@@H](O)[C@H](C)[C@@H](O[C@@H]2O[C@H](C)[C@@H](O)[C@H](N(C)C)[C@H]2O)[C@@H](CCN2C[C@H](C)C[C@H](C)C2)C[C@@H](C)C(=O)/C=C/C(C)=C/[C@@H]1CO[C@@H]1O[C@H](C)[C@@H](OC(=O)C(N)CCO)[C@@H](OC)[C@H]1OC,CC[C@H]1OC(=O)C[C@@H](O)[C@H](C)[C@@H](O[C@@H]2O[C@H](C)[C@@H](O)[C@H](N(C)C)[C@H]2O)[C@@H](CCN2C[C@H](C)C[C@H](C)C2)C[C@@H](C)C(=O)/C=C/C(C)=C/[C@@H]1CO[C@@H]1O[C@H](C)[C@@H](OC(=O)C(N)CCO)[C@@H](OC)[C@H]1OC,TRUE,,0.442
tilmicosin,Tilmicosin (ÌæÃ×¿¼ÐÇ),REF_TILMICOSIN,repository_reference,O34_attached_to_C24,34,24,C,MPM01530,O3-Acetyl-L-serine,CC(=O)OCC(N)C(=O)O,1,CC[C@H]1OC(=O)C[C@@H](O)[C@H](C)[C@@H](O[C@@H]2O[C@H](C)[C@@H](O)[C@H](N(C)C)[C@H]2OC(=O)C(N)COC(C)=O)[C@@H](CCN2C[C@H](C)C[C@H](C)C2)C[C@@H](C)C(=O)/C=C/C(C)=C/[C@@H]1CO[C@@H]1O[C@H](C)[C@@H](O)[C@@H](OC)[C@H]1OC,CC[C@H]1OC(=O)C[C@@H](O)[C@H](C)[C@@H](O[C@@H]2O[C@H](C)[C@@H](O)[C@H](N(C)C)[C@H]2OC(=O)C(N)COC(C)=O)[C@@H](CCN2C[C@H](C)C[C@H](C)C2)C[C@@H](C)C(=O)/C=C/C(C)=C/[C@@H]1CO[C@@H]1O[C@H](C)[C@@H](O)[C@@H](OC)[C@H]1OC,TRUE,,0.44
tilmicosin,Tilmicosin (ÌæÃ×¿¼ÐÇ),REF_TILMICOSIN,repository_reference,O56_attached_to_C52,56,52,C,MPM01379,D-Serine,NC(CO)C(=O)O,1,CC[C@H]1OC(=O)C[C@@H](O)[C@H](C)[C@@H](O[C@@H]2O[C@H](C)[C@@H](O)[C@H](N(C)C)[C@H]2O)[C@@H](CCN2C[C@H](C)C[C@H](C)C2)C[C@@H](C)C(=O)/C=C/C(C)=C/[C@@H]1CO[C@@H]1O[C@H](C)[C@@H](OC(=O)C(N)CO)[C@@H](OC)[C@H]1OC,CC[C@H]1OC(=O)C[C@@H](O)[C@H](C)[C@@H](O[C@@H]2O[C@H](C)[C@@H](O)[C@H](N(C)C)[C@H]2O)[C@@H](CCN2C[C@H](C)C[C@H](C)C2)C[C@@H](C)C(=O)/C=C/C(C)=C/[C@@H]1CO[C@@H]1O[C@H](C)[C@@H](OC(=O)C(N)CO)[C@@H](OC)[C@H]1OC,TRUE,,0.439
tilmicosin,Tilmicosin (ÌæÃ×¿¼ÐÇ),REF_TILMICOSIN,repository_reference,O34_attached_to_C24,34,24,C,MPM00541,D-2-Amino-5-guanidinovaleric acid,NC(N)=NCCCC(N)C(=O)O,1,CC[C@H]1OC(=O)C[C@@H](O)[C@H](C)[C@@H](O[C@@H]2O[C@H](C)[C@@H](O)[C@H](N(C)C)[C@H]2OC(=O)C(N)CCCN=C(N)N)[C@@H](CCN2C[C@H](C)C[C@H](C)C2)C[C@@H](C)C(=O)/C=C/C(C)=C/[C@@H]1CO[C@@H]1O[C@H](C)[C@@H](O)[C@@H](OC)[C@H]1OC,CC[C@H]1OC(=O)C[C@@H](O)[C@H](C)[C@@H](O[C@@H]2O[C@H](C)[C@@H](O)[C@H](N(C)C)[C@H]2OC(=O)C(N)CCCN=C(N)N)[C@@H](CCN2C[C@H](C)C[C@H](C)C2)C[C@@H](C)C(=O)/C=C/C(C)=C/[C@@H]1CO[C@@H]1O[C@H](C)[C@@H](O)[C@@H](OC)[C@H]1OC,TRUE,,0.433
tilmicosin,Tilmicosin (ÌæÃ×¿¼ÐÇ),REF_TILMICOSIN,repository_reference,O20_attached_to_C15,20,15,C,MPM01358,D-Ala,CC(N)C(=O)O,1,CC[C@H]1OC(=O)C[C@@H](OC(=O)C(C)N)[C@H](C)[C@@H](O[C@@H]2O[C@H](C)[C@@H](O)[C@H](N(C)C)[C@H]2O)[C@@H](CCN2C[C@H](C)C[C@H](C)C2)C[C@@H](C)C(=O)/C=C/C(C)=C/[C@@H]1CO[C@@H]1O[C@H](C)[C@@H](O)[C@@H](OC)[C@H]1OC,CC[C@H]1OC(=O)C[C@@H](OC(=O)C(C)N)[C@H](C)[C@@H](O[C@@H]2O[C@H](C)[C@@H](O)[C@H](N(C)C)[C@H]2O)[C@@H](CCN2C[C@H](C)C[C@H](C)C2)C[C@@H](C)C(=O)/C=C/C(C)=C/[C@@H]1CO[C@@H]1O[C@H](C)[C@@H](O)[C@@H](OC)[C@H]1OC,TRUE,,0.432
tilmicosin,Tilmicosin (ÌæÃ×¿¼ÐÇ),REF_TILMICOSIN,repository_reference,O56_attached_to_C52,56,52,C,MPM00679,Glyoxylic acid,O=CC(=O)O,1,CC[C@H]1OC(=O)C[C@@H](O)[C@H](C)[C@@H](O[C@@H]2O[C@H](C)[C@@H](O)[C@H](N(C)C)[C@H]2O)[C@@H](CCN2C[C@H](C)C[C@H](C)C2)C[C@@H](C)C(=O)/C=C/C(C)=C/[C@@H]1CO[C@@H]1O[C@H](C)[C@@H](OC(=O)C=O)[C@@H](OC)[C@H]1OC,CC[C@H]1OC(=O)C[C@@H](O)[C@H](C)[C@@H](O[C@@H]2O[C@H](C)[C@@H](O)[C@H](N(C)C)[C@H]2O)[C@@H](CCN2C[C@H](C)C[C@H](C)C2)C[C@@H](C)C(=O)/C=C/C(C)=C/[C@@H]1CO[C@@H]1O[C@H](C)[C@@H](OC(=O)C=O)[C@@H](OC)[C@H]1OC,TRUE,,0.427
tilmicosin,Tilmicosin (ÌæÃ×¿¼ÐÇ),REF_TILMICOSIN,repository_reference,O56_attached_to_C52,56,52,C,MPM00031,"(2R,4S)-2,4-diaminopentanoic acid",CC(N)CC(N)C(=O)O,1,CC[C@H]1OC(=O)C[C@@H](O)[C@H](C)[C@@H](O[C@@H]2O[C@H](C)[C@@H](O)[C@H](N(C)C)[C@H]2O)[C@@H](CCN2C[C@H](C)C[C@H](C)C2)C[C@@H](C)C(=O)/C=C/C(C)=C/[C@@H]1CO[C@@H]1O[C@H](C)[C@@H](OC(=O)C(N)CC(C)N)[C@@H](OC)[C@H]1OC,CC[C@H]1OC(=O)C[C@@H](O)[C@H](C)[C@@H](O[C@@H]2O[C@H](C)[C@@H](O)[C@H](N(C)C)[C@H]2O)[C@@H](CCN2C[C@H](C)C[C@H](C)C2)C[C@@H](C)C(=O)/C=C/C(C)=C/[C@@H]1CO[C@@H]1O[C@H](C)[C@@H](OC(=O)C(N)CC(C)N)[C@@H](OC)[C@H]1OC,TRUE,,0.426
tilmicosin,Tilmicosin (ÌæÃ×¿¼ÐÇ),REF_TILMICOSIN,repository_reference,O20_attached_to_C15,20,15,C,MPM00676,Glycyl-L-phenylalanine,NCC(=O)NC(Cc1ccccc1)C(=O)O,1,CC[C@H]1OC(=O)C[C@@H](OC(=O)C(Cc2ccccc2)NC(=O)CN)[C@H](C)[C@@H](O[C@@H]2O[C@H](C)[C@@H](O)[C@H](N(C)C)[C@H]2O)[C@@H](CCN2C[C@H](C)C[C@H](C)C2)C[C@@H](C)C(=O)/C=C/C(C)=C/[C@@H]1CO[C@@H]1O[C@H](C)[C@@H](O)[C@@H](OC)[C@H]1OC,CC[C@H]1OC(=O)C[C@@H](OC(=O)C(Cc2ccccc2)NC(=O)CN)[C@H](C)[C@@H](O[C@@H]2O[C@H](C)[C@@H](O)[C@H](N(C)C)[C@H]2O)[C@@H](CCN2C[C@H](C)C[C@H](C)C2)C[C@@H](C)C(=O)/C=C/C(C)=C/[C@@H]1CO[C@@H]1O[C@H](C)[C@@H](O)[C@@H](OC)[C@H]1OC,TRUE,,0.422
tilmicosin,Tilmicosin (ÌæÃ×¿¼ÐÇ),REF_TILMICOSIN,repository_reference,O30_attached_to_C26,30,26,C,MPM00676,Glycyl-L-phenylalanine,NCC(=O)NC(Cc1ccccc1)C(=O)O,1,CC[C@H]1OC(=O)C[C@@H](O)[C@H](C)[C@@H](O[C@@H]2O[C@H](C)[C@@H](OC(=O)C(Cc3ccccc3)NC(=O)CN)[C@H](N(C)C)[C@H]2O)[C@@H](CCN2C[C@H](C)C[C@H](C)C2)C[C@@H](C)C(=O)/C=C/C(C)=C/[C@@H]1CO[C@@H]1O[C@H](C)[C@@H](O)[C@@H](OC)[C@H]1OC,CC[C@H]1OC(=O)C[C@@H](O)[C@H](C)[C@@H](O[C@@H]2O[C@H](C)[C@@H](OC(=O)C(Cc3ccccc3)NC(=O)CN)[C@H](N(C)C)[C@H]2O)[C@@H](CCN2C[C@H](C)C[C@H](C)C2)C[C@@H](C)C(=O)/C=C/C(C)=C/[C@@H]1CO[C@@H]1O[C@H](C)[C@@H](O)[C@@H](OC)[C@H]1OC,TRUE,,0.421
tilmicosin,Tilmicosin (ÌæÃ×¿¼ÐÇ),REF_TILMICOSIN,repository_reference,O20_attached_to_C15,20,15,C,MPM00742,L-beta-Lysine,NCCCC(N)CC(=O)O,1,CC[C@H]1OC(=O)C[C@@H](OC(=O)CC(N)CCCN)[C@H](C)[C@@H](O[C@@H]2O[C@H](C)[C@@H](O)[C@H](N(C)C)[C@H]2O)[C@@H](CCN2C[C@H](C)C[C@H](C)C2)C[C@@H](C)C(=O)/C=C/C(C)=C/[C@@H]1CO[C@@H]1O[C@H](C)[C@@H](O)[C@@H](OC)[C@H]1OC,CC[C@H]1OC(=O)C[C@@H](OC(=O)CC(N)CCCN)[C@H](C)[C@@H](O[C@@H]2O[C@H](C)[C@@H](O)[C@H](N(C)C)[C@H]2O)[C@@H](CCN2C[C@H](C)C[C@H](C)C2)C[C@@H](C)C(=O)/C=C/C(C)=C/[C@@H]1CO[C@@H]1O[C@H](C)[C@@H](O)[C@@H](OC)[C@H]1OC,TRUE,,0.418
tilmicosin,Tilmicosin (ÌæÃ×¿¼ÐÇ),REF_TILMICOSIN,repository_reference,O30_attached_to_C26,30,26,C,MPM00742,L-beta-Lysine,NCCCC(N)CC(=O)O,1,CC[C@H]1OC(=O)C[C@@H](O)[C@H](C)[C@@H](O[C@@H]2O[C@H](C)[C@@H](OC(=O)CC(N)CCCN)[C@H](N(C)C)[C@H]2O)[C@@H](CCN2C[C@H](C)C[C@H](C)C2)C[C@@H](C)C(=O)/C=C/C(C)=C/[C@@H]1CO[C@@H]1O[C@H](C)[C@@H](O)[C@@H](OC)[C@H]1OC,CC[C@H]1OC(=O)C[C@@H](O)[C@H](C)[C@@H](O[C@@H]2O[C@H](C)[C@@H](OC(=O)CC(N)CCCN)[C@H](N(C)C)[C@H]2O)[C@@H](CCN2C[C@H](C)C[C@H](C)C2)C[C@@H](C)C(=O)/C=C/C(C)=C/[C@@H]1CO[C@@H]1O[C@H](C)[C@@H](O)[C@@H](OC)[C@H]1OC,TRUE,,0.418
tilmicosin,Tilmicosin (ÌæÃ×¿¼ÐÇ),REF_TILMICOSIN,repository_reference,O56_attached_to_C52,56,52,C,MPM01530,O3-Acetyl-L-serine,CC(=O)OCC(N)C(=O)O,1,CC[C@H]1OC(=O)C[C@@H](O)[C@H](C)[C@@H](O[C@@H]2O[C@H](C)[C@@H](O)[C@H](N(C)C)[C@H]2O)[C@@H](CCN2C[C@H](C)C[C@H](C)C2)C[C@@H](C)C(=O)/C=C/C(C)=C/[C@@H]1CO[C@@H]1O[C@H](C)[C@@H](OC(=O)C(N)COC(C)=O)[C@@H](OC)[C@H]1OC,CC[C@H]1OC(=O)C[C@@H](O)[C@H](C)[C@@H](O[C@@H]2O[C@H](C)[C@@H](O)[C@H](N(C)C)[C@H]2O)[C@@H](CCN2C[C@H](C)C[C@H](C)C2)C[C@@H](C)C(=O)/C=C/C(C)=C/[C@@H]1CO[C@@H]1O[C@H](C)[C@@H](OC(=O)C(N)COC(C)=O)[C@@H](OC)[C@H]1OC,TRUE,,0.417
tilmicosin,Tilmicosin (ÌæÃ×¿¼ÐÇ),REF_TILMICOSIN,repository_reference,O56_attached_to_C52,56,52,C,MPM00541,D-2-Amino-5-guanidinovaleric acid,NC(N)=NCCCC(N)C(=O)O,1,CC[C@H]1OC(=O)C[C@@H](O)[C@H](C)[C@@H](O[C@@H]2O[C@H](C)[C@@H](O)[C@H](N(C)C)[C@H]2O)[C@@H](CCN2C[C@H](C)C[C@H](C)C2)C[C@@H](C)C(=O)/C=C/C(C)=C/[C@@H]1CO[C@@H]1O[C@H](C)[C@@H](OC(=O)C(N)CCCN=C(N)N)[C@@H](OC)[C@H]1OC,CC[C@H]1OC(=O)C[C@@H](O)[C@H](C)[C@@H](O[C@@H]2O[C@H](C)[C@@H](O)[C@H](N(C)C)[C@H]2O)[C@@H](CCN2C[C@H](C)C[C@H](C)C2)C[C@@H](C)C(=O)/C=C/C(C)=C/[C@@H]1CO[C@@H]1O[C@H](C)[C@@H](OC(=O)C(N)CCCN=C(N)N)[C@@H](OC)[C@H]1OC,TRUE,,0.409
tilmicosin,Tilmicosin (ÌæÃ×¿¼ÐÇ),REF_TILMICOSIN,repository_reference,O34_attached_to_C24,34,24,C,MPM00613,D-Proline,O=C(O)C1CCCN1,1,CC[C@H]1OC(=O)C[C@@H](O)[C@H](C)[C@@H](O[C@@H]2O[C@H](C)[C@@H](O)[C@H](N(C)C)[C@H]2OC(=O)C2CCCN2)[C@@H](CCN2C[C@H](C)C[C@H](C)C2)C[C@@H](C)C(=O)/C=C/C(C)=C/[C@@H]1CO[C@@H]1O[C@H](C)[C@@H](O)[C@@H](OC)[C@H]1OC,CC[C@H]1OC(=O)C[C@@H](O)[C@H](C)[C@@H](O[C@@H]2O[C@H](C)[C@@H](O)[C@H](N(C)C)[C@H]2OC(=O)C2CCCN2)[C@@H](CCN2C[C@H](C)C[C@H](C)C2)C[C@@H](C)C(=O)/C=C/C(C)=C/[C@@H]1CO[C@@H]1O[C@H](C)[C@@H](O)[C@@H](OC)[C@H]1OC,TRUE,,0.399
tilmicosin,Tilmicosin (ÌæÃ×¿¼ÐÇ),REF_TILMICOSIN,repository_reference,O34_attached_to_C24,34,24,C,MPM00173,"2,3-Dihydroxybenzoic acid",O=C(O)c1cccc(O)c1O,1,CC[C@H]1OC(=O)C[C@@H](O)[C@H](C)[C@@H](O[C@@H]2O[C@H](C)[C@@H](O)[C@H](N(C)C)[C@H]2OC(=O)c2cccc(O)c2O)[C@@H](CCN2C[C@H](C)C[C@H](C)C2)C[C@@H](C)C(=O)/C=C/C(C)=C/[C@@H]1CO[C@@H]1O[C@H](C)[C@@H](O)[C@@H](OC)[C@H]1OC,CC[C@H]1OC(=O)C[C@@H](O)[C@H](C)[C@@H](O[C@@H]2O[C@H](C)[C@@H](O)[C@H](N(C)C)[C@H]2OC(=O)c2cccc(O)c2O)[C@@H](CCN2C[C@H](C)C[C@H](C)C2)C[C@@H](C)C(=O)/C=C/C(C)=C/[C@@H]1CO[C@@H]1O[C@H](C)[C@@H](O)[C@@H](OC)[C@H]1OC,TRUE,,0.392
tilmicosin,Tilmicosin (ÌæÃ×¿¼ÐÇ),REF_TILMICOSIN,repository_reference,O34_attached_to_C24,34,24,C,MPM00736,l-Alanyl-l-glutamine,CC(N)C(=O)NC(CCC(N)=O)C(=O)O,1,CC[C@H]1OC(=O)C[C@@H](O)[C@H](C)[C@@H](O[C@@H]2O[C@H](C)[C@@H](O)[C@H](N(C)C)[C@H]2OC(=O)C(CCC(N)=O)NC(=O)C(C)N)[C@@H](CCN2C[C@H](C)C[C@H](C)C2)C[C@@H](C)C(=O)/C=C/C(C)=C/[C@@H]1CO[C@@H]1O[C@H](C)[C@@H](O)[C@@H](OC)[C@H]1OC,CC[C@H]1OC(=O)C[C@@H](O)[C@H](C)[C@@H](O[C@@H]2O[C@H](C)[C@@H](O)[C@H](N(C)C)[C@H]2OC(=O)C(CCC(N)=O)NC(=O)C(C)N)[C@@H](CCN2C[C@H](C)C[C@H](C)C2)C[C@@H](C)C(=O)/C=C/C(C)=C/[C@@H]1CO[C@@H]1O[C@H](C)[C@@H](O)[C@@H](OC)[C@H]1OC,TRUE,,0.388
tilmicosin,Tilmicosin (ÌæÃ×¿¼ÐÇ),REF_TILMICOSIN,repository_reference,O30_attached_to_C26,30,26,C,MPM01141,2-Amino-4-hydroxybutyric acid,NC(CCO)C(=O)O,1,CC[C@H]1OC(=O)C[C@@H](O)[C@H](C)[C@@H](O[C@@H]2O[C@H](C)[C@@H](OC(=O)C(N)CCO)[C@H](N(C)C)[C@H]2O)[C@@H](CCN2C[C@H](C)C[C@H](C)C2)C[C@@H](C)C(=O)/C=C/C(C)=C/[C@@H]1CO[C@@H]1O[C@H](C)[C@@H](O)[C@@H](OC)[C@H]1OC,CC[C@H]1OC(=O)C[C@@H](O)[C@H](C)[C@@H](O[C@@H]2O[C@H](C)[C@@H](OC(=O)C(N)CCO)[C@H](N(C)C)[C@H]2O)[C@@H](CCN2C[C@H](C)C[C@H](C)C2)C[C@@H](C)C(=O)/C=C/C(C)=C/[C@@H]1CO[C@@H]1O[C@H](C)[C@@H](O)[C@@H](OC)[C@H]1OC,TRUE,,0.386
tilmicosin,Tilmicosin (ÌæÃ×¿¼ÐÇ),REF_TILMICOSIN,repository_reference,O30_attached_to_C26,30,26,C,MPM01379,D-Serine,NC(CO)C(=O)O,1,CC[C@H]1OC(=O)C[C@@H](O)[C@H](C)[C@@H](O[C@@H]2O[C@H](C)[C@@H](OC(=O)C(N)CO)[C@H](N(C)C)[C@H]2O)[C@@H](CCN2C[C@H](C)C[C@H](C)C2)C[C@@H](C)C(=O)/C=C/C(C)=C/[C@@H]1CO[C@@H]1O[C@H](C)[C@@H](O)[C@@H](OC)[C@H]1OC,CC[C@H]1OC(=O)C[C@@H](O)[C@H](C)[C@@H](O[C@@H]2O[C@H](C)[C@@H](OC(=O)C(N)CO)[C@H](N(C)C)[C@H]2O)[C@@H](CCN2C[C@H](C)C[C@H](C)C2)C[C@@H](C)C(=O)/C=C/C(C)=C/[C@@H]1CO[C@@H]1O[C@H](C)[C@@H](O)[C@@H](OC)[C@H]1OC,TRUE,,0.383
tilmicosin,Tilmicosin (ÌæÃ×¿¼ÐÇ),REF_TILMICOSIN,repository_reference,O20_attached_to_C15,20,15,C,MPM01141,2-Amino-4-hydroxybutyric acid,NC(CCO)C(=O)O,1,CC[C@H]1OC(=O)C[C@@H](OC(=O)C(N)CCO)[C@H](C)[C@@H](O[C@@H]2O[C@H](C)[C@@H](O)[C@H](N(C)C)[C@H]2O)[C@@H](CCN2C[C@H](C)C[C@H](C)C2)C[C@@H](C)C(=O)/C=C/C(C)=C/[C@@H]1CO[C@@H]1O[C@H](C)[C@@H](O)[C@@H](OC)[C@H]1OC,CC[C@H]1OC(=O)C[C@@H](OC(=O)C(N)CCO)[C@H](C)[C@@H](O[C@@H]2O[C@H](C)[C@@H](O)[C@H](N(C)C)[C@H]2O)[C@@H](CCN2C[C@H](C)C[C@H](C)C2)C[C@@H](C)C(=O)/C=C/C(C)=C/[C@@H]1CO[C@@H]1O[C@H](C)[C@@H](O)[C@@H](OC)[C@H]1OC,TRUE,,0.379
tilmicosin,Tilmicosin (ÌæÃ×¿¼ÐÇ),REF_TILMICOSIN,repository_reference,O56_attached_to_C52,56,52,C,MPM00613,D-Proline,O=C(O)C1CCCN1,1,CC[C@H]1OC(=O)C[C@@H](O)[C@H](C)[C@@H](O[C@@H]2O[C@H](C)[C@@H](O)[C@H](N(C)C)[C@H]2O)[C@@H](CCN2C[C@H](C)C[C@H](C)C2)C[C@@H](C)C(=O)/C=C/C(C)=C/[C@@H]1CO[C@@H]1O[C@H](C)[C@@H](OC(=O)C2CCCN2)[C@@H](OC)[C@H]1OC,CC[C@H]1OC(=O)C[C@@H](O)[C@H](C)[C@@H](O[C@@H]2O[C@H](C)[C@@H](O)[C@H](N(C)C)[C@H]2O)[C@@H](CCN2C[C@H](C)C[C@H](C)C2)C[C@@H](C)C(=O)/C=C/C(C)=C/[C@@H]1CO[C@@H]1O[C@H](C)[C@@H](OC(=O)C2CCCN2)[C@@H](OC)[C@H]1OC,TRUE,,0.376
tilmicosin,Tilmicosin (ÌæÃ×¿¼ÐÇ),REF_TILMICOSIN,repository_reference,O34_attached_to_C24,34,24,C,MPM00215,2-Dehydropantoate,CC(C)(CO)C(=O)C(=O)O,1,CC[C@H]1OC(=O)C[C@@H](O)[C@H](C)[C@@H](O[C@@H]2O[C@H](C)[C@@H](O)[C@H](N(C)C)[C@H]2OC(=O)C(=O)C(C)(C)CO)[C@@H](CCN2C[C@H](C)C[C@H](C)C2)C[C@@H](C)C(=O)/C=C/C(C)=C/[C@@H]1CO[C@@H]1O[C@H](C)[C@@H](O)[C@@H](OC)[C@H]1OC,CC[C@H]1OC(=O)C[C@@H](O)[C@H](C)[C@@H](O[C@@H]2O[C@H](C)[C@@H](O)[C@H](N(C)C)[C@H]2OC(=O)C(=O)C(C)(C)CO)[C@@H](CCN2C[C@H](C)C[C@H](C)C2)C[C@@H](C)C(=O)/C=C/C(C)=C/[C@@H]1CO[C@@H]1O[C@H](C)[C@@H](O)[C@@H](OC)[C@H]1OC,TRUE,,0.374
tilmicosin,Tilmicosin (ÌæÃ×¿¼ÐÇ),REF_TILMICOSIN,repository_reference,O34_attached_to_C24,34,24,C,MPM01016,Uracil-6-carboxylic acid,O=C(O)c1cc(=O)[nH]c(=O)[nH]1,1,CC[C@H]1OC(=O)C[C@@H](O)[C@H](C)[C@@H](O[C@@H]2O[C@H](C)[C@@H](O)[C@H](N(C)C)[C@H]2OC(=O)c2cc(=O)[nH]c(=O)[nH]2)[C@@H](CCN2C[C@H](C)C[C@H](C)C2)C[C@@H](C)C(=O)/C=C/C(C)=C/[C@@H]1CO[C@@H]1O[C@H](C)[C@@H](O)[C@@H](OC)[C@H]1OC,CC[C@H]1OC(=O)C[C@@H](O)[C@H](C)[C@@H](O[C@@H]2O[C@H](C)[C@@H](O)[C@H](N(C)C)[C@H]2OC(=O)c2cc(=O)[nH]c(=O)[nH]2)[C@@H](CCN2C[C@H](C)C[C@H](C)C2)C[C@@H](C)C(=O)/C=C/C(C)=C/[C@@H]1CO[C@@H]1O[C@H](C)[C@@H](O)[C@@H](OC)[C@H]1OC,TRUE,,0.374
tilmicosin,Tilmicosin (ÌæÃ×¿¼ÐÇ),REF_TILMICOSIN,repository_reference,O20_attached_to_C15,20,15,C,MPM01379,D-Serine,NC(CO)C(=O)O,1,CC[C@H]1OC(=O)C[C@@H](OC(=O)C(N)CO)[C@H](C)[C@@H](O[C@@H]2O[C@H](C)[C@@H](O)[C@H](N(C)C)[C@H]2O)[C@@H](CCN2C[C@H](C)C[C@H](C)C2)C[C@@H](C)C(=O)/C=C/C(C)=C/[C@@H]1CO[C@@H]1O[C@H](C)[C@@H](O)[C@@H](OC)[C@H]1OC,CC[C@H]1OC(=O)C[C@@H](OC(=O)C(N)CO)[C@H](C)[C@@H](O[C@@H]2O[C@H](C)[C@@H](O)[C@H](N(C)C)[C@H]2O)[C@@H](CCN2C[C@H](C)C[C@H](C)C2)C[C@@H](C)C(=O)/C=C/C(C)=C/[C@@H]1CO[C@@H]1O[C@H](C)[C@@H](O)[C@@H](OC)[C@H]1OC,TRUE,,0.373
tilmicosin,Tilmicosin (ÌæÃ×¿¼ÐÇ),REF_TILMICOSIN,repository_reference,O34_attached_to_C24,34,24,C,MPM00912,Protocatechuic acid,O=C(O)c1ccc(O)c(O)c1,1,CC[C@H]1OC(=O)C[C@@H](O)[C@H](C)[C@@H](O[C@@H]2O[C@H](C)[C@@H](O)[C@H](N(C)C)[C@H]2OC(=O)c2ccc(O)c(O)c2)[C@@H](CCN2C[C@H](C)C[C@H](C)C2)C[C@@H](C)C(=O)/C=C/C(C)=C/[C@@H]1CO[C@@H]1O[C@H](C)[C@@H](O)[C@@H](OC)[C@H]1OC,CC[C@H]1OC(=O)C[C@@H](O)[C@H](C)[C@@H](O[C@@H]2O[C@H](C)[C@@H](O)[C@H](N(C)C)[C@H]2OC(=O)c2ccc(O)c(O)c2)[C@@H](CCN2C[C@H](C)C[C@H](C)C2)C[C@@H](C)C(=O)/C=C/C(C)=C/[C@@H]1CO[C@@H]1O[C@H](C)[C@@H](O)[C@@H](OC)[C@H]1OC,TRUE,,0.372
tilmicosin,Tilmicosin (ÌæÃ×¿¼ÐÇ),REF_TILMICOSIN,repository_reference,O30_attached_to_C26,30,26,C,MPM00679,Glyoxylic acid,O=CC(=O)O,1,CC[C@H]1OC(=O)C[C@@H](O)[C@H](C)[C@@H](O[C@@H]2O[C@H](C)[C@@H](OC(=O)C=O)[C@H](N(C)C)[C@H]2O)[C@@H](CCN2C[C@H](C)C[C@H](C)C2)C[C@@H](C)C(=O)/C=C/C(C)=C/[C@@H]1CO[C@@H]1O[C@H](C)[C@@H](O)[C@@H](OC)[C@H]1OC,CC[C@H]1OC(=O)C[C@@H](O)[C@H](C)[C@@H](O[C@@H]2O[C@H](C)[C@@H](OC(=O)C=O)[C@H](N(C)C)[C@H]2O)[C@@H](CCN2C[C@H](C)C[C@H](C)C2)C[C@@H](C)C(=O)/C=C/C(C)=C/[C@@H]1CO[C@@H]1O[C@H](C)[C@@H](O)[C@@H](OC)[C@H]1OC,TRUE,,0.371
tilmicosin,Tilmicosin (ÌæÃ×¿¼ÐÇ),REF_TILMICOSIN,repository_reference,O30_attached_to_C26,30,26,C,MPM00031,"(2R,4S)-2,4-diaminopentanoic acid",CC(N)CC(N)C(=O)O,1,CC[C@H]1OC(=O)C[C@@H](O)[C@H](C)[C@@H](O[C@@H]2O[C@H](C)[C@@H](OC(=O)C(N)CC(C)N)[C@H](N(C)C)[C@H]2O)[C@@H](CCN2C[C@H](C)C[C@H](C)C2)C[C@@H](C)C(=O)/C=C/C(C)=C/[C@@H]1CO[C@@H]1O[C@H](C)[C@@H](O)[C@@H](OC)[C@H]1OC,CC[C@H]1OC(=O)C[C@@H](O)[C@H](C)[C@@H](O[C@@H]2O[C@H](C)[C@@H](OC(=O)C(N)CC(C)N)[C@H](N(C)C)[C@H]2O)[C@@H](CCN2C[C@H](C)C[C@H](C)C2)C[C@@H](C)C(=O)/C=C/C(C)=C/[C@@H]1CO[C@@H]1O[C@H](C)[C@@H](O)[C@@H](OC)[C@H]1OC,TRUE,,0.37
tilmicosin,Tilmicosin (ÌæÃ×¿¼ÐÇ),REF_TILMICOSIN,repository_reference,O34_attached_to_C24,34,24,C,MPM01359,D-Ala-D-Ala,CC(N)C(=O)NC(C)C(=O)O,1,CC[C@H]1OC(=O)C[C@@H](O)[C@H](C)[C@@H](O[C@@H]2O[C@H](C)[C@@H](O)[C@H](N(C)C)[C@H]2OC(=O)C(C)NC(=O)C(C)N)[C@@H](CCN2C[C@H](C)C[C@H](C)C2)C[C@@H](C)C(=O)/C=C/C(C)=C/[C@@H]1CO[C@@H]1O[C@H](C)[C@@H](O)[C@@H](OC)[C@H]1OC,CC[C@H]1OC(=O)C[C@@H](O)[C@H](C)[C@@H](O[C@@H]2O[C@H](C)[C@@H](O)[C@H](N(C)C)[C@H]2OC(=O)C(C)NC(=O)C(C)N)[C@@H](CCN2C[C@H](C)C[C@H](C)C2)C[C@@H](C)C(=O)/C=C/C(C)=C/[C@@H]1CO[C@@H]1O[C@H](C)[C@@H](O)[C@@H](OC)[C@H]1OC,TRUE,,0.37
tilmicosin,Tilmicosin (ÌæÃ×¿¼ÐÇ),REF_TILMICOSIN,repository_reference,O56_attached_to_C52,56,52,C,MPM00173,"2,3-Dihydroxybenzoic acid",O=C(O)c1cccc(O)c1O,1,CC[C@H]1OC(=O)C[C@@H](O)[C@H](C)[C@@H](O[C@@H]2O[C@H](C)[C@@H](O)[C@H](N(C)C)[C@H]2O)[C@@H](CCN2C[C@H](C)C[C@H](C)C2)C[C@@H](C)C(=O)/C=C/C(C)=C/[C@@H]1CO[C@@H]1O[C@H](C)[C@@H](OC(=O)c2cccc(O)c2O)[C@@H](OC)[C@H]1OC,CC[C@H]1OC(=O)C[C@@H](O)[C@H](C)[C@@H](O[C@@H]2O[C@H](C)[C@@H](O)[C@H](N(C)C)[C@H]2O)[C@@H](CCN2C[C@H](C)C[C@H](C)C2)C[C@@H](C)C(=O)/C=C/C(C)=C/[C@@H]1CO[C@@H]1O[C@H](C)[C@@H](OC(=O)c2cccc(O)c2O)[C@@H](OC)[C@H]1OC,TRUE,,0.37
tilmicosin,Tilmicosin (ÌæÃ×¿¼ÐÇ),REF_TILMICOSIN,repository_reference,O56_attached_to_C52,56,52,C,MPM00736,l-Alanyl-l-glutamine,CC(N)C(=O)NC(CCC(N)=O)C(=O)O,1,CC[C@H]1OC(=O)C[C@@H](O)[C@H](C)[C@@H](O[C@@H]2O[C@H](C)[C@@H](O)[C@H](N(C)C)[C@H]2O)[C@@H](CCN2C[C@H](C)C[C@H](C)C2)C[C@@H](C)C(=O)/C=C/C(C)=C/[C@@H]1CO[C@@H]1O[C@H](C)[C@@H](OC(=O)C(CCC(N)=O)NC(=O)C(C)N)[C@@H](OC)[C@H]1OC,CC[C@H]1OC(=O)C[C@@H](O)[C@H](C)[C@@H](O[C@@H]2O[C@H](C)[C@@H](O)[C@H](N(C)C)[C@H]2O)[C@@H](CCN2C[C@H](C)C[C@H](C)C2)C[C@@H](C)C(=O)/C=C/C(C)=C/[C@@H]1CO[C@@H]1O[C@H](C)[C@@H](OC(=O)C(CCC(N)=O)NC(=O)C(C)N)[C@@H](OC)[C@H]1OC,TRUE,,0.365
tilmicosin,Tilmicosin (ÌæÃ×¿¼ÐÇ),REF_TILMICOSIN,repository_reference,O20_attached_to_C15,20,15,C,MPM00679,Glyoxylic acid,O=CC(=O)O,1,CC[C@H]1OC(=O)C[C@@H](OC(=O)C=O)[C@H](C)[C@@H](O[C@@H]2O[C@H](C)[C@@H](O)[C@H](N(C)C)[C@H]2O)[C@@H](CCN2C[C@H](C)C[C@H](C)C2)C[C@@H](C)C(=O)/C=C/C(C)=C/[C@@H]1CO[C@@H]1O[C@H](C)[C@@H](O)[C@@H](OC)[C@H]1OC,CC[C@H]1OC(=O)C[C@@H](OC(=O)C=O)[C@H](C)[C@@H](O[C@@H]2O[C@H](C)[C@@H](O)[C@H](N(C)C)[C@H]2O)[C@@H](CCN2C[C@H](C)C[C@H](C)C2)C[C@@H](C)C(=O)/C=C/C(C)=C/[C@@H]1CO[C@@H]1O[C@H](C)[C@@H](O)[C@@H](OC)[C@H]1OC,TRUE,,0.364
tilmicosin,Tilmicosin (ÌæÃ×¿¼ÐÇ),REF_TILMICOSIN,repository_reference,O20_attached_to_C15,20,15,C,MPM00031,"(2R,4S)-2,4-diaminopentanoic acid",CC(N)CC(N)C(=O)O,1,CC[C@H]1OC(=O)C[C@@H](OC(=O)C(N)CC(C)N)[C@H](C)[C@@H](O[C@@H]2O[C@H](C)[C@@H](O)[C@H](N(C)C)[C@H]2O)[C@@H](CCN2C[C@H](C)C[C@H](C)C2)C[C@@H](C)C(=O)/C=C/C(C)=C/[C@@H]1CO[C@@H]1O[C@H](C)[C@@H](O)[C@@H](OC)[C@H]1OC,CC[C@H]1OC(=O)C[C@@H](OC(=O)C(N)CC(C)N)[C@H](C)[C@@H](O[C@@H]2O[C@H](C)[C@@H](O)[C@H](N(C)C)[C@H]2O)[C@@H](CCN2C[C@H](C)C[C@H](C)C2)C[C@@H](C)C(=O)/C=C/C(C)=C/[C@@H]1CO[C@@H]1O[C@H](C)[C@@H](O)[C@@H](OC)[C@H]1OC,TRUE,,0.363
tilmicosin,Tilmicosin (ÌæÃ×¿¼ÐÇ),REF_TILMICOSIN,repository_reference,O30_attached_to_C26,30,26,C,MPM01530,O3-Acetyl-L-serine,CC(=O)OCC(N)C(=O)O,1,CC[C@H]1OC(=O)C[C@@H](O)[C@H](C)[C@@H](O[C@@H]2O[C@H](C)[C@@H](OC(=O)C(N)COC(C)=O)[C@H](N(C)C)[C@H]2O)[C@@H](CCN2C[C@H](C)C[C@H](C)C2)C[C@@H](C)C(=O)/C=C/C(C)=C/[C@@H]1CO[C@@H]1O[C@H](C)[C@@H](O)[C@@H](OC)[C@H]1OC,CC[C@H]1OC(=O)C[C@@H](O)[C@H](C)[C@@H](O[C@@H]2O[C@H](C)[C@@H](OC(=O)C(N)COC(C)=O)[C@H](N(C)C)[C@H]2O)[C@@H](CCN2C[C@H](C)C[C@H](C)C2)C[C@@H](C)C(=O)/C=C/C(C)=C/[C@@H]1CO[C@@H]1O[C@H](C)[C@@H](O)[C@@H](OC)[C@H]1OC,TRUE,,0.361
tilmicosin,Tilmicosin (ÌæÃ×¿¼ÐÇ),REF_TILMICOSIN,repository_reference,O34_attached_to_C24,34,24,C,MPM00458,alpha-Ketobutyrate,CCC(=O)C(=O)O,1,CCC(=O)C(=O)O[C@H]1[C@H](O[C@H]2[C@@H](CCN3C[C@H](C)C[C@H](C)C3)C[C@@H](C)C(=O)/C=C/C(C)=C/[C@H](CO[C@@H]3O[C@H](C)[C@@H](O)[C@@H](OC)[C@H]3OC)[C@@H](CC)OC(=O)C[C@@H](O)[C@@H]2C)O[C@H](C)[C@@H](O)[C@@H]1N(C)C,CCC(=O)C(=O)O[C@H]1[C@H](O[C@H]2[C@@H](CCN3C[C@H](C)C[C@H](C)C3)C[C@@H](C)C(=O)/C=C/C(C)=C/[C@H](CO[C@@H]3O[C@H](C)[C@@H](O)[C@@H](OC)[C@H]3OC)[C@@H](CC)OC(=O)C[C@@H](O)[C@@H]2C)O[C@H](C)[C@@H](O)[C@@H]1N(C)C,TRUE,,0.36
tilmicosin,Tilmicosin (ÌæÃ×¿¼ÐÇ),REF_TILMICOSIN,repository_reference,O20_attached_to_C15,20,15,C,MPM01530,O3-Acetyl-L-serine,CC(=O)OCC(N)C(=O)O,1,CC[C@H]1OC(=O)C[C@@H](OC(=O)C(N)COC(C)=O)[C@H](C)[C@@H](O[C@@H]2O[C@H](C)[C@@H](O)[C@H](N(C)C)[C@H]2O)[C@@H](CCN2C[C@H](C)C[C@H](C)C2)C[C@@H](C)C(=O)/C=C/C(C)=C/[C@@H]1CO[C@@H]1O[C@H](C)[C@@H](O)[C@@H](OC)[C@H]1OC,CC[C@H]1OC(=O)C[C@@H](OC(=O)C(N)COC(C)=O)[C@H](C)[C@@H](O[C@@H]2O[C@H](C)[C@@H](O)[C@H](N(C)C)[C@H]2O)[C@@H](CCN2C[C@H](C)C[C@H](C)C2)C[C@@H](C)C(=O)/C=C/C(C)=C/[C@@H]1CO[C@@H]1O[C@H](C)[C@@H](O)[C@@H](OC)[C@H]1OC,TRUE,,0.357
tilmicosin,Tilmicosin (ÌæÃ×¿¼ÐÇ),REF_TILMICOSIN,repository_reference,O20_attached_to_C15,20,15,C,MPM00541,D-2-Amino-5-guanidinovaleric acid,NC(N)=NCCCC(N)C(=O)O,1,CC[C@H]1OC(=O)C[C@@H](OC(=O)C(N)CCCN=C(N)N)[C@H](C)[C@@H](O[C@@H]2O[C@H](C)[C@@H](O)[C@H](N(C)C)[C@H]2O)[C@@H](CCN2C[C@H](C)C[C@H](C)C2)C[C@@H](C)C(=O)/C=C/C(C)=C/[C@@H]1CO[C@@H]1O[C@H](C)[C@@H](O)[C@@H](OC)[C@H]1OC,CC[C@H]1OC(=O)C[C@@H](OC(=O)C(N)CCCN=C(N)N)[C@H](C)[C@@H](O[C@@H]2O[C@H](C)[C@@H](O)[C@H](N(C)C)[C@H]2O)[C@@H](CCN2C[C@H](C)C[C@H](C)C2)C[C@@H](C)C(=O)/C=C/C(C)=C/[C@@H]1CO[C@@H]1O[C@H](C)[C@@H](O)[C@@H](OC)[C@H]1OC,TRUE,,0.356
tilmicosin,Tilmicosin (ÌæÃ×¿¼ÐÇ),REF_TILMICOSIN,repository_reference,O30_attached_to_C26,30,26,C,MPM00541,D-2-Amino-5-guanidinovaleric acid,NC(N)=NCCCC(N)C(=O)O,1,CC[C@H]1OC(=O)C[C@@H](O)[C@H](C)[C@@H](O[C@@H]2O[C@H](C)[C@@H](OC(=O)C(N)CCCN=C(N)N)[C@H](N(C)C)[C@H]2O)[C@@H](CCN2C[C@H](C)C[C@H](C)C2)C[C@@H](C)C(=O)/C=C/C(C)=C/[C@@H]1CO[C@@H]1O[C@H](C)[C@@H](O)[C@@H](OC)[C@H]1OC,CC[C@H]1OC(=O)C[C@@H](O)[C@H](C)[C@@H](O[C@@H]2O[C@H](C)[C@@H](OC(=O)C(N)CCCN=C(N)N)[C@H](N(C)C)[C@H]2O)[C@@H](CCN2C[C@H](C)C[C@H](C)C2)C[C@@H](C)C(=O)/C=C/C(C)=C/[C@@H]1CO[C@@H]1O[C@H](C)[C@@H](O)[C@@H](OC)[C@H]1OC,TRUE,,0.354
tilmicosin,Tilmicosin (ÌæÃ×¿¼ÐÇ),REF_TILMICOSIN,repository_reference,O34_attached_to_C24,34,24,C,MPM00325,3-Phospho-L-serine,NC(COP(=O)(O)O)C(=O)O,1,CC[C@H]1OC(=O)C[C@@H](O)[C@H](C)[C@@H](O[C@@H]2O[C@H](C)[C@@H](O)[C@H](N(C)C)[C@H]2OC(=O)C(N)COP(=O)(O)O)[C@@H](CCN2C[C@H](C)C[C@H](C)C2)C[C@@H](C)C(=O)/C=C/C(C)=C/[C@@H]1CO[C@@H]1O[C@H](C)[C@@H](O)[C@@H](OC)[C@H]1OC,CC[C@H]1OC(=O)C[C@@H](O)[C@H](C)[C@@H](O[C@@H]2O[C@H](C)[C@@H](O)[C@H](N(C)C)[C@H]2OC(=O)C(N)COP(=O)(O)O)[C@@H](CCN2C[C@H](C)C[C@H](C)C2)C[C@@H](C)C(=O)/C=C/C(C)=C/[C@@H]1CO[C@@H]1O[C@H](C)[C@@H](O)[C@@H](OC)[C@H]1OC,TRUE,,0.353
tilmicosin,Tilmicosin (ÌæÃ×¿¼ÐÇ),REF_TILMICOSIN,repository_reference,O56_attached_to_C52,56,52,C,MPM01016,Uracil-6-carboxylic acid,O=C(O)c1cc(=O)[nH]c(=O)[nH]1,1,CC[C@H]1OC(=O)C[C@@H](O)[C@H](C)[C@@H](O[C@@H]2O[C@H](C)[C@@H](O)[C@H](N(C)C)[C@H]2O)[C@@H](CCN2C[C@H](C)C[C@H](C)C2)C[C@@H](C)C(=O)/C=C/C(C)=C/[C@@H]1CO[C@@H]1O[C@H](C)[C@@H](OC(=O)c2cc(=O)[nH]c(=O)[nH]2)[C@@H](OC)[C@H]1OC,CC[C@H]1OC(=O)C[C@@H](O)[C@H](C)[C@@H](O[C@@H]2O[C@H](C)[C@@H](O)[C@H](N(C)C)[C@H]2O)[C@@H](CCN2C[C@H](C)C[C@H](C)C2)C[C@@H](C)C(=O)/C=C/C(C)=C/[C@@H]1CO[C@@H]1O[C@H](C)[C@@H](OC(=O)c2cc(=O)[nH]c(=O)[nH]2)[C@@H](OC)[C@H]1OC,TRUE,,0.353
tilmicosin,Tilmicosin (ÌæÃ×¿¼ÐÇ),REF_TILMICOSIN,repository_reference,O56_attached_to_C52,56,52,C,MPM00215,2-Dehydropantoate,CC(C)(CO)C(=O)C(=O)O,1,CC[C@H]1OC(=O)C[C@@H](O)[C@H](C)[C@@H](O[C@@H]2O[C@H](C)[C@@H](O)[C@H](N(C)C)[C@H]2O)[C@@H](CCN2C[C@H](C)C[C@H](C)C2)C[C@@H](C)C(=O)/C=C/C(C)=C/[C@@H]1CO[C@@H]1O[C@H](C)[C@@H](OC(=O)C(=O)C(C)(C)CO)[C@@H](OC)[C@H]1OC,CC[C@H]1OC(=O)C[C@@H](O)[C@H](C)[C@@H](O[C@@H]2O[C@H](C)[C@@H](O)[C@H](N(C)C)[C@H]2O)[C@@H](CCN2C[C@H](C)C[C@H](C)C2)C[C@@H](C)C(=O)/C=C/C(C)=C/[C@@H]1CO[C@@H]1O[C@H](C)[C@@H](OC(=O)C(=O)C(C)(C)CO)[C@@H](OC)[C@H]1OC,TRUE,,0.352
tilmicosin,Tilmicosin (ÌæÃ×¿¼ÐÇ),REF_TILMICOSIN,repository_reference,O34_attached_to_C24,34,24,C,MPM00388,"5-Oxo-4,5-dihydrofuran-2-acetate",O=C(O)CC1=CCC(=O)O1,1,CC[C@H]1OC(=O)C[C@@H](O)[C@H](C)[C@@H](O[C@@H]2O[C@H](C)[C@@H](O)[C@H](N(C)C)[C@H]2OC(=O)CC2=CCC(=O)O2)[C@@H](CCN2C[C@H](C)C[C@H](C)C2)C[C@@H](C)C(=O)/C=C/C(C)=C/[C@@H]1CO[C@@H]1O[C@H](C)[C@@H](O)[C@@H](OC)[C@H]1OC,CC[C@H]1OC(=O)C[C@@H](O)[C@H](C)[C@@H](O[C@@H]2O[C@H](C)[C@@H](O)[C@H](N(C)C)[C@H]2OC(=O)CC2=CCC(=O)O2)[C@@H](CCN2C[C@H](C)C[C@H](C)C2)C[C@@H](C)C(=O)/C=C/C(C)=C/[C@@H]1CO[C@@H]1O[C@H](C)[C@@H](O)[C@@H](OC)[C@H]1OC,TRUE,,0.351
tilmicosin,Tilmicosin (ÌæÃ×¿¼ÐÇ),REF_TILMICOSIN,repository_reference,O56_attached_to_C52,56,52,C,MPM00912,Protocatechuic acid,O=C(O)c1ccc(O)c(O)c1,1,CC[C@H]1OC(=O)C[C@@H](O)[C@H](C)[C@@H](O[C@@H]2O[C@H](C)[C@@H](O)[C@H](N(C)C)[C@H]2O)[C@@H](CCN2C[C@H](C)C[C@H](C)C2)C[C@@H](C)C(=O)/C=C/C(C)=C/[C@@H]1CO[C@@H]1O[C@H](C)[C@@H](OC(=O)c2ccc(O)c(O)c2)[C@@H](OC)[C@H]1OC,CC[C@H]1OC(=O)C[C@@H](O)[C@H](C)[C@@H](O[C@@H]2O[C@H](C)[C@@H](O)[C@H](N(C)C)[C@H]2O)[C@@H](CCN2C[C@H](C)C[C@H](C)C2)C[C@@H](C)C(=O)/C=C/C(C)=C/[C@@H]1CO[C@@H]1O[C@H](C)[C@@H](OC(=O)c2ccc(O)c(O)c2)[C@@H](OC)[C@H]1OC,TRUE,,0.349
tilmicosin,Tilmicosin (ÌæÃ×¿¼ÐÇ),REF_TILMICOSIN,repository_reference,O56_attached_to_C52,56,52,C,MPM01359,D-Ala-D-Ala,CC(N)C(=O)NC(C)C(=O)O,1,CC[C@H]1OC(=O)C[C@@H](O)[C@H](C)[C@@H](O[C@@H]2O[C@H](C)[C@@H](O)[C@H](N(C)C)[C@H]2O)[C@@H](CCN2C[C@H](C)C[C@H](C)C2)C[C@@H](C)C(=O)/C=C/C(C)=C/[C@@H]1CO[C@@H]1O[C@H](C)[C@@H](OC(=O)C(C)NC(=O)C(C)N)[C@@H](OC)[C@H]1OC,CC[C@H]1OC(=O)C[C@@H](O)[C@H](C)[C@@H](O[C@@H]2O[C@H](C)[C@@H](O)[C@H](N(C)C)[C@H]2O)[C@@H](CCN2C[C@H](C)C[C@H](C)C2)C[C@@H](C)C(=O)/C=C/C(C)=C/[C@@H]1CO[C@@H]1O[C@H](C)[C@@H](OC(=O)C(C)NC(=O)C(C)N)[C@@H](OC)[C@H]1OC,TRUE,,0.347
tilmicosin,Tilmicosin (ÌæÃ×¿¼ÐÇ),REF_TILMICOSIN,repository_reference,O56_attached_to_C52,56,52,C,MPM00458,alpha-Ketobutyrate,CCC(=O)C(=O)O,1,CCC(=O)C(=O)O[C@H]1[C@@H](OC)[C@@H](OC)[C@H](OC[C@H]2/C=C(C)/C=C/C(=O)[C@H](C)C[C@H](CCN3C[C@H](C)C[C@H](C)C3)[C@H](O[C@@H]3O[C@H](C)[C@@H](O)[C@H](N(C)C)[C@H]3O)[C@@H](C)[C@H](O)CC(=O)O[C@@H]2CC)O[C@@H]1C,CCC(=O)C(=O)O[C@H]1[C@@H](OC)[C@@H](OC)[C@H](OC[C@H]2/C=C(C)/C=C/C(=O)[C@H](C)C[C@H](CCN3C[C@H](C)C[C@H](C)C3)[C@H](O[C@@H]3O[C@H](C)[C@@H](O)[C@H](N(C)C)[C@H]3O)[C@@H](C)[C@H](O)CC(=O)O[C@@H]2CC)O[C@@H]1C,TRUE,,0.338
tilmicosin,Tilmicosin (ÌæÃ×¿¼ÐÇ),REF_TILMICOSIN,repository_reference,O34_attached_to_C24,34,24,C,MPM00253,2-Oxo-3-phenylpropanoate,O=C(O)C(=O)Cc1ccccc1,1,CC[C@H]1OC(=O)C[C@@H](O)[C@H](C)[C@@H](O[C@@H]2O[C@H](C)[C@@H](O)[C@H](N(C)C)[C@H]2OC(=O)C(=O)Cc2ccccc2)[C@@H](CCN2C[C@H](C)C[C@H](C)C2)C[C@@H](C)C(=O)/C=C/C(C)=C/[C@@H]1CO[C@@H]1O[C@H](C)[C@@H](O)[C@@H](OC)[C@H]1OC,CC[C@H]1OC(=O)C[C@@H](O)[C@H](C)[C@@H](O[C@@H]2O[C@H](C)[C@@H](O)[C@H](N(C)C)[C@H]2OC(=O)C(=O)Cc2ccccc2)[C@@H](CCN2C[C@H](C)C[C@H](C)C2)C[C@@H](C)C(=O)/C=C/C(C)=C/[C@@H]1CO[C@@H]1O[C@H](C)[C@@H](O)[C@@H](OC)[C@H]1OC,TRUE,,0.334
tilmicosin,Tilmicosin (ÌæÃ×¿¼ÐÇ),REF_TILMICOSIN,repository_reference,O56_attached_to_C52,56,52,C,MPM00325,3-Phospho-L-serine,NC(COP(=O)(O)O)C(=O)O,1,CC[C@H]1OC(=O)C[C@@H](O)[C@H](C)[C@@H](O[C@@H]2O[C@H](C)[C@@H](O)[C@H](N(C)C)[C@H]2O)[C@@H](CCN2C[C@H](C)C[C@H](C)C2)C[C@@H](C)C(=O)/C=C/C(C)=C/[C@@H]1CO[C@@H]1O[C@H](C)[C@@H](OC(=O)C(N)COP(=O)(O)O)[C@@H](OC)[C@H]1OC,CC[C@H]1OC(=O)C[C@@H](O)[C@H](C)[C@@H](O[C@@H]2O[C@H](C)[C@@H](O)[C@H](N(C)C)[C@H]2O)[C@@H](CCN2C[C@H](C)C[C@H](C)C2)C[C@@H](C)C(=O)/C=C/C(C)=C/[C@@H]1CO[C@@H]1O[C@H](C)[C@@H](OC(=O)C(N)COP(=O)(O)O)[C@@H](OC)[C@H]1OC,TRUE,,0.33
tilmicosin,Tilmicosin (ÌæÃ×¿¼ÐÇ),REF_TILMICOSIN,repository_reference,O56_attached_to_C52,56,52,C,MPM00388,"5-Oxo-4,5-dihydrofuran-2-acetate",O=C(O)CC1=CCC(=O)O1,1,CC[C@H]1OC(=O)C[C@@H](O)[C@H](C)[C@@H](O[C@@H]2O[C@H](C)[C@@H](O)[C@H](N(C)C)[C@H]2O)[C@@H](CCN2C[C@H](C)C[C@H](C)C2)C[C@@H](C)C(=O)/C=C/C(C)=C/[C@@H]1CO[C@@H]1O[C@H](C)[C@@H](OC(=O)CC2=CCC(=O)O2)[C@@H](OC)[C@H]1OC,CC[C@H]1OC(=O)C[C@@H](O)[C@H](C)[C@@H](O[C@@H]2O[C@H](C)[C@@H](O)[C@H](N(C)C)[C@H]2O)[C@@H](CCN2C[C@H](C)C[C@H](C)C2)C[C@@H](C)C(=O)/C=C/C(C)=C/[C@@H]1CO[C@@H]1O[C@H](C)[C@@H](OC(=O)CC2=CCC(=O)O2)[C@@H](OC)[C@H]1OC,TRUE,,0.327
tilmicosin,Tilmicosin (ÌæÃ×¿¼ÐÇ),REF_TILMICOSIN,repository_reference,O30_attached_to_C26,30,26,C,MPM00613,D-Proline,O=C(O)C1CCCN1,1,CC[C@H]1OC(=O)C[C@@H](O)[C@H](C)[C@@H](O[C@@H]2O[C@H](C)[C@@H](OC(=O)C3CCCN3)[C@H](N(C)C)[C@H]2O)[C@@H](CCN2C[C@H](C)C[C@H](C)C2)C[C@@H](C)C(=O)/C=C/C(C)=C/[C@@H]1CO[C@@H]1O[C@H](C)[C@@H](O)[C@@H](OC)[C@H]1OC,CC[C@H]1OC(=O)C[C@@H](O)[C@H](C)[C@@H](O[C@@H]2O[C@H](C)[C@@H](OC(=O)C3CCCN3)[C@H](N(C)C)[C@H]2O)[C@@H](CCN2C[C@H](C)C[C@H](C)C2)C[C@@H](C)C(=O)/C=C/C(C)=C/[C@@H]1CO[C@@H]1O[C@H](C)[C@@H](O)[C@@H](OC)[C@H]1OC,TRUE,,0.32
tilmicosin,Tilmicosin (ÌæÃ×¿¼ÐÇ),REF_TILMICOSIN,repository_reference,O34_attached_to_C24,34,24,C,MPM01165,2-Oxoarginine,NC(N)=NCCCC(=O)C(=O)O,1,CC[C@H]1OC(=O)C[C@@H](O)[C@H](C)[C@@H](O[C@@H]2O[C@H](C)[C@@H](O)[C@H](N(C)C)[C@H]2OC(=O)C(=O)CCCN=C(N)N)[C@@H](CCN2C[C@H](C)C[C@H](C)C2)C[C@@H](C)C(=O)/C=C/C(C)=C/[C@@H]1CO[C@@H]1O[C@H](C)[C@@H](O)[C@@H](OC)[C@H]1OC,CC[C@H]1OC(=O)C[C@@H](O)[C@H](C)[C@@H](O[C@@H]2O[C@H](C)[C@@H](O)[C@H](N(C)C)[C@H]2OC(=O)C(=O)CCCN=C(N)N)[C@@H](CCN2C[C@H](C)C[C@H](C)C2)C[C@@H](C)C(=O)/C=C/C(C)=C/[C@@H]1CO[C@@H]1O[C@H](C)[C@@H](O)[C@@H](OC)[C@H]1OC,TRUE,,0.32
tilmicosin,Tilmicosin (ÌæÃ×¿¼ÐÇ),REF_TILMICOSIN,repository_reference,O34_attached_to_C24,34,24,C,MPM01144,2-Ammoniomalonate semialdehyde,NC(C=O)C(=O)O,1,CC[C@H]1OC(=O)C[C@@H](O)[C@H](C)[C@@H](O[C@@H]2O[C@H](C)[C@@H](O)[C@H](N(C)C)[C@H]2OC(=O)C(N)C=O)[C@@H](CCN2C[C@H](C)C[C@H](C)C2)C[C@@H](C)C(=O)/C=C/C(C)=C/[C@@H]1CO[C@@H]1O[C@H](C)[C@@H](O)[C@@H](OC)[C@H]1OC,CC[C@H]1OC(=O)C[C@@H](O)[C@H](C)[C@@H](O[C@@H]2O[C@H](C)[C@@H](O)[C@H](N(C)C)[C@H]2OC(=O)C(N)C=O)[C@@H](CCN2C[C@H](C)C[C@H](C)C2)C[C@@H](C)C(=O)/C=C/C(C)=C/[C@@H]1CO[C@@H]1O[C@H](C)[C@@H](O)[C@@H](OC)[C@H]1OC,TRUE,,0.315
tilmicosin,Tilmicosin (ÌæÃ×¿¼ÐÇ),REF_TILMICOSIN,repository_reference,O20_attached_to_C15,20,15,C,MPM00173,"2,3-Dihydroxybenzoic acid",O=C(O)c1cccc(O)c1O,1,CC[C@H]1OC(=O)C[C@@H](OC(=O)c2cccc(O)c2O)[C@H](C)[C@@H](O[C@@H]2O[C@H](C)[C@@H](O)[C@H](N(C)C)[C@H]2O)[C@@H](CCN2C[C@H](C)C[C@H](C)C2)C[C@@H](C)C(=O)/C=C/C(C)=C/[C@@H]1CO[C@@H]1O[C@H](C)[C@@H](O)[C@@H](OC)[C@H]1OC,CC[C@H]1OC(=O)C[C@@H](OC(=O)c2cccc(O)c2O)[C@H](C)[C@@H](O[C@@H]2O[C@H](C)[C@@H](O)[C@H](N(C)C)[C@H]2O)[C@@H](CCN2C[C@H](C)C[C@H](C)C2)C[C@@H](C)C(=O)/C=C/C(C)=C/[C@@H]1CO[C@@H]1O[C@H](C)[C@@H](O)[C@@H](OC)[C@H]1OC,TRUE,,0.314
tilmicosin,Tilmicosin (ÌæÃ×¿¼ÐÇ),REF_TILMICOSIN,repository_reference,O30_attached_to_C26,30,26,C,MPM00173,"2,3-Dihydroxybenzoic acid",O=C(O)c1cccc(O)c1O,1,CC[C@H]1OC(=O)C[C@@H](O)[C@H](C)[C@@H](O[C@@H]2O[C@H](C)[C@@H](OC(=O)c3cccc(O)c3O)[C@H](N(C)C)[C@H]2O)[C@@H](CCN2C[C@H](C)C[C@H](C)C2)C[C@@H](C)C(=O)/C=C/C(C)=C/[C@@H]1CO[C@@H]1O[C@H](C)[C@@H](O)[C@@H](OC)[C@H]1OC,CC[C@H]1OC(=O)C[C@@H](O)[C@H](C)[C@@H](O[C@@H]2O[C@H](C)[C@@H](OC(=O)c3cccc(O)c3O)[C@H](N(C)C)[C@H]2O)[C@@H](CCN2C[C@H](C)C[C@H](C)C2)C[C@@H](C)C(=O)/C=C/C(C)=C/[C@@H]1CO[C@@H]1O[C@H](C)[C@@H](O)[C@@H](OC)[C@H]1OC,TRUE,,0.313
tilmicosin,Tilmicosin (ÌæÃ×¿¼ÐÇ),REF_TILMICOSIN,repository_reference,O56_attached_to_C52,56,52,C,MPM00253,2-Oxo-3-phenylpropanoate,O=C(O)C(=O)Cc1ccccc1,1,CC[C@H]1OC(=O)C[C@@H](O)[C@H](C)[C@@H](O[C@@H]2O[C@H](C)[C@@H](O)[C@H](N(C)C)[C@H]2O)[C@@H](CCN2C[C@H](C)C[C@H](C)C2)C[C@@H](C)C(=O)/C=C/C(C)=C/[C@@H]1CO[C@@H]1O[C@H](C)[C@@H](OC(=O)C(=O)Cc2ccccc2)[C@@H](OC)[C@H]1OC,CC[C@H]1OC(=O)C[C@@H](O)[C@H](C)[C@@H](O[C@@H]2O[C@H](C)[C@@H](O)[C@H](N(C)C)[C@H]2O)[C@@H](CCN2C[C@H](C)C[C@H](C)C2)C[C@@H](C)C(=O)/C=C/C(C)=C/[C@@H]1CO[C@@H]1O[C@H](C)[C@@H](OC(=O)C(=O)Cc2ccccc2)[C@@H](OC)[C@H]1OC,TRUE,,0.312
tilmicosin,Tilmicosin (ÌæÃ×¿¼ÐÇ),REF_TILMICOSIN,repository_reference,O20_attached_to_C15,20,15,C,MPM00613,D-Proline,O=C(O)C1CCCN1,1,CC[C@H]1OC(=O)C[C@@H](OC(=O)C2CCCN2)[C@H](C)[C@@H](O[C@@H]2O[C@H](C)[C@@H](O)[C@H](N(C)C)[C@H]2O)[C@@H](CCN2C[C@H](C)C[C@H](C)C2)C[C@@H](C)C(=O)/C=C/C(C)=C/[C@@H]1CO[C@@H]1O[C@H](C)[C@@H](O)[C@@H](OC)[C@H]1OC,CC[C@H]1OC(=O)C[C@@H](OC(=O)C2CCCN2)[C@H](C)[C@@H](O[C@@H]2O[C@H](C)[C@@H](O)[C@H](N(C)C)[C@H]2O)[C@@H](CCN2C[C@H](C)C[C@H](C)C2)C[C@@H](C)C(=O)/C=C/C(C)=C/[C@@H]1CO[C@@H]1O[C@H](C)[C@@H](O)[C@@H](OC)[C@H]1OC,TRUE,,0.31
tilmicosin,Tilmicosin (ÌæÃ×¿¼ÐÇ),REF_TILMICOSIN,repository_reference,O30_attached_to_C26,30,26,C,MPM00736,l-Alanyl-l-glutamine,CC(N)C(=O)NC(CCC(N)=O)C(=O)O,1,CC[C@H]1OC(=O)C[C@@H](O)[C@H](C)[C@@H](O[C@@H]2O[C@H](C)[C@@H](OC(=O)C(CCC(N)=O)NC(=O)C(C)N)[C@H](N(C)C)[C@H]2O)[C@@H](CCN2C[C@H](C)C[C@H](C)C2)C[C@@H](C)C(=O)/C=C/C(C)=C/[C@@H]1CO[C@@H]1O[C@H](C)[C@@H](O)[C@@H](OC)[C@H]1OC,CC[C@H]1OC(=O)C[C@@H](O)[C@H](C)[C@@H](O[C@@H]2O[C@H](C)[C@@H](OC(=O)C(CCC(N)=O)NC(=O)C(C)N)[C@H](N(C)C)[C@H]2O)[C@@H](CCN2C[C@H](C)C[C@H](C)C2)C[C@@H](C)C(=O)/C=C/C(C)=C/[C@@H]1CO[C@@H]1O[C@H](C)[C@@H](O)[C@@H](OC)[C@H]1OC,TRUE,,0.309
tilmicosin,Tilmicosin (ÌæÃ×¿¼ÐÇ),REF_TILMICOSIN,repository_reference,O20_attached_to_C15,20,15,C,MPM00736,l-Alanyl-l-glutamine,CC(N)C(=O)NC(CCC(N)=O)C(=O)O,1,CC[C@H]1OC(=O)C[C@@H](OC(=O)C(CCC(N)=O)NC(=O)C(C)N)[C@H](C)[C@@H](O[C@@H]2O[C@H](C)[C@@H](O)[C@H](N(C)C)[C@H]2O)[C@@H](CCN2C[C@H](C)C[C@H](C)C2)C[C@@H](C)C(=O)/C=C/C(C)=C/[C@@H]1CO[C@@H]1O[C@H](C)[C@@H](O)[C@@H](OC)[C@H]1OC,CC[C@H]1OC(=O)C[C@@H](OC(=O)C(CCC(N)=O)NC(=O)C(C)N)[C@H](C)[C@@H](O[C@@H]2O[C@H](C)[C@@H](O)[C@H](N(C)C)[C@H]2O)[C@@H](CCN2C[C@H](C)C[C@H](C)C2)C[C@@H](C)C(=O)/C=C/C(C)=C/[C@@H]1CO[C@@H]1O[C@H](C)[C@@H](O)[C@@H](OC)[C@H]1OC,TRUE,,0.306
tilmicosin,Tilmicosin (ÌæÃ×¿¼ÐÇ),REF_TILMICOSIN,repository_reference,O34_attached_to_C24,34,24,C,MPM00908,propionate,CCC(=O)O,1,CCC(=O)O[C@H]1[C@H](O[C@H]2[C@@H](CCN3C[C@H](C)C[C@H](C)C3)C[C@@H](C)C(=O)/C=C/C(C)=C/[C@H](CO[C@@H]3O[C@H](C)[C@@H](O)[C@@H](OC)[C@H]3OC)[C@@H](CC)OC(=O)C[C@@H](O)[C@@H]2C)O[C@H](C)[C@@H](O)[C@@H]1N(C)C,CCC(=O)O[C@H]1[C@H](O[C@H]2[C@@H](CCN3C[C@H](C)C[C@H](C)C3)C[C@@H](C)C(=O)/C=C/C(C)=C/[C@H](CO[C@@H]3O[C@H](C)[C@@H](O)[C@@H](OC)[C@H]3OC)[C@@H](CC)OC(=O)C[C@@H](O)[C@@H]2C)O[C@H](C)[C@@H](O)[C@@H]1N(C)C,TRUE,,0.301
tilmicosin,Tilmicosin (ÌæÃ×¿¼ÐÇ),REF_TILMICOSIN,repository_reference,O34_attached_to_C24,34,24,C,MPM00675,Glycyl-L-leucine,CC(C)CC(NC(=O)CN)C(=O)O,1,CC[C@H]1OC(=O)C[C@@H](O)[C@H](C)[C@@H](O[C@@H]2O[C@H](C)[C@@H](O)[C@H](N(C)C)[C@H]2OC(=O)C(CC(C)C)NC(=O)CN)[C@@H](CCN2C[C@H](C)C[C@H](C)C2)C[C@@H](C)C(=O)/C=C/C(C)=C/[C@@H]1CO[C@@H]1O[C@H](C)[C@@H](O)[C@@H](OC)[C@H]1OC,CC[C@H]1OC(=O)C[C@@H](O)[C@H](C)[C@@H](O[C@@H]2O[C@H](C)[C@@H](O)[C@H](N(C)C)[C@H]2OC(=O)C(CC(C)C)NC(=O)CN)[C@@H](CCN2C[C@H](C)C[C@H](C)C2)C[C@@H](C)C(=O)/C=C/C(C)=C/[C@@H]1CO[C@@H]1O[C@H](C)[C@@H](O)[C@@H](OC)[C@H]1OC,TRUE,,0.3
tilmicosin,Tilmicosin (ÌæÃ×¿¼ÐÇ),REF_TILMICOSIN,repository_reference,O20_attached_to_C15,20,15,C,MPM01016,Uracil-6-carboxylic acid,O=C(O)c1cc(=O)[nH]c(=O)[nH]1,1,CC[C@H]1OC(=O)C[C@@H](OC(=O)c2cc(=O)[nH]c(=O)[nH]2)[C@H](C)[C@@H](O[C@@H]2O[C@H](C)[C@@H](O)[C@H](N(C)C)[C@H]2O)[C@@H](CCN2C[C@H](C)C[C@H](C)C2)C[C@@H](C)C(=O)/C=C/C(C)=C/[C@@H]1CO[C@@H]1O[C@H](C)[C@@H](O)[C@@H](OC)[C@H]1OC,CC[C@H]1OC(=O)C[C@@H](OC(=O)c2cc(=O)[nH]c(=O)[nH]2)[C@H](C)[C@@H](O[C@@H]2O[C@H](C)[C@@H](O)[C@H](N(C)C)[C@H]2O)[C@@H](CCN2C[C@H](C)C[C@H](C)C2)C[C@@H](C)C(=O)/C=C/C(C)=C/[C@@H]1CO[C@@H]1O[C@H](C)[C@@H](O)[C@@H](OC)[C@H]1OC,TRUE,,0.297
tilmicosin,Tilmicosin (ÌæÃ×¿¼ÐÇ),REF_TILMICOSIN,repository_reference,O20_attached_to_C15,20,15,C,MPM00215,2-Dehydropantoate,CC(C)(CO)C(=O)C(=O)O,1,CC[C@H]1OC(=O)C[C@@H](OC(=O)C(=O)C(C)(C)CO)[C@H](C)[C@@H](O[C@@H]2O[C@H](C)[C@@H](O)[C@H](N(C)C)[C@H]2O)[C@@H](CCN2C[C@H](C)C[C@H](C)C2)C[C@@H](C)C(=O)/C=C/C(C)=C/[C@@H]1CO[C@@H]1O[C@H](C)[C@@H](O)[C@@H](OC)[C@H]1OC,CC[C@H]1OC(=O)C[C@@H](OC(=O)C(=O)C(C)(C)CO)[C@H](C)[C@@H](O[C@@H]2O[C@H](C)[C@@H](O)[C@H](N(C)C)[C@H]2O)[C@@H](CCN2C[C@H](C)C[C@H](C)C2)C[C@@H](C)C(=O)/C=C/C(C)=C/[C@@H]1CO[C@@H]1O[C@H](C)[C@@H](O)[C@@H](OC)[C@H]1OC,TRUE,,0.296
tilmicosin,Tilmicosin (ÌæÃ×¿¼ÐÇ),REF_TILMICOSIN,repository_reference,O20_attached_to_C15,20,15,C,MPM00912,Protocatechuic acid,O=C(O)c1ccc(O)c(O)c1,1,CC[C@H]1OC(=O)C[C@@H](OC(=O)c2ccc(O)c(O)c2)[C@H](C)[C@@H](O[C@@H]2O[C@H](C)[C@@H](O)[C@H](N(C)C)[C@H]2O)[C@@H](CCN2C[C@H](C)C[C@H](C)C2)C[C@@H](C)C(=O)/C=C/C(C)=C/[C@@H]1CO[C@@H]1O[C@H](C)[C@@H](O)[C@@H](OC)[C@H]1OC,CC[C@H]1OC(=O)C[C@@H](OC(=O)c2ccc(O)c(O)c2)[C@H](C)[C@@H](O[C@@H]2O[C@H](C)[C@@H](O)[C@H](N(C)C)[C@H]2O)[C@@H](CCN2C[C@H](C)C[C@H](C)C2)C[C@@H](C)C(=O)/C=C/C(C)=C/[C@@H]1CO[C@@H]1O[C@H](C)[C@@H](O)[C@@H](OC)[C@H]1OC,TRUE,,0.296
tilmicosin,Tilmicosin (ÌæÃ×¿¼ÐÇ),REF_TILMICOSIN,repository_reference,O30_attached_to_C26,30,26,C,MPM00215,2-Dehydropantoate,CC(C)(CO)C(=O)C(=O)O,1,CC[C@H]1OC(=O)C[C@@H](O)[C@H](C)[C@@H](O[C@@H]2O[C@H](C)[C@@H](OC(=O)C(=O)C(C)(C)CO)[C@H](N(C)C)[C@H]2O)[C@@H](CCN2C[C@H](C)C[C@H](C)C2)C[C@@H](C)C(=O)/C=C/C(C)=C/[C@@H]1CO[C@@H]1O[C@H](C)[C@@H](O)[C@@H](OC)[C@H]1OC,CC[C@H]1OC(=O)C[C@@H](O)[C@H](C)[C@@H](O[C@@H]2O[C@H](C)[C@@H](OC(=O)C(=O)C(C)(C)CO)[C@H](N(C)C)[C@H]2O)[C@@H](CCN2C[C@H](C)C[C@H](C)C2)C[C@@H](C)C(=O)/C=C/C(C)=C/[C@@H]1CO[C@@H]1O[C@H](C)[C@@H](O)[C@@H](OC)[C@H]1OC,TRUE,,0.296
tilmicosin,Tilmicosin (ÌæÃ×¿¼ÐÇ),REF_TILMICOSIN,repository_reference,O34_attached_to_C24,34,24,C,MPM01075,(S)-2-Amino-3-oxobutanoic acid,CC(=O)C(N)C(=O)O,1,CC[C@H]1OC(=O)C[C@@H](O)[C@H](C)[C@@H](O[C@@H]2O[C@H](C)[C@@H](O)[C@H](N(C)C)[C@H]2OC(=O)C(N)C(C)=O)[C@@H](CCN2C[C@H](C)C[C@H](C)C2)C[C@@H](C)C(=O)/C=C/C(C)=C/[C@@H]1CO[C@@H]1O[C@H](C)[C@@H](O)[C@@H](OC)[C@H]1OC,CC[C@H]1OC(=O)C[C@@H](O)[C@H](C)[C@@H](O[C@@H]2O[C@H](C)[C@@H](O)[C@H](N(C)C)[C@H]2OC(=O)C(N)C(C)=O)[C@@H](CCN2C[C@H](C)C[C@H](C)C2)C[C@@H](C)C(=O)/C=C/C(C)=C/[C@@H]1CO[C@@H]1O[C@H](C)[C@@H](O)[C@@H](OC)[C@H]1OC,TRUE,,0.296
tilmicosin,Tilmicosin (ÌæÃ×¿¼ÐÇ),REF_TILMICOSIN,repository_reference,O56_attached_to_C52,56,52,C,MPM01165,2-Oxoarginine,NC(N)=NCCCC(=O)C(=O)O,1,CC[C@H]1OC(=O)C[C@@H](O)[C@H](C)[C@@H](O[C@@H]2O[C@H](C)[C@@H](O)[C@H](N(C)C)[C@H]2O)[C@@H](CCN2C[C@H](C)C[C@H](C)C2)C[C@@H](C)C(=O)/C=C/C(C)=C/[C@@H]1CO[C@@H]1O[C@H](C)[C@@H](OC(=O)C(=O)CCCN=C(N)N)[C@@H](OC)[C@H]1OC,CC[C@H]1OC(=O)C[C@@H](O)[C@H](C)[C@@H](O[C@@H]2O[C@H](C)[C@@H](O)[C@H](N(C)C)[C@H]2O)[C@@H](CCN2C[C@H](C)C[C@H](C)C2)C[C@@H](C)C(=O)/C=C/C(C)=C/[C@@H]1CO[C@@H]1O[C@H](C)[C@@H](OC(=O)C(=O)CCCN=C(N)N)[C@@H](OC)[C@H]1OC,TRUE,,0.296
tilmicosin,Tilmicosin (ÌæÃ×¿¼ÐÇ),REF_TILMICOSIN,repository_reference,O30_attached_to_C26,30,26,C,MPM01016,Uracil-6-carboxylic acid,O=C(O)c1cc(=O)[nH]c(=O)[nH]1,1,CC[C@H]1OC(=O)C[C@@H](O)[C@H](C)[C@@H](O[C@@H]2O[C@H](C)[C@@H](OC(=O)c3cc(=O)[nH]c(=O)[nH]3)[C@H](N(C)C)[C@H]2O)[C@@H](CCN2C[C@H](C)C[C@H](C)C2)C[C@@H](C)C(=O)/C=C/C(C)=C/[C@@H]1CO[C@@H]1O[C@H](C)[C@@H](O)[C@@H](OC)[C@H]1OC,CC[C@H]1OC(=O)C[C@@H](O)[C@H](C)[C@@H](O[C@@H]2O[C@H](C)[C@@H](OC(=O)c3cc(=O)[nH]c(=O)[nH]3)[C@H](N(C)C)[C@H]2O)[C@@H](CCN2C[C@H](C)C[C@H](C)C2)C[C@@H](C)C(=O)/C=C/C(C)=C/[C@@H]1CO[C@@H]1O[C@H](C)[C@@H](O)[C@@H](OC)[C@H]1OC,TRUE,,0.295
tilmicosin,Tilmicosin (ÌæÃ×¿¼ÐÇ),REF_TILMICOSIN,repository_reference,O30_attached_to_C26,30,26,C,MPM00912,Protocatechuic acid,O=C(O)c1ccc(O)c(O)c1,1,CC[C@H]1OC(=O)C[C@@H](O)[C@H](C)[C@@H](O[C@@H]2O[C@H](C)[C@@H](OC(=O)c3ccc(O)c(O)c3)[C@H](N(C)C)[C@H]2O)[C@@H](CCN2C[C@H](C)C[C@H](C)C2)C[C@@H](C)C(=O)/C=C/C(C)=C/[C@@H]1CO[C@@H]1O[C@H](C)[C@@H](O)[C@@H](OC)[C@H]1OC,CC[C@H]1OC(=O)C[C@@H](O)[C@H](C)[C@@H](O[C@@H]2O[C@H](C)[C@@H](OC(=O)c3ccc(O)c(O)c3)[C@H](N(C)C)[C@H]2O)[C@@H](CCN2C[C@H](C)C[C@H](C)C2)C[C@@H](C)C(=O)/C=C/C(C)=C/[C@@H]1CO[C@@H]1O[C@H](C)[C@@H](O)[C@@H](OC)[C@H]1OC,TRUE,,0.293
tilmicosin,Tilmicosin (ÌæÃ×¿¼ÐÇ),REF_TILMICOSIN,repository_reference,O56_attached_to_C52,56,52,C,MPM01144,2-Ammoniomalonate semialdehyde,NC(C=O)C(=O)O,1,CC[C@H]1OC(=O)C[C@@H](O)[C@H](C)[C@@H](O[C@@H]2O[C@H](C)[C@@H](O)[C@H](N(C)C)[C@H]2O)[C@@H](CCN2C[C@H](C)C[C@H](C)C2)C[C@@H](C)C(=O)/C=C/C(C)=C/[C@@H]1CO[C@@H]1O[C@H](C)[C@@H](OC(=O)C(N)C=O)[C@@H](OC)[C@H]1OC,CC[C@H]1OC(=O)C[C@@H](O)[C@H](C)[C@@H](O[C@@H]2O[C@H](C)[C@@H](O)[C@H](N(C)C)[C@H]2O)[C@@H](CCN2C[C@H](C)C[C@H](C)C2)C[C@@H](C)C(=O)/C=C/C(C)=C/[C@@H]1CO[C@@H]1O[C@H](C)[C@@H](OC(=O)C(N)C=O)[C@@H](OC)[C@H]1OC,TRUE,,0.292
tilmicosin,Tilmicosin (ÌæÃ×¿¼ÐÇ),REF_TILMICOSIN,repository_reference,O30_attached_to_C26,30,26,C,MPM01359,D-Ala-D-Ala,CC(N)C(=O)NC(C)C(=O)O,1,CC[C@H]1OC(=O)C[C@@H](O)[C@H](C)[C@@H](O[C@@H]2O[C@H](C)[C@@H](OC(=O)C(C)NC(=O)C(C)N)[C@H](N(C)C)[C@H]2O)[C@@H](CCN2C[C@H](C)C[C@H](C)C2)C[C@@H](C)C(=O)/C=C/C(C)=C/[C@@H]1CO[C@@H]1O[C@H](C)[C@@H](O)[C@@H](OC)[C@H]1OC,CC[C@H]1OC(=O)C[C@@H](O)[C@H](C)[C@@H](O[C@@H]2O[C@H](C)[C@@H](OC(=O)C(C)NC(=O)C(C)N)[C@H](N(C)C)[C@H]2O)[C@@H](CCN2C[C@H](C)C[C@H](C)C2)C[C@@H](C)C(=O)/C=C/C(C)=C/[C@@H]1CO[C@@H]1O[C@H](C)[C@@H](O)[C@@H](OC)[C@H]1OC,TRUE,,0.291
tilmicosin,Tilmicosin (ÌæÃ×¿¼ÐÇ),REF_TILMICOSIN,repository_reference,O20_attached_to_C15,20,15,C,MPM01359,D-Ala-D-Ala,CC(N)C(=O)NC(C)C(=O)O,1,CC[C@H]1OC(=O)C[C@@H](OC(=O)C(C)NC(=O)C(C)N)[C@H](C)[C@@H](O[C@@H]2O[C@H](C)[C@@H](O)[C@H](N(C)C)[C@H]2O)[C@@H](CCN2C[C@H](C)C[C@H](C)C2)C[C@@H](C)C(=O)/C=C/C(C)=C/[C@@H]1CO[C@@H]1O[C@H](C)[C@@H](O)[C@@H](OC)[C@H]1OC,CC[C@H]1OC(=O)C[C@@H](OC(=O)C(C)NC(=O)C(C)N)[C@H](C)[C@@H](O[C@@H]2O[C@H](C)[C@@H](O)[C@H](N(C)C)[C@H]2O)[C@@H](CCN2C[C@H](C)C[C@H](C)C2)C[C@@H](C)C(=O)/C=C/C(C)=C/[C@@H]1CO[C@@H]1O[C@H](C)[C@@H](O)[C@@H](OC)[C@H]1OC,TRUE,,0.288
tilmicosin,Tilmicosin (ÌæÃ×¿¼ÐÇ),REF_TILMICOSIN,repository_reference,O30_attached_to_C26,30,26,C,MPM00458,alpha-Ketobutyrate,CCC(=O)C(=O)O,1,CCC(=O)C(=O)O[C@H]1[C@H](N(C)C)[C@@H](O)[C@H](O[C@H]2[C@@H](CCN3C[C@H](C)C[C@H](C)C3)C[C@@H](C)C(=O)/C=C/C(C)=C/[C@H](CO[C@@H]3O[C@H](C)[C@@H](O)[C@@H](OC)[C@H]3OC)[C@@H](CC)OC(=O)C[C@@H](O)[C@@H]2C)O[C@@H]1C,CCC(=O)C(=O)O[C@H]1[C@H](N(C)C)[C@@H](O)[C@H](O[C@H]2[C@@H](CCN3C[C@H](C)C[C@H](C)C3)C[C@@H](C)C(=O)/C=C/C(C)=C/[C@H](CO[C@@H]3O[C@H](C)[C@@H](O)[C@@H](OC)[C@H]3OC)[C@@H](CC)OC(=O)C[C@@H](O)[C@@H]2C)O[C@@H]1C,TRUE,,0.282
tilmicosin,Tilmicosin (ÌæÃ×¿¼ÐÇ),REF_TILMICOSIN,repository_reference,O34_attached_to_C24,34,24,C,MPM00418,"Acetic acid,phenyl ester",O=C(O)Cc1ccccc1,1,CC[C@H]1OC(=O)C[C@@H](O)[C@H](C)[C@@H](O[C@@H]2O[C@H](C)[C@@H](O)[C@H](N(C)C)[C@H]2OC(=O)Cc2ccccc2)[C@@H](CCN2C[C@H](C)C[C@H](C)C2)C[C@@H](C)C(=O)/C=C/C(C)=C/[C@@H]1CO[C@@H]1O[C@H](C)[C@@H](O)[C@@H](OC)[C@H]1OC,CC[C@H]1OC(=O)C[C@@H](O)[C@H](C)[C@@H](O[C@@H]2O[C@H](C)[C@@H](O)[C@H](N(C)C)[C@H]2OC(=O)Cc2ccccc2)[C@@H](CCN2C[C@H](C)C[C@H](C)C2)C[C@@H](C)C(=O)/C=C/C(C)=C/[C@@H]1CO[C@@H]1O[C@H](C)[C@@H](O)[C@@H](OC)[C@H]1OC,TRUE,,0.279
tilmicosin,Tilmicosin (ÌæÃ×¿¼ÐÇ),REF_TILMICOSIN,repository_reference,O56_attached_to_C52,56,52,C,MPM00908,propionate,CCC(=O)O,1,CCC(=O)O[C@H]1[C@@H](OC)[C@@H](OC)[C@H](OC[C@H]2/C=C(C)/C=C/C(=O)[C@H](C)C[C@H](CCN3C[C@H](C)C[C@H](C)C3)[C@H](O[C@@H]3O[C@H](C)[C@@H](O)[C@H](N(C)C)[C@H]3O)[C@@H](C)[C@H](O)CC(=O)O[C@@H]2CC)O[C@@H]1C,CCC(=O)O[C@H]1[C@@H](OC)[C@@H](OC)[C@H](OC[C@H]2/C=C(C)/C=C/C(=O)[C@H](C)C[C@H](CCN3C[C@H](C)C[C@H](C)C3)[C@H](O[C@@H]3O[C@H](C)[C@@H](O)[C@H](N(C)C)[C@H]3O)[C@@H](C)[C@H](O)CC(=O)O[C@@H]2CC)O[C@@H]1C,TRUE,,0.279
tilmicosin,Tilmicosin (ÌæÃ×¿¼ÐÇ),REF_TILMICOSIN,repository_reference,O20_attached_to_C15,20,15,C,MPM00458,alpha-Ketobutyrate,CCC(=O)C(=O)O,1,CCC(=O)C(=O)O[C@@H]1CC(=O)O[C@H](CC)[C@@H](CO[C@@H]2O[C@H](C)[C@@H](O)[C@@H](OC)[C@H]2OC)/C=C(C)/C=C/C(=O)[C@H](C)C[C@H](CCN2C[C@H](C)C[C@H](C)C2)[C@H](O[C@@H]2O[C@H](C)[C@@H](O)[C@H](N(C)C)[C@H]2O)[C@H]1C,CCC(=O)C(=O)O[C@@H]1CC(=O)O[C@H](CC)[C@@H](CO[C@@H]2O[C@H](C)[C@@H](O)[C@@H](OC)[C@H]2OC)/C=C(C)/C=C/C(=O)[C@H](C)C[C@H](CCN2C[C@H](C)C[C@H](C)C2)[C@H](O[C@@H]2O[C@H](C)[C@@H](O)[C@H](N(C)C)[C@H]2O)[C@H]1C,TRUE,,0.278
tilmicosin,Tilmicosin (ÌæÃ×¿¼ÐÇ),REF_TILMICOSIN,repository_reference,O56_attached_to_C52,56,52,C,MPM00675,Glycyl-L-leucine,CC(C)CC(NC(=O)CN)C(=O)O,1,CC[C@H]1OC(=O)C[C@@H](O)[C@H](C)[C@@H](O[C@@H]2O[C@H](C)[C@@H](O)[C@H](N(C)C)[C@H]2O)[C@@H](CCN2C[C@H](C)C[C@H](C)C2)C[C@@H](C)C(=O)/C=C/C(C)=C/[C@@H]1CO[C@@H]1O[C@H](C)[C@@H](OC(=O)C(CC(C)C)NC(=O)CN)[C@@H](OC)[C@H]1OC,CC[C@H]1OC(=O)C[C@@H](O)[C@H](C)[C@@H](O[C@@H]2O[C@H](C)[C@@H](O)[C@H](N(C)C)[C@H]2O)[C@@H](CCN2C[C@H](C)C[C@H](C)C2)C[C@@H](C)C(=O)/C=C/C(C)=C/[C@@H]1CO[C@@H]1O[C@H](C)[C@@H](OC(=O)C(CC(C)C)NC(=O)CN)[C@@H](OC)[C@H]1OC,TRUE,,0.277
tilmicosin,Tilmicosin (ÌæÃ×¿¼ÐÇ),REF_TILMICOSIN,repository_reference,O34_attached_to_C24,34,24,C,MPM01077,(S)-alpha-Amino-1H-imidazole-4-propionic acid,NC(Cc1cnc[nH]1)C(=O)O,1,CC[C@H]1OC(=O)C[C@@H](O)[C@H](C)[C@@H](O[C@@H]2O[C@H](C)[C@@H](O)[C@H](N(C)C)[C@H]2OC(=O)C(N)Cc2cnc[nH]2)[C@@H](CCN2C[C@H](C)C[C@H](C)C2)C[C@@H](C)C(=O)/C=C/C(C)=C/[C@@H]1CO[C@@H]1O[C@H](C)[C@@H](O)[C@@H](OC)[C@H]1OC,CC[C@H]1OC(=O)C[C@@H](O)[C@H](C)[C@@H](O[C@@H]2O[C@H](C)[C@@H](O)[C@H](N(C)C)[C@H]2OC(=O)C(N)Cc2cnc[nH]2)[C@@H](CCN2C[C@H](C)C[C@H](C)C2)C[C@@H](C)C(=O)/C=C/C(C)=C/[C@@H]1CO[C@@H]1O[C@H](C)[C@@H](O)[C@@H](OC)[C@H]1OC,TRUE,,0.276
tilmicosin,Tilmicosin (ÌæÃ×¿¼ÐÇ),REF_TILMICOSIN,repository_reference,O30_attached_to_C26,30,26,C,MPM00325,3-Phospho-L-serine,NC(COP(=O)(O)O)C(=O)O,1,CC[C@H]1OC(=O)C[C@@H](O)[C@H](C)[C@@H](O[C@@H]2O[C@H](C)[C@@H](OC(=O)C(N)COP(=O)(O)O)[C@H](N(C)C)[C@H]2O)[C@@H](CCN2C[C@H](C)C[C@H](C)C2)C[C@@H](C)C(=O)/C=C/C(C)=C/[C@@H]1CO[C@@H]1O[C@H](C)[C@@H](O)[C@@H](OC)[C@H]1OC,CC[C@H]1OC(=O)C[C@@H](O)[C@H](C)[C@@H](O[C@@H]2O[C@H](C)[C@@H](OC(=O)C(N)COP(=O)(O)O)[C@H](N(C)C)[C@H]2O)[C@@H](CCN2C[C@H](C)C[C@H](C)C2)C[C@@H](C)C(=O)/C=C/C(C)=C/[C@@H]1CO[C@@H]1O[C@H](C)[C@@H](O)[C@@H](OC)[C@H]1OC,TRUE,,0.274
tilmicosin,Tilmicosin (ÌæÃ×¿¼ÐÇ),REF_TILMICOSIN,repository_reference,O34_attached_to_C24,34,24,C,MPM01136,2-Amino-3-hydroxybutyric acid,CC(O)C(N)C(=O)O,1,CC[C@H]1OC(=O)C[C@@H](O)[C@H](C)[C@@H](O[C@@H]2O[C@H](C)[C@@H](O)[C@H](N(C)C)[C@H]2OC(=O)C(N)C(C)O)[C@@H](CCN2C[C@H](C)C[C@H](C)C2)C[C@@H](C)C(=O)/C=C/C(C)=C/[C@@H]1CO[C@@H]1O[C@H](C)[C@@H](O)[C@@H](OC)[C@H]1OC,CC[C@H]1OC(=O)C[C@@H](O)[C@H](C)[C@@H](O[C@@H]2O[C@H](C)[C@@H](O)[C@H](N(C)C)[C@H]2OC(=O)C(N)C(C)O)[C@@H](CCN2C[C@H](C)C[C@H](C)C2)C[C@@H](C)C(=O)/C=C/C(C)=C/[C@@H]1CO[C@@H]1O[C@H](C)[C@@H](O)[C@@H](OC)[C@H]1OC,TRUE,,0.274
tilmicosin,Tilmicosin (ÌæÃ×¿¼ÐÇ),REF_TILMICOSIN,repository_reference,O56_attached_to_C52,56,52,C,MPM01075,(S)-2-Amino-3-oxobutanoic acid,CC(=O)C(N)C(=O)O,1,CC[C@H]1OC(=O)C[C@@H](O)[C@H](C)[C@@H](O[C@@H]2O[C@H](C)[C@@H](O)[C@H](N(C)C)[C@H]2O)[C@@H](CCN2C[C@H](C)C[C@H](C)C2)C[C@@H](C)C(=O)/C=C/C(C)=C/[C@@H]1CO[C@@H]1O[C@H](C)[C@@H](OC(=O)C(N)C(C)=O)[C@@H](OC)[C@H]1OC,CC[C@H]1OC(=O)C[C@@H](O)[C@H](C)[C@@H](O[C@@H]2O[C@H](C)[C@@H](O)[C@H](N(C)C)[C@H]2O)[C@@H](CCN2C[C@H](C)C[C@H](C)C2)C[C@@H](C)C(=O)/C=C/C(C)=C/[C@@H]1CO[C@@H]1O[C@H](C)[C@@H](OC(=O)C(N)C(C)=O)[C@@H](OC)[C@H]1OC,TRUE,,0.274
tilmicosin,Tilmicosin (ÌæÃ×¿¼ÐÇ),REF_TILMICOSIN,repository_reference,O30_attached_to_C26,30,26,C,MPM00388,"5-Oxo-4,5-dihydrofuran-2-acetate",O=C(O)CC1=CCC(=O)O1,1,CC[C@H]1OC(=O)C[C@@H](O)[C@H](C)[C@@H](O[C@@H]2O[C@H](C)[C@@H](OC(=O)CC3=CCC(=O)O3)[C@H](N(C)C)[C@H]2O)[C@@H](CCN2C[C@H](C)C[C@H](C)C2)C[C@@H](C)C(=O)/C=C/C(C)=C/[C@@H]1CO[C@@H]1O[C@H](C)[C@@H](O)[C@@H](OC)[C@H]1OC,CC[C@H]1OC(=O)C[C@@H](O)[C@H](C)[C@@H](O[C@@H]2O[C@H](C)[C@@H](OC(=O)CC3=CCC(=O)O3)[C@H](N(C)C)[C@H]2O)[C@@H](CCN2C[C@H](C)C[C@H](C)C2)C[C@@H](C)C(=O)/C=C/C(C)=C/[C@@H]1CO[C@@H]1O[C@H](C)[C@@H](O)[C@@H](OC)[C@H]1OC,TRUE,,0.272
tilmicosin,Tilmicosin (ÌæÃ×¿¼ÐÇ),REF_TILMICOSIN,repository_reference,O20_attached_to_C15,20,15,C,MPM00325,3-Phospho-L-serine,NC(COP(=O)(O)O)C(=O)O,1,CC[C@H]1OC(=O)C[C@@H](OC(=O)C(N)COP(=O)(O)O)[C@H](C)[C@@H](O[C@@H]2O[C@H](C)[C@@H](O)[C@H](N(C)C)[C@H]2O)[C@@H](CCN2C[C@H](C)C[C@H](C)C2)C[C@@H](C)C(=O)/C=C/C(C)=C/[C@@H]1CO[C@@H]1O[C@H](C)[C@@H](O)[C@@H](OC)[C@H]1OC,CC[C@H]1OC(=O)C[C@@H](OC(=O)C(N)COP(=O)(O)O)[C@H](C)[C@@H](O[C@@H]2O[C@H](C)[C@@H](O)[C@H](N(C)C)[C@H]2O)[C@@H](CCN2C[C@H](C)C[C@H](C)C2)C[C@@H](C)C(=O)/C=C/C(C)=C/[C@@H]1CO[C@@H]1O[C@H](C)[C@@H](O)[C@@H](OC)[C@H]1OC,TRUE,,0.271
tilmicosin,Tilmicosin (ÌæÃ×¿¼ÐÇ),REF_TILMICOSIN,repository_reference,O34_attached_to_C24,34,24,C,MPM00666,Glyceric acid,O=C(O)C(O)CO,1,CC[C@H]1OC(=O)C[C@@H](O)[C@H](C)[C@@H](O[C@@H]2O[C@H](C)[C@@H](O)[C@H](N(C)C)[C@H]2OC(=O)C(O)CO)[C@@H](CCN2C[C@H](C)C[C@H](C)C2)C[C@@H](C)C(=O)/C=C/C(C)=C/[C@@H]1CO[C@@H]1O[C@H](C)[C@@H](O)[C@@H](OC)[C@H]1OC,CC[C@H]1OC(=O)C[C@@H](O)[C@H](C)[C@@H](O[C@@H]2O[C@H](C)[C@@H](O)[C@H](N(C)C)[C@H]2OC(=O)C(O)CO)[C@@H](CCN2C[C@H](C)C[C@H](C)C2)C[C@@H](C)C(=O)/C=C/C(C)=C/[C@@H]1CO[C@@H]1O[C@H](C)[C@@H](O)[C@@H](OC)[C@H]1OC,TRUE,,0.27
tilmicosin,Tilmicosin (ÌæÃ×¿¼ÐÇ),REF_TILMICOSIN,repository_reference,O34_attached_to_C24,34,24,C,MPM01517,N2-Acetyl-L-ornithine,CC(=O)NC(CCCN)C(=O)O,1,CC[C@H]1OC(=O)C[C@@H](O)[C@H](C)[C@@H](O[C@@H]2O[C@H](C)[C@@H](O)[C@H](N(C)C)[C@H]2OC(=O)C(CCCN)NC(C)=O)[C@@H](CCN2C[C@H](C)C[C@H](C)C2)C[C@@H](C)C(=O)/C=C/C(C)=C/[C@@H]1CO[C@@H]1O[C@H](C)[C@@H](O)[C@@H](OC)[C@H]1OC,CC[C@H]1OC(=O)C[C@@H](O)[C@H](C)[C@@H](O[C@@H]2O[C@H](C)[C@@H](O)[C@H](N(C)C)[C@H]2OC(=O)C(CCCN)NC(C)=O)[C@@H](CCN2C[C@H](C)C[C@H](C)C2)C[C@@H](C)C(=O)/C=C/C(C)=C/[C@@H]1CO[C@@H]1O[C@H](C)[C@@H](O)[C@@H](OC)[C@H]1OC,TRUE,,0.269
tilmicosin,Tilmicosin (ÌæÃ×¿¼ÐÇ),REF_TILMICOSIN,repository_reference,O34_attached_to_C24,34,24,C,MPM00612,D-phenylalanine,NC(Cc1ccccc1)C(=O)O,1,CC[C@H]1OC(=O)C[C@@H](O)[C@H](C)[C@@H](O[C@@H]2O[C@H](C)[C@@H](O)[C@H](N(C)C)[C@H]2OC(=O)C(N)Cc2ccccc2)[C@@H](CCN2C[C@H](C)C[C@H](C)C2)C[C@@H](C)C(=O)/C=C/C(C)=C/[C@@H]1CO[C@@H]1O[C@H](C)[C@@H](O)[C@@H](OC)[C@H]1OC,CC[C@H]1OC(=O)C[C@@H](O)[C@H](C)[C@@H](O[C@@H]2O[C@H](C)[C@@H](O)[C@H](N(C)C)[C@H]2OC(=O)C(N)Cc2ccccc2)[C@@H](CCN2C[C@H](C)C[C@H](C)C2)C[C@@H](C)C(=O)/C=C/C(C)=C/[C@@H]1CO[C@@H]1O[C@H](C)[C@@H](O)[C@@H](OC)[C@H]1OC,TRUE,,0.269
tilmicosin,Tilmicosin (ÌæÃ×¿¼ÐÇ),REF_TILMICOSIN,repository_reference,O20_attached_to_C15,20,15,C,MPM00388,"5-Oxo-4,5-dihydrofuran-2-acetate",O=C(O)CC1=CCC(=O)O1,1,CC[C@H]1OC(=O)C[C@@H](OC(=O)CC2=CCC(=O)O2)[C@H](C)[C@@H](O[C@@H]2O[C@H](C)[C@@H](O)[C@H](N(C)C)[C@H]2O)[C@@H](CCN2C[C@H](C)C[C@H](C)C2)C[C@@H](C)C(=O)/C=C/C(C)=C/[C@@H]1CO[C@@H]1O[C@H](C)[C@@H](O)[C@@H](OC)[C@H]1OC,CC[C@H]1OC(=O)C[C@@H](OC(=O)CC2=CCC(=O)O2)[C@H](C)[C@@H](O[C@@H]2O[C@H](C)[C@@H](O)[C@H](N(C)C)[C@H]2O)[C@@H](CCN2C[C@H](C)C[C@H](C)C2)C[C@@H](C)C(=O)/C=C/C(C)=C/[C@@H]1CO[C@@H]1O[C@H](C)[C@@H](O)[C@@H](OC)[C@H]1OC,TRUE,,0.268
tilmicosin,Tilmicosin (ÌæÃ×¿¼ÐÇ),REF_TILMICOSIN,repository_reference,O20_attached_to_C15,20,15,C,MPM00253,2-Oxo-3-phenylpropanoate,O=C(O)C(=O)Cc1ccccc1,1,CC[C@H]1OC(=O)C[C@@H](OC(=O)C(=O)Cc2ccccc2)[C@H](C)[C@@H](O[C@@H]2O[C@H](C)[C@@H](O)[C@H](N(C)C)[C@H]2O)[C@@H](CCN2C[C@H](C)C[C@H](C)C2)C[C@@H](C)C(=O)/C=C/C(C)=C/[C@@H]1CO[C@@H]1O[C@H](C)[C@@H](O)[C@@H](OC)[C@H]1OC,CC[C@H]1OC(=O)C[C@@H](OC(=O)C(=O)Cc2ccccc2)[C@H](C)[C@@H](O[C@@H]2O[C@H](C)[C@@H](O)[C@H](N(C)C)[C@H]2O)[C@@H](CCN2C[C@H](C)C[C@H](C)C2)C[C@@H](C)C(=O)/C=C/C(C)=C/[C@@H]1CO[C@@H]1O[C@H](C)[C@@H](O)[C@@H](OC)[C@H]1OC,TRUE,,0.262
tilmicosin,Tilmicosin (ÌæÃ×¿¼ÐÇ),REF_TILMICOSIN,repository_reference,O30_attached_to_C26,30,26,C,MPM00253,2-Oxo-3-phenylpropanoate,O=C(O)C(=O)Cc1ccccc1,1,CC[C@H]1OC(=O)C[C@@H](O)[C@H](C)[C@@H](O[C@@H]2O[C@H](C)[C@@H](OC(=O)C(=O)Cc3ccccc3)[C@H](N(C)C)[C@H]2O)[C@@H](CCN2C[C@H](C)C[C@H](C)C2)C[C@@H](C)C(=O)/C=C/C(C)=C/[C@@H]1CO[C@@H]1O[C@H](C)[C@@H](O)[C@@H](OC)[C@H]1OC,CC[C@H]1OC(=O)C[C@@H](O)[C@H](C)[C@@H](O[C@@H]2O[C@H](C)[C@@H](OC(=O)C(=O)Cc3ccccc3)[C@H](N(C)C)[C@H]2O)[C@@H](CCN2C[C@H](C)C[C@H](C)C2)C[C@@H](C)C(=O)/C=C/C(C)=C/[C@@H]1CO[C@@H]1O[C@H](C)[C@@H](O)[C@@H](OC)[C@H]1OC,TRUE,,0.256
tilmicosin,Tilmicosin (ÌæÃ×¿¼ÐÇ),REF_TILMICOSIN,repository_reference,O34_attached_to_C24,34,24,C,MPM00965,Tartronate semialdehyde,O=CC(O)C(=O)O,1,CC[C@H]1OC(=O)C[C@@H](O)[C@H](C)[C@@H](O[C@@H]2O[C@H](C)[C@@H](O)[C@H](N(C)C)[C@H]2OC(=O)C(O)C=O)[C@@H](CCN2C[C@H](C)C[C@H](C)C2)C[C@@H](C)C(=O)/C=C/C(C)=C/[C@@H]1CO[C@@H]1O[C@H](C)[C@@H](O)[C@@H](OC)[C@H]1OC,CC[C@H]1OC(=O)C[C@@H](O)[C@H](C)[C@@H](O[C@@H]2O[C@H](C)[C@@H](O)[C@H](N(C)C)[C@H]2OC(=O)C(O)C=O)[C@@H](CCN2C[C@H](C)C[C@H](C)C2)C[C@@H](C)C(=O)/C=C/C(C)=C/[C@@H]1CO[C@@H]1O[C@H](C)[C@@H](O)[C@@H](OC)[C@H]1OC,TRUE,,0.255
tilmicosin,Tilmicosin (ÌæÃ×¿¼ÐÇ),REF_TILMICOSIN,repository_reference,O56_attached_to_C52,56,52,C,MPM00418,"Acetic acid,phenyl ester",O=C(O)Cc1ccccc1,1,CC[C@H]1OC(=O)C[C@@H](O)[C@H](C)[C@@H](O[C@@H]2O[C@H](C)[C@@H](O)[C@H](N(C)C)[C@H]2O)[C@@H](CCN2C[C@H](C)C[C@H](C)C2)C[C@@H](C)C(=O)/C=C/C(C)=C/[C@@H]1CO[C@@H]1O[C@H](C)[C@@H](OC(=O)Cc2ccccc2)[C@@H](OC)[C@H]1OC,CC[C@H]1OC(=O)C[C@@H](O)[C@H](C)[C@@H](O[C@@H]2O[C@H](C)[C@@H](O)[C@H](N(C)C)[C@H]2O)[C@@H](CCN2C[C@H](C)C[C@H](C)C2)C[C@@H](C)C(=O)/C=C/C(C)=C/[C@@H]1CO[C@@H]1O[C@H](C)[C@@H](OC(=O)Cc2ccccc2)[C@@H](OC)[C@H]1OC,TRUE,,0.255
tilmicosin,Tilmicosin (ÌæÃ×¿¼ÐÇ),REF_TILMICOSIN,repository_reference,O34_attached_to_C24,34,24,C,MPM00921,Pyroracemic acid,CC(=O)C(=O)O,1,CC[C@H]1OC(=O)C[C@@H](O)[C@H](C)[C@@H](O[C@@H]2O[C@H](C)[C@@H](O)[C@H](N(C)C)[C@H]2OC(=O)C(C)=O)[C@@H](CCN2C[C@H](C)C[C@H](C)C2)C[C@@H](C)C(=O)/C=C/C(C)=C/[C@@H]1CO[C@@H]1O[C@H](C)[C@@H](O)[C@@H](OC)[C@H]1OC,CC[C@H]1OC(=O)C[C@@H](O)[C@H](C)[C@@H](O[C@@H]2O[C@H](C)[C@@H](O)[C@H](N(C)C)[C@H]2OC(=O)C(C)=O)[C@@H](CCN2C[C@H](C)C[C@H](C)C2)C[C@@H](C)C(=O)/C=C/C(C)=C/[C@@H]1CO[C@@H]1O[C@H](C)[C@@H](O)[C@@H](OC)[C@H]1OC,TRUE,,0.254
tilmicosin,Tilmicosin (ÌæÃ×¿¼ÐÇ),REF_TILMICOSIN,repository_reference,O56_attached_to_C52,56,52,C,MPM01077,(S)-alpha-Amino-1H-imidazole-4-propionic acid,NC(Cc1cnc[nH]1)C(=O)O,1,CC[C@H]1OC(=O)C[C@@H](O)[C@H](C)[C@@H](O[C@@H]2O[C@H](C)[C@@H](O)[C@H](N(C)C)[C@H]2O)[C@@H](CCN2C[C@H](C)C[C@H](C)C2)C[C@@H](C)C(=O)/C=C/C(C)=C/[C@@H]1CO[C@@H]1O[C@H](C)[C@@H](OC(=O)C(N)Cc2cnc[nH]2)[C@@H](OC)[C@H]1OC,CC[C@H]1OC(=O)C[C@@H](O)[C@H](C)[C@@H](O[C@@H]2O[C@H](C)[C@@H](O)[C@H](N(C)C)[C@H]2O)[C@@H](CCN2C[C@H](C)C[C@H](C)C2)C[C@@H](C)C(=O)/C=C/C(C)=C/[C@@H]1CO[C@@H]1O[C@H](C)[C@@H](OC(=O)C(N)Cc2cnc[nH]2)[C@@H](OC)[C@H]1OC,TRUE,,0.254
tilmicosin,Tilmicosin (ÌæÃ×¿¼ÐÇ),REF_TILMICOSIN,repository_reference,O56_attached_to_C52,56,52,C,MPM01136,2-Amino-3-hydroxybutyric acid,CC(O)C(N)C(=O)O,1,CC[C@H]1OC(=O)C[C@@H](O)[C@H](C)[C@@H](O[C@@H]2O[C@H](C)[C@@H](O)[C@H](N(C)C)[C@H]2O)[C@@H](CCN2C[C@H](C)C[C@H](C)C2)C[C@@H](C)C(=O)/C=C/C(C)=C/[C@@H]1CO[C@@H]1O[C@H](C)[C@@H](OC(=O)C(N)C(C)O)[C@@H](OC)[C@H]1OC,CC[C@H]1OC(=O)C[C@@H](O)[C@H](C)[C@@H](O[C@@H]2O[C@H](C)[C@@H](O)[C@H](N(C)C)[C@H]2O)[C@@H](CCN2C[C@H](C)C[C@H](C)C2)C[C@@H](C)C(=O)/C=C/C(C)=C/[C@@H]1CO[C@@H]1O[C@H](C)[C@@H](OC(=O)C(N)C(C)O)[C@@H](OC)[C@H]1OC,TRUE,,0.251
tilmicosin,Tilmicosin (ÌæÃ×¿¼ÐÇ),REF_TILMICOSIN,repository_reference,O20_attached_to_C15,20,15,C,MPM01165,2-Oxoarginine,NC(N)=NCCCC(=O)C(=O)O,1,CC[C@H]1OC(=O)C[C@@H](OC(=O)C(=O)CCCN=C(N)N)[C@H](C)[C@@H](O[C@@H]2O[C@H](C)[C@@H](O)[C@H](N(C)C)[C@H]2O)[C@@H](CCN2C[C@H](C)C[C@H](C)C2)C[C@@H](C)C(=O)/C=C/C(C)=C/[C@@H]1CO[C@@H]1O[C@H](C)[C@@H](O)[C@@H](OC)[C@H]1OC,CC[C@H]1OC(=O)C[C@@H](OC(=O)C(=O)CCCN=C(N)N)[C@H](C)[C@@H](O[C@@H]2O[C@H](C)[C@@H](O)[C@H](N(C)C)[C@H]2O)[C@@H](CCN2C[C@H](C)C[C@H](C)C2)C[C@@H](C)C(=O)/C=C/C(C)=C/[C@@H]1CO[C@@H]1O[C@H](C)[C@@H](O)[C@@H](OC)[C@H]1OC,TRUE,,0.25
tilmicosin,Tilmicosin (ÌæÃ×¿¼ÐÇ),REF_TILMICOSIN,repository_reference,O34_attached_to_C24,34,24,C,MPM01531,O-Acetylhomoserine,CC(=O)OCCC(N)C(=O)O,1,CC[C@H]1OC(=O)C[C@@H](O)[C@H](C)[C@@H](O[C@@H]2O[C@H](C)[C@@H](O)[C@H](N(C)C)[C@H]2OC(=O)C(N)CCOC(C)=O)[C@@H](CCN2C[C@H](C)C[C@H](C)C2)C[C@@H](C)C(=O)/C=C/C(C)=C/[C@@H]1CO[C@@H]1O[C@H](C)[C@@H](O)[C@@H](OC)[C@H]1OC,CC[C@H]1OC(=O)C[C@@H](O)[C@H](C)[C@@H](O[C@@H]2O[C@H](C)[C@@H](O)[C@H](N(C)C)[C@H]2OC(=O)C(N)CCOC(C)=O)[C@@H](CCN2C[C@H](C)C[C@H](C)C2)C[C@@H](C)C(=O)/C=C/C(C)=C/[C@@H]1CO[C@@H]1O[C@H](C)[C@@H](O)[C@@H](OC)[C@H]1OC,TRUE,,0.249
tilmicosin,Tilmicosin (ÌæÃ×¿¼ÐÇ),REF_TILMICOSIN,repository_reference,O56_attached_to_C52,56,52,C,MPM00666,Glyceric acid,O=C(O)C(O)CO,1,CC[C@H]1OC(=O)C[C@@H](O)[C@H](C)[C@@H](O[C@@H]2O[C@H](C)[C@@H](O)[C@H](N(C)C)[C@H]2O)[C@@H](CCN2C[C@H](C)C[C@H](C)C2)C[C@@H](C)C(=O)/C=C/C(C)=C/[C@@H]1CO[C@@H]1O[C@H](C)[C@@H](OC(=O)C(O)CO)[C@@H](OC)[C@H]1OC,CC[C@H]1OC(=O)C[C@@H](O)[C@H](C)[C@@H](O[C@@H]2O[C@H](C)[C@@H](O)[C@H](N(C)C)[C@H]2O)[C@@H](CCN2C[C@H](C)C[C@H](C)C2)C[C@@H](C)C(=O)/C=C/C(C)=C/[C@@H]1CO[C@@H]1O[C@H](C)[C@@H](OC(=O)C(O)CO)[C@@H](OC)[C@H]1OC,TRUE,,0.247
tilmicosin,Tilmicosin (ÌæÃ×¿¼ÐÇ),REF_TILMICOSIN,repository_reference,O56_attached_to_C52,56,52,C,MPM01517,N2-Acetyl-L-ornithine,CC(=O)NC(CCCN)C(=O)O,1,CC[C@H]1OC(=O)C[C@@H](O)[C@H](C)[C@@H](O[C@@H]2O[C@H](C)[C@@H](O)[C@H](N(C)C)[C@H]2O)[C@@H](CCN2C[C@H](C)C[C@H](C)C2)C[C@@H](C)C(=O)/C=C/C(C)=C/[C@@H]1CO[C@@H]1O[C@H](C)[C@@H](OC(=O)C(CCCN)NC(C)=O)[C@@H](OC)[C@H]1OC,CC[C@H]1OC(=O)C[C@@H](O)[C@H](C)[C@@H](O[C@@H]2O[C@H](C)[C@@H](O)[C@H](N(C)C)[C@H]2O)[C@@H](CCN2C[C@H](C)C[C@H](C)C2)C[C@@H](C)C(=O)/C=C/C(C)=C/[C@@H]1CO[C@@H]1O[C@H](C)[C@@H](OC(=O)C(CCCN)NC(C)=O)[C@@H](OC)[C@H]1OC,TRUE,,0.246
tilmicosin,Tilmicosin (ÌæÃ×¿¼ÐÇ),REF_TILMICOSIN,repository_reference,O56_attached_to_C52,56,52,C,MPM00612,D-phenylalanine,NC(Cc1ccccc1)C(=O)O,1,CC[C@H]1OC(=O)C[C@@H](O)[C@H](C)[C@@H](O[C@@H]2O[C@H](C)[C@@H](O)[C@H](N(C)C)[C@H]2O)[C@@H](CCN2C[C@H](C)C[C@H](C)C2)C[C@@H](C)C(=O)/C=C/C(C)=C/[C@@H]1CO[C@@H]1O[C@H](C)[C@@H](OC(=O)C(N)Cc2ccccc2)[C@@H](OC)[C@H]1OC,CC[C@H]1OC(=O)C[C@@H](O)[C@H](C)[C@@H](O[C@@H]2O[C@H](C)[C@@H](O)[C@H](N(C)C)[C@H]2O)[C@@H](CCN2C[C@H](C)C[C@H](C)C2)C[C@@H](C)C(=O)/C=C/C(C)=C/[C@@H]1CO[C@@H]1O[C@H](C)[C@@H](OC(=O)C(N)Cc2ccccc2)[C@@H](OC)[C@H]1OC,TRUE,,0.246
tilmicosin,Tilmicosin (ÌæÃ×¿¼ÐÇ),REF_TILMICOSIN,repository_reference,O30_attached_to_C26,30,26,C,MPM01165,2-Oxoarginine,NC(N)=NCCCC(=O)C(=O)O,1,CC[C@H]1OC(=O)C[C@@H](O)[C@H](C)[C@@H](O[C@@H]2O[C@H](C)[C@@H](OC(=O)C(=O)CCCN=C(N)N)[C@H](N(C)C)[C@H]2O)[C@@H](CCN2C[C@H](C)C[C@H](C)C2)C[C@@H](C)C(=O)/C=C/C(C)=C/[C@@H]1CO[C@@H]1O[C@H](C)[C@@H](O)[C@@H](OC)[C@H]1OC,CC[C@H]1OC(=O)C[C@@H](O)[C@H](C)[C@@H](O[C@@H]2O[C@H](C)[C@@H](OC(=O)C(=O)CCCN=C(N)N)[C@H](N(C)C)[C@H]2O)[C@@H](CCN2C[C@H](C)C[C@H](C)C2)C[C@@H](C)C(=O)/C=C/C(C)=C/[C@@H]1CO[C@@H]1O[C@H](C)[C@@H](O)[C@@H](OC)[C@H]1OC,TRUE,,0.241
tilmicosin,Tilmicosin (ÌæÃ×¿¼ÐÇ),REF_TILMICOSIN,repository_reference,O34_attached_to_C24,34,24,C,MPM00496,butyrate,CCCC(=O)O,1,CCCC(=O)O[C@H]1[C@H](O[C@H]2[C@@H](CCN3C[C@H](C)C[C@H](C)C3)C[C@@H](C)C(=O)/C=C/C(C)=C/[C@H](CO[C@@H]3O[C@H](C)[C@@H](O)[C@@H](OC)[C@H]3OC)[C@@H](CC)OC(=O)C[C@@H](O)[C@@H]2C)O[C@H](C)[C@@H](O)[C@@H]1N(C)C,CCCC(=O)O[C@H]1[C@H](O[C@H]2[C@@H](CCN3C[C@H](C)C[C@H](C)C3)C[C@@H](C)C(=O)/C=C/C(C)=C/[C@H](CO[C@@H]3O[C@H](C)[C@@H](O)[C@@H](OC)[C@H]3OC)[C@@H](CC)OC(=O)C[C@@H](O)[C@@H]2C)O[C@H](C)[C@@H](O)[C@@H]1N(C)C,TRUE,,0.241
tilmicosin,Tilmicosin (ÌæÃ×¿¼ÐÇ),REF_TILMICOSIN,repository_reference,O30_attached_to_C26,30,26,C,MPM01144,2-Ammoniomalonate semialdehyde,NC(C=O)C(=O)O,1,CC[C@H]1OC(=O)C[C@@H](O)[C@H](C)[C@@H](O[C@@H]2O[C@H](C)[C@@H](OC(=O)C(N)C=O)[C@H](N(C)C)[C@H]2O)[C@@H](CCN2C[C@H](C)C[C@H](C)C2)C[C@@H](C)C(=O)/C=C/C(C)=C/[C@@H]1CO[C@@H]1O[C@H](C)[C@@H](O)[C@@H](OC)[C@H]1OC,CC[C@H]1OC(=O)C[C@@H](O)[C@H](C)[C@@H](O[C@@H]2O[C@H](C)[C@@H](OC(=O)C(N)C=O)[C@H](N(C)C)[C@H]2O)[C@@H](CCN2C[C@H](C)C[C@H](C)C2)C[C@@H](C)C(=O)/C=C/C(C)=C/[C@@H]1CO[C@@H]1O[C@H](C)[C@@H](O)[C@@H](OC)[C@H]1OC,TRUE,,0.236
tilmicosin,Tilmicosin (ÌæÃ×¿¼ÐÇ),REF_TILMICOSIN,repository_reference,O56_attached_to_C52,56,52,C,MPM00921,Pyroracemic acid,CC(=O)C(=O)O,1,CC[C@H]1OC(=O)C[C@@H](O)[C@H](C)[C@@H](O[C@@H]2O[C@H](C)[C@@H](O)[C@H](N(C)C)[C@H]2O)[C@@H](CCN2C[C@H](C)C[C@H](C)C2)C[C@@H](C)C(=O)/C=C/C(C)=C/[C@@H]1CO[C@@H]1O[C@H](C)[C@@H](OC(=O)C(C)=O)[C@@H](OC)[C@H]1OC,CC[C@H]1OC(=O)C[C@@H](O)[C@H](C)[C@@H](O[C@@H]2O[C@H](C)[C@@H](O)[C@H](N(C)C)[C@H]2O)[C@@H](CCN2C[C@H](C)C[C@H](C)C2)C[C@@H](C)C(=O)/C=C/C(C)=C/[C@@H]1CO[C@@H]1O[C@H](C)[C@@H](OC(=O)C(C)=O)[C@@H](OC)[C@H]1OC,TRUE,,0.232
tilmicosin,Tilmicosin (ÌæÃ×¿¼ÐÇ),REF_TILMICOSIN,repository_reference,O56_attached_to_C52,56,52,C,MPM00965,Tartronate semialdehyde,O=CC(O)C(=O)O,1,CC[C@H]1OC(=O)C[C@@H](O)[C@H](C)[C@@H](O[C@@H]2O[C@H](C)[C@@H](O)[C@H](N(C)C)[C@H]2O)[C@@H](CCN2C[C@H](C)C[C@H](C)C2)C[C@@H](C)C(=O)/C=C/C(C)=C/[C@@H]1CO[C@@H]1O[C@H](C)[C@@H](OC(=O)C(O)C=O)[C@@H](OC)[C@H]1OC,CC[C@H]1OC(=O)C[C@@H](O)[C@H](C)[C@@H](O[C@@H]2O[C@H](C)[C@@H](O)[C@H](N(C)C)[C@H]2O)[C@@H](CCN2C[C@H](C)C[C@H](C)C2)C[C@@H](C)C(=O)/C=C/C(C)=C/[C@@H]1CO[C@@H]1O[C@H](C)[C@@H](OC(=O)C(O)C=O)[C@@H](OC)[C@H]1OC,TRUE,,0.229
tilmicosin,Tilmicosin (ÌæÃ×¿¼ÐÇ),REF_TILMICOSIN,repository_reference,O34_attached_to_C24,34,24,C,MPM00543,D-2-Hydroxypropionic acid,CC(O)C(=O)O,1,CC[C@H]1OC(=O)C[C@@H](O)[C@H](C)[C@@H](O[C@@H]2O[C@H](C)[C@@H](O)[C@H](N(C)C)[C@H]2OC(=O)C(C)O)[C@@H](CCN2C[C@H](C)C[C@H](C)C2)C[C@@H](C)C(=O)/C=C/C(C)=C/[C@@H]1CO[C@@H]1O[C@H](C)[C@@H](O)[C@@H](OC)[C@H]1OC,CC[C@H]1OC(=O)C[C@@H](O)[C@H](C)[C@@H](O[C@@H]2O[C@H](C)[C@@H](O)[C@H](N(C)C)[C@H]2OC(=O)C(C)O)[C@@H](CCN2C[C@H](C)C[C@H](C)C2)C[C@@H](C)C(=O)/C=C/C(C)=C/[C@@H]1CO[C@@H]1O[C@H](C)[C@@H](O)[C@@H](OC)[C@H]1OC,TRUE,,0.227
tilmicosin,Tilmicosin (ÌæÃ×¿¼ÐÇ),REF_TILMICOSIN,repository_reference,O20_attached_to_C15,20,15,C,MPM01144,2-Ammoniomalonate semialdehyde,NC(C=O)C(=O)O,1,CC[C@H]1OC(=O)C[C@@H](OC(=O)C(N)C=O)[C@H](C)[C@@H](O[C@@H]2O[C@H](C)[C@@H](O)[C@H](N(C)C)[C@H]2O)[C@@H](CCN2C[C@H](C)C[C@H](C)C2)C[C@@H](C)C(=O)/C=C/C(C)=C/[C@@H]1CO[C@@H]1O[C@H](C)[C@@H](O)[C@@H](OC)[C@H]1OC,CC[C@H]1OC(=O)C[C@@H](OC(=O)C(N)C=O)[C@H](C)[C@@H](O[C@@H]2O[C@H](C)[C@@H](O)[C@H](N(C)C)[C@H]2O)[C@@H](CCN2C[C@H](C)C[C@H](C)C2)C[C@@H](C)C(=O)/C=C/C(C)=C/[C@@H]1CO[C@@H]1O[C@H](C)[C@@H](O)[C@@H](OC)[C@H]1OC,TRUE,,0.226
tilmicosin,Tilmicosin (ÌæÃ×¿¼ÐÇ),REF_TILMICOSIN,repository_reference,O56_attached_to_C52,56,52,C,MPM01531,O-Acetylhomoserine,CC(=O)OCCC(N)C(=O)O,1,CC[C@H]1OC(=O)C[C@@H](O)[C@H](C)[C@@H](O[C@@H]2O[C@H](C)[C@@H](O)[C@H](N(C)C)[C@H]2O)[C@@H](CCN2C[C@H](C)C[C@H](C)C2)C[C@@H](C)C(=O)/C=C/C(C)=C/[C@@H]1CO[C@@H]1O[C@H](C)[C@@H](OC(=O)C(N)CCOC(C)=O)[C@@H](OC)[C@H]1OC,CC[C@H]1OC(=O)C[C@@H](O)[C@H](C)[C@@H](O[C@@H]2O[C@H](C)[C@@H](O)[C@H](N(C)C)[C@H]2O)[C@@H](CCN2C[C@H](C)C[C@H](C)C2)C[C@@H](C)C(=O)/C=C/C(C)=C/[C@@H]1CO[C@@H]1O[C@H](C)[C@@H](OC(=O)C(N)CCOC(C)=O)[C@@H](OC)[C@H]1OC,TRUE,,0.226
tilmicosin,Tilmicosin (ÌæÃ×¿¼ÐÇ),REF_TILMICOSIN,repository_reference,O30_attached_to_C26,30,26,C,MPM00908,propionate,CCC(=O)O,1,CCC(=O)O[C@H]1[C@H](N(C)C)[C@@H](O)[C@H](O[C@H]2[C@@H](CCN3C[C@H](C)C[C@H](C)C3)C[C@@H](C)C(=O)/C=C/C(C)=C/[C@H](CO[C@@H]3O[C@H](C)[C@@H](O)[C@@H](OC)[C@H]3OC)[C@@H](CC)OC(=O)C[C@@H](O)[C@@H]2C)O[C@@H]1C,CCC(=O)O[C@H]1[C@H](N(C)C)[C@@H](O)[C@H](O[C@H]2[C@@H](CCN3C[C@H](C)C[C@H](C)C3)C[C@@H](C)C(=O)/C=C/C(C)=C/[C@H](CO[C@@H]3O[C@H](C)[C@@H](O)[C@@H](OC)[C@H]3OC)[C@@H](CC)OC(=O)C[C@@H](O)[C@@H]2C)O[C@@H]1C,TRUE,,0.222
tilmicosin,Tilmicosin (ÌæÃ×¿¼ÐÇ),REF_TILMICOSIN,repository_reference,O30_attached_to_C26,30,26,C,MPM00675,Glycyl-L-leucine,CC(C)CC(NC(=O)CN)C(=O)O,1,CC[C@H]1OC(=O)C[C@@H](O)[C@H](C)[C@@H](O[C@@H]2O[C@H](C)[C@@H](OC(=O)C(CC(C)C)NC(=O)CN)[C@H](N(C)C)[C@H]2O)[C@@H](CCN2C[C@H](C)C[C@H](C)C2)C[C@@H](C)C(=O)/C=C/C(C)=C/[C@@H]1CO[C@@H]1O[C@H](C)[C@@H](O)[C@@H](OC)[C@H]1OC,CC[C@H]1OC(=O)C[C@@H](O)[C@H](C)[C@@H](O[C@@H]2O[C@H](C)[C@@H](OC(=O)C(CC(C)C)NC(=O)CN)[C@H](N(C)C)[C@H]2O)[C@@H](CCN2C[C@H](C)C[C@H](C)C2)C[C@@H](C)C(=O)/C=C/C(C)=C/[C@@H]1CO[C@@H]1O[C@H](C)[C@@H](O)[C@@H](OC)[C@H]1OC,TRUE,,0.221
tilmicosin,Tilmicosin (ÌæÃ×¿¼ÐÇ),REF_TILMICOSIN,repository_reference,O20_attached_to_C15,20,15,C,MPM00675,Glycyl-L-leucine,CC(C)CC(NC(=O)CN)C(=O)O,1,CC[C@H]1OC(=O)C[C@@H](OC(=O)C(CC(C)C)NC(=O)CN)[C@H](C)[C@@H](O[C@@H]2O[C@H](C)[C@@H](O)[C@H](N(C)C)[C@H]2O)[C@@H](CCN2C[C@H](C)C[C@H](C)C2)C[C@@H](C)C(=O)/C=C/C(C)=C/[C@@H]1CO[C@@H]1O[C@H](C)[C@@H](O)[C@@H](OC)[C@H]1OC,CC[C@H]1OC(=O)C[C@@H](OC(=O)C(CC(C)C)NC(=O)CN)[C@H](C)[C@@H](O[C@@H]2O[C@H](C)[C@@H](O)[C@H](N(C)C)[C@H]2O)[C@@H](CCN2C[C@H](C)C[C@H](C)C2)C[C@@H](C)C(=O)/C=C/C(C)=C/[C@@H]1CO[C@@H]1O[C@H](C)[C@@H](O)[C@@H](OC)[C@H]1OC,TRUE,,0.218
tilmicosin,Tilmicosin (ÌæÃ×¿¼ÐÇ),REF_TILMICOSIN,repository_reference,O30_attached_to_C26,30,26,C,MPM01075,(S)-2-Amino-3-oxobutanoic acid,CC(=O)C(N)C(=O)O,1,CC[C@H]1OC(=O)C[C@@H](O)[C@H](C)[C@@H](O[C@@H]2O[C@H](C)[C@@H](OC(=O)C(N)C(C)=O)[C@H](N(C)C)[C@H]2O)[C@@H](CCN2C[C@H](C)C[C@H](C)C2)C[C@@H](C)C(=O)/C=C/C(C)=C/[C@@H]1CO[C@@H]1O[C@H](C)[C@@H](O)[C@@H](OC)[C@H]1OC,CC[C@H]1OC(=O)C[C@@H](O)[C@H](C)[C@@H](O[C@@H]2O[C@H](C)[C@@H](OC(=O)C(N)C(C)=O)[C@H](N(C)C)[C@H]2O)[C@@H](CCN2C[C@H](C)C[C@H](C)C2)C[C@@H](C)C(=O)/C=C/C(C)=C/[C@@H]1CO[C@@H]1O[C@H](C)[C@@H](O)[C@@H](OC)[C@H]1OC,TRUE,,0.218
tilmicosin,Tilmicosin (ÌæÃ×¿¼ÐÇ),REF_TILMICOSIN,repository_reference,O56_attached_to_C52,56,52,C,MPM00496,butyrate,CCCC(=O)O,1,CCCC(=O)O[C@H]1[C@@H](OC)[C@@H](OC)[C@H](OC[C@H]2/C=C(C)/C=C/C(=O)[C@H](C)C[C@H](CCN3C[C@H](C)C[C@H](C)C3)[C@H](O[C@@H]3O[C@H](C)[C@@H](O)[C@H](N(C)C)[C@H]3O)[C@@H](C)[C@H](O)CC(=O)O[C@@H]2CC)O[C@@H]1C,CCCC(=O)O[C@H]1[C@@H](OC)[C@@H](OC)[C@H](OC[C@H]2/C=C(C)/C=C/C(=O)[C@H](C)C[C@H](CCN3C[C@H](C)C[C@H](C)C3)[C@H](O[C@@H]3O[C@H](C)[C@@H](O)[C@H](N(C)C)[C@H]3O)[C@@H](C)[C@H](O)CC(=O)O[C@@H]2CC)O[C@@H]1C,TRUE,,0.218
tilmicosin,Tilmicosin (ÌæÃ×¿¼ÐÇ),REF_TILMICOSIN,repository_reference,O20_attached_to_C15,20,15,C,MPM01075,(S)-2-Amino-3-oxobutanoic acid,CC(=O)C(N)C(=O)O,1,CC[C@H]1OC(=O)C[C@@H](OC(=O)C(N)C(C)=O)[C@H](C)[C@@H](O[C@@H]2O[C@H](C)[C@@H](O)[C@H](N(C)C)[C@H]2O)[C@@H](CCN2C[C@H](C)C[C@H](C)C2)C[C@@H](C)C(=O)/C=C/C(C)=C/[C@@H]1CO[C@@H]1O[C@H](C)[C@@H](O)[C@@H](OC)[C@H]1OC,CC[C@H]1OC(=O)C[C@@H](OC(=O)C(N)C(C)=O)[C@H](C)[C@@H](O[C@@H]2O[C@H](C)[C@@H](O)[C@H](N(C)C)[C@H]2O)[C@@H](CCN2C[C@H](C)C[C@H](C)C2)C[C@@H](C)C(=O)/C=C/C(C)=C/[C@@H]1CO[C@@H]1O[C@H](C)[C@@H](O)[C@@H](OC)[C@H]1OC,TRUE,,0.209
tilmicosin,Tilmicosin (ÌæÃ×¿¼ÐÇ),REF_TILMICOSIN,repository_reference,O20_attached_to_C15,20,15,C,MPM00908,propionate,CCC(=O)O,1,CCC(=O)O[C@@H]1CC(=O)O[C@H](CC)[C@@H](CO[C@@H]2O[C@H](C)[C@@H](O)[C@@H](OC)[C@H]2OC)/C=C(C)/C=C/C(=O)[C@H](C)C[C@H](CCN2C[C@H](C)C[C@H](C)C2)[C@H](O[C@@H]2O[C@H](C)[C@@H](O)[C@H](N(C)C)[C@H]2O)[C@H]1C,CCC(=O)O[C@@H]1CC(=O)O[C@H](CC)[C@@H](CO[C@@H]2O[C@H](C)[C@@H](O)[C@@H](OC)[C@H]2OC)/C=C(C)/C=C/C(=O)[C@H](C)C[C@H](CCN2C[C@H](C)C[C@H](C)C2)[C@H](O[C@@H]2O[C@H](C)[C@@H](O)[C@H](N(C)C)[C@H]2O)[C@H]1C,TRUE,,0.209
tilmicosin,Tilmicosin (ÌæÃ×¿¼ÐÇ),REF_TILMICOSIN,repository_reference,O56_attached_to_C52,56,52,C,MPM00543,D-2-Hydroxypropionic acid,CC(O)C(=O)O,1,CC[C@H]1OC(=O)C[C@@H](O)[C@H](C)[C@@H](O[C@@H]2O[C@H](C)[C@@H](O)[C@H](N(C)C)[C@H]2O)[C@@H](CCN2C[C@H](C)C[C@H](C)C2)C[C@@H](C)C(=O)/C=C/C(C)=C/[C@@H]1CO[C@@H]1O[C@H](C)[C@@H](OC(=O)C(C)O)[C@@H](OC)[C@H]1OC,CC[C@H]1OC(=O)C[C@@H](O)[C@H](C)[C@@H](O[C@@H]2O[C@H](C)[C@@H](O)[C@H](N(C)C)[C@H]2O)[C@@H](CCN2C[C@H](C)C[C@H](C)C2)C[C@@H](C)C(=O)/C=C/C(C)=C/[C@@H]1CO[C@@H]1O[C@H](C)[C@@H](OC(=O)C(C)O)[C@@H](OC)[C@H]1OC,TRUE,,0.206
tilmicosin,Tilmicosin (ÌæÃ×¿¼ÐÇ),REF_TILMICOSIN,repository_reference,O34_attached_to_C24,34,24,C,MPM00632,Ethanoic acid,CC(=O)O,1,CC[C@H]1OC(=O)C[C@@H](O)[C@H](C)[C@@H](O[C@@H]2O[C@H](C)[C@@H](O)[C@H](N(C)C)[C@H]2OC(C)=O)[C@@H](CCN2C[C@H](C)C[C@H](C)C2)C[C@@H](C)C(=O)/C=C/C(C)=C/[C@@H]1CO[C@@H]1O[C@H](C)[C@@H](O)[C@@H](OC)[C@H]1OC,CC[C@H]1OC(=O)C[C@@H](O)[C@H](C)[C@@H](O[C@@H]2O[C@H](C)[C@@H](O)[C@H](N(C)C)[C@H]2OC(C)=O)[C@@H](CCN2C[C@H](C)C[C@H](C)C2)C[C@@H](C)C(=O)/C=C/C(C)=C/[C@@H]1CO[C@@H]1O[C@H](C)[C@@H](O)[C@@H](OC)[C@H]1OC,TRUE,,0.203
tilmicosin,Tilmicosin (ÌæÃ×¿¼ÐÇ),REF_TILMICOSIN,repository_reference,O30_attached_to_C26,30,26,C,MPM00418,"Acetic acid,phenyl ester",O=C(O)Cc1ccccc1,1,CC[C@H]1OC(=O)C[C@@H](O)[C@H](C)[C@@H](O[C@@H]2O[C@H](C)[C@@H](OC(=O)Cc3ccccc3)[C@H](N(C)C)[C@H]2O)[C@@H](CCN2C[C@H](C)C[C@H](C)C2)C[C@@H](C)C(=O)/C=C/C(C)=C/[C@@H]1CO[C@@H]1O[C@H](C)[C@@H](O)[C@@H](OC)[C@H]1OC,CC[C@H]1OC(=O)C[C@@H](O)[C@H](C)[C@@H](O[C@@H]2O[C@H](C)[C@@H](OC(=O)Cc3ccccc3)[C@H](N(C)C)[C@H]2O)[C@@H](CCN2C[C@H](C)C[C@H](C)C2)C[C@@H](C)C(=O)/C=C/C(C)=C/[C@@H]1CO[C@@H]1O[C@H](C)[C@@H](O)[C@@H](OC)[C@H]1OC,TRUE,,0.2
tilmicosin,Tilmicosin (ÌæÃ×¿¼ÐÇ),REF_TILMICOSIN,repository_reference,O30_attached_to_C26,30,26,C,MPM01077,(S)-alpha-Amino-1H-imidazole-4-propionic acid,NC(Cc1cnc[nH]1)C(=O)O,1,CC[C@H]1OC(=O)C[C@@H](O)[C@H](C)[C@@H](O[C@@H]2O[C@H](C)[C@@H](OC(=O)C(N)Cc3cnc[nH]3)[C@H](N(C)C)[C@H]2O)[C@@H](CCN2C[C@H](C)C[C@H](C)C2)C[C@@H](C)C(=O)/C=C/C(C)=C/[C@@H]1CO[C@@H]1O[C@H](C)[C@@H](O)[C@@H](OC)[C@H]1OC,CC[C@H]1OC(=O)C[C@@H](O)[C@H](C)[C@@H](O[C@@H]2O[C@H](C)[C@@H](OC(=O)C(N)Cc3cnc[nH]3)[C@H](N(C)C)[C@H]2O)[C@@H](CCN2C[C@H](C)C[C@H](C)C2)C[C@@H](C)C(=O)/C=C/C(C)=C/[C@@H]1CO[C@@H]1O[C@H](C)[C@@H](O)[C@@H](OC)[C@H]1OC,TRUE,,0.197
tilmicosin,Tilmicosin (ÌæÃ×¿¼ÐÇ),REF_TILMICOSIN,repository_reference,O20_attached_to_C15,20,15,C,MPM00418,"Acetic acid,phenyl ester",O=C(O)Cc1ccccc1,1,CC[C@H]1OC(=O)C[C@@H](OC(=O)Cc2ccccc2)[C@H](C)[C@@H](O[C@@H]2O[C@H](C)[C@@H](O)[C@H](N(C)C)[C@H]2O)[C@@H](CCN2C[C@H](C)C[C@H](C)C2)C[C@@H](C)C(=O)/C=C/C(C)=C/[C@@H]1CO[C@@H]1O[C@H](C)[C@@H](O)[C@@H](OC)[C@H]1OC,CC[C@H]1OC(=O)C[C@@H](OC(=O)Cc2ccccc2)[C@H](C)[C@@H](O[C@@H]2O[C@H](C)[C@@H](O)[C@H](N(C)C)[C@H]2O)[C@@H](CCN2C[C@H](C)C[C@H](C)C2)C[C@@H](C)C(=O)/C=C/C(C)=C/[C@@H]1CO[C@@H]1O[C@H](C)[C@@H](O)[C@@H](OC)[C@H]1OC,TRUE,,0.196
tilmicosin,Tilmicosin (ÌæÃ×¿¼ÐÇ),REF_TILMICOSIN,repository_reference,O30_attached_to_C26,30,26,C,MPM01136,2-Amino-3-hydroxybutyric acid,CC(O)C(N)C(=O)O,1,CC[C@H]1OC(=O)C[C@@H](O)[C@H](C)[C@@H](O[C@@H]2O[C@H](C)[C@@H](OC(=O)C(N)C(C)O)[C@H](N(C)C)[C@H]2O)[C@@H](CCN2C[C@H](C)C[C@H](C)C2)C[C@@H](C)C(=O)/C=C/C(C)=C/[C@@H]1CO[C@@H]1O[C@H](C)[C@@H](O)[C@@H](OC)[C@H]1OC,CC[C@H]1OC(=O)C[C@@H](O)[C@H](C)[C@@H](O[C@@H]2O[C@H](C)[C@@H](OC(=O)C(N)C(C)O)[C@H](N(C)C)[C@H]2O)[C@@H](CCN2C[C@H](C)C[C@H](C)C2)C[C@@H](C)C(=O)/C=C/C(C)=C/[C@@H]1CO[C@@H]1O[C@H](C)[C@@H](O)[C@@H](OC)[C@H]1OC,TRUE,,0.196
tilmicosin,Tilmicosin (ÌæÃ×¿¼ÐÇ),REF_TILMICOSIN,repository_reference,O20_attached_to_C15,20,15,C,MPM01077,(S)-alpha-Amino-1H-imidazole-4-propionic acid,NC(Cc1cnc[nH]1)C(=O)O,1,CC[C@H]1OC(=O)C[C@@H](OC(=O)C(N)Cc2cnc[nH]2)[C@H](C)[C@@H](O[C@@H]2O[C@H](C)[C@@H](O)[C@H](N(C)C)[C@H]2O)[C@@H](CCN2C[C@H](C)C[C@H](C)C2)C[C@@H](C)C(=O)/C=C/C(C)=C/[C@@H]1CO[C@@H]1O[C@H](C)[C@@H](O)[C@@H](OC)[C@H]1OC,CC[C@H]1OC(=O)C[C@@H](OC(=O)C(N)Cc2cnc[nH]2)[C@H](C)[C@@H](O[C@@H]2O[C@H](C)[C@@H](O)[C@H](N(C)C)[C@H]2O)[C@@H](CCN2C[C@H](C)C[C@H](C)C2)C[C@@H](C)C(=O)/C=C/C(C)=C/[C@@H]1CO[C@@H]1O[C@H](C)[C@@H](O)[C@@H](OC)[C@H]1OC,TRUE,,0.194
tilmicosin,Tilmicosin (ÌæÃ×¿¼ÐÇ),REF_TILMICOSIN,repository_reference,O30_attached_to_C26,30,26,C,MPM00666,Glyceric acid,O=C(O)C(O)CO,1,CC[C@H]1OC(=O)C[C@@H](O)[C@H](C)[C@@H](O[C@@H]2O[C@H](C)[C@@H](OC(=O)C(O)CO)[C@H](N(C)C)[C@H]2O)[C@@H](CCN2C[C@H](C)C[C@H](C)C2)C[C@@H](C)C(=O)/C=C/C(C)=C/[C@@H]1CO[C@@H]1O[C@H](C)[C@@H](O)[C@@H](OC)[C@H]1OC,CC[C@H]1OC(=O)C[C@@H](O)[C@H](C)[C@@H](O[C@@H]2O[C@H](C)[C@@H](OC(=O)C(O)CO)[C@H](N(C)C)[C@H]2O)[C@@H](CCN2C[C@H](C)C[C@H](C)C2)C[C@@H](C)C(=O)/C=C/C(C)=C/[C@@H]1CO[C@@H]1O[C@H](C)[C@@H](O)[C@@H](OC)[C@H]1OC,TRUE,,0.192
tilmicosin,Tilmicosin (ÌæÃ×¿¼ÐÇ),REF_TILMICOSIN,repository_reference,O30_attached_to_C26,30,26,C,MPM01517,N2-Acetyl-L-ornithine,CC(=O)NC(CCCN)C(=O)O,1,CC[C@H]1OC(=O)C[C@@H](O)[C@H](C)[C@@H](O[C@@H]2O[C@H](C)[C@@H](OC(=O)C(CCCN)NC(C)=O)[C@H](N(C)C)[C@H]2O)[C@@H](CCN2C[C@H](C)C[C@H](C)C2)C[C@@H](C)C(=O)/C=C/C(C)=C/[C@@H]1CO[C@@H]1O[C@H](C)[C@@H](O)[C@@H](OC)[C@H]1OC,CC[C@H]1OC(=O)C[C@@H](O)[C@H](C)[C@@H](O[C@@H]2O[C@H](C)[C@@H](OC(=O)C(CCCN)NC(C)=O)[C@H](N(C)C)[C@H]2O)[C@@H](CCN2C[C@H](C)C[C@H](C)C2)C[C@@H](C)C(=O)/C=C/C(C)=C/[C@@H]1CO[C@@H]1O[C@H](C)[C@@H](O)[C@@H](OC)[C@H]1OC,TRUE,,0.191
tilmicosin,Tilmicosin (ÌæÃ×¿¼ÐÇ),REF_TILMICOSIN,repository_reference,O34_attached_to_C24,34,24,C,MPM00242,2-Keto-3-methylbutyric acid,CC(C)C(=O)C(=O)O,1,CC[C@H]1OC(=O)C[C@@H](O)[C@H](C)[C@@H](O[C@@H]2O[C@H](C)[C@@H](O)[C@H](N(C)C)[C@H]2OC(=O)C(=O)C(C)C)[C@@H](CCN2C[C@H](C)C[C@H](C)C2)C[C@@H](C)C(=O)/C=C/C(C)=C/[C@@H]1CO[C@@H]1O[C@H](C)[C@@H](O)[C@@H](OC)[C@H]1OC,CC[C@H]1OC(=O)C[C@@H](O)[C@H](C)[C@@H](O[C@@H]2O[C@H](C)[C@@H](O)[C@H](N(C)C)[C@H]2OC(=O)C(=O)C(C)C)[C@@H](CCN2C[C@H](C)C[C@H](C)C2)C[C@@H](C)C(=O)/C=C/C(C)=C/[C@@H]1CO[C@@H]1O[C@H](C)[C@@H](O)[C@@H](OC)[C@H]1OC,TRUE,,0.191
tilmicosin,Tilmicosin (ÌæÃ×¿¼ÐÇ),REF_TILMICOSIN,repository_reference,O20_attached_to_C15,20,15,C,MPM00612,D-phenylalanine,NC(Cc1ccccc1)C(=O)O,1,CC[C@H]1OC(=O)C[C@@H](OC(=O)C(N)Cc2ccccc2)[C@H](C)[C@@H](O[C@@H]2O[C@H](C)[C@@H](O)[C@H](N(C)C)[C@H]2O)[C@@H](CCN2C[C@H](C)C[C@H](C)C2)C[C@@H](C)C(=O)/C=C/C(C)=C/[C@@H]1CO[C@@H]1O[C@H](C)[C@@H](O)[C@@H](OC)[C@H]1OC,CC[C@H]1OC(=O)C[C@@H](OC(=O)C(N)Cc2ccccc2)[C@H](C)[C@@H](O[C@@H]2O[C@H](C)[C@@H](O)[C@H](N(C)C)[C@H]2O)[C@@H](CCN2C[C@H](C)C[C@H](C)C2)C[C@@H](C)C(=O)/C=C/C(C)=C/[C@@H]1CO[C@@H]1O[C@H](C)[C@@H](O)[C@@H](OC)[C@H]1OC,TRUE,,0.19
tilmicosin,Tilmicosin (ÌæÃ×¿¼ÐÇ),REF_TILMICOSIN,repository_reference,O30_attached_to_C26,30,26,C,MPM00612,D-phenylalanine,NC(Cc1ccccc1)C(=O)O,1,CC[C@H]1OC(=O)C[C@@H](O)[C@H](C)[C@@H](O[C@@H]2O[C@H](C)[C@@H](OC(=O)C(N)Cc3ccccc3)[C@H](N(C)C)[C@H]2O)[C@@H](CCN2C[C@H](C)C[C@H](C)C2)C[C@@H](C)C(=O)/C=C/C(C)=C/[C@@H]1CO[C@@H]1O[C@H](C)[C@@H](O)[C@@H](OC)[C@H]1OC,CC[C@H]1OC(=O)C[C@@H](O)[C@H](C)[C@@H](O[C@@H]2O[C@H](C)[C@@H](OC(=O)C(N)Cc3ccccc3)[C@H](N(C)C)[C@H]2O)[C@@H](CCN2C[C@H](C)C[C@H](C)C2)C[C@@H](C)C(=O)/C=C/C(C)=C/[C@@H]1CO[C@@H]1O[C@H](C)[C@@H](O)[C@@H](OC)[C@H]1OC,TRUE,,0.19
tilmicosin,Tilmicosin (ÌæÃ×¿¼ÐÇ),REF_TILMICOSIN,repository_reference,O34_attached_to_C24,34,24,C,MPM00051,"(3S,5S)-3,5-diaminohexanoic acid",CC(N)CC(N)CC(=O)O,1,CC[C@H]1OC(=O)C[C@@H](O)[C@H](C)[C@@H](O[C@@H]2O[C@H](C)[C@@H](O)[C@H](N(C)C)[C@H]2OC(=O)CC(N)CC(C)N)[C@@H](CCN2C[C@H](C)C[C@H](C)C2)C[C@@H](C)C(=O)/C=C/C(C)=C/[C@@H]1CO[C@@H]1O[C@H](C)[C@@H](O)[C@@H](OC)[C@H]1OC,CC[C@H]1OC(=O)C[C@@H](O)[C@H](C)[C@@H](O[C@@H]2O[C@H](C)[C@@H](O)[C@H](N(C)C)[C@H]2OC(=O)CC(N)CC(C)N)[C@@H](CCN2C[C@H](C)C[C@H](C)C2)C[C@@H](C)C(=O)/C=C/C(C)=C/[C@@H]1CO[C@@H]1O[C@H](C)[C@@H](O)[C@@H](OC)[C@H]1OC,TRUE,,0.189
tilmicosin,Tilmicosin (ÌæÃ×¿¼ÐÇ),REF_TILMICOSIN,repository_reference,O20_attached_to_C15,20,15,C,MPM01517,N2-Acetyl-L-ornithine,CC(=O)NC(CCCN)C(=O)O,1,CC[C@H]1OC(=O)C[C@@H](OC(=O)C(CCCN)NC(C)=O)[C@H](C)[C@@H](O[C@@H]2O[C@H](C)[C@@H](O)[C@H](N(C)C)[C@H]2O)[C@@H](CCN2C[C@H](C)C[C@H](C)C2)C[C@@H](C)C(=O)/C=C/C(C)=C/[C@@H]1CO[C@@H]1O[C@H](C)[C@@H](O)[C@@H](OC)[C@H]1OC,CC[C@H]1OC(=O)C[C@@H](OC(=O)C(CCCN)NC(C)=O)[C@H](C)[C@@H](O[C@@H]2O[C@H](C)[C@@H](O)[C@H](N(C)C)[C@H]2O)[C@@H](CCN2C[C@H](C)C[C@H](C)C2)C[C@@H](C)C(=O)/C=C/C(C)=C/[C@@H]1CO[C@@H]1O[C@H](C)[C@@H](O)[C@@H](OC)[C@H]1OC,TRUE,,0.187
tilmicosin,Tilmicosin (ÌæÃ×¿¼ÐÇ),REF_TILMICOSIN,repository_reference,O34_attached_to_C24,34,24,C,MPM01438,Hydroxythreonine,NC(C(=O)O)C(O)CO,1,CC[C@H]1OC(=O)C[C@@H](O)[C@H](C)[C@@H](O[C@@H]2O[C@H](C)[C@@H](O)[C@H](N(C)C)[C@H]2OC(=O)C(N)C(O)CO)[C@@H](CCN2C[C@H](C)C[C@H](C)C2)C[C@@H](C)C(=O)/C=C/C(C)=C/[C@@H]1CO[C@@H]1O[C@H](C)[C@@H](O)[C@@H](OC)[C@H]1OC,CC[C@H]1OC(=O)C[C@@H](O)[C@H](C)[C@@H](O[C@@H]2O[C@H](C)[C@@H](O)[C@H](N(C)C)[C@H]2OC(=O)C(N)C(O)CO)[C@@H](CCN2C[C@H](C)C[C@H](C)C2)C[C@@H](C)C(=O)/C=C/C(C)=C/[C@@H]1CO[C@@H]1O[C@H](C)[C@@H](O)[C@@H](OC)[C@H]1OC,TRUE,,0.187
tilmicosin,Tilmicosin (ÌæÃ×¿¼ÐÇ),REF_TILMICOSIN,repository_reference,O20_attached_to_C15,20,15,C,MPM01136,2-Amino-3-hydroxybutyric acid,CC(O)C(N)C(=O)O,1,CC[C@H]1OC(=O)C[C@@H](OC(=O)C(N)C(C)O)[C@H](C)[C@@H](O[C@@H]2O[C@H](C)[C@@H](O)[C@H](N(C)C)[C@H]2O)[C@@H](CCN2C[C@H](C)C[C@H](C)C2)C[C@@H](C)C(=O)/C=C/C(C)=C/[C@@H]1CO[C@@H]1O[C@H](C)[C@@H](O)[C@@H](OC)[C@H]1OC,CC[C@H]1OC(=O)C[C@@H](OC(=O)C(N)C(C)O)[C@H](C)[C@@H](O[C@@H]2O[C@H](C)[C@@H](O)[C@H](N(C)C)[C@H]2O)[C@@H](CCN2C[C@H](C)C[C@H](C)C2)C[C@@H](C)C(=O)/C=C/C(C)=C/[C@@H]1CO[C@@H]1O[C@H](C)[C@@H](O)[C@@H](OC)[C@H]1OC,TRUE,,0.186
tilmicosin,Tilmicosin (ÌæÃ×¿¼ÐÇ),REF_TILMICOSIN,repository_reference,O56_attached_to_C52,56,52,C,MPM00632,Ethanoic acid,CC(=O)O,1,CC[C@H]1OC(=O)C[C@@H](O)[C@H](C)[C@@H](O[C@@H]2O[C@H](C)[C@@H](O)[C@H](N(C)C)[C@H]2O)[C@@H](CCN2C[C@H](C)C[C@H](C)C2)C[C@@H](C)C(=O)/C=C/C(C)=C/[C@@H]1CO[C@@H]1O[C@H](C)[C@@H](OC(C)=O)[C@@H](OC)[C@H]1OC,CC[C@H]1OC(=O)C[C@@H](O)[C@H](C)[C@@H](O[C@@H]2O[C@H](C)[C@@H](O)[C@H](N(C)C)[C@H]2O)[C@@H](CCN2C[C@H](C)C[C@H](C)C2)C[C@@H](C)C(=O)/C=C/C(C)=C/[C@@H]1CO[C@@H]1O[C@H](C)[C@@H](OC(C)=O)[C@@H](OC)[C@H]1OC,TRUE,,0.184
tilmicosin,Tilmicosin (ÌæÃ×¿¼ÐÇ),REF_TILMICOSIN,repository_reference,O20_attached_to_C15,20,15,C,MPM00666,Glyceric acid,O=C(O)C(O)CO,1,CC[C@H]1OC(=O)C[C@@H](OC(=O)C(O)CO)[C@H](C)[C@@H](O[C@@H]2O[C@H](C)[C@@H](O)[C@H](N(C)C)[C@H]2O)[C@@H](CCN2C[C@H](C)C[C@H](C)C2)C[C@@H](C)C(=O)/C=C/C(C)=C/[C@@H]1CO[C@@H]1O[C@H](C)[C@@H](O)[C@@H](OC)[C@H]1OC,CC[C@H]1OC(=O)C[C@@H](OC(=O)C(O)CO)[C@H](C)[C@@H](O[C@@H]2O[C@H](C)[C@@H](O)[C@H](N(C)C)[C@H]2O)[C@@H](CCN2C[C@H](C)C[C@H](C)C2)C[C@@H](C)C(=O)/C=C/C(C)=C/[C@@H]1CO[C@@H]1O[C@H](C)[C@@H](O)[C@@H](OC)[C@H]1OC,TRUE,,0.181
tilmicosin,Tilmicosin (ÌæÃ×¿¼ÐÇ),REF_TILMICOSIN,repository_reference,O30_attached_to_C26,30,26,C,MPM00921,Pyroracemic acid,CC(=O)C(=O)O,1,CC[C@H]1OC(=O)C[C@@H](O)[C@H](C)[C@@H](O[C@@H]2O[C@H](C)[C@@H](OC(=O)C(C)=O)[C@H](N(C)C)[C@H]2O)[C@@H](CCN2C[C@H](C)C[C@H](C)C2)C[C@@H](C)C(=O)/C=C/C(C)=C/[C@@H]1CO[C@@H]1O[C@H](C)[C@@H](O)[C@@H](OC)[C@H]1OC,CC[C@H]1OC(=O)C[C@@H](O)[C@H](C)[C@@H](O[C@@H]2O[C@H](C)[C@@H](OC(=O)C(C)=O)[C@H](N(C)C)[C@H]2O)[C@@H](CCN2C[C@H](C)C[C@H](C)C2)C[C@@H](C)C(=O)/C=C/C(C)=C/[C@@H]1CO[C@@H]1O[C@H](C)[C@@H](O)[C@@H](OC)[C@H]1OC,TRUE,,0.176
tilmicosin,Tilmicosin (ÌæÃ×¿¼ÐÇ),REF_TILMICOSIN,repository_reference,O30_attached_to_C26,30,26,C,MPM00965,Tartronate semialdehyde,O=CC(O)C(=O)O,1,CC[C@H]1OC(=O)C[C@@H](O)[C@H](C)[C@@H](O[C@@H]2O[C@H](C)[C@@H](OC(=O)C(O)C=O)[C@H](N(C)C)[C@H]2O)[C@@H](CCN2C[C@H](C)C[C@H](C)C2)C[C@@H](C)C(=O)/C=C/C(C)=C/[C@@H]1CO[C@@H]1O[C@H](C)[C@@H](O)[C@@H](OC)[C@H]1OC,CC[C@H]1OC(=O)C[C@@H](O)[C@H](C)[C@@H](O[C@@H]2O[C@H](C)[C@@H](OC(=O)C(O)C=O)[C@H](N(C)C)[C@H]2O)[C@@H](CCN2C[C@H](C)C[C@H](C)C2)C[C@@H](C)C(=O)/C=C/C(C)=C/[C@@H]1CO[C@@H]1O[C@H](C)[C@@H](O)[C@@H](OC)[C@H]1OC,TRUE,,0.176
tilmicosin,Tilmicosin (ÌæÃ×¿¼ÐÇ),REF_TILMICOSIN,repository_reference,O34_attached_to_C24,34,24,C,MPM00833,n-Valeric acid,CCCCC(=O)O,1,CCCCC(=O)O[C@H]1[C@H](O[C@H]2[C@@H](CCN3C[C@H](C)C[C@H](C)C3)C[C@@H](C)C(=O)/C=C/C(C)=C/[C@H](CO[C@@H]3O[C@H](C)[C@@H](O)[C@@H](OC)[C@H]3OC)[C@@H](CC)OC(=O)C[C@@H](O)[C@@H]2C)O[C@H](C)[C@@H](O)[C@@H]1N(C)C,CCCCC(=O)O[C@H]1[C@H](O[C@H]2[C@@H](CCN3C[C@H](C)C[C@H](C)C3)C[C@@H](C)C(=O)/C=C/C(C)=C/[C@H](CO[C@@H]3O[C@H](C)[C@@H](O)[C@@H](OC)[C@H]3OC)[C@@H](CC)OC(=O)C[C@@H](O)[C@@H]2C)O[C@H](C)[C@@H](O)[C@@H]1N(C)C,TRUE,,0.176
tilmicosin,Tilmicosin (ÌæÃ×¿¼ÐÇ),REF_TILMICOSIN,repository_reference,O34_attached_to_C24,34,24,C,MPM00768,Malonate semialdehyde,O=CCC(=O)O,1,CC[C@H]1OC(=O)C[C@@H](O)[C@H](C)[C@@H](O[C@@H]2O[C@H](C)[C@@H](O)[C@H](N(C)C)[C@H]2OC(=O)CC=O)[C@@H](CCN2C[C@H](C)C[C@H](C)C2)C[C@@H](C)C(=O)/C=C/C(C)=C/[C@@H]1CO[C@@H]1O[C@H](C)[C@@H](O)[C@@H](OC)[C@H]1OC,CC[C@H]1OC(=O)C[C@@H](O)[C@H](C)[C@@H](O[C@@H]2O[C@H](C)[C@@H](O)[C@H](N(C)C)[C@H]2OC(=O)CC=O)[C@@H](CCN2C[C@H](C)C[C@H](C)C2)C[C@@H](C)C(=O)/C=C/C(C)=C/[C@@H]1CO[C@@H]1O[C@H](C)[C@@H](O)[C@@H](OC)[C@H]1OC,TRUE,,0.175
tilmicosin,Tilmicosin (ÌæÃ×¿¼ÐÇ),REF_TILMICOSIN,repository_reference,O34_attached_to_C24,34,24,C,MPM00678,Glycylmethionine,CSCCC(NC(=O)CN)C(=O)O,1,CC[C@H]1OC(=O)C[C@@H](O)[C@H](C)[C@@H](O[C@@H]2O[C@H](C)[C@@H](O)[C@H](N(C)C)[C@H]2OC(=O)C(CCSC)NC(=O)CN)[C@@H](CCN2C[C@H](C)C[C@H](C)C2)C[C@@H](C)C(=O)/C=C/C(C)=C/[C@@H]1CO[C@@H]1O[C@H](C)[C@@H](O)[C@@H](OC)[C@H]1OC,CC[C@H]1OC(=O)C[C@@H](O)[C@H](C)[C@@H](O[C@@H]2O[C@H](C)[C@@H](O)[C@H](N(C)C)[C@H]2OC(=O)C(CCSC)NC(=O)CN)[C@@H](CCN2C[C@H](C)C[C@H](C)C2)C[C@@H](C)C(=O)/C=C/C(C)=C/[C@@H]1CO[C@@H]1O[C@H](C)[C@@H](O)[C@@H](OC)[C@H]1OC,TRUE,,0.174
tilmicosin,Tilmicosin (ÌæÃ×¿¼ÐÇ),REF_TILMICOSIN,repository_reference,O30_attached_to_C26,30,26,C,MPM01531,O-Acetylhomoserine,CC(=O)OCCC(N)C(=O)O,1,CC[C@H]1OC(=O)C[C@@H](O)[C@H](C)[C@@H](O[C@@H]2O[C@H](C)[C@@H](OC(=O)C(N)CCOC(C)=O)[C@H](N(C)C)[C@H]2O)[C@@H](CCN2C[C@H](C)C[C@H](C)C2)C[C@@H](C)C(=O)/C=C/C(C)=C/[C@@H]1CO[C@@H]1O[C@H](C)[C@@H](O)[C@@H](OC)[C@H]1OC,CC[C@H]1OC(=O)C[C@@H](O)[C@H](C)[C@@H](O[C@@H]2O[C@H](C)[C@@H](OC(=O)C(N)CCOC(C)=O)[C@H](N(C)C)[C@H]2O)[C@@H](CCN2C[C@H](C)C[C@H](C)C2)C[C@@H](C)C(=O)/C=C/C(C)=C/[C@@H]1CO[C@@H]1O[C@H](C)[C@@H](O)[C@@H](OC)[C@H]1OC,TRUE,,0.17
tilmicosin,Tilmicosin (ÌæÃ×¿¼ÐÇ),REF_TILMICOSIN,repository_reference,O20_attached_to_C15,20,15,C,MPM00921,Pyroracemic acid,CC(=O)C(=O)O,1,CC[C@H]1OC(=O)C[C@@H](OC(=O)C(C)=O)[C@H](C)[C@@H](O[C@@H]2O[C@H](C)[C@@H](O)[C@H](N(C)C)[C@H]2O)[C@@H](CCN2C[C@H](C)C[C@H](C)C2)C[C@@H](C)C(=O)/C=C/C(C)=C/[C@@H]1CO[C@@H]1O[C@H](C)[C@@H](O)[C@@H](OC)[C@H]1OC,CC[C@H]1OC(=O)C[C@@H](OC(=O)C(C)=O)[C@H](C)[C@@H](O[C@@H]2O[C@H](C)[C@@H](O)[C@H](N(C)C)[C@H]2O)[C@@H](CCN2C[C@H](C)C[C@H](C)C2)C[C@@H](C)C(=O)/C=C/C(C)=C/[C@@H]1CO[C@@H]1O[C@H](C)[C@@H](O)[C@@H](OC)[C@H]1OC,TRUE,,0.169
tilmicosin,Tilmicosin (ÌæÃ×¿¼ÐÇ),REF_TILMICOSIN,repository_reference,O20_attached_to_C15,20,15,C,MPM01531,O-Acetylhomoserine,CC(=O)OCCC(N)C(=O)O,1,CC[C@H]1OC(=O)C[C@@H](OC(=O)C(N)CCOC(C)=O)[C@H](C)[C@@H](O[C@@H]2O[C@H](C)[C@@H](O)[C@H](N(C)C)[C@H]2O)[C@@H](CCN2C[C@H](C)C[C@H](C)C2)C[C@@H](C)C(=O)/C=C/C(C)=C/[C@@H]1CO[C@@H]1O[C@H](C)[C@@H](O)[C@@H](OC)[C@H]1OC,CC[C@H]1OC(=O)C[C@@H](OC(=O)C(N)CCOC(C)=O)[C@H](C)[C@@H](O[C@@H]2O[C@H](C)[C@@H](O)[C@H](N(C)C)[C@H]2O)[C@@H](CCN2C[C@H](C)C[C@H](C)C2)C[C@@H](C)C(=O)/C=C/C(C)=C/[C@@H]1CO[C@@H]1O[C@H](C)[C@@H](O)[C@@H](OC)[C@H]1OC,TRUE,,0.169
tilmicosin,Tilmicosin (ÌæÃ×¿¼ÐÇ),REF_TILMICOSIN,repository_reference,O34_attached_to_C24,34,24,C,MPM01334,Citrulline,NC(=O)NCCCC(N)C(=O)O,1,CC[C@H]1OC(=O)C[C@@H](O)[C@H](C)[C@@H](O[C@@H]2O[C@H](C)[C@@H](O)[C@H](N(C)C)[C@H]2OC(=O)C(N)CCCNC(N)=O)[C@@H](CCN2C[C@H](C)C[C@H](C)C2)C[C@@H](C)C(=O)/C=C/C(C)=C/[C@@H]1CO[C@@H]1O[C@H](C)[C@@H](O)[C@@H](OC)[C@H]1OC,CC[C@H]1OC(=O)C[C@@H](O)[C@H](C)[C@@H](O[C@@H]2O[C@H](C)[C@@H](O)[C@H](N(C)C)[C@H]2OC(=O)C(N)CCCNC(N)=O)[C@@H](CCN2C[C@H](C)C[C@H](C)C2)C[C@@H](C)C(=O)/C=C/C(C)=C/[C@@H]1CO[C@@H]1O[C@H](C)[C@@H](O)[C@@H](OC)[C@H]1OC,TRUE,,0.169
tilmicosin,Tilmicosin (ÌæÃ×¿¼ÐÇ),REF_TILMICOSIN,repository_reference,O56_attached_to_C52,56,52,C,MPM00242,2-Keto-3-methylbutyric acid,CC(C)C(=O)C(=O)O,1,CC[C@H]1OC(=O)C[C@@H](O)[C@H](C)[C@@H](O[C@@H]2O[C@H](C)[C@@H](O)[C@H](N(C)C)[C@H]2O)[C@@H](CCN2C[C@H](C)C[C@H](C)C2)C[C@@H](C)C(=O)/C=C/C(C)=C/[C@@H]1CO[C@@H]1O[C@H](C)[C@@H](OC(=O)C(=O)C(C)C)[C@@H](OC)[C@H]1OC,CC[C@H]1OC(=O)C[C@@H](O)[C@H](C)[C@@H](O[C@@H]2O[C@H](C)[C@@H](O)[C@H](N(C)C)[C@H]2O)[C@@H](CCN2C[C@H](C)C[C@H](C)C2)C[C@@H](C)C(=O)/C=C/C(C)=C/[C@@H]1CO[C@@H]1O[C@H](C)[C@@H](OC(=O)C(=O)C(C)C)[C@@H](OC)[C@H]1OC,TRUE,,0.168
tilmicosin,Tilmicosin (ÌæÃ×¿¼ÐÇ),REF_TILMICOSIN,repository_reference,O34_attached_to_C24,34,24,C,MPM00117,1-(2-Carboxyphenylamino)-1-deoxy-D-ribulose 5-phosphate,O=C(O)c1ccccc1NCC(=O)C(O)C(O)COP(=O)(O)O,1,CC[C@H]1OC(=O)C[C@@H](O)[C@H](C)[C@@H](O[C@@H]2O[C@H](C)[C@@H](O)[C@H](N(C)C)[C@H]2OC(=O)c2ccccc2NCC(=O)C(O)C(O)COP(=O)(O)O)[C@@H](CCN2C[C@H](C)C[C@H](C)C2)C[C@@H](C)C(=O)/C=C/C(C)=C/[C@@H]1CO[C@@H]1O[C@H](C)[C@@H](O)[C@@H](OC)[C@H]1OC,CC[C@H]1OC(=O)C[C@@H](O)[C@H](C)[C@@H](O[C@@H]2O[C@H](C)[C@@H](O)[C@H](N(C)C)[C@H]2OC(=O)c2ccccc2NCC(=O)C(O)C(O)COP(=O)(O)O)[C@@H](CCN2C[C@H](C)C[C@H](C)C2)C[C@@H](C)C(=O)/C=C/C(C)=C/[C@@H]1CO[C@@H]1O[C@H](C)[C@@H](O)[C@@H](OC)[C@H]1OC,TRUE,,0.167
tilmicosin,Tilmicosin (ÌæÃ×¿¼ÐÇ),REF_TILMICOSIN,repository_reference,O56_attached_to_C52,56,52,C,MPM00051,"(3S,5S)-3,5-diaminohexanoic acid",CC(N)CC(N)CC(=O)O,1,CC[C@H]1OC(=O)C[C@@H](O)[C@H](C)[C@@H](O[C@@H]2O[C@H](C)[C@@H](O)[C@H](N(C)C)[C@H]2O)[C@@H](CCN2C[C@H](C)C[C@H](C)C2)C[C@@H](C)C(=O)/C=C/C(C)=C/[C@@H]1CO[C@@H]1O[C@H](C)[C@@H](OC(=O)CC(N)CC(C)N)[C@@H](OC)[C@H]1OC,CC[C@H]1OC(=O)C[C@@H](O)[C@H](C)[C@@H](O[C@@H]2O[C@H](C)[C@@H](O)[C@H](N(C)C)[C@H]2O)[C@@H](CCN2C[C@H](C)C[C@H](C)C2)C[C@@H](C)C(=O)/C=C/C(C)=C/[C@@H]1CO[C@@H]1O[C@H](C)[C@@H](OC(=O)CC(N)CC(C)N)[C@@H](OC)[C@H]1OC,TRUE,,0.166
tilmicosin,Tilmicosin (ÌæÃ×¿¼ÐÇ),REF_TILMICOSIN,repository_reference,O56_attached_to_C52,56,52,C,MPM01438,Hydroxythreonine,NC(C(=O)O)C(O)CO,1,CC[C@H]1OC(=O)C[C@@H](O)[C@H](C)[C@@H](O[C@@H]2O[C@H](C)[C@@H](O)[C@H](N(C)C)[C@H]2O)[C@@H](CCN2C[C@H](C)C[C@H](C)C2)C[C@@H](C)C(=O)/C=C/C(C)=C/[C@@H]1CO[C@@H]1O[C@H](C)[C@@H](OC(=O)C(N)C(O)CO)[C@@H](OC)[C@H]1OC,CC[C@H]1OC(=O)C[C@@H](O)[C@H](C)[C@@H](O[C@@H]2O[C@H](C)[C@@H](O)[C@H](N(C)C)[C@H]2O)[C@@H](CCN2C[C@H](C)C[C@H](C)C2)C[C@@H](C)C(=O)/C=C/C(C)=C/[C@@H]1CO[C@@H]1O[C@H](C)[C@@H](OC(=O)C(N)C(O)CO)[C@@H](OC)[C@H]1OC,TRUE,,0.165
tilmicosin,Tilmicosin (ÌæÃ×¿¼ÐÇ),REF_TILMICOSIN,repository_reference,O20_attached_to_C15,20,15,C,MPM00965,Tartronate semialdehyde,O=CC(O)C(=O)O,1,CC[C@H]1OC(=O)C[C@@H](OC(=O)C(O)C=O)[C@H](C)[C@@H](O[C@@H]2O[C@H](C)[C@@H](O)[C@H](N(C)C)[C@H]2O)[C@@H](CCN2C[C@H](C)C[C@H](C)C2)C[C@@H](C)C(=O)/C=C/C(C)=C/[C@@H]1CO[C@@H]1O[C@H](C)[C@@H](O)[C@@H](OC)[C@H]1OC,CC[C@H]1OC(=O)C[C@@H](OC(=O)C(O)C=O)[C@H](C)[C@@H](O[C@@H]2O[C@H](C)[C@@H](O)[C@H](N(C)C)[C@H]2O)[C@@H](CCN2C[C@H](C)C[C@H](C)C2)C[C@@H](C)C(=O)/C=C/C(C)=C/[C@@H]1CO[C@@H]1O[C@H](C)[C@@H](O)[C@@H](OC)[C@H]1OC,TRUE,,0.163
tilmicosin,Tilmicosin (ÌæÃ×¿¼ÐÇ),REF_TILMICOSIN,repository_reference,O30_attached_to_C26,30,26,C,MPM00496,butyrate,CCCC(=O)O,1,CCCC(=O)O[C@H]1[C@H](N(C)C)[C@@H](O)[C@H](O[C@H]2[C@@H](CCN3C[C@H](C)C[C@H](C)C3)C[C@@H](C)C(=O)/C=C/C(C)=C/[C@H](CO[C@@H]3O[C@H](C)[C@@H](O)[C@@H](OC)[C@H]3OC)[C@@H](CC)OC(=O)C[C@@H](O)[C@@H]2C)O[C@@H]1C,CCCC(=O)O[C@H]1[C@H](N(C)C)[C@@H](O)[C@H](O[C@H]2[C@@H](CCN3C[C@H](C)C[C@H](C)C3)C[C@@H](C)C(=O)/C=C/C(C)=C/[C@H](CO[C@@H]3O[C@H](C)[C@@H](O)[C@@H](OC)[C@H]3OC)[C@@H](CC)OC(=O)C[C@@H](O)[C@@H]2C)O[C@@H]1C,TRUE,,0.162
tilmicosin,Tilmicosin (ÌæÃ×¿¼ÐÇ),REF_TILMICOSIN,repository_reference,O34_attached_to_C24,34,24,C,MPM00891,Phosphoglycolic acid,O=C(O)COP(=O)(O)O,1,CC[C@H]1OC(=O)C[C@@H](O)[C@H](C)[C@@H](O[C@@H]2O[C@H](C)[C@@H](O)[C@H](N(C)C)[C@H]2OC(=O)COP(=O)(O)O)[C@@H](CCN2C[C@H](C)C[C@H](C)C2)C[C@@H](C)C(=O)/C=C/C(C)=C/[C@@H]1CO[C@@H]1O[C@H](C)[C@@H](O)[C@@H](OC)[C@H]1OC,CC[C@H]1OC(=O)C[C@@H](O)[C@H](C)[C@@H](O[C@@H]2O[C@H](C)[C@@H](O)[C@H](N(C)C)[C@H]2OC(=O)COP(=O)(O)O)[C@@H](CCN2C[C@H](C)C[C@H](C)C2)C[C@@H](C)C(=O)/C=C/C(C)=C/[C@@H]1CO[C@@H]1O[C@H](C)[C@@H](O)[C@@H](OC)[C@H]1OC,TRUE,,0.159
tilmicosin,Tilmicosin (ÌæÃ×¿¼ÐÇ),REF_TILMICOSIN,repository_reference,O34_attached_to_C24,34,24,C,MPM01137,2-Amino-3-methylbutyric acid,CC(C)C(N)C(=O)O,1,CC[C@H]1OC(=O)C[C@@H](O)[C@H](C)[C@@H](O[C@@H]2O[C@H](C)[C@@H](O)[C@H](N(C)C)[C@H]2OC(=O)C(N)C(C)C)[C@@H](CCN2C[C@H](C)C[C@H](C)C2)C[C@@H](C)C(=O)/C=C/C(C)=C/[C@@H]1CO[C@@H]1O[C@H](C)[C@@H](O)[C@@H](OC)[C@H]1OC,CC[C@H]1OC(=O)C[C@@H](O)[C@H](C)[C@@H](O[C@@H]2O[C@H](C)[C@@H](O)[C@H](N(C)C)[C@H]2OC(=O)C(N)C(C)C)[C@@H](CCN2C[C@H](C)C[C@H](C)C2)C[C@@H](C)C(=O)/C=C/C(C)=C/[C@@H]1CO[C@@H]1O[C@H](C)[C@@H](O)[C@@H](OC)[C@H]1OC,TRUE,,0.156
tilmicosin,Tilmicosin (ÌæÃ×¿¼ÐÇ),REF_TILMICOSIN,repository_reference,O56_attached_to_C52,56,52,C,MPM00833,n-Valeric acid,CCCCC(=O)O,1,CCCCC(=O)O[C@H]1[C@@H](OC)[C@@H](OC)[C@H](OC[C@H]2/C=C(C)/C=C/C(=O)[C@H](C)C[C@H](CCN3C[C@H](C)C[C@H](C)C3)[C@H](O[C@@H]3O[C@H](C)[C@@H](O)[C@H](N(C)C)[C@H]3O)[C@@H](C)[C@H](O)CC(=O)O[C@@H]2CC)O[C@@H]1C,CCCCC(=O)O[C@H]1[C@@H](OC)[C@@H](OC)[C@H](OC[C@H]2/C=C(C)/C=C/C(=O)[C@H](C)C[C@H](CCN3C[C@H](C)C[C@H](C)C3)[C@H](O[C@@H]3O[C@H](C)[C@@H](O)[C@H](N(C)C)[C@H]3O)[C@@H](C)[C@H](O)CC(=O)O[C@@H]2CC)O[C@@H]1C,TRUE,,0.153
tilmicosin,Tilmicosin (ÌæÃ×¿¼ÐÇ),REF_TILMICOSIN,repository_reference,O20_attached_to_C15,20,15,C,MPM00496,butyrate,CCCC(=O)O,1,CCCC(=O)O[C@@H]1CC(=O)O[C@H](CC)[C@@H](CO[C@@H]2O[C@H](C)[C@@H](O)[C@@H](OC)[C@H]2OC)/C=C(C)/C=C/C(=O)[C@H](C)C[C@H](CCN2C[C@H](C)C[C@H](C)C2)[C@H](O[C@@H]2O[C@H](C)[C@@H](O)[C@H](N(C)C)[C@H]2O)[C@H]1C,CCCC(=O)O[C@@H]1CC(=O)O[C@H](CC)[C@@H](CO[C@@H]2O[C@H](C)[C@@H](O)[C@@H](OC)[C@H]2OC)/C=C(C)/C=C/C(=O)[C@H](C)C[C@H](CCN2C[C@H](C)C[C@H](C)C2)[C@H](O[C@@H]2O[C@H](C)[C@@H](O)[C@H](N(C)C)[C@H]2O)[C@H]1C,TRUE,,0.152
tilmicosin,Tilmicosin (ÌæÃ×¿¼ÐÇ),REF_TILMICOSIN,repository_reference,O56_attached_to_C52,56,52,C,MPM00768,Malonate semialdehyde,O=CCC(=O)O,1,CC[C@H]1OC(=O)C[C@@H](O)[C@H](C)[C@@H](O[C@@H]2O[C@H](C)[C@@H](O)[C@H](N(C)C)[C@H]2O)[C@@H](CCN2C[C@H](C)C[C@H](C)C2)C[C@@H](C)C(=O)/C=C/C(C)=C/[C@@H]1CO[C@@H]1O[C@H](C)[C@@H](OC(=O)CC=O)[C@@H](OC)[C@H]1OC,CC[C@H]1OC(=O)C[C@@H](O)[C@H](C)[C@@H](O[C@@H]2O[C@H](C)[C@@H](O)[C@H](N(C)C)[C@H]2O)[C@@H](CCN2C[C@H](C)C[C@H](C)C2)C[C@@H](C)C(=O)/C=C/C(C)=C/[C@@H]1CO[C@@H]1O[C@H](C)[C@@H](OC(=O)CC=O)[C@@H](OC)[C@H]1OC,TRUE,,0.152
tilmicosin,Tilmicosin (ÌæÃ×¿¼ÐÇ),REF_TILMICOSIN,repository_reference,O34_attached_to_C24,34,24,C,MPM00078,(R)-3-Hydroxy-3-methyl-2-oxopentanoate,CCC(C)(O)C(=O)C(=O)O,1,CC[C@H]1OC(=O)C[C@@H](O)[C@H](C)[C@@H](O[C@@H]2O[C@H](C)[C@@H](O)[C@H](N(C)C)[C@H]2OC(=O)C(=O)C(C)(O)CC)[C@@H](CCN2C[C@H](C)C[C@H](C)C2)C[C@@H](C)C(=O)/C=C/C(C)=C/[C@@H]1CO[C@@H]1O[C@H](C)[C@@H](O)[C@@H](OC)[C@H]1OC,CC[C@H]1OC(=O)C[C@@H](O)[C@H](C)[C@@H](O[C@@H]2O[C@H](C)[C@@H](O)[C@H](N(C)C)[C@H]2OC(=O)C(=O)C(C)(O)CC)[C@@H](CCN2C[C@H](C)C[C@H](C)C2)C[C@@H](C)C(=O)/C=C/C(C)=C/[C@@H]1CO[C@@H]1O[C@H](C)[C@@H](O)[C@@H](OC)[C@H]1OC,TRUE,,0.151
tilmicosin,Tilmicosin (ÌæÃ×¿¼ÐÇ),REF_TILMICOSIN,repository_reference,O56_attached_to_C52,56,52,C,MPM00678,Glycylmethionine,CSCCC(NC(=O)CN)C(=O)O,1,CC[C@H]1OC(=O)C[C@@H](O)[C@H](C)[C@@H](O[C@@H]2O[C@H](C)[C@@H](O)[C@H](N(C)C)[C@H]2O)[C@@H](CCN2C[C@H](C)C[C@H](C)C2)C[C@@H](C)C(=O)/C=C/C(C)=C/[C@@H]1CO[C@@H]1O[C@H](C)[C@@H](OC(=O)C(CCSC)NC(=O)CN)[C@@H](OC)[C@H]1OC,CC[C@H]1OC(=O)C[C@@H](O)[C@H](C)[C@@H](O[C@@H]2O[C@H](C)[C@@H](O)[C@H](N(C)C)[C@H]2O)[C@@H](CCN2C[C@H](C)C[C@H](C)C2)C[C@@H](C)C(=O)/C=C/C(C)=C/[C@@H]1CO[C@@H]1O[C@H](C)[C@@H](OC(=O)C(CCSC)NC(=O)CN)[C@@H](OC)[C@H]1OC,TRUE,,0.15
tilmicosin,Tilmicosin (ÌæÃ×¿¼ÐÇ),REF_TILMICOSIN,repository_reference,O30_attached_to_C26,30,26,C,MPM00543,D-2-Hydroxypropionic acid,CC(O)C(=O)O,1,CC[C@H]1OC(=O)C[C@@H](O)[C@H](C)[C@@H](O[C@@H]2O[C@H](C)[C@@H](OC(=O)C(C)O)[C@H](N(C)C)[C@H]2O)[C@@H](CCN2C[C@H](C)C[C@H](C)C2)C[C@@H](C)C(=O)/C=C/C(C)=C/[C@@H]1CO[C@@H]1O[C@H](C)[C@@H](O)[C@@H](OC)[C@H]1OC,CC[C@H]1OC(=O)C[C@@H](O)[C@H](C)[C@@H](O[C@@H]2O[C@H](C)[C@@H](OC(=O)C(C)O)[C@H](N(C)C)[C@H]2O)[C@@H](CCN2C[C@H](C)C[C@H](C)C2)C[C@@H](C)C(=O)/C=C/C(C)=C/[C@@H]1CO[C@@H]1O[C@H](C)[C@@H](O)[C@@H](OC)[C@H]1OC,TRUE,,0.149
tilmicosin,Tilmicosin (ÌæÃ×¿¼ÐÇ),REF_TILMICOSIN,repository_reference,O34_attached_to_C24,34,24,C,MPM01482,L-Methionine (R)-S-oxide,CS(=O)CCC(N)C(=O)O,1,CC[C@H]1OC(=O)C[C@@H](O)[C@H](C)[C@@H](O[C@@H]2O[C@H](C)[C@@H](O)[C@H](N(C)C)[C@H]2OC(=O)C(N)CCS(C)=O)[C@@H](CCN2C[C@H](C)C[C@H](C)C2)C[C@@H](C)C(=O)/C=C/C(C)=C/[C@@H]1CO[C@@H]1O[C@H](C)[C@@H](O)[C@@H](OC)[C@H]1OC,CC[C@H]1OC(=O)C[C@@H](O)[C@H](C)[C@@H](O[C@@H]2O[C@H](C)[C@@H](O)[C@H](N(C)C)[C@H]2OC(=O)C(N)CCS(C)=O)[C@@H](CCN2C[C@H](C)C[C@H](C)C2)C[C@@H](C)C(=O)/C=C/C(C)=C/[C@@H]1CO[C@@H]1O[C@H](C)[C@@H](O)[C@@H](OC)[C@H]1OC,TRUE,,0.145
tilmicosin,Tilmicosin (ÌæÃ×¿¼ÐÇ),REF_TILMICOSIN,repository_reference,O34_attached_to_C24,34,24,C,MPM01471,L-Aspartic 4-semialdehyde,NC(CC=O)C(=O)O,1,CC[C@H]1OC(=O)C[C@@H](O)[C@H](C)[C@@H](O[C@@H]2O[C@H](C)[C@@H](O)[C@H](N(C)C)[C@H]2OC(=O)C(N)CC=O)[C@@H](CCN2C[C@H](C)C[C@H](C)C2)C[C@@H](C)C(=O)/C=C/C(C)=C/[C@@H]1CO[C@@H]1O[C@H](C)[C@@H](O)[C@@H](OC)[C@H]1OC,CC[C@H]1OC(=O)C[C@@H](O)[C@H](C)[C@@H](O[C@@H]2O[C@H](C)[C@@H](O)[C@H](N(C)C)[C@H]2OC(=O)C(N)CC=O)[C@@H](CCN2C[C@H](C)C[C@H](C)C2)C[C@@H](C)C(=O)/C=C/C(C)=C/[C@@H]1CO[C@@H]1O[C@H](C)[C@@H](O)[C@@H](OC)[C@H]1OC,TRUE,,0.145
tilmicosin,Tilmicosin (ÌæÃ×¿¼ÐÇ),REF_TILMICOSIN,repository_reference,O56_attached_to_C52,56,52,C,MPM01334,Citrulline,NC(=O)NCCCC(N)C(=O)O,1,CC[C@H]1OC(=O)C[C@@H](O)[C@H](C)[C@@H](O[C@@H]2O[C@H](C)[C@@H](O)[C@H](N(C)C)[C@H]2O)[C@@H](CCN2C[C@H](C)C[C@H](C)C2)C[C@@H](C)C(=O)/C=C/C(C)=C/[C@@H]1CO[C@@H]1O[C@H](C)[C@@H](OC(=O)C(N)CCCNC(N)=O)[C@@H](OC)[C@H]1OC,CC[C@H]1OC(=O)C[C@@H](O)[C@H](C)[C@@H](O[C@@H]2O[C@H](C)[C@@H](O)[C@H](N(C)C)[C@H]2O)[C@@H](CCN2C[C@H](C)C[C@H](C)C2)C[C@@H](C)C(=O)/C=C/C(C)=C/[C@@H]1CO[C@@H]1O[C@H](C)[C@@H](OC(=O)C(N)CCCNC(N)=O)[C@@H](OC)[C@H]1OC,TRUE,,0.145
tilmicosin,Tilmicosin (ÌæÃ×¿¼ÐÇ),REF_TILMICOSIN,repository_reference,O56_attached_to_C52,56,52,C,MPM00117,1-(2-Carboxyphenylamino)-1-deoxy-D-ribulose 5-phosphate,O=C(O)c1ccccc1NCC(=O)C(O)C(O)COP(=O)(O)O,1,CC[C@H]1OC(=O)C[C@@H](O)[C@H](C)[C@@H](O[C@@H]2O[C@H](C)[C@@H](O)[C@H](N(C)C)[C@H]2O)[C@@H](CCN2C[C@H](C)C[C@H](C)C2)C[C@@H](C)C(=O)/C=C/C(C)=C/[C@@H]1CO[C@@H]1O[C@H](C)[C@@H](OC(=O)c2ccccc2NCC(=O)C(O)C(O)COP(=O)(O)O)[C@@H](OC)[C@H]1OC,CC[C@H]1OC(=O)C[C@@H](O)[C@H](C)[C@@H](O[C@@H]2O[C@H](C)[C@@H](O)[C@H](N(C)C)[C@H]2O)[C@@H](CCN2C[C@H](C)C[C@H](C)C2)C[C@@H](C)C(=O)/C=C/C(C)=C/[C@@H]1CO[C@@H]1O[C@H](C)[C@@H](OC(=O)c2ccccc2NCC(=O)C(O)C(O)COP(=O)(O)O)[C@@H](OC)[C@H]1OC,TRUE,,0.141
tilmicosin,Tilmicosin (ÌæÃ×¿¼ÐÇ),REF_TILMICOSIN,repository_reference,O34_attached_to_C24,34,24,C,MPM00419,Acetoacetic acid,CC(=O)CC(=O)O,1,CC[C@H]1OC(=O)C[C@@H](O)[C@H](C)[C@@H](O[C@@H]2O[C@H](C)[C@@H](O)[C@H](N(C)C)[C@H]2OC(=O)CC(C)=O)[C@@H](CCN2C[C@H](C)C[C@H](C)C2)C[C@@H](C)C(=O)/C=C/C(C)=C/[C@@H]1CO[C@@H]1O[C@H](C)[C@@H](O)[C@@H](OC)[C@H]1OC,CC[C@H]1OC(=O)C[C@@H](O)[C@H](C)[C@@H](O[C@@H]2O[C@H](C)[C@@H](O)[C@H](N(C)C)[C@H]2OC(=O)CC(C)=O)[C@@H](CCN2C[C@H](C)C[C@H](C)C2)C[C@@H](C)C(=O)/C=C/C(C)=C/[C@@H]1CO[C@@H]1O[C@H](C)[C@@H](O)[C@@H](OC)[C@H]1OC,TRUE,,0.139
tilmicosin,Tilmicosin (ÌæÃ×¿¼ÐÇ),REF_TILMICOSIN,repository_reference,O34_attached_to_C24,34,24,C,MPM00050,(3S)-3-Methyl-2-oxopentanoate,CCC(C)C(=O)C(=O)O,1,CCC(C)C(=O)C(=O)O[C@H]1[C@H](O[C@H]2[C@@H](CCN3C[C@H](C)C[C@H](C)C3)C[C@@H](C)C(=O)/C=C/C(C)=C/[C@H](CO[C@@H]3O[C@H](C)[C@@H](O)[C@@H](OC)[C@H]3OC)[C@@H](CC)OC(=O)C[C@@H](O)[C@@H]2C)O[C@H](C)[C@@H](O)[C@@H]1N(C)C,CCC(C)C(=O)C(=O)O[C@H]1[C@H](O[C@H]2[C@@H](CCN3C[C@H](C)C[C@H](C)C3)C[C@@H](C)C(=O)/C=C/C(C)=C/[C@H](CO[C@@H]3O[C@H](C)[C@@H](O)[C@@H](OC)[C@H]3OC)[C@@H](CC)OC(=O)C[C@@H](O)[C@@H]2C)O[C@H](C)[C@@H](O)[C@@H]1N(C)C,TRUE,,0.139
tilmicosin,Tilmicosin (ÌæÃ×¿¼ÐÇ),REF_TILMICOSIN,repository_reference,O56_attached_to_C52,56,52,C,MPM00891,Phosphoglycolic acid,O=C(O)COP(=O)(O)O,1,CC[C@H]1OC(=O)C[C@@H](O)[C@H](C)[C@@H](O[C@@H]2O[C@H](C)[C@@H](O)[C@H](N(C)C)[C@H]2O)[C@@H](CCN2C[C@H](C)C[C@H](C)C2)C[C@@H](C)C(=O)/C=C/C(C)=C/[C@@H]1CO[C@@H]1O[C@H](C)[C@@H](OC(=O)COP(=O)(O)O)[C@@H](OC)[C@H]1OC,CC[C@H]1OC(=O)C[C@@H](O)[C@H](C)[C@@H](O[C@@H]2O[C@H](C)[C@@H](O)[C@H](N(C)C)[C@H]2O)[C@@H](CCN2C[C@H](C)C[C@H](C)C2)C[C@@H](C)C(=O)/C=C/C(C)=C/[C@@H]1CO[C@@H]1O[C@H](C)[C@@H](OC(=O)COP(=O)(O)O)[C@@H](OC)[C@H]1OC,TRUE,,0.137
tilmicosin,Tilmicosin (ÌæÃ×¿¼ÐÇ),REF_TILMICOSIN,repository_reference,O20_attached_to_C15,20,15,C,MPM00543,D-2-Hydroxypropionic acid,CC(O)C(=O)O,1,CC[C@H]1OC(=O)C[C@@H](OC(=O)C(C)O)[C@H](C)[C@@H](O[C@@H]2O[C@H](C)[C@@H](O)[C@H](N(C)C)[C@H]2O)[C@@H](CCN2C[C@H](C)C[C@H](C)C2)C[C@@H](C)C(=O)/C=C/C(C)=C/[C@@H]1CO[C@@H]1O[C@H](C)[C@@H](O)[C@@H](OC)[C@H]1OC,CC[C@H]1OC(=O)C[C@@H](OC(=O)C(C)O)[C@H](C)[C@@H](O[C@@H]2O[C@H](C)[C@@H](O)[C@H](N(C)C)[C@H]2O)[C@@H](CCN2C[C@H](C)C[C@H](C)C2)C[C@@H](C)C(=O)/C=C/C(C)=C/[C@@H]1CO[C@@H]1O[C@H](C)[C@@H](O)[C@@H](OC)[C@H]1OC,TRUE,,0.136
tilmicosin,Tilmicosin (ÌæÃ×¿¼ÐÇ),REF_TILMICOSIN,repository_reference,O34_attached_to_C24,34,24,C,MPM00716,Isobutyrate,CC(C)C(=O)O,1,CC[C@H]1OC(=O)C[C@@H](O)[C@H](C)[C@@H](O[C@@H]2O[C@H](C)[C@@H](O)[C@H](N(C)C)[C@H]2OC(=O)C(C)C)[C@@H](CCN2C[C@H](C)C[C@H](C)C2)C[C@@H](C)C(=O)/C=C/C(C)=C/[C@@H]1CO[C@@H]1O[C@H](C)[C@@H](O)[C@@H](OC)[C@H]1OC,CC[C@H]1OC(=O)C[C@@H](O)[C@H](C)[C@@H](O[C@@H]2O[C@H](C)[C@@H](O)[C@H](N(C)C)[C@H]2OC(=O)C(C)C)[C@@H](CCN2C[C@H](C)C[C@H](C)C2)C[C@@H](C)C(=O)/C=C/C(C)=C/[C@@H]1CO[C@@H]1O[C@H](C)[C@@H](O)[C@@H](OC)[C@H]1OC,TRUE,,0.134
tilmicosin,Tilmicosin (ÌæÃ×¿¼ÐÇ),REF_TILMICOSIN,repository_reference,O56_attached_to_C52,56,52,C,MPM01137,2-Amino-3-methylbutyric acid,CC(C)C(N)C(=O)O,1,CC[C@H]1OC(=O)C[C@@H](O)[C@H](C)[C@@H](O[C@@H]2O[C@H](C)[C@@H](O)[C@H](N(C)C)[C@H]2O)[C@@H](CCN2C[C@H](C)C[C@H](C)C2)C[C@@H](C)C(=O)/C=C/C(C)=C/[C@@H]1CO[C@@H]1O[C@H](C)[C@@H](OC(=O)C(N)C(C)C)[C@@H](OC)[C@H]1OC,CC[C@H]1OC(=O)C[C@@H](O)[C@H](C)[C@@H](O[C@@H]2O[C@H](C)[C@@H](O)[C@H](N(C)C)[C@H]2O)[C@@H](CCN2C[C@H](C)C[C@H](C)C2)C[C@@H](C)C(=O)/C=C/C(C)=C/[C@@H]1CO[C@@H]1O[C@H](C)[C@@H](OC(=O)C(N)C(C)C)[C@@H](OC)[C@H]1OC,TRUE,,0.134
tilmicosin,Tilmicosin (ÌæÃ×¿¼ÐÇ),REF_TILMICOSIN,repository_reference,O56_attached_to_C52,56,52,C,MPM00078,(R)-3-Hydroxy-3-methyl-2-oxopentanoate,CCC(C)(O)C(=O)C(=O)O,1,CC[C@H]1OC(=O)C[C@@H](O)[C@H](C)[C@@H](O[C@@H]2O[C@H](C)[C@@H](O)[C@H](N(C)C)[C@H]2O)[C@@H](CCN2C[C@H](C)C[C@H](C)C2)C[C@@H](C)C(=O)/C=C/C(C)=C/[C@@H]1CO[C@@H]1O[C@H](C)[C@@H](OC(=O)C(=O)C(C)(O)CC)[C@@H](OC)[C@H]1OC,CC[C@H]1OC(=O)C[C@@H](O)[C@H](C)[C@@H](O[C@@H]2O[C@H](C)[C@@H](O)[C@H](N(C)C)[C@H]2O)[C@@H](CCN2C[C@H](C)C[C@H](C)C2)C[C@@H](C)C(=O)/C=C/C(C)=C/[C@@H]1CO[C@@H]1O[C@H](C)[C@@H](OC(=O)C(=O)C(C)(O)CC)[C@@H](OC)[C@H]1OC,TRUE,,0.129
tilmicosin,Tilmicosin (ÌæÃ×¿¼ÐÇ),REF_TILMICOSIN,repository_reference,O30_attached_to_C26,30,26,C,MPM00632,Ethanoic acid,CC(=O)O,1,CC[C@H]1OC(=O)C[C@@H](O)[C@H](C)[C@@H](O[C@@H]2O[C@H](C)[C@@H](OC(C)=O)[C@H](N(C)C)[C@H]2O)[C@@H](CCN2C[C@H](C)C[C@H](C)C2)C[C@@H](C)C(=O)/C=C/C(C)=C/[C@@H]1CO[C@@H]1O[C@H](C)[C@@H](O)[C@@H](OC)[C@H]1OC,CC[C@H]1OC(=O)C[C@@H](O)[C@H](C)[C@@H](O[C@@H]2O[C@H](C)[C@@H](OC(C)=O)[C@H](N(C)C)[C@H]2O)[C@@H](CCN2C[C@H](C)C[C@H](C)C2)C[C@@H](C)C(=O)/C=C/C(C)=C/[C@@H]1CO[C@@H]1O[C@H](C)[C@@H](O)[C@@H](OC)[C@H]1OC,TRUE,,0.128
tilmicosin,Tilmicosin (ÌæÃ×¿¼ÐÇ),REF_TILMICOSIN,repository_reference,O34_attached_to_C24,34,24,C,MPM00667,glycerol 1-phosphoserine(1-),NC(COP(=O)(O)OCC(O)CO)C(=O)O,1,CC[C@H]1OC(=O)C[C@@H](O)[C@H](C)[C@@H](O[C@@H]2O[C@H](C)[C@@H](O)[C@H](N(C)C)[C@H]2OC(=O)C(N)COP(=O)(O)OCC(O)CO)[C@@H](CCN2C[C@H](C)C[C@H](C)C2)C[C@@H](C)C(=O)/C=C/C(C)=C/[C@@H]1CO[C@@H]1O[C@H](C)[C@@H](O)[C@@H](OC)[C@H]1OC,CC[C@H]1OC(=O)C[C@@H](O)[C@H](C)[C@@H](O[C@@H]2O[C@H](C)[C@@H](O)[C@H](N(C)C)[C@H]2OC(=O)C(N)COP(=O)(O)OCC(O)CO)[C@@H](CCN2C[C@H](C)C[C@H](C)C2)C[C@@H](C)C(=O)/C=C/C(C)=C/[C@@H]1CO[C@@H]1O[C@H](C)[C@@H](O)[C@@H](OC)[C@H]1OC,TRUE,,0.125
tilmicosin,Tilmicosin (ÌæÃ×¿¼ÐÇ),REF_TILMICOSIN,repository_reference,O34_attached_to_C24,34,24,C,MPM00440,Ala-His,CC(N)C(=O)NC(Cc1cnc[nH]1)C(=O)O,1,CC[C@H]1OC(=O)C[C@@H](O)[C@H](C)[C@@H](O[C@@H]2O[C@H](C)[C@@H](O)[C@H](N(C)C)[C@H]2OC(=O)C(Cc2cnc[nH]2)NC(=O)C(C)N)[C@@H](CCN2C[C@H](C)C[C@H](C)C2)C[C@@H](C)C(=O)/C=C/C(C)=C/[C@@H]1CO[C@@H]1O[C@H](C)[C@@H](O)[C@@H](OC)[C@H]1OC,CC[C@H]1OC(=O)C[C@@H](O)[C@H](C)[C@@H](O[C@@H]2O[C@H](C)[C@@H](O)[C@H](N(C)C)[C@H]2OC(=O)C(Cc2cnc[nH]2)NC(=O)C(C)N)[C@@H](CCN2C[C@H](C)C[C@H](C)C2)C[C@@H](C)C(=O)/C=C/C(C)=C/[C@@H]1CO[C@@H]1O[C@H](C)[C@@H](O)[C@@H](OC)[C@H]1OC,TRUE,,0.123
tilmicosin,Tilmicosin (ÌæÃ×¿¼ÐÇ),REF_TILMICOSIN,repository_reference,O56_attached_to_C52,56,52,C,MPM01471,L-Aspartic 4-semialdehyde,NC(CC=O)C(=O)O,1,CC[C@H]1OC(=O)C[C@@H](O)[C@H](C)[C@@H](O[C@@H]2O[C@H](C)[C@@H](O)[C@H](N(C)C)[C@H]2O)[C@@H](CCN2C[C@H](C)C[C@H](C)C2)C[C@@H](C)C(=O)/C=C/C(C)=C/[C@@H]1CO[C@@H]1O[C@H](C)[C@@H](OC(=O)C(N)CC=O)[C@@H](OC)[C@H]1OC,CC[C@H]1OC(=O)C[C@@H](O)[C@H](C)[C@@H](O[C@@H]2O[C@H](C)[C@@H](O)[C@H](N(C)C)[C@H]2O)[C@@H](CCN2C[C@H](C)C[C@H](C)C2)C[C@@H](C)C(=O)/C=C/C(C)=C/[C@@H]1CO[C@@H]1O[C@H](C)[C@@H](OC(=O)C(N)CC=O)[C@@H](OC)[C@H]1OC,TRUE,,0.123
tilmicosin,Tilmicosin (ÌæÃ×¿¼ÐÇ),REF_TILMICOSIN,repository_reference,O56_attached_to_C52,56,52,C,MPM01482,L-Methionine (R)-S-oxide,CS(=O)CCC(N)C(=O)O,1,CC[C@H]1OC(=O)C[C@@H](O)[C@H](C)[C@@H](O[C@@H]2O[C@H](C)[C@@H](O)[C@H](N(C)C)[C@H]2O)[C@@H](CCN2C[C@H](C)C[C@H](C)C2)C[C@@H](C)C(=O)/C=C/C(C)=C/[C@@H]1CO[C@@H]1O[C@H](C)[C@@H](OC(=O)C(N)CCS(C)=O)[C@@H](OC)[C@H]1OC,CC[C@H]1OC(=O)C[C@@H](O)[C@H](C)[C@@H](O[C@@H]2O[C@H](C)[C@@H](O)[C@H](N(C)C)[C@H]2O)[C@@H](CCN2C[C@H](C)C[C@H](C)C2)C[C@@H](C)C(=O)/C=C/C(C)=C/[C@@H]1CO[C@@H]1O[C@H](C)[C@@H](OC(=O)C(N)CCS(C)=O)[C@@H](OC)[C@H]1OC,TRUE,,0.122
tilmicosin,Tilmicosin (ÌæÃ×¿¼ÐÇ),REF_TILMICOSIN,repository_reference,O56_attached_to_C52,56,52,C,MPM00050,(3S)-3-Methyl-2-oxopentanoate,CCC(C)C(=O)C(=O)O,1,CCC(C)C(=O)C(=O)O[C@H]1[C@@H](OC)[C@@H](OC)[C@H](OC[C@H]2/C=C(C)/C=C/C(=O)[C@H](C)C[C@H](CCN3C[C@H](C)C[C@H](C)C3)[C@H](O[C@@H]3O[C@H](C)[C@@H](O)[C@H](N(C)C)[C@H]3O)[C@@H](C)[C@H](O)CC(=O)O[C@@H]2CC)O[C@@H]1C,CCC(C)C(=O)C(=O)O[C@H]1[C@@H](OC)[C@@H](OC)[C@H](OC[C@H]2/C=C(C)/C=C/C(=O)[C@H](C)C[C@H](CCN3C[C@H](C)C[C@H](C)C3)[C@H](O[C@@H]3O[C@H](C)[C@@H](O)[C@H](N(C)C)[C@H]3O)[C@@H](C)[C@H](O)CC(=O)O[C@@H]2CC)O[C@@H]1C,TRUE,,0.117
tilmicosin,Tilmicosin (ÌæÃ×¿¼ÐÇ),REF_TILMICOSIN,repository_reference,O56_attached_to_C52,56,52,C,MPM00419,Acetoacetic acid,CC(=O)CC(=O)O,1,CC[C@H]1OC(=O)C[C@@H](O)[C@H](C)[C@@H](O[C@@H]2O[C@H](C)[C@@H](O)[C@H](N(C)C)[C@H]2O)[C@@H](CCN2C[C@H](C)C[C@H](C)C2)C[C@@H](C)C(=O)/C=C/C(C)=C/[C@@H]1CO[C@@H]1O[C@H](C)[C@@H](OC(=O)CC(C)=O)[C@@H](OC)[C@H]1OC,CC[C@H]1OC(=O)C[C@@H](O)[C@H](C)[C@@H](O[C@@H]2O[C@H](C)[C@@H](O)[C@H](N(C)C)[C@H]2O)[C@@H](CCN2C[C@H](C)C[C@H](C)C2)C[C@@H](C)C(=O)/C=C/C(C)=C/[C@@H]1CO[C@@H]1O[C@H](C)[C@@H](OC(=O)CC(C)=O)[C@@H](OC)[C@H]1OC,TRUE,,0.116
tilmicosin,Tilmicosin (ÌæÃ×¿¼ÐÇ),REF_TILMICOSIN,repository_reference,O20_attached_to_C15,20,15,C,MPM00632,Ethanoic acid,CC(=O)O,1,CC[C@H]1OC(=O)C[C@@H](OC(C)=O)[C@H](C)[C@@H](O[C@@H]2O[C@H](C)[C@@H](O)[C@H](N(C)C)[C@H]2O)[C@@H](CCN2C[C@H](C)C[C@H](C)C2)C[C@@H](C)C(=O)/C=C/C(C)=C/[C@@H]1CO[C@@H]1O[C@H](C)[C@@H](O)[C@@H](OC)[C@H]1OC,CC[C@H]1OC(=O)C[C@@H](OC(C)=O)[C@H](C)[C@@H](O[C@@H]2O[C@H](C)[C@@H](O)[C@H](N(C)C)[C@H]2O)[C@@H](CCN2C[C@H](C)C[C@H](C)C2)C[C@@H](C)C(=O)/C=C/C(C)=C/[C@@H]1CO[C@@H]1O[C@H](C)[C@@H](O)[C@@H](OC)[C@H]1OC,TRUE,,0.112
tilmicosin,Tilmicosin (ÌæÃ×¿¼ÐÇ),REF_TILMICOSIN,repository_reference,O30_attached_to_C26,30,26,C,MPM00242,2-Keto-3-methylbutyric acid,CC(C)C(=O)C(=O)O,1,CC[C@H]1OC(=O)C[C@@H](O)[C@H](C)[C@@H](O[C@@H]2O[C@H](C)[C@@H](OC(=O)C(=O)C(C)C)[C@H](N(C)C)[C@H]2O)[C@@H](CCN2C[C@H](C)C[C@H](C)C2)C[C@@H](C)C(=O)/C=C/C(C)=C/[C@@H]1CO[C@@H]1O[C@H](C)[C@@H](O)[C@@H](OC)[C@H]1OC,CC[C@H]1OC(=O)C[C@@H](O)[C@H](C)[C@@H](O[C@@H]2O[C@H](C)[C@@H](OC(=O)C(=O)C(C)C)[C@H](N(C)C)[C@H]2O)[C@@H](CCN2C[C@H](C)C[C@H](C)C2)C[C@@H](C)C(=O)/C=C/C(C)=C/[C@@H]1CO[C@@H]1O[C@H](C)[C@@H](O)[C@@H](OC)[C@H]1OC,TRUE,,0.112
tilmicosin,Tilmicosin (ÌæÃ×¿¼ÐÇ),REF_TILMICOSIN,repository_reference,O56_attached_to_C52,56,52,C,MPM00716,Isobutyrate,CC(C)C(=O)O,1,CC[C@H]1OC(=O)C[C@@H](O)[C@H](C)[C@@H](O[C@@H]2O[C@H](C)[C@@H](O)[C@H](N(C)C)[C@H]2O)[C@@H](CCN2C[C@H](C)C[C@H](C)C2)C[C@@H](C)C(=O)/C=C/C(C)=C/[C@@H]1CO[C@@H]1O[C@H](C)[C@@H](OC(=O)C(C)C)[C@@H](OC)[C@H]1OC,CC[C@H]1OC(=O)C[C@@H](O)[C@H](C)[C@@H](O[C@@H]2O[C@H](C)[C@@H](O)[C@H](N(C)C)[C@H]2O)[C@@H](CCN2C[C@H](C)C[C@H](C)C2)C[C@@H](C)C(=O)/C=C/C(C)=C/[C@@H]1CO[C@@H]1O[C@H](C)[C@@H](OC(=O)C(C)C)[C@@H](OC)[C@H]1OC,TRUE,,0.112
tilmicosin,Tilmicosin (ÌæÃ×¿¼ÐÇ),REF_TILMICOSIN,repository_reference,O30_attached_to_C26,30,26,C,MPM00051,"(3S,5S)-3,5-diaminohexanoic acid",CC(N)CC(N)CC(=O)O,1,CC[C@H]1OC(=O)C[C@@H](O)[C@H](C)[C@@H](O[C@@H]2O[C@H](C)[C@@H](OC(=O)CC(N)CC(C)N)[C@H](N(C)C)[C@H]2O)[C@@H](CCN2C[C@H](C)C[C@H](C)C2)C[C@@H](C)C(=O)/C=C/C(C)=C/[C@@H]1CO[C@@H]1O[C@H](C)[C@@H](O)[C@@H](OC)[C@H]1OC,CC[C@H]1OC(=O)C[C@@H](O)[C@H](C)[C@@H](O[C@@H]2O[C@H](C)[C@@H](OC(=O)CC(N)CC(C)N)[C@H](N(C)C)[C@H]2O)[C@@H](CCN2C[C@H](C)C[C@H](C)C2)C[C@@H](C)C(=O)/C=C/C(C)=C/[C@@H]1CO[C@@H]1O[C@H](C)[C@@H](O)[C@@H](OC)[C@H]1OC,TRUE,,0.11
tilmicosin,Tilmicosin (ÌæÃ×¿¼ÐÇ),REF_TILMICOSIN,repository_reference,O20_attached_to_C15,20,15,C,MPM00242,2-Keto-3-methylbutyric acid,CC(C)C(=O)C(=O)O,1,CC[C@H]1OC(=O)C[C@@H](OC(=O)C(=O)C(C)C)[C@H](C)[C@@H](O[C@@H]2O[C@H](C)[C@@H](O)[C@H](N(C)C)[C@H]2O)[C@@H](CCN2C[C@H](C)C[C@H](C)C2)C[C@@H](C)C(=O)/C=C/C(C)=C/[C@@H]1CO[C@@H]1O[C@H](C)[C@@H](O)[C@@H](OC)[C@H]1OC,CC[C@H]1OC(=O)C[C@@H](OC(=O)C(=O)C(C)C)[C@H](C)[C@@H](O[C@@H]2O[C@H](C)[C@@H](O)[C@H](N(C)C)[C@H]2O)[C@@H](CCN2C[C@H](C)C[C@H](C)C2)C[C@@H](C)C(=O)/C=C/C(C)=C/[C@@H]1CO[C@@H]1O[C@H](C)[C@@H](O)[C@@H](OC)[C@H]1OC,TRUE,,0.109
tilmicosin,Tilmicosin (ÌæÃ×¿¼ÐÇ),REF_TILMICOSIN,repository_reference,O30_attached_to_C26,30,26,C,MPM01438,Hydroxythreonine,NC(C(=O)O)C(O)CO,1,CC[C@H]1OC(=O)C[C@@H](O)[C@H](C)[C@@H](O[C@@H]2O[C@H](C)[C@@H](OC(=O)C(N)C(O)CO)[C@H](N(C)C)[C@H]2O)[C@@H](CCN2C[C@H](C)C[C@H](C)C2)C[C@@H](C)C(=O)/C=C/C(C)=C/[C@@H]1CO[C@@H]1O[C@H](C)[C@@H](O)[C@@H](OC)[C@H]1OC,CC[C@H]1OC(=O)C[C@@H](O)[C@H](C)[C@@H](O[C@@H]2O[C@H](C)[C@@H](OC(=O)C(N)C(O)CO)[C@H](N(C)C)[C@H]2O)[C@@H](CCN2C[C@H](C)C[C@H](C)C2)C[C@@H](C)C(=O)/C=C/C(C)=C/[C@@H]1CO[C@@H]1O[C@H](C)[C@@H](O)[C@@H](OC)[C@H]1OC,TRUE,,0.108
tilmicosin,Tilmicosin (ÌæÃ×¿¼ÐÇ),REF_TILMICOSIN,repository_reference,O34_attached_to_C24,34,24,C,MPM00813,n-Caproic acid,CCCCCC(=O)O,1,CCCCCC(=O)O[C@H]1[C@H](O[C@H]2[C@@H](CCN3C[C@H](C)C[C@H](C)C3)C[C@@H](C)C(=O)/C=C/C(C)=C/[C@H](CO[C@@H]3O[C@H](C)[C@@H](O)[C@@H](OC)[C@H]3OC)[C@@H](CC)OC(=O)C[C@@H](O)[C@@H]2C)O[C@H](C)[C@@H](O)[C@@H]1N(C)C,CCCCCC(=O)O[C@H]1[C@H](O[C@H]2[C@@H](CCN3C[C@H](C)C[C@H](C)C3)C[C@@H](C)C(=O)/C=C/C(C)=C/[C@H](CO[C@@H]3O[C@H](C)[C@@H](O)[C@@H](OC)[C@H]3OC)[C@@H](CC)OC(=O)C[C@@H](O)[C@@H]2C)O[C@H](C)[C@@H](O)[C@@H]1N(C)C,TRUE,,0.108
tilmicosin,Tilmicosin (ÌæÃ×¿¼ÐÇ),REF_TILMICOSIN,repository_reference,O34_attached_to_C24,34,24,C,MPM00324,3-Phosphoglycerate,O=C(O)C(O)COP(=O)(O)O,1,CC[C@H]1OC(=O)C[C@@H](O)[C@H](C)[C@@H](O[C@@H]2O[C@H](C)[C@@H](O)[C@H](N(C)C)[C@H]2OC(=O)C(O)COP(=O)(O)O)[C@@H](CCN2C[C@H](C)C[C@H](C)C2)C[C@@H](C)C(=O)/C=C/C(C)=C/[C@@H]1CO[C@@H]1O[C@H](C)[C@@H](O)[C@@H](OC)[C@H]1OC,CC[C@H]1OC(=O)C[C@@H](O)[C@H](C)[C@@H](O[C@@H]2O[C@H](C)[C@@H](O)[C@H](N(C)C)[C@H]2OC(=O)C(O)COP(=O)(O)O)[C@@H](CCN2C[C@H](C)C[C@H](C)C2)C[C@@H](C)C(=O)/C=C/C(C)=C/[C@@H]1CO[C@@H]1O[C@H](C)[C@@H](O)[C@@H](OC)[C@H]1OC,TRUE,,0.108
tilmicosin,Tilmicosin (ÌæÃ×¿¼ÐÇ),REF_TILMICOSIN,repository_reference,O20_attached_to_C15,20,15,C,MPM00051,"(3S,5S)-3,5-diaminohexanoic acid",CC(N)CC(N)CC(=O)O,1,CC[C@H]1OC(=O)C[C@@H](OC(=O)CC(N)CC(C)N)[C@H](C)[C@@H](O[C@@H]2O[C@H](C)[C@@H](O)[C@H](N(C)C)[C@H]2O)[C@@H](CCN2C[C@H](C)C[C@H](C)C2)C[C@@H](C)C(=O)/C=C/C(C)=C/[C@@H]1CO[C@@H]1O[C@H](C)[C@@H](O)[C@@H](OC)[C@H]1OC,CC[C@H]1OC(=O)C[C@@H](OC(=O)CC(N)CC(C)N)[C@H](C)[C@@H](O[C@@H]2O[C@H](C)[C@@H](O)[C@H](N(C)C)[C@H]2O)[C@@H](CCN2C[C@H](C)C[C@H](C)C2)C[C@@H](C)C(=O)/C=C/C(C)=C/[C@@H]1CO[C@@H]1O[C@H](C)[C@@H](O)[C@@H](OC)[C@H]1OC,TRUE,,0.107
tilmicosin,Tilmicosin (ÌæÃ×¿¼ÐÇ),REF_TILMICOSIN,repository_reference,O20_attached_to_C15,20,15,C,MPM01438,Hydroxythreonine,NC(C(=O)O)C(O)CO,1,CC[C@H]1OC(=O)C[C@@H](OC(=O)C(N)C(O)CO)[C@H](C)[C@@H](O[C@@H]2O[C@H](C)[C@@H](O)[C@H](N(C)C)[C@H]2O)[C@@H](CCN2C[C@H](C)C[C@H](C)C2)C[C@@H](C)C(=O)/C=C/C(C)=C/[C@@H]1CO[C@@H]1O[C@H](C)[C@@H](O)[C@@H](OC)[C@H]1OC,CC[C@H]1OC(=O)C[C@@H](OC(=O)C(N)C(O)CO)[C@H](C)[C@@H](O[C@@H]2O[C@H](C)[C@@H](O)[C@H](N(C)C)[C@H]2O)[C@@H](CCN2C[C@H](C)C[C@H](C)C2)C[C@@H](C)C(=O)/C=C/C(C)=C/[C@@H]1CO[C@@H]1O[C@H](C)[C@@H](O)[C@@H](OC)[C@H]1OC,TRUE,,0.102
tilmicosin,Tilmicosin (ÌæÃ×¿¼ÐÇ),REF_TILMICOSIN,repository_reference,O56_attached_to_C52,56,52,C,MPM00667,glycerol 1-phosphoserine(1-),NC(COP(=O)(O)OCC(O)CO)C(=O)O,1,CC[C@H]1OC(=O)C[C@@H](O)[C@H](C)[C@@H](O[C@@H]2O[C@H](C)[C@@H](O)[C@H](N(C)C)[C@H]2O)[C@@H](CCN2C[C@H](C)C[C@H](C)C2)C[C@@H](C)C(=O)/C=C/C(C)=C/[C@@H]1CO[C@@H]1O[C@H](C)[C@@H](OC(=O)C(N)COP(=O)(O)OCC(O)CO)[C@@H](OC)[C@H]1OC,CC[C@H]1OC(=O)C[C@@H](O)[C@H](C)[C@@H](O[C@@H]2O[C@H](C)[C@@H](O)[C@H](N(C)C)[C@H]2O)[C@@H](CCN2C[C@H](C)C[C@H](C)C2)C[C@@H](C)C(=O)/C=C/C(C)=C/[C@@H]1CO[C@@H]1O[C@H](C)[C@@H](OC(=O)C(N)COP(=O)(O)OCC(O)CO)[C@@H](OC)[C@H]1OC,TRUE,,0.102
tilmicosin,Tilmicosin (ÌæÃ×¿¼ÐÇ),REF_TILMICOSIN,repository_reference,O56_attached_to_C52,56,52,C,MPM00440,Ala-His,CC(N)C(=O)NC(Cc1cnc[nH]1)C(=O)O,1,CC[C@H]1OC(=O)C[C@@H](O)[C@H](C)[C@@H](O[C@@H]2O[C@H](C)[C@@H](O)[C@H](N(C)C)[C@H]2O)[C@@H](CCN2C[C@H](C)C[C@H](C)C2)C[C@@H](C)C(=O)/C=C/C(C)=C/[C@@H]1CO[C@@H]1O[C@H](C)[C@@H](OC(=O)C(Cc2cnc[nH]2)NC(=O)C(C)N)[C@@H](OC)[C@H]1OC,CC[C@H]1OC(=O)C[C@@H](O)[C@H](C)[C@@H](O[C@@H]2O[C@H](C)[C@@H](O)[C@H](N(C)C)[C@H]2O)[C@@H](CCN2C[C@H](C)C[C@H](C)C2)C[C@@H](C)C(=O)/C=C/C(C)=C/[C@@H]1CO[C@@H]1O[C@H](C)[C@@H](OC(=O)C(Cc2cnc[nH]2)NC(=O)C(C)N)[C@@H](OC)[C@H]1OC,TRUE,,0.101
tilmicosin,Tilmicosin (ÌæÃ×¿¼ÐÇ),REF_TILMICOSIN,repository_reference,O30_attached_to_C26,30,26,C,MPM00833,n-Valeric acid,CCCCC(=O)O,1,CCCCC(=O)O[C@H]1[C@H](N(C)C)[C@@H](O)[C@H](O[C@H]2[C@@H](CCN3C[C@H](C)C[C@H](C)C3)C[C@@H](C)C(=O)/C=C/C(C)=C/[C@H](CO[C@@H]3O[C@H](C)[C@@H](O)[C@@H](OC)[C@H]3OC)[C@@H](CC)OC(=O)C[C@@H](O)[C@@H]2C)O[C@@H]1C,CCCCC(=O)O[C@H]1[C@H](N(C)C)[C@@H](O)[C@H](O[C@H]2[C@@H](CCN3C[C@H](C)C[C@H](C)C3)C[C@@H](C)C(=O)/C=C/C(C)=C/[C@H](CO[C@@H]3O[C@H](C)[C@@H](O)[C@@H](OC)[C@H]3OC)[C@@H](CC)OC(=O)C[C@@H](O)[C@@H]2C)O[C@@H]1C,TRUE,,0.097
tilmicosin,Tilmicosin (ÌæÃ×¿¼ÐÇ),REF_TILMICOSIN,repository_reference,O30_attached_to_C26,30,26,C,MPM00768,Malonate semialdehyde,O=CCC(=O)O,1,CC[C@H]1OC(=O)C[C@@H](O)[C@H](C)[C@@H](O[C@@H]2O[C@H](C)[C@@H](OC(=O)CC=O)[C@H](N(C)C)[C@H]2O)[C@@H](CCN2C[C@H](C)C[C@H](C)C2)C[C@@H](C)C(=O)/C=C/C(C)=C/[C@@H]1CO[C@@H]1O[C@H](C)[C@@H](O)[C@@H](OC)[C@H]1OC,CC[C@H]1OC(=O)C[C@@H](O)[C@H](C)[C@@H](O[C@@H]2O[C@H](C)[C@@H](OC(=O)CC=O)[C@H](N(C)C)[C@H]2O)[C@@H](CCN2C[C@H](C)C[C@H](C)C2)C[C@@H](C)C(=O)/C=C/C(C)=C/[C@@H]1CO[C@@H]1O[C@H](C)[C@@H](O)[C@@H](OC)[C@H]1OC,TRUE,,0.097
tilmicosin,Tilmicosin (ÌæÃ×¿¼ÐÇ),REF_TILMICOSIN,repository_reference,O34_attached_to_C24,34,24,C,MPM01138,2-Amino-3-methylvaleric acid,CCC(C)C(N)C(=O)O,1,CCC(C)C(N)C(=O)O[C@H]1[C@H](O[C@H]2[C@@H](CCN3C[C@H](C)C[C@H](C)C3)C[C@@H](C)C(=O)/C=C/C(C)=C/[C@H](CO[C@@H]3O[C@H](C)[C@@H](O)[C@@H](OC)[C@H]3OC)[C@@H](CC)OC(=O)C[C@@H](O)[C@@H]2C)O[C@H](C)[C@@H](O)[C@@H]1N(C)C,CCC(C)C(N)C(=O)O[C@H]1[C@H](O[C@H]2[C@@H](CCN3C[C@H](C)C[C@H](C)C3)C[C@@H](C)C(=O)/C=C/C(C)=C/[C@H](CO[C@@H]3O[C@H](C)[C@@H](O)[C@@H](OC)[C@H]3OC)[C@@H](CC)OC(=O)C[C@@H](O)[C@@H]2C)O[C@H](C)[C@@H](O)[C@@H]1N(C)C,TRUE,,0.097
tilmicosin,Tilmicosin (ÌæÃ×¿¼ÐÇ),REF_TILMICOSIN,repository_reference,O20_attached_to_C15,20,15,C,MPM00117,1-(2-Carboxyphenylamino)-1-deoxy-D-ribulose 5-phosphate,O=C(O)c1ccccc1NCC(=O)C(O)C(O)COP(=O)(O)O,1,CC[C@H]1OC(=O)C[C@@H](OC(=O)c2ccccc2NCC(=O)C(O)C(O)COP(=O)(O)O)[C@H](C)[C@@H](O[C@@H]2O[C@H](C)[C@@H](O)[C@H](N(C)C)[C@H]2O)[C@@H](CCN2C[C@H](C)C[C@H](C)C2)C[C@@H](C)C(=O)/C=C/C(C)=C/[C@@H]1CO[C@@H]1O[C@H](C)[C@@H](O)[C@@H](OC)[C@H]1OC,CC[C@H]1OC(=O)C[C@@H](OC(=O)c2ccccc2NCC(=O)C(O)C(O)COP(=O)(O)O)[C@H](C)[C@@H](O[C@@H]2O[C@H](C)[C@@H](O)[C@H](N(C)C)[C@H]2O)[C@@H](CCN2C[C@H](C)C[C@H](C)C2)C[C@@H](C)C(=O)/C=C/C(C)=C/[C@@H]1CO[C@@H]1O[C@H](C)[C@@H](O)[C@@H](OC)[C@H]1OC,TRUE,,0.096
tilmicosin,Tilmicosin (ÌæÃ×¿¼ÐÇ),REF_TILMICOSIN,repository_reference,O34_attached_to_C24,34,24,C,MPM00895,Phosphonotyrosine,NC(Cc1ccc(OP(=O)(O)O)cc1)C(=O)O,1,CC[C@H]1OC(=O)C[C@@H](O)[C@H](C)[C@@H](O[C@@H]2O[C@H](C)[C@@H](O)[C@H](N(C)C)[C@H]2OC(=O)C(N)Cc2ccc(OP(=O)(O)O)cc2)[C@@H](CCN2C[C@H](C)C[C@H](C)C2)C[C@@H](C)C(=O)/C=C/C(C)=C/[C@@H]1CO[C@@H]1O[C@H](C)[C@@H](O)[C@@H](OC)[C@H]1OC,CC[C@H]1OC(=O)C[C@@H](O)[C@H](C)[C@@H](O[C@@H]2O[C@H](C)[C@@H](O)[C@H](N(C)C)[C@H]2OC(=O)C(N)Cc2ccc(OP(=O)(O)O)cc2)[C@@H](CCN2C[C@H](C)C[C@H](C)C2)C[C@@H](C)C(=O)/C=C/C(C)=C/[C@@H]1CO[C@@H]1O[C@H](C)[C@@H](O)[C@@H](OC)[C@H]1OC,TRUE,,0.096
tilmicosin,Tilmicosin (ÌæÃ×¿¼ÐÇ),REF_TILMICOSIN,repository_reference,O30_attached_to_C26,30,26,C,MPM00678,Glycylmethionine,CSCCC(NC(=O)CN)C(=O)O,1,CC[C@H]1OC(=O)C[C@@H](O)[C@H](C)[C@@H](O[C@@H]2O[C@H](C)[C@@H](OC(=O)C(CCSC)NC(=O)CN)[C@H](N(C)C)[C@H]2O)[C@@H](CCN2C[C@H](C)C[C@H](C)C2)C[C@@H](C)C(=O)/C=C/C(C)=C/[C@@H]1CO[C@@H]1O[C@H](C)[C@@H](O)[C@@H](OC)[C@H]1OC,CC[C@H]1OC(=O)C[C@@H](O)[C@H](C)[C@@H](O[C@@H]2O[C@H](C)[C@@H](OC(=O)C(CCSC)NC(=O)CN)[C@H](N(C)C)[C@H]2O)[C@@H](CCN2C[C@H](C)C[C@H](C)C2)C[C@@H](C)C(=O)/C=C/C(C)=C/[C@@H]1CO[C@@H]1O[C@H](C)[C@@H](O)[C@@H](OC)[C@H]1OC,TRUE,,0.095
tilmicosin,Tilmicosin (ÌæÃ×¿¼ÐÇ),REF_TILMICOSIN,repository_reference,O34_attached_to_C24,34,24,C,MPM00363,4-Phosphooxy-L-threonine,NC(C(=O)O)C(O)COP(=O)(O)O,1,CC[C@H]1OC(=O)C[C@@H](O)[C@H](C)[C@@H](O[C@@H]2O[C@H](C)[C@@H](O)[C@H](N(C)C)[C@H]2OC(=O)C(N)C(O)COP(=O)(O)O)[C@@H](CCN2C[C@H](C)C[C@H](C)C2)C[C@@H](C)C(=O)/C=C/C(C)=C/[C@@H]1CO[C@@H]1O[C@H](C)[C@@H](O)[C@@H](OC)[C@H]1OC,CC[C@H]1OC(=O)C[C@@H](O)[C@H](C)[C@@H](O[C@@H]2O[C@H](C)[C@@H](O)[C@H](N(C)C)[C@H]2OC(=O)C(N)C(O)COP(=O)(O)O)[C@@H](CCN2C[C@H](C)C[C@H](C)C2)C[C@@H](C)C(=O)/C=C/C(C)=C/[C@@H]1CO[C@@H]1O[C@H](C)[C@@H](O)[C@@H](OC)[C@H]1OC,TRUE,,0.093
tilmicosin,Tilmicosin (ÌæÃ×¿¼ÐÇ),REF_TILMICOSIN,repository_reference,O20_attached_to_C15,20,15,C,MPM00678,Glycylmethionine,CSCCC(NC(=O)CN)C(=O)O,1,CC[C@H]1OC(=O)C[C@@H](OC(=O)C(CCSC)NC(=O)CN)[C@H](C)[C@@H](O[C@@H]2O[C@H](C)[C@@H](O)[C@H](N(C)C)[C@H]2O)[C@@H](CCN2C[C@H](C)C[C@H](C)C2)C[C@@H](C)C(=O)/C=C/C(C)=C/[C@@H]1CO[C@@H]1O[C@H](C)[C@@H](O)[C@@H](OC)[C@H]1OC,CC[C@H]1OC(=O)C[C@@H](OC(=O)C(CCSC)NC(=O)CN)[C@H](C)[C@@H](O[C@@H]2O[C@H](C)[C@@H](O)[C@H](N(C)C)[C@H]2O)[C@@H](CCN2C[C@H](C)C[C@H](C)C2)C[C@@H](C)C(=O)/C=C/C(C)=C/[C@@H]1CO[C@@H]1O[C@H](C)[C@@H](O)[C@@H](OC)[C@H]1OC,TRUE,,0.092
tilmicosin,Tilmicosin (ÌæÃ×¿¼ÐÇ),REF_TILMICOSIN,repository_reference,O20_attached_to_C15,20,15,C,MPM01334,Citrulline,NC(=O)NCCCC(N)C(=O)O,1,CC[C@H]1OC(=O)C[C@@H](OC(=O)C(N)CCCNC(N)=O)[C@H](C)[C@@H](O[C@@H]2O[C@H](C)[C@@H](O)[C@H](N(C)C)[C@H]2O)[C@@H](CCN2C[C@H](C)C[C@H](C)C2)C[C@@H](C)C(=O)/C=C/C(C)=C/[C@@H]1CO[C@@H]1O[C@H](C)[C@@H](O)[C@@H](OC)[C@H]1OC,CC[C@H]1OC(=O)C[C@@H](OC(=O)C(N)CCCNC(N)=O)[C@H](C)[C@@H](O[C@@H]2O[C@H](C)[C@@H](O)[C@H](N(C)C)[C@H]2O)[C@@H](CCN2C[C@H](C)C[C@H](C)C2)C[C@@H](C)C(=O)/C=C/C(C)=C/[C@@H]1CO[C@@H]1O[C@H](C)[C@@H](O)[C@@H](OC)[C@H]1OC,TRUE,,0.092
tilmicosin,Tilmicosin (ÌæÃ×¿¼ÐÇ),REF_TILMICOSIN,repository_reference,O34_attached_to_C24,34,24,C,MPM00406,"7,8-Dihydropteroate",Nc1nc2c(c(=O)[nH]1)N=C(CNc1ccc(C(=O)O)cc1)CN2,1,CC[C@H]1OC(=O)C[C@@H](O)[C@H](C)[C@@H](O[C@@H]2O[C@H](C)[C@@H](O)[C@H](N(C)C)[C@H]2OC(=O)c2ccc(NCC3=Nc4c(nc(N)[nH]c4=O)NC3)cc2)[C@@H](CCN2C[C@H](C)C[C@H](C)C2)C[C@@H](C)C(=O)/C=C/C(C)=C/[C@@H]1CO[C@@H]1O[C@H](C)[C@@H](O)[C@@H](OC)[C@H]1OC,CC[C@H]1OC(=O)C[C@@H](O)[C@H](C)[C@@H](O[C@@H]2O[C@H](C)[C@@H](O)[C@H](N(C)C)[C@H]2OC(=O)c2ccc(NCC3=Nc4c(nc(N)[nH]c4=O)NC3)cc2)[C@@H](CCN2C[C@H](C)C[C@H](C)C2)C[C@@H](C)C(=O)/C=C/C(C)=C/[C@@H]1CO[C@@H]1O[C@H](C)[C@@H](O)[C@@H](OC)[C@H]1OC,TRUE,,0.092
tilmicosin,Tilmicosin (ÌæÃ×¿¼ÐÇ),REF_TILMICOSIN,repository_reference,O20_attached_to_C15,20,15,C,MPM00833,n-Valeric acid,CCCCC(=O)O,1,CCCCC(=O)O[C@@H]1CC(=O)O[C@H](CC)[C@@H](CO[C@@H]2O[C@H](C)[C@@H](O)[C@@H](OC)[C@H]2OC)/C=C(C)/C=C/C(=O)[C@H](C)C[C@H](CCN2C[C@H](C)C[C@H](C)C2)[C@H](O[C@@H]2O[C@H](C)[C@@H](O)[C@H](N(C)C)[C@H]2O)[C@H]1C,CCCCC(=O)O[C@@H]1CC(=O)O[C@H](CC)[C@@H](CO[C@@H]2O[C@H](C)[C@@H](O)[C@@H](OC)[C@H]2OC)/C=C(C)/C=C/C(=O)[C@H](C)C[C@H](CCN2C[C@H](C)C[C@H](C)C2)[C@H](O[C@@H]2O[C@H](C)[C@@H](O)[C@H](N(C)C)[C@H]2O)[C@H]1C,TRUE,,0.09
tilmicosin,Tilmicosin (ÌæÃ×¿¼ÐÇ),REF_TILMICOSIN,repository_reference,O30_attached_to_C26,30,26,C,MPM01334,Citrulline,NC(=O)NCCCC(N)C(=O)O,1,CC[C@H]1OC(=O)C[C@@H](O)[C@H](C)[C@@H](O[C@@H]2O[C@H](C)[C@@H](OC(=O)C(N)CCCNC(N)=O)[C@H](N(C)C)[C@H]2O)[C@@H](CCN2C[C@H](C)C[C@H](C)C2)C[C@@H](C)C(=O)/C=C/C(C)=C/[C@@H]1CO[C@@H]1O[C@H](C)[C@@H](O)[C@@H](OC)[C@H]1OC,CC[C@H]1OC(=O)C[C@@H](O)[C@H](C)[C@@H](O[C@@H]2O[C@H](C)[C@@H](OC(=O)C(N)CCCNC(N)=O)[C@H](N(C)C)[C@H]2O)[C@@H](CCN2C[C@H](C)C[C@H](C)C2)C[C@@H](C)C(=O)/C=C/C(C)=C/[C@@H]1CO[C@@H]1O[C@H](C)[C@@H](O)[C@@H](OC)[C@H]1OC,TRUE,,0.09
tilmicosin,Tilmicosin (ÌæÃ×¿¼ÐÇ),REF_TILMICOSIN,repository_reference,O30_attached_to_C26,30,26,C,MPM00117,1-(2-Carboxyphenylamino)-1-deoxy-D-ribulose 5-phosphate,O=C(O)c1ccccc1NCC(=O)C(O)C(O)COP(=O)(O)O,1,CC[C@H]1OC(=O)C[C@@H](O)[C@H](C)[C@@H](O[C@@H]2O[C@H](C)[C@@H](OC(=O)c3ccccc3NCC(=O)C(O)C(O)COP(=O)(O)O)[C@H](N(C)C)[C@H]2O)[C@@H](CCN2C[C@H](C)C[C@H](C)C2)C[C@@H](C)C(=O)/C=C/C(C)=C/[C@@H]1CO[C@@H]1O[C@H](C)[C@@H](O)[C@@H](OC)[C@H]1OC,CC[C@H]1OC(=O)C[C@@H](O)[C@H](C)[C@@H](O[C@@H]2O[C@H](C)[C@@H](OC(=O)c3ccccc3NCC(=O)C(O)C(O)COP(=O)(O)O)[C@H](N(C)C)[C@H]2O)[C@@H](CCN2C[C@H](C)C[C@H](C)C2)C[C@@H](C)C(=O)/C=C/C(C)=C/[C@@H]1CO[C@@H]1O[C@H](C)[C@@H](O)[C@@H](OC)[C@H]1OC,TRUE,,0.087
tilmicosin,Tilmicosin (ÌæÃ×¿¼ÐÇ),REF_TILMICOSIN,repository_reference,O20_attached_to_C15,20,15,C,MPM00768,Malonate semialdehyde,O=CCC(=O)O,1,CC[C@H]1OC(=O)C[C@@H](OC(=O)CC=O)[C@H](C)[C@@H](O[C@@H]2O[C@H](C)[C@@H](O)[C@H](N(C)C)[C@H]2O)[C@@H](CCN2C[C@H](C)C[C@H](C)C2)C[C@@H](C)C(=O)/C=C/C(C)=C/[C@@H]1CO[C@@H]1O[C@H](C)[C@@H](O)[C@@H](OC)[C@H]1OC,CC[C@H]1OC(=O)C[C@@H](OC(=O)CC=O)[C@H](C)[C@@H](O[C@@H]2O[C@H](C)[C@@H](O)[C@H](N(C)C)[C@H]2O)[C@@H](CCN2C[C@H](C)C[C@H](C)C2)C[C@@H](C)C(=O)/C=C/C(C)=C/[C@@H]1CO[C@@H]1O[C@H](C)[C@@H](O)[C@@H](OC)[C@H]1OC,TRUE,,0.086
tilmicosin,Tilmicosin (ÌæÃ×¿¼ÐÇ),REF_TILMICOSIN,repository_reference,O56_attached_to_C52,56,52,C,MPM00813,n-Caproic acid,CCCCCC(=O)O,1,CCCCCC(=O)O[C@H]1[C@@H](OC)[C@@H](OC)[C@H](OC[C@H]2/C=C(C)/C=C/C(=O)[C@H](C)C[C@H](CCN3C[C@H](C)C[C@H](C)C3)[C@H](O[C@@H]3O[C@H](C)[C@@H](O)[C@H](N(C)C)[C@H]3O)[C@@H](C)[C@H](O)CC(=O)O[C@@H]2CC)O[C@@H]1C,CCCCCC(=O)O[C@H]1[C@@H](OC)[C@@H](OC)[C@H](OC[C@H]2/C=C(C)/C=C/C(=O)[C@H](C)C[C@H](CCN3C[C@H](C)C[C@H](C)C3)[C@H](O[C@@H]3O[C@H](C)[C@@H](O)[C@H](N(C)C)[C@H]3O)[C@@H](C)[C@H](O)CC(=O)O[C@@H]2CC)O[C@@H]1C,TRUE,,0.085
tilmicosin,Tilmicosin (ÌæÃ×¿¼ÐÇ),REF_TILMICOSIN,repository_reference,O56_attached_to_C52,56,52,C,MPM00324,3-Phosphoglycerate,O=C(O)C(O)COP(=O)(O)O,1,CC[C@H]1OC(=O)C[C@@H](O)[C@H](C)[C@@H](O[C@@H]2O[C@H](C)[C@@H](O)[C@H](N(C)C)[C@H]2O)[C@@H](CCN2C[C@H](C)C[C@H](C)C2)C[C@@H](C)C(=O)/C=C/C(C)=C/[C@@H]1CO[C@@H]1O[C@H](C)[C@@H](OC(=O)C(O)COP(=O)(O)O)[C@@H](OC)[C@H]1OC,CC[C@H]1OC(=O)C[C@@H](O)[C@H](C)[C@@H](O[C@@H]2O[C@H](C)[C@@H](O)[C@H](N(C)C)[C@H]2O)[C@@H](CCN2C[C@H](C)C[C@H](C)C2)C[C@@H](C)C(=O)/C=C/C(C)=C/[C@@H]1CO[C@@H]1O[C@H](C)[C@@H](OC(=O)C(O)COP(=O)(O)O)[C@@H](OC)[C@H]1OC,TRUE,,0.084
tilmicosin,Tilmicosin (ÌæÃ×¿¼ÐÇ),REF_TILMICOSIN,repository_reference,O30_attached_to_C26,30,26,C,MPM00891,Phosphoglycolic acid,O=C(O)COP(=O)(O)O,1,CC[C@H]1OC(=O)C[C@@H](O)[C@H](C)[C@@H](O[C@@H]2O[C@H](C)[C@@H](OC(=O)COP(=O)(O)O)[C@H](N(C)C)[C@H]2O)[C@@H](CCN2C[C@H](C)C[C@H](C)C2)C[C@@H](C)C(=O)/C=C/C(C)=C/[C@@H]1CO[C@@H]1O[C@H](C)[C@@H](O)[C@@H](OC)[C@H]1OC,CC[C@H]1OC(=O)C[C@@H](O)[C@H](C)[C@@H](O[C@@H]2O[C@H](C)[C@@H](OC(=O)COP(=O)(O)O)[C@H](N(C)C)[C@H]2O)[C@@H](CCN2C[C@H](C)C[C@H](C)C2)C[C@@H](C)C(=O)/C=C/C(C)=C/[C@@H]1CO[C@@H]1O[C@H](C)[C@@H](O)[C@@H](OC)[C@H]1OC,TRUE,,0.08
tilmicosin,Tilmicosin (ÌæÃ×¿¼ÐÇ),REF_TILMICOSIN,repository_reference,O30_attached_to_C26,30,26,C,MPM01137,2-Amino-3-methylbutyric acid,CC(C)C(N)C(=O)O,1,CC[C@H]1OC(=O)C[C@@H](O)[C@H](C)[C@@H](O[C@@H]2O[C@H](C)[C@@H](OC(=O)C(N)C(C)C)[C@H](N(C)C)[C@H]2O)[C@@H](CCN2C[C@H](C)C[C@H](C)C2)C[C@@H](C)C(=O)/C=C/C(C)=C/[C@@H]1CO[C@@H]1O[C@H](C)[C@@H](O)[C@@H](OC)[C@H]1OC,CC[C@H]1OC(=O)C[C@@H](O)[C@H](C)[C@@H](O[C@@H]2O[C@H](C)[C@@H](OC(=O)C(N)C(C)C)[C@H](N(C)C)[C@H]2O)[C@@H](CCN2C[C@H](C)C[C@H](C)C2)C[C@@H](C)C(=O)/C=C/C(C)=C/[C@@H]1CO[C@@H]1O[C@H](C)[C@@H](O)[C@@H](OC)[C@H]1OC,TRUE,,0.078
tilmicosin,Tilmicosin (ÌæÃ×¿¼ÐÇ),REF_TILMICOSIN,repository_reference,O34_attached_to_C24,34,24,C,MPM00551,D-beta-Hydroxybutyric acid,CC(O)CC(=O)O,1,CC[C@H]1OC(=O)C[C@@H](O)[C@H](C)[C@@H](O[C@@H]2O[C@H](C)[C@@H](O)[C@H](N(C)C)[C@H]2OC(=O)CC(C)O)[C@@H](CCN2C[C@H](C)C[C@H](C)C2)C[C@@H](C)C(=O)/C=C/C(C)=C/[C@@H]1CO[C@@H]1O[C@H](C)[C@@H](O)[C@@H](OC)[C@H]1OC,CC[C@H]1OC(=O)C[C@@H](O)[C@H](C)[C@@H](O[C@@H]2O[C@H](C)[C@@H](O)[C@H](N(C)C)[C@H]2OC(=O)CC(C)O)[C@@H](CCN2C[C@H](C)C[C@H](C)C2)C[C@@H](C)C(=O)/C=C/C(C)=C/[C@@H]1CO[C@@H]1O[C@H](C)[C@@H](O)[C@@H](OC)[C@H]1OC,TRUE,,0.077
tilmicosin,Tilmicosin (ÌæÃ×¿¼ÐÇ),REF_TILMICOSIN,repository_reference,O34_attached_to_C24,34,24,C,MPM00390,5-Phenylvaleric acid,O=C(O)CCCCc1ccccc1,1,CC[C@H]1OC(=O)C[C@@H](O)[C@H](C)[C@@H](O[C@@H]2O[C@H](C)[C@@H](O)[C@H](N(C)C)[C@H]2OC(=O)CCCCc2ccccc2)[C@@H](CCN2C[C@H](C)C[C@H](C)C2)C[C@@H](C)C(=O)/C=C/C(C)=C/[C@@H]1CO[C@@H]1O[C@H](C)[C@@H](O)[C@@H](OC)[C@H]1OC,CC[C@H]1OC(=O)C[C@@H](O)[C@H](C)[C@@H](O[C@@H]2O[C@H](C)[C@@H](O)[C@H](N(C)C)[C@H]2OC(=O)CCCCc2ccccc2)[C@@H](CCN2C[C@H](C)C[C@H](C)C2)C[C@@H](C)C(=O)/C=C/C(C)=C/[C@@H]1CO[C@@H]1O[C@H](C)[C@@H](O)[C@@H](OC)[C@H]1OC,TRUE,,0.077
tilmicosin,Tilmicosin (ÌæÃ×¿¼ÐÇ),REF_TILMICOSIN,repository_reference,O34_attached_to_C24,34,24,C,MPM00521,cis-4-Hydroxy-D-proline,O=C(O)C1CC(O)CN1,1,CC[C@H]1OC(=O)C[C@@H](O)[C@H](C)[C@@H](O[C@@H]2O[C@H](C)[C@@H](O)[C@H](N(C)C)[C@H]2OC(=O)C2CC(O)CN2)[C@@H](CCN2C[C@H](C)C[C@H](C)C2)C[C@@H](C)C(=O)/C=C/C(C)=C/[C@@H]1CO[C@@H]1O[C@H](C)[C@@H](O)[C@@H](OC)[C@H]1OC,CC[C@H]1OC(=O)C[C@@H](O)[C@H](C)[C@@H](O[C@@H]2O[C@H](C)[C@@H](O)[C@H](N(C)C)[C@H]2OC(=O)C2CC(O)CN2)[C@@H](CCN2C[C@H](C)C[C@H](C)C2)C[C@@H](C)C(=O)/C=C/C(C)=C/[C@@H]1CO[C@@H]1O[C@H](C)[C@@H](O)[C@@H](OC)[C@H]1OC,TRUE,,0.076
tilmicosin,Tilmicosin (ÌæÃ×¿¼ÐÇ),REF_TILMICOSIN,repository_reference,O56_attached_to_C52,56,52,C,MPM01138,2-Amino-3-methylvaleric acid,CCC(C)C(N)C(=O)O,1,CCC(C)C(N)C(=O)O[C@H]1[C@@H](OC)[C@@H](OC)[C@H](OC[C@H]2/C=C(C)/C=C/C(=O)[C@H](C)C[C@H](CCN3C[C@H](C)C[C@H](C)C3)[C@H](O[C@@H]3O[C@H](C)[C@@H](O)[C@H](N(C)C)[C@H]3O)[C@@H](C)[C@H](O)CC(=O)O[C@@H]2CC)O[C@@H]1C,CCC(C)C(N)C(=O)O[C@H]1[C@@H](OC)[C@@H](OC)[C@H](OC[C@H]2/C=C(C)/C=C/C(=O)[C@H](C)C[C@H](CCN3C[C@H](C)C[C@H](C)C3)[C@H](O[C@@H]3O[C@H](C)[C@@H](O)[C@H](N(C)C)[C@H]3O)[C@@H](C)[C@H](O)CC(=O)O[C@@H]2CC)O[C@@H]1C,TRUE,,0.076
tilmicosin,Tilmicosin (ÌæÃ×¿¼ÐÇ),REF_TILMICOSIN,repository_reference,O20_attached_to_C15,20,15,C,MPM00891,Phosphoglycolic acid,O=C(O)COP(=O)(O)O,1,CC[C@H]1OC(=O)C[C@@H](OC(=O)COP(=O)(O)O)[C@H](C)[C@@H](O[C@@H]2O[C@H](C)[C@@H](O)[C@H](N(C)C)[C@H]2O)[C@@H](CCN2C[C@H](C)C[C@H](C)C2)C[C@@H](C)C(=O)/C=C/C(C)=C/[C@@H]1CO[C@@H]1O[C@H](C)[C@@H](O)[C@@H](OC)[C@H]1OC,CC[C@H]1OC(=O)C[C@@H](OC(=O)COP(=O)(O)O)[C@H](C)[C@@H](O[C@@H]2O[C@H](C)[C@@H](O)[C@H](N(C)C)[C@H]2O)[C@@H](CCN2C[C@H](C)C[C@H](C)C2)C[C@@H](C)C(=O)/C=C/C(C)=C/[C@@H]1CO[C@@H]1O[C@H](C)[C@@H](O)[C@@H](OC)[C@H]1OC,TRUE,,0.074
tilmicosin,Tilmicosin (ÌæÃ×¿¼ÐÇ),REF_TILMICOSIN,repository_reference,O20_attached_to_C15,20,15,C,MPM00078,(R)-3-Hydroxy-3-methyl-2-oxopentanoate,CCC(C)(O)C(=O)C(=O)O,1,CC[C@H]1OC(=O)C[C@@H](OC(=O)C(=O)C(C)(O)CC)[C@H](C)[C@@H](O[C@@H]2O[C@H](C)[C@@H](O)[C@H](N(C)C)[C@H]2O)[C@@H](CCN2C[C@H](C)C[C@H](C)C2)C[C@@H](C)C(=O)/C=C/C(C)=C/[C@@H]1CO[C@@H]1O[C@H](C)[C@@H](O)[C@@H](OC)[C@H]1OC,CC[C@H]1OC(=O)C[C@@H](OC(=O)C(=O)C(C)(O)CC)[C@H](C)[C@@H](O[C@@H]2O[C@H](C)[C@@H](O)[C@H](N(C)C)[C@H]2O)[C@@H](CCN2C[C@H](C)C[C@H](C)C2)C[C@@H](C)C(=O)/C=C/C(C)=C/[C@@H]1CO[C@@H]1O[C@H](C)[C@@H](O)[C@@H](OC)[C@H]1OC,TRUE,,0.073
tilmicosin,Tilmicosin (ÌæÃ×¿¼ÐÇ),REF_TILMICOSIN,repository_reference,O34_attached_to_C24,34,24,C,MPM01476,L-Glutamate gamma-semialdehyde,NC(CCC=O)C(=O)O,1,CC[C@H]1OC(=O)C[C@@H](O)[C@H](C)[C@@H](O[C@@H]2O[C@H](C)[C@@H](O)[C@H](N(C)C)[C@H]2OC(=O)C(N)CCC=O)[C@@H](CCN2C[C@H](C)C[C@H](C)C2)C[C@@H](C)C(=O)/C=C/C(C)=C/[C@@H]1CO[C@@H]1O[C@H](C)[C@@H](O)[C@@H](OC)[C@H]1OC,CC[C@H]1OC(=O)C[C@@H](O)[C@H](C)[C@@H](O[C@@H]2O[C@H](C)[C@@H](O)[C@H](N(C)C)[C@H]2OC(=O)C(N)CCC=O)[C@@H](CCN2C[C@H](C)C[C@H](C)C2)C[C@@H](C)C(=O)/C=C/C(C)=C/[C@@H]1CO[C@@H]1O[C@H](C)[C@@H](O)[C@@H](OC)[C@H]1OC,TRUE,,0.073
tilmicosin,Tilmicosin (ÌæÃ×¿¼ÐÇ),REF_TILMICOSIN,repository_reference,O30_attached_to_C26,30,26,C,MPM00078,(R)-3-Hydroxy-3-methyl-2-oxopentanoate,CCC(C)(O)C(=O)C(=O)O,1,CC[C@H]1OC(=O)C[C@@H](O)[C@H](C)[C@@H](O[C@@H]2O[C@H](C)[C@@H](OC(=O)C(=O)C(C)(O)CC)[C@H](N(C)C)[C@H]2O)[C@@H](CCN2C[C@H](C)C[C@H](C)C2)C[C@@H](C)C(=O)/C=C/C(C)=C/[C@@H]1CO[C@@H]1O[C@H](C)[C@@H](O)[C@@H](OC)[C@H]1OC,CC[C@H]1OC(=O)C[C@@H](O)[C@H](C)[C@@H](O[C@@H]2O[C@H](C)[C@@H](OC(=O)C(=O)C(C)(O)CC)[C@H](N(C)C)[C@H]2O)[C@@H](CCN2C[C@H](C)C[C@H](C)C2)C[C@@H](C)C(=O)/C=C/C(C)=C/[C@@H]1CO[C@@H]1O[C@H](C)[C@@H](O)[C@@H](OC)[C@H]1OC,TRUE,,0.072
tilmicosin,Tilmicosin (ÌæÃ×¿¼ÐÇ),REF_TILMICOSIN,repository_reference,O56_attached_to_C52,56,52,C,MPM00895,Phosphonotyrosine,NC(Cc1ccc(OP(=O)(O)O)cc1)C(=O)O,1,CC[C@H]1OC(=O)C[C@@H](O)[C@H](C)[C@@H](O[C@@H]2O[C@H](C)[C@@H](O)[C@H](N(C)C)[C@H]2O)[C@@H](CCN2C[C@H](C)C[C@H](C)C2)C[C@@H](C)C(=O)/C=C/C(C)=C/[C@@H]1CO[C@@H]1O[C@H](C)[C@@H](OC(=O)C(N)Cc2ccc(OP(=O)(O)O)cc2)[C@@H](OC)[C@H]1OC,CC[C@H]1OC(=O)C[C@@H](O)[C@H](C)[C@@H](O[C@@H]2O[C@H](C)[C@@H](O)[C@H](N(C)C)[C@H]2O)[C@@H](CCN2C[C@H](C)C[C@H](C)C2)C[C@@H](C)C(=O)/C=C/C(C)=C/[C@@H]1CO[C@@H]1O[C@H](C)[C@@H](OC(=O)C(N)Cc2ccc(OP(=O)(O)O)cc2)[C@@H](OC)[C@H]1OC,TRUE,,0.072
tilmicosin,Tilmicosin (ÌæÃ×¿¼ÐÇ),REF_TILMICOSIN,repository_reference,O34_attached_to_C24,34,24,C,MPM01055,(2S)-alpha-Leucine,CC(C)CC(N)C(=O)O,1,CC[C@H]1OC(=O)C[C@@H](O)[C@H](C)[C@@H](O[C@@H]2O[C@H](C)[C@@H](O)[C@H](N(C)C)[C@H]2OC(=O)C(N)CC(C)C)[C@@H](CCN2C[C@H](C)C[C@H](C)C2)C[C@@H](C)C(=O)/C=C/C(C)=C/[C@@H]1CO[C@@H]1O[C@H](C)[C@@H](O)[C@@H](OC)[C@H]1OC,CC[C@H]1OC(=O)C[C@@H](O)[C@H](C)[C@@H](O[C@@H]2O[C@H](C)[C@@H](O)[C@H](N(C)C)[C@H]2OC(=O)C(N)CC(C)C)[C@@H](CCN2C[C@H](C)C[C@H](C)C2)C[C@@H](C)C(=O)/C=C/C(C)=C/[C@@H]1CO[C@@H]1O[C@H](C)[C@@H](O)[C@@H](OC)[C@H]1OC,TRUE,,0.071
tilmicosin,Tilmicosin (ÌæÃ×¿¼ÐÇ),REF_TILMICOSIN,repository_reference,O56_attached_to_C52,56,52,C,MPM00363,4-Phosphooxy-L-threonine,NC(C(=O)O)C(O)COP(=O)(O)O,1,CC[C@H]1OC(=O)C[C@@H](O)[C@H](C)[C@@H](O[C@@H]2O[C@H](C)[C@@H](O)[C@H](N(C)C)[C@H]2O)[C@@H](CCN2C[C@H](C)C[C@H](C)C2)C[C@@H](C)C(=O)/C=C/C(C)=C/[C@@H]1CO[C@@H]1O[C@H](C)[C@@H](OC(=O)C(N)C(O)COP(=O)(O)O)[C@@H](OC)[C@H]1OC,CC[C@H]1OC(=O)C[C@@H](O)[C@H](C)[C@@H](O[C@@H]2O[C@H](C)[C@@H](O)[C@H](N(C)C)[C@H]2O)[C@@H](CCN2C[C@H](C)C[C@H](C)C2)C[C@@H](C)C(=O)/C=C/C(C)=C/[C@@H]1CO[C@@H]1O[C@H](C)[C@@H](OC(=O)C(N)C(O)COP(=O)(O)O)[C@@H](OC)[C@H]1OC,TRUE,,0.071
tilmicosin,Tilmicosin (ÌæÃ×¿¼ÐÇ),REF_TILMICOSIN,repository_reference,O34_attached_to_C24,34,24,C,MPM00815,N-Carbamoyl-beta-alanine,NC(=O)NCCC(=O)O,1,CC[C@H]1OC(=O)C[C@@H](O)[C@H](C)[C@@H](O[C@@H]2O[C@H](C)[C@@H](O)[C@H](N(C)C)[C@H]2OC(=O)CCNC(N)=O)[C@@H](CCN2C[C@H](C)C[C@H](C)C2)C[C@@H](C)C(=O)/C=C/C(C)=C/[C@@H]1CO[C@@H]1O[C@H](C)[C@@H](O)[C@@H](OC)[C@H]1OC,CC[C@H]1OC(=O)C[C@@H](O)[C@H](C)[C@@H](O[C@@H]2O[C@H](C)[C@@H](O)[C@H](N(C)C)[C@H]2OC(=O)CCNC(N)=O)[C@@H](CCN2C[C@H](C)C[C@H](C)C2)C[C@@H](C)C(=O)/C=C/C(C)=C/[C@@H]1CO[C@@H]1O[C@H](C)[C@@H](O)[C@@H](OC)[C@H]1OC,TRUE,,0.069
tilmicosin,Tilmicosin (ÌæÃ×¿¼ÐÇ),REF_TILMICOSIN,repository_reference,O20_attached_to_C15,20,15,C,MPM01137,2-Amino-3-methylbutyric acid,CC(C)C(N)C(=O)O,1,CC[C@H]1OC(=O)C[C@@H](OC(=O)C(N)C(C)C)[C@H](C)[C@@H](O[C@@H]2O[C@H](C)[C@@H](O)[C@H](N(C)C)[C@H]2O)[C@@H](CCN2C[C@H](C)C[C@H](C)C2)C[C@@H](C)C(=O)/C=C/C(C)=C/[C@@H]1CO[C@@H]1O[C@H](C)[C@@H](O)[C@@H](OC)[C@H]1OC,CC[C@H]1OC(=O)C[C@@H](OC(=O)C(N)C(C)C)[C@H](C)[C@@H](O[C@@H]2O[C@H](C)[C@@H](O)[C@H](N(C)C)[C@H]2O)[C@@H](CCN2C[C@H](C)C[C@H](C)C2)C[C@@H](C)C(=O)/C=C/C(C)=C/[C@@H]1CO[C@@H]1O[C@H](C)[C@@H](O)[C@@H](OC)[C@H]1OC,TRUE,,0.068
tilmicosin,Tilmicosin (ÌæÃ×¿¼ÐÇ),REF_TILMICOSIN,repository_reference,O30_attached_to_C26,30,26,C,MPM01482,L-Methionine (R)-S-oxide,CS(=O)CCC(N)C(=O)O,1,CC[C@H]1OC(=O)C[C@@H](O)[C@H](C)[C@@H](O[C@@H]2O[C@H](C)[C@@H](OC(=O)C(N)CCS(C)=O)[C@H](N(C)C)[C@H]2O)[C@@H](CCN2C[C@H](C)C[C@H](C)C2)C[C@@H](C)C(=O)/C=C/C(C)=C/[C@@H]1CO[C@@H]1O[C@H](C)[C@@H](O)[C@@H](OC)[C@H]1OC,CC[C@H]1OC(=O)C[C@@H](O)[C@H](C)[C@@H](O[C@@H]2O[C@H](C)[C@@H](OC(=O)C(N)CCS(C)=O)[C@H](N(C)C)[C@H]2O)[C@@H](CCN2C[C@H](C)C[C@H](C)C2)C[C@@H](C)C(=O)/C=C/C(C)=C/[C@@H]1CO[C@@H]1O[C@H](C)[C@@H](O)[C@@H](OC)[C@H]1OC,TRUE,,0.067
tilmicosin,Tilmicosin (ÌæÃ×¿¼ÐÇ),REF_TILMICOSIN,repository_reference,O30_attached_to_C26,30,26,C,MPM01471,L-Aspartic 4-semialdehyde,NC(CC=O)C(=O)O,1,CC[C@H]1OC(=O)C[C@@H](O)[C@H](C)[C@@H](O[C@@H]2O[C@H](C)[C@@H](OC(=O)C(N)CC=O)[C@H](N(C)C)[C@H]2O)[C@@H](CCN2C[C@H](C)C[C@H](C)C2)C[C@@H](C)C(=O)/C=C/C(C)=C/[C@@H]1CO[C@@H]1O[C@H](C)[C@@H](O)[C@@H](OC)[C@H]1OC,CC[C@H]1OC(=O)C[C@@H](O)[C@H](C)[C@@H](O[C@@H]2O[C@H](C)[C@@H](OC(=O)C(N)CC=O)[C@H](N(C)C)[C@H]2O)[C@@H](CCN2C[C@H](C)C[C@H](C)C2)C[C@@H](C)C(=O)/C=C/C(C)=C/[C@@H]1CO[C@@H]1O[C@H](C)[C@@H](O)[C@@H](OC)[C@H]1OC,TRUE,,0.067
tilmicosin,Tilmicosin (ÌæÃ×¿¼ÐÇ),REF_TILMICOSIN,repository_reference,O56_attached_to_C52,56,52,C,MPM00406,"7,8-Dihydropteroate",Nc1nc2c(c(=O)[nH]1)N=C(CNc1ccc(C(=O)O)cc1)CN2,1,CC[C@H]1OC(=O)C[C@@H](O)[C@H](C)[C@@H](O[C@@H]2O[C@H](C)[C@@H](O)[C@H](N(C)C)[C@H]2O)[C@@H](CCN2C[C@H](C)C[C@H](C)C2)C[C@@H](C)C(=O)/C=C/C(C)=C/[C@@H]1CO[C@@H]1O[C@H](C)[C@@H](OC(=O)c2ccc(NCC3=Nc4c(nc(N)[nH]c4=O)NC3)cc2)[C@@H](OC)[C@H]1OC,CC[C@H]1OC(=O)C[C@@H](O)[C@H](C)[C@@H](O[C@@H]2O[C@H](C)[C@@H](O)[C@H](N(C)C)[C@H]2O)[C@@H](CCN2C[C@H](C)C[C@H](C)C2)C[C@@H](C)C(=O)/C=C/C(C)=C/[C@@H]1CO[C@@H]1O[C@H](C)[C@@H](OC(=O)c2ccc(NCC3=Nc4c(nc(N)[nH]c4=O)NC3)cc2)[C@@H](OC)[C@H]1OC,TRUE,,0.066
tilmicosin,Tilmicosin (ÌæÃ×¿¼ÐÇ),REF_TILMICOSIN,repository_reference,O20_attached_to_C15,20,15,C,MPM01482,L-Methionine (R)-S-oxide,CS(=O)CCC(N)C(=O)O,1,CC[C@H]1OC(=O)C[C@@H](OC(=O)C(N)CCS(C)=O)[C@H](C)[C@@H](O[C@@H]2O[C@H](C)[C@@H](O)[C@H](N(C)C)[C@H]2O)[C@@H](CCN2C[C@H](C)C[C@H](C)C2)C[C@@H](C)C(=O)/C=C/C(C)=C/[C@@H]1CO[C@@H]1O[C@H](C)[C@@H](O)[C@@H](OC)[C@H]1OC,CC[C@H]1OC(=O)C[C@@H](OC(=O)C(N)CCS(C)=O)[C@H](C)[C@@H](O[C@@H]2O[C@H](C)[C@@H](O)[C@H](N(C)C)[C@H]2O)[C@@H](CCN2C[C@H](C)C[C@H](C)C2)C[C@@H](C)C(=O)/C=C/C(C)=C/[C@@H]1CO[C@@H]1O[C@H](C)[C@@H](O)[C@@H](OC)[C@H]1OC,TRUE,,0.063
tilmicosin,Tilmicosin (ÌæÃ×¿¼ÐÇ),REF_TILMICOSIN,repository_reference,O34_attached_to_C24,34,24,C,MPM00283,3-Dehydroshikimate,O=C(O)C1=CC(=O)C(O)C(O)C1,1,CC[C@H]1OC(=O)C[C@@H](O)[C@H](C)[C@@H](O[C@@H]2O[C@H](C)[C@@H](O)[C@H](N(C)C)[C@H]2OC(=O)C2=CC(=O)C(O)C(O)C2)[C@@H](CCN2C[C@H](C)C[C@H](C)C2)C[C@@H](C)C(=O)/C=C/C(C)=C/[C@@H]1CO[C@@H]1O[C@H](C)[C@@H](O)[C@@H](OC)[C@H]1OC,CC[C@H]1OC(=O)C[C@@H](O)[C@H](C)[C@@H](O[C@@H]2O[C@H](C)[C@@H](O)[C@H](N(C)C)[C@H]2OC(=O)C2=CC(=O)C(O)C(O)C2)[C@@H](CCN2C[C@H](C)C[C@H](C)C2)C[C@@H](C)C(=O)/C=C/C(C)=C/[C@@H]1CO[C@@H]1O[C@H](C)[C@@H](O)[C@@H](OC)[C@H]1OC,TRUE,,0.062
tilmicosin,Tilmicosin (ÌæÃ×¿¼ÐÇ),REF_TILMICOSIN,repository_reference,O20_attached_to_C15,20,15,C,MPM00050,(3S)-3-Methyl-2-oxopentanoate,CCC(C)C(=O)C(=O)O,1,CCC(C)C(=O)C(=O)O[C@@H]1CC(=O)O[C@H](CC)[C@@H](CO[C@@H]2O[C@H](C)[C@@H](O)[C@@H](OC)[C@H]2OC)/C=C(C)/C=C/C(=O)[C@H](C)C[C@H](CCN2C[C@H](C)C[C@H](C)C2)[C@H](O[C@@H]2O[C@H](C)[C@@H](O)[C@H](N(C)C)[C@H]2O)[C@H]1C,CCC(C)C(=O)C(=O)O[C@@H]1CC(=O)O[C@H](CC)[C@@H](CO[C@@H]2O[C@H](C)[C@@H](O)[C@@H](OC)[C@H]2OC)/C=C(C)/C=C/C(=O)[C@H](C)C[C@H](CCN2C[C@H](C)C[C@H](C)C2)[C@H](O[C@@H]2O[C@H](C)[C@@H](O)[C@H](N(C)C)[C@H]2O)[C@H]1C,TRUE,,0.06
tilmicosin,Tilmicosin (ÌæÃ×¿¼ÐÇ),REF_TILMICOSIN,repository_reference,O20_attached_to_C15,20,15,C,MPM01471,L-Aspartic 4-semialdehyde,NC(CC=O)C(=O)O,1,CC[C@H]1OC(=O)C[C@@H](OC(=O)C(N)CC=O)[C@H](C)[C@@H](O[C@@H]2O[C@H](C)[C@@H](O)[C@H](N(C)C)[C@H]2O)[C@@H](CCN2C[C@H](C)C[C@H](C)C2)C[C@@H](C)C(=O)/C=C/C(C)=C/[C@@H]1CO[C@@H]1O[C@H](C)[C@@H](O)[C@@H](OC)[C@H]1OC,CC[C@H]1OC(=O)C[C@@H](OC(=O)C(N)CC=O)[C@H](C)[C@@H](O[C@@H]2O[C@H](C)[C@@H](O)[C@H](N(C)C)[C@H]2O)[C@@H](CCN2C[C@H](C)C[C@H](C)C2)C[C@@H](C)C(=O)/C=C/C(C)=C/[C@@H]1CO[C@@H]1O[C@H](C)[C@@H](O)[C@@H](OC)[C@H]1OC,TRUE,,0.06
tilmicosin,Tilmicosin (ÌæÃ×¿¼ÐÇ),REF_TILMICOSIN,repository_reference,O30_attached_to_C26,30,26,C,MPM00419,Acetoacetic acid,CC(=O)CC(=O)O,1,CC[C@H]1OC(=O)C[C@@H](O)[C@H](C)[C@@H](O[C@@H]2O[C@H](C)[C@@H](OC(=O)CC(C)=O)[C@H](N(C)C)[C@H]2O)[C@@H](CCN2C[C@H](C)C[C@H](C)C2)C[C@@H](C)C(=O)/C=C/C(C)=C/[C@@H]1CO[C@@H]1O[C@H](C)[C@@H](O)[C@@H](OC)[C@H]1OC,CC[C@H]1OC(=O)C[C@@H](O)[C@H](C)[C@@H](O[C@@H]2O[C@H](C)[C@@H](OC(=O)CC(C)=O)[C@H](N(C)C)[C@H]2O)[C@@H](CCN2C[C@H](C)C[C@H](C)C2)C[C@@H](C)C(=O)/C=C/C(C)=C/[C@@H]1CO[C@@H]1O[C@H](C)[C@@H](O)[C@@H](OC)[C@H]1OC,TRUE,,0.06
tilmicosin,Tilmicosin (ÌæÃ×¿¼ÐÇ),REF_TILMICOSIN,repository_reference,O30_attached_to_C26,30,26,C,MPM00050,(3S)-3-Methyl-2-oxopentanoate,CCC(C)C(=O)C(=O)O,1,CCC(C)C(=O)C(=O)O[C@H]1[C@H](N(C)C)[C@@H](O)[C@H](O[C@H]2[C@@H](CCN3C[C@H](C)C[C@H](C)C3)C[C@@H](C)C(=O)/C=C/C(C)=C/[C@H](CO[C@@H]3O[C@H](C)[C@@H](O)[C@@H](OC)[C@H]3OC)[C@@H](CC)OC(=O)C[C@@H](O)[C@@H]2C)O[C@@H]1C,CCC(C)C(=O)C(=O)O[C@H]1[C@H](N(C)C)[C@@H](O)[C@H](O[C@H]2[C@@H](CCN3C[C@H](C)C[C@H](C)C3)C[C@@H](C)C(=O)/C=C/C(C)=C/[C@H](CO[C@@H]3O[C@H](C)[C@@H](O)[C@@H](OC)[C@H]3OC)[C@@H](CC)OC(=O)C[C@@H](O)[C@@H]2C)O[C@@H]1C,TRUE,,0.06
tilmicosin,Tilmicosin (ÌæÃ×¿¼ÐÇ),REF_TILMICOSIN,repository_reference,O34_attached_to_C24,34,24,C,MPM01475,L-Glutamate 1-semialdehyde,NC(C=O)CCC(=O)O,1,CC[C@H]1OC(=O)C[C@@H](O)[C@H](C)[C@@H](O[C@@H]2O[C@H](C)[C@@H](O)[C@H](N(C)C)[C@H]2OC(=O)CCC(N)C=O)[C@@H](CCN2C[C@H](C)C[C@H](C)C2)C[C@@H](C)C(=O)/C=C/C(C)=C/[C@@H]1CO[C@@H]1O[C@H](C)[C@@H](O)[C@@H](OC)[C@H]1OC,CC[C@H]1OC(=O)C[C@@H](O)[C@H](C)[C@@H](O[C@@H]2O[C@H](C)[C@@H](O)[C@H](N(C)C)[C@H]2OC(=O)CCC(N)C=O)[C@@H](CCN2C[C@H](C)C[C@H](C)C2)C[C@@H](C)C(=O)/C=C/C(C)=C/[C@@H]1CO[C@@H]1O[C@H](C)[C@@H](O)[C@@H](OC)[C@H]1OC,TRUE,,0.057
tilmicosin,Tilmicosin (ÌæÃ×¿¼ÐÇ),REF_TILMICOSIN,repository_reference,O30_attached_to_C26,30,26,C,MPM00716,Isobutyrate,CC(C)C(=O)O,1,CC[C@H]1OC(=O)C[C@@H](O)[C@H](C)[C@@H](O[C@@H]2O[C@H](C)[C@@H](OC(=O)C(C)C)[C@H](N(C)C)[C@H]2O)[C@@H](CCN2C[C@H](C)C[C@H](C)C2)C[C@@H](C)C(=O)/C=C/C(C)=C/[C@@H]1CO[C@@H]1O[C@H](C)[C@@H](O)[C@@H](OC)[C@H]1OC,CC[C@H]1OC(=O)C[C@@H](O)[C@H](C)[C@@H](O[C@@H]2O[C@H](C)[C@@H](OC(=O)C(C)C)[C@H](N(C)C)[C@H]2O)[C@@H](CCN2C[C@H](C)C[C@H](C)C2)C[C@@H](C)C(=O)/C=C/C(C)=C/[C@@H]1CO[C@@H]1O[C@H](C)[C@@H](O)[C@@H](OC)[C@H]1OC,TRUE,,0.055
tilmicosin,Tilmicosin (ÌæÃ×¿¼ÐÇ),REF_TILMICOSIN,repository_reference,O56_attached_to_C52,56,52,C,MPM00551,D-beta-Hydroxybutyric acid,CC(O)CC(=O)O,1,CC[C@H]1OC(=O)C[C@@H](O)[C@H](C)[C@@H](O[C@@H]2O[C@H](C)[C@@H](O)[C@H](N(C)C)[C@H]2O)[C@@H](CCN2C[C@H](C)C[C@H](C)C2)C[C@@H](C)C(=O)/C=C/C(C)=C/[C@@H]1CO[C@@H]1O[C@H](C)[C@@H](OC(=O)CC(C)O)[C@@H](OC)[C@H]1OC,CC[C@H]1OC(=O)C[C@@H](O)[C@H](C)[C@@H](O[C@@H]2O[C@H](C)[C@@H](O)[C@H](N(C)C)[C@H]2O)[C@@H](CCN2C[C@H](C)C[C@H](C)C2)C[C@@H](C)C(=O)/C=C/C(C)=C/[C@@H]1CO[C@@H]1O[C@H](C)[C@@H](OC(=O)CC(C)O)[C@@H](OC)[C@H]1OC,TRUE,,0.054
tilmicosin,Tilmicosin (ÌæÃ×¿¼ÐÇ),REF_TILMICOSIN,repository_reference,O56_attached_to_C52,56,52,C,MPM00521,cis-4-Hydroxy-D-proline,O=C(O)C1CC(O)CN1,1,CC[C@H]1OC(=O)C[C@@H](O)[C@H](C)[C@@H](O[C@@H]2O[C@H](C)[C@@H](O)[C@H](N(C)C)[C@H]2O)[C@@H](CCN2C[C@H](C)C[C@H](C)C2)C[C@@H](C)C(=O)/C=C/C(C)=C/[C@@H]1CO[C@@H]1O[C@H](C)[C@@H](OC(=O)C2CC(O)CN2)[C@@H](OC)[C@H]1OC,CC[C@H]1OC(=O)C[C@@H](O)[C@H](C)[C@@H](O[C@@H]2O[C@H](C)[C@@H](O)[C@H](N(C)C)[C@H]2O)[C@@H](CCN2C[C@H](C)C[C@H](C)C2)C[C@@H](C)C(=O)/C=C/C(C)=C/[C@@H]1CO[C@@H]1O[C@H](C)[C@@H](OC(=O)C2CC(O)CN2)[C@@H](OC)[C@H]1OC,TRUE,,0.054
tilmicosin,Tilmicosin (ÌæÃ×¿¼ÐÇ),REF_TILMICOSIN,repository_reference,O56_attached_to_C52,56,52,C,MPM00390,5-Phenylvaleric acid,O=C(O)CCCCc1ccccc1,1,CC[C@H]1OC(=O)C[C@@H](O)[C@H](C)[C@@H](O[C@@H]2O[C@H](C)[C@@H](O)[C@H](N(C)C)[C@H]2O)[C@@H](CCN2C[C@H](C)C[C@H](C)C2)C[C@@H](C)C(=O)/C=C/C(C)=C/[C@@H]1CO[C@@H]1O[C@H](C)[C@@H](OC(=O)CCCCc2ccccc2)[C@@H](OC)[C@H]1OC,CC[C@H]1OC(=O)C[C@@H](O)[C@H](C)[C@@H](O[C@@H]2O[C@H](C)[C@@H](O)[C@H](N(C)C)[C@H]2O)[C@@H](CCN2C[C@H](C)C[C@H](C)C2)C[C@@H](C)C(=O)/C=C/C(C)=C/[C@@H]1CO[C@@H]1O[C@H](C)[C@@H](OC(=O)CCCCc2ccccc2)[C@@H](OC)[C@H]1OC,TRUE,,0.054
tilmicosin,Tilmicosin (ÌæÃ×¿¼ÐÇ),REF_TILMICOSIN,repository_reference,O20_attached_to_C15,20,15,C,MPM00419,Acetoacetic acid,CC(=O)CC(=O)O,1,CC[C@H]1OC(=O)C[C@@H](OC(=O)CC(C)=O)[C@H](C)[C@@H](O[C@@H]2O[C@H](C)[C@@H](O)[C@H](N(C)C)[C@H]2O)[C@@H](CCN2C[C@H](C)C[C@H](C)C2)C[C@@H](C)C(=O)/C=C/C(C)=C/[C@@H]1CO[C@@H]1O[C@H](C)[C@@H](O)[C@@H](OC)[C@H]1OC,CC[C@H]1OC(=O)C[C@@H](OC(=O)CC(C)=O)[C@H](C)[C@@H](O[C@@H]2O[C@H](C)[C@@H](O)[C@H](N(C)C)[C@H]2O)[C@@H](CCN2C[C@H](C)C[C@H](C)C2)C[C@@H](C)C(=O)/C=C/C(C)=C/[C@@H]1CO[C@@H]1O[C@H](C)[C@@H](O)[C@@H](OC)[C@H]1OC,TRUE,,0.05
tilmicosin,Tilmicosin (ÌæÃ×¿¼ÐÇ),REF_TILMICOSIN,repository_reference,O56_attached_to_C52,56,52,C,MPM01476,L-Glutamate gamma-semialdehyde,NC(CCC=O)C(=O)O,1,CC[C@H]1OC(=O)C[C@@H](O)[C@H](C)[C@@H](O[C@@H]2O[C@H](C)[C@@H](O)[C@H](N(C)C)[C@H]2O)[C@@H](CCN2C[C@H](C)C[C@H](C)C2)C[C@@H](C)C(=O)/C=C/C(C)=C/[C@@H]1CO[C@@H]1O[C@H](C)[C@@H](OC(=O)C(N)CCC=O)[C@@H](OC)[C@H]1OC,CC[C@H]1OC(=O)C[C@@H](O)[C@H](C)[C@@H](O[C@@H]2O[C@H](C)[C@@H](O)[C@H](N(C)C)[C@H]2O)[C@@H](CCN2C[C@H](C)C[C@H](C)C2)C[C@@H](C)C(=O)/C=C/C(C)=C/[C@@H]1CO[C@@H]1O[C@H](C)[C@@H](OC(=O)C(N)CCC=O)[C@@H](OC)[C@H]1OC,TRUE,,0.05
tilmicosin,Tilmicosin (ÌæÃ×¿¼ÐÇ),REF_TILMICOSIN,repository_reference,O20_attached_to_C15,20,15,C,MPM00667,glycerol 1-phosphoserine(1-),NC(COP(=O)(O)OCC(O)CO)C(=O)O,1,CC[C@H]1OC(=O)C[C@@H](OC(=O)C(N)COP(=O)(O)OCC(O)CO)[C@H](C)[C@@H](O[C@@H]2O[C@H](C)[C@@H](O)[C@H](N(C)C)[C@H]2O)[C@@H](CCN2C[C@H](C)C[C@H](C)C2)C[C@@H](C)C(=O)/C=C/C(C)=C/[C@@H]1CO[C@@H]1O[C@H](C)[C@@H](O)[C@@H](OC)[C@H]1OC,CC[C@H]1OC(=O)C[C@@H](OC(=O)C(N)COP(=O)(O)OCC(O)CO)[C@H](C)[C@@H](O[C@@H]2O[C@H](C)[C@@H](O)[C@H](N(C)C)[C@H]2O)[C@@H](CCN2C[C@H](C)C[C@H](C)C2)C[C@@H](C)C(=O)/C=C/C(C)=C/[C@@H]1CO[C@@H]1O[C@H](C)[C@@H](O)[C@@H](OC)[C@H]1OC,TRUE,,0.049
tilmicosin,Tilmicosin (ÌæÃ×¿¼ÐÇ),REF_TILMICOSIN,repository_reference,O56_attached_to_C52,56,52,C,MPM01055,(2S)-alpha-Leucine,CC(C)CC(N)C(=O)O,1,CC[C@H]1OC(=O)C[C@@H](O)[C@H](C)[C@@H](O[C@@H]2O[C@H](C)[C@@H](O)[C@H](N(C)C)[C@H]2O)[C@@H](CCN2C[C@H](C)C[C@H](C)C2)C[C@@H](C)C(=O)/C=C/C(C)=C/[C@@H]1CO[C@@H]1O[C@H](C)[C@@H](OC(=O)C(N)CC(C)C)[C@@H](OC)[C@H]1OC,CC[C@H]1OC(=O)C[C@@H](O)[C@H](C)[C@@H](O[C@@H]2O[C@H](C)[C@@H](O)[C@H](N(C)C)[C@H]2O)[C@@H](CCN2C[C@H](C)C[C@H](C)C2)C[C@@H](C)C(=O)/C=C/C(C)=C/[C@@H]1CO[C@@H]1O[C@H](C)[C@@H](OC(=O)C(N)CC(C)C)[C@@H](OC)[C@H]1OC,TRUE,,0.049
tilmicosin,Tilmicosin (ÌæÃ×¿¼ÐÇ),REF_TILMICOSIN,repository_reference,O30_attached_to_C26,30,26,C,MPM00667,glycerol 1-phosphoserine(1-),NC(COP(=O)(O)OCC(O)CO)C(=O)O,1,CC[C@H]1OC(=O)C[C@@H](O)[C@H](C)[C@@H](O[C@@H]2O[C@H](C)[C@@H](OC(=O)C(N)COP(=O)(O)OCC(O)CO)[C@H](N(C)C)[C@H]2O)[C@@H](CCN2C[C@H](C)C[C@H](C)C2)C[C@@H](C)C(=O)/C=C/C(C)=C/[C@@H]1CO[C@@H]1O[C@H](C)[C@@H](O)[C@@H](OC)[C@H]1OC,CC[C@H]1OC(=O)C[C@@H](O)[C@H](C)[C@@H](O[C@@H]2O[C@H](C)[C@@H](OC(=O)C(N)COP(=O)(O)OCC(O)CO)[C@H](N(C)C)[C@H]2O)[C@@H](CCN2C[C@H](C)C[C@H](C)C2)C[C@@H](C)C(=O)/C=C/C(C)=C/[C@@H]1CO[C@@H]1O[C@H](C)[C@@H](O)[C@@H](OC)[C@H]1OC,TRUE,,0.046
tilmicosin,Tilmicosin (ÌæÃ×¿¼ÐÇ),REF_TILMICOSIN,repository_reference,O56_attached_to_C52,56,52,C,MPM00815,N-Carbamoyl-beta-alanine,NC(=O)NCCC(=O)O,1,CC[C@H]1OC(=O)C[C@@H](O)[C@H](C)[C@@H](O[C@@H]2O[C@H](C)[C@@H](O)[C@H](N(C)C)[C@H]2O)[C@@H](CCN2C[C@H](C)C[C@H](C)C2)C[C@@H](C)C(=O)/C=C/C(C)=C/[C@@H]1CO[C@@H]1O[C@H](C)[C@@H](OC(=O)CCNC(N)=O)[C@@H](OC)[C@H]1OC,CC[C@H]1OC(=O)C[C@@H](O)[C@H](C)[C@@H](O[C@@H]2O[C@H](C)[C@@H](O)[C@H](N(C)C)[C@H]2O)[C@@H](CCN2C[C@H](C)C[C@H](C)C2)C[C@@H](C)C(=O)/C=C/C(C)=C/[C@@H]1CO[C@@H]1O[C@H](C)[C@@H](OC(=O)CCNC(N)=O)[C@@H](OC)[C@H]1OC,TRUE,,0.046
tilmicosin,Tilmicosin (ÌæÃ×¿¼ÐÇ),REF_TILMICOSIN,repository_reference,O34_attached_to_C24,34,24,C,MPM00863,PEP,C=C(OP(=O)(O)O)C(=O)O,1,C=C(OP(=O)(O)O)C(=O)O[C@H]1[C@H](O[C@H]2[C@@H](CCN3C[C@H](C)C[C@H](C)C3)C[C@@H](C)C(=O)/C=C/C(C)=C/[C@H](CO[C@@H]3O[C@H](C)[C@@H](O)[C@@H](OC)[C@H]3OC)[C@@H](CC)OC(=O)C[C@@H](O)[C@@H]2C)O[C@H](C)[C@@H](O)[C@@H]1N(C)C,C=C(OP(=O)(O)O)C(=O)O[C@H]1[C@H](O[C@H]2[C@@H](CCN3C[C@H](C)C[C@H](C)C3)C[C@@H](C)C(=O)/C=C/C(C)=C/[C@H](CO[C@@H]3O[C@H](C)[C@@H](O)[C@@H](OC)[C@H]3OC)[C@@H](CC)OC(=O)C[C@@H](O)[C@@H]2C)O[C@H](C)[C@@H](O)[C@@H]1N(C)C,TRUE,,0.045
tilmicosin,Tilmicosin (ÌæÃ×¿¼ÐÇ),REF_TILMICOSIN,repository_reference,O30_attached_to_C26,30,26,C,MPM00440,Ala-His,CC(N)C(=O)NC(Cc1cnc[nH]1)C(=O)O,1,CC[C@H]1OC(=O)C[C@@H](O)[C@H](C)[C@@H](O[C@@H]2O[C@H](C)[C@@H](OC(=O)C(Cc3cnc[nH]3)NC(=O)C(C)N)[C@H](N(C)C)[C@H]2O)[C@@H](CCN2C[C@H](C)C[C@H](C)C2)C[C@@H](C)C(=O)/C=C/C(C)=C/[C@@H]1CO[C@@H]1O[C@H](C)[C@@H](O)[C@@H](OC)[C@H]1OC,CC[C@H]1OC(=O)C[C@@H](O)[C@H](C)[C@@H](O[C@@H]2O[C@H](C)[C@@H](OC(=O)C(Cc3cnc[nH]3)NC(=O)C(C)N)[C@H](N(C)C)[C@H]2O)[C@@H](CCN2C[C@H](C)C[C@H](C)C2)C[C@@H](C)C(=O)/C=C/C(C)=C/[C@@H]1CO[C@@H]1O[C@H](C)[C@@H](O)[C@@H](OC)[C@H]1OC,TRUE,,0.044
tilmicosin,Tilmicosin (ÌæÃ×¿¼ÐÇ),REF_TILMICOSIN,repository_reference,O20_attached_to_C15,20,15,C,MPM00440,Ala-His,CC(N)C(=O)NC(Cc1cnc[nH]1)C(=O)O,1,CC[C@H]1OC(=O)C[C@@H](OC(=O)C(Cc2cnc[nH]2)NC(=O)C(C)N)[C@H](C)[C@@H](O[C@@H]2O[C@H](C)[C@@H](O)[C@H](N(C)C)[C@H]2O)[C@@H](CCN2C[C@H](C)C[C@H](C)C2)C[C@@H](C)C(=O)/C=C/C(C)=C/[C@@H]1CO[C@@H]1O[C@H](C)[C@@H](O)[C@@H](OC)[C@H]1OC,CC[C@H]1OC(=O)C[C@@H](OC(=O)C(Cc2cnc[nH]2)NC(=O)C(C)N)[C@H](C)[C@@H](O[C@@H]2O[C@H](C)[C@@H](O)[C@H](N(C)C)[C@H]2O)[C@@H](CCN2C[C@H](C)C[C@H](C)C2)C[C@@H](C)C(=O)/C=C/C(C)=C/[C@@H]1CO[C@@H]1O[C@H](C)[C@@H](O)[C@@H](OC)[C@H]1OC,TRUE,,0.043
tilmicosin,Tilmicosin (ÌæÃ×¿¼ÐÇ),REF_TILMICOSIN,repository_reference,O20_attached_to_C15,20,15,C,MPM00716,Isobutyrate,CC(C)C(=O)O,1,CC[C@H]1OC(=O)C[C@@H](OC(=O)C(C)C)[C@H](C)[C@@H](O[C@@H]2O[C@H](C)[C@@H](O)[C@H](N(C)C)[C@H]2O)[C@@H](CCN2C[C@H](C)C[C@H](C)C2)C[C@@H](C)C(=O)/C=C/C(C)=C/[C@@H]1CO[C@@H]1O[C@H](C)[C@@H](O)[C@@H](OC)[C@H]1OC,CC[C@H]1OC(=O)C[C@@H](OC(=O)C(C)C)[C@H](C)[C@@H](O[C@@H]2O[C@H](C)[C@@H](O)[C@H](N(C)C)[C@H]2O)[C@@H](CCN2C[C@H](C)C[C@H](C)C2)C[C@@H](C)C(=O)/C=C/C(C)=C/[C@@H]1CO[C@@H]1O[C@H](C)[C@@H](O)[C@@H](OC)[C@H]1OC,TRUE,,0.042
tilmicosin,Tilmicosin (ÌæÃ×¿¼ÐÇ),REF_TILMICOSIN,repository_reference,O34_attached_to_C24,34,24,C,MPM00689,Heptanoate,CCCCCCC(=O)O,1,CCCCCCC(=O)O[C@H]1[C@H](O[C@H]2[C@@H](CCN3C[C@H](C)C[C@H](C)C3)C[C@@H](C)C(=O)/C=C/C(C)=C/[C@H](CO[C@@H]3O[C@H](C)[C@@H](O)[C@@H](OC)[C@H]3OC)[C@@H](CC)OC(=O)C[C@@H](O)[C@@H]2C)O[C@H](C)[C@@H](O)[C@@H]1N(C)C,CCCCCCC(=O)O[C@H]1[C@H](O[C@H]2[C@@H](CCN3C[C@H](C)C[C@H](C)C3)C[C@@H](C)C(=O)/C=C/C(C)=C/[C@H](CO[C@@H]3O[C@H](C)[C@@H](O)[C@@H](OC)[C@H]3OC)[C@@H](CC)OC(=O)C[C@@H](O)[C@@H]2C)O[C@H](C)[C@@H](O)[C@@H]1N(C)C,TRUE,,0.04
tilmicosin,Tilmicosin (ÌæÃ×¿¼ÐÇ),REF_TILMICOSIN,repository_reference,O56_attached_to_C52,56,52,C,MPM00283,3-Dehydroshikimate,O=C(O)C1=CC(=O)C(O)C(O)C1,1,CC[C@H]1OC(=O)C[C@@H](O)[C@H](C)[C@@H](O[C@@H]2O[C@H](C)[C@@H](O)[C@H](N(C)C)[C@H]2O)[C@@H](CCN2C[C@H](C)C[C@H](C)C2)C[C@@H](C)C(=O)/C=C/C(C)=C/[C@@H]1CO[C@@H]1O[C@H](C)[C@@H](OC(=O)C2=CC(=O)C(O)C(O)C2)[C@@H](OC)[C@H]1OC,CC[C@H]1OC(=O)C[C@@H](O)[C@H](C)[C@@H](O[C@@H]2O[C@H](C)[C@@H](O)[C@H](N(C)C)[C@H]2O)[C@@H](CCN2C[C@H](C)C[C@H](C)C2)C[C@@H](C)C(=O)/C=C/C(C)=C/[C@@H]1CO[C@@H]1O[C@H](C)[C@@H](OC(=O)C2=CC(=O)C(O)C(O)C2)[C@@H](OC)[C@H]1OC,TRUE,,0.038
tilmicosin,Tilmicosin (ÌæÃ×¿¼ÐÇ),REF_TILMICOSIN,repository_reference,O56_attached_to_C52,56,52,C,MPM01475,L-Glutamate 1-semialdehyde,NC(C=O)CCC(=O)O,1,CC[C@H]1OC(=O)C[C@@H](O)[C@H](C)[C@@H](O[C@@H]2O[C@H](C)[C@@H](O)[C@H](N(C)C)[C@H]2O)[C@@H](CCN2C[C@H](C)C[C@H](C)C2)C[C@@H](C)C(=O)/C=C/C(C)=C/[C@@H]1CO[C@@H]1O[C@H](C)[C@@H](OC(=O)CCC(N)C=O)[C@@H](OC)[C@H]1OC,CC[C@H]1OC(=O)C[C@@H](O)[C@H](C)[C@@H](O[C@@H]2O[C@H](C)[C@@H](O)[C@H](N(C)C)[C@H]2O)[C@@H](CCN2C[C@H](C)C[C@H](C)C2)C[C@@H](C)C(=O)/C=C/C(C)=C/[C@@H]1CO[C@@H]1O[C@H](C)[C@@H](OC(=O)CCC(N)C=O)[C@@H](OC)[C@H]1OC,TRUE,,0.034
tilmicosin,Tilmicosin (ÌæÃ×¿¼ÐÇ),REF_TILMICOSIN,repository_reference,O30_attached_to_C26,30,26,C,MPM00813,n-Caproic acid,CCCCCC(=O)O,1,CCCCCC(=O)O[C@H]1[C@H](N(C)C)[C@@H](O)[C@H](O[C@H]2[C@@H](CCN3C[C@H](C)C[C@H](C)C3)C[C@@H](C)C(=O)/C=C/C(C)=C/[C@H](CO[C@@H]3O[C@H](C)[C@@H](O)[C@@H](OC)[C@H]3OC)[C@@H](CC)OC(=O)C[C@@H](O)[C@@H]2C)O[C@@H]1C,CCCCCC(=O)O[C@H]1[C@H](N(C)C)[C@@H](O)[C@H](O[C@H]2[C@@H](CCN3C[C@H](C)C[C@H](C)C3)C[C@@H](C)C(=O)/C=C/C(C)=C/[C@H](CO[C@@H]3O[C@H](C)[C@@H](O)[C@@H](OC)[C@H]3OC)[C@@H](CC)OC(=O)C[C@@H](O)[C@@H]2C)O[C@@H]1C,TRUE,,0.03
tilmicosin,Tilmicosin (ÌæÃ×¿¼ÐÇ),REF_TILMICOSIN,repository_reference,O34_attached_to_C24,34,24,C,MPM00160,1-pyrroline-2-carboxylic acid zwitterion,O=C(O)C1=NCCC1,1,CC[C@H]1OC(=O)C[C@@H](O)[C@H](C)[C@@H](O[C@@H]2O[C@H](C)[C@@H](O)[C@H](N(C)C)[C@H]2OC(=O)C2=NCCC2)[C@@H](CCN2C[C@H](C)C[C@H](C)C2)C[C@@H](C)C(=O)/C=C/C(C)=C/[C@@H]1CO[C@@H]1O[C@H](C)[C@@H](O)[C@@H](OC)[C@H]1OC,CC[C@H]1OC(=O)C[C@@H](O)[C@H](C)[C@@H](O[C@@H]2O[C@H](C)[C@@H](O)[C@H](N(C)C)[C@H]2OC(=O)C2=NCCC2)[C@@H](CCN2C[C@H](C)C[C@H](C)C2)C[C@@H](C)C(=O)/C=C/C(C)=C/[C@@H]1CO[C@@H]1O[C@H](C)[C@@H](O)[C@@H](OC)[C@H]1OC,TRUE,,0.03
tilmicosin,Tilmicosin (ÌæÃ×¿¼ÐÇ),REF_TILMICOSIN,repository_reference,O30_attached_to_C26,30,26,C,MPM00324,3-Phosphoglycerate,O=C(O)C(O)COP(=O)(O)O,1,CC[C@H]1OC(=O)C[C@@H](O)[C@H](C)[C@@H](O[C@@H]2O[C@H](C)[C@@H](OC(=O)C(O)COP(=O)(O)O)[C@H](N(C)C)[C@H]2O)[C@@H](CCN2C[C@H](C)C[C@H](C)C2)C[C@@H](C)C(=O)/C=C/C(C)=C/[C@@H]1CO[C@@H]1O[C@H](C)[C@@H](O)[C@@H](OC)[C@H]1OC,CC[C@H]1OC(=O)C[C@@H](O)[C@H](C)[C@@H](O[C@@H]2O[C@H](C)[C@@H](OC(=O)C(O)COP(=O)(O)O)[C@H](N(C)C)[C@H]2O)[C@@H](CCN2C[C@H](C)C[C@H](C)C2)C[C@@H](C)C(=O)/C=C/C(C)=C/[C@@H]1CO[C@@H]1O[C@H](C)[C@@H](O)[C@@H](OC)[C@H]1OC,TRUE,,0.029
tilmicosin,Tilmicosin (ÌæÃ×¿¼ÐÇ),REF_TILMICOSIN,repository_reference,O34_attached_to_C24,34,24,C,MPM00837,Octanoate,CCCCCCCC(=O)O,1,CCCCCCCC(=O)O[C@H]1[C@H](O[C@H]2[C@@H](CCN3C[C@H](C)C[C@H](C)C3)C[C@@H](C)C(=O)/C=C/C(C)=C/[C@H](CO[C@@H]3O[C@H](C)[C@@H](O)[C@@H](OC)[C@H]3OC)[C@@H](CC)OC(=O)C[C@@H](O)[C@@H]2C)O[C@H](C)[C@@H](O)[C@@H]1N(C)C,CCCCCCCC(=O)O[C@H]1[C@H](O[C@H]2[C@@H](CCN3C[C@H](C)C[C@H](C)C3)C[C@@H](C)C(=O)/C=C/C(C)=C/[C@H](CO[C@@H]3O[C@H](C)[C@@H](O)[C@@H](OC)[C@H]3OC)[C@@H](CC)OC(=O)C[C@@H](O)[C@@H]2C)O[C@H](C)[C@@H](O)[C@@H]1N(C)C,TRUE,,0.027
tilmicosin,Tilmicosin (ÌæÃ×¿¼ÐÇ),REF_TILMICOSIN,repository_reference,O34_attached_to_C24,34,24,C,MPM00302,3-Hydroxypentanoic acid,CCC(O)CC(=O)O,1,CCC(O)CC(=O)O[C@H]1[C@H](O[C@H]2[C@@H](CCN3C[C@H](C)C[C@H](C)C3)C[C@@H](C)C(=O)/C=C/C(C)=C/[C@H](CO[C@@H]3O[C@H](C)[C@@H](O)[C@@H](OC)[C@H]3OC)[C@@H](CC)OC(=O)C[C@@H](O)[C@@H]2C)O[C@H](C)[C@@H](O)[C@@H]1N(C)C,CCC(O)CC(=O)O[C@H]1[C@H](O[C@H]2[C@@H](CCN3C[C@H](C)C[C@H](C)C3)C[C@@H](C)C(=O)/C=C/C(C)=C/[C@H](CO[C@@H]3O[C@H](C)[C@@H](O)[C@@H](OC)[C@H]3OC)[C@@H](CC)OC(=O)C[C@@H](O)[C@@H]2C)O[C@H](C)[C@@H](O)[C@@H]1N(C)C,TRUE,,0.026
tilmicosin,Tilmicosin (ÌæÃ×¿¼ÐÇ),REF_TILMICOSIN,repository_reference,O20_attached_to_C15,20,15,C,MPM00813,n-Caproic acid,CCCCCC(=O)O,1,CCCCCC(=O)O[C@@H]1CC(=O)O[C@H](CC)[C@@H](CO[C@@H]2O[C@H](C)[C@@H](O)[C@@H](OC)[C@H]2OC)/C=C(C)/C=C/C(=O)[C@H](C)C[C@H](CCN2C[C@H](C)C[C@H](C)C2)[C@H](O[C@@H]2O[C@H](C)[C@@H](O)[C@H](N(C)C)[C@H]2O)[C@H]1C,CCCCCC(=O)O[C@@H]1CC(=O)O[C@H](CC)[C@@H](CO[C@@H]2O[C@H](C)[C@@H](O)[C@@H](OC)[C@H]2OC)/C=C(C)/C=C/C(=O)[C@H](C)C[C@H](CCN2C[C@H](C)C[C@H](C)C2)[C@H](O[C@@H]2O[C@H](C)[C@@H](O)[C@H](N(C)C)[C@H]2O)[C@H]1C,TRUE,,0.025
tilmicosin,Tilmicosin (ÌæÃ×¿¼ÐÇ),REF_TILMICOSIN,repository_reference,O20_attached_to_C15,20,15,C,MPM00324,3-Phosphoglycerate,O=C(O)C(O)COP(=O)(O)O,1,CC[C@H]1OC(=O)C[C@@H](OC(=O)C(O)COP(=O)(O)O)[C@H](C)[C@@H](O[C@@H]2O[C@H](C)[C@@H](O)[C@H](N(C)C)[C@H]2O)[C@@H](CCN2C[C@H](C)C[C@H](C)C2)C[C@@H](C)C(=O)/C=C/C(C)=C/[C@@H]1CO[C@@H]1O[C@H](C)[C@@H](O)[C@@H](OC)[C@H]1OC,CC[C@H]1OC(=O)C[C@@H](OC(=O)C(O)COP(=O)(O)O)[C@H](C)[C@@H](O[C@@H]2O[C@H](C)[C@@H](O)[C@H](N(C)C)[C@H]2O)[C@@H](CCN2C[C@H](C)C[C@H](C)C2)C[C@@H](C)C(=O)/C=C/C(C)=C/[C@@H]1CO[C@@H]1O[C@H](C)[C@@H](O)[C@@H](OC)[C@H]1OC,TRUE,,0.025
tilmicosin,Tilmicosin (ÌæÃ×¿¼ÐÇ),REF_TILMICOSIN,repository_reference,O56_attached_to_C52,56,52,C,MPM00863,PEP,C=C(OP(=O)(O)O)C(=O)O,1,C=C(OP(=O)(O)O)C(=O)O[C@H]1[C@@H](OC)[C@@H](OC)[C@H](OC[C@H]2/C=C(C)/C=C/C(=O)[C@H](C)C[C@H](CCN3C[C@H](C)C[C@H](C)C3)[C@H](O[C@@H]3O[C@H](C)[C@@H](O)[C@H](N(C)C)[C@H]3O)[C@@H](C)[C@H](O)CC(=O)O[C@@H]2CC)O[C@@H]1C,C=C(OP(=O)(O)O)C(=O)O[C@H]1[C@@H](OC)[C@@H](OC)[C@H](OC[C@H]2/C=C(C)/C=C/C(=O)[C@H](C)C[C@H](CCN3C[C@H](C)C[C@H](C)C3)[C@H](O[C@@H]3O[C@H](C)[C@@H](O)[C@H](N(C)C)[C@H]3O)[C@@H](C)[C@H](O)CC(=O)O[C@@H]2CC)O[C@@H]1C,TRUE,,0.023
tilmicosin,Tilmicosin (ÌæÃ×¿¼ÐÇ),REF_TILMICOSIN,repository_reference,O20_attached_to_C15,20,15,C,MPM00406,"7,8-Dihydropteroate",Nc1nc2c(c(=O)[nH]1)N=C(CNc1ccc(C(=O)O)cc1)CN2,1,CC[C@H]1OC(=O)C[C@@H](OC(=O)c2ccc(NCC3=Nc4c(nc(N)[nH]c4=O)NC3)cc2)[C@H](C)[C@@H](O[C@@H]2O[C@H](C)[C@@H](O)[C@H](N(C)C)[C@H]2O)[C@@H](CCN2C[C@H](C)C[C@H](C)C2)C[C@@H](C)C(=O)/C=C/C(C)=C/[C@@H]1CO[C@@H]1O[C@H](C)[C@@H](O)[C@@H](OC)[C@H]1OC,CC[C@H]1OC(=O)C[C@@H](OC(=O)c2ccc(NCC3=Nc4c(nc(N)[nH]c4=O)NC3)cc2)[C@H](C)[C@@H](O[C@@H]2O[C@H](C)[C@@H](O)[C@H](N(C)C)[C@H]2O)[C@@H](CCN2C[C@H](C)C[C@H](C)C2)C[C@@H](C)C(=O)/C=C/C(C)=C/[C@@H]1CO[C@@H]1O[C@H](C)[C@@H](O)[C@@H](OC)[C@H]1OC,TRUE,,0.022
tilmicosin,Tilmicosin (ÌæÃ×¿¼ÐÇ),REF_TILMICOSIN,repository_reference,O20_attached_to_C15,20,15,C,MPM00895,Phosphonotyrosine,NC(Cc1ccc(OP(=O)(O)O)cc1)C(=O)O,1,CC[C@H]1OC(=O)C[C@@H](OC(=O)C(N)Cc2ccc(OP(=O)(O)O)cc2)[C@H](C)[C@@H](O[C@@H]2O[C@H](C)[C@@H](O)[C@H](N(C)C)[C@H]2O)[C@@H](CCN2C[C@H](C)C[C@H](C)C2)C[C@@H](C)C(=O)/C=C/C(C)=C/[C@@H]1CO[C@@H]1O[C@H](C)[C@@H](O)[C@@H](OC)[C@H]1OC,CC[C@H]1OC(=O)C[C@@H](OC(=O)C(N)Cc2ccc(OP(=O)(O)O)cc2)[C@H](C)[C@@H](O[C@@H]2O[C@H](C)[C@@H](O)[C@H](N(C)C)[C@H]2O)[C@@H](CCN2C[C@H](C)C[C@H](C)C2)C[C@@H](C)C(=O)/C=C/C(C)=C/[C@@H]1CO[C@@H]1O[C@H](C)[C@@H](O)[C@@H](OC)[C@H]1OC,TRUE,,0.02
tilmicosin,Tilmicosin (ÌæÃ×¿¼ÐÇ),REF_TILMICOSIN,repository_reference,O34_attached_to_C24,34,24,C,MPM01116,1-Piperideine-2-carboxylate,O=C(O)C1=NCCCC1,1,CC[C@H]1OC(=O)C[C@@H](O)[C@H](C)[C@@H](O[C@@H]2O[C@H](C)[C@@H](O)[C@H](N(C)C)[C@H]2OC(=O)C2=NCCCC2)[C@@H](CCN2C[C@H](C)C[C@H](C)C2)C[C@@H](C)C(=O)/C=C/C(C)=C/[C@@H]1CO[C@@H]1O[C@H](C)[C@@H](O)[C@@H](OC)[C@H]1OC,CC[C@H]1OC(=O)C[C@@H](O)[C@H](C)[C@@H](O[C@@H]2O[C@H](C)[C@@H](O)[C@H](N(C)C)[C@H]2OC(=O)C2=NCCCC2)[C@@H](CCN2C[C@H](C)C[C@H](C)C2)C[C@@H](C)C(=O)/C=C/C(C)=C/[C@@H]1CO[C@@H]1O[C@H](C)[C@@H](O)[C@@H](OC)[C@H]1OC,TRUE,,0.02
tilmicosin,Tilmicosin (ÌæÃ×¿¼ÐÇ),REF_TILMICOSIN,repository_reference,O30_attached_to_C26,30,26,C,MPM01138,2-Amino-3-methylvaleric acid,CCC(C)C(N)C(=O)O,1,CCC(C)C(N)C(=O)O[C@H]1[C@H](N(C)C)[C@@H](O)[C@H](O[C@H]2[C@@H](CCN3C[C@H](C)C[C@H](C)C3)C[C@@H](C)C(=O)/C=C/C(C)=C/[C@H](CO[C@@H]3O[C@H](C)[C@@H](O)[C@@H](OC)[C@H]3OC)[C@@H](CC)OC(=O)C[C@@H](O)[C@@H]2C)O[C@@H]1C,CCC(C)C(N)C(=O)O[C@H]1[C@H](N(C)C)[C@@H](O)[C@H](O[C@H]2[C@@H](CCN3C[C@H](C)C[C@H](C)C3)C[C@@H](C)C(=O)/C=C/C(C)=C/[C@H](CO[C@@H]3O[C@H](C)[C@@H](O)[C@@H](OC)[C@H]3OC)[C@@H](CC)OC(=O)C[C@@H](O)[C@@H]2C)O[C@@H]1C,TRUE,,0.019
tilmicosin,Tilmicosin (ÌæÃ×¿¼ÐÇ),REF_TILMICOSIN,repository_reference,O56_attached_to_C52,56,52,C,MPM00689,Heptanoate,CCCCCCC(=O)O,1,CCCCCCC(=O)O[C@H]1[C@@H](OC)[C@@H](OC)[C@H](OC[C@H]2/C=C(C)/C=C/C(=O)[C@H](C)C[C@H](CCN3C[C@H](C)C[C@H](C)C3)[C@H](O[C@@H]3O[C@H](C)[C@@H](O)[C@H](N(C)C)[C@H]3O)[C@@H](C)[C@H](O)CC(=O)O[C@@H]2CC)O[C@@H]1C,CCCCCCC(=O)O[C@H]1[C@@H](OC)[C@@H](OC)[C@H](OC[C@H]2/C=C(C)/C=C/C(=O)[C@H](C)C[C@H](CCN3C[C@H](C)C[C@H](C)C3)[C@H](O[C@@H]3O[C@H](C)[C@@H](O)[C@H](N(C)C)[C@H]3O)[C@@H](C)[C@H](O)CC(=O)O[C@@H]2CC)O[C@@H]1C,TRUE,,0.018
tilmicosin,Tilmicosin (ÌæÃ×¿¼ÐÇ),REF_TILMICOSIN,repository_reference,O30_attached_to_C26,30,26,C,MPM00895,Phosphonotyrosine,NC(Cc1ccc(OP(=O)(O)O)cc1)C(=O)O,1,CC[C@H]1OC(=O)C[C@@H](O)[C@H](C)[C@@H](O[C@@H]2O[C@H](C)[C@@H](OC(=O)C(N)Cc3ccc(OP(=O)(O)O)cc3)[C@H](N(C)C)[C@H]2O)[C@@H](CCN2C[C@H](C)C[C@H](C)C2)C[C@@H](C)C(=O)/C=C/C(C)=C/[C@@H]1CO[C@@H]1O[C@H](C)[C@@H](O)[C@@H](OC)[C@H]1OC,CC[C@H]1OC(=O)C[C@@H](O)[C@H](C)[C@@H](O[C@@H]2O[C@H](C)[C@@H](OC(=O)C(N)Cc3ccc(OP(=O)(O)O)cc3)[C@H](N(C)C)[C@H]2O)[C@@H](CCN2C[C@H](C)C[C@H](C)C2)C[C@@H](C)C(=O)/C=C/C(C)=C/[C@@H]1CO[C@@H]1O[C@H](C)[C@@H](O)[C@@H](OC)[C@H]1OC,TRUE,,0.017
tilmicosin,Tilmicosin (ÌæÃ×¿¼ÐÇ),REF_TILMICOSIN,repository_reference,O30_attached_to_C26,30,26,C,MPM00363,4-Phosphooxy-L-threonine,NC(C(=O)O)C(O)COP(=O)(O)O,1,CC[C@H]1OC(=O)C[C@@H](O)[C@H](C)[C@@H](O[C@@H]2O[C@H](C)[C@@H](OC(=O)C(N)C(O)COP(=O)(O)O)[C@H](N(C)C)[C@H]2O)[C@@H](CCN2C[C@H](C)C[C@H](C)C2)C[C@@H](C)C(=O)/C=C/C(C)=C/[C@@H]1CO[C@@H]1O[C@H](C)[C@@H](O)[C@@H](OC)[C@H]1OC,CC[C@H]1OC(=O)C[C@@H](O)[C@H](C)[C@@H](O[C@@H]2O[C@H](C)[C@@H](OC(=O)C(N)C(O)COP(=O)(O)O)[C@H](N(C)C)[C@H]2O)[C@@H](CCN2C[C@H](C)C[C@H](C)C2)C[C@@H](C)C(=O)/C=C/C(C)=C/[C@@H]1CO[C@@H]1O[C@H](C)[C@@H](O)[C@@H](OC)[C@H]1OC,TRUE,,0.015
tilmicosin,Tilmicosin (ÌæÃ×¿¼ÐÇ),REF_TILMICOSIN,repository_reference,O20_attached_to_C15,20,15,C,MPM00363,4-Phosphooxy-L-threonine,NC(C(=O)O)C(O)COP(=O)(O)O,1,CC[C@H]1OC(=O)C[C@@H](OC(=O)C(N)C(O)COP(=O)(O)O)[C@H](C)[C@@H](O[C@@H]2O[C@H](C)[C@@H](O)[C@H](N(C)C)[C@H]2O)[C@@H](CCN2C[C@H](C)C[C@H](C)C2)C[C@@H](C)C(=O)/C=C/C(C)=C/[C@@H]1CO[C@@H]1O[C@H](C)[C@@H](O)[C@@H](OC)[C@H]1OC,CC[C@H]1OC(=O)C[C@@H](OC(=O)C(N)C(O)COP(=O)(O)O)[C@H](C)[C@@H](O[C@@H]2O[C@H](C)[C@@H](O)[C@H](N(C)C)[C@H]2O)[C@@H](CCN2C[C@H](C)C[C@H](C)C2)C[C@@H](C)C(=O)/C=C/C(C)=C/[C@@H]1CO[C@@H]1O[C@H](C)[C@@H](O)[C@@H](OC)[C@H]1OC,TRUE,,0.014
tilmicosin,Tilmicosin (ÌæÃ×¿¼ÐÇ),REF_TILMICOSIN,repository_reference,O20_attached_to_C15,20,15,C,MPM01138,2-Amino-3-methylvaleric acid,CCC(C)C(N)C(=O)O,1,CCC(C)C(N)C(=O)O[C@@H]1CC(=O)O[C@H](CC)[C@@H](CO[C@@H]2O[C@H](C)[C@@H](O)[C@@H](OC)[C@H]2OC)/C=C(C)/C=C/C(=O)[C@H](C)C[C@H](CCN2C[C@H](C)C[C@H](C)C2)[C@H](O[C@@H]2O[C@H](C)[C@@H](O)[C@H](N(C)C)[C@H]2O)[C@H]1C,CCC(C)C(N)C(=O)O[C@@H]1CC(=O)O[C@H](CC)[C@@H](CO[C@@H]2O[C@H](C)[C@@H](O)[C@@H](OC)[C@H]2OC)/C=C(C)/C=C/C(=O)[C@H](C)C[C@H](CCN2C[C@H](C)C[C@H](C)C2)[C@H](O[C@@H]2O[C@H](C)[C@@H](O)[C@H](N(C)C)[C@H]2O)[C@H]1C,TRUE,,0.013
tilmicosin,Tilmicosin (ÌæÃ×¿¼ÐÇ),REF_TILMICOSIN,repository_reference,O30_attached_to_C26,30,26,C,MPM00406,"7,8-Dihydropteroate",Nc1nc2c(c(=O)[nH]1)N=C(CNc1ccc(C(=O)O)cc1)CN2,1,CC[C@H]1OC(=O)C[C@@H](O)[C@H](C)[C@@H](O[C@@H]2O[C@H](C)[C@@H](OC(=O)c3ccc(NCC4=Nc5c(nc(N)[nH]c5=O)NC4)cc3)[C@H](N(C)C)[C@H]2O)[C@@H](CCN2C[C@H](C)C[C@H](C)C2)C[C@@H](C)C(=O)/C=C/C(C)=C/[C@@H]1CO[C@@H]1O[C@H](C)[C@@H](O)[C@@H](OC)[C@H]1OC,CC[C@H]1OC(=O)C[C@@H](O)[C@H](C)[C@@H](O[C@@H]2O[C@H](C)[C@@H](OC(=O)c3ccc(NCC4=Nc5c(nc(N)[nH]c5=O)NC4)cc3)[C@H](N(C)C)[C@H]2O)[C@@H](CCN2C[C@H](C)C[C@H](C)C2)C[C@@H](C)C(=O)/C=C/C(C)=C/[C@@H]1CO[C@@H]1O[C@H](C)[C@@H](O)[C@@H](OC)[C@H]1OC,TRUE,,0.012
tilmicosin,Tilmicosin (ÌæÃ×¿¼ÐÇ),REF_TILMICOSIN,repository_reference,O34_attached_to_C24,34,24,C,MPM00399,6-Phenylhexanoic acid,O=C(O)CCCCCc1ccccc1,1,CC[C@H]1OC(=O)C[C@@H](O)[C@H](C)[C@@H](O[C@@H]2O[C@H](C)[C@@H](O)[C@H](N(C)C)[C@H]2OC(=O)CCCCCc2ccccc2)[C@@H](CCN2C[C@H](C)C[C@H](C)C2)C[C@@H](C)C(=O)/C=C/C(C)=C/[C@@H]1CO[C@@H]1O[C@H](C)[C@@H](O)[C@@H](OC)[C@H]1OC,CC[C@H]1OC(=O)C[C@@H](O)[C@H](C)[C@@H](O[C@@H]2O[C@H](C)[C@@H](O)[C@H](N(C)C)[C@H]2OC(=O)CCCCCc2ccccc2)[C@@H](CCN2C[C@H](C)C[C@H](C)C2)C[C@@H](C)C(=O)/C=C/C(C)=C/[C@@H]1CO[C@@H]1O[C@H](C)[C@@H](O)[C@@H](OC)[C@H]1OC,TRUE,,0.009
tilmicosin,Tilmicosin (ÌæÃ×¿¼ÐÇ),REF_TILMICOSIN,repository_reference,O56_attached_to_C52,56,52,C,MPM00160,1-pyrroline-2-carboxylic acid zwitterion,O=C(O)C1=NCCC1,1,CC[C@H]1OC(=O)C[C@@H](O)[C@H](C)[C@@H](O[C@@H]2O[C@H](C)[C@@H](O)[C@H](N(C)C)[C@H]2O)[C@@H](CCN2C[C@H](C)C[C@H](C)C2)C[C@@H](C)C(=O)/C=C/C(C)=C/[C@@H]1CO[C@@H]1O[C@H](C)[C@@H](OC(=O)C2=NCCC2)[C@@H](OC)[C@H]1OC,CC[C@H]1OC(=O)C[C@@H](O)[C@H](C)[C@@H](O[C@@H]2O[C@H](C)[C@@H](O)[C@H](N(C)C)[C@H]2O)[C@@H](CCN2C[C@H](C)C[C@H](C)C2)C[C@@H](C)C(=O)/C=C/C(C)=C/[C@@H]1CO[C@@H]1O[C@H](C)[C@@H](OC(=O)C2=NCCC2)[C@@H](OC)[C@H]1OC,TRUE,,0.007
tilmicosin,Tilmicosin (ÌæÃ×¿¼ÐÇ),REF_TILMICOSIN,repository_reference,O34_attached_to_C24,34,24,C,MPM01076,(S)-2-Amino-6-oxohexanoate,NC(CCCC=O)C(=O)O,1,CC[C@H]1OC(=O)C[C@@H](O)[C@H](C)[C@@H](O[C@@H]2O[C@H](C)[C@@H](O)[C@H](N(C)C)[C@H]2OC(=O)C(N)CCCC=O)[C@@H](CCN2C[C@H](C)C[C@H](C)C2)C[C@@H](C)C(=O)/C=C/C(C)=C/[C@@H]1CO[C@@H]1O[C@H](C)[C@@H](O)[C@@H](OC)[C@H]1OC,CC[C@H]1OC(=O)C[C@@H](O)[C@H](C)[C@@H](O[C@@H]2O[C@H](C)[C@@H](O)[C@H](N(C)C)[C@H]2OC(=O)C(N)CCCC=O)[C@@H](CCN2C[C@H](C)C[C@H](C)C2)C[C@@H](C)C(=O)/C=C/C(C)=C/[C@@H]1CO[C@@H]1O[C@H](C)[C@@H](O)[C@@H](OC)[C@H]1OC,TRUE,,0.006
tilmicosin,Tilmicosin (ÌæÃ×¿¼ÐÇ),REF_TILMICOSIN,repository_reference,O56_attached_to_C52,56,52,C,MPM00302,3-Hydroxypentanoic acid,CCC(O)CC(=O)O,1,CCC(O)CC(=O)O[C@H]1[C@@H](OC)[C@@H](OC)[C@H](OC[C@H]2/C=C(C)/C=C/C(=O)[C@H](C)C[C@H](CCN3C[C@H](C)C[C@H](C)C3)[C@H](O[C@@H]3O[C@H](C)[C@@H](O)[C@H](N(C)C)[C@H]3O)[C@@H](C)[C@H](O)CC(=O)O[C@@H]2CC)O[C@@H]1C,CCC(O)CC(=O)O[C@H]1[C@@H](OC)[C@@H](OC)[C@H](OC[C@H]2/C=C(C)/C=C/C(=O)[C@H](C)C[C@H](CCN3C[C@H](C)C[C@H](C)C3)[C@H](O[C@@H]3O[C@H](C)[C@@H](O)[C@H](N(C)C)[C@H]3O)[C@@H](C)[C@H](O)CC(=O)O[C@@H]2CC)O[C@@H]1C,TRUE,,0.004
tilmicosin,Tilmicosin (ÌæÃ×¿¼ÐÇ),REF_TILMICOSIN,repository_reference,O56_attached_to_C52,56,52,C,MPM00837,Octanoate,CCCCCCCC(=O)O,1,CCCCCCCC(=O)O[C@H]1[C@@H](OC)[C@@H](OC)[C@H](OC[C@H]2/C=C(C)/C=C/C(=O)[C@H](C)C[C@H](CCN3C[C@H](C)C[C@H](C)C3)[C@H](O[C@@H]3O[C@H](C)[C@@H](O)[C@H](N(C)C)[C@H]3O)[C@@H](C)[C@H](O)CC(=O)O[C@@H]2CC)O[C@@H]1C,CCCCCCCC(=O)O[C@H]1[C@@H](OC)[C@@H](OC)[C@H](OC[C@H]2/C=C(C)/C=C/C(=O)[C@H](C)C[C@H](CCN3C[C@H](C)C[C@H](C)C3)[C@H](O[C@@H]3O[C@H](C)[C@@H](O)[C@H](N(C)C)[C@H]3O)[C@@H](C)[C@H](O)CC(=O)O[C@@H]2CC)O[C@@H]1C,TRUE,,0.003
tilmicosin,Tilmicosin (ÌæÃ×¿¼ÐÇ),REF_TILMICOSIN,repository_reference,O34_attached_to_C24,34,24,C,MPM00548,DAPA,CC(N)C(N)CCCCCC(=O)O,1,CC[C@H]1OC(=O)C[C@@H](O)[C@H](C)[C@@H](O[C@@H]2O[C@H](C)[C@@H](O)[C@H](N(C)C)[C@H]2OC(=O)CCCCCC(N)C(C)N)[C@@H](CCN2C[C@H](C)C[C@H](C)C2)C[C@@H](C)C(=O)/C=C/C(C)=C/[C@@H]1CO[C@@H]1O[C@H](C)[C@@H](O)[C@@H](OC)[C@H]1OC,CC[C@H]1OC(=O)C[C@@H](O)[C@H](C)[C@@H](O[C@@H]2O[C@H](C)[C@@H](O)[C@H](N(C)C)[C@H]2OC(=O)CCCCCC(N)C(C)N)[C@@H](CCN2C[C@H](C)C[C@H](C)C2)C[C@@H](C)C(=O)/C=C/C(C)=C/[C@@H]1CO[C@@H]1O[C@H](C)[C@@H](O)[C@@H](OC)[C@H]1OC,TRUE,,0.002
tilmicosin,Tilmicosin (ÌæÃ×¿¼ÐÇ),REF_TILMICOSIN,repository_reference,O20_attached_to_C15,20,15,C,MPM00390,5-Phenylvaleric acid,O=C(O)CCCCc1ccccc1,1,CC[C@H]1OC(=O)C[C@@H](OC(=O)CCCCc2ccccc2)[C@H](C)[C@@H](O[C@@H]2O[C@H](C)[C@@H](O)[C@H](N(C)C)[C@H]2O)[C@@H](CCN2C[C@H](C)C[C@H](C)C2)C[C@@H](C)C(=O)/C=C/C(C)=C/[C@@H]1CO[C@@H]1O[C@H](C)[C@@H](O)[C@@H](OC)[C@H]1OC,CC[C@H]1OC(=O)C[C@@H](OC(=O)CCCCc2ccccc2)[C@H](C)[C@@H](O[C@@H]2O[C@H](C)[C@@H](O)[C@H](N(C)C)[C@H]2O)[C@@H](CCN2C[C@H](C)C[C@H](C)C2)C[C@@H](C)C(=O)/C=C/C(C)=C/[C@@H]1CO[C@@H]1O[C@H](C)[C@@H](O)[C@@H](OC)[C@H]1OC,TRUE,,0.001
tilmicosin,Tilmicosin (ÌæÃ×¿¼ÐÇ),REF_TILMICOSIN,repository_reference,O30_attached_to_C26,30,26,C,MPM00551,D-beta-Hydroxybutyric acid,CC(O)CC(=O)O,1,CC[C@H]1OC(=O)C[C@@H](O)[C@H](C)[C@@H](O[C@@H]2O[C@H](C)[C@@H](OC(=O)CC(C)O)[C@H](N(C)C)[C@H]2O)[C@@H](CCN2C[C@H](C)C[C@H](C)C2)C[C@@H](C)C(=O)/C=C/C(C)=C/[C@@H]1CO[C@@H]1O[C@H](C)[C@@H](O)[C@@H](OC)[C@H]1OC,CC[C@H]1OC(=O)C[C@@H](O)[C@H](C)[C@@H](O[C@@H]2O[C@H](C)[C@@H](OC(=O)CC(C)O)[C@H](N(C)C)[C@H]2O)[C@@H](CCN2C[C@H](C)C[C@H](C)C2)C[C@@H](C)C(=O)/C=C/C(C)=C/[C@@H]1CO[C@@H]1O[C@H](C)[C@@H](O)[C@@H](OC)[C@H]1OC,TRUE,,-0.002
tilmicosin,Tilmicosin (ÌæÃ×¿¼ÐÇ),REF_TILMICOSIN,repository_reference,O30_attached_to_C26,30,26,C,MPM00390,5-Phenylvaleric acid,O=C(O)CCCCc1ccccc1,1,CC[C@H]1OC(=O)C[C@@H](O)[C@H](C)[C@@H](O[C@@H]2O[C@H](C)[C@@H](OC(=O)CCCCc3ccccc3)[C@H](N(C)C)[C@H]2O)[C@@H](CCN2C[C@H](C)C[C@H](C)C2)C[C@@H](C)C(=O)/C=C/C(C)=C/[C@@H]1CO[C@@H]1O[C@H](C)[C@@H](O)[C@@H](OC)[C@H]1OC,CC[C@H]1OC(=O)C[C@@H](O)[C@H](C)[C@@H](O[C@@H]2O[C@H](C)[C@@H](OC(=O)CCCCc3ccccc3)[C@H](N(C)C)[C@H]2O)[C@@H](CCN2C[C@H](C)C[C@H](C)C2)C[C@@H](C)C(=O)/C=C/C(C)=C/[C@@H]1CO[C@@H]1O[C@H](C)[C@@H](O)[C@@H](OC)[C@H]1OC,TRUE,,-0.002
tilmicosin,Tilmicosin (ÌæÃ×¿¼ÐÇ),REF_TILMICOSIN,repository_reference,O56_attached_to_C52,56,52,C,MPM01116,1-Piperideine-2-carboxylate,O=C(O)C1=NCCCC1,1,CC[C@H]1OC(=O)C[C@@H](O)[C@H](C)[C@@H](O[C@@H]2O[C@H](C)[C@@H](O)[C@H](N(C)C)[C@H]2O)[C@@H](CCN2C[C@H](C)C[C@H](C)C2)C[C@@H](C)C(=O)/C=C/C(C)=C/[C@@H]1CO[C@@H]1O[C@H](C)[C@@H](OC(=O)C2=NCCCC2)[C@@H](OC)[C@H]1OC,CC[C@H]1OC(=O)C[C@@H](O)[C@H](C)[C@@H](O[C@@H]2O[C@H](C)[C@@H](O)[C@H](N(C)C)[C@H]2O)[C@@H](CCN2C[C@H](C)C[C@H](C)C2)C[C@@H](C)C(=O)/C=C/C(C)=C/[C@@H]1CO[C@@H]1O[C@H](C)[C@@H](OC(=O)C2=NCCCC2)[C@@H](OC)[C@H]1OC,TRUE,,-0.002
tilmicosin,Tilmicosin (ÌæÃ×¿¼ÐÇ),REF_TILMICOSIN,repository_reference,O30_attached_to_C26,30,26,C,MPM00521,cis-4-Hydroxy-D-proline,O=C(O)C1CC(O)CN1,1,CC[C@H]1OC(=O)C[C@@H](O)[C@H](C)[C@@H](O[C@@H]2O[C@H](C)[C@@H](OC(=O)C3CC(O)CN3)[C@H](N(C)C)[C@H]2O)[C@@H](CCN2C[C@H](C)C[C@H](C)C2)C[C@@H](C)C(=O)/C=C/C(C)=C/[C@@H]1CO[C@@H]1O[C@H](C)[C@@H](O)[C@@H](OC)[C@H]1OC,CC[C@H]1OC(=O)C[C@@H](O)[C@H](C)[C@@H](O[C@@H]2O[C@H](C)[C@@H](OC(=O)C3CC(O)CN3)[C@H](N(C)C)[C@H]2O)[C@@H](CCN2C[C@H](C)C[C@H](C)C2)C[C@@H](C)C(=O)/C=C/C(C)=C/[C@@H]1CO[C@@H]1O[C@H](C)[C@@H](O)[C@@H](OC)[C@H]1OC,TRUE,,-0.003
tilmicosin,Tilmicosin (ÌæÃ×¿¼ÐÇ),REF_TILMICOSIN,repository_reference,O30_attached_to_C26,30,26,C,MPM01476,L-Glutamate gamma-semialdehyde,NC(CCC=O)C(=O)O,1,CC[C@H]1OC(=O)C[C@@H](O)[C@H](C)[C@@H](O[C@@H]2O[C@H](C)[C@@H](OC(=O)C(N)CCC=O)[C@H](N(C)C)[C@H]2O)[C@@H](CCN2C[C@H](C)C[C@H](C)C2)C[C@@H](C)C(=O)/C=C/C(C)=C/[C@@H]1CO[C@@H]1O[C@H](C)[C@@H](O)[C@@H](OC)[C@H]1OC,CC[C@H]1OC(=O)C[C@@H](O)[C@H](C)[C@@H](O[C@@H]2O[C@H](C)[C@@H](OC(=O)C(N)CCC=O)[C@H](N(C)C)[C@H]2O)[C@@H](CCN2C[C@H](C)C[C@H](C)C2)C[C@@H](C)C(=O)/C=C/C(C)=C/[C@@H]1CO[C@@H]1O[C@H](C)[C@@H](O)[C@@H](OC)[C@H]1OC,TRUE,,-0.005
tilmicosin,Tilmicosin (ÌæÃ×¿¼ÐÇ),REF_TILMICOSIN,repository_reference,O30_attached_to_C26,30,26,C,MPM01055,(2S)-alpha-Leucine,CC(C)CC(N)C(=O)O,1,CC[C@H]1OC(=O)C[C@@H](O)[C@H](C)[C@@H](O[C@@H]2O[C@H](C)[C@@H](OC(=O)C(N)CC(C)C)[C@H](N(C)C)[C@H]2O)[C@@H](CCN2C[C@H](C)C[C@H](C)C2)C[C@@H](C)C(=O)/C=C/C(C)=C/[C@@H]1CO[C@@H]1O[C@H](C)[C@@H](O)[C@@H](OC)[C@H]1OC,CC[C@H]1OC(=O)C[C@@H](O)[C@H](C)[C@@H](O[C@@H]2O[C@H](C)[C@@H](OC(=O)C(N)CC(C)C)[C@H](N(C)C)[C@H]2O)[C@@H](CCN2C[C@H](C)C[C@H](C)C2)C[C@@H](C)C(=O)/C=C/C(C)=C/[C@@H]1CO[C@@H]1O[C@H](C)[C@@H](O)[C@@H](OC)[C@H]1OC,TRUE,,-0.008
tilmicosin,Tilmicosin (ÌæÃ×¿¼ÐÇ),REF_TILMICOSIN,repository_reference,O20_attached_to_C15,20,15,C,MPM01476,L-Glutamate gamma-semialdehyde,NC(CCC=O)C(=O)O,1,CC[C@H]1OC(=O)C[C@@H](OC(=O)C(N)CCC=O)[C@H](C)[C@@H](O[C@@H]2O[C@H](C)[C@@H](O)[C@H](N(C)C)[C@H]2O)[C@@H](CCN2C[C@H](C)C[C@H](C)C2)C[C@@H](C)C(=O)/C=C/C(C)=C/[C@@H]1CO[C@@H]1O[C@H](C)[C@@H](O)[C@@H](OC)[C@H]1OC,CC[C@H]1OC(=O)C[C@@H](OC(=O)C(N)CCC=O)[C@H](C)[C@@H](O[C@@H]2O[C@H](C)[C@@H](O)[C@H](N(C)C)[C@H]2O)[C@@H](CCN2C[C@H](C)C[C@H](C)C2)C[C@@H](C)C(=O)/C=C/C(C)=C/[C@@H]1CO[C@@H]1O[C@H](C)[C@@H](O)[C@@H](OC)[C@H]1OC,TRUE,,-0.009
tilmicosin,Tilmicosin (ÌæÃ×¿¼ÐÇ),REF_TILMICOSIN,repository_reference,O20_attached_to_C15,20,15,C,MPM00521,cis-4-Hydroxy-D-proline,O=C(O)C1CC(O)CN1,1,CC[C@H]1OC(=O)C[C@@H](OC(=O)C2CC(O)CN2)[C@H](C)[C@@H](O[C@@H]2O[C@H](C)[C@@H](O)[C@H](N(C)C)[C@H]2O)[C@@H](CCN2C[C@H](C)C[C@H](C)C2)C[C@@H](C)C(=O)/C=C/C(C)=C/[C@@H]1CO[C@@H]1O[C@H](C)[C@@H](O)[C@@H](OC)[C@H]1OC,CC[C@H]1OC(=O)C[C@@H](OC(=O)C2CC(O)CN2)[C@H](C)[C@@H](O[C@@H]2O[C@H](C)[C@@H](O)[C@H](N(C)C)[C@H]2O)[C@@H](CCN2C[C@H](C)C[C@H](C)C2)C[C@@H](C)C(=O)/C=C/C(C)=C/[C@@H]1CO[C@@H]1O[C@H](C)[C@@H](O)[C@@H](OC)[C@H]1OC,TRUE,,-0.009
tilmicosin,Tilmicosin (ÌæÃ×¿¼ÐÇ),REF_TILMICOSIN,repository_reference,O30_attached_to_C26,30,26,C,MPM00815,N-Carbamoyl-beta-alanine,NC(=O)NCCC(=O)O,1,CC[C@H]1OC(=O)C[C@@H](O)[C@H](C)[C@@H](O[C@@H]2O[C@H](C)[C@@H](OC(=O)CCNC(N)=O)[C@H](N(C)C)[C@H]2O)[C@@H](CCN2C[C@H](C)C[C@H](C)C2)C[C@@H](C)C(=O)/C=C/C(C)=C/[C@@H]1CO[C@@H]1O[C@H](C)[C@@H](O)[C@@H](OC)[C@H]1OC,CC[C@H]1OC(=O)C[C@@H](O)[C@H](C)[C@@H](O[C@@H]2O[C@H](C)[C@@H](OC(=O)CCNC(N)=O)[C@H](N(C)C)[C@H]2O)[C@@H](CCN2C[C@H](C)C[C@H](C)C2)C[C@@H](C)C(=O)/C=C/C(C)=C/[C@@H]1CO[C@@H]1O[C@H](C)[C@@H](O)[C@@H](OC)[C@H]1OC,TRUE,,-0.01
tilmicosin,Tilmicosin (ÌæÃ×¿¼ÐÇ),REF_TILMICOSIN,repository_reference,O20_attached_to_C15,20,15,C,MPM00551,D-beta-Hydroxybutyric acid,CC(O)CC(=O)O,1,CC[C@H]1OC(=O)C[C@@H](OC(=O)CC(C)O)[C@H](C)[C@@H](O[C@@H]2O[C@H](C)[C@@H](O)[C@H](N(C)C)[C@H]2O)[C@@H](CCN2C[C@H](C)C[C@H](C)C2)C[C@@H](C)C(=O)/C=C/C(C)=C/[C@@H]1CO[C@@H]1O[C@H](C)[C@@H](O)[C@@H](OC)[C@H]1OC,CC[C@H]1OC(=O)C[C@@H](OC(=O)CC(C)O)[C@H](C)[C@@H](O[C@@H]2O[C@H](C)[C@@H](O)[C@H](N(C)C)[C@H]2O)[C@@H](CCN2C[C@H](C)C[C@H](C)C2)C[C@@H](C)C(=O)/C=C/C(C)=C/[C@@H]1CO[C@@H]1O[C@H](C)[C@@H](O)[C@@H](OC)[C@H]1OC,TRUE,,-0.012
tilmicosin,Tilmicosin (ÌæÃ×¿¼ÐÇ),REF_TILMICOSIN,repository_reference,O34_attached_to_C24,34,24,C,MPM00859,Pelargonic acid,CCCCCCCCC(=O)O,1,CCCCCCCCC(=O)O[C@H]1[C@H](O[C@H]2[C@@H](CCN3C[C@H](C)C[C@H](C)C3)C[C@@H](C)C(=O)/C=C/C(C)=C/[C@H](CO[C@@H]3O[C@H](C)[C@@H](O)[C@@H](OC)[C@H]3OC)[C@@H](CC)OC(=O)C[C@@H](O)[C@@H]2C)O[C@H](C)[C@@H](O)[C@@H]1N(C)C,CCCCCCCCC(=O)O[C@H]1[C@H](O[C@H]2[C@@H](CCN3C[C@H](C)C[C@H](C)C3)C[C@@H](C)C(=O)/C=C/C(C)=C/[C@H](CO[C@@H]3O[C@H](C)[C@@H](O)[C@@H](OC)[C@H]3OC)[C@@H](CC)OC(=O)C[C@@H](O)[C@@H]2C)O[C@H](C)[C@@H](O)[C@@H]1N(C)C,TRUE,,-0.013
tilmicosin,Tilmicosin (ÌæÃ×¿¼ÐÇ),REF_TILMICOSIN,repository_reference,O20_attached_to_C15,20,15,C,MPM01055,(2S)-alpha-Leucine,CC(C)CC(N)C(=O)O,1,CC[C@H]1OC(=O)C[C@@H](OC(=O)C(N)CC(C)C)[C@H](C)[C@@H](O[C@@H]2O[C@H](C)[C@@H](O)[C@H](N(C)C)[C@H]2O)[C@@H](CCN2C[C@H](C)C[C@H](C)C2)C[C@@H](C)C(=O)/C=C/C(C)=C/[C@@H]1CO[C@@H]1O[C@H](C)[C@@H](O)[C@@H](OC)[C@H]1OC,CC[C@H]1OC(=O)C[C@@H](OC(=O)C(N)CC(C)C)[C@H](C)[C@@H](O[C@@H]2O[C@H](C)[C@@H](O)[C@H](N(C)C)[C@H]2O)[C@@H](CCN2C[C@H](C)C[C@H](C)C2)C[C@@H](C)C(=O)/C=C/C(C)=C/[C@@H]1CO[C@@H]1O[C@H](C)[C@@H](O)[C@@H](OC)[C@H]1OC,TRUE,,-0.014
tilmicosin,Tilmicosin (ÌæÃ×¿¼ÐÇ),REF_TILMICOSIN,repository_reference,O20_attached_to_C15,20,15,C,MPM00815,N-Carbamoyl-beta-alanine,NC(=O)NCCC(=O)O,1,CC[C@H]1OC(=O)C[C@@H](OC(=O)CCNC(N)=O)[C@H](C)[C@@H](O[C@@H]2O[C@H](C)[C@@H](O)[C@H](N(C)C)[C@H]2O)[C@@H](CCN2C[C@H](C)C[C@H](C)C2)C[C@@H](C)C(=O)/C=C/C(C)=C/[C@@H]1CO[C@@H]1O[C@H](C)[C@@H](O)[C@@H](OC)[C@H]1OC,CC[C@H]1OC(=O)C[C@@H](OC(=O)CCNC(N)=O)[C@H](C)[C@@H](O[C@@H]2O[C@H](C)[C@@H](O)[C@H](N(C)C)[C@H]2O)[C@@H](CCN2C[C@H](C)C[C@H](C)C2)C[C@@H](C)C(=O)/C=C/C(C)=C/[C@@H]1CO[C@@H]1O[C@H](C)[C@@H](O)[C@@H](OC)[C@H]1OC,TRUE,,-0.014
tilmicosin,Tilmicosin (ÌæÃ×¿¼ÐÇ),REF_TILMICOSIN,repository_reference,O56_attached_to_C52,56,52,C,MPM00399,6-Phenylhexanoic acid,O=C(O)CCCCCc1ccccc1,1,CC[C@H]1OC(=O)C[C@@H](O)[C@H](C)[C@@H](O[C@@H]2O[C@H](C)[C@@H](O)[C@H](N(C)C)[C@H]2O)[C@@H](CCN2C[C@H](C)C[C@H](C)C2)C[C@@H](C)C(=O)/C=C/C(C)=C/[C@@H]1CO[C@@H]1O[C@H](C)[C@@H](OC(=O)CCCCCc2ccccc2)[C@@H](OC)[C@H]1OC,CC[C@H]1OC(=O)C[C@@H](O)[C@H](C)[C@@H](O[C@@H]2O[C@H](C)[C@@H](O)[C@H](N(C)C)[C@H]2O)[C@@H](CCN2C[C@H](C)C[C@H](C)C2)C[C@@H](C)C(=O)/C=C/C(C)=C/[C@@H]1CO[C@@H]1O[C@H](C)[C@@H](OC(=O)CCCCCc2ccccc2)[C@@H](OC)[C@H]1OC,TRUE,,-0.015
tilmicosin,Tilmicosin (ÌæÃ×¿¼ÐÇ),REF_TILMICOSIN,repository_reference,O56_attached_to_C52,56,52,C,MPM01076,(S)-2-Amino-6-oxohexanoate,NC(CCCC=O)C(=O)O,1,CC[C@H]1OC(=O)C[C@@H](O)[C@H](C)[C@@H](O[C@@H]2O[C@H](C)[C@@H](O)[C@H](N(C)C)[C@H]2O)[C@@H](CCN2C[C@H](C)C[C@H](C)C2)C[C@@H](C)C(=O)/C=C/C(C)=C/[C@@H]1CO[C@@H]1O[C@H](C)[C@@H](OC(=O)C(N)CCCC=O)[C@@H](OC)[C@H]1OC,CC[C@H]1OC(=O)C[C@@H](O)[C@H](C)[C@@H](O[C@@H]2O[C@H](C)[C@@H](O)[C@H](N(C)C)[C@H]2O)[C@@H](CCN2C[C@H](C)C[C@H](C)C2)C[C@@H](C)C(=O)/C=C/C(C)=C/[C@@H]1CO[C@@H]1O[C@H](C)[C@@H](OC(=O)C(N)CCCC=O)[C@@H](OC)[C@H]1OC,TRUE,,-0.016
tilmicosin,Tilmicosin (ÌæÃ×¿¼ÐÇ),REF_TILMICOSIN,repository_reference,O30_attached_to_C26,30,26,C,MPM00283,3-Dehydroshikimate,O=C(O)C1=CC(=O)C(O)C(O)C1,1,CC[C@H]1OC(=O)C[C@@H](O)[C@H](C)[C@@H](O[C@@H]2O[C@H](C)[C@@H](OC(=O)C3=CC(=O)C(O)C(O)C3)[C@H](N(C)C)[C@H]2O)[C@@H](CCN2C[C@H](C)C[C@H](C)C2)C[C@@H](C)C(=O)/C=C/C(C)=C/[C@@H]1CO[C@@H]1O[C@H](C)[C@@H](O)[C@@H](OC)[C@H]1OC,CC[C@H]1OC(=O)C[C@@H](O)[C@H](C)[C@@H](O[C@@H]2O[C@H](C)[C@@H](OC(=O)C3=CC(=O)C(O)C(O)C3)[C@H](N(C)C)[C@H]2O)[C@@H](CCN2C[C@H](C)C[C@H](C)C2)C[C@@H](C)C(=O)/C=C/C(C)=C/[C@@H]1CO[C@@H]1O[C@H](C)[C@@H](O)[C@@H](OC)[C@H]1OC,TRUE,,-0.017
tilmicosin,Tilmicosin (ÌæÃ×¿¼ÐÇ),REF_TILMICOSIN,repository_reference,O34_attached_to_C24,34,24,C,MPM00108,(S)-methylmalonate semialdehyde,CC(C=O)C(=O)O,1,CC[C@H]1OC(=O)C[C@@H](O)[C@H](C)[C@@H](O[C@@H]2O[C@H](C)[C@@H](O)[C@H](N(C)C)[C@H]2OC(=O)C(C)C=O)[C@@H](CCN2C[C@H](C)C[C@H](C)C2)C[C@@H](C)C(=O)/C=C/C(C)=C/[C@@H]1CO[C@@H]1O[C@H](C)[C@@H](O)[C@@H](OC)[C@H]1OC,CC[C@H]1OC(=O)C[C@@H](O)[C@H](C)[C@@H](O[C@@H]2O[C@H](C)[C@@H](O)[C@H](N(C)C)[C@H]2OC(=O)C(C)C=O)[C@@H](CCN2C[C@H](C)C[C@H](C)C2)C[C@@H](C)C(=O)/C=C/C(C)=C/[C@@H]1CO[C@@H]1O[C@H](C)[C@@H](O)[C@@H](OC)[C@H]1OC,TRUE,,-0.02
tilmicosin,Tilmicosin (ÌæÃ×¿¼ÐÇ),REF_TILMICOSIN,repository_reference,O56_attached_to_C52,56,52,C,MPM00548,DAPA,CC(N)C(N)CCCCCC(=O)O,1,CC[C@H]1OC(=O)C[C@@H](O)[C@H](C)[C@@H](O[C@@H]2O[C@H](C)[C@@H](O)[C@H](N(C)C)[C@H]2O)[C@@H](CCN2C[C@H](C)C[C@H](C)C2)C[C@@H](C)C(=O)/C=C/C(C)=C/[C@@H]1CO[C@@H]1O[C@H](C)[C@@H](OC(=O)CCCCCC(N)C(C)N)[C@@H](OC)[C@H]1OC,CC[C@H]1OC(=O)C[C@@H](O)[C@H](C)[C@@H](O[C@@H]2O[C@H](C)[C@@H](O)[C@H](N(C)C)[C@H]2O)[C@@H](CCN2C[C@H](C)C[C@H](C)C2)C[C@@H](C)C(=O)/C=C/C(C)=C/[C@@H]1CO[C@@H]1O[C@H](C)[C@@H](OC(=O)CCCCCC(N)C(C)N)[C@@H](OC)[C@H]1OC,TRUE,,-0.02
tilmicosin,Tilmicosin (ÌæÃ×¿¼ÐÇ),REF_TILMICOSIN,repository_reference,O20_attached_to_C15,20,15,C,MPM00283,3-Dehydroshikimate,O=C(O)C1=CC(=O)C(O)C(O)C1,1,CC[C@H]1OC(=O)C[C@@H](OC(=O)C2=CC(=O)C(O)C(O)C2)[C@H](C)[C@@H](O[C@@H]2O[C@H](C)[C@@H](O)[C@H](N(C)C)[C@H]2O)[C@@H](CCN2C[C@H](C)C[C@H](C)C2)C[C@@H](C)C(=O)/C=C/C(C)=C/[C@@H]1CO[C@@H]1O[C@H](C)[C@@H](O)[C@@H](OC)[C@H]1OC,CC[C@H]1OC(=O)C[C@@H](OC(=O)C2=CC(=O)C(O)C(O)C2)[C@H](C)[C@@H](O[C@@H]2O[C@H](C)[C@@H](O)[C@H](N(C)C)[C@H]2O)[C@@H](CCN2C[C@H](C)C[C@H](C)C2)C[C@@H](C)C(=O)/C=C/C(C)=C/[C@@H]1CO[C@@H]1O[C@H](C)[C@@H](O)[C@@H](OC)[C@H]1OC,TRUE,,-0.021
tilmicosin,Tilmicosin (ÌæÃ×¿¼ÐÇ),REF_TILMICOSIN,repository_reference,O30_attached_to_C26,30,26,C,MPM01475,L-Glutamate 1-semialdehyde,NC(C=O)CCC(=O)O,1,CC[C@H]1OC(=O)C[C@@H](O)[C@H](C)[C@@H](O[C@@H]2O[C@H](C)[C@@H](OC(=O)CCC(N)C=O)[C@H](N(C)C)[C@H]2O)[C@@H](CCN2C[C@H](C)C[C@H](C)C2)C[C@@H](C)C(=O)/C=C/C(C)=C/[C@@H]1CO[C@@H]1O[C@H](C)[C@@H](O)[C@@H](OC)[C@H]1OC,CC[C@H]1OC(=O)C[C@@H](O)[C@H](C)[C@@H](O[C@@H]2O[C@H](C)[C@@H](OC(=O)CCC(N)C=O)[C@H](N(C)C)[C@H]2O)[C@@H](CCN2C[C@H](C)C[C@H](C)C2)C[C@@H](C)C(=O)/C=C/C(C)=C/[C@@H]1CO[C@@H]1O[C@H](C)[C@@H](O)[C@@H](OC)[C@H]1OC,TRUE,,-0.022
tilmicosin,Tilmicosin (ÌæÃ×¿¼ÐÇ),REF_TILMICOSIN,repository_reference,O34_attached_to_C24,34,24,C,MPM00585,Dihydro-L-orotic acid,O=C1CC(C(=O)O)NC(=O)N1,1,CC[C@H]1OC(=O)C[C@@H](O)[C@H](C)[C@@H](O[C@@H]2O[C@H](C)[C@@H](O)[C@H](N(C)C)[C@H]2OC(=O)C2CC(=O)NC(=O)N2)[C@@H](CCN2C[C@H](C)C[C@H](C)C2)C[C@@H](C)C(=O)/C=C/C(C)=C/[C@@H]1CO[C@@H]1O[C@H](C)[C@@H](O)[C@@H](OC)[C@H]1OC,CC[C@H]1OC(=O)C[C@@H](O)[C@H](C)[C@@H](O[C@@H]2O[C@H](C)[C@@H](O)[C@H](N(C)C)[C@H]2OC(=O)C2CC(=O)NC(=O)N2)[C@@H](CCN2C[C@H](C)C[C@H](C)C2)C[C@@H](C)C(=O)/C=C/C(C)=C/[C@@H]1CO[C@@H]1O[C@H](C)[C@@H](O)[C@@H](OC)[C@H]1OC,TRUE,,-0.022
tilmicosin,Tilmicosin (ÌæÃ×¿¼ÐÇ),REF_TILMICOSIN,repository_reference,O34_attached_to_C24,34,24,C,MPM00843,O-Phospho-L-threonine,CC(OP(=O)(O)O)C(N)C(=O)O,1,CC[C@H]1OC(=O)C[C@@H](O)[C@H](C)[C@@H](O[C@@H]2O[C@H](C)[C@@H](O)[C@H](N(C)C)[C@H]2OC(=O)C(N)C(C)OP(=O)(O)O)[C@@H](CCN2C[C@H](C)C[C@H](C)C2)C[C@@H](C)C(=O)/C=C/C(C)=C/[C@@H]1CO[C@@H]1O[C@H](C)[C@@H](O)[C@@H](OC)[C@H]1OC,CC[C@H]1OC(=O)C[C@@H](O)[C@H](C)[C@@H](O[C@@H]2O[C@H](C)[C@@H](O)[C@H](N(C)C)[C@H]2OC(=O)C(N)C(C)OP(=O)(O)O)[C@@H](CCN2C[C@H](C)C[C@H](C)C2)C[C@@H](C)C(=O)/C=C/C(C)=C/[C@@H]1CO[C@@H]1O[C@H](C)[C@@H](O)[C@@H](OC)[C@H]1OC,TRUE,,-0.023
tilmicosin,Tilmicosin (ÌæÃ×¿¼ÐÇ),REF_TILMICOSIN,repository_reference,O20_attached_to_C15,20,15,C,MPM01475,L-Glutamate 1-semialdehyde,NC(C=O)CCC(=O)O,1,CC[C@H]1OC(=O)C[C@@H](OC(=O)CCC(N)C=O)[C@H](C)[C@@H](O[C@@H]2O[C@H](C)[C@@H](O)[C@H](N(C)C)[C@H]2O)[C@@H](CCN2C[C@H](C)C[C@H](C)C2)C[C@@H](C)C(=O)/C=C/C(C)=C/[C@@H]1CO[C@@H]1O[C@H](C)[C@@H](O)[C@@H](OC)[C@H]1OC,CC[C@H]1OC(=O)C[C@@H](OC(=O)CCC(N)C=O)[C@H](C)[C@@H](O[C@@H]2O[C@H](C)[C@@H](O)[C@H](N(C)C)[C@H]2O)[C@@H](CCN2C[C@H](C)C[C@H](C)C2)C[C@@H](C)C(=O)/C=C/C(C)=C/[C@@H]1CO[C@@H]1O[C@H](C)[C@@H](O)[C@@H](OC)[C@H]1OC,TRUE,,-0.026
tilmicosin,Tilmicosin (ÌæÃ×¿¼ÐÇ),REF_TILMICOSIN,repository_reference,O34_attached_to_C24,34,24,C,MPM00087,(R)-Pantothenate,CC(C)(CO)C(O)C(=O)NCCC(=O)O,1,CC[C@H]1OC(=O)C[C@@H](O)[C@H](C)[C@@H](O[C@@H]2O[C@H](C)[C@@H](O)[C@H](N(C)C)[C@H]2OC(=O)CCNC(=O)C(O)C(C)(C)CO)[C@@H](CCN2C[C@H](C)C[C@H](C)C2)C[C@@H](C)C(=O)/C=C/C(C)=C/[C@@H]1CO[C@@H]1O[C@H](C)[C@@H](O)[C@@H](OC)[C@H]1OC,CC[C@H]1OC(=O)C[C@@H](O)[C@H](C)[C@@H](O[C@@H]2O[C@H](C)[C@@H](O)[C@H](N(C)C)[C@H]2OC(=O)CCNC(=O)C(O)C(C)(C)CO)[C@@H](CCN2C[C@H](C)C[C@H](C)C2)C[C@@H](C)C(=O)/C=C/C(C)=C/[C@@H]1CO[C@@H]1O[C@H](C)[C@@H](O)[C@@H](OC)[C@H]1OC,TRUE,,-0.027
tilmicosin,Tilmicosin (ÌæÃ×¿¼ÐÇ),REF_TILMICOSIN,repository_reference,O20_attached_to_C15,20,15,C,MPM00863,PEP,C=C(OP(=O)(O)O)C(=O)O,1,C=C(OP(=O)(O)O)C(=O)O[C@@H]1CC(=O)O[C@H](CC)[C@@H](CO[C@@H]2O[C@H](C)[C@@H](O)[C@@H](OC)[C@H]2OC)/C=C(C)/C=C/C(=O)[C@H](C)C[C@H](CCN2C[C@H](C)C[C@H](C)C2)[C@H](O[C@@H]2O[C@H](C)[C@@H](O)[C@H](N(C)C)[C@H]2O)[C@H]1C,C=C(OP(=O)(O)O)C(=O)O[C@@H]1CC(=O)O[C@H](CC)[C@@H](CO[C@@H]2O[C@H](C)[C@@H](O)[C@@H](OC)[C@H]2OC)/C=C(C)/C=C/C(=O)[C@H](C)C[C@H](CCN2C[C@H](C)C[C@H](C)C2)[C@H](O[C@@H]2O[C@H](C)[C@@H](O)[C@H](N(C)C)[C@H]2O)[C@H]1C,TRUE,,-0.034
tilmicosin,Tilmicosin (ÌæÃ×¿¼ÐÇ),REF_TILMICOSIN,repository_reference,O30_attached_to_C26,30,26,C,MPM00863,PEP,C=C(OP(=O)(O)O)C(=O)O,1,C=C(OP(=O)(O)O)C(=O)O[C@H]1[C@H](N(C)C)[C@@H](O)[C@H](O[C@H]2[C@@H](CCN3C[C@H](C)C[C@H](C)C3)C[C@@H](C)C(=O)/C=C/C(C)=C/[C@H](CO[C@@H]3O[C@H](C)[C@@H](O)[C@@H](OC)[C@H]3OC)[C@@H](CC)OC(=O)C[C@@H](O)[C@@H]2C)O[C@@H]1C,C=C(OP(=O)(O)O)C(=O)O[C@H]1[C@H](N(C)C)[C@@H](O)[C@H](O[C@H]2[C@@H](CCN3C[C@H](C)C[C@H](C)C3)C[C@@H](C)C(=O)/C=C/C(C)=C/[C@H](CO[C@@H]3O[C@H](C)[C@@H](O)[C@@H](OC)[C@H]3OC)[C@@H](CC)OC(=O)C[C@@H](O)[C@@H]2C)O[C@@H]1C,TRUE,,-0.034
tilmicosin,Tilmicosin (ÌæÃ×¿¼ÐÇ),REF_TILMICOSIN,repository_reference,O56_attached_to_C52,56,52,C,MPM00859,Pelargonic acid,CCCCCCCCC(=O)O,1,CCCCCCCCC(=O)O[C@H]1[C@@H](OC)[C@@H](OC)[C@H](OC[C@H]2/C=C(C)/C=C/C(=O)[C@H](C)C[C@H](CCN3C[C@H](C)C[C@H](C)C3)[C@H](O[C@@H]3O[C@H](C)[C@@H](O)[C@H](N(C)C)[C@H]3O)[C@@H](C)[C@H](O)CC(=O)O[C@@H]2CC)O[C@@H]1C,CCCCCCCCC(=O)O[C@H]1[C@@H](OC)[C@@H](OC)[C@H](OC[C@H]2/C=C(C)/C=C/C(=O)[C@H](C)C[C@H](CCN3C[C@H](C)C[C@H](C)C3)[C@H](O[C@@H]3O[C@H](C)[C@@H](O)[C@H](N(C)C)[C@H]3O)[C@@H](C)[C@H](O)CC(=O)O[C@@H]2CC)O[C@@H]1C,TRUE,,-0.035
tilmicosin,Tilmicosin (ÌæÃ×¿¼ÐÇ),REF_TILMICOSIN,repository_reference,O30_attached_to_C26,30,26,C,MPM00689,Heptanoate,CCCCCCC(=O)O,1,CCCCCCC(=O)O[C@H]1[C@H](N(C)C)[C@@H](O)[C@H](O[C@H]2[C@@H](CCN3C[C@H](C)C[C@H](C)C3)C[C@@H](C)C(=O)/C=C/C(C)=C/[C@H](CO[C@@H]3O[C@H](C)[C@@H](O)[C@@H](OC)[C@H]3OC)[C@@H](CC)OC(=O)C[C@@H](O)[C@@H]2C)O[C@@H]1C,CCCCCCC(=O)O[C@H]1[C@H](N(C)C)[C@@H](O)[C@H](O[C@H]2[C@@H](CCN3C[C@H](C)C[C@H](C)C3)C[C@@H](C)C(=O)/C=C/C(C)=C/[C@H](CO[C@@H]3O[C@H](C)[C@@H](O)[C@@H](OC)[C@H]3OC)[C@@H](CC)OC(=O)C[C@@H](O)[C@@H]2C)O[C@@H]1C,TRUE,,-0.038
tilmicosin,Tilmicosin (ÌæÃ×¿¼ÐÇ),REF_TILMICOSIN,repository_reference,O20_attached_to_C15,20,15,C,MPM00689,Heptanoate,CCCCCCC(=O)O,1,CCCCCCC(=O)O[C@@H]1CC(=O)O[C@H](CC)[C@@H](CO[C@@H]2O[C@H](C)[C@@H](O)[C@@H](OC)[C@H]2OC)/C=C(C)/C=C/C(=O)[C@H](C)C[C@H](CCN2C[C@H](C)C[C@H](C)C2)[C@H](O[C@@H]2O[C@H](C)[C@@H](O)[C@H](N(C)C)[C@H]2O)[C@H]1C,CCCCCCC(=O)O[C@@H]1CC(=O)O[C@H](CC)[C@@H](CO[C@@H]2O[C@H](C)[C@@H](O)[C@@H](OC)[C@H]2OC)/C=C(C)/C=C/C(=O)[C@H](C)C[C@H](CCN2C[C@H](C)C[C@H](C)C2)[C@H](O[C@@H]2O[C@H](C)[C@@H](O)[C@H](N(C)C)[C@H]2O)[C@H]1C,TRUE,,-0.039
tilmicosin,Tilmicosin (ÌæÃ×¿¼ÐÇ),REF_TILMICOSIN,repository_reference,O34_attached_to_C24,34,24,C,MPM00260,2-Oxoisocaproate,CC(C)CC(=O)C(=O)O,1,CC[C@H]1OC(=O)C[C@@H](O)[C@H](C)[C@@H](O[C@@H]2O[C@H](C)[C@@H](O)[C@H](N(C)C)[C@H]2OC(=O)C(=O)CC(C)C)[C@@H](CCN2C[C@H](C)C[C@H](C)C2)C[C@@H](C)C(=O)/C=C/C(C)=C/[C@@H]1CO[C@@H]1O[C@H](C)[C@@H](O)[C@@H](OC)[C@H]1OC,CC[C@H]1OC(=O)C[C@@H](O)[C@H](C)[C@@H](O[C@@H]2O[C@H](C)[C@@H](O)[C@H](N(C)C)[C@H]2OC(=O)C(=O)CC(C)C)[C@@H](CCN2C[C@H](C)C[C@H](C)C2)C[C@@H](C)C(=O)/C=C/C(C)=C/[C@@H]1CO[C@@H]1O[C@H](C)[C@@H](O)[C@@H](OC)[C@H]1OC,TRUE,,-0.039
tilmicosin,Tilmicosin (ÌæÃ×¿¼ÐÇ),REF_TILMICOSIN,repository_reference,O34_attached_to_C24,34,24,C,MPM00298,3-Hydroxyhexanoic acid,CCCC(O)CC(=O)O,1,CCCC(O)CC(=O)O[C@H]1[C@H](O[C@H]2[C@@H](CCN3C[C@H](C)C[C@H](C)C3)C[C@@H](C)C(=O)/C=C/C(C)=C/[C@H](CO[C@@H]3O[C@H](C)[C@@H](O)[C@@H](OC)[C@H]3OC)[C@@H](CC)OC(=O)C[C@@H](O)[C@@H]2C)O[C@H](C)[C@@H](O)[C@@H]1N(C)C,CCCC(O)CC(=O)O[C@H]1[C@H](O[C@H]2[C@@H](CCN3C[C@H](C)C[C@H](C)C3)C[C@@H](C)C(=O)/C=C/C(C)=C/[C@H](CO[C@@H]3O[C@H](C)[C@@H](O)[C@@H](OC)[C@H]3OC)[C@@H](CC)OC(=O)C[C@@H](O)[C@@H]2C)O[C@H](C)[C@@H](O)[C@@H]1N(C)C,TRUE,,-0.041
tilmicosin,Tilmicosin (ÌæÃ×¿¼ÐÇ),REF_TILMICOSIN,repository_reference,O56_attached_to_C52,56,52,C,MPM00108,(S)-methylmalonate semialdehyde,CC(C=O)C(=O)O,1,CC[C@H]1OC(=O)C[C@@H](O)[C@H](C)[C@@H](O[C@@H]2O[C@H](C)[C@@H](O)[C@H](N(C)C)[C@H]2O)[C@@H](CCN2C[C@H](C)C[C@H](C)C2)C[C@@H](C)C(=O)/C=C/C(C)=C/[C@@H]1CO[C@@H]1O[C@H](C)[C@@H](OC(=O)C(C)C=O)[C@@H](OC)[C@H]1OC,CC[C@H]1OC(=O)C[C@@H](O)[C@H](C)[C@@H](O[C@@H]2O[C@H](C)[C@@H](O)[C@H](N(C)C)[C@H]2O)[C@@H](CCN2C[C@H](C)C[C@H](C)C2)C[C@@H](C)C(=O)/C=C/C(C)=C/[C@@H]1CO[C@@H]1O[C@H](C)[C@@H](OC(=O)C(C)C=O)[C@@H](OC)[C@H]1OC,TRUE,,-0.043
tilmicosin,Tilmicosin (ÌæÃ×¿¼ÐÇ),REF_TILMICOSIN,repository_reference,O56_attached_to_C52,56,52,C,MPM00585,Dihydro-L-orotic acid,O=C1CC(C(=O)O)NC(=O)N1,1,CC[C@H]1OC(=O)C[C@@H](O)[C@H](C)[C@@H](O[C@@H]2O[C@H](C)[C@@H](O)[C@H](N(C)C)[C@H]2O)[C@@H](CCN2C[C@H](C)C[C@H](C)C2)C[C@@H](C)C(=O)/C=C/C(C)=C/[C@@H]1CO[C@@H]1O[C@H](C)[C@@H](OC(=O)C2CC(=O)NC(=O)N2)[C@@H](OC)[C@H]1OC,CC[C@H]1OC(=O)C[C@@H](O)[C@H](C)[C@@H](O[C@@H]2O[C@H](C)[C@@H](O)[C@H](N(C)C)[C@H]2O)[C@@H](CCN2C[C@H](C)C[C@H](C)C2)C[C@@H](C)C(=O)/C=C/C(C)=C/[C@@H]1CO[C@@H]1O[C@H](C)[C@@H](OC(=O)C2CC(=O)NC(=O)N2)[C@@H](OC)[C@H]1OC,TRUE,,-0.045
tilmicosin,Tilmicosin (ÌæÃ×¿¼ÐÇ),REF_TILMICOSIN,repository_reference,O56_attached_to_C52,56,52,C,MPM00843,O-Phospho-L-threonine,CC(OP(=O)(O)O)C(N)C(=O)O,1,CC[C@H]1OC(=O)C[C@@H](O)[C@H](C)[C@@H](O[C@@H]2O[C@H](C)[C@@H](O)[C@H](N(C)C)[C@H]2O)[C@@H](CCN2C[C@H](C)C[C@H](C)C2)C[C@@H](C)C(=O)/C=C/C(C)=C/[C@@H]1CO[C@@H]1O[C@H](C)[C@@H](OC(=O)C(N)C(C)OP(=O)(O)O)[C@@H](OC)[C@H]1OC,CC[C@H]1OC(=O)C[C@@H](O)[C@H](C)[C@@H](O[C@@H]2O[C@H](C)[C@@H](O)[C@H](N(C)C)[C@H]2O)[C@@H](CCN2C[C@H](C)C[C@H](C)C2)C[C@@H](C)C(=O)/C=C/C(C)=C/[C@@H]1CO[C@@H]1O[C@H](C)[C@@H](OC(=O)C(N)C(C)OP(=O)(O)O)[C@@H](OC)[C@H]1OC,TRUE,,-0.047
tilmicosin,Tilmicosin (ÌæÃ×¿¼ÐÇ),REF_TILMICOSIN,repository_reference,O30_attached_to_C26,30,26,C,MPM00160,1-pyrroline-2-carboxylic acid zwitterion,O=C(O)C1=NCCC1,1,CC[C@H]1OC(=O)C[C@@H](O)[C@H](C)[C@@H](O[C@@H]2O[C@H](C)[C@@H](OC(=O)C3=NCCC3)[C@H](N(C)C)[C@H]2O)[C@@H](CCN2C[C@H](C)C[C@H](C)C2)C[C@@H](C)C(=O)/C=C/C(C)=C/[C@@H]1CO[C@@H]1O[C@H](C)[C@@H](O)[C@@H](OC)[C@H]1OC,CC[C@H]1OC(=O)C[C@@H](O)[C@H](C)[C@@H](O[C@@H]2O[C@H](C)[C@@H](OC(=O)C3=NCCC3)[C@H](N(C)C)[C@H]2O)[C@@H](CCN2C[C@H](C)C[C@H](C)C2)C[C@@H](C)C(=O)/C=C/C(C)=C/[C@@H]1CO[C@@H]1O[C@H](C)[C@@H](O)[C@@H](OC)[C@H]1OC,TRUE,,-0.048
tilmicosin,Tilmicosin (ÌæÃ×¿¼ÐÇ),REF_TILMICOSIN,repository_reference,O20_attached_to_C15,20,15,C,MPM00837,Octanoate,CCCCCCCC(=O)O,1,CCCCCCCC(=O)O[C@@H]1CC(=O)O[C@H](CC)[C@@H](CO[C@@H]2O[C@H](C)[C@@H](O)[C@@H](OC)[C@H]2OC)/C=C(C)/C=C/C(=O)[C@H](C)C[C@H](CCN2C[C@H](C)C[C@H](C)C2)[C@H](O[C@@H]2O[C@H](C)[C@@H](O)[C@H](N(C)C)[C@H]2O)[C@H]1C,CCCCCCCC(=O)O[C@@H]1CC(=O)O[C@H](CC)[C@@H](CO[C@@H]2O[C@H](C)[C@@H](O)[C@@H](OC)[C@H]2OC)/C=C(C)/C=C/C(=O)[C@H](C)C[C@H](CCN2C[C@H](C)C[C@H](C)C2)[C@H](O[C@@H]2O[C@H](C)[C@@H](O)[C@H](N(C)C)[C@H]2O)[C@H]1C,TRUE,,-0.05
tilmicosin,Tilmicosin (ÌæÃ×¿¼ÐÇ),REF_TILMICOSIN,repository_reference,O56_attached_to_C52,56,52,C,MPM00087,(R)-Pantothenate,CC(C)(CO)C(O)C(=O)NCCC(=O)O,1,CC[C@H]1OC(=O)C[C@@H](O)[C@H](C)[C@@H](O[C@@H]2O[C@H](C)[C@@H](O)[C@H](N(C)C)[C@H]2O)[C@@H](CCN2C[C@H](C)C[C@H](C)C2)C[C@@H](C)C(=O)/C=C/C(C)=C/[C@@H]1CO[C@@H]1O[C@H](C)[C@@H](OC(=O)CCNC(=O)C(O)C(C)(C)CO)[C@@H](OC)[C@H]1OC,CC[C@H]1OC(=O)C[C@@H](O)[C@H](C)[C@@H](O[C@@H]2O[C@H](C)[C@@H](O)[C@H](N(C)C)[C@H]2O)[C@@H](CCN2C[C@H](C)C[C@H](C)C2)C[C@@H](C)C(=O)/C=C/C(C)=C/[C@@H]1CO[C@@H]1O[C@H](C)[C@@H](OC(=O)CCNC(=O)C(O)C(C)(C)CO)[C@@H](OC)[C@H]1OC,TRUE,,-0.05
tilmicosin,Tilmicosin (ÌæÃ×¿¼ÐÇ),REF_TILMICOSIN,repository_reference,O34_attached_to_C24,34,24,C,MPM00552,decanoate,CCCCCCCCCC(=O)O,1,CCCCCCCCCC(=O)O[C@H]1[C@H](O[C@H]2[C@@H](CCN3C[C@H](C)C[C@H](C)C3)C[C@@H](C)C(=O)/C=C/C(C)=C/[C@H](CO[C@@H]3O[C@H](C)[C@@H](O)[C@@H](OC)[C@H]3OC)[C@@H](CC)OC(=O)C[C@@H](O)[C@@H]2C)O[C@H](C)[C@@H](O)[C@@H]1N(C)C,CCCCCCCCCC(=O)O[C@H]1[C@H](O[C@H]2[C@@H](CCN3C[C@H](C)C[C@H](C)C3)C[C@@H](C)C(=O)/C=C/C(C)=C/[C@H](CO[C@@H]3O[C@H](C)[C@@H](O)[C@@H](OC)[C@H]3OC)[C@@H](CC)OC(=O)C[C@@H](O)[C@@H]2C)O[C@H](C)[C@@H](O)[C@@H]1N(C)C,TRUE,,-0.051
tilmicosin,Tilmicosin (ÌæÃ×¿¼ÐÇ),REF_TILMICOSIN,repository_reference,O20_attached_to_C15,20,15,C,MPM00160,1-pyrroline-2-carboxylic acid zwitterion,O=C(O)C1=NCCC1,1,CC[C@H]1OC(=O)C[C@@H](OC(=O)C2=NCCC2)[C@H](C)[C@@H](O[C@@H]2O[C@H](C)[C@@H](O)[C@H](N(C)C)[C@H]2O)[C@@H](CCN2C[C@H](C)C[C@H](C)C2)C[C@@H](C)C(=O)/C=C/C(C)=C/[C@@H]1CO[C@@H]1O[C@H](C)[C@@H](O)[C@@H](OC)[C@H]1OC,CC[C@H]1OC(=O)C[C@@H](OC(=O)C2=NCCC2)[C@H](C)[C@@H](O[C@@H]2O[C@H](C)[C@@H](O)[C@H](N(C)C)[C@H]2O)[C@@H](CCN2C[C@H](C)C[C@H](C)C2)C[C@@H](C)C(=O)/C=C/C(C)=C/[C@@H]1CO[C@@H]1O[C@H](C)[C@@H](O)[C@@H](OC)[C@H]1OC,TRUE,,-0.052
tilmicosin,Tilmicosin (ÌæÃ×¿¼ÐÇ),REF_TILMICOSIN,repository_reference,O30_attached_to_C26,30,26,C,MPM00837,Octanoate,CCCCCCCC(=O)O,1,CCCCCCCC(=O)O[C@H]1[C@H](N(C)C)[C@@H](O)[C@H](O[C@H]2[C@@H](CCN3C[C@H](C)C[C@H](C)C3)C[C@@H](C)C(=O)/C=C/C(C)=C/[C@H](CO[C@@H]3O[C@H](C)[C@@H](O)[C@@H](OC)[C@H]3OC)[C@@H](CC)OC(=O)C[C@@H](O)[C@@H]2C)O[C@@H]1C,CCCCCCCC(=O)O[C@H]1[C@H](N(C)C)[C@@H](O)[C@H](O[C@H]2[C@@H](CCN3C[C@H](C)C[C@H](C)C3)C[C@@H](C)C(=O)/C=C/C(C)=C/[C@H](CO[C@@H]3O[C@H](C)[C@@H](O)[C@@H](OC)[C@H]3OC)[C@@H](CC)OC(=O)C[C@@H](O)[C@@H]2C)O[C@@H]1C,TRUE,,-0.052
tilmicosin,Tilmicosin (ÌæÃ×¿¼ÐÇ),REF_TILMICOSIN,repository_reference,O30_attached_to_C26,30,26,C,MPM00302,3-Hydroxypentanoic acid,CCC(O)CC(=O)O,1,CCC(O)CC(=O)O[C@H]1[C@H](N(C)C)[C@@H](O)[C@H](O[C@H]2[C@@H](CCN3C[C@H](C)C[C@H](C)C3)C[C@@H](C)C(=O)/C=C/C(C)=C/[C@H](CO[C@@H]3O[C@H](C)[C@@H](O)[C@@H](OC)[C@H]3OC)[C@@H](CC)OC(=O)C[C@@H](O)[C@@H]2C)O[C@@H]1C,CCC(O)CC(=O)O[C@H]1[C@H](N(C)C)[C@@H](O)[C@H](O[C@H]2[C@@H](CCN3C[C@H](C)C[C@H](C)C3)C[C@@H](C)C(=O)/C=C/C(C)=C/[C@H](CO[C@@H]3O[C@H](C)[C@@H](O)[C@@H](OC)[C@H]3OC)[C@@H](CC)OC(=O)C[C@@H](O)[C@@H]2C)O[C@@H]1C,TRUE,,-0.053
tilmicosin,Tilmicosin (ÌæÃ×¿¼ÐÇ),REF_TILMICOSIN,repository_reference,O34_attached_to_C24,34,24,C,MPM01356,D-2-Amino-4-(methylthio)butyric acid,CSCCC(N)C(=O)O,1,CC[C@H]1OC(=O)C[C@@H](O)[C@H](C)[C@@H](O[C@@H]2O[C@H](C)[C@@H](O)[C@H](N(C)C)[C@H]2OC(=O)C(N)CCSC)[C@@H](CCN2C[C@H](C)C[C@H](C)C2)C[C@@H](C)C(=O)/C=C/C(C)=C/[C@@H]1CO[C@@H]1O[C@H](C)[C@@H](O)[C@@H](OC)[C@H]1OC,CC[C@H]1OC(=O)C[C@@H](O)[C@H](C)[C@@H](O[C@@H]2O[C@H](C)[C@@H](O)[C@H](N(C)C)[C@H]2OC(=O)C(N)CCSC)[C@@H](CCN2C[C@H](C)C[C@H](C)C2)C[C@@H](C)C(=O)/C=C/C(C)=C/[C@@H]1CO[C@@H]1O[C@H](C)[C@@H](O)[C@@H](OC)[C@H]1OC,TRUE,,-0.058
tilmicosin,Tilmicosin (ÌæÃ×¿¼ÐÇ),REF_TILMICOSIN,repository_reference,O20_attached_to_C15,20,15,C,MPM00302,3-Hydroxypentanoic acid,CCC(O)CC(=O)O,1,CCC(O)CC(=O)O[C@@H]1CC(=O)O[C@H](CC)[C@@H](CO[C@@H]2O[C@H](C)[C@@H](O)[C@@H](OC)[C@H]2OC)/C=C(C)/C=C/C(=O)[C@H](C)C[C@H](CCN2C[C@H](C)C[C@H](C)C2)[C@H](O[C@@H]2O[C@H](C)[C@@H](O)[C@H](N(C)C)[C@H]2O)[C@H]1C,CCC(O)CC(=O)O[C@@H]1CC(=O)O[C@H](CC)[C@@H](CO[C@@H]2O[C@H](C)[C@@H](O)[C@@H](OC)[C@H]2OC)/C=C(C)/C=C/C(=O)[C@H](C)C[C@H](CCN2C[C@H](C)C[C@H](C)C2)[C@H](O[C@@H]2O[C@H](C)[C@@H](O)[C@H](N(C)C)[C@H]2O)[C@H]1C,TRUE,,-0.059
tilmicosin,Tilmicosin (ÌæÃ×¿¼ÐÇ),REF_TILMICOSIN,repository_reference,O20_attached_to_C15,20,15,C,MPM01116,1-Piperideine-2-carboxylate,O=C(O)C1=NCCCC1,1,CC[C@H]1OC(=O)C[C@@H](OC(=O)C2=NCCCC2)[C@H](C)[C@@H](O[C@@H]2O[C@H](C)[C@@H](O)[C@H](N(C)C)[C@H]2O)[C@@H](CCN2C[C@H](C)C[C@H](C)C2)C[C@@H](C)C(=O)/C=C/C(C)=C/[C@@H]1CO[C@@H]1O[C@H](C)[C@@H](O)[C@@H](OC)[C@H]1OC,CC[C@H]1OC(=O)C[C@@H](OC(=O)C2=NCCCC2)[C@H](C)[C@@H](O[C@@H]2O[C@H](C)[C@@H](O)[C@H](N(C)C)[C@H]2O)[C@@H](CCN2C[C@H](C)C[C@H](C)C2)C[C@@H](C)C(=O)/C=C/C(C)=C/[C@@H]1CO[C@@H]1O[C@H](C)[C@@H](O)[C@@H](OC)[C@H]1OC,TRUE,,-0.059
tilmicosin,Tilmicosin (ÌæÃ×¿¼ÐÇ),REF_TILMICOSIN,repository_reference,O30_attached_to_C26,30,26,C,MPM01116,1-Piperideine-2-carboxylate,O=C(O)C1=NCCCC1,1,CC[C@H]1OC(=O)C[C@@H](O)[C@H](C)[C@@H](O[C@@H]2O[C@H](C)[C@@H](OC(=O)C3=NCCCC3)[C@H](N(C)C)[C@H]2O)[C@@H](CCN2C[C@H](C)C[C@H](C)C2)C[C@@H](C)C(=O)/C=C/C(C)=C/[C@@H]1CO[C@@H]1O[C@H](C)[C@@H](O)[C@@H](OC)[C@H]1OC,CC[C@H]1OC(=O)C[C@@H](O)[C@H](C)[C@@H](O[C@@H]2O[C@H](C)[C@@H](OC(=O)C3=NCCCC3)[C@H](N(C)C)[C@H]2O)[C@@H](CCN2C[C@H](C)C[C@H](C)C2)C[C@@H](C)C(=O)/C=C/C(C)=C/[C@@H]1CO[C@@H]1O[C@H](C)[C@@H](O)[C@@H](OC)[C@H]1OC,TRUE,,-0.059
tilmicosin,Tilmicosin (ÌæÃ×¿¼ÐÇ),REF_TILMICOSIN,repository_reference,O34_attached_to_C24,34,24,C,MPM00408,7-Phenylheptanoic acid,O=C(O)CCCCCCc1ccccc1,1,CC[C@H]1OC(=O)C[C@@H](O)[C@H](C)[C@@H](O[C@@H]2O[C@H](C)[C@@H](O)[C@H](N(C)C)[C@H]2OC(=O)CCCCCCc2ccccc2)[C@@H](CCN2C[C@H](C)C[C@H](C)C2)C[C@@H](C)C(=O)/C=C/C(C)=C/[C@@H]1CO[C@@H]1O[C@H](C)[C@@H](O)[C@@H](OC)[C@H]1OC,CC[C@H]1OC(=O)C[C@@H](O)[C@H](C)[C@@H](O[C@@H]2O[C@H](C)[C@@H](O)[C@H](N(C)C)[C@H]2OC(=O)CCCCCCc2ccccc2)[C@@H](CCN2C[C@H](C)C[C@H](C)C2)C[C@@H](C)C(=O)/C=C/C(C)=C/[C@@H]1CO[C@@H]1O[C@H](C)[C@@H](O)[C@@H](OC)[C@H]1OC,TRUE,,-0.059
tilmicosin,Tilmicosin (ÌæÃ×¿¼ÐÇ),REF_TILMICOSIN,repository_reference,O56_attached_to_C52,56,52,C,MPM00260,2-Oxoisocaproate,CC(C)CC(=O)C(=O)O,1,CC[C@H]1OC(=O)C[C@@H](O)[C@H](C)[C@@H](O[C@@H]2O[C@H](C)[C@@H](O)[C@H](N(C)C)[C@H]2O)[C@@H](CCN2C[C@H](C)C[C@H](C)C2)C[C@@H](C)C(=O)/C=C/C(C)=C/[C@@H]1CO[C@@H]1O[C@H](C)[C@@H](OC(=O)C(=O)CC(C)C)[C@@H](OC)[C@H]1OC,CC[C@H]1OC(=O)C[C@@H](O)[C@H](C)[C@@H](O[C@@H]2O[C@H](C)[C@@H](O)[C@H](N(C)C)[C@H]2O)[C@@H](CCN2C[C@H](C)C[C@H](C)C2)C[C@@H](C)C(=O)/C=C/C(C)=C/[C@@H]1CO[C@@H]1O[C@H](C)[C@@H](OC(=O)C(=O)CC(C)C)[C@@H](OC)[C@H]1OC,TRUE,,-0.061
tilmicosin,Tilmicosin (ÌæÃ×¿¼ÐÇ),REF_TILMICOSIN,repository_reference,O56_attached_to_C52,56,52,C,MPM00298,3-Hydroxyhexanoic acid,CCCC(O)CC(=O)O,1,CCCC(O)CC(=O)O[C@H]1[C@@H](OC)[C@@H](OC)[C@H](OC[C@H]2/C=C(C)/C=C/C(=O)[C@H](C)C[C@H](CCN3C[C@H](C)C[C@H](C)C3)[C@H](O[C@@H]3O[C@H](C)[C@@H](O)[C@H](N(C)C)[C@H]3O)[C@@H](C)[C@H](O)CC(=O)O[C@@H]2CC)O[C@@H]1C,CCCC(O)CC(=O)O[C@H]1[C@@H](OC)[C@@H](OC)[C@H](OC[C@H]2/C=C(C)/C=C/C(=O)[C@H](C)C[C@H](CCN3C[C@H](C)C[C@H](C)C3)[C@H](O[C@@H]3O[C@H](C)[C@@H](O)[C@H](N(C)C)[C@H]3O)[C@@H](C)[C@H](O)CC(=O)O[C@@H]2CC)O[C@@H]1C,TRUE,,-0.064
tilmicosin,Tilmicosin (ÌæÃ×¿¼ÐÇ),REF_TILMICOSIN,repository_reference,O20_attached_to_C15,20,15,C,MPM00399,6-Phenylhexanoic acid,O=C(O)CCCCCc1ccccc1,1,CC[C@H]1OC(=O)C[C@@H](OC(=O)CCCCCc2ccccc2)[C@H](C)[C@@H](O[C@@H]2O[C@H](C)[C@@H](O)[C@H](N(C)C)[C@H]2O)[C@@H](CCN2C[C@H](C)C[C@H](C)C2)C[C@@H](C)C(=O)/C=C/C(C)=C/[C@@H]1CO[C@@H]1O[C@H](C)[C@@H](O)[C@@H](OC)[C@H]1OC,CC[C@H]1OC(=O)C[C@@H](OC(=O)CCCCCc2ccccc2)[C@H](C)[C@@H](O[C@@H]2O[C@H](C)[C@@H](O)[C@H](N(C)C)[C@H]2O)[C@@H](CCN2C[C@H](C)C[C@H](C)C2)C[C@@H](C)C(=O)/C=C/C(C)=C/[C@@H]1CO[C@@H]1O[C@H](C)[C@@H](O)[C@@H](OC)[C@H]1OC,TRUE,,-0.068
tilmicosin,Tilmicosin (ÌæÃ×¿¼ÐÇ),REF_TILMICOSIN,repository_reference,O30_attached_to_C26,30,26,C,MPM00399,6-Phenylhexanoic acid,O=C(O)CCCCCc1ccccc1,1,CC[C@H]1OC(=O)C[C@@H](O)[C@H](C)[C@@H](O[C@@H]2O[C@H](C)[C@@H](OC(=O)CCCCCc3ccccc3)[C@H](N(C)C)[C@H]2O)[C@@H](CCN2C[C@H](C)C[C@H](C)C2)C[C@@H](C)C(=O)/C=C/C(C)=C/[C@@H]1CO[C@@H]1O[C@H](C)[C@@H](O)[C@@H](OC)[C@H]1OC,CC[C@H]1OC(=O)C[C@@H](O)[C@H](C)[C@@H](O[C@@H]2O[C@H](C)[C@@H](OC(=O)CCCCCc3ccccc3)[C@H](N(C)C)[C@H]2O)[C@@H](CCN2C[C@H](C)C[C@H](C)C2)C[C@@H](C)C(=O)/C=C/C(C)=C/[C@@H]1CO[C@@H]1O[C@H](C)[C@@H](O)[C@@H](OC)[C@H]1OC,TRUE,,-0.07
tilmicosin,Tilmicosin (ÌæÃ×¿¼ÐÇ),REF_TILMICOSIN,repository_reference,O30_attached_to_C26,30,26,C,MPM01076,(S)-2-Amino-6-oxohexanoate,NC(CCCC=O)C(=O)O,1,CC[C@H]1OC(=O)C[C@@H](O)[C@H](C)[C@@H](O[C@@H]2O[C@H](C)[C@@H](OC(=O)C(N)CCCC=O)[C@H](N(C)C)[C@H]2O)[C@@H](CCN2C[C@H](C)C[C@H](C)C2)C[C@@H](C)C(=O)/C=C/C(C)=C/[C@@H]1CO[C@@H]1O[C@H](C)[C@@H](O)[C@@H](OC)[C@H]1OC,CC[C@H]1OC(=O)C[C@@H](O)[C@H](C)[C@@H](O[C@@H]2O[C@H](C)[C@@H](OC(=O)C(N)CCCC=O)[C@H](N(C)C)[C@H]2O)[C@@H](CCN2C[C@H](C)C[C@H](C)C2)C[C@@H](C)C(=O)/C=C/C(C)=C/[C@@H]1CO[C@@H]1O[C@H](C)[C@@H](O)[C@@H](OC)[C@H]1OC,TRUE,,-0.072
tilmicosin,Tilmicosin (ÌæÃ×¿¼ÐÇ),REF_TILMICOSIN,repository_reference,O20_attached_to_C15,20,15,C,MPM00548,DAPA,CC(N)C(N)CCCCCC(=O)O,1,CC[C@H]1OC(=O)C[C@@H](OC(=O)CCCCCC(N)C(C)N)[C@H](C)[C@@H](O[C@@H]2O[C@H](C)[C@@H](O)[C@H](N(C)C)[C@H]2O)[C@@H](CCN2C[C@H](C)C[C@H](C)C2)C[C@@H](C)C(=O)/C=C/C(C)=C/[C@@H]1CO[C@@H]1O[C@H](C)[C@@H](O)[C@@H](OC)[C@H]1OC,CC[C@H]1OC(=O)C[C@@H](OC(=O)CCCCCC(N)C(C)N)[C@H](C)[C@@H](O[C@@H]2O[C@H](C)[C@@H](O)[C@H](N(C)C)[C@H]2O)[C@@H](CCN2C[C@H](C)C[C@H](C)C2)C[C@@H](C)C(=O)/C=C/C(C)=C/[C@@H]1CO[C@@H]1O[C@H](C)[C@@H](O)[C@@H](OC)[C@H]1OC,TRUE,,-0.073
tilmicosin,Tilmicosin (ÌæÃ×¿¼ÐÇ),REF_TILMICOSIN,repository_reference,O20_attached_to_C15,20,15,C,MPM01076,(S)-2-Amino-6-oxohexanoate,NC(CCCC=O)C(=O)O,1,CC[C@H]1OC(=O)C[C@@H](OC(=O)C(N)CCCC=O)[C@H](C)[C@@H](O[C@@H]2O[C@H](C)[C@@H](O)[C@H](N(C)C)[C@H]2O)[C@@H](CCN2C[C@H](C)C[C@H](C)C2)C[C@@H](C)C(=O)/C=C/C(C)=C/[C@@H]1CO[C@@H]1O[C@H](C)[C@@H](O)[C@@H](OC)[C@H]1OC,CC[C@H]1OC(=O)C[C@@H](OC(=O)C(N)CCCC=O)[C@H](C)[C@@H](O[C@@H]2O[C@H](C)[C@@H](O)[C@H](N(C)C)[C@H]2O)[C@@H](CCN2C[C@H](C)C[C@H](C)C2)C[C@@H](C)C(=O)/C=C/C(C)=C/[C@@H]1CO[C@@H]1O[C@H](C)[C@@H](O)[C@@H](OC)[C@H]1OC,TRUE,,-0.073
tilmicosin,Tilmicosin (ÌæÃ×¿¼ÐÇ),REF_TILMICOSIN,repository_reference,O56_attached_to_C52,56,52,C,MPM00552,decanoate,CCCCCCCCCC(=O)O,1,CCCCCCCCCC(=O)O[C@H]1[C@@H](OC)[C@@H](OC)[C@H](OC[C@H]2/C=C(C)/C=C/C(=O)[C@H](C)C[C@H](CCN3C[C@H](C)C[C@H](C)C3)[C@H](O[C@@H]3O[C@H](C)[C@@H](O)[C@H](N(C)C)[C@H]3O)[C@@H](C)[C@H](O)CC(=O)O[C@@H]2CC)O[C@@H]1C,CCCCCCCCCC(=O)O[C@H]1[C@@H](OC)[C@@H](OC)[C@H](OC[C@H]2/C=C(C)/C=C/C(=O)[C@H](C)C[C@H](CCN3C[C@H](C)C[C@H](C)C3)[C@H](O[C@@H]3O[C@H](C)[C@@H](O)[C@H](N(C)C)[C@H]3O)[C@@H](C)[C@H](O)CC(=O)O[C@@H]2CC)O[C@@H]1C,TRUE,,-0.075
tilmicosin,Tilmicosin (ÌæÃ×¿¼ÐÇ),REF_TILMICOSIN,repository_reference,O30_attached_to_C26,30,26,C,MPM00548,DAPA,CC(N)C(N)CCCCCC(=O)O,1,CC[C@H]1OC(=O)C[C@@H](O)[C@H](C)[C@@H](O[C@@H]2O[C@H](C)[C@@H](OC(=O)CCCCCC(N)C(C)N)[C@H](N(C)C)[C@H]2O)[C@@H](CCN2C[C@H](C)C[C@H](C)C2)C[C@@H](C)C(=O)/C=C/C(C)=C/[C@@H]1CO[C@@H]1O[C@H](C)[C@@H](O)[C@@H](OC)[C@H]1OC,CC[C@H]1OC(=O)C[C@@H](O)[C@H](C)[C@@H](O[C@@H]2O[C@H](C)[C@@H](OC(=O)CCCCCC(N)C(C)N)[C@H](N(C)C)[C@H]2O)[C@@H](CCN2C[C@H](C)C[C@H](C)C2)C[C@@H](C)C(=O)/C=C/C(C)=C/[C@@H]1CO[C@@H]1O[C@H](C)[C@@H](O)[C@@H](OC)[C@H]1OC,TRUE,,-0.077
tilmicosin,Tilmicosin (ÌæÃ×¿¼ÐÇ),REF_TILMICOSIN,repository_reference,O34_attached_to_C24,34,24,C,MPM00737,l-Alanyl-l-leucine,CC(C)CC(NC(=O)C(C)N)C(=O)O,1,CC[C@H]1OC(=O)C[C@@H](O)[C@H](C)[C@@H](O[C@@H]2O[C@H](C)[C@@H](O)[C@H](N(C)C)[C@H]2OC(=O)C(CC(C)C)NC(=O)C(C)N)[C@@H](CCN2C[C@H](C)C[C@H](C)C2)C[C@@H](C)C(=O)/C=C/C(C)=C/[C@@H]1CO[C@@H]1O[C@H](C)[C@@H](O)[C@@H](OC)[C@H]1OC,CC[C@H]1OC(=O)C[C@@H](O)[C@H](C)[C@@H](O[C@@H]2O[C@H](C)[C@@H](O)[C@H](N(C)C)[C@H]2OC(=O)C(CC(C)C)NC(=O)C(C)N)[C@@H](CCN2C[C@H](C)C[C@H](C)C2)C[C@@H](C)C(=O)/C=C/C(C)=C/[C@@H]1CO[C@@H]1O[C@H](C)[C@@H](O)[C@@H](OC)[C@H]1OC,TRUE,,-0.077
tilmicosin,Tilmicosin (ÌæÃ×¿¼ÐÇ),REF_TILMICOSIN,repository_reference,O56_attached_to_C52,56,52,C,MPM01356,D-2-Amino-4-(methylthio)butyric acid,CSCCC(N)C(=O)O,1,CC[C@H]1OC(=O)C[C@@H](O)[C@H](C)[C@@H](O[C@@H]2O[C@H](C)[C@@H](O)[C@H](N(C)C)[C@H]2O)[C@@H](CCN2C[C@H](C)C[C@H](C)C2)C[C@@H](C)C(=O)/C=C/C(C)=C/[C@@H]1CO[C@@H]1O[C@H](C)[C@@H](OC(=O)C(N)CCSC)[C@@H](OC)[C@H]1OC,CC[C@H]1OC(=O)C[C@@H](O)[C@H](C)[C@@H](O[C@@H]2O[C@H](C)[C@@H](O)[C@H](N(C)C)[C@H]2O)[C@@H](CCN2C[C@H](C)C[C@H](C)C2)C[C@@H](C)C(=O)/C=C/C(C)=C/[C@@H]1CO[C@@H]1O[C@H](C)[C@@H](OC(=O)C(N)CCSC)[C@@H](OC)[C@H]1OC,TRUE,,-0.081
tilmicosin,Tilmicosin (ÌæÃ×¿¼ÐÇ),REF_TILMICOSIN,repository_reference,O56_attached_to_C52,56,52,C,MPM00408,7-Phenylheptanoic acid,O=C(O)CCCCCCc1ccccc1,1,CC[C@H]1OC(=O)C[C@@H](O)[C@H](C)[C@@H](O[C@@H]2O[C@H](C)[C@@H](O)[C@H](N(C)C)[C@H]2O)[C@@H](CCN2C[C@H](C)C[C@H](C)C2)C[C@@H](C)C(=O)/C=C/C(C)=C/[C@@H]1CO[C@@H]1O[C@H](C)[C@@H](OC(=O)CCCCCCc2ccccc2)[C@@H](OC)[C@H]1OC,CC[C@H]1OC(=O)C[C@@H](O)[C@H](C)[C@@H](O[C@@H]2O[C@H](C)[C@@H](O)[C@H](N(C)C)[C@H]2O)[C@@H](CCN2C[C@H](C)C[C@H](C)C2)C[C@@H](C)C(=O)/C=C/C(C)=C/[C@@H]1CO[C@@H]1O[C@H](C)[C@@H](OC(=O)CCCCCCc2ccccc2)[C@@H](OC)[C@H]1OC,TRUE,,-0.082
tilmicosin,Tilmicosin (ÌæÃ×¿¼ÐÇ),REF_TILMICOSIN,repository_reference,O34_attached_to_C24,34,24,C,MPM00004,(-)-Ureidoglycolate,NC(=O)NC(O)C(=O)O,1,CC[C@H]1OC(=O)C[C@@H](O)[C@H](C)[C@@H](O[C@@H]2O[C@H](C)[C@@H](O)[C@H](N(C)C)[C@H]2OC(=O)C(O)NC(N)=O)[C@@H](CCN2C[C@H](C)C[C@H](C)C2)C[C@@H](C)C(=O)/C=C/C(C)=C/[C@@H]1CO[C@@H]1O[C@H](C)[C@@H](O)[C@@H](OC)[C@H]1OC,CC[C@H]1OC(=O)C[C@@H](O)[C@H](C)[C@@H](O[C@@H]2O[C@H](C)[C@@H](O)[C@H](N(C)C)[C@H]2OC(=O)C(O)NC(N)=O)[C@@H](CCN2C[C@H](C)C[C@H](C)C2)C[C@@H](C)C(=O)/C=C/C(C)=C/[C@@H]1CO[C@@H]1O[C@H](C)[C@@H](O)[C@@H](OC)[C@H]1OC,TRUE,,-0.087
tilmicosin,Tilmicosin (ÌæÃ×¿¼ÐÇ),REF_TILMICOSIN,repository_reference,O20_attached_to_C15,20,15,C,MPM00859,Pelargonic acid,CCCCCCCCC(=O)O,1,CCCCCCCCC(=O)O[C@@H]1CC(=O)O[C@H](CC)[C@@H](CO[C@@H]2O[C@H](C)[C@@H](O)[C@@H](OC)[C@H]2OC)/C=C(C)/C=C/C(=O)[C@H](C)C[C@H](CCN2C[C@H](C)C[C@H](C)C2)[C@H](O[C@@H]2O[C@H](C)[C@@H](O)[C@H](N(C)C)[C@H]2O)[C@H]1C,CCCCCCCCC(=O)O[C@@H]1CC(=O)O[C@H](CC)[C@@H](CO[C@@H]2O[C@H](C)[C@@H](O)[C@@H](OC)[C@H]2OC)/C=C(C)/C=C/C(=O)[C@H](C)C[C@H](CCN2C[C@H](C)C[C@H](C)C2)[C@H](O[C@@H]2O[C@H](C)[C@@H](O)[C@H](N(C)C)[C@H]2O)[C@H]1C,TRUE,,-0.089
tilmicosin,Tilmicosin (ÌæÃ×¿¼ÐÇ),REF_TILMICOSIN,repository_reference,O30_attached_to_C26,30,26,C,MPM00859,Pelargonic acid,CCCCCCCCC(=O)O,1,CCCCCCCCC(=O)O[C@H]1[C@H](N(C)C)[C@@H](O)[C@H](O[C@H]2[C@@H](CCN3C[C@H](C)C[C@H](C)C3)C[C@@H](C)C(=O)/C=C/C(C)=C/[C@H](CO[C@@H]3O[C@H](C)[C@@H](O)[C@@H](OC)[C@H]3OC)[C@@H](CC)OC(=O)C[C@@H](O)[C@@H]2C)O[C@@H]1C,CCCCCCCCC(=O)O[C@H]1[C@H](N(C)C)[C@@H](O)[C@H](O[C@H]2[C@@H](CCN3C[C@H](C)C[C@H](C)C3)C[C@@H](C)C(=O)/C=C/C(C)=C/[C@H](CO[C@@H]3O[C@H](C)[C@@H](O)[C@@H](OC)[C@H]3OC)[C@@H](CC)OC(=O)C[C@@H](O)[C@@H]2C)O[C@@H]1C,TRUE,,-0.091
tilmicosin,Tilmicosin (ÌæÃ×¿¼ÐÇ),REF_TILMICOSIN,repository_reference,O34_attached_to_C24,34,24,C,MPM00262,2-Phospho-(R)-glycerate,O=C(O)C(CO)OP(=O)(O)O,1,CC[C@H]1OC(=O)C[C@@H](O)[C@H](C)[C@@H](O[C@@H]2O[C@H](C)[C@@H](O)[C@H](N(C)C)[C@H]2OC(=O)C(CO)OP(=O)(O)O)[C@@H](CCN2C[C@H](C)C[C@H](C)C2)C[C@@H](C)C(=O)/C=C/C(C)=C/[C@@H]1CO[C@@H]1O[C@H](C)[C@@H](O)[C@@H](OC)[C@H]1OC,CC[C@H]1OC(=O)C[C@@H](O)[C@H](C)[C@@H](O[C@@H]2O[C@H](C)[C@@H](O)[C@H](N(C)C)[C@H]2OC(=O)C(CO)OP(=O)(O)O)[C@@H](CCN2C[C@H](C)C[C@H](C)C2)C[C@@H](C)C(=O)/C=C/C(C)=C/[C@@H]1CO[C@@H]1O[C@H](C)[C@@H](O)[C@@H](OC)[C@H]1OC,TRUE,,-0.091
tilmicosin,Tilmicosin (ÌæÃ×¿¼ÐÇ),REF_TILMICOSIN,repository_reference,O34_attached_to_C24,34,24,C,MPM00359,4-Oxobutanoate,O=CCCC(=O)O,1,CC[C@H]1OC(=O)C[C@@H](O)[C@H](C)[C@@H](O[C@@H]2O[C@H](C)[C@@H](O)[C@H](N(C)C)[C@H]2OC(=O)CCC=O)[C@@H](CCN2C[C@H](C)C[C@H](C)C2)C[C@@H](C)C(=O)/C=C/C(C)=C/[C@@H]1CO[C@@H]1O[C@H](C)[C@@H](O)[C@@H](OC)[C@H]1OC,CC[C@H]1OC(=O)C[C@@H](O)[C@H](C)[C@@H](O[C@@H]2O[C@H](C)[C@@H](O)[C@H](N(C)C)[C@H]2OC(=O)CCC=O)[C@@H](CCN2C[C@H](C)C[C@H](C)C2)C[C@@H](C)C(=O)/C=C/C(C)=C/[C@@H]1CO[C@@H]1O[C@H](C)[C@@H](O)[C@@H](OC)[C@H]1OC,TRUE,,-0.093
tilmicosin,Tilmicosin (ÌæÃ×¿¼ÐÇ),REF_TILMICOSIN,repository_reference,O30_attached_to_C26,30,26,C,MPM00108,(S)-methylmalonate semialdehyde,CC(C=O)C(=O)O,1,CC[C@H]1OC(=O)C[C@@H](O)[C@H](C)[C@@H](O[C@@H]2O[C@H](C)[C@@H](OC(=O)C(C)C=O)[C@H](N(C)C)[C@H]2O)[C@@H](CCN2C[C@H](C)C[C@H](C)C2)C[C@@H](C)C(=O)/C=C/C(C)=C/[C@@H]1CO[C@@H]1O[C@H](C)[C@@H](O)[C@@H](OC)[C@H]1OC,CC[C@H]1OC(=O)C[C@@H](O)[C@H](C)[C@@H](O[C@@H]2O[C@H](C)[C@@H](OC(=O)C(C)C=O)[C@H](N(C)C)[C@H]2O)[C@@H](CCN2C[C@H](C)C[C@H](C)C2)C[C@@H](C)C(=O)/C=C/C(C)=C/[C@@H]1CO[C@@H]1O[C@H](C)[C@@H](O)[C@@H](OC)[C@H]1OC,TRUE,,-0.098
tilmicosin,Tilmicosin (ÌæÃ×¿¼ÐÇ),REF_TILMICOSIN,repository_reference,O34_attached_to_C24,34,24,C,MPM00720,Isovalerate,CC(C)CC(=O)O,1,CC[C@H]1OC(=O)C[C@@H](O)[C@H](C)[C@@H](O[C@@H]2O[C@H](C)[C@@H](O)[C@H](N(C)C)[C@H]2OC(=O)CC(C)C)[C@@H](CCN2C[C@H](C)C[C@H](C)C2)C[C@@H](C)C(=O)/C=C/C(C)=C/[C@@H]1CO[C@@H]1O[C@H](C)[C@@H](O)[C@@H](OC)[C@H]1OC,CC[C@H]1OC(=O)C[C@@H](O)[C@H](C)[C@@H](O[C@@H]2O[C@H](C)[C@@H](O)[C@H](N(C)C)[C@H]2OC(=O)CC(C)C)[C@@H](CCN2C[C@H](C)C[C@H](C)C2)C[C@@H](C)C(=O)/C=C/C(C)=C/[C@@H]1CO[C@@H]1O[C@H](C)[C@@H](O)[C@@H](OC)[C@H]1OC,TRUE,,-0.098
tilmicosin,Tilmicosin (ÌæÃ×¿¼ÐÇ),REF_TILMICOSIN,repository_reference,O56_attached_to_C52,56,52,C,MPM00737,l-Alanyl-l-leucine,CC(C)CC(NC(=O)C(C)N)C(=O)O,1,CC[C@H]1OC(=O)C[C@@H](O)[C@H](C)[C@@H](O[C@@H]2O[C@H](C)[C@@H](O)[C@H](N(C)C)[C@H]2O)[C@@H](CCN2C[C@H](C)C[C@H](C)C2)C[C@@H](C)C(=O)/C=C/C(C)=C/[C@@H]1CO[C@@H]1O[C@H](C)[C@@H](OC(=O)C(CC(C)C)NC(=O)C(C)N)[C@@H](OC)[C@H]1OC,CC[C@H]1OC(=O)C[C@@H](O)[C@H](C)[C@@H](O[C@@H]2O[C@H](C)[C@@H](O)[C@H](N(C)C)[C@H]2O)[C@@H](CCN2C[C@H](C)C[C@H](C)C2)C[C@@H](C)C(=O)/C=C/C(C)=C/[C@@H]1CO[C@@H]1O[C@H](C)[C@@H](OC(=O)C(CC(C)C)NC(=O)C(C)N)[C@@H](OC)[C@H]1OC,TRUE,,-0.1
tilmicosin,Tilmicosin (ÌæÃ×¿¼ÐÇ),REF_TILMICOSIN,repository_reference,O30_attached_to_C26,30,26,C,MPM00585,Dihydro-L-orotic acid,O=C1CC(C(=O)O)NC(=O)N1,1,CC[C@H]1OC(=O)C[C@@H](O)[C@H](C)[C@@H](O[C@@H]2O[C@H](C)[C@@H](OC(=O)C3CC(=O)NC(=O)N3)[C@H](N(C)C)[C@H]2O)[C@@H](CCN2C[C@H](C)C[C@H](C)C2)C[C@@H](C)C(=O)/C=C/C(C)=C/[C@@H]1CO[C@@H]1O[C@H](C)[C@@H](O)[C@@H](OC)[C@H]1OC,CC[C@H]1OC(=O)C[C@@H](O)[C@H](C)[C@@H](O[C@@H]2O[C@H](C)[C@@H](OC(=O)C3CC(=O)NC(=O)N3)[C@H](N(C)C)[C@H]2O)[C@@H](CCN2C[C@H](C)C[C@H](C)C2)C[C@@H](C)C(=O)/C=C/C(C)=C/[C@@H]1CO[C@@H]1O[C@H](C)[C@@H](O)[C@@H](OC)[C@H]1OC,TRUE,,-0.101
tilmicosin,Tilmicosin (ÌæÃ×¿¼ÐÇ),REF_TILMICOSIN,repository_reference,O30_attached_to_C26,30,26,C,MPM00843,O-Phospho-L-threonine,CC(OP(=O)(O)O)C(N)C(=O)O,1,CC[C@H]1OC(=O)C[C@@H](O)[C@H](C)[C@@H](O[C@@H]2O[C@H](C)[C@@H](OC(=O)C(N)C(C)OP(=O)(O)O)[C@H](N(C)C)[C@H]2O)[C@@H](CCN2C[C@H](C)C[C@H](C)C2)C[C@@H](C)C(=O)/C=C/C(C)=C/[C@@H]1CO[C@@H]1O[C@H](C)[C@@H](O)[C@@H](OC)[C@H]1OC,CC[C@H]1OC(=O)C[C@@H](O)[C@H](C)[C@@H](O[C@@H]2O[C@H](C)[C@@H](OC(=O)C(N)C(C)OP(=O)(O)O)[C@H](N(C)C)[C@H]2O)[C@@H](CCN2C[C@H](C)C[C@H](C)C2)C[C@@H](C)C(=O)/C=C/C(C)=C/[C@@H]1CO[C@@H]1O[C@H](C)[C@@H](O)[C@@H](OC)[C@H]1OC,TRUE,,-0.102
tilmicosin,Tilmicosin (ÌæÃ×¿¼ÐÇ),REF_TILMICOSIN,repository_reference,O20_attached_to_C15,20,15,C,MPM00087,(R)-Pantothenate,CC(C)(CO)C(O)C(=O)NCCC(=O)O,1,CC[C@H]1OC(=O)C[C@@H](OC(=O)CCNC(=O)C(O)C(C)(C)CO)[C@H](C)[C@@H](O[C@@H]2O[C@H](C)[C@@H](O)[C@H](N(C)C)[C@H]2O)[C@@H](CCN2C[C@H](C)C[C@H](C)C2)C[C@@H](C)C(=O)/C=C/C(C)=C/[C@@H]1CO[C@@H]1O[C@H](C)[C@@H](O)[C@@H](OC)[C@H]1OC,CC[C@H]1OC(=O)C[C@@H](OC(=O)CCNC(=O)C(O)C(C)(C)CO)[C@H](C)[C@@H](O[C@@H]2O[C@H](C)[C@@H](O)[C@H](N(C)C)[C@H]2O)[C@@H](CCN2C[C@H](C)C[C@H](C)C2)C[C@@H](C)C(=O)/C=C/C(C)=C/[C@@H]1CO[C@@H]1O[C@H](C)[C@@H](O)[C@@H](OC)[C@H]1OC,TRUE,,-0.103
tilmicosin,Tilmicosin (ÌæÃ×¿¼ÐÇ),REF_TILMICOSIN,repository_reference,O20_attached_to_C15,20,15,C,MPM00843,O-Phospho-L-threonine,CC(OP(=O)(O)O)C(N)C(=O)O,1,CC[C@H]1OC(=O)C[C@@H](OC(=O)C(N)C(C)OP(=O)(O)O)[C@H](C)[C@@H](O[C@@H]2O[C@H](C)[C@@H](O)[C@H](N(C)C)[C@H]2O)[C@@H](CCN2C[C@H](C)C[C@H](C)C2)C[C@@H](C)C(=O)/C=C/C(C)=C/[C@@H]1CO[C@@H]1O[C@H](C)[C@@H](O)[C@@H](OC)[C@H]1OC,CC[C@H]1OC(=O)C[C@@H](OC(=O)C(N)C(C)OP(=O)(O)O)[C@H](C)[C@@H](O[C@@H]2O[C@H](C)[C@@H](O)[C@H](N(C)C)[C@H]2O)[C@@H](CCN2C[C@H](C)C[C@H](C)C2)C[C@@H](C)C(=O)/C=C/C(C)=C/[C@@H]1CO[C@@H]1O[C@H](C)[C@@H](O)[C@@H](OC)[C@H]1OC,TRUE,,-0.106
tilmicosin,Tilmicosin (ÌæÃ×¿¼ÐÇ),REF_TILMICOSIN,repository_reference,O30_attached_to_C26,30,26,C,MPM00087,(R)-Pantothenate,CC(C)(CO)C(O)C(=O)NCCC(=O)O,1,CC[C@H]1OC(=O)C[C@@H](O)[C@H](C)[C@@H](O[C@@H]2O[C@H](C)[C@@H](OC(=O)CCNC(=O)C(O)C(C)(C)CO)[C@H](N(C)C)[C@H]2O)[C@@H](CCN2C[C@H](C)C[C@H](C)C2)C[C@@H](C)C(=O)/C=C/C(C)=C/[C@@H]1CO[C@@H]1O[C@H](C)[C@@H](O)[C@@H](OC)[C@H]1OC,CC[C@H]1OC(=O)C[C@@H](O)[C@H](C)[C@@H](O[C@@H]2O[C@H](C)[C@@H](OC(=O)CCNC(=O)C(O)C(C)(C)CO)[C@H](N(C)C)[C@H]2O)[C@@H](CCN2C[C@H](C)C[C@H](C)C2)C[C@@H](C)C(=O)/C=C/C(C)=C/[C@@H]1CO[C@@H]1O[C@H](C)[C@@H](O)[C@@H](OC)[C@H]1OC,TRUE,,-0.106
tilmicosin,Tilmicosin (ÌæÃ×¿¼ÐÇ),REF_TILMICOSIN,repository_reference,O20_attached_to_C15,20,15,C,MPM00585,Dihydro-L-orotic acid,O=C1CC(C(=O)O)NC(=O)N1,1,CC[C@H]1OC(=O)C[C@@H](OC(=O)C2CC(=O)NC(=O)N2)[C@H](C)[C@@H](O[C@@H]2O[C@H](C)[C@@H](O)[C@H](N(C)C)[C@H]2O)[C@@H](CCN2C[C@H](C)C[C@H](C)C2)C[C@@H](C)C(=O)/C=C/C(C)=C/[C@@H]1CO[C@@H]1O[C@H](C)[C@@H](O)[C@@H](OC)[C@H]1OC,CC[C@H]1OC(=O)C[C@@H](OC(=O)C2CC(=O)NC(=O)N2)[C@H](C)[C@@H](O[C@@H]2O[C@H](C)[C@@H](O)[C@H](N(C)C)[C@H]2O)[C@@H](CCN2C[C@H](C)C[C@H](C)C2)C[C@@H](C)C(=O)/C=C/C(C)=C/[C@@H]1CO[C@@H]1O[C@H](C)[C@@H](O)[C@@H](OC)[C@H]1OC,TRUE,,-0.107
tilmicosin,Tilmicosin (ÌæÃ×¿¼ÐÇ),REF_TILMICOSIN,repository_reference,O34_attached_to_C24,34,24,C,MPM00295,3-hydroxyheptanoic Acid,CCCCC(O)CC(=O)O,1,CCCCC(O)CC(=O)O[C@H]1[C@H](O[C@H]2[C@@H](CCN3C[C@H](C)C[C@H](C)C3)C[C@@H](C)C(=O)/C=C/C(C)=C/[C@H](CO[C@@H]3O[C@H](C)[C@@H](O)[C@@H](OC)[C@H]3OC)[C@@H](CC)OC(=O)C[C@@H](O)[C@@H]2C)O[C@H](C)[C@@H](O)[C@@H]1N(C)C,CCCCC(O)CC(=O)O[C@H]1[C@H](O[C@H]2[C@@H](CCN3C[C@H](C)C[C@H](C)C3)C[C@@H](C)C(=O)/C=C/C(C)=C/[C@H](CO[C@@H]3O[C@H](C)[C@@H](O)[C@@H](OC)[C@H]3OC)[C@@H](CC)OC(=O)C[C@@H](O)[C@@H]2C)O[C@H](C)[C@@H](O)[C@@H]1N(C)C,TRUE,,-0.107
tilmicosin,Tilmicosin (ÌæÃ×¿¼ÐÇ),REF_TILMICOSIN,repository_reference,O20_attached_to_C15,20,15,C,MPM00108,(S)-methylmalonate semialdehyde,CC(C=O)C(=O)O,1,CC[C@H]1OC(=O)C[C@@H](OC(=O)C(C)C=O)[C@H](C)[C@@H](O[C@@H]2O[C@H](C)[C@@H](O)[C@H](N(C)C)[C@H]2O)[C@@H](CCN2C[C@H](C)C[C@H](C)C2)C[C@@H](C)C(=O)/C=C/C(C)=C/[C@@H]1CO[C@@H]1O[C@H](C)[C@@H](O)[C@@H](OC)[C@H]1OC,CC[C@H]1OC(=O)C[C@@H](OC(=O)C(C)C=O)[C@H](C)[C@@H](O[C@@H]2O[C@H](C)[C@@H](O)[C@H](N(C)C)[C@H]2O)[C@@H](CCN2C[C@H](C)C[C@H](C)C2)C[C@@H](C)C(=O)/C=C/C(C)=C/[C@@H]1CO[C@@H]1O[C@H](C)[C@@H](O)[C@@H](OC)[C@H]1OC,TRUE,,-0.109
tilmicosin,Tilmicosin (ÌæÃ×¿¼ÐÇ),REF_TILMICOSIN,repository_reference,O56_attached_to_C52,56,52,C,MPM00004,(-)-Ureidoglycolate,NC(=O)NC(O)C(=O)O,1,CC[C@H]1OC(=O)C[C@@H](O)[C@H](C)[C@@H](O[C@@H]2O[C@H](C)[C@@H](O)[C@H](N(C)C)[C@H]2O)[C@@H](CCN2C[C@H](C)C[C@H](C)C2)C[C@@H](C)C(=O)/C=C/C(C)=C/[C@@H]1CO[C@@H]1O[C@H](C)[C@@H](OC(=O)C(O)NC(N)=O)[C@@H](OC)[C@H]1OC,CC[C@H]1OC(=O)C[C@@H](O)[C@H](C)[C@@H](O[C@@H]2O[C@H](C)[C@@H](O)[C@H](N(C)C)[C@H]2O)[C@@H](CCN2C[C@H](C)C[C@H](C)C2)C[C@@H](C)C(=O)/C=C/C(C)=C/[C@@H]1CO[C@@H]1O[C@H](C)[C@@H](OC(=O)C(O)NC(N)=O)[C@@H](OC)[C@H]1OC,TRUE,,-0.11
tilmicosin,Tilmicosin (ÌæÃ×¿¼ÐÇ),REF_TILMICOSIN,repository_reference,O56_attached_to_C52,56,52,C,MPM00262,2-Phospho-(R)-glycerate,O=C(O)C(CO)OP(=O)(O)O,1,CC[C@H]1OC(=O)C[C@@H](O)[C@H](C)[C@@H](O[C@@H]2O[C@H](C)[C@@H](O)[C@H](N(C)C)[C@H]2O)[C@@H](CCN2C[C@H](C)C[C@H](C)C2)C[C@@H](C)C(=O)/C=C/C(C)=C/[C@@H]1CO[C@@H]1O[C@H](C)[C@@H](OC(=O)C(CO)OP(=O)(O)O)[C@@H](OC)[C@H]1OC,CC[C@H]1OC(=O)C[C@@H](O)[C@H](C)[C@@H](O[C@@H]2O[C@H](C)[C@@H](O)[C@H](N(C)C)[C@H]2O)[C@@H](CCN2C[C@H](C)C[C@H](C)C2)C[C@@H](C)C(=O)/C=C/C(C)=C/[C@@H]1CO[C@@H]1O[C@H](C)[C@@H](OC(=O)C(CO)OP(=O)(O)O)[C@@H](OC)[C@H]1OC,TRUE,,-0.113
tilmicosin,Tilmicosin (ÌæÃ×¿¼ÐÇ),REF_TILMICOSIN,repository_reference,O56_attached_to_C52,56,52,C,MPM00359,4-Oxobutanoate,O=CCCC(=O)O,1,CC[C@H]1OC(=O)C[C@@H](O)[C@H](C)[C@@H](O[C@@H]2O[C@H](C)[C@@H](O)[C@H](N(C)C)[C@H]2O)[C@@H](CCN2C[C@H](C)C[C@H](C)C2)C[C@@H](C)C(=O)/C=C/C(C)=C/[C@@H]1CO[C@@H]1O[C@H](C)[C@@H](OC(=O)CCC=O)[C@@H](OC)[C@H]1OC,CC[C@H]1OC(=O)C[C@@H](O)[C@H](C)[C@@H](O[C@@H]2O[C@H](C)[C@@H](O)[C@H](N(C)C)[C@H]2O)[C@@H](CCN2C[C@H](C)C[C@H](C)C2)C[C@@H](C)C(=O)/C=C/C(C)=C/[C@@H]1CO[C@@H]1O[C@H](C)[C@@H](OC(=O)CCC=O)[C@@H](OC)[C@H]1OC,TRUE,,-0.116
tilmicosin,Tilmicosin (ÌæÃ×¿¼ÐÇ),REF_TILMICOSIN,repository_reference,O20_attached_to_C15,20,15,C,MPM00260,2-Oxoisocaproate,CC(C)CC(=O)C(=O)O,1,CC[C@H]1OC(=O)C[C@@H](OC(=O)C(=O)CC(C)C)[C@H](C)[C@@H](O[C@@H]2O[C@H](C)[C@@H](O)[C@H](N(C)C)[C@H]2O)[C@@H](CCN2C[C@H](C)C[C@H](C)C2)C[C@@H](C)C(=O)/C=C/C(C)=C/[C@@H]1CO[C@@H]1O[C@H](C)[C@@H](O)[C@@H](OC)[C@H]1OC,CC[C@H]1OC(=O)C[C@@H](OC(=O)C(=O)CC(C)C)[C@H](C)[C@@H](O[C@@H]2O[C@H](C)[C@@H](O)[C@H](N(C)C)[C@H]2O)[C@@H](CCN2C[C@H](C)C[C@H](C)C2)C[C@@H](C)C(=O)/C=C/C(C)=C/[C@@H]1CO[C@@H]1O[C@H](C)[C@@H](O)[C@@H](OC)[C@H]1OC,TRUE,,-0.118
tilmicosin,Tilmicosin (ÌæÃ×¿¼ÐÇ),REF_TILMICOSIN,repository_reference,O30_attached_to_C26,30,26,C,MPM00260,2-Oxoisocaproate,CC(C)CC(=O)C(=O)O,1,CC[C@H]1OC(=O)C[C@@H](O)[C@H](C)[C@@H](O[C@@H]2O[C@H](C)[C@@H](OC(=O)C(=O)CC(C)C)[C@H](N(C)C)[C@H]2O)[C@@H](CCN2C[C@H](C)C[C@H](C)C2)C[C@@H](C)C(=O)/C=C/C(C)=C/[C@@H]1CO[C@@H]1O[C@H](C)[C@@H](O)[C@@H](OC)[C@H]1OC,CC[C@H]1OC(=O)C[C@@H](O)[C@H](C)[C@@H](O[C@@H]2O[C@H](C)[C@@H](OC(=O)C(=O)CC(C)C)[C@H](N(C)C)[C@H]2O)[C@@H](CCN2C[C@H](C)C[C@H](C)C2)C[C@@H](C)C(=O)/C=C/C(C)=C/[C@@H]1CO[C@@H]1O[C@H](C)[C@@H](O)[C@@H](OC)[C@H]1OC,TRUE,,-0.118
tilmicosin,Tilmicosin (ÌæÃ×¿¼ÐÇ),REF_TILMICOSIN,repository_reference,O30_attached_to_C26,30,26,C,MPM00298,3-Hydroxyhexanoic acid,CCCC(O)CC(=O)O,1,CCCC(O)CC(=O)O[C@H]1[C@H](N(C)C)[C@@H](O)[C@H](O[C@H]2[C@@H](CCN3C[C@H](C)C[C@H](C)C3)C[C@@H](C)C(=O)/C=C/C(C)=C/[C@H](CO[C@@H]3O[C@H](C)[C@@H](O)[C@@H](OC)[C@H]3OC)[C@@H](CC)OC(=O)C[C@@H](O)[C@@H]2C)O[C@@H]1C,CCCC(O)CC(=O)O[C@H]1[C@H](N(C)C)[C@@H](O)[C@H](O[C@H]2[C@@H](CCN3C[C@H](C)C[C@H](C)C3)C[C@@H](C)C(=O)/C=C/C(C)=C/[C@H](CO[C@@H]3O[C@H](C)[C@@H](O)[C@@H](OC)[C@H]3OC)[C@@H](CC)OC(=O)C[C@@H](O)[C@@H]2C)O[C@@H]1C,TRUE,,-0.12
tilmicosin,Tilmicosin (ÌæÃ×¿¼ÐÇ),REF_TILMICOSIN,repository_reference,O34_attached_to_C24,34,24,C,MPM00094,(S)-2-Hydroxy-2-ethyl-3-oxobutanoate,CCC(O)(C(C)=O)C(=O)O,1,CC[C@H]1OC(=O)C[C@@H](O)[C@H](C)[C@@H](O[C@@H]2O[C@H](C)[C@@H](O)[C@H](N(C)C)[C@H]2OC(=O)C(O)(CC)C(C)=O)[C@@H](CCN2C[C@H](C)C[C@H](C)C2)C[C@@H](C)C(=O)/C=C/C(C)=C/[C@@H]1CO[C@@H]1O[C@H](C)[C@@H](O)[C@@H](OC)[C@H]1OC,CC[C@H]1OC(=O)C[C@@H](O)[C@H](C)[C@@H](O[C@@H]2O[C@H](C)[C@@H](O)[C@H](N(C)C)[C@H]2OC(=O)C(O)(CC)C(C)=O)[C@@H](CCN2C[C@H](C)C[C@H](C)C2)C[C@@H](C)C(=O)/C=C/C(C)=C/[C@@H]1CO[C@@H]1O[C@H](C)[C@@H](O)[C@@H](OC)[C@H]1OC,TRUE,,-0.121
tilmicosin,Tilmicosin (ÌæÃ×¿¼ÐÇ),REF_TILMICOSIN,repository_reference,O56_attached_to_C52,56,52,C,MPM00720,Isovalerate,CC(C)CC(=O)O,1,CC[C@H]1OC(=O)C[C@@H](O)[C@H](C)[C@@H](O[C@@H]2O[C@H](C)[C@@H](O)[C@H](N(C)C)[C@H]2O)[C@@H](CCN2C[C@H](C)C[C@H](C)C2)C[C@@H](C)C(=O)/C=C/C(C)=C/[C@@H]1CO[C@@H]1O[C@H](C)[C@@H](OC(=O)CC(C)C)[C@@H](OC)[C@H]1OC,CC[C@H]1OC(=O)C[C@@H](O)[C@H](C)[C@@H](O[C@@H]2O[C@H](C)[C@@H](O)[C@H](N(C)C)[C@H]2O)[C@@H](CCN2C[C@H](C)C[C@H](C)C2)C[C@@H](C)C(=O)/C=C/C(C)=C/[C@@H]1CO[C@@H]1O[C@H](C)[C@@H](OC(=O)CC(C)C)[C@@H](OC)[C@H]1OC,TRUE,,-0.121
tilmicosin,Tilmicosin (ÌæÃ×¿¼ÐÇ),REF_TILMICOSIN,repository_reference,O20_attached_to_C15,20,15,C,MPM00298,3-Hydroxyhexanoic acid,CCCC(O)CC(=O)O,1,CCCC(O)CC(=O)O[C@@H]1CC(=O)O[C@H](CC)[C@@H](CO[C@@H]2O[C@H](C)[C@@H](O)[C@@H](OC)[C@H]2OC)/C=C(C)/C=C/C(=O)[C@H](C)C[C@H](CCN2C[C@H](C)C[C@H](C)C2)[C@H](O[C@@H]2O[C@H](C)[C@@H](O)[C@H](N(C)C)[C@H]2O)[C@H]1C,CCCC(O)CC(=O)O[C@@H]1CC(=O)O[C@H](CC)[C@@H](CO[C@@H]2O[C@H](C)[C@@H](O)[C@@H](OC)[C@H]2OC)/C=C(C)/C=C/C(=O)[C@H](C)C[C@H](CCN2C[C@H](C)C[C@H](C)C2)[C@H](O[C@@H]2O[C@H](C)[C@@H](O)[C@H](N(C)C)[C@H]2O)[C@H]1C,TRUE,,-0.124
tilmicosin,Tilmicosin (ÌæÃ×¿¼ÐÇ),REF_TILMICOSIN,repository_reference,O34_attached_to_C24,34,24,C,MPM00409,8-Phenyloctanoic acid,O=C(O)CCCCCCCc1ccccc1,1,CC[C@H]1OC(=O)C[C@@H](O)[C@H](C)[C@@H](O[C@@H]2O[C@H](C)[C@@H](O)[C@H](N(C)C)[C@H]2OC(=O)CCCCCCCc2ccccc2)[C@@H](CCN2C[C@H](C)C[C@H](C)C2)C[C@@H](C)C(=O)/C=C/C(C)=C/[C@@H]1CO[C@@H]1O[C@H](C)[C@@H](O)[C@@H](OC)[C@H]1OC,CC[C@H]1OC(=O)C[C@@H](O)[C@H](C)[C@@H](O[C@@H]2O[C@H](C)[C@@H](O)[C@H](N(C)C)[C@H]2OC(=O)CCCCCCCc2ccccc2)[C@@H](CCN2C[C@H](C)C[C@H](C)C2)C[C@@H](C)C(=O)/C=C/C(C)=C/[C@@H]1CO[C@@H]1O[C@H](C)[C@@H](O)[C@@H](OC)[C@H]1OC,TRUE,,-0.127
tilmicosin,Tilmicosin (ÌæÃ×¿¼ÐÇ),REF_TILMICOSIN,repository_reference,O20_attached_to_C15,20,15,C,MPM00552,decanoate,CCCCCCCCCC(=O)O,1,CCCCCCCCCC(=O)O[C@@H]1CC(=O)O[C@H](CC)[C@@H](CO[C@@H]2O[C@H](C)[C@@H](O)[C@@H](OC)[C@H]2OC)/C=C(C)/C=C/C(=O)[C@H](C)C[C@H](CCN2C[C@H](C)C[C@H](C)C2)[C@H](O[C@@H]2O[C@H](C)[C@@H](O)[C@H](N(C)C)[C@H]2O)[C@H]1C,CCCCCCCCCC(=O)O[C@@H]1CC(=O)O[C@H](CC)[C@@H](CO[C@@H]2O[C@H](C)[C@@H](O)[C@@H](OC)[C@H]2OC)/C=C(C)/C=C/C(=O)[C@H](C)C[C@H](CCN2C[C@H](C)C[C@H](C)C2)[C@H](O[C@@H]2O[C@H](C)[C@@H](O)[C@H](N(C)C)[C@H]2O)[C@H]1C,TRUE,,-0.128
tilmicosin,Tilmicosin (ÌæÃ×¿¼ÐÇ),REF_TILMICOSIN,repository_reference,O34_attached_to_C24,34,24,C,MPM00606,dodecanoate,CCCCCCCCCCCC(=O)O,1,CCCCCCCCCCCC(=O)O[C@H]1[C@H](O[C@H]2[C@@H](CCN3C[C@H](C)C[C@H](C)C3)C[C@@H](C)C(=O)/C=C/C(C)=C/[C@H](CO[C@@H]3O[C@H](C)[C@@H](O)[C@@H](OC)[C@H]3OC)[C@@H](CC)OC(=O)C[C@@H](O)[C@@H]2C)O[C@H](C)[C@@H](O)[C@@H]1N(C)C,CCCCCCCCCCCC(=O)O[C@H]1[C@H](O[C@H]2[C@@H](CCN3C[C@H](C)C[C@H](C)C3)C[C@@H](C)C(=O)/C=C/C(C)=C/[C@H](CO[C@@H]3O[C@H](C)[C@@H](O)[C@@H](OC)[C@H]3OC)[C@@H](CC)OC(=O)C[C@@H](O)[C@@H]2C)O[C@H](C)[C@@H](O)[C@@H]1N(C)C,TRUE,,-0.129
tilmicosin,Tilmicosin (ÌæÃ×¿¼ÐÇ),REF_TILMICOSIN,repository_reference,O56_attached_to_C52,56,52,C,MPM00295,3-hydroxyheptanoic Acid,CCCCC(O)CC(=O)O,1,CCCCC(O)CC(=O)O[C@H]1[C@@H](OC)[C@@H](OC)[C@H](OC[C@H]2/C=C(C)/C=C/C(=O)[C@H](C)C[C@H](CCN3C[C@H](C)C[C@H](C)C3)[C@H](O[C@@H]3O[C@H](C)[C@@H](O)[C@H](N(C)C)[C@H]3O)[C@@H](C)[C@H](O)CC(=O)O[C@@H]2CC)O[C@@H]1C,CCCCC(O)CC(=O)O[C@H]1[C@@H](OC)[C@@H](OC)[C@H](OC[C@H]2/C=C(C)/C=C/C(=O)[C@H](C)C[C@H](CCN3C[C@H](C)C[C@H](C)C3)[C@H](O[C@@H]3O[C@H](C)[C@@H](O)[C@H](N(C)C)[C@H]3O)[C@@H](C)[C@H](O)CC(=O)O[C@@H]2CC)O[C@@H]1C,TRUE,,-0.129
tilmicosin,Tilmicosin (ÌæÃ×¿¼ÐÇ),REF_TILMICOSIN,repository_reference,O30_attached_to_C26,30,26,C,MPM00552,decanoate,CCCCCCCCCC(=O)O,1,CCCCCCCCCC(=O)O[C@H]1[C@H](N(C)C)[C@@H](O)[C@H](O[C@H]2[C@@H](CCN3C[C@H](C)C[C@H](C)C3)C[C@@H](C)C(=O)/C=C/C(C)=C/[C@H](CO[C@@H]3O[C@H](C)[C@@H](O)[C@@H](OC)[C@H]3OC)[C@@H](CC)OC(=O)C[C@@H](O)[C@@H]2C)O[C@@H]1C,CCCCCCCCCC(=O)O[C@H]1[C@H](N(C)C)[C@@H](O)[C@H](O[C@H]2[C@@H](CCN3C[C@H](C)C[C@H](C)C3)C[C@@H](C)C(=O)/C=C/C(C)=C/[C@H](CO[C@@H]3O[C@H](C)[C@@H](O)[C@@H](OC)[C@H]3OC)[C@@H](CC)OC(=O)C[C@@H](O)[C@@H]2C)O[C@@H]1C,TRUE,,-0.13
tilmicosin,Tilmicosin (ÌæÃ×¿¼ÐÇ),REF_TILMICOSIN,repository_reference,O20_attached_to_C15,20,15,C,MPM00408,7-Phenylheptanoic acid,O=C(O)CCCCCCc1ccccc1,1,CC[C@H]1OC(=O)C[C@@H](OC(=O)CCCCCCc2ccccc2)[C@H](C)[C@@H](O[C@@H]2O[C@H](C)[C@@H](O)[C@H](N(C)C)[C@H]2O)[C@@H](CCN2C[C@H](C)C[C@H](C)C2)C[C@@H](C)C(=O)/C=C/C(C)=C/[C@@H]1CO[C@@H]1O[C@H](C)[C@@H](O)[C@@H](OC)[C@H]1OC,CC[C@H]1OC(=O)C[C@@H](OC(=O)CCCCCCc2ccccc2)[C@H](C)[C@@H](O[C@@H]2O[C@H](C)[C@@H](O)[C@H](N(C)C)[C@H]2O)[C@@H](CCN2C[C@H](C)C[C@H](C)C2)C[C@@H](C)C(=O)/C=C/C(C)=C/[C@@H]1CO[C@@H]1O[C@H](C)[C@@H](O)[C@@H](OC)[C@H]1OC,TRUE,,-0.135
tilmicosin,Tilmicosin (ÌæÃ×¿¼ÐÇ),REF_TILMICOSIN,repository_reference,O34_attached_to_C24,34,24,C,MPM00289,3-Hydroxy-6-phenylhexanoic acid,O=C(O)CC(O)CCCc1ccccc1,1,CC[C@H]1OC(=O)C[C@@H](O)[C@H](C)[C@@H](O[C@@H]2O[C@H](C)[C@@H](O)[C@H](N(C)C)[C@H]2OC(=O)CC(O)CCCc2ccccc2)[C@@H](CCN2C[C@H](C)C[C@H](C)C2)C[C@@H](C)C(=O)/C=C/C(C)=C/[C@@H]1CO[C@@H]1O[C@H](C)[C@@H](O)[C@@H](OC)[C@H]1OC,CC[C@H]1OC(=O)C[C@@H](O)[C@H](C)[C@@H](O[C@@H]2O[C@H](C)[C@@H](O)[C@H](N(C)C)[C@H]2OC(=O)CC(O)CCCc2ccccc2)[C@@H](CCN2C[C@H](C)C[C@H](C)C2)C[C@@H](C)C(=O)/C=C/C(C)=C/[C@@H]1CO[C@@H]1O[C@H](C)[C@@H](O)[C@@H](OC)[C@H]1OC,TRUE,,-0.135
tilmicosin,Tilmicosin (ÌæÃ×¿¼ÐÇ),REF_TILMICOSIN,repository_reference,O30_attached_to_C26,30,26,C,MPM01356,D-2-Amino-4-(methylthio)butyric acid,CSCCC(N)C(=O)O,1,CC[C@H]1OC(=O)C[C@@H](O)[C@H](C)[C@@H](O[C@@H]2O[C@H](C)[C@@H](OC(=O)C(N)CCSC)[C@H](N(C)C)[C@H]2O)[C@@H](CCN2C[C@H](C)C[C@H](C)C2)C[C@@H](C)C(=O)/C=C/C(C)=C/[C@@H]1CO[C@@H]1O[C@H](C)[C@@H](O)[C@@H](OC)[C@H]1OC,CC[C@H]1OC(=O)C[C@@H](O)[C@H](C)[C@@H](O[C@@H]2O[C@H](C)[C@@H](OC(=O)C(N)CCSC)[C@H](N(C)C)[C@H]2O)[C@@H](CCN2C[C@H](C)C[C@H](C)C2)C[C@@H](C)C(=O)/C=C/C(C)=C/[C@@H]1CO[C@@H]1O[C@H](C)[C@@H](O)[C@@H](OC)[C@H]1OC,TRUE,,-0.137
tilmicosin,Tilmicosin (ÌæÃ×¿¼ÐÇ),REF_TILMICOSIN,repository_reference,O30_attached_to_C26,30,26,C,MPM00408,7-Phenylheptanoic acid,O=C(O)CCCCCCc1ccccc1,1,CC[C@H]1OC(=O)C[C@@H](O)[C@H](C)[C@@H](O[C@@H]2O[C@H](C)[C@@H](OC(=O)CCCCCCc3ccccc3)[C@H](N(C)C)[C@H]2O)[C@@H](CCN2C[C@H](C)C[C@H](C)C2)C[C@@H](C)C(=O)/C=C/C(C)=C/[C@@H]1CO[C@@H]1O[C@H](C)[C@@H](O)[C@@H](OC)[C@H]1OC,CC[C@H]1OC(=O)C[C@@H](O)[C@H](C)[C@@H](O[C@@H]2O[C@H](C)[C@@H](OC(=O)CCCCCCc3ccccc3)[C@H](N(C)C)[C@H]2O)[C@@H](CCN2C[C@H](C)C[C@H](C)C2)C[C@@H](C)C(=O)/C=C/C(C)=C/[C@@H]1CO[C@@H]1O[C@H](C)[C@@H](O)[C@@H](OC)[C@H]1OC,TRUE,,-0.138
tilmicosin,Tilmicosin (ÌæÃ×¿¼ÐÇ),REF_TILMICOSIN,repository_reference,O20_attached_to_C15,20,15,C,MPM01356,D-2-Amino-4-(methylthio)butyric acid,CSCCC(N)C(=O)O,1,CC[C@H]1OC(=O)C[C@@H](OC(=O)C(N)CCSC)[C@H](C)[C@@H](O[C@@H]2O[C@H](C)[C@@H](O)[C@H](N(C)C)[C@H]2O)[C@@H](CCN2C[C@H](C)C[C@H](C)C2)C[C@@H](C)C(=O)/C=C/C(C)=C/[C@@H]1CO[C@@H]1O[C@H](C)[C@@H](O)[C@@H](OC)[C@H]1OC,CC[C@H]1OC(=O)C[C@@H](OC(=O)C(N)CCSC)[C@H](C)[C@@H](O[C@@H]2O[C@H](C)[C@@H](O)[C@H](N(C)C)[C@H]2O)[C@@H](CCN2C[C@H](C)C[C@H](C)C2)C[C@@H](C)C(=O)/C=C/C(C)=C/[C@@H]1CO[C@@H]1O[C@H](C)[C@@H](O)[C@@H](OC)[C@H]1OC,TRUE,,-0.141
tilmicosin,Tilmicosin (ÌæÃ×¿¼ÐÇ),REF_TILMICOSIN,repository_reference,O56_attached_to_C52,56,52,C,MPM00094,(S)-2-Hydroxy-2-ethyl-3-oxobutanoate,CCC(O)(C(C)=O)C(=O)O,1,CC[C@H]1OC(=O)C[C@@H](O)[C@H](C)[C@@H](O[C@@H]2O[C@H](C)[C@@H](O)[C@H](N(C)C)[C@H]2O)[C@@H](CCN2C[C@H](C)C[C@H](C)C2)C[C@@H](C)C(=O)/C=C/C(C)=C/[C@@H]1CO[C@@H]1O[C@H](C)[C@@H](OC(=O)C(O)(CC)C(C)=O)[C@@H](OC)[C@H]1OC,CC[C@H]1OC(=O)C[C@@H](O)[C@H](C)[C@@H](O[C@@H]2O[C@H](C)[C@@H](O)[C@H](N(C)C)[C@H]2O)[C@@H](CCN2C[C@H](C)C[C@H](C)C2)C[C@@H](C)C(=O)/C=C/C(C)=C/[C@@H]1CO[C@@H]1O[C@H](C)[C@@H](OC(=O)C(O)(CC)C(C)=O)[C@@H](OC)[C@H]1OC,TRUE,,-0.144
tilmicosin,Tilmicosin (ÌæÃ×¿¼ÐÇ),REF_TILMICOSIN,repository_reference,O34_attached_to_C24,34,24,C,MPM00210,2-Dehydro-3-deoxy-D-galactonate,O=C(O)C(=O)CC(O)C(O)CO,1,CC[C@H]1OC(=O)C[C@@H](O)[C@H](C)[C@@H](O[C@@H]2O[C@H](C)[C@@H](O)[C@H](N(C)C)[C@H]2OC(=O)C(=O)CC(O)C(O)CO)[C@@H](CCN2C[C@H](C)C[C@H](C)C2)C[C@@H](C)C(=O)/C=C/C(C)=C/[C@@H]1CO[C@@H]1O[C@H](C)[C@@H](O)[C@@H](OC)[C@H]1OC,CC[C@H]1OC(=O)C[C@@H](O)[C@H](C)[C@@H](O[C@@H]2O[C@H](C)[C@@H](O)[C@H](N(C)C)[C@H]2OC(=O)C(=O)CC(O)C(O)CO)[C@@H](CCN2C[C@H](C)C[C@H](C)C2)C[C@@H](C)C(=O)/C=C/C(C)=C/[C@@H]1CO[C@@H]1O[C@H](C)[C@@H](O)[C@@H](OC)[C@H]1OC,TRUE,,-0.148
tilmicosin,Tilmicosin (ÌæÃ×¿¼ÐÇ),REF_TILMICOSIN,repository_reference,O56_attached_to_C52,56,52,C,MPM00409,8-Phenyloctanoic acid,O=C(O)CCCCCCCc1ccccc1,1,CC[C@H]1OC(=O)C[C@@H](O)[C@H](C)[C@@H](O[C@@H]2O[C@H](C)[C@@H](O)[C@H](N(C)C)[C@H]2O)[C@@H](CCN2C[C@H](C)C[C@H](C)C2)C[C@@H](C)C(=O)/C=C/C(C)=C/[C@@H]1CO[C@@H]1O[C@H](C)[C@@H](OC(=O)CCCCCCCc2ccccc2)[C@@H](OC)[C@H]1OC,CC[C@H]1OC(=O)C[C@@H](O)[C@H](C)[C@@H](O[C@@H]2O[C@H](C)[C@@H](O)[C@H](N(C)C)[C@H]2O)[C@@H](CCN2C[C@H](C)C[C@H](C)C2)C[C@@H](C)C(=O)/C=C/C(C)=C/[C@@H]1CO[C@@H]1O[C@H](C)[C@@H](OC(=O)CCCCCCCc2ccccc2)[C@@H](OC)[C@H]1OC,TRUE,,-0.151
tilmicosin,Tilmicosin (ÌæÃ×¿¼ÐÇ),REF_TILMICOSIN,repository_reference,O56_attached_to_C52,56,52,C,MPM00606,dodecanoate,CCCCCCCCCCCC(=O)O,1,CCCCCCCCCCCC(=O)O[C@H]1[C@@H](OC)[C@@H](OC)[C@H](OC[C@H]2/C=C(C)/C=C/C(=O)[C@H](C)C[C@H](CCN3C[C@H](C)C[C@H](C)C3)[C@H](O[C@@H]3O[C@H](C)[C@@H](O)[C@H](N(C)C)[C@H]3O)[C@@H](C)[C@H](O)CC(=O)O[C@@H]2CC)O[C@@H]1C,CCCCCCCCCCCC(=O)O[C@H]1[C@@H](OC)[C@@H](OC)[C@H](OC[C@H]2/C=C(C)/C=C/C(=O)[C@H](C)C[C@H](CCN3C[C@H](C)C[C@H](C)C3)[C@H](O[C@@H]3O[C@H](C)[C@@H](O)[C@H](N(C)C)[C@H]3O)[C@@H](C)[C@H](O)CC(=O)O[C@@H]2CC)O[C@@H]1C,TRUE,,-0.153
tilmicosin,Tilmicosin (ÌæÃ×¿¼ÐÇ),REF_TILMICOSIN,repository_reference,O30_attached_to_C26,30,26,C,MPM00737,l-Alanyl-l-leucine,CC(C)CC(NC(=O)C(C)N)C(=O)O,1,CC[C@H]1OC(=O)C[C@@H](O)[C@H](C)[C@@H](O[C@@H]2O[C@H](C)[C@@H](OC(=O)C(CC(C)C)NC(=O)C(C)N)[C@H](N(C)C)[C@H]2O)[C@@H](CCN2C[C@H](C)C[C@H](C)C2)C[C@@H](C)C(=O)/C=C/C(C)=C/[C@@H]1CO[C@@H]1O[C@H](C)[C@@H](O)[C@@H](OC)[C@H]1OC,CC[C@H]1OC(=O)C[C@@H](O)[C@H](C)[C@@H](O[C@@H]2O[C@H](C)[C@@H](OC(=O)C(CC(C)C)NC(=O)C(C)N)[C@H](N(C)C)[C@H]2O)[C@@H](CCN2C[C@H](C)C[C@H](C)C2)C[C@@H](C)C(=O)/C=C/C(C)=C/[C@@H]1CO[C@@H]1O[C@H](C)[C@@H](O)[C@@H](OC)[C@H]1OC,TRUE,,-0.156
tilmicosin,Tilmicosin (ÌæÃ×¿¼ÐÇ),REF_TILMICOSIN,repository_reference,O20_attached_to_C15,20,15,C,MPM00737,l-Alanyl-l-leucine,CC(C)CC(NC(=O)C(C)N)C(=O)O,1,CC[C@H]1OC(=O)C[C@@H](OC(=O)C(CC(C)C)NC(=O)C(C)N)[C@H](C)[C@@H](O[C@@H]2O[C@H](C)[C@@H](O)[C@H](N(C)C)[C@H]2O)[C@@H](CCN2C[C@H](C)C[C@H](C)C2)C[C@@H](C)C(=O)/C=C/C(C)=C/[C@@H]1CO[C@@H]1O[C@H](C)[C@@H](O)[C@@H](OC)[C@H]1OC,CC[C@H]1OC(=O)C[C@@H](OC(=O)C(CC(C)C)NC(=O)C(C)N)[C@H](C)[C@@H](O[C@@H]2O[C@H](C)[C@@H](O)[C@H](N(C)C)[C@H]2O)[C@@H](CCN2C[C@H](C)C[C@H](C)C2)C[C@@H](C)C(=O)/C=C/C(C)=C/[C@@H]1CO[C@@H]1O[C@H](C)[C@@H](O)[C@@H](OC)[C@H]1OC,TRUE,,-0.159
tilmicosin,Tilmicosin (ÌæÃ×¿¼ÐÇ),REF_TILMICOSIN,repository_reference,O56_attached_to_C52,56,52,C,MPM00289,3-Hydroxy-6-phenylhexanoic acid,O=C(O)CC(O)CCCc1ccccc1,1,CC[C@H]1OC(=O)C[C@@H](O)[C@H](C)[C@@H](O[C@@H]2O[C@H](C)[C@@H](O)[C@H](N(C)C)[C@H]2O)[C@@H](CCN2C[C@H](C)C[C@H](C)C2)C[C@@H](C)C(=O)/C=C/C(C)=C/[C@@H]1CO[C@@H]1O[C@H](C)[C@@H](OC(=O)CC(O)CCCc2ccccc2)[C@@H](OC)[C@H]1OC,CC[C@H]1OC(=O)C[C@@H](O)[C@H](C)[C@@H](O[C@@H]2O[C@H](C)[C@@H](O)[C@H](N(C)C)[C@H]2O)[C@@H](CCN2C[C@H](C)C[C@H](C)C2)C[C@@H](C)C(=O)/C=C/C(C)=C/[C@@H]1CO[C@@H]1O[C@H](C)[C@@H](OC(=O)CC(O)CCCc2ccccc2)[C@@H](OC)[C@H]1OC,TRUE,,-0.159
tilmicosin,Tilmicosin (ÌæÃ×¿¼ÐÇ),REF_TILMICOSIN,repository_reference,O34_attached_to_C24,34,24,C,MPM00026,"(2R)-2,3-Dihydroxy-3-methylbutanoate",CC(C)(O)C(O)C(=O)O,1,CC[C@H]1OC(=O)C[C@@H](O)[C@H](C)[C@@H](O[C@@H]2O[C@H](C)[C@@H](O)[C@H](N(C)C)[C@H]2OC(=O)C(O)C(C)(C)O)[C@@H](CCN2C[C@H](C)C[C@H](C)C2)C[C@@H](C)C(=O)/C=C/C(C)=C/[C@@H]1CO[C@@H]1O[C@H](C)[C@@H](O)[C@@H](OC)[C@H]1OC,CC[C@H]1OC(=O)C[C@@H](O)[C@H](C)[C@@H](O[C@@H]2O[C@H](C)[C@@H](O)[C@H](N(C)C)[C@H]2OC(=O)C(O)C(C)(C)O)[C@@H](CCN2C[C@H](C)C[C@H](C)C2)C[C@@H](C)C(=O)/C=C/C(C)=C/[C@@H]1CO[C@@H]1O[C@H](C)[C@@H](O)[C@@H](OC)[C@H]1OC,TRUE,,-0.164
tilmicosin,Tilmicosin (ÌæÃ×¿¼ÐÇ),REF_TILMICOSIN,repository_reference,O20_attached_to_C15,20,15,C,MPM00004,(-)-Ureidoglycolate,NC(=O)NC(O)C(=O)O,1,CC[C@H]1OC(=O)C[C@@H](OC(=O)C(O)NC(N)=O)[C@H](C)[C@@H](O[C@@H]2O[C@H](C)[C@@H](O)[C@H](N(C)C)[C@H]2O)[C@@H](CCN2C[C@H](C)C[C@H](C)C2)C[C@@H](C)C(=O)/C=C/C(C)=C/[C@@H]1CO[C@@H]1O[C@H](C)[C@@H](O)[C@@H](OC)[C@H]1OC,CC[C@H]1OC(=O)C[C@@H](OC(=O)C(O)NC(N)=O)[C@H](C)[C@@H](O[C@@H]2O[C@H](C)[C@@H](O)[C@H](N(C)C)[C@H]2O)[C@@H](CCN2C[C@H](C)C[C@H](C)C2)C[C@@H](C)C(=O)/C=C/C(C)=C/[C@@H]1CO[C@@H]1O[C@H](C)[C@@H](O)[C@@H](OC)[C@H]1OC,TRUE,,-0.166
tilmicosin,Tilmicosin (ÌæÃ×¿¼ÐÇ),REF_TILMICOSIN,repository_reference,O30_attached_to_C26,30,26,C,MPM00004,(-)-Ureidoglycolate,NC(=O)NC(O)C(=O)O,1,CC[C@H]1OC(=O)C[C@@H](O)[C@H](C)[C@@H](O[C@@H]2O[C@H](C)[C@@H](OC(=O)C(O)NC(N)=O)[C@H](N(C)C)[C@H]2O)[C@@H](CCN2C[C@H](C)C[C@H](C)C2)C[C@@H](C)C(=O)/C=C/C(C)=C/[C@@H]1CO[C@@H]1O[C@H](C)[C@@H](O)[C@@H](OC)[C@H]1OC,CC[C@H]1OC(=O)C[C@@H](O)[C@H](C)[C@@H](O[C@@H]2O[C@H](C)[C@@H](OC(=O)C(O)NC(N)=O)[C@H](N(C)C)[C@H]2O)[C@@H](CCN2C[C@H](C)C[C@H](C)C2)C[C@@H](C)C(=O)/C=C/C(C)=C/[C@@H]1CO[C@@H]1O[C@H](C)[C@@H](O)[C@@H](OC)[C@H]1OC,TRUE,,-0.166
tilmicosin,Tilmicosin (ÌæÃ×¿¼ÐÇ),REF_TILMICOSIN,repository_reference,O30_attached_to_C26,30,26,C,MPM00262,2-Phospho-(R)-glycerate,O=C(O)C(CO)OP(=O)(O)O,1,CC[C@H]1OC(=O)C[C@@H](O)[C@H](C)[C@@H](O[C@@H]2O[C@H](C)[C@@H](OC(=O)C(CO)OP(=O)(O)O)[C@H](N(C)C)[C@H]2O)[C@@H](CCN2C[C@H](C)C[C@H](C)C2)C[C@@H](C)C(=O)/C=C/C(C)=C/[C@@H]1CO[C@@H]1O[C@H](C)[C@@H](O)[C@@H](OC)[C@H]1OC,CC[C@H]1OC(=O)C[C@@H](O)[C@H](C)[C@@H](O[C@@H]2O[C@H](C)[C@@H](OC(=O)C(CO)OP(=O)(O)O)[C@H](N(C)C)[C@H]2O)[C@@H](CCN2C[C@H](C)C[C@H](C)C2)C[C@@H](C)C(=O)/C=C/C(C)=C/[C@@H]1CO[C@@H]1O[C@H](C)[C@@H](O)[C@@H](OC)[C@H]1OC,TRUE,,-0.17
tilmicosin,Tilmicosin (ÌæÃ×¿¼ÐÇ),REF_TILMICOSIN,repository_reference,O34_attached_to_C24,34,24,C,MPM00301,3-Hydroxyoctanoic acid,CCCCCC(O)CC(=O)O,1,CCCCCC(O)CC(=O)O[C@H]1[C@H](O[C@H]2[C@@H](CCN3C[C@H](C)C[C@H](C)C3)C[C@@H](C)C(=O)/C=C/C(C)=C/[C@H](CO[C@@H]3O[C@H](C)[C@@H](O)[C@@H](OC)[C@H]3OC)[C@@H](CC)OC(=O)C[C@@H](O)[C@@H]2C)O[C@H](C)[C@@H](O)[C@@H]1N(C)C,CCCCCC(O)CC(=O)O[C@H]1[C@H](O[C@H]2[C@@H](CCN3C[C@H](C)C[C@H](C)C3)C[C@@H](C)C(=O)/C=C/C(C)=C/[C@H](CO[C@@H]3O[C@H](C)[C@@H](O)[C@@H](OC)[C@H]3OC)[C@@H](CC)OC(=O)C[C@@H](O)[C@@H]2C)O[C@H](C)[C@@H](O)[C@@H]1N(C)C,TRUE,,-0.171
tilmicosin,Tilmicosin (ÌæÃ×¿¼ÐÇ),REF_TILMICOSIN,repository_reference,O56_attached_to_C52,56,52,C,MPM00210,2-Dehydro-3-deoxy-D-galactonate,O=C(O)C(=O)CC(O)C(O)CO,1,CC[C@H]1OC(=O)C[C@@H](O)[C@H](C)[C@@H](O[C@@H]2O[C@H](C)[C@@H](O)[C@H](N(C)C)[C@H]2O)[C@@H](CCN2C[C@H](C)C[C@H](C)C2)C[C@@H](C)C(=O)/C=C/C(C)=C/[C@@H]1CO[C@@H]1O[C@H](C)[C@@H](OC(=O)C(=O)CC(O)C(O)CO)[C@@H](OC)[C@H]1OC,CC[C@H]1OC(=O)C[C@@H](O)[C@H](C)[C@@H](O[C@@H]2O[C@H](C)[C@@H](O)[C@H](N(C)C)[C@H]2O)[C@@H](CCN2C[C@H](C)C[C@H](C)C2)C[C@@H](C)C(=O)/C=C/C(C)=C/[C@@H]1CO[C@@H]1O[C@H](C)[C@@H](OC(=O)C(=O)CC(O)C(O)CO)[C@@H](OC)[C@H]1OC,TRUE,,-0.171
tilmicosin,Tilmicosin (ÌæÃ×¿¼ÐÇ),REF_TILMICOSIN,repository_reference,O30_attached_to_C26,30,26,C,MPM00359,4-Oxobutanoate,O=CCCC(=O)O,1,CC[C@H]1OC(=O)C[C@@H](O)[C@H](C)[C@@H](O[C@@H]2O[C@H](C)[C@@H](OC(=O)CCC=O)[C@H](N(C)C)[C@H]2O)[C@@H](CCN2C[C@H](C)C[C@H](C)C2)C[C@@H](C)C(=O)/C=C/C(C)=C/[C@@H]1CO[C@@H]1O[C@H](C)[C@@H](O)[C@@H](OC)[C@H]1OC,CC[C@H]1OC(=O)C[C@@H](O)[C@H](C)[C@@H](O[C@@H]2O[C@H](C)[C@@H](OC(=O)CCC=O)[C@H](N(C)C)[C@H]2O)[C@@H](CCN2C[C@H](C)C[C@H](C)C2)C[C@@H](C)C(=O)/C=C/C(C)=C/[C@@H]1CO[C@@H]1O[C@H](C)[C@@H](O)[C@@H](OC)[C@H]1OC,TRUE,,-0.172
tilmicosin,Tilmicosin (ÌæÃ×¿¼ÐÇ),REF_TILMICOSIN,repository_reference,O34_attached_to_C24,34,24,C,MPM00894,Phosphonoacetic acid,O=C(O)CP(=O)(O)O,1,CC[C@H]1OC(=O)C[C@@H](O)[C@H](C)[C@@H](O[C@@H]2O[C@H](C)[C@@H](O)[C@H](N(C)C)[C@H]2OC(=O)CP(=O)(O)O)[C@@H](CCN2C[C@H](C)C[C@H](C)C2)C[C@@H](C)C(=O)/C=C/C(C)=C/[C@@H]1CO[C@@H]1O[C@H](C)[C@@H](O)[C@@H](OC)[C@H]1OC,CC[C@H]1OC(=O)C[C@@H](O)[C@H](C)[C@@H](O[C@@H]2O[C@H](C)[C@@H](O)[C@H](N(C)C)[C@H]2OC(=O)CP(=O)(O)O)[C@@H](CCN2C[C@H](C)C[C@H](C)C2)C[C@@H](C)C(=O)/C=C/C(C)=C/[C@@H]1CO[C@@H]1O[C@H](C)[C@@H](O)[C@@H](OC)[C@H]1OC,TRUE,,-0.172
tilmicosin,Tilmicosin (ÌæÃ×¿¼ÐÇ),REF_TILMICOSIN,repository_reference,O34_attached_to_C24,34,24,C,MPM00444,Allophanic acid,NC(=O)NC(=O)O,1,CC[C@H]1OC(=O)C[C@@H](O)[C@H](C)[C@@H](O[C@@H]2O[C@H](C)[C@@H](O)[C@H](N(C)C)[C@H]2OC(=O)NC(N)=O)[C@@H](CCN2C[C@H](C)C[C@H](C)C2)C[C@@H](C)C(=O)/C=C/C(C)=C/[C@@H]1CO[C@@H]1O[C@H](C)[C@@H](O)[C@@H](OC)[C@H]1OC,CC[C@H]1OC(=O)C[C@@H](O)[C@H](C)[C@@H](O[C@@H]2O[C@H](C)[C@@H](O)[C@H](N(C)C)[C@H]2OC(=O)NC(N)=O)[C@@H](CCN2C[C@H](C)C[C@H](C)C2)C[C@@H](C)C(=O)/C=C/C(C)=C/[C@@H]1CO[C@@H]1O[C@H](C)[C@@H](O)[C@@H](OC)[C@H]1OC,TRUE,,-0.174
tilmicosin,Tilmicosin (ÌæÃ×¿¼ÐÇ),REF_TILMICOSIN,repository_reference,O20_attached_to_C15,20,15,C,MPM00262,2-Phospho-(R)-glycerate,O=C(O)C(CO)OP(=O)(O)O,1,CC[C@H]1OC(=O)C[C@@H](OC(=O)C(CO)OP(=O)(O)O)[C@H](C)[C@@H](O[C@@H]2O[C@H](C)[C@@H](O)[C@H](N(C)C)[C@H]2O)[C@@H](CCN2C[C@H](C)C[C@H](C)C2)C[C@@H](C)C(=O)/C=C/C(C)=C/[C@@H]1CO[C@@H]1O[C@H](C)[C@@H](O)[C@@H](OC)[C@H]1OC,CC[C@H]1OC(=O)C[C@@H](OC(=O)C(CO)OP(=O)(O)O)[C@H](C)[C@@H](O[C@@H]2O[C@H](C)[C@@H](O)[C@H](N(C)C)[C@H]2O)[C@@H](CCN2C[C@H](C)C[C@H](C)C2)C[C@@H](C)C(=O)/C=C/C(C)=C/[C@@H]1CO[C@@H]1O[C@H](C)[C@@H](O)[C@@H](OC)[C@H]1OC,TRUE,,-0.176
tilmicosin,Tilmicosin (ÌæÃ×¿¼ÐÇ),REF_TILMICOSIN,repository_reference,O30_attached_to_C26,30,26,C,MPM00720,Isovalerate,CC(C)CC(=O)O,1,CC[C@H]1OC(=O)C[C@@H](O)[C@H](C)[C@@H](O[C@@H]2O[C@H](C)[C@@H](OC(=O)CC(C)C)[C@H](N(C)C)[C@H]2O)[C@@H](CCN2C[C@H](C)C[C@H](C)C2)C[C@@H](C)C(=O)/C=C/C(C)=C/[C@@H]1CO[C@@H]1O[C@H](C)[C@@H](O)[C@@H](OC)[C@H]1OC,CC[C@H]1OC(=O)C[C@@H](O)[C@H](C)[C@@H](O[C@@H]2O[C@H](C)[C@@H](OC(=O)CC(C)C)[C@H](N(C)C)[C@H]2O)[C@@H](CCN2C[C@H](C)C[C@H](C)C2)C[C@@H](C)C(=O)/C=C/C(C)=C/[C@@H]1CO[C@@H]1O[C@H](C)[C@@H](O)[C@@H](OC)[C@H]1OC,TRUE,,-0.176
tilmicosin,Tilmicosin (ÌæÃ×¿¼ÐÇ),REF_TILMICOSIN,repository_reference,O20_attached_to_C15,20,15,C,MPM00359,4-Oxobutanoate,O=CCCC(=O)O,1,CC[C@H]1OC(=O)C[C@@H](OC(=O)CCC=O)[C@H](C)[C@@H](O[C@@H]2O[C@H](C)[C@@H](O)[C@H](N(C)C)[C@H]2O)[C@@H](CCN2C[C@H](C)C[C@H](C)C2)C[C@@H](C)C(=O)/C=C/C(C)=C/[C@@H]1CO[C@@H]1O[C@H](C)[C@@H](O)[C@@H](OC)[C@H]1OC,CC[C@H]1OC(=O)C[C@@H](OC(=O)CCC=O)[C@H](C)[C@@H](O[C@@H]2O[C@H](C)[C@@H](O)[C@H](N(C)C)[C@H]2O)[C@@H](CCN2C[C@H](C)C[C@H](C)C2)C[C@@H](C)C(=O)/C=C/C(C)=C/[C@@H]1CO[C@@H]1O[C@H](C)[C@@H](O)[C@@H](OC)[C@H]1OC,TRUE,,-0.179
tilmicosin,Tilmicosin (ÌæÃ×¿¼ÐÇ),REF_TILMICOSIN,repository_reference,O30_attached_to_C26,30,26,C,MPM00295,3-hydroxyheptanoic Acid,CCCCC(O)CC(=O)O,1,CCCCC(O)CC(=O)O[C@H]1[C@H](N(C)C)[C@@H](O)[C@H](O[C@H]2[C@@H](CCN3C[C@H](C)C[C@H](C)C3)C[C@@H](C)C(=O)/C=C/C(C)=C/[C@H](CO[C@@H]3O[C@H](C)[C@@H](O)[C@@H](OC)[C@H]3OC)[C@@H](CC)OC(=O)C[C@@H](O)[C@@H]2C)O[C@@H]1C,CCCCC(O)CC(=O)O[C@H]1[C@H](N(C)C)[C@@H](O)[C@H](O[C@H]2[C@@H](CCN3C[C@H](C)C[C@H](C)C3)C[C@@H](C)C(=O)/C=C/C(C)=C/[C@H](CO[C@@H]3O[C@H](C)[C@@H](O)[C@@H](OC)[C@H]3OC)[C@@H](CC)OC(=O)C[C@@H](O)[C@@H]2C)O[C@@H]1C,TRUE,,-0.185
tilmicosin,Tilmicosin (ÌæÃ×¿¼ÐÇ),REF_TILMICOSIN,repository_reference,O34_attached_to_C24,34,24,C,MPM00300,3-Hydroxynonanoic acid,CCCCCCC(O)CC(=O)O,1,CCCCCCC(O)CC(=O)O[C@H]1[C@H](O[C@H]2[C@@H](CCN3C[C@H](C)C[C@H](C)C3)C[C@@H](C)C(=O)/C=C/C(C)=C/[C@H](CO[C@@H]3O[C@H](C)[C@@H](O)[C@@H](OC)[C@H]3OC)[C@@H](CC)OC(=O)C[C@@H](O)[C@@H]2C)O[C@H](C)[C@@H](O)[C@@H]1N(C)C,CCCCCCC(O)CC(=O)O[C@H]1[C@H](O[C@H]2[C@@H](CCN3C[C@H](C)C[C@H](C)C3)C[C@@H](C)C(=O)/C=C/C(C)=C/[C@H](CO[C@@H]3O[C@H](C)[C@@H](O)[C@@H](OC)[C@H]3OC)[C@@H](CC)OC(=O)C[C@@H](O)[C@@H]2C)O[C@H](C)[C@@H](O)[C@@H]1N(C)C,TRUE,,-0.185
tilmicosin,Tilmicosin (ÌæÃ×¿¼ÐÇ),REF_TILMICOSIN,repository_reference,O20_attached_to_C15,20,15,C,MPM00295,3-hydroxyheptanoic Acid,CCCCC(O)CC(=O)O,1,CCCCC(O)CC(=O)O[C@@H]1CC(=O)O[C@H](CC)[C@@H](CO[C@@H]2O[C@H](C)[C@@H](O)[C@@H](OC)[C@H]2OC)/C=C(C)/C=C/C(=O)[C@H](C)C[C@H](CCN2C[C@H](C)C[C@H](C)C2)[C@H](O[C@@H]2O[C@H](C)[C@@H](O)[C@H](N(C)C)[C@H]2O)[C@H]1C,CCCCC(O)CC(=O)O[C@@H]1CC(=O)O[C@H](CC)[C@@H](CO[C@@H]2O[C@H](C)[C@@H](O)[C@@H](OC)[C@H]2OC)/C=C(C)/C=C/C(=O)[C@H](C)C[C@H](CCN2C[C@H](C)C[C@H](C)C2)[C@H](O[C@@H]2O[C@H](C)[C@@H](O)[C@H](N(C)C)[C@H]2O)[C@H]1C,TRUE,,-0.186
tilmicosin,Tilmicosin (ÌæÃ×¿¼ÐÇ),REF_TILMICOSIN,repository_reference,O20_attached_to_C15,20,15,C,MPM00720,Isovalerate,CC(C)CC(=O)O,1,CC[C@H]1OC(=O)C[C@@H](OC(=O)CC(C)C)[C@H](C)[C@@H](O[C@@H]2O[C@H](C)[C@@H](O)[C@H](N(C)C)[C@H]2O)[C@@H](CCN2C[C@H](C)C[C@H](C)C2)C[C@@H](C)C(=O)/C=C/C(C)=C/[C@@H]1CO[C@@H]1O[C@H](C)[C@@H](O)[C@@H](OC)[C@H]1OC,CC[C@H]1OC(=O)C[C@@H](OC(=O)CC(C)C)[C@H](C)[C@@H](O[C@@H]2O[C@H](C)[C@@H](O)[C@H](N(C)C)[C@H]2O)[C@@H](CCN2C[C@H](C)C[C@H](C)C2)C[C@@H](C)C(=O)/C=C/C(C)=C/[C@@H]1CO[C@@H]1O[C@H](C)[C@@H](O)[C@@H](OC)[C@H]1OC,TRUE,,-0.187
tilmicosin,Tilmicosin (ÌæÃ×¿¼ÐÇ),REF_TILMICOSIN,repository_reference,O56_attached_to_C52,56,52,C,MPM00026,"(2R)-2,3-Dihydroxy-3-methylbutanoate",CC(C)(O)C(O)C(=O)O,1,CC[C@H]1OC(=O)C[C@@H](O)[C@H](C)[C@@H](O[C@@H]2O[C@H](C)[C@@H](O)[C@H](N(C)C)[C@H]2O)[C@@H](CCN2C[C@H](C)C[C@H](C)C2)C[C@@H](C)C(=O)/C=C/C(C)=C/[C@@H]1CO[C@@H]1O[C@H](C)[C@@H](OC(=O)C(O)C(C)(C)O)[C@@H](OC)[C@H]1OC,CC[C@H]1OC(=O)C[C@@H](O)[C@H](C)[C@@H](O[C@@H]2O[C@H](C)[C@@H](O)[C@H](N(C)C)[C@H]2O)[C@@H](CCN2C[C@H](C)C[C@H](C)C2)C[C@@H](C)C(=O)/C=C/C(C)=C/[C@@H]1CO[C@@H]1O[C@H](C)[C@@H](OC(=O)C(O)C(C)(C)O)[C@@H](OC)[C@H]1OC,TRUE,,-0.187
tilmicosin,Tilmicosin (ÌæÃ×¿¼ÐÇ),REF_TILMICOSIN,repository_reference,O34_attached_to_C24,34,24,C,MPM00380,5-Dehydrogluconate,O=C(O)C(O)C(O)C(O)C(=O)CO,1,CC[C@H]1OC(=O)C[C@@H](O)[C@H](C)[C@@H](O[C@@H]2O[C@H](C)[C@@H](O)[C@H](N(C)C)[C@H]2OC(=O)C(O)C(O)C(O)C(=O)CO)[C@@H](CCN2C[C@H](C)C[C@H](C)C2)C[C@@H](C)C(=O)/C=C/C(C)=C/[C@@H]1CO[C@@H]1O[C@H](C)[C@@H](O)[C@@H](OC)[C@H]1OC,CC[C@H]1OC(=O)C[C@@H](O)[C@H](C)[C@@H](O[C@@H]2O[C@H](C)[C@@H](O)[C@H](N(C)C)[C@H]2OC(=O)C(O)C(O)C(O)C(=O)CO)[C@@H](CCN2C[C@H](C)C[C@H](C)C2)C[C@@H](C)C(=O)/C=C/C(C)=C/[C@@H]1CO[C@@H]1O[C@H](C)[C@@H](O)[C@@H](OC)[C@H]1OC,TRUE,,-0.194
tilmicosin,Tilmicosin (ÌæÃ×¿¼ÐÇ),REF_TILMICOSIN,repository_reference,O34_attached_to_C24,34,24,C,MPM00412,9-Phenylnonanoic acid,O=C(O)CCCCCCCCc1ccccc1,1,CC[C@H]1OC(=O)C[C@@H](O)[C@H](C)[C@@H](O[C@@H]2O[C@H](C)[C@@H](O)[C@H](N(C)C)[C@H]2OC(=O)CCCCCCCCc2ccccc2)[C@@H](CCN2C[C@H](C)C[C@H](C)C2)C[C@@H](C)C(=O)/C=C/C(C)=C/[C@@H]1CO[C@@H]1O[C@H](C)[C@@H](O)[C@@H](OC)[C@H]1OC,CC[C@H]1OC(=O)C[C@@H](O)[C@H](C)[C@@H](O[C@@H]2O[C@H](C)[C@@H](O)[C@H](N(C)C)[C@H]2OC(=O)CCCCCCCCc2ccccc2)[C@@H](CCN2C[C@H](C)C[C@H](C)C2)C[C@@H](C)C(=O)/C=C/C(C)=C/[C@@H]1CO[C@@H]1O[C@H](C)[C@@H](O)[C@@H](OC)[C@H]1OC,TRUE,,-0.195
tilmicosin,Tilmicosin (ÌæÃ×¿¼ÐÇ),REF_TILMICOSIN,repository_reference,O56_attached_to_C52,56,52,C,MPM00301,3-Hydroxyoctanoic acid,CCCCCC(O)CC(=O)O,1,CCCCCC(O)CC(=O)O[C@H]1[C@@H](OC)[C@@H](OC)[C@H](OC[C@H]2/C=C(C)/C=C/C(=O)[C@H](C)C[C@H](CCN3C[C@H](C)C[C@H](C)C3)[C@H](O[C@@H]3O[C@H](C)[C@@H](O)[C@H](N(C)C)[C@H]3O)[C@@H](C)[C@H](O)CC(=O)O[C@@H]2CC)O[C@@H]1C,CCCCCC(O)CC(=O)O[C@H]1[C@@H](OC)[C@@H](OC)[C@H](OC[C@H]2/C=C(C)/C=C/C(=O)[C@H](C)C[C@H](CCN3C[C@H](C)C[C@H](C)C3)[C@H](O[C@@H]3O[C@H](C)[C@@H](O)[C@H](N(C)C)[C@H]3O)[C@@H](C)[C@H](O)CC(=O)O[C@@H]2CC)O[C@@H]1C,TRUE,,-0.195
tilmicosin,Tilmicosin (ÌæÃ×¿¼ÐÇ),REF_TILMICOSIN,repository_reference,O56_attached_to_C52,56,52,C,MPM00894,Phosphonoacetic acid,O=C(O)CP(=O)(O)O,1,CC[C@H]1OC(=O)C[C@@H](O)[C@H](C)[C@@H](O[C@@H]2O[C@H](C)[C@@H](O)[C@H](N(C)C)[C@H]2O)[C@@H](CCN2C[C@H](C)C[C@H](C)C2)C[C@@H](C)C(=O)/C=C/C(C)=C/[C@@H]1CO[C@@H]1O[C@H](C)[C@@H](OC(=O)CP(=O)(O)O)[C@@H](OC)[C@H]1OC,CC[C@H]1OC(=O)C[C@@H](O)[C@H](C)[C@@H](O[C@@H]2O[C@H](C)[C@@H](O)[C@H](N(C)C)[C@H]2O)[C@@H](CCN2C[C@H](C)C[C@H](C)C2)C[C@@H](C)C(=O)/C=C/C(C)=C/[C@@H]1CO[C@@H]1O[C@H](C)[C@@H](OC(=O)CP(=O)(O)O)[C@@H](OC)[C@H]1OC,TRUE,,-0.195
tilmicosin,Tilmicosin (ÌæÃ×¿¼ÐÇ),REF_TILMICOSIN,repository_reference,O56_attached_to_C52,56,52,C,MPM00444,Allophanic acid,NC(=O)NC(=O)O,1,CC[C@H]1OC(=O)C[C@@H](O)[C@H](C)[C@@H](O[C@@H]2O[C@H](C)[C@@H](O)[C@H](N(C)C)[C@H]2O)[C@@H](CCN2C[C@H](C)C[C@H](C)C2)C[C@@H](C)C(=O)/C=C/C(C)=C/[C@@H]1CO[C@@H]1O[C@H](C)[C@@H](OC(=O)NC(N)=O)[C@@H](OC)[C@H]1OC,CC[C@H]1OC(=O)C[C@@H](O)[C@H](C)[C@@H](O[C@@H]2O[C@H](C)[C@@H](O)[C@H](N(C)C)[C@H]2O)[C@@H](CCN2C[C@H](C)C[C@H](C)C2)C[C@@H](C)C(=O)/C=C/C(C)=C/[C@@H]1CO[C@@H]1O[C@H](C)[C@@H](OC(=O)NC(N)=O)[C@@H](OC)[C@H]1OC,TRUE,,-0.197
tilmicosin,Tilmicosin (ÌæÃ×¿¼ÐÇ),REF_TILMICOSIN,repository_reference,O34_attached_to_C24,34,24,C,MPM00029,"(2R,3R)-2-hydroxy-3-methylpentanoic acid",CCC(C)C(O)C(=O)O,1,CCC(C)C(O)C(=O)O[C@H]1[C@H](O[C@H]2[C@@H](CCN3C[C@H](C)C[C@H](C)C3)C[C@@H](C)C(=O)/C=C/C(C)=C/[C@H](CO[C@@H]3O[C@H](C)[C@@H](O)[C@@H](OC)[C@H]3OC)[C@@H](CC)OC(=O)C[C@@H](O)[C@@H]2C)O[C@H](C)[C@@H](O)[C@@H]1N(C)C,CCC(C)C(O)C(=O)O[C@H]1[C@H](O[C@H]2[C@@H](CCN3C[C@H](C)C[C@H](C)C3)C[C@@H](C)C(=O)/C=C/C(C)=C/[C@H](CO[C@@H]3O[C@H](C)[C@@H](O)[C@@H](OC)[C@H]3OC)[C@@H](CC)OC(=O)C[C@@H](O)[C@@H]2C)O[C@H](C)[C@@H](O)[C@@H]1N(C)C,TRUE,,-0.198
tilmicosin,Tilmicosin (ÌæÃ×¿¼ÐÇ),REF_TILMICOSIN,repository_reference,O30_attached_to_C26,30,26,C,MPM00094,(S)-2-Hydroxy-2-ethyl-3-oxobutanoate,CCC(O)(C(C)=O)C(=O)O,1,CC[C@H]1OC(=O)C[C@@H](O)[C@H](C)[C@@H](O[C@@H]2O[C@H](C)[C@@H](OC(=O)C(O)(CC)C(C)=O)[C@H](N(C)C)[C@H]2O)[C@@H](CCN2C[C@H](C)C[C@H](C)C2)C[C@@H](C)C(=O)/C=C/C(C)=C/[C@@H]1CO[C@@H]1O[C@H](C)[C@@H](O)[C@@H](OC)[C@H]1OC,CC[C@H]1OC(=O)C[C@@H](O)[C@H](C)[C@@H](O[C@@H]2O[C@H](C)[C@@H](OC(=O)C(O)(CC)C(C)=O)[C@H](N(C)C)[C@H]2O)[C@@H](CCN2C[C@H](C)C[C@H](C)C2)C[C@@H](C)C(=O)/C=C/C(C)=C/[C@@H]1CO[C@@H]1O[C@H](C)[C@@H](O)[C@@H](OC)[C@H]1OC,TRUE,,-0.2
tilmicosin,Tilmicosin (ÌæÃ×¿¼ÐÇ),REF_TILMICOSIN,repository_reference,O34_attached_to_C24,34,24,C,MPM00290,3-Hydroxy-7-phenylheptanoic acid,O=C(O)CC(O)CCCCc1ccccc1,1,CC[C@H]1OC(=O)C[C@@H](O)[C@H](C)[C@@H](O[C@@H]2O[C@H](C)[C@@H](O)[C@H](N(C)C)[C@H]2OC(=O)CC(O)CCCCc2ccccc2)[C@@H](CCN2C[C@H](C)C[C@H](C)C2)C[C@@H](C)C(=O)/C=C/C(C)=C/[C@@H]1CO[C@@H]1O[C@H](C)[C@@H](O)[C@@H](OC)[C@H]1OC,CC[C@H]1OC(=O)C[C@@H](O)[C@H](C)[C@@H](O[C@@H]2O[C@H](C)[C@@H](O)[C@H](N(C)C)[C@H]2OC(=O)CC(O)CCCCc2ccccc2)[C@@H](CCN2C[C@H](C)C[C@H](C)C2)C[C@@H](C)C(=O)/C=C/C(C)=C/[C@@H]1CO[C@@H]1O[C@H](C)[C@@H](O)[C@@H](OC)[C@H]1OC,TRUE,,-0.203
tilmicosin,Tilmicosin (ÌæÃ×¿¼ÐÇ),REF_TILMICOSIN,repository_reference,O20_attached_to_C15,20,15,C,MPM00409,8-Phenyloctanoic acid,O=C(O)CCCCCCCc1ccccc1,1,CC[C@H]1OC(=O)C[C@@H](OC(=O)CCCCCCCc2ccccc2)[C@H](C)[C@@H](O[C@@H]2O[C@H](C)[C@@H](O)[C@H](N(C)C)[C@H]2O)[C@@H](CCN2C[C@H](C)C[C@H](C)C2)C[C@@H](C)C(=O)/C=C/C(C)=C/[C@@H]1CO[C@@H]1O[C@H](C)[C@@H](O)[C@@H](OC)[C@H]1OC,CC[C@H]1OC(=O)C[C@@H](OC(=O)CCCCCCCc2ccccc2)[C@H](C)[C@@H](O[C@@H]2O[C@H](C)[C@@H](O)[C@H](N(C)C)[C@H]2O)[C@@H](CCN2C[C@H](C)C[C@H](C)C2)C[C@@H](C)C(=O)/C=C/C(C)=C/[C@@H]1CO[C@@H]1O[C@H](C)[C@@H](O)[C@@H](OC)[C@H]1OC,TRUE,,-0.204
tilmicosin,Tilmicosin (ÌæÃ×¿¼ÐÇ),REF_TILMICOSIN,repository_reference,O34_attached_to_C24,34,24,C,MPM00028,"(2R,3R)-2,3-Dihydroxy-3-methylpentanoate",CCC(C)(O)C(O)C(=O)O,1,CC[C@H]1OC(=O)C[C@@H](O)[C@H](C)[C@@H](O[C@@H]2O[C@H](C)[C@@H](O)[C@H](N(C)C)[C@H]2OC(=O)C(O)C(C)(O)CC)[C@@H](CCN2C[C@H](C)C[C@H](C)C2)C[C@@H](C)C(=O)/C=C/C(C)=C/[C@@H]1CO[C@@H]1O[C@H](C)[C@@H](O)[C@@H](OC)[C@H]1OC,CC[C@H]1OC(=O)C[C@@H](O)[C@H](C)[C@@H](O[C@@H]2O[C@H](C)[C@@H](O)[C@H](N(C)C)[C@H]2OC(=O)C(O)C(C)(O)CC)[C@@H](CCN2C[C@H](C)C[C@H](C)C2)C[C@@H](C)C(=O)/C=C/C(C)=C/[C@@H]1CO[C@@H]1O[C@H](C)[C@@H](O)[C@@H](OC)[C@H]1OC,TRUE,,-0.205
tilmicosin,Tilmicosin (ÌæÃ×¿¼ÐÇ),REF_TILMICOSIN,repository_reference,O20_attached_to_C15,20,15,C,MPM00606,dodecanoate,CCCCCCCCCCCC(=O)O,1,CCCCCCCCCCCC(=O)O[C@@H]1CC(=O)O[C@H](CC)[C@@H](CO[C@@H]2O[C@H](C)[C@@H](O)[C@@H](OC)[C@H]2OC)/C=C(C)/C=C/C(=O)[C@H](C)C[C@H](CCN2C[C@H](C)C[C@H](C)C2)[C@H](O[C@@H]2O[C@H](C)[C@@H](O)[C@H](N(C)C)[C@H]2O)[C@H]1C,CCCCCCCCCCCC(=O)O[C@@H]1CC(=O)O[C@H](CC)[C@@H](CO[C@@H]2O[C@H](C)[C@@H](O)[C@@H](OC)[C@H]2OC)/C=C(C)/C=C/C(=O)[C@H](C)C[C@H](CCN2C[C@H](C)C[C@H](C)C2)[C@H](O[C@@H]2O[C@H](C)[C@@H](O)[C@H](N(C)C)[C@H]2O)[C@H]1C,TRUE,,-0.206
tilmicosin,Tilmicosin (ÌæÃ×¿¼ÐÇ),REF_TILMICOSIN,repository_reference,O30_attached_to_C26,30,26,C,MPM00409,8-Phenyloctanoic acid,O=C(O)CCCCCCCc1ccccc1,1,CC[C@H]1OC(=O)C[C@@H](O)[C@H](C)[C@@H](O[C@@H]2O[C@H](C)[C@@H](OC(=O)CCCCCCCc3ccccc3)[C@H](N(C)C)[C@H]2O)[C@@H](CCN2C[C@H](C)C[C@H](C)C2)C[C@@H](C)C(=O)/C=C/C(C)=C/[C@@H]1CO[C@@H]1O[C@H](C)[C@@H](O)[C@@H](OC)[C@H]1OC,CC[C@H]1OC(=O)C[C@@H](O)[C@H](C)[C@@H](O[C@@H]2O[C@H](C)[C@@H](OC(=O)CCCCCCCc3ccccc3)[C@H](N(C)C)[C@H]2O)[C@@H](CCN2C[C@H](C)C[C@H](C)C2)C[C@@H](C)C(=O)/C=C/C(C)=C/[C@@H]1CO[C@@H]1O[C@H](C)[C@@H](O)[C@@H](OC)[C@H]1OC,TRUE,,-0.206
tilmicosin,Tilmicosin (ÌæÃ×¿¼ÐÇ),REF_TILMICOSIN,repository_reference,O34_attached_to_C24,34,24,C,MPM00967,tetradecanoate,CCCCCCCCCCCCCC(=O)O,1,CCCCCCCCCCCCCC(=O)O[C@H]1[C@H](O[C@H]2[C@@H](CCN3C[C@H](C)C[C@H](C)C3)C[C@@H](C)C(=O)/C=C/C(C)=C/[C@H](CO[C@@H]3O[C@H](C)[C@@H](O)[C@@H](OC)[C@H]3OC)[C@@H](CC)OC(=O)C[C@@H](O)[C@@H]2C)O[C@H](C)[C@@H](O)[C@@H]1N(C)C,CCCCCCCCCCCCCC(=O)O[C@H]1[C@H](O[C@H]2[C@@H](CCN3C[C@H](C)C[C@H](C)C3)C[C@@H](C)C(=O)/C=C/C(C)=C/[C@H](CO[C@@H]3O[C@H](C)[C@@H](O)[C@@H](OC)[C@H]3OC)[C@@H](CC)OC(=O)C[C@@H](O)[C@@H]2C)O[C@H](C)[C@@H](O)[C@@H]1N(C)C,TRUE,,-0.207
tilmicosin,Tilmicosin (ÌæÃ×¿¼ÐÇ),REF_TILMICOSIN,repository_reference,O30_attached_to_C26,30,26,C,MPM00606,dodecanoate,CCCCCCCCCCCC(=O)O,1,CCCCCCCCCCCC(=O)O[C@H]1[C@H](N(C)C)[C@@H](O)[C@H](O[C@H]2[C@@H](CCN3C[C@H](C)C[C@H](C)C3)C[C@@H](C)C(=O)/C=C/C(C)=C/[C@H](CO[C@@H]3O[C@H](C)[C@@H](O)[C@@H](OC)[C@H]3OC)[C@@H](CC)OC(=O)C[C@@H](O)[C@@H]2C)O[C@@H]1C,CCCCCCCCCCCC(=O)O[C@H]1[C@H](N(C)C)[C@@H](O)[C@H](O[C@H]2[C@@H](CCN3C[C@H](C)C[C@H](C)C3)C[C@@H](C)C(=O)/C=C/C(C)=C/[C@H](CO[C@@H]3O[C@H](C)[C@@H](O)[C@@H](OC)[C@H]3OC)[C@@H](CC)OC(=O)C[C@@H](O)[C@@H]2C)O[C@@H]1C,TRUE,,-0.208
tilmicosin,Tilmicosin (ÌæÃ×¿¼ÐÇ),REF_TILMICOSIN,repository_reference,O56_attached_to_C52,56,52,C,MPM00300,3-Hydroxynonanoic acid,CCCCCCC(O)CC(=O)O,1,CCCCCCC(O)CC(=O)O[C@H]1[C@@H](OC)[C@@H](OC)[C@H](OC[C@H]2/C=C(C)/C=C/C(=O)[C@H](C)C[C@H](CCN3C[C@H](C)C[C@H](C)C3)[C@H](O[C@@H]3O[C@H](C)[C@@H](O)[C@H](N(C)C)[C@H]3O)[C@@H](C)[C@H](O)CC(=O)O[C@@H]2CC)O[C@@H]1C,CCCCCCC(O)CC(=O)O[C@H]1[C@@H](OC)[C@@H](OC)[C@H](OC[C@H]2/C=C(C)/C=C/C(=O)[C@H](C)C[C@H](CCN3C[C@H](C)C[C@H](C)C3)[C@H](O[C@@H]3O[C@H](C)[C@@H](O)[C@H](N(C)C)[C@H]3O)[C@@H](C)[C@H](O)CC(=O)O[C@@H]2CC)O[C@@H]1C,TRUE,,-0.208
tilmicosin,Tilmicosin (ÌæÃ×¿¼ÐÇ),REF_TILMICOSIN,repository_reference,O20_attached_to_C15,20,15,C,MPM00094,(S)-2-Hydroxy-2-ethyl-3-oxobutanoate,CCC(O)(C(C)=O)C(=O)O,1,CC[C@H]1OC(=O)C[C@@H](OC(=O)C(O)(CC)C(C)=O)[C@H](C)[C@@H](O[C@@H]2O[C@H](C)[C@@H](O)[C@H](N(C)C)[C@H]2O)[C@@H](CCN2C[C@H](C)C[C@H](C)C2)C[C@@H](C)C(=O)/C=C/C(C)=C/[C@@H]1CO[C@@H]1O[C@H](C)[C@@H](O)[C@@H](OC)[C@H]1OC,CC[C@H]1OC(=O)C[C@@H](OC(=O)C(O)(CC)C(C)=O)[C@H](C)[C@@H](O[C@@H]2O[C@H](C)[C@@H](O)[C@H](N(C)C)[C@H]2O)[C@@H](CCN2C[C@H](C)C[C@H](C)C2)C[C@@H](C)C(=O)/C=C/C(C)=C/[C@@H]1CO[C@@H]1O[C@H](C)[C@@H](O)[C@@H](OC)[C@H]1OC,TRUE,,-0.209
tilmicosin,Tilmicosin (ÌæÃ×¿¼ÐÇ),REF_TILMICOSIN,repository_reference,O20_attached_to_C15,20,15,C,MPM00289,3-Hydroxy-6-phenylhexanoic acid,O=C(O)CC(O)CCCc1ccccc1,1,CC[C@H]1OC(=O)C[C@@H](OC(=O)CC(O)CCCc2ccccc2)[C@H](C)[C@@H](O[C@@H]2O[C@H](C)[C@@H](O)[C@H](N(C)C)[C@H]2O)[C@@H](CCN2C[C@H](C)C[C@H](C)C2)C[C@@H](C)C(=O)/C=C/C(C)=C/[C@@H]1CO[C@@H]1O[C@H](C)[C@@H](O)[C@@H](OC)[C@H]1OC,CC[C@H]1OC(=O)C[C@@H](OC(=O)CC(O)CCCc2ccccc2)[C@H](C)[C@@H](O[C@@H]2O[C@H](C)[C@@H](O)[C@H](N(C)C)[C@H]2O)[C@@H](CCN2C[C@H](C)C[C@H](C)C2)C[C@@H](C)C(=O)/C=C/C(C)=C/[C@@H]1CO[C@@H]1O[C@H](C)[C@@H](O)[C@@H](OC)[C@H]1OC,TRUE,,-0.212
tilmicosin,Tilmicosin (ÌæÃ×¿¼ÐÇ),REF_TILMICOSIN,repository_reference,O30_attached_to_C26,30,26,C,MPM00289,3-Hydroxy-6-phenylhexanoic acid,O=C(O)CC(O)CCCc1ccccc1,1,CC[C@H]1OC(=O)C[C@@H](O)[C@H](C)[C@@H](O[C@@H]2O[C@H](C)[C@@H](OC(=O)CC(O)CCCc3ccccc3)[C@H](N(C)C)[C@H]2O)[C@@H](CCN2C[C@H](C)C[C@H](C)C2)C[C@@H](C)C(=O)/C=C/C(C)=C/[C@@H]1CO[C@@H]1O[C@H](C)[C@@H](O)[C@@H](OC)[C@H]1OC,CC[C@H]1OC(=O)C[C@@H](O)[C@H](C)[C@@H](O[C@@H]2O[C@H](C)[C@@H](OC(=O)CC(O)CCCc3ccccc3)[C@H](N(C)C)[C@H]2O)[C@@H](CCN2C[C@H](C)C[C@H](C)C2)C[C@@H](C)C(=O)/C=C/C(C)=C/[C@@H]1CO[C@@H]1O[C@H](C)[C@@H](O)[C@@H](OC)[C@H]1OC,TRUE,,-0.214
tilmicosin,Tilmicosin (ÌæÃ×¿¼ÐÇ),REF_TILMICOSIN,repository_reference,O56_attached_to_C52,56,52,C,MPM00380,5-Dehydrogluconate,O=C(O)C(O)C(O)C(O)C(=O)CO,1,CC[C@H]1OC(=O)C[C@@H](O)[C@H](C)[C@@H](O[C@@H]2O[C@H](C)[C@@H](O)[C@H](N(C)C)[C@H]2O)[C@@H](CCN2C[C@H](C)C[C@H](C)C2)C[C@@H](C)C(=O)/C=C/C(C)=C/[C@@H]1CO[C@@H]1O[C@H](C)[C@@H](OC(=O)C(O)C(O)C(O)C(=O)CO)[C@@H](OC)[C@H]1OC,CC[C@H]1OC(=O)C[C@@H](O)[C@H](C)[C@@H](O[C@@H]2O[C@H](C)[C@@H](O)[C@H](N(C)C)[C@H]2O)[C@@H](CCN2C[C@H](C)C[C@H](C)C2)C[C@@H](C)C(=O)/C=C/C(C)=C/[C@@H]1CO[C@@H]1O[C@H](C)[C@@H](OC(=O)C(O)C(O)C(O)C(=O)CO)[C@@H](OC)[C@H]1OC,TRUE,,-0.217
tilmicosin,Tilmicosin (ÌæÃ×¿¼ÐÇ),REF_TILMICOSIN,repository_reference,O34_attached_to_C24,34,24,C,MPM00162,1-Pyrroline-5-carboxylate,O=C(O)C1CCC=N1,1,CC[C@H]1OC(=O)C[C@@H](O)[C@H](C)[C@@H](O[C@@H]2O[C@H](C)[C@@H](O)[C@H](N(C)C)[C@H]2OC(=O)C2CCC=N2)[C@@H](CCN2C[C@H](C)C[C@H](C)C2)C[C@@H](C)C(=O)/C=C/C(C)=C/[C@@H]1CO[C@@H]1O[C@H](C)[C@@H](O)[C@@H](OC)[C@H]1OC,CC[C@H]1OC(=O)C[C@@H](O)[C@H](C)[C@@H](O[C@@H]2O[C@H](C)[C@@H](O)[C@H](N(C)C)[C@H]2OC(=O)C2CCC=N2)[C@@H](CCN2C[C@H](C)C[C@H](C)C2)C[C@@H](C)C(=O)/C=C/C(C)=C/[C@@H]1CO[C@@H]1O[C@H](C)[C@@H](O)[C@@H](OC)[C@H]1OC,TRUE,,-0.219
tilmicosin,Tilmicosin (ÌæÃ×¿¼ÐÇ),REF_TILMICOSIN,repository_reference,O56_attached_to_C52,56,52,C,MPM00412,9-Phenylnonanoic acid,O=C(O)CCCCCCCCc1ccccc1,1,CC[C@H]1OC(=O)C[C@@H](O)[C@H](C)[C@@H](O[C@@H]2O[C@H](C)[C@@H](O)[C@H](N(C)C)[C@H]2O)[C@@H](CCN2C[C@H](C)C[C@H](C)C2)C[C@@H](C)C(=O)/C=C/C(C)=C/[C@@H]1CO[C@@H]1O[C@H](C)[C@@H](OC(=O)CCCCCCCCc2ccccc2)[C@@H](OC)[C@H]1OC,CC[C@H]1OC(=O)C[C@@H](O)[C@H](C)[C@@H](O[C@@H]2O[C@H](C)[C@@H](O)[C@H](N(C)C)[C@H]2O)[C@@H](CCN2C[C@H](C)C[C@H](C)C2)C[C@@H](C)C(=O)/C=C/C(C)=C/[C@@H]1CO[C@@H]1O[C@H](C)[C@@H](OC(=O)CCCCCCCCc2ccccc2)[C@@H](OC)[C@H]1OC,TRUE,,-0.219
tilmicosin,Tilmicosin (ÌæÃ×¿¼ÐÇ),REF_TILMICOSIN,repository_reference,O56_attached_to_C52,56,52,C,MPM00029,"(2R,3R)-2-hydroxy-3-methylpentanoic acid",CCC(C)C(O)C(=O)O,1,CCC(C)C(O)C(=O)O[C@H]1[C@@H](OC)[C@@H](OC)[C@H](OC[C@H]2/C=C(C)/C=C/C(=O)[C@H](C)C[C@H](CCN3C[C@H](C)C[C@H](C)C3)[C@H](O[C@@H]3O[C@H](C)[C@@H](O)[C@H](N(C)C)[C@H]3O)[C@@H](C)[C@H](O)CC(=O)O[C@@H]2CC)O[C@@H]1C,CCC(C)C(O)C(=O)O[C@H]1[C@@H](OC)[C@@H](OC)[C@H](OC[C@H]2/C=C(C)/C=C/C(=O)[C@H](C)C[C@H](CCN3C[C@H](C)C[C@H](C)C3)[C@H](O[C@@H]3O[C@H](C)[C@@H](O)[C@H](N(C)C)[C@H]3O)[C@@H](C)[C@H](O)CC(=O)O[C@@H]2CC)O[C@@H]1C,TRUE,,-0.22
tilmicosin,Tilmicosin (ÌæÃ×¿¼ÐÇ),REF_TILMICOSIN,repository_reference,O20_attached_to_C15,20,15,C,MPM00210,2-Dehydro-3-deoxy-D-galactonate,O=C(O)C(=O)CC(O)C(O)CO,1,CC[C@H]1OC(=O)C[C@@H](OC(=O)C(=O)CC(O)C(O)CO)[C@H](C)[C@@H](O[C@@H]2O[C@H](C)[C@@H](O)[C@H](N(C)C)[C@H]2O)[C@@H](CCN2C[C@H](C)C[C@H](C)C2)C[C@@H](C)C(=O)/C=C/C(C)=C/[C@@H]1CO[C@@H]1O[C@H](C)[C@@H](O)[C@@H](OC)[C@H]1OC,CC[C@H]1OC(=O)C[C@@H](OC(=O)C(=O)CC(O)C(O)CO)[C@H](C)[C@@H](O[C@@H]2O[C@H](C)[C@@H](O)[C@H](N(C)C)[C@H]2O)[C@@H](CCN2C[C@H](C)C[C@H](C)C2)C[C@@H](C)C(=O)/C=C/C(C)=C/[C@@H]1CO[C@@H]1O[C@H](C)[C@@H](O)[C@@H](OC)[C@H]1OC,TRUE,,-0.221
tilmicosin,Tilmicosin (ÌæÃ×¿¼ÐÇ),REF_TILMICOSIN,repository_reference,O34_attached_to_C24,34,24,C,MPM00293,3-Hydroxydecanoic acid,CCCCCCCC(O)CC(=O)O,1,CCCCCCCC(O)CC(=O)O[C@H]1[C@H](O[C@H]2[C@@H](CCN3C[C@H](C)C[C@H](C)C3)C[C@@H](C)C(=O)/C=C/C(C)=C/[C@H](CO[C@@H]3O[C@H](C)[C@@H](O)[C@@H](OC)[C@H]3OC)[C@@H](CC)OC(=O)C[C@@H](O)[C@@H]2C)O[C@H](C)[C@@H](O)[C@@H]1N(C)C,CCCCCCCC(O)CC(=O)O[C@H]1[C@H](O[C@H]2[C@@H](CCN3C[C@H](C)C[C@H](C)C3)C[C@@H](C)C(=O)/C=C/C(C)=C/[C@H](CO[C@@H]3O[C@H](C)[C@@H](O)[C@@H](OC)[C@H]3OC)[C@@H](CC)OC(=O)C[C@@H](O)[C@@H]2C)O[C@H](C)[C@@H](O)[C@@H]1N(C)C,TRUE,,-0.224
tilmicosin,Tilmicosin (ÌæÃ×¿¼ÐÇ),REF_TILMICOSIN,repository_reference,O30_attached_to_C26,30,26,C,MPM00210,2-Dehydro-3-deoxy-D-galactonate,O=C(O)C(=O)CC(O)C(O)CO,1,CC[C@H]1OC(=O)C[C@@H](O)[C@H](C)[C@@H](O[C@@H]2O[C@H](C)[C@@H](OC(=O)C(=O)CC(O)C(O)CO)[C@H](N(C)C)[C@H]2O)[C@@H](CCN2C[C@H](C)C[C@H](C)C2)C[C@@H](C)C(=O)/C=C/C(C)=C/[C@@H]1CO[C@@H]1O[C@H](C)[C@@H](O)[C@@H](OC)[C@H]1OC,CC[C@H]1OC(=O)C[C@@H](O)[C@H](C)[C@@H](O[C@@H]2O[C@H](C)[C@@H](OC(=O)C(=O)CC(O)C(O)CO)[C@H](N(C)C)[C@H]2O)[C@@H](CCN2C[C@H](C)C[C@H](C)C2)C[C@@H](C)C(=O)/C=C/C(C)=C/[C@@H]1CO[C@@H]1O[C@H](C)[C@@H](O)[C@@H](OC)[C@H]1OC,TRUE,,-0.227
tilmicosin,Tilmicosin (ÌæÃ×¿¼ÐÇ),REF_TILMICOSIN,repository_reference,O56_attached_to_C52,56,52,C,MPM00290,3-Hydroxy-7-phenylheptanoic acid,O=C(O)CC(O)CCCCc1ccccc1,1,CC[C@H]1OC(=O)C[C@@H](O)[C@H](C)[C@@H](O[C@@H]2O[C@H](C)[C@@H](O)[C@H](N(C)C)[C@H]2O)[C@@H](CCN2C[C@H](C)C[C@H](C)C2)C[C@@H](C)C(=O)/C=C/C(C)=C/[C@@H]1CO[C@@H]1O[C@H](C)[C@@H](OC(=O)CC(O)CCCCc2ccccc2)[C@@H](OC)[C@H]1OC,CC[C@H]1OC(=O)C[C@@H](O)[C@H](C)[C@@H](O[C@@H]2O[C@H](C)[C@@H](O)[C@H](N(C)C)[C@H]2O)[C@@H](CCN2C[C@H](C)C[C@H](C)C2)C[C@@H](C)C(=O)/C=C/C(C)=C/[C@@H]1CO[C@@H]1O[C@H](C)[C@@H](OC(=O)CC(O)CCCCc2ccccc2)[C@@H](OC)[C@H]1OC,TRUE,,-0.227
tilmicosin,Tilmicosin (ÌæÃ×¿¼ÐÇ),REF_TILMICOSIN,repository_reference,O56_attached_to_C52,56,52,C,MPM00028,"(2R,3R)-2,3-Dihydroxy-3-methylpentanoate",CCC(C)(O)C(O)C(=O)O,1,CC[C@H]1OC(=O)C[C@@H](O)[C@H](C)[C@@H](O[C@@H]2O[C@H](C)[C@@H](O)[C@H](N(C)C)[C@H]2O)[C@@H](CCN2C[C@H](C)C[C@H](C)C2)C[C@@H](C)C(=O)/C=C/C(C)=C/[C@@H]1CO[C@@H]1O[C@H](C)[C@@H](OC(=O)C(O)C(C)(O)CC)[C@@H](OC)[C@H]1OC,CC[C@H]1OC(=O)C[C@@H](O)[C@H](C)[C@@H](O[C@@H]2O[C@H](C)[C@@H](O)[C@H](N(C)C)[C@H]2O)[C@@H](CCN2C[C@H](C)C[C@H](C)C2)C[C@@H](C)C(=O)/C=C/C(C)=C/[C@@H]1CO[C@@H]1O[C@H](C)[C@@H](OC(=O)C(O)C(C)(O)CC)[C@@H](OC)[C@H]1OC,TRUE,,-0.228
tilmicosin,Tilmicosin (ÌæÃ×¿¼ÐÇ),REF_TILMICOSIN,repository_reference,O56_attached_to_C52,56,52,C,MPM00967,tetradecanoate,CCCCCCCCCCCCCC(=O)O,1,CCCCCCCCCCCCCC(=O)O[C@H]1[C@@H](OC)[C@@H](OC)[C@H](OC[C@H]2/C=C(C)/C=C/C(=O)[C@H](C)C[C@H](CCN3C[C@H](C)C[C@H](C)C3)[C@H](O[C@@H]3O[C@H](C)[C@@H](O)[C@H](N(C)C)[C@H]3O)[C@@H](C)[C@H](O)CC(=O)O[C@@H]2CC)O[C@@H]1C,CCCCCCCCCCCCCC(=O)O[C@H]1[C@@H](OC)[C@@H](OC)[C@H](OC[C@H]2/C=C(C)/C=C/C(=O)[C@H](C)C[C@H](CCN3C[C@H](C)C[C@H](C)C3)[C@H](O[C@@H]3O[C@H](C)[C@@H](O)[C@H](N(C)C)[C@H]3O)[C@@H](C)[C@H](O)CC(=O)O[C@@H]2CC)O[C@@H]1C,TRUE,,-0.231
tilmicosin,Tilmicosin (ÌæÃ×¿¼ÐÇ),REF_TILMICOSIN,repository_reference,O30_attached_to_C26,30,26,C,MPM00026,"(2R)-2,3-Dihydroxy-3-methylbutanoate",CC(C)(O)C(O)C(=O)O,1,CC[C@H]1OC(=O)C[C@@H](O)[C@H](C)[C@@H](O[C@@H]2O[C@H](C)[C@@H](OC(=O)C(O)C(C)(C)O)[C@H](N(C)C)[C@H]2O)[C@@H](CCN2C[C@H](C)C[C@H](C)C2)C[C@@H](C)C(=O)/C=C/C(C)=C/[C@@H]1CO[C@@H]1O[C@H](C)[C@@H](O)[C@@H](OC)[C@H]1OC,CC[C@H]1OC(=O)C[C@@H](O)[C@H](C)[C@@H](O[C@@H]2O[C@H](C)[C@@H](OC(=O)C(O)C(C)(C)O)[C@H](N(C)C)[C@H]2O)[C@@H](CCN2C[C@H](C)C[C@H](C)C2)C[C@@H](C)C(=O)/C=C/C(C)=C/[C@@H]1CO[C@@H]1O[C@H](C)[C@@H](O)[C@@H](OC)[C@H]1OC,TRUE,,-0.242
tilmicosin,Tilmicosin (ÌæÃ×¿¼ÐÇ),REF_TILMICOSIN,repository_reference,O56_attached_to_C52,56,52,C,MPM00162,1-Pyrroline-5-carboxylate,O=C(O)C1CCC=N1,1,CC[C@H]1OC(=O)C[C@@H](O)[C@H](C)[C@@H](O[C@@H]2O[C@H](C)[C@@H](O)[C@H](N(C)C)[C@H]2O)[C@@H](CCN2C[C@H](C)C[C@H](C)C2)C[C@@H](C)C(=O)/C=C/C(C)=C/[C@@H]1CO[C@@H]1O[C@H](C)[C@@H](OC(=O)C2CCC=N2)[C@@H](OC)[C@H]1OC,CC[C@H]1OC(=O)C[C@@H](O)[C@H](C)[C@@H](O[C@@H]2O[C@H](C)[C@@H](O)[C@H](N(C)C)[C@H]2O)[C@@H](CCN2C[C@H](C)C[C@H](C)C2)C[C@@H](C)C(=O)/C=C/C(C)=C/[C@@H]1CO[C@@H]1O[C@H](C)[C@@H](OC(=O)C2CCC=N2)[C@@H](OC)[C@H]1OC,TRUE,,-0.242
tilmicosin,Tilmicosin (ÌæÃ×¿¼ÐÇ),REF_TILMICOSIN,repository_reference,O34_attached_to_C24,34,24,C,MPM00083,(R)-mevalonate,CC(O)(CCO)CC(=O)O,1,CC[C@H]1OC(=O)C[C@@H](O)[C@H](C)[C@@H](O[C@@H]2O[C@H](C)[C@@H](O)[C@H](N(C)C)[C@H]2OC(=O)CC(C)(O)CCO)[C@@H](CCN2C[C@H](C)C[C@H](C)C2)C[C@@H](C)C(=O)/C=C/C(C)=C/[C@@H]1CO[C@@H]1O[C@H](C)[C@@H](O)[C@@H](OC)[C@H]1OC,CC[C@H]1OC(=O)C[C@@H](O)[C@H](C)[C@@H](O[C@@H]2O[C@H](C)[C@@H](O)[C@H](N(C)C)[C@H]2OC(=O)CC(C)(O)CCO)[C@@H](CCN2C[C@H](C)C[C@H](C)C2)C[C@@H](C)C(=O)/C=C/C(C)=C/[C@@H]1CO[C@@H]1O[C@H](C)[C@@H](O)[C@@H](OC)[C@H]1OC,TRUE,,-0.246
tilmicosin,Tilmicosin (ÌæÃ×¿¼ÐÇ),REF_TILMICOSIN,repository_reference,O20_attached_to_C15,20,15,C,MPM00301,3-Hydroxyoctanoic acid,CCCCCC(O)CC(=O)O,1,CCCCCC(O)CC(=O)O[C@@H]1CC(=O)O[C@H](CC)[C@@H](CO[C@@H]2O[C@H](C)[C@@H](O)[C@@H](OC)[C@H]2OC)/C=C(C)/C=C/C(=O)[C@H](C)C[C@H](CCN2C[C@H](C)C[C@H](C)C2)[C@H](O[C@@H]2O[C@H](C)[C@@H](O)[C@H](N(C)C)[C@H]2O)[C@H]1C,CCCCCC(O)CC(=O)O[C@@H]1CC(=O)O[C@H](CC)[C@@H](CO[C@@H]2O[C@H](C)[C@@H](O)[C@@H](OC)[C@H]2OC)/C=C(C)/C=C/C(=O)[C@H](C)C[C@H](CCN2C[C@H](C)C[C@H](C)C2)[C@H](O[C@@H]2O[C@H](C)[C@@H](O)[C@H](N(C)C)[C@H]2O)[C@H]1C,TRUE,,-0.248
tilmicosin,Tilmicosin (ÌæÃ×¿¼ÐÇ),REF_TILMICOSIN,repository_reference,O56_attached_to_C52,56,52,C,MPM00293,3-Hydroxydecanoic acid,CCCCCCCC(O)CC(=O)O,1,CCCCCCCC(O)CC(=O)O[C@H]1[C@@H](OC)[C@@H](OC)[C@H](OC[C@H]2/C=C(C)/C=C/C(=O)[C@H](C)C[C@H](CCN3C[C@H](C)C[C@H](C)C3)[C@H](O[C@@H]3O[C@H](C)[C@@H](O)[C@H](N(C)C)[C@H]3O)[C@@H](C)[C@H](O)CC(=O)O[C@@H]2CC)O[C@@H]1C,CCCCCCCC(O)CC(=O)O[C@H]1[C@@H](OC)[C@@H](OC)[C@H](OC[C@H]2/C=C(C)/C=C/C(=O)[C@H](C)C[C@H](CCN3C[C@H](C)C[C@H](C)C3)[C@H](O[C@@H]3O[C@H](C)[C@@H](O)[C@H](N(C)C)[C@H]3O)[C@@H](C)[C@H](O)CC(=O)O[C@@H]2CC)O[C@@H]1C,TRUE,,-0.248
tilmicosin,Tilmicosin (ÌæÃ×¿¼ÐÇ),REF_TILMICOSIN,repository_reference,O30_attached_to_C26,30,26,C,MPM00301,3-Hydroxyoctanoic acid,CCCCCC(O)CC(=O)O,1,CCCCCC(O)CC(=O)O[C@H]1[C@H](N(C)C)[C@@H](O)[C@H](O[C@H]2[C@@H](CCN3C[C@H](C)C[C@H](C)C3)C[C@@H](C)C(=O)/C=C/C(C)=C/[C@H](CO[C@@H]3O[C@H](C)[C@@H](O)[C@@H](OC)[C@H]3OC)[C@@H](CC)OC(=O)C[C@@H](O)[C@@H]2C)O[C@@H]1C,CCCCCC(O)CC(=O)O[C@H]1[C@H](N(C)C)[C@@H](O)[C@H](O[C@H]2[C@@H](CCN3C[C@H](C)C[C@H](C)C3)C[C@@H](C)C(=O)/C=C/C(C)=C/[C@H](CO[C@@H]3O[C@H](C)[C@@H](O)[C@@H](OC)[C@H]3OC)[C@@H](CC)OC(=O)C[C@@H](O)[C@@H]2C)O[C@@H]1C,TRUE,,-0.25
tilmicosin,Tilmicosin (ÌæÃ×¿¼ÐÇ),REF_TILMICOSIN,repository_reference,O30_attached_to_C26,30,26,C,MPM00894,Phosphonoacetic acid,O=C(O)CP(=O)(O)O,1,CC[C@H]1OC(=O)C[C@@H](O)[C@H](C)[C@@H](O[C@@H]2O[C@H](C)[C@@H](OC(=O)CP(=O)(O)O)[C@H](N(C)C)[C@H]2O)[C@@H](CCN2C[C@H](C)C[C@H](C)C2)C[C@@H](C)C(=O)/C=C/C(C)=C/[C@@H]1CO[C@@H]1O[C@H](C)[C@@H](O)[C@@H](OC)[C@H]1OC,CC[C@H]1OC(=O)C[C@@H](O)[C@H](C)[C@@H](O[C@@H]2O[C@H](C)[C@@H](OC(=O)CP(=O)(O)O)[C@H](N(C)C)[C@H]2O)[C@@H](CCN2C[C@H](C)C[C@H](C)C2)C[C@@H](C)C(=O)/C=C/C(C)=C/[C@@H]1CO[C@@H]1O[C@H](C)[C@@H](O)[C@@H](OC)[C@H]1OC,TRUE,,-0.251
tilmicosin,Tilmicosin (ÌæÃ×¿¼ÐÇ),REF_TILMICOSIN,repository_reference,O20_attached_to_C15,20,15,C,MPM00026,"(2R)-2,3-Dihydroxy-3-methylbutanoate",CC(C)(O)C(O)C(=O)O,1,CC[C@H]1OC(=O)C[C@@H](OC(=O)C(O)C(C)(C)O)[C@H](C)[C@@H](O[C@@H]2O[C@H](C)[C@@H](O)[C@H](N(C)C)[C@H]2O)[C@@H](CCN2C[C@H](C)C[C@H](C)C2)C[C@@H](C)C(=O)/C=C/C(C)=C/[C@@H]1CO[C@@H]1O[C@H](C)[C@@H](O)[C@@H](OC)[C@H]1OC,CC[C@H]1OC(=O)C[C@@H](OC(=O)C(O)C(C)(C)O)[C@H](C)[C@@H](O[C@@H]2O[C@H](C)[C@@H](O)[C@H](N(C)C)[C@H]2O)[C@@H](CCN2C[C@H](C)C[C@H](C)C2)C[C@@H](C)C(=O)/C=C/C(C)=C/[C@@H]1CO[C@@H]1O[C@H](C)[C@@H](O)[C@@H](OC)[C@H]1OC,TRUE,,-0.252
tilmicosin,Tilmicosin (ÌæÃ×¿¼ÐÇ),REF_TILMICOSIN,repository_reference,O30_attached_to_C26,30,26,C,MPM00444,Allophanic acid,NC(=O)NC(=O)O,1,CC[C@H]1OC(=O)C[C@@H](O)[C@H](C)[C@@H](O[C@@H]2O[C@H](C)[C@@H](OC(=O)NC(N)=O)[C@H](N(C)C)[C@H]2O)[C@@H](CCN2C[C@H](C)C[C@H](C)C2)C[C@@H](C)C(=O)/C=C/C(C)=C/[C@@H]1CO[C@@H]1O[C@H](C)[C@@H](O)[C@@H](OC)[C@H]1OC,CC[C@H]1OC(=O)C[C@@H](O)[C@H](C)[C@@H](O[C@@H]2O[C@H](C)[C@@H](OC(=O)NC(N)=O)[C@H](N(C)C)[C@H]2O)[C@@H](CCN2C[C@H](C)C[C@H](C)C2)C[C@@H](C)C(=O)/C=C/C(C)=C/[C@@H]1CO[C@@H]1O[C@H](C)[C@@H](O)[C@@H](OC)[C@H]1OC,TRUE,,-0.253
tilmicosin,Tilmicosin (ÌæÃ×¿¼ÐÇ),REF_TILMICOSIN,repository_reference,O20_attached_to_C15,20,15,C,MPM00894,Phosphonoacetic acid,O=C(O)CP(=O)(O)O,1,CC[C@H]1OC(=O)C[C@@H](OC(=O)CP(=O)(O)O)[C@H](C)[C@@H](O[C@@H]2O[C@H](C)[C@@H](O)[C@H](N(C)C)[C@H]2O)[C@@H](CCN2C[C@H](C)C[C@H](C)C2)C[C@@H](C)C(=O)/C=C/C(C)=C/[C@@H]1CO[C@@H]1O[C@H](C)[C@@H](O)[C@@H](OC)[C@H]1OC,CC[C@H]1OC(=O)C[C@@H](OC(=O)CP(=O)(O)O)[C@H](C)[C@@H](O[C@@H]2O[C@H](C)[C@@H](O)[C@H](N(C)C)[C@H]2O)[C@@H](CCN2C[C@H](C)C[C@H](C)C2)C[C@@H](C)C(=O)/C=C/C(C)=C/[C@@H]1CO[C@@H]1O[C@H](C)[C@@H](O)[C@@H](OC)[C@H]1OC,TRUE,,-0.255
tilmicosin,Tilmicosin (ÌæÃ×¿¼ÐÇ),REF_TILMICOSIN,repository_reference,O20_attached_to_C15,20,15,C,MPM00444,Allophanic acid,NC(=O)NC(=O)O,1,CC[C@H]1OC(=O)C[C@@H](OC(=O)NC(N)=O)[C@H](C)[C@@H](O[C@@H]2O[C@H](C)[C@@H](O)[C@H](N(C)C)[C@H]2O)[C@@H](CCN2C[C@H](C)C[C@H](C)C2)C[C@@H](C)C(=O)/C=C/C(C)=C/[C@@H]1CO[C@@H]1O[C@H](C)[C@@H](O)[C@@H](OC)[C@H]1OC,CC[C@H]1OC(=O)C[C@@H](OC(=O)NC(N)=O)[C@H](C)[C@@H](O[C@@H]2O[C@H](C)[C@@H](O)[C@H](N(C)C)[C@H]2O)[C@@H](CCN2C[C@H](C)C[C@H](C)C2)C[C@@H](C)C(=O)/C=C/C(C)=C/[C@@H]1CO[C@@H]1O[C@H](C)[C@@H](O)[C@@H](OC)[C@H]1OC,TRUE,,-0.256
tilmicosin,Tilmicosin (ÌæÃ×¿¼ÐÇ),REF_TILMICOSIN,repository_reference,O20_attached_to_C15,20,15,C,MPM00300,3-Hydroxynonanoic acid,CCCCCCC(O)CC(=O)O,1,CCCCCCC(O)CC(=O)O[C@@H]1CC(=O)O[C@H](CC)[C@@H](CO[C@@H]2O[C@H](C)[C@@H](O)[C@@H](OC)[C@H]2OC)/C=C(C)/C=C/C(=O)[C@H](C)C[C@H](CCN2C[C@H](C)C[C@H](C)C2)[C@H](O[C@@H]2O[C@H](C)[C@@H](O)[C@H](N(C)C)[C@H]2O)[C@H]1C,CCCCCCC(O)CC(=O)O[C@@H]1CC(=O)O[C@H](CC)[C@@H](CO[C@@H]2O[C@H](C)[C@@H](O)[C@@H](OC)[C@H]2OC)/C=C(C)/C=C/C(=O)[C@H](C)C[C@H](CCN2C[C@H](C)C[C@H](C)C2)[C@H](O[C@@H]2O[C@H](C)[C@@H](O)[C@H](N(C)C)[C@H]2O)[C@H]1C,TRUE,,-0.261
tilmicosin,Tilmicosin (ÌæÃ×¿¼ÐÇ),REF_TILMICOSIN,repository_reference,O34_attached_to_C24,34,24,C,MPM00144,10-Phenyldecanoic acid,O=C(O)CCCCCCCCCc1ccccc1,1,CC[C@H]1OC(=O)C[C@@H](O)[C@H](C)[C@@H](O[C@@H]2O[C@H](C)[C@@H](O)[C@H](N(C)C)[C@H]2OC(=O)CCCCCCCCCc2ccccc2)[C@@H](CCN2C[C@H](C)C[C@H](C)C2)C[C@@H](C)C(=O)/C=C/C(C)=C/[C@@H]1CO[C@@H]1O[C@H](C)[C@@H](O)[C@@H](OC)[C@H]1OC,CC[C@H]1OC(=O)C[C@@H](O)[C@H](C)[C@@H](O[C@@H]2O[C@H](C)[C@@H](O)[C@H](N(C)C)[C@H]2OC(=O)CCCCCCCCCc2ccccc2)[C@@H](CCN2C[C@H](C)C[C@H](C)C2)C[C@@H](C)C(=O)/C=C/C(C)=C/[C@@H]1CO[C@@H]1O[C@H](C)[C@@H](O)[C@@H](OC)[C@H]1OC,TRUE,,-0.263
tilmicosin,Tilmicosin (ÌæÃ×¿¼ÐÇ),REF_TILMICOSIN,repository_reference,O30_attached_to_C26,30,26,C,MPM00300,3-Hydroxynonanoic acid,CCCCCCC(O)CC(=O)O,1,CCCCCCC(O)CC(=O)O[C@H]1[C@H](N(C)C)[C@@H](O)[C@H](O[C@H]2[C@@H](CCN3C[C@H](C)C[C@H](C)C3)C[C@@H](C)C(=O)/C=C/C(C)=C/[C@H](CO[C@@H]3O[C@H](C)[C@@H](O)[C@@H](OC)[C@H]3OC)[C@@H](CC)OC(=O)C[C@@H](O)[C@@H]2C)O[C@@H]1C,CCCCCCC(O)CC(=O)O[C@H]1[C@H](N(C)C)[C@@H](O)[C@H](O[C@H]2[C@@H](CCN3C[C@H](C)C[C@H](C)C3)C[C@@H](C)C(=O)/C=C/C(C)=C/[C@H](CO[C@@H]3O[C@H](C)[C@@H](O)[C@@H](OC)[C@H]3OC)[C@@H](CC)OC(=O)C[C@@H](O)[C@@H]2C)O[C@@H]1C,TRUE,,-0.264
tilmicosin,Tilmicosin (ÌæÃ×¿¼ÐÇ),REF_TILMICOSIN,repository_reference,O34_attached_to_C24,34,24,C,MPM00800,N6-(D-Fructosyl)-L-lysine,NC(CCCCNCC(=O)C(O)C(O)C(O)CO)C(=O)O,1,CC[C@H]1OC(=O)C[C@@H](O)[C@H](C)[C@@H](O[C@@H]2O[C@H](C)[C@@H](O)[C@H](N(C)C)[C@H]2OC(=O)C(N)CCCCNCC(=O)C(O)C(O)C(O)CO)[C@@H](CCN2C[C@H](C)C[C@H](C)C2)C[C@@H](C)C(=O)/C=C/C(C)=C/[C@@H]1CO[C@@H]1O[C@H](C)[C@@H](O)[C@@H](OC)[C@H]1OC,CC[C@H]1OC(=O)C[C@@H](O)[C@H](C)[C@@H](O[C@@H]2O[C@H](C)[C@@H](O)[C@H](N(C)C)[C@H]2OC(=O)C(N)CCCCNCC(=O)C(O)C(O)C(O)CO)[C@@H](CCN2C[C@H](C)C[C@H](C)C2)C[C@@H](C)C(=O)/C=C/C(C)=C/[C@@H]1CO[C@@H]1O[C@H](C)[C@@H](O)[C@@H](OC)[C@H]1OC,TRUE,,-0.265
tilmicosin,Tilmicosin (ÌæÃ×¿¼ÐÇ),REF_TILMICOSIN,repository_reference,O56_attached_to_C52,56,52,C,MPM00083,(R)-mevalonate,CC(O)(CCO)CC(=O)O,1,CC[C@H]1OC(=O)C[C@@H](O)[C@H](C)[C@@H](O[C@@H]2O[C@H](C)[C@@H](O)[C@H](N(C)C)[C@H]2O)[C@@H](CCN2C[C@H](C)C[C@H](C)C2)C[C@@H](C)C(=O)/C=C/C(C)=C/[C@@H]1CO[C@@H]1O[C@H](C)[C@@H](OC(=O)CC(C)(O)CCO)[C@@H](OC)[C@H]1OC,CC[C@H]1OC(=O)C[C@@H](O)[C@H](C)[C@@H](O[C@@H]2O[C@H](C)[C@@H](O)[C@H](N(C)C)[C@H]2O)[C@@H](CCN2C[C@H](C)C[C@H](C)C2)C[C@@H](C)C(=O)/C=C/C(C)=C/[C@@H]1CO[C@@H]1O[C@H](C)[C@@H](OC(=O)CC(C)(O)CCO)[C@@H](OC)[C@H]1OC,TRUE,,-0.269
tilmicosin,Tilmicosin (ÌæÃ×¿¼ÐÇ),REF_TILMICOSIN,repository_reference,O20_attached_to_C15,20,15,C,MPM00412,9-Phenylnonanoic acid,O=C(O)CCCCCCCCc1ccccc1,1,CC[C@H]1OC(=O)C[C@@H](OC(=O)CCCCCCCCc2ccccc2)[C@H](C)[C@@H](O[C@@H]2O[C@H](C)[C@@H](O)[C@H](N(C)C)[C@H]2O)[C@@H](CCN2C[C@H](C)C[C@H](C)C2)C[C@@H](C)C(=O)/C=C/C(C)=C/[C@@H]1CO[C@@H]1O[C@H](C)[C@@H](O)[C@@H](OC)[C@H]1OC,CC[C@H]1OC(=O)C[C@@H](OC(=O)CCCCCCCCc2ccccc2)[C@H](C)[C@@H](O[C@@H]2O[C@H](C)[C@@H](O)[C@H](N(C)C)[C@H]2O)[C@@H](CCN2C[C@H](C)C[C@H](C)C2)C[C@@H](C)C(=O)/C=C/C(C)=C/[C@@H]1CO[C@@H]1O[C@H](C)[C@@H](O)[C@@H](OC)[C@H]1OC,TRUE,,-0.271
tilmicosin,Tilmicosin (ÌæÃ×¿¼ÐÇ),REF_TILMICOSIN,repository_reference,O34_attached_to_C24,34,24,C,MPM00291,3-Hydroxy-8-phenyloctanoic acid,O=C(O)CC(O)CCCCCc1ccccc1,1,CC[C@H]1OC(=O)C[C@@H](O)[C@H](C)[C@@H](O[C@@H]2O[C@H](C)[C@@H](O)[C@H](N(C)C)[C@H]2OC(=O)CC(O)CCCCCc2ccccc2)[C@@H](CCN2C[C@H](C)C[C@H](C)C2)C[C@@H](C)C(=O)/C=C/C(C)=C/[C@@H]1CO[C@@H]1O[C@H](C)[C@@H](O)[C@@H](OC)[C@H]1OC,CC[C@H]1OC(=O)C[C@@H](O)[C@H](C)[C@@H](O[C@@H]2O[C@H](C)[C@@H](O)[C@H](N(C)C)[C@H]2OC(=O)CC(O)CCCCCc2ccccc2)[C@@H](CCN2C[C@H](C)C[C@H](C)C2)C[C@@H](C)C(=O)/C=C/C(C)=C/[C@@H]1CO[C@@H]1O[C@H](C)[C@@H](O)[C@@H](OC)[C@H]1OC,TRUE,,-0.271
tilmicosin,Tilmicosin (ÌæÃ×¿¼ÐÇ),REF_TILMICOSIN,repository_reference,O20_attached_to_C15,20,15,C,MPM00380,5-Dehydrogluconate,O=C(O)C(O)C(O)C(O)C(=O)CO,1,CC[C@H]1OC(=O)C[C@@H](OC(=O)C(O)C(O)C(O)C(=O)CO)[C@H](C)[C@@H](O[C@@H]2O[C@H](C)[C@@H](O)[C@H](N(C)C)[C@H]2O)[C@@H](CCN2C[C@H](C)C[C@H](C)C2)C[C@@H](C)C(=O)/C=C/C(C)=C/[C@@H]1CO[C@@H]1O[C@H](C)[C@@H](O)[C@@H](OC)[C@H]1OC,CC[C@H]1OC(=O)C[C@@H](OC(=O)C(O)C(O)C(O)C(=O)CO)[C@H](C)[C@@H](O[C@@H]2O[C@H](C)[C@@H](O)[C@H](N(C)C)[C@H]2O)[C@@H](CCN2C[C@H](C)C[C@H](C)C2)C[C@@H](C)C(=O)/C=C/C(C)=C/[C@@H]1CO[C@@H]1O[C@H](C)[C@@H](O)[C@@H](OC)[C@H]1OC,TRUE,,-0.273
tilmicosin,Tilmicosin (ÌæÃ×¿¼ÐÇ),REF_TILMICOSIN,repository_reference,O30_attached_to_C26,30,26,C,MPM00380,5-Dehydrogluconate,O=C(O)C(O)C(O)C(O)C(=O)CO,1,CC[C@H]1OC(=O)C[C@@H](O)[C@H](C)[C@@H](O[C@@H]2O[C@H](C)[C@@H](OC(=O)C(O)C(O)C(O)C(=O)CO)[C@H](N(C)C)[C@H]2O)[C@@H](CCN2C[C@H](C)C[C@H](C)C2)C[C@@H](C)C(=O)/C=C/C(C)=C/[C@@H]1CO[C@@H]1O[C@H](C)[C@@H](O)[C@@H](OC)[C@H]1OC,CC[C@H]1OC(=O)C[C@@H](O)[C@H](C)[C@@H](O[C@@H]2O[C@H](C)[C@@H](OC(=O)C(O)C(O)C(O)C(=O)CO)[C@H](N(C)C)[C@H]2O)[C@@H](CCN2C[C@H](C)C[C@H](C)C2)C[C@@H](C)C(=O)/C=C/C(C)=C/[C@@H]1CO[C@@H]1O[C@H](C)[C@@H](O)[C@@H](OC)[C@H]1OC,TRUE,,-0.273
tilmicosin,Tilmicosin (ÌæÃ×¿¼ÐÇ),REF_TILMICOSIN,repository_reference,O30_attached_to_C26,30,26,C,MPM00412,9-Phenylnonanoic acid,O=C(O)CCCCCCCCc1ccccc1,1,CC[C@H]1OC(=O)C[C@@H](O)[C@H](C)[C@@H](O[C@@H]2O[C@H](C)[C@@H](OC(=O)CCCCCCCCc3ccccc3)[C@H](N(C)C)[C@H]2O)[C@@H](CCN2C[C@H](C)C[C@H](C)C2)C[C@@H](C)C(=O)/C=C/C(C)=C/[C@@H]1CO[C@@H]1O[C@H](C)[C@@H](O)[C@@H](OC)[C@H]1OC,CC[C@H]1OC(=O)C[C@@H](O)[C@H](C)[C@@H](O[C@@H]2O[C@H](C)[C@@H](OC(=O)CCCCCCCCc3ccccc3)[C@H](N(C)C)[C@H]2O)[C@@H](CCN2C[C@H](C)C[C@H](C)C2)C[C@@H](C)C(=O)/C=C/C(C)=C/[C@@H]1CO[C@@H]1O[C@H](C)[C@@H](O)[C@@H](OC)[C@H]1OC,TRUE,,-0.274
tilmicosin,Tilmicosin (ÌæÃ×¿¼ÐÇ),REF_TILMICOSIN,repository_reference,O30_attached_to_C26,30,26,C,MPM00029,"(2R,3R)-2-hydroxy-3-methylpentanoic acid",CCC(C)C(O)C(=O)O,1,CCC(C)C(O)C(=O)O[C@H]1[C@H](N(C)C)[C@@H](O)[C@H](O[C@H]2[C@@H](CCN3C[C@H](C)C[C@H](C)C3)C[C@@H](C)C(=O)/C=C/C(C)=C/[C@H](CO[C@@H]3O[C@H](C)[C@@H](O)[C@@H](OC)[C@H]3OC)[C@@H](CC)OC(=O)C[C@@H](O)[C@@H]2C)O[C@@H]1C,CCC(C)C(O)C(=O)O[C@H]1[C@H](N(C)C)[C@@H](O)[C@H](O[C@H]2[C@@H](CCN3C[C@H](C)C[C@H](C)C3)C[C@@H](C)C(=O)/C=C/C(C)=C/[C@H](CO[C@@H]3O[C@H](C)[C@@H](O)[C@@H](OC)[C@H]3OC)[C@@H](CC)OC(=O)C[C@@H](O)[C@@H]2C)O[C@@H]1C,TRUE,,-0.276
tilmicosin,Tilmicosin (ÌæÃ×¿¼ÐÇ),REF_TILMICOSIN,repository_reference,O20_attached_to_C15,20,15,C,MPM00290,3-Hydroxy-7-phenylheptanoic acid,O=C(O)CC(O)CCCCc1ccccc1,1,CC[C@H]1OC(=O)C[C@@H](OC(=O)CC(O)CCCCc2ccccc2)[C@H](C)[C@@H](O[C@@H]2O[C@H](C)[C@@H](O)[C@H](N(C)C)[C@H]2O)[C@@H](CCN2C[C@H](C)C[C@H](C)C2)C[C@@H](C)C(=O)/C=C/C(C)=C/[C@@H]1CO[C@@H]1O[C@H](C)[C@@H](O)[C@@H](OC)[C@H]1OC,CC[C@H]1OC(=O)C[C@@H](OC(=O)CC(O)CCCCc2ccccc2)[C@H](C)[C@@H](O[C@@H]2O[C@H](C)[C@@H](O)[C@H](N(C)C)[C@H]2O)[C@@H](CCN2C[C@H](C)C[C@H](C)C2)C[C@@H](C)C(=O)/C=C/C(C)=C/[C@@H]1CO[C@@H]1O[C@H](C)[C@@H](O)[C@@H](OC)[C@H]1OC,TRUE,,-0.279
tilmicosin,Tilmicosin (ÌæÃ×¿¼ÐÇ),REF_TILMICOSIN,repository_reference,O30_attached_to_C26,30,26,C,MPM00290,3-Hydroxy-7-phenylheptanoic acid,O=C(O)CC(O)CCCCc1ccccc1,1,CC[C@H]1OC(=O)C[C@@H](O)[C@H](C)[C@@H](O[C@@H]2O[C@H](C)[C@@H](OC(=O)CC(O)CCCCc3ccccc3)[C@H](N(C)C)[C@H]2O)[C@@H](CCN2C[C@H](C)C[C@H](C)C2)C[C@@H](C)C(=O)/C=C/C(C)=C/[C@@H]1CO[C@@H]1O[C@H](C)[C@@H](O)[C@@H](OC)[C@H]1OC,CC[C@H]1OC(=O)C[C@@H](O)[C@H](C)[C@@H](O[C@@H]2O[C@H](C)[C@@H](OC(=O)CC(O)CCCCc3ccccc3)[C@H](N(C)C)[C@H]2O)[C@@H](CCN2C[C@H](C)C[C@H](C)C2)C[C@@H](C)C(=O)/C=C/C(C)=C/[C@@H]1CO[C@@H]1O[C@H](C)[C@@H](O)[C@@H](OC)[C@H]1OC,TRUE,,-0.282
tilmicosin,Tilmicosin (ÌæÃ×¿¼ÐÇ),REF_TILMICOSIN,repository_reference,O20_attached_to_C15,20,15,C,MPM00029,"(2R,3R)-2-hydroxy-3-methylpentanoic acid",CCC(C)C(O)C(=O)O,1,CCC(C)C(O)C(=O)O[C@@H]1CC(=O)O[C@H](CC)[C@@H](CO[C@@H]2O[C@H](C)[C@@H](O)[C@@H](OC)[C@H]2OC)/C=C(C)/C=C/C(=O)[C@H](C)C[C@H](CCN2C[C@H](C)C[C@H](C)C2)[C@H](O[C@@H]2O[C@H](C)[C@@H](O)[C@H](N(C)C)[C@H]2O)[C@H]1C,CCC(C)C(O)C(=O)O[C@@H]1CC(=O)O[C@H](CC)[C@@H](CO[C@@H]2O[C@H](C)[C@@H](O)[C@@H](OC)[C@H]2OC)/C=C(C)/C=C/C(=O)[C@H](C)C[C@H](CCN2C[C@H](C)C[C@H](C)C2)[C@H](O[C@@H]2O[C@H](C)[C@@H](O)[C@H](N(C)C)[C@H]2O)[C@H]1C,TRUE,,-0.283
tilmicosin,Tilmicosin (ÌæÃ×¿¼ÐÇ),REF_TILMICOSIN,repository_reference,O20_attached_to_C15,20,15,C,MPM00967,tetradecanoate,CCCCCCCCCCCCCC(=O)O,1,CCCCCCCCCCCCCC(=O)O[C@@H]1CC(=O)O[C@H](CC)[C@@H](CO[C@@H]2O[C@H](C)[C@@H](O)[C@@H](OC)[C@H]2OC)/C=C(C)/C=C/C(=O)[C@H](C)C[C@H](CCN2C[C@H](C)C[C@H](C)C2)[C@H](O[C@@H]2O[C@H](C)[C@@H](O)[C@H](N(C)C)[C@H]2O)[C@H]1C,CCCCCCCCCCCCCC(=O)O[C@@H]1CC(=O)O[C@H](CC)[C@@H](CO[C@@H]2O[C@H](C)[C@@H](O)[C@@H](OC)[C@H]2OC)/C=C(C)/C=C/C(=O)[C@H](C)C[C@H](CCN2C[C@H](C)C[C@H](C)C2)[C@H](O[C@@H]2O[C@H](C)[C@@H](O)[C@H](N(C)C)[C@H]2O)[C@H]1C,TRUE,,-0.284
tilmicosin,Tilmicosin (ÌæÃ×¿¼ÐÇ),REF_TILMICOSIN,repository_reference,O30_attached_to_C26,30,26,C,MPM00028,"(2R,3R)-2,3-Dihydroxy-3-methylpentanoate",CCC(C)(O)C(O)C(=O)O,1,CC[C@H]1OC(=O)C[C@@H](O)[C@H](C)[C@@H](O[C@@H]2O[C@H](C)[C@@H](OC(=O)C(O)C(C)(O)CC)[C@H](N(C)C)[C@H]2O)[C@@H](CCN2C[C@H](C)C[C@H](C)C2)C[C@@H](C)C(=O)/C=C/C(C)=C/[C@@H]1CO[C@@H]1O[C@H](C)[C@@H](O)[C@@H](OC)[C@H]1OC,CC[C@H]1OC(=O)C[C@@H](O)[C@H](C)[C@@H](O[C@@H]2O[C@H](C)[C@@H](OC(=O)C(O)C(C)(O)CC)[C@H](N(C)C)[C@H]2O)[C@@H](CCN2C[C@H](C)C[C@H](C)C2)C[C@@H](C)C(=O)/C=C/C(C)=C/[C@@H]1CO[C@@H]1O[C@H](C)[C@@H](O)[C@@H](OC)[C@H]1OC,TRUE,,-0.284
tilmicosin,Tilmicosin (ÌæÃ×¿¼ÐÇ),REF_TILMICOSIN,repository_reference,O30_attached_to_C26,30,26,C,MPM00967,tetradecanoate,CCCCCCCCCCCCCC(=O)O,1,CCCCCCCCCCCCCC(=O)O[C@H]1[C@H](N(C)C)[C@@H](O)[C@H](O[C@H]2[C@@H](CCN3C[C@H](C)C[C@H](C)C3)C[C@@H](C)C(=O)/C=C/C(C)=C/[C@H](CO[C@@H]3O[C@H](C)[C@@H](O)[C@@H](OC)[C@H]3OC)[C@@H](CC)OC(=O)C[C@@H](O)[C@@H]2C)O[C@@H]1C,CCCCCCCCCCCCCC(=O)O[C@H]1[C@H](N(C)C)[C@@H](O)[C@H](O[C@H]2[C@@H](CCN3C[C@H](C)C[C@H](C)C3)C[C@@H](C)C(=O)/C=C/C(C)=C/[C@H](CO[C@@H]3O[C@H](C)[C@@H](O)[C@@H](OC)[C@H]3OC)[C@@H](CC)OC(=O)C[C@@H](O)[C@@H]2C)O[C@@H]1C,TRUE,,-0.286
tilmicosin,Tilmicosin (ÌæÃ×¿¼ÐÇ),REF_TILMICOSIN,repository_reference,O34_attached_to_C24,34,24,C,MPM00511,Cetylic acid,CCCCCCCCCCCCCCCC(=O)O,1,CCCCCCCCCCCCCCCC(=O)O[C@H]1[C@H](O[C@H]2[C@@H](CCN3C[C@H](C)C[C@H](C)C3)C[C@@H](C)C(=O)/C=C/C(C)=C/[C@H](CO[C@@H]3O[C@H](C)[C@@H](O)[C@@H](OC)[C@H]3OC)[C@@H](CC)OC(=O)C[C@@H](O)[C@@H]2C)O[C@H](C)[C@@H](O)[C@@H]1N(C)C,CCCCCCCCCCCCCCCC(=O)O[C@H]1[C@H](O[C@H]2[C@@H](CCN3C[C@H](C)C[C@H](C)C3)C[C@@H](C)C(=O)/C=C/C(C)=C/[C@H](CO[C@@H]3O[C@H](C)[C@@H](O)[C@@H](OC)[C@H]3OC)[C@@H](CC)OC(=O)C[C@@H](O)[C@@H]2C)O[C@H](C)[C@@H](O)[C@@H]1N(C)C,TRUE,,-0.286
tilmicosin,Tilmicosin (ÌæÃ×¿¼ÐÇ),REF_TILMICOSIN,repository_reference,O34_attached_to_C24,34,24,C,MPM00269,"3,4,5-Trihydroxy-1-cyclohexenecarboxylic acid",O=C(O)C1=CC(O)C(O)C(O)C1,1,CC[C@H]1OC(=O)C[C@@H](O)[C@H](C)[C@@H](O[C@@H]2O[C@H](C)[C@@H](O)[C@H](N(C)C)[C@H]2OC(=O)C2=CC(O)C(O)C(O)C2)[C@@H](CCN2C[C@H](C)C[C@H](C)C2)C[C@@H](C)C(=O)/C=C/C(C)=C/[C@@H]1CO[C@@H]1O[C@H](C)[C@@H](O)[C@@H](OC)[C@H]1OC,CC[C@H]1OC(=O)C[C@@H](O)[C@H](C)[C@@H](O[C@@H]2O[C@H](C)[C@@H](O)[C@H](N(C)C)[C@H]2OC(=O)C2=CC(O)C(O)C(O)C2)[C@@H](CCN2C[C@H](C)C[C@H](C)C2)C[C@@H](C)C(=O)/C=C/C(C)=C/[C@@H]1CO[C@@H]1O[C@H](C)[C@@H](O)[C@@H](OC)[C@H]1OC,TRUE,,-0.286
tilmicosin,Tilmicosin (ÌæÃ×¿¼ÐÇ),REF_TILMICOSIN,repository_reference,O56_attached_to_C52,56,52,C,MPM00144,10-Phenyldecanoic acid,O=C(O)CCCCCCCCCc1ccccc1,1,CC[C@H]1OC(=O)C[C@@H](O)[C@H](C)[C@@H](O[C@@H]2O[C@H](C)[C@@H](O)[C@H](N(C)C)[C@H]2O)[C@@H](CCN2C[C@H](C)C[C@H](C)C2)C[C@@H](C)C(=O)/C=C/C(C)=C/[C@@H]1CO[C@@H]1O[C@H](C)[C@@H](OC(=O)CCCCCCCCCc2ccccc2)[C@@H](OC)[C@H]1OC,CC[C@H]1OC(=O)C[C@@H](O)[C@H](C)[C@@H](O[C@@H]2O[C@H](C)[C@@H](O)[C@H](N(C)C)[C@H]2O)[C@@H](CCN2C[C@H](C)C[C@H](C)C2)C[C@@H](C)C(=O)/C=C/C(C)=C/[C@@H]1CO[C@@H]1O[C@H](C)[C@@H](OC(=O)CCCCCCCCCc2ccccc2)[C@@H](OC)[C@H]1OC,TRUE,,-0.287
tilmicosin,Tilmicosin (ÌæÃ×¿¼ÐÇ),REF_TILMICOSIN,repository_reference,O56_attached_to_C52,56,52,C,MPM00800,N6-(D-Fructosyl)-L-lysine,NC(CCCCNCC(=O)C(O)C(O)C(O)CO)C(=O)O,1,CC[C@H]1OC(=O)C[C@@H](O)[C@H](C)[C@@H](O[C@@H]2O[C@H](C)[C@@H](O)[C@H](N(C)C)[C@H]2O)[C@@H](CCN2C[C@H](C)C[C@H](C)C2)C[C@@H](C)C(=O)/C=C/C(C)=C/[C@@H]1CO[C@@H]1O[C@H](C)[C@@H](OC(=O)C(N)CCCCNCC(=O)C(O)C(O)C(O)CO)[C@@H](OC)[C@H]1OC,CC[C@H]1OC(=O)C[C@@H](O)[C@H](C)[C@@H](O[C@@H]2O[C@H](C)[C@@H](O)[C@H](N(C)C)[C@H]2O)[C@@H](CCN2C[C@H](C)C[C@H](C)C2)C[C@@H](C)C(=O)/C=C/C(C)=C/[C@@H]1CO[C@@H]1O[C@H](C)[C@@H](OC(=O)C(N)CCCCNCC(=O)C(O)C(O)C(O)CO)[C@@H](OC)[C@H]1OC,TRUE,,-0.288
tilmicosin,Tilmicosin (ÌæÃ×¿¼ÐÇ),REF_TILMICOSIN,repository_reference,O34_attached_to_C24,34,24,C,MPM00061,(9E)-tetradecenoic acid,CCCCC=CCCCCCCCC(=O)O,1,CCCCC=CCCCCCCCC(=O)O[C@H]1[C@H](O[C@H]2[C@@H](CCN3C[C@H](C)C[C@H](C)C3)C[C@@H](C)C(=O)/C=C/C(C)=C/[C@H](CO[C@@H]3O[C@H](C)[C@@H](O)[C@@H](OC)[C@H]3OC)[C@@H](CC)OC(=O)C[C@@H](O)[C@@H]2C)O[C@H](C)[C@@H](O)[C@@H]1N(C)C,CCCCC=CCCCCCCCC(=O)O[C@H]1[C@H](O[C@H]2[C@@H](CCN3C[C@H](C)C[C@H](C)C3)C[C@@H](C)C(=O)/C=C/C(C)=C/[C@H](CO[C@@H]3O[C@H](C)[C@@H](O)[C@@H](OC)[C@H]3OC)[C@@H](CC)OC(=O)C[C@@H](O)[C@@H]2C)O[C@H](C)[C@@H](O)[C@@H]1N(C)C,TRUE,,-0.289
tilmicosin,Tilmicosin (ÌæÃ×¿¼ÐÇ),REF_TILMICOSIN,repository_reference,O20_attached_to_C15,20,15,C,MPM00028,"(2R,3R)-2,3-Dihydroxy-3-methylpentanoate",CCC(C)(O)C(O)C(=O)O,1,CC[C@H]1OC(=O)C[C@@H](OC(=O)C(O)C(C)(O)CC)[C@H](C)[C@@H](O[C@@H]2O[C@H](C)[C@@H](O)[C@H](N(C)C)[C@H]2O)[C@@H](CCN2C[C@H](C)C[C@H](C)C2)C[C@@H](C)C(=O)/C=C/C(C)=C/[C@@H]1CO[C@@H]1O[C@H](C)[C@@H](O)[C@@H](OC)[C@H]1OC,CC[C@H]1OC(=O)C[C@@H](OC(=O)C(O)C(C)(O)CC)[C@H](C)[C@@H](O[C@@H]2O[C@H](C)[C@@H](O)[C@H](N(C)C)[C@H]2O)[C@@H](CCN2C[C@H](C)C[C@H](C)C2)C[C@@H](C)C(=O)/C=C/C(C)=C/[C@@H]1CO[C@@H]1O[C@H](C)[C@@H](O)[C@@H](OC)[C@H]1OC,TRUE,,-0.29
tilmicosin,Tilmicosin (ÌæÃ×¿¼ÐÇ),REF_TILMICOSIN,repository_reference,O56_attached_to_C52,56,52,C,MPM00291,3-Hydroxy-8-phenyloctanoic acid,O=C(O)CC(O)CCCCCc1ccccc1,1,CC[C@H]1OC(=O)C[C@@H](O)[C@H](C)[C@@H](O[C@@H]2O[C@H](C)[C@@H](O)[C@H](N(C)C)[C@H]2O)[C@@H](CCN2C[C@H](C)C[C@H](C)C2)C[C@@H](C)C(=O)/C=C/C(C)=C/[C@@H]1CO[C@@H]1O[C@H](C)[C@@H](OC(=O)CC(O)CCCCCc2ccccc2)[C@@H](OC)[C@H]1OC,CC[C@H]1OC(=O)C[C@@H](O)[C@H](C)[C@@H](O[C@@H]2O[C@H](C)[C@@H](O)[C@H](N(C)C)[C@H]2O)[C@@H](CCN2C[C@H](C)C[C@H](C)C2)C[C@@H](C)C(=O)/C=C/C(C)=C/[C@@H]1CO[C@@H]1O[C@H](C)[C@@H](OC(=O)CC(O)CCCCCc2ccccc2)[C@@H](OC)[C@H]1OC,TRUE,,-0.295
tilmicosin,Tilmicosin (ÌæÃ×¿¼ÐÇ),REF_TILMICOSIN,repository_reference,O30_attached_to_C26,30,26,C,MPM00162,1-Pyrroline-5-carboxylate,O=C(O)C1CCC=N1,1,CC[C@H]1OC(=O)C[C@@H](O)[C@H](C)[C@@H](O[C@@H]2O[C@H](C)[C@@H](OC(=O)C3CCC=N3)[C@H](N(C)C)[C@H]2O)[C@@H](CCN2C[C@H](C)C[C@H](C)C2)C[C@@H](C)C(=O)/C=C/C(C)=C/[C@@H]1CO[C@@H]1O[C@H](C)[C@@H](O)[C@@H](OC)[C@H]1OC,CC[C@H]1OC(=O)C[C@@H](O)[C@H](C)[C@@H](O[C@@H]2O[C@H](C)[C@@H](OC(=O)C3CCC=N3)[C@H](N(C)C)[C@H]2O)[C@@H](CCN2C[C@H](C)C[C@H](C)C2)C[C@@H](C)C(=O)/C=C/C(C)=C/[C@@H]1CO[C@@H]1O[C@H](C)[C@@H](O)[C@@H](OC)[C@H]1OC,TRUE,,-0.298
tilmicosin,Tilmicosin (ÌæÃ×¿¼ÐÇ),REF_TILMICOSIN,repository_reference,O20_attached_to_C15,20,15,C,MPM00293,3-Hydroxydecanoic acid,CCCCCCCC(O)CC(=O)O,1,CCCCCCCC(O)CC(=O)O[C@@H]1CC(=O)O[C@H](CC)[C@@H](CO[C@@H]2O[C@H](C)[C@@H](O)[C@@H](OC)[C@H]2OC)/C=C(C)/C=C/C(=O)[C@H](C)C[C@H](CCN2C[C@H](C)C[C@H](C)C2)[C@H](O[C@@H]2O[C@H](C)[C@@H](O)[C@H](N(C)C)[C@H]2O)[C@H]1C,CCCCCCCC(O)CC(=O)O[C@@H]1CC(=O)O[C@H](CC)[C@@H](CO[C@@H]2O[C@H](C)[C@@H](O)[C@@H](OC)[C@H]2OC)/C=C(C)/C=C/C(=O)[C@H](C)C[C@H](CCN2C[C@H](C)C[C@H](C)C2)[C@H](O[C@@H]2O[C@H](C)[C@@H](O)[C@H](N(C)C)[C@H]2O)[C@H]1C,TRUE,,-0.301
tilmicosin,Tilmicosin (ÌæÃ×¿¼ÐÇ),REF_TILMICOSIN,repository_reference,O34_attached_to_C24,34,24,C,MPM00294,3-Hydroxydodecanoic acid,CCCCCCCCCC(O)CC(=O)O,1,CCCCCCCCCC(O)CC(=O)O[C@H]1[C@H](O[C@H]2[C@@H](CCN3C[C@H](C)C[C@H](C)C3)C[C@@H](C)C(=O)/C=C/C(C)=C/[C@H](CO[C@@H]3O[C@H](C)[C@@H](O)[C@@H](OC)[C@H]3OC)[C@@H](CC)OC(=O)C[C@@H](O)[C@@H]2C)O[C@H](C)[C@@H](O)[C@@H]1N(C)C,CCCCCCCCCC(O)CC(=O)O[C@H]1[C@H](O[C@H]2[C@@H](CCN3C[C@H](C)C[C@H](C)C3)C[C@@H](C)C(=O)/C=C/C(C)=C/[C@H](CO[C@@H]3O[C@H](C)[C@@H](O)[C@@H](OC)[C@H]3OC)[C@@H](CC)OC(=O)C[C@@H](O)[C@@H]2C)O[C@H](C)[C@@H](O)[C@@H]1N(C)C,TRUE,,-0.302
tilmicosin,Tilmicosin (ÌæÃ×¿¼ÐÇ),REF_TILMICOSIN,repository_reference,O30_attached_to_C26,30,26,C,MPM00293,3-Hydroxydecanoic acid,CCCCCCCC(O)CC(=O)O,1,CCCCCCCC(O)CC(=O)O[C@H]1[C@H](N(C)C)[C@@H](O)[C@H](O[C@H]2[C@@H](CCN3C[C@H](C)C[C@H](C)C3)C[C@@H](C)C(=O)/C=C/C(C)=C/[C@H](CO[C@@H]3O[C@H](C)[C@@H](O)[C@@H](OC)[C@H]3OC)[C@@H](CC)OC(=O)C[C@@H](O)[C@@H]2C)O[C@@H]1C,CCCCCCCC(O)CC(=O)O[C@H]1[C@H](N(C)C)[C@@H](O)[C@H](O[C@H]2[C@@H](CCN3C[C@H](C)C[C@H](C)C3)C[C@@H](C)C(=O)/C=C/C(C)=C/[C@H](CO[C@@H]3O[C@H](C)[C@@H](O)[C@@H](OC)[C@H]3OC)[C@@H](CC)OC(=O)C[C@@H](O)[C@@H]2C)O[C@@H]1C,TRUE,,-0.303
tilmicosin,Tilmicosin (ÌæÃ×¿¼ÐÇ),REF_TILMICOSIN,repository_reference,O20_attached_to_C15,20,15,C,MPM00162,1-Pyrroline-5-carboxylate,O=C(O)C1CCC=N1,1,CC[C@H]1OC(=O)C[C@@H](OC(=O)C2CCC=N2)[C@H](C)[C@@H](O[C@@H]2O[C@H](C)[C@@H](O)[C@H](N(C)C)[C@H]2O)[C@@H](CCN2C[C@H](C)C[C@H](C)C2)C[C@@H](C)C(=O)/C=C/C(C)=C/[C@@H]1CO[C@@H]1O[C@H](C)[C@@H](O)[C@@H](OC)[C@H]1OC,CC[C@H]1OC(=O)C[C@@H](OC(=O)C2CCC=N2)[C@H](C)[C@@H](O[C@@H]2O[C@H](C)[C@@H](O)[C@H](N(C)C)[C@H]2O)[C@@H](CCN2C[C@H](C)C[C@H](C)C2)C[C@@H](C)C(=O)/C=C/C(C)=C/[C@@H]1CO[C@@H]1O[C@H](C)[C@@H](O)[C@@H](OC)[C@H]1OC,TRUE,,-0.308
tilmicosin,Tilmicosin (ÌæÃ×¿¼ÐÇ),REF_TILMICOSIN,repository_reference,O56_attached_to_C52,56,52,C,MPM00511,Cetylic acid,CCCCCCCCCCCCCCCC(=O)O,1,CCCCCCCCCCCCCCCC(=O)O[C@H]1[C@@H](OC)[C@@H](OC)[C@H](OC[C@H]2/C=C(C)/C=C/C(=O)[C@H](C)C[C@H](CCN3C[C@H](C)C[C@H](C)C3)[C@H](O[C@@H]3O[C@H](C)[C@@H](O)[C@H](N(C)C)[C@H]3O)[C@@H](C)[C@H](O)CC(=O)O[C@@H]2CC)O[C@@H]1C,CCCCCCCCCCCCCCCC(=O)O[C@H]1[C@@H](OC)[C@@H](OC)[C@H](OC[C@H]2/C=C(C)/C=C/C(=O)[C@H](C)C[C@H](CCN3C[C@H](C)C[C@H](C)C3)[C@H](O[C@@H]3O[C@H](C)[C@@H](O)[C@H](N(C)C)[C@H]3O)[C@@H](C)[C@H](O)CC(=O)O[C@@H]2CC)O[C@@H]1C,TRUE,,-0.31
tilmicosin,Tilmicosin (ÌæÃ×¿¼ÐÇ),REF_TILMICOSIN,repository_reference,O56_attached_to_C52,56,52,C,MPM00269,"3,4,5-Trihydroxy-1-cyclohexenecarboxylic acid",O=C(O)C1=CC(O)C(O)C(O)C1,1,CC[C@H]1OC(=O)C[C@@H](O)[C@H](C)[C@@H](O[C@@H]2O[C@H](C)[C@@H](O)[C@H](N(C)C)[C@H]2O)[C@@H](CCN2C[C@H](C)C[C@H](C)C2)C[C@@H](C)C(=O)/C=C/C(C)=C/[C@@H]1CO[C@@H]1O[C@H](C)[C@@H](OC(=O)C2=CC(O)C(O)C(O)C2)[C@@H](OC)[C@H]1OC,CC[C@H]1OC(=O)C[C@@H](O)[C@H](C)[C@@H](O[C@@H]2O[C@H](C)[C@@H](O)[C@H](N(C)C)[C@H]2O)[C@@H](CCN2C[C@H](C)C[C@H](C)C2)C[C@@H](C)C(=O)/C=C/C(C)=C/[C@@H]1CO[C@@H]1O[C@H](C)[C@@H](OC(=O)C2=CC(O)C(O)C(O)C2)[C@@H](OC)[C@H]1OC,TRUE,,-0.31
tilmicosin,Tilmicosin (ÌæÃ×¿¼ÐÇ),REF_TILMICOSIN,repository_reference,O56_attached_to_C52,56,52,C,MPM00061,(9E)-tetradecenoic acid,CCCCC=CCCCCCCCC(=O)O,1,CCCCC=CCCCCCCCC(=O)O[C@H]1[C@@H](OC)[C@@H](OC)[C@H](OC[C@H]2/C=C(C)/C=C/C(=O)[C@H](C)C[C@H](CCN3C[C@H](C)C[C@H](C)C3)[C@H](O[C@@H]3O[C@H](C)[C@@H](O)[C@H](N(C)C)[C@H]3O)[C@@H](C)[C@H](O)CC(=O)O[C@@H]2CC)O[C@@H]1C,CCCCC=CCCCCCCCC(=O)O[C@H]1[C@@H](OC)[C@@H](OC)[C@H](OC[C@H]2/C=C(C)/C=C/C(=O)[C@H](C)C[C@H](CCN3C[C@H](C)C[C@H](C)C3)[C@H](O[C@@H]3O[C@H](C)[C@@H](O)[C@H](N(C)C)[C@H]3O)[C@@H](C)[C@H](O)CC(=O)O[C@@H]2CC)O[C@@H]1C,TRUE,,-0.313
tilmicosin,Tilmicosin (ÌæÃ×¿¼ÐÇ),REF_TILMICOSIN,repository_reference,O34_attached_to_C24,34,24,C,MPM00212,2-Dehydro-3-deoxy-D-gluconate 6-phosphate,O=C(O)C(=O)CC(O)C(O)COP(=O)(O)O,1,CC[C@H]1OC(=O)C[C@@H](O)[C@H](C)[C@@H](O[C@@H]2O[C@H](C)[C@@H](O)[C@H](N(C)C)[C@H]2OC(=O)C(=O)CC(O)C(O)COP(=O)(O)O)[C@@H](CCN2C[C@H](C)C[C@H](C)C2)C[C@@H](C)C(=O)/C=C/C(C)=C/[C@@H]1CO[C@@H]1O[C@H](C)[C@@H](O)[C@@H](OC)[C@H]1OC,CC[C@H]1OC(=O)C[C@@H](O)[C@H](C)[C@@H](O[C@@H]2O[C@H](C)[C@@H](O)[C@H](N(C)C)[C@H]2OC(=O)C(=O)CC(O)C(O)COP(=O)(O)O)[C@@H](CCN2C[C@H](C)C[C@H](C)C2)C[C@@H](C)C(=O)/C=C/C(C)=C/[C@@H]1CO[C@@H]1O[C@H](C)[C@@H](O)[C@@H](OC)[C@H]1OC,TRUE,,-0.317
tilmicosin,Tilmicosin (ÌæÃ×¿¼ÐÇ),REF_TILMICOSIN,repository_reference,O30_attached_to_C26,30,26,C,MPM00083,(R)-mevalonate,CC(O)(CCO)CC(=O)O,1,CC[C@H]1OC(=O)C[C@@H](O)[C@H](C)[C@@H](O[C@@H]2O[C@H](C)[C@@H](OC(=O)CC(C)(O)CCO)[C@H](N(C)C)[C@H]2O)[C@@H](CCN2C[C@H](C)C[C@H](C)C2)C[C@@H](C)C(=O)/C=C/C(C)=C/[C@@H]1CO[C@@H]1O[C@H](C)[C@@H](O)[C@@H](OC)[C@H]1OC,CC[C@H]1OC(=O)C[C@@H](O)[C@H](C)[C@@H](O[C@@H]2O[C@H](C)[C@@H](OC(=O)CC(C)(O)CCO)[C@H](N(C)C)[C@H]2O)[C@@H](CCN2C[C@H](C)C[C@H](C)C2)C[C@@H](C)C(=O)/C=C/C(C)=C/[C@@H]1CO[C@@H]1O[C@H](C)[C@@H](O)[C@@H](OC)[C@H]1OC,TRUE,,-0.324
tilmicosin,Tilmicosin (ÌæÃ×¿¼ÐÇ),REF_TILMICOSIN,repository_reference,O56_attached_to_C52,56,52,C,MPM00294,3-Hydroxydodecanoic acid,CCCCCCCCCC(O)CC(=O)O,1,CCCCCCCCCC(O)CC(=O)O[C@H]1[C@@H](OC)[C@@H](OC)[C@H](OC[C@H]2/C=C(C)/C=C/C(=O)[C@H](C)C[C@H](CCN3C[C@H](C)C[C@H](C)C3)[C@H](O[C@@H]3O[C@H](C)[C@@H](O)[C@H](N(C)C)[C@H]3O)[C@@H](C)[C@H](O)CC(=O)O[C@@H]2CC)O[C@@H]1C,CCCCCCCCCC(O)CC(=O)O[C@H]1[C@@H](OC)[C@@H](OC)[C@H](OC[C@H]2/C=C(C)/C=C/C(=O)[C@H](C)C[C@H](CCN3C[C@H](C)C[C@H](C)C3)[C@H](O[C@@H]3O[C@H](C)[C@@H](O)[C@H](N(C)C)[C@H]3O)[C@@H](C)[C@H](O)CC(=O)O[C@@H]2CC)O[C@@H]1C,TRUE,,-0.326
tilmicosin,Tilmicosin (ÌæÃ×¿¼ÐÇ),REF_TILMICOSIN,repository_reference,O20_attached_to_C15,20,15,C,MPM00083,(R)-mevalonate,CC(O)(CCO)CC(=O)O,1,CC[C@H]1OC(=O)C[C@@H](OC(=O)CC(C)(O)CCO)[C@H](C)[C@@H](O[C@@H]2O[C@H](C)[C@@H](O)[C@H](N(C)C)[C@H]2O)[C@@H](CCN2C[C@H](C)C[C@H](C)C2)C[C@@H](C)C(=O)/C=C/C(C)=C/[C@@H]1CO[C@@H]1O[C@H](C)[C@@H](O)[C@@H](OC)[C@H]1OC,CC[C@H]1OC(=O)C[C@@H](OC(=O)CC(C)(O)CCO)[C@H](C)[C@@H](O[C@@H]2O[C@H](C)[C@@H](O)[C@H](N(C)C)[C@H]2O)[C@@H](CCN2C[C@H](C)C[C@H](C)C2)C[C@@H](C)C(=O)/C=C/C(C)=C/[C@@H]1CO[C@@H]1O[C@H](C)[C@@H](O)[C@@H](OC)[C@H]1OC,TRUE,,-0.329
tilmicosin,Tilmicosin (ÌæÃ×¿¼ÐÇ),REF_TILMICOSIN,repository_reference,O20_attached_to_C15,20,15,C,MPM00144,10-Phenyldecanoic acid,O=C(O)CCCCCCCCCc1ccccc1,1,CC[C@H]1OC(=O)C[C@@H](OC(=O)CCCCCCCCCc2ccccc2)[C@H](C)[C@@H](O[C@@H]2O[C@H](C)[C@@H](O)[C@H](N(C)C)[C@H]2O)[C@@H](CCN2C[C@H](C)C[C@H](C)C2)C[C@@H](C)C(=O)/C=C/C(C)=C/[C@@H]1CO[C@@H]1O[C@H](C)[C@@H](O)[C@@H](OC)[C@H]1OC,CC[C@H]1OC(=O)C[C@@H](OC(=O)CCCCCCCCCc2ccccc2)[C@H](C)[C@@H](O[C@@H]2O[C@H](C)[C@@H](O)[C@H](N(C)C)[C@H]2O)[C@@H](CCN2C[C@H](C)C[C@H](C)C2)C[C@@H](C)C(=O)/C=C/C(C)=C/[C@@H]1CO[C@@H]1O[C@H](C)[C@@H](O)[C@@H](OC)[C@H]1OC,TRUE,,-0.339
tilmicosin,Tilmicosin (ÌæÃ×¿¼ÐÇ),REF_TILMICOSIN,repository_reference,O34_attached_to_C24,34,24,C,MPM00292,3-Hydroxy-9-phenylnonanoic acid,O=C(O)CC(O)CCCCCCc1ccccc1,1,CC[C@H]1OC(=O)C[C@@H](O)[C@H](C)[C@@H](O[C@@H]2O[C@H](C)[C@@H](O)[C@H](N(C)C)[C@H]2OC(=O)CC(O)CCCCCCc2ccccc2)[C@@H](CCN2C[C@H](C)C[C@H](C)C2)C[C@@H](C)C(=O)/C=C/C(C)=C/[C@@H]1CO[C@@H]1O[C@H](C)[C@@H](O)[C@@H](OC)[C@H]1OC,CC[C@H]1OC(=O)C[C@@H](O)[C@H](C)[C@@H](O[C@@H]2O[C@H](C)[C@@H](O)[C@H](N(C)C)[C@H]2OC(=O)CC(O)CCCCCCc2ccccc2)[C@@H](CCN2C[C@H](C)C[C@H](C)C2)C[C@@H](C)C(=O)/C=C/C(C)=C/[C@@H]1CO[C@@H]1O[C@H](C)[C@@H](O)[C@@H](OC)[C@H]1OC,TRUE,,-0.339
tilmicosin,Tilmicosin (ÌæÃ×¿¼ÐÇ),REF_TILMICOSIN,repository_reference,O20_attached_to_C15,20,15,C,MPM00800,N6-(D-Fructosyl)-L-lysine,NC(CCCCNCC(=O)C(O)C(O)C(O)CO)C(=O)O,1,CC[C@H]1OC(=O)C[C@@H](OC(=O)C(N)CCCCNCC(=O)C(O)C(O)C(O)CO)[C@H](C)[C@@H](O[C@@H]2O[C@H](C)[C@@H](O)[C@H](N(C)C)[C@H]2O)[C@@H](CCN2C[C@H](C)C[C@H](C)C2)C[C@@H](C)C(=O)/C=C/C(C)=C/[C@@H]1CO[C@@H]1O[C@H](C)[C@@H](O)[C@@H](OC)[C@H]1OC,CC[C@H]1OC(=O)C[C@@H](OC(=O)C(N)CCCCNCC(=O)C(O)C(O)C(O)CO)[C@H](C)[C@@H](O[C@@H]2O[C@H](C)[C@@H](O)[C@H](N(C)C)[C@H]2O)[C@@H](CCN2C[C@H](C)C[C@H](C)C2)C[C@@H](C)C(=O)/C=C/C(C)=C/[C@@H]1CO[C@@H]1O[C@H](C)[C@@H](O)[C@@H](OC)[C@H]1OC,TRUE,,-0.34
tilmicosin,Tilmicosin (ÌæÃ×¿¼ÐÇ),REF_TILMICOSIN,repository_reference,O56_attached_to_C52,56,52,C,MPM00212,2-Dehydro-3-deoxy-D-gluconate 6-phosphate,O=C(O)C(=O)CC(O)C(O)COP(=O)(O)O,1,CC[C@H]1OC(=O)C[C@@H](O)[C@H](C)[C@@H](O[C@@H]2O[C@H](C)[C@@H](O)[C@H](N(C)C)[C@H]2O)[C@@H](CCN2C[C@H](C)C[C@H](C)C2)C[C@@H](C)C(=O)/C=C/C(C)=C/[C@@H]1CO[C@@H]1O[C@H](C)[C@@H](OC(=O)C(=O)CC(O)C(O)COP(=O)(O)O)[C@@H](OC)[C@H]1OC,CC[C@H]1OC(=O)C[C@@H](O)[C@H](C)[C@@H](O[C@@H]2O[C@H](C)[C@@H](O)[C@H](N(C)C)[C@H]2O)[C@@H](CCN2C[C@H](C)C[C@H](C)C2)C[C@@H](C)C(=O)/C=C/C(C)=C/[C@@H]1CO[C@@H]1O[C@H](C)[C@@H](OC(=O)C(=O)CC(O)C(O)COP(=O)(O)O)[C@@H](OC)[C@H]1OC,TRUE,,-0.34
tilmicosin,Tilmicosin (ÌæÃ×¿¼ÐÇ),REF_TILMICOSIN,repository_reference,O30_attached_to_C26,30,26,C,MPM00144,10-Phenyldecanoic acid,O=C(O)CCCCCCCCCc1ccccc1,1,CC[C@H]1OC(=O)C[C@@H](O)[C@H](C)[C@@H](O[C@@H]2O[C@H](C)[C@@H](OC(=O)CCCCCCCCCc3ccccc3)[C@H](N(C)C)[C@H]2O)[C@@H](CCN2C[C@H](C)C[C@H](C)C2)C[C@@H](C)C(=O)/C=C/C(C)=C/[C@@H]1CO[C@@H]1O[C@H](C)[C@@H](O)[C@@H](OC)[C@H]1OC,CC[C@H]1OC(=O)C[C@@H](O)[C@H](C)[C@@H](O[C@@H]2O[C@H](C)[C@@H](OC(=O)CCCCCCCCCc3ccccc3)[C@H](N(C)C)[C@H]2O)[C@@H](CCN2C[C@H](C)C[C@H](C)C2)C[C@@H](C)C(=O)/C=C/C(C)=C/[C@@H]1CO[C@@H]1O[C@H](C)[C@@H](O)[C@@H](OC)[C@H]1OC,TRUE,,-0.342
tilmicosin,Tilmicosin (ÌæÃ×¿¼ÐÇ),REF_TILMICOSIN,repository_reference,O30_attached_to_C26,30,26,C,MPM00800,N6-(D-Fructosyl)-L-lysine,NC(CCCCNCC(=O)C(O)C(O)C(O)CO)C(=O)O,1,CC[C@H]1OC(=O)C[C@@H](O)[C@H](C)[C@@H](O[C@@H]2O[C@H](C)[C@@H](OC(=O)C(N)CCCCNCC(=O)C(O)C(O)C(O)CO)[C@H](N(C)C)[C@H]2O)[C@@H](CCN2C[C@H](C)C[C@H](C)C2)C[C@@H](C)C(=O)/C=C/C(C)=C/[C@@H]1CO[C@@H]1O[C@H](C)[C@@H](O)[C@@H](OC)[C@H]1OC,CC[C@H]1OC(=O)C[C@@H](O)[C@H](C)[C@@H](O[C@@H]2O[C@H](C)[C@@H](OC(=O)C(N)CCCCNCC(=O)C(O)C(O)C(O)CO)[C@H](N(C)C)[C@H]2O)[C@@H](CCN2C[C@H](C)C[C@H](C)C2)C[C@@H](C)C(=O)/C=C/C(C)=C/[C@@H]1CO[C@@H]1O[C@H](C)[C@@H](O)[C@@H](OC)[C@H]1OC,TRUE,,-0.344
tilmicosin,Tilmicosin (ÌæÃ×¿¼ÐÇ),REF_TILMICOSIN,repository_reference,O20_attached_to_C15,20,15,C,MPM00291,3-Hydroxy-8-phenyloctanoic acid,O=C(O)CC(O)CCCCCc1ccccc1,1,CC[C@H]1OC(=O)C[C@@H](OC(=O)CC(O)CCCCCc2ccccc2)[C@H](C)[C@@H](O[C@@H]2O[C@H](C)[C@@H](O)[C@H](N(C)C)[C@H]2O)[C@@H](CCN2C[C@H](C)C[C@H](C)C2)C[C@@H](C)C(=O)/C=C/C(C)=C/[C@@H]1CO[C@@H]1O[C@H](C)[C@@H](O)[C@@H](OC)[C@H]1OC,CC[C@H]1OC(=O)C[C@@H](OC(=O)CC(O)CCCCCc2ccccc2)[C@H](C)[C@@H](O[C@@H]2O[C@H](C)[C@@H](O)[C@H](N(C)C)[C@H]2O)[C@@H](CCN2C[C@H](C)C[C@H](C)C2)C[C@@H](C)C(=O)/C=C/C(C)=C/[C@@H]1CO[C@@H]1O[C@H](C)[C@@H](O)[C@@H](OC)[C@H]1OC,TRUE,,-0.347
tilmicosin,Tilmicosin (ÌæÃ×¿¼ÐÇ),REF_TILMICOSIN,repository_reference,O30_attached_to_C26,30,26,C,MPM00291,3-Hydroxy-8-phenyloctanoic acid,O=C(O)CC(O)CCCCCc1ccccc1,1,CC[C@H]1OC(=O)C[C@@H](O)[C@H](C)[C@@H](O[C@@H]2O[C@H](C)[C@@H](OC(=O)CC(O)CCCCCc3ccccc3)[C@H](N(C)C)[C@H]2O)[C@@H](CCN2C[C@H](C)C[C@H](C)C2)C[C@@H](C)C(=O)/C=C/C(C)=C/[C@@H]1CO[C@@H]1O[C@H](C)[C@@H](O)[C@@H](OC)[C@H]1OC,CC[C@H]1OC(=O)C[C@@H](O)[C@H](C)[C@@H](O[C@@H]2O[C@H](C)[C@@H](OC(=O)CC(O)CCCCCc3ccccc3)[C@H](N(C)C)[C@H]2O)[C@@H](CCN2C[C@H](C)C[C@H](C)C2)C[C@@H](C)C(=O)/C=C/C(C)=C/[C@@H]1CO[C@@H]1O[C@H](C)[C@@H](O)[C@@H](OC)[C@H]1OC,TRUE,,-0.35
tilmicosin,Tilmicosin (ÌæÃ×¿¼ÐÇ),REF_TILMICOSIN,repository_reference,O20_attached_to_C15,20,15,C,MPM00511,Cetylic acid,CCCCCCCCCCCCCCCC(=O)O,1,CCCCCCCCCCCCCCCC(=O)O[C@@H]1CC(=O)O[C@H](CC)[C@@H](CO[C@@H]2O[C@H](C)[C@@H](O)[C@@H](OC)[C@H]2OC)/C=C(C)/C=C/C(=O)[C@H](C)C[C@H](CCN2C[C@H](C)C[C@H](C)C2)[C@H](O[C@@H]2O[C@H](C)[C@@H](O)[C@H](N(C)C)[C@H]2O)[C@H]1C,CCCCCCCCCCCCCCCC(=O)O[C@@H]1CC(=O)O[C@H](CC)[C@@H](CO[C@@H]2O[C@H](C)[C@@H](O)[C@@H](OC)[C@H]2OC)/C=C(C)/C=C/C(=O)[C@H](C)C[C@H](CCN2C[C@H](C)C[C@H](C)C2)[C@H](O[C@@H]2O[C@H](C)[C@@H](O)[C@H](N(C)C)[C@H]2O)[C@H]1C,TRUE,,-0.362
tilmicosin,Tilmicosin (ÌæÃ×¿¼ÐÇ),REF_TILMICOSIN,repository_reference,O56_attached_to_C52,56,52,C,MPM00292,3-Hydroxy-9-phenylnonanoic acid,O=C(O)CC(O)CCCCCCc1ccccc1,1,CC[C@H]1OC(=O)C[C@@H](O)[C@H](C)[C@@H](O[C@@H]2O[C@H](C)[C@@H](O)[C@H](N(C)C)[C@H]2O)[C@@H](CCN2C[C@H](C)C[C@H](C)C2)C[C@@H](C)C(=O)/C=C/C(C)=C/[C@@H]1CO[C@@H]1O[C@H](C)[C@@H](OC(=O)CC(O)CCCCCCc2ccccc2)[C@@H](OC)[C@H]1OC,CC[C@H]1OC(=O)C[C@@H](O)[C@H](C)[C@@H](O[C@@H]2O[C@H](C)[C@@H](O)[C@H](N(C)C)[C@H]2O)[C@@H](CCN2C[C@H](C)C[C@H](C)C2)C[C@@H](C)C(=O)/C=C/C(C)=C/[C@@H]1CO[C@@H]1O[C@H](C)[C@@H](OC(=O)CC(O)CCCCCCc2ccccc2)[C@@H](OC)[C@H]1OC,TRUE,,-0.363
tilmicosin,Tilmicosin (ÌæÃ×¿¼ÐÇ),REF_TILMICOSIN,repository_reference,O34_attached_to_C24,34,24,C,MPM00955,Stearic acid,CCCCCCCCCCCCCCCCCC(=O)O,1,CCCCCCCCCCCCCCCCCC(=O)O[C@H]1[C@H](O[C@H]2[C@@H](CCN3C[C@H](C)C[C@H](C)C3)C[C@@H](C)C(=O)/C=C/C(C)=C/[C@H](CO[C@@H]3O[C@H](C)[C@@H](O)[C@@H](OC)[C@H]3OC)[C@@H](CC)OC(=O)C[C@@H](O)[C@@H]2C)O[C@H](C)[C@@H](O)[C@@H]1N(C)C,CCCCCCCCCCCCCCCCCC(=O)O[C@H]1[C@H](O[C@H]2[C@@H](CCN3C[C@H](C)C[C@H](C)C3)C[C@@H](C)C(=O)/C=C/C(C)=C/[C@H](CO[C@@H]3O[C@H](C)[C@@H](O)[C@@H](OC)[C@H]3OC)[C@@H](CC)OC(=O)C[C@@H](O)[C@@H]2C)O[C@H](C)[C@@H](O)[C@@H]1N(C)C,TRUE,,-0.364
tilmicosin,Tilmicosin (ÌæÃ×¿¼ÐÇ),REF_TILMICOSIN,repository_reference,O30_attached_to_C26,30,26,C,MPM00511,Cetylic acid,CCCCCCCCCCCCCCCC(=O)O,1,CCCCCCCCCCCCCCCC(=O)O[C@H]1[C@H](N(C)C)[C@@H](O)[C@H](O[C@H]2[C@@H](CCN3C[C@H](C)C[C@H](C)C3)C[C@@H](C)C(=O)/C=C/C(C)=C/[C@H](CO[C@@H]3O[C@H](C)[C@@H](O)[C@@H](OC)[C@H]3OC)[C@@H](CC)OC(=O)C[C@@H](O)[C@@H]2C)O[C@@H]1C,CCCCCCCCCCCCCCCC(=O)O[C@H]1[C@H](N(C)C)[C@@H](O)[C@H](O[C@H]2[C@@H](CCN3C[C@H](C)C[C@H](C)C3)C[C@@H](C)C(=O)/C=C/C(C)=C/[C@H](CO[C@@H]3O[C@H](C)[C@@H](O)[C@@H](OC)[C@H]3OC)[C@@H](CC)OC(=O)C[C@@H](O)[C@@H]2C)O[C@@H]1C,TRUE,,-0.365
tilmicosin,Tilmicosin (ÌæÃ×¿¼ÐÇ),REF_TILMICOSIN,repository_reference,O30_attached_to_C26,30,26,C,MPM00269,"3,4,5-Trihydroxy-1-cyclohexenecarboxylic acid",O=C(O)C1=CC(O)C(O)C(O)C1,1,CC[C@H]1OC(=O)C[C@@H](O)[C@H](C)[C@@H](O[C@@H]2O[C@H](C)[C@@H](OC(=O)C3=CC(O)C(O)C(O)C3)[C@H](N(C)C)[C@H]2O)[C@@H](CCN2C[C@H](C)C[C@H](C)C2)C[C@@H](C)C(=O)/C=C/C(C)=C/[C@@H]1CO[C@@H]1O[C@H](C)[C@@H](O)[C@@H](OC)[C@H]1OC,CC[C@H]1OC(=O)C[C@@H](O)[C@H](C)[C@@H](O[C@@H]2O[C@H](C)[C@@H](OC(=O)C3=CC(O)C(O)C(O)C3)[C@H](N(C)C)[C@H]2O)[C@@H](CCN2C[C@H](C)C[C@H](C)C2)C[C@@H](C)C(=O)/C=C/C(C)=C/[C@@H]1CO[C@@H]1O[C@H](C)[C@@H](O)[C@@H](OC)[C@H]1OC,TRUE,,-0.365
tilmicosin,Tilmicosin (ÌæÃ×¿¼ÐÇ),REF_TILMICOSIN,repository_reference,O20_attached_to_C15,20,15,C,MPM00061,(9E)-tetradecenoic acid,CCCCC=CCCCCCCCC(=O)O,1,CCCCC=CCCCCCCCC(=O)O[C@@H]1CC(=O)O[C@H](CC)[C@@H](CO[C@@H]2O[C@H](C)[C@@H](O)[C@@H](OC)[C@H]2OC)/C=C(C)/C=C/C(=O)[C@H](C)C[C@H](CCN2C[C@H](C)C[C@H](C)C2)[C@H](O[C@@H]2O[C@H](C)[C@@H](O)[C@H](N(C)C)[C@H]2O)[C@H]1C,CCCCC=CCCCCCCCC(=O)O[C@@H]1CC(=O)O[C@H](CC)[C@@H](CO[C@@H]2O[C@H](C)[C@@H](O)[C@@H](OC)[C@H]2OC)/C=C(C)/C=C/C(=O)[C@H](C)C[C@H](CCN2C[C@H](C)C[C@H](C)C2)[C@H](O[C@@H]2O[C@H](C)[C@@H](O)[C@H](N(C)C)[C@H]2O)[C@H]1C,TRUE,,-0.366
tilmicosin,Tilmicosin (ÌæÃ×¿¼ÐÇ),REF_TILMICOSIN,repository_reference,O30_attached_to_C26,30,26,C,MPM00061,(9E)-tetradecenoic acid,CCCCC=CCCCCCCCC(=O)O,1,CCCCC=CCCCCCCCC(=O)O[C@H]1[C@H](N(C)C)[C@@H](O)[C@H](O[C@H]2[C@@H](CCN3C[C@H](C)C[C@H](C)C3)C[C@@H](C)C(=O)/C=C/C(C)=C/[C@H](CO[C@@H]3O[C@H](C)[C@@H](O)[C@@H](OC)[C@H]3OC)[C@@H](CC)OC(=O)C[C@@H](O)[C@@H]2C)O[C@@H]1C,CCCCC=CCCCCCCCC(=O)O[C@H]1[C@H](N(C)C)[C@@H](O)[C@H](O[C@H]2[C@@H](CCN3C[C@H](C)C[C@H](C)C3)C[C@@H](C)C(=O)/C=C/C(C)=C/[C@H](CO[C@@H]3O[C@H](C)[C@@H](O)[C@@H](OC)[C@H]3OC)[C@@H](CC)OC(=O)C[C@@H](O)[C@@H]2C)O[C@@H]1C,TRUE,,-0.368
tilmicosin,Tilmicosin (ÌæÃ×¿¼ÐÇ),REF_TILMICOSIN,repository_reference,O20_attached_to_C15,20,15,C,MPM00269,"3,4,5-Trihydroxy-1-cyclohexenecarboxylic acid",O=C(O)C1=CC(O)C(O)C(O)C1,1,CC[C@H]1OC(=O)C[C@@H](OC(=O)C2=CC(O)C(O)C(O)C2)[C@H](C)[C@@H](O[C@@H]2O[C@H](C)[C@@H](O)[C@H](N(C)C)[C@H]2O)[C@@H](CCN2C[C@H](C)C[C@H](C)C2)C[C@@H](C)C(=O)/C=C/C(C)=C/[C@@H]1CO[C@@H]1O[C@H](C)[C@@H](O)[C@@H](OC)[C@H]1OC,CC[C@H]1OC(=O)C[C@@H](OC(=O)C2=CC(O)C(O)C(O)C2)[C@H](C)[C@@H](O[C@@H]2O[C@H](C)[C@@H](O)[C@H](N(C)C)[C@H]2O)[C@@H](CCN2C[C@H](C)C[C@H](C)C2)C[C@@H](C)C(=O)/C=C/C(C)=C/[C@@H]1CO[C@@H]1O[C@H](C)[C@@H](O)[C@@H](OC)[C@H]1OC,TRUE,,-0.369
tilmicosin,Tilmicosin (ÌæÃ×¿¼ÐÇ),REF_TILMICOSIN,repository_reference,O20_attached_to_C15,20,15,C,MPM00294,3-Hydroxydodecanoic acid,CCCCCCCCCC(O)CC(=O)O,1,CCCCCCCCCC(O)CC(=O)O[C@@H]1CC(=O)O[C@H](CC)[C@@H](CO[C@@H]2O[C@H](C)[C@@H](O)[C@@H](OC)[C@H]2OC)/C=C(C)/C=C/C(=O)[C@H](C)C[C@H](CCN2C[C@H](C)C[C@H](C)C2)[C@H](O[C@@H]2O[C@H](C)[C@@H](O)[C@H](N(C)C)[C@H]2O)[C@H]1C,CCCCCCCCCC(O)CC(=O)O[C@@H]1CC(=O)O[C@H](CC)[C@@H](CO[C@@H]2O[C@H](C)[C@@H](O)[C@@H](OC)[C@H]2OC)/C=C(C)/C=C/C(=O)[C@H](C)C[C@H](CCN2C[C@H](C)C[C@H](C)C2)[C@H](O[C@@H]2O[C@H](C)[C@@H](O)[C@H](N(C)C)[C@H]2O)[C@H]1C,TRUE,,-0.379
tilmicosin,Tilmicosin (ÌæÃ×¿¼ÐÇ),REF_TILMICOSIN,repository_reference,O34_attached_to_C24,34,24,C,MPM00305,3-Hydroxytetradecanoic acid,CCCCCCCCCCCC(O)CC(=O)O,1,CCCCCCCCCCCC(O)CC(=O)O[C@H]1[C@H](O[C@H]2[C@@H](CCN3C[C@H](C)C[C@H](C)C3)C[C@@H](C)C(=O)/C=C/C(C)=C/[C@H](CO[C@@H]3O[C@H](C)[C@@H](O)[C@@H](OC)[C@H]3OC)[C@@H](CC)OC(=O)C[C@@H](O)[C@@H]2C)O[C@H](C)[C@@H](O)[C@@H]1N(C)C,CCCCCCCCCCCC(O)CC(=O)O[C@H]1[C@H](O[C@H]2[C@@H](CCN3C[C@H](C)C[C@H](C)C3)C[C@@H](C)C(=O)/C=C/C(C)=C/[C@H](CO[C@@H]3O[C@H](C)[C@@H](O)[C@@H](OC)[C@H]3OC)[C@@H](CC)OC(=O)C[C@@H](O)[C@@H]2C)O[C@H](C)[C@@H](O)[C@@H]1N(C)C,TRUE,,-0.38
tilmicosin,Tilmicosin (ÌæÃ×¿¼ÐÇ),REF_TILMICOSIN,repository_reference,O30_attached_to_C26,30,26,C,MPM00294,3-Hydroxydodecanoic acid,CCCCCCCCCC(O)CC(=O)O,1,CCCCCCCCCC(O)CC(=O)O[C@H]1[C@H](N(C)C)[C@@H](O)[C@H](O[C@H]2[C@@H](CCN3C[C@H](C)C[C@H](C)C3)C[C@@H](C)C(=O)/C=C/C(C)=C/[C@H](CO[C@@H]3O[C@H](C)[C@@H](O)[C@@H](OC)[C@H]3OC)[C@@H](CC)OC(=O)C[C@@H](O)[C@@H]2C)O[C@@H]1C,CCCCCCCCCC(O)CC(=O)O[C@H]1[C@H](N(C)C)[C@@H](O)[C@H](O[C@H]2[C@@H](CCN3C[C@H](C)C[C@H](C)C3)C[C@@H](C)C(=O)/C=C/C(C)=C/[C@H](CO[C@@H]3O[C@H](C)[C@@H](O)[C@@H](OC)[C@H]3OC)[C@@H](CC)OC(=O)C[C@@H](O)[C@@H]2C)O[C@@H]1C,TRUE,,-0.381
tilmicosin,Tilmicosin (ÌæÃ×¿¼ÐÇ),REF_TILMICOSIN,repository_reference,O20_attached_to_C15,20,15,C,MPM00212,2-Dehydro-3-deoxy-D-gluconate 6-phosphate,O=C(O)C(=O)CC(O)C(O)COP(=O)(O)O,1,CC[C@H]1OC(=O)C[C@@H](OC(=O)C(=O)CC(O)C(O)COP(=O)(O)O)[C@H](C)[C@@H](O[C@@H]2O[C@H](C)[C@@H](O)[C@H](N(C)C)[C@H]2O)[C@@H](CCN2C[C@H](C)C[C@H](C)C2)C[C@@H](C)C(=O)/C=C/C(C)=C/[C@@H]1CO[C@@H]1O[C@H](C)[C@@H](O)[C@@H](OC)[C@H]1OC,CC[C@H]1OC(=O)C[C@@H](OC(=O)C(=O)CC(O)C(O)COP(=O)(O)O)[C@H](C)[C@@H](O[C@@H]2O[C@H](C)[C@@H](O)[C@H](N(C)C)[C@H]2O)[C@@H](CCN2C[C@H](C)C[C@H](C)C2)C[C@@H](C)C(=O)/C=C/C(C)=C/[C@@H]1CO[C@@H]1O[C@H](C)[C@@H](O)[C@@H](OC)[C@H]1OC,TRUE,,-0.386
tilmicosin,Tilmicosin (ÌæÃ×¿¼ÐÇ),REF_TILMICOSIN,repository_reference,O34_attached_to_C24,34,24,C,MPM00864,Petroselaidic acid,CCCCCCCCCCCC=CCCCCC(=O)O,1,CCCCCCCCCCCC=CCCCCC(=O)O[C@H]1[C@H](O[C@H]2[C@@H](CCN3C[C@H](C)C[C@H](C)C3)C[C@@H](C)C(=O)/C=C/C(C)=C/[C@H](CO[C@@H]3O[C@H](C)[C@@H](O)[C@@H](OC)[C@H]3OC)[C@@H](CC)OC(=O)C[C@@H](O)[C@@H]2C)O[C@H](C)[C@@H](O)[C@@H]1N(C)C,CCCCCCCCCCCC=CCCCCC(=O)O[C@H]1[C@H](O[C@H]2[C@@H](CCN3C[C@H](C)C[C@H](C)C3)C[C@@H](C)C(=O)/C=C/C(C)=C/[C@H](CO[C@@H]3O[C@H](C)[C@@H](O)[C@@H](OC)[C@H]3OC)[C@@H](CC)OC(=O)C[C@@H](O)[C@@H]2C)O[C@H](C)[C@@H](O)[C@@H]1N(C)C,TRUE,,-0.388
tilmicosin,Tilmicosin (ÌæÃ×¿¼ÐÇ),REF_TILMICOSIN,repository_reference,O56_attached_to_C52,56,52,C,MPM00955,Stearic acid,CCCCCCCCCCCCCCCCCC(=O)O,1,CCCCCCCCCCCCCCCCCC(=O)O[C@H]1[C@@H](OC)[C@@H](OC)[C@H](OC[C@H]2/C=C(C)/C=C/C(=O)[C@H](C)C[C@H](CCN3C[C@H](C)C[C@H](C)C3)[C@H](O[C@@H]3O[C@H](C)[C@@H](O)[C@H](N(C)C)[C@H]3O)[C@@H](C)[C@H](O)CC(=O)O[C@@H]2CC)O[C@@H]1C,CCCCCCCCCCCCCCCCCC(=O)O[C@H]1[C@@H](OC)[C@@H](OC)[C@H](OC[C@H]2/C=C(C)/C=C/C(=O)[C@H](C)C[C@H](CCN3C[C@H](C)C[C@H](C)C3)[C@H](O[C@@H]3O[C@H](C)[C@@H](O)[C@H](N(C)C)[C@H]3O)[C@@H](C)[C@H](O)CC(=O)O[C@@H]2CC)O[C@@H]1C,TRUE,,-0.389
tilmicosin,Tilmicosin (ÌæÃ×¿¼ÐÇ),REF_TILMICOSIN,repository_reference,O30_attached_to_C26,30,26,C,MPM00212,2-Dehydro-3-deoxy-D-gluconate 6-phosphate,O=C(O)C(=O)CC(O)C(O)COP(=O)(O)O,1,CC[C@H]1OC(=O)C[C@@H](O)[C@H](C)[C@@H](O[C@@H]2O[C@H](C)[C@@H](OC(=O)C(=O)CC(O)C(O)COP(=O)(O)O)[C@H](N(C)C)[C@H]2O)[C@@H](CCN2C[C@H](C)C[C@H](C)C2)C[C@@H](C)C(=O)/C=C/C(C)=C/[C@@H]1CO[C@@H]1O[C@H](C)[C@@H](O)[C@@H](OC)[C@H]1OC,CC[C@H]1OC(=O)C[C@@H](O)[C@H](C)[C@@H](O[C@@H]2O[C@H](C)[C@@H](OC(=O)C(=O)CC(O)C(O)COP(=O)(O)O)[C@H](N(C)C)[C@H]2O)[C@@H](CCN2C[C@H](C)C[C@H](C)C2)C[C@@H](C)C(=O)/C=C/C(C)=C/[C@@H]1CO[C@@H]1O[C@H](C)[C@@H](O)[C@@H](OC)[C@H]1OC,TRUE,,-0.396
tilmicosin,Tilmicosin (ÌæÃ×¿¼ÐÇ),REF_TILMICOSIN,repository_reference,O56_attached_to_C52,56,52,C,MPM00305,3-Hydroxytetradecanoic acid,CCCCCCCCCCCC(O)CC(=O)O,1,CCCCCCCCCCCC(O)CC(=O)O[C@H]1[C@@H](OC)[C@@H](OC)[C@H](OC[C@H]2/C=C(C)/C=C/C(=O)[C@H](C)C[C@H](CCN3C[C@H](C)C[C@H](C)C3)[C@H](O[C@@H]3O[C@H](C)[C@@H](O)[C@H](N(C)C)[C@H]3O)[C@@H](C)[C@H](O)CC(=O)O[C@@H]2CC)O[C@@H]1C,CCCCCCCCCCCC(O)CC(=O)O[C@H]1[C@@H](OC)[C@@H](OC)[C@H](OC[C@H]2/C=C(C)/C=C/C(=O)[C@H](C)C[C@H](CCN3C[C@H](C)C[C@H](C)C3)[C@H](O[C@@H]3O[C@H](C)[C@@H](O)[C@H](N(C)C)[C@H]3O)[C@@H](C)[C@H](O)CC(=O)O[C@@H]2CC)O[C@@H]1C,TRUE,,-0.404
tilmicosin,Tilmicosin (ÌæÃ×¿¼ÐÇ),REF_TILMICOSIN,repository_reference,O34_attached_to_C24,34,24,C,MPM00285,3-Hydroxy-10-phenyldecanoic acid,O=C(O)CC(O)CCCCCCCc1ccccc1,1,CC[C@H]1OC(=O)C[C@@H](O)[C@H](C)[C@@H](O[C@@H]2O[C@H](C)[C@@H](O)[C@H](N(C)C)[C@H]2OC(=O)CC(O)CCCCCCCc2ccccc2)[C@@H](CCN2C[C@H](C)C[C@H](C)C2)C[C@@H](C)C(=O)/C=C/C(C)=C/[C@@H]1CO[C@@H]1O[C@H](C)[C@@H](O)[C@@H](OC)[C@H]1OC,CC[C@H]1OC(=O)C[C@@H](O)[C@H](C)[C@@H](O[C@@H]2O[C@H](C)[C@@H](O)[C@H](N(C)C)[C@H]2OC(=O)CC(O)CCCCCCCc2ccccc2)[C@@H](CCN2C[C@H](C)C[C@H](C)C2)C[C@@H](C)C(=O)/C=C/C(C)=C/[C@@H]1CO[C@@H]1O[C@H](C)[C@@H](O)[C@@H](OC)[C@H]1OC,TRUE,,-0.407
tilmicosin,Tilmicosin (ÌæÃ×¿¼ÐÇ),REF_TILMICOSIN,repository_reference,O34_attached_to_C24,34,24,C,MPM00188,2-Acetamido-5-oxopentanoate,CC(=O)NC(CCC=O)C(=O)O,1,CC[C@H]1OC(=O)C[C@@H](O)[C@H](C)[C@@H](O[C@@H]2O[C@H](C)[C@@H](O)[C@H](N(C)C)[C@H]2OC(=O)C(CCC=O)NC(C)=O)[C@@H](CCN2C[C@H](C)C[C@H](C)C2)C[C@@H](C)C(=O)/C=C/C(C)=C/[C@@H]1CO[C@@H]1O[C@H](C)[C@@H](O)[C@@H](OC)[C@H]1OC,CC[C@H]1OC(=O)C[C@@H](O)[C@H](C)[C@@H](O[C@@H]2O[C@H](C)[C@@H](O)[C@H](N(C)C)[C@H]2OC(=O)C(CCC=O)NC(C)=O)[C@@H](CCN2C[C@H](C)C[C@H](C)C2)C[C@@H](C)C(=O)/C=C/C(C)=C/[C@@H]1CO[C@@H]1O[C@H](C)[C@@H](O)[C@@H](OC)[C@H]1OC,TRUE,,-0.411
tilmicosin,Tilmicosin (ÌæÃ×¿¼ÐÇ),REF_TILMICOSIN,repository_reference,O56_attached_to_C52,56,52,C,MPM00864,Petroselaidic acid,CCCCCCCCCCCC=CCCCCC(=O)O,1,CCCCCCCCCCCC=CCCCCC(=O)O[C@H]1[C@@H](OC)[C@@H](OC)[C@H](OC[C@H]2/C=C(C)/C=C/C(=O)[C@H](C)C[C@H](CCN3C[C@H](C)C[C@H](C)C3)[C@H](O[C@@H]3O[C@H](C)[C@@H](O)[C@H](N(C)C)[C@H]3O)[C@@H](C)[C@H](O)CC(=O)O[C@@H]2CC)O[C@@H]1C,CCCCCCCCCCCC=CCCCCC(=O)O[C@H]1[C@@H](OC)[C@@H](OC)[C@H](OC[C@H]2/C=C(C)/C=C/C(=O)[C@H](C)C[C@H](CCN3C[C@H](C)C[C@H](C)C3)[C@H](O[C@@H]3O[C@H](C)[C@@H](O)[C@H](N(C)C)[C@H]3O)[C@@H](C)[C@H](O)CC(=O)O[C@@H]2CC)O[C@@H]1C,TRUE,,-0.412
tilmicosin,Tilmicosin (ÌæÃ×¿¼ÐÇ),REF_TILMICOSIN,repository_reference,O20_attached_to_C15,20,15,C,MPM00292,3-Hydroxy-9-phenylnonanoic acid,O=C(O)CC(O)CCCCCCc1ccccc1,1,CC[C@H]1OC(=O)C[C@@H](OC(=O)CC(O)CCCCCCc2ccccc2)[C@H](C)[C@@H](O[C@@H]2O[C@H](C)[C@@H](O)[C@H](N(C)C)[C@H]2O)[C@@H](CCN2C[C@H](C)C[C@H](C)C2)C[C@@H](C)C(=O)/C=C/C(C)=C/[C@@H]1CO[C@@H]1O[C@H](C)[C@@H](O)[C@@H](OC)[C@H]1OC,CC[C@H]1OC(=O)C[C@@H](OC(=O)CC(O)CCCCCCc2ccccc2)[C@H](C)[C@@H](O[C@@H]2O[C@H](C)[C@@H](O)[C@H](N(C)C)[C@H]2O)[C@@H](CCN2C[C@H](C)C[C@H](C)C2)C[C@@H](C)C(=O)/C=C/C(C)=C/[C@@H]1CO[C@@H]1O[C@H](C)[C@@H](O)[C@@H](OC)[C@H]1OC,TRUE,,-0.415
tilmicosin,Tilmicosin (ÌæÃ×¿¼ÐÇ),REF_TILMICOSIN,repository_reference,O34_attached_to_C24,34,24,C,MPM00852,palmitoleate,CCCCCCC=CCCCCCCCC(=O)O,1,CCCCCCC=CCCCCCCCC(=O)O[C@H]1[C@H](O[C@H]2[C@@H](CCN3C[C@H](C)C[C@H](C)C3)C[C@@H](C)C(=O)/C=C/C(C)=C/[C@H](CO[C@@H]3O[C@H](C)[C@@H](O)[C@@H](OC)[C@H]3OC)[C@@H](CC)OC(=O)C[C@@H](O)[C@@H]2C)O[C@H](C)[C@@H](O)[C@@H]1N(C)C,CCCCCCC=CCCCCCCCC(=O)O[C@H]1[C@H](O[C@H]2[C@@H](CCN3C[C@H](C)C[C@H](C)C3)C[C@@H](C)C(=O)/C=C/C(C)=C/[C@H](CO[C@@H]3O[C@H](C)[C@@H](O)[C@@H](OC)[C@H]3OC)[C@@H](CC)OC(=O)C[C@@H](O)[C@@H]2C)O[C@H](C)[C@@H](O)[C@@H]1N(C)C,TRUE,,-0.416
tilmicosin,Tilmicosin (ÌæÃ×¿¼ÐÇ),REF_TILMICOSIN,repository_reference,O34_attached_to_C24,34,24,C,MPM00036,(2S)-2-Hydroxy-2-methyl-3-oxobutanoate,CC(=O)C(C)(O)C(=O)O,1,CC[C@H]1OC(=O)C[C@@H](O)[C@H](C)[C@@H](O[C@@H]2O[C@H](C)[C@@H](O)[C@H](N(C)C)[C@H]2OC(=O)C(C)(O)C(C)=O)[C@@H](CCN2C[C@H](C)C[C@H](C)C2)C[C@@H](C)C(=O)/C=C/C(C)=C/[C@@H]1CO[C@@H]1O[C@H](C)[C@@H](O)[C@@H](OC)[C@H]1OC,CC[C@H]1OC(=O)C[C@@H](O)[C@H](C)[C@@H](O[C@@H]2O[C@H](C)[C@@H](O)[C@H](N(C)C)[C@H]2OC(=O)C(C)(O)C(C)=O)[C@@H](CCN2C[C@H](C)C[C@H](C)C2)C[C@@H](C)C(=O)/C=C/C(C)=C/[C@@H]1CO[C@@H]1O[C@H](C)[C@@H](O)[C@@H](OC)[C@H]1OC,TRUE,,-0.417
tilmicosin,Tilmicosin (ÌæÃ×¿¼ÐÇ),REF_TILMICOSIN,repository_reference,O30_attached_to_C26,30,26,C,MPM00292,3-Hydroxy-9-phenylnonanoic acid,O=C(O)CC(O)CCCCCCc1ccccc1,1,CC[C@H]1OC(=O)C[C@@H](O)[C@H](C)[C@@H](O[C@@H]2O[C@H](C)[C@@H](OC(=O)CC(O)CCCCCCc3ccccc3)[C@H](N(C)C)[C@H]2O)[C@@H](CCN2C[C@H](C)C[C@H](C)C2)C[C@@H](C)C(=O)/C=C/C(C)=C/[C@@H]1CO[C@@H]1O[C@H](C)[C@@H](O)[C@@H](OC)[C@H]1OC,CC[C@H]1OC(=O)C[C@@H](O)[C@H](C)[C@@H](O[C@@H]2O[C@H](C)[C@@H](OC(=O)CC(O)CCCCCCc3ccccc3)[C@H](N(C)C)[C@H]2O)[C@@H](CCN2C[C@H](C)C[C@H](C)C2)C[C@@H](C)C(=O)/C=C/C(C)=C/[C@@H]1CO[C@@H]1O[C@H](C)[C@@H](O)[C@@H](OC)[C@H]1OC,TRUE,,-0.418
tilmicosin,Tilmicosin (ÌæÃ×¿¼ÐÇ),REF_TILMICOSIN,repository_reference,O34_attached_to_C24,34,24,C,MPM00080,(R)-4'-Phosphopantothenate,CC(C)(COP(=O)(O)O)C(O)C(=O)NCCC(=O)O,1,CC[C@H]1OC(=O)C[C@@H](O)[C@H](C)[C@@H](O[C@@H]2O[C@H](C)[C@@H](O)[C@H](N(C)C)[C@H]2OC(=O)CCNC(=O)C(O)C(C)(C)COP(=O)(O)O)[C@@H](CCN2C[C@H](C)C[C@H](C)C2)C[C@@H](C)C(=O)/C=C/C(C)=C/[C@@H]1CO[C@@H]1O[C@H](C)[C@@H](O)[C@@H](OC)[C@H]1OC,CC[C@H]1OC(=O)C[C@@H](O)[C@H](C)[C@@H](O[C@@H]2O[C@H](C)[C@@H](O)[C@H](N(C)C)[C@H]2OC(=O)CCNC(=O)C(O)C(C)(C)COP(=O)(O)O)[C@@H](CCN2C[C@H](C)C[C@H](C)C2)C[C@@H](C)C(=O)/C=C/C(C)=C/[C@@H]1CO[C@@H]1O[C@H](C)[C@@H](O)[C@@H](OC)[C@H]1OC,TRUE,,-0.43
tilmicosin,Tilmicosin (ÌæÃ×¿¼ÐÇ),REF_TILMICOSIN,repository_reference,O56_attached_to_C52,56,52,C,MPM00285,3-Hydroxy-10-phenyldecanoic acid,O=C(O)CC(O)CCCCCCCc1ccccc1,1,CC[C@H]1OC(=O)C[C@@H](O)[C@H](C)[C@@H](O[C@@H]2O[C@H](C)[C@@H](O)[C@H](N(C)C)[C@H]2O)[C@@H](CCN2C[C@H](C)C[C@H](C)C2)C[C@@H](C)C(=O)/C=C/C(C)=C/[C@@H]1CO[C@@H]1O[C@H](C)[C@@H](OC(=O)CC(O)CCCCCCCc2ccccc2)[C@@H](OC)[C@H]1OC,CC[C@H]1OC(=O)C[C@@H](O)[C@H](C)[C@@H](O[C@@H]2O[C@H](C)[C@@H](O)[C@H](N(C)C)[C@H]2O)[C@@H](CCN2C[C@H](C)C[C@H](C)C2)C[C@@H](C)C(=O)/C=C/C(C)=C/[C@@H]1CO[C@@H]1O[C@H](C)[C@@H](OC(=O)CC(O)CCCCCCCc2ccccc2)[C@@H](OC)[C@H]1OC,TRUE,,-0.431
tilmicosin,Tilmicosin (ÌæÃ×¿¼ÐÇ),REF_TILMICOSIN,repository_reference,O56_attached_to_C52,56,52,C,MPM00188,2-Acetamido-5-oxopentanoate,CC(=O)NC(CCC=O)C(=O)O,1,CC[C@H]1OC(=O)C[C@@H](O)[C@H](C)[C@@H](O[C@@H]2O[C@H](C)[C@@H](O)[C@H](N(C)C)[C@H]2O)[C@@H](CCN2C[C@H](C)C[C@H](C)C2)C[C@@H](C)C(=O)/C=C/C(C)=C/[C@@H]1CO[C@@H]1O[C@H](C)[C@@H](OC(=O)C(CCC=O)NC(C)=O)[C@@H](OC)[C@H]1OC,CC[C@H]1OC(=O)C[C@@H](O)[C@H](C)[C@@H](O[C@@H]2O[C@H](C)[C@@H](O)[C@H](N(C)C)[C@H]2O)[C@@H](CCN2C[C@H](C)C[C@H](C)C2)C[C@@H](C)C(=O)/C=C/C(C)=C/[C@@H]1CO[C@@H]1O[C@H](C)[C@@H](OC(=O)C(CCC=O)NC(C)=O)[C@@H](OC)[C@H]1OC,TRUE,,-0.435
tilmicosin,Tilmicosin (ÌæÃ×¿¼ÐÇ),REF_TILMICOSIN,repository_reference,O56_attached_to_C52,56,52,C,MPM00036,(2S)-2-Hydroxy-2-methyl-3-oxobutanoate,CC(=O)C(C)(O)C(=O)O,1,CC[C@H]1OC(=O)C[C@@H](O)[C@H](C)[C@@H](O[C@@H]2O[C@H](C)[C@@H](O)[C@H](N(C)C)[C@H]2O)[C@@H](CCN2C[C@H](C)C[C@H](C)C2)C[C@@H](C)C(=O)/C=C/C(C)=C/[C@@H]1CO[C@@H]1O[C@H](C)[C@@H](OC(=O)C(C)(O)C(C)=O)[C@@H](OC)[C@H]1OC,CC[C@H]1OC(=O)C[C@@H](O)[C@H](C)[C@@H](O[C@@H]2O[C@H](C)[C@@H](O)[C@H](N(C)C)[C@H]2O)[C@@H](CCN2C[C@H](C)C[C@H](C)C2)C[C@@H](C)C(=O)/C=C/C(C)=C/[C@@H]1CO[C@@H]1O[C@H](C)[C@@H](OC(=O)C(C)(O)C(C)=O)[C@@H](OC)[C@H]1OC,TRUE,,-0.44
tilmicosin,Tilmicosin (ÌæÃ×¿¼ÐÇ),REF_TILMICOSIN,repository_reference,O56_attached_to_C52,56,52,C,MPM00852,palmitoleate,CCCCCCC=CCCCCCCCC(=O)O,1,CCCCCCC=CCCCCCCCC(=O)O[C@H]1[C@@H](OC)[C@@H](OC)[C@H](OC[C@H]2/C=C(C)/C=C/C(=O)[C@H](C)C[C@H](CCN3C[C@H](C)C[C@H](C)C3)[C@H](O[C@@H]3O[C@H](C)[C@@H](O)[C@H](N(C)C)[C@H]3O)[C@@H](C)[C@H](O)CC(=O)O[C@@H]2CC)O[C@@H]1C,CCCCCCC=CCCCCCCCC(=O)O[C@H]1[C@@H](OC)[C@@H](OC)[C@H](OC[C@H]2/C=C(C)/C=C/C(=O)[C@H](C)C[C@H](CCN3C[C@H](C)C[C@H](C)C3)[C@H](O[C@@H]3O[C@H](C)[C@@H](O)[C@H](N(C)C)[C@H]3O)[C@@H](C)[C@H](O)CC(=O)O[C@@H]2CC)O[C@@H]1C,TRUE,,-0.44
tilmicosin,Tilmicosin (ÌæÃ×¿¼ÐÇ),REF_TILMICOSIN,repository_reference,O20_attached_to_C15,20,15,C,MPM00955,Stearic acid,CCCCCCCCCCCCCCCCCC(=O)O,1,CCCCCCCCCCCCCCCCCC(=O)O[C@@H]1CC(=O)O[C@H](CC)[C@@H](CO[C@@H]2O[C@H](C)[C@@H](O)[C@@H](OC)[C@H]2OC)/C=C(C)/C=C/C(=O)[C@H](C)C[C@H](CCN2C[C@H](C)C[C@H](C)C2)[C@H](O[C@@H]2O[C@H](C)[C@@H](O)[C@H](N(C)C)[C@H]2O)[C@H]1C,CCCCCCCCCCCCCCCCCC(=O)O[C@@H]1CC(=O)O[C@H](CC)[C@@H](CO[C@@H]2O[C@H](C)[C@@H](O)[C@@H](OC)[C@H]2OC)/C=C(C)/C=C/C(=O)[C@H](C)C[C@H](CCN2C[C@H](C)C[C@H](C)C2)[C@H](O[C@@H]2O[C@H](C)[C@@H](O)[C@H](N(C)C)[C@H]2O)[C@H]1C,TRUE,,-0.441
tilmicosin,Tilmicosin (ÌæÃ×¿¼ÐÇ),REF_TILMICOSIN,repository_reference,O30_attached_to_C26,30,26,C,MPM00955,Stearic acid,CCCCCCCCCCCCCCCCCC(=O)O,1,CCCCCCCCCCCCCCCCCC(=O)O[C@H]1[C@H](N(C)C)[C@@H](O)[C@H](O[C@H]2[C@@H](CCN3C[C@H](C)C[C@H](C)C3)C[C@@H](C)C(=O)/C=C/C(C)=C/[C@H](CO[C@@H]3O[C@H](C)[C@@H](O)[C@@H](OC)[C@H]3OC)[C@@H](CC)OC(=O)C[C@@H](O)[C@@H]2C)O[C@@H]1C,CCCCCCCCCCCCCCCCCC(=O)O[C@H]1[C@H](N(C)C)[C@@H](O)[C@H](O[C@H]2[C@@H](CCN3C[C@H](C)C[C@H](C)C3)C[C@@H](C)C(=O)/C=C/C(C)=C/[C@H](CO[C@@H]3O[C@H](C)[C@@H](O)[C@@H](OC)[C@H]3OC)[C@@H](CC)OC(=O)C[C@@H](O)[C@@H]2C)O[C@@H]1C,TRUE,,-0.443
tilmicosin,Tilmicosin (ÌæÃ×¿¼ÐÇ),REF_TILMICOSIN,repository_reference,O56_attached_to_C52,56,52,C,MPM00080,(R)-4'-Phosphopantothenate,CC(C)(COP(=O)(O)O)C(O)C(=O)NCCC(=O)O,1,CC[C@H]1OC(=O)C[C@@H](O)[C@H](C)[C@@H](O[C@@H]2O[C@H](C)[C@@H](O)[C@H](N(C)C)[C@H]2O)[C@@H](CCN2C[C@H](C)C[C@H](C)C2)C[C@@H](C)C(=O)/C=C/C(C)=C/[C@@H]1CO[C@@H]1O[C@H](C)[C@@H](OC(=O)CCNC(=O)C(O)C(C)(C)COP(=O)(O)O)[C@@H](OC)[C@H]1OC,CC[C@H]1OC(=O)C[C@@H](O)[C@H](C)[C@@H](O[C@@H]2O[C@H](C)[C@@H](O)[C@H](N(C)C)[C@H]2O)[C@@H](CCN2C[C@H](C)C[C@H](C)C2)C[C@@H](C)C(=O)/C=C/C(C)=C/[C@@H]1CO[C@@H]1O[C@H](C)[C@@H](OC(=O)CCNC(=O)C(O)C(C)(C)COP(=O)(O)O)[C@@H](OC)[C@H]1OC,TRUE,,-0.454
tilmicosin,Tilmicosin (ÌæÃ×¿¼ÐÇ),REF_TILMICOSIN,repository_reference,O34_attached_to_C24,34,24,C,MPM00442,Allantoic acid,NC(=O)NC(NC(N)=O)C(=O)O,1,CC[C@H]1OC(=O)C[C@@H](O)[C@H](C)[C@@H](O[C@@H]2O[C@H](C)[C@@H](O)[C@H](N(C)C)[C@H]2OC(=O)C(NC(N)=O)NC(N)=O)[C@@H](CCN2C[C@H](C)C[C@H](C)C2)C[C@@H](C)C(=O)/C=C/C(C)=C/[C@@H]1CO[C@@H]1O[C@H](C)[C@@H](O)[C@@H](OC)[C@H]1OC,CC[C@H]1OC(=O)C[C@@H](O)[C@H](C)[C@@H](O[C@@H]2O[C@H](C)[C@@H](O)[C@H](N(C)C)[C@H]2OC(=O)C(NC(N)=O)NC(N)=O)[C@@H](CCN2C[C@H](C)C[C@H](C)C2)C[C@@H](C)C(=O)/C=C/C(C)=C/[C@@H]1CO[C@@H]1O[C@H](C)[C@@H](O)[C@@H](OC)[C@H]1OC,TRUE,,-0.455
tilmicosin,Tilmicosin (ÌæÃ×¿¼ÐÇ),REF_TILMICOSIN,repository_reference,O20_attached_to_C15,20,15,C,MPM00305,3-Hydroxytetradecanoic acid,CCCCCCCCCCCC(O)CC(=O)O,1,CCCCCCCCCCCC(O)CC(=O)O[C@@H]1CC(=O)O[C@H](CC)[C@@H](CO[C@@H]2O[C@H](C)[C@@H](O)[C@@H](OC)[C@H]2OC)/C=C(C)/C=C/C(=O)[C@H](C)C[C@H](CCN2C[C@H](C)C[C@H](C)C2)[C@H](O[C@@H]2O[C@H](C)[C@@H](O)[C@H](N(C)C)[C@H]2O)[C@H]1C,CCCCCCCCCCCC(O)CC(=O)O[C@@H]1CC(=O)O[C@H](CC)[C@@H](CO[C@@H]2O[C@H](C)[C@@H](O)[C@@H](OC)[C@H]2OC)/C=C(C)/C=C/C(=O)[C@H](C)C[C@H](CCN2C[C@H](C)C[C@H](C)C2)[C@H](O[C@@H]2O[C@H](C)[C@@H](O)[C@H](N(C)C)[C@H]2O)[C@H]1C,TRUE,,-0.457
tilmicosin,Tilmicosin (ÌæÃ×¿¼ÐÇ),REF_TILMICOSIN,repository_reference,O34_attached_to_C24,34,24,C,MPM00296,3-Hydroxyhexadecanoic acid,CCCCCCCCCCCCCC(O)CC(=O)O,1,CCCCCCCCCCCCCC(O)CC(=O)O[C@H]1[C@H](O[C@H]2[C@@H](CCN3C[C@H](C)C[C@H](C)C3)C[C@@H](C)C(=O)/C=C/C(C)=C/[C@H](CO[C@@H]3O[C@H](C)[C@@H](O)[C@@H](OC)[C@H]3OC)[C@@H](CC)OC(=O)C[C@@H](O)[C@@H]2C)O[C@H](C)[C@@H](O)[C@@H]1N(C)C,CCCCCCCCCCCCCC(O)CC(=O)O[C@H]1[C@H](O[C@H]2[C@@H](CCN3C[C@H](C)C[C@H](C)C3)C[C@@H](C)C(=O)/C=C/C(C)=C/[C@H](CO[C@@H]3O[C@H](C)[C@@H](O)[C@@H](OC)[C@H]3OC)[C@@H](CC)OC(=O)C[C@@H](O)[C@@H]2C)O[C@H](C)[C@@H](O)[C@@H]1N(C)C,TRUE,,-0.458
tilmicosin,Tilmicosin (ÌæÃ×¿¼ÐÇ),REF_TILMICOSIN,repository_reference,O30_attached_to_C26,30,26,C,MPM00305,3-Hydroxytetradecanoic acid,CCCCCCCCCCCC(O)CC(=O)O,1,CCCCCCCCCCCC(O)CC(=O)O[C@H]1[C@H](N(C)C)[C@@H](O)[C@H](O[C@H]2[C@@H](CCN3C[C@H](C)C[C@H](C)C3)C[C@@H](C)C(=O)/C=C/C(C)=C/[C@H](CO[C@@H]3O[C@H](C)[C@@H](O)[C@@H](OC)[C@H]3OC)[C@@H](CC)OC(=O)C[C@@H](O)[C@@H]2C)O[C@@H]1C,CCCCCCCCCCCC(O)CC(=O)O[C@H]1[C@H](N(C)C)[C@@H](O)[C@H](O[C@H]2[C@@H](CCN3C[C@H](C)C[C@H](C)C3)C[C@@H](C)C(=O)/C=C/C(C)=C/[C@H](CO[C@@H]3O[C@H](C)[C@@H](O)[C@@H](OC)[C@H]3OC)[C@@H](CC)OC(=O)C[C@@H](O)[C@@H]2C)O[C@@H]1C,TRUE,,-0.459
tilmicosin,Tilmicosin (ÌæÃ×¿¼ÐÇ),REF_TILMICOSIN,repository_reference,O34_attached_to_C24,34,24,C,MPM00839,Oleic acid,CCCCCCCCC=CCCCCCCCC(=O)O,1,CCCCCCCCC=CCCCCCCCC(=O)O[C@H]1[C@H](O[C@H]2[C@@H](CCN3C[C@H](C)C[C@H](C)C3)C[C@@H](C)C(=O)/C=C/C(C)=C/[C@H](CO[C@@H]3O[C@H](C)[C@@H](O)[C@@H](OC)[C@H]3OC)[C@@H](CC)OC(=O)C[C@@H](O)[C@@H]2C)O[C@H](C)[C@@H](O)[C@@H]1N(C)C,CCCCCCCCC=CCCCCCCCC(=O)O[C@H]1[C@H](O[C@H]2[C@@H](CCN3C[C@H](C)C[C@H](C)C3)C[C@@H](C)C(=O)/C=C/C(C)=C/[C@H](CO[C@@H]3O[C@H](C)[C@@H](O)[C@@H](OC)[C@H]3OC)[C@@H](CC)OC(=O)C[C@@H](O)[C@@H]2C)O[C@H](C)[C@@H](O)[C@@H]1N(C)C,TRUE,,-0.46
tilmicosin,Tilmicosin (ÌæÃ×¿¼ÐÇ),REF_TILMICOSIN,repository_reference,O20_attached_to_C15,20,15,C,MPM00864,Petroselaidic acid,CCCCCCCCCCCC=CCCCCC(=O)O,1,CCCCCCCCCCCC=CCCCCC(=O)O[C@@H]1CC(=O)O[C@H](CC)[C@@H](CO[C@@H]2O[C@H](C)[C@@H](O)[C@@H](OC)[C@H]2OC)/C=C(C)/C=C/C(=O)[C@H](C)C[C@H](CCN2C[C@H](C)C[C@H](C)C2)[C@H](O[C@@H]2O[C@H](C)[C@@H](O)[C@H](N(C)C)[C@H]2O)[C@H]1C,CCCCCCCCCCCC=CCCCCC(=O)O[C@@H]1CC(=O)O[C@H](CC)[C@@H](CO[C@@H]2O[C@H](C)[C@@H](O)[C@@H](OC)[C@H]2OC)/C=C(C)/C=C/C(=O)[C@H](C)C[C@H](CCN2C[C@H](C)C[C@H](C)C2)[C@H](O[C@@H]2O[C@H](C)[C@@H](O)[C@H](N(C)C)[C@H]2O)[C@H]1C,TRUE,,-0.464
tilmicosin,Tilmicosin (ÌæÃ×¿¼ÐÇ),REF_TILMICOSIN,repository_reference,O30_attached_to_C26,30,26,C,MPM00864,Petroselaidic acid,CCCCCCCCCCCC=CCCCCC(=O)O,1,CCCCCCCCCCCC=CCCCCC(=O)O[C@H]1[C@H](N(C)C)[C@@H](O)[C@H](O[C@H]2[C@@H](CCN3C[C@H](C)C[C@H](C)C3)C[C@@H](C)C(=O)/C=C/C(C)=C/[C@H](CO[C@@H]3O[C@H](C)[C@@H](O)[C@@H](OC)[C@H]3OC)[C@@H](CC)OC(=O)C[C@@H](O)[C@@H]2C)O[C@@H]1C,CCCCCCCCCCCC=CCCCCC(=O)O[C@H]1[C@H](N(C)C)[C@@H](O)[C@H](O[C@H]2[C@@H](CCN3C[C@H](C)C[C@H](C)C3)C[C@@H](C)C(=O)/C=C/C(C)=C/[C@H](CO[C@@H]3O[C@H](C)[C@@H](O)[C@@H](OC)[C@H]3OC)[C@@H](CC)OC(=O)C[C@@H](O)[C@@H]2C)O[C@@H]1C,TRUE,,-0.467
tilmicosin,Tilmicosin (ÌæÃ×¿¼ÐÇ),REF_TILMICOSIN,repository_reference,O56_attached_to_C52,56,52,C,MPM00442,Allantoic acid,NC(=O)NC(NC(N)=O)C(=O)O,1,CC[C@H]1OC(=O)C[C@@H](O)[C@H](C)[C@@H](O[C@@H]2O[C@H](C)[C@@H](O)[C@H](N(C)C)[C@H]2O)[C@@H](CCN2C[C@H](C)C[C@H](C)C2)C[C@@H](C)C(=O)/C=C/C(C)=C/[C@@H]1CO[C@@H]1O[C@H](C)[C@@H](OC(=O)C(NC(N)=O)NC(N)=O)[C@@H](OC)[C@H]1OC,CC[C@H]1OC(=O)C[C@@H](O)[C@H](C)[C@@H](O[C@@H]2O[C@H](C)[C@@H](O)[C@H](N(C)C)[C@H]2O)[C@@H](CCN2C[C@H](C)C[C@H](C)C2)C[C@@H](C)C(=O)/C=C/C(C)=C/[C@@H]1CO[C@@H]1O[C@H](C)[C@@H](OC(=O)C(NC(N)=O)NC(N)=O)[C@@H](OC)[C@H]1OC,TRUE,,-0.478
tilmicosin,Tilmicosin (ÌæÃ×¿¼ÐÇ),REF_TILMICOSIN,repository_reference,O20_attached_to_C15,20,15,C,MPM00285,3-Hydroxy-10-phenyldecanoic acid,O=C(O)CC(O)CCCCCCCc1ccccc1,1,CC[C@H]1OC(=O)C[C@@H](OC(=O)CC(O)CCCCCCCc2ccccc2)[C@H](C)[C@@H](O[C@@H]2O[C@H](C)[C@@H](O)[C@H](N(C)C)[C@H]2O)[C@@H](CCN2C[C@H](C)C[C@H](C)C2)C[C@@H](C)C(=O)/C=C/C(C)=C/[C@@H]1CO[C@@H]1O[C@H](C)[C@@H](O)[C@@H](OC)[C@H]1OC,CC[C@H]1OC(=O)C[C@@H](OC(=O)CC(O)CCCCCCCc2ccccc2)[C@H](C)[C@@H](O[C@@H]2O[C@H](C)[C@@H](O)[C@H](N(C)C)[C@H]2O)[C@@H](CCN2C[C@H](C)C[C@H](C)C2)C[C@@H](C)C(=O)/C=C/C(C)=C/[C@@H]1CO[C@@H]1O[C@H](C)[C@@H](O)[C@@H](OC)[C@H]1OC,TRUE,,-0.483
tilmicosin,Tilmicosin (ÌæÃ×¿¼ÐÇ),REF_TILMICOSIN,repository_reference,O56_attached_to_C52,56,52,C,MPM00296,3-Hydroxyhexadecanoic acid,CCCCCCCCCCCCCC(O)CC(=O)O,1,CCCCCCCCCCCCCC(O)CC(=O)O[C@H]1[C@@H](OC)[C@@H](OC)[C@H](OC[C@H]2/C=C(C)/C=C/C(=O)[C@H](C)C[C@H](CCN3C[C@H](C)C[C@H](C)C3)[C@H](O[C@@H]3O[C@H](C)[C@@H](O)[C@H](N(C)C)[C@H]3O)[C@@H](C)[C@H](O)CC(=O)O[C@@H]2CC)O[C@@H]1C,CCCCCCCCCCCCCC(O)CC(=O)O[C@H]1[C@@H](OC)[C@@H](OC)[C@H](OC[C@H]2/C=C(C)/C=C/C(=O)[C@H](C)C[C@H](CCN3C[C@H](C)C[C@H](C)C3)[C@H](O[C@@H]3O[C@H](C)[C@@H](O)[C@H](N(C)C)[C@H]3O)[C@@H](C)[C@H](O)CC(=O)O[C@@H]2CC)O[C@@H]1C,TRUE,,-0.483
tilmicosin,Tilmicosin (ÌæÃ×¿¼ÐÇ),REF_TILMICOSIN,repository_reference,O56_attached_to_C52,56,52,C,MPM00839,Oleic acid,CCCCCCCCC=CCCCCCCCC(=O)O,1,CCCCCCCCC=CCCCCCCCC(=O)O[C@H]1[C@@H](OC)[C@@H](OC)[C@H](OC[C@H]2/C=C(C)/C=C/C(=O)[C@H](C)C[C@H](CCN3C[C@H](C)C[C@H](C)C3)[C@H](O[C@@H]3O[C@H](C)[C@@H](O)[C@H](N(C)C)[C@H]3O)[C@@H](C)[C@H](O)CC(=O)O[C@@H]2CC)O[C@@H]1C,CCCCCCCCC=CCCCCCCCC(=O)O[C@H]1[C@@H](OC)[C@@H](OC)[C@H](OC[C@H]2/C=C(C)/C=C/C(=O)[C@H](C)C[C@H](CCN3C[C@H](C)C[C@H](C)C3)[C@H](O[C@@H]3O[C@H](C)[C@@H](O)[C@H](N(C)C)[C@H]3O)[C@@H](C)[C@H](O)CC(=O)O[C@@H]2CC)O[C@@H]1C,TRUE,,-0.485
tilmicosin,Tilmicosin (ÌæÃ×¿¼ÐÇ),REF_TILMICOSIN,repository_reference,O30_attached_to_C26,30,26,C,MPM00285,3-Hydroxy-10-phenyldecanoic acid,O=C(O)CC(O)CCCCCCCc1ccccc1,1,CC[C@H]1OC(=O)C[C@@H](O)[C@H](C)[C@@H](O[C@@H]2O[C@H](C)[C@@H](OC(=O)CC(O)CCCCCCCc3ccccc3)[C@H](N(C)C)[C@H]2O)[C@@H](CCN2C[C@H](C)C[C@H](C)C2)C[C@@H](C)C(=O)/C=C/C(C)=C/[C@@H]1CO[C@@H]1O[C@H](C)[C@@H](O)[C@@H](OC)[C@H]1OC,CC[C@H]1OC(=O)C[C@@H](O)[C@H](C)[C@@H](O[C@@H]2O[C@H](C)[C@@H](OC(=O)CC(O)CCCCCCCc3ccccc3)[C@H](N(C)C)[C@H]2O)[C@@H](CCN2C[C@H](C)C[C@H](C)C2)C[C@@H](C)C(=O)/C=C/C(C)=C/[C@@H]1CO[C@@H]1O[C@H](C)[C@@H](O)[C@@H](OC)[C@H]1OC,TRUE,,-0.486
tilmicosin,Tilmicosin (ÌæÃ×¿¼ÐÇ),REF_TILMICOSIN,repository_reference,O30_attached_to_C26,30,26,C,MPM00188,2-Acetamido-5-oxopentanoate,CC(=O)NC(CCC=O)C(=O)O,1,CC[C@H]1OC(=O)C[C@@H](O)[C@H](C)[C@@H](O[C@@H]2O[C@H](C)[C@@H](OC(=O)C(CCC=O)NC(C)=O)[C@H](N(C)C)[C@H]2O)[C@@H](CCN2C[C@H](C)C[C@H](C)C2)C[C@@H](C)C(=O)/C=C/C(C)=C/[C@@H]1CO[C@@H]1O[C@H](C)[C@@H](O)[C@@H](OC)[C@H]1OC,CC[C@H]1OC(=O)C[C@@H](O)[C@H](C)[C@@H](O[C@@H]2O[C@H](C)[C@@H](OC(=O)C(CCC=O)NC(C)=O)[C@H](N(C)C)[C@H]2O)[C@@H](CCN2C[C@H](C)C[C@H](C)C2)C[C@@H](C)C(=O)/C=C/C(C)=C/[C@@H]1CO[C@@H]1O[C@H](C)[C@@H](O)[C@@H](OC)[C@H]1OC,TRUE,,-0.49
tilmicosin,Tilmicosin (ÌæÃ×¿¼ÐÇ),REF_TILMICOSIN,repository_reference,O20_attached_to_C15,20,15,C,MPM00852,palmitoleate,CCCCCCC=CCCCCCCCC(=O)O,1,CCCCCCC=CCCCCCCCC(=O)O[C@@H]1CC(=O)O[C@H](CC)[C@@H](CO[C@@H]2O[C@H](C)[C@@H](O)[C@@H](OC)[C@H]2OC)/C=C(C)/C=C/C(=O)[C@H](C)C[C@H](CCN2C[C@H](C)C[C@H](C)C2)[C@H](O[C@@H]2O[C@H](C)[C@@H](O)[C@H](N(C)C)[C@H]2O)[C@H]1C,CCCCCCC=CCCCCCCCC(=O)O[C@@H]1CC(=O)O[C@H](CC)[C@@H](CO[C@@H]2O[C@H](C)[C@@H](O)[C@@H](OC)[C@H]2OC)/C=C(C)/C=C/C(=O)[C@H](C)C[C@H](CCN2C[C@H](C)C[C@H](C)C2)[C@H](O[C@@H]2O[C@H](C)[C@@H](O)[C@H](N(C)C)[C@H]2O)[C@H]1C,TRUE,,-0.492
tilmicosin,Tilmicosin (ÌæÃ×¿¼ÐÇ),REF_TILMICOSIN,repository_reference,O34_attached_to_C24,34,24,C,MPM00381,5-Dehydroquinic acid,O=C1CC(O)(C(=O)O)CC(O)C1O,1,CC[C@H]1OC(=O)C[C@@H](O)[C@H](C)[C@@H](O[C@@H]2O[C@H](C)[C@@H](O)[C@H](N(C)C)[C@H]2OC(=O)C2(O)CC(=O)C(O)C(O)C2)[C@@H](CCN2C[C@H](C)C[C@H](C)C2)C[C@@H](C)C(=O)/C=C/C(C)=C/[C@@H]1CO[C@@H]1O[C@H](C)[C@@H](O)[C@@H](OC)[C@H]1OC,CC[C@H]1OC(=O)C[C@@H](O)[C@H](C)[C@@H](O[C@@H]2O[C@H](C)[C@@H](O)[C@H](N(C)C)[C@H]2OC(=O)C2(O)CC(=O)C(O)C(O)C2)[C@@H](CCN2C[C@H](C)C[C@H](C)C2)C[C@@H](C)C(=O)/C=C/C(C)=C/[C@@H]1CO[C@@H]1O[C@H](C)[C@@H](O)[C@@H](OC)[C@H]1OC,TRUE,,-0.492
tilmicosin,Tilmicosin (ÌæÃ×¿¼ÐÇ),REF_TILMICOSIN,repository_reference,O20_attached_to_C15,20,15,C,MPM00188,2-Acetamido-5-oxopentanoate,CC(=O)NC(CCC=O)C(=O)O,1,CC[C@H]1OC(=O)C[C@@H](OC(=O)C(CCC=O)NC(C)=O)[C@H](C)[C@@H](O[C@@H]2O[C@H](C)[C@@H](O)[C@H](N(C)C)[C@H]2O)[C@@H](CCN2C[C@H](C)C[C@H](C)C2)C[C@@H](C)C(=O)/C=C/C(C)=C/[C@@H]1CO[C@@H]1O[C@H](C)[C@@H](O)[C@@H](OC)[C@H]1OC,CC[C@H]1OC(=O)C[C@@H](OC(=O)C(CCC=O)NC(C)=O)[C@H](C)[C@@H](O[C@@H]2O[C@H](C)[C@@H](O)[C@H](N(C)C)[C@H]2O)[C@@H](CCN2C[C@H](C)C[C@H](C)C2)C[C@@H](C)C(=O)/C=C/C(C)=C/[C@@H]1CO[C@@H]1O[C@H](C)[C@@H](O)[C@@H](OC)[C@H]1OC,TRUE,,-0.494
tilmicosin,Tilmicosin (ÌæÃ×¿¼ÐÇ),REF_TILMICOSIN,repository_reference,O30_attached_to_C26,30,26,C,MPM00852,palmitoleate,CCCCCCC=CCCCCCCCC(=O)O,1,CCCCCCC=CCCCCCCCC(=O)O[C@H]1[C@H](N(C)C)[C@@H](O)[C@H](O[C@H]2[C@@H](CCN3C[C@H](C)C[C@H](C)C3)C[C@@H](C)C(=O)/C=C/C(C)=C/[C@H](CO[C@@H]3O[C@H](C)[C@@H](O)[C@@H](OC)[C@H]3OC)[C@@H](CC)OC(=O)C[C@@H](O)[C@@H]2C)O[C@@H]1C,CCCCCCC=CCCCCCCCC(=O)O[C@H]1[C@H](N(C)C)[C@@H](O)[C@H](O[C@H]2[C@@H](CCN3C[C@H](C)C[C@H](C)C3)C[C@@H](C)C(=O)/C=C/C(C)=C/[C@H](CO[C@@H]3O[C@H](C)[C@@H](O)[C@@H](OC)[C@H]3OC)[C@@H](CC)OC(=O)C[C@@H](O)[C@@H]2C)O[C@@H]1C,TRUE,,-0.495
tilmicosin,Tilmicosin (ÌæÃ×¿¼ÐÇ),REF_TILMICOSIN,repository_reference,O30_attached_to_C26,30,26,C,MPM00036,(2S)-2-Hydroxy-2-methyl-3-oxobutanoate,CC(=O)C(C)(O)C(=O)O,1,CC[C@H]1OC(=O)C[C@@H](O)[C@H](C)[C@@H](O[C@@H]2O[C@H](C)[C@@H](OC(=O)C(C)(O)C(C)=O)[C@H](N(C)C)[C@H]2O)[C@@H](CCN2C[C@H](C)C[C@H](C)C2)C[C@@H](C)C(=O)/C=C/C(C)=C/[C@@H]1CO[C@@H]1O[C@H](C)[C@@H](O)[C@@H](OC)[C@H]1OC,CC[C@H]1OC(=O)C[C@@H](O)[C@H](C)[C@@H](O[C@@H]2O[C@H](C)[C@@H](OC(=O)C(C)(O)C(C)=O)[C@H](N(C)C)[C@H]2O)[C@@H](CCN2C[C@H](C)C[C@H](C)C2)C[C@@H](C)C(=O)/C=C/C(C)=C/[C@@H]1CO[C@@H]1O[C@H](C)[C@@H](O)[C@@H](OC)[C@H]1OC,TRUE,,-0.496
tilmicosin,Tilmicosin (ÌæÃ×¿¼ÐÇ),REF_TILMICOSIN,repository_reference,O20_attached_to_C15,20,15,C,MPM00036,(2S)-2-Hydroxy-2-methyl-3-oxobutanoate,CC(=O)C(C)(O)C(=O)O,1,CC[C@H]1OC(=O)C[C@@H](OC(=O)C(C)(O)C(C)=O)[C@H](C)[C@@H](O[C@@H]2O[C@H](C)[C@@H](O)[C@H](N(C)C)[C@H]2O)[C@@H](CCN2C[C@H](C)C[C@H](C)C2)C[C@@H](C)C(=O)/C=C/C(C)=C/[C@@H]1CO[C@@H]1O[C@H](C)[C@@H](O)[C@@H](OC)[C@H]1OC,CC[C@H]1OC(=O)C[C@@H](OC(=O)C(C)(O)C(C)=O)[C@H](C)[C@@H](O[C@@H]2O[C@H](C)[C@@H](O)[C@H](N(C)C)[C@H]2O)[C@@H](CCN2C[C@H](C)C[C@H](C)C2)C[C@@H](C)C(=O)/C=C/C(C)=C/[C@@H]1CO[C@@H]1O[C@H](C)[C@@H](O)[C@@H](OC)[C@H]1OC,TRUE,,-0.505
tilmicosin,Tilmicosin (ÌæÃ×¿¼ÐÇ),REF_TILMICOSIN,repository_reference,O20_attached_to_C15,20,15,C,MPM00080,(R)-4'-Phosphopantothenate,CC(C)(COP(=O)(O)O)C(O)C(=O)NCCC(=O)O,1,CC[C@H]1OC(=O)C[C@@H](OC(=O)CCNC(=O)C(O)C(C)(C)COP(=O)(O)O)[C@H](C)[C@@H](O[C@@H]2O[C@H](C)[C@@H](O)[C@H](N(C)C)[C@H]2O)[C@@H](CCN2C[C@H](C)C[C@H](C)C2)C[C@@H](C)C(=O)/C=C/C(C)=C/[C@@H]1CO[C@@H]1O[C@H](C)[C@@H](O)[C@@H](OC)[C@H]1OC,CC[C@H]1OC(=O)C[C@@H](OC(=O)CCNC(=O)C(O)C(C)(C)COP(=O)(O)O)[C@H](C)[C@@H](O[C@@H]2O[C@H](C)[C@@H](O)[C@H](N(C)C)[C@H]2O)[C@@H](CCN2C[C@H](C)C[C@H](C)C2)C[C@@H](C)C(=O)/C=C/C(C)=C/[C@@H]1CO[C@@H]1O[C@H](C)[C@@H](O)[C@@H](OC)[C@H]1OC,TRUE,,-0.506
tilmicosin,Tilmicosin (ÌæÃ×¿¼ÐÇ),REF_TILMICOSIN,repository_reference,O30_attached_to_C26,30,26,C,MPM00080,(R)-4'-Phosphopantothenate,CC(C)(COP(=O)(O)O)C(O)C(=O)NCCC(=O)O,1,CC[C@H]1OC(=O)C[C@@H](O)[C@H](C)[C@@H](O[C@@H]2O[C@H](C)[C@@H](OC(=O)CCNC(=O)C(O)C(C)(C)COP(=O)(O)O)[C@H](N(C)C)[C@H]2O)[C@@H](CCN2C[C@H](C)C[C@H](C)C2)C[C@@H](C)C(=O)/C=C/C(C)=C/[C@@H]1CO[C@@H]1O[C@H](C)[C@@H](O)[C@@H](OC)[C@H]1OC,CC[C@H]1OC(=O)C[C@@H](O)[C@H](C)[C@@H](O[C@@H]2O[C@H](C)[C@@H](OC(=O)CCNC(=O)C(O)C(C)(C)COP(=O)(O)O)[C@H](N(C)C)[C@H]2O)[C@@H](CCN2C[C@H](C)C[C@H](C)C2)C[C@@H](C)C(=O)/C=C/C(C)=C/[C@@H]1CO[C@@H]1O[C@H](C)[C@@H](O)[C@@H](OC)[C@H]1OC,TRUE,,-0.509
tilmicosin,Tilmicosin (ÌæÃ×¿¼ÐÇ),REF_TILMICOSIN,repository_reference,O56_attached_to_C52,56,52,C,MPM00381,5-Dehydroquinic acid,O=C1CC(O)(C(=O)O)CC(O)C1O,1,CC[C@H]1OC(=O)C[C@@H](O)[C@H](C)[C@@H](O[C@@H]2O[C@H](C)[C@@H](O)[C@H](N(C)C)[C@H]2O)[C@@H](CCN2C[C@H](C)C[C@H](C)C2)C[C@@H](C)C(=O)/C=C/C(C)=C/[C@@H]1CO[C@@H]1O[C@H](C)[C@@H](OC(=O)C2(O)CC(=O)C(O)C(O)C2)[C@@H](OC)[C@H]1OC,CC[C@H]1OC(=O)C[C@@H](O)[C@H](C)[C@@H](O[C@@H]2O[C@H](C)[C@@H](O)[C@H](N(C)C)[C@H]2O)[C@@H](CCN2C[C@H](C)C[C@H](C)C2)C[C@@H](C)C(=O)/C=C/C(C)=C/[C@@H]1CO[C@@H]1O[C@H](C)[C@@H](OC(=O)C2(O)CC(=O)C(O)C(O)C2)[C@@H](OC)[C@H]1OC,TRUE,,-0.515
tilmicosin,Tilmicosin (ÌæÃ×¿¼ÐÇ),REF_TILMICOSIN,repository_reference,O30_attached_to_C26,30,26,C,MPM00442,Allantoic acid,NC(=O)NC(NC(N)=O)C(=O)O,1,CC[C@H]1OC(=O)C[C@@H](O)[C@H](C)[C@@H](O[C@@H]2O[C@H](C)[C@@H](OC(=O)C(NC(N)=O)NC(N)=O)[C@H](N(C)C)[C@H]2O)[C@@H](CCN2C[C@H](C)C[C@H](C)C2)C[C@@H](C)C(=O)/C=C/C(C)=C/[C@@H]1CO[C@@H]1O[C@H](C)[C@@H](O)[C@@H](OC)[C@H]1OC,CC[C@H]1OC(=O)C[C@@H](O)[C@H](C)[C@@H](O[C@@H]2O[C@H](C)[C@@H](OC(=O)C(NC(N)=O)NC(N)=O)[C@H](N(C)C)[C@H]2O)[C@@H](CCN2C[C@H](C)C[C@H](C)C2)C[C@@H](C)C(=O)/C=C/C(C)=C/[C@@H]1CO[C@@H]1O[C@H](C)[C@@H](O)[C@@H](OC)[C@H]1OC,TRUE,,-0.534
tilmicosin,Tilmicosin (ÌæÃ×¿¼ÐÇ),REF_TILMICOSIN,repository_reference,O20_attached_to_C15,20,15,C,MPM00296,3-Hydroxyhexadecanoic acid,CCCCCCCCCCCCCC(O)CC(=O)O,1,CCCCCCCCCCCCCC(O)CC(=O)O[C@@H]1CC(=O)O[C@H](CC)[C@@H](CO[C@@H]2O[C@H](C)[C@@H](O)[C@@H](OC)[C@H]2OC)/C=C(C)/C=C/C(=O)[C@H](C)C[C@H](CCN2C[C@H](C)C[C@H](C)C2)[C@H](O[C@@H]2O[C@H](C)[C@@H](O)[C@H](N(C)C)[C@H]2O)[C@H]1C,CCCCCCCCCCCCCC(O)CC(=O)O[C@@H]1CC(=O)O[C@H](CC)[C@@H](CO[C@@H]2O[C@H](C)[C@@H](O)[C@@H](OC)[C@H]2OC)/C=C(C)/C=C/C(=O)[C@H](C)C[C@H](CCN2C[C@H](C)C[C@H](C)C2)[C@H](O[C@@H]2O[C@H](C)[C@@H](O)[C@H](N(C)C)[C@H]2O)[C@H]1C,TRUE,,-0.535
tilmicosin,Tilmicosin (ÌæÃ×¿¼ÐÇ),REF_TILMICOSIN,repository_reference,O20_attached_to_C15,20,15,C,MPM00839,Oleic acid,CCCCCCCCC=CCCCCCCCC(=O)O,1,CCCCCCCCC=CCCCCCCCC(=O)O[C@@H]1CC(=O)O[C@H](CC)[C@@H](CO[C@@H]2O[C@H](C)[C@@H](O)[C@@H](OC)[C@H]2OC)/C=C(C)/C=C/C(=O)[C@H](C)C[C@H](CCN2C[C@H](C)C[C@H](C)C2)[C@H](O[C@@H]2O[C@H](C)[C@@H](O)[C@H](N(C)C)[C@H]2O)[C@H]1C,CCCCCCCCC=CCCCCCCCC(=O)O[C@@H]1CC(=O)O[C@H](CC)[C@@H](CO[C@@H]2O[C@H](C)[C@@H](O)[C@@H](OC)[C@H]2OC)/C=C(C)/C=C/C(=O)[C@H](C)C[C@H](CCN2C[C@H](C)C[C@H](C)C2)[C@H](O[C@@H]2O[C@H](C)[C@@H](O)[C@H](N(C)C)[C@H]2O)[C@H]1C,TRUE,,-0.537
tilmicosin,Tilmicosin (ÌæÃ×¿¼ÐÇ),REF_TILMICOSIN,repository_reference,O30_attached_to_C26,30,26,C,MPM00296,3-Hydroxyhexadecanoic acid,CCCCCCCCCCCCCC(O)CC(=O)O,1,CCCCCCCCCCCCCC(O)CC(=O)O[C@H]1[C@H](N(C)C)[C@@H](O)[C@H](O[C@H]2[C@@H](CCN3C[C@H](C)C[C@H](C)C3)C[C@@H](C)C(=O)/C=C/C(C)=C/[C@H](CO[C@@H]3O[C@H](C)[C@@H](O)[C@@H](OC)[C@H]3OC)[C@@H](CC)OC(=O)C[C@@H](O)[C@@H]2C)O[C@@H]1C,CCCCCCCCCCCCCC(O)CC(=O)O[C@H]1[C@H](N(C)C)[C@@H](O)[C@H](O[C@H]2[C@@H](CCN3C[C@H](C)C[C@H](C)C3)C[C@@H](C)C(=O)/C=C/C(C)=C/[C@H](CO[C@@H]3O[C@H](C)[C@@H](O)[C@@H](OC)[C@H]3OC)[C@@H](CC)OC(=O)C[C@@H](O)[C@@H]2C)O[C@@H]1C,TRUE,,-0.538
tilmicosin,Tilmicosin (ÌæÃ×¿¼ÐÇ),REF_TILMICOSIN,repository_reference,O20_attached_to_C15,20,15,C,MPM00442,Allantoic acid,NC(=O)NC(NC(N)=O)C(=O)O,1,CC[C@H]1OC(=O)C[C@@H](OC(=O)C(NC(N)=O)NC(N)=O)[C@H](C)[C@@H](O[C@@H]2O[C@H](C)[C@@H](O)[C@H](N(C)C)[C@H]2O)[C@@H](CCN2C[C@H](C)C[C@H](C)C2)C[C@@H](C)C(=O)/C=C/C(C)=C/[C@@H]1CO[C@@H]1O[C@H](C)[C@@H](O)[C@@H](OC)[C@H]1OC,CC[C@H]1OC(=O)C[C@@H](OC(=O)C(NC(N)=O)NC(N)=O)[C@H](C)[C@@H](O[C@@H]2O[C@H](C)[C@@H](O)[C@H](N(C)C)[C@H]2O)[C@@H](CCN2C[C@H](C)C[C@H](C)C2)C[C@@H](C)C(=O)/C=C/C(C)=C/[C@@H]1CO[C@@H]1O[C@H](C)[C@@H](O)[C@@H](OC)[C@H]1OC,TRUE,,-0.54
tilmicosin,Tilmicosin (ÌæÃ×¿¼ÐÇ),REF_TILMICOSIN,repository_reference,O30_attached_to_C26,30,26,C,MPM00839,Oleic acid,CCCCCCCCC=CCCCCCCCC(=O)O,1,CCCCCCCCC=CCCCCCCCC(=O)O[C@H]1[C@H](N(C)C)[C@@H](O)[C@H](O[C@H]2[C@@H](CCN3C[C@H](C)C[C@H](C)C3)C[C@@H](C)C(=O)/C=C/C(C)=C/[C@H](CO[C@@H]3O[C@H](C)[C@@H](O)[C@@H](OC)[C@H]3OC)[C@@H](CC)OC(=O)C[C@@H](O)[C@@H]2C)O[C@@H]1C,CCCCCCCCC=CCCCCCCCC(=O)O[C@H]1[C@H](N(C)C)[C@@H](O)[C@H](O[C@H]2[C@@H](CCN3C[C@H](C)C[C@H](C)C3)C[C@@H](C)C(=O)/C=C/C(C)=C/[C@H](CO[C@@H]3O[C@H](C)[C@@H](O)[C@@H](OC)[C@H]3OC)[C@@H](CC)OC(=O)C[C@@H](O)[C@@H]2C)O[C@@H]1C,TRUE,,-0.54
tilmicosin,Tilmicosin (ÌæÃ×¿¼ÐÇ),REF_TILMICOSIN,repository_reference,O34_attached_to_C24,34,24,C,MPM00547,D-Altronate,O=C(O)C(O)C(O)C(O)C(O)CO,1,CC[C@H]1OC(=O)C[C@@H](O)[C@H](C)[C@@H](O[C@@H]2O[C@H](C)[C@@H](O)[C@H](N(C)C)[C@H]2OC(=O)C(O)C(O)C(O)C(O)CO)[C@@H](CCN2C[C@H](C)C[C@H](C)C2)C[C@@H](C)C(=O)/C=C/C(C)=C/[C@@H]1CO[C@@H]1O[C@H](C)[C@@H](O)[C@@H](OC)[C@H]1OC,CC[C@H]1OC(=O)C[C@@H](O)[C@H](C)[C@@H](O[C@@H]2O[C@H](C)[C@@H](O)[C@H](N(C)C)[C@H]2OC(=O)C(O)C(O)C(O)C(O)CO)[C@@H](CCN2C[C@H](C)C[C@H](C)C2)C[C@@H](C)C(=O)/C=C/C(C)=C/[C@@H]1CO[C@@H]1O[C@H](C)[C@@H](O)[C@@H](OC)[C@H]1OC,TRUE,,-0.548
tilmicosin,Tilmicosin (ÌæÃ×¿¼ÐÇ),REF_TILMICOSIN,repository_reference,O20_attached_to_C15,20,15,C,MPM00381,5-Dehydroquinic acid,O=C1CC(O)(C(=O)O)CC(O)C1O,1,CC[C@H]1OC(=O)C[C@@H](OC(=O)C2(O)CC(=O)C(O)C(O)C2)[C@H](C)[C@@H](O[C@@H]2O[C@H](C)[C@@H](O)[C@H](N(C)C)[C@H]2O)[C@@H](CCN2C[C@H](C)C[C@H](C)C2)C[C@@H](C)C(=O)/C=C/C(C)=C/[C@@H]1CO[C@@H]1O[C@H](C)[C@@H](O)[C@@H](OC)[C@H]1OC,CC[C@H]1OC(=O)C[C@@H](OC(=O)C2(O)CC(=O)C(O)C(O)C2)[C@H](C)[C@@H](O[C@@H]2O[C@H](C)[C@@H](O)[C@H](N(C)C)[C@H]2O)[C@@H](CCN2C[C@H](C)C[C@H](C)C2)C[C@@H](C)C(=O)/C=C/C(C)=C/[C@@H]1CO[C@@H]1O[C@H](C)[C@@H](O)[C@@H](OC)[C@H]1OC,TRUE,,-0.551
tilmicosin,Tilmicosin (ÌæÃ×¿¼ÐÇ),REF_TILMICOSIN,repository_reference,O34_attached_to_C24,34,24,C,MPM00984,trans-vaccenic acid,CCCCCCC=CCCCCCCCCCC(=O)O,1,CCCCCCC=CCCCCCCCCCC(=O)O[C@H]1[C@H](O[C@H]2[C@@H](CCN3C[C@H](C)C[C@H](C)C3)C[C@@H](C)C(=O)/C=C/C(C)=C/[C@H](CO[C@@H]3O[C@H](C)[C@@H](O)[C@@H](OC)[C@H]3OC)[C@@H](CC)OC(=O)C[C@@H](O)[C@@H]2C)O[C@H](C)[C@@H](O)[C@@H]1N(C)C,CCCCCCC=CCCCCCCCCCC(=O)O[C@H]1[C@H](O[C@H]2[C@@H](CCN3C[C@H](C)C[C@H](C)C3)C[C@@H](C)C(=O)/C=C/C(C)=C/[C@H](CO[C@@H]3O[C@H](C)[C@@H](O)[C@@H](OC)[C@H]3OC)[C@@H](CC)OC(=O)C[C@@H](O)[C@@H]2C)O[C@H](C)[C@@H](O)[C@@H]1N(C)C,TRUE,,-0.552
tilmicosin,Tilmicosin (ÌæÃ×¿¼ÐÇ),REF_TILMICOSIN,repository_reference,O34_attached_to_C24,34,24,C,MPM00047,"(3R,5S)-3-Hydroxy-1-pyrroline-5-carboxylate",O=C(O)C1CC(O)C=N1,1,CC[C@H]1OC(=O)C[C@@H](O)[C@H](C)[C@@H](O[C@@H]2O[C@H](C)[C@@H](O)[C@H](N(C)C)[C@H]2OC(=O)C2CC(O)C=N2)[C@@H](CCN2C[C@H](C)C[C@H](C)C2)C[C@@H](C)C(=O)/C=C/C(C)=C/[C@@H]1CO[C@@H]1O[C@H](C)[C@@H](O)[C@@H](OC)[C@H]1OC,CC[C@H]1OC(=O)C[C@@H](O)[C@H](C)[C@@H](O[C@@H]2O[C@H](C)[C@@H](O)[C@H](N(C)C)[C@H]2OC(=O)C2CC(O)C=N2)[C@@H](CCN2C[C@H](C)C[C@H](C)C2)C[C@@H](C)C(=O)/C=C/C(C)=C/[C@@H]1CO[C@@H]1O[C@H](C)[C@@H](O)[C@@H](OC)[C@H]1OC,TRUE,,-0.553
tilmicosin,Tilmicosin (ÌæÃ×¿¼ÐÇ),REF_TILMICOSIN,repository_reference,O30_attached_to_C26,30,26,C,MPM00381,5-Dehydroquinic acid,O=C1CC(O)(C(=O)O)CC(O)C1O,1,CC[C@H]1OC(=O)C[C@@H](O)[C@H](C)[C@@H](O[C@@H]2O[C@H](C)[C@@H](OC(=O)C3(O)CC(=O)C(O)C(O)C3)[C@H](N(C)C)[C@H]2O)[C@@H](CCN2C[C@H](C)C[C@H](C)C2)C[C@@H](C)C(=O)/C=C/C(C)=C/[C@@H]1CO[C@@H]1O[C@H](C)[C@@H](O)[C@@H](OC)[C@H]1OC,CC[C@H]1OC(=O)C[C@@H](O)[C@H](C)[C@@H](O[C@@H]2O[C@H](C)[C@@H](OC(=O)C3(O)CC(=O)C(O)C(O)C3)[C@H](N(C)C)[C@H]2O)[C@@H](CCN2C[C@H](C)C[C@H](C)C2)C[C@@H](C)C(=O)/C=C/C(C)=C/[C@@H]1CO[C@@H]1O[C@H](C)[C@@H](O)[C@@H](OC)[C@H]1OC,TRUE,,-0.571
tilmicosin,Tilmicosin (ÌæÃ×¿¼ÐÇ),REF_TILMICOSIN,repository_reference,O56_attached_to_C52,56,52,C,MPM00547,D-Altronate,O=C(O)C(O)C(O)C(O)C(O)CO,1,CC[C@H]1OC(=O)C[C@@H](O)[C@H](C)[C@@H](O[C@@H]2O[C@H](C)[C@@H](O)[C@H](N(C)C)[C@H]2O)[C@@H](CCN2C[C@H](C)C[C@H](C)C2)C[C@@H](C)C(=O)/C=C/C(C)=C/[C@@H]1CO[C@@H]1O[C@H](C)[C@@H](OC(=O)C(O)C(O)C(O)C(O)CO)[C@@H](OC)[C@H]1OC,CC[C@H]1OC(=O)C[C@@H](O)[C@H](C)[C@@H](O[C@@H]2O[C@H](C)[C@@H](O)[C@H](N(C)C)[C@H]2O)[C@@H](CCN2C[C@H](C)C[C@H](C)C2)C[C@@H](C)C(=O)/C=C/C(C)=C/[C@@H]1CO[C@@H]1O[C@H](C)[C@@H](OC(=O)C(O)C(O)C(O)C(O)CO)[C@@H](OC)[C@H]1OC,TRUE,,-0.571
tilmicosin,Tilmicosin (ÌæÃ×¿¼ÐÇ),REF_TILMICOSIN,repository_reference,O56_attached_to_C52,56,52,C,MPM00047,"(3R,5S)-3-Hydroxy-1-pyrroline-5-carboxylate",O=C(O)C1CC(O)C=N1,1,CC[C@H]1OC(=O)C[C@@H](O)[C@H](C)[C@@H](O[C@@H]2O[C@H](C)[C@@H](O)[C@H](N(C)C)[C@H]2O)[C@@H](CCN2C[C@H](C)C[C@H](C)C2)C[C@@H](C)C(=O)/C=C/C(C)=C/[C@@H]1CO[C@@H]1O[C@H](C)[C@@H](OC(=O)C2CC(O)C=N2)[C@@H](OC)[C@H]1OC,CC[C@H]1OC(=O)C[C@@H](O)[C@H](C)[C@@H](O[C@@H]2O[C@H](C)[C@@H](O)[C@H](N(C)C)[C@H]2O)[C@@H](CCN2C[C@H](C)C[C@H](C)C2)C[C@@H](C)C(=O)/C=C/C(C)=C/[C@@H]1CO[C@@H]1O[C@H](C)[C@@H](OC(=O)C2CC(O)C=N2)[C@@H](OC)[C@H]1OC,TRUE,,-0.575
tilmicosin,Tilmicosin (ÌæÃ×¿¼ÐÇ),REF_TILMICOSIN,repository_reference,O56_attached_to_C52,56,52,C,MPM00984,trans-vaccenic acid,CCCCCCC=CCCCCCCCCCC(=O)O,1,CCCCCCC=CCCCCCCCCCC(=O)O[C@H]1[C@@H](OC)[C@@H](OC)[C@H](OC[C@H]2/C=C(C)/C=C/C(=O)[C@H](C)C[C@H](CCN3C[C@H](C)C[C@H](C)C3)[C@H](O[C@@H]3O[C@H](C)[C@@H](O)[C@H](N(C)C)[C@H]3O)[C@@H](C)[C@H](O)CC(=O)O[C@@H]2CC)O[C@@H]1C,CCCCCCC=CCCCCCCCCCC(=O)O[C@H]1[C@@H](OC)[C@@H](OC)[C@H](OC[C@H]2/C=C(C)/C=C/C(=O)[C@H](C)C[C@H](CCN3C[C@H](C)C[C@H](C)C3)[C@H](O[C@@H]3O[C@H](C)[C@@H](O)[C@H](N(C)C)[C@H]3O)[C@@H](C)[C@H](O)CC(=O)O[C@@H]2CC)O[C@@H]1C,TRUE,,-0.577
tilmicosin,Tilmicosin (ÌæÃ×¿¼ÐÇ),REF_TILMICOSIN,repository_reference,O34_attached_to_C24,34,24,C,MPM00411,"9-cis,12-cis-Octadecadienoic acid",CCCCCC=CCC=CCCCCCCCC(=O)O,1,CCCCCC=CCC=CCCCCCCCC(=O)O[C@H]1[C@H](O[C@H]2[C@@H](CCN3C[C@H](C)C[C@H](C)C3)C[C@@H](C)C(=O)/C=C/C(C)=C/[C@H](CO[C@@H]3O[C@H](C)[C@@H](O)[C@@H](OC)[C@H]3OC)[C@@H](CC)OC(=O)C[C@@H](O)[C@@H]2C)O[C@H](C)[C@@H](O)[C@@H]1N(C)C,CCCCCC=CCC=CCCCCCCCC(=O)O[C@H]1[C@H](O[C@H]2[C@@H](CCN3C[C@H](C)C[C@H](C)C3)C[C@@H](C)C(=O)/C=C/C(C)=C/[C@H](CO[C@@H]3O[C@H](C)[C@@H](O)[C@@H](OC)[C@H]3OC)[C@@H](CC)OC(=O)C[C@@H](O)[C@@H]2C)O[C@H](C)[C@@H](O)[C@@H]1N(C)C,TRUE,,-0.598
tilmicosin,Tilmicosin (ÌæÃ×¿¼ÐÇ),REF_TILMICOSIN,repository_reference,O34_attached_to_C24,34,24,C,MPM00575,D-Galacturonic acid,O=C(O)C1OC(O)C(O)C(O)C1O,1,CC[C@H]1OC(=O)C[C@@H](O)[C@H](C)[C@@H](O[C@@H]2O[C@H](C)[C@@H](O)[C@H](N(C)C)[C@H]2OC(=O)C2OC(O)C(O)C(O)C2O)[C@@H](CCN2C[C@H](C)C[C@H](C)C2)C[C@@H](C)C(=O)/C=C/C(C)=C/[C@@H]1CO[C@@H]1O[C@H](C)[C@@H](O)[C@@H](OC)[C@H]1OC,CC[C@H]1OC(=O)C[C@@H](O)[C@H](C)[C@@H](O[C@@H]2O[C@H](C)[C@@H](O)[C@H](N(C)C)[C@H]2OC(=O)C2OC(O)C(O)C(O)C2O)[C@@H](CCN2C[C@H](C)C[C@H](C)C2)C[C@@H](C)C(=O)/C=C/C(C)=C/[C@@H]1CO[C@@H]1O[C@H](C)[C@@H](O)[C@@H](OC)[C@H]1OC,TRUE,,-0.613
tilmicosin,Tilmicosin (ÌæÃ×¿¼ÐÇ),REF_TILMICOSIN,repository_reference,O56_attached_to_C52,56,52,C,MPM00411,"9-cis,12-cis-Octadecadienoic acid",CCCCCC=CCC=CCCCCCCCC(=O)O,1,CCCCCC=CCC=CCCCCCCCC(=O)O[C@H]1[C@@H](OC)[C@@H](OC)[C@H](OC[C@H]2/C=C(C)/C=C/C(=O)[C@H](C)C[C@H](CCN3C[C@H](C)C[C@H](C)C3)[C@H](O[C@@H]3O[C@H](C)[C@@H](O)[C@H](N(C)C)[C@H]3O)[C@@H](C)[C@H](O)CC(=O)O[C@@H]2CC)O[C@@H]1C,CCCCCC=CCC=CCCCCCCCC(=O)O[C@H]1[C@@H](OC)[C@@H](OC)[C@H](OC[C@H]2/C=C(C)/C=C/C(=O)[C@H](C)C[C@H](CCN3C[C@H](C)C[C@H](C)C3)[C@H](O[C@@H]3O[C@H](C)[C@@H](O)[C@H](N(C)C)[C@H]3O)[C@@H](C)[C@H](O)CC(=O)O[C@@H]2CC)O[C@@H]1C,TRUE,,-0.623
tilmicosin,Tilmicosin (ÌæÃ×¿¼ÐÇ),REF_TILMICOSIN,repository_reference,O20_attached_to_C15,20,15,C,MPM00547,D-Altronate,O=C(O)C(O)C(O)C(O)C(O)CO,1,CC[C@H]1OC(=O)C[C@@H](OC(=O)C(O)C(O)C(O)C(O)CO)[C@H](C)[C@@H](O[C@@H]2O[C@H](C)[C@@H](O)[C@H](N(C)C)[C@H]2O)[C@@H](CCN2C[C@H](C)C[C@H](C)C2)C[C@@H](C)C(=O)/C=C/C(C)=C/[C@@H]1CO[C@@H]1O[C@H](C)[C@@H](O)[C@@H](OC)[C@H]1OC,CC[C@H]1OC(=O)C[C@@H](OC(=O)C(O)C(O)C(O)C(O)CO)[C@H](C)[C@@H](O[C@@H]2O[C@H](C)[C@@H](O)[C@H](N(C)C)[C@H]2O)[C@@H](CCN2C[C@H](C)C[C@H](C)C2)C[C@@H](C)C(=O)/C=C/C(C)=C/[C@@H]1CO[C@@H]1O[C@H](C)[C@@H](O)[C@@H](OC)[C@H]1OC,TRUE,,-0.627
tilmicosin,Tilmicosin (ÌæÃ×¿¼ÐÇ),REF_TILMICOSIN,repository_reference,O30_attached_to_C26,30,26,C,MPM00547,D-Altronate,O=C(O)C(O)C(O)C(O)C(O)CO,1,CC[C@H]1OC(=O)C[C@@H](O)[C@H](C)[C@@H](O[C@@H]2O[C@H](C)[C@@H](OC(=O)C(O)C(O)C(O)C(O)CO)[C@H](N(C)C)[C@H]2O)[C@@H](CCN2C[C@H](C)C[C@H](C)C2)C[C@@H](C)C(=O)/C=C/C(C)=C/[C@@H]1CO[C@@H]1O[C@H](C)[C@@H](O)[C@@H](OC)[C@H]1OC,CC[C@H]1OC(=O)C[C@@H](O)[C@H](C)[C@@H](O[C@@H]2O[C@H](C)[C@@H](OC(=O)C(O)C(O)C(O)C(O)CO)[C@H](N(C)C)[C@H]2O)[C@@H](CCN2C[C@H](C)C[C@H](C)C2)C[C@@H](C)C(=O)/C=C/C(C)=C/[C@@H]1CO[C@@H]1O[C@H](C)[C@@H](O)[C@@H](OC)[C@H]1OC,TRUE,,-0.627
tilmicosin,Tilmicosin (ÌæÃ×¿¼ÐÇ),REF_TILMICOSIN,repository_reference,O20_attached_to_C15,20,15,C,MPM00984,trans-vaccenic acid,CCCCCCC=CCCCCCCCCCC(=O)O,1,CCCCCCC=CCCCCCCCCCC(=O)O[C@@H]1CC(=O)O[C@H](CC)[C@@H](CO[C@@H]2O[C@H](C)[C@@H](O)[C@@H](OC)[C@H]2OC)/C=C(C)/C=C/C(=O)[C@H](C)C[C@H](CCN2C[C@H](C)C[C@H](C)C2)[C@H](O[C@@H]2O[C@H](C)[C@@H](O)[C@H](N(C)C)[C@H]2O)[C@H]1C,CCCCCCC=CCCCCCCCCCC(=O)O[C@@H]1CC(=O)O[C@H](CC)[C@@H](CO[C@@H]2O[C@H](C)[C@@H](O)[C@@H](OC)[C@H]2OC)/C=C(C)/C=C/C(=O)[C@H](C)C[C@H](CCN2C[C@H](C)C[C@H](C)C2)[C@H](O[C@@H]2O[C@H](C)[C@@H](O)[C@H](N(C)C)[C@H]2O)[C@H]1C,TRUE,,-0.629
tilmicosin,Tilmicosin (ÌæÃ×¿¼ÐÇ),REF_TILMICOSIN,repository_reference,O30_attached_to_C26,30,26,C,MPM00047,"(3R,5S)-3-Hydroxy-1-pyrroline-5-carboxylate",O=C(O)C1CC(O)C=N1,1,CC[C@H]1OC(=O)C[C@@H](O)[C@H](C)[C@@H](O[C@@H]2O[C@H](C)[C@@H](OC(=O)C3CC(O)C=N3)[C@H](N(C)C)[C@H]2O)[C@@H](CCN2C[C@H](C)C[C@H](C)C2)C[C@@H](C)C(=O)/C=C/C(C)=C/[C@@H]1CO[C@@H]1O[C@H](C)[C@@H](O)[C@@H](OC)[C@H]1OC,CC[C@H]1OC(=O)C[C@@H](O)[C@H](C)[C@@H](O[C@@H]2O[C@H](C)[C@@H](OC(=O)C3CC(O)C=N3)[C@H](N(C)C)[C@H]2O)[C@@H](CCN2C[C@H](C)C[C@H](C)C2)C[C@@H](C)C(=O)/C=C/C(C)=C/[C@@H]1CO[C@@H]1O[C@H](C)[C@@H](O)[C@@H](OC)[C@H]1OC,TRUE,,-0.631
tilmicosin,Tilmicosin (ÌæÃ×¿¼ÐÇ),REF_TILMICOSIN,repository_reference,O30_attached_to_C26,30,26,C,MPM00984,trans-vaccenic acid,CCCCCCC=CCCCCCCCCCC(=O)O,1,CCCCCCC=CCCCCCCCCCC(=O)O[C@H]1[C@H](N(C)C)[C@@H](O)[C@H](O[C@H]2[C@@H](CCN3C[C@H](C)C[C@H](C)C3)C[C@@H](C)C(=O)/C=C/C(C)=C/[C@H](CO[C@@H]3O[C@H](C)[C@@H](O)[C@@H](OC)[C@H]3OC)[C@@H](CC)OC(=O)C[C@@H](O)[C@@H]2C)O[C@@H]1C,CCCCCCC=CCCCCCCCCCC(=O)O[C@H]1[C@H](N(C)C)[C@@H](O)[C@H](O[C@H]2[C@@H](CCN3C[C@H](C)C[C@H](C)C3)C[C@@H](C)C(=O)/C=C/C(C)=C/[C@H](CO[C@@H]3O[C@H](C)[C@@H](O)[C@@H](OC)[C@H]3OC)[C@@H](CC)OC(=O)C[C@@H](O)[C@@H]2C)O[C@@H]1C,TRUE,,-0.632
tilmicosin,Tilmicosin (ÌæÃ×¿¼ÐÇ),REF_TILMICOSIN,repository_reference,O56_attached_to_C52,56,52,C,MPM00575,D-Galacturonic acid,O=C(O)C1OC(O)C(O)C(O)C1O,1,CC[C@H]1OC(=O)C[C@@H](O)[C@H](C)[C@@H](O[C@@H]2O[C@H](C)[C@@H](O)[C@H](N(C)C)[C@H]2O)[C@@H](CCN2C[C@H](C)C[C@H](C)C2)C[C@@H](C)C(=O)/C=C/C(C)=C/[C@@H]1CO[C@@H]1O[C@H](C)[C@@H](OC(=O)C2OC(O)C(O)C(O)C2O)[C@@H](OC)[C@H]1OC,CC[C@H]1OC(=O)C[C@@H](O)[C@H](C)[C@@H](O[C@@H]2O[C@H](C)[C@@H](O)[C@H](N(C)C)[C@H]2O)[C@@H](CCN2C[C@H](C)C[C@H](C)C2)C[C@@H](C)C(=O)/C=C/C(C)=C/[C@@H]1CO[C@@H]1O[C@H](C)[C@@H](OC(=O)C2OC(O)C(O)C(O)C2O)[C@@H](OC)[C@H]1OC,TRUE,,-0.637
tilmicosin,Tilmicosin (ÌæÃ×¿¼ÐÇ),REF_TILMICOSIN,repository_reference,O20_attached_to_C15,20,15,C,MPM00047,"(3R,5S)-3-Hydroxy-1-pyrroline-5-carboxylate",O=C(O)C1CC(O)C=N1,1,CC[C@H]1OC(=O)C[C@@H](OC(=O)C2CC(O)C=N2)[C@H](C)[C@@H](O[C@@H]2O[C@H](C)[C@@H](O)[C@H](N(C)C)[C@H]2O)[C@@H](CCN2C[C@H](C)C[C@H](C)C2)C[C@@H](C)C(=O)/C=C/C(C)=C/[C@@H]1CO[C@@H]1O[C@H](C)[C@@H](O)[C@@H](OC)[C@H]1OC,CC[C@H]1OC(=O)C[C@@H](OC(=O)C2CC(O)C=N2)[C@H](C)[C@@H](O[C@@H]2O[C@H](C)[C@@H](O)[C@H](N(C)C)[C@H]2O)[C@@H](CCN2C[C@H](C)C[C@H](C)C2)C[C@@H](C)C(=O)/C=C/C(C)=C/[C@@H]1CO[C@@H]1O[C@H](C)[C@@H](O)[C@@H](OC)[C@H]1OC,TRUE,,-0.638
tilmicosin,Tilmicosin (ÌæÃ×¿¼ÐÇ),REF_TILMICOSIN,repository_reference,O34_attached_to_C24,34,24,C,MPM00673,Glycylcysteine,NCC(=O)NC(CS)C(=O)O,1,CC[C@H]1OC(=O)C[C@@H](O)[C@H](C)[C@@H](O[C@@H]2O[C@H](C)[C@@H](O)[C@H](N(C)C)[C@H]2OC(=O)C(CS)NC(=O)CN)[C@@H](CCN2C[C@H](C)C[C@H](C)C2)C[C@@H](C)C(=O)/C=C/C(C)=C/[C@@H]1CO[C@@H]1O[C@H](C)[C@@H](O)[C@@H](OC)[C@H]1OC,CC[C@H]1OC(=O)C[C@@H](O)[C@H](C)[C@@H](O[C@@H]2O[C@H](C)[C@@H](O)[C@H](N(C)C)[C@H]2OC(=O)C(CS)NC(=O)CN)[C@@H](CCN2C[C@H](C)C[C@H](C)C2)C[C@@H](C)C(=O)/C=C/C(C)=C/[C@@H]1CO[C@@H]1O[C@H](C)[C@@H](O)[C@@H](OC)[C@H]1OC,TRUE,,-0.666
tilmicosin,Tilmicosin (ÌæÃ×¿¼ÐÇ),REF_TILMICOSIN,repository_reference,O20_attached_to_C15,20,15,C,MPM00411,"9-cis,12-cis-Octadecadienoic acid",CCCCCC=CCC=CCCCCCCCC(=O)O,1,CCCCCC=CCC=CCCCCCCCC(=O)O[C@@H]1CC(=O)O[C@H](CC)[C@@H](CO[C@@H]2O[C@H](C)[C@@H](O)[C@@H](OC)[C@H]2OC)/C=C(C)/C=C/C(=O)[C@H](C)C[C@H](CCN2C[C@H](C)C[C@H](C)C2)[C@H](O[C@@H]2O[C@H](C)[C@@H](O)[C@H](N(C)C)[C@H]2O)[C@H]1C,CCCCCC=CCC=CCCCCCCCC(=O)O[C@@H]1CC(=O)O[C@H](CC)[C@@H](CO[C@@H]2O[C@H](C)[C@@H](O)[C@@H](OC)[C@H]2OC)/C=C(C)/C=C/C(=O)[C@H](C)C[C@H](CCN2C[C@H](C)C[C@H](C)C2)[C@H](O[C@@H]2O[C@H](C)[C@@H](O)[C@H](N(C)C)[C@H]2O)[C@H]1C,TRUE,,-0.674
tilmicosin,Tilmicosin (ÌæÃ×¿¼ÐÇ),REF_TILMICOSIN,repository_reference,O30_attached_to_C26,30,26,C,MPM00411,"9-cis,12-cis-Octadecadienoic acid",CCCCCC=CCC=CCCCCCCCC(=O)O,1,CCCCCC=CCC=CCCCCCCCC(=O)O[C@H]1[C@H](N(C)C)[C@@H](O)[C@H](O[C@H]2[C@@H](CCN3C[C@H](C)C[C@H](C)C3)C[C@@H](C)C(=O)/C=C/C(C)=C/[C@H](CO[C@@H]3O[C@H](C)[C@@H](O)[C@@H](OC)[C@H]3OC)[C@@H](CC)OC(=O)C[C@@H](O)[C@@H]2C)O[C@@H]1C,CCCCCC=CCC=CCCCCCCCC(=O)O[C@H]1[C@H](N(C)C)[C@@H](O)[C@H](O[C@H]2[C@@H](CCN3C[C@H](C)C[C@H](C)C3)C[C@@H](C)C(=O)/C=C/C(C)=C/[C@H](CO[C@@H]3O[C@H](C)[C@@H](O)[C@@H](OC)[C@H]3OC)[C@@H](CC)OC(=O)C[C@@H](O)[C@@H]2C)O[C@@H]1C,TRUE,,-0.677
tilmicosin,Tilmicosin (ÌæÃ×¿¼ÐÇ),REF_TILMICOSIN,repository_reference,O56_attached_to_C52,56,52,C,MPM00673,Glycylcysteine,NCC(=O)NC(CS)C(=O)O,1,CC[C@H]1OC(=O)C[C@@H](O)[C@H](C)[C@@H](O[C@@H]2O[C@H](C)[C@@H](O)[C@H](N(C)C)[C@H]2O)[C@@H](CCN2C[C@H](C)C[C@H](C)C2)C[C@@H](C)C(=O)/C=C/C(C)=C/[C@@H]1CO[C@@H]1O[C@H](C)[C@@H](OC(=O)C(CS)NC(=O)CN)[C@@H](OC)[C@H]1OC,CC[C@H]1OC(=O)C[C@@H](O)[C@H](C)[C@@H](O[C@@H]2O[C@H](C)[C@@H](O)[C@H](N(C)C)[C@H]2O)[C@@H](CCN2C[C@H](C)C[C@H](C)C2)C[C@@H](C)C(=O)/C=C/C(C)=C/[C@@H]1CO[C@@H]1O[C@H](C)[C@@H](OC(=O)C(CS)NC(=O)CN)[C@@H](OC)[C@H]1OC,TRUE,,-0.689
tilmicosin,Tilmicosin (ÌæÃ×¿¼ÐÇ),REF_TILMICOSIN,repository_reference,O30_attached_to_C26,30,26,C,MPM00575,D-Galacturonic acid,O=C(O)C1OC(O)C(O)C(O)C1O,1,CC[C@H]1OC(=O)C[C@@H](O)[C@H](C)[C@@H](O[C@@H]2O[C@H](C)[C@@H](OC(=O)C3OC(O)C(O)C(O)C3O)[C@H](N(C)C)[C@H]2O)[C@@H](CCN2C[C@H](C)C[C@H](C)C2)C[C@@H](C)C(=O)/C=C/C(C)=C/[C@@H]1CO[C@@H]1O[C@H](C)[C@@H](O)[C@@H](OC)[C@H]1OC,CC[C@H]1OC(=O)C[C@@H](O)[C@H](C)[C@@H](O[C@@H]2O[C@H](C)[C@@H](OC(=O)C3OC(O)C(O)C(O)C3O)[C@H](N(C)C)[C@H]2O)[C@@H](CCN2C[C@H](C)C[C@H](C)C2)C[C@@H](C)C(=O)/C=C/C(C)=C/[C@@H]1CO[C@@H]1O[C@H](C)[C@@H](O)[C@@H](OC)[C@H]1OC,TRUE,,-0.692
tilmicosin,Tilmicosin (ÌæÃ×¿¼ÐÇ),REF_TILMICOSIN,repository_reference,O34_attached_to_C24,34,24,C,MPM00254,2-Oxo-4-hydroxy-4-carboxy-5-ureidoimidazoline,NC(=O)NC1=NC(=O)NC1(O)C(=O)O,1,CC[C@H]1OC(=O)C[C@@H](O)[C@H](C)[C@@H](O[C@@H]2O[C@H](C)[C@@H](O)[C@H](N(C)C)[C@H]2OC(=O)C2(O)NC(=O)N=C2NC(N)=O)[C@@H](CCN2C[C@H](C)C[C@H](C)C2)C[C@@H](C)C(=O)/C=C/C(C)=C/[C@@H]1CO[C@@H]1O[C@H](C)[C@@H](O)[C@@H](OC)[C@H]1OC,CC[C@H]1OC(=O)C[C@@H](O)[C@H](C)[C@@H](O[C@@H]2O[C@H](C)[C@@H](O)[C@H](N(C)C)[C@H]2OC(=O)C2(O)NC(=O)N=C2NC(N)=O)[C@@H](CCN2C[C@H](C)C[C@H](C)C2)C[C@@H](C)C(=O)/C=C/C(C)=C/[C@@H]1CO[C@@H]1O[C@H](C)[C@@H](O)[C@@H](OC)[C@H]1OC,TRUE,,-0.693
tilmicosin,Tilmicosin (ÌæÃ×¿¼ÐÇ),REF_TILMICOSIN,repository_reference,O34_attached_to_C24,34,24,C,MPM00566,Desthiobiotin,CC1NC(=O)NC1CCCCCC(=O)O,1,CC[C@H]1OC(=O)C[C@@H](O)[C@H](C)[C@@H](O[C@@H]2O[C@H](C)[C@@H](O)[C@H](N(C)C)[C@H]2OC(=O)CCCCCC2NC(=O)NC2C)[C@@H](CCN2C[C@H](C)C[C@H](C)C2)C[C@@H](C)C(=O)/C=C/C(C)=C/[C@@H]1CO[C@@H]1O[C@H](C)[C@@H](O)[C@@H](OC)[C@H]1OC,CC[C@H]1OC(=O)C[C@@H](O)[C@H](C)[C@@H](O[C@@H]2O[C@H](C)[C@@H](O)[C@H](N(C)C)[C@H]2OC(=O)CCCCCC2NC(=O)NC2C)[C@@H](CCN2C[C@H](C)C[C@H](C)C2)C[C@@H](C)C(=O)/C=C/C(C)=C/[C@@H]1CO[C@@H]1O[C@H](C)[C@@H](O)[C@@H](OC)[C@H]1OC,TRUE,,-0.694
tilmicosin,Tilmicosin (ÌæÃ×¿¼ÐÇ),REF_TILMICOSIN,repository_reference,O20_attached_to_C15,20,15,C,MPM00575,D-Galacturonic acid,O=C(O)C1OC(O)C(O)C(O)C1O,1,CC[C@H]1OC(=O)C[C@@H](OC(=O)C2OC(O)C(O)C(O)C2O)[C@H](C)[C@@H](O[C@@H]2O[C@H](C)[C@@H](O)[C@H](N(C)C)[C@H]2O)[C@@H](CCN2C[C@H](C)C[C@H](C)C2)C[C@@H](C)C(=O)/C=C/C(C)=C/[C@@H]1CO[C@@H]1O[C@H](C)[C@@H](O)[C@@H](OC)[C@H]1OC,CC[C@H]1OC(=O)C[C@@H](OC(=O)C2OC(O)C(O)C(O)C2O)[C@H](C)[C@@H](O[C@@H]2O[C@H](C)[C@@H](O)[C@H](N(C)C)[C@H]2O)[C@@H](CCN2C[C@H](C)C[C@H](C)C2)C[C@@H](C)C(=O)/C=C/C(C)=C/[C@@H]1CO[C@@H]1O[C@H](C)[C@@H](O)[C@@H](OC)[C@H]1OC,TRUE,,-0.696
tilmicosin,Tilmicosin (ÌæÃ×¿¼ÐÇ),REF_TILMICOSIN,repository_reference,O56_attached_to_C52,56,52,C,MPM00254,2-Oxo-4-hydroxy-4-carboxy-5-ureidoimidazoline,NC(=O)NC1=NC(=O)NC1(O)C(=O)O,1,CC[C@H]1OC(=O)C[C@@H](O)[C@H](C)[C@@H](O[C@@H]2O[C@H](C)[C@@H](O)[C@H](N(C)C)[C@H]2O)[C@@H](CCN2C[C@H](C)C[C@H](C)C2)C[C@@H](C)C(=O)/C=C/C(C)=C/[C@@H]1CO[C@@H]1O[C@H](C)[C@@H](OC(=O)C2(O)NC(=O)N=C2NC(N)=O)[C@@H](OC)[C@H]1OC,CC[C@H]1OC(=O)C[C@@H](O)[C@H](C)[C@@H](O[C@@H]2O[C@H](C)[C@@H](O)[C@H](N(C)C)[C@H]2O)[C@@H](CCN2C[C@H](C)C[C@H](C)C2)C[C@@H](C)C(=O)/C=C/C(C)=C/[C@@H]1CO[C@@H]1O[C@H](C)[C@@H](OC(=O)C2(O)NC(=O)N=C2NC(N)=O)[C@@H](OC)[C@H]1OC,TRUE,,-0.715
tilmicosin,Tilmicosin (ÌæÃ×¿¼ÐÇ),REF_TILMICOSIN,repository_reference,O34_attached_to_C24,34,24,C,MPM00401,6-Phospho-D-gluconate,O=C(O)C(O)C(O)C(O)C(O)COP(=O)(O)O,1,CC[C@H]1OC(=O)C[C@@H](O)[C@H](C)[C@@H](O[C@@H]2O[C@H](C)[C@@H](O)[C@H](N(C)C)[C@H]2OC(=O)C(O)C(O)C(O)C(O)COP(=O)(O)O)[C@@H](CCN2C[C@H](C)C[C@H](C)C2)C[C@@H](C)C(=O)/C=C/C(C)=C/[C@@H]1CO[C@@H]1O[C@H](C)[C@@H](O)[C@@H](OC)[C@H]1OC,CC[C@H]1OC(=O)C[C@@H](O)[C@H](C)[C@@H](O[C@@H]2O[C@H](C)[C@@H](O)[C@H](N(C)C)[C@H]2OC(=O)C(O)C(O)C(O)C(O)COP(=O)(O)O)[C@@H](CCN2C[C@H](C)C[C@H](C)C2)C[C@@H](C)C(=O)/C=C/C(C)=C/[C@@H]1CO[C@@H]1O[C@H](C)[C@@H](O)[C@@H](OC)[C@H]1OC,TRUE,,-0.717
tilmicosin,Tilmicosin (ÌæÃ×¿¼ÐÇ),REF_TILMICOSIN,repository_reference,O56_attached_to_C52,56,52,C,MPM00566,Desthiobiotin,CC1NC(=O)NC1CCCCCC(=O)O,1,CC[C@H]1OC(=O)C[C@@H](O)[C@H](C)[C@@H](O[C@@H]2O[C@H](C)[C@@H](O)[C@H](N(C)C)[C@H]2O)[C@@H](CCN2C[C@H](C)C[C@H](C)C2)C[C@@H](C)C(=O)/C=C/C(C)=C/[C@@H]1CO[C@@H]1O[C@H](C)[C@@H](OC(=O)CCCCCC2NC(=O)NC2C)[C@@H](OC)[C@H]1OC,CC[C@H]1OC(=O)C[C@@H](O)[C@H](C)[C@@H](O[C@@H]2O[C@H](C)[C@@H](O)[C@H](N(C)C)[C@H]2O)[C@@H](CCN2C[C@H](C)C[C@H](C)C2)C[C@@H](C)C(=O)/C=C/C(C)=C/[C@@H]1CO[C@@H]1O[C@H](C)[C@@H](OC(=O)CCCCCC2NC(=O)NC2C)[C@@H](OC)[C@H]1OC,TRUE,,-0.718
tilmicosin,Tilmicosin (ÌæÃ×¿¼ÐÇ),REF_TILMICOSIN,repository_reference,O56_attached_to_C52,56,52,C,MPM00401,6-Phospho-D-gluconate,O=C(O)C(O)C(O)C(O)C(O)COP(=O)(O)O,1,CC[C@H]1OC(=O)C[C@@H](O)[C@H](C)[C@@H](O[C@@H]2O[C@H](C)[C@@H](O)[C@H](N(C)C)[C@H]2O)[C@@H](CCN2C[C@H](C)C[C@H](C)C2)C[C@@H](C)C(=O)/C=C/C(C)=C/[C@@H]1CO[C@@H]1O[C@H](C)[C@@H](OC(=O)C(O)C(O)C(O)C(O)COP(=O)(O)O)[C@@H](OC)[C@H]1OC,CC[C@H]1OC(=O)C[C@@H](O)[C@H](C)[C@@H](O[C@@H]2O[C@H](C)[C@@H](O)[C@H](N(C)C)[C@H]2O)[C@@H](CCN2C[C@H](C)C[C@H](C)C2)C[C@@H](C)C(=O)/C=C/C(C)=C/[C@@H]1CO[C@@H]1O[C@H](C)[C@@H](OC(=O)C(O)C(O)C(O)C(O)COP(=O)(O)O)[C@@H](OC)[C@H]1OC,TRUE,,-0.74
tilmicosin,Tilmicosin (ÌæÃ×¿¼ÐÇ),REF_TILMICOSIN,repository_reference,O30_attached_to_C26,30,26,C,MPM00673,Glycylcysteine,NCC(=O)NC(CS)C(=O)O,1,CC[C@H]1OC(=O)C[C@@H](O)[C@H](C)[C@@H](O[C@@H]2O[C@H](C)[C@@H](OC(=O)C(CS)NC(=O)CN)[C@H](N(C)C)[C@H]2O)[C@@H](CCN2C[C@H](C)C[C@H](C)C2)C[C@@H](C)C(=O)/C=C/C(C)=C/[C@@H]1CO[C@@H]1O[C@H](C)[C@@H](O)[C@@H](OC)[C@H]1OC,CC[C@H]1OC(=O)C[C@@H](O)[C@H](C)[C@@H](O[C@@H]2O[C@H](C)[C@@H](OC(=O)C(CS)NC(=O)CN)[C@H](N(C)C)[C@H]2O)[C@@H](CCN2C[C@H](C)C[C@H](C)C2)C[C@@H](C)C(=O)/C=C/C(C)=C/[C@@H]1CO[C@@H]1O[C@H](C)[C@@H](O)[C@@H](OC)[C@H]1OC,TRUE,,-0.745
tilmicosin,Tilmicosin (ÌæÃ×¿¼ÐÇ),REF_TILMICOSIN,repository_reference,O20_attached_to_C15,20,15,C,MPM00673,Glycylcysteine,NCC(=O)NC(CS)C(=O)O,1,CC[C@H]1OC(=O)C[C@@H](OC(=O)C(CS)NC(=O)CN)[C@H](C)[C@@H](O[C@@H]2O[C@H](C)[C@@H](O)[C@H](N(C)C)[C@H]2O)[C@@H](CCN2C[C@H](C)C[C@H](C)C2)C[C@@H](C)C(=O)/C=C/C(C)=C/[C@@H]1CO[C@@H]1O[C@H](C)[C@@H](O)[C@@H](OC)[C@H]1OC,CC[C@H]1OC(=O)C[C@@H](OC(=O)C(CS)NC(=O)CN)[C@H](C)[C@@H](O[C@@H]2O[C@H](C)[C@@H](O)[C@H](N(C)C)[C@H]2O)[C@@H](CCN2C[C@H](C)C[C@H](C)C2)C[C@@H](C)C(=O)/C=C/C(C)=C/[C@@H]1CO[C@@H]1O[C@H](C)[C@@H](O)[C@@H](OC)[C@H]1OC,TRUE,,-0.748
tilmicosin,Tilmicosin (ÌæÃ×¿¼ÐÇ),REF_TILMICOSIN,repository_reference,O20_attached_to_C15,20,15,C,MPM00254,2-Oxo-4-hydroxy-4-carboxy-5-ureidoimidazoline,NC(=O)NC1=NC(=O)NC1(O)C(=O)O,1,CC[C@H]1OC(=O)C[C@@H](OC(=O)C2(O)NC(=O)N=C2NC(N)=O)[C@H](C)[C@@H](O[C@@H]2O[C@H](C)[C@@H](O)[C@H](N(C)C)[C@H]2O)[C@@H](CCN2C[C@H](C)C[C@H](C)C2)C[C@@H](C)C(=O)/C=C/C(C)=C/[C@@H]1CO[C@@H]1O[C@H](C)[C@@H](O)[C@@H](OC)[C@H]1OC,CC[C@H]1OC(=O)C[C@@H](OC(=O)C2(O)NC(=O)N=C2NC(N)=O)[C@H](C)[C@@H](O[C@@H]2O[C@H](C)[C@@H](O)[C@H](N(C)C)[C@H]2O)[C@@H](CCN2C[C@H](C)C[C@H](C)C2)C[C@@H](C)C(=O)/C=C/C(C)=C/[C@@H]1CO[C@@H]1O[C@H](C)[C@@H](O)[C@@H](OC)[C@H]1OC,TRUE,,-0.767
tilmicosin,Tilmicosin (ÌæÃ×¿¼ÐÇ),REF_TILMICOSIN,repository_reference,O20_attached_to_C15,20,15,C,MPM00566,Desthiobiotin,CC1NC(=O)NC1CCCCCC(=O)O,1,CC[C@H]1OC(=O)C[C@@H](OC(=O)CCCCCC2NC(=O)NC2C)[C@H](C)[C@@H](O[C@@H]2O[C@H](C)[C@@H](O)[C@H](N(C)C)[C@H]2O)[C@@H](CCN2C[C@H](C)C[C@H](C)C2)C[C@@H](C)C(=O)/C=C/C(C)=C/[C@@H]1CO[C@@H]1O[C@H](C)[C@@H](O)[C@@H](OC)[C@H]1OC,CC[C@H]1OC(=O)C[C@@H](OC(=O)CCCCCC2NC(=O)NC2C)[C@H](C)[C@@H](O[C@@H]2O[C@H](C)[C@@H](O)[C@H](N(C)C)[C@H]2O)[C@@H](CCN2C[C@H](C)C[C@H](C)C2)C[C@@H](C)C(=O)/C=C/C(C)=C/[C@@H]1CO[C@@H]1O[C@H](C)[C@@H](O)[C@@H](OC)[C@H]1OC,TRUE,,-0.771
tilmicosin,Tilmicosin (ÌæÃ×¿¼ÐÇ),REF_TILMICOSIN,repository_reference,O30_attached_to_C26,30,26,C,MPM00254,2-Oxo-4-hydroxy-4-carboxy-5-ureidoimidazoline,NC(=O)NC1=NC(=O)NC1(O)C(=O)O,1,CC[C@H]1OC(=O)C[C@@H](O)[C@H](C)[C@@H](O[C@@H]2O[C@H](C)[C@@H](OC(=O)C3(O)NC(=O)N=C3NC(N)=O)[C@H](N(C)C)[C@H]2O)[C@@H](CCN2C[C@H](C)C[C@H](C)C2)C[C@@H](C)C(=O)/C=C/C(C)=C/[C@@H]1CO[C@@H]1O[C@H](C)[C@@H](O)[C@@H](OC)[C@H]1OC,CC[C@H]1OC(=O)C[C@@H](O)[C@H](C)[C@@H](O[C@@H]2O[C@H](C)[C@@H](OC(=O)C3(O)NC(=O)N=C3NC(N)=O)[C@H](N(C)C)[C@H]2O)[C@@H](CCN2C[C@H](C)C[C@H](C)C2)C[C@@H](C)C(=O)/C=C/C(C)=C/[C@@H]1CO[C@@H]1O[C@H](C)[C@@H](O)[C@@H](OC)[C@H]1OC,TRUE,,-0.771
tilmicosin,Tilmicosin (ÌæÃ×¿¼ÐÇ),REF_TILMICOSIN,repository_reference,O30_attached_to_C26,30,26,C,MPM00566,Desthiobiotin,CC1NC(=O)NC1CCCCCC(=O)O,1,CC[C@H]1OC(=O)C[C@@H](O)[C@H](C)[C@@H](O[C@@H]2O[C@H](C)[C@@H](OC(=O)CCCCCC3NC(=O)NC3C)[C@H](N(C)C)[C@H]2O)[C@@H](CCN2C[C@H](C)C[C@H](C)C2)C[C@@H](C)C(=O)/C=C/C(C)=C/[C@@H]1CO[C@@H]1O[C@H](C)[C@@H](O)[C@@H](OC)[C@H]1OC,CC[C@H]1OC(=O)C[C@@H](O)[C@H](C)[C@@H](O[C@@H]2O[C@H](C)[C@@H](OC(=O)CCCCCC3NC(=O)NC3C)[C@H](N(C)C)[C@H]2O)[C@@H](CCN2C[C@H](C)C[C@H](C)C2)C[C@@H](C)C(=O)/C=C/C(C)=C/[C@@H]1CO[C@@H]1O[C@H](C)[C@@H](O)[C@@H](OC)[C@H]1OC,TRUE,,-0.773
tilmicosin,Tilmicosin (ÌæÃ×¿¼ÐÇ),REF_TILMICOSIN,repository_reference,O34_attached_to_C24,34,24,C,MPM00396,6-Acetylthiohexanoic acid,CC(=O)SCCCCCC(=O)O,1,CC[C@H]1OC(=O)C[C@@H](O)[C@H](C)[C@@H](O[C@@H]2O[C@H](C)[C@@H](O)[C@H](N(C)C)[C@H]2OC(=O)CCCCCSC(C)=O)[C@@H](CCN2C[C@H](C)C[C@H](C)C2)C[C@@H](C)C(=O)/C=C/C(C)=C/[C@@H]1CO[C@@H]1O[C@H](C)[C@@H](O)[C@@H](OC)[C@H]1OC,CC[C@H]1OC(=O)C[C@@H](O)[C@H](C)[C@@H](O[C@@H]2O[C@H](C)[C@@H](O)[C@H](N(C)C)[C@H]2OC(=O)CCCCCSC(C)=O)[C@@H](CCN2C[C@H](C)C[C@H](C)C2)C[C@@H](C)C(=O)/C=C/C(C)=C/[C@@H]1CO[C@@H]1O[C@H](C)[C@@H](O)[C@@H](OC)[C@H]1OC,TRUE,,-0.775
tilmicosin,Tilmicosin (ÌæÃ×¿¼ÐÇ),REF_TILMICOSIN,repository_reference,O20_attached_to_C15,20,15,C,MPM00401,6-Phospho-D-gluconate,O=C(O)C(O)C(O)C(O)C(O)COP(=O)(O)O,1,CC[C@H]1OC(=O)C[C@@H](OC(=O)C(O)C(O)C(O)C(O)COP(=O)(O)O)[C@H](C)[C@@H](O[C@@H]2O[C@H](C)[C@@H](O)[C@H](N(C)C)[C@H]2O)[C@@H](CCN2C[C@H](C)C[C@H](C)C2)C[C@@H](C)C(=O)/C=C/C(C)=C/[C@@H]1CO[C@@H]1O[C@H](C)[C@@H](O)[C@@H](OC)[C@H]1OC,CC[C@H]1OC(=O)C[C@@H](OC(=O)C(O)C(O)C(O)C(O)COP(=O)(O)O)[C@H](C)[C@@H](O[C@@H]2O[C@H](C)[C@@H](O)[C@H](N(C)C)[C@H]2O)[C@@H](CCN2C[C@H](C)C[C@H](C)C2)C[C@@H](C)C(=O)/C=C/C(C)=C/[C@@H]1CO[C@@H]1O[C@H](C)[C@@H](O)[C@@H](OC)[C@H]1OC,TRUE,,-0.792
tilmicosin,Tilmicosin (ÌæÃ×¿¼ÐÇ),REF_TILMICOSIN,repository_reference,O30_attached_to_C26,30,26,C,MPM00401,6-Phospho-D-gluconate,O=C(O)C(O)C(O)C(O)C(O)COP(=O)(O)O,1,CC[C@H]1OC(=O)C[C@@H](O)[C@H](C)[C@@H](O[C@@H]2O[C@H](C)[C@@H](OC(=O)C(O)C(O)C(O)C(O)COP(=O)(O)O)[C@H](N(C)C)[C@H]2O)[C@@H](CCN2C[C@H](C)C[C@H](C)C2)C[C@@H](C)C(=O)/C=C/C(C)=C/[C@@H]1CO[C@@H]1O[C@H](C)[C@@H](O)[C@@H](OC)[C@H]1OC,CC[C@H]1OC(=O)C[C@@H](O)[C@H](C)[C@@H](O[C@@H]2O[C@H](C)[C@@H](OC(=O)C(O)C(O)C(O)C(O)COP(=O)(O)O)[C@H](N(C)C)[C@H]2O)[C@@H](CCN2C[C@H](C)C[C@H](C)C2)C[C@@H](C)C(=O)/C=C/C(C)=C/[C@@H]1CO[C@@H]1O[C@H](C)[C@@H](O)[C@@H](OC)[C@H]1OC,TRUE,,-0.796
tilmicosin,Tilmicosin (ÌæÃ×¿¼ÐÇ),REF_TILMICOSIN,repository_reference,O56_attached_to_C52,56,52,C,MPM00396,6-Acetylthiohexanoic acid,CC(=O)SCCCCCC(=O)O,1,CC[C@H]1OC(=O)C[C@@H](O)[C@H](C)[C@@H](O[C@@H]2O[C@H](C)[C@@H](O)[C@H](N(C)C)[C@H]2O)[C@@H](CCN2C[C@H](C)C[C@H](C)C2)C[C@@H](C)C(=O)/C=C/C(C)=C/[C@@H]1CO[C@@H]1O[C@H](C)[C@@H](OC(=O)CCCCCSC(C)=O)[C@@H](OC)[C@H]1OC,CC[C@H]1OC(=O)C[C@@H](O)[C@H](C)[C@@H](O[C@@H]2O[C@H](C)[C@@H](O)[C@H](N(C)C)[C@H]2O)[C@@H](CCN2C[C@H](C)C[C@H](C)C2)C[C@@H](C)C(=O)/C=C/C(C)=C/[C@@H]1CO[C@@H]1O[C@H](C)[C@@H](OC(=O)CCCCCSC(C)=O)[C@@H](OC)[C@H]1OC,TRUE,,-0.798
tilmicosin,Tilmicosin (ÌæÃ×¿¼ÐÇ),REF_TILMICOSIN,repository_reference,O34_attached_to_C24,34,24,C,MPM01473,L-Cysteinylglycine,NC(CS)C(=O)NCC(=O)O,1,CC[C@H]1OC(=O)C[C@@H](O)[C@H](C)[C@@H](O[C@@H]2O[C@H](C)[C@@H](O)[C@H](N(C)C)[C@H]2OC(=O)CNC(=O)C(N)CS)[C@@H](CCN2C[C@H](C)C[C@H](C)C2)C[C@@H](C)C(=O)/C=C/C(C)=C/[C@@H]1CO[C@@H]1O[C@H](C)[C@@H](O)[C@@H](OC)[C@H]1OC,CC[C@H]1OC(=O)C[C@@H](O)[C@H](C)[C@@H](O[C@@H]2O[C@H](C)[C@@H](O)[C@H](N(C)C)[C@H]2OC(=O)CNC(=O)C(N)CS)[C@@H](CCN2C[C@H](C)C[C@H](C)C2)C[C@@H](C)C(=O)/C=C/C(C)=C/[C@@H]1CO[C@@H]1O[C@H](C)[C@@H](O)[C@@H](OC)[C@H]1OC,TRUE,,-0.807
tilmicosin,Tilmicosin (ÌæÃ×¿¼ÐÇ),REF_TILMICOSIN,repository_reference,O34_attached_to_C24,34,24,C,MPM00001,(-)-Quinic acid,O=C(O)C1(O)CC(O)C(O)C(O)C1,1,CC[C@H]1OC(=O)C[C@@H](O)[C@H](C)[C@@H](O[C@@H]2O[C@H](C)[C@@H](O)[C@H](N(C)C)[C@H]2OC(=O)C2(O)CC(O)C(O)C(O)C2)[C@@H](CCN2C[C@H](C)C[C@H](C)C2)C[C@@H](C)C(=O)/C=C/C(C)=C/[C@@H]1CO[C@@H]1O[C@H](C)[C@@H](O)[C@@H](OC)[C@H]1OC,CC[C@H]1OC(=O)C[C@@H](O)[C@H](C)[C@@H](O[C@@H]2O[C@H](C)[C@@H](O)[C@H](N(C)C)[C@H]2OC(=O)C2(O)CC(O)C(O)C(O)C2)[C@@H](CCN2C[C@H](C)C[C@H](C)C2)C[C@@H](C)C(=O)/C=C/C(C)=C/[C@@H]1CO[C@@H]1O[C@H](C)[C@@H](O)[C@@H](OC)[C@H]1OC,TRUE,,-0.816
tilmicosin,Tilmicosin (ÌæÃ×¿¼ÐÇ),REF_TILMICOSIN,repository_reference,O56_attached_to_C52,56,52,C,MPM01473,L-Cysteinylglycine,NC(CS)C(=O)NCC(=O)O,1,CC[C@H]1OC(=O)C[C@@H](O)[C@H](C)[C@@H](O[C@@H]2O[C@H](C)[C@@H](O)[C@H](N(C)C)[C@H]2O)[C@@H](CCN2C[C@H](C)C[C@H](C)C2)C[C@@H](C)C(=O)/C=C/C(C)=C/[C@@H]1CO[C@@H]1O[C@H](C)[C@@H](OC(=O)CNC(=O)C(N)CS)[C@@H](OC)[C@H]1OC,CC[C@H]1OC(=O)C[C@@H](O)[C@H](C)[C@@H](O[C@@H]2O[C@H](C)[C@@H](O)[C@H](N(C)C)[C@H]2O)[C@@H](CCN2C[C@H](C)C[C@H](C)C2)C[C@@H](C)C(=O)/C=C/C(C)=C/[C@@H]1CO[C@@H]1O[C@H](C)[C@@H](OC(=O)CNC(=O)C(N)CS)[C@@H](OC)[C@H]1OC,TRUE,,-0.829
tilmicosin,Tilmicosin (ÌæÃ×¿¼ÐÇ),REF_TILMICOSIN,repository_reference,O56_attached_to_C52,56,52,C,MPM00001,(-)-Quinic acid,O=C(O)C1(O)CC(O)C(O)C(O)C1,1,CC[C@H]1OC(=O)C[C@@H](O)[C@H](C)[C@@H](O[C@@H]2O[C@H](C)[C@@H](O)[C@H](N(C)C)[C@H]2O)[C@@H](CCN2C[C@H](C)C[C@H](C)C2)C[C@@H](C)C(=O)/C=C/C(C)=C/[C@@H]1CO[C@@H]1O[C@H](C)[C@@H](OC(=O)C2(O)CC(O)C(O)C(O)C2)[C@@H](OC)[C@H]1OC,CC[C@H]1OC(=O)C[C@@H](O)[C@H](C)[C@@H](O[C@@H]2O[C@H](C)[C@@H](O)[C@H](N(C)C)[C@H]2O)[C@@H](CCN2C[C@H](C)C[C@H](C)C2)C[C@@H](C)C(=O)/C=C/C(C)=C/[C@@H]1CO[C@@H]1O[C@H](C)[C@@H](OC(=O)C2(O)CC(O)C(O)C(O)C2)[C@@H](OC)[C@H]1OC,TRUE,,-0.839
tilmicosin,Tilmicosin (ÌæÃ×¿¼ÐÇ),REF_TILMICOSIN,repository_reference,O34_attached_to_C24,34,24,C,MPM00806,N-Acetyl-D-muramoate,CC(=O)NC1C(O)OC(CO)C(O)C1OC(C)C(=O)O,1,CC[C@H]1OC(=O)C[C@@H](O)[C@H](C)[C@@H](O[C@@H]2O[C@H](C)[C@@H](O)[C@H](N(C)C)[C@H]2OC(=O)C(C)OC2C(O)C(CO)OC(O)C2NC(C)=O)[C@@H](CCN2C[C@H](C)C[C@H](C)C2)C[C@@H](C)C(=O)/C=C/C(C)=C/[C@@H]1CO[C@@H]1O[C@H](C)[C@@H](O)[C@@H](OC)[C@H]1OC,CC[C@H]1OC(=O)C[C@@H](O)[C@H](C)[C@@H](O[C@@H]2O[C@H](C)[C@@H](O)[C@H](N(C)C)[C@H]2OC(=O)C(C)OC2C(O)C(CO)OC(O)C2NC(C)=O)[C@@H](CCN2C[C@H](C)C[C@H](C)C2)C[C@@H](C)C(=O)/C=C/C(C)=C/[C@@H]1CO[C@@H]1O[C@H](C)[C@@H](O)[C@@H](OC)[C@H]1OC,TRUE,,-0.842
tilmicosin,Tilmicosin (ÌæÃ×¿¼ÐÇ),REF_TILMICOSIN,repository_reference,O34_attached_to_C24,34,24,C,MPM01361,D-Amino-3-mercaptopropionic acid,NC(CS)C(=O)O,1,CC[C@H]1OC(=O)C[C@@H](O)[C@H](C)[C@@H](O[C@@H]2O[C@H](C)[C@@H](O)[C@H](N(C)C)[C@H]2OC(=O)C(N)CS)[C@@H](CCN2C[C@H](C)C[C@H](C)C2)C[C@@H](C)C(=O)/C=C/C(C)=C/[C@@H]1CO[C@@H]1O[C@H](C)[C@@H](O)[C@@H](OC)[C@H]1OC,CC[C@H]1OC(=O)C[C@@H](O)[C@H](C)[C@@H](O[C@@H]2O[C@H](C)[C@@H](O)[C@H](N(C)C)[C@H]2OC(=O)C(N)CS)[C@@H](CCN2C[C@H](C)C[C@H](C)C2)C[C@@H](C)C(=O)/C=C/C(C)=C/[C@@H]1CO[C@@H]1O[C@H](C)[C@@H](O)[C@@H](OC)[C@H]1OC,TRUE,,-0.842
tilmicosin,Tilmicosin (ÌæÃ×¿¼ÐÇ),REF_TILMICOSIN,repository_reference,O20_attached_to_C15,20,15,C,MPM00396,6-Acetylthiohexanoic acid,CC(=O)SCCCCCC(=O)O,1,CC[C@H]1OC(=O)C[C@@H](OC(=O)CCCCCSC(C)=O)[C@H](C)[C@@H](O[C@@H]2O[C@H](C)[C@@H](O)[C@H](N(C)C)[C@H]2O)[C@@H](CCN2C[C@H](C)C[C@H](C)C2)C[C@@H](C)C(=O)/C=C/C(C)=C/[C@@H]1CO[C@@H]1O[C@H](C)[C@@H](O)[C@@H](OC)[C@H]1OC,CC[C@H]1OC(=O)C[C@@H](OC(=O)CCCCCSC(C)=O)[C@H](C)[C@@H](O[C@@H]2O[C@H](C)[C@@H](O)[C@H](N(C)C)[C@H]2O)[C@@H](CCN2C[C@H](C)C[C@H](C)C2)C[C@@H](C)C(=O)/C=C/C(C)=C/[C@@H]1CO[C@@H]1O[C@H](C)[C@@H](O)[C@@H](OC)[C@H]1OC,TRUE,,-0.851
tilmicosin,Tilmicosin (ÌæÃ×¿¼ÐÇ),REF_TILMICOSIN,repository_reference,O30_attached_to_C26,30,26,C,MPM00396,6-Acetylthiohexanoic acid,CC(=O)SCCCCCC(=O)O,1,CC[C@H]1OC(=O)C[C@@H](O)[C@H](C)[C@@H](O[C@@H]2O[C@H](C)[C@@H](OC(=O)CCCCCSC(C)=O)[C@H](N(C)C)[C@H]2O)[C@@H](CCN2C[C@H](C)C[C@H](C)C2)C[C@@H](C)C(=O)/C=C/C(C)=C/[C@@H]1CO[C@@H]1O[C@H](C)[C@@H](O)[C@@H](OC)[C@H]1OC,CC[C@H]1OC(=O)C[C@@H](O)[C@H](C)[C@@H](O[C@@H]2O[C@H](C)[C@@H](OC(=O)CCCCCSC(C)=O)[C@H](N(C)C)[C@H]2O)[C@@H](CCN2C[C@H](C)C[C@H](C)C2)C[C@@H](C)C(=O)/C=C/C(C)=C/[C@@H]1CO[C@@H]1O[C@H](C)[C@@H](O)[C@@H](OC)[C@H]1OC,TRUE,,-0.854
tilmicosin,Tilmicosin (ÌæÃ×¿¼ÐÇ),REF_TILMICOSIN,repository_reference,O56_attached_to_C52,56,52,C,MPM01361,D-Amino-3-mercaptopropionic acid,NC(CS)C(=O)O,1,CC[C@H]1OC(=O)C[C@@H](O)[C@H](C)[C@@H](O[C@@H]2O[C@H](C)[C@@H](O)[C@H](N(C)C)[C@H]2O)[C@@H](CCN2C[C@H](C)C[C@H](C)C2)C[C@@H](C)C(=O)/C=C/C(C)=C/[C@@H]1CO[C@@H]1O[C@H](C)[C@@H](OC(=O)C(N)CS)[C@@H](OC)[C@H]1OC,CC[C@H]1OC(=O)C[C@@H](O)[C@H](C)[C@@H](O[C@@H]2O[C@H](C)[C@@H](O)[C@H](N(C)C)[C@H]2O)[C@@H](CCN2C[C@H](C)C[C@H](C)C2)C[C@@H](C)C(=O)/C=C/C(C)=C/[C@@H]1CO[C@@H]1O[C@H](C)[C@@H](OC(=O)C(N)CS)[C@@H](OC)[C@H]1OC,TRUE,,-0.864
tilmicosin,Tilmicosin (ÌæÃ×¿¼ÐÇ),REF_TILMICOSIN,repository_reference,O56_attached_to_C52,56,52,C,MPM00806,N-Acetyl-D-muramoate,CC(=O)NC1C(O)OC(CO)C(O)C1OC(C)C(=O)O,1,CC[C@H]1OC(=O)C[C@@H](O)[C@H](C)[C@@H](O[C@@H]2O[C@H](C)[C@@H](O)[C@H](N(C)C)[C@H]2O)[C@@H](CCN2C[C@H](C)C[C@H](C)C2)C[C@@H](C)C(=O)/C=C/C(C)=C/[C@@H]1CO[C@@H]1O[C@H](C)[C@@H](OC(=O)C(C)OC2C(O)C(CO)OC(O)C2NC(C)=O)[C@@H](OC)[C@H]1OC,CC[C@H]1OC(=O)C[C@@H](O)[C@H](C)[C@@H](O[C@@H]2O[C@H](C)[C@@H](O)[C@H](N(C)C)[C@H]2O)[C@@H](CCN2C[C@H](C)C[C@H](C)C2)C[C@@H](C)C(=O)/C=C/C(C)=C/[C@@H]1CO[C@@H]1O[C@H](C)[C@@H](OC(=O)C(C)OC2C(O)C(CO)OC(O)C2NC(C)=O)[C@@H](OC)[C@H]1OC,TRUE,,-0.867
tilmicosin,Tilmicosin (ÌæÃ×¿¼ÐÇ),REF_TILMICOSIN,repository_reference,O34_attached_to_C24,34,24,C,MPM00249,2-O-(alpha-D-Mannopyranosyl)-D-glycerate,O=C(O)C(CO)OC1OC(CO)C(O)C(O)C1O,1,CC[C@H]1OC(=O)C[C@@H](O)[C@H](C)[C@@H](O[C@@H]2O[C@H](C)[C@@H](O)[C@H](N(C)C)[C@H]2OC(=O)C(CO)OC2OC(CO)C(O)C(O)C2O)[C@@H](CCN2C[C@H](C)C[C@H](C)C2)C[C@@H](C)C(=O)/C=C/C(C)=C/[C@@H]1CO[C@@H]1O[C@H](C)[C@@H](O)[C@@H](OC)[C@H]1OC,CC[C@H]1OC(=O)C[C@@H](O)[C@H](C)[C@@H](O[C@@H]2O[C@H](C)[C@@H](O)[C@H](N(C)C)[C@H]2OC(=O)C(CO)OC2OC(CO)C(O)C(O)C2O)[C@@H](CCN2C[C@H](C)C[C@H](C)C2)C[C@@H](C)C(=O)/C=C/C(C)=C/[C@@H]1CO[C@@H]1O[C@H](C)[C@@H](O)[C@@H](OC)[C@H]1OC,TRUE,,-0.87
tilmicosin,Tilmicosin (ÌæÃ×¿¼ÐÇ),REF_TILMICOSIN,repository_reference,O20_attached_to_C15,20,15,C,MPM01473,L-Cysteinylglycine,NC(CS)C(=O)NCC(=O)O,1,CC[C@H]1OC(=O)C[C@@H](OC(=O)CNC(=O)C(N)CS)[C@H](C)[C@@H](O[C@@H]2O[C@H](C)[C@@H](O)[C@H](N(C)C)[C@H]2O)[C@@H](CCN2C[C@H](C)C[C@H](C)C2)C[C@@H](C)C(=O)/C=C/C(C)=C/[C@@H]1CO[C@@H]1O[C@H](C)[C@@H](O)[C@@H](OC)[C@H]1OC,CC[C@H]1OC(=O)C[C@@H](OC(=O)CNC(=O)C(N)CS)[C@H](C)[C@@H](O[C@@H]2O[C@H](C)[C@@H](O)[C@H](N(C)C)[C@H]2O)[C@@H](CCN2C[C@H](C)C[C@H](C)C2)C[C@@H](C)C(=O)/C=C/C(C)=C/[C@@H]1CO[C@@H]1O[C@H](C)[C@@H](O)[C@@H](OC)[C@H]1OC,TRUE,,-0.885
tilmicosin,Tilmicosin (ÌæÃ×¿¼ÐÇ),REF_TILMICOSIN,repository_reference,O30_attached_to_C26,30,26,C,MPM01473,L-Cysteinylglycine,NC(CS)C(=O)NCC(=O)O,1,CC[C@H]1OC(=O)C[C@@H](O)[C@H](C)[C@@H](O[C@@H]2O[C@H](C)[C@@H](OC(=O)CNC(=O)C(N)CS)[C@H](N(C)C)[C@H]2O)[C@@H](CCN2C[C@H](C)C[C@H](C)C2)C[C@@H](C)C(=O)/C=C/C(C)=C/[C@@H]1CO[C@@H]1O[C@H](C)[C@@H](O)[C@@H](OC)[C@H]1OC,CC[C@H]1OC(=O)C[C@@H](O)[C@H](C)[C@@H](O[C@@H]2O[C@H](C)[C@@H](OC(=O)CNC(=O)C(N)CS)[C@H](N(C)C)[C@H]2O)[C@@H](CCN2C[C@H](C)C[C@H](C)C2)C[C@@H](C)C(=O)/C=C/C(C)=C/[C@@H]1CO[C@@H]1O[C@H](C)[C@@H](O)[C@@H](OC)[C@H]1OC,TRUE,,-0.886
tilmicosin,Tilmicosin (ÌæÃ×¿¼ÐÇ),REF_TILMICOSIN,repository_reference,O56_attached_to_C52,56,52,C,MPM00249,2-O-(alpha-D-Mannopyranosyl)-D-glycerate,O=C(O)C(CO)OC1OC(CO)C(O)C(O)C1O,1,CC[C@H]1OC(=O)C[C@@H](O)[C@H](C)[C@@H](O[C@@H]2O[C@H](C)[C@@H](O)[C@H](N(C)C)[C@H]2O)[C@@H](CCN2C[C@H](C)C[C@H](C)C2)C[C@@H](C)C(=O)/C=C/C(C)=C/[C@@H]1CO[C@@H]1O[C@H](C)[C@@H](OC(=O)C(CO)OC2OC(CO)C(O)C(O)C2O)[C@@H](OC)[C@H]1OC,CC[C@H]1OC(=O)C[C@@H](O)[C@H](C)[C@@H](O[C@@H]2O[C@H](C)[C@@H](O)[C@H](N(C)C)[C@H]2O)[C@@H](CCN2C[C@H](C)C[C@H](C)C2)C[C@@H](C)C(=O)/C=C/C(C)=C/[C@@H]1CO[C@@H]1O[C@H](C)[C@@H](OC(=O)C(CO)OC2OC(CO)C(O)C(O)C2O)[C@@H](OC)[C@H]1OC,TRUE,,-0.894
tilmicosin,Tilmicosin (ÌæÃ×¿¼ÐÇ),REF_TILMICOSIN,repository_reference,O30_attached_to_C26,30,26,C,MPM00001,(-)-Quinic acid,O=C(O)C1(O)CC(O)C(O)C(O)C1,1,CC[C@H]1OC(=O)C[C@@H](O)[C@H](C)[C@@H](O[C@@H]2O[C@H](C)[C@@H](OC(=O)C3(O)CC(O)C(O)C(O)C3)[C@H](N(C)C)[C@H]2O)[C@@H](CCN2C[C@H](C)C[C@H](C)C2)C[C@@H](C)C(=O)/C=C/C(C)=C/[C@@H]1CO[C@@H]1O[C@H](C)[C@@H](O)[C@@H](OC)[C@H]1OC,CC[C@H]1OC(=O)C[C@@H](O)[C@H](C)[C@@H](O[C@@H]2O[C@H](C)[C@@H](OC(=O)C3(O)CC(O)C(O)C(O)C3)[C@H](N(C)C)[C@H]2O)[C@@H](CCN2C[C@H](C)C[C@H](C)C2)C[C@@H](C)C(=O)/C=C/C(C)=C/[C@@H]1CO[C@@H]1O[C@H](C)[C@@H](O)[C@@H](OC)[C@H]1OC,TRUE,,-0.895
tilmicosin,Tilmicosin (ÌæÃ×¿¼ÐÇ),REF_TILMICOSIN,repository_reference,O20_attached_to_C15,20,15,C,MPM00001,(-)-Quinic acid,O=C(O)C1(O)CC(O)C(O)C(O)C1,1,CC[C@H]1OC(=O)C[C@@H](OC(=O)C2(O)CC(O)C(O)C(O)C2)[C@H](C)[C@@H](O[C@@H]2O[C@H](C)[C@@H](O)[C@H](N(C)C)[C@H]2O)[C@@H](CCN2C[C@H](C)C[C@H](C)C2)C[C@@H](C)C(=O)/C=C/C(C)=C/[C@@H]1CO[C@@H]1O[C@H](C)[C@@H](O)[C@@H](OC)[C@H]1OC,CC[C@H]1OC(=O)C[C@@H](OC(=O)C2(O)CC(O)C(O)C(O)C2)[C@H](C)[C@@H](O[C@@H]2O[C@H](C)[C@@H](O)[C@H](N(C)C)[C@H]2O)[C@@H](CCN2C[C@H](C)C[C@H](C)C2)C[C@@H](C)C(=O)/C=C/C(C)=C/[C@@H]1CO[C@@H]1O[C@H](C)[C@@H](O)[C@@H](OC)[C@H]1OC,TRUE,,-0.898
tilmicosin,Tilmicosin (ÌæÃ×¿¼ÐÇ),REF_TILMICOSIN,repository_reference,O34_attached_to_C24,34,24,C,MPM00698,Homocysteine,NC(CCS)C(=O)O,1,CC[C@H]1OC(=O)C[C@@H](O)[C@H](C)[C@@H](O[C@@H]2O[C@H](C)[C@@H](O)[C@H](N(C)C)[C@H]2OC(=O)C(N)CCS)[C@@H](CCN2C[C@H](C)C[C@H](C)C2)C[C@@H](C)C(=O)/C=C/C(C)=C/[C@@H]1CO[C@@H]1O[C@H](C)[C@@H](O)[C@@H](OC)[C@H]1OC,CC[C@H]1OC(=O)C[C@@H](O)[C@H](C)[C@@H](O[C@@H]2O[C@H](C)[C@@H](O)[C@H](N(C)C)[C@H]2OC(=O)C(N)CCS)[C@@H](CCN2C[C@H](C)C[C@H](C)C2)C[C@@H](C)C(=O)/C=C/C(C)=C/[C@@H]1CO[C@@H]1O[C@H](C)[C@@H](O)[C@@H](OC)[C@H]1OC,TRUE,,-0.908
tilmicosin,Tilmicosin (ÌæÃ×¿¼ÐÇ),REF_TILMICOSIN,repository_reference,O20_attached_to_C15,20,15,C,MPM00806,N-Acetyl-D-muramoate,CC(=O)NC1C(O)OC(CO)C(O)C1OC(C)C(=O)O,1,CC[C@H]1OC(=O)C[C@@H](OC(=O)C(C)OC2C(O)C(CO)OC(O)C2NC(C)=O)[C@H](C)[C@@H](O[C@@H]2O[C@H](C)[C@@H](O)[C@H](N(C)C)[C@H]2O)[C@@H](CCN2C[C@H](C)C[C@H](C)C2)C[C@@H](C)C(=O)/C=C/C(C)=C/[C@@H]1CO[C@@H]1O[C@H](C)[C@@H](O)[C@@H](OC)[C@H]1OC,CC[C@H]1OC(=O)C[C@@H](OC(=O)C(C)OC2C(O)C(CO)OC(O)C2NC(C)=O)[C@H](C)[C@@H](O[C@@H]2O[C@H](C)[C@@H](O)[C@H](N(C)C)[C@H]2O)[C@@H](CCN2C[C@H](C)C[C@H](C)C2)C[C@@H](C)C(=O)/C=C/C(C)=C/[C@@H]1CO[C@@H]1O[C@H](C)[C@@H](O)[C@@H](OC)[C@H]1OC,TRUE,,-0.918
tilmicosin,Tilmicosin (ÌæÃ×¿¼ÐÇ),REF_TILMICOSIN,repository_reference,O30_attached_to_C26,30,26,C,MPM01361,D-Amino-3-mercaptopropionic acid,NC(CS)C(=O)O,1,CC[C@H]1OC(=O)C[C@@H](O)[C@H](C)[C@@H](O[C@@H]2O[C@H](C)[C@@H](OC(=O)C(N)CS)[C@H](N(C)C)[C@H]2O)[C@@H](CCN2C[C@H](C)C[C@H](C)C2)C[C@@H](C)C(=O)/C=C/C(C)=C/[C@@H]1CO[C@@H]1O[C@H](C)[C@@H](O)[C@@H](OC)[C@H]1OC,CC[C@H]1OC(=O)C[C@@H](O)[C@H](C)[C@@H](O[C@@H]2O[C@H](C)[C@@H](OC(=O)C(N)CS)[C@H](N(C)C)[C@H]2O)[C@@H](CCN2C[C@H](C)C[C@H](C)C2)C[C@@H](C)C(=O)/C=C/C(C)=C/[C@@H]1CO[C@@H]1O[C@H](C)[C@@H](O)[C@@H](OC)[C@H]1OC,TRUE,,-0.921
tilmicosin,Tilmicosin (ÌæÃ×¿¼ÐÇ),REF_TILMICOSIN,repository_reference,O30_attached_to_C26,30,26,C,MPM00806,N-Acetyl-D-muramoate,CC(=O)NC1C(O)OC(CO)C(O)C1OC(C)C(=O)O,1,CC[C@H]1OC(=O)C[C@@H](O)[C@H](C)[C@@H](O[C@@H]2O[C@H](C)[C@@H](OC(=O)C(C)OC3C(O)C(CO)OC(O)C3NC(C)=O)[C@H](N(C)C)[C@H]2O)[C@@H](CCN2C[C@H](C)C[C@H](C)C2)C[C@@H](C)C(=O)/C=C/C(C)=C/[C@@H]1CO[C@@H]1O[C@H](C)[C@@H](O)[C@@H](OC)[C@H]1OC,CC[C@H]1OC(=O)C[C@@H](O)[C@H](C)[C@@H](O[C@@H]2O[C@H](C)[C@@H](OC(=O)C(C)OC3C(O)C(CO)OC(O)C3NC(C)=O)[C@H](N(C)C)[C@H]2O)[C@@H](CCN2C[C@H](C)C[C@H](C)C2)C[C@@H](C)C(=O)/C=C/C(C)=C/[C@@H]1CO[C@@H]1O[C@H](C)[C@@H](O)[C@@H](OC)[C@H]1OC,TRUE,,-0.922
tilmicosin,Tilmicosin (ÌæÃ×¿¼ÐÇ),REF_TILMICOSIN,repository_reference,O20_attached_to_C15,20,15,C,MPM01361,D-Amino-3-mercaptopropionic acid,NC(CS)C(=O)O,1,CC[C@H]1OC(=O)C[C@@H](OC(=O)C(N)CS)[C@H](C)[C@@H](O[C@@H]2O[C@H](C)[C@@H](O)[C@H](N(C)C)[C@H]2O)[C@@H](CCN2C[C@H](C)C[C@H](C)C2)C[C@@H](C)C(=O)/C=C/C(C)=C/[C@@H]1CO[C@@H]1O[C@H](C)[C@@H](O)[C@@H](OC)[C@H]1OC,CC[C@H]1OC(=O)C[C@@H](OC(=O)C(N)CS)[C@H](C)[C@@H](O[C@@H]2O[C@H](C)[C@@H](O)[C@H](N(C)C)[C@H]2O)[C@@H](CCN2C[C@H](C)C[C@H](C)C2)C[C@@H](C)C(=O)/C=C/C(C)=C/[C@@H]1CO[C@@H]1O[C@H](C)[C@@H](O)[C@@H](OC)[C@H]1OC,TRUE,,-0.93
tilmicosin,Tilmicosin (ÌæÃ×¿¼ÐÇ),REF_TILMICOSIN,repository_reference,O56_attached_to_C52,56,52,C,MPM00698,Homocysteine,NC(CCS)C(=O)O,1,CC[C@H]1OC(=O)C[C@@H](O)[C@H](C)[C@@H](O[C@@H]2O[C@H](C)[C@@H](O)[C@H](N(C)C)[C@H]2O)[C@@H](CCN2C[C@H](C)C[C@H](C)C2)C[C@@H](C)C(=O)/C=C/C(C)=C/[C@@H]1CO[C@@H]1O[C@H](C)[C@@H](OC(=O)C(N)CCS)[C@@H](OC)[C@H]1OC,CC[C@H]1OC(=O)C[C@@H](O)[C@H](C)[C@@H](O[C@@H]2O[C@H](C)[C@@H](O)[C@H](N(C)C)[C@H]2O)[C@@H](CCN2C[C@H](C)C[C@H](C)C2)C[C@@H](C)C(=O)/C=C/C(C)=C/[C@@H]1CO[C@@H]1O[C@H](C)[C@@H](OC(=O)C(N)CCS)[C@@H](OC)[C@H]1OC,TRUE,,-0.93
tilmicosin,Tilmicosin (ÌæÃ×¿¼ÐÇ),REF_TILMICOSIN,repository_reference,O20_attached_to_C15,20,15,C,MPM00249,2-O-(alpha-D-Mannopyranosyl)-D-glycerate,O=C(O)C(CO)OC1OC(CO)C(O)C(O)C1O,1,CC[C@H]1OC(=O)C[C@@H](OC(=O)C(CO)OC2OC(CO)C(O)C(O)C2O)[C@H](C)[C@@H](O[C@@H]2O[C@H](C)[C@@H](O)[C@H](N(C)C)[C@H]2O)[C@@H](CCN2C[C@H](C)C[C@H](C)C2)C[C@@H](C)C(=O)/C=C/C(C)=C/[C@@H]1CO[C@@H]1O[C@H](C)[C@@H](O)[C@@H](OC)[C@H]1OC,CC[C@H]1OC(=O)C[C@@H](OC(=O)C(CO)OC2OC(CO)C(O)C(O)C2O)[C@H](C)[C@@H](O[C@@H]2O[C@H](C)[C@@H](O)[C@H](N(C)C)[C@H]2O)[C@@H](CCN2C[C@H](C)C[C@H](C)C2)C[C@@H](C)C(=O)/C=C/C(C)=C/[C@@H]1CO[C@@H]1O[C@H](C)[C@@H](O)[C@@H](OC)[C@H]1OC,TRUE,,-0.946
tilmicosin,Tilmicosin (ÌæÃ×¿¼ÐÇ),REF_TILMICOSIN,repository_reference,O30_attached_to_C26,30,26,C,MPM00249,2-O-(alpha-D-Mannopyranosyl)-D-glycerate,O=C(O)C(CO)OC1OC(CO)C(O)C(O)C1O,1,CC[C@H]1OC(=O)C[C@@H](O)[C@H](C)[C@@H](O[C@@H]2O[C@H](C)[C@@H](OC(=O)C(CO)OC3OC(CO)C(O)C(O)C3O)[C@H](N(C)C)[C@H]2O)[C@@H](CCN2C[C@H](C)C[C@H](C)C2)C[C@@H](C)C(=O)/C=C/C(C)=C/[C@@H]1CO[C@@H]1O[C@H](C)[C@@H](O)[C@@H](OC)[C@H]1OC,CC[C@H]1OC(=O)C[C@@H](O)[C@H](C)[C@@H](O[C@@H]2O[C@H](C)[C@@H](OC(=O)C(CO)OC3OC(CO)C(O)C(O)C3O)[C@H](N(C)C)[C@H]2O)[C@@H](CCN2C[C@H](C)C[C@H](C)C2)C[C@@H](C)C(=O)/C=C/C(C)=C/[C@@H]1CO[C@@H]1O[C@H](C)[C@@H](O)[C@@H](OC)[C@H]1OC,TRUE,,-0.949
tilmicosin,Tilmicosin (ÌæÃ×¿¼ÐÇ),REF_TILMICOSIN,repository_reference,O34_attached_to_C24,34,24,C,MPM00465,Ampicillin,CC1(C)SC2C(NC(=O)C(N)c3ccccc3)C(=O)N2C1C(=O)O,1,CC[C@H]1OC(=O)C[C@@H](O)[C@H](C)[C@@H](O[C@@H]2O[C@H](C)[C@@H](O)[C@H](N(C)C)[C@H]2OC(=O)C2N3C(=O)C(NC(=O)C(N)c4ccccc4)C3SC2(C)C)[C@@H](CCN2C[C@H](C)C[C@H](C)C2)C[C@@H](C)C(=O)/C=C/C(C)=C/[C@@H]1CO[C@@H]1O[C@H](C)[C@@H](O)[C@@H](OC)[C@H]1OC,CC[C@H]1OC(=O)C[C@@H](O)[C@H](C)[C@@H](O[C@@H]2O[C@H](C)[C@@H](O)[C@H](N(C)C)[C@H]2OC(=O)C2N3C(=O)C(NC(=O)C(N)c4ccccc4)C3SC2(C)C)[C@@H](CCN2C[C@H](C)C[C@H](C)C2)C[C@@H](C)C(=O)/C=C/C(C)=C/[C@@H]1CO[C@@H]1O[C@H](C)[C@@H](O)[C@@H](OC)[C@H]1OC,TRUE,,-0.955
tilmicosin,Tilmicosin (ÌæÃ×¿¼ÐÇ),REF_TILMICOSIN,repository_reference,O56_attached_to_C52,56,52,C,MPM00465,Ampicillin,CC1(C)SC2C(NC(=O)C(N)c3ccccc3)C(=O)N2C1C(=O)O,1,CC[C@H]1OC(=O)C[C@@H](O)[C@H](C)[C@@H](O[C@@H]2O[C@H](C)[C@@H](O)[C@H](N(C)C)[C@H]2O)[C@@H](CCN2C[C@H](C)C[C@H](C)C2)C[C@@H](C)C(=O)/C=C/C(C)=C/[C@@H]1CO[C@@H]1O[C@H](C)[C@@H](OC(=O)C2N3C(=O)C(NC(=O)C(N)c4ccccc4)C3SC2(C)C)[C@@H](OC)[C@H]1OC,CC[C@H]1OC(=O)C[C@@H](O)[C@H](C)[C@@H](O[C@@H]2O[C@H](C)[C@@H](O)[C@H](N(C)C)[C@H]2O)[C@@H](CCN2C[C@H](C)C[C@H](C)C2)C[C@@H](C)C(=O)/C=C/C(C)=C/[C@@H]1CO[C@@H]1O[C@H](C)[C@@H](OC(=O)C2N3C(=O)C(NC(=O)C(N)c4ccccc4)C3SC2(C)C)[C@@H](OC)[C@H]1OC,TRUE,,-0.98
tilmicosin,Tilmicosin (ÌæÃ×¿¼ÐÇ),REF_TILMICOSIN,repository_reference,O30_attached_to_C26,30,26,C,MPM00698,Homocysteine,NC(CCS)C(=O)O,1,CC[C@H]1OC(=O)C[C@@H](O)[C@H](C)[C@@H](O[C@@H]2O[C@H](C)[C@@H](OC(=O)C(N)CCS)[C@H](N(C)C)[C@H]2O)[C@@H](CCN2C[C@H](C)C[C@H](C)C2)C[C@@H](C)C(=O)/C=C/C(C)=C/[C@@H]1CO[C@@H]1O[C@H](C)[C@@H](O)[C@@H](OC)[C@H]1OC,CC[C@H]1OC(=O)C[C@@H](O)[C@H](C)[C@@H](O[C@@H]2O[C@H](C)[C@@H](OC(=O)C(N)CCS)[C@H](N(C)C)[C@H]2O)[C@@H](CCN2C[C@H](C)C[C@H](C)C2)C[C@@H](C)C(=O)/C=C/C(C)=C/[C@@H]1CO[C@@H]1O[C@H](C)[C@@H](O)[C@@H](OC)[C@H]1OC,TRUE,,-0.987
tilmicosin,Tilmicosin (ÌæÃ×¿¼ÐÇ),REF_TILMICOSIN,repository_reference,O20_attached_to_C15,20,15,C,MPM00698,Homocysteine,NC(CCS)C(=O)O,1,CC[C@H]1OC(=O)C[C@@H](OC(=O)C(N)CCS)[C@H](C)[C@@H](O[C@@H]2O[C@H](C)[C@@H](O)[C@H](N(C)C)[C@H]2O)[C@@H](CCN2C[C@H](C)C[C@H](C)C2)C[C@@H](C)C(=O)/C=C/C(C)=C/[C@@H]1CO[C@@H]1O[C@H](C)[C@@H](O)[C@@H](OC)[C@H]1OC,CC[C@H]1OC(=O)C[C@@H](OC(=O)C(N)CCS)[C@H](C)[C@@H](O[C@@H]2O[C@H](C)[C@@H](O)[C@H](N(C)C)[C@H]2O)[C@@H](CCN2C[C@H](C)C[C@H](C)C2)C[C@@H](C)C(=O)/C=C/C(C)=C/[C@@H]1CO[C@@H]1O[C@H](C)[C@@H](O)[C@@H](OC)[C@H]1OC,TRUE,,-0.993
tilmicosin,Tilmicosin (ÌæÃ×¿¼ÐÇ),REF_TILMICOSIN,repository_reference,O34_attached_to_C24,34,24,C,MPM00844,Orotidylic acid,O=C(O)c1cc(=O)[nH]c(=O)n1C1OC(COP(=O)(O)O)C(O)C1O,1,CC[C@H]1OC(=O)C[C@@H](O)[C@H](C)[C@@H](O[C@@H]2O[C@H](C)[C@@H](O)[C@H](N(C)C)[C@H]2OC(=O)c2cc(=O)[nH]c(=O)n2C2OC(COP(=O)(O)O)C(O)C2O)[C@@H](CCN2C[C@H](C)C[C@H](C)C2)C[C@@H](C)C(=O)/C=C/C(C)=C/[C@@H]1CO[C@@H]1O[C@H](C)[C@@H](O)[C@@H](OC)[C@H]1OC,CC[C@H]1OC(=O)C[C@@H](O)[C@H](C)[C@@H](O[C@@H]2O[C@H](C)[C@@H](O)[C@H](N(C)C)[C@H]2OC(=O)c2cc(=O)[nH]c(=O)n2C2OC(COP(=O)(O)O)C(O)C2O)[C@@H](CCN2C[C@H](C)C[C@H](C)C2)C[C@@H](C)C(=O)/C=C/C(C)=C/[C@@H]1CO[C@@H]1O[C@H](C)[C@@H](O)[C@@H](OC)[C@H]1OC,TRUE,,-0.993
tilmicosin,Tilmicosin (ÌæÃ×¿¼ÐÇ),REF_TILMICOSIN,repository_reference,O56_attached_to_C52,56,52,C,MPM00844,Orotidylic acid,O=C(O)c1cc(=O)[nH]c(=O)n1C1OC(COP(=O)(O)O)C(O)C1O,1,CC[C@H]1OC(=O)C[C@@H](O)[C@H](C)[C@@H](O[C@@H]2O[C@H](C)[C@@H](O)[C@H](N(C)C)[C@H]2O)[C@@H](CCN2C[C@H](C)C[C@H](C)C2)C[C@@H](C)C(=O)/C=C/C(C)=C/[C@@H]1CO[C@@H]1O[C@H](C)[C@@H](OC(=O)c2cc(=O)[nH]c(=O)n2C2OC(COP(=O)(O)O)C(O)C2O)[C@@H](OC)[C@H]1OC,CC[C@H]1OC(=O)C[C@@H](O)[C@H](C)[C@@H](O[C@@H]2O[C@H](C)[C@@H](O)[C@H](N(C)C)[C@H]2O)[C@@H](CCN2C[C@H](C)C[C@H](C)C2)C[C@@H](C)C(=O)/C=C/C(C)=C/[C@@H]1CO[C@@H]1O[C@H](C)[C@@H](OC(=O)c2cc(=O)[nH]c(=O)n2C2OC(COP(=O)(O)O)C(O)C2O)[C@@H](OC)[C@H]1OC,TRUE,,-1.017
tilmicosin,Tilmicosin (ÌæÃ×¿¼ÐÇ),REF_TILMICOSIN,repository_reference,O34_attached_to_C24,34,24,C,MPM00248,2-O-(6-Phospho-alpha-D-mannosyl)-D-glycerate,O=C(O)C(CO)OC1OC(COP(=O)(O)O)C(O)C(O)C1O,1,CC[C@H]1OC(=O)C[C@@H](O)[C@H](C)[C@@H](O[C@@H]2O[C@H](C)[C@@H](O)[C@H](N(C)C)[C@H]2OC(=O)C(CO)OC2OC(COP(=O)(O)O)C(O)C(O)C2O)[C@@H](CCN2C[C@H](C)C[C@H](C)C2)C[C@@H](C)C(=O)/C=C/C(C)=C/[C@@H]1CO[C@@H]1O[C@H](C)[C@@H](O)[C@@H](OC)[C@H]1OC,CC[C@H]1OC(=O)C[C@@H](O)[C@H](C)[C@@H](O[C@@H]2O[C@H](C)[C@@H](O)[C@H](N(C)C)[C@H]2OC(=O)C(CO)OC2OC(COP(=O)(O)O)C(O)C(O)C2O)[C@@H](CCN2C[C@H](C)C[C@H](C)C2)C[C@@H](C)C(=O)/C=C/C(C)=C/[C@@H]1CO[C@@H]1O[C@H](C)[C@@H](O)[C@@H](OC)[C@H]1OC,TRUE,,-1.029
tilmicosin,Tilmicosin (ÌæÃ×¿¼ÐÇ),REF_TILMICOSIN,repository_reference,O20_attached_to_C15,20,15,C,MPM00465,Ampicillin,CC1(C)SC2C(NC(=O)C(N)c3ccccc3)C(=O)N2C1C(=O)O,1,CC[C@H]1OC(=O)C[C@@H](OC(=O)C2N3C(=O)C(NC(=O)C(N)c4ccccc4)C3SC2(C)C)[C@H](C)[C@@H](O[C@@H]2O[C@H](C)[C@@H](O)[C@H](N(C)C)[C@H]2O)[C@@H](CCN2C[C@H](C)C[C@H](C)C2)C[C@@H](C)C(=O)/C=C/C(C)=C/[C@@H]1CO[C@@H]1O[C@H](C)[C@@H](O)[C@@H](OC)[C@H]1OC,CC[C@H]1OC(=O)C[C@@H](OC(=O)C2N3C(=O)C(NC(=O)C(N)c4ccccc4)C3SC2(C)C)[C@H](C)[C@@H](O[C@@H]2O[C@H](C)[C@@H](O)[C@H](N(C)C)[C@H]2O)[C@@H](CCN2C[C@H](C)C[C@H](C)C2)C[C@@H](C)C(=O)/C=C/C(C)=C/[C@@H]1CO[C@@H]1O[C@H](C)[C@@H](O)[C@@H](OC)[C@H]1OC,TRUE,,-1.031
tilmicosin,Tilmicosin (ÌæÃ×¿¼ÐÇ),REF_TILMICOSIN,repository_reference,O30_attached_to_C26,30,26,C,MPM00465,Ampicillin,CC1(C)SC2C(NC(=O)C(N)c3ccccc3)C(=O)N2C1C(=O)O,1,CC[C@H]1OC(=O)C[C@@H](O)[C@H](C)[C@@H](O[C@@H]2O[C@H](C)[C@@H](OC(=O)C3N4C(=O)C(NC(=O)C(N)c5ccccc5)C4SC3(C)C)[C@H](N(C)C)[C@H]2O)[C@@H](CCN2C[C@H](C)C[C@H](C)C2)C[C@@H](C)C(=O)/C=C/C(C)=C/[C@@H]1CO[C@@H]1O[C@H](C)[C@@H](O)[C@@H](OC)[C@H]1OC,CC[C@H]1OC(=O)C[C@@H](O)[C@H](C)[C@@H](O[C@@H]2O[C@H](C)[C@@H](OC(=O)C3N4C(=O)C(NC(=O)C(N)c5ccccc5)C4SC3(C)C)[C@H](N(C)C)[C@H]2O)[C@@H](CCN2C[C@H](C)C[C@H](C)C2)C[C@@H](C)C(=O)/C=C/C(C)=C/[C@@H]1CO[C@@H]1O[C@H](C)[C@@H](O)[C@@H](OC)[C@H]1OC,TRUE,,-1.035
tilmicosin,Tilmicosin (ÌæÃ×¿¼ÐÇ),REF_TILMICOSIN,repository_reference,O56_attached_to_C52,56,52,C,MPM00248,2-O-(6-Phospho-alpha-D-mannosyl)-D-glycerate,O=C(O)C(CO)OC1OC(COP(=O)(O)O)C(O)C(O)C1O,1,CC[C@H]1OC(=O)C[C@@H](O)[C@H](C)[C@@H](O[C@@H]2O[C@H](C)[C@@H](O)[C@H](N(C)C)[C@H]2O)[C@@H](CCN2C[C@H](C)C[C@H](C)C2)C[C@@H](C)C(=O)/C=C/C(C)=C/[C@@H]1CO[C@@H]1O[C@H](C)[C@@H](OC(=O)C(CO)OC2OC(COP(=O)(O)O)C(O)C(O)C2O)[C@@H](OC)[C@H]1OC,CC[C@H]1OC(=O)C[C@@H](O)[C@H](C)[C@@H](O[C@@H]2O[C@H](C)[C@@H](O)[C@H](N(C)C)[C@H]2O)[C@@H](CCN2C[C@H](C)C[C@H](C)C2)C[C@@H](C)C(=O)/C=C/C(C)=C/[C@@H]1CO[C@@H]1O[C@H](C)[C@@H](OC(=O)C(CO)OC2OC(COP(=O)(O)O)C(O)C(O)C2O)[C@@H](OC)[C@H]1OC,TRUE,,-1.054
tilmicosin,Tilmicosin (ÌæÃ×¿¼ÐÇ),REF_TILMICOSIN,repository_reference,O20_attached_to_C15,20,15,C,MPM00844,Orotidylic acid,O=C(O)c1cc(=O)[nH]c(=O)n1C1OC(COP(=O)(O)O)C(O)C1O,1,CC[C@H]1OC(=O)C[C@@H](OC(=O)c2cc(=O)[nH]c(=O)n2C2OC(COP(=O)(O)O)C(O)C2O)[C@H](C)[C@@H](O[C@@H]2O[C@H](C)[C@@H](O)[C@H](N(C)C)[C@H]2O)[C@@H](CCN2C[C@H](C)C[C@H](C)C2)C[C@@H](C)C(=O)/C=C/C(C)=C/[C@@H]1CO[C@@H]1O[C@H](C)[C@@H](O)[C@@H](OC)[C@H]1OC,CC[C@H]1OC(=O)C[C@@H](OC(=O)c2cc(=O)[nH]c(=O)n2C2OC(COP(=O)(O)O)C(O)C2O)[C@H](C)[C@@H](O[C@@H]2O[C@H](C)[C@@H](O)[C@H](N(C)C)[C@H]2O)[C@@H](CCN2C[C@H](C)C[C@H](C)C2)C[C@@H](C)C(=O)/C=C/C(C)=C/[C@@H]1CO[C@@H]1O[C@H](C)[C@@H](O)[C@@H](OC)[C@H]1OC,TRUE,,-1.062
tilmicosin,Tilmicosin (ÌæÃ×¿¼ÐÇ),REF_TILMICOSIN,repository_reference,O30_attached_to_C26,30,26,C,MPM00844,Orotidylic acid,O=C(O)c1cc(=O)[nH]c(=O)n1C1OC(COP(=O)(O)O)C(O)C1O,1,CC[C@H]1OC(=O)C[C@@H](O)[C@H](C)[C@@H](O[C@@H]2O[C@H](C)[C@@H](OC(=O)c3cc(=O)[nH]c(=O)n3C3OC(COP(=O)(O)O)C(O)C3O)[C@H](N(C)C)[C@H]2O)[C@@H](CCN2C[C@H](C)C[C@H](C)C2)C[C@@H](C)C(=O)/C=C/C(C)=C/[C@@H]1CO[C@@H]1O[C@H](C)[C@@H](O)[C@@H](OC)[C@H]1OC,CC[C@H]1OC(=O)C[C@@H](O)[C@H](C)[C@@H](O[C@@H]2O[C@H](C)[C@@H](OC(=O)c3cc(=O)[nH]c(=O)n3C3OC(COP(=O)(O)O)C(O)C3O)[C@H](N(C)C)[C@H]2O)[C@@H](CCN2C[C@H](C)C[C@H](C)C2)C[C@@H](C)C(=O)/C=C/C(C)=C/[C@@H]1CO[C@@H]1O[C@H](C)[C@@H](O)[C@@H](OC)[C@H]1OC,TRUE,,-1.072
tilmicosin,Tilmicosin (ÌæÃ×¿¼ÐÇ),REF_TILMICOSIN,repository_reference,O20_attached_to_C15,20,15,C,MPM00248,2-O-(6-Phospho-alpha-D-mannosyl)-D-glycerate,O=C(O)C(CO)OC1OC(COP(=O)(O)O)C(O)C(O)C1O,1,CC[C@H]1OC(=O)C[C@@H](OC(=O)C(CO)OC2OC(COP(=O)(O)O)C(O)C(O)C2O)[C@H](C)[C@@H](O[C@@H]2O[C@H](C)[C@@H](O)[C@H](N(C)C)[C@H]2O)[C@@H](CCN2C[C@H](C)C[C@H](C)C2)C[C@@H](C)C(=O)/C=C/C(C)=C/[C@@H]1CO[C@@H]1O[C@H](C)[C@@H](O)[C@@H](OC)[C@H]1OC,CC[C@H]1OC(=O)C[C@@H](OC(=O)C(CO)OC2OC(COP(=O)(O)O)C(O)C(O)C2O)[C@H](C)[C@@H](O[C@@H]2O[C@H](C)[C@@H](O)[C@H](N(C)C)[C@H]2O)[C@@H](CCN2C[C@H](C)C[C@H](C)C2)C[C@@H](C)C(=O)/C=C/C(C)=C/[C@@H]1CO[C@@H]1O[C@H](C)[C@@H](O)[C@@H](OC)[C@H]1OC,TRUE,,-1.105
tilmicosin,Tilmicosin (ÌæÃ×¿¼ÐÇ),REF_TILMICOSIN,repository_reference,O30_attached_to_C26,30,26,C,MPM00248,2-O-(6-Phospho-alpha-D-mannosyl)-D-glycerate,O=C(O)C(CO)OC1OC(COP(=O)(O)O)C(O)C(O)C1O,1,CC[C@H]1OC(=O)C[C@@H](O)[C@H](C)[C@@H](O[C@@H]2O[C@H](C)[C@@H](OC(=O)C(CO)OC3OC(COP(=O)(O)O)C(O)C(O)C3O)[C@H](N(C)C)[C@H]2O)[C@@H](CCN2C[C@H](C)C[C@H](C)C2)C[C@@H](C)C(=O)/C=C/C(C)=C/[C@@H]1CO[C@@H]1O[C@H](C)[C@@H](O)[C@@H](OC)[C@H]1OC,CC[C@H]1OC(=O)C[C@@H](O)[C@H](C)[C@@H](O[C@@H]2O[C@H](C)[C@@H](OC(=O)C(CO)OC3OC(COP(=O)(O)O)C(O)C(O)C3O)[C@H](N(C)C)[C@H]2O)[C@@H](CCN2C[C@H](C)C[C@H](C)C2)C[C@@H](C)C(=O)/C=C/C(C)=C/[C@@H]1CO[C@@H]1O[C@H](C)[C@@H](O)[C@@H](OC)[C@H]1OC,TRUE,,-1.109
tilmicosin,Tilmicosin (ÌæÃ×¿¼ÐÇ),REF_TILMICOSIN,repository_reference,O34_attached_to_C24,34,24,C,MPM00081,(R)-5-Diphosphomevalonate,CC(O)(CCOP(=O)(O)OP(=O)(O)O)CC(=O)O,1,CC[C@H]1OC(=O)C[C@@H](O)[C@H](C)[C@@H](O[C@@H]2O[C@H](C)[C@@H](O)[C@H](N(C)C)[C@H]2OC(=O)CC(C)(O)CCOP(=O)(O)OP(=O)(O)O)[C@@H](CCN2C[C@H](C)C[C@H](C)C2)C[C@@H](C)C(=O)/C=C/C(C)=C/[C@@H]1CO[C@@H]1O[C@H](C)[C@@H](O)[C@@H](OC)[C@H]1OC,CC[C@H]1OC(=O)C[C@@H](O)[C@H](C)[C@@H](O[C@@H]2O[C@H](C)[C@@H](O)[C@H](N(C)C)[C@H]2OC(=O)CC(C)(O)CCOP(=O)(O)OP(=O)(O)O)[C@@H](CCN2C[C@H](C)C[C@H](C)C2)C[C@@H](C)C(=O)/C=C/C(C)=C/[C@@H]1CO[C@@H]1O[C@H](C)[C@@H](O)[C@@H](OC)[C@H]1OC,TRUE,,-1.13
tilmicosin,Tilmicosin (ÌæÃ×¿¼ÐÇ),REF_TILMICOSIN,repository_reference,O56_attached_to_C52,56,52,C,MPM00081,(R)-5-Diphosphomevalonate,CC(O)(CCOP(=O)(O)OP(=O)(O)O)CC(=O)O,1,CC[C@H]1OC(=O)C[C@@H](O)[C@H](C)[C@@H](O[C@@H]2O[C@H](C)[C@@H](O)[C@H](N(C)C)[C@H]2O)[C@@H](CCN2C[C@H](C)C[C@H](C)C2)C[C@@H](C)C(=O)/C=C/C(C)=C/[C@@H]1CO[C@@H]1O[C@H](C)[C@@H](OC(=O)CC(C)(O)CCOP(=O)(O)OP(=O)(O)O)[C@@H](OC)[C@H]1OC,CC[C@H]1OC(=O)C[C@@H](O)[C@H](C)[C@@H](O[C@@H]2O[C@H](C)[C@@H](O)[C@H](N(C)C)[C@H]2O)[C@@H](CCN2C[C@H](C)C[C@H](C)C2)C[C@@H](C)C(=O)/C=C/C(C)=C/[C@@H]1CO[C@@H]1O[C@H](C)[C@@H](OC(=O)CC(C)(O)CCOP(=O)(O)OP(=O)(O)O)[C@@H](OC)[C@H]1OC,TRUE,,-1.154
tilmicosin,Tilmicosin (ÌæÃ×¿¼ÐÇ),REF_TILMICOSIN,repository_reference,O34_attached_to_C24,34,24,C,MPM00819,Neu5Ac,CC(=O)NC1C(O)CC(O)(C(=O)O)OC1C(O)C(O)CO,1,CC[C@H]1OC(=O)C[C@@H](O)[C@H](C)[C@@H](O[C@@H]2O[C@H](C)[C@@H](O)[C@H](N(C)C)[C@H]2OC(=O)C2(O)CC(O)C(NC(C)=O)C(C(O)C(O)CO)O2)[C@@H](CCN2C[C@H](C)C[C@H](C)C2)C[C@@H](C)C(=O)/C=C/C(C)=C/[C@@H]1CO[C@@H]1O[C@H](C)[C@@H](O)[C@@H](OC)[C@H]1OC,CC[C@H]1OC(=O)C[C@@H](O)[C@H](C)[C@@H](O[C@@H]2O[C@H](C)[C@@H](O)[C@H](N(C)C)[C@H]2OC(=O)C2(O)CC(O)C(NC(C)=O)C(C(O)C(O)CO)O2)[C@@H](CCN2C[C@H](C)C[C@H](C)C2)C[C@@H](C)C(=O)/C=C/C(C)=C/[C@@H]1CO[C@@H]1O[C@H](C)[C@@H](O)[C@@H](OC)[C@H]1OC,TRUE,,-1.203
tilmicosin,Tilmicosin (ÌæÃ×¿¼ÐÇ),REF_TILMICOSIN,repository_reference,O20_attached_to_C15,20,15,C,MPM00081,(R)-5-Diphosphomevalonate,CC(O)(CCOP(=O)(O)OP(=O)(O)O)CC(=O)O,1,CC[C@H]1OC(=O)C[C@@H](OC(=O)CC(C)(O)CCOP(=O)(O)OP(=O)(O)O)[C@H](C)[C@@H](O[C@@H]2O[C@H](C)[C@@H](O)[C@H](N(C)C)[C@H]2O)[C@@H](CCN2C[C@H](C)C[C@H](C)C2)C[C@@H](C)C(=O)/C=C/C(C)=C/[C@@H]1CO[C@@H]1O[C@H](C)[C@@H](O)[C@@H](OC)[C@H]1OC,CC[C@H]1OC(=O)C[C@@H](OC(=O)CC(C)(O)CCOP(=O)(O)OP(=O)(O)O)[C@H](C)[C@@H](O[C@@H]2O[C@H](C)[C@@H](O)[C@H](N(C)C)[C@H]2O)[C@@H](CCN2C[C@H](C)C[C@H](C)C2)C[C@@H](C)C(=O)/C=C/C(C)=C/[C@@H]1CO[C@@H]1O[C@H](C)[C@@H](O)[C@@H](OC)[C@H]1OC,TRUE,,-1.206
tilmicosin,Tilmicosin (ÌæÃ×¿¼ÐÇ),REF_TILMICOSIN,repository_reference,O30_attached_to_C26,30,26,C,MPM00081,(R)-5-Diphosphomevalonate,CC(O)(CCOP(=O)(O)OP(=O)(O)O)CC(=O)O,1,CC[C@H]1OC(=O)C[C@@H](O)[C@H](C)[C@@H](O[C@@H]2O[C@H](C)[C@@H](OC(=O)CC(C)(O)CCOP(=O)(O)OP(=O)(O)O)[C@H](N(C)C)[C@H]2O)[C@@H](CCN2C[C@H](C)C[C@H](C)C2)C[C@@H](C)C(=O)/C=C/C(C)=C/[C@@H]1CO[C@@H]1O[C@H](C)[C@@H](O)[C@@H](OC)[C@H]1OC,CC[C@H]1OC(=O)C[C@@H](O)[C@H](C)[C@@H](O[C@@H]2O[C@H](C)[C@@H](OC(=O)CC(C)(O)CCOP(=O)(O)OP(=O)(O)O)[C@H](N(C)C)[C@H]2O)[C@@H](CCN2C[C@H](C)C[C@H](C)C2)C[C@@H](C)C(=O)/C=C/C(C)=C/[C@@H]1CO[C@@H]1O[C@H](C)[C@@H](O)[C@@H](OC)[C@H]1OC,TRUE,,-1.209
tilmicosin,Tilmicosin (ÌæÃ×¿¼ÐÇ),REF_TILMICOSIN,repository_reference,O34_attached_to_C24,34,24,C,MPM00525,Coenzyme R,O=C(O)CCCCC1SCC2NC(=O)NC21,1,CC[C@H]1OC(=O)C[C@@H](O)[C@H](C)[C@@H](O[C@@H]2O[C@H](C)[C@@H](O)[C@H](N(C)C)[C@H]2OC(=O)CCCCC2SCC3NC(=O)NC32)[C@@H](CCN2C[C@H](C)C[C@H](C)C2)C[C@@H](C)C(=O)/C=C/C(C)=C/[C@@H]1CO[C@@H]1O[C@H](C)[C@@H](O)[C@@H](OC)[C@H]1OC,CC[C@H]1OC(=O)C[C@@H](O)[C@H](C)[C@@H](O[C@@H]2O[C@H](C)[C@@H](O)[C@H](N(C)C)[C@H]2OC(=O)CCCCC2SCC3NC(=O)NC32)[C@@H](CCN2C[C@H](C)C[C@H](C)C2)C[C@@H](C)C(=O)/C=C/C(C)=C/[C@@H]1CO[C@@H]1O[C@H](C)[C@@H](O)[C@@H](OC)[C@H]1OC,TRUE,,-1.217
tilmicosin,Tilmicosin (ÌæÃ×¿¼ÐÇ),REF_TILMICOSIN,repository_reference,O56_attached_to_C52,56,52,C,MPM00819,Neu5Ac,CC(=O)NC1C(O)CC(O)(C(=O)O)OC1C(O)C(O)CO,1,CC[C@H]1OC(=O)C[C@@H](O)[C@H](C)[C@@H](O[C@@H]2O[C@H](C)[C@@H](O)[C@H](N(C)C)[C@H]2O)[C@@H](CCN2C[C@H](C)C[C@H](C)C2)C[C@@H](C)C(=O)/C=C/C(C)=C/[C@@H]1CO[C@@H]1O[C@H](C)[C@@H](OC(=O)C2(O)CC(O)C(NC(C)=O)C(C(O)C(O)CO)O2)[C@@H](OC)[C@H]1OC,CC[C@H]1OC(=O)C[C@@H](O)[C@H](C)[C@@H](O[C@@H]2O[C@H](C)[C@@H](O)[C@H](N(C)C)[C@H]2O)[C@@H](CCN2C[C@H](C)C[C@H](C)C2)C[C@@H](C)C(=O)/C=C/C(C)=C/[C@@H]1CO[C@@H]1O[C@H](C)[C@@H](OC(=O)C2(O)CC(O)C(NC(C)=O)C(C(O)C(O)CO)O2)[C@@H](OC)[C@H]1OC,TRUE,,-1.227
tilmicosin,Tilmicosin (ÌæÃ×¿¼ÐÇ),REF_TILMICOSIN,repository_reference,O56_attached_to_C52,56,52,C,MPM00525,Coenzyme R,O=C(O)CCCCC1SCC2NC(=O)NC21,1,CC[C@H]1OC(=O)C[C@@H](O)[C@H](C)[C@@H](O[C@@H]2O[C@H](C)[C@@H](O)[C@H](N(C)C)[C@H]2O)[C@@H](CCN2C[C@H](C)C[C@H](C)C2)C[C@@H](C)C(=O)/C=C/C(C)=C/[C@@H]1CO[C@@H]1O[C@H](C)[C@@H](OC(=O)CCCCC2SCC3NC(=O)NC32)[C@@H](OC)[C@H]1OC,CC[C@H]1OC(=O)C[C@@H](O)[C@H](C)[C@@H](O[C@@H]2O[C@H](C)[C@@H](O)[C@H](N(C)C)[C@H]2O)[C@@H](CCN2C[C@H](C)C[C@H](C)C2)C[C@@H](C)C(=O)/C=C/C(C)=C/[C@@H]1CO[C@@H]1O[C@H](C)[C@@H](OC(=O)CCCCC2SCC3NC(=O)NC32)[C@@H](OC)[C@H]1OC,TRUE,,-1.241
tilmicosin,Tilmicosin (ÌæÃ×¿¼ÐÇ),REF_TILMICOSIN,repository_reference,O20_attached_to_C15,20,15,C,MPM00819,Neu5Ac,CC(=O)NC1C(O)CC(O)(C(=O)O)OC1C(O)C(O)CO,1,CC[C@H]1OC(=O)C[C@@H](OC(=O)C2(O)CC(O)C(NC(C)=O)C(C(O)C(O)CO)O2)[C@H](C)[C@@H](O[C@@H]2O[C@H](C)[C@@H](O)[C@H](N(C)C)[C@H]2O)[C@@H](CCN2C[C@H](C)C[C@H](C)C2)C[C@@H](C)C(=O)/C=C/C(C)=C/[C@@H]1CO[C@@H]1O[C@H](C)[C@@H](O)[C@@H](OC)[C@H]1OC,CC[C@H]1OC(=O)C[C@@H](OC(=O)C2(O)CC(O)C(NC(C)=O)C(C(O)C(O)CO)O2)[C@H](C)[C@@H](O[C@@H]2O[C@H](C)[C@@H](O)[C@H](N(C)C)[C@H]2O)[C@@H](CCN2C[C@H](C)C[C@H](C)C2)C[C@@H](C)C(=O)/C=C/C(C)=C/[C@@H]1CO[C@@H]1O[C@H](C)[C@@H](O)[C@@H](OC)[C@H]1OC,TRUE,,-1.273
tilmicosin,Tilmicosin (ÌæÃ×¿¼ÐÇ),REF_TILMICOSIN,repository_reference,O30_attached_to_C26,30,26,C,MPM00819,Neu5Ac,CC(=O)NC1C(O)CC(O)(C(=O)O)OC1C(O)C(O)CO,1,CC[C@H]1OC(=O)C[C@@H](O)[C@H](C)[C@@H](O[C@@H]2O[C@H](C)[C@@H](OC(=O)C3(O)CC(O)C(NC(C)=O)C(C(O)C(O)CO)O3)[C@H](N(C)C)[C@H]2O)[C@@H](CCN2C[C@H](C)C[C@H](C)C2)C[C@@H](C)C(=O)/C=C/C(C)=C/[C@@H]1CO[C@@H]1O[C@H](C)[C@@H](O)[C@@H](OC)[C@H]1OC,CC[C@H]1OC(=O)C[C@@H](O)[C@H](C)[C@@H](O[C@@H]2O[C@H](C)[C@@H](OC(=O)C3(O)CC(O)C(NC(C)=O)C(C(O)C(O)CO)O3)[C@H](N(C)C)[C@H]2O)[C@@H](CCN2C[C@H](C)C[C@H](C)C2)C[C@@H](C)C(=O)/C=C/C(C)=C/[C@@H]1CO[C@@H]1O[C@H](C)[C@@H](O)[C@@H](OC)[C@H]1OC,TRUE,,-1.282
tilmicosin,Tilmicosin (ÌæÃ×¿¼ÐÇ),REF_TILMICOSIN,repository_reference,O20_attached_to_C15,20,15,C,MPM00525,Coenzyme R,O=C(O)CCCCC1SCC2NC(=O)NC21,1,CC[C@H]1OC(=O)C[C@@H](OC(=O)CCCCC2SCC3NC(=O)NC32)[C@H](C)[C@@H](O[C@@H]2O[C@H](C)[C@@H](O)[C@H](N(C)C)[C@H]2O)[C@@H](CCN2C[C@H](C)C[C@H](C)C2)C[C@@H](C)C(=O)/C=C/C(C)=C/[C@@H]1CO[C@@H]1O[C@H](C)[C@@H](O)[C@@H](OC)[C@H]1OC,CC[C@H]1OC(=O)C[C@@H](OC(=O)CCCCC2SCC3NC(=O)NC32)[C@H](C)[C@@H](O[C@@H]2O[C@H](C)[C@@H](O)[C@H](N(C)C)[C@H]2O)[C@@H](CCN2C[C@H](C)C[C@H](C)C2)C[C@@H](C)C(=O)/C=C/C(C)=C/[C@@H]1CO[C@@H]1O[C@H](C)[C@@H](O)[C@@H](OC)[C@H]1OC,TRUE,,-1.294
tilmicosin,Tilmicosin (ÌæÃ×¿¼ÐÇ),REF_TILMICOSIN,repository_reference,O30_attached_to_C26,30,26,C,MPM00525,Coenzyme R,O=C(O)CCCCC1SCC2NC(=O)NC21,1,CC[C@H]1OC(=O)C[C@@H](O)[C@H](C)[C@@H](O[C@@H]2O[C@H](C)[C@@H](OC(=O)CCCCC3SCC4NC(=O)NC43)[C@H](N(C)C)[C@H]2O)[C@@H](CCN2C[C@H](C)C[C@H](C)C2)C[C@@H](C)C(=O)/C=C/C(C)=C/[C@@H]1CO[C@@H]1O[C@H](C)[C@@H](O)[C@@H](OC)[C@H]1OC,CC[C@H]1OC(=O)C[C@@H](O)[C@H](C)[C@@H](O[C@@H]2O[C@H](C)[C@@H](OC(=O)CCCCC3SCC4NC(=O)NC43)[C@H](N(C)C)[C@H]2O)[C@@H](CCN2C[C@H](C)C[C@H](C)C2)C[C@@H](C)C(=O)/C=C/C(C)=C/[C@@H]1CO[C@@H]1O[C@H](C)[C@@H](O)[C@@H](OC)[C@H]1OC,TRUE,,-1.296
tilmicosin,Tilmicosin (ÌæÃ×¿¼ÐÇ),REF_TILMICOSIN,repository_reference,O34_attached_to_C24,34,24,C,MPM00597,DL-Thioctic acid,O=C(O)CCCCC1CCSS1,1,CC[C@H]1OC(=O)C[C@@H](O)[C@H](C)[C@@H](O[C@@H]2O[C@H](C)[C@@H](O)[C@H](N(C)C)[C@H]2OC(=O)CCCCC2CCSS2)[C@@H](CCN2C[C@H](C)C[C@H](C)C2)C[C@@H](C)C(=O)/C=C/C(C)=C/[C@@H]1CO[C@@H]1O[C@H](C)[C@@H](O)[C@@H](OC)[C@H]1OC,CC[C@H]1OC(=O)C[C@@H](O)[C@H](C)[C@@H](O[C@@H]2O[C@H](C)[C@@H](O)[C@H](N(C)C)[C@H]2OC(=O)CCCCC2CCSS2)[C@@H](CCN2C[C@H](C)C[C@H](C)C2)C[C@@H](C)C(=O)/C=C/C(C)=C/[C@@H]1CO[C@@H]1O[C@H](C)[C@@H](O)[C@@H](OC)[C@H]1OC,TRUE,,-1.376
tilmicosin,Tilmicosin (ÌæÃ×¿¼ÐÇ),REF_TILMICOSIN,repository_reference,O56_attached_to_C52,56,52,C,MPM00597,DL-Thioctic acid,O=C(O)CCCCC1CCSS1,1,CC[C@H]1OC(=O)C[C@@H](O)[C@H](C)[C@@H](O[C@@H]2O[C@H](C)[C@@H](O)[C@H](N(C)C)[C@H]2O)[C@@H](CCN2C[C@H](C)C[C@H](C)C2)C[C@@H](C)C(=O)/C=C/C(C)=C/[C@@H]1CO[C@@H]1O[C@H](C)[C@@H](OC(=O)CCCCC2CCSS2)[C@@H](OC)[C@H]1OC,CC[C@H]1OC(=O)C[C@@H](O)[C@H](C)[C@@H](O[C@@H]2O[C@H](C)[C@@H](O)[C@H](N(C)C)[C@H]2O)[C@@H](CCN2C[C@H](C)C[C@H](C)C2)C[C@@H](C)C(=O)/C=C/C(C)=C/[C@@H]1CO[C@@H]1O[C@H](C)[C@@H](OC(=O)CCCCC2CCSS2)[C@@H](OC)[C@H]1OC,TRUE,,-1.4
tilmicosin,Tilmicosin (ÌæÃ×¿¼ÐÇ),REF_TILMICOSIN,repository_reference,O20_attached_to_C15,20,15,C,MPM00597,DL-Thioctic acid,O=C(O)CCCCC1CCSS1,1,CC[C@H]1OC(=O)C[C@@H](OC(=O)CCCCC2CCSS2)[C@H](C)[C@@H](O[C@@H]2O[C@H](C)[C@@H](O)[C@H](N(C)C)[C@H]2O)[C@@H](CCN2C[C@H](C)C[C@H](C)C2)C[C@@H](C)C(=O)/C=C/C(C)=C/[C@@H]1CO[C@@H]1O[C@H](C)[C@@H](O)[C@@H](OC)[C@H]1OC,CC[C@H]1OC(=O)C[C@@H](OC(=O)CCCCC2CCSS2)[C@H](C)[C@@H](O[C@@H]2O[C@H](C)[C@@H](O)[C@H](N(C)C)[C@H]2O)[C@@H](CCN2C[C@H](C)C[C@H](C)C2)C[C@@H](C)C(=O)/C=C/C(C)=C/[C@@H]1CO[C@@H]1O[C@H](C)[C@@H](O)[C@@H](OC)[C@H]1OC,TRUE,,-1.453
tilmicosin,Tilmicosin (ÌæÃ×¿¼ÐÇ),REF_TILMICOSIN,repository_reference,O30_attached_to_C26,30,26,C,MPM00597,DL-Thioctic acid,O=C(O)CCCCC1CCSS1,1,CC[C@H]1OC(=O)C[C@@H](O)[C@H](C)[C@@H](O[C@@H]2O[C@H](C)[C@@H](OC(=O)CCCCC3CCSS3)[C@H](N(C)C)[C@H]2O)[C@@H](CCN2C[C@H](C)C[C@H](C)C2)C[C@@H](C)C(=O)/C=C/C(C)=C/[C@@H]1CO[C@@H]1O[C@H](C)[C@@H](O)[C@@H](OC)[C@H]1OC,CC[C@H]1OC(=O)C[C@@H](O)[C@H](C)[C@@H](O[C@@H]2O[C@H](C)[C@@H](OC(=O)CCCCC3CCSS3)[C@H](N(C)C)[C@H]2O)[C@@H](CCN2C[C@H](C)C[C@H](C)C2)C[C@@H](C)C(=O)/C=C/C(C)=C/[C@@H]1CO[C@@H]1O[C@H](C)[C@@H](O)[C@@H](OC)[C@H]1OC,TRUE,,-1.455
tilmicosin,Tilmicosin (ÌæÃ×¿¼ÐÇ),REF_TILMICOSIN,repository_reference,O34_attached_to_C24,34,24,C,MPM00158,1-Phospho-alpha-D-glucuronate,O=C(O)C1OC(OP(=O)(O)O)C(O)C(O)C1O,1,CC[C@H]1OC(=O)C[C@@H](O)[C@H](C)[C@@H](O[C@@H]2O[C@H](C)[C@@H](O)[C@H](N(C)C)[C@H]2OC(=O)C2OC(OP(=O)(O)O)C(O)C(O)C2O)[C@@H](CCN2C[C@H](C)C[C@H](C)C2)C[C@@H](C)C(=O)/C=C/C(C)=C/[C@@H]1CO[C@@H]1O[C@H](C)[C@@H](O)[C@@H](OC)[C@H]1OC,CC[C@H]1OC(=O)C[C@@H](O)[C@H](C)[C@@H](O[C@@H]2O[C@H](C)[C@@H](O)[C@H](N(C)C)[C@H]2OC(=O)C2OC(OP(=O)(O)O)C(O)C(O)C2O)[C@@H](CCN2C[C@H](C)C[C@H](C)C2)C[C@@H](C)C(=O)/C=C/C(C)=C/[C@@H]1CO[C@@H]1O[C@H](C)[C@@H](O)[C@@H](OC)[C@H]1OC,TRUE,,-1.55
tilmicosin,Tilmicosin (ÌæÃ×¿¼ÐÇ),REF_TILMICOSIN,repository_reference,O56_attached_to_C52,56,52,C,MPM00158,1-Phospho-alpha-D-glucuronate,O=C(O)C1OC(OP(=O)(O)O)C(O)C(O)C1O,1,CC[C@H]1OC(=O)C[C@@H](O)[C@H](C)[C@@H](O[C@@H]2O[C@H](C)[C@@H](O)[C@H](N(C)C)[C@H]2O)[C@@H](CCN2C[C@H](C)C[C@H](C)C2)C[C@@H](C)C(=O)/C=C/C(C)=C/[C@@H]1CO[C@@H]1O[C@H](C)[C@@H](OC(=O)C2OC(OP(=O)(O)O)C(O)C(O)C2O)[C@@H](OC)[C@H]1OC,CC[C@H]1OC(=O)C[C@@H](O)[C@H](C)[C@@H](O[C@@H]2O[C@H](C)[C@@H](O)[C@H](N(C)C)[C@H]2O)[C@@H](CCN2C[C@H](C)C[C@H](C)C2)C[C@@H](C)C(=O)/C=C/C(C)=C/[C@@H]1CO[C@@H]1O[C@H](C)[C@@H](OC(=O)C2OC(OP(=O)(O)O)C(O)C(O)C2O)[C@@H](OC)[C@H]1OC,TRUE,,-1.573
tilmicosin,Tilmicosin (ÌæÃ×¿¼ÐÇ),REF_TILMICOSIN,repository_reference,O34_attached_to_C24,34,24,C,MPM00831,N-Pantothenoylcysteine,CC(C)(CO)C(O)C(=O)NCCC(=O)NC(CS)C(=O)O,1,CC[C@H]1OC(=O)C[C@@H](O)[C@H](C)[C@@H](O[C@@H]2O[C@H](C)[C@@H](O)[C@H](N(C)C)[C@H]2OC(=O)C(CS)NC(=O)CCNC(=O)C(O)C(C)(C)CO)[C@@H](CCN2C[C@H](C)C[C@H](C)C2)C[C@@H](C)C(=O)/C=C/C(C)=C/[C@@H]1CO[C@@H]1O[C@H](C)[C@@H](O)[C@@H](OC)[C@H]1OC,CC[C@H]1OC(=O)C[C@@H](O)[C@H](C)[C@@H](O[C@@H]2O[C@H](C)[C@@H](O)[C@H](N(C)C)[C@H]2OC(=O)C(CS)NC(=O)CCNC(=O)C(O)C(C)(C)CO)[C@@H](CCN2C[C@H](C)C[C@H](C)C2)C[C@@H](C)C(=O)/C=C/C(C)=C/[C@@H]1CO[C@@H]1O[C@H](C)[C@@H](O)[C@@H](OC)[C@H]1OC,TRUE,,-1.603
tilmicosin,Tilmicosin (ÌæÃ×¿¼ÐÇ),REF_TILMICOSIN,repository_reference,O56_attached_to_C52,56,52,C,MPM00831,N-Pantothenoylcysteine,CC(C)(CO)C(O)C(=O)NCCC(=O)NC(CS)C(=O)O,1,CC[C@H]1OC(=O)C[C@@H](O)[C@H](C)[C@@H](O[C@@H]2O[C@H](C)[C@@H](O)[C@H](N(C)C)[C@H]2O)[C@@H](CCN2C[C@H](C)C[C@H](C)C2)C[C@@H](C)C(=O)/C=C/C(C)=C/[C@@H]1CO[C@@H]1O[C@H](C)[C@@H](OC(=O)C(CS)NC(=O)CCNC(=O)C(O)C(C)(C)CO)[C@@H](OC)[C@H]1OC,CC[C@H]1OC(=O)C[C@@H](O)[C@H](C)[C@@H](O[C@@H]2O[C@H](C)[C@@H](O)[C@H](N(C)C)[C@H]2O)[C@@H](CCN2C[C@H](C)C[C@H](C)C2)C[C@@H](C)C(=O)/C=C/C(C)=C/[C@@H]1CO[C@@H]1O[C@H](C)[C@@H](OC(=O)C(CS)NC(=O)CCNC(=O)C(O)C(C)(C)CO)[C@@H](OC)[C@H]1OC,TRUE,,-1.627
tilmicosin,Tilmicosin (ÌæÃ×¿¼ÐÇ),REF_TILMICOSIN,repository_reference,O20_attached_to_C15,20,15,C,MPM00158,1-Phospho-alpha-D-glucuronate,O=C(O)C1OC(OP(=O)(O)O)C(O)C(O)C1O,1,CC[C@H]1OC(=O)C[C@@H](OC(=O)C2OC(OP(=O)(O)O)C(O)C(O)C2O)[C@H](C)[C@@H](O[C@@H]2O[C@H](C)[C@@H](O)[C@H](N(C)C)[C@H]2O)[C@@H](CCN2C[C@H](C)C[C@H](C)C2)C[C@@H](C)C(=O)/C=C/C(C)=C/[C@@H]1CO[C@@H]1O[C@H](C)[C@@H](O)[C@@H](OC)[C@H]1OC,CC[C@H]1OC(=O)C[C@@H](OC(=O)C2OC(OP(=O)(O)O)C(O)C(O)C2O)[C@H](C)[C@@H](O[C@@H]2O[C@H](C)[C@@H](O)[C@H](N(C)C)[C@H]2O)[C@@H](CCN2C[C@H](C)C[C@H](C)C2)C[C@@H](C)C(=O)/C=C/C(C)=C/[C@@H]1CO[C@@H]1O[C@H](C)[C@@H](O)[C@@H](OC)[C@H]1OC,TRUE,,-1.629
tilmicosin,Tilmicosin (ÌæÃ×¿¼ÐÇ),REF_TILMICOSIN,repository_reference,O30_attached_to_C26,30,26,C,MPM00158,1-Phospho-alpha-D-glucuronate,O=C(O)C1OC(OP(=O)(O)O)C(O)C(O)C1O,1,CC[C@H]1OC(=O)C[C@@H](O)[C@H](C)[C@@H](O[C@@H]2O[C@H](C)[C@@H](OC(=O)C3OC(OP(=O)(O)O)C(O)C(O)C3O)[C@H](N(C)C)[C@H]2O)[C@@H](CCN2C[C@H](C)C[C@H](C)C2)C[C@@H](C)C(=O)/C=C/C(C)=C/[C@@H]1CO[C@@H]1O[C@H](C)[C@@H](O)[C@@H](OC)[C@H]1OC,CC[C@H]1OC(=O)C[C@@H](O)[C@H](C)[C@@H](O[C@@H]2O[C@H](C)[C@@H](OC(=O)C3OC(OP(=O)(O)O)C(O)C(O)C3O)[C@H](N(C)C)[C@H]2O)[C@@H](CCN2C[C@H](C)C[C@H](C)C2)C[C@@H](C)C(=O)/C=C/C(C)=C/[C@@H]1CO[C@@H]1O[C@H](C)[C@@H](O)[C@@H](OC)[C@H]1OC,TRUE,,-1.629
tilmicosin,Tilmicosin (ÌæÃ×¿¼ÐÇ),REF_TILMICOSIN,repository_reference,O20_attached_to_C15,20,15,C,MPM00831,N-Pantothenoylcysteine,CC(C)(CO)C(O)C(=O)NCCC(=O)NC(CS)C(=O)O,1,CC[C@H]1OC(=O)C[C@@H](OC(=O)C(CS)NC(=O)CCNC(=O)C(O)C(C)(C)CO)[C@H](C)[C@@H](O[C@@H]2O[C@H](C)[C@@H](O)[C@H](N(C)C)[C@H]2O)[C@@H](CCN2C[C@H](C)C[C@H](C)C2)C[C@@H](C)C(=O)/C=C/C(C)=C/[C@@H]1CO[C@@H]1O[C@H](C)[C@@H](O)[C@@H](OC)[C@H]1OC,CC[C@H]1OC(=O)C[C@@H](OC(=O)C(CS)NC(=O)CCNC(=O)C(O)C(C)(C)CO)[C@H](C)[C@@H](O[C@@H]2O[C@H](C)[C@@H](O)[C@H](N(C)C)[C@H]2O)[C@@H](CCN2C[C@H](C)C[C@H](C)C2)C[C@@H](C)C(=O)/C=C/C(C)=C/[C@@H]1CO[C@@H]1O[C@H](C)[C@@H](O)[C@@H](OC)[C@H]1OC,TRUE,,-1.679
tilmicosin,Tilmicosin (ÌæÃ×¿¼ÐÇ),REF_TILMICOSIN,repository_reference,O30_attached_to_C26,30,26,C,MPM00831,N-Pantothenoylcysteine,CC(C)(CO)C(O)C(=O)NCCC(=O)NC(CS)C(=O)O,1,CC[C@H]1OC(=O)C[C@@H](O)[C@H](C)[C@@H](O[C@@H]2O[C@H](C)[C@@H](OC(=O)C(CS)NC(=O)CCNC(=O)C(O)C(C)(C)CO)[C@H](N(C)C)[C@H]2O)[C@@H](CCN2C[C@H](C)C[C@H](C)C2)C[C@@H](C)C(=O)/C=C/C(C)=C/[C@@H]1CO[C@@H]1O[C@H](C)[C@@H](O)[C@@H](OC)[C@H]1OC,CC[C@H]1OC(=O)C[C@@H](O)[C@H](C)[C@@H](O[C@@H]2O[C@H](C)[C@@H](OC(=O)C(CS)NC(=O)CCNC(=O)C(O)C(C)(C)CO)[C@H](N(C)C)[C@H]2O)[C@@H](CCN2C[C@H](C)C[C@H](C)C2)C[C@@H](C)C(=O)/C=C/C(C)=C/[C@@H]1CO[C@@H]1O[C@H](C)[C@@H](O)[C@@H](OC)[C@H]1OC,TRUE,,-1.682
tilmicosin,Tilmicosin (ÌæÃ×¿¼ÐÇ),REF_TILMICOSIN,repository_reference,O34_attached_to_C24,34,24,C,MPM00373,5-Amino-1-(5-phospho-D-ribosyl)imidazole-4-carboxylate,Nc1c(C(=O)O)ncn1C1OC(COP(=O)(O)O)C(O)C1O,1,CC[C@H]1OC(=O)C[C@@H](O)[C@H](C)[C@@H](O[C@@H]2O[C@H](C)[C@@H](O)[C@H](N(C)C)[C@H]2OC(=O)c2ncn(C3OC(COP(=O)(O)O)C(O)C3O)c2N)[C@@H](CCN2C[C@H](C)C[C@H](C)C2)C[C@@H](C)C(=O)/C=C/C(C)=C/[C@@H]1CO[C@@H]1O[C@H](C)[C@@H](O)[C@@H](OC)[C@H]1OC,CC[C@H]1OC(=O)C[C@@H](O)[C@H](C)[C@@H](O[C@@H]2O[C@H](C)[C@@H](O)[C@H](N(C)C)[C@H]2OC(=O)c2ncn(C3OC(COP(=O)(O)O)C(O)C3O)c2N)[C@@H](CCN2C[C@H](C)C[C@H](C)C2)C[C@@H](C)C(=O)/C=C/C(C)=C/[C@@H]1CO[C@@H]1O[C@H](C)[C@@H](O)[C@@H](OC)[C@H]1OC,TRUE,,-2.254
tilmicosin,Tilmicosin (ÌæÃ×¿¼ÐÇ),REF_TILMICOSIN,repository_reference,O56_attached_to_C52,56,52,C,MPM00373,5-Amino-1-(5-phospho-D-ribosyl)imidazole-4-carboxylate,Nc1c(C(=O)O)ncn1C1OC(COP(=O)(O)O)C(O)C1O,1,CC[C@H]1OC(=O)C[C@@H](O)[C@H](C)[C@@H](O[C@@H]2O[C@H](C)[C@@H](O)[C@H](N(C)C)[C@H]2O)[C@@H](CCN2C[C@H](C)C[C@H](C)C2)C[C@@H](C)C(=O)/C=C/C(C)=C/[C@@H]1CO[C@@H]1O[C@H](C)[C@@H](OC(=O)c2ncn(C3OC(COP(=O)(O)O)C(O)C3O)c2N)[C@@H](OC)[C@H]1OC,CC[C@H]1OC(=O)C[C@@H](O)[C@H](C)[C@@H](O[C@@H]2O[C@H](C)[C@@H](O)[C@H](N(C)C)[C@H]2O)[C@@H](CCN2C[C@H](C)C[C@H](C)C2)C[C@@H](C)C(=O)/C=C/C(C)=C/[C@@H]1CO[C@@H]1O[C@H](C)[C@@H](OC(=O)c2ncn(C3OC(COP(=O)(O)O)C(O)C3O)c2N)[C@@H](OC)[C@H]1OC,TRUE,,-2.278
tilmicosin,Tilmicosin (ÌæÃ×¿¼ÐÇ),REF_TILMICOSIN,repository_reference,O20_attached_to_C15,20,15,C,MPM00373,5-Amino-1-(5-phospho-D-ribosyl)imidazole-4-carboxylate,Nc1c(C(=O)O)ncn1C1OC(COP(=O)(O)O)C(O)C1O,1,CC[C@H]1OC(=O)C[C@@H](OC(=O)c2ncn(C3OC(COP(=O)(O)O)C(O)C3O)c2N)[C@H](C)[C@@H](O[C@@H]2O[C@H](C)[C@@H](O)[C@H](N(C)C)[C@H]2O)[C@@H](CCN2C[C@H](C)C[C@H](C)C2)C[C@@H](C)C(=O)/C=C/C(C)=C/[C@@H]1CO[C@@H]1O[C@H](C)[C@@H](O)[C@@H](OC)[C@H]1OC,CC[C@H]1OC(=O)C[C@@H](OC(=O)c2ncn(C3OC(COP(=O)(O)O)C(O)C3O)c2N)[C@H](C)[C@@H](O[C@@H]2O[C@H](C)[C@@H](O)[C@H](N(C)C)[C@H]2O)[C@@H](CCN2C[C@H](C)C[C@H](C)C2)C[C@@H](C)C(=O)/C=C/C(C)=C/[C@@H]1CO[C@@H]1O[C@H](C)[C@@H](O)[C@@H](OC)[C@H]1OC,TRUE,,-2.323
tilmicosin,Tilmicosin (ÌæÃ×¿¼ÐÇ),REF_TILMICOSIN,repository_reference,O30_attached_to_C26,30,26,C,MPM00373,5-Amino-1-(5-phospho-D-ribosyl)imidazole-4-carboxylate,Nc1c(C(=O)O)ncn1C1OC(COP(=O)(O)O)C(O)C1O,1,CC[C@H]1OC(=O)C[C@@H](O)[C@H](C)[C@@H](O[C@@H]2O[C@H](C)[C@@H](OC(=O)c3ncn(C4OC(COP(=O)(O)O)C(O)C4O)c3N)[C@H](N(C)C)[C@H]2O)[C@@H](CCN2C[C@H](C)C[C@H](C)C2)C[C@@H](C)C(=O)/C=C/C(C)=C/[C@@H]1CO[C@@H]1O[C@H](C)[C@@H](O)[C@@H](OC)[C@H]1OC,CC[C@H]1OC(=O)C[C@@H](O)[C@H](C)[C@@H](O[C@@H]2O[C@H](C)[C@@H](OC(=O)c3ncn(C4OC(COP(=O)(O)O)C(O)C4O)c3N)[C@H](N(C)C)[C@H]2O)[C@@H](CCN2C[C@H](C)C[C@H](C)C2)C[C@@H](C)C(=O)/C=C/C(C)=C/[C@@H]1CO[C@@H]1O[C@H](C)[C@@H](O)[C@@H](OC)[C@H]1OC,TRUE,,-2.333
tilmicosin,Tilmicosin (ÌæÃ×¿¼ÐÇ),REF_TILMICOSIN,repository_reference,O34_attached_to_C24,34,24,C,MPM00951,S-Succinyldihydrolipoamide,NC(=O)CCCCC(S)CCSC(=O)CCC(=O)O,1,CC[C@H]1OC(=O)C[C@@H](O)[C@H](C)[C@@H](O[C@@H]2O[C@H](C)[C@@H](O)[C@H](N(C)C)[C@H]2OC(=O)CCC(=O)SCCC(S)CCCCC(N)=O)[C@@H](CCN2C[C@H](C)C[C@H](C)C2)C[C@@H](C)C(=O)/C=C/C(C)=C/[C@@H]1CO[C@@H]1O[C@H](C)[C@@H](O)[C@@H](OC)[C@H]1OC,CC[C@H]1OC(=O)C[C@@H](O)[C@H](C)[C@@H](O[C@@H]2O[C@H](C)[C@@H](O)[C@H](N(C)C)[C@H]2OC(=O)CCC(=O)SCCC(S)CCCCC(N)=O)[C@@H](CCN2C[C@H](C)C[C@H](C)C2)C[C@@H](C)C(=O)/C=C/C(C)=C/[C@@H]1CO[C@@H]1O[C@H](C)[C@@H](O)[C@@H](OC)[C@H]1OC,TRUE,,-2.404
tilmicosin,Tilmicosin (ÌæÃ×¿¼ÐÇ),REF_TILMICOSIN,repository_reference,O56_attached_to_C52,56,52,C,MPM00951,S-Succinyldihydrolipoamide,NC(=O)CCCCC(S)CCSC(=O)CCC(=O)O,1,CC[C@H]1OC(=O)C[C@@H](O)[C@H](C)[C@@H](O[C@@H]2O[C@H](C)[C@@H](O)[C@H](N(C)C)[C@H]2O)[C@@H](CCN2C[C@H](C)C[C@H](C)C2)C[C@@H](C)C(=O)/C=C/C(C)=C/[C@@H]1CO[C@@H]1O[C@H](C)[C@@H](OC(=O)CCC(=O)SCCC(S)CCCCC(N)=O)[C@@H](OC)[C@H]1OC,CC[C@H]1OC(=O)C[C@@H](O)[C@H](C)[C@@H](O[C@@H]2O[C@H](C)[C@@H](O)[C@H](N(C)C)[C@H]2O)[C@@H](CCN2C[C@H](C)C[C@H](C)C2)C[C@@H](C)C(=O)/C=C/C(C)=C/[C@@H]1CO[C@@H]1O[C@H](C)[C@@H](OC(=O)CCC(=O)SCCC(S)CCCCC(N)=O)[C@@H](OC)[C@H]1OC,TRUE,,-2.428
tilmicosin,Tilmicosin (ÌæÃ×¿¼ÐÇ),REF_TILMICOSIN,repository_reference,O34_attached_to_C24,34,24,C,MPM00938,Se-Adenosylselenohomocysteine,Nc1ncnc2c1ncn2C1OC(C[Se]CCC(N)C(=O)O)C(O)C1O,1,CC[C@H]1OC(=O)C[C@@H](O)[C@H](C)[C@@H](O[C@@H]2O[C@H](C)[C@@H](O)[C@H](N(C)C)[C@H]2OC(=O)C(N)CC[Se]CC2OC(n3cnc4c(N)ncnc43)C(O)C2O)[C@@H](CCN2C[C@H](C)C[C@H](C)C2)C[C@@H](C)C(=O)/C=C/C(C)=C/[C@@H]1CO[C@@H]1O[C@H](C)[C@@H](O)[C@@H](OC)[C@H]1OC,CC[C@H]1OC(=O)C[C@@H](O)[C@H](C)[C@@H](O[C@@H]2O[C@H](C)[C@@H](O)[C@H](N(C)C)[C@H]2OC(=O)C(N)CC[Se]CC2OC(n3cnc4c(N)ncnc43)C(O)C2O)[C@@H](CCN2C[C@H](C)C[C@H](C)C2)C[C@@H](C)C(=O)/C=C/C(C)=C/[C@@H]1CO[C@@H]1O[C@H](C)[C@@H](O)[C@@H](OC)[C@H]1OC,TRUE,,-2.454
tilmicosin,Tilmicosin (ÌæÃ×¿¼ÐÇ),REF_TILMICOSIN,repository_reference,O56_attached_to_C52,56,52,C,MPM00938,Se-Adenosylselenohomocysteine,Nc1ncnc2c1ncn2C1OC(C[Se]CCC(N)C(=O)O)C(O)C1O,1,CC[C@H]1OC(=O)C[C@@H](O)[C@H](C)[C@@H](O[C@@H]2O[C@H](C)[C@@H](O)[C@H](N(C)C)[C@H]2O)[C@@H](CCN2C[C@H](C)C[C@H](C)C2)C[C@@H](C)C(=O)/C=C/C(C)=C/[C@@H]1CO[C@@H]1O[C@H](C)[C@@H](OC(=O)C(N)CC[Se]CC2OC(n3cnc4c(N)ncnc43)C(O)C2O)[C@@H](OC)[C@H]1OC,CC[C@H]1OC(=O)C[C@@H](O)[C@H](C)[C@@H](O[C@@H]2O[C@H](C)[C@@H](O)[C@H](N(C)C)[C@H]2O)[C@@H](CCN2C[C@H](C)C[C@H](C)C2)C[C@@H](C)C(=O)/C=C/C(C)=C/[C@@H]1CO[C@@H]1O[C@H](C)[C@@H](OC(=O)C(N)CC[Se]CC2OC(n3cnc4c(N)ncnc43)C(O)C2O)[C@@H](OC)[C@H]1OC,TRUE,,-2.479
tilmicosin,Tilmicosin (ÌæÃ×¿¼ÐÇ),REF_TILMICOSIN,repository_reference,O20_attached_to_C15,20,15,C,MPM00951,S-Succinyldihydrolipoamide,NC(=O)CCCCC(S)CCSC(=O)CCC(=O)O,1,CC[C@H]1OC(=O)C[C@@H](OC(=O)CCC(=O)SCCC(S)CCCCC(N)=O)[C@H](C)[C@@H](O[C@@H]2O[C@H](C)[C@@H](O)[C@H](N(C)C)[C@H]2O)[C@@H](CCN2C[C@H](C)C[C@H](C)C2)C[C@@H](C)C(=O)/C=C/C(C)=C/[C@@H]1CO[C@@H]1O[C@H](C)[C@@H](O)[C@@H](OC)[C@H]1OC,CC[C@H]1OC(=O)C[C@@H](OC(=O)CCC(=O)SCCC(S)CCCCC(N)=O)[C@H](C)[C@@H](O[C@@H]2O[C@H](C)[C@@H](O)[C@H](N(C)C)[C@H]2O)[C@@H](CCN2C[C@H](C)C[C@H](C)C2)C[C@@H](C)C(=O)/C=C/C(C)=C/[C@@H]1CO[C@@H]1O[C@H](C)[C@@H](O)[C@@H](OC)[C@H]1OC,TRUE,,-2.48
tilmicosin,Tilmicosin (ÌæÃ×¿¼ÐÇ),REF_TILMICOSIN,repository_reference,O30_attached_to_C26,30,26,C,MPM00951,S-Succinyldihydrolipoamide,NC(=O)CCCCC(S)CCSC(=O)CCC(=O)O,1,CC[C@H]1OC(=O)C[C@@H](O)[C@H](C)[C@@H](O[C@@H]2O[C@H](C)[C@@H](OC(=O)CCC(=O)SCCC(S)CCCCC(N)=O)[C@H](N(C)C)[C@H]2O)[C@@H](CCN2C[C@H](C)C[C@H](C)C2)C[C@@H](C)C(=O)/C=C/C(C)=C/[C@@H]1CO[C@@H]1O[C@H](C)[C@@H](O)[C@@H](OC)[C@H]1OC,CC[C@H]1OC(=O)C[C@@H](O)[C@H](C)[C@@H](O[C@@H]2O[C@H](C)[C@@H](OC(=O)CCC(=O)SCCC(S)CCCCC(N)=O)[C@H](N(C)C)[C@H]2O)[C@@H](CCN2C[C@H](C)C[C@H](C)C2)C[C@@H](C)C(=O)/C=C/C(C)=C/[C@@H]1CO[C@@H]1O[C@H](C)[C@@H](O)[C@@H](OC)[C@H]1OC,TRUE,,-2.483
tilmicosin,Tilmicosin (ÌæÃ×¿¼ÐÇ),REF_TILMICOSIN,repository_reference,O20_attached_to_C15,20,15,C,MPM00938,Se-Adenosylselenohomocysteine,Nc1ncnc2c1ncn2C1OC(C[Se]CCC(N)C(=O)O)C(O)C1O,1,CC[C@H]1OC(=O)C[C@@H](OC(=O)C(N)CC[Se]CC2OC(n3cnc4c(N)ncnc43)C(O)C2O)[C@H](C)[C@@H](O[C@@H]2O[C@H](C)[C@@H](O)[C@H](N(C)C)[C@H]2O)[C@@H](CCN2C[C@H](C)C[C@H](C)C2)C[C@@H](C)C(=O)/C=C/C(C)=C/[C@@H]1CO[C@@H]1O[C@H](C)[C@@H](O)[C@@H](OC)[C@H]1OC,CC[C@H]1OC(=O)C[C@@H](OC(=O)C(N)CC[Se]CC2OC(n3cnc4c(N)ncnc43)C(O)C2O)[C@H](C)[C@@H](O[C@@H]2O[C@H](C)[C@@H](O)[C@H](N(C)C)[C@H]2O)[C@@H](CCN2C[C@H](C)C[C@H](C)C2)C[C@@H](C)C(=O)/C=C/C(C)=C/[C@@H]1CO[C@@H]1O[C@H](C)[C@@H](O)[C@@H](OC)[C@H]1OC,TRUE,,-2.53
tilmicosin,Tilmicosin (ÌæÃ×¿¼ÐÇ),REF_TILMICOSIN,repository_reference,O30_attached_to_C26,30,26,C,MPM00938,Se-Adenosylselenohomocysteine,Nc1ncnc2c1ncn2C1OC(C[Se]CCC(N)C(=O)O)C(O)C1O,1,CC[C@H]1OC(=O)C[C@@H](O)[C@H](C)[C@@H](O[C@@H]2O[C@H](C)[C@@H](OC(=O)C(N)CC[Se]CC3OC(n4cnc5c(N)ncnc54)C(O)C3O)[C@H](N(C)C)[C@H]2O)[C@@H](CCN2C[C@H](C)C[C@H](C)C2)C[C@@H](C)C(=O)/C=C/C(C)=C/[C@@H]1CO[C@@H]1O[C@H](C)[C@@H](O)[C@@H](OC)[C@H]1OC,CC[C@H]1OC(=O)C[C@@H](O)[C@H](C)[C@@H](O[C@@H]2O[C@H](C)[C@@H](OC(=O)C(N)CC[Se]CC3OC(n4cnc5c(N)ncnc54)C(O)C3O)[C@H](N(C)C)[C@H]2O)[C@@H](CCN2C[C@H](C)C[C@H](C)C2)C[C@@H](C)C(=O)/C=C/C(C)=C/[C@@H]1CO[C@@H]1O[C@H](C)[C@@H](O)[C@@H](OC)[C@H]1OC,TRUE,,-2.534
