scaffold_slug,scaffold_name,scaffold_ref_id,scaffold_smiles_source,hydroxyl_site_id,hydroxyl_oxygen_atom_idx,hydroxyl_neighbor_atom_idx,hydroxyl_neighbor_symbol,representative_mpm_id,representative_name,neutralized_smiles,cooh_group_count,product_smiles,product_canonical_smiles,sanitize_ok,error_message,pMIC_pred(¦Ìmol/ml£©
tylosin,Tylosin (Ì©ÀÖ¾úËØ),REF_TYLOSIN,repository_reference,O20_attached_to_C15,20,15,C,MPM00863,PEP,C=C(OP(=O)(O)O)C(=O)O,1,C=C(OP(=O)(O)O)C(=O)O[C@@H]1CC(=O)O[C@H](CC)[C@@H](CO[C@@H]2O[C@H](C)[C@@H](O)[C@@H](OC)[C@H]2OC)/C=C(C)/C=C/C(=O)[C@H](C)C[C@H](CC=O)[C@H](O[C@@H]2O[C@H](C)[C@@H](O[C@H]3C[C@@](C)(O)[C@@H](O)[C@H](C)O3)[C@H](N(C)C)[C@H]2O)[C@H]1C,C=C(OP(=O)(O)O)C(=O)O[C@@H]1CC(=O)O[C@H](CC)[C@@H](CO[C@@H]2O[C@H](C)[C@@H](O)[C@@H](OC)[C@H]2OC)/C=C(C)/C=C/C(=O)[C@H](C)C[C@H](CC=O)[C@H](O[C@@H]2O[C@H](C)[C@@H](O[C@H]3C[C@@](C)(O)[C@@H](O)[C@H](C)O3)[C@H](N(C)C)[C@H]2O)[C@H]1C,TRUE,,-1.13
tylosin,Tylosin (Ì©ÀÖ¾úËØ),REF_TYLOSIN,repository_reference,O20_attached_to_C15,20,15,C,MPM00921,Pyroracemic acid,CC(=O)C(=O)O,1,CC[C@H]1OC(=O)C[C@@H](OC(=O)C(C)=O)[C@H](C)[C@@H](O[C@@H]2O[C@H](C)[C@@H](O[C@H]3C[C@@](C)(O)[C@@H](O)[C@H](C)O3)[C@H](N(C)C)[C@H]2O)[C@@H](CC=O)C[C@@H](C)C(=O)/C=C/C(C)=C/[C@@H]1CO[C@@H]1O[C@H](C)[C@@H](O)[C@@H](OC)[C@H]1OC,CC[C@H]1OC(=O)C[C@@H](OC(=O)C(C)=O)[C@H](C)[C@@H](O[C@@H]2O[C@H](C)[C@@H](O[C@H]3C[C@@](C)(O)[C@@H](O)[C@H](C)O3)[C@H](N(C)C)[C@H]2O)[C@@H](CC=O)C[C@@H](C)C(=O)/C=C/C(C)=C/[C@@H]1CO[C@@H]1O[C@H](C)[C@@H](O)[C@@H](OC)[C@H]1OC,TRUE,,-0.932
tylosin,Tylosin (Ì©ÀÖ¾úËØ),REF_TYLOSIN,repository_reference,O20_attached_to_C15,20,15,C,MPM00036,(2S)-2-Hydroxy-2-methyl-3-oxobutanoate,CC(=O)C(C)(O)C(=O)O,1,CC[C@H]1OC(=O)C[C@@H](OC(=O)C(C)(O)C(C)=O)[C@H](C)[C@@H](O[C@@H]2O[C@H](C)[C@@H](O[C@H]3C[C@@](C)(O)[C@@H](O)[C@H](C)O3)[C@H](N(C)C)[C@H]2O)[C@@H](CC=O)C[C@@H](C)C(=O)/C=C/C(C)=C/[C@@H]1CO[C@@H]1O[C@H](C)[C@@H](O)[C@@H](OC)[C@H]1OC,CC[C@H]1OC(=O)C[C@@H](OC(=O)C(C)(O)C(C)=O)[C@H](C)[C@@H](O[C@@H]2O[C@H](C)[C@@H](O[C@H]3C[C@@](C)(O)[C@@H](O)[C@H](C)O3)[C@H](N(C)C)[C@H]2O)[C@@H](CC=O)C[C@@H](C)C(=O)/C=C/C(C)=C/[C@@H]1CO[C@@H]1O[C@H](C)[C@@H](O)[C@@H](OC)[C@H]1OC,TRUE,,-1.607
tylosin,Tylosin (Ì©ÀÖ¾úËØ),REF_TYLOSIN,repository_reference,O20_attached_to_C15,20,15,C,MPM01075,(S)-2-Amino-3-oxobutanoic acid,CC(=O)C(N)C(=O)O,1,CC[C@H]1OC(=O)C[C@@H](OC(=O)C(N)C(C)=O)[C@H](C)[C@@H](O[C@@H]2O[C@H](C)[C@@H](O[C@H]3C[C@@](C)(O)[C@@H](O)[C@H](C)O3)[C@H](N(C)C)[C@H]2O)[C@@H](CC=O)C[C@@H](C)C(=O)/C=C/C(C)=C/[C@@H]1CO[C@@H]1O[C@H](C)[C@@H](O)[C@@H](OC)[C@H]1OC,CC[C@H]1OC(=O)C[C@@H](OC(=O)C(N)C(C)=O)[C@H](C)[C@@H](O[C@@H]2O[C@H](C)[C@@H](O[C@H]3C[C@@](C)(O)[C@@H](O)[C@H](C)O3)[C@H](N(C)C)[C@H]2O)[C@@H](CC=O)C[C@@H](C)C(=O)/C=C/C(C)=C/[C@@H]1CO[C@@H]1O[C@H](C)[C@@H](O)[C@@H](OC)[C@H]1OC,TRUE,,-0.887
tylosin,Tylosin (Ì©ÀÖ¾úËØ),REF_TYLOSIN,repository_reference,O20_attached_to_C15,20,15,C,MPM00419,Acetoacetic acid,CC(=O)CC(=O)O,1,CC[C@H]1OC(=O)C[C@@H](OC(=O)CC(C)=O)[C@H](C)[C@@H](O[C@@H]2O[C@H](C)[C@@H](O[C@H]3C[C@@](C)(O)[C@@H](O)[C@H](C)O3)[C@H](N(C)C)[C@H]2O)[C@@H](CC=O)C[C@@H](C)C(=O)/C=C/C(C)=C/[C@@H]1CO[C@@H]1O[C@H](C)[C@@H](O)[C@@H](OC)[C@H]1OC,CC[C@H]1OC(=O)C[C@@H](OC(=O)CC(C)=O)[C@H](C)[C@@H](O[C@@H]2O[C@H](C)[C@@H](O[C@H]3C[C@@](C)(O)[C@@H](O)[C@H](C)O3)[C@H](N(C)C)[C@H]2O)[C@@H](CC=O)C[C@@H](C)C(=O)/C=C/C(C)=C/[C@@H]1CO[C@@H]1O[C@H](C)[C@@H](O)[C@@H](OC)[C@H]1OC,TRUE,,-1.052
tylosin,Tylosin (Ì©ÀÖ¾úËØ),REF_TYLOSIN,repository_reference,O20_attached_to_C15,20,15,C,MPM00188,2-Acetamido-5-oxopentanoate,CC(=O)NC(CCC=O)C(=O)O,1,CC[C@H]1OC(=O)C[C@@H](OC(=O)C(CCC=O)NC(C)=O)[C@H](C)[C@@H](O[C@@H]2O[C@H](C)[C@@H](O[C@H]3C[C@@](C)(O)[C@@H](O)[C@H](C)O3)[C@H](N(C)C)[C@H]2O)[C@@H](CC=O)C[C@@H](C)C(=O)/C=C/C(C)=C/[C@@H]1CO[C@@H]1O[C@H](C)[C@@H](O)[C@@H](OC)[C@H]1OC,CC[C@H]1OC(=O)C[C@@H](OC(=O)C(CCC=O)NC(C)=O)[C@H](C)[C@@H](O[C@@H]2O[C@H](C)[C@@H](O[C@H]3C[C@@](C)(O)[C@@H](O)[C@H](C)O3)[C@H](N(C)C)[C@H]2O)[C@@H](CC=O)C[C@@H](C)C(=O)/C=C/C(C)=C/[C@@H]1CO[C@@H]1O[C@H](C)[C@@H](O)[C@@H](OC)[C@H]1OC,TRUE,,-1.595
tylosin,Tylosin (Ì©ÀÖ¾úËØ),REF_TYLOSIN,repository_reference,O20_attached_to_C15,20,15,C,MPM01517,N2-Acetyl-L-ornithine,CC(=O)NC(CCCN)C(=O)O,1,CC[C@H]1OC(=O)C[C@@H](OC(=O)C(CCCN)NC(C)=O)[C@H](C)[C@@H](O[C@@H]2O[C@H](C)[C@@H](O[C@H]3C[C@@](C)(O)[C@@H](O)[C@H](C)O3)[C@H](N(C)C)[C@H]2O)[C@@H](CC=O)C[C@@H](C)C(=O)/C=C/C(C)=C/[C@@H]1CO[C@@H]1O[C@H](C)[C@@H](O)[C@@H](OC)[C@H]1OC,CC[C@H]1OC(=O)C[C@@H](OC(=O)C(CCCN)NC(C)=O)[C@H](C)[C@@H](O[C@@H]2O[C@H](C)[C@@H](O[C@H]3C[C@@](C)(O)[C@@H](O)[C@H](C)O3)[C@H](N(C)C)[C@H]2O)[C@@H](CC=O)C[C@@H](C)C(=O)/C=C/C(C)=C/[C@@H]1CO[C@@H]1O[C@H](C)[C@@H](O)[C@@H](OC)[C@H]1OC,TRUE,,-0.912
tylosin,Tylosin (Ì©ÀÖ¾úËØ),REF_TYLOSIN,repository_reference,O20_attached_to_C15,20,15,C,MPM00819,Neu5Ac,CC(=O)NC1C(O)CC(O)(C(=O)O)OC1C(O)C(O)CO,1,CC[C@H]1OC(=O)C[C@@H](OC(=O)C2(O)CC(O)C(NC(C)=O)C(C(O)C(O)CO)O2)[C@H](C)[C@@H](O[C@@H]2O[C@H](C)[C@@H](O[C@H]3C[C@@](C)(O)[C@@H](O)[C@H](C)O3)[C@H](N(C)C)[C@H]2O)[C@@H](CC=O)C[C@@H](C)C(=O)/C=C/C(C)=C/[C@@H]1CO[C@@H]1O[C@H](C)[C@@H](O)[C@@H](OC)[C@H]1OC,CC[C@H]1OC(=O)C[C@@H](OC(=O)C2(O)CC(O)C(NC(C)=O)C(C(O)C(O)CO)O2)[C@H](C)[C@@H](O[C@@H]2O[C@H](C)[C@@H](O[C@H]3C[C@@](C)(O)[C@@H](O)[C@H](C)O3)[C@H](N(C)C)[C@H]2O)[C@@H](CC=O)C[C@@H](C)C(=O)/C=C/C(C)=C/[C@@H]1CO[C@@H]1O[C@H](C)[C@@H](O)[C@@H](OC)[C@H]1OC,TRUE,,-2.375
tylosin,Tylosin (Ì©ÀÖ¾úËØ),REF_TYLOSIN,repository_reference,O20_attached_to_C15,20,15,C,MPM00806,N-Acetyl-D-muramoate,CC(=O)NC1C(O)OC(CO)C(O)C1OC(C)C(=O)O,1,CC[C@H]1OC(=O)C[C@@H](OC(=O)C(C)OC2C(O)C(CO)OC(O)C2NC(C)=O)[C@H](C)[C@@H](O[C@@H]2O[C@H](C)[C@@H](O[C@H]3C[C@@](C)(O)[C@@H](O)[C@H](C)O3)[C@H](N(C)C)[C@H]2O)[C@@H](CC=O)C[C@@H](C)C(=O)/C=C/C(C)=C/[C@@H]1CO[C@@H]1O[C@H](C)[C@@H](O)[C@@H](OC)[C@H]1OC,CC[C@H]1OC(=O)C[C@@H](OC(=O)C(C)OC2C(O)C(CO)OC(O)C2NC(C)=O)[C@H](C)[C@@H](O[C@@H]2O[C@H](C)[C@@H](O[C@H]3C[C@@](C)(O)[C@@H](O)[C@H](C)O3)[C@H](N(C)C)[C@H]2O)[C@@H](CC=O)C[C@@H](C)C(=O)/C=C/C(C)=C/[C@@H]1CO[C@@H]1O[C@H](C)[C@@H](O)[C@@H](OC)[C@H]1OC,TRUE,,-2.021
tylosin,Tylosin (Ì©ÀÖ¾úËØ),REF_TYLOSIN,repository_reference,O20_attached_to_C15,20,15,C,MPM00632,Ethanoic acid,CC(=O)O,1,CC[C@H]1OC(=O)C[C@@H](OC(C)=O)[C@H](C)[C@@H](O[C@@H]2O[C@H](C)[C@@H](O[C@H]3C[C@@](C)(O)[C@@H](O)[C@H](C)O3)[C@H](N(C)C)[C@H]2O)[C@@H](CC=O)C[C@@H](C)C(=O)/C=C/C(C)=C/[C@@H]1CO[C@@H]1O[C@H](C)[C@@H](O)[C@@H](OC)[C@H]1OC,CC[C@H]1OC(=O)C[C@@H](OC(C)=O)[C@H](C)[C@@H](O[C@@H]2O[C@H](C)[C@@H](O[C@H]3C[C@@](C)(O)[C@@H](O)[C@H](C)O3)[C@H](N(C)C)[C@H]2O)[C@@H](CC=O)C[C@@H](C)C(=O)/C=C/C(C)=C/[C@@H]1CO[C@@H]1O[C@H](C)[C@@H](O)[C@@H](OC)[C@H]1OC,TRUE,,-0.99
tylosin,Tylosin (Ì©ÀÖ¾úËØ),REF_TYLOSIN,repository_reference,O20_attached_to_C15,20,15,C,MPM01530,O3-Acetyl-L-serine,CC(=O)OCC(N)C(=O)O,1,CC[C@H]1OC(=O)C[C@@H](OC(=O)C(N)COC(C)=O)[C@H](C)[C@@H](O[C@@H]2O[C@H](C)[C@@H](O[C@H]3C[C@@](C)(O)[C@@H](O)[C@H](C)O3)[C@H](N(C)C)[C@H]2O)[C@@H](CC=O)C[C@@H](C)C(=O)/C=C/C(C)=C/[C@@H]1CO[C@@H]1O[C@H](C)[C@@H](O)[C@@H](OC)[C@H]1OC,CC[C@H]1OC(=O)C[C@@H](OC(=O)C(N)COC(C)=O)[C@H](C)[C@@H](O[C@@H]2O[C@H](C)[C@@H](O[C@H]3C[C@@](C)(O)[C@@H](O)[C@H](C)O3)[C@H](N(C)C)[C@H]2O)[C@@H](CC=O)C[C@@H](C)C(=O)/C=C/C(C)=C/[C@@H]1CO[C@@H]1O[C@H](C)[C@@H](O)[C@@H](OC)[C@H]1OC,TRUE,,-0.739
tylosin,Tylosin (Ì©ÀÖ¾úËØ),REF_TYLOSIN,repository_reference,O20_attached_to_C15,20,15,C,MPM01531,O-Acetylhomoserine,CC(=O)OCCC(N)C(=O)O,1,CC[C@H]1OC(=O)C[C@@H](OC(=O)C(N)CCOC(C)=O)[C@H](C)[C@@H](O[C@@H]2O[C@H](C)[C@@H](O[C@H]3C[C@@](C)(O)[C@@H](O)[C@H](C)O3)[C@H](N(C)C)[C@H]2O)[C@@H](CC=O)C[C@@H](C)C(=O)/C=C/C(C)=C/[C@@H]1CO[C@@H]1O[C@H](C)[C@@H](O)[C@@H](OC)[C@H]1OC,CC[C@H]1OC(=O)C[C@@H](OC(=O)C(N)CCOC(C)=O)[C@H](C)[C@@H](O[C@@H]2O[C@H](C)[C@@H](O[C@H]3C[C@@](C)(O)[C@@H](O)[C@H](C)O3)[C@H](N(C)C)[C@H]2O)[C@@H](CC=O)C[C@@H](C)C(=O)/C=C/C(C)=C/[C@@H]1CO[C@@H]1O[C@H](C)[C@@H](O)[C@@H](OC)[C@H]1OC,TRUE,,-0.926
tylosin,Tylosin (Ì©ÀÖ¾úËØ),REF_TYLOSIN,repository_reference,O20_attached_to_C15,20,15,C,MPM00396,6-Acetylthiohexanoic acid,CC(=O)SCCCCCC(=O)O,1,CC[C@H]1OC(=O)C[C@@H](OC(=O)CCCCCSC(C)=O)[C@H](C)[C@@H](O[C@@H]2O[C@H](C)[C@@H](O[C@H]3C[C@@](C)(O)[C@@H](O)[C@H](C)O3)[C@H](N(C)C)[C@H]2O)[C@@H](CC=O)C[C@@H](C)C(=O)/C=C/C(C)=C/[C@@H]1CO[C@@H]1O[C@H](C)[C@@H](O)[C@@H](OC)[C@H]1OC,CC[C@H]1OC(=O)C[C@@H](OC(=O)CCCCCSC(C)=O)[C@H](C)[C@@H](O[C@@H]2O[C@H](C)[C@@H](O[C@H]3C[C@@](C)(O)[C@@H](O)[C@H](C)O3)[C@H](N(C)C)[C@H]2O)[C@@H](CC=O)C[C@@H](C)C(=O)/C=C/C(C)=C/[C@@H]1CO[C@@H]1O[C@H](C)[C@@H](O)[C@@H](OC)[C@H]1OC,TRUE,,-1.956
tylosin,Tylosin (Ì©ÀÖ¾úËØ),REF_TYLOSIN,repository_reference,O20_attached_to_C15,20,15,C,MPM00215,2-Dehydropantoate,CC(C)(CO)C(=O)C(=O)O,1,CC[C@H]1OC(=O)C[C@@H](OC(=O)C(=O)C(C)(C)CO)[C@H](C)[C@@H](O[C@@H]2O[C@H](C)[C@@H](O[C@H]3C[C@@](C)(O)[C@@H](O)[C@H](C)O3)[C@H](N(C)C)[C@H]2O)[C@@H](CC=O)C[C@@H](C)C(=O)/C=C/C(C)=C/[C@@H]1CO[C@@H]1O[C@H](C)[C@@H](O)[C@@H](OC)[C@H]1OC,CC[C@H]1OC(=O)C[C@@H](OC(=O)C(=O)C(C)(C)CO)[C@H](C)[C@@H](O[C@@H]2O[C@H](C)[C@@H](O[C@H]3C[C@@](C)(O)[C@@H](O)[C@H](C)O3)[C@H](N(C)C)[C@H]2O)[C@@H](CC=O)C[C@@H](C)C(=O)/C=C/C(C)=C/[C@@H]1CO[C@@H]1O[C@H](C)[C@@H](O)[C@@H](OC)[C@H]1OC,TRUE,,-0.806
tylosin,Tylosin (Ì©ÀÖ¾úËØ),REF_TYLOSIN,repository_reference,O20_attached_to_C15,20,15,C,MPM00831,N-Pantothenoylcysteine,CC(C)(CO)C(O)C(=O)NCCC(=O)NC(CS)C(=O)O,1,CC[C@H]1OC(=O)C[C@@H](OC(=O)C(CS)NC(=O)CCNC(=O)C(O)C(C)(C)CO)[C@H](C)[C@@H](O[C@@H]2O[C@H](C)[C@@H](O[C@H]3C[C@@](C)(O)[C@@H](O)[C@H](C)O3)[C@H](N(C)C)[C@H]2O)[C@@H](CC=O)C[C@@H](C)C(=O)/C=C/C(C)=C/[C@@H]1CO[C@@H]1O[C@H](C)[C@@H](O)[C@@H](OC)[C@H]1OC,CC[C@H]1OC(=O)C[C@@H](OC(=O)C(CS)NC(=O)CCNC(=O)C(O)C(C)(C)CO)[C@H](C)[C@@H](O[C@@H]2O[C@H](C)[C@@H](O[C@H]3C[C@@](C)(O)[C@@H](O)[C@H](C)O3)[C@H](N(C)C)[C@H]2O)[C@@H](CC=O)C[C@@H](C)C(=O)/C=C/C(C)=C/[C@@H]1CO[C@@H]1O[C@H](C)[C@@H](O)[C@@H](OC)[C@H]1OC,TRUE,,-2.771
tylosin,Tylosin (Ì©ÀÖ¾úËØ),REF_TYLOSIN,repository_reference,O20_attached_to_C15,20,15,C,MPM00087,(R)-Pantothenate,CC(C)(CO)C(O)C(=O)NCCC(=O)O,1,CC[C@H]1OC(=O)C[C@@H](OC(=O)CCNC(=O)C(O)C(C)(C)CO)[C@H](C)[C@@H](O[C@@H]2O[C@H](C)[C@@H](O[C@H]3C[C@@](C)(O)[C@@H](O)[C@H](C)O3)[C@H](N(C)C)[C@H]2O)[C@@H](CC=O)C[C@@H](C)C(=O)/C=C/C(C)=C/[C@@H]1CO[C@@H]1O[C@H](C)[C@@H](O)[C@@H](OC)[C@H]1OC,CC[C@H]1OC(=O)C[C@@H](OC(=O)CCNC(=O)C(O)C(C)(C)CO)[C@H](C)[C@@H](O[C@@H]2O[C@H](C)[C@@H](O[C@H]3C[C@@](C)(O)[C@@H](O)[C@H](C)O3)[C@H](N(C)C)[C@H]2O)[C@@H](CC=O)C[C@@H](C)C(=O)/C=C/C(C)=C/[C@@H]1CO[C@@H]1O[C@H](C)[C@@H](O)[C@@H](OC)[C@H]1OC,TRUE,,-1.202
tylosin,Tylosin (Ì©ÀÖ¾úËØ),REF_TYLOSIN,repository_reference,O20_attached_to_C15,20,15,C,MPM00080,(R)-4'-Phosphopantothenate,CC(C)(COP(=O)(O)O)C(O)C(=O)NCCC(=O)O,1,CC[C@H]1OC(=O)C[C@@H](OC(=O)CCNC(=O)C(O)C(C)(C)COP(=O)(O)O)[C@H](C)[C@@H](O[C@@H]2O[C@H](C)[C@@H](O[C@H]3C[C@@](C)(O)[C@@H](O)[C@H](C)O3)[C@H](N(C)C)[C@H]2O)[C@@H](CC=O)C[C@@H](C)C(=O)/C=C/C(C)=C/[C@@H]1CO[C@@H]1O[C@H](C)[C@@H](O)[C@@H](OC)[C@H]1OC,CC[C@H]1OC(=O)C[C@@H](OC(=O)CCNC(=O)C(O)C(C)(C)COP(=O)(O)O)[C@H](C)[C@@H](O[C@@H]2O[C@H](C)[C@@H](O[C@H]3C[C@@](C)(O)[C@@H](O)[C@H](C)O3)[C@H](N(C)C)[C@H]2O)[C@@H](CC=O)C[C@@H](C)C(=O)/C=C/C(C)=C/[C@@H]1CO[C@@H]1O[C@H](C)[C@@H](O)[C@@H](OC)[C@H]1OC,TRUE,,-1.601
tylosin,Tylosin (Ì©ÀÖ¾úËØ),REF_TYLOSIN,repository_reference,O20_attached_to_C15,20,15,C,MPM00026,"(2R)-2,3-Dihydroxy-3-methylbutanoate",CC(C)(O)C(O)C(=O)O,1,CC[C@H]1OC(=O)C[C@@H](OC(=O)C(O)C(C)(C)O)[C@H](C)[C@@H](O[C@@H]2O[C@H](C)[C@@H](O[C@H]3C[C@@](C)(O)[C@@H](O)[C@H](C)O3)[C@H](N(C)C)[C@H]2O)[C@@H](CC=O)C[C@@H](C)C(=O)/C=C/C(C)=C/[C@@H]1CO[C@@H]1O[C@H](C)[C@@H](O)[C@@H](OC)[C@H]1OC,CC[C@H]1OC(=O)C[C@@H](OC(=O)C(O)C(C)(C)O)[C@H](C)[C@@H](O[C@@H]2O[C@H](C)[C@@H](O[C@H]3C[C@@](C)(O)[C@@H](O)[C@H](C)O3)[C@H](N(C)C)[C@H]2O)[C@@H](CC=O)C[C@@H](C)C(=O)/C=C/C(C)=C/[C@@H]1CO[C@@H]1O[C@H](C)[C@@H](O)[C@@H](OC)[C@H]1OC,TRUE,,-1.348
tylosin,Tylosin (Ì©ÀÖ¾úËØ),REF_TYLOSIN,repository_reference,O20_attached_to_C15,20,15,C,MPM00242,2-Keto-3-methylbutyric acid,CC(C)C(=O)C(=O)O,1,CC[C@H]1OC(=O)C[C@@H](OC(=O)C(=O)C(C)C)[C@H](C)[C@@H](O[C@@H]2O[C@H](C)[C@@H](O[C@H]3C[C@@](C)(O)[C@@H](O)[C@H](C)O3)[C@H](N(C)C)[C@H]2O)[C@@H](CC=O)C[C@@H](C)C(=O)/C=C/C(C)=C/[C@@H]1CO[C@@H]1O[C@H](C)[C@@H](O)[C@@H](OC)[C@H]1OC,CC[C@H]1OC(=O)C[C@@H](OC(=O)C(=O)C(C)C)[C@H](C)[C@@H](O[C@@H]2O[C@H](C)[C@@H](O[C@H]3C[C@@](C)(O)[C@@H](O)[C@H](C)O3)[C@H](N(C)C)[C@H]2O)[C@@H](CC=O)C[C@@H](C)C(=O)/C=C/C(C)=C/[C@@H]1CO[C@@H]1O[C@H](C)[C@@H](O)[C@@H](OC)[C@H]1OC,TRUE,,-0.993
tylosin,Tylosin (Ì©ÀÖ¾úËØ),REF_TYLOSIN,repository_reference,O20_attached_to_C15,20,15,C,MPM00716,Isobutyrate,CC(C)C(=O)O,1,CC[C@H]1OC(=O)C[C@@H](OC(=O)C(C)C)[C@H](C)[C@@H](O[C@@H]2O[C@H](C)[C@@H](O[C@H]3C[C@@](C)(O)[C@@H](O)[C@H](C)O3)[C@H](N(C)C)[C@H]2O)[C@@H](CC=O)C[C@@H](C)C(=O)/C=C/C(C)=C/[C@@H]1CO[C@@H]1O[C@H](C)[C@@H](O)[C@@H](OC)[C@H]1OC,CC[C@H]1OC(=O)C[C@@H](OC(=O)C(C)C)[C@H](C)[C@@H](O[C@@H]2O[C@H](C)[C@@H](O[C@H]3C[C@@](C)(O)[C@@H](O)[C@H](C)O3)[C@H](N(C)C)[C@H]2O)[C@@H](CC=O)C[C@@H](C)C(=O)/C=C/C(C)=C/[C@@H]1CO[C@@H]1O[C@H](C)[C@@H](O)[C@@H](OC)[C@H]1OC,TRUE,,-1.062
tylosin,Tylosin (Ì©ÀÖ¾úËØ),REF_TYLOSIN,repository_reference,O20_attached_to_C15,20,15,C,MPM01137,2-Amino-3-methylbutyric acid,CC(C)C(N)C(=O)O,1,CC[C@H]1OC(=O)C[C@@H](OC(=O)C(N)C(C)C)[C@H](C)[C@@H](O[C@@H]2O[C@H](C)[C@@H](O[C@H]3C[C@@](C)(O)[C@@H](O)[C@H](C)O3)[C@H](N(C)C)[C@H]2O)[C@@H](CC=O)C[C@@H](C)C(=O)/C=C/C(C)=C/[C@@H]1CO[C@@H]1O[C@H](C)[C@@H](O)[C@@H](OC)[C@H]1OC,CC[C@H]1OC(=O)C[C@@H](OC(=O)C(N)C(C)C)[C@H](C)[C@@H](O[C@@H]2O[C@H](C)[C@@H](O[C@H]3C[C@@](C)(O)[C@@H](O)[C@H](C)O3)[C@H](N(C)C)[C@H]2O)[C@@H](CC=O)C[C@@H](C)C(=O)/C=C/C(C)=C/[C@@H]1CO[C@@H]1O[C@H](C)[C@@H](O)[C@@H](OC)[C@H]1OC,TRUE,,-1.027
tylosin,Tylosin (Ì©ÀÖ¾úËØ),REF_TYLOSIN,repository_reference,O20_attached_to_C15,20,15,C,MPM00260,2-Oxoisocaproate,CC(C)CC(=O)C(=O)O,1,CC[C@H]1OC(=O)C[C@@H](OC(=O)C(=O)CC(C)C)[C@H](C)[C@@H](O[C@@H]2O[C@H](C)[C@@H](O[C@H]3C[C@@](C)(O)[C@@H](O)[C@H](C)O3)[C@H](N(C)C)[C@H]2O)[C@@H](CC=O)C[C@@H](C)C(=O)/C=C/C(C)=C/[C@@H]1CO[C@@H]1O[C@H](C)[C@@H](O)[C@@H](OC)[C@H]1OC,CC[C@H]1OC(=O)C[C@@H](OC(=O)C(=O)CC(C)C)[C@H](C)[C@@H](O[C@@H]2O[C@H](C)[C@@H](O[C@H]3C[C@@](C)(O)[C@@H](O)[C@H](C)O3)[C@H](N(C)C)[C@H]2O)[C@@H](CC=O)C[C@@H](C)C(=O)/C=C/C(C)=C/[C@@H]1CO[C@@H]1O[C@H](C)[C@@H](O)[C@@H](OC)[C@H]1OC,TRUE,,-1.222
tylosin,Tylosin (Ì©ÀÖ¾úËØ),REF_TYLOSIN,repository_reference,O20_attached_to_C15,20,15,C,MPM00720,Isovalerate,CC(C)CC(=O)O,1,CC[C@H]1OC(=O)C[C@@H](OC(=O)CC(C)C)[C@H](C)[C@@H](O[C@@H]2O[C@H](C)[C@@H](O[C@H]3C[C@@](C)(O)[C@@H](O)[C@H](C)O3)[C@H](N(C)C)[C@H]2O)[C@@H](CC=O)C[C@@H](C)C(=O)/C=C/C(C)=C/[C@@H]1CO[C@@H]1O[C@H](C)[C@@H](O)[C@@H](OC)[C@H]1OC,CC[C@H]1OC(=O)C[C@@H](OC(=O)CC(C)C)[C@H](C)[C@@H](O[C@@H]2O[C@H](C)[C@@H](O[C@H]3C[C@@](C)(O)[C@@H](O)[C@H](C)O3)[C@H](N(C)C)[C@H]2O)[C@@H](CC=O)C[C@@H](C)C(=O)/C=C/C(C)=C/[C@@H]1CO[C@@H]1O[C@H](C)[C@@H](O)[C@@H](OC)[C@H]1OC,TRUE,,-1.291
tylosin,Tylosin (Ì©ÀÖ¾úËØ),REF_TYLOSIN,repository_reference,O20_attached_to_C15,20,15,C,MPM01055,(2S)-alpha-Leucine,CC(C)CC(N)C(=O)O,1,CC[C@H]1OC(=O)C[C@@H](OC(=O)C(N)CC(C)C)[C@H](C)[C@@H](O[C@@H]2O[C@H](C)[C@@H](O[C@H]3C[C@@](C)(O)[C@@H](O)[C@H](C)O3)[C@H](N(C)C)[C@H]2O)[C@@H](CC=O)C[C@@H](C)C(=O)/C=C/C(C)=C/[C@@H]1CO[C@@H]1O[C@H](C)[C@@H](O)[C@@H](OC)[C@H]1OC,CC[C@H]1OC(=O)C[C@@H](OC(=O)C(N)CC(C)C)[C@H](C)[C@@H](O[C@@H]2O[C@H](C)[C@@H](O[C@H]3C[C@@](C)(O)[C@@H](O)[C@H](C)O3)[C@H](N(C)C)[C@H]2O)[C@@H](CC=O)C[C@@H](C)C(=O)/C=C/C(C)=C/[C@@H]1CO[C@@H]1O[C@H](C)[C@@H](O)[C@@H](OC)[C@H]1OC,TRUE,,-1.109
tylosin,Tylosin (Ì©ÀÖ¾úËØ),REF_TYLOSIN,repository_reference,O20_attached_to_C15,20,15,C,MPM00737,l-Alanyl-l-leucine,CC(C)CC(NC(=O)C(C)N)C(=O)O,1,CC[C@H]1OC(=O)C[C@@H](OC(=O)C(CC(C)C)NC(=O)C(C)N)[C@H](C)[C@@H](O[C@@H]2O[C@H](C)[C@@H](O[C@H]3C[C@@](C)(O)[C@@H](O)[C@H](C)O3)[C@H](N(C)C)[C@H]2O)[C@@H](CC=O)C[C@@H](C)C(=O)/C=C/C(C)=C/[C@@H]1CO[C@@H]1O[C@H](C)[C@@H](O)[C@@H](OC)[C@H]1OC,CC[C@H]1OC(=O)C[C@@H](OC(=O)C(CC(C)C)NC(=O)C(C)N)[C@H](C)[C@@H](O[C@@H]2O[C@H](C)[C@@H](O[C@H]3C[C@@](C)(O)[C@@H](O)[C@H](C)O3)[C@H](N(C)C)[C@H]2O)[C@@H](CC=O)C[C@@H](C)C(=O)/C=C/C(C)=C/[C@@H]1CO[C@@H]1O[C@H](C)[C@@H](O)[C@@H](OC)[C@H]1OC,TRUE,,-1.259
tylosin,Tylosin (Ì©ÀÖ¾úËØ),REF_TYLOSIN,repository_reference,O20_attached_to_C15,20,15,C,MPM00675,Glycyl-L-leucine,CC(C)CC(NC(=O)CN)C(=O)O,1,CC[C@H]1OC(=O)C[C@@H](OC(=O)C(CC(C)C)NC(=O)CN)[C@H](C)[C@@H](O[C@@H]2O[C@H](C)[C@@H](O[C@H]3C[C@@](C)(O)[C@@H](O)[C@H](C)O3)[C@H](N(C)C)[C@H]2O)[C@@H](CC=O)C[C@@H](C)C(=O)/C=C/C(C)=C/[C@@H]1CO[C@@H]1O[C@H](C)[C@@H](O)[C@@H](OC)[C@H]1OC,CC[C@H]1OC(=O)C[C@@H](OC(=O)C(CC(C)C)NC(=O)CN)[C@H](C)[C@@H](O[C@@H]2O[C@H](C)[C@@H](O[C@H]3C[C@@](C)(O)[C@@H](O)[C@H](C)O3)[C@H](N(C)C)[C@H]2O)[C@@H](CC=O)C[C@@H](C)C(=O)/C=C/C(C)=C/[C@@H]1CO[C@@H]1O[C@H](C)[C@@H](O)[C@@H](OC)[C@H]1OC,TRUE,,-0.882
tylosin,Tylosin (Ì©ÀÖ¾úËØ),REF_TYLOSIN,repository_reference,O20_attached_to_C15,20,15,C,MPM00108,(S)-methylmalonate semialdehyde,CC(C=O)C(=O)O,1,CC[C@H]1OC(=O)C[C@@H](OC(=O)C(C)C=O)[C@H](C)[C@@H](O[C@@H]2O[C@H](C)[C@@H](O[C@H]3C[C@@](C)(O)[C@@H](O)[C@H](C)O3)[C@H](N(C)C)[C@H]2O)[C@@H](CC=O)C[C@@H](C)C(=O)/C=C/C(C)=C/[C@@H]1CO[C@@H]1O[C@H](C)[C@@H](O)[C@@H](OC)[C@H]1OC,CC[C@H]1OC(=O)C[C@@H](OC(=O)C(C)C=O)[C@H](C)[C@@H](O[C@@H]2O[C@H](C)[C@@H](O[C@H]3C[C@@](C)(O)[C@@H](O)[C@H](C)O3)[C@H](N(C)C)[C@H]2O)[C@@H](CC=O)C[C@@H](C)C(=O)/C=C/C(C)=C/[C@@H]1CO[C@@H]1O[C@H](C)[C@@H](O)[C@@H](OC)[C@H]1OC,TRUE,,-1.209
tylosin,Tylosin (Ì©ÀÖ¾úËØ),REF_TYLOSIN,repository_reference,O20_attached_to_C15,20,15,C,MPM01359,D-Ala-D-Ala,CC(N)C(=O)NC(C)C(=O)O,1,CC[C@H]1OC(=O)C[C@@H](OC(=O)C(C)NC(=O)C(C)N)[C@H](C)[C@@H](O[C@@H]2O[C@H](C)[C@@H](O[C@H]3C[C@@](C)(O)[C@@H](O)[C@H](C)O3)[C@H](N(C)C)[C@H]2O)[C@@H](CC=O)C[C@@H](C)C(=O)/C=C/C(C)=C/[C@@H]1CO[C@@H]1O[C@H](C)[C@@H](O)[C@@H](OC)[C@H]1OC,CC[C@H]1OC(=O)C[C@@H](OC(=O)C(C)NC(=O)C(C)N)[C@H](C)[C@@H](O[C@@H]2O[C@H](C)[C@@H](O[C@H]3C[C@@](C)(O)[C@@H](O)[C@H](C)O3)[C@H](N(C)C)[C@H]2O)[C@@H](CC=O)C[C@@H](C)C(=O)/C=C/C(C)=C/[C@@H]1CO[C@@H]1O[C@H](C)[C@@H](O)[C@@H](OC)[C@H]1OC,TRUE,,-0.813
tylosin,Tylosin (Ì©ÀÖ¾úËØ),REF_TYLOSIN,repository_reference,O20_attached_to_C15,20,15,C,MPM00736,l-Alanyl-l-glutamine,CC(N)C(=O)NC(CCC(N)=O)C(=O)O,1,CC[C@H]1OC(=O)C[C@@H](OC(=O)C(CCC(N)=O)NC(=O)C(C)N)[C@H](C)[C@@H](O[C@@H]2O[C@H](C)[C@@H](O[C@H]3C[C@@](C)(O)[C@@H](O)[C@H](C)O3)[C@H](N(C)C)[C@H]2O)[C@@H](CC=O)C[C@@H](C)C(=O)/C=C/C(C)=C/[C@@H]1CO[C@@H]1O[C@H](C)[C@@H](O)[C@@H](OC)[C@H]1OC,CC[C@H]1OC(=O)C[C@@H](OC(=O)C(CCC(N)=O)NC(=O)C(C)N)[C@H](C)[C@@H](O[C@@H]2O[C@H](C)[C@@H](O[C@H]3C[C@@](C)(O)[C@@H](O)[C@H](C)O3)[C@H](N(C)C)[C@H]2O)[C@@H](CC=O)C[C@@H](C)C(=O)/C=C/C(C)=C/[C@@H]1CO[C@@H]1O[C@H](C)[C@@H](O)[C@@H](OC)[C@H]1OC,TRUE,,-0.795
tylosin,Tylosin (Ì©ÀÖ¾úËØ),REF_TYLOSIN,repository_reference,O20_attached_to_C15,20,15,C,MPM00440,Ala-His,CC(N)C(=O)NC(Cc1cnc[nH]1)C(=O)O,1,CC[C@H]1OC(=O)C[C@@H](OC(=O)C(Cc2cnc[nH]2)NC(=O)C(C)N)[C@H](C)[C@@H](O[C@@H]2O[C@H](C)[C@@H](O[C@H]3C[C@@](C)(O)[C@@H](O)[C@H](C)O3)[C@H](N(C)C)[C@H]2O)[C@@H](CC=O)C[C@@H](C)C(=O)/C=C/C(C)=C/[C@@H]1CO[C@@H]1O[C@H](C)[C@@H](O)[C@@H](OC)[C@H]1OC,CC[C@H]1OC(=O)C[C@@H](OC(=O)C(Cc2cnc[nH]2)NC(=O)C(C)N)[C@H](C)[C@@H](O[C@@H]2O[C@H](C)[C@@H](O[C@H]3C[C@@](C)(O)[C@@H](O)[C@H](C)O3)[C@H](N(C)C)[C@H]2O)[C@@H](CC=O)C[C@@H](C)C(=O)/C=C/C(C)=C/[C@@H]1CO[C@@H]1O[C@H](C)[C@@H](O)[C@@H](OC)[C@H]1OC,TRUE,,-1.058
tylosin,Tylosin (Ì©ÀÖ¾úËØ),REF_TYLOSIN,repository_reference,O20_attached_to_C15,20,15,C,MPM00441,Alanylglycine,CC(N)C(=O)NCC(=O)O,1,CC[C@H]1OC(=O)C[C@@H](OC(=O)CNC(=O)C(C)N)[C@H](C)[C@@H](O[C@@H]2O[C@H](C)[C@@H](O[C@H]3C[C@@](C)(O)[C@@H](O)[C@H](C)O3)[C@H](N(C)C)[C@H]2O)[C@@H](CC=O)C[C@@H](C)C(=O)/C=C/C(C)=C/[C@@H]1CO[C@@H]1O[C@H](C)[C@@H](O)[C@@H](OC)[C@H]1OC,CC[C@H]1OC(=O)C[C@@H](OC(=O)CNC(=O)C(C)N)[C@H](C)[C@@H](O[C@@H]2O[C@H](C)[C@@H](O[C@H]3C[C@@](C)(O)[C@@H](O)[C@H](C)O3)[C@H](N(C)C)[C@H]2O)[C@@H](CC=O)C[C@@H](C)C(=O)/C=C/C(C)=C/[C@@H]1CO[C@@H]1O[C@H](C)[C@@H](O)[C@@H](OC)[C@H]1OC,TRUE,,-0.625
tylosin,Tylosin (Ì©ÀÖ¾úËØ),REF_TYLOSIN,repository_reference,O20_attached_to_C15,20,15,C,MPM01358,D-Ala,CC(N)C(=O)O,1,CC[C@H]1OC(=O)C[C@@H](OC(=O)C(C)N)[C@H](C)[C@@H](O[C@@H]2O[C@H](C)[C@@H](O[C@H]3C[C@@](C)(O)[C@@H](O)[C@H](C)O3)[C@H](N(C)C)[C@H]2O)[C@@H](CC=O)C[C@@H](C)C(=O)/C=C/C(C)=C/[C@@H]1CO[C@@H]1O[C@H](C)[C@@H](O)[C@@H](OC)[C@H]1OC,CC[C@H]1OC(=O)C[C@@H](OC(=O)C(C)N)[C@H](C)[C@@H](O[C@@H]2O[C@H](C)[C@@H](O[C@H]3C[C@@](C)(O)[C@@H](O)[C@H](C)O3)[C@H](N(C)C)[C@H]2O)[C@@H](CC=O)C[C@@H](C)C(=O)/C=C/C(C)=C/[C@@H]1CO[C@@H]1O[C@H](C)[C@@H](O)[C@@H](OC)[C@H]1OC,TRUE,,-0.664
tylosin,Tylosin (Ì©ÀÖ¾úËØ),REF_TYLOSIN,repository_reference,O20_attached_to_C15,20,15,C,MPM00548,DAPA,CC(N)C(N)CCCCCC(=O)O,1,CC[C@H]1OC(=O)C[C@@H](OC(=O)CCCCCC(N)C(C)N)[C@H](C)[C@@H](O[C@@H]2O[C@H](C)[C@@H](O[C@H]3C[C@@](C)(O)[C@@H](O)[C@H](C)O3)[C@H](N(C)C)[C@H]2O)[C@@H](CC=O)C[C@@H](C)C(=O)/C=C/C(C)=C/[C@@H]1CO[C@@H]1O[C@H](C)[C@@H](O)[C@@H](OC)[C@H]1OC,CC[C@H]1OC(=O)C[C@@H](OC(=O)CCCCCC(N)C(C)N)[C@H](C)[C@@H](O[C@@H]2O[C@H](C)[C@@H](O[C@H]3C[C@@](C)(O)[C@@H](O)[C@H](C)O3)[C@H](N(C)C)[C@H]2O)[C@@H](CC=O)C[C@@H](C)C(=O)/C=C/C(C)=C/[C@@H]1CO[C@@H]1O[C@H](C)[C@@H](O)[C@@H](OC)[C@H]1OC,TRUE,,-1.171
tylosin,Tylosin (Ì©ÀÖ¾úËØ),REF_TYLOSIN,repository_reference,O20_attached_to_C15,20,15,C,MPM00031,"(2R,4S)-2,4-diaminopentanoic acid",CC(N)CC(N)C(=O)O,1,CC[C@H]1OC(=O)C[C@@H](OC(=O)C(N)CC(C)N)[C@H](C)[C@@H](O[C@@H]2O[C@H](C)[C@@H](O[C@H]3C[C@@](C)(O)[C@@H](O)[C@H](C)O3)[C@H](N(C)C)[C@H]2O)[C@@H](CC=O)C[C@@H](C)C(=O)/C=C/C(C)=C/[C@@H]1CO[C@@H]1O[C@H](C)[C@@H](O)[C@@H](OC)[C@H]1OC,CC[C@H]1OC(=O)C[C@@H](OC(=O)C(N)CC(C)N)[C@H](C)[C@@H](O[C@@H]2O[C@H](C)[C@@H](O[C@H]3C[C@@](C)(O)[C@@H](O)[C@H](C)O3)[C@H](N(C)C)[C@H]2O)[C@@H](CC=O)C[C@@H](C)C(=O)/C=C/C(C)=C/[C@@H]1CO[C@@H]1O[C@H](C)[C@@H](O)[C@@H](OC)[C@H]1OC,TRUE,,-0.736
tylosin,Tylosin (Ì©ÀÖ¾úËØ),REF_TYLOSIN,repository_reference,O20_attached_to_C15,20,15,C,MPM00051,"(3S,5S)-3,5-diaminohexanoic acid",CC(N)CC(N)CC(=O)O,1,CC[C@H]1OC(=O)C[C@@H](OC(=O)CC(N)CC(C)N)[C@H](C)[C@@H](O[C@@H]2O[C@H](C)[C@@H](O[C@H]3C[C@@](C)(O)[C@@H](O)[C@H](C)O3)[C@H](N(C)C)[C@H]2O)[C@@H](CC=O)C[C@@H](C)C(=O)/C=C/C(C)=C/[C@@H]1CO[C@@H]1O[C@H](C)[C@@H](O)[C@@H](OC)[C@H]1OC,CC[C@H]1OC(=O)C[C@@H](OC(=O)CC(N)CC(C)N)[C@H](C)[C@@H](O[C@@H]2O[C@H](C)[C@@H](O[C@H]3C[C@@](C)(O)[C@@H](O)[C@H](C)O3)[C@H](N(C)C)[C@H]2O)[C@@H](CC=O)C[C@@H](C)C(=O)/C=C/C(C)=C/[C@@H]1CO[C@@H]1O[C@H](C)[C@@H](O)[C@@H](OC)[C@H]1OC,TRUE,,-0.992
tylosin,Tylosin (Ì©ÀÖ¾úËØ),REF_TYLOSIN,repository_reference,O20_attached_to_C15,20,15,C,MPM00083,(R)-mevalonate,CC(O)(CCO)CC(=O)O,1,CC[C@H]1OC(=O)C[C@@H](OC(=O)CC(C)(O)CCO)[C@H](C)[C@@H](O[C@@H]2O[C@H](C)[C@@H](O[C@H]3C[C@@](C)(O)[C@@H](O)[C@H](C)O3)[C@H](N(C)C)[C@H]2O)[C@@H](CC=O)C[C@@H](C)C(=O)/C=C/C(C)=C/[C@@H]1CO[C@@H]1O[C@H](C)[C@@H](O)[C@@H](OC)[C@H]1OC,CC[C@H]1OC(=O)C[C@@H](OC(=O)CC(C)(O)CCO)[C@H](C)[C@@H](O[C@@H]2O[C@H](C)[C@@H](O[C@H]3C[C@@](C)(O)[C@@H](O)[C@H](C)O3)[C@H](N(C)C)[C@H]2O)[C@@H](CC=O)C[C@@H](C)C(=O)/C=C/C(C)=C/[C@@H]1CO[C@@H]1O[C@H](C)[C@@H](O)[C@@H](OC)[C@H]1OC,TRUE,,-1.425
tylosin,Tylosin (Ì©ÀÖ¾úËØ),REF_TYLOSIN,repository_reference,O20_attached_to_C15,20,15,C,MPM00081,(R)-5-Diphosphomevalonate,CC(O)(CCOP(=O)(O)OP(=O)(O)O)CC(=O)O,1,CC[C@H]1OC(=O)C[C@@H](OC(=O)CC(C)(O)CCOP(=O)(O)OP(=O)(O)O)[C@H](C)[C@@H](O[C@@H]2O[C@H](C)[C@@H](O[C@H]3C[C@@](C)(O)[C@@H](O)[C@H](C)O3)[C@H](N(C)C)[C@H]2O)[C@@H](CC=O)C[C@@H](C)C(=O)/C=C/C(C)=C/[C@@H]1CO[C@@H]1O[C@H](C)[C@@H](O)[C@@H](OC)[C@H]1OC,CC[C@H]1OC(=O)C[C@@H](OC(=O)CC(C)(O)CCOP(=O)(O)OP(=O)(O)O)[C@H](C)[C@@H](O[C@@H]2O[C@H](C)[C@@H](O[C@H]3C[C@@](C)(O)[C@@H](O)[C@H](C)O3)[C@H](N(C)C)[C@H]2O)[C@@H](CC=O)C[C@@H](C)C(=O)/C=C/C(C)=C/[C@@H]1CO[C@@H]1O[C@H](C)[C@@H](O)[C@@H](OC)[C@H]1OC,TRUE,,-2.301
tylosin,Tylosin (Ì©ÀÖ¾úËØ),REF_TYLOSIN,repository_reference,O20_attached_to_C15,20,15,C,MPM00543,D-2-Hydroxypropionic acid,CC(O)C(=O)O,1,CC[C@H]1OC(=O)C[C@@H](OC(=O)C(C)O)[C@H](C)[C@@H](O[C@@H]2O[C@H](C)[C@@H](O[C@H]3C[C@@](C)(O)[C@@H](O)[C@H](C)O3)[C@H](N(C)C)[C@H]2O)[C@@H](CC=O)C[C@@H](C)C(=O)/C=C/C(C)=C/[C@@H]1CO[C@@H]1O[C@H](C)[C@@H](O)[C@@H](OC)[C@H]1OC,CC[C@H]1OC(=O)C[C@@H](OC(=O)C(C)O)[C@H](C)[C@@H](O[C@@H]2O[C@H](C)[C@@H](O[C@H]3C[C@@](C)(O)[C@@H](O)[C@H](C)O3)[C@H](N(C)C)[C@H]2O)[C@@H](CC=O)C[C@@H](C)C(=O)/C=C/C(C)=C/[C@@H]1CO[C@@H]1O[C@H](C)[C@@H](O)[C@@H](OC)[C@H]1OC,TRUE,,-0.965
tylosin,Tylosin (Ì©ÀÖ¾úËØ),REF_TYLOSIN,repository_reference,O20_attached_to_C15,20,15,C,MPM01136,2-Amino-3-hydroxybutyric acid,CC(O)C(N)C(=O)O,1,CC[C@H]1OC(=O)C[C@@H](OC(=O)C(N)C(C)O)[C@H](C)[C@@H](O[C@@H]2O[C@H](C)[C@@H](O[C@H]3C[C@@](C)(O)[C@@H](O)[C@H](C)O3)[C@H](N(C)C)[C@H]2O)[C@@H](CC=O)C[C@@H](C)C(=O)/C=C/C(C)=C/[C@@H]1CO[C@@H]1O[C@H](C)[C@@H](O)[C@@H](OC)[C@H]1OC,CC[C@H]1OC(=O)C[C@@H](OC(=O)C(N)C(C)O)[C@H](C)[C@@H](O[C@@H]2O[C@H](C)[C@@H](O[C@H]3C[C@@](C)(O)[C@@H](O)[C@H](C)O3)[C@H](N(C)C)[C@H]2O)[C@@H](CC=O)C[C@@H](C)C(=O)/C=C/C(C)=C/[C@@H]1CO[C@@H]1O[C@H](C)[C@@H](O)[C@@H](OC)[C@H]1OC,TRUE,,-0.915
tylosin,Tylosin (Ì©ÀÖ¾úËØ),REF_TYLOSIN,repository_reference,O20_attached_to_C15,20,15,C,MPM00551,D-beta-Hydroxybutyric acid,CC(O)CC(=O)O,1,CC[C@H]1OC(=O)C[C@@H](OC(=O)CC(C)O)[C@H](C)[C@@H](O[C@@H]2O[C@H](C)[C@@H](O[C@H]3C[C@@](C)(O)[C@@H](O)[C@H](C)O3)[C@H](N(C)C)[C@H]2O)[C@@H](CC=O)C[C@@H](C)C(=O)/C=C/C(C)=C/[C@@H]1CO[C@@H]1O[C@H](C)[C@@H](O)[C@@H](OC)[C@H]1OC,CC[C@H]1OC(=O)C[C@@H](OC(=O)CC(C)O)[C@H](C)[C@@H](O[C@@H]2O[C@H](C)[C@@H](O[C@H]3C[C@@](C)(O)[C@@H](O)[C@H](C)O3)[C@H](N(C)C)[C@H]2O)[C@@H](CC=O)C[C@@H](C)C(=O)/C=C/C(C)=C/[C@@H]1CO[C@@H]1O[C@H](C)[C@@H](O)[C@@H](OC)[C@H]1OC,TRUE,,-1.113
tylosin,Tylosin (Ì©ÀÖ¾úËØ),REF_TYLOSIN,repository_reference,O20_attached_to_C15,20,15,C,MPM00843,O-Phospho-L-threonine,CC(OP(=O)(O)O)C(N)C(=O)O,1,CC[C@H]1OC(=O)C[C@@H](OC(=O)C(N)C(C)OP(=O)(O)O)[C@H](C)[C@@H](O[C@@H]2O[C@H](C)[C@@H](O[C@H]3C[C@@](C)(O)[C@@H](O)[C@H](C)O3)[C@H](N(C)C)[C@H]2O)[C@@H](CC=O)C[C@@H](C)C(=O)/C=C/C(C)=C/[C@@H]1CO[C@@H]1O[C@H](C)[C@@H](O)[C@@H](OC)[C@H]1OC,CC[C@H]1OC(=O)C[C@@H](OC(=O)C(N)C(C)OP(=O)(O)O)[C@H](C)[C@@H](O[C@@H]2O[C@H](C)[C@@H](O[C@H]3C[C@@](C)(O)[C@@H](O)[C@H](C)O3)[C@H](N(C)C)[C@H]2O)[C@@H](CC=O)C[C@@H](C)C(=O)/C=C/C(C)=C/[C@@H]1CO[C@@H]1O[C@H](C)[C@@H](O)[C@@H](OC)[C@H]1OC,TRUE,,-1.208
tylosin,Tylosin (Ì©ÀÖ¾úËØ),REF_TYLOSIN,repository_reference,O20_attached_to_C15,20,15,C,MPM00465,Ampicillin,CC1(C)SC2C(NC(=O)C(N)c3ccccc3)C(=O)N2C1C(=O)O,1,CC[C@H]1OC(=O)C[C@@H](OC(=O)C2N3C(=O)C(NC(=O)C(N)c4ccccc4)C3SC2(C)C)[C@H](C)[C@@H](O[C@@H]2O[C@H](C)[C@@H](O[C@H]3C[C@@](C)(O)[C@@H](O)[C@H](C)O3)[C@H](N(C)C)[C@H]2O)[C@@H](CC=O)C[C@@H](C)C(=O)/C=C/C(C)=C/[C@@H]1CO[C@@H]1O[C@H](C)[C@@H](O)[C@@H](OC)[C@H]1OC,CC[C@H]1OC(=O)C[C@@H](OC(=O)C2N3C(=O)C(NC(=O)C(N)c4ccccc4)C3SC2(C)C)[C@H](C)[C@@H](O[C@@H]2O[C@H](C)[C@@H](O[C@H]3C[C@@](C)(O)[C@@H](O)[C@H](C)O3)[C@H](N(C)C)[C@H]2O)[C@@H](CC=O)C[C@@H](C)C(=O)/C=C/C(C)=C/[C@@H]1CO[C@@H]1O[C@H](C)[C@@H](O)[C@@H](OC)[C@H]1OC,TRUE,,-2.122
tylosin,Tylosin (Ì©ÀÖ¾úËØ),REF_TYLOSIN,repository_reference,O20_attached_to_C15,20,15,C,MPM00566,Desthiobiotin,CC1NC(=O)NC1CCCCCC(=O)O,1,CC[C@H]1OC(=O)C[C@@H](OC(=O)CCCCCC2NC(=O)NC2C)[C@H](C)[C@@H](O[C@@H]2O[C@H](C)[C@@H](O[C@H]3C[C@@](C)(O)[C@@H](O)[C@H](C)O3)[C@H](N(C)C)[C@H]2O)[C@@H](CC=O)C[C@@H](C)C(=O)/C=C/C(C)=C/[C@@H]1CO[C@@H]1O[C@H](C)[C@@H](O)[C@@H](OC)[C@H]1OC,CC[C@H]1OC(=O)C[C@@H](OC(=O)CCCCCC2NC(=O)NC2C)[C@H](C)[C@@H](O[C@@H]2O[C@H](C)[C@@H](O[C@H]3C[C@@](C)(O)[C@@H](O)[C@H](C)O3)[C@H](N(C)C)[C@H]2O)[C@@H](CC=O)C[C@@H](C)C(=O)/C=C/C(C)=C/[C@@H]1CO[C@@H]1O[C@H](C)[C@@H](O)[C@@H](OC)[C@H]1OC,TRUE,,-1.863
tylosin,Tylosin (Ì©ÀÖ¾úËØ),REF_TYLOSIN,repository_reference,O20_attached_to_C15,20,15,C,MPM00458,alpha-Ketobutyrate,CCC(=O)C(=O)O,1,CCC(=O)C(=O)O[C@@H]1CC(=O)O[C@H](CC)[C@@H](CO[C@@H]2O[C@H](C)[C@@H](O)[C@@H](OC)[C@H]2OC)/C=C(C)/C=C/C(=O)[C@H](C)C[C@H](CC=O)[C@H](O[C@@H]2O[C@H](C)[C@@H](O[C@H]3C[C@@](C)(O)[C@@H](O)[C@H](C)O3)[C@H](N(C)C)[C@H]2O)[C@H]1C,CCC(=O)C(=O)O[C@@H]1CC(=O)O[C@H](CC)[C@@H](CO[C@@H]2O[C@H](C)[C@@H](O)[C@@H](OC)[C@H]2OC)/C=C(C)/C=C/C(=O)[C@H](C)C[C@H](CC=O)[C@H](O[C@@H]2O[C@H](C)[C@@H](O[C@H]3C[C@@](C)(O)[C@@H](O)[C@H](C)O3)[C@H](N(C)C)[C@H]2O)[C@H]1C,TRUE,,-0.823
tylosin,Tylosin (Ì©ÀÖ¾úËØ),REF_TYLOSIN,repository_reference,O20_attached_to_C15,20,15,C,MPM00908,propionate,CCC(=O)O,1,CCC(=O)O[C@@H]1CC(=O)O[C@H](CC)[C@@H](CO[C@@H]2O[C@H](C)[C@@H](O)[C@@H](OC)[C@H]2OC)/C=C(C)/C=C/C(=O)[C@H](C)C[C@H](CC=O)[C@H](O[C@@H]2O[C@H](C)[C@@H](O[C@H]3C[C@@](C)(O)[C@@H](O)[C@H](C)O3)[C@H](N(C)C)[C@H]2O)[C@H]1C,CCC(=O)O[C@@H]1CC(=O)O[C@H](CC)[C@@H](CO[C@@H]2O[C@H](C)[C@@H](O)[C@@H](OC)[C@H]2OC)/C=C(C)/C=C/C(=O)[C@H](C)C[C@H](CC=O)[C@H](O[C@@H]2O[C@H](C)[C@@H](O[C@H]3C[C@@](C)(O)[C@@H](O)[C@H](C)O3)[C@H](N(C)C)[C@H]2O)[C@H]1C,TRUE,,-0.892
tylosin,Tylosin (Ì©ÀÖ¾úËØ),REF_TYLOSIN,repository_reference,O20_attached_to_C15,20,15,C,MPM00078,(R)-3-Hydroxy-3-methyl-2-oxopentanoate,CCC(C)(O)C(=O)C(=O)O,1,CC[C@H]1OC(=O)C[C@@H](OC(=O)C(=O)C(C)(O)CC)[C@H](C)[C@@H](O[C@@H]2O[C@H](C)[C@@H](O[C@H]3C[C@@](C)(O)[C@@H](O)[C@H](C)O3)[C@H](N(C)C)[C@H]2O)[C@@H](CC=O)C[C@@H](C)C(=O)/C=C/C(C)=C/[C@@H]1CO[C@@H]1O[C@H](C)[C@@H](O)[C@@H](OC)[C@H]1OC,CC[C@H]1OC(=O)C[C@@H](OC(=O)C(=O)C(C)(O)CC)[C@H](C)[C@@H](O[C@@H]2O[C@H](C)[C@@H](O[C@H]3C[C@@](C)(O)[C@@H](O)[C@H](C)O3)[C@H](N(C)C)[C@H]2O)[C@@H](CC=O)C[C@@H](C)C(=O)/C=C/C(C)=C/[C@@H]1CO[C@@H]1O[C@H](C)[C@@H](O)[C@@H](OC)[C@H]1OC,TRUE,,-1.029
tylosin,Tylosin (Ì©ÀÖ¾úËØ),REF_TYLOSIN,repository_reference,O20_attached_to_C15,20,15,C,MPM00028,"(2R,3R)-2,3-Dihydroxy-3-methylpentanoate",CCC(C)(O)C(O)C(=O)O,1,CC[C@H]1OC(=O)C[C@@H](OC(=O)C(O)C(C)(O)CC)[C@H](C)[C@@H](O[C@@H]2O[C@H](C)[C@@H](O[C@H]3C[C@@](C)(O)[C@@H](O)[C@H](C)O3)[C@H](N(C)C)[C@H]2O)[C@@H](CC=O)C[C@@H](C)C(=O)/C=C/C(C)=C/[C@@H]1CO[C@@H]1O[C@H](C)[C@@H](O)[C@@H](OC)[C@H]1OC,CC[C@H]1OC(=O)C[C@@H](OC(=O)C(O)C(C)(O)CC)[C@H](C)[C@@H](O[C@@H]2O[C@H](C)[C@@H](O[C@H]3C[C@@](C)(O)[C@@H](O)[C@H](C)O3)[C@H](N(C)C)[C@H]2O)[C@@H](CC=O)C[C@@H](C)C(=O)/C=C/C(C)=C/[C@@H]1CO[C@@H]1O[C@H](C)[C@@H](O)[C@@H](OC)[C@H]1OC,TRUE,,-1.386
tylosin,Tylosin (Ì©ÀÖ¾úËØ),REF_TYLOSIN,repository_reference,O20_attached_to_C15,20,15,C,MPM00050,(3S)-3-Methyl-2-oxopentanoate,CCC(C)C(=O)C(=O)O,1,CCC(C)C(=O)C(=O)O[C@@H]1CC(=O)O[C@H](CC)[C@@H](CO[C@@H]2O[C@H](C)[C@@H](O)[C@@H](OC)[C@H]2OC)/C=C(C)/C=C/C(=O)[C@H](C)C[C@H](CC=O)[C@H](O[C@@H]2O[C@H](C)[C@@H](O[C@H]3C[C@@](C)(O)[C@@H](O)[C@H](C)O3)[C@H](N(C)C)[C@H]2O)[C@H]1C,CCC(C)C(=O)C(=O)O[C@@H]1CC(=O)O[C@H](CC)[C@@H](CO[C@@H]2O[C@H](C)[C@@H](O)[C@@H](OC)[C@H]2OC)/C=C(C)/C=C/C(=O)[C@H](C)C[C@H](CC=O)[C@H](O[C@@H]2O[C@H](C)[C@@H](O[C@H]3C[C@@](C)(O)[C@@H](O)[C@H](C)O3)[C@H](N(C)C)[C@H]2O)[C@H]1C,TRUE,,-1.044
tylosin,Tylosin (Ì©ÀÖ¾úËØ),REF_TYLOSIN,repository_reference,O20_attached_to_C15,20,15,C,MPM01138,2-Amino-3-methylvaleric acid,CCC(C)C(N)C(=O)O,1,CCC(C)C(N)C(=O)O[C@@H]1CC(=O)O[C@H](CC)[C@@H](CO[C@@H]2O[C@H](C)[C@@H](O)[C@@H](OC)[C@H]2OC)/C=C(C)/C=C/C(=O)[C@H](C)C[C@H](CC=O)[C@H](O[C@@H]2O[C@H](C)[C@@H](O[C@H]3C[C@@](C)(O)[C@@H](O)[C@H](C)O3)[C@H](N(C)C)[C@H]2O)[C@H]1C,CCC(C)C(N)C(=O)O[C@@H]1CC(=O)O[C@H](CC)[C@@H](CO[C@@H]2O[C@H](C)[C@@H](O)[C@@H](OC)[C@H]2OC)/C=C(C)/C=C/C(=O)[C@H](C)C[C@H](CC=O)[C@H](O[C@@H]2O[C@H](C)[C@@H](O[C@H]3C[C@@](C)(O)[C@@H](O)[C@H](C)O3)[C@H](N(C)C)[C@H]2O)[C@H]1C,TRUE,,-1.082
tylosin,Tylosin (Ì©ÀÖ¾úËØ),REF_TYLOSIN,repository_reference,O20_attached_to_C15,20,15,C,MPM00029,"(2R,3R)-2-hydroxy-3-methylpentanoic acid",CCC(C)C(O)C(=O)O,1,CCC(C)C(O)C(=O)O[C@@H]1CC(=O)O[C@H](CC)[C@@H](CO[C@@H]2O[C@H](C)[C@@H](O)[C@@H](OC)[C@H]2OC)/C=C(C)/C=C/C(=O)[C@H](C)C[C@H](CC=O)[C@H](O[C@@H]2O[C@H](C)[C@@H](O[C@H]3C[C@@](C)(O)[C@@H](O)[C@H](C)O3)[C@H](N(C)C)[C@H]2O)[C@H]1C,CCC(C)C(O)C(=O)O[C@@H]1CC(=O)O[C@H](CC)[C@@H](CO[C@@H]2O[C@H](C)[C@@H](O)[C@@H](OC)[C@H]2OC)/C=C(C)/C=C/C(=O)[C@H](C)C[C@H](CC=O)[C@H](O[C@@H]2O[C@H](C)[C@@H](O[C@H]3C[C@@](C)(O)[C@@H](O)[C@H](C)O3)[C@H](N(C)C)[C@H]2O)[C@H]1C,TRUE,,-1.384
tylosin,Tylosin (Ì©ÀÖ¾úËØ),REF_TYLOSIN,repository_reference,O20_attached_to_C15,20,15,C,MPM00094,(S)-2-Hydroxy-2-ethyl-3-oxobutanoate,CCC(O)(C(C)=O)C(=O)O,1,CC[C@H]1OC(=O)C[C@@H](OC(=O)C(O)(CC)C(C)=O)[C@H](C)[C@@H](O[C@@H]2O[C@H](C)[C@@H](O[C@H]3C[C@@](C)(O)[C@@H](O)[C@H](C)O3)[C@H](N(C)C)[C@H]2O)[C@@H](CC=O)C[C@@H](C)C(=O)/C=C/C(C)=C/[C@@H]1CO[C@@H]1O[C@H](C)[C@@H](O)[C@@H](OC)[C@H]1OC,CC[C@H]1OC(=O)C[C@@H](OC(=O)C(O)(CC)C(C)=O)[C@H](C)[C@@H](O[C@@H]2O[C@H](C)[C@@H](O[C@H]3C[C@@](C)(O)[C@@H](O)[C@H](C)O3)[C@H](N(C)C)[C@H]2O)[C@@H](CC=O)C[C@@H](C)C(=O)/C=C/C(C)=C/[C@@H]1CO[C@@H]1O[C@H](C)[C@@H](O)[C@@H](OC)[C@H]1OC,TRUE,,-1.311
tylosin,Tylosin (Ì©ÀÖ¾úËØ),REF_TYLOSIN,repository_reference,O20_attached_to_C15,20,15,C,MPM00302,3-Hydroxypentanoic acid,CCC(O)CC(=O)O,1,CCC(O)CC(=O)O[C@@H]1CC(=O)O[C@H](CC)[C@@H](CO[C@@H]2O[C@H](C)[C@@H](O)[C@@H](OC)[C@H]2OC)/C=C(C)/C=C/C(=O)[C@H](C)C[C@H](CC=O)[C@H](O[C@@H]2O[C@H](C)[C@@H](O[C@H]3C[C@@](C)(O)[C@@H](O)[C@H](C)O3)[C@H](N(C)C)[C@H]2O)[C@H]1C,CCC(O)CC(=O)O[C@@H]1CC(=O)O[C@H](CC)[C@@H](CO[C@@H]2O[C@H](C)[C@@H](O)[C@@H](OC)[C@H]2OC)/C=C(C)/C=C/C(=O)[C@H](C)C[C@H](CC=O)[C@H](O[C@@H]2O[C@H](C)[C@@H](O[C@H]3C[C@@](C)(O)[C@@H](O)[C@H](C)O3)[C@H](N(C)C)[C@H]2O)[C@H]1C,TRUE,,-1.161
tylosin,Tylosin (Ì©ÀÖ¾úËØ),REF_TYLOSIN,repository_reference,O20_attached_to_C15,20,15,C,MPM00496,butyrate,CCCC(=O)O,1,CCCC(=O)O[C@@H]1CC(=O)O[C@H](CC)[C@@H](CO[C@@H]2O[C@H](C)[C@@H](O)[C@@H](OC)[C@H]2OC)/C=C(C)/C=C/C(=O)[C@H](C)C[C@H](CC=O)[C@H](O[C@@H]2O[C@H](C)[C@@H](O[C@H]3C[C@@](C)(O)[C@@H](O)[C@H](C)O3)[C@H](N(C)C)[C@H]2O)[C@H]1C,CCCC(=O)O[C@@H]1CC(=O)O[C@H](CC)[C@@H](CO[C@@H]2O[C@H](C)[C@@H](O)[C@@H](OC)[C@H]2OC)/C=C(C)/C=C/C(=O)[C@H](C)C[C@H](CC=O)[C@H](O[C@@H]2O[C@H](C)[C@@H](O[C@H]3C[C@@](C)(O)[C@@H](O)[C@H](C)O3)[C@H](N(C)C)[C@H]2O)[C@H]1C,TRUE,,-0.953
tylosin,Tylosin (Ì©ÀÖ¾úËØ),REF_TYLOSIN,repository_reference,O20_attached_to_C15,20,15,C,MPM00298,3-Hydroxyhexanoic acid,CCCC(O)CC(=O)O,1,CCCC(O)CC(=O)O[C@@H]1CC(=O)O[C@H](CC)[C@@H](CO[C@@H]2O[C@H](C)[C@@H](O)[C@@H](OC)[C@H]2OC)/C=C(C)/C=C/C(=O)[C@H](C)C[C@H](CC=O)[C@H](O[C@@H]2O[C@H](C)[C@@H](O[C@H]3C[C@@](C)(O)[C@@H](O)[C@H](C)O3)[C@H](N(C)C)[C@H]2O)[C@H]1C,CCCC(O)CC(=O)O[C@@H]1CC(=O)O[C@H](CC)[C@@H](CO[C@@H]2O[C@H](C)[C@@H](O)[C@@H](OC)[C@H]2OC)/C=C(C)/C=C/C(=O)[C@H](C)C[C@H](CC=O)[C@H](O[C@@H]2O[C@H](C)[C@@H](O[C@H]3C[C@@](C)(O)[C@@H](O)[C@H](C)O3)[C@H](N(C)C)[C@H]2O)[C@H]1C,TRUE,,-1.225
tylosin,Tylosin (Ì©ÀÖ¾úËØ),REF_TYLOSIN,repository_reference,O20_attached_to_C15,20,15,C,MPM00833,n-Valeric acid,CCCCC(=O)O,1,CCCCC(=O)O[C@@H]1CC(=O)O[C@H](CC)[C@@H](CO[C@@H]2O[C@H](C)[C@@H](O)[C@@H](OC)[C@H]2OC)/C=C(C)/C=C/C(=O)[C@H](C)C[C@H](CC=O)[C@H](O[C@@H]2O[C@H](C)[C@@H](O[C@H]3C[C@@](C)(O)[C@@H](O)[C@H](C)O3)[C@H](N(C)C)[C@H]2O)[C@H]1C,CCCCC(=O)O[C@@H]1CC(=O)O[C@H](CC)[C@@H](CO[C@@H]2O[C@H](C)[C@@H](O)[C@@H](OC)[C@H]2OC)/C=C(C)/C=C/C(=O)[C@H](C)C[C@H](CC=O)[C@H](O[C@@H]2O[C@H](C)[C@@H](O[C@H]3C[C@@](C)(O)[C@@H](O)[C@H](C)O3)[C@H](N(C)C)[C@H]2O)[C@H]1C,TRUE,,-1.017
tylosin,Tylosin (Ì©ÀÖ¾úËØ),REF_TYLOSIN,repository_reference,O20_attached_to_C15,20,15,C,MPM00295,3-hydroxyheptanoic Acid,CCCCC(O)CC(=O)O,1,CCCCC(O)CC(=O)O[C@@H]1CC(=O)O[C@H](CC)[C@@H](CO[C@@H]2O[C@H](C)[C@@H](O)[C@@H](OC)[C@H]2OC)/C=C(C)/C=C/C(=O)[C@H](C)C[C@H](CC=O)[C@H](O[C@@H]2O[C@H](C)[C@@H](O[C@H]3C[C@@](C)(O)[C@@H](O)[C@H](C)O3)[C@H](N(C)C)[C@H]2O)[C@H]1C,CCCCC(O)CC(=O)O[C@@H]1CC(=O)O[C@H](CC)[C@@H](CO[C@@H]2O[C@H](C)[C@@H](O)[C@@H](OC)[C@H]2OC)/C=C(C)/C=C/C(=O)[C@H](C)C[C@H](CC=O)[C@H](O[C@@H]2O[C@H](C)[C@@H](O[C@H]3C[C@@](C)(O)[C@@H](O)[C@H](C)O3)[C@H](N(C)C)[C@H]2O)[C@H]1C,TRUE,,-1.29
tylosin,Tylosin (Ì©ÀÖ¾úËØ),REF_TYLOSIN,repository_reference,O20_attached_to_C15,20,15,C,MPM00061,(9E)-tetradecenoic acid,CCCCC=CCCCCCCCC(=O)O,1,CCCCC=CCCCCCCCC(=O)O[C@@H]1CC(=O)O[C@H](CC)[C@@H](CO[C@@H]2O[C@H](C)[C@@H](O)[C@@H](OC)[C@H]2OC)/C=C(C)/C=C/C(=O)[C@H](C)C[C@H](CC=O)[C@H](O[C@@H]2O[C@H](C)[C@@H](O[C@H]3C[C@@](C)(O)[C@@H](O)[C@H](C)O3)[C@H](N(C)C)[C@H]2O)[C@H]1C,CCCCC=CCCCCCCCC(=O)O[C@@H]1CC(=O)O[C@H](CC)[C@@H](CO[C@@H]2O[C@H](C)[C@@H](O)[C@@H](OC)[C@H]2OC)/C=C(C)/C=C/C(=O)[C@H](C)C[C@H](CC=O)[C@H](O[C@@H]2O[C@H](C)[C@@H](O[C@H]3C[C@@](C)(O)[C@@H](O)[C@H](C)O3)[C@H](N(C)C)[C@H]2O)[C@H]1C,TRUE,,-1.458
tylosin,Tylosin (Ì©ÀÖ¾úËØ),REF_TYLOSIN,repository_reference,O20_attached_to_C15,20,15,C,MPM00813,n-Caproic acid,CCCCCC(=O)O,1,CCCCCC(=O)O[C@@H]1CC(=O)O[C@H](CC)[C@@H](CO[C@@H]2O[C@H](C)[C@@H](O)[C@@H](OC)[C@H]2OC)/C=C(C)/C=C/C(=O)[C@H](C)C[C@H](CC=O)[C@H](O[C@@H]2O[C@H](C)[C@@H](O[C@H]3C[C@@](C)(O)[C@@H](O)[C@H](C)O3)[C@H](N(C)C)[C@H]2O)[C@H]1C,CCCCCC(=O)O[C@@H]1CC(=O)O[C@H](CC)[C@@H](CO[C@@H]2O[C@H](C)[C@@H](O)[C@@H](OC)[C@H]2OC)/C=C(C)/C=C/C(=O)[C@H](C)C[C@H](CC=O)[C@H](O[C@@H]2O[C@H](C)[C@@H](O[C@H]3C[C@@](C)(O)[C@@H](O)[C@H](C)O3)[C@H](N(C)C)[C@H]2O)[C@H]1C,TRUE,,-1.082
tylosin,Tylosin (Ì©ÀÖ¾úËØ),REF_TYLOSIN,repository_reference,O20_attached_to_C15,20,15,C,MPM00301,3-Hydroxyoctanoic acid,CCCCCC(O)CC(=O)O,1,CCCCCC(O)CC(=O)O[C@@H]1CC(=O)O[C@H](CC)[C@@H](CO[C@@H]2O[C@H](C)[C@@H](O)[C@@H](OC)[C@H]2OC)/C=C(C)/C=C/C(=O)[C@H](C)C[C@H](CC=O)[C@H](O[C@@H]2O[C@H](C)[C@@H](O[C@H]3C[C@@](C)(O)[C@@H](O)[C@H](C)O3)[C@H](N(C)C)[C@H]2O)[C@H]1C,CCCCCC(O)CC(=O)O[C@@H]1CC(=O)O[C@H](CC)[C@@H](CO[C@@H]2O[C@H](C)[C@@H](O)[C@@H](OC)[C@H]2OC)/C=C(C)/C=C/C(=O)[C@H](C)C[C@H](CC=O)[C@H](O[C@@H]2O[C@H](C)[C@@H](O[C@H]3C[C@@](C)(O)[C@@H](O)[C@H](C)O3)[C@H](N(C)C)[C@H]2O)[C@H]1C,TRUE,,-1.355
tylosin,Tylosin (Ì©ÀÖ¾úËØ),REF_TYLOSIN,repository_reference,O20_attached_to_C15,20,15,C,MPM00411,"9-cis,12-cis-Octadecadienoic acid",CCCCCC=CCC=CCCCCCCCC(=O)O,1,CCCCCC=CCC=CCCCCCCCC(=O)O[C@@H]1CC(=O)O[C@H](CC)[C@@H](CO[C@@H]2O[C@H](C)[C@@H](O)[C@@H](OC)[C@H]2OC)/C=C(C)/C=C/C(=O)[C@H](C)C[C@H](CC=O)[C@H](O[C@@H]2O[C@H](C)[C@@H](O[C@H]3C[C@@](C)(O)[C@@H](O)[C@H](C)O3)[C@H](N(C)C)[C@H]2O)[C@H]1C,CCCCCC=CCC=CCCCCCCCC(=O)O[C@@H]1CC(=O)O[C@H](CC)[C@@H](CO[C@@H]2O[C@H](C)[C@@H](O)[C@@H](OC)[C@H]2OC)/C=C(C)/C=C/C(=O)[C@H](C)C[C@H](CC=O)[C@H](O[C@@H]2O[C@H](C)[C@@H](O[C@H]3C[C@@](C)(O)[C@@H](O)[C@H](C)O3)[C@H](N(C)C)[C@H]2O)[C@H]1C,TRUE,,-1.767
tylosin,Tylosin (Ì©ÀÖ¾úËØ),REF_TYLOSIN,repository_reference,O20_attached_to_C15,20,15,C,MPM00689,Heptanoate,CCCCCCC(=O)O,1,CCCCCCC(=O)O[C@@H]1CC(=O)O[C@H](CC)[C@@H](CO[C@@H]2O[C@H](C)[C@@H](O)[C@@H](OC)[C@H]2OC)/C=C(C)/C=C/C(=O)[C@H](C)C[C@H](CC=O)[C@H](O[C@@H]2O[C@H](C)[C@@H](O[C@H]3C[C@@](C)(O)[C@@H](O)[C@H](C)O3)[C@H](N(C)C)[C@H]2O)[C@H]1C,CCCCCCC(=O)O[C@@H]1CC(=O)O[C@H](CC)[C@@H](CO[C@@H]2O[C@H](C)[C@@H](O)[C@@H](OC)[C@H]2OC)/C=C(C)/C=C/C(=O)[C@H](C)C[C@H](CC=O)[C@H](O[C@@H]2O[C@H](C)[C@@H](O[C@H]3C[C@@](C)(O)[C@@H](O)[C@H](C)O3)[C@H](N(C)C)[C@H]2O)[C@H]1C,TRUE,,-1.146
tylosin,Tylosin (Ì©ÀÖ¾úËØ),REF_TYLOSIN,repository_reference,O20_attached_to_C15,20,15,C,MPM00300,3-Hydroxynonanoic acid,CCCCCCC(O)CC(=O)O,1,CCCCCCC(O)CC(=O)O[C@@H]1CC(=O)O[C@H](CC)[C@@H](CO[C@@H]2O[C@H](C)[C@@H](O)[C@@H](OC)[C@H]2OC)/C=C(C)/C=C/C(=O)[C@H](C)C[C@H](CC=O)[C@H](O[C@@H]2O[C@H](C)[C@@H](O[C@H]3C[C@@](C)(O)[C@@H](O)[C@H](C)O3)[C@H](N(C)C)[C@H]2O)[C@H]1C,CCCCCCC(O)CC(=O)O[C@@H]1CC(=O)O[C@H](CC)[C@@H](CO[C@@H]2O[C@H](C)[C@@H](O)[C@@H](OC)[C@H]2OC)/C=C(C)/C=C/C(=O)[C@H](C)C[C@H](CC=O)[C@H](O[C@@H]2O[C@H](C)[C@@H](O[C@H]3C[C@@](C)(O)[C@@H](O)[C@H](C)O3)[C@H](N(C)C)[C@H]2O)[C@H]1C,TRUE,,-1.366
tylosin,Tylosin (Ì©ÀÖ¾úËØ),REF_TYLOSIN,repository_reference,O20_attached_to_C15,20,15,C,MPM00852,palmitoleate,CCCCCCC=CCCCCCCCC(=O)O,1,CCCCCCC=CCCCCCCCC(=O)O[C@@H]1CC(=O)O[C@H](CC)[C@@H](CO[C@@H]2O[C@H](C)[C@@H](O)[C@@H](OC)[C@H]2OC)/C=C(C)/C=C/C(=O)[C@H](C)C[C@H](CC=O)[C@H](O[C@@H]2O[C@H](C)[C@@H](O[C@H]3C[C@@](C)(O)[C@@H](O)[C@H](C)O3)[C@H](N(C)C)[C@H]2O)[C@H]1C,CCCCCCC=CCCCCCCCC(=O)O[C@@H]1CC(=O)O[C@H](CC)[C@@H](CO[C@@H]2O[C@H](C)[C@@H](O)[C@@H](OC)[C@H]2OC)/C=C(C)/C=C/C(=O)[C@H](C)C[C@H](CC=O)[C@H](O[C@@H]2O[C@H](C)[C@@H](O[C@H]3C[C@@](C)(O)[C@@H](O)[C@H](C)O3)[C@H](N(C)C)[C@H]2O)[C@H]1C,TRUE,,-1.585
tylosin,Tylosin (Ì©ÀÖ¾úËØ),REF_TYLOSIN,repository_reference,O20_attached_to_C15,20,15,C,MPM00984,trans-vaccenic acid,CCCCCCC=CCCCCCCCCCC(=O)O,1,CCCCCCC=CCCCCCCCCCC(=O)O[C@@H]1CC(=O)O[C@H](CC)[C@@H](CO[C@@H]2O[C@H](C)[C@@H](O)[C@@H](OC)[C@H]2OC)/C=C(C)/C=C/C(=O)[C@H](C)C[C@H](CC=O)[C@H](O[C@@H]2O[C@H](C)[C@@H](O[C@H]3C[C@@](C)(O)[C@@H](O)[C@H](C)O3)[C@H](N(C)C)[C@H]2O)[C@H]1C,CCCCCCC=CCCCCCCCCCC(=O)O[C@@H]1CC(=O)O[C@H](CC)[C@@H](CO[C@@H]2O[C@H](C)[C@@H](O)[C@@H](OC)[C@H]2OC)/C=C(C)/C=C/C(=O)[C@H](C)C[C@H](CC=O)[C@H](O[C@@H]2O[C@H](C)[C@@H](O[C@H]3C[C@@](C)(O)[C@@H](O)[C@H](C)O3)[C@H](N(C)C)[C@H]2O)[C@H]1C,TRUE,,-1.721
tylosin,Tylosin (Ì©ÀÖ¾úËØ),REF_TYLOSIN,repository_reference,O20_attached_to_C15,20,15,C,MPM00837,Octanoate,CCCCCCCC(=O)O,1,CCCCCCCC(=O)O[C@@H]1CC(=O)O[C@H](CC)[C@@H](CO[C@@H]2O[C@H](C)[C@@H](O)[C@@H](OC)[C@H]2OC)/C=C(C)/C=C/C(=O)[C@H](C)C[C@H](CC=O)[C@H](O[C@@H]2O[C@H](C)[C@@H](O[C@H]3C[C@@](C)(O)[C@@H](O)[C@H](C)O3)[C@H](N(C)C)[C@H]2O)[C@H]1C,CCCCCCCC(=O)O[C@@H]1CC(=O)O[C@H](CC)[C@@H](CO[C@@H]2O[C@H](C)[C@@H](O)[C@@H](OC)[C@H]2OC)/C=C(C)/C=C/C(=O)[C@H](C)C[C@H](CC=O)[C@H](O[C@@H]2O[C@H](C)[C@@H](O[C@H]3C[C@@](C)(O)[C@@H](O)[C@H](C)O3)[C@H](N(C)C)[C@H]2O)[C@H]1C,TRUE,,-1.155
tylosin,Tylosin (Ì©ÀÖ¾úËØ),REF_TYLOSIN,repository_reference,O20_attached_to_C15,20,15,C,MPM00293,3-Hydroxydecanoic acid,CCCCCCCC(O)CC(=O)O,1,CCCCCCCC(O)CC(=O)O[C@@H]1CC(=O)O[C@H](CC)[C@@H](CO[C@@H]2O[C@H](C)[C@@H](O)[C@@H](OC)[C@H]2OC)/C=C(C)/C=C/C(=O)[C@H](C)C[C@H](CC=O)[C@H](O[C@@H]2O[C@H](C)[C@@H](O[C@H]3C[C@@](C)(O)[C@@H](O)[C@H](C)O3)[C@H](N(C)C)[C@H]2O)[C@H]1C,CCCCCCCC(O)CC(=O)O[C@@H]1CC(=O)O[C@H](CC)[C@@H](CO[C@@H]2O[C@H](C)[C@@H](O)[C@@H](OC)[C@H]2OC)/C=C(C)/C=C/C(=O)[C@H](C)C[C@H](CC=O)[C@H](O[C@@H]2O[C@H](C)[C@@H](O[C@H]3C[C@@](C)(O)[C@@H](O)[C@H](C)O3)[C@H](N(C)C)[C@H]2O)[C@H]1C,TRUE,,-1.402
tylosin,Tylosin (Ì©ÀÖ¾úËØ),REF_TYLOSIN,repository_reference,O20_attached_to_C15,20,15,C,MPM00859,Pelargonic acid,CCCCCCCCC(=O)O,1,CCCCCCCCC(=O)O[C@@H]1CC(=O)O[C@H](CC)[C@@H](CO[C@@H]2O[C@H](C)[C@@H](O)[C@@H](OC)[C@H]2OC)/C=C(C)/C=C/C(=O)[C@H](C)C[C@H](CC=O)[C@H](O[C@@H]2O[C@H](C)[C@@H](O[C@H]3C[C@@](C)(O)[C@@H](O)[C@H](C)O3)[C@H](N(C)C)[C@H]2O)[C@H]1C,CCCCCCCCC(=O)O[C@@H]1CC(=O)O[C@H](CC)[C@@H](CO[C@@H]2O[C@H](C)[C@@H](O)[C@@H](OC)[C@H]2OC)/C=C(C)/C=C/C(=O)[C@H](C)C[C@H](CC=O)[C@H](O[C@@H]2O[C@H](C)[C@@H](O[C@H]3C[C@@](C)(O)[C@@H](O)[C@H](C)O3)[C@H](N(C)C)[C@H]2O)[C@H]1C,TRUE,,-1.188
tylosin,Tylosin (Ì©ÀÖ¾úËØ),REF_TYLOSIN,repository_reference,O20_attached_to_C15,20,15,C,MPM00839,Oleic acid,CCCCCCCCC=CCCCCCCCC(=O)O,1,CCCCCCCCC=CCCCCCCCC(=O)O[C@@H]1CC(=O)O[C@H](CC)[C@@H](CO[C@@H]2O[C@H](C)[C@@H](O)[C@@H](OC)[C@H]2OC)/C=C(C)/C=C/C(=O)[C@H](C)C[C@H](CC=O)[C@H](O[C@@H]2O[C@H](C)[C@@H](O[C@H]3C[C@@](C)(O)[C@@H](O)[C@H](C)O3)[C@H](N(C)C)[C@H]2O)[C@H]1C,CCCCCCCCC=CCCCCCCCC(=O)O[C@@H]1CC(=O)O[C@H](CC)[C@@H](CO[C@@H]2O[C@H](C)[C@@H](O)[C@@H](OC)[C@H]2OC)/C=C(C)/C=C/C(=O)[C@H](C)C[C@H](CC=O)[C@H](O[C@@H]2O[C@H](C)[C@@H](O[C@H]3C[C@@](C)(O)[C@@H](O)[C@H](C)O3)[C@H](N(C)C)[C@H]2O)[C@H]1C,TRUE,,-1.63
tylosin,Tylosin (Ì©ÀÖ¾úËØ),REF_TYLOSIN,repository_reference,O20_attached_to_C15,20,15,C,MPM00552,decanoate,CCCCCCCCCC(=O)O,1,CCCCCCCCCC(=O)O[C@@H]1CC(=O)O[C@H](CC)[C@@H](CO[C@@H]2O[C@H](C)[C@@H](O)[C@@H](OC)[C@H]2OC)/C=C(C)/C=C/C(=O)[C@H](C)C[C@H](CC=O)[C@H](O[C@@H]2O[C@H](C)[C@@H](O[C@H]3C[C@@](C)(O)[C@@H](O)[C@H](C)O3)[C@H](N(C)C)[C@H]2O)[C@H]1C,CCCCCCCCCC(=O)O[C@@H]1CC(=O)O[C@H](CC)[C@@H](CO[C@@H]2O[C@H](C)[C@@H](O)[C@@H](OC)[C@H]2OC)/C=C(C)/C=C/C(=O)[C@H](C)C[C@H](CC=O)[C@H](O[C@@H]2O[C@H](C)[C@@H](O[C@H]3C[C@@](C)(O)[C@@H](O)[C@H](C)O3)[C@H](N(C)C)[C@H]2O)[C@H]1C,TRUE,,-1.224
tylosin,Tylosin (Ì©ÀÖ¾úËØ),REF_TYLOSIN,repository_reference,O20_attached_to_C15,20,15,C,MPM00294,3-Hydroxydodecanoic acid,CCCCCCCCCC(O)CC(=O)O,1,CCCCCCCCCC(O)CC(=O)O[C@@H]1CC(=O)O[C@H](CC)[C@@H](CO[C@@H]2O[C@H](C)[C@@H](O)[C@@H](OC)[C@H]2OC)/C=C(C)/C=C/C(=O)[C@H](C)C[C@H](CC=O)[C@H](O[C@@H]2O[C@H](C)[C@@H](O[C@H]3C[C@@](C)(O)[C@@H](O)[C@H](C)O3)[C@H](N(C)C)[C@H]2O)[C@H]1C,CCCCCCCCCC(O)CC(=O)O[C@@H]1CC(=O)O[C@H](CC)[C@@H](CO[C@@H]2O[C@H](C)[C@@H](O)[C@@H](OC)[C@H]2OC)/C=C(C)/C=C/C(=O)[C@H](C)C[C@H](CC=O)[C@H](O[C@@H]2O[C@H](C)[C@@H](O[C@H]3C[C@@](C)(O)[C@@H](O)[C@H](C)O3)[C@H](N(C)C)[C@H]2O)[C@H]1C,TRUE,,-1.471
tylosin,Tylosin (Ì©ÀÖ¾úËØ),REF_TYLOSIN,repository_reference,O20_attached_to_C15,20,15,C,MPM00606,dodecanoate,CCCCCCCCCCCC(=O)O,1,CCCCCCCCCCCC(=O)O[C@@H]1CC(=O)O[C@H](CC)[C@@H](CO[C@@H]2O[C@H](C)[C@@H](O)[C@@H](OC)[C@H]2OC)/C=C(C)/C=C/C(=O)[C@H](C)C[C@H](CC=O)[C@H](O[C@@H]2O[C@H](C)[C@@H](O[C@H]3C[C@@](C)(O)[C@@H](O)[C@H](C)O3)[C@H](N(C)C)[C@H]2O)[C@H]1C,CCCCCCCCCCCC(=O)O[C@@H]1CC(=O)O[C@H](CC)[C@@H](CO[C@@H]2O[C@H](C)[C@@H](O)[C@@H](OC)[C@H]2OC)/C=C(C)/C=C/C(=O)[C@H](C)C[C@H](CC=O)[C@H](O[C@@H]2O[C@H](C)[C@@H](O[C@H]3C[C@@](C)(O)[C@@H](O)[C@H](C)O3)[C@H](N(C)C)[C@H]2O)[C@H]1C,TRUE,,-1.298
tylosin,Tylosin (Ì©ÀÖ¾úËØ),REF_TYLOSIN,repository_reference,O20_attached_to_C15,20,15,C,MPM00305,3-Hydroxytetradecanoic acid,CCCCCCCCCCCC(O)CC(=O)O,1,CCCCCCCCCCCC(O)CC(=O)O[C@@H]1CC(=O)O[C@H](CC)[C@@H](CO[C@@H]2O[C@H](C)[C@@H](O)[C@@H](OC)[C@H]2OC)/C=C(C)/C=C/C(=O)[C@H](C)C[C@H](CC=O)[C@H](O[C@@H]2O[C@H](C)[C@@H](O[C@H]3C[C@@](C)(O)[C@@H](O)[C@H](C)O3)[C@H](N(C)C)[C@H]2O)[C@H]1C,CCCCCCCCCCCC(O)CC(=O)O[C@@H]1CC(=O)O[C@H](CC)[C@@H](CO[C@@H]2O[C@H](C)[C@@H](O)[C@@H](OC)[C@H]2OC)/C=C(C)/C=C/C(=O)[C@H](C)C[C@H](CC=O)[C@H](O[C@@H]2O[C@H](C)[C@@H](O[C@H]3C[C@@](C)(O)[C@@H](O)[C@H](C)O3)[C@H](N(C)C)[C@H]2O)[C@H]1C,TRUE,,-1.549
tylosin,Tylosin (Ì©ÀÖ¾úËØ),REF_TYLOSIN,repository_reference,O20_attached_to_C15,20,15,C,MPM00864,Petroselaidic acid,CCCCCCCCCCCC=CCCCCC(=O)O,1,CCCCCCCCCCCC=CCCCCC(=O)O[C@@H]1CC(=O)O[C@H](CC)[C@@H](CO[C@@H]2O[C@H](C)[C@@H](O)[C@@H](OC)[C@H]2OC)/C=C(C)/C=C/C(=O)[C@H](C)C[C@H](CC=O)[C@H](O[C@@H]2O[C@H](C)[C@@H](O[C@H]3C[C@@](C)(O)[C@@H](O)[C@H](C)O3)[C@H](N(C)C)[C@H]2O)[C@H]1C,CCCCCCCCCCCC=CCCCCC(=O)O[C@@H]1CC(=O)O[C@H](CC)[C@@H](CO[C@@H]2O[C@H](C)[C@@H](O)[C@@H](OC)[C@H]2OC)/C=C(C)/C=C/C(=O)[C@H](C)C[C@H](CC=O)[C@H](O[C@@H]2O[C@H](C)[C@@H](O[C@H]3C[C@@](C)(O)[C@@H](O)[C@H](C)O3)[C@H](N(C)C)[C@H]2O)[C@H]1C,TRUE,,-1.557
tylosin,Tylosin (Ì©ÀÖ¾úËØ),REF_TYLOSIN,repository_reference,O20_attached_to_C15,20,15,C,MPM00967,tetradecanoate,CCCCCCCCCCCCCC(=O)O,1,CCCCCCCCCCCCCC(=O)O[C@@H]1CC(=O)O[C@H](CC)[C@@H](CO[C@@H]2O[C@H](C)[C@@H](O)[C@@H](OC)[C@H]2OC)/C=C(C)/C=C/C(=O)[C@H](C)C[C@H](CC=O)[C@H](O[C@@H]2O[C@H](C)[C@@H](O[C@H]3C[C@@](C)(O)[C@@H](O)[C@H](C)O3)[C@H](N(C)C)[C@H]2O)[C@H]1C,CCCCCCCCCCCCCC(=O)O[C@@H]1CC(=O)O[C@H](CC)[C@@H](CO[C@@H]2O[C@H](C)[C@@H](O)[C@@H](OC)[C@H]2OC)/C=C(C)/C=C/C(=O)[C@H](C)C[C@H](CC=O)[C@H](O[C@@H]2O[C@H](C)[C@@H](O[C@H]3C[C@@](C)(O)[C@@H](O)[C@H](C)O3)[C@H](N(C)C)[C@H]2O)[C@H]1C,TRUE,,-1.376
tylosin,Tylosin (Ì©ÀÖ¾úËØ),REF_TYLOSIN,repository_reference,O20_attached_to_C15,20,15,C,MPM00296,3-Hydroxyhexadecanoic acid,CCCCCCCCCCCCCC(O)CC(=O)O,1,CCCCCCCCCCCCCC(O)CC(=O)O[C@@H]1CC(=O)O[C@H](CC)[C@@H](CO[C@@H]2O[C@H](C)[C@@H](O)[C@@H](OC)[C@H]2OC)/C=C(C)/C=C/C(=O)[C@H](C)C[C@H](CC=O)[C@H](O[C@@H]2O[C@H](C)[C@@H](O[C@H]3C[C@@](C)(O)[C@@H](O)[C@H](C)O3)[C@H](N(C)C)[C@H]2O)[C@H]1C,CCCCCCCCCCCCCC(O)CC(=O)O[C@@H]1CC(=O)O[C@H](CC)[C@@H](CO[C@@H]2O[C@H](C)[C@@H](O)[C@@H](OC)[C@H]2OC)/C=C(C)/C=C/C(=O)[C@H](C)C[C@H](CC=O)[C@H](O[C@@H]2O[C@H](C)[C@@H](O[C@H]3C[C@@](C)(O)[C@@H](O)[C@H](C)O3)[C@H](N(C)C)[C@H]2O)[C@H]1C,TRUE,,-1.627
tylosin,Tylosin (Ì©ÀÖ¾úËØ),REF_TYLOSIN,repository_reference,O20_attached_to_C15,20,15,C,MPM00511,Cetylic acid,CCCCCCCCCCCCCCCC(=O)O,1,CCCCCCCCCCCCCCCC(=O)O[C@@H]1CC(=O)O[C@H](CC)[C@@H](CO[C@@H]2O[C@H](C)[C@@H](O)[C@@H](OC)[C@H]2OC)/C=C(C)/C=C/C(=O)[C@H](C)C[C@H](CC=O)[C@H](O[C@@H]2O[C@H](C)[C@@H](O[C@H]3C[C@@](C)(O)[C@@H](O)[C@H](C)O3)[C@H](N(C)C)[C@H]2O)[C@H]1C,CCCCCCCCCCCCCCCC(=O)O[C@@H]1CC(=O)O[C@H](CC)[C@@H](CO[C@@H]2O[C@H](C)[C@@H](O)[C@@H](OC)[C@H]2OC)/C=C(C)/C=C/C(=O)[C@H](C)C[C@H](CC=O)[C@H](O[C@@H]2O[C@H](C)[C@@H](O[C@H]3C[C@@](C)(O)[C@@H](O)[C@H](C)O3)[C@H](N(C)C)[C@H]2O)[C@H]1C,TRUE,,-1.455
tylosin,Tylosin (Ì©ÀÖ¾úËØ),REF_TYLOSIN,repository_reference,O20_attached_to_C15,20,15,C,MPM00955,Stearic acid,CCCCCCCCCCCCCCCCCC(=O)O,1,CCCCCCCCCCCCCCCCCC(=O)O[C@@H]1CC(=O)O[C@H](CC)[C@@H](CO[C@@H]2O[C@H](C)[C@@H](O)[C@@H](OC)[C@H]2OC)/C=C(C)/C=C/C(=O)[C@H](C)C[C@H](CC=O)[C@H](O[C@@H]2O[C@H](C)[C@@H](O[C@H]3C[C@@](C)(O)[C@@H](O)[C@H](C)O3)[C@H](N(C)C)[C@H]2O)[C@H]1C,CCCCCCCCCCCCCCCCCC(=O)O[C@@H]1CC(=O)O[C@H](CC)[C@@H](CO[C@@H]2O[C@H](C)[C@@H](O)[C@@H](OC)[C@H]2OC)/C=C(C)/C=C/C(=O)[C@H](C)C[C@H](CC=O)[C@H](O[C@@H]2O[C@H](C)[C@@H](O[C@H]3C[C@@](C)(O)[C@@H](O)[C@H](C)O3)[C@H](N(C)C)[C@H]2O)[C@H]1C,TRUE,,-1.533
tylosin,Tylosin (Ì©ÀÖ¾úËØ),REF_TYLOSIN,repository_reference,O20_attached_to_C15,20,15,C,MPM01526,N-Methylglycine,CNCC(=O)O,1,CC[C@H]1OC(=O)C[C@@H](OC(=O)CNC)[C@H](C)[C@@H](O[C@@H]2O[C@H](C)[C@@H](O[C@H]3C[C@@](C)(O)[C@@H](O)[C@H](C)O3)[C@H](N(C)C)[C@H]2O)[C@@H](CC=O)C[C@@H](C)C(=O)/C=C/C(C)=C/[C@@H]1CO[C@@H]1O[C@H](C)[C@@H](O)[C@@H](OC)[C@H]1OC,CC[C@H]1OC(=O)C[C@@H](OC(=O)CNC)[C@H](C)[C@@H](O[C@@H]2O[C@H](C)[C@@H](O[C@H]3C[C@@](C)(O)[C@@H](O)[C@H](C)O3)[C@H](N(C)C)[C@H]2O)[C@@H](CC=O)C[C@@H](C)C(=O)/C=C/C(C)=C/[C@@H]1CO[C@@H]1O[C@H](C)[C@@H](O)[C@@H](OC)[C@H]1OC,TRUE,,-0.576
tylosin,Tylosin (Ì©ÀÖ¾úËØ),REF_TYLOSIN,repository_reference,O20_attached_to_C15,20,15,C,MPM00346,4-Hydroxy-3-methoxycinnamate,COc1cc(C=CC(=O)O)ccc1O,1,CC[C@H]1OC(=O)C[C@@H](OC(=O)C=Cc2ccc(O)c(OC)c2)[C@H](C)[C@@H](O[C@@H]2O[C@H](C)[C@@H](O[C@H]3C[C@@](C)(O)[C@@H](O)[C@H](C)O3)[C@H](N(C)C)[C@H]2O)[C@@H](CC=O)C[C@@H](C)C(=O)/C=C/C(C)=C/[C@@H]1CO[C@@H]1O[C@H](C)[C@@H](O)[C@@H](OC)[C@H]1OC,CC[C@H]1OC(=O)C[C@@H](OC(=O)C=Cc2ccc(O)c(OC)c2)[C@H](C)[C@@H](O[C@@H]2O[C@H](C)[C@@H](O[C@H]3C[C@@](C)(O)[C@@H](O)[C@H](C)O3)[C@H](N(C)C)[C@H]2O)[C@@H](CC=O)C[C@@H](C)C(=O)/C=C/C(C)=C/[C@@H]1CO[C@@H]1O[C@H](C)[C@@H](O)[C@@H](OC)[C@H]1OC,TRUE,,-0.231
tylosin,Tylosin (Ì©ÀÖ¾úËØ),REF_TYLOSIN,repository_reference,O20_attached_to_C15,20,15,C,MPM01482,L-Methionine (R)-S-oxide,CS(=O)CCC(N)C(=O)O,1,CC[C@H]1OC(=O)C[C@@H](OC(=O)C(N)CCS(C)=O)[C@H](C)[C@@H](O[C@@H]2O[C@H](C)[C@@H](O[C@H]3C[C@@](C)(O)[C@@H](O)[C@H](C)O3)[C@H](N(C)C)[C@H]2O)[C@@H](CC=O)C[C@@H](C)C(=O)/C=C/C(C)=C/[C@@H]1CO[C@@H]1O[C@H](C)[C@@H](O)[C@@H](OC)[C@H]1OC,CC[C@H]1OC(=O)C[C@@H](OC(=O)C(N)CCS(C)=O)[C@H](C)[C@@H](O[C@@H]2O[C@H](C)[C@@H](O[C@H]3C[C@@](C)(O)[C@@H](O)[C@H](C)O3)[C@H](N(C)C)[C@H]2O)[C@@H](CC=O)C[C@@H](C)C(=O)/C=C/C(C)=C/[C@@H]1CO[C@@H]1O[C@H](C)[C@@H](O)[C@@H](OC)[C@H]1OC,TRUE,,-1.033
tylosin,Tylosin (Ì©ÀÖ¾úËØ),REF_TYLOSIN,repository_reference,O20_attached_to_C15,20,15,C,MPM01356,D-2-Amino-4-(methylthio)butyric acid,CSCCC(N)C(=O)O,1,CC[C@H]1OC(=O)C[C@@H](OC(=O)C(N)CCSC)[C@H](C)[C@@H](O[C@@H]2O[C@H](C)[C@@H](O[C@H]3C[C@@](C)(O)[C@@H](O)[C@H](C)O3)[C@H](N(C)C)[C@H]2O)[C@@H](CC=O)C[C@@H](C)C(=O)/C=C/C(C)=C/[C@@H]1CO[C@@H]1O[C@H](C)[C@@H](O)[C@@H](OC)[C@H]1OC,CC[C@H]1OC(=O)C[C@@H](OC(=O)C(N)CCSC)[C@H](C)[C@@H](O[C@@H]2O[C@H](C)[C@@H](O[C@H]3C[C@@](C)(O)[C@@H](O)[C@H](C)O3)[C@H](N(C)C)[C@H]2O)[C@@H](CC=O)C[C@@H](C)C(=O)/C=C/C(C)=C/[C@@H]1CO[C@@H]1O[C@H](C)[C@@H](O)[C@@H](OC)[C@H]1OC,TRUE,,-1.236
tylosin,Tylosin (Ì©ÀÖ¾úËØ),REF_TYLOSIN,repository_reference,O20_attached_to_C15,20,15,C,MPM00678,Glycylmethionine,CSCCC(NC(=O)CN)C(=O)O,1,CC[C@H]1OC(=O)C[C@@H](OC(=O)C(CCSC)NC(=O)CN)[C@H](C)[C@@H](O[C@@H]2O[C@H](C)[C@@H](O[C@H]3C[C@@](C)(O)[C@@H](O)[C@H](C)O3)[C@H](N(C)C)[C@H]2O)[C@@H](CC=O)C[C@@H](C)C(=O)/C=C/C(C)=C/[C@@H]1CO[C@@H]1O[C@H](C)[C@@H](O)[C@@H](OC)[C@H]1OC,CC[C@H]1OC(=O)C[C@@H](OC(=O)C(CCSC)NC(=O)CN)[C@H](C)[C@@H](O[C@@H]2O[C@H](C)[C@@H](O[C@H]3C[C@@](C)(O)[C@@H](O)[C@H](C)O3)[C@H](N(C)C)[C@H]2O)[C@@H](CC=O)C[C@@H](C)C(=O)/C=C/C(C)=C/[C@@H]1CO[C@@H]1O[C@H](C)[C@@H](O)[C@@H](OC)[C@H]1OC,TRUE,,-1.009
tylosin,Tylosin (Ì©ÀÖ¾úËØ),REF_TYLOSIN,repository_reference,O20_attached_to_C15,20,15,C,MPM01143,2-Aminosuccinamic acid,NC(=O)CC(N)C(=O)O,1,CC[C@H]1OC(=O)C[C@@H](OC(=O)C(N)CC(N)=O)[C@H](C)[C@@H](O[C@@H]2O[C@H](C)[C@@H](O[C@H]3C[C@@](C)(O)[C@@H](O)[C@H](C)O3)[C@H](N(C)C)[C@H]2O)[C@@H](CC=O)C[C@@H](C)C(=O)/C=C/C(C)=C/[C@@H]1CO[C@@H]1O[C@H](C)[C@@H](O)[C@@H](OC)[C@H]1OC,CC[C@H]1OC(=O)C[C@@H](OC(=O)C(N)CC(N)=O)[C@H](C)[C@@H](O[C@@H]2O[C@H](C)[C@@H](O[C@H]3C[C@@](C)(O)[C@@H](O)[C@H](C)O3)[C@H](N(C)C)[C@H]2O)[C@@H](CC=O)C[C@@H](C)C(=O)/C=C/C(C)=C/[C@@H]1CO[C@@H]1O[C@H](C)[C@@H](O)[C@@H](OC)[C@H]1OC,TRUE,,-0.575
tylosin,Tylosin (Ì©ÀÖ¾úËØ),REF_TYLOSIN,repository_reference,O20_attached_to_C15,20,15,C,MPM01464,L-2-Aminoglutaramic acid,NC(=O)CCC(N)C(=O)O,1,CC[C@H]1OC(=O)C[C@@H](OC(=O)C(N)CCC(N)=O)[C@H](C)[C@@H](O[C@@H]2O[C@H](C)[C@@H](O[C@H]3C[C@@](C)(O)[C@@H](O)[C@H](C)O3)[C@H](N(C)C)[C@H]2O)[C@@H](CC=O)C[C@@H](C)C(=O)/C=C/C(C)=C/[C@@H]1CO[C@@H]1O[C@H](C)[C@@H](O)[C@@H](OC)[C@H]1OC,CC[C@H]1OC(=O)C[C@@H](OC(=O)C(N)CCC(N)=O)[C@H](C)[C@@H](O[C@@H]2O[C@H](C)[C@@H](O[C@H]3C[C@@](C)(O)[C@@H](O)[C@H](C)O3)[C@H](N(C)C)[C@H]2O)[C@@H](CC=O)C[C@@H](C)C(=O)/C=C/C(C)=C/[C@@H]1CO[C@@H]1O[C@H](C)[C@@H](O)[C@@H](OC)[C@H]1OC,TRUE,,-0.645
tylosin,Tylosin (Ì©ÀÖ¾úËØ),REF_TYLOSIN,repository_reference,O20_attached_to_C15,20,15,C,MPM00951,S-Succinyldihydrolipoamide,NC(=O)CCCCC(S)CCSC(=O)CCC(=O)O,1,CC[C@H]1OC(=O)C[C@@H](OC(=O)CCC(=O)SCCC(S)CCCCC(N)=O)[C@H](C)[C@@H](O[C@@H]2O[C@H](C)[C@@H](O[C@H]3C[C@@](C)(O)[C@@H](O)[C@H](C)O3)[C@H](N(C)C)[C@H]2O)[C@@H](CC=O)C[C@@H](C)C(=O)/C=C/C(C)=C/[C@@H]1CO[C@@H]1O[C@H](C)[C@@H](O)[C@@H](OC)[C@H]1OC,CC[C@H]1OC(=O)C[C@@H](OC(=O)CCC(=O)SCCC(S)CCCCC(N)=O)[C@H](C)[C@@H](O[C@@H]2O[C@H](C)[C@@H](O[C@H]3C[C@@](C)(O)[C@@H](O)[C@H](C)O3)[C@H](N(C)C)[C@H]2O)[C@@H](CC=O)C[C@@H](C)C(=O)/C=C/C(C)=C/[C@@H]1CO[C@@H]1O[C@H](C)[C@@H](O)[C@@H](OC)[C@H]1OC,TRUE,,-3.573
tylosin,Tylosin (Ì©ÀÖ¾úËØ),REF_TYLOSIN,repository_reference,O20_attached_to_C15,20,15,C,MPM00444,Allophanic acid,NC(=O)NC(=O)O,1,CC[C@H]1OC(=O)C[C@@H](OC(=O)NC(N)=O)[C@H](C)[C@@H](O[C@@H]2O[C@H](C)[C@@H](O[C@H]3C[C@@](C)(O)[C@@H](O)[C@H](C)O3)[C@H](N(C)C)[C@H]2O)[C@@H](CC=O)C[C@@H](C)C(=O)/C=C/C(C)=C/[C@@H]1CO[C@@H]1O[C@H](C)[C@@H](O)[C@@H](OC)[C@H]1OC,CC[C@H]1OC(=O)C[C@@H](OC(=O)NC(N)=O)[C@H](C)[C@@H](O[C@@H]2O[C@H](C)[C@@H](O[C@H]3C[C@@](C)(O)[C@@H](O)[C@H](C)O3)[C@H](N(C)C)[C@H]2O)[C@@H](CC=O)C[C@@H](C)C(=O)/C=C/C(C)=C/[C@@H]1CO[C@@H]1O[C@H](C)[C@@H](O)[C@@H](OC)[C@H]1OC,TRUE,,-1.357
tylosin,Tylosin (Ì©ÀÖ¾úËØ),REF_TYLOSIN,repository_reference,O20_attached_to_C15,20,15,C,MPM00442,Allantoic acid,NC(=O)NC(NC(N)=O)C(=O)O,1,CC[C@H]1OC(=O)C[C@@H](OC(=O)C(NC(N)=O)NC(N)=O)[C@H](C)[C@@H](O[C@@H]2O[C@H](C)[C@@H](O[C@H]3C[C@@](C)(O)[C@@H](O)[C@H](C)O3)[C@H](N(C)C)[C@H]2O)[C@@H](CC=O)C[C@@H](C)C(=O)/C=C/C(C)=C/[C@@H]1CO[C@@H]1O[C@H](C)[C@@H](O)[C@@H](OC)[C@H]1OC,CC[C@H]1OC(=O)C[C@@H](OC(=O)C(NC(N)=O)NC(N)=O)[C@H](C)[C@@H](O[C@@H]2O[C@H](C)[C@@H](O[C@H]3C[C@@](C)(O)[C@@H](O)[C@H](C)O3)[C@H](N(C)C)[C@H]2O)[C@@H](CC=O)C[C@@H](C)C(=O)/C=C/C(C)=C/[C@@H]1CO[C@@H]1O[C@H](C)[C@@H](O)[C@@H](OC)[C@H]1OC,TRUE,,-1.641
tylosin,Tylosin (Ì©ÀÖ¾úËØ),REF_TYLOSIN,repository_reference,O20_attached_to_C15,20,15,C,MPM00004,(-)-Ureidoglycolate,NC(=O)NC(O)C(=O)O,1,CC[C@H]1OC(=O)C[C@@H](OC(=O)C(O)NC(N)=O)[C@H](C)[C@@H](O[C@@H]2O[C@H](C)[C@@H](O[C@H]3C[C@@](C)(O)[C@@H](O)[C@H](C)O3)[C@H](N(C)C)[C@H]2O)[C@@H](CC=O)C[C@@H](C)C(=O)/C=C/C(C)=C/[C@@H]1CO[C@@H]1O[C@H](C)[C@@H](O)[C@@H](OC)[C@H]1OC,CC[C@H]1OC(=O)C[C@@H](OC(=O)C(O)NC(N)=O)[C@H](C)[C@@H](O[C@@H]2O[C@H](C)[C@@H](O[C@H]3C[C@@](C)(O)[C@@H](O)[C@H](C)O3)[C@H](N(C)C)[C@H]2O)[C@@H](CC=O)C[C@@H](C)C(=O)/C=C/C(C)=C/[C@@H]1CO[C@@H]1O[C@H](C)[C@@H](O)[C@@H](OC)[C@H]1OC,TRUE,,-1.267
tylosin,Tylosin (Ì©ÀÖ¾úËØ),REF_TYLOSIN,repository_reference,O20_attached_to_C15,20,15,C,MPM00254,2-Oxo-4-hydroxy-4-carboxy-5-ureidoimidazoline,NC(=O)NC1=NC(=O)NC1(O)C(=O)O,1,CC[C@H]1OC(=O)C[C@@H](OC(=O)C2(O)NC(=O)N=C2NC(N)=O)[C@H](C)[C@@H](O[C@@H]2O[C@H](C)[C@@H](O[C@H]3C[C@@](C)(O)[C@@H](O)[C@H](C)O3)[C@H](N(C)C)[C@H]2O)[C@@H](CC=O)C[C@@H](C)C(=O)/C=C/C(C)=C/[C@@H]1CO[C@@H]1O[C@H](C)[C@@H](O)[C@@H](OC)[C@H]1OC,CC[C@H]1OC(=O)C[C@@H](OC(=O)C2(O)NC(=O)N=C2NC(N)=O)[C@H](C)[C@@H](O[C@@H]2O[C@H](C)[C@@H](O[C@H]3C[C@@](C)(O)[C@@H](O)[C@H](C)O3)[C@H](N(C)C)[C@H]2O)[C@@H](CC=O)C[C@@H](C)C(=O)/C=C/C(C)=C/[C@@H]1CO[C@@H]1O[C@H](C)[C@@H](O)[C@@H](OC)[C@H]1OC,TRUE,,-1.867
tylosin,Tylosin (Ì©ÀÖ¾úËØ),REF_TYLOSIN,repository_reference,O20_attached_to_C15,20,15,C,MPM00815,N-Carbamoyl-beta-alanine,NC(=O)NCCC(=O)O,1,CC[C@H]1OC(=O)C[C@@H](OC(=O)CCNC(N)=O)[C@H](C)[C@@H](O[C@@H]2O[C@H](C)[C@@H](O[C@H]3C[C@@](C)(O)[C@@H](O)[C@H](C)O3)[C@H](N(C)C)[C@H]2O)[C@@H](CC=O)C[C@@H](C)C(=O)/C=C/C(C)=C/[C@@H]1CO[C@@H]1O[C@H](C)[C@@H](O)[C@@H](OC)[C@H]1OC,CC[C@H]1OC(=O)C[C@@H](OC(=O)CCNC(N)=O)[C@H](C)[C@@H](O[C@@H]2O[C@H](C)[C@@H](O[C@H]3C[C@@](C)(O)[C@@H](O)[C@H](C)O3)[C@H](N(C)C)[C@H]2O)[C@@H](CC=O)C[C@@H](C)C(=O)/C=C/C(C)=C/[C@@H]1CO[C@@H]1O[C@H](C)[C@@H](O)[C@@H](OC)[C@H]1OC,TRUE,,-1.115
tylosin,Tylosin (Ì©ÀÖ¾úËØ),REF_TYLOSIN,repository_reference,O20_attached_to_C15,20,15,C,MPM01334,Citrulline,NC(=O)NCCCC(N)C(=O)O,1,CC[C@H]1OC(=O)C[C@@H](OC(=O)C(N)CCCNC(N)=O)[C@H](C)[C@@H](O[C@@H]2O[C@H](C)[C@@H](O[C@H]3C[C@@](C)(O)[C@@H](O)[C@H](C)O3)[C@H](N(C)C)[C@H]2O)[C@@H](CC=O)C[C@@H](C)C(=O)/C=C/C(C)=C/[C@@H]1CO[C@@H]1O[C@H](C)[C@@H](O)[C@@H](OC)[C@H]1OC,CC[C@H]1OC(=O)C[C@@H](OC(=O)C(N)CCCNC(N)=O)[C@H](C)[C@@H](O[C@@H]2O[C@H](C)[C@@H](O[C@H]3C[C@@](C)(O)[C@@H](O)[C@H](C)O3)[C@H](N(C)C)[C@H]2O)[C@@H](CC=O)C[C@@H](C)C(=O)/C=C/C(C)=C/[C@@H]1CO[C@@H]1O[C@H](C)[C@@H](O)[C@@H](OC)[C@H]1OC,TRUE,,-1.009
tylosin,Tylosin (Ì©ÀÖ¾úËØ),REF_TYLOSIN,repository_reference,O20_attached_to_C15,20,15,C,MPM01438,Hydroxythreonine,NC(C(=O)O)C(O)CO,1,CC[C@H]1OC(=O)C[C@@H](OC(=O)C(N)C(O)CO)[C@H](C)[C@@H](O[C@@H]2O[C@H](C)[C@@H](O[C@H]3C[C@@](C)(O)[C@@H](O)[C@H](C)O3)[C@H](N(C)C)[C@H]2O)[C@@H](CC=O)C[C@@H](C)C(=O)/C=C/C(C)=C/[C@@H]1CO[C@@H]1O[C@H](C)[C@@H](O)[C@@H](OC)[C@H]1OC,CC[C@H]1OC(=O)C[C@@H](OC(=O)C(N)C(O)CO)[C@H](C)[C@@H](O[C@@H]2O[C@H](C)[C@@H](O[C@H]3C[C@@](C)(O)[C@@H](O)[C@H](C)O3)[C@H](N(C)C)[C@H]2O)[C@@H](CC=O)C[C@@H](C)C(=O)/C=C/C(C)=C/[C@@H]1CO[C@@H]1O[C@H](C)[C@@H](O)[C@@H](OC)[C@H]1OC,TRUE,,-1
tylosin,Tylosin (Ì©ÀÖ¾úËØ),REF_TYLOSIN,repository_reference,O20_attached_to_C15,20,15,C,MPM00363,4-Phosphooxy-L-threonine,NC(C(=O)O)C(O)COP(=O)(O)O,1,CC[C@H]1OC(=O)C[C@@H](OC(=O)C(N)C(O)COP(=O)(O)O)[C@H](C)[C@@H](O[C@@H]2O[C@H](C)[C@@H](O[C@H]3C[C@@](C)(O)[C@@H](O)[C@H](C)O3)[C@H](N(C)C)[C@H]2O)[C@@H](CC=O)C[C@@H](C)C(=O)/C=C/C(C)=C/[C@@H]1CO[C@@H]1O[C@H](C)[C@@H](O)[C@@H](OC)[C@H]1OC,CC[C@H]1OC(=O)C[C@@H](OC(=O)C(N)C(O)COP(=O)(O)O)[C@H](C)[C@@H](O[C@@H]2O[C@H](C)[C@@H](O[C@H]3C[C@@](C)(O)[C@@H](O)[C@H](C)O3)[C@H](N(C)C)[C@H]2O)[C@@H](CC=O)C[C@@H](C)C(=O)/C=C/C(C)=C/[C@@H]1CO[C@@H]1O[C@H](C)[C@@H](O)[C@@H](OC)[C@H]1OC,TRUE,,-1.088
tylosin,Tylosin (Ì©ÀÖ¾úËØ),REF_TYLOSIN,repository_reference,O20_attached_to_C15,20,15,C,MPM01144,2-Ammoniomalonate semialdehyde,NC(C=O)C(=O)O,1,CC[C@H]1OC(=O)C[C@@H](OC(=O)C(N)C=O)[C@H](C)[C@@H](O[C@@H]2O[C@H](C)[C@@H](O[C@H]3C[C@@](C)(O)[C@@H](O)[C@H](C)O3)[C@H](N(C)C)[C@H]2O)[C@@H](CC=O)C[C@@H](C)C(=O)/C=C/C(C)=C/[C@@H]1CO[C@@H]1O[C@H](C)[C@@H](O)[C@@H](OC)[C@H]1OC,CC[C@H]1OC(=O)C[C@@H](OC(=O)C(N)C=O)[C@H](C)[C@@H](O[C@@H]2O[C@H](C)[C@@H](O[C@H]3C[C@@](C)(O)[C@@H](O)[C@H](C)O3)[C@H](N(C)C)[C@H]2O)[C@@H](CC=O)C[C@@H](C)C(=O)/C=C/C(C)=C/[C@@H]1CO[C@@H]1O[C@H](C)[C@@H](O)[C@@H](OC)[C@H]1OC,TRUE,,-0.868
tylosin,Tylosin (Ì©ÀÖ¾úËØ),REF_TYLOSIN,repository_reference,O20_attached_to_C15,20,15,C,MPM01475,L-Glutamate 1-semialdehyde,NC(C=O)CCC(=O)O,1,CC[C@H]1OC(=O)C[C@@H](OC(=O)CCC(N)C=O)[C@H](C)[C@@H](O[C@@H]2O[C@H](C)[C@@H](O[C@H]3C[C@@](C)(O)[C@@H](O)[C@H](C)O3)[C@H](N(C)C)[C@H]2O)[C@@H](CC=O)C[C@@H](C)C(=O)/C=C/C(C)=C/[C@@H]1CO[C@@H]1O[C@H](C)[C@@H](O)[C@@H](OC)[C@H]1OC,CC[C@H]1OC(=O)C[C@@H](OC(=O)CCC(N)C=O)[C@H](C)[C@@H](O[C@@H]2O[C@H](C)[C@@H](O[C@H]3C[C@@](C)(O)[C@@H](O)[C@H](C)O3)[C@H](N(C)C)[C@H]2O)[C@@H](CC=O)C[C@@H](C)C(=O)/C=C/C(C)=C/[C@@H]1CO[C@@H]1O[C@H](C)[C@@H](O)[C@@H](OC)[C@H]1OC,TRUE,,-1.121
tylosin,Tylosin (Ì©ÀÖ¾úËØ),REF_TYLOSIN,repository_reference,O20_attached_to_C15,20,15,C,MPM01471,L-Aspartic 4-semialdehyde,NC(CC=O)C(=O)O,1,CC[C@H]1OC(=O)C[C@@H](OC(=O)C(N)CC=O)[C@H](C)[C@@H](O[C@@H]2O[C@H](C)[C@@H](O[C@H]3C[C@@](C)(O)[C@@H](O)[C@H](C)O3)[C@H](N(C)C)[C@H]2O)[C@@H](CC=O)C[C@@H](C)C(=O)/C=C/C(C)=C/[C@@H]1CO[C@@H]1O[C@H](C)[C@@H](O)[C@@H](OC)[C@H]1OC,CC[C@H]1OC(=O)C[C@@H](OC(=O)C(N)CC=O)[C@H](C)[C@@H](O[C@@H]2O[C@H](C)[C@@H](O[C@H]3C[C@@](C)(O)[C@@H](O)[C@H](C)O3)[C@H](N(C)C)[C@H]2O)[C@@H](CC=O)C[C@@H](C)C(=O)/C=C/C(C)=C/[C@@H]1CO[C@@H]1O[C@H](C)[C@@H](O)[C@@H](OC)[C@H]1OC,TRUE,,-1.036
tylosin,Tylosin (Ì©ÀÖ¾úËØ),REF_TYLOSIN,repository_reference,O20_attached_to_C15,20,15,C,MPM01476,L-Glutamate gamma-semialdehyde,NC(CCC=O)C(=O)O,1,CC[C@H]1OC(=O)C[C@@H](OC(=O)C(N)CCC=O)[C@H](C)[C@@H](O[C@@H]2O[C@H](C)[C@@H](O[C@H]3C[C@@](C)(O)[C@@H](O)[C@H](C)O3)[C@H](N(C)C)[C@H]2O)[C@@H](CC=O)C[C@@H](C)C(=O)/C=C/C(C)=C/[C@@H]1CO[C@@H]1O[C@H](C)[C@@H](O)[C@@H](OC)[C@H]1OC,CC[C@H]1OC(=O)C[C@@H](OC(=O)C(N)CCC=O)[C@H](C)[C@@H](O[C@@H]2O[C@H](C)[C@@H](O[C@H]3C[C@@](C)(O)[C@@H](O)[C@H](C)O3)[C@H](N(C)C)[C@H]2O)[C@@H](CC=O)C[C@@H](C)C(=O)/C=C/C(C)=C/[C@@H]1CO[C@@H]1O[C@H](C)[C@@H](O)[C@@H](OC)[C@H]1OC,TRUE,,-1.105
tylosin,Tylosin (Ì©ÀÖ¾úËØ),REF_TYLOSIN,repository_reference,O20_attached_to_C15,20,15,C,MPM01076,(S)-2-Amino-6-oxohexanoate,NC(CCCC=O)C(=O)O,1,CC[C@H]1OC(=O)C[C@@H](OC(=O)C(N)CCCC=O)[C@H](C)[C@@H](O[C@@H]2O[C@H](C)[C@@H](O[C@H]3C[C@@](C)(O)[C@@H](O)[C@H](C)O3)[C@H](N(C)C)[C@H]2O)[C@@H](CC=O)C[C@@H](C)C(=O)/C=C/C(C)=C/[C@@H]1CO[C@@H]1O[C@H](C)[C@@H](O)[C@@H](OC)[C@H]1OC,CC[C@H]1OC(=O)C[C@@H](OC(=O)C(N)CCCC=O)[C@H](C)[C@@H](O[C@@H]2O[C@H](C)[C@@H](O[C@H]3C[C@@](C)(O)[C@@H](O)[C@H](C)O3)[C@H](N(C)C)[C@H]2O)[C@@H](CC=O)C[C@@H](C)C(=O)/C=C/C(C)=C/[C@@H]1CO[C@@H]1O[C@H](C)[C@@H](O)[C@@H](OC)[C@H]1OC,TRUE,,-1.168
tylosin,Tylosin (Ì©ÀÖ¾úËØ),REF_TYLOSIN,repository_reference,O20_attached_to_C15,20,15,C,MPM00800,N6-(D-Fructosyl)-L-lysine,NC(CCCCNCC(=O)C(O)C(O)C(O)CO)C(=O)O,1,CC[C@H]1OC(=O)C[C@@H](OC(=O)C(N)CCCCNCC(=O)C(O)C(O)C(O)CO)[C@H](C)[C@@H](O[C@@H]2O[C@H](C)[C@@H](O[C@H]3C[C@@](C)(O)[C@@H](O)[C@H](C)O3)[C@H](N(C)C)[C@H]2O)[C@@H](CC=O)C[C@@H](C)C(=O)/C=C/C(C)=C/[C@@H]1CO[C@@H]1O[C@H](C)[C@@H](O)[C@@H](OC)[C@H]1OC,CC[C@H]1OC(=O)C[C@@H](OC(=O)C(N)CCCCNCC(=O)C(O)C(O)C(O)CO)[C@H](C)[C@@H](O[C@@H]2O[C@H](C)[C@@H](O[C@H]3C[C@@](C)(O)[C@@H](O)[C@H](C)O3)[C@H](N(C)C)[C@H]2O)[C@@H](CC=O)C[C@@H](C)C(=O)/C=C/C(C)=C/[C@@H]1CO[C@@H]1O[C@H](C)[C@@H](O)[C@@H](OC)[C@H]1OC,TRUE,,-1.433
tylosin,Tylosin (Ì©ÀÖ¾úËØ),REF_TYLOSIN,repository_reference,O20_attached_to_C15,20,15,C,MPM01141,2-Amino-4-hydroxybutyric acid,NC(CCO)C(=O)O,1,CC[C@H]1OC(=O)C[C@@H](OC(=O)C(N)CCO)[C@H](C)[C@@H](O[C@@H]2O[C@H](C)[C@@H](O[C@H]3C[C@@](C)(O)[C@@H](O)[C@H](C)O3)[C@H](N(C)C)[C@H]2O)[C@@H](CC=O)C[C@@H](C)C(=O)/C=C/C(C)=C/[C@@H]1CO[C@@H]1O[C@H](C)[C@@H](O)[C@@H](OC)[C@H]1OC,CC[C@H]1OC(=O)C[C@@H](OC(=O)C(N)CCO)[C@H](C)[C@@H](O[C@@H]2O[C@H](C)[C@@H](O[C@H]3C[C@@](C)(O)[C@@H](O)[C@H](C)O3)[C@H](N(C)C)[C@H]2O)[C@@H](CC=O)C[C@@H](C)C(=O)/C=C/C(C)=C/[C@@H]1CO[C@@H]1O[C@H](C)[C@@H](O)[C@@H](OC)[C@H]1OC,TRUE,,-0.722
tylosin,Tylosin (Ì©ÀÖ¾úËØ),REF_TYLOSIN,repository_reference,O20_attached_to_C15,20,15,C,MPM00698,Homocysteine,NC(CCS)C(=O)O,1,CC[C@H]1OC(=O)C[C@@H](OC(=O)C(N)CCS)[C@H](C)[C@@H](O[C@@H]2O[C@H](C)[C@@H](O[C@H]3C[C@@](C)(O)[C@@H](O)[C@H](C)O3)[C@H](N(C)C)[C@H]2O)[C@@H](CC=O)C[C@@H](C)C(=O)/C=C/C(C)=C/[C@@H]1CO[C@@H]1O[C@H](C)[C@@H](O)[C@@H](OC)[C@H]1OC,CC[C@H]1OC(=O)C[C@@H](OC(=O)C(N)CCS)[C@H](C)[C@@H](O[C@@H]2O[C@H](C)[C@@H](O[C@H]3C[C@@](C)(O)[C@@H](O)[C@H](C)O3)[C@H](N(C)C)[C@H]2O)[C@@H](CC=O)C[C@@H](C)C(=O)/C=C/C(C)=C/[C@@H]1CO[C@@H]1O[C@H](C)[C@@H](O)[C@@H](OC)[C@H]1OC,TRUE,,-2.088
tylosin,Tylosin (Ì©ÀÖ¾úËØ),REF_TYLOSIN,repository_reference,O20_attached_to_C15,20,15,C,MPM01379,D-Serine,NC(CO)C(=O)O,1,CC[C@H]1OC(=O)C[C@@H](OC(=O)C(N)CO)[C@H](C)[C@@H](O[C@@H]2O[C@H](C)[C@@H](O[C@H]3C[C@@](C)(O)[C@@H](O)[C@H](C)O3)[C@H](N(C)C)[C@H]2O)[C@@H](CC=O)C[C@@H](C)C(=O)/C=C/C(C)=C/[C@@H]1CO[C@@H]1O[C@H](C)[C@@H](O)[C@@H](OC)[C@H]1OC,CC[C@H]1OC(=O)C[C@@H](OC(=O)C(N)CO)[C@H](C)[C@@H](O[C@@H]2O[C@H](C)[C@@H](O[C@H]3C[C@@](C)(O)[C@@H](O)[C@H](C)O3)[C@H](N(C)C)[C@H]2O)[C@@H](CC=O)C[C@@H](C)C(=O)/C=C/C(C)=C/[C@@H]1CO[C@@H]1O[C@H](C)[C@@H](O)[C@@H](OC)[C@H]1OC,TRUE,,-0.728
tylosin,Tylosin (Ì©ÀÖ¾úËØ),REF_TYLOSIN,repository_reference,O20_attached_to_C15,20,15,C,MPM00325,3-Phospho-L-serine,NC(COP(=O)(O)O)C(=O)O,1,CC[C@H]1OC(=O)C[C@@H](OC(=O)C(N)COP(=O)(O)O)[C@H](C)[C@@H](O[C@@H]2O[C@H](C)[C@@H](O[C@H]3C[C@@](C)(O)[C@@H](O)[C@H](C)O3)[C@H](N(C)C)[C@H]2O)[C@@H](CC=O)C[C@@H](C)C(=O)/C=C/C(C)=C/[C@@H]1CO[C@@H]1O[C@H](C)[C@@H](O)[C@@H](OC)[C@H]1OC,CC[C@H]1OC(=O)C[C@@H](OC(=O)C(N)COP(=O)(O)O)[C@H](C)[C@@H](O[C@@H]2O[C@H](C)[C@@H](O[C@H]3C[C@@](C)(O)[C@@H](O)[C@H](C)O3)[C@H](N(C)C)[C@H]2O)[C@@H](CC=O)C[C@@H](C)C(=O)/C=C/C(C)=C/[C@@H]1CO[C@@H]1O[C@H](C)[C@@H](O)[C@@H](OC)[C@H]1OC,TRUE,,-0.832
tylosin,Tylosin (Ì©ÀÖ¾úËØ),REF_TYLOSIN,repository_reference,O20_attached_to_C15,20,15,C,MPM00667,glycerol 1-phosphoserine(1-),NC(COP(=O)(O)OCC(O)CO)C(=O)O,1,CC[C@H]1OC(=O)C[C@@H](OC(=O)C(N)COP(=O)(O)OCC(O)CO)[C@H](C)[C@@H](O[C@@H]2O[C@H](C)[C@@H](O[C@H]3C[C@@](C)(O)[C@@H](O)[C@H](C)O3)[C@H](N(C)C)[C@H]2O)[C@@H](CC=O)C[C@@H](C)C(=O)/C=C/C(C)=C/[C@@H]1CO[C@@H]1O[C@H](C)[C@@H](O)[C@@H](OC)[C@H]1OC,CC[C@H]1OC(=O)C[C@@H](OC(=O)C(N)COP(=O)(O)OCC(O)CO)[C@H](C)[C@@H](O[C@@H]2O[C@H](C)[C@@H](O[C@H]3C[C@@](C)(O)[C@@H](O)[C@H](C)O3)[C@H](N(C)C)[C@H]2O)[C@@H](CC=O)C[C@@H](C)C(=O)/C=C/C(C)=C/[C@@H]1CO[C@@H]1O[C@H](C)[C@@H](O)[C@@H](OC)[C@H]1OC,TRUE,,-1.048
tylosin,Tylosin (Ì©ÀÖ¾úËØ),REF_TYLOSIN,repository_reference,O20_attached_to_C15,20,15,C,MPM00199,2-Amino-3-sulfopropionic acid,NC(CS(=O)(=O)O)C(=O)O,1,CC[C@H]1OC(=O)C[C@@H](OC(=O)C(N)CS(=O)(=O)O)[C@H](C)[C@@H](O[C@@H]2O[C@H](C)[C@@H](O[C@H]3C[C@@](C)(O)[C@@H](O)[C@H](C)O3)[C@H](N(C)C)[C@H]2O)[C@@H](CC=O)C[C@@H](C)C(=O)/C=C/C(C)=C/[C@@H]1CO[C@@H]1O[C@H](C)[C@@H](O)[C@@H](OC)[C@H]1OC,CC[C@H]1OC(=O)C[C@@H](OC(=O)C(N)CS(=O)(=O)O)[C@H](C)[C@@H](O[C@@H]2O[C@H](C)[C@@H](O[C@H]3C[C@@](C)(O)[C@@H](O)[C@H](C)O3)[C@H](N(C)C)[C@H]2O)[C@@H](CC=O)C[C@@H](C)C(=O)/C=C/C(C)=C/[C@@H]1CO[C@@H]1O[C@H](C)[C@@H](O)[C@@H](OC)[C@H]1OC,TRUE,,-0.548
tylosin,Tylosin (Ì©ÀÖ¾úËØ),REF_TYLOSIN,repository_reference,O20_attached_to_C15,20,15,C,MPM00329,3-Sulfinoalanine,NC(CS(=O)O)C(=O)O,1,CC[C@H]1OC(=O)C[C@@H](OC(=O)C(N)CS(=O)O)[C@H](C)[C@@H](O[C@@H]2O[C@H](C)[C@@H](O[C@H]3C[C@@](C)(O)[C@@H](O)[C@H](C)O3)[C@H](N(C)C)[C@H]2O)[C@@H](CC=O)C[C@@H](C)C(=O)/C=C/C(C)=C/[C@@H]1CO[C@@H]1O[C@H](C)[C@@H](O)[C@@H](OC)[C@H]1OC,CC[C@H]1OC(=O)C[C@@H](OC(=O)C(N)CS(=O)O)[C@H](C)[C@@H](O[C@@H]2O[C@H](C)[C@@H](O[C@H]3C[C@@](C)(O)[C@@H](O)[C@H](C)O3)[C@H](N(C)C)[C@H]2O)[C@@H](CC=O)C[C@@H](C)C(=O)/C=C/C(C)=C/[C@@H]1CO[C@@H]1O[C@H](C)[C@@H](O)[C@@H](OC)[C@H]1OC,TRUE,,-0.479
tylosin,Tylosin (Ì©ÀÖ¾úËØ),REF_TYLOSIN,repository_reference,O20_attached_to_C15,20,15,C,MPM01473,L-Cysteinylglycine,NC(CS)C(=O)NCC(=O)O,1,CC[C@H]1OC(=O)C[C@@H](OC(=O)CNC(=O)C(N)CS)[C@H](C)[C@@H](O[C@@H]2O[C@H](C)[C@@H](O[C@H]3C[C@@](C)(O)[C@@H](O)[C@H](C)O3)[C@H](N(C)C)[C@H]2O)[C@@H](CC=O)C[C@@H](C)C(=O)/C=C/C(C)=C/[C@@H]1CO[C@@H]1O[C@H](C)[C@@H](O)[C@@H](OC)[C@H]1OC,CC[C@H]1OC(=O)C[C@@H](OC(=O)CNC(=O)C(N)CS)[C@H](C)[C@@H](O[C@@H]2O[C@H](C)[C@@H](O[C@H]3C[C@@](C)(O)[C@@H](O)[C@H](C)O3)[C@H](N(C)C)[C@H]2O)[C@@H](CC=O)C[C@@H](C)C(=O)/C=C/C(C)=C/[C@@H]1CO[C@@H]1O[C@H](C)[C@@H](O)[C@@H](OC)[C@H]1OC,TRUE,,-1.987
tylosin,Tylosin (Ì©ÀÖ¾úËØ),REF_TYLOSIN,repository_reference,O20_attached_to_C15,20,15,C,MPM01361,D-Amino-3-mercaptopropionic acid,NC(CS)C(=O)O,1,CC[C@H]1OC(=O)C[C@@H](OC(=O)C(N)CS)[C@H](C)[C@@H](O[C@@H]2O[C@H](C)[C@@H](O[C@H]3C[C@@](C)(O)[C@@H](O)[C@H](C)O3)[C@H](N(C)C)[C@H]2O)[C@@H](CC=O)C[C@@H](C)C(=O)/C=C/C(C)=C/[C@@H]1CO[C@@H]1O[C@H](C)[C@@H](O)[C@@H](OC)[C@H]1OC,CC[C@H]1OC(=O)C[C@@H](OC(=O)C(N)CS)[C@H](C)[C@@H](O[C@@H]2O[C@H](C)[C@@H](O[C@H]3C[C@@](C)(O)[C@@H](O)[C@H](C)O3)[C@H](N(C)C)[C@H]2O)[C@@H](CC=O)C[C@@H](C)C(=O)/C=C/C(C)=C/[C@@H]1CO[C@@H]1O[C@H](C)[C@@H](O)[C@@H](OC)[C@H]1OC,TRUE,,-2.025
tylosin,Tylosin (Ì©ÀÖ¾úËØ),REF_TYLOSIN,repository_reference,O20_attached_to_C15,20,15,C,MPM01078,(S)-alpha-Amino-beta-(3-indolyl)-propionic acid,NC(Cc1c[nH]c2ccccc12)C(=O)O,1,CC[C@H]1OC(=O)C[C@@H](OC(=O)C(N)Cc2c[nH]c3ccccc23)[C@H](C)[C@@H](O[C@@H]2O[C@H](C)[C@@H](O[C@H]3C[C@@](C)(O)[C@@H](O)[C@H](C)O3)[C@H](N(C)C)[C@H]2O)[C@@H](CC=O)C[C@@H](C)C(=O)/C=C/C(C)=C/[C@@H]1CO[C@@H]1O[C@H](C)[C@@H](O)[C@@H](OC)[C@H]1OC,CC[C@H]1OC(=O)C[C@@H](OC(=O)C(N)Cc2c[nH]c3ccccc23)[C@H](C)[C@@H](O[C@@H]2O[C@H](C)[C@@H](O[C@H]3C[C@@](C)(O)[C@@H](O)[C@H](C)O3)[C@H](N(C)C)[C@H]2O)[C@@H](CC=O)C[C@@H](C)C(=O)/C=C/C(C)=C/[C@@H]1CO[C@@H]1O[C@H](C)[C@@H](O)[C@@H](OC)[C@H]1OC,TRUE,,0.075
tylosin,Tylosin (Ì©ÀÖ¾úËØ),REF_TYLOSIN,repository_reference,O20_attached_to_C15,20,15,C,MPM01639,Tyrosine,NC(Cc1ccc(O)cc1)C(=O)O,1,CC[C@H]1OC(=O)C[C@@H](OC(=O)C(N)Cc2ccc(O)cc2)[C@H](C)[C@@H](O[C@@H]2O[C@H](C)[C@@H](O[C@H]3C[C@@](C)(O)[C@@H](O)[C@H](C)O3)[C@H](N(C)C)[C@H]2O)[C@@H](CC=O)C[C@@H](C)C(=O)/C=C/C(C)=C/[C@@H]1CO[C@@H]1O[C@H](C)[C@@H](O)[C@@H](OC)[C@H]1OC,CC[C@H]1OC(=O)C[C@@H](OC(=O)C(N)Cc2ccc(O)cc2)[C@H](C)[C@@H](O[C@@H]2O[C@H](C)[C@@H](O[C@H]3C[C@@](C)(O)[C@@H](O)[C@H](C)O3)[C@H](N(C)C)[C@H]2O)[C@@H](CC=O)C[C@@H](C)C(=O)/C=C/C(C)=C/[C@@H]1CO[C@@H]1O[C@H](C)[C@@H](O)[C@@H](OC)[C@H]1OC,TRUE,,-0.538
tylosin,Tylosin (Ì©ÀÖ¾úËØ),REF_TYLOSIN,repository_reference,O20_attached_to_C15,20,15,C,MPM00895,Phosphonotyrosine,NC(Cc1ccc(OP(=O)(O)O)cc1)C(=O)O,1,CC[C@H]1OC(=O)C[C@@H](OC(=O)C(N)Cc2ccc(OP(=O)(O)O)cc2)[C@H](C)[C@@H](O[C@@H]2O[C@H](C)[C@@H](O[C@H]3C[C@@](C)(O)[C@@H](O)[C@H](C)O3)[C@H](N(C)C)[C@H]2O)[C@@H](CC=O)C[C@@H](C)C(=O)/C=C/C(C)=C/[C@@H]1CO[C@@H]1O[C@H](C)[C@@H](O)[C@@H](OC)[C@H]1OC,CC[C@H]1OC(=O)C[C@@H](OC(=O)C(N)Cc2ccc(OP(=O)(O)O)cc2)[C@H](C)[C@@H](O[C@@H]2O[C@H](C)[C@@H](O[C@H]3C[C@@](C)(O)[C@@H](O)[C@H](C)O3)[C@H](N(C)C)[C@H]2O)[C@@H](CC=O)C[C@@H](C)C(=O)/C=C/C(C)=C/[C@@H]1CO[C@@H]1O[C@H](C)[C@@H](O)[C@@H](OC)[C@H]1OC,TRUE,,-1.078
tylosin,Tylosin (Ì©ÀÖ¾úËØ),REF_TYLOSIN,repository_reference,O20_attached_to_C15,20,15,C,MPM00612,D-phenylalanine,NC(Cc1ccccc1)C(=O)O,1,CC[C@H]1OC(=O)C[C@@H](OC(=O)C(N)Cc2ccccc2)[C@H](C)[C@@H](O[C@@H]2O[C@H](C)[C@@H](O[C@H]3C[C@@](C)(O)[C@@H](O)[C@H](C)O3)[C@H](N(C)C)[C@H]2O)[C@@H](CC=O)C[C@@H](C)C(=O)/C=C/C(C)=C/[C@@H]1CO[C@@H]1O[C@H](C)[C@@H](O)[C@@H](OC)[C@H]1OC,CC[C@H]1OC(=O)C[C@@H](OC(=O)C(N)Cc2ccccc2)[C@H](C)[C@@H](O[C@@H]2O[C@H](C)[C@@H](O[C@H]3C[C@@](C)(O)[C@@H](O)[C@H](C)O3)[C@H](N(C)C)[C@H]2O)[C@@H](CC=O)C[C@@H](C)C(=O)/C=C/C(C)=C/[C@@H]1CO[C@@H]1O[C@H](C)[C@@H](O)[C@@H](OC)[C@H]1OC,TRUE,,-0.906
tylosin,Tylosin (Ì©ÀÖ¾úËØ),REF_TYLOSIN,repository_reference,O20_attached_to_C15,20,15,C,MPM01077,(S)-alpha-Amino-1H-imidazole-4-propionic acid,NC(Cc1cnc[nH]1)C(=O)O,1,CC[C@H]1OC(=O)C[C@@H](OC(=O)C(N)Cc2cnc[nH]2)[C@H](C)[C@@H](O[C@@H]2O[C@H](C)[C@@H](O[C@H]3C[C@@](C)(O)[C@@H](O)[C@H](C)O3)[C@H](N(C)C)[C@H]2O)[C@@H](CC=O)C[C@@H](C)C(=O)/C=C/C(C)=C/[C@@H]1CO[C@@H]1O[C@H](C)[C@@H](O)[C@@H](OC)[C@H]1OC,CC[C@H]1OC(=O)C[C@@H](OC(=O)C(N)Cc2cnc[nH]2)[C@H](C)[C@@H](O[C@@H]2O[C@H](C)[C@@H](O[C@H]3C[C@@](C)(O)[C@@H](O)[C@H](C)O3)[C@H](N(C)C)[C@H]2O)[C@@H](CC=O)C[C@@H](C)C(=O)/C=C/C(C)=C/[C@@H]1CO[C@@H]1O[C@H](C)[C@@H](O)[C@@H](OC)[C@H]1OC,TRUE,,-0.906
tylosin,Tylosin (Ì©ÀÖ¾úËØ),REF_TYLOSIN,repository_reference,O20_attached_to_C15,20,15,C,MPM01165,2-Oxoarginine,NC(N)=NCCCC(=O)C(=O)O,1,CC[C@H]1OC(=O)C[C@@H](OC(=O)C(=O)CCCN=C(N)N)[C@H](C)[C@@H](O[C@@H]2O[C@H](C)[C@@H](O[C@H]3C[C@@](C)(O)[C@@H](O)[C@H](C)O3)[C@H](N(C)C)[C@H]2O)[C@@H](CC=O)C[C@@H](C)C(=O)/C=C/C(C)=C/[C@@H]1CO[C@@H]1O[C@H](C)[C@@H](O)[C@@H](OC)[C@H]1OC,CC[C@H]1OC(=O)C[C@@H](OC(=O)C(=O)CCCN=C(N)N)[C@H](C)[C@@H](O[C@@H]2O[C@H](C)[C@@H](O[C@H]3C[C@@](C)(O)[C@@H](O)[C@H](C)O3)[C@H](N(C)C)[C@H]2O)[C@@H](CC=O)C[C@@H](C)C(=O)/C=C/C(C)=C/[C@@H]1CO[C@@H]1O[C@H](C)[C@@H](O)[C@@H](OC)[C@H]1OC,TRUE,,-0.849
tylosin,Tylosin (Ì©ÀÖ¾úËØ),REF_TYLOSIN,repository_reference,O20_attached_to_C15,20,15,C,MPM00541,D-2-Amino-5-guanidinovaleric acid,NC(N)=NCCCC(N)C(=O)O,1,CC[C@H]1OC(=O)C[C@@H](OC(=O)C(N)CCCN=C(N)N)[C@H](C)[C@@H](O[C@@H]2O[C@H](C)[C@@H](O[C@H]3C[C@@](C)(O)[C@@H](O)[C@H](C)O3)[C@H](N(C)C)[C@H]2O)[C@@H](CC=O)C[C@@H](C)C(=O)/C=C/C(C)=C/[C@@H]1CO[C@@H]1O[C@H](C)[C@@H](O)[C@@H](OC)[C@H]1OC,CC[C@H]1OC(=O)C[C@@H](OC(=O)C(N)CCCN=C(N)N)[C@H](C)[C@@H](O[C@@H]2O[C@H](C)[C@@H](O[C@H]3C[C@@](C)(O)[C@@H](O)[C@H](C)O3)[C@H](N(C)C)[C@H]2O)[C@@H](CC=O)C[C@@H](C)C(=O)/C=C/C(C)=C/[C@@H]1CO[C@@H]1O[C@H](C)[C@@H](O)[C@@H](OC)[C@H]1OC,TRUE,,-0.742
tylosin,Tylosin (Ì©ÀÖ¾úËØ),REF_TYLOSIN,repository_reference,O20_attached_to_C15,20,15,C,MPM01242,5-Amino-4-oxovaleric acid,NCC(=O)CCC(=O)O,1,CC[C@H]1OC(=O)C[C@@H](OC(=O)CCC(=O)CN)[C@H](C)[C@@H](O[C@@H]2O[C@H](C)[C@@H](O[C@H]3C[C@@](C)(O)[C@@H](O)[C@H](C)O3)[C@H](N(C)C)[C@H]2O)[C@@H](CC=O)C[C@@H](C)C(=O)/C=C/C(C)=C/[C@@H]1CO[C@@H]1O[C@H](C)[C@@H](O)[C@@H](OC)[C@H]1OC,CC[C@H]1OC(=O)C[C@@H](OC(=O)CCC(=O)CN)[C@H](C)[C@@H](O[C@@H]2O[C@H](C)[C@@H](O[C@H]3C[C@@](C)(O)[C@@H](O)[C@H](C)O3)[C@H](N(C)C)[C@H]2O)[C@@H](CC=O)C[C@@H](C)C(=O)/C=C/C(C)=C/[C@@H]1CO[C@@H]1O[C@H](C)[C@@H](O)[C@@H](OC)[C@H]1OC,TRUE,,-0.608
tylosin,Tylosin (Ì©ÀÖ¾úËØ),REF_TYLOSIN,repository_reference,O20_attached_to_C15,20,15,C,MPM00674,Glycyl-l-glutamine,NCC(=O)NC(CCC(N)=O)C(=O)O,1,CC[C@H]1OC(=O)C[C@@H](OC(=O)C(CCC(N)=O)NC(=O)CN)[C@H](C)[C@@H](O[C@@H]2O[C@H](C)[C@@H](O[C@H]3C[C@@](C)(O)[C@@H](O)[C@H](C)O3)[C@H](N(C)C)[C@H]2O)[C@@H](CC=O)C[C@@H](C)C(=O)/C=C/C(C)=C/[C@@H]1CO[C@@H]1O[C@H](C)[C@@H](O)[C@@H](OC)[C@H]1OC,CC[C@H]1OC(=O)C[C@@H](OC(=O)C(CCC(N)=O)NC(=O)CN)[C@H](C)[C@@H](O[C@@H]2O[C@H](C)[C@@H](O[C@H]3C[C@@](C)(O)[C@@H](O)[C@H](C)O3)[C@H](N(C)C)[C@H]2O)[C@@H](CC=O)C[C@@H](C)C(=O)/C=C/C(C)=C/[C@@H]1CO[C@@H]1O[C@H](C)[C@@H](O)[C@@H](OC)[C@H]1OC,TRUE,,-0.418
tylosin,Tylosin (Ì©ÀÖ¾úËØ),REF_TYLOSIN,repository_reference,O20_attached_to_C15,20,15,C,MPM00673,Glycylcysteine,NCC(=O)NC(CS)C(=O)O,1,CC[C@H]1OC(=O)C[C@@H](OC(=O)C(CS)NC(=O)CN)[C@H](C)[C@@H](O[C@@H]2O[C@H](C)[C@@H](O[C@H]3C[C@@](C)(O)[C@@H](O)[C@H](C)O3)[C@H](N(C)C)[C@H]2O)[C@@H](CC=O)C[C@@H](C)C(=O)/C=C/C(C)=C/[C@@H]1CO[C@@H]1O[C@H](C)[C@@H](O)[C@@H](OC)[C@H]1OC,CC[C@H]1OC(=O)C[C@@H](OC(=O)C(CS)NC(=O)CN)[C@H](C)[C@@H](O[C@@H]2O[C@H](C)[C@@H](O[C@H]3C[C@@](C)(O)[C@@H](O)[C@H](C)O3)[C@H](N(C)C)[C@H]2O)[C@@H](CC=O)C[C@@H](C)C(=O)/C=C/C(C)=C/[C@@H]1CO[C@@H]1O[C@H](C)[C@@H](O)[C@@H](OC)[C@H]1OC,TRUE,,-1.848
tylosin,Tylosin (Ì©ÀÖ¾úËØ),REF_TYLOSIN,repository_reference,O20_attached_to_C15,20,15,C,MPM00677,Glycyl-L-tyrosine,NCC(=O)NC(Cc1ccc(O)cc1)C(=O)O,1,CC[C@H]1OC(=O)C[C@@H](OC(=O)C(Cc2ccc(O)cc2)NC(=O)CN)[C@H](C)[C@@H](O[C@@H]2O[C@H](C)[C@@H](O[C@H]3C[C@@](C)(O)[C@@H](O)[C@H](C)O3)[C@H](N(C)C)[C@H]2O)[C@@H](CC=O)C[C@@H](C)C(=O)/C=C/C(C)=C/[C@@H]1CO[C@@H]1O[C@H](C)[C@@H](O)[C@@H](OC)[C@H]1OC,CC[C@H]1OC(=O)C[C@@H](OC(=O)C(Cc2ccc(O)cc2)NC(=O)CN)[C@H](C)[C@@H](O[C@@H]2O[C@H](C)[C@@H](O[C@H]3C[C@@](C)(O)[C@@H](O)[C@H](C)O3)[C@H](N(C)C)[C@H]2O)[C@@H](CC=O)C[C@@H](C)C(=O)/C=C/C(C)=C/[C@@H]1CO[C@@H]1O[C@H](C)[C@@H](O)[C@@H](OC)[C@H]1OC,TRUE,,-0.311
tylosin,Tylosin (Ì©ÀÖ¾úËØ),REF_TYLOSIN,repository_reference,O20_attached_to_C15,20,15,C,MPM00676,Glycyl-L-phenylalanine,NCC(=O)NC(Cc1ccccc1)C(=O)O,1,CC[C@H]1OC(=O)C[C@@H](OC(=O)C(Cc2ccccc2)NC(=O)CN)[C@H](C)[C@@H](O[C@@H]2O[C@H](C)[C@@H](O[C@H]3C[C@@](C)(O)[C@@H](O)[C@H](C)O3)[C@H](N(C)C)[C@H]2O)[C@@H](CC=O)C[C@@H](C)C(=O)/C=C/C(C)=C/[C@@H]1CO[C@@H]1O[C@H](C)[C@@H](O)[C@@H](OC)[C@H]1OC,CC[C@H]1OC(=O)C[C@@H](OC(=O)C(Cc2ccccc2)NC(=O)CN)[C@H](C)[C@@H](O[C@@H]2O[C@H](C)[C@@H](O[C@H]3C[C@@](C)(O)[C@@H](O)[C@H](C)O3)[C@H](N(C)C)[C@H]2O)[C@@H](CC=O)C[C@@H](C)C(=O)/C=C/C(C)=C/[C@@H]1CO[C@@H]1O[C@H](C)[C@@H](O)[C@@H](OC)[C@H]1OC,TRUE,,-0.679
tylosin,Tylosin (Ì©ÀÖ¾úËØ),REF_TYLOSIN,repository_reference,O20_attached_to_C15,20,15,C,MPM01413,Gly,NCC(=O)O,1,CC[C@H]1OC(=O)C[C@@H](OC(=O)CN)[C@H](C)[C@@H](O[C@@H]2O[C@H](C)[C@@H](O[C@H]3C[C@@](C)(O)[C@@H](O)[C@H](C)O3)[C@H](N(C)C)[C@H]2O)[C@@H](CC=O)C[C@@H](C)C(=O)/C=C/C(C)=C/[C@@H]1CO[C@@H]1O[C@H](C)[C@@H](O)[C@@H](OC)[C@H]1OC,CC[C@H]1OC(=O)C[C@@H](OC(=O)CN)[C@H](C)[C@@H](O[C@@H]2O[C@H](C)[C@@H](O[C@H]3C[C@@](C)(O)[C@@H](O)[C@H](C)O3)[C@H](N(C)C)[C@H]2O)[C@@H](CC=O)C[C@@H](C)C(=O)/C=C/C(C)=C/[C@@H]1CO[C@@H]1O[C@H](C)[C@@H](O)[C@@H](OC)[C@H]1OC,TRUE,,-0.458
tylosin,Tylosin (Ì©ÀÖ¾úËØ),REF_TYLOSIN,repository_reference,O20_attached_to_C15,20,15,C,MPM01074,"(S)-2,3-Diaminopropanoate",NCC(N)C(=O)O,1,CC[C@H]1OC(=O)C[C@@H](OC(=O)C(N)CN)[C@H](C)[C@@H](O[C@@H]2O[C@H](C)[C@@H](O[C@H]3C[C@@](C)(O)[C@@H](O)[C@H](C)O3)[C@H](N(C)C)[C@H]2O)[C@@H](CC=O)C[C@@H](C)C(=O)/C=C/C(C)=C/[C@@H]1CO[C@@H]1O[C@H](C)[C@@H](O)[C@@H](OC)[C@H]1OC,CC[C@H]1OC(=O)C[C@@H](OC(=O)C(N)CN)[C@H](C)[C@@H](O[C@@H]2O[C@H](C)[C@@H](O[C@H]3C[C@@](C)(O)[C@@H](O)[C@H](C)O3)[C@H](N(C)C)[C@H]2O)[C@@H](CC=O)C[C@@H](C)C(=O)/C=C/C(C)=C/[C@@H]1CO[C@@H]1O[C@H](C)[C@@H](O)[C@@H](OC)[C@H]1OC,TRUE,,-0.313
tylosin,Tylosin (Ì©ÀÖ¾úËØ),REF_TYLOSIN,repository_reference,O20_attached_to_C15,20,15,C,MPM01212,3-Aminopropanoate,NCCC(=O)O,1,CC[C@H]1OC(=O)C[C@@H](OC(=O)CCN)[C@H](C)[C@@H](O[C@@H]2O[C@H](C)[C@@H](O[C@H]3C[C@@](C)(O)[C@@H](O)[C@H](C)O3)[C@H](N(C)C)[C@H]2O)[C@@H](CC=O)C[C@@H](C)C(=O)/C=C/C(C)=C/[C@@H]1CO[C@@H]1O[C@H](C)[C@@H](O)[C@@H](OC)[C@H]1OC,CC[C@H]1OC(=O)C[C@@H](OC(=O)CCN)[C@H](C)[C@@H](O[C@@H]2O[C@H](C)[C@@H](O[C@H]3C[C@@](C)(O)[C@@H](O)[C@H](C)O3)[C@H](N(C)C)[C@H]2O)[C@@H](CC=O)C[C@@H](C)C(=O)/C=C/C(C)=C/[C@@H]1CO[C@@H]1O[C@H](C)[C@@H](O)[C@@H](OC)[C@H]1OC,TRUE,,-0.545
tylosin,Tylosin (Ì©ÀÖ¾úËØ),REF_TYLOSIN,repository_reference,O20_attached_to_C15,20,15,C,MPM00725,"L-2,4-Diaminobutyrate",NCCC(N)C(=O)O,1,CC[C@H]1OC(=O)C[C@@H](OC(=O)C(N)CCN)[C@H](C)[C@@H](O[C@@H]2O[C@H](C)[C@@H](O[C@H]3C[C@@](C)(O)[C@@H](O)[C@H](C)O3)[C@H](N(C)C)[C@H]2O)[C@@H](CC=O)C[C@@H](C)C(=O)/C=C/C(C)=C/[C@@H]1CO[C@@H]1O[C@H](C)[C@@H](O)[C@@H](OC)[C@H]1OC,CC[C@H]1OC(=O)C[C@@H](OC(=O)C(N)CCN)[C@H](C)[C@@H](O[C@@H]2O[C@H](C)[C@@H](O[C@H]3C[C@@](C)(O)[C@@H](O)[C@H](C)O3)[C@H](N(C)C)[C@H]2O)[C@@H](CC=O)C[C@@H](C)C(=O)/C=C/C(C)=C/[C@@H]1CO[C@@H]1O[C@H](C)[C@@H](O)[C@@H](OC)[C@H]1OC,TRUE,,-0.367
tylosin,Tylosin (Ì©ÀÖ¾úËØ),REF_TYLOSIN,repository_reference,O20_attached_to_C15,20,15,C,MPM01396,GABA,NCCCC(=O)O,1,CC[C@H]1OC(=O)C[C@@H](OC(=O)CCCN)[C@H](C)[C@@H](O[C@@H]2O[C@H](C)[C@@H](O[C@H]3C[C@@](C)(O)[C@@H](O)[C@H](C)O3)[C@H](N(C)C)[C@H]2O)[C@@H](CC=O)C[C@@H](C)C(=O)/C=C/C(C)=C/[C@@H]1CO[C@@H]1O[C@H](C)[C@@H](O)[C@@H](OC)[C@H]1OC,CC[C@H]1OC(=O)C[C@@H](OC(=O)CCCN)[C@H](C)[C@@H](O[C@@H]2O[C@H](C)[C@@H](O[C@H]3C[C@@](C)(O)[C@@H](O)[C@H](C)O3)[C@H](N(C)C)[C@H]2O)[C@@H](CC=O)C[C@@H](C)C(=O)/C=C/C(C)=C/[C@@H]1CO[C@@H]1O[C@H](C)[C@@H](O)[C@@H](OC)[C@H]1OC,TRUE,,-0.604
tylosin,Tylosin (Ì©ÀÖ¾úËØ),REF_TYLOSIN,repository_reference,O20_attached_to_C15,20,15,C,MPM00093,"(S)-2,5-Diaminopentanoate",NCCCC(N)C(=O)O,1,CC[C@H]1OC(=O)C[C@@H](OC(=O)C(N)CCCN)[C@H](C)[C@@H](O[C@@H]2O[C@H](C)[C@@H](O[C@H]3C[C@@](C)(O)[C@@H](O)[C@H](C)O3)[C@H](N(C)C)[C@H]2O)[C@@H](CC=O)C[C@@H](C)C(=O)/C=C/C(C)=C/[C@@H]1CO[C@@H]1O[C@H](C)[C@@H](O)[C@@H](OC)[C@H]1OC,CC[C@H]1OC(=O)C[C@@H](OC(=O)C(N)CCCN)[C@H](C)[C@@H](O[C@@H]2O[C@H](C)[C@@H](O[C@H]3C[C@@](C)(O)[C@@H](O)[C@H](C)O3)[C@H](N(C)C)[C@H]2O)[C@@H](CC=O)C[C@@H](C)C(=O)/C=C/C(C)=C/[C@@H]1CO[C@@H]1O[C@H](C)[C@@H](O)[C@@H](OC)[C@H]1OC,TRUE,,-0.426
tylosin,Tylosin (Ì©ÀÖ¾úËØ),REF_TYLOSIN,repository_reference,O20_attached_to_C15,20,15,C,MPM00742,L-beta-Lysine,NCCCC(N)CC(=O)O,1,CC[C@H]1OC(=O)C[C@@H](OC(=O)CC(N)CCCN)[C@H](C)[C@@H](O[C@@H]2O[C@H](C)[C@@H](O[C@H]3C[C@@](C)(O)[C@@H](O)[C@H](C)O3)[C@H](N(C)C)[C@H]2O)[C@@H](CC=O)C[C@@H](C)C(=O)/C=C/C(C)=C/[C@@H]1CO[C@@H]1O[C@H](C)[C@@H](O)[C@@H](OC)[C@H]1OC,CC[C@H]1OC(=O)C[C@@H](OC(=O)CC(N)CCCN)[C@H](C)[C@@H](O[C@@H]2O[C@H](C)[C@@H](O[C@H]3C[C@@](C)(O)[C@@H](O)[C@H](C)O3)[C@H](N(C)C)[C@H]2O)[C@@H](CC=O)C[C@@H](C)C(=O)/C=C/C(C)=C/[C@@H]1CO[C@@H]1O[C@H](C)[C@@H](O)[C@@H](OC)[C@H]1OC,TRUE,,-0.68
tylosin,Tylosin (Ì©ÀÖ¾úËØ),REF_TYLOSIN,repository_reference,O20_attached_to_C15,20,15,C,MPM01164,2-Oxo-6-aminocaproate,NCCCCC(=O)C(=O)O,1,CC[C@H]1OC(=O)C[C@@H](OC(=O)C(=O)CCCCN)[C@H](C)[C@@H](O[C@@H]2O[C@H](C)[C@@H](O[C@H]3C[C@@](C)(O)[C@@H](O)[C@H](C)O3)[C@H](N(C)C)[C@H]2O)[C@@H](CC=O)C[C@@H](C)C(=O)/C=C/C(C)=C/[C@@H]1CO[C@@H]1O[C@H](C)[C@@H](O)[C@@H](OC)[C@H]1OC,CC[C@H]1OC(=O)C[C@@H](OC(=O)C(=O)CCCCN)[C@H](C)[C@@H](O[C@@H]2O[C@H](C)[C@@H](O[C@H]3C[C@@](C)(O)[C@@H](O)[C@H](C)O3)[C@H](N(C)C)[C@H]2O)[C@@H](CC=O)C[C@@H](C)C(=O)/C=C/C(C)=C/[C@@H]1CO[C@@H]1O[C@H](C)[C@@H](O)[C@@H](OC)[C@H]1OC,TRUE,,-0.596
tylosin,Tylosin (Ì©ÀÖ¾úËØ),REF_TYLOSIN,repository_reference,O20_attached_to_C15,20,15,C,MPM00184,"2,6-Diaminohexanoic acid",NCCCCC(N)C(=O)O,1,CC[C@H]1OC(=O)C[C@@H](OC(=O)C(N)CCCCN)[C@H](C)[C@@H](O[C@@H]2O[C@H](C)[C@@H](O[C@H]3C[C@@](C)(O)[C@@H](O)[C@H](C)O3)[C@H](N(C)C)[C@H]2O)[C@@H](CC=O)C[C@@H](C)C(=O)/C=C/C(C)=C/[C@@H]1CO[C@@H]1O[C@H](C)[C@@H](O)[C@@H](OC)[C@H]1OC,CC[C@H]1OC(=O)C[C@@H](OC(=O)C(N)CCCCN)[C@H](C)[C@@H](O[C@@H]2O[C@H](C)[C@@H](O[C@H]3C[C@@](C)(O)[C@@H](O)[C@H](C)O3)[C@H](N(C)C)[C@H]2O)[C@@H](CC=O)C[C@@H](C)C(=O)/C=C/C(C)=C/[C@@H]1CO[C@@H]1O[C@H](C)[C@@H](O)[C@@H](OC)[C@H]1OC,TRUE,,-0.488
tylosin,Tylosin (Ì©ÀÖ¾úËØ),REF_TYLOSIN,repository_reference,O20_attached_to_C15,20,15,C,MPM00373,5-Amino-1-(5-phospho-D-ribosyl)imidazole-4-carboxylate,Nc1c(C(=O)O)ncn1C1OC(COP(=O)(O)O)C(O)C1O,1,CC[C@H]1OC(=O)C[C@@H](OC(=O)c2ncn(C3OC(COP(=O)(O)O)C(O)C3O)c2N)[C@H](C)[C@@H](O[C@@H]2O[C@H](C)[C@@H](O[C@H]3C[C@@](C)(O)[C@@H](O)[C@H](C)O3)[C@H](N(C)C)[C@H]2O)[C@@H](CC=O)C[C@@H](C)C(=O)/C=C/C(C)=C/[C@@H]1CO[C@@H]1O[C@H](C)[C@@H](O)[C@@H](OC)[C@H]1OC,CC[C@H]1OC(=O)C[C@@H](OC(=O)c2ncn(C3OC(COP(=O)(O)O)C(O)C3O)c2N)[C@H](C)[C@@H](O[C@@H]2O[C@H](C)[C@@H](O[C@H]3C[C@@](C)(O)[C@@H](O)[C@H](C)O3)[C@H](N(C)C)[C@H]2O)[C@@H](CC=O)C[C@@H](C)C(=O)/C=C/C(C)=C/[C@@H]1CO[C@@H]1O[C@H](C)[C@@H](O)[C@@H](OC)[C@H]1OC,TRUE,,-3.419
tylosin,Tylosin (Ì©ÀÖ¾úËØ),REF_TYLOSIN,repository_reference,O20_attached_to_C15,20,15,C,MPM00854,p-Aminobenzoate,Nc1ccc(C(=O)O)cc1,1,CC[C@H]1OC(=O)C[C@@H](OC(=O)c2ccc(N)cc2)[C@H](C)[C@@H](O[C@@H]2O[C@H](C)[C@@H](O[C@H]3C[C@@](C)(O)[C@@H](O)[C@H](C)O3)[C@H](N(C)C)[C@H]2O)[C@@H](CC=O)C[C@@H](C)C(=O)/C=C/C(C)=C/[C@@H]1CO[C@@H]1O[C@H](C)[C@@H](O)[C@@H](OC)[C@H]1OC,CC[C@H]1OC(=O)C[C@@H](OC(=O)c2ccc(N)cc2)[C@H](C)[C@@H](O[C@@H]2O[C@H](C)[C@@H](O[C@H]3C[C@@](C)(O)[C@@H](O)[C@H](C)O3)[C@H](N(C)C)[C@H]2O)[C@@H](CC=O)C[C@@H](C)C(=O)/C=C/C(C)=C/[C@@H]1CO[C@@H]1O[C@H](C)[C@@H](O)[C@@H](OC)[C@H]1OC,TRUE,,-0.509
tylosin,Tylosin (Ì©ÀÖ¾úËØ),REF_TYLOSIN,repository_reference,O20_attached_to_C15,20,15,C,MPM00406,"7,8-Dihydropteroate",Nc1nc2c(c(=O)[nH]1)N=C(CNc1ccc(C(=O)O)cc1)CN2,1,CC[C@H]1OC(=O)C[C@@H](OC(=O)c2ccc(NCC3=Nc4c(nc(N)[nH]c4=O)NC3)cc2)[C@H](C)[C@@H](O[C@@H]2O[C@H](C)[C@@H](O[C@H]3C[C@@](C)(O)[C@@H](O)[C@H](C)O3)[C@H](N(C)C)[C@H]2O)[C@@H](CC=O)C[C@@H](C)C(=O)/C=C/C(C)=C/[C@@H]1CO[C@@H]1O[C@H](C)[C@@H](O)[C@@H](OC)[C@H]1OC,CC[C@H]1OC(=O)C[C@@H](OC(=O)c2ccc(NCC3=Nc4c(nc(N)[nH]c4=O)NC3)cc2)[C@H](C)[C@@H](O[C@@H]2O[C@H](C)[C@@H](O[C@H]3C[C@@](C)(O)[C@@H](O)[C@H](C)O3)[C@H](N(C)C)[C@H]2O)[C@@H](CC=O)C[C@@H](C)C(=O)/C=C/C(C)=C/[C@@H]1CO[C@@H]1O[C@H](C)[C@@H](O)[C@@H](OC)[C@H]1OC,TRUE,,-1.06
tylosin,Tylosin (Ì©ÀÖ¾úËØ),REF_TYLOSIN,repository_reference,O20_attached_to_C15,20,15,C,MPM00938,Se-Adenosylselenohomocysteine,Nc1ncnc2c1ncn2C1OC(C[Se]CCC(N)C(=O)O)C(O)C1O,1,CC[C@H]1OC(=O)C[C@@H](OC(=O)C(N)CC[Se]CC2OC(n3cnc4c(N)ncnc43)C(O)C2O)[C@H](C)[C@@H](O[C@@H]2O[C@H](C)[C@@H](O[C@H]3C[C@@](C)(O)[C@@H](O)[C@H](C)O3)[C@H](N(C)C)[C@H]2O)[C@@H](CC=O)C[C@@H](C)C(=O)/C=C/C(C)=C/[C@@H]1CO[C@@H]1O[C@H](C)[C@@H](O)[C@@H](OC)[C@H]1OC,CC[C@H]1OC(=O)C[C@@H](OC(=O)C(N)CC[Se]CC2OC(n3cnc4c(N)ncnc43)C(O)C2O)[C@H](C)[C@@H](O[C@@H]2O[C@H](C)[C@@H](O[C@H]3C[C@@](C)(O)[C@@H](O)[C@H](C)O3)[C@H](N(C)C)[C@H]2O)[C@@H](CC=O)C[C@@H](C)C(=O)/C=C/C(C)=C/[C@@H]1CO[C@@H]1O[C@H](C)[C@@H](O)[C@@H](OC)[C@H]1OC,TRUE,,-3.622
tylosin,Tylosin (Ì©ÀÖ¾úËØ),REF_TYLOSIN,repository_reference,O20_attached_to_C15,20,15,C,MPM00210,2-Dehydro-3-deoxy-D-galactonate,O=C(O)C(=O)CC(O)C(O)CO,1,CC[C@H]1OC(=O)C[C@@H](OC(=O)C(=O)CC(O)C(O)CO)[C@H](C)[C@@H](O[C@@H]2O[C@H](C)[C@@H](O[C@H]3C[C@@](C)(O)[C@@H](O)[C@H](C)O3)[C@H](N(C)C)[C@H]2O)[C@@H](CC=O)C[C@@H](C)C(=O)/C=C/C(C)=C/[C@@H]1CO[C@@H]1O[C@H](C)[C@@H](O)[C@@H](OC)[C@H]1OC,CC[C@H]1OC(=O)C[C@@H](OC(=O)C(=O)CC(O)C(O)CO)[C@H](C)[C@@H](O[C@@H]2O[C@H](C)[C@@H](O[C@H]3C[C@@](C)(O)[C@@H](O)[C@H](C)O3)[C@H](N(C)C)[C@H]2O)[C@@H](CC=O)C[C@@H](C)C(=O)/C=C/C(C)=C/[C@@H]1CO[C@@H]1O[C@H](C)[C@@H](O)[C@@H](OC)[C@H]1OC,TRUE,,-1.323
tylosin,Tylosin (Ì©ÀÖ¾úËØ),REF_TYLOSIN,repository_reference,O20_attached_to_C15,20,15,C,MPM00212,2-Dehydro-3-deoxy-D-gluconate 6-phosphate,O=C(O)C(=O)CC(O)C(O)COP(=O)(O)O,1,CC[C@H]1OC(=O)C[C@@H](OC(=O)C(=O)CC(O)C(O)COP(=O)(O)O)[C@H](C)[C@@H](O[C@@H]2O[C@H](C)[C@@H](O[C@H]3C[C@@](C)(O)[C@@H](O)[C@H](C)O3)[C@H](N(C)C)[C@H]2O)[C@@H](CC=O)C[C@@H](C)C(=O)/C=C/C(C)=C/[C@@H]1CO[C@@H]1O[C@H](C)[C@@H](O)[C@@H](OC)[C@H]1OC,CC[C@H]1OC(=O)C[C@@H](OC(=O)C(=O)CC(O)C(O)COP(=O)(O)O)[C@H](C)[C@@H](O[C@@H]2O[C@H](C)[C@@H](O[C@H]3C[C@@](C)(O)[C@@H](O)[C@H](C)O3)[C@H](N(C)C)[C@H]2O)[C@@H](CC=O)C[C@@H](C)C(=O)/C=C/C(C)=C/[C@@H]1CO[C@@H]1O[C@H](C)[C@@H](O)[C@@H](OC)[C@H]1OC,TRUE,,-1.487
tylosin,Tylosin (Ì©ÀÖ¾úËØ),REF_TYLOSIN,repository_reference,O20_attached_to_C15,20,15,C,MPM00304,3-Hydroxypyruvic acid,O=C(O)C(=O)CO,1,CC[C@H]1OC(=O)C[C@@H](OC(=O)C(=O)CO)[C@H](C)[C@@H](O[C@@H]2O[C@H](C)[C@@H](O[C@H]3C[C@@](C)(O)[C@@H](O)[C@H](C)O3)[C@H](N(C)C)[C@H]2O)[C@@H](CC=O)C[C@@H](C)C(=O)/C=C/C(C)=C/[C@@H]1CO[C@@H]1O[C@H](C)[C@@H](O)[C@@H](OC)[C@H]1OC,CC[C@H]1OC(=O)C[C@@H](OC(=O)C(=O)CO)[C@H](C)[C@@H](O[C@@H]2O[C@H](C)[C@@H](O[C@H]3C[C@@](C)(O)[C@@H](O)[C@H](C)O3)[C@H](N(C)C)[C@H]2O)[C@@H](CC=O)C[C@@H](C)C(=O)/C=C/C(C)=C/[C@@H]1CO[C@@H]1O[C@H](C)[C@@H](O)[C@@H](OC)[C@H]1OC,TRUE,,-0.425
tylosin,Tylosin (Ì©ÀÖ¾úËØ),REF_TYLOSIN,repository_reference,O20_attached_to_C15,20,15,C,MPM00897,p-Hydroxyphenylpyruvic acid,O=C(O)C(=O)Cc1ccc(O)cc1,1,CC[C@H]1OC(=O)C[C@@H](OC(=O)C(=O)Cc2ccc(O)cc2)[C@H](C)[C@@H](O[C@@H]2O[C@H](C)[C@@H](O[C@H]3C[C@@](C)(O)[C@@H](O)[C@H](C)O3)[C@H](N(C)C)[C@H]2O)[C@@H](CC=O)C[C@@H](C)C(=O)/C=C/C(C)=C/[C@@H]1CO[C@@H]1O[C@H](C)[C@@H](O)[C@@H](OC)[C@H]1OC,CC[C@H]1OC(=O)C[C@@H](OC(=O)C(=O)Cc2ccc(O)cc2)[C@H](C)[C@@H](O[C@@H]2O[C@H](C)[C@@H](O[C@H]3C[C@@](C)(O)[C@@H](O)[C@H](C)O3)[C@H](N(C)C)[C@H]2O)[C@@H](CC=O)C[C@@H](C)C(=O)/C=C/C(C)=C/[C@@H]1CO[C@@H]1O[C@H](C)[C@@H](O)[C@@H](OC)[C@H]1OC,TRUE,,-0.475
tylosin,Tylosin (Ì©ÀÖ¾úËØ),REF_TYLOSIN,repository_reference,O20_attached_to_C15,20,15,C,MPM00253,2-Oxo-3-phenylpropanoate,O=C(O)C(=O)Cc1ccccc1,1,CC[C@H]1OC(=O)C[C@@H](OC(=O)C(=O)Cc2ccccc2)[C@H](C)[C@@H](O[C@@H]2O[C@H](C)[C@@H](O[C@H]3C[C@@](C)(O)[C@@H](O)[C@H](C)O3)[C@H](N(C)C)[C@H]2O)[C@@H](CC=O)C[C@@H](C)C(=O)/C=C/C(C)=C/[C@@H]1CO[C@@H]1O[C@H](C)[C@@H](O)[C@@H](OC)[C@H]1OC,CC[C@H]1OC(=O)C[C@@H](OC(=O)C(=O)Cc2ccccc2)[C@H](C)[C@@H](O[C@@H]2O[C@H](C)[C@@H](O[C@H]3C[C@@](C)(O)[C@@H](O)[C@H](C)O3)[C@H](N(C)C)[C@H]2O)[C@@H](CC=O)C[C@@H](C)C(=O)/C=C/C(C)=C/[C@@H]1CO[C@@H]1O[C@H](C)[C@@H](O)[C@@H](OC)[C@H]1OC,TRUE,,-0.843
tylosin,Tylosin (Ì©ÀÖ¾úËØ),REF_TYLOSIN,repository_reference,O20_attached_to_C15,20,15,C,MPM00249,2-O-(alpha-D-Mannopyranosyl)-D-glycerate,O=C(O)C(CO)OC1OC(CO)C(O)C(O)C1O,1,CC[C@H]1OC(=O)C[C@@H](OC(=O)C(CO)OC2OC(CO)C(O)C(O)C2O)[C@H](C)[C@@H](O[C@@H]2O[C@H](C)[C@@H](O[C@H]3C[C@@](C)(O)[C@@H](O)[C@H](C)O3)[C@H](N(C)C)[C@H]2O)[C@@H](CC=O)C[C@@H](C)C(=O)/C=C/C(C)=C/[C@@H]1CO[C@@H]1O[C@H](C)[C@@H](O)[C@@H](OC)[C@H]1OC,CC[C@H]1OC(=O)C[C@@H](OC(=O)C(CO)OC2OC(CO)C(O)C(O)C2O)[C@H](C)[C@@H](O[C@@H]2O[C@H](C)[C@@H](O[C@H]3C[C@@](C)(O)[C@@H](O)[C@H](C)O3)[C@H](N(C)C)[C@H]2O)[C@@H](CC=O)C[C@@H](C)C(=O)/C=C/C(C)=C/[C@@H]1CO[C@@H]1O[C@H](C)[C@@H](O)[C@@H](OC)[C@H]1OC,TRUE,,-2.049
tylosin,Tylosin (Ì©ÀÖ¾úËØ),REF_TYLOSIN,repository_reference,O20_attached_to_C15,20,15,C,MPM00248,2-O-(6-Phospho-alpha-D-mannosyl)-D-glycerate,O=C(O)C(CO)OC1OC(COP(=O)(O)O)C(O)C(O)C1O,1,CC[C@H]1OC(=O)C[C@@H](OC(=O)C(CO)OC2OC(COP(=O)(O)O)C(O)C(O)C2O)[C@H](C)[C@@H](O[C@@H]2O[C@H](C)[C@@H](O[C@H]3C[C@@](C)(O)[C@@H](O)[C@H](C)O3)[C@H](N(C)C)[C@H]2O)[C@@H](CC=O)C[C@@H](C)C(=O)/C=C/C(C)=C/[C@@H]1CO[C@@H]1O[C@H](C)[C@@H](O)[C@@H](OC)[C@H]1OC,CC[C@H]1OC(=O)C[C@@H](OC(=O)C(CO)OC2OC(COP(=O)(O)O)C(O)C(O)C2O)[C@H](C)[C@@H](O[C@@H]2O[C@H](C)[C@@H](O[C@H]3C[C@@](C)(O)[C@@H](O)[C@H](C)O3)[C@H](N(C)C)[C@H]2O)[C@@H](CC=O)C[C@@H](C)C(=O)/C=C/C(C)=C/[C@@H]1CO[C@@H]1O[C@H](C)[C@@H](O)[C@@H](OC)[C@H]1OC,TRUE,,-2.204
tylosin,Tylosin (Ì©ÀÖ¾úËØ),REF_TYLOSIN,repository_reference,O20_attached_to_C15,20,15,C,MPM00262,2-Phospho-(R)-glycerate,O=C(O)C(CO)OP(=O)(O)O,1,CC[C@H]1OC(=O)C[C@@H](OC(=O)C(CO)OP(=O)(O)O)[C@H](C)[C@@H](O[C@@H]2O[C@H](C)[C@@H](O[C@H]3C[C@@](C)(O)[C@@H](O)[C@H](C)O3)[C@H](N(C)C)[C@H]2O)[C@@H](CC=O)C[C@@H](C)C(=O)/C=C/C(C)=C/[C@@H]1CO[C@@H]1O[C@H](C)[C@@H](O)[C@@H](OC)[C@H]1OC,CC[C@H]1OC(=O)C[C@@H](OC(=O)C(CO)OP(=O)(O)O)[C@H](C)[C@@H](O[C@@H]2O[C@H](C)[C@@H](O[C@H]3C[C@@](C)(O)[C@@H](O)[C@H](C)O3)[C@H](N(C)C)[C@H]2O)[C@@H](CC=O)C[C@@H](C)C(=O)/C=C/C(C)=C/[C@@H]1CO[C@@H]1O[C@H](C)[C@@H](O)[C@@H](OC)[C@H]1OC,TRUE,,-1.279
tylosin,Tylosin (Ì©ÀÖ¾úËØ),REF_TYLOSIN,repository_reference,O20_attached_to_C15,20,15,C,MPM00380,5-Dehydrogluconate,O=C(O)C(O)C(O)C(O)C(=O)CO,1,CC[C@H]1OC(=O)C[C@@H](OC(=O)C(O)C(O)C(O)C(=O)CO)[C@H](C)[C@@H](O[C@@H]2O[C@H](C)[C@@H](O[C@H]3C[C@@](C)(O)[C@@H](O)[C@H](C)O3)[C@H](N(C)C)[C@H]2O)[C@@H](CC=O)C[C@@H](C)C(=O)/C=C/C(C)=C/[C@@H]1CO[C@@H]1O[C@H](C)[C@@H](O)[C@@H](OC)[C@H]1OC,CC[C@H]1OC(=O)C[C@@H](OC(=O)C(O)C(O)C(O)C(=O)CO)[C@H](C)[C@@H](O[C@@H]2O[C@H](C)[C@@H](O[C@H]3C[C@@](C)(O)[C@@H](O)[C@H](C)O3)[C@H](N(C)C)[C@H]2O)[C@@H](CC=O)C[C@@H](C)C(=O)/C=C/C(C)=C/[C@@H]1CO[C@@H]1O[C@H](C)[C@@H](O)[C@@H](OC)[C@H]1OC,TRUE,,-1.376
tylosin,Tylosin (Ì©ÀÖ¾úËØ),REF_TYLOSIN,repository_reference,O20_attached_to_C15,20,15,C,MPM00547,D-Altronate,O=C(O)C(O)C(O)C(O)C(O)CO,1,CC[C@H]1OC(=O)C[C@@H](OC(=O)C(O)C(O)C(O)C(O)CO)[C@H](C)[C@@H](O[C@@H]2O[C@H](C)[C@@H](O[C@H]3C[C@@](C)(O)[C@@H](O)[C@H](C)O3)[C@H](N(C)C)[C@H]2O)[C@@H](CC=O)C[C@@H](C)C(=O)/C=C/C(C)=C/[C@@H]1CO[C@@H]1O[C@H](C)[C@@H](O)[C@@H](OC)[C@H]1OC,CC[C@H]1OC(=O)C[C@@H](OC(=O)C(O)C(O)C(O)C(O)CO)[C@H](C)[C@@H](O[C@@H]2O[C@H](C)[C@@H](O[C@H]3C[C@@](C)(O)[C@@H](O)[C@H](C)O3)[C@H](N(C)C)[C@H]2O)[C@@H](CC=O)C[C@@H](C)C(=O)/C=C/C(C)=C/[C@@H]1CO[C@@H]1O[C@H](C)[C@@H](O)[C@@H](OC)[C@H]1OC,TRUE,,-1.73
tylosin,Tylosin (Ì©ÀÖ¾úËØ),REF_TYLOSIN,repository_reference,O20_attached_to_C15,20,15,C,MPM00401,6-Phospho-D-gluconate,O=C(O)C(O)C(O)C(O)C(O)COP(=O)(O)O,1,CC[C@H]1OC(=O)C[C@@H](OC(=O)C(O)C(O)C(O)C(O)COP(=O)(O)O)[C@H](C)[C@@H](O[C@@H]2O[C@H](C)[C@@H](O[C@H]3C[C@@](C)(O)[C@@H](O)[C@H](C)O3)[C@H](N(C)C)[C@H]2O)[C@@H](CC=O)C[C@@H](C)C(=O)/C=C/C(C)=C/[C@@H]1CO[C@@H]1O[C@H](C)[C@@H](O)[C@@H](OC)[C@H]1OC,CC[C@H]1OC(=O)C[C@@H](OC(=O)C(O)C(O)C(O)C(O)COP(=O)(O)O)[C@H](C)[C@@H](O[C@@H]2O[C@H](C)[C@@H](O[C@H]3C[C@@](C)(O)[C@@H](O)[C@H](C)O3)[C@H](N(C)C)[C@H]2O)[C@@H](CC=O)C[C@@H](C)C(=O)/C=C/C(C)=C/[C@@H]1CO[C@@H]1O[C@H](C)[C@@H](O)[C@@H](OC)[C@H]1OC,TRUE,,-1.894
tylosin,Tylosin (Ì©ÀÖ¾úËØ),REF_TYLOSIN,repository_reference,O20_attached_to_C15,20,15,C,MPM00666,Glyceric acid,O=C(O)C(O)CO,1,CC[C@H]1OC(=O)C[C@@H](OC(=O)C(O)CO)[C@H](C)[C@@H](O[C@@H]2O[C@H](C)[C@@H](O[C@H]3C[C@@](C)(O)[C@@H](O)[C@H](C)O3)[C@H](N(C)C)[C@H]2O)[C@@H](CC=O)C[C@@H](C)C(=O)/C=C/C(C)=C/[C@@H]1CO[C@@H]1O[C@H](C)[C@@H](O)[C@@H](OC)[C@H]1OC,CC[C@H]1OC(=O)C[C@@H](OC(=O)C(O)CO)[C@H](C)[C@@H](O[C@@H]2O[C@H](C)[C@@H](O[C@H]3C[C@@](C)(O)[C@@H](O)[C@H](C)O3)[C@H](N(C)C)[C@H]2O)[C@@H](CC=O)C[C@@H](C)C(=O)/C=C/C(C)=C/[C@@H]1CO[C@@H]1O[C@H](C)[C@@H](O)[C@@H](OC)[C@H]1OC,TRUE,,-0.915
tylosin,Tylosin (Ì©ÀÖ¾úËØ),REF_TYLOSIN,repository_reference,O20_attached_to_C15,20,15,C,MPM00324,3-Phosphoglycerate,O=C(O)C(O)COP(=O)(O)O,1,CC[C@H]1OC(=O)C[C@@H](OC(=O)C(O)COP(=O)(O)O)[C@H](C)[C@@H](O[C@@H]2O[C@H](C)[C@@H](O[C@H]3C[C@@](C)(O)[C@@H](O)[C@H](C)O3)[C@H](N(C)C)[C@H]2O)[C@@H](CC=O)C[C@@H](C)C(=O)/C=C/C(C)=C/[C@@H]1CO[C@@H]1O[C@H](C)[C@@H](O)[C@@H](OC)[C@H]1OC,CC[C@H]1OC(=O)C[C@@H](OC(=O)C(O)COP(=O)(O)O)[C@H](C)[C@@H](O[C@@H]2O[C@H](C)[C@@H](O[C@H]3C[C@@](C)(O)[C@@H](O)[C@H](C)O3)[C@H](N(C)C)[C@H]2O)[C@@H](CC=O)C[C@@H](C)C(=O)/C=C/C(C)=C/[C@@H]1CO[C@@H]1O[C@H](C)[C@@H](O)[C@@H](OC)[C@H]1OC,TRUE,,-1.078
tylosin,Tylosin (Ì©ÀÖ¾úËØ),REF_TYLOSIN,repository_reference,O20_attached_to_C15,20,15,C,MPM00001,(-)-Quinic acid,O=C(O)C1(O)CC(O)C(O)C(O)C1,1,CC[C@H]1OC(=O)C[C@@H](OC(=O)C2(O)CC(O)C(O)C(O)C2)[C@H](C)[C@@H](O[C@@H]2O[C@H](C)[C@@H](O[C@H]3C[C@@](C)(O)[C@@H](O)[C@H](C)O3)[C@H](N(C)C)[C@H]2O)[C@@H](CC=O)C[C@@H](C)C(=O)/C=C/C(C)=C/[C@@H]1CO[C@@H]1O[C@H](C)[C@@H](O)[C@@H](OC)[C@H]1OC,CC[C@H]1OC(=O)C[C@@H](OC(=O)C2(O)CC(O)C(O)C(O)C2)[C@H](C)[C@@H](O[C@@H]2O[C@H](C)[C@@H](O[C@H]3C[C@@](C)(O)[C@@H](O)[C@H](C)O3)[C@H](N(C)C)[C@H]2O)[C@@H](CC=O)C[C@@H](C)C(=O)/C=C/C(C)=C/[C@@H]1CO[C@@H]1O[C@H](C)[C@@H](O)[C@@H](OC)[C@H]1OC,TRUE,,-2
tylosin,Tylosin (Ì©ÀÖ¾úËØ),REF_TYLOSIN,repository_reference,O20_attached_to_C15,20,15,C,MPM00283,3-Dehydroshikimate,O=C(O)C1=CC(=O)C(O)C(O)C1,1,CC[C@H]1OC(=O)C[C@@H](OC(=O)C2=CC(=O)C(O)C(O)C2)[C@H](C)[C@@H](O[C@@H]2O[C@H](C)[C@@H](O[C@H]3C[C@@](C)(O)[C@@H](O)[C@H](C)O3)[C@H](N(C)C)[C@H]2O)[C@@H](CC=O)C[C@@H](C)C(=O)/C=C/C(C)=C/[C@@H]1CO[C@@H]1O[C@H](C)[C@@H](O)[C@@H](OC)[C@H]1OC,CC[C@H]1OC(=O)C[C@@H](OC(=O)C2=CC(=O)C(O)C(O)C2)[C@H](C)[C@@H](O[C@@H]2O[C@H](C)[C@@H](O[C@H]3C[C@@](C)(O)[C@@H](O)[C@H](C)O3)[C@H](N(C)C)[C@H]2O)[C@@H](CC=O)C[C@@H](C)C(=O)/C=C/C(C)=C/[C@@H]1CO[C@@H]1O[C@H](C)[C@@H](O)[C@@H](OC)[C@H]1OC,TRUE,,-1.118
tylosin,Tylosin (Ì©ÀÖ¾úËØ),REF_TYLOSIN,repository_reference,O20_attached_to_C15,20,15,C,MPM00269,"3,4,5-Trihydroxy-1-cyclohexenecarboxylic acid",O=C(O)C1=CC(O)C(O)C(O)C1,1,CC[C@H]1OC(=O)C[C@@H](OC(=O)C2=CC(O)C(O)C(O)C2)[C@H](C)[C@@H](O[C@@H]2O[C@H](C)[C@@H](O[C@H]3C[C@@](C)(O)[C@@H](O)[C@H](C)O3)[C@H](N(C)C)[C@H]2O)[C@@H](CC=O)C[C@@H](C)C(=O)/C=C/C(C)=C/[C@@H]1CO[C@@H]1O[C@H](C)[C@@H](O)[C@@H](OC)[C@H]1OC,CC[C@H]1OC(=O)C[C@@H](OC(=O)C2=CC(O)C(O)C(O)C2)[C@H](C)[C@@H](O[C@@H]2O[C@H](C)[C@@H](O[C@H]3C[C@@](C)(O)[C@@H](O)[C@H](C)O3)[C@H](N(C)C)[C@H]2O)[C@@H](CC=O)C[C@@H](C)C(=O)/C=C/C(C)=C/[C@@H]1CO[C@@H]1O[C@H](C)[C@@H](O)[C@@H](OC)[C@H]1OC,TRUE,,-1.471
tylosin,Tylosin (Ì©ÀÖ¾úËØ),REF_TYLOSIN,repository_reference,O20_attached_to_C15,20,15,C,MPM00160,1-pyrroline-2-carboxylic acid zwitterion,O=C(O)C1=NCCC1,1,CC[C@H]1OC(=O)C[C@@H](OC(=O)C2=NCCC2)[C@H](C)[C@@H](O[C@@H]2O[C@H](C)[C@@H](O[C@H]3C[C@@](C)(O)[C@@H](O)[C@H](C)O3)[C@H](N(C)C)[C@H]2O)[C@@H](CC=O)C[C@@H](C)C(=O)/C=C/C(C)=C/[C@@H]1CO[C@@H]1O[C@H](C)[C@@H](O)[C@@H](OC)[C@H]1OC,CC[C@H]1OC(=O)C[C@@H](OC(=O)C2=NCCC2)[C@H](C)[C@@H](O[C@@H]2O[C@H](C)[C@@H](O[C@H]3C[C@@](C)(O)[C@@H](O)[C@H](C)O3)[C@H](N(C)C)[C@H]2O)[C@@H](CC=O)C[C@@H](C)C(=O)/C=C/C(C)=C/[C@@H]1CO[C@@H]1O[C@H](C)[C@@H](O)[C@@H](OC)[C@H]1OC,TRUE,,-1.153
tylosin,Tylosin (Ì©ÀÖ¾úËØ),REF_TYLOSIN,repository_reference,O20_attached_to_C15,20,15,C,MPM01116,1-Piperideine-2-carboxylate,O=C(O)C1=NCCCC1,1,CC[C@H]1OC(=O)C[C@@H](OC(=O)C2=NCCCC2)[C@H](C)[C@@H](O[C@@H]2O[C@H](C)[C@@H](O[C@H]3C[C@@](C)(O)[C@@H](O)[C@H](C)O3)[C@H](N(C)C)[C@H]2O)[C@@H](CC=O)C[C@@H](C)C(=O)/C=C/C(C)=C/[C@@H]1CO[C@@H]1O[C@H](C)[C@@H](O)[C@@H](OC)[C@H]1OC,CC[C@H]1OC(=O)C[C@@H](OC(=O)C2=NCCCC2)[C@H](C)[C@@H](O[C@@H]2O[C@H](C)[C@@H](O[C@H]3C[C@@](C)(O)[C@@H](O)[C@H](C)O3)[C@H](N(C)C)[C@H]2O)[C@@H](CC=O)C[C@@H](C)C(=O)/C=C/C(C)=C/[C@@H]1CO[C@@H]1O[C@H](C)[C@@H](O)[C@@H](OC)[C@H]1OC,TRUE,,-1.163
tylosin,Tylosin (Ì©ÀÖ¾úËØ),REF_TYLOSIN,repository_reference,O20_attached_to_C15,20,15,C,MPM00047,"(3R,5S)-3-Hydroxy-1-pyrroline-5-carboxylate",O=C(O)C1CC(O)C=N1,1,CC[C@H]1OC(=O)C[C@@H](OC(=O)C2CC(O)C=N2)[C@H](C)[C@@H](O[C@@H]2O[C@H](C)[C@@H](O[C@H]3C[C@@](C)(O)[C@@H](O)[C@H](C)O3)[C@H](N(C)C)[C@H]2O)[C@@H](CC=O)C[C@@H](C)C(=O)/C=C/C(C)=C/[C@@H]1CO[C@@H]1O[C@H](C)[C@@H](O)[C@@H](OC)[C@H]1OC,CC[C@H]1OC(=O)C[C@@H](OC(=O)C2CC(O)C=N2)[C@H](C)[C@@H](O[C@@H]2O[C@H](C)[C@@H](O[C@H]3C[C@@](C)(O)[C@@H](O)[C@H](C)O3)[C@H](N(C)C)[C@H]2O)[C@@H](CC=O)C[C@@H](C)C(=O)/C=C/C(C)=C/[C@@H]1CO[C@@H]1O[C@H](C)[C@@H](O)[C@@H](OC)[C@H]1OC,TRUE,,-1.739
tylosin,Tylosin (Ì©ÀÖ¾úËØ),REF_TYLOSIN,repository_reference,O20_attached_to_C15,20,15,C,MPM00521,cis-4-Hydroxy-D-proline,O=C(O)C1CC(O)CN1,1,CC[C@H]1OC(=O)C[C@@H](OC(=O)C2CC(O)CN2)[C@H](C)[C@@H](O[C@@H]2O[C@H](C)[C@@H](O[C@H]3C[C@@](C)(O)[C@@H](O)[C@H](C)O3)[C@H](N(C)C)[C@H]2O)[C@@H](CC=O)C[C@@H](C)C(=O)/C=C/C(C)=C/[C@@H]1CO[C@@H]1O[C@H](C)[C@@H](O)[C@@H](OC)[C@H]1OC,CC[C@H]1OC(=O)C[C@@H](OC(=O)C2CC(O)CN2)[C@H](C)[C@@H](O[C@@H]2O[C@H](C)[C@@H](O[C@H]3C[C@@](C)(O)[C@@H](O)[C@H](C)O3)[C@H](N(C)C)[C@H]2O)[C@@H](CC=O)C[C@@H](C)C(=O)/C=C/C(C)=C/[C@@H]1CO[C@@H]1O[C@H](C)[C@@H](O)[C@@H](OC)[C@H]1OC,TRUE,,-1.105
tylosin,Tylosin (Ì©ÀÖ¾úËØ),REF_TYLOSIN,repository_reference,O20_attached_to_C15,20,15,C,MPM00162,1-Pyrroline-5-carboxylate,O=C(O)C1CCC=N1,1,CC[C@H]1OC(=O)C[C@@H](OC(=O)C2CCC=N2)[C@H](C)[C@@H](O[C@@H]2O[C@H](C)[C@@H](O[C@H]3C[C@@](C)(O)[C@@H](O)[C@H](C)O3)[C@H](N(C)C)[C@H]2O)[C@@H](CC=O)C[C@@H](C)C(=O)/C=C/C(C)=C/[C@@H]1CO[C@@H]1O[C@H](C)[C@@H](O)[C@@H](OC)[C@H]1OC,CC[C@H]1OC(=O)C[C@@H](OC(=O)C2CCC=N2)[C@H](C)[C@@H](O[C@@H]2O[C@H](C)[C@@H](O[C@H]3C[C@@](C)(O)[C@@H](O)[C@H](C)O3)[C@H](N(C)C)[C@H]2O)[C@@H](CC=O)C[C@@H](C)C(=O)/C=C/C(C)=C/[C@@H]1CO[C@@H]1O[C@H](C)[C@@H](O)[C@@H](OC)[C@H]1OC,TRUE,,-1.409
tylosin,Tylosin (Ì©ÀÖ¾úËØ),REF_TYLOSIN,repository_reference,O20_attached_to_C15,20,15,C,MPM00613,D-Proline,O=C(O)C1CCCN1,1,CC[C@H]1OC(=O)C[C@@H](OC(=O)C2CCCN2)[C@H](C)[C@@H](O[C@@H]2O[C@H](C)[C@@H](O[C@H]3C[C@@](C)(O)[C@@H](O)[C@H](C)O3)[C@H](N(C)C)[C@H]2O)[C@@H](CC=O)C[C@@H](C)C(=O)/C=C/C(C)=C/[C@@H]1CO[C@@H]1O[C@H](C)[C@@H](O)[C@@H](OC)[C@H]1OC,CC[C@H]1OC(=O)C[C@@H](OC(=O)C2CCCN2)[C@H](C)[C@@H](O[C@@H]2O[C@H](C)[C@@H](O[C@H]3C[C@@](C)(O)[C@@H](O)[C@H](C)O3)[C@H](N(C)C)[C@H]2O)[C@@H](CC=O)C[C@@H](C)C(=O)/C=C/C(C)=C/[C@@H]1CO[C@@H]1O[C@H](C)[C@@H](O)[C@@H](OC)[C@H]1OC,TRUE,,-0.79
tylosin,Tylosin (Ì©ÀÖ¾úËØ),REF_TYLOSIN,repository_reference,O20_attached_to_C15,20,15,C,MPM00575,D-Galacturonic acid,O=C(O)C1OC(O)C(O)C(O)C1O,1,CC[C@H]1OC(=O)C[C@@H](OC(=O)C2OC(O)C(O)C(O)C2O)[C@H](C)[C@@H](O[C@@H]2O[C@H](C)[C@@H](O[C@H]3C[C@@](C)(O)[C@@H](O)[C@H](C)O3)[C@H](N(C)C)[C@H]2O)[C@@H](CC=O)C[C@@H](C)C(=O)/C=C/C(C)=C/[C@@H]1CO[C@@H]1O[C@H](C)[C@@H](O)[C@@H](OC)[C@H]1OC,CC[C@H]1OC(=O)C[C@@H](OC(=O)C2OC(O)C(O)C(O)C2O)[C@H](C)[C@@H](O[C@@H]2O[C@H](C)[C@@H](O[C@H]3C[C@@](C)(O)[C@@H](O)[C@H](C)O3)[C@H](N(C)C)[C@H]2O)[C@@H](CC=O)C[C@@H](C)C(=O)/C=C/C(C)=C/[C@@H]1CO[C@@H]1O[C@H](C)[C@@H](O)[C@@H](OC)[C@H]1OC,TRUE,,-1.798
tylosin,Tylosin (Ì©ÀÖ¾úËØ),REF_TYLOSIN,repository_reference,O20_attached_to_C15,20,15,C,MPM00158,1-Phospho-alpha-D-glucuronate,O=C(O)C1OC(OP(=O)(O)O)C(O)C(O)C1O,1,CC[C@H]1OC(=O)C[C@@H](OC(=O)C2OC(OP(=O)(O)O)C(O)C(O)C2O)[C@H](C)[C@@H](O[C@@H]2O[C@H](C)[C@@H](O[C@H]3C[C@@](C)(O)[C@@H](O)[C@H](C)O3)[C@H](N(C)C)[C@H]2O)[C@@H](CC=O)C[C@@H](C)C(=O)/C=C/C(C)=C/[C@@H]1CO[C@@H]1O[C@H](C)[C@@H](O)[C@@H](OC)[C@H]1OC,CC[C@H]1OC(=O)C[C@@H](OC(=O)C2OC(OP(=O)(O)O)C(O)C(O)C2O)[C@H](C)[C@@H](O[C@@H]2O[C@H](C)[C@@H](O[C@H]3C[C@@](C)(O)[C@@H](O)[C@H](C)O3)[C@H](N(C)C)[C@H]2O)[C@@H](CC=O)C[C@@H](C)C(=O)/C=C/C(C)=C/[C@@H]1CO[C@@H]1O[C@H](C)[C@@H](O)[C@@H](OC)[C@H]1OC,TRUE,,-2.732
tylosin,Tylosin (Ì©ÀÖ¾úËØ),REF_TYLOSIN,repository_reference,O20_attached_to_C15,20,15,C,MPM00009,"(2E)-3-(3,4-Dihydroxyphenyl)prop-2-enoate",O=C(O)C=Cc1ccc(O)c(O)c1,1,CC[C@H]1OC(=O)C[C@@H](OC(=O)C=Cc2ccc(O)c(O)c2)[C@H](C)[C@@H](O[C@@H]2O[C@H](C)[C@@H](O[C@H]3C[C@@](C)(O)[C@@H](O)[C@H](C)O3)[C@H](N(C)C)[C@H]2O)[C@@H](CC=O)C[C@@H](C)C(=O)/C=C/C(C)=C/[C@@H]1CO[C@@H]1O[C@H](C)[C@@H](O)[C@@H](OC)[C@H]1OC,CC[C@H]1OC(=O)C[C@@H](OC(=O)C=Cc2ccc(O)c(O)c2)[C@H](C)[C@@H](O[C@@H]2O[C@H](C)[C@@H](O[C@H]3C[C@@](C)(O)[C@@H](O)[C@H](C)O3)[C@H](N(C)C)[C@H]2O)[C@@H](CC=O)C[C@@H](C)C(=O)/C=C/C(C)=C/[C@@H]1CO[C@@H]1O[C@H](C)[C@@H](O)[C@@H](OC)[C@H]1OC,TRUE,,-0.078
tylosin,Tylosin (Ì©ÀÖ¾úËØ),REF_TYLOSIN,repository_reference,O20_attached_to_C15,20,15,C,MPM00350,4-Hydroxycinnamate,O=C(O)C=Cc1ccc(O)cc1,1,CC[C@H]1OC(=O)C[C@@H](OC(=O)C=Cc2ccc(O)cc2)[C@H](C)[C@@H](O[C@@H]2O[C@H](C)[C@@H](O[C@H]3C[C@@](C)(O)[C@@H](O)[C@H](C)O3)[C@H](N(C)C)[C@H]2O)[C@@H](CC=O)C[C@@H](C)C(=O)/C=C/C(C)=C/[C@@H]1CO[C@@H]1O[C@H](C)[C@@H](O)[C@@H](OC)[C@H]1OC,CC[C@H]1OC(=O)C[C@@H](OC(=O)C=Cc2ccc(O)cc2)[C@H](C)[C@@H](O[C@@H]2O[C@H](C)[C@@H](O[C@H]3C[C@@](C)(O)[C@@H](O)[C@H](C)O3)[C@H](N(C)C)[C@H]2O)[C@@H](CC=O)C[C@@H](C)C(=O)/C=C/C(C)=C/[C@@H]1CO[C@@H]1O[C@H](C)[C@@H](O)[C@@H](OC)[C@H]1OC,TRUE,,0.224
tylosin,Tylosin (Ì©ÀÖ¾úËØ),REF_TYLOSIN,repository_reference,O20_attached_to_C15,20,15,C,MPM00014,(2E)-3-Phenylprop-2-enoate,O=C(O)C=Cc1ccccc1,1,CC[C@H]1OC(=O)C[C@@H](OC(=O)C=Cc2ccccc2)[C@H](C)[C@@H](O[C@@H]2O[C@H](C)[C@@H](O[C@H]3C[C@@](C)(O)[C@@H](O)[C@H](C)O3)[C@H](N(C)C)[C@H]2O)[C@@H](CC=O)C[C@@H](C)C(=O)/C=C/C(C)=C/[C@@H]1CO[C@@H]1O[C@H](C)[C@@H](O)[C@@H](OC)[C@H]1OC,CC[C@H]1OC(=O)C[C@@H](OC(=O)C=Cc2ccccc2)[C@H](C)[C@@H](O[C@@H]2O[C@H](C)[C@@H](O[C@H]3C[C@@](C)(O)[C@@H](O)[C@H](C)O3)[C@H](N(C)C)[C@H]2O)[C@@H](CC=O)C[C@@H](C)C(=O)/C=C/C(C)=C/[C@@H]1CO[C@@H]1O[C@H](C)[C@@H](O)[C@@H](OC)[C@H]1OC,TRUE,,0.61
tylosin,Tylosin (Ì©ÀÖ¾úËØ),REF_TYLOSIN,repository_reference,O20_attached_to_C15,20,15,C,MPM00285,3-Hydroxy-10-phenyldecanoic acid,O=C(O)CC(O)CCCCCCCc1ccccc1,1,CC[C@H]1OC(=O)C[C@@H](OC(=O)CC(O)CCCCCCCc2ccccc2)[C@H](C)[C@@H](O[C@@H]2O[C@H](C)[C@@H](O[C@H]3C[C@@](C)(O)[C@@H](O)[C@H](C)O3)[C@H](N(C)C)[C@H]2O)[C@@H](CC=O)C[C@@H](C)C(=O)/C=C/C(C)=C/[C@@H]1CO[C@@H]1O[C@H](C)[C@@H](O)[C@@H](OC)[C@H]1OC,CC[C@H]1OC(=O)C[C@@H](OC(=O)CC(O)CCCCCCCc2ccccc2)[C@H](C)[C@@H](O[C@@H]2O[C@H](C)[C@@H](O[C@H]3C[C@@](C)(O)[C@@H](O)[C@H](C)O3)[C@H](N(C)C)[C@H]2O)[C@@H](CC=O)C[C@@H](C)C(=O)/C=C/C(C)=C/[C@@H]1CO[C@@H]1O[C@H](C)[C@@H](O)[C@@H](OC)[C@H]1OC,TRUE,,-1.576
tylosin,Tylosin (Ì©ÀÖ¾úËØ),REF_TYLOSIN,repository_reference,O20_attached_to_C15,20,15,C,MPM00292,3-Hydroxy-9-phenylnonanoic acid,O=C(O)CC(O)CCCCCCc1ccccc1,1,CC[C@H]1OC(=O)C[C@@H](OC(=O)CC(O)CCCCCCc2ccccc2)[C@H](C)[C@@H](O[C@@H]2O[C@H](C)[C@@H](O[C@H]3C[C@@](C)(O)[C@@H](O)[C@H](C)O3)[C@H](N(C)C)[C@H]2O)[C@@H](CC=O)C[C@@H](C)C(=O)/C=C/C(C)=C/[C@@H]1CO[C@@H]1O[C@H](C)[C@@H](O)[C@@H](OC)[C@H]1OC,CC[C@H]1OC(=O)C[C@@H](OC(=O)CC(O)CCCCCCc2ccccc2)[C@H](C)[C@@H](O[C@@H]2O[C@H](C)[C@@H](O[C@H]3C[C@@](C)(O)[C@@H](O)[C@H](C)O3)[C@H](N(C)C)[C@H]2O)[C@@H](CC=O)C[C@@H](C)C(=O)/C=C/C(C)=C/[C@@H]1CO[C@@H]1O[C@H](C)[C@@H](O)[C@@H](OC)[C@H]1OC,TRUE,,-1.508
tylosin,Tylosin (Ì©ÀÖ¾úËØ),REF_TYLOSIN,repository_reference,O20_attached_to_C15,20,15,C,MPM00291,3-Hydroxy-8-phenyloctanoic acid,O=C(O)CC(O)CCCCCc1ccccc1,1,CC[C@H]1OC(=O)C[C@@H](OC(=O)CC(O)CCCCCc2ccccc2)[C@H](C)[C@@H](O[C@@H]2O[C@H](C)[C@@H](O[C@H]3C[C@@](C)(O)[C@@H](O)[C@H](C)O3)[C@H](N(C)C)[C@H]2O)[C@@H](CC=O)C[C@@H](C)C(=O)/C=C/C(C)=C/[C@@H]1CO[C@@H]1O[C@H](C)[C@@H](O)[C@@H](OC)[C@H]1OC,CC[C@H]1OC(=O)C[C@@H](OC(=O)CC(O)CCCCCc2ccccc2)[C@H](C)[C@@H](O[C@@H]2O[C@H](C)[C@@H](O[C@H]3C[C@@](C)(O)[C@@H](O)[C@H](C)O3)[C@H](N(C)C)[C@H]2O)[C@@H](CC=O)C[C@@H](C)C(=O)/C=C/C(C)=C/[C@@H]1CO[C@@H]1O[C@H](C)[C@@H](O)[C@@H](OC)[C@H]1OC,TRUE,,-1.443
tylosin,Tylosin (Ì©ÀÖ¾úËØ),REF_TYLOSIN,repository_reference,O20_attached_to_C15,20,15,C,MPM00290,3-Hydroxy-7-phenylheptanoic acid,O=C(O)CC(O)CCCCc1ccccc1,1,CC[C@H]1OC(=O)C[C@@H](OC(=O)CC(O)CCCCc2ccccc2)[C@H](C)[C@@H](O[C@@H]2O[C@H](C)[C@@H](O[C@H]3C[C@@](C)(O)[C@@H](O)[C@H](C)O3)[C@H](N(C)C)[C@H]2O)[C@@H](CC=O)C[C@@H](C)C(=O)/C=C/C(C)=C/[C@@H]1CO[C@@H]1O[C@H](C)[C@@H](O)[C@@H](OC)[C@H]1OC,CC[C@H]1OC(=O)C[C@@H](OC(=O)CC(O)CCCCc2ccccc2)[C@H](C)[C@@H](O[C@@H]2O[C@H](C)[C@@H](O[C@H]3C[C@@](C)(O)[C@@H](O)[C@H](C)O3)[C@H](N(C)C)[C@H]2O)[C@@H](CC=O)C[C@@H](C)C(=O)/C=C/C(C)=C/[C@@H]1CO[C@@H]1O[C@H](C)[C@@H](O)[C@@H](OC)[C@H]1OC,TRUE,,-1.375
tylosin,Tylosin (Ì©ÀÖ¾úËØ),REF_TYLOSIN,repository_reference,O20_attached_to_C15,20,15,C,MPM00289,3-Hydroxy-6-phenylhexanoic acid,O=C(O)CC(O)CCCc1ccccc1,1,CC[C@H]1OC(=O)C[C@@H](OC(=O)CC(O)CCCc2ccccc2)[C@H](C)[C@@H](O[C@@H]2O[C@H](C)[C@@H](O[C@H]3C[C@@](C)(O)[C@@H](O)[C@H](C)O3)[C@H](N(C)C)[C@H]2O)[C@@H](CC=O)C[C@@H](C)C(=O)/C=C/C(C)=C/[C@@H]1CO[C@@H]1O[C@H](C)[C@@H](O)[C@@H](OC)[C@H]1OC,CC[C@H]1OC(=O)C[C@@H](OC(=O)CC(O)CCCc2ccccc2)[C@H](C)[C@@H](O[C@@H]2O[C@H](C)[C@@H](O[C@H]3C[C@@](C)(O)[C@@H](O)[C@H](C)O3)[C@H](N(C)C)[C@H]2O)[C@@H](CC=O)C[C@@H](C)C(=O)/C=C/C(C)=C/[C@@H]1CO[C@@H]1O[C@H](C)[C@@H](O)[C@@H](OC)[C@H]1OC,TRUE,,-1.313
tylosin,Tylosin (Ì©ÀÖ¾úËØ),REF_TYLOSIN,repository_reference,O20_attached_to_C15,20,15,C,MPM00388,"5-Oxo-4,5-dihydrofuran-2-acetate",O=C(O)CC1=CCC(=O)O1,1,CC[C@H]1OC(=O)C[C@@H](OC(=O)CC2=CCC(=O)O2)[C@H](C)[C@@H](O[C@@H]2O[C@H](C)[C@@H](O[C@H]3C[C@@](C)(O)[C@@H](O)[C@H](C)O3)[C@H](N(C)C)[C@H]2O)[C@@H](CC=O)C[C@@H](C)C(=O)/C=C/C(C)=C/[C@@H]1CO[C@@H]1O[C@H](C)[C@@H](O)[C@@H](OC)[C@H]1OC,CC[C@H]1OC(=O)C[C@@H](OC(=O)CC2=CCC(=O)O2)[C@H](C)[C@@H](O[C@@H]2O[C@H](C)[C@@H](O[C@H]3C[C@@](C)(O)[C@@H](O)[C@H](C)O3)[C@H](N(C)C)[C@H]2O)[C@@H](CC=O)C[C@@H](C)C(=O)/C=C/C(C)=C/[C@@H]1CO[C@@H]1O[C@H](C)[C@@H](O)[C@@H](OC)[C@H]1OC,TRUE,,-0.834
tylosin,Tylosin (Ì©ÀÖ¾úËØ),REF_TYLOSIN,repository_reference,O20_attached_to_C15,20,15,C,MPM00597,DL-Thioctic acid,O=C(O)CCCCC1CCSS1,1,CC[C@H]1OC(=O)C[C@@H](OC(=O)CCCCC2CCSS2)[C@H](C)[C@@H](O[C@@H]2O[C@H](C)[C@@H](O[C@H]3C[C@@](C)(O)[C@@H](O)[C@H](C)O3)[C@H](N(C)C)[C@H]2O)[C@@H](CC=O)C[C@@H](C)C(=O)/C=C/C(C)=C/[C@@H]1CO[C@@H]1O[C@H](C)[C@@H](O)[C@@H](OC)[C@H]1OC,CC[C@H]1OC(=O)C[C@@H](OC(=O)CCCCC2CCSS2)[C@H](C)[C@@H](O[C@@H]2O[C@H](C)[C@@H](O[C@H]3C[C@@](C)(O)[C@@H](O)[C@H](C)O3)[C@H](N(C)C)[C@H]2O)[C@@H](CC=O)C[C@@H](C)C(=O)/C=C/C(C)=C/[C@@H]1CO[C@@H]1O[C@H](C)[C@@H](O)[C@@H](OC)[C@H]1OC,TRUE,,-2.555
tylosin,Tylosin (Ì©ÀÖ¾úËØ),REF_TYLOSIN,repository_reference,O20_attached_to_C15,20,15,C,MPM00525,Coenzyme R,O=C(O)CCCCC1SCC2NC(=O)NC21,1,CC[C@H]1OC(=O)C[C@@H](OC(=O)CCCCC2SCC3NC(=O)NC32)[C@H](C)[C@@H](O[C@@H]2O[C@H](C)[C@@H](O[C@H]3C[C@@](C)(O)[C@@H](O)[C@H](C)O3)[C@H](N(C)C)[C@H]2O)[C@@H](CC=O)C[C@@H](C)C(=O)/C=C/C(C)=C/[C@@H]1CO[C@@H]1O[C@H](C)[C@@H](O)[C@@H](OC)[C@H]1OC,CC[C@H]1OC(=O)C[C@@H](OC(=O)CCCCC2SCC3NC(=O)NC32)[C@H](C)[C@@H](O[C@@H]2O[C@H](C)[C@@H](O[C@H]3C[C@@](C)(O)[C@@H](O)[C@H](C)O3)[C@H](N(C)C)[C@H]2O)[C@@H](CC=O)C[C@@H](C)C(=O)/C=C/C(C)=C/[C@@H]1CO[C@@H]1O[C@H](C)[C@@H](O)[C@@H](OC)[C@H]1OC,TRUE,,-2.386
tylosin,Tylosin (Ì©ÀÖ¾úËØ),REF_TYLOSIN,repository_reference,O20_attached_to_C15,20,15,C,MPM00144,10-Phenyldecanoic acid,O=C(O)CCCCCCCCCc1ccccc1,1,CC[C@H]1OC(=O)C[C@@H](OC(=O)CCCCCCCCCc2ccccc2)[C@H](C)[C@@H](O[C@@H]2O[C@H](C)[C@@H](O[C@H]3C[C@@](C)(O)[C@@H](O)[C@H](C)O3)[C@H](N(C)C)[C@H]2O)[C@@H](CC=O)C[C@@H](C)C(=O)/C=C/C(C)=C/[C@@H]1CO[C@@H]1O[C@H](C)[C@@H](O)[C@@H](OC)[C@H]1OC,CC[C@H]1OC(=O)C[C@@H](OC(=O)CCCCCCCCCc2ccccc2)[C@H](C)[C@@H](O[C@@H]2O[C@H](C)[C@@H](O[C@H]3C[C@@](C)(O)[C@@H](O)[C@H](C)O3)[C@H](N(C)C)[C@H]2O)[C@@H](CC=O)C[C@@H](C)C(=O)/C=C/C(C)=C/[C@@H]1CO[C@@H]1O[C@H](C)[C@@H](O)[C@@H](OC)[C@H]1OC,TRUE,,-1.432
tylosin,Tylosin (Ì©ÀÖ¾úËØ),REF_TYLOSIN,repository_reference,O20_attached_to_C15,20,15,C,MPM00412,9-Phenylnonanoic acid,O=C(O)CCCCCCCCc1ccccc1,1,CC[C@H]1OC(=O)C[C@@H](OC(=O)CCCCCCCCc2ccccc2)[C@H](C)[C@@H](O[C@@H]2O[C@H](C)[C@@H](O[C@H]3C[C@@](C)(O)[C@@H](O)[C@H](C)O3)[C@H](N(C)C)[C@H]2O)[C@@H](CC=O)C[C@@H](C)C(=O)/C=C/C(C)=C/[C@@H]1CO[C@@H]1O[C@H](C)[C@@H](O)[C@@H](OC)[C@H]1OC,CC[C@H]1OC(=O)C[C@@H](OC(=O)CCCCCCCCc2ccccc2)[C@H](C)[C@@H](O[C@@H]2O[C@H](C)[C@@H](O[C@H]3C[C@@](C)(O)[C@@H](O)[C@H](C)O3)[C@H](N(C)C)[C@H]2O)[C@@H](CC=O)C[C@@H](C)C(=O)/C=C/C(C)=C/[C@@H]1CO[C@@H]1O[C@H](C)[C@@H](O)[C@@H](OC)[C@H]1OC,TRUE,,-1.365
tylosin,Tylosin (Ì©ÀÖ¾úËØ),REF_TYLOSIN,repository_reference,O20_attached_to_C15,20,15,C,MPM00409,8-Phenyloctanoic acid,O=C(O)CCCCCCCc1ccccc1,1,CC[C@H]1OC(=O)C[C@@H](OC(=O)CCCCCCCc2ccccc2)[C@H](C)[C@@H](O[C@@H]2O[C@H](C)[C@@H](O[C@H]3C[C@@](C)(O)[C@@H](O)[C@H](C)O3)[C@H](N(C)C)[C@H]2O)[C@@H](CC=O)C[C@@H](C)C(=O)/C=C/C(C)=C/[C@@H]1CO[C@@H]1O[C@H](C)[C@@H](O)[C@@H](OC)[C@H]1OC,CC[C@H]1OC(=O)C[C@@H](OC(=O)CCCCCCCc2ccccc2)[C@H](C)[C@@H](O[C@@H]2O[C@H](C)[C@@H](O[C@H]3C[C@@](C)(O)[C@@H](O)[C@H](C)O3)[C@H](N(C)C)[C@H]2O)[C@@H](CC=O)C[C@@H](C)C(=O)/C=C/C(C)=C/[C@@H]1CO[C@@H]1O[C@H](C)[C@@H](O)[C@@H](OC)[C@H]1OC,TRUE,,-1.296
tylosin,Tylosin (Ì©ÀÖ¾úËØ),REF_TYLOSIN,repository_reference,O20_attached_to_C15,20,15,C,MPM00408,7-Phenylheptanoic acid,O=C(O)CCCCCCc1ccccc1,1,CC[C@H]1OC(=O)C[C@@H](OC(=O)CCCCCCc2ccccc2)[C@H](C)[C@@H](O[C@@H]2O[C@H](C)[C@@H](O[C@H]3C[C@@](C)(O)[C@@H](O)[C@H](C)O3)[C@H](N(C)C)[C@H]2O)[C@@H](CC=O)C[C@@H](C)C(=O)/C=C/C(C)=C/[C@@H]1CO[C@@H]1O[C@H](C)[C@@H](O)[C@@H](OC)[C@H]1OC,CC[C@H]1OC(=O)C[C@@H](OC(=O)CCCCCCc2ccccc2)[C@H](C)[C@@H](O[C@@H]2O[C@H](C)[C@@H](O[C@H]3C[C@@](C)(O)[C@@H](O)[C@H](C)O3)[C@H](N(C)C)[C@H]2O)[C@@H](CC=O)C[C@@H](C)C(=O)/C=C/C(C)=C/[C@@H]1CO[C@@H]1O[C@H](C)[C@@H](O)[C@@H](OC)[C@H]1OC,TRUE,,-1.229
tylosin,Tylosin (Ì©ÀÖ¾úËØ),REF_TYLOSIN,repository_reference,O20_attached_to_C15,20,15,C,MPM00399,6-Phenylhexanoic acid,O=C(O)CCCCCc1ccccc1,1,CC[C@H]1OC(=O)C[C@@H](OC(=O)CCCCCc2ccccc2)[C@H](C)[C@@H](O[C@@H]2O[C@H](C)[C@@H](O[C@H]3C[C@@](C)(O)[C@@H](O)[C@H](C)O3)[C@H](N(C)C)[C@H]2O)[C@@H](CC=O)C[C@@H](C)C(=O)/C=C/C(C)=C/[C@@H]1CO[C@@H]1O[C@H](C)[C@@H](O)[C@@H](OC)[C@H]1OC,CC[C@H]1OC(=O)C[C@@H](OC(=O)CCCCCc2ccccc2)[C@H](C)[C@@H](O[C@@H]2O[C@H](C)[C@@H](O[C@H]3C[C@@](C)(O)[C@@H](O)[C@H](C)O3)[C@H](N(C)C)[C@H]2O)[C@@H](CC=O)C[C@@H](C)C(=O)/C=C/C(C)=C/[C@@H]1CO[C@@H]1O[C@H](C)[C@@H](O)[C@@H](OC)[C@H]1OC,TRUE,,-1.164
tylosin,Tylosin (Ì©ÀÖ¾úËØ),REF_TYLOSIN,repository_reference,O20_attached_to_C15,20,15,C,MPM00390,5-Phenylvaleric acid,O=C(O)CCCCc1ccccc1,1,CC[C@H]1OC(=O)C[C@@H](OC(=O)CCCCc2ccccc2)[C@H](C)[C@@H](O[C@@H]2O[C@H](C)[C@@H](O[C@H]3C[C@@](C)(O)[C@@H](O)[C@H](C)O3)[C@H](N(C)C)[C@H]2O)[C@@H](CC=O)C[C@@H](C)C(=O)/C=C/C(C)=C/[C@@H]1CO[C@@H]1O[C@H](C)[C@@H](O)[C@@H](OC)[C@H]1OC,CC[C@H]1OC(=O)C[C@@H](OC(=O)CCCCc2ccccc2)[C@H](C)[C@@H](O[C@@H]2O[C@H](C)[C@@H](O[C@H]3C[C@@](C)(O)[C@@H](O)[C@H](C)O3)[C@H](N(C)C)[C@H]2O)[C@@H](CC=O)C[C@@H](C)C(=O)/C=C/C(C)=C/[C@@H]1CO[C@@H]1O[C@H](C)[C@@H](O)[C@@H](OC)[C@H]1OC,TRUE,,-1.102
tylosin,Tylosin (Ì©ÀÖ¾úËØ),REF_TYLOSIN,repository_reference,O20_attached_to_C15,20,15,C,MPM00701,Hydroxyacetic acid,O=C(O)CO,1,CC[C@H]1OC(=O)C[C@@H](OC(=O)CO)[C@H](C)[C@@H](O[C@@H]2O[C@H](C)[C@@H](O[C@H]3C[C@@](C)(O)[C@@H](O)[C@H](C)O3)[C@H](N(C)C)[C@H]2O)[C@@H](CC=O)C[C@@H](C)C(=O)/C=C/C(C)=C/[C@@H]1CO[C@@H]1O[C@H](C)[C@@H](O)[C@@H](OC)[C@H]1OC,CC[C@H]1OC(=O)C[C@@H](OC(=O)CO)[C@H](C)[C@@H](O[C@@H]2O[C@H](C)[C@@H](O[C@H]3C[C@@](C)(O)[C@@H](O)[C@H](C)O3)[C@H](N(C)C)[C@H]2O)[C@@H](CC=O)C[C@@H](C)C(=O)/C=C/C(C)=C/[C@@H]1CO[C@@H]1O[C@H](C)[C@@H](O)[C@@H](OC)[C@H]1OC,TRUE,,-0.569
tylosin,Tylosin (Ì©ÀÖ¾úËØ),REF_TYLOSIN,repository_reference,O20_attached_to_C15,20,15,C,MPM00891,Phosphoglycolic acid,O=C(O)COP(=O)(O)O,1,CC[C@H]1OC(=O)C[C@@H](OC(=O)COP(=O)(O)O)[C@H](C)[C@@H](O[C@@H]2O[C@H](C)[C@@H](O[C@H]3C[C@@](C)(O)[C@@H](O)[C@H](C)O3)[C@H](N(C)C)[C@H]2O)[C@@H](CC=O)C[C@@H](C)C(=O)/C=C/C(C)=C/[C@@H]1CO[C@@H]1O[C@H](C)[C@@H](O)[C@@H](OC)[C@H]1OC,CC[C@H]1OC(=O)C[C@@H](OC(=O)COP(=O)(O)O)[C@H](C)[C@@H](O[C@@H]2O[C@H](C)[C@@H](O[C@H]3C[C@@](C)(O)[C@@H](O)[C@H](C)O3)[C@H](N(C)C)[C@H]2O)[C@@H](CC=O)C[C@@H](C)C(=O)/C=C/C(C)=C/[C@@H]1CO[C@@H]1O[C@H](C)[C@@H](O)[C@@H](OC)[C@H]1OC,TRUE,,-1.024
tylosin,Tylosin (Ì©ÀÖ¾úËØ),REF_TYLOSIN,repository_reference,O20_attached_to_C15,20,15,C,MPM00894,Phosphonoacetic acid,O=C(O)CP(=O)(O)O,1,CC[C@H]1OC(=O)C[C@@H](OC(=O)CP(=O)(O)O)[C@H](C)[C@@H](O[C@@H]2O[C@H](C)[C@@H](O[C@H]3C[C@@](C)(O)[C@@H](O)[C@H](C)O3)[C@H](N(C)C)[C@H]2O)[C@@H](CC=O)C[C@@H](C)C(=O)/C=C/C(C)=C/[C@@H]1CO[C@@H]1O[C@H](C)[C@@H](O)[C@@H](OC)[C@H]1OC,CC[C@H]1OC(=O)C[C@@H](OC(=O)CP(=O)(O)O)[C@H](C)[C@@H](O[C@@H]2O[C@H](C)[C@@H](O[C@H]3C[C@@](C)(O)[C@@H](O)[C@H](C)O3)[C@H](N(C)C)[C@H]2O)[C@@H](CC=O)C[C@@H](C)C(=O)/C=C/C(C)=C/[C@@H]1CO[C@@H]1O[C@H](C)[C@@H](O)[C@@H](OC)[C@H]1OC,TRUE,,-1.353
tylosin,Tylosin (Ì©ÀÖ¾úËØ),REF_TYLOSIN,repository_reference,O20_attached_to_C15,20,15,C,MPM00961,Sulfoacetic acid,O=C(O)CS(=O)(=O)O,1,CC[C@H]1OC(=O)C[C@@H](OC(=O)CS(=O)(=O)O)[C@H](C)[C@@H](O[C@@H]2O[C@H](C)[C@@H](O[C@H]3C[C@@](C)(O)[C@@H](O)[C@H](C)O3)[C@H](N(C)C)[C@H]2O)[C@@H](CC=O)C[C@@H](C)C(=O)/C=C/C(C)=C/[C@@H]1CO[C@@H]1O[C@H](C)[C@@H](O)[C@@H](OC)[C@H]1OC,CC[C@H]1OC(=O)C[C@@H](OC(=O)CS(=O)(=O)O)[C@H](C)[C@@H](O[C@@H]2O[C@H](C)[C@@H](O[C@H]3C[C@@](C)(O)[C@@H](O)[C@H](C)O3)[C@H](N(C)C)[C@H]2O)[C@@H](CC=O)C[C@@H](C)C(=O)/C=C/C(C)=C/[C@@H]1CO[C@@H]1O[C@H](C)[C@@H](O)[C@@H](OC)[C@H]1OC,TRUE,,-0.534
tylosin,Tylosin (Ì©ÀÖ¾úËØ),REF_TYLOSIN,repository_reference,O20_attached_to_C15,20,15,C,MPM00418,"Acetic acid,phenyl ester",O=C(O)Cc1ccccc1,1,CC[C@H]1OC(=O)C[C@@H](OC(=O)Cc2ccccc2)[C@H](C)[C@@H](O[C@@H]2O[C@H](C)[C@@H](O[C@H]3C[C@@](C)(O)[C@@H](O)[C@H](C)O3)[C@H](N(C)C)[C@H]2O)[C@@H](CC=O)C[C@@H](C)C(=O)/C=C/C(C)=C/[C@@H]1CO[C@@H]1O[C@H](C)[C@@H](O)[C@@H](OC)[C@H]1OC,CC[C@H]1OC(=O)C[C@@H](OC(=O)Cc2ccccc2)[C@H](C)[C@@H](O[C@@H]2O[C@H](C)[C@@H](O[C@H]3C[C@@](C)(O)[C@@H](O)[C@H](C)O3)[C@H](N(C)C)[C@H]2O)[C@@H](CC=O)C[C@@H](C)C(=O)/C=C/C(C)=C/[C@@H]1CO[C@@H]1O[C@H](C)[C@@H](O)[C@@H](OC)[C@H]1OC,TRUE,,-0.912
tylosin,Tylosin (Ì©ÀÖ¾úËØ),REF_TYLOSIN,repository_reference,O20_attached_to_C15,20,15,C,MPM01016,Uracil-6-carboxylic acid,O=C(O)c1cc(=O)[nH]c(=O)[nH]1,1,CC[C@H]1OC(=O)C[C@@H](OC(=O)c2cc(=O)[nH]c(=O)[nH]2)[C@H](C)[C@@H](O[C@@H]2O[C@H](C)[C@@H](O[C@H]3C[C@@](C)(O)[C@@H](O)[C@H](C)O3)[C@H](N(C)C)[C@H]2O)[C@@H](CC=O)C[C@@H](C)C(=O)/C=C/C(C)=C/[C@@H]1CO[C@@H]1O[C@H](C)[C@@H](O)[C@@H](OC)[C@H]1OC,CC[C@H]1OC(=O)C[C@@H](OC(=O)c2cc(=O)[nH]c(=O)[nH]2)[C@H](C)[C@@H](O[C@@H]2O[C@H](C)[C@@H](O[C@H]3C[C@@](C)(O)[C@@H](O)[C@H](C)O3)[C@H](N(C)C)[C@H]2O)[C@@H](CC=O)C[C@@H](C)C(=O)/C=C/C(C)=C/[C@@H]1CO[C@@H]1O[C@H](C)[C@@H](O)[C@@H](OC)[C@H]1OC,TRUE,,-0.8
tylosin,Tylosin (Ì©ÀÖ¾úËØ),REF_TYLOSIN,repository_reference,O20_attached_to_C15,20,15,C,MPM00844,Orotidylic acid,O=C(O)c1cc(=O)[nH]c(=O)n1C1OC(COP(=O)(O)O)C(O)C1O,1,CC[C@H]1OC(=O)C[C@@H](OC(=O)c2cc(=O)[nH]c(=O)n2C2OC(COP(=O)(O)O)C(O)C2O)[C@H](C)[C@@H](O[C@@H]2O[C@H](C)[C@@H](O[C@H]3C[C@@](C)(O)[C@@H](O)[C@H](C)O3)[C@H](N(C)C)[C@H]2O)[C@@H](CC=O)C[C@@H](C)C(=O)/C=C/C(C)=C/[C@@H]1CO[C@@H]1O[C@H](C)[C@@H](O)[C@@H](OC)[C@H]1OC,CC[C@H]1OC(=O)C[C@@H](OC(=O)c2cc(=O)[nH]c(=O)n2C2OC(COP(=O)(O)O)C(O)C2O)[C@H](C)[C@@H](O[C@@H]2O[C@H](C)[C@@H](O[C@H]3C[C@@](C)(O)[C@@H](O)[C@H](C)O3)[C@H](N(C)C)[C@H]2O)[C@@H](CC=O)C[C@@H](C)C(=O)/C=C/C(C)=C/[C@@H]1CO[C@@H]1O[C@H](C)[C@@H](O)[C@@H](OC)[C@H]1OC,TRUE,,-2.16
tylosin,Tylosin (Ì©ÀÖ¾úËØ),REF_TYLOSIN,repository_reference,O20_attached_to_C15,20,15,C,MPM00137,"1,4-Dihydroxy-2-naphthoic acid",O=C(O)c1cc(O)c2ccccc2c1O,1,CC[C@H]1OC(=O)C[C@@H](OC(=O)c2cc(O)c3ccccc3c2O)[C@H](C)[C@@H](O[C@@H]2O[C@H](C)[C@@H](O[C@H]3C[C@@](C)(O)[C@@H](O)[C@H](C)O3)[C@H](N(C)C)[C@H]2O)[C@@H](CC=O)C[C@@H](C)C(=O)/C=C/C(C)=C/[C@@H]1CO[C@@H]1O[C@H](C)[C@@H](O)[C@@H](OC)[C@H]1OC,CC[C@H]1OC(=O)C[C@@H](OC(=O)c2cc(O)c3ccccc3c2O)[C@H](C)[C@@H](O[C@@H]2O[C@H](C)[C@@H](O[C@H]3C[C@@](C)(O)[C@@H](O)[C@H](C)O3)[C@H](N(C)C)[C@H]2O)[C@@H](CC=O)C[C@@H](C)C(=O)/C=C/C(C)=C/[C@@H]1CO[C@@H]1O[C@H](C)[C@@H](O)[C@@H](OC)[C@H]1OC,TRUE,,-0.583
tylosin,Tylosin (Ì©ÀÖ¾úËØ),REF_TYLOSIN,repository_reference,O20_attached_to_C15,20,15,C,MPM00398,6-Hydroxynicotinic acid,O=C(O)c1ccc(=O)[nH]c1,1,CC[C@H]1OC(=O)C[C@@H](OC(=O)c2ccc(=O)[nH]c2)[C@H](C)[C@@H](O[C@@H]2O[C@H](C)[C@@H](O[C@H]3C[C@@](C)(O)[C@@H](O)[C@H](C)O3)[C@H](N(C)C)[C@H]2O)[C@@H](CC=O)C[C@@H](C)C(=O)/C=C/C(C)=C/[C@@H]1CO[C@@H]1O[C@H](C)[C@@H](O)[C@@H](OC)[C@H]1OC,CC[C@H]1OC(=O)C[C@@H](OC(=O)c2ccc(=O)[nH]c2)[C@H](C)[C@@H](O[C@@H]2O[C@H](C)[C@@H](O[C@H]3C[C@@](C)(O)[C@@H](O)[C@H](C)O3)[C@H](N(C)C)[C@H]2O)[C@@H](CC=O)C[C@@H](C)C(=O)/C=C/C(C)=C/[C@@H]1CO[C@@H]1O[C@H](C)[C@@H](O)[C@@H](OC)[C@H]1OC,TRUE,,-0.346
tylosin,Tylosin (Ì©ÀÖ¾úËØ),REF_TYLOSIN,repository_reference,O20_attached_to_C15,20,15,C,MPM00912,Protocatechuic acid,O=C(O)c1ccc(O)c(O)c1,1,CC[C@H]1OC(=O)C[C@@H](OC(=O)c2ccc(O)c(O)c2)[C@H](C)[C@@H](O[C@@H]2O[C@H](C)[C@@H](O[C@H]3C[C@@](C)(O)[C@@H](O)[C@H](C)O3)[C@H](N(C)C)[C@H]2O)[C@@H](CC=O)C[C@@H](C)C(=O)/C=C/C(C)=C/[C@@H]1CO[C@@H]1O[C@H](C)[C@@H](O)[C@@H](OC)[C@H]1OC,CC[C@H]1OC(=O)C[C@@H](OC(=O)c2ccc(O)c(O)c2)[C@H](C)[C@@H](O[C@@H]2O[C@H](C)[C@@H](O[C@H]3C[C@@](C)(O)[C@@H](O)[C@H](C)O3)[C@H](N(C)C)[C@H]2O)[C@@H](CC=O)C[C@@H](C)C(=O)/C=C/C(C)=C/[C@@H]1CO[C@@H]1O[C@H](C)[C@@H](O)[C@@H](OC)[C@H]1OC,TRUE,,-0.802
tylosin,Tylosin (Ì©ÀÖ¾úËØ),REF_TYLOSIN,repository_reference,O20_attached_to_C15,20,15,C,MPM00702,Hydroxybenzenecarboxylic acid,O=C(O)c1ccc(O)cc1,1,CC[C@H]1OC(=O)C[C@@H](OC(=O)c2ccc(O)cc2)[C@H](C)[C@@H](O[C@@H]2O[C@H](C)[C@@H](O[C@H]3C[C@@](C)(O)[C@@H](O)[C@H](C)O3)[C@H](N(C)C)[C@H]2O)[C@@H](CC=O)C[C@@H](C)C(=O)/C=C/C(C)=C/[C@@H]1CO[C@@H]1O[C@H](C)[C@@H](O)[C@@H](OC)[C@H]1OC,CC[C@H]1OC(=O)C[C@@H](OC(=O)c2ccc(O)cc2)[C@H](C)[C@@H](O[C@@H]2O[C@H](C)[C@@H](O[C@H]3C[C@@](C)(O)[C@@H](O)[C@H](C)O3)[C@H](N(C)C)[C@H]2O)[C@@H](CC=O)C[C@@H](C)C(=O)/C=C/C(C)=C/[C@@H]1CO[C@@H]1O[C@H](C)[C@@H](O)[C@@H](OC)[C@H]1OC,TRUE,,-0.5
tylosin,Tylosin (Ì©ÀÖ¾úËØ),REF_TYLOSIN,repository_reference,O20_attached_to_C15,20,15,C,MPM00173,"2,3-Dihydroxybenzoic acid",O=C(O)c1cccc(O)c1O,1,CC[C@H]1OC(=O)C[C@@H](OC(=O)c2cccc(O)c2O)[C@H](C)[C@@H](O[C@@H]2O[C@H](C)[C@@H](O[C@H]3C[C@@](C)(O)[C@@H](O)[C@H](C)O3)[C@H](N(C)C)[C@H]2O)[C@@H](CC=O)C[C@@H](C)C(=O)/C=C/C(C)=C/[C@@H]1CO[C@@H]1O[C@H](C)[C@@H](O)[C@@H](OC)[C@H]1OC,CC[C@H]1OC(=O)C[C@@H](OC(=O)c2cccc(O)c2O)[C@H](C)[C@@H](O[C@@H]2O[C@H](C)[C@@H](O[C@H]3C[C@@](C)(O)[C@@H](O)[C@H](C)O3)[C@H](N(C)C)[C@H]2O)[C@@H](CC=O)C[C@@H](C)C(=O)/C=C/C(C)=C/[C@@H]1CO[C@@H]1O[C@H](C)[C@@H](O)[C@@H](OC)[C@H]1OC,TRUE,,-0.784
tylosin,Tylosin (Ì©ÀÖ¾úËØ),REF_TYLOSIN,repository_reference,O20_attached_to_C15,20,15,C,MPM00614,Dracylic acid,O=C(O)c1ccccc1,1,CC[C@H]1OC(=O)C[C@@H](OC(=O)c2ccccc2)[C@H](C)[C@@H](O[C@@H]2O[C@H](C)[C@@H](O[C@H]3C[C@@](C)(O)[C@@H](O)[C@H](C)O3)[C@H](N(C)C)[C@H]2O)[C@@H](CC=O)C[C@@H](C)C(=O)/C=C/C(C)=C/[C@@H]1CO[C@@H]1O[C@H](C)[C@@H](O)[C@@H](OC)[C@H]1OC,CC[C@H]1OC(=O)C[C@@H](OC(=O)c2ccccc2)[C@H](C)[C@@H](O[C@@H]2O[C@H](C)[C@@H](O[C@H]3C[C@@](C)(O)[C@@H](O)[C@H](C)O3)[C@H](N(C)C)[C@H]2O)[C@@H](CC=O)C[C@@H](C)C(=O)/C=C/C(C)=C/[C@@H]1CO[C@@H]1O[C@H](C)[C@@H](O)[C@@H](OC)[C@H]1OC,TRUE,,-0.142
tylosin,Tylosin (Ì©ÀÖ¾úËØ),REF_TYLOSIN,repository_reference,O20_attached_to_C15,20,15,C,MPM00117,1-(2-Carboxyphenylamino)-1-deoxy-D-ribulose 5-phosphate,O=C(O)c1ccccc1NCC(=O)C(O)C(O)COP(=O)(O)O,1,CC[C@H]1OC(=O)C[C@@H](OC(=O)c2ccccc2NCC(=O)C(O)C(O)COP(=O)(O)O)[C@H](C)[C@@H](O[C@@H]2O[C@H](C)[C@@H](O[C@H]3C[C@@](C)(O)[C@@H](O)[C@H](C)O3)[C@H](N(C)C)[C@H]2O)[C@@H](CC=O)C[C@@H](C)C(=O)/C=C/C(C)=C/[C@@H]1CO[C@@H]1O[C@H](C)[C@@H](O)[C@@H](OC)[C@H]1OC,CC[C@H]1OC(=O)C[C@@H](OC(=O)c2ccccc2NCC(=O)C(O)C(O)COP(=O)(O)O)[C@H](C)[C@@H](O[C@@H]2O[C@H](C)[C@@H](O[C@H]3C[C@@](C)(O)[C@@H](O)[C@H](C)O3)[C@H](N(C)C)[C@H]2O)[C@@H](CC=O)C[C@@H](C)C(=O)/C=C/C(C)=C/[C@@H]1CO[C@@H]1O[C@H](C)[C@@H](O)[C@@H](OC)[C@H]1OC,TRUE,,-0.998
tylosin,Tylosin (Ì©ÀÖ¾úËØ),REF_TYLOSIN,repository_reference,O20_attached_to_C15,20,15,C,MPM00931,Salicylic acid,O=C(O)c1ccccc1O,1,CC[C@H]1OC(=O)C[C@@H](OC(=O)c2ccccc2O)[C@H](C)[C@@H](O[C@@H]2O[C@H](C)[C@@H](O[C@H]3C[C@@](C)(O)[C@@H](O)[C@H](C)O3)[C@H](N(C)C)[C@H]2O)[C@@H](CC=O)C[C@@H](C)C(=O)/C=C/C(C)=C/[C@@H]1CO[C@@H]1O[C@H](C)[C@@H](O)[C@@H](OC)[C@H]1OC,CC[C@H]1OC(=O)C[C@@H](OC(=O)c2ccccc2O)[C@H](C)[C@@H](O[C@@H]2O[C@H](C)[C@@H](O[C@H]3C[C@@](C)(O)[C@@H](O)[C@H](C)O3)[C@H](N(C)C)[C@H]2O)[C@@H](CC=O)C[C@@H](C)C(=O)/C=C/C(C)=C/[C@@H]1CO[C@@H]1O[C@H](C)[C@@H](O)[C@@H](OC)[C@H]1OC,TRUE,,-0.485
tylosin,Tylosin (Ì©ÀÖ¾úËØ),REF_TYLOSIN,repository_reference,O20_attached_to_C15,20,15,C,MPM00328,3-Pyridinecarboxylic acid,O=C(O)c1cccnc1,1,CC[C@H]1OC(=O)C[C@@H](OC(=O)c2cccnc2)[C@H](C)[C@@H](O[C@@H]2O[C@H](C)[C@@H](O[C@H]3C[C@@](C)(O)[C@@H](O)[C@H](C)O3)[C@H](N(C)C)[C@H]2O)[C@@H](CC=O)C[C@@H](C)C(=O)/C=C/C(C)=C/[C@@H]1CO[C@@H]1O[C@H](C)[C@@H](O)[C@@H](OC)[C@H]1OC,CC[C@H]1OC(=O)C[C@@H](OC(=O)c2cccnc2)[C@H](C)[C@@H](O[C@@H]2O[C@H](C)[C@@H](O[C@H]3C[C@@](C)(O)[C@@H](O)[C@H](C)O3)[C@H](N(C)C)[C@H]2O)[C@@H](CC=O)C[C@@H](C)C(=O)/C=C/C(C)=C/[C@@H]1CO[C@@H]1O[C@H](C)[C@@H](O)[C@@H](OC)[C@H]1OC,TRUE,,-0.534
tylosin,Tylosin (Ì©ÀÖ¾úËØ),REF_TYLOSIN,repository_reference,O20_attached_to_C15,20,15,C,MPM00585,Dihydro-L-orotic acid,O=C1CC(C(=O)O)NC(=O)N1,1,CC[C@H]1OC(=O)C[C@@H](OC(=O)C2CC(=O)NC(=O)N2)[C@H](C)[C@@H](O[C@@H]2O[C@H](C)[C@@H](O[C@H]3C[C@@](C)(O)[C@@H](O)[C@H](C)O3)[C@H](N(C)C)[C@H]2O)[C@@H](CC=O)C[C@@H](C)C(=O)/C=C/C(C)=C/[C@@H]1CO[C@@H]1O[C@H](C)[C@@H](O)[C@@H](OC)[C@H]1OC,CC[C@H]1OC(=O)C[C@@H](OC(=O)C2CC(=O)NC(=O)N2)[C@H](C)[C@@H](O[C@@H]2O[C@H](C)[C@@H](O[C@H]3C[C@@](C)(O)[C@@H](O)[C@H](C)O3)[C@H](N(C)C)[C@H]2O)[C@@H](CC=O)C[C@@H](C)C(=O)/C=C/C(C)=C/[C@@H]1CO[C@@H]1O[C@H](C)[C@@H](O)[C@@H](OC)[C@H]1OC,TRUE,,-1.202
tylosin,Tylosin (Ì©ÀÖ¾úËØ),REF_TYLOSIN,repository_reference,O20_attached_to_C15,20,15,C,MPM00381,5-Dehydroquinic acid,O=C1CC(O)(C(=O)O)CC(O)C1O,1,CC[C@H]1OC(=O)C[C@@H](OC(=O)C2(O)CC(=O)C(O)C(O)C2)[C@H](C)[C@@H](O[C@@H]2O[C@H](C)[C@@H](O[C@H]3C[C@@](C)(O)[C@@H](O)[C@H](C)O3)[C@H](N(C)C)[C@H]2O)[C@@H](CC=O)C[C@@H](C)C(=O)/C=C/C(C)=C/[C@@H]1CO[C@@H]1O[C@H](C)[C@@H](O)[C@@H](OC)[C@H]1OC,CC[C@H]1OC(=O)C[C@@H](OC(=O)C2(O)CC(=O)C(O)C(O)C2)[C@H](C)[C@@H](O[C@@H]2O[C@H](C)[C@@H](O[C@H]3C[C@@](C)(O)[C@@H](O)[C@H](C)O3)[C@H](N(C)C)[C@H]2O)[C@@H](CC=O)C[C@@H](C)C(=O)/C=C/C(C)=C/[C@@H]1CO[C@@H]1O[C@H](C)[C@@H](O)[C@@H](OC)[C@H]1OC,TRUE,,-1.654
tylosin,Tylosin (Ì©ÀÖ¾úËØ),REF_TYLOSIN,repository_reference,O20_attached_to_C15,20,15,C,MPM00679,Glyoxylic acid,O=CC(=O)O,1,CC[C@H]1OC(=O)C[C@@H](OC(=O)C=O)[C@H](C)[C@@H](O[C@@H]2O[C@H](C)[C@@H](O[C@H]3C[C@@](C)(O)[C@@H](O)[C@H](C)O3)[C@H](N(C)C)[C@H]2O)[C@@H](CC=O)C[C@@H](C)C(=O)/C=C/C(C)=C/[C@@H]1CO[C@@H]1O[C@H](C)[C@@H](O)[C@@H](OC)[C@H]1OC,CC[C@H]1OC(=O)C[C@@H](OC(=O)C=O)[C@H](C)[C@@H](O[C@@H]2O[C@H](C)[C@@H](O[C@H]3C[C@@](C)(O)[C@@H](O)[C@H](C)O3)[C@H](N(C)C)[C@H]2O)[C@@H](CC=O)C[C@@H](C)C(=O)/C=C/C(C)=C/[C@@H]1CO[C@@H]1O[C@H](C)[C@@H](O)[C@@H](OC)[C@H]1OC,TRUE,,-0.737
tylosin,Tylosin (Ì©ÀÖ¾úËØ),REF_TYLOSIN,repository_reference,O20_attached_to_C15,20,15,C,MPM00965,Tartronate semialdehyde,O=CC(O)C(=O)O,1,CC[C@H]1OC(=O)C[C@@H](OC(=O)C(O)C=O)[C@H](C)[C@@H](O[C@@H]2O[C@H](C)[C@@H](O[C@H]3C[C@@](C)(O)[C@@H](O)[C@H](C)O3)[C@H](N(C)C)[C@H]2O)[C@@H](CC=O)C[C@@H](C)C(=O)/C=C/C(C)=C/[C@@H]1CO[C@@H]1O[C@H](C)[C@@H](O)[C@@H](OC)[C@H]1OC,CC[C@H]1OC(=O)C[C@@H](OC(=O)C(O)C=O)[C@H](C)[C@@H](O[C@@H]2O[C@H](C)[C@@H](O[C@H]3C[C@@](C)(O)[C@@H](O)[C@H](C)O3)[C@H](N(C)C)[C@H]2O)[C@@H](CC=O)C[C@@H](C)C(=O)/C=C/C(C)=C/[C@@H]1CO[C@@H]1O[C@H](C)[C@@H](O)[C@@H](OC)[C@H]1OC,TRUE,,-0.936
tylosin,Tylosin (Ì©ÀÖ¾úËØ),REF_TYLOSIN,repository_reference,O20_attached_to_C15,20,15,C,MPM00768,Malonate semialdehyde,O=CCC(=O)O,1,CC[C@H]1OC(=O)C[C@@H](OC(=O)CC=O)[C@H](C)[C@@H](O[C@@H]2O[C@H](C)[C@@H](O[C@H]3C[C@@](C)(O)[C@@H](O)[C@H](C)O3)[C@H](N(C)C)[C@H]2O)[C@@H](CC=O)C[C@@H](C)C(=O)/C=C/C(C)=C/[C@@H]1CO[C@@H]1O[C@H](C)[C@@H](O)[C@@H](OC)[C@H]1OC,CC[C@H]1OC(=O)C[C@@H](OC(=O)CC=O)[C@H](C)[C@@H](O[C@@H]2O[C@H](C)[C@@H](O[C@H]3C[C@@](C)(O)[C@@H](O)[C@H](C)O3)[C@H](N(C)C)[C@H]2O)[C@@H](CC=O)C[C@@H](C)C(=O)/C=C/C(C)=C/[C@@H]1CO[C@@H]1O[C@H](C)[C@@H](O)[C@@H](OC)[C@H]1OC,TRUE,,-1.015
tylosin,Tylosin (Ì©ÀÖ¾úËØ),REF_TYLOSIN,repository_reference,O20_attached_to_C15,20,15,C,MPM00359,4-Oxobutanoate,O=CCCC(=O)O,1,CC[C@H]1OC(=O)C[C@@H](OC(=O)CCC=O)[C@H](C)[C@@H](O[C@@H]2O[C@H](C)[C@@H](O[C@H]3C[C@@](C)(O)[C@@H](O)[C@H](C)O3)[C@H](N(C)C)[C@H]2O)[C@@H](CC=O)C[C@@H](C)C(=O)/C=C/C(C)=C/[C@@H]1CO[C@@H]1O[C@H](C)[C@@H](O)[C@@H](OC)[C@H]1OC,CC[C@H]1OC(=O)C[C@@H](OC(=O)CCC=O)[C@H](C)[C@@H](O[C@@H]2O[C@H](C)[C@@H](O[C@H]3C[C@@](C)(O)[C@@H](O)[C@H](C)O3)[C@H](N(C)C)[C@H]2O)[C@@H](CC=O)C[C@@H](C)C(=O)/C=C/C(C)=C/[C@@H]1CO[C@@H]1O[C@H](C)[C@@H](O)[C@@H](OC)[C@H]1OC,TRUE,,-1.28
tylosin,Tylosin (Ì©ÀÖ¾úËØ),REF_TYLOSIN,repository_reference,O38_attached_to_C34,38,34,C,MPM00863,PEP,C=C(OP(=O)(O)O)C(=O)O,1,C=C(OP(=O)(O)O)C(=O)O[C@H]1[C@H](C)O[C@@H](O[C@H]2[C@H](N(C)C)[C@@H](O)[C@H](O[C@H]3[C@@H](CC=O)C[C@@H](C)C(=O)/C=C/C(C)=C/[C@H](CO[C@@H]4O[C@H](C)[C@@H](O)[C@@H](OC)[C@H]4OC)[C@@H](CC)OC(=O)C[C@@H](O)[C@@H]3C)O[C@@H]2C)C[C@@]1(C)O,C=C(OP(=O)(O)O)C(=O)O[C@H]1[C@H](C)O[C@@H](O[C@H]2[C@H](N(C)C)[C@@H](O)[C@H](O[C@H]3[C@@H](CC=O)C[C@@H](C)C(=O)/C=C/C(C)=C/[C@H](CO[C@@H]4O[C@H](C)[C@@H](O)[C@@H](OC)[C@H]4OC)[C@@H](CC)OC(=O)C[C@@H](O)[C@@H]3C)O[C@@H]2C)C[C@@]1(C)O,TRUE,,-1.075
tylosin,Tylosin (Ì©ÀÖ¾úËØ),REF_TYLOSIN,repository_reference,O38_attached_to_C34,38,34,C,MPM00921,Pyroracemic acid,CC(=O)C(=O)O,1,CC[C@H]1OC(=O)C[C@@H](O)[C@H](C)[C@@H](O[C@@H]2O[C@H](C)[C@@H](O[C@H]3C[C@@](C)(O)[C@@H](OC(=O)C(C)=O)[C@H](C)O3)[C@H](N(C)C)[C@H]2O)[C@@H](CC=O)C[C@@H](C)C(=O)/C=C/C(C)=C/[C@@H]1CO[C@@H]1O[C@H](C)[C@@H](O)[C@@H](OC)[C@H]1OC,CC[C@H]1OC(=O)C[C@@H](O)[C@H](C)[C@@H](O[C@@H]2O[C@H](C)[C@@H](O[C@H]3C[C@@](C)(O)[C@@H](OC(=O)C(C)=O)[C@H](C)O3)[C@H](N(C)C)[C@H]2O)[C@@H](CC=O)C[C@@H](C)C(=O)/C=C/C(C)=C/[C@@H]1CO[C@@H]1O[C@H](C)[C@@H](O)[C@@H](OC)[C@H]1OC,TRUE,,-0.87
tylosin,Tylosin (Ì©ÀÖ¾úËØ),REF_TYLOSIN,repository_reference,O38_attached_to_C34,38,34,C,MPM00036,(2S)-2-Hydroxy-2-methyl-3-oxobutanoate,CC(=O)C(C)(O)C(=O)O,1,CC[C@H]1OC(=O)C[C@@H](O)[C@H](C)[C@@H](O[C@@H]2O[C@H](C)[C@@H](O[C@H]3C[C@@](C)(O)[C@@H](OC(=O)C(C)(O)C(C)=O)[C@H](C)O3)[C@H](N(C)C)[C@H]2O)[C@@H](CC=O)C[C@@H](C)C(=O)/C=C/C(C)=C/[C@@H]1CO[C@@H]1O[C@H](C)[C@@H](O)[C@@H](OC)[C@H]1OC,CC[C@H]1OC(=O)C[C@@H](O)[C@H](C)[C@@H](O[C@@H]2O[C@H](C)[C@@H](O[C@H]3C[C@@](C)(O)[C@@H](OC(=O)C(C)(O)C(C)=O)[C@H](C)O3)[C@H](N(C)C)[C@H]2O)[C@@H](CC=O)C[C@@H](C)C(=O)/C=C/C(C)=C/[C@@H]1CO[C@@H]1O[C@H](C)[C@@H](O)[C@@H](OC)[C@H]1OC,TRUE,,-1.542
tylosin,Tylosin (Ì©ÀÖ¾úËØ),REF_TYLOSIN,repository_reference,O38_attached_to_C34,38,34,C,MPM01075,(S)-2-Amino-3-oxobutanoic acid,CC(=O)C(N)C(=O)O,1,CC[C@H]1OC(=O)C[C@@H](O)[C@H](C)[C@@H](O[C@@H]2O[C@H](C)[C@@H](O[C@H]3C[C@@](C)(O)[C@@H](OC(=O)C(N)C(C)=O)[C@H](C)O3)[C@H](N(C)C)[C@H]2O)[C@@H](CC=O)C[C@@H](C)C(=O)/C=C/C(C)=C/[C@@H]1CO[C@@H]1O[C@H](C)[C@@H](O)[C@@H](OC)[C@H]1OC,CC[C@H]1OC(=O)C[C@@H](O)[C@H](C)[C@@H](O[C@@H]2O[C@H](C)[C@@H](O[C@H]3C[C@@](C)(O)[C@@H](OC(=O)C(N)C(C)=O)[C@H](C)O3)[C@H](N(C)C)[C@H]2O)[C@@H](CC=O)C[C@@H](C)C(=O)/C=C/C(C)=C/[C@@H]1CO[C@@H]1O[C@H](C)[C@@H](O)[C@@H](OC)[C@H]1OC,TRUE,,-0.822
tylosin,Tylosin (Ì©ÀÖ¾úËØ),REF_TYLOSIN,repository_reference,O38_attached_to_C34,38,34,C,MPM00419,Acetoacetic acid,CC(=O)CC(=O)O,1,CC[C@H]1OC(=O)C[C@@H](O)[C@H](C)[C@@H](O[C@@H]2O[C@H](C)[C@@H](O[C@H]3C[C@@](C)(O)[C@@H](OC(=O)CC(C)=O)[C@H](C)O3)[C@H](N(C)C)[C@H]2O)[C@@H](CC=O)C[C@@H](C)C(=O)/C=C/C(C)=C/[C@@H]1CO[C@@H]1O[C@H](C)[C@@H](O)[C@@H](OC)[C@H]1OC,CC[C@H]1OC(=O)C[C@@H](O)[C@H](C)[C@@H](O[C@@H]2O[C@H](C)[C@@H](O[C@H]3C[C@@](C)(O)[C@@H](OC(=O)CC(C)=O)[C@H](C)O3)[C@H](N(C)C)[C@H]2O)[C@@H](CC=O)C[C@@H](C)C(=O)/C=C/C(C)=C/[C@@H]1CO[C@@H]1O[C@H](C)[C@@H](O)[C@@H](OC)[C@H]1OC,TRUE,,-0.987
tylosin,Tylosin (Ì©ÀÖ¾úËØ),REF_TYLOSIN,repository_reference,O38_attached_to_C34,38,34,C,MPM00188,2-Acetamido-5-oxopentanoate,CC(=O)NC(CCC=O)C(=O)O,1,CC[C@H]1OC(=O)C[C@@H](O)[C@H](C)[C@@H](O[C@@H]2O[C@H](C)[C@@H](O[C@H]3C[C@@](C)(O)[C@@H](OC(=O)C(CCC=O)NC(C)=O)[C@H](C)O3)[C@H](N(C)C)[C@H]2O)[C@@H](CC=O)C[C@@H](C)C(=O)/C=C/C(C)=C/[C@@H]1CO[C@@H]1O[C@H](C)[C@@H](O)[C@@H](OC)[C@H]1OC,CC[C@H]1OC(=O)C[C@@H](O)[C@H](C)[C@@H](O[C@@H]2O[C@H](C)[C@@H](O[C@H]3C[C@@](C)(O)[C@@H](OC(=O)C(CCC=O)NC(C)=O)[C@H](C)O3)[C@H](N(C)C)[C@H]2O)[C@@H](CC=O)C[C@@H](C)C(=O)/C=C/C(C)=C/[C@@H]1CO[C@@H]1O[C@H](C)[C@@H](O)[C@@H](OC)[C@H]1OC,TRUE,,-1.537
tylosin,Tylosin (Ì©ÀÖ¾úËØ),REF_TYLOSIN,repository_reference,O38_attached_to_C34,38,34,C,MPM01517,N2-Acetyl-L-ornithine,CC(=O)NC(CCCN)C(=O)O,1,CC[C@H]1OC(=O)C[C@@H](O)[C@H](C)[C@@H](O[C@@H]2O[C@H](C)[C@@H](O[C@H]3C[C@@](C)(O)[C@@H](OC(=O)C(CCCN)NC(C)=O)[C@H](C)O3)[C@H](N(C)C)[C@H]2O)[C@@H](CC=O)C[C@@H](C)C(=O)/C=C/C(C)=C/[C@@H]1CO[C@@H]1O[C@H](C)[C@@H](O)[C@@H](OC)[C@H]1OC,CC[C@H]1OC(=O)C[C@@H](O)[C@H](C)[C@@H](O[C@@H]2O[C@H](C)[C@@H](O[C@H]3C[C@@](C)(O)[C@@H](OC(=O)C(CCCN)NC(C)=O)[C@H](C)O3)[C@H](N(C)C)[C@H]2O)[C@@H](CC=O)C[C@@H](C)C(=O)/C=C/C(C)=C/[C@@H]1CO[C@@H]1O[C@H](C)[C@@H](O)[C@@H](OC)[C@H]1OC,TRUE,,-0.853
tylosin,Tylosin (Ì©ÀÖ¾úËØ),REF_TYLOSIN,repository_reference,O38_attached_to_C34,38,34,C,MPM00819,Neu5Ac,CC(=O)NC1C(O)CC(O)(C(=O)O)OC1C(O)C(O)CO,1,CC[C@H]1OC(=O)C[C@@H](O)[C@H](C)[C@@H](O[C@@H]2O[C@H](C)[C@@H](O[C@H]3C[C@@](C)(O)[C@@H](OC(=O)C4(O)CC(O)C(NC(C)=O)C(C(O)C(O)CO)O4)[C@H](C)O3)[C@H](N(C)C)[C@H]2O)[C@@H](CC=O)C[C@@H](C)C(=O)/C=C/C(C)=C/[C@@H]1CO[C@@H]1O[C@H](C)[C@@H](O)[C@@H](OC)[C@H]1OC,CC[C@H]1OC(=O)C[C@@H](O)[C@H](C)[C@@H](O[C@@H]2O[C@H](C)[C@@H](O[C@H]3C[C@@](C)(O)[C@@H](OC(=O)C4(O)CC(O)C(NC(C)=O)C(C(O)C(O)CO)O4)[C@H](C)O3)[C@H](N(C)C)[C@H]2O)[C@@H](CC=O)C[C@@H](C)C(=O)/C=C/C(C)=C/[C@@H]1CO[C@@H]1O[C@H](C)[C@@H](O)[C@@H](OC)[C@H]1OC,TRUE,,-2.331
tylosin,Tylosin (Ì©ÀÖ¾úËØ),REF_TYLOSIN,repository_reference,O38_attached_to_C34,38,34,C,MPM00806,N-Acetyl-D-muramoate,CC(=O)NC1C(O)OC(CO)C(O)C1OC(C)C(=O)O,1,CC[C@H]1OC(=O)C[C@@H](O)[C@H](C)[C@@H](O[C@@H]2O[C@H](C)[C@@H](O[C@H]3C[C@@](C)(O)[C@@H](OC(=O)C(C)OC4C(O)C(CO)OC(O)C4NC(C)=O)[C@H](C)O3)[C@H](N(C)C)[C@H]2O)[C@@H](CC=O)C[C@@H](C)C(=O)/C=C/C(C)=C/[C@@H]1CO[C@@H]1O[C@H](C)[C@@H](O)[C@@H](OC)[C@H]1OC,CC[C@H]1OC(=O)C[C@@H](O)[C@H](C)[C@@H](O[C@@H]2O[C@H](C)[C@@H](O[C@H]3C[C@@](C)(O)[C@@H](OC(=O)C(C)OC4C(O)C(CO)OC(O)C4NC(C)=O)[C@H](C)O3)[C@H](N(C)C)[C@H]2O)[C@@H](CC=O)C[C@@H](C)C(=O)/C=C/C(C)=C/[C@@H]1CO[C@@H]1O[C@H](C)[C@@H](O)[C@@H](OC)[C@H]1OC,TRUE,,-1.97
tylosin,Tylosin (Ì©ÀÖ¾úËØ),REF_TYLOSIN,repository_reference,O38_attached_to_C34,38,34,C,MPM00632,Ethanoic acid,CC(=O)O,1,CC[C@H]1OC(=O)C[C@@H](O)[C@H](C)[C@@H](O[C@@H]2O[C@H](C)[C@@H](O[C@H]3C[C@@](C)(O)[C@@H](OC(C)=O)[C@H](C)O3)[C@H](N(C)C)[C@H]2O)[C@@H](CC=O)C[C@@H](C)C(=O)/C=C/C(C)=C/[C@@H]1CO[C@@H]1O[C@H](C)[C@@H](O)[C@@H](OC)[C@H]1OC,CC[C@H]1OC(=O)C[C@@H](O)[C@H](C)[C@@H](O[C@@H]2O[C@H](C)[C@@H](O[C@H]3C[C@@](C)(O)[C@@H](OC(C)=O)[C@H](C)O3)[C@H](N(C)C)[C@H]2O)[C@@H](CC=O)C[C@@H](C)C(=O)/C=C/C(C)=C/[C@@H]1CO[C@@H]1O[C@H](C)[C@@H](O)[C@@H](OC)[C@H]1OC,TRUE,,-0.918
tylosin,Tylosin (Ì©ÀÖ¾úËØ),REF_TYLOSIN,repository_reference,O38_attached_to_C34,38,34,C,MPM01530,O3-Acetyl-L-serine,CC(=O)OCC(N)C(=O)O,1,CC[C@H]1OC(=O)C[C@@H](O)[C@H](C)[C@@H](O[C@@H]2O[C@H](C)[C@@H](O[C@H]3C[C@@](C)(O)[C@@H](OC(=O)C(N)COC(C)=O)[C@H](C)O3)[C@H](N(C)C)[C@H]2O)[C@@H](CC=O)C[C@@H](C)C(=O)/C=C/C(C)=C/[C@@H]1CO[C@@H]1O[C@H](C)[C@@H](O)[C@@H](OC)[C@H]1OC,CC[C@H]1OC(=O)C[C@@H](O)[C@H](C)[C@@H](O[C@@H]2O[C@H](C)[C@@H](O[C@H]3C[C@@](C)(O)[C@@H](OC(=O)C(N)COC(C)=O)[C@H](C)O3)[C@H](N(C)C)[C@H]2O)[C@@H](CC=O)C[C@@H](C)C(=O)/C=C/C(C)=C/[C@@H]1CO[C@@H]1O[C@H](C)[C@@H](O)[C@@H](OC)[C@H]1OC,TRUE,,-0.68
tylosin,Tylosin (Ì©ÀÖ¾úËØ),REF_TYLOSIN,repository_reference,O38_attached_to_C34,38,34,C,MPM01531,O-Acetylhomoserine,CC(=O)OCCC(N)C(=O)O,1,CC[C@H]1OC(=O)C[C@@H](O)[C@H](C)[C@@H](O[C@@H]2O[C@H](C)[C@@H](O[C@H]3C[C@@](C)(O)[C@@H](OC(=O)C(N)CCOC(C)=O)[C@H](C)O3)[C@H](N(C)C)[C@H]2O)[C@@H](CC=O)C[C@@H](C)C(=O)/C=C/C(C)=C/[C@@H]1CO[C@@H]1O[C@H](C)[C@@H](O)[C@@H](OC)[C@H]1OC,CC[C@H]1OC(=O)C[C@@H](O)[C@H](C)[C@@H](O[C@@H]2O[C@H](C)[C@@H](O[C@H]3C[C@@](C)(O)[C@@H](OC(=O)C(N)CCOC(C)=O)[C@H](C)O3)[C@H](N(C)C)[C@H]2O)[C@@H](CC=O)C[C@@H](C)C(=O)/C=C/C(C)=C/[C@@H]1CO[C@@H]1O[C@H](C)[C@@H](O)[C@@H](OC)[C@H]1OC,TRUE,,-0.87
tylosin,Tylosin (Ì©ÀÖ¾úËØ),REF_TYLOSIN,repository_reference,O38_attached_to_C34,38,34,C,MPM00396,6-Acetylthiohexanoic acid,CC(=O)SCCCCCC(=O)O,1,CC[C@H]1OC(=O)C[C@@H](O)[C@H](C)[C@@H](O[C@@H]2O[C@H](C)[C@@H](O[C@H]3C[C@@](C)(O)[C@@H](OC(=O)CCCCCSC(C)=O)[C@H](C)O3)[C@H](N(C)C)[C@H]2O)[C@@H](CC=O)C[C@@H](C)C(=O)/C=C/C(C)=C/[C@@H]1CO[C@@H]1O[C@H](C)[C@@H](O)[C@@H](OC)[C@H]1OC,CC[C@H]1OC(=O)C[C@@H](O)[C@H](C)[C@@H](O[C@@H]2O[C@H](C)[C@@H](O[C@H]3C[C@@](C)(O)[C@@H](OC(=O)CCCCCSC(C)=O)[C@H](C)O3)[C@H](N(C)C)[C@H]2O)[C@@H](CC=O)C[C@@H](C)C(=O)/C=C/C(C)=C/[C@@H]1CO[C@@H]1O[C@H](C)[C@@H](O)[C@@H](OC)[C@H]1OC,TRUE,,-1.907
tylosin,Tylosin (Ì©ÀÖ¾úËØ),REF_TYLOSIN,repository_reference,O38_attached_to_C34,38,34,C,MPM00215,2-Dehydropantoate,CC(C)(CO)C(=O)C(=O)O,1,CC[C@H]1OC(=O)C[C@@H](O)[C@H](C)[C@@H](O[C@@H]2O[C@H](C)[C@@H](O[C@H]3C[C@@](C)(O)[C@@H](OC(=O)C(=O)C(C)(C)CO)[C@H](C)O3)[C@H](N(C)C)[C@H]2O)[C@@H](CC=O)C[C@@H](C)C(=O)/C=C/C(C)=C/[C@@H]1CO[C@@H]1O[C@H](C)[C@@H](O)[C@@H](OC)[C@H]1OC,CC[C@H]1OC(=O)C[C@@H](O)[C@H](C)[C@@H](O[C@@H]2O[C@H](C)[C@@H](O[C@H]3C[C@@](C)(O)[C@@H](OC(=O)C(=O)C(C)(C)CO)[C@H](C)O3)[C@H](N(C)C)[C@H]2O)[C@@H](CC=O)C[C@@H](C)C(=O)/C=C/C(C)=C/[C@@H]1CO[C@@H]1O[C@H](C)[C@@H](O)[C@@H](OC)[C@H]1OC,TRUE,,-0.75
tylosin,Tylosin (Ì©ÀÖ¾úËØ),REF_TYLOSIN,repository_reference,O38_attached_to_C34,38,34,C,MPM00831,N-Pantothenoylcysteine,CC(C)(CO)C(O)C(=O)NCCC(=O)NC(CS)C(=O)O,1,CC[C@H]1OC(=O)C[C@@H](O)[C@H](C)[C@@H](O[C@@H]2O[C@H](C)[C@@H](O[C@H]3C[C@@](C)(O)[C@@H](OC(=O)C(CS)NC(=O)CCNC(=O)C(O)C(C)(C)CO)[C@H](C)O3)[C@H](N(C)C)[C@H]2O)[C@@H](CC=O)C[C@@H](C)C(=O)/C=C/C(C)=C/[C@@H]1CO[C@@H]1O[C@H](C)[C@@H](O)[C@@H](OC)[C@H]1OC,CC[C@H]1OC(=O)C[C@@H](O)[C@H](C)[C@@H](O[C@@H]2O[C@H](C)[C@@H](O[C@H]3C[C@@](C)(O)[C@@H](OC(=O)C(CS)NC(=O)CCNC(=O)C(O)C(C)(C)CO)[C@H](C)O3)[C@H](N(C)C)[C@H]2O)[C@@H](CC=O)C[C@@H](C)C(=O)/C=C/C(C)=C/[C@@H]1CO[C@@H]1O[C@H](C)[C@@H](O)[C@@H](OC)[C@H]1OC,TRUE,,-2.729
tylosin,Tylosin (Ì©ÀÖ¾úËØ),REF_TYLOSIN,repository_reference,O38_attached_to_C34,38,34,C,MPM00087,(R)-Pantothenate,CC(C)(CO)C(O)C(=O)NCCC(=O)O,1,CC[C@H]1OC(=O)C[C@@H](O)[C@H](C)[C@@H](O[C@@H]2O[C@H](C)[C@@H](O[C@H]3C[C@@](C)(O)[C@@H](OC(=O)CCNC(=O)C(O)C(C)(C)CO)[C@H](C)O3)[C@H](N(C)C)[C@H]2O)[C@@H](CC=O)C[C@@H](C)C(=O)/C=C/C(C)=C/[C@@H]1CO[C@@H]1O[C@H](C)[C@@H](O)[C@@H](OC)[C@H]1OC,CC[C@H]1OC(=O)C[C@@H](O)[C@H](C)[C@@H](O[C@@H]2O[C@H](C)[C@@H](O[C@H]3C[C@@](C)(O)[C@@H](OC(=O)CCNC(=O)C(O)C(C)(C)CO)[C@H](C)O3)[C@H](N(C)C)[C@H]2O)[C@@H](CC=O)C[C@@H](C)C(=O)/C=C/C(C)=C/[C@@H]1CO[C@@H]1O[C@H](C)[C@@H](O)[C@@H](OC)[C@H]1OC,TRUE,,-1.153
tylosin,Tylosin (Ì©ÀÖ¾úËØ),REF_TYLOSIN,repository_reference,O38_attached_to_C34,38,34,C,MPM00080,(R)-4'-Phosphopantothenate,CC(C)(COP(=O)(O)O)C(O)C(=O)NCCC(=O)O,1,CC[C@H]1OC(=O)C[C@@H](O)[C@H](C)[C@@H](O[C@@H]2O[C@H](C)[C@@H](O[C@H]3C[C@@](C)(O)[C@@H](OC(=O)CCNC(=O)C(O)C(C)(C)COP(=O)(O)O)[C@H](C)O3)[C@H](N(C)C)[C@H]2O)[C@@H](CC=O)C[C@@H](C)C(=O)/C=C/C(C)=C/[C@@H]1CO[C@@H]1O[C@H](C)[C@@H](O)[C@@H](OC)[C@H]1OC,CC[C@H]1OC(=O)C[C@@H](O)[C@H](C)[C@@H](O[C@@H]2O[C@H](C)[C@@H](O[C@H]3C[C@@](C)(O)[C@@H](OC(=O)CCNC(=O)C(O)C(C)(C)COP(=O)(O)O)[C@H](C)O3)[C@H](N(C)C)[C@H]2O)[C@@H](CC=O)C[C@@H](C)C(=O)/C=C/C(C)=C/[C@@H]1CO[C@@H]1O[C@H](C)[C@@H](O)[C@@H](OC)[C@H]1OC,TRUE,,-1.558
tylosin,Tylosin (Ì©ÀÖ¾úËØ),REF_TYLOSIN,repository_reference,O38_attached_to_C34,38,34,C,MPM00026,"(2R)-2,3-Dihydroxy-3-methylbutanoate",CC(C)(O)C(O)C(=O)O,1,CC[C@H]1OC(=O)C[C@@H](O)[C@H](C)[C@@H](O[C@@H]2O[C@H](C)[C@@H](O[C@H]3C[C@@](C)(O)[C@@H](OC(=O)C(O)C(C)(C)O)[C@H](C)O3)[C@H](N(C)C)[C@H]2O)[C@@H](CC=O)C[C@@H](C)C(=O)/C=C/C(C)=C/[C@@H]1CO[C@@H]1O[C@H](C)[C@@H](O)[C@@H](OC)[C@H]1OC,CC[C@H]1OC(=O)C[C@@H](O)[C@H](C)[C@@H](O[C@@H]2O[C@H](C)[C@@H](O[C@H]3C[C@@](C)(O)[C@@H](OC(=O)C(O)C(C)(C)O)[C@H](C)O3)[C@H](N(C)C)[C@H]2O)[C@@H](CC=O)C[C@@H](C)C(=O)/C=C/C(C)=C/[C@@H]1CO[C@@H]1O[C@H](C)[C@@H](O)[C@@H](OC)[C@H]1OC,TRUE,,-1.283
tylosin,Tylosin (Ì©ÀÖ¾úËØ),REF_TYLOSIN,repository_reference,O38_attached_to_C34,38,34,C,MPM00242,2-Keto-3-methylbutyric acid,CC(C)C(=O)C(=O)O,1,CC[C@H]1OC(=O)C[C@@H](O)[C@H](C)[C@@H](O[C@@H]2O[C@H](C)[C@@H](O[C@H]3C[C@@](C)(O)[C@@H](OC(=O)C(=O)C(C)C)[C@H](C)O3)[C@H](N(C)C)[C@H]2O)[C@@H](CC=O)C[C@@H](C)C(=O)/C=C/C(C)=C/[C@@H]1CO[C@@H]1O[C@H](C)[C@@H](O)[C@@H](OC)[C@H]1OC,CC[C@H]1OC(=O)C[C@@H](O)[C@H](C)[C@@H](O[C@@H]2O[C@H](C)[C@@H](O[C@H]3C[C@@](C)(O)[C@@H](OC(=O)C(=O)C(C)C)[C@H](C)O3)[C@H](N(C)C)[C@H]2O)[C@@H](CC=O)C[C@@H](C)C(=O)/C=C/C(C)=C/[C@@H]1CO[C@@H]1O[C@H](C)[C@@H](O)[C@@H](OC)[C@H]1OC,TRUE,,-0.935
tylosin,Tylosin (Ì©ÀÖ¾úËØ),REF_TYLOSIN,repository_reference,O38_attached_to_C34,38,34,C,MPM00716,Isobutyrate,CC(C)C(=O)O,1,CC[C@H]1OC(=O)C[C@@H](O)[C@H](C)[C@@H](O[C@@H]2O[C@H](C)[C@@H](O[C@H]3C[C@@](C)(O)[C@@H](OC(=O)C(C)C)[C@H](C)O3)[C@H](N(C)C)[C@H]2O)[C@@H](CC=O)C[C@@H](C)C(=O)/C=C/C(C)=C/[C@@H]1CO[C@@H]1O[C@H](C)[C@@H](O)[C@@H](OC)[C@H]1OC,CC[C@H]1OC(=O)C[C@@H](O)[C@H](C)[C@@H](O[C@@H]2O[C@H](C)[C@@H](O[C@H]3C[C@@](C)(O)[C@@H](OC(=O)C(C)C)[C@H](C)O3)[C@H](N(C)C)[C@H]2O)[C@@H](CC=O)C[C@@H](C)C(=O)/C=C/C(C)=C/[C@@H]1CO[C@@H]1O[C@H](C)[C@@H](O)[C@@H](OC)[C@H]1OC,TRUE,,-0.993
tylosin,Tylosin (Ì©ÀÖ¾úËØ),REF_TYLOSIN,repository_reference,O38_attached_to_C34,38,34,C,MPM01137,2-Amino-3-methylbutyric acid,CC(C)C(N)C(=O)O,1,CC[C@H]1OC(=O)C[C@@H](O)[C@H](C)[C@@H](O[C@@H]2O[C@H](C)[C@@H](O[C@H]3C[C@@](C)(O)[C@@H](OC(=O)C(N)C(C)C)[C@H](C)O3)[C@H](N(C)C)[C@H]2O)[C@@H](CC=O)C[C@@H](C)C(=O)/C=C/C(C)=C/[C@@H]1CO[C@@H]1O[C@H](C)[C@@H](O)[C@@H](OC)[C@H]1OC,CC[C@H]1OC(=O)C[C@@H](O)[C@H](C)[C@@H](O[C@@H]2O[C@H](C)[C@@H](O[C@H]3C[C@@](C)(O)[C@@H](OC(=O)C(N)C(C)C)[C@H](C)O3)[C@H](N(C)C)[C@H]2O)[C@@H](CC=O)C[C@@H](C)C(=O)/C=C/C(C)=C/[C@@H]1CO[C@@H]1O[C@H](C)[C@@H](O)[C@@H](OC)[C@H]1OC,TRUE,,-0.962
tylosin,Tylosin (Ì©ÀÖ¾úËØ),REF_TYLOSIN,repository_reference,O38_attached_to_C34,38,34,C,MPM00260,2-Oxoisocaproate,CC(C)CC(=O)C(=O)O,1,CC[C@H]1OC(=O)C[C@@H](O)[C@H](C)[C@@H](O[C@@H]2O[C@H](C)[C@@H](O[C@H]3C[C@@](C)(O)[C@@H](OC(=O)C(=O)CC(C)C)[C@H](C)O3)[C@H](N(C)C)[C@H]2O)[C@@H](CC=O)C[C@@H](C)C(=O)/C=C/C(C)=C/[C@@H]1CO[C@@H]1O[C@H](C)[C@@H](O)[C@@H](OC)[C@H]1OC,CC[C@H]1OC(=O)C[C@@H](O)[C@H](C)[C@@H](O[C@@H]2O[C@H](C)[C@@H](O[C@H]3C[C@@](C)(O)[C@@H](OC(=O)C(=O)CC(C)C)[C@H](C)O3)[C@H](N(C)C)[C@H]2O)[C@@H](CC=O)C[C@@H](C)C(=O)/C=C/C(C)=C/[C@@H]1CO[C@@H]1O[C@H](C)[C@@H](O)[C@@H](OC)[C@H]1OC,TRUE,,-1.166
tylosin,Tylosin (Ì©ÀÖ¾úËØ),REF_TYLOSIN,repository_reference,O38_attached_to_C34,38,34,C,MPM00720,Isovalerate,CC(C)CC(=O)O,1,CC[C@H]1OC(=O)C[C@@H](O)[C@H](C)[C@@H](O[C@@H]2O[C@H](C)[C@@H](O[C@H]3C[C@@](C)(O)[C@@H](OC(=O)CC(C)C)[C@H](C)O3)[C@H](N(C)C)[C@H]2O)[C@@H](CC=O)C[C@@H](C)C(=O)/C=C/C(C)=C/[C@@H]1CO[C@@H]1O[C@H](C)[C@@H](O)[C@@H](OC)[C@H]1OC,CC[C@H]1OC(=O)C[C@@H](O)[C@H](C)[C@@H](O[C@@H]2O[C@H](C)[C@@H](O[C@H]3C[C@@](C)(O)[C@@H](OC(=O)CC(C)C)[C@H](C)O3)[C@H](N(C)C)[C@H]2O)[C@@H](CC=O)C[C@@H](C)C(=O)/C=C/C(C)=C/[C@@H]1CO[C@@H]1O[C@H](C)[C@@H](O)[C@@H](OC)[C@H]1OC,TRUE,,-1.226
tylosin,Tylosin (Ì©ÀÖ¾úËØ),REF_TYLOSIN,repository_reference,O38_attached_to_C34,38,34,C,MPM01055,(2S)-alpha-Leucine,CC(C)CC(N)C(=O)O,1,CC[C@H]1OC(=O)C[C@@H](O)[C@H](C)[C@@H](O[C@@H]2O[C@H](C)[C@@H](O[C@H]3C[C@@](C)(O)[C@@H](OC(=O)C(N)CC(C)C)[C@H](C)O3)[C@H](N(C)C)[C@H]2O)[C@@H](CC=O)C[C@@H](C)C(=O)/C=C/C(C)=C/[C@@H]1CO[C@@H]1O[C@H](C)[C@@H](O)[C@@H](OC)[C@H]1OC,CC[C@H]1OC(=O)C[C@@H](O)[C@H](C)[C@@H](O[C@@H]2O[C@H](C)[C@@H](O[C@H]3C[C@@](C)(O)[C@@H](OC(=O)C(N)CC(C)C)[C@H](C)O3)[C@H](N(C)C)[C@H]2O)[C@@H](CC=O)C[C@@H](C)C(=O)/C=C/C(C)=C/[C@@H]1CO[C@@H]1O[C@H](C)[C@@H](O)[C@@H](OC)[C@H]1OC,TRUE,,-1.047
tylosin,Tylosin (Ì©ÀÖ¾úËØ),REF_TYLOSIN,repository_reference,O38_attached_to_C34,38,34,C,MPM00737,l-Alanyl-l-leucine,CC(C)CC(NC(=O)C(C)N)C(=O)O,1,CC[C@H]1OC(=O)C[C@@H](O)[C@H](C)[C@@H](O[C@@H]2O[C@H](C)[C@@H](O[C@H]3C[C@@](C)(O)[C@@H](OC(=O)C(CC(C)C)NC(=O)C(C)N)[C@H](C)O3)[C@H](N(C)C)[C@H]2O)[C@@H](CC=O)C[C@@H](C)C(=O)/C=C/C(C)=C/[C@@H]1CO[C@@H]1O[C@H](C)[C@@H](O)[C@@H](OC)[C@H]1OC,CC[C@H]1OC(=O)C[C@@H](O)[C@H](C)[C@@H](O[C@@H]2O[C@H](C)[C@@H](O[C@H]3C[C@@](C)(O)[C@@H](OC(=O)C(CC(C)C)NC(=O)C(C)N)[C@H](C)O3)[C@H](N(C)C)[C@H]2O)[C@@H](CC=O)C[C@@H](C)C(=O)/C=C/C(C)=C/[C@@H]1CO[C@@H]1O[C@H](C)[C@@H](O)[C@@H](OC)[C@H]1OC,TRUE,,-1.201
tylosin,Tylosin (Ì©ÀÖ¾úËØ),REF_TYLOSIN,repository_reference,O38_attached_to_C34,38,34,C,MPM00675,Glycyl-L-leucine,CC(C)CC(NC(=O)CN)C(=O)O,1,CC[C@H]1OC(=O)C[C@@H](O)[C@H](C)[C@@H](O[C@@H]2O[C@H](C)[C@@H](O[C@H]3C[C@@](C)(O)[C@@H](OC(=O)C(CC(C)C)NC(=O)CN)[C@H](C)O3)[C@H](N(C)C)[C@H]2O)[C@@H](CC=O)C[C@@H](C)C(=O)/C=C/C(C)=C/[C@@H]1CO[C@@H]1O[C@H](C)[C@@H](O)[C@@H](OC)[C@H]1OC,CC[C@H]1OC(=O)C[C@@H](O)[C@H](C)[C@@H](O[C@@H]2O[C@H](C)[C@@H](O[C@H]3C[C@@](C)(O)[C@@H](OC(=O)C(CC(C)C)NC(=O)CN)[C@H](C)O3)[C@H](N(C)C)[C@H]2O)[C@@H](CC=O)C[C@@H](C)C(=O)/C=C/C(C)=C/[C@@H]1CO[C@@H]1O[C@H](C)[C@@H](O)[C@@H](OC)[C@H]1OC,TRUE,,-0.824
tylosin,Tylosin (Ì©ÀÖ¾úËØ),REF_TYLOSIN,repository_reference,O38_attached_to_C34,38,34,C,MPM00108,(S)-methylmalonate semialdehyde,CC(C=O)C(=O)O,1,CC[C@H]1OC(=O)C[C@@H](O)[C@H](C)[C@@H](O[C@@H]2O[C@H](C)[C@@H](O[C@H]3C[C@@](C)(O)[C@@H](OC(=O)C(C)C=O)[C@H](C)O3)[C@H](N(C)C)[C@H]2O)[C@@H](CC=O)C[C@@H](C)C(=O)/C=C/C(C)=C/[C@@H]1CO[C@@H]1O[C@H](C)[C@@H](O)[C@@H](OC)[C@H]1OC,CC[C@H]1OC(=O)C[C@@H](O)[C@H](C)[C@@H](O[C@@H]2O[C@H](C)[C@@H](O[C@H]3C[C@@](C)(O)[C@@H](OC(=O)C(C)C=O)[C@H](C)O3)[C@H](N(C)C)[C@H]2O)[C@@H](CC=O)C[C@@H](C)C(=O)/C=C/C(C)=C/[C@@H]1CO[C@@H]1O[C@H](C)[C@@H](O)[C@@H](OC)[C@H]1OC,TRUE,,-1.144
tylosin,Tylosin (Ì©ÀÖ¾úËØ),REF_TYLOSIN,repository_reference,O38_attached_to_C34,38,34,C,MPM01359,D-Ala-D-Ala,CC(N)C(=O)NC(C)C(=O)O,1,CC[C@H]1OC(=O)C[C@@H](O)[C@H](C)[C@@H](O[C@@H]2O[C@H](C)[C@@H](O[C@H]3C[C@@](C)(O)[C@@H](OC(=O)C(C)NC(=O)C(C)N)[C@H](C)O3)[C@H](N(C)C)[C@H]2O)[C@@H](CC=O)C[C@@H](C)C(=O)/C=C/C(C)=C/[C@@H]1CO[C@@H]1O[C@H](C)[C@@H](O)[C@@H](OC)[C@H]1OC,CC[C@H]1OC(=O)C[C@@H](O)[C@H](C)[C@@H](O[C@@H]2O[C@H](C)[C@@H](O[C@H]3C[C@@](C)(O)[C@@H](OC(=O)C(C)NC(=O)C(C)N)[C@H](C)O3)[C@H](N(C)C)[C@H]2O)[C@@H](CC=O)C[C@@H](C)C(=O)/C=C/C(C)=C/[C@@H]1CO[C@@H]1O[C@H](C)[C@@H](O)[C@@H](OC)[C@H]1OC,TRUE,,-0.755
tylosin,Tylosin (Ì©ÀÖ¾úËØ),REF_TYLOSIN,repository_reference,O38_attached_to_C34,38,34,C,MPM00736,l-Alanyl-l-glutamine,CC(N)C(=O)NC(CCC(N)=O)C(=O)O,1,CC[C@H]1OC(=O)C[C@@H](O)[C@H](C)[C@@H](O[C@@H]2O[C@H](C)[C@@H](O[C@H]3C[C@@](C)(O)[C@@H](OC(=O)C(CCC(N)=O)NC(=O)C(C)N)[C@H](C)O3)[C@H](N(C)C)[C@H]2O)[C@@H](CC=O)C[C@@H](C)C(=O)/C=C/C(C)=C/[C@@H]1CO[C@@H]1O[C@H](C)[C@@H](O)[C@@H](OC)[C@H]1OC,CC[C@H]1OC(=O)C[C@@H](O)[C@H](C)[C@@H](O[C@@H]2O[C@H](C)[C@@H](O[C@H]3C[C@@](C)(O)[C@@H](OC(=O)C(CCC(N)=O)NC(=O)C(C)N)[C@H](C)O3)[C@H](N(C)C)[C@H]2O)[C@@H](CC=O)C[C@@H](C)C(=O)/C=C/C(C)=C/[C@@H]1CO[C@@H]1O[C@H](C)[C@@H](O)[C@@H](OC)[C@H]1OC,TRUE,,-0.737
tylosin,Tylosin (Ì©ÀÖ¾úËØ),REF_TYLOSIN,repository_reference,O38_attached_to_C34,38,34,C,MPM00440,Ala-His,CC(N)C(=O)NC(Cc1cnc[nH]1)C(=O)O,1,CC[C@H]1OC(=O)C[C@@H](O)[C@H](C)[C@@H](O[C@@H]2O[C@H](C)[C@@H](O[C@H]3C[C@@](C)(O)[C@@H](OC(=O)C(Cc4cnc[nH]4)NC(=O)C(C)N)[C@H](C)O3)[C@H](N(C)C)[C@H]2O)[C@@H](CC=O)C[C@@H](C)C(=O)/C=C/C(C)=C/[C@@H]1CO[C@@H]1O[C@H](C)[C@@H](O)[C@@H](OC)[C@H]1OC,CC[C@H]1OC(=O)C[C@@H](O)[C@H](C)[C@@H](O[C@@H]2O[C@H](C)[C@@H](O[C@H]3C[C@@](C)(O)[C@@H](OC(=O)C(Cc4cnc[nH]4)NC(=O)C(C)N)[C@H](C)O3)[C@H](N(C)C)[C@H]2O)[C@@H](CC=O)C[C@@H](C)C(=O)/C=C/C(C)=C/[C@@H]1CO[C@@H]1O[C@H](C)[C@@H](O)[C@@H](OC)[C@H]1OC,TRUE,,-1.001
tylosin,Tylosin (Ì©ÀÖ¾úËØ),REF_TYLOSIN,repository_reference,O38_attached_to_C34,38,34,C,MPM00441,Alanylglycine,CC(N)C(=O)NCC(=O)O,1,CC[C@H]1OC(=O)C[C@@H](O)[C@H](C)[C@@H](O[C@@H]2O[C@H](C)[C@@H](O[C@H]3C[C@@](C)(O)[C@@H](OC(=O)CNC(=O)C(C)N)[C@H](C)O3)[C@H](N(C)C)[C@H]2O)[C@@H](CC=O)C[C@@H](C)C(=O)/C=C/C(C)=C/[C@@H]1CO[C@@H]1O[C@H](C)[C@@H](O)[C@@H](OC)[C@H]1OC,CC[C@H]1OC(=O)C[C@@H](O)[C@H](C)[C@@H](O[C@@H]2O[C@H](C)[C@@H](O[C@H]3C[C@@](C)(O)[C@@H](OC(=O)CNC(=O)C(C)N)[C@H](C)O3)[C@H](N(C)C)[C@H]2O)[C@@H](CC=O)C[C@@H](C)C(=O)/C=C/C(C)=C/[C@@H]1CO[C@@H]1O[C@H](C)[C@@H](O)[C@@H](OC)[C@H]1OC,TRUE,,-0.566
tylosin,Tylosin (Ì©ÀÖ¾úËØ),REF_TYLOSIN,repository_reference,O38_attached_to_C34,38,34,C,MPM01358,D-Ala,CC(N)C(=O)O,1,CC[C@H]1OC(=O)C[C@@H](O)[C@H](C)[C@@H](O[C@@H]2O[C@H](C)[C@@H](O[C@H]3C[C@@](C)(O)[C@@H](OC(=O)C(C)N)[C@H](C)O3)[C@H](N(C)C)[C@H]2O)[C@@H](CC=O)C[C@@H](C)C(=O)/C=C/C(C)=C/[C@@H]1CO[C@@H]1O[C@H](C)[C@@H](O)[C@@H](OC)[C@H]1OC,CC[C@H]1OC(=O)C[C@@H](O)[C@H](C)[C@@H](O[C@@H]2O[C@H](C)[C@@H](O[C@H]3C[C@@](C)(O)[C@@H](OC(=O)C(C)N)[C@H](C)O3)[C@H](N(C)C)[C@H]2O)[C@@H](CC=O)C[C@@H](C)C(=O)/C=C/C(C)=C/[C@@H]1CO[C@@H]1O[C@H](C)[C@@H](O)[C@@H](OC)[C@H]1OC,TRUE,,-0.595
tylosin,Tylosin (Ì©ÀÖ¾úËØ),REF_TYLOSIN,repository_reference,O38_attached_to_C34,38,34,C,MPM00548,DAPA,CC(N)C(N)CCCCCC(=O)O,1,CC[C@H]1OC(=O)C[C@@H](O)[C@H](C)[C@@H](O[C@@H]2O[C@H](C)[C@@H](O[C@H]3C[C@@](C)(O)[C@@H](OC(=O)CCCCCC(N)C(C)N)[C@H](C)O3)[C@H](N(C)C)[C@H]2O)[C@@H](CC=O)C[C@@H](C)C(=O)/C=C/C(C)=C/[C@@H]1CO[C@@H]1O[C@H](C)[C@@H](O)[C@@H](OC)[C@H]1OC,CC[C@H]1OC(=O)C[C@@H](O)[C@H](C)[C@@H](O[C@@H]2O[C@H](C)[C@@H](O[C@H]3C[C@@](C)(O)[C@@H](OC(=O)CCCCCC(N)C(C)N)[C@H](C)O3)[C@H](N(C)C)[C@H]2O)[C@@H](CC=O)C[C@@H](C)C(=O)/C=C/C(C)=C/[C@@H]1CO[C@@H]1O[C@H](C)[C@@H](O)[C@@H](OC)[C@H]1OC,TRUE,,-1.122
tylosin,Tylosin (Ì©ÀÖ¾úËØ),REF_TYLOSIN,repository_reference,O38_attached_to_C34,38,34,C,MPM00031,"(2R,4S)-2,4-diaminopentanoic acid",CC(N)CC(N)C(=O)O,1,CC[C@H]1OC(=O)C[C@@H](O)[C@H](C)[C@@H](O[C@@H]2O[C@H](C)[C@@H](O[C@H]3C[C@@](C)(O)[C@@H](OC(=O)C(N)CC(C)N)[C@H](C)O3)[C@H](N(C)C)[C@H]2O)[C@@H](CC=O)C[C@@H](C)C(=O)/C=C/C(C)=C/[C@@H]1CO[C@@H]1O[C@H](C)[C@@H](O)[C@@H](OC)[C@H]1OC,CC[C@H]1OC(=O)C[C@@H](O)[C@H](C)[C@@H](O[C@@H]2O[C@H](C)[C@@H](O[C@H]3C[C@@](C)(O)[C@@H](OC(=O)C(N)CC(C)N)[C@H](C)O3)[C@H](N(C)C)[C@H]2O)[C@@H](CC=O)C[C@@H](C)C(=O)/C=C/C(C)=C/[C@@H]1CO[C@@H]1O[C@H](C)[C@@H](O)[C@@H](OC)[C@H]1OC,TRUE,,-0.674
tylosin,Tylosin (Ì©ÀÖ¾úËØ),REF_TYLOSIN,repository_reference,O38_attached_to_C34,38,34,C,MPM00051,"(3S,5S)-3,5-diaminohexanoic acid",CC(N)CC(N)CC(=O)O,1,CC[C@H]1OC(=O)C[C@@H](O)[C@H](C)[C@@H](O[C@@H]2O[C@H](C)[C@@H](O[C@H]3C[C@@](C)(O)[C@@H](OC(=O)CC(N)CC(C)N)[C@H](C)O3)[C@H](N(C)C)[C@H]2O)[C@@H](CC=O)C[C@@H](C)C(=O)/C=C/C(C)=C/[C@@H]1CO[C@@H]1O[C@H](C)[C@@H](O)[C@@H](OC)[C@H]1OC,CC[C@H]1OC(=O)C[C@@H](O)[C@H](C)[C@@H](O[C@@H]2O[C@H](C)[C@@H](O[C@H]3C[C@@](C)(O)[C@@H](OC(=O)CC(N)CC(C)N)[C@H](C)O3)[C@H](N(C)C)[C@H]2O)[C@@H](CC=O)C[C@@H](C)C(=O)/C=C/C(C)=C/[C@@H]1CO[C@@H]1O[C@H](C)[C@@H](O)[C@@H](OC)[C@H]1OC,TRUE,,-0.933
tylosin,Tylosin (Ì©ÀÖ¾úËØ),REF_TYLOSIN,repository_reference,O38_attached_to_C34,38,34,C,MPM00083,(R)-mevalonate,CC(O)(CCO)CC(=O)O,1,CC[C@H]1OC(=O)C[C@@H](O)[C@H](C)[C@@H](O[C@@H]2O[C@H](C)[C@@H](O[C@H]3C[C@@](C)(O)[C@@H](OC(=O)CC(C)(O)CCO)[C@H](C)O3)[C@H](N(C)C)[C@H]2O)[C@@H](CC=O)C[C@@H](C)C(=O)/C=C/C(C)=C/[C@@H]1CO[C@@H]1O[C@H](C)[C@@H](O)[C@@H](OC)[C@H]1OC,CC[C@H]1OC(=O)C[C@@H](O)[C@H](C)[C@@H](O[C@@H]2O[C@H](C)[C@@H](O[C@H]3C[C@@](C)(O)[C@@H](OC(=O)CC(C)(O)CCO)[C@H](C)O3)[C@H](N(C)C)[C@H]2O)[C@@H](CC=O)C[C@@H](C)C(=O)/C=C/C(C)=C/[C@@H]1CO[C@@H]1O[C@H](C)[C@@H](O)[C@@H](OC)[C@H]1OC,TRUE,,-1.366
tylosin,Tylosin (Ì©ÀÖ¾úËØ),REF_TYLOSIN,repository_reference,O38_attached_to_C34,38,34,C,MPM00081,(R)-5-Diphosphomevalonate,CC(O)(CCOP(=O)(O)OP(=O)(O)O)CC(=O)O,1,CC[C@H]1OC(=O)C[C@@H](O)[C@H](C)[C@@H](O[C@@H]2O[C@H](C)[C@@H](O[C@H]3C[C@@](C)(O)[C@@H](OC(=O)CC(C)(O)CCOP(=O)(O)OP(=O)(O)O)[C@H](C)O3)[C@H](N(C)C)[C@H]2O)[C@@H](CC=O)C[C@@H](C)C(=O)/C=C/C(C)=C/[C@@H]1CO[C@@H]1O[C@H](C)[C@@H](O)[C@@H](OC)[C@H]1OC,CC[C@H]1OC(=O)C[C@@H](O)[C@H](C)[C@@H](O[C@@H]2O[C@H](C)[C@@H](O[C@H]3C[C@@](C)(O)[C@@H](OC(=O)CC(C)(O)CCOP(=O)(O)OP(=O)(O)O)[C@H](C)O3)[C@H](N(C)C)[C@H]2O)[C@@H](CC=O)C[C@@H](C)C(=O)/C=C/C(C)=C/[C@@H]1CO[C@@H]1O[C@H](C)[C@@H](O)[C@@H](OC)[C@H]1OC,TRUE,,-2.256
tylosin,Tylosin (Ì©ÀÖ¾úËØ),REF_TYLOSIN,repository_reference,O38_attached_to_C34,38,34,C,MPM00543,D-2-Hydroxypropionic acid,CC(O)C(=O)O,1,CC[C@H]1OC(=O)C[C@@H](O)[C@H](C)[C@@H](O[C@@H]2O[C@H](C)[C@@H](O[C@H]3C[C@@](C)(O)[C@@H](OC(=O)C(C)O)[C@H](C)O3)[C@H](N(C)C)[C@H]2O)[C@@H](CC=O)C[C@@H](C)C(=O)/C=C/C(C)=C/[C@@H]1CO[C@@H]1O[C@H](C)[C@@H](O)[C@@H](OC)[C@H]1OC,CC[C@H]1OC(=O)C[C@@H](O)[C@H](C)[C@@H](O[C@@H]2O[C@H](C)[C@@H](O[C@H]3C[C@@](C)(O)[C@@H](OC(=O)C(C)O)[C@H](C)O3)[C@H](N(C)C)[C@H]2O)[C@@H](CC=O)C[C@@H](C)C(=O)/C=C/C(C)=C/[C@@H]1CO[C@@H]1O[C@H](C)[C@@H](O)[C@@H](OC)[C@H]1OC,TRUE,,-0.896
tylosin,Tylosin (Ì©ÀÖ¾úËØ),REF_TYLOSIN,repository_reference,O38_attached_to_C34,38,34,C,MPM01136,2-Amino-3-hydroxybutyric acid,CC(O)C(N)C(=O)O,1,CC[C@H]1OC(=O)C[C@@H](O)[C@H](C)[C@@H](O[C@@H]2O[C@H](C)[C@@H](O[C@H]3C[C@@](C)(O)[C@@H](OC(=O)C(N)C(C)O)[C@H](C)O3)[C@H](N(C)C)[C@H]2O)[C@@H](CC=O)C[C@@H](C)C(=O)/C=C/C(C)=C/[C@@H]1CO[C@@H]1O[C@H](C)[C@@H](O)[C@@H](OC)[C@H]1OC,CC[C@H]1OC(=O)C[C@@H](O)[C@H](C)[C@@H](O[C@@H]2O[C@H](C)[C@@H](O[C@H]3C[C@@](C)(O)[C@@H](OC(=O)C(N)C(C)O)[C@H](C)O3)[C@H](N(C)C)[C@H]2O)[C@@H](CC=O)C[C@@H](C)C(=O)/C=C/C(C)=C/[C@@H]1CO[C@@H]1O[C@H](C)[C@@H](O)[C@@H](OC)[C@H]1OC,TRUE,,-0.851
tylosin,Tylosin (Ì©ÀÖ¾úËØ),REF_TYLOSIN,repository_reference,O38_attached_to_C34,38,34,C,MPM00551,D-beta-Hydroxybutyric acid,CC(O)CC(=O)O,1,CC[C@H]1OC(=O)C[C@@H](O)[C@H](C)[C@@H](O[C@@H]2O[C@H](C)[C@@H](O[C@H]3C[C@@](C)(O)[C@@H](OC(=O)CC(C)O)[C@H](C)O3)[C@H](N(C)C)[C@H]2O)[C@@H](CC=O)C[C@@H](C)C(=O)/C=C/C(C)=C/[C@@H]1CO[C@@H]1O[C@H](C)[C@@H](O)[C@@H](OC)[C@H]1OC,CC[C@H]1OC(=O)C[C@@H](O)[C@H](C)[C@@H](O[C@@H]2O[C@H](C)[C@@H](O[C@H]3C[C@@](C)(O)[C@@H](OC(=O)CC(C)O)[C@H](C)O3)[C@H](N(C)C)[C@H]2O)[C@@H](CC=O)C[C@@H](C)C(=O)/C=C/C(C)=C/[C@@H]1CO[C@@H]1O[C@H](C)[C@@H](O)[C@@H](OC)[C@H]1OC,TRUE,,-1.048
tylosin,Tylosin (Ì©ÀÖ¾úËØ),REF_TYLOSIN,repository_reference,O38_attached_to_C34,38,34,C,MPM00843,O-Phospho-L-threonine,CC(OP(=O)(O)O)C(N)C(=O)O,1,CC[C@H]1OC(=O)C[C@@H](O)[C@H](C)[C@@H](O[C@@H]2O[C@H](C)[C@@H](O[C@H]3C[C@@](C)(O)[C@@H](OC(=O)C(N)C(C)OP(=O)(O)O)[C@H](C)O3)[C@H](N(C)C)[C@H]2O)[C@@H](CC=O)C[C@@H](C)C(=O)/C=C/C(C)=C/[C@@H]1CO[C@@H]1O[C@H](C)[C@@H](O)[C@@H](OC)[C@H]1OC,CC[C@H]1OC(=O)C[C@@H](O)[C@H](C)[C@@H](O[C@@H]2O[C@H](C)[C@@H](O[C@H]3C[C@@](C)(O)[C@@H](OC(=O)C(N)C(C)OP(=O)(O)O)[C@H](C)O3)[C@H](N(C)C)[C@H]2O)[C@@H](CC=O)C[C@@H](C)C(=O)/C=C/C(C)=C/[C@@H]1CO[C@@H]1O[C@H](C)[C@@H](O)[C@@H](OC)[C@H]1OC,TRUE,,-1.15
tylosin,Tylosin (Ì©ÀÖ¾úËØ),REF_TYLOSIN,repository_reference,O38_attached_to_C34,38,34,C,MPM00465,Ampicillin,CC1(C)SC2C(NC(=O)C(N)c3ccccc3)C(=O)N2C1C(=O)O,1,CC[C@H]1OC(=O)C[C@@H](O)[C@H](C)[C@@H](O[C@@H]2O[C@H](C)[C@@H](O[C@H]3C[C@@](C)(O)[C@@H](OC(=O)C4N5C(=O)C(NC(=O)C(N)c6ccccc6)C5SC4(C)C)[C@H](C)O3)[C@H](N(C)C)[C@H]2O)[C@@H](CC=O)C[C@@H](C)C(=O)/C=C/C(C)=C/[C@@H]1CO[C@@H]1O[C@H](C)[C@@H](O)[C@@H](OC)[C@H]1OC,CC[C@H]1OC(=O)C[C@@H](O)[C@H](C)[C@@H](O[C@@H]2O[C@H](C)[C@@H](O[C@H]3C[C@@](C)(O)[C@@H](OC(=O)C4N5C(=O)C(NC(=O)C(N)c6ccccc6)C5SC4(C)C)[C@H](C)O3)[C@H](N(C)C)[C@H]2O)[C@@H](CC=O)C[C@@H](C)C(=O)/C=C/C(C)=C/[C@@H]1CO[C@@H]1O[C@H](C)[C@@H](O)[C@@H](OC)[C@H]1OC,TRUE,,-2.082
tylosin,Tylosin (Ì©ÀÖ¾úËØ),REF_TYLOSIN,repository_reference,O38_attached_to_C34,38,34,C,MPM00566,Desthiobiotin,CC1NC(=O)NC1CCCCCC(=O)O,1,CC[C@H]1OC(=O)C[C@@H](O)[C@H](C)[C@@H](O[C@@H]2O[C@H](C)[C@@H](O[C@H]3C[C@@](C)(O)[C@@H](OC(=O)CCCCCC4NC(=O)NC4C)[C@H](C)O3)[C@H](N(C)C)[C@H]2O)[C@@H](CC=O)C[C@@H](C)C(=O)/C=C/C(C)=C/[C@@H]1CO[C@@H]1O[C@H](C)[C@@H](O)[C@@H](OC)[C@H]1OC,CC[C@H]1OC(=O)C[C@@H](O)[C@H](C)[C@@H](O[C@@H]2O[C@H](C)[C@@H](O[C@H]3C[C@@](C)(O)[C@@H](OC(=O)CCCCCC4NC(=O)NC4C)[C@H](C)O3)[C@H](N(C)C)[C@H]2O)[C@@H](CC=O)C[C@@H](C)C(=O)/C=C/C(C)=C/[C@@H]1CO[C@@H]1O[C@H](C)[C@@H](O)[C@@H](OC)[C@H]1OC,TRUE,,-1.817
tylosin,Tylosin (Ì©ÀÖ¾úËØ),REF_TYLOSIN,repository_reference,O38_attached_to_C34,38,34,C,MPM00458,alpha-Ketobutyrate,CCC(=O)C(=O)O,1,CCC(=O)C(=O)O[C@H]1[C@H](C)O[C@@H](O[C@H]2[C@H](N(C)C)[C@@H](O)[C@H](O[C@H]3[C@@H](CC=O)C[C@@H](C)C(=O)/C=C/C(C)=C/[C@H](CO[C@@H]4O[C@H](C)[C@@H](O)[C@@H](OC)[C@H]4OC)[C@@H](CC)OC(=O)C[C@@H](O)[C@@H]3C)O[C@@H]2C)C[C@@]1(C)O,CCC(=O)C(=O)O[C@H]1[C@H](C)O[C@@H](O[C@H]2[C@H](N(C)C)[C@@H](O)[C@H](O[C@H]3[C@@H](CC=O)C[C@@H](C)C(=O)/C=C/C(C)=C/[C@H](CO[C@@H]4O[C@H](C)[C@@H](O)[C@@H](OC)[C@H]4OC)[C@@H](CC)OC(=O)C[C@@H](O)[C@@H]3C)O[C@@H]2C)C[C@@]1(C)O,TRUE,,-0.765
tylosin,Tylosin (Ì©ÀÖ¾úËØ),REF_TYLOSIN,repository_reference,O38_attached_to_C34,38,34,C,MPM00908,propionate,CCC(=O)O,1,CCC(=O)O[C@H]1[C@H](C)O[C@@H](O[C@H]2[C@H](N(C)C)[C@@H](O)[C@H](O[C@H]3[C@@H](CC=O)C[C@@H](C)C(=O)/C=C/C(C)=C/[C@H](CO[C@@H]4O[C@H](C)[C@@H](O)[C@@H](OC)[C@H]4OC)[C@@H](CC)OC(=O)C[C@@H](O)[C@@H]3C)O[C@@H]2C)C[C@@]1(C)O,CCC(=O)O[C@H]1[C@H](C)O[C@@H](O[C@H]2[C@H](N(C)C)[C@@H](O)[C@H](O[C@H]3[C@@H](CC=O)C[C@@H](C)C(=O)/C=C/C(C)=C/[C@H](CO[C@@H]4O[C@H](C)[C@@H](O)[C@@H](OC)[C@H]4OC)[C@@H](CC)OC(=O)C[C@@H](O)[C@@H]3C)O[C@@H]2C)C[C@@]1(C)O,TRUE,,-0.823
tylosin,Tylosin (Ì©ÀÖ¾úËØ),REF_TYLOSIN,repository_reference,O38_attached_to_C34,38,34,C,MPM00078,(R)-3-Hydroxy-3-methyl-2-oxopentanoate,CCC(C)(O)C(=O)C(=O)O,1,CC[C@H]1OC(=O)C[C@@H](O)[C@H](C)[C@@H](O[C@@H]2O[C@H](C)[C@@H](O[C@H]3C[C@@](C)(O)[C@@H](OC(=O)C(=O)C(C)(O)CC)[C@H](C)O3)[C@H](N(C)C)[C@H]2O)[C@@H](CC=O)C[C@@H](C)C(=O)/C=C/C(C)=C/[C@@H]1CO[C@@H]1O[C@H](C)[C@@H](O)[C@@H](OC)[C@H]1OC,CC[C@H]1OC(=O)C[C@@H](O)[C@H](C)[C@@H](O[C@@H]2O[C@H](C)[C@@H](O[C@H]3C[C@@](C)(O)[C@@H](OC(=O)C(=O)C(C)(O)CC)[C@H](C)O3)[C@H](N(C)C)[C@H]2O)[C@@H](CC=O)C[C@@H](C)C(=O)/C=C/C(C)=C/[C@@H]1CO[C@@H]1O[C@H](C)[C@@H](O)[C@@H](OC)[C@H]1OC,TRUE,,-0.973
tylosin,Tylosin (Ì©ÀÖ¾úËØ),REF_TYLOSIN,repository_reference,O38_attached_to_C34,38,34,C,MPM00028,"(2R,3R)-2,3-Dihydroxy-3-methylpentanoate",CCC(C)(O)C(O)C(=O)O,1,CC[C@H]1OC(=O)C[C@@H](O)[C@H](C)[C@@H](O[C@@H]2O[C@H](C)[C@@H](O[C@H]3C[C@@](C)(O)[C@@H](OC(=O)C(O)C(C)(O)CC)[C@H](C)O3)[C@H](N(C)C)[C@H]2O)[C@@H](CC=O)C[C@@H](C)C(=O)/C=C/C(C)=C/[C@@H]1CO[C@@H]1O[C@H](C)[C@@H](O)[C@@H](OC)[C@H]1OC,CC[C@H]1OC(=O)C[C@@H](O)[C@H](C)[C@@H](O[C@@H]2O[C@H](C)[C@@H](O[C@H]3C[C@@](C)(O)[C@@H](OC(=O)C(O)C(C)(O)CC)[C@H](C)O3)[C@H](N(C)C)[C@H]2O)[C@@H](CC=O)C[C@@H](C)C(=O)/C=C/C(C)=C/[C@@H]1CO[C@@H]1O[C@H](C)[C@@H](O)[C@@H](OC)[C@H]1OC,TRUE,,-1.324
tylosin,Tylosin (Ì©ÀÖ¾úËØ),REF_TYLOSIN,repository_reference,O38_attached_to_C34,38,34,C,MPM00050,(3S)-3-Methyl-2-oxopentanoate,CCC(C)C(=O)C(=O)O,1,CCC(C)C(=O)C(=O)O[C@H]1[C@H](C)O[C@@H](O[C@H]2[C@H](N(C)C)[C@@H](O)[C@H](O[C@H]3[C@@H](CC=O)C[C@@H](C)C(=O)/C=C/C(C)=C/[C@H](CO[C@@H]4O[C@H](C)[C@@H](O)[C@@H](OC)[C@H]4OC)[C@@H](CC)OC(=O)C[C@@H](O)[C@@H]3C)O[C@@H]2C)C[C@@]1(C)O,CCC(C)C(=O)C(=O)O[C@H]1[C@H](C)O[C@@H](O[C@H]2[C@H](N(C)C)[C@@H](O)[C@H](O[C@H]3[C@@H](CC=O)C[C@@H](C)C(=O)/C=C/C(C)=C/[C@H](CO[C@@H]4O[C@H](C)[C@@H](O)[C@@H](OC)[C@H]4OC)[C@@H](CC)OC(=O)C[C@@H](O)[C@@H]3C)O[C@@H]2C)C[C@@]1(C)O,TRUE,,-0.988
tylosin,Tylosin (Ì©ÀÖ¾úËØ),REF_TYLOSIN,repository_reference,O38_attached_to_C34,38,34,C,MPM01138,2-Amino-3-methylvaleric acid,CCC(C)C(N)C(=O)O,1,CCC(C)C(N)C(=O)O[C@H]1[C@H](C)O[C@@H](O[C@H]2[C@H](N(C)C)[C@@H](O)[C@H](O[C@H]3[C@@H](CC=O)C[C@@H](C)C(=O)/C=C/C(C)=C/[C@H](CO[C@@H]4O[C@H](C)[C@@H](O)[C@@H](OC)[C@H]4OC)[C@@H](CC)OC(=O)C[C@@H](O)[C@@H]3C)O[C@@H]2C)C[C@@]1(C)O,CCC(C)C(N)C(=O)O[C@H]1[C@H](C)O[C@@H](O[C@H]2[C@H](N(C)C)[C@@H](O)[C@H](O[C@H]3[C@@H](CC=O)C[C@@H](C)C(=O)/C=C/C(C)=C/[C@H](CO[C@@H]4O[C@H](C)[C@@H](O)[C@@H](OC)[C@H]4OC)[C@@H](CC)OC(=O)C[C@@H](O)[C@@H]3C)O[C@@H]2C)C[C@@]1(C)O,TRUE,,-1.02
tylosin,Tylosin (Ì©ÀÖ¾úËØ),REF_TYLOSIN,repository_reference,O38_attached_to_C34,38,34,C,MPM00029,"(2R,3R)-2-hydroxy-3-methylpentanoic acid",CCC(C)C(O)C(=O)O,1,CCC(C)C(O)C(=O)O[C@H]1[C@H](C)O[C@@H](O[C@H]2[C@H](N(C)C)[C@@H](O)[C@H](O[C@H]3[C@@H](CC=O)C[C@@H](C)C(=O)/C=C/C(C)=C/[C@H](CO[C@@H]4O[C@H](C)[C@@H](O)[C@@H](OC)[C@H]4OC)[C@@H](CC)OC(=O)C[C@@H](O)[C@@H]3C)O[C@@H]2C)C[C@@]1(C)O,CCC(C)C(O)C(=O)O[C@H]1[C@H](C)O[C@@H](O[C@H]2[C@H](N(C)C)[C@@H](O)[C@H](O[C@H]3[C@@H](CC=O)C[C@@H](C)C(=O)/C=C/C(C)=C/[C@H](CO[C@@H]4O[C@H](C)[C@@H](O)[C@@H](OC)[C@H]4OC)[C@@H](CC)OC(=O)C[C@@H](O)[C@@H]3C)O[C@@H]2C)C[C@@]1(C)O,TRUE,,-1.322
tylosin,Tylosin (Ì©ÀÖ¾úËØ),REF_TYLOSIN,repository_reference,O38_attached_to_C34,38,34,C,MPM00094,(S)-2-Hydroxy-2-ethyl-3-oxobutanoate,CCC(O)(C(C)=O)C(=O)O,1,CC[C@H]1OC(=O)C[C@@H](O)[C@H](C)[C@@H](O[C@@H]2O[C@H](C)[C@@H](O[C@H]3C[C@@](C)(O)[C@@H](OC(=O)C(O)(CC)C(C)=O)[C@H](C)O3)[C@H](N(C)C)[C@H]2O)[C@@H](CC=O)C[C@@H](C)C(=O)/C=C/C(C)=C/[C@@H]1CO[C@@H]1O[C@H](C)[C@@H](O)[C@@H](OC)[C@H]1OC,CC[C@H]1OC(=O)C[C@@H](O)[C@H](C)[C@@H](O[C@@H]2O[C@H](C)[C@@H](O[C@H]3C[C@@](C)(O)[C@@H](OC(=O)C(O)(CC)C(C)=O)[C@H](C)O3)[C@H](N(C)C)[C@H]2O)[C@@H](CC=O)C[C@@H](C)C(=O)/C=C/C(C)=C/[C@@H]1CO[C@@H]1O[C@H](C)[C@@H](O)[C@@H](OC)[C@H]1OC,TRUE,,-1.246
tylosin,Tylosin (Ì©ÀÖ¾úËØ),REF_TYLOSIN,repository_reference,O38_attached_to_C34,38,34,C,MPM00302,3-Hydroxypentanoic acid,CCC(O)CC(=O)O,1,CCC(O)CC(=O)O[C@H]1[C@H](C)O[C@@H](O[C@H]2[C@H](N(C)C)[C@@H](O)[C@H](O[C@H]3[C@@H](CC=O)C[C@@H](C)C(=O)/C=C/C(C)=C/[C@H](CO[C@@H]4O[C@H](C)[C@@H](O)[C@@H](OC)[C@H]4OC)[C@@H](CC)OC(=O)C[C@@H](O)[C@@H]3C)O[C@@H]2C)C[C@@]1(C)O,CCC(O)CC(=O)O[C@H]1[C@H](C)O[C@@H](O[C@H]2[C@H](N(C)C)[C@@H](O)[C@H](O[C@H]3[C@@H](CC=O)C[C@@H](C)C(=O)/C=C/C(C)=C/[C@H](CO[C@@H]4O[C@H](C)[C@@H](O)[C@@H](OC)[C@H]4OC)[C@@H](CC)OC(=O)C[C@@H](O)[C@@H]3C)O[C@@H]2C)C[C@@]1(C)O,TRUE,,-1.098
tylosin,Tylosin (Ì©ÀÖ¾úËØ),REF_TYLOSIN,repository_reference,O38_attached_to_C34,38,34,C,MPM00496,butyrate,CCCC(=O)O,1,CCCC(=O)O[C@H]1[C@H](C)O[C@@H](O[C@H]2[C@H](N(C)C)[C@@H](O)[C@H](O[C@H]3[C@@H](CC=O)C[C@@H](C)C(=O)/C=C/C(C)=C/[C@H](CO[C@@H]4O[C@H](C)[C@@H](O)[C@@H](OC)[C@H]4OC)[C@@H](CC)OC(=O)C[C@@H](O)[C@@H]3C)O[C@@H]2C)C[C@@]1(C)O,CCCC(=O)O[C@H]1[C@H](C)O[C@@H](O[C@H]2[C@H](N(C)C)[C@@H](O)[C@H](O[C@H]3[C@@H](CC=O)C[C@@H](C)C(=O)/C=C/C(C)=C/[C@H](CO[C@@H]4O[C@H](C)[C@@H](O)[C@@H](OC)[C@H]4OC)[C@@H](CC)OC(=O)C[C@@H](O)[C@@H]3C)O[C@@H]2C)C[C@@]1(C)O,TRUE,,-0.887
tylosin,Tylosin (Ì©ÀÖ¾úËØ),REF_TYLOSIN,repository_reference,O38_attached_to_C34,38,34,C,MPM00298,3-Hydroxyhexanoic acid,CCCC(O)CC(=O)O,1,CCCC(O)CC(=O)O[C@H]1[C@H](C)O[C@@H](O[C@H]2[C@H](N(C)C)[C@@H](O)[C@H](O[C@H]3[C@@H](CC=O)C[C@@H](C)C(=O)/C=C/C(C)=C/[C@H](CO[C@@H]4O[C@H](C)[C@@H](O)[C@@H](OC)[C@H]4OC)[C@@H](CC)OC(=O)C[C@@H](O)[C@@H]3C)O[C@@H]2C)C[C@@]1(C)O,CCCC(O)CC(=O)O[C@H]1[C@H](C)O[C@@H](O[C@H]2[C@H](N(C)C)[C@@H](O)[C@H](O[C@H]3[C@@H](CC=O)C[C@@H](C)C(=O)/C=C/C(C)=C/[C@H](CO[C@@H]4O[C@H](C)[C@@H](O)[C@@H](OC)[C@H]4OC)[C@@H](CC)OC(=O)C[C@@H](O)[C@@H]3C)O[C@@H]2C)C[C@@]1(C)O,TRUE,,-1.166
tylosin,Tylosin (Ì©ÀÖ¾úËØ),REF_TYLOSIN,repository_reference,O38_attached_to_C34,38,34,C,MPM00833,n-Valeric acid,CCCCC(=O)O,1,CCCCC(=O)O[C@H]1[C@H](C)O[C@@H](O[C@H]2[C@H](N(C)C)[C@@H](O)[C@H](O[C@H]3[C@@H](CC=O)C[C@@H](C)C(=O)/C=C/C(C)=C/[C@H](CO[C@@H]4O[C@H](C)[C@@H](O)[C@@H](OC)[C@H]4OC)[C@@H](CC)OC(=O)C[C@@H](O)[C@@H]3C)O[C@@H]2C)C[C@@]1(C)O,CCCCC(=O)O[C@H]1[C@H](C)O[C@@H](O[C@H]2[C@H](N(C)C)[C@@H](O)[C@H](O[C@H]3[C@@H](CC=O)C[C@@H](C)C(=O)/C=C/C(C)=C/[C@H](CO[C@@H]4O[C@H](C)[C@@H](O)[C@@H](OC)[C@H]4OC)[C@@H](CC)OC(=O)C[C@@H](O)[C@@H]3C)O[C@@H]2C)C[C@@]1(C)O,TRUE,,-0.955
tylosin,Tylosin (Ì©ÀÖ¾úËØ),REF_TYLOSIN,repository_reference,O38_attached_to_C34,38,34,C,MPM00295,3-hydroxyheptanoic Acid,CCCCC(O)CC(=O)O,1,CCCCC(O)CC(=O)O[C@H]1[C@H](C)O[C@@H](O[C@H]2[C@H](N(C)C)[C@@H](O)[C@H](O[C@H]3[C@@H](CC=O)C[C@@H](C)C(=O)/C=C/C(C)=C/[C@H](CO[C@@H]4O[C@H](C)[C@@H](O)[C@@H](OC)[C@H]4OC)[C@@H](CC)OC(=O)C[C@@H](O)[C@@H]3C)O[C@@H]2C)C[C@@]1(C)O,CCCCC(O)CC(=O)O[C@H]1[C@H](C)O[C@@H](O[C@H]2[C@H](N(C)C)[C@@H](O)[C@H](O[C@H]3[C@@H](CC=O)C[C@@H](C)C(=O)/C=C/C(C)=C/[C@H](CO[C@@H]4O[C@H](C)[C@@H](O)[C@@H](OC)[C@H]4OC)[C@@H](CC)OC(=O)C[C@@H](O)[C@@H]3C)O[C@@H]2C)C[C@@]1(C)O,TRUE,,-1.234
tylosin,Tylosin (Ì©ÀÖ¾úËØ),REF_TYLOSIN,repository_reference,O38_attached_to_C34,38,34,C,MPM00061,(9E)-tetradecenoic acid,CCCCC=CCCCCCCCC(=O)O,1,CCCCC=CCCCCCCCC(=O)O[C@H]1[C@H](C)O[C@@H](O[C@H]2[C@H](N(C)C)[C@@H](O)[C@H](O[C@H]3[C@@H](CC=O)C[C@@H](C)C(=O)/C=C/C(C)=C/[C@H](CO[C@@H]4O[C@H](C)[C@@H](O)[C@@H](OC)[C@H]4OC)[C@@H](CC)OC(=O)C[C@@H](O)[C@@H]3C)O[C@@H]2C)C[C@@]1(C)O,CCCCC=CCCCCCCCC(=O)O[C@H]1[C@H](C)O[C@@H](O[C@H]2[C@H](N(C)C)[C@@H](O)[C@H](O[C@H]3[C@@H](CC=O)C[C@@H](C)C(=O)/C=C/C(C)=C/[C@H](CO[C@@H]4O[C@H](C)[C@@H](O)[C@@H](OC)[C@H]4OC)[C@@H](CC)OC(=O)C[C@@H](O)[C@@H]3C)O[C@@H]2C)C[C@@]1(C)O,TRUE,,-1.416
tylosin,Tylosin (Ì©ÀÖ¾úËØ),REF_TYLOSIN,repository_reference,O38_attached_to_C34,38,34,C,MPM00813,n-Caproic acid,CCCCCC(=O)O,1,CCCCCC(=O)O[C@H]1[C@H](C)O[C@@H](O[C@H]2[C@H](N(C)C)[C@@H](O)[C@H](O[C@H]3[C@@H](CC=O)C[C@@H](C)C(=O)/C=C/C(C)=C/[C@H](CO[C@@H]4O[C@H](C)[C@@H](O)[C@@H](OC)[C@H]4OC)[C@@H](CC)OC(=O)C[C@@H](O)[C@@H]3C)O[C@@H]2C)C[C@@]1(C)O,CCCCCC(=O)O[C@H]1[C@H](C)O[C@@H](O[C@H]2[C@H](N(C)C)[C@@H](O)[C@H](O[C@H]3[C@@H](CC=O)C[C@@H](C)C(=O)/C=C/C(C)=C/[C@H](CO[C@@H]4O[C@H](C)[C@@H](O)[C@@H](OC)[C@H]4OC)[C@@H](CC)OC(=O)C[C@@H](O)[C@@H]3C)O[C@@H]2C)C[C@@]1(C)O,TRUE,,-1.023
tylosin,Tylosin (Ì©ÀÖ¾úËØ),REF_TYLOSIN,repository_reference,O38_attached_to_C34,38,34,C,MPM00301,3-Hydroxyoctanoic acid,CCCCCC(O)CC(=O)O,1,CCCCCC(O)CC(=O)O[C@H]1[C@H](C)O[C@@H](O[C@H]2[C@H](N(C)C)[C@@H](O)[C@H](O[C@H]3[C@@H](CC=O)C[C@@H](C)C(=O)/C=C/C(C)=C/[C@H](CO[C@@H]4O[C@H](C)[C@@H](O)[C@@H](OC)[C@H]4OC)[C@@H](CC)OC(=O)C[C@@H](O)[C@@H]3C)O[C@@H]2C)C[C@@]1(C)O,CCCCCC(O)CC(=O)O[C@H]1[C@H](C)O[C@@H](O[C@H]2[C@H](N(C)C)[C@@H](O)[C@H](O[C@H]3[C@@H](CC=O)C[C@@H](C)C(=O)/C=C/C(C)=C/[C@H](CO[C@@H]4O[C@H](C)[C@@H](O)[C@@H](OC)[C@H]4OC)[C@@H](CC)OC(=O)C[C@@H](O)[C@@H]3C)O[C@@H]2C)C[C@@]1(C)O,TRUE,,-1.302
tylosin,Tylosin (Ì©ÀÖ¾úËØ),REF_TYLOSIN,repository_reference,O38_attached_to_C34,38,34,C,MPM00411,"9-cis,12-cis-Octadecadienoic acid",CCCCCC=CCC=CCCCCCCCC(=O)O,1,CCCCCC=CCC=CCCCCCCCC(=O)O[C@H]1[C@H](C)O[C@@H](O[C@H]2[C@H](N(C)C)[C@@H](O)[C@H](O[C@H]3[C@@H](CC=O)C[C@@H](C)C(=O)/C=C/C(C)=C/[C@H](CO[C@@H]4O[C@H](C)[C@@H](O)[C@@H](OC)[C@H]4OC)[C@@H](CC)OC(=O)C[C@@H](O)[C@@H]3C)O[C@@H]2C)C[C@@]1(C)O,CCCCCC=CCC=CCCCCCCCC(=O)O[C@H]1[C@H](C)O[C@@H](O[C@H]2[C@H](N(C)C)[C@@H](O)[C@H](O[C@H]3[C@@H](CC=O)C[C@@H](C)C(=O)/C=C/C(C)=C/[C@H](CO[C@@H]4O[C@H](C)[C@@H](O)[C@@H](OC)[C@H]4OC)[C@@H](CC)OC(=O)C[C@@H](O)[C@@H]3C)O[C@@H]2C)C[C@@]1(C)O,TRUE,,-1.726
tylosin,Tylosin (Ì©ÀÖ¾úËØ),REF_TYLOSIN,repository_reference,O38_attached_to_C34,38,34,C,MPM00689,Heptanoate,CCCCCCC(=O)O,1,CCCCCCC(=O)O[C@H]1[C@H](C)O[C@@H](O[C@H]2[C@H](N(C)C)[C@@H](O)[C@H](O[C@H]3[C@@H](CC=O)C[C@@H](C)C(=O)/C=C/C(C)=C/[C@H](CO[C@@H]4O[C@H](C)[C@@H](O)[C@@H](OC)[C@H]4OC)[C@@H](CC)OC(=O)C[C@@H](O)[C@@H]3C)O[C@@H]2C)C[C@@]1(C)O,CCCCCCC(=O)O[C@H]1[C@H](C)O[C@@H](O[C@H]2[C@H](N(C)C)[C@@H](O)[C@H](O[C@H]3[C@@H](CC=O)C[C@@H](C)C(=O)/C=C/C(C)=C/[C@H](CO[C@@H]4O[C@H](C)[C@@H](O)[C@@H](OC)[C@H]4OC)[C@@H](CC)OC(=O)C[C@@H](O)[C@@H]3C)O[C@@H]2C)C[C@@]1(C)O,TRUE,,-1.09
tylosin,Tylosin (Ì©ÀÖ¾úËØ),REF_TYLOSIN,repository_reference,O38_attached_to_C34,38,34,C,MPM00300,3-Hydroxynonanoic acid,CCCCCCC(O)CC(=O)O,1,CCCCCCC(O)CC(=O)O[C@H]1[C@H](C)O[C@@H](O[C@H]2[C@H](N(C)C)[C@@H](O)[C@H](O[C@H]3[C@@H](CC=O)C[C@@H](C)C(=O)/C=C/C(C)=C/[C@H](CO[C@@H]4O[C@H](C)[C@@H](O)[C@@H](OC)[C@H]4OC)[C@@H](CC)OC(=O)C[C@@H](O)[C@@H]3C)O[C@@H]2C)C[C@@]1(C)O,CCCCCCC(O)CC(=O)O[C@H]1[C@H](C)O[C@@H](O[C@H]2[C@H](N(C)C)[C@@H](O)[C@H](O[C@H]3[C@@H](CC=O)C[C@@H](C)C(=O)/C=C/C(C)=C/[C@H](CO[C@@H]4O[C@H](C)[C@@H](O)[C@@H](OC)[C@H]4OC)[C@@H](CC)OC(=O)C[C@@H](O)[C@@H]3C)O[C@@H]2C)C[C@@]1(C)O,TRUE,,-1.316
tylosin,Tylosin (Ì©ÀÖ¾úËØ),REF_TYLOSIN,repository_reference,O38_attached_to_C34,38,34,C,MPM00852,palmitoleate,CCCCCCC=CCCCCCCCC(=O)O,1,CCCCCCC=CCCCCCCCC(=O)O[C@H]1[C@H](C)O[C@@H](O[C@H]2[C@H](N(C)C)[C@@H](O)[C@H](O[C@H]3[C@@H](CC=O)C[C@@H](C)C(=O)/C=C/C(C)=C/[C@H](CO[C@@H]4O[C@H](C)[C@@H](O)[C@@H](OC)[C@H]4OC)[C@@H](CC)OC(=O)C[C@@H](O)[C@@H]3C)O[C@@H]2C)C[C@@]1(C)O,CCCCCCC=CCCCCCCCC(=O)O[C@H]1[C@H](C)O[C@@H](O[C@H]2[C@H](N(C)C)[C@@H](O)[C@H](O[C@H]3[C@@H](CC=O)C[C@@H](C)C(=O)/C=C/C(C)=C/[C@H](CO[C@@H]4O[C@H](C)[C@@H](O)[C@@H](OC)[C@H]4OC)[C@@H](CC)OC(=O)C[C@@H](O)[C@@H]3C)O[C@@H]2C)C[C@@]1(C)O,TRUE,,-1.543
tylosin,Tylosin (Ì©ÀÖ¾úËØ),REF_TYLOSIN,repository_reference,O38_attached_to_C34,38,34,C,MPM00984,trans-vaccenic acid,CCCCCCC=CCCCCCCCCCC(=O)O,1,CCCCCCC=CCCCCCCCCCC(=O)O[C@H]1[C@H](C)O[C@@H](O[C@H]2[C@H](N(C)C)[C@@H](O)[C@H](O[C@H]3[C@@H](CC=O)C[C@@H](C)C(=O)/C=C/C(C)=C/[C@H](CO[C@@H]4O[C@H](C)[C@@H](O)[C@@H](OC)[C@H]4OC)[C@@H](CC)OC(=O)C[C@@H](O)[C@@H]3C)O[C@@H]2C)C[C@@]1(C)O,CCCCCCC=CCCCCCCCCCC(=O)O[C@H]1[C@H](C)O[C@@H](O[C@H]2[C@H](N(C)C)[C@@H](O)[C@H](O[C@H]3[C@@H](CC=O)C[C@@H](C)C(=O)/C=C/C(C)=C/[C@H](CO[C@@H]4O[C@H](C)[C@@H](O)[C@@H](OC)[C@H]4OC)[C@@H](CC)OC(=O)C[C@@H](O)[C@@H]3C)O[C@@H]2C)C[C@@]1(C)O,TRUE,,-1.68
tylosin,Tylosin (Ì©ÀÖ¾úËØ),REF_TYLOSIN,repository_reference,O38_attached_to_C34,38,34,C,MPM00837,Octanoate,CCCCCCCC(=O)O,1,CCCCCCCC(=O)O[C@H]1[C@H](C)O[C@@H](O[C@H]2[C@H](N(C)C)[C@@H](O)[C@H](O[C@H]3[C@@H](CC=O)C[C@@H](C)C(=O)/C=C/C(C)=C/[C@H](CO[C@@H]4O[C@H](C)[C@@H](O)[C@@H](OC)[C@H]4OC)[C@@H](CC)OC(=O)C[C@@H](O)[C@@H]3C)O[C@@H]2C)C[C@@]1(C)O,CCCCCCCC(=O)O[C@H]1[C@H](C)O[C@@H](O[C@H]2[C@H](N(C)C)[C@@H](O)[C@H](O[C@H]3[C@@H](CC=O)C[C@@H](C)C(=O)/C=C/C(C)=C/[C@H](CO[C@@H]4O[C@H](C)[C@@H](O)[C@@H](OC)[C@H]4OC)[C@@H](CC)OC(=O)C[C@@H](O)[C@@H]3C)O[C@@H]2C)C[C@@]1(C)O,TRUE,,-1.102
tylosin,Tylosin (Ì©ÀÖ¾úËØ),REF_TYLOSIN,repository_reference,O38_attached_to_C34,38,34,C,MPM00293,3-Hydroxydecanoic acid,CCCCCCCC(O)CC(=O)O,1,CCCCCCCC(O)CC(=O)O[C@H]1[C@H](C)O[C@@H](O[C@H]2[C@H](N(C)C)[C@@H](O)[C@H](O[C@H]3[C@@H](CC=O)C[C@@H](C)C(=O)/C=C/C(C)=C/[C@H](CO[C@@H]4O[C@H](C)[C@@H](O)[C@@H](OC)[C@H]4OC)[C@@H](CC)OC(=O)C[C@@H](O)[C@@H]3C)O[C@@H]2C)C[C@@]1(C)O,CCCCCCCC(O)CC(=O)O[C@H]1[C@H](C)O[C@@H](O[C@H]2[C@H](N(C)C)[C@@H](O)[C@H](O[C@H]3[C@@H](CC=O)C[C@@H](C)C(=O)/C=C/C(C)=C/[C@H](CO[C@@H]4O[C@H](C)[C@@H](O)[C@@H](OC)[C@H]4OC)[C@@H](CC)OC(=O)C[C@@H](O)[C@@H]3C)O[C@@H]2C)C[C@@]1(C)O,TRUE,,-1.356
tylosin,Tylosin (Ì©ÀÖ¾úËØ),REF_TYLOSIN,repository_reference,O38_attached_to_C34,38,34,C,MPM00859,Pelargonic acid,CCCCCCCCC(=O)O,1,CCCCCCCCC(=O)O[C@H]1[C@H](C)O[C@@H](O[C@H]2[C@H](N(C)C)[C@@H](O)[C@H](O[C@H]3[C@@H](CC=O)C[C@@H](C)C(=O)/C=C/C(C)=C/[C@H](CO[C@@H]4O[C@H](C)[C@@H](O)[C@@H](OC)[C@H]4OC)[C@@H](CC)OC(=O)C[C@@H](O)[C@@H]3C)O[C@@H]2C)C[C@@]1(C)O,CCCCCCCCC(=O)O[C@H]1[C@H](C)O[C@@H](O[C@H]2[C@H](N(C)C)[C@@H](O)[C@H](O[C@H]3[C@@H](CC=O)C[C@@H](C)C(=O)/C=C/C(C)=C/[C@H](CO[C@@H]4O[C@H](C)[C@@H](O)[C@@H](OC)[C@H]4OC)[C@@H](CC)OC(=O)C[C@@H](O)[C@@H]3C)O[C@@H]2C)C[C@@]1(C)O,TRUE,,-1.138
tylosin,Tylosin (Ì©ÀÖ¾úËØ),REF_TYLOSIN,repository_reference,O38_attached_to_C34,38,34,C,MPM00839,Oleic acid,CCCCCCCCC=CCCCCCCCC(=O)O,1,CCCCCCCCC=CCCCCCCCC(=O)O[C@H]1[C@H](C)O[C@@H](O[C@H]2[C@H](N(C)C)[C@@H](O)[C@H](O[C@H]3[C@@H](CC=O)C[C@@H](C)C(=O)/C=C/C(C)=C/[C@H](CO[C@@H]4O[C@H](C)[C@@H](O)[C@@H](OC)[C@H]4OC)[C@@H](CC)OC(=O)C[C@@H](O)[C@@H]3C)O[C@@H]2C)C[C@@]1(C)O,CCCCCCCCC=CCCCCCCCC(=O)O[C@H]1[C@H](C)O[C@@H](O[C@H]2[C@H](N(C)C)[C@@H](O)[C@H](O[C@H]3[C@@H](CC=O)C[C@@H](C)C(=O)/C=C/C(C)=C/[C@H](CO[C@@H]4O[C@H](C)[C@@H](O)[C@@H](OC)[C@H]4OC)[C@@H](CC)OC(=O)C[C@@H](O)[C@@H]3C)O[C@@H]2C)C[C@@]1(C)O,TRUE,,-1.588
tylosin,Tylosin (Ì©ÀÖ¾úËØ),REF_TYLOSIN,repository_reference,O38_attached_to_C34,38,34,C,MPM00552,decanoate,CCCCCCCCCC(=O)O,1,CCCCCCCCCC(=O)O[C@H]1[C@H](C)O[C@@H](O[C@H]2[C@H](N(C)C)[C@@H](O)[C@H](O[C@H]3[C@@H](CC=O)C[C@@H](C)C(=O)/C=C/C(C)=C/[C@H](CO[C@@H]4O[C@H](C)[C@@H](O)[C@@H](OC)[C@H]4OC)[C@@H](CC)OC(=O)C[C@@H](O)[C@@H]3C)O[C@@H]2C)C[C@@]1(C)O,CCCCCCCCCC(=O)O[C@H]1[C@H](C)O[C@@H](O[C@H]2[C@H](N(C)C)[C@@H](O)[C@H](O[C@H]3[C@@H](CC=O)C[C@@H](C)C(=O)/C=C/C(C)=C/[C@H](CO[C@@H]4O[C@H](C)[C@@H](O)[C@@H](OC)[C@H]4OC)[C@@H](CC)OC(=O)C[C@@H](O)[C@@H]3C)O[C@@H]2C)C[C@@]1(C)O,TRUE,,-1.177
tylosin,Tylosin (Ì©ÀÖ¾úËØ),REF_TYLOSIN,repository_reference,O38_attached_to_C34,38,34,C,MPM00294,3-Hydroxydodecanoic acid,CCCCCCCCCC(O)CC(=O)O,1,CCCCCCCCCC(O)CC(=O)O[C@H]1[C@H](C)O[C@@H](O[C@H]2[C@H](N(C)C)[C@@H](O)[C@H](O[C@H]3[C@@H](CC=O)C[C@@H](C)C(=O)/C=C/C(C)=C/[C@H](CO[C@@H]4O[C@H](C)[C@@H](O)[C@@H](OC)[C@H]4OC)[C@@H](CC)OC(=O)C[C@@H](O)[C@@H]3C)O[C@@H]2C)C[C@@]1(C)O,CCCCCCCCCC(O)CC(=O)O[C@H]1[C@H](C)O[C@@H](O[C@H]2[C@H](N(C)C)[C@@H](O)[C@H](O[C@H]3[C@@H](CC=O)C[C@@H](C)C(=O)/C=C/C(C)=C/[C@H](CO[C@@H]4O[C@H](C)[C@@H](O)[C@@H](OC)[C@H]4OC)[C@@H](CC)OC(=O)C[C@@H](O)[C@@H]3C)O[C@@H]2C)C[C@@]1(C)O,TRUE,,-1.428
tylosin,Tylosin (Ì©ÀÖ¾úËØ),REF_TYLOSIN,repository_reference,O38_attached_to_C34,38,34,C,MPM00606,dodecanoate,CCCCCCCCCCCC(=O)O,1,CCCCCCCCCCCC(=O)O[C@H]1[C@H](C)O[C@@H](O[C@H]2[C@H](N(C)C)[C@@H](O)[C@H](O[C@H]3[C@@H](CC=O)C[C@@H](C)C(=O)/C=C/C(C)=C/[C@H](CO[C@@H]4O[C@H](C)[C@@H](O)[C@@H](OC)[C@H]4OC)[C@@H](CC)OC(=O)C[C@@H](O)[C@@H]3C)O[C@@H]2C)C[C@@]1(C)O,CCCCCCCCCCCC(=O)O[C@H]1[C@H](C)O[C@@H](O[C@H]2[C@H](N(C)C)[C@@H](O)[C@H](O[C@H]3[C@@H](CC=O)C[C@@H](C)C(=O)/C=C/C(C)=C/[C@H](CO[C@@H]4O[C@H](C)[C@@H](O)[C@@H](OC)[C@H]4OC)[C@@H](CC)OC(=O)C[C@@H](O)[C@@H]3C)O[C@@H]2C)C[C@@]1(C)O,TRUE,,-1.256
tylosin,Tylosin (Ì©ÀÖ¾úËØ),REF_TYLOSIN,repository_reference,O38_attached_to_C34,38,34,C,MPM00305,3-Hydroxytetradecanoic acid,CCCCCCCCCCCC(O)CC(=O)O,1,CCCCCCCCCCCC(O)CC(=O)O[C@H]1[C@H](C)O[C@@H](O[C@H]2[C@H](N(C)C)[C@@H](O)[C@H](O[C@H]3[C@@H](CC=O)C[C@@H](C)C(=O)/C=C/C(C)=C/[C@H](CO[C@@H]4O[C@H](C)[C@@H](O)[C@@H](OC)[C@H]4OC)[C@@H](CC)OC(=O)C[C@@H](O)[C@@H]3C)O[C@@H]2C)C[C@@]1(C)O,CCCCCCCCCCCC(O)CC(=O)O[C@H]1[C@H](C)O[C@@H](O[C@H]2[C@H](N(C)C)[C@@H](O)[C@H](O[C@H]3[C@@H](CC=O)C[C@@H](C)C(=O)/C=C/C(C)=C/[C@H](CO[C@@H]4O[C@H](C)[C@@H](O)[C@@H](OC)[C@H]4OC)[C@@H](CC)OC(=O)C[C@@H](O)[C@@H]3C)O[C@@H]2C)C[C@@]1(C)O,TRUE,,-1.507
tylosin,Tylosin (Ì©ÀÖ¾úËØ),REF_TYLOSIN,repository_reference,O38_attached_to_C34,38,34,C,MPM00864,Petroselaidic acid,CCCCCCCCCCCC=CCCCCC(=O)O,1,CCCCCCCCCCCC=CCCCCC(=O)O[C@H]1[C@H](C)O[C@@H](O[C@H]2[C@H](N(C)C)[C@@H](O)[C@H](O[C@H]3[C@@H](CC=O)C[C@@H](C)C(=O)/C=C/C(C)=C/[C@H](CO[C@@H]4O[C@H](C)[C@@H](O)[C@@H](OC)[C@H]4OC)[C@@H](CC)OC(=O)C[C@@H](O)[C@@H]3C)O[C@@H]2C)C[C@@]1(C)O,CCCCCCCCCCCC=CCCCCC(=O)O[C@H]1[C@H](C)O[C@@H](O[C@H]2[C@H](N(C)C)[C@@H](O)[C@H](O[C@H]3[C@@H](CC=O)C[C@@H](C)C(=O)/C=C/C(C)=C/[C@H](CO[C@@H]4O[C@H](C)[C@@H](O)[C@@H](OC)[C@H]4OC)[C@@H](CC)OC(=O)C[C@@H](O)[C@@H]3C)O[C@@H]2C)C[C@@]1(C)O,TRUE,,-1.515
tylosin,Tylosin (Ì©ÀÖ¾úËØ),REF_TYLOSIN,repository_reference,O38_attached_to_C34,38,34,C,MPM00967,tetradecanoate,CCCCCCCCCCCCCC(=O)O,1,CCCCCCCCCCCCCC(=O)O[C@H]1[C@H](C)O[C@@H](O[C@H]2[C@H](N(C)C)[C@@H](O)[C@H](O[C@H]3[C@@H](CC=O)C[C@@H](C)C(=O)/C=C/C(C)=C/[C@H](CO[C@@H]4O[C@H](C)[C@@H](O)[C@@H](OC)[C@H]4OC)[C@@H](CC)OC(=O)C[C@@H](O)[C@@H]3C)O[C@@H]2C)C[C@@]1(C)O,CCCCCCCCCCCCCC(=O)O[C@H]1[C@H](C)O[C@@H](O[C@H]2[C@H](N(C)C)[C@@H](O)[C@H](O[C@H]3[C@@H](CC=O)C[C@@H](C)C(=O)/C=C/C(C)=C/[C@H](CO[C@@H]4O[C@H](C)[C@@H](O)[C@@H](OC)[C@H]4OC)[C@@H](CC)OC(=O)C[C@@H](O)[C@@H]3C)O[C@@H]2C)C[C@@]1(C)O,TRUE,,-1.334
tylosin,Tylosin (Ì©ÀÖ¾úËØ),REF_TYLOSIN,repository_reference,O38_attached_to_C34,38,34,C,MPM00296,3-Hydroxyhexadecanoic acid,CCCCCCCCCCCCCC(O)CC(=O)O,1,CCCCCCCCCCCCCC(O)CC(=O)O[C@H]1[C@H](C)O[C@@H](O[C@H]2[C@H](N(C)C)[C@@H](O)[C@H](O[C@H]3[C@@H](CC=O)C[C@@H](C)C(=O)/C=C/C(C)=C/[C@H](CO[C@@H]4O[C@H](C)[C@@H](O)[C@@H](OC)[C@H]4OC)[C@@H](CC)OC(=O)C[C@@H](O)[C@@H]3C)O[C@@H]2C)C[C@@]1(C)O,CCCCCCCCCCCCCC(O)CC(=O)O[C@H]1[C@H](C)O[C@@H](O[C@H]2[C@H](N(C)C)[C@@H](O)[C@H](O[C@H]3[C@@H](CC=O)C[C@@H](C)C(=O)/C=C/C(C)=C/[C@H](CO[C@@H]4O[C@H](C)[C@@H](O)[C@@H](OC)[C@H]4OC)[C@@H](CC)OC(=O)C[C@@H](O)[C@@H]3C)O[C@@H]2C)C[C@@]1(C)O,TRUE,,-1.586
tylosin,Tylosin (Ì©ÀÖ¾úËØ),REF_TYLOSIN,repository_reference,O38_attached_to_C34,38,34,C,MPM00511,Cetylic acid,CCCCCCCCCCCCCCCC(=O)O,1,CCCCCCCCCCCCCCCC(=O)O[C@H]1[C@H](C)O[C@@H](O[C@H]2[C@H](N(C)C)[C@@H](O)[C@H](O[C@H]3[C@@H](CC=O)C[C@@H](C)C(=O)/C=C/C(C)=C/[C@H](CO[C@@H]4O[C@H](C)[C@@H](O)[C@@H](OC)[C@H]4OC)[C@@H](CC)OC(=O)C[C@@H](O)[C@@H]3C)O[C@@H]2C)C[C@@]1(C)O,CCCCCCCCCCCCCCCC(=O)O[C@H]1[C@H](C)O[C@@H](O[C@H]2[C@H](N(C)C)[C@@H](O)[C@H](O[C@H]3[C@@H](CC=O)C[C@@H](C)C(=O)/C=C/C(C)=C/[C@H](CO[C@@H]4O[C@H](C)[C@@H](O)[C@@H](OC)[C@H]4OC)[C@@H](CC)OC(=O)C[C@@H](O)[C@@H]3C)O[C@@H]2C)C[C@@]1(C)O,TRUE,,-1.413
tylosin,Tylosin (Ì©ÀÖ¾úËØ),REF_TYLOSIN,repository_reference,O38_attached_to_C34,38,34,C,MPM00955,Stearic acid,CCCCCCCCCCCCCCCCCC(=O)O,1,CCCCCCCCCCCCCCCCCC(=O)O[C@H]1[C@H](C)O[C@@H](O[C@H]2[C@H](N(C)C)[C@@H](O)[C@H](O[C@H]3[C@@H](CC=O)C[C@@H](C)C(=O)/C=C/C(C)=C/[C@H](CO[C@@H]4O[C@H](C)[C@@H](O)[C@@H](OC)[C@H]4OC)[C@@H](CC)OC(=O)C[C@@H](O)[C@@H]3C)O[C@@H]2C)C[C@@]1(C)O,CCCCCCCCCCCCCCCCCC(=O)O[C@H]1[C@H](C)O[C@@H](O[C@H]2[C@H](N(C)C)[C@@H](O)[C@H](O[C@H]3[C@@H](CC=O)C[C@@H](C)C(=O)/C=C/C(C)=C/[C@H](CO[C@@H]4O[C@H](C)[C@@H](O)[C@@H](OC)[C@H]4OC)[C@@H](CC)OC(=O)C[C@@H](O)[C@@H]3C)O[C@@H]2C)C[C@@]1(C)O,TRUE,,-1.492
tylosin,Tylosin (Ì©ÀÖ¾úËØ),REF_TYLOSIN,repository_reference,O38_attached_to_C34,38,34,C,MPM01526,N-Methylglycine,CNCC(=O)O,1,CC[C@H]1OC(=O)C[C@@H](O)[C@H](C)[C@@H](O[C@@H]2O[C@H](C)[C@@H](O[C@H]3C[C@@](C)(O)[C@@H](OC(=O)CNC)[C@H](C)O3)[C@H](N(C)C)[C@H]2O)[C@@H](CC=O)C[C@@H](C)C(=O)/C=C/C(C)=C/[C@@H]1CO[C@@H]1O[C@H](C)[C@@H](O)[C@@H](OC)[C@H]1OC,CC[C@H]1OC(=O)C[C@@H](O)[C@H](C)[C@@H](O[C@@H]2O[C@H](C)[C@@H](O[C@H]3C[C@@](C)(O)[C@@H](OC(=O)CNC)[C@H](C)O3)[C@H](N(C)C)[C@H]2O)[C@@H](CC=O)C[C@@H](C)C(=O)/C=C/C(C)=C/[C@@H]1CO[C@@H]1O[C@H](C)[C@@H](O)[C@@H](OC)[C@H]1OC,TRUE,,-0.511
tylosin,Tylosin (Ì©ÀÖ¾úËØ),REF_TYLOSIN,repository_reference,O38_attached_to_C34,38,34,C,MPM00346,4-Hydroxy-3-methoxycinnamate,COc1cc(C=CC(=O)O)ccc1O,1,CC[C@H]1OC(=O)C[C@@H](O)[C@H](C)[C@@H](O[C@@H]2O[C@H](C)[C@@H](O[C@H]3C[C@@](C)(O)[C@@H](OC(=O)C=Cc4ccc(O)c(OC)c4)[C@H](C)O3)[C@H](N(C)C)[C@H]2O)[C@@H](CC=O)C[C@@H](C)C(=O)/C=C/C(C)=C/[C@@H]1CO[C@@H]1O[C@H](C)[C@@H](O)[C@@H](OC)[C@H]1OC,CC[C@H]1OC(=O)C[C@@H](O)[C@H](C)[C@@H](O[C@@H]2O[C@H](C)[C@@H](O[C@H]3C[C@@](C)(O)[C@@H](OC(=O)C=Cc4ccc(O)c(OC)c4)[C@H](C)O3)[C@H](N(C)C)[C@H]2O)[C@@H](CC=O)C[C@@H](C)C(=O)/C=C/C(C)=C/[C@@H]1CO[C@@H]1O[C@H](C)[C@@H](O)[C@@H](OC)[C@H]1OC,TRUE,,-0.185
tylosin,Tylosin (Ì©ÀÖ¾úËØ),REF_TYLOSIN,repository_reference,O38_attached_to_C34,38,34,C,MPM01482,L-Methionine (R)-S-oxide,CS(=O)CCC(N)C(=O)O,1,CC[C@H]1OC(=O)C[C@@H](O)[C@H](C)[C@@H](O[C@@H]2O[C@H](C)[C@@H](O[C@H]3C[C@@](C)(O)[C@@H](OC(=O)C(N)CCS(C)=O)[C@H](C)O3)[C@H](N(C)C)[C@H]2O)[C@@H](CC=O)C[C@@H](C)C(=O)/C=C/C(C)=C/[C@@H]1CO[C@@H]1O[C@H](C)[C@@H](O)[C@@H](OC)[C@H]1OC,CC[C@H]1OC(=O)C[C@@H](O)[C@H](C)[C@@H](O[C@@H]2O[C@H](C)[C@@H](O[C@H]3C[C@@](C)(O)[C@@H](OC(=O)C(N)CCS(C)=O)[C@H](C)O3)[C@H](N(C)C)[C@H]2O)[C@@H](CC=O)C[C@@H](C)C(=O)/C=C/C(C)=C/[C@@H]1CO[C@@H]1O[C@H](C)[C@@H](O)[C@@H](OC)[C@H]1OC,TRUE,,-0.974
tylosin,Tylosin (Ì©ÀÖ¾úËØ),REF_TYLOSIN,repository_reference,O38_attached_to_C34,38,34,C,MPM01356,D-2-Amino-4-(methylthio)butyric acid,CSCCC(N)C(=O)O,1,CC[C@H]1OC(=O)C[C@@H](O)[C@H](C)[C@@H](O[C@@H]2O[C@H](C)[C@@H](O[C@H]3C[C@@](C)(O)[C@@H](OC(=O)C(N)CCSC)[C@H](C)O3)[C@H](N(C)C)[C@H]2O)[C@@H](CC=O)C[C@@H](C)C(=O)/C=C/C(C)=C/[C@@H]1CO[C@@H]1O[C@H](C)[C@@H](O)[C@@H](OC)[C@H]1OC,CC[C@H]1OC(=O)C[C@@H](O)[C@H](C)[C@@H](O[C@@H]2O[C@H](C)[C@@H](O[C@H]3C[C@@](C)(O)[C@@H](OC(=O)C(N)CCSC)[C@H](C)O3)[C@H](N(C)C)[C@H]2O)[C@@H](CC=O)C[C@@H](C)C(=O)/C=C/C(C)=C/[C@@H]1CO[C@@H]1O[C@H](C)[C@@H](O)[C@@H](OC)[C@H]1OC,TRUE,,-1.177
tylosin,Tylosin (Ì©ÀÖ¾úËØ),REF_TYLOSIN,repository_reference,O38_attached_to_C34,38,34,C,MPM00678,Glycylmethionine,CSCCC(NC(=O)CN)C(=O)O,1,CC[C@H]1OC(=O)C[C@@H](O)[C@H](C)[C@@H](O[C@@H]2O[C@H](C)[C@@H](O[C@H]3C[C@@](C)(O)[C@@H](OC(=O)C(CCSC)NC(=O)CN)[C@H](C)O3)[C@H](N(C)C)[C@H]2O)[C@@H](CC=O)C[C@@H](C)C(=O)/C=C/C(C)=C/[C@@H]1CO[C@@H]1O[C@H](C)[C@@H](O)[C@@H](OC)[C@H]1OC,CC[C@H]1OC(=O)C[C@@H](O)[C@H](C)[C@@H](O[C@@H]2O[C@H](C)[C@@H](O[C@H]3C[C@@](C)(O)[C@@H](OC(=O)C(CCSC)NC(=O)CN)[C@H](C)O3)[C@H](N(C)C)[C@H]2O)[C@@H](CC=O)C[C@@H](C)C(=O)/C=C/C(C)=C/[C@@H]1CO[C@@H]1O[C@H](C)[C@@H](O)[C@@H](OC)[C@H]1OC,TRUE,,-0.951
tylosin,Tylosin (Ì©ÀÖ¾úËØ),REF_TYLOSIN,repository_reference,O38_attached_to_C34,38,34,C,MPM01143,2-Aminosuccinamic acid,NC(=O)CC(N)C(=O)O,1,CC[C@H]1OC(=O)C[C@@H](O)[C@H](C)[C@@H](O[C@@H]2O[C@H](C)[C@@H](O[C@H]3C[C@@](C)(O)[C@@H](OC(=O)C(N)CC(N)=O)[C@H](C)O3)[C@H](N(C)C)[C@H]2O)[C@@H](CC=O)C[C@@H](C)C(=O)/C=C/C(C)=C/[C@@H]1CO[C@@H]1O[C@H](C)[C@@H](O)[C@@H](OC)[C@H]1OC,CC[C@H]1OC(=O)C[C@@H](O)[C@H](C)[C@@H](O[C@@H]2O[C@H](C)[C@@H](O[C@H]3C[C@@](C)(O)[C@@H](OC(=O)C(N)CC(N)=O)[C@H](C)O3)[C@H](N(C)C)[C@H]2O)[C@@H](CC=O)C[C@@H](C)C(=O)/C=C/C(C)=C/[C@@H]1CO[C@@H]1O[C@H](C)[C@@H](O)[C@@H](OC)[C@H]1OC,TRUE,,-0.513
tylosin,Tylosin (Ì©ÀÖ¾úËØ),REF_TYLOSIN,repository_reference,O38_attached_to_C34,38,34,C,MPM01464,L-2-Aminoglutaramic acid,NC(=O)CCC(N)C(=O)O,1,CC[C@H]1OC(=O)C[C@@H](O)[C@H](C)[C@@H](O[C@@H]2O[C@H](C)[C@@H](O[C@H]3C[C@@](C)(O)[C@@H](OC(=O)C(N)CCC(N)=O)[C@H](C)O3)[C@H](N(C)C)[C@H]2O)[C@@H](CC=O)C[C@@H](C)C(=O)/C=C/C(C)=C/[C@@H]1CO[C@@H]1O[C@H](C)[C@@H](O)[C@@H](OC)[C@H]1OC,CC[C@H]1OC(=O)C[C@@H](O)[C@H](C)[C@@H](O[C@@H]2O[C@H](C)[C@@H](O[C@H]3C[C@@](C)(O)[C@@H](OC(=O)C(N)CCC(N)=O)[C@H](C)O3)[C@H](N(C)C)[C@H]2O)[C@@H](CC=O)C[C@@H](C)C(=O)/C=C/C(C)=C/[C@@H]1CO[C@@H]1O[C@H](C)[C@@H](O)[C@@H](OC)[C@H]1OC,TRUE,,-0.586
tylosin,Tylosin (Ì©ÀÖ¾úËØ),REF_TYLOSIN,repository_reference,O38_attached_to_C34,38,34,C,MPM00951,S-Succinyldihydrolipoamide,NC(=O)CCCCC(S)CCSC(=O)CCC(=O)O,1,CC[C@H]1OC(=O)C[C@@H](O)[C@H](C)[C@@H](O[C@@H]2O[C@H](C)[C@@H](O[C@H]3C[C@@](C)(O)[C@@H](OC(=O)CCC(=O)SCCC(S)CCCCC(N)=O)[C@H](C)O3)[C@H](N(C)C)[C@H]2O)[C@@H](CC=O)C[C@@H](C)C(=O)/C=C/C(C)=C/[C@@H]1CO[C@@H]1O[C@H](C)[C@@H](O)[C@@H](OC)[C@H]1OC,CC[C@H]1OC(=O)C[C@@H](O)[C@H](C)[C@@H](O[C@@H]2O[C@H](C)[C@@H](O[C@H]3C[C@@](C)(O)[C@@H](OC(=O)CCC(=O)SCCC(S)CCCCC(N)=O)[C@H](C)O3)[C@H](N(C)C)[C@H]2O)[C@@H](CC=O)C[C@@H](C)C(=O)/C=C/C(C)=C/[C@@H]1CO[C@@H]1O[C@H](C)[C@@H](O)[C@@H](OC)[C@H]1OC,TRUE,,-3.531
tylosin,Tylosin (Ì©ÀÖ¾úËØ),REF_TYLOSIN,repository_reference,O38_attached_to_C34,38,34,C,MPM00444,Allophanic acid,NC(=O)NC(=O)O,1,CC[C@H]1OC(=O)C[C@@H](O)[C@H](C)[C@@H](O[C@@H]2O[C@H](C)[C@@H](O[C@H]3C[C@@](C)(O)[C@@H](OC(=O)NC(N)=O)[C@H](C)O3)[C@H](N(C)C)[C@H]2O)[C@@H](CC=O)C[C@@H](C)C(=O)/C=C/C(C)=C/[C@@H]1CO[C@@H]1O[C@H](C)[C@@H](O)[C@@H](OC)[C@H]1OC,CC[C@H]1OC(=O)C[C@@H](O)[C@H](C)[C@@H](O[C@@H]2O[C@H](C)[C@@H](O[C@H]3C[C@@](C)(O)[C@@H](OC(=O)NC(N)=O)[C@H](C)O3)[C@H](N(C)C)[C@H]2O)[C@@H](CC=O)C[C@@H](C)C(=O)/C=C/C(C)=C/[C@@H]1CO[C@@H]1O[C@H](C)[C@@H](O)[C@@H](OC)[C@H]1OC,TRUE,,-1.298
tylosin,Tylosin (Ì©ÀÖ¾úËØ),REF_TYLOSIN,repository_reference,O38_attached_to_C34,38,34,C,MPM00442,Allantoic acid,NC(=O)NC(NC(N)=O)C(=O)O,1,CC[C@H]1OC(=O)C[C@@H](O)[C@H](C)[C@@H](O[C@@H]2O[C@H](C)[C@@H](O[C@H]3C[C@@](C)(O)[C@@H](OC(=O)C(NC(N)=O)NC(N)=O)[C@H](C)O3)[C@H](N(C)C)[C@H]2O)[C@@H](CC=O)C[C@@H](C)C(=O)/C=C/C(C)=C/[C@@H]1CO[C@@H]1O[C@H](C)[C@@H](O)[C@@H](OC)[C@H]1OC,CC[C@H]1OC(=O)C[C@@H](O)[C@H](C)[C@@H](O[C@@H]2O[C@H](C)[C@@H](O[C@H]3C[C@@](C)(O)[C@@H](OC(=O)C(NC(N)=O)NC(N)=O)[C@H](C)O3)[C@H](N(C)C)[C@H]2O)[C@@H](CC=O)C[C@@H](C)C(=O)/C=C/C(C)=C/[C@@H]1CO[C@@H]1O[C@H](C)[C@@H](O)[C@@H](OC)[C@H]1OC,TRUE,,-1.579
tylosin,Tylosin (Ì©ÀÖ¾úËØ),REF_TYLOSIN,repository_reference,O38_attached_to_C34,38,34,C,MPM00004,(-)-Ureidoglycolate,NC(=O)NC(O)C(=O)O,1,CC[C@H]1OC(=O)C[C@@H](O)[C@H](C)[C@@H](O[C@@H]2O[C@H](C)[C@@H](O[C@H]3C[C@@](C)(O)[C@@H](OC(=O)C(O)NC(N)=O)[C@H](C)O3)[C@H](N(C)C)[C@H]2O)[C@@H](CC=O)C[C@@H](C)C(=O)/C=C/C(C)=C/[C@@H]1CO[C@@H]1O[C@H](C)[C@@H](O)[C@@H](OC)[C@H]1OC,CC[C@H]1OC(=O)C[C@@H](O)[C@H](C)[C@@H](O[C@@H]2O[C@H](C)[C@@H](O[C@H]3C[C@@](C)(O)[C@@H](OC(=O)C(O)NC(N)=O)[C@H](C)O3)[C@H](N(C)C)[C@H]2O)[C@@H](CC=O)C[C@@H](C)C(=O)/C=C/C(C)=C/[C@@H]1CO[C@@H]1O[C@H](C)[C@@H](O)[C@@H](OC)[C@H]1OC,TRUE,,-1.211
tylosin,Tylosin (Ì©ÀÖ¾úËØ),REF_TYLOSIN,repository_reference,O38_attached_to_C34,38,34,C,MPM00254,2-Oxo-4-hydroxy-4-carboxy-5-ureidoimidazoline,NC(=O)NC1=NC(=O)NC1(O)C(=O)O,1,CC[C@H]1OC(=O)C[C@@H](O)[C@H](C)[C@@H](O[C@@H]2O[C@H](C)[C@@H](O[C@H]3C[C@@](C)(O)[C@@H](OC(=O)C4(O)NC(=O)N=C4NC(N)=O)[C@H](C)O3)[C@H](N(C)C)[C@H]2O)[C@@H](CC=O)C[C@@H](C)C(=O)/C=C/C(C)=C/[C@@H]1CO[C@@H]1O[C@H](C)[C@@H](O)[C@@H](OC)[C@H]1OC,CC[C@H]1OC(=O)C[C@@H](O)[C@H](C)[C@@H](O[C@@H]2O[C@H](C)[C@@H](O[C@H]3C[C@@](C)(O)[C@@H](OC(=O)C4(O)NC(=O)N=C4NC(N)=O)[C@H](C)O3)[C@H](N(C)C)[C@H]2O)[C@@H](CC=O)C[C@@H](C)C(=O)/C=C/C(C)=C/[C@@H]1CO[C@@H]1O[C@H](C)[C@@H](O)[C@@H](OC)[C@H]1OC,TRUE,,-1.815
tylosin,Tylosin (Ì©ÀÖ¾úËØ),REF_TYLOSIN,repository_reference,O38_attached_to_C34,38,34,C,MPM00815,N-Carbamoyl-beta-alanine,NC(=O)NCCC(=O)O,1,CC[C@H]1OC(=O)C[C@@H](O)[C@H](C)[C@@H](O[C@@H]2O[C@H](C)[C@@H](O[C@H]3C[C@@](C)(O)[C@@H](OC(=O)CCNC(N)=O)[C@H](C)O3)[C@H](N(C)C)[C@H]2O)[C@@H](CC=O)C[C@@H](C)C(=O)/C=C/C(C)=C/[C@@H]1CO[C@@H]1O[C@H](C)[C@@H](O)[C@@H](OC)[C@H]1OC,CC[C@H]1OC(=O)C[C@@H](O)[C@H](C)[C@@H](O[C@@H]2O[C@H](C)[C@@H](O[C@H]3C[C@@](C)(O)[C@@H](OC(=O)CCNC(N)=O)[C@H](C)O3)[C@H](N(C)C)[C@H]2O)[C@@H](CC=O)C[C@@H](C)C(=O)/C=C/C(C)=C/[C@@H]1CO[C@@H]1O[C@H](C)[C@@H](O)[C@@H](OC)[C@H]1OC,TRUE,,-1.056
tylosin,Tylosin (Ì©ÀÖ¾úËØ),REF_TYLOSIN,repository_reference,O38_attached_to_C34,38,34,C,MPM01334,Citrulline,NC(=O)NCCCC(N)C(=O)O,1,CC[C@H]1OC(=O)C[C@@H](O)[C@H](C)[C@@H](O[C@@H]2O[C@H](C)[C@@H](O[C@H]3C[C@@](C)(O)[C@@H](OC(=O)C(N)CCCNC(N)=O)[C@H](C)O3)[C@H](N(C)C)[C@H]2O)[C@@H](CC=O)C[C@@H](C)C(=O)/C=C/C(C)=C/[C@@H]1CO[C@@H]1O[C@H](C)[C@@H](O)[C@@H](OC)[C@H]1OC,CC[C@H]1OC(=O)C[C@@H](O)[C@H](C)[C@@H](O[C@@H]2O[C@H](C)[C@@H](O[C@H]3C[C@@](C)(O)[C@@H](OC(=O)C(N)CCCNC(N)=O)[C@H](C)O3)[C@H](N(C)C)[C@H]2O)[C@@H](CC=O)C[C@@H](C)C(=O)/C=C/C(C)=C/[C@@H]1CO[C@@H]1O[C@H](C)[C@@H](O)[C@@H](OC)[C@H]1OC,TRUE,,-0.956
tylosin,Tylosin (Ì©ÀÖ¾úËØ),REF_TYLOSIN,repository_reference,O38_attached_to_C34,38,34,C,MPM01438,Hydroxythreonine,NC(C(=O)O)C(O)CO,1,CC[C@H]1OC(=O)C[C@@H](O)[C@H](C)[C@@H](O[C@@H]2O[C@H](C)[C@@H](O[C@H]3C[C@@](C)(O)[C@@H](OC(=O)C(N)C(O)CO)[C@H](C)O3)[C@H](N(C)C)[C@H]2O)[C@@H](CC=O)C[C@@H](C)C(=O)/C=C/C(C)=C/[C@@H]1CO[C@@H]1O[C@H](C)[C@@H](O)[C@@H](OC)[C@H]1OC,CC[C@H]1OC(=O)C[C@@H](O)[C@H](C)[C@@H](O[C@@H]2O[C@H](C)[C@@H](O[C@H]3C[C@@](C)(O)[C@@H](OC(=O)C(N)C(O)CO)[C@H](C)O3)[C@H](N(C)C)[C@H]2O)[C@@H](CC=O)C[C@@H](C)C(=O)/C=C/C(C)=C/[C@@H]1CO[C@@H]1O[C@H](C)[C@@H](O)[C@@H](OC)[C@H]1OC,TRUE,,-0.938
tylosin,Tylosin (Ì©ÀÖ¾úËØ),REF_TYLOSIN,repository_reference,O38_attached_to_C34,38,34,C,MPM00363,4-Phosphooxy-L-threonine,NC(C(=O)O)C(O)COP(=O)(O)O,1,CC[C@H]1OC(=O)C[C@@H](O)[C@H](C)[C@@H](O[C@@H]2O[C@H](C)[C@@H](O[C@H]3C[C@@](C)(O)[C@@H](OC(=O)C(N)C(O)COP(=O)(O)O)[C@H](C)O3)[C@H](N(C)C)[C@H]2O)[C@@H](CC=O)C[C@@H](C)C(=O)/C=C/C(C)=C/[C@@H]1CO[C@@H]1O[C@H](C)[C@@H](O)[C@@H](OC)[C@H]1OC,CC[C@H]1OC(=O)C[C@@H](O)[C@H](C)[C@@H](O[C@@H]2O[C@H](C)[C@@H](O[C@H]3C[C@@](C)(O)[C@@H](OC(=O)C(N)C(O)COP(=O)(O)O)[C@H](C)O3)[C@H](N(C)C)[C@H]2O)[C@@H](CC=O)C[C@@H](C)C(=O)/C=C/C(C)=C/[C@@H]1CO[C@@H]1O[C@H](C)[C@@H](O)[C@@H](OC)[C@H]1OC,TRUE,,-1.033
tylosin,Tylosin (Ì©ÀÖ¾úËØ),REF_TYLOSIN,repository_reference,O38_attached_to_C34,38,34,C,MPM01144,2-Ammoniomalonate semialdehyde,NC(C=O)C(=O)O,1,CC[C@H]1OC(=O)C[C@@H](O)[C@H](C)[C@@H](O[C@@H]2O[C@H](C)[C@@H](O[C@H]3C[C@@](C)(O)[C@@H](OC(=O)C(N)C=O)[C@H](C)O3)[C@H](N(C)C)[C@H]2O)[C@@H](CC=O)C[C@@H](C)C(=O)/C=C/C(C)=C/[C@@H]1CO[C@@H]1O[C@H](C)[C@@H](O)[C@@H](OC)[C@H]1OC,CC[C@H]1OC(=O)C[C@@H](O)[C@H](C)[C@@H](O[C@@H]2O[C@H](C)[C@@H](O[C@H]3C[C@@](C)(O)[C@@H](OC(=O)C(N)C=O)[C@H](C)O3)[C@H](N(C)C)[C@H]2O)[C@@H](CC=O)C[C@@H](C)C(=O)/C=C/C(C)=C/[C@@H]1CO[C@@H]1O[C@H](C)[C@@H](O)[C@@H](OC)[C@H]1OC,TRUE,,-0.803
tylosin,Tylosin (Ì©ÀÖ¾úËØ),REF_TYLOSIN,repository_reference,O38_attached_to_C34,38,34,C,MPM01475,L-Glutamate 1-semialdehyde,NC(C=O)CCC(=O)O,1,CC[C@H]1OC(=O)C[C@@H](O)[C@H](C)[C@@H](O[C@@H]2O[C@H](C)[C@@H](O[C@H]3C[C@@](C)(O)[C@@H](OC(=O)CCC(N)C=O)[C@H](C)O3)[C@H](N(C)C)[C@H]2O)[C@@H](CC=O)C[C@@H](C)C(=O)/C=C/C(C)=C/[C@@H]1CO[C@@H]1O[C@H](C)[C@@H](O)[C@@H](OC)[C@H]1OC,CC[C@H]1OC(=O)C[C@@H](O)[C@H](C)[C@@H](O[C@@H]2O[C@H](C)[C@@H](O[C@H]3C[C@@](C)(O)[C@@H](OC(=O)CCC(N)C=O)[C@H](C)O3)[C@H](N(C)C)[C@H]2O)[C@@H](CC=O)C[C@@H](C)C(=O)/C=C/C(C)=C/[C@@H]1CO[C@@H]1O[C@H](C)[C@@H](O)[C@@H](OC)[C@H]1OC,TRUE,,-1.062
tylosin,Tylosin (Ì©ÀÖ¾úËØ),REF_TYLOSIN,repository_reference,O38_attached_to_C34,38,34,C,MPM01471,L-Aspartic 4-semialdehyde,NC(CC=O)C(=O)O,1,CC[C@H]1OC(=O)C[C@@H](O)[C@H](C)[C@@H](O[C@@H]2O[C@H](C)[C@@H](O[C@H]3C[C@@](C)(O)[C@@H](OC(=O)C(N)CC=O)[C@H](C)O3)[C@H](N(C)C)[C@H]2O)[C@@H](CC=O)C[C@@H](C)C(=O)/C=C/C(C)=C/[C@@H]1CO[C@@H]1O[C@H](C)[C@@H](O)[C@@H](OC)[C@H]1OC,CC[C@H]1OC(=O)C[C@@H](O)[C@H](C)[C@@H](O[C@@H]2O[C@H](C)[C@@H](O[C@H]3C[C@@](C)(O)[C@@H](OC(=O)C(N)CC=O)[C@H](C)O3)[C@H](N(C)C)[C@H]2O)[C@@H](CC=O)C[C@@H](C)C(=O)/C=C/C(C)=C/[C@@H]1CO[C@@H]1O[C@H](C)[C@@H](O)[C@@H](OC)[C@H]1OC,TRUE,,-0.973
tylosin,Tylosin (Ì©ÀÖ¾úËØ),REF_TYLOSIN,repository_reference,O38_attached_to_C34,38,34,C,MPM01476,L-Glutamate gamma-semialdehyde,NC(CCC=O)C(=O)O,1,CC[C@H]1OC(=O)C[C@@H](O)[C@H](C)[C@@H](O[C@@H]2O[C@H](C)[C@@H](O[C@H]3C[C@@](C)(O)[C@@H](OC(=O)C(N)CCC=O)[C@H](C)O3)[C@H](N(C)C)[C@H]2O)[C@@H](CC=O)C[C@@H](C)C(=O)/C=C/C(C)=C/[C@@H]1CO[C@@H]1O[C@H](C)[C@@H](O)[C@@H](OC)[C@H]1OC,CC[C@H]1OC(=O)C[C@@H](O)[C@H](C)[C@@H](O[C@@H]2O[C@H](C)[C@@H](O[C@H]3C[C@@](C)(O)[C@@H](OC(=O)C(N)CCC=O)[C@H](C)O3)[C@H](N(C)C)[C@H]2O)[C@@H](CC=O)C[C@@H](C)C(=O)/C=C/C(C)=C/[C@@H]1CO[C@@H]1O[C@H](C)[C@@H](O)[C@@H](OC)[C@H]1OC,TRUE,,-1.046
tylosin,Tylosin (Ì©ÀÖ¾úËØ),REF_TYLOSIN,repository_reference,O38_attached_to_C34,38,34,C,MPM01076,(S)-2-Amino-6-oxohexanoate,NC(CCCC=O)C(=O)O,1,CC[C@H]1OC(=O)C[C@@H](O)[C@H](C)[C@@H](O[C@@H]2O[C@H](C)[C@@H](O[C@H]3C[C@@](C)(O)[C@@H](OC(=O)C(N)CCCC=O)[C@H](C)O3)[C@H](N(C)C)[C@H]2O)[C@@H](CC=O)C[C@@H](C)C(=O)/C=C/C(C)=C/[C@@H]1CO[C@@H]1O[C@H](C)[C@@H](O)[C@@H](OC)[C@H]1OC,CC[C@H]1OC(=O)C[C@@H](O)[C@H](C)[C@@H](O[C@@H]2O[C@H](C)[C@@H](O[C@H]3C[C@@](C)(O)[C@@H](OC(=O)C(N)CCCC=O)[C@H](C)O3)[C@H](N(C)C)[C@H]2O)[C@@H](CC=O)C[C@@H](C)C(=O)/C=C/C(C)=C/[C@@H]1CO[C@@H]1O[C@H](C)[C@@H](O)[C@@H](OC)[C@H]1OC,TRUE,,-1.112
tylosin,Tylosin (Ì©ÀÖ¾úËØ),REF_TYLOSIN,repository_reference,O38_attached_to_C34,38,34,C,MPM00800,N6-(D-Fructosyl)-L-lysine,NC(CCCCNCC(=O)C(O)C(O)C(O)CO)C(=O)O,1,CC[C@H]1OC(=O)C[C@@H](O)[C@H](C)[C@@H](O[C@@H]2O[C@H](C)[C@@H](O[C@H]3C[C@@](C)(O)[C@@H](OC(=O)C(N)CCCCNCC(=O)C(O)C(O)C(O)CO)[C@H](C)O3)[C@H](N(C)C)[C@H]2O)[C@@H](CC=O)C[C@@H](C)C(=O)/C=C/C(C)=C/[C@@H]1CO[C@@H]1O[C@H](C)[C@@H](O)[C@@H](OC)[C@H]1OC,CC[C@H]1OC(=O)C[C@@H](O)[C@H](C)[C@@H](O[C@@H]2O[C@H](C)[C@@H](O[C@H]3C[C@@](C)(O)[C@@H](OC(=O)C(N)CCCCNCC(=O)C(O)C(O)C(O)CO)[C@H](C)O3)[C@H](N(C)C)[C@H]2O)[C@@H](CC=O)C[C@@H](C)C(=O)/C=C/C(C)=C/[C@@H]1CO[C@@H]1O[C@H](C)[C@@H](O)[C@@H](OC)[C@H]1OC,TRUE,,-1.392
tylosin,Tylosin (Ì©ÀÖ¾úËØ),REF_TYLOSIN,repository_reference,O38_attached_to_C34,38,34,C,MPM01141,2-Amino-4-hydroxybutyric acid,NC(CCO)C(=O)O,1,CC[C@H]1OC(=O)C[C@@H](O)[C@H](C)[C@@H](O[C@@H]2O[C@H](C)[C@@H](O[C@H]3C[C@@](C)(O)[C@@H](OC(=O)C(N)CCO)[C@H](C)O3)[C@H](N(C)C)[C@H]2O)[C@@H](CC=O)C[C@@H](C)C(=O)/C=C/C(C)=C/[C@@H]1CO[C@@H]1O[C@H](C)[C@@H](O)[C@@H](OC)[C@H]1OC,CC[C@H]1OC(=O)C[C@@H](O)[C@H](C)[C@@H](O[C@@H]2O[C@H](C)[C@@H](O[C@H]3C[C@@](C)(O)[C@@H](OC(=O)C(N)CCO)[C@H](C)O3)[C@H](N(C)C)[C@H]2O)[C@@H](CC=O)C[C@@H](C)C(=O)/C=C/C(C)=C/[C@@H]1CO[C@@H]1O[C@H](C)[C@@H](O)[C@@H](OC)[C@H]1OC,TRUE,,-0.659
tylosin,Tylosin (Ì©ÀÖ¾úËØ),REF_TYLOSIN,repository_reference,O38_attached_to_C34,38,34,C,MPM00698,Homocysteine,NC(CCS)C(=O)O,1,CC[C@H]1OC(=O)C[C@@H](O)[C@H](C)[C@@H](O[C@@H]2O[C@H](C)[C@@H](O[C@H]3C[C@@](C)(O)[C@@H](OC(=O)C(N)CCS)[C@H](C)O3)[C@H](N(C)C)[C@H]2O)[C@@H](CC=O)C[C@@H](C)C(=O)/C=C/C(C)=C/[C@@H]1CO[C@@H]1O[C@H](C)[C@@H](O)[C@@H](OC)[C@H]1OC,CC[C@H]1OC(=O)C[C@@H](O)[C@H](C)[C@@H](O[C@@H]2O[C@H](C)[C@@H](O[C@H]3C[C@@](C)(O)[C@@H](OC(=O)C(N)CCS)[C@H](C)O3)[C@H](N(C)C)[C@H]2O)[C@@H](CC=O)C[C@@H](C)C(=O)/C=C/C(C)=C/[C@@H]1CO[C@@H]1O[C@H](C)[C@@H](O)[C@@H](OC)[C@H]1OC,TRUE,,-2.026
tylosin,Tylosin (Ì©ÀÖ¾úËØ),REF_TYLOSIN,repository_reference,O38_attached_to_C34,38,34,C,MPM01379,D-Serine,NC(CO)C(=O)O,1,CC[C@H]1OC(=O)C[C@@H](O)[C@H](C)[C@@H](O[C@@H]2O[C@H](C)[C@@H](O[C@H]3C[C@@](C)(O)[C@@H](OC(=O)C(N)CO)[C@H](C)O3)[C@H](N(C)C)[C@H]2O)[C@@H](CC=O)C[C@@H](C)C(=O)/C=C/C(C)=C/[C@@H]1CO[C@@H]1O[C@H](C)[C@@H](O)[C@@H](OC)[C@H]1OC,CC[C@H]1OC(=O)C[C@@H](O)[C@H](C)[C@@H](O[C@@H]2O[C@H](C)[C@@H](O[C@H]3C[C@@](C)(O)[C@@H](OC(=O)C(N)CO)[C@H](C)O3)[C@H](N(C)C)[C@H]2O)[C@@H](CC=O)C[C@@H](C)C(=O)/C=C/C(C)=C/[C@@H]1CO[C@@H]1O[C@H](C)[C@@H](O)[C@@H](OC)[C@H]1OC,TRUE,,-0.663
tylosin,Tylosin (Ì©ÀÖ¾úËØ),REF_TYLOSIN,repository_reference,O38_attached_to_C34,38,34,C,MPM00325,3-Phospho-L-serine,NC(COP(=O)(O)O)C(=O)O,1,CC[C@H]1OC(=O)C[C@@H](O)[C@H](C)[C@@H](O[C@@H]2O[C@H](C)[C@@H](O[C@H]3C[C@@](C)(O)[C@@H](OC(=O)C(N)COP(=O)(O)O)[C@H](C)O3)[C@H](N(C)C)[C@H]2O)[C@@H](CC=O)C[C@@H](C)C(=O)/C=C/C(C)=C/[C@@H]1CO[C@@H]1O[C@H](C)[C@@H](O)[C@@H](OC)[C@H]1OC,CC[C@H]1OC(=O)C[C@@H](O)[C@H](C)[C@@H](O[C@@H]2O[C@H](C)[C@@H](O[C@H]3C[C@@](C)(O)[C@@H](OC(=O)C(N)COP(=O)(O)O)[C@H](C)O3)[C@H](N(C)C)[C@H]2O)[C@@H](CC=O)C[C@@H](C)C(=O)/C=C/C(C)=C/[C@@H]1CO[C@@H]1O[C@H](C)[C@@H](O)[C@@H](OC)[C@H]1OC,TRUE,,-0.774
tylosin,Tylosin (Ì©ÀÖ¾úËØ),REF_TYLOSIN,repository_reference,O38_attached_to_C34,38,34,C,MPM00667,glycerol 1-phosphoserine(1-),NC(COP(=O)(O)OCC(O)CO)C(=O)O,1,CC[C@H]1OC(=O)C[C@@H](O)[C@H](C)[C@@H](O[C@@H]2O[C@H](C)[C@@H](O[C@H]3C[C@@](C)(O)[C@@H](OC(=O)C(N)COP(=O)(O)OCC(O)CO)[C@H](C)O3)[C@H](N(C)C)[C@H]2O)[C@@H](CC=O)C[C@@H](C)C(=O)/C=C/C(C)=C/[C@@H]1CO[C@@H]1O[C@H](C)[C@@H](O)[C@@H](OC)[C@H]1OC,CC[C@H]1OC(=O)C[C@@H](O)[C@H](C)[C@@H](O[C@@H]2O[C@H](C)[C@@H](O[C@H]3C[C@@](C)(O)[C@@H](OC(=O)C(N)COP(=O)(O)OCC(O)CO)[C@H](C)O3)[C@H](N(C)C)[C@H]2O)[C@@H](CC=O)C[C@@H](C)C(=O)/C=C/C(C)=C/[C@@H]1CO[C@@H]1O[C@H](C)[C@@H](O)[C@@H](OC)[C@H]1OC,TRUE,,-1.002
tylosin,Tylosin (Ì©ÀÖ¾úËØ),REF_TYLOSIN,repository_reference,O38_attached_to_C34,38,34,C,MPM00199,2-Amino-3-sulfopropionic acid,NC(CS(=O)(=O)O)C(=O)O,1,CC[C@H]1OC(=O)C[C@@H](O)[C@H](C)[C@@H](O[C@@H]2O[C@H](C)[C@@H](O[C@H]3C[C@@](C)(O)[C@@H](OC(=O)C(N)CS(=O)(=O)O)[C@H](C)O3)[C@H](N(C)C)[C@H]2O)[C@@H](CC=O)C[C@@H](C)C(=O)/C=C/C(C)=C/[C@@H]1CO[C@@H]1O[C@H](C)[C@@H](O)[C@@H](OC)[C@H]1OC,CC[C@H]1OC(=O)C[C@@H](O)[C@H](C)[C@@H](O[C@@H]2O[C@H](C)[C@@H](O[C@H]3C[C@@](C)(O)[C@@H](OC(=O)C(N)CS(=O)(=O)O)[C@H](C)O3)[C@H](N(C)C)[C@H]2O)[C@@H](CC=O)C[C@@H](C)C(=O)/C=C/C(C)=C/[C@@H]1CO[C@@H]1O[C@H](C)[C@@H](O)[C@@H](OC)[C@H]1OC,TRUE,,-0.486
tylosin,Tylosin (Ì©ÀÖ¾úËØ),REF_TYLOSIN,repository_reference,O38_attached_to_C34,38,34,C,MPM00329,3-Sulfinoalanine,NC(CS(=O)O)C(=O)O,1,CC[C@H]1OC(=O)C[C@@H](O)[C@H](C)[C@@H](O[C@@H]2O[C@H](C)[C@@H](O[C@H]3C[C@@](C)(O)[C@@H](OC(=O)C(N)CS(=O)O)[C@H](C)O3)[C@H](N(C)C)[C@H]2O)[C@@H](CC=O)C[C@@H](C)C(=O)/C=C/C(C)=C/[C@@H]1CO[C@@H]1O[C@H](C)[C@@H](O)[C@@H](OC)[C@H]1OC,CC[C@H]1OC(=O)C[C@@H](O)[C@H](C)[C@@H](O[C@@H]2O[C@H](C)[C@@H](O[C@H]3C[C@@](C)(O)[C@@H](OC(=O)C(N)CS(=O)O)[C@H](C)O3)[C@H](N(C)C)[C@H]2O)[C@@H](CC=O)C[C@@H](C)C(=O)/C=C/C(C)=C/[C@@H]1CO[C@@H]1O[C@H](C)[C@@H](O)[C@@H](OC)[C@H]1OC,TRUE,,-0.417
tylosin,Tylosin (Ì©ÀÖ¾úËØ),REF_TYLOSIN,repository_reference,O38_attached_to_C34,38,34,C,MPM01473,L-Cysteinylglycine,NC(CS)C(=O)NCC(=O)O,1,CC[C@H]1OC(=O)C[C@@H](O)[C@H](C)[C@@H](O[C@@H]2O[C@H](C)[C@@H](O[C@H]3C[C@@](C)(O)[C@@H](OC(=O)CNC(=O)C(N)CS)[C@H](C)O3)[C@H](N(C)C)[C@H]2O)[C@@H](CC=O)C[C@@H](C)C(=O)/C=C/C(C)=C/[C@@H]1CO[C@@H]1O[C@H](C)[C@@H](O)[C@@H](OC)[C@H]1OC,CC[C@H]1OC(=O)C[C@@H](O)[C@H](C)[C@@H](O[C@@H]2O[C@H](C)[C@@H](O[C@H]3C[C@@](C)(O)[C@@H](OC(=O)CNC(=O)C(N)CS)[C@H](C)O3)[C@H](N(C)C)[C@H]2O)[C@@H](CC=O)C[C@@H](C)C(=O)/C=C/C(C)=C/[C@@H]1CO[C@@H]1O[C@H](C)[C@@H](O)[C@@H](OC)[C@H]1OC,TRUE,,-1.931
tylosin,Tylosin (Ì©ÀÖ¾úËØ),REF_TYLOSIN,repository_reference,O38_attached_to_C34,38,34,C,MPM01361,D-Amino-3-mercaptopropionic acid,NC(CS)C(=O)O,1,CC[C@H]1OC(=O)C[C@@H](O)[C@H](C)[C@@H](O[C@@H]2O[C@H](C)[C@@H](O[C@H]3C[C@@](C)(O)[C@@H](OC(=O)C(N)CS)[C@H](C)O3)[C@H](N(C)C)[C@H]2O)[C@@H](CC=O)C[C@@H](C)C(=O)/C=C/C(C)=C/[C@@H]1CO[C@@H]1O[C@H](C)[C@@H](O)[C@@H](OC)[C@H]1OC,CC[C@H]1OC(=O)C[C@@H](O)[C@H](C)[C@@H](O[C@@H]2O[C@H](C)[C@@H](O[C@H]3C[C@@](C)(O)[C@@H](OC(=O)C(N)CS)[C@H](C)O3)[C@H](N(C)C)[C@H]2O)[C@@H](CC=O)C[C@@H](C)C(=O)/C=C/C(C)=C/[C@@H]1CO[C@@H]1O[C@H](C)[C@@H](O)[C@@H](OC)[C@H]1OC,TRUE,,-1.96
tylosin,Tylosin (Ì©ÀÖ¾úËØ),REF_TYLOSIN,repository_reference,O38_attached_to_C34,38,34,C,MPM01078,(S)-alpha-Amino-beta-(3-indolyl)-propionic acid,NC(Cc1c[nH]c2ccccc12)C(=O)O,1,CC[C@H]1OC(=O)C[C@@H](O)[C@H](C)[C@@H](O[C@@H]2O[C@H](C)[C@@H](O[C@H]3C[C@@](C)(O)[C@@H](OC(=O)C(N)Cc4c[nH]c5ccccc45)[C@H](C)O3)[C@H](N(C)C)[C@H]2O)[C@@H](CC=O)C[C@@H](C)C(=O)/C=C/C(C)=C/[C@@H]1CO[C@@H]1O[C@H](C)[C@@H](O)[C@@H](OC)[C@H]1OC,CC[C@H]1OC(=O)C[C@@H](O)[C@H](C)[C@@H](O[C@@H]2O[C@H](C)[C@@H](O[C@H]3C[C@@](C)(O)[C@@H](OC(=O)C(N)Cc4c[nH]c5ccccc45)[C@H](C)O3)[C@H](N(C)C)[C@H]2O)[C@@H](CC=O)C[C@@H](C)C(=O)/C=C/C(C)=C/[C@@H]1CO[C@@H]1O[C@H](C)[C@@H](O)[C@@H](OC)[C@H]1OC,TRUE,,0.126
tylosin,Tylosin (Ì©ÀÖ¾úËØ),REF_TYLOSIN,repository_reference,O38_attached_to_C34,38,34,C,MPM01639,Tyrosine,NC(Cc1ccc(O)cc1)C(=O)O,1,CC[C@H]1OC(=O)C[C@@H](O)[C@H](C)[C@@H](O[C@@H]2O[C@H](C)[C@@H](O[C@H]3C[C@@](C)(O)[C@@H](OC(=O)C(N)Cc4ccc(O)cc4)[C@H](C)O3)[C@H](N(C)C)[C@H]2O)[C@@H](CC=O)C[C@@H](C)C(=O)/C=C/C(C)=C/[C@@H]1CO[C@@H]1O[C@H](C)[C@@H](O)[C@@H](OC)[C@H]1OC,CC[C@H]1OC(=O)C[C@@H](O)[C@H](C)[C@@H](O[C@@H]2O[C@H](C)[C@@H](O[C@H]3C[C@@](C)(O)[C@@H](OC(=O)C(N)Cc4ccc(O)cc4)[C@H](C)O3)[C@H](N(C)C)[C@H]2O)[C@@H](CC=O)C[C@@H](C)C(=O)/C=C/C(C)=C/[C@@H]1CO[C@@H]1O[C@H](C)[C@@H](O)[C@@H](OC)[C@H]1OC,TRUE,,-0.486
tylosin,Tylosin (Ì©ÀÖ¾úËØ),REF_TYLOSIN,repository_reference,O38_attached_to_C34,38,34,C,MPM00895,Phosphonotyrosine,NC(Cc1ccc(OP(=O)(O)O)cc1)C(=O)O,1,CC[C@H]1OC(=O)C[C@@H](O)[C@H](C)[C@@H](O[C@@H]2O[C@H](C)[C@@H](O[C@H]3C[C@@](C)(O)[C@@H](OC(=O)C(N)Cc4ccc(OP(=O)(O)O)cc4)[C@H](C)O3)[C@H](N(C)C)[C@H]2O)[C@@H](CC=O)C[C@@H](C)C(=O)/C=C/C(C)=C/[C@@H]1CO[C@@H]1O[C@H](C)[C@@H](O)[C@@H](OC)[C@H]1OC,CC[C@H]1OC(=O)C[C@@H](O)[C@H](C)[C@@H](O[C@@H]2O[C@H](C)[C@@H](O[C@H]3C[C@@](C)(O)[C@@H](OC(=O)C(N)Cc4ccc(OP(=O)(O)O)cc4)[C@H](C)O3)[C@H](N(C)C)[C@H]2O)[C@@H](CC=O)C[C@@H](C)C(=O)/C=C/C(C)=C/[C@@H]1CO[C@@H]1O[C@H](C)[C@@H](O)[C@@H](OC)[C@H]1OC,TRUE,,-1.033
tylosin,Tylosin (Ì©ÀÖ¾úËØ),REF_TYLOSIN,repository_reference,O38_attached_to_C34,38,34,C,MPM00612,D-phenylalanine,NC(Cc1ccccc1)C(=O)O,1,CC[C@H]1OC(=O)C[C@@H](O)[C@H](C)[C@@H](O[C@@H]2O[C@H](C)[C@@H](O[C@H]3C[C@@](C)(O)[C@@H](OC(=O)C(N)Cc4ccccc4)[C@H](C)O3)[C@H](N(C)C)[C@H]2O)[C@@H](CC=O)C[C@@H](C)C(=O)/C=C/C(C)=C/[C@@H]1CO[C@@H]1O[C@H](C)[C@@H](O)[C@@H](OC)[C@H]1OC,CC[C@H]1OC(=O)C[C@@H](O)[C@H](C)[C@@H](O[C@@H]2O[C@H](C)[C@@H](O[C@H]3C[C@@](C)(O)[C@@H](OC(=O)C(N)Cc4ccccc4)[C@H](C)O3)[C@H](N(C)C)[C@H]2O)[C@@H](CC=O)C[C@@H](C)C(=O)/C=C/C(C)=C/[C@@H]1CO[C@@H]1O[C@H](C)[C@@H](O)[C@@H](OC)[C@H]1OC,TRUE,,-0.85
tylosin,Tylosin (Ì©ÀÖ¾úËØ),REF_TYLOSIN,repository_reference,O38_attached_to_C34,38,34,C,MPM01077,(S)-alpha-Amino-1H-imidazole-4-propionic acid,NC(Cc1cnc[nH]1)C(=O)O,1,CC[C@H]1OC(=O)C[C@@H](O)[C@H](C)[C@@H](O[C@@H]2O[C@H](C)[C@@H](O[C@H]3C[C@@](C)(O)[C@@H](OC(=O)C(N)Cc4cnc[nH]4)[C@H](C)O3)[C@H](N(C)C)[C@H]2O)[C@@H](CC=O)C[C@@H](C)C(=O)/C=C/C(C)=C/[C@@H]1CO[C@@H]1O[C@H](C)[C@@H](O)[C@@H](OC)[C@H]1OC,CC[C@H]1OC(=O)C[C@@H](O)[C@H](C)[C@@H](O[C@@H]2O[C@H](C)[C@@H](O[C@H]3C[C@@](C)(O)[C@@H](OC(=O)C(N)Cc4cnc[nH]4)[C@H](C)O3)[C@H](N(C)C)[C@H]2O)[C@@H](CC=O)C[C@@H](C)C(=O)/C=C/C(C)=C/[C@@H]1CO[C@@H]1O[C@H](C)[C@@H](O)[C@@H](OC)[C@H]1OC,TRUE,,-0.848
tylosin,Tylosin (Ì©ÀÖ¾úËØ),REF_TYLOSIN,repository_reference,O38_attached_to_C34,38,34,C,MPM01165,2-Oxoarginine,NC(N)=NCCCC(=O)C(=O)O,1,CC[C@H]1OC(=O)C[C@@H](O)[C@H](C)[C@@H](O[C@@H]2O[C@H](C)[C@@H](O[C@H]3C[C@@](C)(O)[C@@H](OC(=O)C(=O)CCCN=C(N)N)[C@H](C)O3)[C@H](N(C)C)[C@H]2O)[C@@H](CC=O)C[C@@H](C)C(=O)/C=C/C(C)=C/[C@@H]1CO[C@@H]1O[C@H](C)[C@@H](O)[C@@H](OC)[C@H]1OC,CC[C@H]1OC(=O)C[C@@H](O)[C@H](C)[C@@H](O[C@@H]2O[C@H](C)[C@@H](O[C@H]3C[C@@](C)(O)[C@@H](OC(=O)C(=O)CCCN=C(N)N)[C@H](C)O3)[C@H](N(C)C)[C@H]2O)[C@@H](CC=O)C[C@@H](C)C(=O)/C=C/C(C)=C/[C@@H]1CO[C@@H]1O[C@H](C)[C@@H](O)[C@@H](OC)[C@H]1OC,TRUE,,-0.803
tylosin,Tylosin (Ì©ÀÖ¾úËØ),REF_TYLOSIN,repository_reference,O38_attached_to_C34,38,34,C,MPM00541,D-2-Amino-5-guanidinovaleric acid,NC(N)=NCCCC(N)C(=O)O,1,CC[C@H]1OC(=O)C[C@@H](O)[C@H](C)[C@@H](O[C@@H]2O[C@H](C)[C@@H](O[C@H]3C[C@@](C)(O)[C@@H](OC(=O)C(N)CCCN=C(N)N)[C@H](C)O3)[C@H](N(C)C)[C@H]2O)[C@@H](CC=O)C[C@@H](C)C(=O)/C=C/C(C)=C/[C@@H]1CO[C@@H]1O[C@H](C)[C@@H](O)[C@@H](OC)[C@H]1OC,CC[C@H]1OC(=O)C[C@@H](O)[C@H](C)[C@@H](O[C@@H]2O[C@H](C)[C@@H](O[C@H]3C[C@@](C)(O)[C@@H](OC(=O)C(N)CCCN=C(N)N)[C@H](C)O3)[C@H](N(C)C)[C@H]2O)[C@@H](CC=O)C[C@@H](C)C(=O)/C=C/C(C)=C/[C@@H]1CO[C@@H]1O[C@H](C)[C@@H](O)[C@@H](OC)[C@H]1OC,TRUE,,-0.689
tylosin,Tylosin (Ì©ÀÖ¾úËØ),REF_TYLOSIN,repository_reference,O38_attached_to_C34,38,34,C,MPM01242,5-Amino-4-oxovaleric acid,NCC(=O)CCC(=O)O,1,CC[C@H]1OC(=O)C[C@@H](O)[C@H](C)[C@@H](O[C@@H]2O[C@H](C)[C@@H](O[C@H]3C[C@@](C)(O)[C@@H](OC(=O)CCC(=O)CN)[C@H](C)O3)[C@H](N(C)C)[C@H]2O)[C@@H](CC=O)C[C@@H](C)C(=O)/C=C/C(C)=C/[C@@H]1CO[C@@H]1O[C@H](C)[C@@H](O)[C@@H](OC)[C@H]1OC,CC[C@H]1OC(=O)C[C@@H](O)[C@H](C)[C@@H](O[C@@H]2O[C@H](C)[C@@H](O[C@H]3C[C@@](C)(O)[C@@H](OC(=O)CCC(=O)CN)[C@H](C)O3)[C@H](N(C)C)[C@H]2O)[C@@H](CC=O)C[C@@H](C)C(=O)/C=C/C(C)=C/[C@@H]1CO[C@@H]1O[C@H](C)[C@@H](O)[C@@H](OC)[C@H]1OC,TRUE,,-0.549
tylosin,Tylosin (Ì©ÀÖ¾úËØ),REF_TYLOSIN,repository_reference,O38_attached_to_C34,38,34,C,MPM00674,Glycyl-l-glutamine,NCC(=O)NC(CCC(N)=O)C(=O)O,1,CC[C@H]1OC(=O)C[C@@H](O)[C@H](C)[C@@H](O[C@@H]2O[C@H](C)[C@@H](O[C@H]3C[C@@](C)(O)[C@@H](OC(=O)C(CCC(N)=O)NC(=O)CN)[C@H](C)O3)[C@H](N(C)C)[C@H]2O)[C@@H](CC=O)C[C@@H](C)C(=O)/C=C/C(C)=C/[C@@H]1CO[C@@H]1O[C@H](C)[C@@H](O)[C@@H](OC)[C@H]1OC,CC[C@H]1OC(=O)C[C@@H](O)[C@H](C)[C@@H](O[C@@H]2O[C@H](C)[C@@H](O[C@H]3C[C@@](C)(O)[C@@H](OC(=O)C(CCC(N)=O)NC(=O)CN)[C@H](C)O3)[C@H](N(C)C)[C@H]2O)[C@@H](CC=O)C[C@@H](C)C(=O)/C=C/C(C)=C/[C@@H]1CO[C@@H]1O[C@H](C)[C@@H](O)[C@@H](OC)[C@H]1OC,TRUE,,-0.36
tylosin,Tylosin (Ì©ÀÖ¾úËØ),REF_TYLOSIN,repository_reference,O38_attached_to_C34,38,34,C,MPM00673,Glycylcysteine,NCC(=O)NC(CS)C(=O)O,1,CC[C@H]1OC(=O)C[C@@H](O)[C@H](C)[C@@H](O[C@@H]2O[C@H](C)[C@@H](O[C@H]3C[C@@](C)(O)[C@@H](OC(=O)C(CS)NC(=O)CN)[C@H](C)O3)[C@H](N(C)C)[C@H]2O)[C@@H](CC=O)C[C@@H](C)C(=O)/C=C/C(C)=C/[C@@H]1CO[C@@H]1O[C@H](C)[C@@H](O)[C@@H](OC)[C@H]1OC,CC[C@H]1OC(=O)C[C@@H](O)[C@H](C)[C@@H](O[C@@H]2O[C@H](C)[C@@H](O[C@H]3C[C@@](C)(O)[C@@H](OC(=O)C(CS)NC(=O)CN)[C@H](C)O3)[C@H](N(C)C)[C@H]2O)[C@@H](CC=O)C[C@@H](C)C(=O)/C=C/C(C)=C/[C@@H]1CO[C@@H]1O[C@H](C)[C@@H](O)[C@@H](OC)[C@H]1OC,TRUE,,-1.79
tylosin,Tylosin (Ì©ÀÖ¾úËØ),REF_TYLOSIN,repository_reference,O38_attached_to_C34,38,34,C,MPM00677,Glycyl-L-tyrosine,NCC(=O)NC(Cc1ccc(O)cc1)C(=O)O,1,CC[C@H]1OC(=O)C[C@@H](O)[C@H](C)[C@@H](O[C@@H]2O[C@H](C)[C@@H](O[C@H]3C[C@@](C)(O)[C@@H](OC(=O)C(Cc4ccc(O)cc4)NC(=O)CN)[C@H](C)O3)[C@H](N(C)C)[C@H]2O)[C@@H](CC=O)C[C@@H](C)C(=O)/C=C/C(C)=C/[C@@H]1CO[C@@H]1O[C@H](C)[C@@H](O)[C@@H](OC)[C@H]1OC,CC[C@H]1OC(=O)C[C@@H](O)[C@H](C)[C@@H](O[C@@H]2O[C@H](C)[C@@H](O[C@H]3C[C@@](C)(O)[C@@H](OC(=O)C(Cc4ccc(O)cc4)NC(=O)CN)[C@H](C)O3)[C@H](N(C)C)[C@H]2O)[C@@H](CC=O)C[C@@H](C)C(=O)/C=C/C(C)=C/[C@@H]1CO[C@@H]1O[C@H](C)[C@@H](O)[C@@H](OC)[C@H]1OC,TRUE,,-0.26
tylosin,Tylosin (Ì©ÀÖ¾úËØ),REF_TYLOSIN,repository_reference,O38_attached_to_C34,38,34,C,MPM00676,Glycyl-L-phenylalanine,NCC(=O)NC(Cc1ccccc1)C(=O)O,1,CC[C@H]1OC(=O)C[C@@H](O)[C@H](C)[C@@H](O[C@@H]2O[C@H](C)[C@@H](O[C@H]3C[C@@](C)(O)[C@@H](OC(=O)C(Cc4ccccc4)NC(=O)CN)[C@H](C)O3)[C@H](N(C)C)[C@H]2O)[C@@H](CC=O)C[C@@H](C)C(=O)/C=C/C(C)=C/[C@@H]1CO[C@@H]1O[C@H](C)[C@@H](O)[C@@H](OC)[C@H]1OC,CC[C@H]1OC(=O)C[C@@H](O)[C@H](C)[C@@H](O[C@@H]2O[C@H](C)[C@@H](O[C@H]3C[C@@](C)(O)[C@@H](OC(=O)C(Cc4ccccc4)NC(=O)CN)[C@H](C)O3)[C@H](N(C)C)[C@H]2O)[C@@H](CC=O)C[C@@H](C)C(=O)/C=C/C(C)=C/[C@@H]1CO[C@@H]1O[C@H](C)[C@@H](O)[C@@H](OC)[C@H]1OC,TRUE,,-0.624
tylosin,Tylosin (Ì©ÀÖ¾úËØ),REF_TYLOSIN,repository_reference,O38_attached_to_C34,38,34,C,MPM01413,Gly,NCC(=O)O,1,CC[C@H]1OC(=O)C[C@@H](O)[C@H](C)[C@@H](O[C@@H]2O[C@H](C)[C@@H](O[C@H]3C[C@@](C)(O)[C@@H](OC(=O)CN)[C@H](C)O3)[C@H](N(C)C)[C@H]2O)[C@@H](CC=O)C[C@@H](C)C(=O)/C=C/C(C)=C/[C@@H]1CO[C@@H]1O[C@H](C)[C@@H](O)[C@@H](OC)[C@H]1OC,CC[C@H]1OC(=O)C[C@@H](O)[C@H](C)[C@@H](O[C@@H]2O[C@H](C)[C@@H](O[C@H]3C[C@@](C)(O)[C@@H](OC(=O)CN)[C@H](C)O3)[C@H](N(C)C)[C@H]2O)[C@@H](CC=O)C[C@@H](C)C(=O)/C=C/C(C)=C/[C@@H]1CO[C@@H]1O[C@H](C)[C@@H](O)[C@@H](OC)[C@H]1OC,TRUE,,-0.39
tylosin,Tylosin (Ì©ÀÖ¾úËØ),REF_TYLOSIN,repository_reference,O38_attached_to_C34,38,34,C,MPM01074,"(S)-2,3-Diaminopropanoate",NCC(N)C(=O)O,1,CC[C@H]1OC(=O)C[C@@H](O)[C@H](C)[C@@H](O[C@@H]2O[C@H](C)[C@@H](O[C@H]3C[C@@](C)(O)[C@@H](OC(=O)C(N)CN)[C@H](C)O3)[C@H](N(C)C)[C@H]2O)[C@@H](CC=O)C[C@@H](C)C(=O)/C=C/C(C)=C/[C@@H]1CO[C@@H]1O[C@H](C)[C@@H](O)[C@@H](OC)[C@H]1OC,CC[C@H]1OC(=O)C[C@@H](O)[C@H](C)[C@@H](O[C@@H]2O[C@H](C)[C@@H](O[C@H]3C[C@@](C)(O)[C@@H](OC(=O)C(N)CN)[C@H](C)O3)[C@H](N(C)C)[C@H]2O)[C@@H](CC=O)C[C@@H](C)C(=O)/C=C/C(C)=C/[C@@H]1CO[C@@H]1O[C@H](C)[C@@H](O)[C@@H](OC)[C@H]1OC,TRUE,,-0.248
tylosin,Tylosin (Ì©ÀÖ¾úËØ),REF_TYLOSIN,repository_reference,O38_attached_to_C34,38,34,C,MPM01212,3-Aminopropanoate,NCCC(=O)O,1,CC[C@H]1OC(=O)C[C@@H](O)[C@H](C)[C@@H](O[C@@H]2O[C@H](C)[C@@H](O[C@H]3C[C@@](C)(O)[C@@H](OC(=O)CCN)[C@H](C)O3)[C@H](N(C)C)[C@H]2O)[C@@H](CC=O)C[C@@H](C)C(=O)/C=C/C(C)=C/[C@@H]1CO[C@@H]1O[C@H](C)[C@@H](O)[C@@H](OC)[C@H]1OC,CC[C@H]1OC(=O)C[C@@H](O)[C@H](C)[C@@H](O[C@@H]2O[C@H](C)[C@@H](O[C@H]3C[C@@](C)(O)[C@@H](OC(=O)CCN)[C@H](C)O3)[C@H](N(C)C)[C@H]2O)[C@@H](CC=O)C[C@@H](C)C(=O)/C=C/C(C)=C/[C@@H]1CO[C@@H]1O[C@H](C)[C@@H](O)[C@@H](OC)[C@H]1OC,TRUE,,-0.48
tylosin,Tylosin (Ì©ÀÖ¾úËØ),REF_TYLOSIN,repository_reference,O38_attached_to_C34,38,34,C,MPM00725,"L-2,4-Diaminobutyrate",NCCC(N)C(=O)O,1,CC[C@H]1OC(=O)C[C@@H](O)[C@H](C)[C@@H](O[C@@H]2O[C@H](C)[C@@H](O[C@H]3C[C@@](C)(O)[C@@H](OC(=O)C(N)CCN)[C@H](C)O3)[C@H](N(C)C)[C@H]2O)[C@@H](CC=O)C[C@@H](C)C(=O)/C=C/C(C)=C/[C@@H]1CO[C@@H]1O[C@H](C)[C@@H](O)[C@@H](OC)[C@H]1OC,CC[C@H]1OC(=O)C[C@@H](O)[C@H](C)[C@@H](O[C@@H]2O[C@H](C)[C@@H](O[C@H]3C[C@@](C)(O)[C@@H](OC(=O)C(N)CCN)[C@H](C)O3)[C@H](N(C)C)[C@H]2O)[C@@H](CC=O)C[C@@H](C)C(=O)/C=C/C(C)=C/[C@@H]1CO[C@@H]1O[C@H](C)[C@@H](O)[C@@H](OC)[C@H]1OC,TRUE,,-0.305
tylosin,Tylosin (Ì©ÀÖ¾úËØ),REF_TYLOSIN,repository_reference,O38_attached_to_C34,38,34,C,MPM01396,GABA,NCCCC(=O)O,1,CC[C@H]1OC(=O)C[C@@H](O)[C@H](C)[C@@H](O[C@@H]2O[C@H](C)[C@@H](O[C@H]3C[C@@](C)(O)[C@@H](OC(=O)CCCN)[C@H](C)O3)[C@H](N(C)C)[C@H]2O)[C@@H](CC=O)C[C@@H](C)C(=O)/C=C/C(C)=C/[C@@H]1CO[C@@H]1O[C@H](C)[C@@H](O)[C@@H](OC)[C@H]1OC,CC[C@H]1OC(=O)C[C@@H](O)[C@H](C)[C@@H](O[C@@H]2O[C@H](C)[C@@H](O[C@H]3C[C@@](C)(O)[C@@H](OC(=O)CCCN)[C@H](C)O3)[C@H](N(C)C)[C@H]2O)[C@@H](CC=O)C[C@@H](C)C(=O)/C=C/C(C)=C/[C@@H]1CO[C@@H]1O[C@H](C)[C@@H](O)[C@@H](OC)[C@H]1OC,TRUE,,-0.542
tylosin,Tylosin (Ì©ÀÖ¾úËØ),REF_TYLOSIN,repository_reference,O38_attached_to_C34,38,34,C,MPM00093,"(S)-2,5-Diaminopentanoate",NCCCC(N)C(=O)O,1,CC[C@H]1OC(=O)C[C@@H](O)[C@H](C)[C@@H](O[C@@H]2O[C@H](C)[C@@H](O[C@H]3C[C@@](C)(O)[C@@H](OC(=O)C(N)CCCN)[C@H](C)O3)[C@H](N(C)C)[C@H]2O)[C@@H](CC=O)C[C@@H](C)C(=O)/C=C/C(C)=C/[C@@H]1CO[C@@H]1O[C@H](C)[C@@H](O)[C@@H](OC)[C@H]1OC,CC[C@H]1OC(=O)C[C@@H](O)[C@H](C)[C@@H](O[C@@H]2O[C@H](C)[C@@H](O[C@H]3C[C@@](C)(O)[C@@H](OC(=O)C(N)CCCN)[C@H](C)O3)[C@H](N(C)C)[C@H]2O)[C@@H](CC=O)C[C@@H](C)C(=O)/C=C/C(C)=C/[C@@H]1CO[C@@H]1O[C@H](C)[C@@H](O)[C@@H](OC)[C@H]1OC,TRUE,,-0.368
tylosin,Tylosin (Ì©ÀÖ¾úËØ),REF_TYLOSIN,repository_reference,O38_attached_to_C34,38,34,C,MPM00742,L-beta-Lysine,NCCCC(N)CC(=O)O,1,CC[C@H]1OC(=O)C[C@@H](O)[C@H](C)[C@@H](O[C@@H]2O[C@H](C)[C@@H](O[C@H]3C[C@@](C)(O)[C@@H](OC(=O)CC(N)CCCN)[C@H](C)O3)[C@H](N(C)C)[C@H]2O)[C@@H](CC=O)C[C@@H](C)C(=O)/C=C/C(C)=C/[C@@H]1CO[C@@H]1O[C@H](C)[C@@H](O)[C@@H](OC)[C@H]1OC,CC[C@H]1OC(=O)C[C@@H](O)[C@H](C)[C@@H](O[C@@H]2O[C@H](C)[C@@H](O[C@H]3C[C@@](C)(O)[C@@H](OC(=O)CC(N)CCCN)[C@H](C)O3)[C@H](N(C)C)[C@H]2O)[C@@H](CC=O)C[C@@H](C)C(=O)/C=C/C(C)=C/[C@@H]1CO[C@@H]1O[C@H](C)[C@@H](O)[C@@H](OC)[C@H]1OC,TRUE,,-0.624
tylosin,Tylosin (Ì©ÀÖ¾úËØ),REF_TYLOSIN,repository_reference,O38_attached_to_C34,38,34,C,MPM01164,2-Oxo-6-aminocaproate,NCCCCC(=O)C(=O)O,1,CC[C@H]1OC(=O)C[C@@H](O)[C@H](C)[C@@H](O[C@@H]2O[C@H](C)[C@@H](O[C@H]3C[C@@](C)(O)[C@@H](OC(=O)C(=O)CCCCN)[C@H](C)O3)[C@H](N(C)C)[C@H]2O)[C@@H](CC=O)C[C@@H](C)C(=O)/C=C/C(C)=C/[C@@H]1CO[C@@H]1O[C@H](C)[C@@H](O)[C@@H](OC)[C@H]1OC,CC[C@H]1OC(=O)C[C@@H](O)[C@H](C)[C@@H](O[C@@H]2O[C@H](C)[C@@H](O[C@H]3C[C@@](C)(O)[C@@H](OC(=O)C(=O)CCCCN)[C@H](C)O3)[C@H](N(C)C)[C@H]2O)[C@@H](CC=O)C[C@@H](C)C(=O)/C=C/C(C)=C/[C@@H]1CO[C@@H]1O[C@H](C)[C@@H](O)[C@@H](OC)[C@H]1OC,TRUE,,-0.546
tylosin,Tylosin (Ì©ÀÖ¾úËØ),REF_TYLOSIN,repository_reference,O38_attached_to_C34,38,34,C,MPM00184,"2,6-Diaminohexanoic acid",NCCCCC(N)C(=O)O,1,CC[C@H]1OC(=O)C[C@@H](O)[C@H](C)[C@@H](O[C@@H]2O[C@H](C)[C@@H](O[C@H]3C[C@@](C)(O)[C@@H](OC(=O)C(N)CCCCN)[C@H](C)O3)[C@H](N(C)C)[C@H]2O)[C@@H](CC=O)C[C@@H](C)C(=O)/C=C/C(C)=C/[C@@H]1CO[C@@H]1O[C@H](C)[C@@H](O)[C@@H](OC)[C@H]1OC,CC[C@H]1OC(=O)C[C@@H](O)[C@H](C)[C@@H](O[C@@H]2O[C@H](C)[C@@H](O[C@H]3C[C@@](C)(O)[C@@H](OC(=O)C(N)CCCCN)[C@H](C)O3)[C@H](N(C)C)[C@H]2O)[C@@H](CC=O)C[C@@H](C)C(=O)/C=C/C(C)=C/[C@@H]1CO[C@@H]1O[C@H](C)[C@@H](O)[C@@H](OC)[C@H]1OC,TRUE,,-0.432
tylosin,Tylosin (Ì©ÀÖ¾úËØ),REF_TYLOSIN,repository_reference,O38_attached_to_C34,38,34,C,MPM00373,5-Amino-1-(5-phospho-D-ribosyl)imidazole-4-carboxylate,Nc1c(C(=O)O)ncn1C1OC(COP(=O)(O)O)C(O)C1O,1,CC[C@H]1OC(=O)C[C@@H](O)[C@H](C)[C@@H](O[C@@H]2O[C@H](C)[C@@H](O[C@H]3C[C@@](C)(O)[C@@H](OC(=O)c4ncn(C5OC(COP(=O)(O)O)C(O)C5O)c4N)[C@H](C)O3)[C@H](N(C)C)[C@H]2O)[C@@H](CC=O)C[C@@H](C)C(=O)/C=C/C(C)=C/[C@@H]1CO[C@@H]1O[C@H](C)[C@@H](O)[C@@H](OC)[C@H]1OC,CC[C@H]1OC(=O)C[C@@H](O)[C@H](C)[C@@H](O[C@@H]2O[C@H](C)[C@@H](O[C@H]3C[C@@](C)(O)[C@@H](OC(=O)c4ncn(C5OC(COP(=O)(O)O)C(O)C5O)c4N)[C@H](C)O3)[C@H](N(C)C)[C@H]2O)[C@@H](CC=O)C[C@@H](C)C(=O)/C=C/C(C)=C/[C@@H]1CO[C@@H]1O[C@H](C)[C@@H](O)[C@@H](OC)[C@H]1OC,TRUE,,-3.383
tylosin,Tylosin (Ì©ÀÖ¾úËØ),REF_TYLOSIN,repository_reference,O38_attached_to_C34,38,34,C,MPM00854,p-Aminobenzoate,Nc1ccc(C(=O)O)cc1,1,CC[C@H]1OC(=O)C[C@@H](O)[C@H](C)[C@@H](O[C@@H]2O[C@H](C)[C@@H](O[C@H]3C[C@@](C)(O)[C@@H](OC(=O)c4ccc(N)cc4)[C@H](C)O3)[C@H](N(C)C)[C@H]2O)[C@@H](CC=O)C[C@@H](C)C(=O)/C=C/C(C)=C/[C@@H]1CO[C@@H]1O[C@H](C)[C@@H](O)[C@@H](OC)[C@H]1OC,CC[C@H]1OC(=O)C[C@@H](O)[C@H](C)[C@@H](O[C@@H]2O[C@H](C)[C@@H](O[C@H]3C[C@@](C)(O)[C@@H](OC(=O)c4ccc(N)cc4)[C@H](C)O3)[C@H](N(C)C)[C@H]2O)[C@@H](CC=O)C[C@@H](C)C(=O)/C=C/C(C)=C/[C@@H]1CO[C@@H]1O[C@H](C)[C@@H](O)[C@@H](OC)[C@H]1OC,TRUE,,-0.456
tylosin,Tylosin (Ì©ÀÖ¾úËØ),REF_TYLOSIN,repository_reference,O38_attached_to_C34,38,34,C,MPM00406,"7,8-Dihydropteroate",Nc1nc2c(c(=O)[nH]1)N=C(CNc1ccc(C(=O)O)cc1)CN2,1,CC[C@H]1OC(=O)C[C@@H](O)[C@H](C)[C@@H](O[C@@H]2O[C@H](C)[C@@H](O[C@H]3C[C@@](C)(O)[C@@H](OC(=O)c4ccc(NCC5=Nc6c(nc(N)[nH]c6=O)NC5)cc4)[C@H](C)O3)[C@H](N(C)C)[C@H]2O)[C@@H](CC=O)C[C@@H](C)C(=O)/C=C/C(C)=C/[C@@H]1CO[C@@H]1O[C@H](C)[C@@H](O)[C@@H](OC)[C@H]1OC,CC[C@H]1OC(=O)C[C@@H](O)[C@H](C)[C@@H](O[C@@H]2O[C@H](C)[C@@H](O[C@H]3C[C@@](C)(O)[C@@H](OC(=O)c4ccc(NCC5=Nc6c(nc(N)[nH]c6=O)NC5)cc4)[C@H](C)O3)[C@H](N(C)C)[C@H]2O)[C@@H](CC=O)C[C@@H](C)C(=O)/C=C/C(C)=C/[C@@H]1CO[C@@H]1O[C@H](C)[C@@H](O)[C@@H](OC)[C@H]1OC,TRUE,,-1.026
tylosin,Tylosin (Ì©ÀÖ¾úËØ),REF_TYLOSIN,repository_reference,O38_attached_to_C34,38,34,C,MPM00938,Se-Adenosylselenohomocysteine,Nc1ncnc2c1ncn2C1OC(C[Se]CCC(N)C(=O)O)C(O)C1O,1,CC[C@H]1OC(=O)C[C@@H](O)[C@H](C)[C@@H](O[C@@H]2O[C@H](C)[C@@H](O[C@H]3C[C@@](C)(O)[C@@H](OC(=O)C(N)CC[Se]CC4OC(n5cnc6c(N)ncnc65)C(O)C4O)[C@H](C)O3)[C@H](N(C)C)[C@H]2O)[C@@H](CC=O)C[C@@H](C)C(=O)/C=C/C(C)=C/[C@@H]1CO[C@@H]1O[C@H](C)[C@@H](O)[C@@H](OC)[C@H]1OC,CC[C@H]1OC(=O)C[C@@H](O)[C@H](C)[C@@H](O[C@@H]2O[C@H](C)[C@@H](O[C@H]3C[C@@](C)(O)[C@@H](OC(=O)C(N)CC[Se]CC4OC(n5cnc6c(N)ncnc65)C(O)C4O)[C@H](C)O3)[C@H](N(C)C)[C@H]2O)[C@@H](CC=O)C[C@@H](C)C(=O)/C=C/C(C)=C/[C@@H]1CO[C@@H]1O[C@H](C)[C@@H](O)[C@@H](OC)[C@H]1OC,TRUE,,-3.582
tylosin,Tylosin (Ì©ÀÖ¾úËØ),REF_TYLOSIN,repository_reference,O38_attached_to_C34,38,34,C,MPM00210,2-Dehydro-3-deoxy-D-galactonate,O=C(O)C(=O)CC(O)C(O)CO,1,CC[C@H]1OC(=O)C[C@@H](O)[C@H](C)[C@@H](O[C@@H]2O[C@H](C)[C@@H](O[C@H]3C[C@@](C)(O)[C@@H](OC(=O)C(=O)CC(O)C(O)CO)[C@H](C)O3)[C@H](N(C)C)[C@H]2O)[C@@H](CC=O)C[C@@H](C)C(=O)/C=C/C(C)=C/[C@@H]1CO[C@@H]1O[C@H](C)[C@@H](O)[C@@H](OC)[C@H]1OC,CC[C@H]1OC(=O)C[C@@H](O)[C@H](C)[C@@H](O[C@@H]2O[C@H](C)[C@@H](O[C@H]3C[C@@](C)(O)[C@@H](OC(=O)C(=O)CC(O)C(O)CO)[C@H](C)O3)[C@H](N(C)C)[C@H]2O)[C@@H](CC=O)C[C@@H](C)C(=O)/C=C/C(C)=C/[C@@H]1CO[C@@H]1O[C@H](C)[C@@H](O)[C@@H](OC)[C@H]1OC,TRUE,,-1.274
tylosin,Tylosin (Ì©ÀÖ¾úËØ),REF_TYLOSIN,repository_reference,O38_attached_to_C34,38,34,C,MPM00212,2-Dehydro-3-deoxy-D-gluconate 6-phosphate,O=C(O)C(=O)CC(O)C(O)COP(=O)(O)O,1,CC[C@H]1OC(=O)C[C@@H](O)[C@H](C)[C@@H](O[C@@H]2O[C@H](C)[C@@H](O[C@H]3C[C@@](C)(O)[C@@H](OC(=O)C(=O)CC(O)C(O)COP(=O)(O)O)[C@H](C)O3)[C@H](N(C)C)[C@H]2O)[C@@H](CC=O)C[C@@H](C)C(=O)/C=C/C(C)=C/[C@@H]1CO[C@@H]1O[C@H](C)[C@@H](O)[C@@H](OC)[C@H]1OC,CC[C@H]1OC(=O)C[C@@H](O)[C@H](C)[C@@H](O[C@@H]2O[C@H](C)[C@@H](O[C@H]3C[C@@](C)(O)[C@@H](OC(=O)C(=O)CC(O)C(O)COP(=O)(O)O)[C@H](C)O3)[C@H](N(C)C)[C@H]2O)[C@@H](CC=O)C[C@@H](C)C(=O)/C=C/C(C)=C/[C@@H]1CO[C@@H]1O[C@H](C)[C@@H](O)[C@@H](OC)[C@H]1OC,TRUE,,-1.444
tylosin,Tylosin (Ì©ÀÖ¾úËØ),REF_TYLOSIN,repository_reference,O38_attached_to_C34,38,34,C,MPM00304,3-Hydroxypyruvic acid,O=C(O)C(=O)CO,1,CC[C@H]1OC(=O)C[C@@H](O)[C@H](C)[C@@H](O[C@@H]2O[C@H](C)[C@@H](O[C@H]3C[C@@](C)(O)[C@@H](OC(=O)C(=O)CO)[C@H](C)O3)[C@H](N(C)C)[C@H]2O)[C@@H](CC=O)C[C@@H](C)C(=O)/C=C/C(C)=C/[C@@H]1CO[C@@H]1O[C@H](C)[C@@H](O)[C@@H](OC)[C@H]1OC,CC[C@H]1OC(=O)C[C@@H](O)[C@H](C)[C@@H](O[C@@H]2O[C@H](C)[C@@H](O[C@H]3C[C@@](C)(O)[C@@H](OC(=O)C(=O)CO)[C@H](C)O3)[C@H](N(C)C)[C@H]2O)[C@@H](CC=O)C[C@@H](C)C(=O)/C=C/C(C)=C/[C@@H]1CO[C@@H]1O[C@H](C)[C@@H](O)[C@@H](OC)[C@H]1OC,TRUE,,-0.366
tylosin,Tylosin (Ì©ÀÖ¾úËØ),REF_TYLOSIN,repository_reference,O38_attached_to_C34,38,34,C,MPM00897,p-Hydroxyphenylpyruvic acid,O=C(O)C(=O)Cc1ccc(O)cc1,1,CC[C@H]1OC(=O)C[C@@H](O)[C@H](C)[C@@H](O[C@@H]2O[C@H](C)[C@@H](O[C@H]3C[C@@](C)(O)[C@@H](OC(=O)C(=O)Cc4ccc(O)cc4)[C@H](C)O3)[C@H](N(C)C)[C@H]2O)[C@@H](CC=O)C[C@@H](C)C(=O)/C=C/C(C)=C/[C@@H]1CO[C@@H]1O[C@H](C)[C@@H](O)[C@@H](OC)[C@H]1OC,CC[C@H]1OC(=O)C[C@@H](O)[C@H](C)[C@@H](O[C@@H]2O[C@H](C)[C@@H](O[C@H]3C[C@@](C)(O)[C@@H](OC(=O)C(=O)Cc4ccc(O)cc4)[C@H](C)O3)[C@H](N(C)C)[C@H]2O)[C@@H](CC=O)C[C@@H](C)C(=O)/C=C/C(C)=C/[C@@H]1CO[C@@H]1O[C@H](C)[C@@H](O)[C@@H](OC)[C@H]1OC,TRUE,,-0.429
tylosin,Tylosin (Ì©ÀÖ¾úËØ),REF_TYLOSIN,repository_reference,O38_attached_to_C34,38,34,C,MPM00253,2-Oxo-3-phenylpropanoate,O=C(O)C(=O)Cc1ccccc1,1,CC[C@H]1OC(=O)C[C@@H](O)[C@H](C)[C@@H](O[C@@H]2O[C@H](C)[C@@H](O[C@H]3C[C@@](C)(O)[C@@H](OC(=O)C(=O)Cc4ccccc4)[C@H](C)O3)[C@H](N(C)C)[C@H]2O)[C@@H](CC=O)C[C@@H](C)C(=O)/C=C/C(C)=C/[C@@H]1CO[C@@H]1O[C@H](C)[C@@H](O)[C@@H](OC)[C@H]1OC,CC[C@H]1OC(=O)C[C@@H](O)[C@H](C)[C@@H](O[C@@H]2O[C@H](C)[C@@H](O[C@H]3C[C@@](C)(O)[C@@H](OC(=O)C(=O)Cc4ccccc4)[C@H](C)O3)[C@H](N(C)C)[C@H]2O)[C@@H](CC=O)C[C@@H](C)C(=O)/C=C/C(C)=C/[C@@H]1CO[C@@H]1O[C@H](C)[C@@H](O)[C@@H](OC)[C@H]1OC,TRUE,,-0.794
tylosin,Tylosin (Ì©ÀÖ¾úËØ),REF_TYLOSIN,repository_reference,O38_attached_to_C34,38,34,C,MPM00249,2-O-(alpha-D-Mannopyranosyl)-D-glycerate,O=C(O)C(CO)OC1OC(CO)C(O)C(O)C1O,1,CC[C@H]1OC(=O)C[C@@H](O)[C@H](C)[C@@H](O[C@@H]2O[C@H](C)[C@@H](O[C@H]3C[C@@](C)(O)[C@@H](OC(=O)C(CO)OC4OC(CO)C(O)C(O)C4O)[C@H](C)O3)[C@H](N(C)C)[C@H]2O)[C@@H](CC=O)C[C@@H](C)C(=O)/C=C/C(C)=C/[C@@H]1CO[C@@H]1O[C@H](C)[C@@H](O)[C@@H](OC)[C@H]1OC,CC[C@H]1OC(=O)C[C@@H](O)[C@H](C)[C@@H](O[C@@H]2O[C@H](C)[C@@H](O[C@H]3C[C@@](C)(O)[C@@H](OC(=O)C(CO)OC4OC(CO)C(O)C(O)C4O)[C@H](C)O3)[C@H](N(C)C)[C@H]2O)[C@@H](CC=O)C[C@@H](C)C(=O)/C=C/C(C)=C/[C@@H]1CO[C@@H]1O[C@H](C)[C@@H](O)[C@@H](OC)[C@H]1OC,TRUE,,-1.998
tylosin,Tylosin (Ì©ÀÖ¾úËØ),REF_TYLOSIN,repository_reference,O38_attached_to_C34,38,34,C,MPM00248,2-O-(6-Phospho-alpha-D-mannosyl)-D-glycerate,O=C(O)C(CO)OC1OC(COP(=O)(O)O)C(O)C(O)C1O,1,CC[C@H]1OC(=O)C[C@@H](O)[C@H](C)[C@@H](O[C@@H]2O[C@H](C)[C@@H](O[C@H]3C[C@@](C)(O)[C@@H](OC(=O)C(CO)OC4OC(COP(=O)(O)O)C(O)C(O)C4O)[C@H](C)O3)[C@H](N(C)C)[C@H]2O)[C@@H](CC=O)C[C@@H](C)C(=O)/C=C/C(C)=C/[C@@H]1CO[C@@H]1O[C@H](C)[C@@H](O)[C@@H](OC)[C@H]1OC,CC[C@H]1OC(=O)C[C@@H](O)[C@H](C)[C@@H](O[C@@H]2O[C@H](C)[C@@H](O[C@H]3C[C@@](C)(O)[C@@H](OC(=O)C(CO)OC4OC(COP(=O)(O)O)C(O)C(O)C4O)[C@H](C)O3)[C@H](N(C)C)[C@H]2O)[C@@H](CC=O)C[C@@H](C)C(=O)/C=C/C(C)=C/[C@@H]1CO[C@@H]1O[C@H](C)[C@@H](O)[C@@H](OC)[C@H]1OC,TRUE,,-2.16
tylosin,Tylosin (Ì©ÀÖ¾úËØ),REF_TYLOSIN,repository_reference,O38_attached_to_C34,38,34,C,MPM00262,2-Phospho-(R)-glycerate,O=C(O)C(CO)OP(=O)(O)O,1,CC[C@H]1OC(=O)C[C@@H](O)[C@H](C)[C@@H](O[C@@H]2O[C@H](C)[C@@H](O[C@H]3C[C@@](C)(O)[C@@H](OC(=O)C(CO)OP(=O)(O)O)[C@H](C)O3)[C@H](N(C)C)[C@H]2O)[C@@H](CC=O)C[C@@H](C)C(=O)/C=C/C(C)=C/[C@@H]1CO[C@@H]1O[C@H](C)[C@@H](O)[C@@H](OC)[C@H]1OC,CC[C@H]1OC(=O)C[C@@H](O)[C@H](C)[C@@H](O[C@@H]2O[C@H](C)[C@@H](O[C@H]3C[C@@](C)(O)[C@@H](OC(=O)C(CO)OP(=O)(O)O)[C@H](C)O3)[C@H](N(C)C)[C@H]2O)[C@@H](CC=O)C[C@@H](C)C(=O)/C=C/C(C)=C/[C@@H]1CO[C@@H]1O[C@H](C)[C@@H](O)[C@@H](OC)[C@H]1OC,TRUE,,-1.217
tylosin,Tylosin (Ì©ÀÖ¾úËØ),REF_TYLOSIN,repository_reference,O38_attached_to_C34,38,34,C,MPM00380,5-Dehydrogluconate,O=C(O)C(O)C(O)C(O)C(=O)CO,1,CC[C@H]1OC(=O)C[C@@H](O)[C@H](C)[C@@H](O[C@@H]2O[C@H](C)[C@@H](O[C@H]3C[C@@](C)(O)[C@@H](OC(=O)C(O)C(O)C(O)C(=O)CO)[C@H](C)O3)[C@H](N(C)C)[C@H]2O)[C@@H](CC=O)C[C@@H](C)C(=O)/C=C/C(C)=C/[C@@H]1CO[C@@H]1O[C@H](C)[C@@H](O)[C@@H](OC)[C@H]1OC,CC[C@H]1OC(=O)C[C@@H](O)[C@H](C)[C@@H](O[C@@H]2O[C@H](C)[C@@H](O[C@H]3C[C@@](C)(O)[C@@H](OC(=O)C(O)C(O)C(O)C(=O)CO)[C@H](C)O3)[C@H](N(C)C)[C@H]2O)[C@@H](CC=O)C[C@@H](C)C(=O)/C=C/C(C)=C/[C@@H]1CO[C@@H]1O[C@H](C)[C@@H](O)[C@@H](OC)[C@H]1OC,TRUE,,-1.32
tylosin,Tylosin (Ì©ÀÖ¾úËØ),REF_TYLOSIN,repository_reference,O38_attached_to_C34,38,34,C,MPM00547,D-Altronate,O=C(O)C(O)C(O)C(O)C(O)CO,1,CC[C@H]1OC(=O)C[C@@H](O)[C@H](C)[C@@H](O[C@@H]2O[C@H](C)[C@@H](O[C@H]3C[C@@](C)(O)[C@@H](OC(=O)C(O)C(O)C(O)C(O)CO)[C@H](C)O3)[C@H](N(C)C)[C@H]2O)[C@@H](CC=O)C[C@@H](C)C(=O)/C=C/C(C)=C/[C@@H]1CO[C@@H]1O[C@H](C)[C@@H](O)[C@@H](OC)[C@H]1OC,CC[C@H]1OC(=O)C[C@@H](O)[C@H](C)[C@@H](O[C@@H]2O[C@H](C)[C@@H](O[C@H]3C[C@@](C)(O)[C@@H](OC(=O)C(O)C(O)C(O)C(O)CO)[C@H](C)O3)[C@H](N(C)C)[C@H]2O)[C@@H](CC=O)C[C@@H](C)C(=O)/C=C/C(C)=C/[C@@H]1CO[C@@H]1O[C@H](C)[C@@H](O)[C@@H](OC)[C@H]1OC,TRUE,,-1.674
tylosin,Tylosin (Ì©ÀÖ¾úËØ),REF_TYLOSIN,repository_reference,O38_attached_to_C34,38,34,C,MPM00401,6-Phospho-D-gluconate,O=C(O)C(O)C(O)C(O)C(O)COP(=O)(O)O,1,CC[C@H]1OC(=O)C[C@@H](O)[C@H](C)[C@@H](O[C@@H]2O[C@H](C)[C@@H](O[C@H]3C[C@@](C)(O)[C@@H](OC(=O)C(O)C(O)C(O)C(O)COP(=O)(O)O)[C@H](C)O3)[C@H](N(C)C)[C@H]2O)[C@@H](CC=O)C[C@@H](C)C(=O)/C=C/C(C)=C/[C@@H]1CO[C@@H]1O[C@H](C)[C@@H](O)[C@@H](OC)[C@H]1OC,CC[C@H]1OC(=O)C[C@@H](O)[C@H](C)[C@@H](O[C@@H]2O[C@H](C)[C@@H](O[C@H]3C[C@@](C)(O)[C@@H](OC(=O)C(O)C(O)C(O)C(O)COP(=O)(O)O)[C@H](C)O3)[C@H](N(C)C)[C@H]2O)[C@@H](CC=O)C[C@@H](C)C(=O)/C=C/C(C)=C/[C@@H]1CO[C@@H]1O[C@H](C)[C@@H](O)[C@@H](OC)[C@H]1OC,TRUE,,-1.845
tylosin,Tylosin (Ì©ÀÖ¾úËØ),REF_TYLOSIN,repository_reference,O38_attached_to_C34,38,34,C,MPM00666,Glyceric acid,O=C(O)C(O)CO,1,CC[C@H]1OC(=O)C[C@@H](O)[C@H](C)[C@@H](O[C@@H]2O[C@H](C)[C@@H](O[C@H]3C[C@@](C)(O)[C@@H](OC(=O)C(O)CO)[C@H](C)O3)[C@H](N(C)C)[C@H]2O)[C@@H](CC=O)C[C@@H](C)C(=O)/C=C/C(C)=C/[C@@H]1CO[C@@H]1O[C@H](C)[C@@H](O)[C@@H](OC)[C@H]1OC,CC[C@H]1OC(=O)C[C@@H](O)[C@H](C)[C@@H](O[C@@H]2O[C@H](C)[C@@H](O[C@H]3C[C@@](C)(O)[C@@H](OC(=O)C(O)CO)[C@H](C)O3)[C@H](N(C)C)[C@H]2O)[C@@H](CC=O)C[C@@H](C)C(=O)/C=C/C(C)=C/[C@@H]1CO[C@@H]1O[C@H](C)[C@@H](O)[C@@H](OC)[C@H]1OC,TRUE,,-0.85
tylosin,Tylosin (Ì©ÀÖ¾úËØ),REF_TYLOSIN,repository_reference,O38_attached_to_C34,38,34,C,MPM00324,3-Phosphoglycerate,O=C(O)C(O)COP(=O)(O)O,1,CC[C@H]1OC(=O)C[C@@H](O)[C@H](C)[C@@H](O[C@@H]2O[C@H](C)[C@@H](O[C@H]3C[C@@](C)(O)[C@@H](OC(=O)C(O)COP(=O)(O)O)[C@H](C)O3)[C@H](N(C)C)[C@H]2O)[C@@H](CC=O)C[C@@H](C)C(=O)/C=C/C(C)=C/[C@@H]1CO[C@@H]1O[C@H](C)[C@@H](O)[C@@H](OC)[C@H]1OC,CC[C@H]1OC(=O)C[C@@H](O)[C@H](C)[C@@H](O[C@@H]2O[C@H](C)[C@@H](O[C@H]3C[C@@](C)(O)[C@@H](OC(=O)C(O)COP(=O)(O)O)[C@H](C)O3)[C@H](N(C)C)[C@H]2O)[C@@H](CC=O)C[C@@H](C)C(=O)/C=C/C(C)=C/[C@@H]1CO[C@@H]1O[C@H](C)[C@@H](O)[C@@H](OC)[C@H]1OC,TRUE,,-1.02
tylosin,Tylosin (Ì©ÀÖ¾úËØ),REF_TYLOSIN,repository_reference,O38_attached_to_C34,38,34,C,MPM00001,(-)-Quinic acid,O=C(O)C1(O)CC(O)C(O)C(O)C1,1,CC[C@H]1OC(=O)C[C@@H](O)[C@H](C)[C@@H](O[C@@H]2O[C@H](C)[C@@H](O[C@H]3C[C@@](C)(O)[C@@H](OC(=O)C4(O)CC(O)C(O)C(O)C4)[C@H](C)O3)[C@H](N(C)C)[C@H]2O)[C@@H](CC=O)C[C@@H](C)C(=O)/C=C/C(C)=C/[C@@H]1CO[C@@H]1O[C@H](C)[C@@H](O)[C@@H](OC)[C@H]1OC,CC[C@H]1OC(=O)C[C@@H](O)[C@H](C)[C@@H](O[C@@H]2O[C@H](C)[C@@H](O[C@H]3C[C@@](C)(O)[C@@H](OC(=O)C4(O)CC(O)C(O)C(O)C4)[C@H](C)O3)[C@H](N(C)C)[C@H]2O)[C@@H](CC=O)C[C@@H](C)C(=O)/C=C/C(C)=C/[C@@H]1CO[C@@H]1O[C@H](C)[C@@H](O)[C@@H](OC)[C@H]1OC,TRUE,,-1.943
tylosin,Tylosin (Ì©ÀÖ¾úËØ),REF_TYLOSIN,repository_reference,O38_attached_to_C34,38,34,C,MPM00283,3-Dehydroshikimate,O=C(O)C1=CC(=O)C(O)C(O)C1,1,CC[C@H]1OC(=O)C[C@@H](O)[C@H](C)[C@@H](O[C@@H]2O[C@H](C)[C@@H](O[C@H]3C[C@@](C)(O)[C@@H](OC(=O)C4=CC(=O)C(O)C(O)C4)[C@H](C)O3)[C@H](N(C)C)[C@H]2O)[C@@H](CC=O)C[C@@H](C)C(=O)/C=C/C(C)=C/[C@@H]1CO[C@@H]1O[C@H](C)[C@@H](O)[C@@H](OC)[C@H]1OC,CC[C@H]1OC(=O)C[C@@H](O)[C@H](C)[C@@H](O[C@@H]2O[C@H](C)[C@@H](O[C@H]3C[C@@](C)(O)[C@@H](OC(=O)C4=CC(=O)C(O)C(O)C4)[C@H](C)O3)[C@H](N(C)C)[C@H]2O)[C@@H](CC=O)C[C@@H](C)C(=O)/C=C/C(C)=C/[C@@H]1CO[C@@H]1O[C@H](C)[C@@H](O)[C@@H](OC)[C@H]1OC,TRUE,,-1.06
tylosin,Tylosin (Ì©ÀÖ¾úËØ),REF_TYLOSIN,repository_reference,O38_attached_to_C34,38,34,C,MPM00269,"3,4,5-Trihydroxy-1-cyclohexenecarboxylic acid",O=C(O)C1=CC(O)C(O)C(O)C1,1,CC[C@H]1OC(=O)C[C@@H](O)[C@H](C)[C@@H](O[C@@H]2O[C@H](C)[C@@H](O[C@H]3C[C@@](C)(O)[C@@H](OC(=O)C4=CC(O)C(O)C(O)C4)[C@H](C)O3)[C@H](N(C)C)[C@H]2O)[C@@H](CC=O)C[C@@H](C)C(=O)/C=C/C(C)=C/[C@@H]1CO[C@@H]1O[C@H](C)[C@@H](O)[C@@H](OC)[C@H]1OC,CC[C@H]1OC(=O)C[C@@H](O)[C@H](C)[C@@H](O[C@@H]2O[C@H](C)[C@@H](O[C@H]3C[C@@](C)(O)[C@@H](OC(=O)C4=CC(O)C(O)C(O)C4)[C@H](C)O3)[C@H](N(C)C)[C@H]2O)[C@@H](CC=O)C[C@@H](C)C(=O)/C=C/C(C)=C/[C@@H]1CO[C@@H]1O[C@H](C)[C@@H](O)[C@@H](OC)[C@H]1OC,TRUE,,-1.413
tylosin,Tylosin (Ì©ÀÖ¾úËØ),REF_TYLOSIN,repository_reference,O38_attached_to_C34,38,34,C,MPM00160,1-pyrroline-2-carboxylic acid zwitterion,O=C(O)C1=NCCC1,1,CC[C@H]1OC(=O)C[C@@H](O)[C@H](C)[C@@H](O[C@@H]2O[C@H](C)[C@@H](O[C@H]3C[C@@](C)(O)[C@@H](OC(=O)C4=NCCC4)[C@H](C)O3)[C@H](N(C)C)[C@H]2O)[C@@H](CC=O)C[C@@H](C)C(=O)/C=C/C(C)=C/[C@@H]1CO[C@@H]1O[C@H](C)[C@@H](O)[C@@H](OC)[C@H]1OC,CC[C@H]1OC(=O)C[C@@H](O)[C@H](C)[C@@H](O[C@@H]2O[C@H](C)[C@@H](O[C@H]3C[C@@](C)(O)[C@@H](OC(=O)C4=NCCC4)[C@H](C)O3)[C@H](N(C)C)[C@H]2O)[C@@H](CC=O)C[C@@H](C)C(=O)/C=C/C(C)=C/[C@@H]1CO[C@@H]1O[C@H](C)[C@@H](O)[C@@H](OC)[C@H]1OC,TRUE,,-1.094
tylosin,Tylosin (Ì©ÀÖ¾úËØ),REF_TYLOSIN,repository_reference,O38_attached_to_C34,38,34,C,MPM01116,1-Piperideine-2-carboxylate,O=C(O)C1=NCCCC1,1,CC[C@H]1OC(=O)C[C@@H](O)[C@H](C)[C@@H](O[C@@H]2O[C@H](C)[C@@H](O[C@H]3C[C@@](C)(O)[C@@H](OC(=O)C4=NCCCC4)[C@H](C)O3)[C@H](N(C)C)[C@H]2O)[C@@H](CC=O)C[C@@H](C)C(=O)/C=C/C(C)=C/[C@@H]1CO[C@@H]1O[C@H](C)[C@@H](O)[C@@H](OC)[C@H]1OC,CC[C@H]1OC(=O)C[C@@H](O)[C@H](C)[C@@H](O[C@@H]2O[C@H](C)[C@@H](O[C@H]3C[C@@](C)(O)[C@@H](OC(=O)C4=NCCCC4)[C@H](C)O3)[C@H](N(C)C)[C@H]2O)[C@@H](CC=O)C[C@@H](C)C(=O)/C=C/C(C)=C/[C@@H]1CO[C@@H]1O[C@H](C)[C@@H](O)[C@@H](OC)[C@H]1OC,TRUE,,-1.107
tylosin,Tylosin (Ì©ÀÖ¾úËØ),REF_TYLOSIN,repository_reference,O38_attached_to_C34,38,34,C,MPM00047,"(3R,5S)-3-Hydroxy-1-pyrroline-5-carboxylate",O=C(O)C1CC(O)C=N1,1,CC[C@H]1OC(=O)C[C@@H](O)[C@H](C)[C@@H](O[C@@H]2O[C@H](C)[C@@H](O[C@H]3C[C@@](C)(O)[C@@H](OC(=O)C4CC(O)C=N4)[C@H](C)O3)[C@H](N(C)C)[C@H]2O)[C@@H](CC=O)C[C@@H](C)C(=O)/C=C/C(C)=C/[C@@H]1CO[C@@H]1O[C@H](C)[C@@H](O)[C@@H](OC)[C@H]1OC,CC[C@H]1OC(=O)C[C@@H](O)[C@H](C)[C@@H](O[C@@H]2O[C@H](C)[C@@H](O[C@H]3C[C@@](C)(O)[C@@H](OC(=O)C4CC(O)C=N4)[C@H](C)O3)[C@H](N(C)C)[C@H]2O)[C@@H](CC=O)C[C@@H](C)C(=O)/C=C/C(C)=C/[C@@H]1CO[C@@H]1O[C@H](C)[C@@H](O)[C@@H](OC)[C@H]1OC,TRUE,,-1.677
tylosin,Tylosin (Ì©ÀÖ¾úËØ),REF_TYLOSIN,repository_reference,O38_attached_to_C34,38,34,C,MPM00521,cis-4-Hydroxy-D-proline,O=C(O)C1CC(O)CN1,1,CC[C@H]1OC(=O)C[C@@H](O)[C@H](C)[C@@H](O[C@@H]2O[C@H](C)[C@@H](O[C@H]3C[C@@](C)(O)[C@@H](OC(=O)C4CC(O)CN4)[C@H](C)O3)[C@H](N(C)C)[C@H]2O)[C@@H](CC=O)C[C@@H](C)C(=O)/C=C/C(C)=C/[C@@H]1CO[C@@H]1O[C@H](C)[C@@H](O)[C@@H](OC)[C@H]1OC,CC[C@H]1OC(=O)C[C@@H](O)[C@H](C)[C@@H](O[C@@H]2O[C@H](C)[C@@H](O[C@H]3C[C@@](C)(O)[C@@H](OC(=O)C4CC(O)CN4)[C@H](C)O3)[C@H](N(C)C)[C@H]2O)[C@@H](CC=O)C[C@@H](C)C(=O)/C=C/C(C)=C/[C@@H]1CO[C@@H]1O[C@H](C)[C@@H](O)[C@@H](OC)[C@H]1OC,TRUE,,-1.043
tylosin,Tylosin (Ì©ÀÖ¾úËØ),REF_TYLOSIN,repository_reference,O38_attached_to_C34,38,34,C,MPM00162,1-Pyrroline-5-carboxylate,O=C(O)C1CCC=N1,1,CC[C@H]1OC(=O)C[C@@H](O)[C@H](C)[C@@H](O[C@@H]2O[C@H](C)[C@@H](O[C@H]3C[C@@](C)(O)[C@@H](OC(=O)C4CCC=N4)[C@H](C)O3)[C@H](N(C)C)[C@H]2O)[C@@H](CC=O)C[C@@H](C)C(=O)/C=C/C(C)=C/[C@@H]1CO[C@@H]1O[C@H](C)[C@@H](O)[C@@H](OC)[C@H]1OC,CC[C@H]1OC(=O)C[C@@H](O)[C@H](C)[C@@H](O[C@@H]2O[C@H](C)[C@@H](O[C@H]3C[C@@](C)(O)[C@@H](OC(=O)C4CCC=N4)[C@H](C)O3)[C@H](N(C)C)[C@H]2O)[C@@H](CC=O)C[C@@H](C)C(=O)/C=C/C(C)=C/[C@@H]1CO[C@@H]1O[C@H](C)[C@@H](O)[C@@H](OC)[C@H]1OC,TRUE,,-1.344
tylosin,Tylosin (Ì©ÀÖ¾úËØ),REF_TYLOSIN,repository_reference,O38_attached_to_C34,38,34,C,MPM00613,D-Proline,O=C(O)C1CCCN1,1,CC[C@H]1OC(=O)C[C@@H](O)[C@H](C)[C@@H](O[C@@H]2O[C@H](C)[C@@H](O[C@H]3C[C@@](C)(O)[C@@H](OC(=O)C4CCCN4)[C@H](C)O3)[C@H](N(C)C)[C@H]2O)[C@@H](CC=O)C[C@@H](C)C(=O)/C=C/C(C)=C/[C@@H]1CO[C@@H]1O[C@H](C)[C@@H](O)[C@@H](OC)[C@H]1OC,CC[C@H]1OC(=O)C[C@@H](O)[C@H](C)[C@@H](O[C@@H]2O[C@H](C)[C@@H](O[C@H]3C[C@@](C)(O)[C@@H](OC(=O)C4CCCN4)[C@H](C)O3)[C@H](N(C)C)[C@H]2O)[C@@H](CC=O)C[C@@H](C)C(=O)/C=C/C(C)=C/[C@@H]1CO[C@@H]1O[C@H](C)[C@@H](O)[C@@H](OC)[C@H]1OC,TRUE,,-0.726
tylosin,Tylosin (Ì©ÀÖ¾úËØ),REF_TYLOSIN,repository_reference,O38_attached_to_C34,38,34,C,MPM00575,D-Galacturonic acid,O=C(O)C1OC(O)C(O)C(O)C1O,1,CC[C@H]1OC(=O)C[C@@H](O)[C@H](C)[C@@H](O[C@@H]2O[C@H](C)[C@@H](O[C@H]3C[C@@](C)(O)[C@@H](OC(=O)C4OC(O)C(O)C(O)C4O)[C@H](C)O3)[C@H](N(C)C)[C@H]2O)[C@@H](CC=O)C[C@@H](C)C(=O)/C=C/C(C)=C/[C@@H]1CO[C@@H]1O[C@H](C)[C@@H](O)[C@@H](OC)[C@H]1OC,CC[C@H]1OC(=O)C[C@@H](O)[C@H](C)[C@@H](O[C@@H]2O[C@H](C)[C@@H](O[C@H]3C[C@@](C)(O)[C@@H](OC(=O)C4OC(O)C(O)C(O)C4O)[C@H](C)O3)[C@H](N(C)C)[C@H]2O)[C@@H](CC=O)C[C@@H](C)C(=O)/C=C/C(C)=C/[C@@H]1CO[C@@H]1O[C@H](C)[C@@H](O)[C@@H](OC)[C@H]1OC,TRUE,,-1.74
tylosin,Tylosin (Ì©ÀÖ¾úËØ),REF_TYLOSIN,repository_reference,O38_attached_to_C34,38,34,C,MPM00158,1-Phospho-alpha-D-glucuronate,O=C(O)C1OC(OP(=O)(O)O)C(O)C(O)C1O,1,CC[C@H]1OC(=O)C[C@@H](O)[C@H](C)[C@@H](O[C@@H]2O[C@H](C)[C@@H](O[C@H]3C[C@@](C)(O)[C@@H](OC(=O)C4OC(OP(=O)(O)O)C(O)C(O)C4O)[C@H](C)O3)[C@H](N(C)C)[C@H]2O)[C@@H](CC=O)C[C@@H](C)C(=O)/C=C/C(C)=C/[C@@H]1CO[C@@H]1O[C@H](C)[C@@H](O)[C@@H](OC)[C@H]1OC,CC[C@H]1OC(=O)C[C@@H](O)[C@H](C)[C@@H](O[C@@H]2O[C@H](C)[C@@H](O[C@H]3C[C@@](C)(O)[C@@H](OC(=O)C4OC(OP(=O)(O)O)C(O)C(O)C4O)[C@H](C)O3)[C@H](N(C)C)[C@H]2O)[C@@H](CC=O)C[C@@H](C)C(=O)/C=C/C(C)=C/[C@@H]1CO[C@@H]1O[C@H](C)[C@@H](O)[C@@H](OC)[C@H]1OC,TRUE,,-2.678
tylosin,Tylosin (Ì©ÀÖ¾úËØ),REF_TYLOSIN,repository_reference,O38_attached_to_C34,38,34,C,MPM00009,"(2E)-3-(3,4-Dihydroxyphenyl)prop-2-enoate",O=C(O)C=Cc1ccc(O)c(O)c1,1,CC[C@H]1OC(=O)C[C@@H](O)[C@H](C)[C@@H](O[C@@H]2O[C@H](C)[C@@H](O[C@H]3C[C@@](C)(O)[C@@H](OC(=O)C=Cc4ccc(O)c(O)c4)[C@H](C)O3)[C@H](N(C)C)[C@H]2O)[C@@H](CC=O)C[C@@H](C)C(=O)/C=C/C(C)=C/[C@@H]1CO[C@@H]1O[C@H](C)[C@@H](O)[C@@H](OC)[C@H]1OC,CC[C@H]1OC(=O)C[C@@H](O)[C@H](C)[C@@H](O[C@@H]2O[C@H](C)[C@@H](O[C@H]3C[C@@](C)(O)[C@@H](OC(=O)C=Cc4ccc(O)c(O)c4)[C@H](C)O3)[C@H](N(C)C)[C@H]2O)[C@@H](CC=O)C[C@@H](C)C(=O)/C=C/C(C)=C/[C@@H]1CO[C@@H]1O[C@H](C)[C@@H](O)[C@@H](OC)[C@H]1OC,TRUE,,-0.032
tylosin,Tylosin (Ì©ÀÖ¾úËØ),REF_TYLOSIN,repository_reference,O38_attached_to_C34,38,34,C,MPM00350,4-Hydroxycinnamate,O=C(O)C=Cc1ccc(O)cc1,1,CC[C@H]1OC(=O)C[C@@H](O)[C@H](C)[C@@H](O[C@@H]2O[C@H](C)[C@@H](O[C@H]3C[C@@](C)(O)[C@@H](OC(=O)C=Cc4ccc(O)cc4)[C@H](C)O3)[C@H](N(C)C)[C@H]2O)[C@@H](CC=O)C[C@@H](C)C(=O)/C=C/C(C)=C/[C@@H]1CO[C@@H]1O[C@H](C)[C@@H](O)[C@@H](OC)[C@H]1OC,CC[C@H]1OC(=O)C[C@@H](O)[C@H](C)[C@@H](O[C@@H]2O[C@H](C)[C@@H](O[C@H]3C[C@@](C)(O)[C@@H](OC(=O)C=Cc4ccc(O)cc4)[C@H](C)O3)[C@H](N(C)C)[C@H]2O)[C@@H](CC=O)C[C@@H](C)C(=O)/C=C/C(C)=C/[C@@H]1CO[C@@H]1O[C@H](C)[C@@H](O)[C@@H](OC)[C@H]1OC,TRUE,,0.27
tylosin,Tylosin (Ì©ÀÖ¾úËØ),REF_TYLOSIN,repository_reference,O38_attached_to_C34,38,34,C,MPM00014,(2E)-3-Phenylprop-2-enoate,O=C(O)C=Cc1ccccc1,1,CC[C@H]1OC(=O)C[C@@H](O)[C@H](C)[C@@H](O[C@@H]2O[C@H](C)[C@@H](O[C@H]3C[C@@](C)(O)[C@@H](OC(=O)C=Cc4ccccc4)[C@H](C)O3)[C@H](N(C)C)[C@H]2O)[C@@H](CC=O)C[C@@H](C)C(=O)/C=C/C(C)=C/[C@@H]1CO[C@@H]1O[C@H](C)[C@@H](O)[C@@H](OC)[C@H]1OC,CC[C@H]1OC(=O)C[C@@H](O)[C@H](C)[C@@H](O[C@@H]2O[C@H](C)[C@@H](O[C@H]3C[C@@](C)(O)[C@@H](OC(=O)C=Cc4ccccc4)[C@H](C)O3)[C@H](N(C)C)[C@H]2O)[C@@H](CC=O)C[C@@H](C)C(=O)/C=C/C(C)=C/[C@@H]1CO[C@@H]1O[C@H](C)[C@@H](O)[C@@H](OC)[C@H]1OC,TRUE,,0.66
tylosin,Tylosin (Ì©ÀÖ¾úËØ),REF_TYLOSIN,repository_reference,O38_attached_to_C34,38,34,C,MPM00285,3-Hydroxy-10-phenyldecanoic acid,O=C(O)CC(O)CCCCCCCc1ccccc1,1,CC[C@H]1OC(=O)C[C@@H](O)[C@H](C)[C@@H](O[C@@H]2O[C@H](C)[C@@H](O[C@H]3C[C@@](C)(O)[C@@H](OC(=O)CC(O)CCCCCCCc4ccccc4)[C@H](C)O3)[C@H](N(C)C)[C@H]2O)[C@@H](CC=O)C[C@@H](C)C(=O)/C=C/C(C)=C/[C@@H]1CO[C@@H]1O[C@H](C)[C@@H](O)[C@@H](OC)[C@H]1OC,CC[C@H]1OC(=O)C[C@@H](O)[C@H](C)[C@@H](O[C@@H]2O[C@H](C)[C@@H](O[C@H]3C[C@@](C)(O)[C@@H](OC(=O)CC(O)CCCCCCCc4ccccc4)[C@H](C)O3)[C@H](N(C)C)[C@H]2O)[C@@H](CC=O)C[C@@H](C)C(=O)/C=C/C(C)=C/[C@@H]1CO[C@@H]1O[C@H](C)[C@@H](O)[C@@H](OC)[C@H]1OC,TRUE,,-1.534
tylosin,Tylosin (Ì©ÀÖ¾úËØ),REF_TYLOSIN,repository_reference,O38_attached_to_C34,38,34,C,MPM00292,3-Hydroxy-9-phenylnonanoic acid,O=C(O)CC(O)CCCCCCc1ccccc1,1,CC[C@H]1OC(=O)C[C@@H](O)[C@H](C)[C@@H](O[C@@H]2O[C@H](C)[C@@H](O[C@H]3C[C@@](C)(O)[C@@H](OC(=O)CC(O)CCCCCCc4ccccc4)[C@H](C)O3)[C@H](N(C)C)[C@H]2O)[C@@H](CC=O)C[C@@H](C)C(=O)/C=C/C(C)=C/[C@@H]1CO[C@@H]1O[C@H](C)[C@@H](O)[C@@H](OC)[C@H]1OC,CC[C@H]1OC(=O)C[C@@H](O)[C@H](C)[C@@H](O[C@@H]2O[C@H](C)[C@@H](O[C@H]3C[C@@](C)(O)[C@@H](OC(=O)CC(O)CCCCCCc4ccccc4)[C@H](C)O3)[C@H](N(C)C)[C@H]2O)[C@@H](CC=O)C[C@@H](C)C(=O)/C=C/C(C)=C/[C@@H]1CO[C@@H]1O[C@H](C)[C@@H](O)[C@@H](OC)[C@H]1OC,TRUE,,-1.466
tylosin,Tylosin (Ì©ÀÖ¾úËØ),REF_TYLOSIN,repository_reference,O38_attached_to_C34,38,34,C,MPM00291,3-Hydroxy-8-phenyloctanoic acid,O=C(O)CC(O)CCCCCc1ccccc1,1,CC[C@H]1OC(=O)C[C@@H](O)[C@H](C)[C@@H](O[C@@H]2O[C@H](C)[C@@H](O[C@H]3C[C@@](C)(O)[C@@H](OC(=O)CC(O)CCCCCc4ccccc4)[C@H](C)O3)[C@H](N(C)C)[C@H]2O)[C@@H](CC=O)C[C@@H](C)C(=O)/C=C/C(C)=C/[C@@H]1CO[C@@H]1O[C@H](C)[C@@H](O)[C@@H](OC)[C@H]1OC,CC[C@H]1OC(=O)C[C@@H](O)[C@H](C)[C@@H](O[C@@H]2O[C@H](C)[C@@H](O[C@H]3C[C@@](C)(O)[C@@H](OC(=O)CC(O)CCCCCc4ccccc4)[C@H](C)O3)[C@H](N(C)C)[C@H]2O)[C@@H](CC=O)C[C@@H](C)C(=O)/C=C/C(C)=C/[C@@H]1CO[C@@H]1O[C@H](C)[C@@H](O)[C@@H](OC)[C@H]1OC,TRUE,,-1.401
tylosin,Tylosin (Ì©ÀÖ¾úËØ),REF_TYLOSIN,repository_reference,O38_attached_to_C34,38,34,C,MPM00290,3-Hydroxy-7-phenylheptanoic acid,O=C(O)CC(O)CCCCc1ccccc1,1,CC[C@H]1OC(=O)C[C@@H](O)[C@H](C)[C@@H](O[C@@H]2O[C@H](C)[C@@H](O[C@H]3C[C@@](C)(O)[C@@H](OC(=O)CC(O)CCCCc4ccccc4)[C@H](C)O3)[C@H](N(C)C)[C@H]2O)[C@@H](CC=O)C[C@@H](C)C(=O)/C=C/C(C)=C/[C@@H]1CO[C@@H]1O[C@H](C)[C@@H](O)[C@@H](OC)[C@H]1OC,CC[C@H]1OC(=O)C[C@@H](O)[C@H](C)[C@@H](O[C@@H]2O[C@H](C)[C@@H](O[C@H]3C[C@@](C)(O)[C@@H](OC(=O)CC(O)CCCCc4ccccc4)[C@H](C)O3)[C@H](N(C)C)[C@H]2O)[C@@H](CC=O)C[C@@H](C)C(=O)/C=C/C(C)=C/[C@@H]1CO[C@@H]1O[C@H](C)[C@@H](O)[C@@H](OC)[C@H]1OC,TRUE,,-1.332
tylosin,Tylosin (Ì©ÀÖ¾úËØ),REF_TYLOSIN,repository_reference,O38_attached_to_C34,38,34,C,MPM00289,3-Hydroxy-6-phenylhexanoic acid,O=C(O)CC(O)CCCc1ccccc1,1,CC[C@H]1OC(=O)C[C@@H](O)[C@H](C)[C@@H](O[C@@H]2O[C@H](C)[C@@H](O[C@H]3C[C@@](C)(O)[C@@H](OC(=O)CC(O)CCCc4ccccc4)[C@H](C)O3)[C@H](N(C)C)[C@H]2O)[C@@H](CC=O)C[C@@H](C)C(=O)/C=C/C(C)=C/[C@@H]1CO[C@@H]1O[C@H](C)[C@@H](O)[C@@H](OC)[C@H]1OC,CC[C@H]1OC(=O)C[C@@H](O)[C@H](C)[C@@H](O[C@@H]2O[C@H](C)[C@@H](O[C@H]3C[C@@](C)(O)[C@@H](OC(=O)CC(O)CCCc4ccccc4)[C@H](C)O3)[C@H](N(C)C)[C@H]2O)[C@@H](CC=O)C[C@@H](C)C(=O)/C=C/C(C)=C/[C@@H]1CO[C@@H]1O[C@H](C)[C@@H](O)[C@@H](OC)[C@H]1OC,TRUE,,-1.267
tylosin,Tylosin (Ì©ÀÖ¾úËØ),REF_TYLOSIN,repository_reference,O38_attached_to_C34,38,34,C,MPM00388,"5-Oxo-4,5-dihydrofuran-2-acetate",O=C(O)CC1=CCC(=O)O1,1,CC[C@H]1OC(=O)C[C@@H](O)[C@H](C)[C@@H](O[C@@H]2O[C@H](C)[C@@H](O[C@H]3C[C@@](C)(O)[C@@H](OC(=O)CC4=CCC(=O)O4)[C@H](C)O3)[C@H](N(C)C)[C@H]2O)[C@@H](CC=O)C[C@@H](C)C(=O)/C=C/C(C)=C/[C@@H]1CO[C@@H]1O[C@H](C)[C@@H](O)[C@@H](OC)[C@H]1OC,CC[C@H]1OC(=O)C[C@@H](O)[C@H](C)[C@@H](O[C@@H]2O[C@H](C)[C@@H](O[C@H]3C[C@@](C)(O)[C@@H](OC(=O)CC4=CCC(=O)O4)[C@H](C)O3)[C@H](N(C)C)[C@H]2O)[C@@H](CC=O)C[C@@H](C)C(=O)/C=C/C(C)=C/[C@@H]1CO[C@@H]1O[C@H](C)[C@@H](O)[C@@H](OC)[C@H]1OC,TRUE,,-0.775
tylosin,Tylosin (Ì©ÀÖ¾úËØ),REF_TYLOSIN,repository_reference,O38_attached_to_C34,38,34,C,MPM00597,DL-Thioctic acid,O=C(O)CCCCC1CCSS1,1,CC[C@H]1OC(=O)C[C@@H](O)[C@H](C)[C@@H](O[C@@H]2O[C@H](C)[C@@H](O[C@H]3C[C@@](C)(O)[C@@H](OC(=O)CCCCC4CCSS4)[C@H](C)O3)[C@H](N(C)C)[C@H]2O)[C@@H](CC=O)C[C@@H](C)C(=O)/C=C/C(C)=C/[C@@H]1CO[C@@H]1O[C@H](C)[C@@H](O)[C@@H](OC)[C@H]1OC,CC[C@H]1OC(=O)C[C@@H](O)[C@H](C)[C@@H](O[C@@H]2O[C@H](C)[C@@H](O[C@H]3C[C@@](C)(O)[C@@H](OC(=O)CCCCC4CCSS4)[C@H](C)O3)[C@H](N(C)C)[C@H]2O)[C@@H](CC=O)C[C@@H](C)C(=O)/C=C/C(C)=C/[C@@H]1CO[C@@H]1O[C@H](C)[C@@H](O)[C@@H](OC)[C@H]1OC,TRUE,,-2.502
tylosin,Tylosin (Ì©ÀÖ¾úËØ),REF_TYLOSIN,repository_reference,O38_attached_to_C34,38,34,C,MPM00525,Coenzyme R,O=C(O)CCCCC1SCC2NC(=O)NC21,1,CC[C@H]1OC(=O)C[C@@H](O)[C@H](C)[C@@H](O[C@@H]2O[C@H](C)[C@@H](O[C@H]3C[C@@](C)(O)[C@@H](OC(=O)CCCCC4SCC5NC(=O)NC54)[C@H](C)O3)[C@H](N(C)C)[C@H]2O)[C@@H](CC=O)C[C@@H](C)C(=O)/C=C/C(C)=C/[C@@H]1CO[C@@H]1O[C@H](C)[C@@H](O)[C@@H](OC)[C@H]1OC,CC[C@H]1OC(=O)C[C@@H](O)[C@H](C)[C@@H](O[C@@H]2O[C@H](C)[C@@H](O[C@H]3C[C@@](C)(O)[C@@H](OC(=O)CCCCC4SCC5NC(=O)NC54)[C@H](C)O3)[C@H](N(C)C)[C@H]2O)[C@@H](CC=O)C[C@@H](C)C(=O)/C=C/C(C)=C/[C@@H]1CO[C@@H]1O[C@H](C)[C@@H](O)[C@@H](OC)[C@H]1OC,TRUE,,-2.341
tylosin,Tylosin (Ì©ÀÖ¾úËØ),REF_TYLOSIN,repository_reference,O38_attached_to_C34,38,34,C,MPM00144,10-Phenyldecanoic acid,O=C(O)CCCCCCCCCc1ccccc1,1,CC[C@H]1OC(=O)C[C@@H](O)[C@H](C)[C@@H](O[C@@H]2O[C@H](C)[C@@H](O[C@H]3C[C@@](C)(O)[C@@H](OC(=O)CCCCCCCCCc4ccccc4)[C@H](C)O3)[C@H](N(C)C)[C@H]2O)[C@@H](CC=O)C[C@@H](C)C(=O)/C=C/C(C)=C/[C@@H]1CO[C@@H]1O[C@H](C)[C@@H](O)[C@@H](OC)[C@H]1OC,CC[C@H]1OC(=O)C[C@@H](O)[C@H](C)[C@@H](O[C@@H]2O[C@H](C)[C@@H](O[C@H]3C[C@@](C)(O)[C@@H](OC(=O)CCCCCCCCCc4ccccc4)[C@H](C)O3)[C@H](N(C)C)[C@H]2O)[C@@H](CC=O)C[C@@H](C)C(=O)/C=C/C(C)=C/[C@@H]1CO[C@@H]1O[C@H](C)[C@@H](O)[C@@H](OC)[C@H]1OC,TRUE,,-1.39
tylosin,Tylosin (Ì©ÀÖ¾úËØ),REF_TYLOSIN,repository_reference,O38_attached_to_C34,38,34,C,MPM00412,9-Phenylnonanoic acid,O=C(O)CCCCCCCCc1ccccc1,1,CC[C@H]1OC(=O)C[C@@H](O)[C@H](C)[C@@H](O[C@@H]2O[C@H](C)[C@@H](O[C@H]3C[C@@](C)(O)[C@@H](OC(=O)CCCCCCCCc4ccccc4)[C@H](C)O3)[C@H](N(C)C)[C@H]2O)[C@@H](CC=O)C[C@@H](C)C(=O)/C=C/C(C)=C/[C@@H]1CO[C@@H]1O[C@H](C)[C@@H](O)[C@@H](OC)[C@H]1OC,CC[C@H]1OC(=O)C[C@@H](O)[C@H](C)[C@@H](O[C@@H]2O[C@H](C)[C@@H](O[C@H]3C[C@@](C)(O)[C@@H](OC(=O)CCCCCCCCc4ccccc4)[C@H](C)O3)[C@H](N(C)C)[C@H]2O)[C@@H](CC=O)C[C@@H](C)C(=O)/C=C/C(C)=C/[C@@H]1CO[C@@H]1O[C@H](C)[C@@H](O)[C@@H](OC)[C@H]1OC,TRUE,,-1.322
tylosin,Tylosin (Ì©ÀÖ¾úËØ),REF_TYLOSIN,repository_reference,O38_attached_to_C34,38,34,C,MPM00409,8-Phenyloctanoic acid,O=C(O)CCCCCCCc1ccccc1,1,CC[C@H]1OC(=O)C[C@@H](O)[C@H](C)[C@@H](O[C@@H]2O[C@H](C)[C@@H](O[C@H]3C[C@@](C)(O)[C@@H](OC(=O)CCCCCCCc4ccccc4)[C@H](C)O3)[C@H](N(C)C)[C@H]2O)[C@@H](CC=O)C[C@@H](C)C(=O)/C=C/C(C)=C/[C@@H]1CO[C@@H]1O[C@H](C)[C@@H](O)[C@@H](OC)[C@H]1OC,CC[C@H]1OC(=O)C[C@@H](O)[C@H](C)[C@@H](O[C@@H]2O[C@H](C)[C@@H](O[C@H]3C[C@@](C)(O)[C@@H](OC(=O)CCCCCCCc4ccccc4)[C@H](C)O3)[C@H](N(C)C)[C@H]2O)[C@@H](CC=O)C[C@@H](C)C(=O)/C=C/C(C)=C/[C@@H]1CO[C@@H]1O[C@H](C)[C@@H](O)[C@@H](OC)[C@H]1OC,TRUE,,-1.254
tylosin,Tylosin (Ì©ÀÖ¾úËØ),REF_TYLOSIN,repository_reference,O38_attached_to_C34,38,34,C,MPM00408,7-Phenylheptanoic acid,O=C(O)CCCCCCc1ccccc1,1,CC[C@H]1OC(=O)C[C@@H](O)[C@H](C)[C@@H](O[C@@H]2O[C@H](C)[C@@H](O[C@H]3C[C@@](C)(O)[C@@H](OC(=O)CCCCCCc4ccccc4)[C@H](C)O3)[C@H](N(C)C)[C@H]2O)[C@@H](CC=O)C[C@@H](C)C(=O)/C=C/C(C)=C/[C@@H]1CO[C@@H]1O[C@H](C)[C@@H](O)[C@@H](OC)[C@H]1OC,CC[C@H]1OC(=O)C[C@@H](O)[C@H](C)[C@@H](O[C@@H]2O[C@H](C)[C@@H](O[C@H]3C[C@@](C)(O)[C@@H](OC(=O)CCCCCCc4ccccc4)[C@H](C)O3)[C@H](N(C)C)[C@H]2O)[C@@H](CC=O)C[C@@H](C)C(=O)/C=C/C(C)=C/[C@@H]1CO[C@@H]1O[C@H](C)[C@@H](O)[C@@H](OC)[C@H]1OC,TRUE,,-1.185
tylosin,Tylosin (Ì©ÀÖ¾úËØ),REF_TYLOSIN,repository_reference,O38_attached_to_C34,38,34,C,MPM00399,6-Phenylhexanoic acid,O=C(O)CCCCCc1ccccc1,1,CC[C@H]1OC(=O)C[C@@H](O)[C@H](C)[C@@H](O[C@@H]2O[C@H](C)[C@@H](O[C@H]3C[C@@](C)(O)[C@@H](OC(=O)CCCCCc4ccccc4)[C@H](C)O3)[C@H](N(C)C)[C@H]2O)[C@@H](CC=O)C[C@@H](C)C(=O)/C=C/C(C)=C/[C@@H]1CO[C@@H]1O[C@H](C)[C@@H](O)[C@@H](OC)[C@H]1OC,CC[C@H]1OC(=O)C[C@@H](O)[C@H](C)[C@@H](O[C@@H]2O[C@H](C)[C@@H](O[C@H]3C[C@@](C)(O)[C@@H](OC(=O)CCCCCc4ccccc4)[C@H](C)O3)[C@H](N(C)C)[C@H]2O)[C@@H](CC=O)C[C@@H](C)C(=O)/C=C/C(C)=C/[C@@H]1CO[C@@H]1O[C@H](C)[C@@H](O)[C@@H](OC)[C@H]1OC,TRUE,,-1.118
tylosin,Tylosin (Ì©ÀÖ¾úËØ),REF_TYLOSIN,repository_reference,O38_attached_to_C34,38,34,C,MPM00390,5-Phenylvaleric acid,O=C(O)CCCCc1ccccc1,1,CC[C@H]1OC(=O)C[C@@H](O)[C@H](C)[C@@H](O[C@@H]2O[C@H](C)[C@@H](O[C@H]3C[C@@](C)(O)[C@@H](OC(=O)CCCCc4ccccc4)[C@H](C)O3)[C@H](N(C)C)[C@H]2O)[C@@H](CC=O)C[C@@H](C)C(=O)/C=C/C(C)=C/[C@@H]1CO[C@@H]1O[C@H](C)[C@@H](O)[C@@H](OC)[C@H]1OC,CC[C@H]1OC(=O)C[C@@H](O)[C@H](C)[C@@H](O[C@@H]2O[C@H](C)[C@@H](O[C@H]3C[C@@](C)(O)[C@@H](OC(=O)CCCCc4ccccc4)[C@H](C)O3)[C@H](N(C)C)[C@H]2O)[C@@H](CC=O)C[C@@H](C)C(=O)/C=C/C(C)=C/[C@@H]1CO[C@@H]1O[C@H](C)[C@@H](O)[C@@H](OC)[C@H]1OC,TRUE,,-1.052
tylosin,Tylosin (Ì©ÀÖ¾úËØ),REF_TYLOSIN,repository_reference,O38_attached_to_C34,38,34,C,MPM00701,Hydroxyacetic acid,O=C(O)CO,1,CC[C@H]1OC(=O)C[C@@H](O)[C@H](C)[C@@H](O[C@@H]2O[C@H](C)[C@@H](O[C@H]3C[C@@](C)(O)[C@@H](OC(=O)CO)[C@H](C)O3)[C@H](N(C)C)[C@H]2O)[C@@H](CC=O)C[C@@H](C)C(=O)/C=C/C(C)=C/[C@@H]1CO[C@@H]1O[C@H](C)[C@@H](O)[C@@H](OC)[C@H]1OC,CC[C@H]1OC(=O)C[C@@H](O)[C@H](C)[C@@H](O[C@@H]2O[C@H](C)[C@@H](O[C@H]3C[C@@](C)(O)[C@@H](OC(=O)CO)[C@H](C)O3)[C@H](N(C)C)[C@H]2O)[C@@H](CC=O)C[C@@H](C)C(=O)/C=C/C(C)=C/[C@@H]1CO[C@@H]1O[C@H](C)[C@@H](O)[C@@H](OC)[C@H]1OC,TRUE,,-0.5
tylosin,Tylosin (Ì©ÀÖ¾úËØ),REF_TYLOSIN,repository_reference,O38_attached_to_C34,38,34,C,MPM00891,Phosphoglycolic acid,O=C(O)COP(=O)(O)O,1,CC[C@H]1OC(=O)C[C@@H](O)[C@H](C)[C@@H](O[C@@H]2O[C@H](C)[C@@H](O[C@H]3C[C@@](C)(O)[C@@H](OC(=O)COP(=O)(O)O)[C@H](C)O3)[C@H](N(C)C)[C@H]2O)[C@@H](CC=O)C[C@@H](C)C(=O)/C=C/C(C)=C/[C@@H]1CO[C@@H]1O[C@H](C)[C@@H](O)[C@@H](OC)[C@H]1OC,CC[C@H]1OC(=O)C[C@@H](O)[C@H](C)[C@@H](O[C@@H]2O[C@H](C)[C@@H](O[C@H]3C[C@@](C)(O)[C@@H](OC(=O)COP(=O)(O)O)[C@H](C)O3)[C@H](N(C)C)[C@H]2O)[C@@H](CC=O)C[C@@H](C)C(=O)/C=C/C(C)=C/[C@@H]1CO[C@@H]1O[C@H](C)[C@@H](O)[C@@H](OC)[C@H]1OC,TRUE,,-0.962
tylosin,Tylosin (Ì©ÀÖ¾úËØ),REF_TYLOSIN,repository_reference,O38_attached_to_C34,38,34,C,MPM00894,Phosphonoacetic acid,O=C(O)CP(=O)(O)O,1,CC[C@H]1OC(=O)C[C@@H](O)[C@H](C)[C@@H](O[C@@H]2O[C@H](C)[C@@H](O[C@H]3C[C@@](C)(O)[C@@H](OC(=O)CP(=O)(O)O)[C@H](C)O3)[C@H](N(C)C)[C@H]2O)[C@@H](CC=O)C[C@@H](C)C(=O)/C=C/C(C)=C/[C@@H]1CO[C@@H]1O[C@H](C)[C@@H](O)[C@@H](OC)[C@H]1OC,CC[C@H]1OC(=O)C[C@@H](O)[C@H](C)[C@@H](O[C@@H]2O[C@H](C)[C@@H](O[C@H]3C[C@@](C)(O)[C@@H](OC(=O)CP(=O)(O)O)[C@H](C)O3)[C@H](N(C)C)[C@H]2O)[C@@H](CC=O)C[C@@H](C)C(=O)/C=C/C(C)=C/[C@@H]1CO[C@@H]1O[C@H](C)[C@@H](O)[C@@H](OC)[C@H]1OC,TRUE,,-1.294
tylosin,Tylosin (Ì©ÀÖ¾úËØ),REF_TYLOSIN,repository_reference,O38_attached_to_C34,38,34,C,MPM00961,Sulfoacetic acid,O=C(O)CS(=O)(=O)O,1,CC[C@H]1OC(=O)C[C@@H](O)[C@H](C)[C@@H](O[C@@H]2O[C@H](C)[C@@H](O[C@H]3C[C@@](C)(O)[C@@H](OC(=O)CS(=O)(=O)O)[C@H](C)O3)[C@H](N(C)C)[C@H]2O)[C@@H](CC=O)C[C@@H](C)C(=O)/C=C/C(C)=C/[C@@H]1CO[C@@H]1O[C@H](C)[C@@H](O)[C@@H](OC)[C@H]1OC,CC[C@H]1OC(=O)C[C@@H](O)[C@H](C)[C@@H](O[C@@H]2O[C@H](C)[C@@H](O[C@H]3C[C@@](C)(O)[C@@H](OC(=O)CS(=O)(=O)O)[C@H](C)O3)[C@H](N(C)C)[C@H]2O)[C@@H](CC=O)C[C@@H](C)C(=O)/C=C/C(C)=C/[C@@H]1CO[C@@H]1O[C@H](C)[C@@H](O)[C@@H](OC)[C@H]1OC,TRUE,,-0.475
tylosin,Tylosin (Ì©ÀÖ¾úËØ),REF_TYLOSIN,repository_reference,O38_attached_to_C34,38,34,C,MPM00418,"Acetic acid,phenyl ester",O=C(O)Cc1ccccc1,1,CC[C@H]1OC(=O)C[C@@H](O)[C@H](C)[C@@H](O[C@@H]2O[C@H](C)[C@@H](O[C@H]3C[C@@](C)(O)[C@@H](OC(=O)Cc4ccccc4)[C@H](C)O3)[C@H](N(C)C)[C@H]2O)[C@@H](CC=O)C[C@@H](C)C(=O)/C=C/C(C)=C/[C@@H]1CO[C@@H]1O[C@H](C)[C@@H](O)[C@@H](OC)[C@H]1OC,CC[C@H]1OC(=O)C[C@@H](O)[C@H](C)[C@@H](O[C@@H]2O[C@H](C)[C@@H](O[C@H]3C[C@@](C)(O)[C@@H](OC(=O)Cc4ccccc4)[C@H](C)O3)[C@H](N(C)C)[C@H]2O)[C@@H](CC=O)C[C@@H](C)C(=O)/C=C/C(C)=C/[C@@H]1CO[C@@H]1O[C@H](C)[C@@H](O)[C@@H](OC)[C@H]1OC,TRUE,,-0.853
tylosin,Tylosin (Ì©ÀÖ¾úËØ),REF_TYLOSIN,repository_reference,O38_attached_to_C34,38,34,C,MPM01016,Uracil-6-carboxylic acid,O=C(O)c1cc(=O)[nH]c(=O)[nH]1,1,CC[C@H]1OC(=O)C[C@@H](O)[C@H](C)[C@@H](O[C@@H]2O[C@H](C)[C@@H](O[C@H]3C[C@@](C)(O)[C@@H](OC(=O)c4cc(=O)[nH]c(=O)[nH]4)[C@H](C)O3)[C@H](N(C)C)[C@H]2O)[C@@H](CC=O)C[C@@H](C)C(=O)/C=C/C(C)=C/[C@@H]1CO[C@@H]1O[C@H](C)[C@@H](O)[C@@H](OC)[C@H]1OC,CC[C@H]1OC(=O)C[C@@H](O)[C@H](C)[C@@H](O[C@@H]2O[C@H](C)[C@@H](O[C@H]3C[C@@](C)(O)[C@@H](OC(=O)c4cc(=O)[nH]c(=O)[nH]4)[C@H](C)O3)[C@H](N(C)C)[C@H]2O)[C@@H](CC=O)C[C@@H](C)C(=O)/C=C/C(C)=C/[C@@H]1CO[C@@H]1O[C@H](C)[C@@H](O)[C@@H](OC)[C@H]1OC,TRUE,,-0.744
tylosin,Tylosin (Ì©ÀÖ¾úËØ),REF_TYLOSIN,repository_reference,O38_attached_to_C34,38,34,C,MPM00844,Orotidylic acid,O=C(O)c1cc(=O)[nH]c(=O)n1C1OC(COP(=O)(O)O)C(O)C1O,1,CC[C@H]1OC(=O)C[C@@H](O)[C@H](C)[C@@H](O[C@@H]2O[C@H](C)[C@@H](O[C@H]3C[C@@](C)(O)[C@@H](OC(=O)c4cc(=O)[nH]c(=O)n4C4OC(COP(=O)(O)O)C(O)C4O)[C@H](C)O3)[C@H](N(C)C)[C@H]2O)[C@@H](CC=O)C[C@@H](C)C(=O)/C=C/C(C)=C/[C@@H]1CO[C@@H]1O[C@H](C)[C@@H](O)[C@@H](OC)[C@H]1OC,CC[C@H]1OC(=O)C[C@@H](O)[C@H](C)[C@@H](O[C@@H]2O[C@H](C)[C@@H](O[C@H]3C[C@@](C)(O)[C@@H](OC(=O)c4cc(=O)[nH]c(=O)n4C4OC(COP(=O)(O)O)C(O)C4O)[C@H](C)O3)[C@H](N(C)C)[C@H]2O)[C@@H](CC=O)C[C@@H](C)C(=O)/C=C/C(C)=C/[C@@H]1CO[C@@H]1O[C@H](C)[C@@H](O)[C@@H](OC)[C@H]1OC,TRUE,,-2.122
tylosin,Tylosin (Ì©ÀÖ¾úËØ),REF_TYLOSIN,repository_reference,O38_attached_to_C34,38,34,C,MPM00137,"1,4-Dihydroxy-2-naphthoic acid",O=C(O)c1cc(O)c2ccccc2c1O,1,CC[C@H]1OC(=O)C[C@@H](O)[C@H](C)[C@@H](O[C@@H]2O[C@H](C)[C@@H](O[C@H]3C[C@@](C)(O)[C@@H](OC(=O)c4cc(O)c5ccccc5c4O)[C@H](C)O3)[C@H](N(C)C)[C@H]2O)[C@@H](CC=O)C[C@@H](C)C(=O)/C=C/C(C)=C/[C@@H]1CO[C@@H]1O[C@H](C)[C@@H](O)[C@@H](OC)[C@H]1OC,CC[C@H]1OC(=O)C[C@@H](O)[C@H](C)[C@@H](O[C@@H]2O[C@H](C)[C@@H](O[C@H]3C[C@@](C)(O)[C@@H](OC(=O)c4cc(O)c5ccccc5c4O)[C@H](C)O3)[C@H](N(C)C)[C@H]2O)[C@@H](CC=O)C[C@@H](C)C(=O)/C=C/C(C)=C/[C@@H]1CO[C@@H]1O[C@H](C)[C@@H](O)[C@@H](OC)[C@H]1OC,TRUE,,-0.534
tylosin,Tylosin (Ì©ÀÖ¾úËØ),REF_TYLOSIN,repository_reference,O38_attached_to_C34,38,34,C,MPM00398,6-Hydroxynicotinic acid,O=C(O)c1ccc(=O)[nH]c1,1,CC[C@H]1OC(=O)C[C@@H](O)[C@H](C)[C@@H](O[C@@H]2O[C@H](C)[C@@H](O[C@H]3C[C@@](C)(O)[C@@H](OC(=O)c4ccc(=O)[nH]c4)[C@H](C)O3)[C@H](N(C)C)[C@H]2O)[C@@H](CC=O)C[C@@H](C)C(=O)/C=C/C(C)=C/[C@@H]1CO[C@@H]1O[C@H](C)[C@@H](O)[C@@H](OC)[C@H]1OC,CC[C@H]1OC(=O)C[C@@H](O)[C@H](C)[C@@H](O[C@@H]2O[C@H](C)[C@@H](O[C@H]3C[C@@](C)(O)[C@@H](OC(=O)c4ccc(=O)[nH]c4)[C@H](C)O3)[C@H](N(C)C)[C@H]2O)[C@@H](CC=O)C[C@@H](C)C(=O)/C=C/C(C)=C/[C@@H]1CO[C@@H]1O[C@H](C)[C@@H](O)[C@@H](OC)[C@H]1OC,TRUE,,-0.293
tylosin,Tylosin (Ì©ÀÖ¾úËØ),REF_TYLOSIN,repository_reference,O38_attached_to_C34,38,34,C,MPM00912,Protocatechuic acid,O=C(O)c1ccc(O)c(O)c1,1,CC[C@H]1OC(=O)C[C@@H](O)[C@H](C)[C@@H](O[C@@H]2O[C@H](C)[C@@H](O[C@H]3C[C@@](C)(O)[C@@H](OC(=O)c4ccc(O)c(O)c4)[C@H](C)O3)[C@H](N(C)C)[C@H]2O)[C@@H](CC=O)C[C@@H](C)C(=O)/C=C/C(C)=C/[C@@H]1CO[C@@H]1O[C@H](C)[C@@H](O)[C@@H](OC)[C@H]1OC,CC[C@H]1OC(=O)C[C@@H](O)[C@H](C)[C@@H](O[C@@H]2O[C@H](C)[C@@H](O[C@H]3C[C@@](C)(O)[C@@H](OC(=O)c4ccc(O)c(O)c4)[C@H](C)O3)[C@H](N(C)C)[C@H]2O)[C@@H](CC=O)C[C@@H](C)C(=O)/C=C/C(C)=C/[C@@H]1CO[C@@H]1O[C@H](C)[C@@H](O)[C@@H](OC)[C@H]1OC,TRUE,,-0.749
tylosin,Tylosin (Ì©ÀÖ¾úËØ),REF_TYLOSIN,repository_reference,O38_attached_to_C34,38,34,C,MPM00702,Hydroxybenzenecarboxylic acid,O=C(O)c1ccc(O)cc1,1,CC[C@H]1OC(=O)C[C@@H](O)[C@H](C)[C@@H](O[C@@H]2O[C@H](C)[C@@H](O[C@H]3C[C@@](C)(O)[C@@H](OC(=O)c4ccc(O)cc4)[C@H](C)O3)[C@H](N(C)C)[C@H]2O)[C@@H](CC=O)C[C@@H](C)C(=O)/C=C/C(C)=C/[C@@H]1CO[C@@H]1O[C@H](C)[C@@H](O)[C@@H](OC)[C@H]1OC,CC[C@H]1OC(=O)C[C@@H](O)[C@H](C)[C@@H](O[C@@H]2O[C@H](C)[C@@H](O[C@H]3C[C@@](C)(O)[C@@H](OC(=O)c4ccc(O)cc4)[C@H](C)O3)[C@H](N(C)C)[C@H]2O)[C@@H](CC=O)C[C@@H](C)C(=O)/C=C/C(C)=C/[C@@H]1CO[C@@H]1O[C@H](C)[C@@H](O)[C@@H](OC)[C@H]1OC,TRUE,,-0.448
tylosin,Tylosin (Ì©ÀÖ¾úËØ),REF_TYLOSIN,repository_reference,O38_attached_to_C34,38,34,C,MPM00173,"2,3-Dihydroxybenzoic acid",O=C(O)c1cccc(O)c1O,1,CC[C@H]1OC(=O)C[C@@H](O)[C@H](C)[C@@H](O[C@@H]2O[C@H](C)[C@@H](O[C@H]3C[C@@](C)(O)[C@@H](OC(=O)c4cccc(O)c4O)[C@H](C)O3)[C@H](N(C)C)[C@H]2O)[C@@H](CC=O)C[C@@H](C)C(=O)/C=C/C(C)=C/[C@@H]1CO[C@@H]1O[C@H](C)[C@@H](O)[C@@H](OC)[C@H]1OC,CC[C@H]1OC(=O)C[C@@H](O)[C@H](C)[C@@H](O[C@@H]2O[C@H](C)[C@@H](O[C@H]3C[C@@](C)(O)[C@@H](OC(=O)c4cccc(O)c4O)[C@H](C)O3)[C@H](N(C)C)[C@H]2O)[C@@H](CC=O)C[C@@H](C)C(=O)/C=C/C(C)=C/[C@@H]1CO[C@@H]1O[C@H](C)[C@@H](O)[C@@H](OC)[C@H]1OC,TRUE,,-0.729
tylosin,Tylosin (Ì©ÀÖ¾úËØ),REF_TYLOSIN,repository_reference,O38_attached_to_C34,38,34,C,MPM00614,Dracylic acid,O=C(O)c1ccccc1,1,CC[C@H]1OC(=O)C[C@@H](O)[C@H](C)[C@@H](O[C@@H]2O[C@H](C)[C@@H](O[C@H]3C[C@@](C)(O)[C@@H](OC(=O)c4ccccc4)[C@H](C)O3)[C@H](N(C)C)[C@H]2O)[C@@H](CC=O)C[C@@H](C)C(=O)/C=C/C(C)=C/[C@@H]1CO[C@@H]1O[C@H](C)[C@@H](O)[C@@H](OC)[C@H]1OC,CC[C@H]1OC(=O)C[C@@H](O)[C@H](C)[C@@H](O[C@@H]2O[C@H](C)[C@@H](O[C@H]3C[C@@](C)(O)[C@@H](OC(=O)c4ccccc4)[C@H](C)O3)[C@H](N(C)C)[C@H]2O)[C@@H](CC=O)C[C@@H](C)C(=O)/C=C/C(C)=C/[C@@H]1CO[C@@H]1O[C@H](C)[C@@H](O)[C@@H](OC)[C@H]1OC,TRUE,,-0.086
tylosin,Tylosin (Ì©ÀÖ¾úËØ),REF_TYLOSIN,repository_reference,O38_attached_to_C34,38,34,C,MPM00117,1-(2-Carboxyphenylamino)-1-deoxy-D-ribulose 5-phosphate,O=C(O)c1ccccc1NCC(=O)C(O)C(O)COP(=O)(O)O,1,CC[C@H]1OC(=O)C[C@@H](O)[C@H](C)[C@@H](O[C@@H]2O[C@H](C)[C@@H](O[C@H]3C[C@@](C)(O)[C@@H](OC(=O)c4ccccc4NCC(=O)C(O)C(O)COP(=O)(O)O)[C@H](C)O3)[C@H](N(C)C)[C@H]2O)[C@@H](CC=O)C[C@@H](C)C(=O)/C=C/C(C)=C/[C@@H]1CO[C@@H]1O[C@H](C)[C@@H](O)[C@@H](OC)[C@H]1OC,CC[C@H]1OC(=O)C[C@@H](O)[C@H](C)[C@@H](O[C@@H]2O[C@H](C)[C@@H](O[C@H]3C[C@@](C)(O)[C@@H](OC(=O)c4ccccc4NCC(=O)C(O)C(O)COP(=O)(O)O)[C@H](C)O3)[C@H](N(C)C)[C@H]2O)[C@@H](CC=O)C[C@@H](C)C(=O)/C=C/C(C)=C/[C@@H]1CO[C@@H]1O[C@H](C)[C@@H](O)[C@@H](OC)[C@H]1OC,TRUE,,-0.964
tylosin,Tylosin (Ì©ÀÖ¾úËØ),REF_TYLOSIN,repository_reference,O38_attached_to_C34,38,34,C,MPM00931,Salicylic acid,O=C(O)c1ccccc1O,1,CC[C@H]1OC(=O)C[C@@H](O)[C@H](C)[C@@H](O[C@@H]2O[C@H](C)[C@@H](O[C@H]3C[C@@](C)(O)[C@@H](OC(=O)c4ccccc4O)[C@H](C)O3)[C@H](N(C)C)[C@H]2O)[C@@H](CC=O)C[C@@H](C)C(=O)/C=C/C(C)=C/[C@@H]1CO[C@@H]1O[C@H](C)[C@@H](O)[C@@H](OC)[C@H]1OC,CC[C@H]1OC(=O)C[C@@H](O)[C@H](C)[C@@H](O[C@@H]2O[C@H](C)[C@@H](O[C@H]3C[C@@](C)(O)[C@@H](OC(=O)c4ccccc4O)[C@H](C)O3)[C@H](N(C)C)[C@H]2O)[C@@H](CC=O)C[C@@H](C)C(=O)/C=C/C(C)=C/[C@@H]1CO[C@@H]1O[C@H](C)[C@@H](O)[C@@H](OC)[C@H]1OC,TRUE,,-0.43
tylosin,Tylosin (Ì©ÀÖ¾úËØ),REF_TYLOSIN,repository_reference,O38_attached_to_C34,38,34,C,MPM00328,3-Pyridinecarboxylic acid,O=C(O)c1cccnc1,1,CC[C@H]1OC(=O)C[C@@H](O)[C@H](C)[C@@H](O[C@@H]2O[C@H](C)[C@@H](O[C@H]3C[C@@](C)(O)[C@@H](OC(=O)c4cccnc4)[C@H](C)O3)[C@H](N(C)C)[C@H]2O)[C@@H](CC=O)C[C@@H](C)C(=O)/C=C/C(C)=C/[C@@H]1CO[C@@H]1O[C@H](C)[C@@H](O)[C@@H](OC)[C@H]1OC,CC[C@H]1OC(=O)C[C@@H](O)[C@H](C)[C@@H](O[C@@H]2O[C@H](C)[C@@H](O[C@H]3C[C@@](C)(O)[C@@H](OC(=O)c4cccnc4)[C@H](C)O3)[C@H](N(C)C)[C@H]2O)[C@@H](CC=O)C[C@@H](C)C(=O)/C=C/C(C)=C/[C@@H]1CO[C@@H]1O[C@H](C)[C@@H](O)[C@@H](OC)[C@H]1OC,TRUE,,-0.478
tylosin,Tylosin (Ì©ÀÖ¾úËØ),REF_TYLOSIN,repository_reference,O38_attached_to_C34,38,34,C,MPM00585,Dihydro-L-orotic acid,O=C1CC(C(=O)O)NC(=O)N1,1,CC[C@H]1OC(=O)C[C@@H](O)[C@H](C)[C@@H](O[C@@H]2O[C@H](C)[C@@H](O[C@H]3C[C@@](C)(O)[C@@H](OC(=O)C4CC(=O)NC(=O)N4)[C@H](C)O3)[C@H](N(C)C)[C@H]2O)[C@@H](CC=O)C[C@@H](C)C(=O)/C=C/C(C)=C/[C@@H]1CO[C@@H]1O[C@H](C)[C@@H](O)[C@@H](OC)[C@H]1OC,CC[C@H]1OC(=O)C[C@@H](O)[C@H](C)[C@@H](O[C@@H]2O[C@H](C)[C@@H](O[C@H]3C[C@@](C)(O)[C@@H](OC(=O)C4CC(=O)NC(=O)N4)[C@H](C)O3)[C@H](N(C)C)[C@H]2O)[C@@H](CC=O)C[C@@H](C)C(=O)/C=C/C(C)=C/[C@@H]1CO[C@@H]1O[C@H](C)[C@@H](O)[C@@H](OC)[C@H]1OC,TRUE,,-1.14
tylosin,Tylosin (Ì©ÀÖ¾úËØ),REF_TYLOSIN,repository_reference,O38_attached_to_C34,38,34,C,MPM00381,5-Dehydroquinic acid,O=C1CC(O)(C(=O)O)CC(O)C1O,1,CC[C@H]1OC(=O)C[C@@H](O)[C@H](C)[C@@H](O[C@@H]2O[C@H](C)[C@@H](O[C@H]3C[C@@](C)(O)[C@@H](OC(=O)C4(O)CC(=O)C(O)C(O)C4)[C@H](C)O3)[C@H](N(C)C)[C@H]2O)[C@@H](CC=O)C[C@@H](C)C(=O)/C=C/C(C)=C/[C@@H]1CO[C@@H]1O[C@H](C)[C@@H](O)[C@@H](OC)[C@H]1OC,CC[C@H]1OC(=O)C[C@@H](O)[C@H](C)[C@@H](O[C@@H]2O[C@H](C)[C@@H](O[C@H]3C[C@@](C)(O)[C@@H](OC(=O)C4(O)CC(=O)C(O)C(O)C4)[C@H](C)O3)[C@H](N(C)C)[C@H]2O)[C@@H](CC=O)C[C@@H](C)C(=O)/C=C/C(C)=C/[C@@H]1CO[C@@H]1O[C@H](C)[C@@H](O)[C@@H](OC)[C@H]1OC,TRUE,,-1.618
tylosin,Tylosin (Ì©ÀÖ¾úËØ),REF_TYLOSIN,repository_reference,O38_attached_to_C34,38,34,C,MPM00679,Glyoxylic acid,O=CC(=O)O,1,CC[C@H]1OC(=O)C[C@@H](O)[C@H](C)[C@@H](O[C@@H]2O[C@H](C)[C@@H](O[C@H]3C[C@@](C)(O)[C@@H](OC(=O)C=O)[C@H](C)O3)[C@H](N(C)C)[C@H]2O)[C@@H](CC=O)C[C@@H](C)C(=O)/C=C/C(C)=C/[C@@H]1CO[C@@H]1O[C@H](C)[C@@H](O)[C@@H](OC)[C@H]1OC,CC[C@H]1OC(=O)C[C@@H](O)[C@H](C)[C@@H](O[C@@H]2O[C@H](C)[C@@H](O[C@H]3C[C@@](C)(O)[C@@H](OC(=O)C=O)[C@H](C)O3)[C@H](N(C)C)[C@H]2O)[C@@H](CC=O)C[C@@H](C)C(=O)/C=C/C(C)=C/[C@@H]1CO[C@@H]1O[C@H](C)[C@@H](O)[C@@H](OC)[C@H]1OC,TRUE,,-0.675
tylosin,Tylosin (Ì©ÀÖ¾úËØ),REF_TYLOSIN,repository_reference,O38_attached_to_C34,38,34,C,MPM00965,Tartronate semialdehyde,O=CC(O)C(=O)O,1,CC[C@H]1OC(=O)C[C@@H](O)[C@H](C)[C@@H](O[C@@H]2O[C@H](C)[C@@H](O[C@H]3C[C@@](C)(O)[C@@H](OC(=O)C(O)C=O)[C@H](C)O3)[C@H](N(C)C)[C@H]2O)[C@@H](CC=O)C[C@@H](C)C(=O)/C=C/C(C)=C/[C@@H]1CO[C@@H]1O[C@H](C)[C@@H](O)[C@@H](OC)[C@H]1OC,CC[C@H]1OC(=O)C[C@@H](O)[C@H](C)[C@@H](O[C@@H]2O[C@H](C)[C@@H](O[C@H]3C[C@@](C)(O)[C@@H](OC(=O)C(O)C=O)[C@H](C)O3)[C@H](N(C)C)[C@H]2O)[C@@H](CC=O)C[C@@H](C)C(=O)/C=C/C(C)=C/[C@@H]1CO[C@@H]1O[C@H](C)[C@@H](O)[C@@H](OC)[C@H]1OC,TRUE,,-0.871
tylosin,Tylosin (Ì©ÀÖ¾úËØ),REF_TYLOSIN,repository_reference,O38_attached_to_C34,38,34,C,MPM00768,Malonate semialdehyde,O=CCC(=O)O,1,CC[C@H]1OC(=O)C[C@@H](O)[C@H](C)[C@@H](O[C@@H]2O[C@H](C)[C@@H](O[C@H]3C[C@@](C)(O)[C@@H](OC(=O)CC=O)[C@H](C)O3)[C@H](N(C)C)[C@H]2O)[C@@H](CC=O)C[C@@H](C)C(=O)/C=C/C(C)=C/[C@@H]1CO[C@@H]1O[C@H](C)[C@@H](O)[C@@H](OC)[C@H]1OC,CC[C@H]1OC(=O)C[C@@H](O)[C@H](C)[C@@H](O[C@@H]2O[C@H](C)[C@@H](O[C@H]3C[C@@](C)(O)[C@@H](OC(=O)CC=O)[C@H](C)O3)[C@H](N(C)C)[C@H]2O)[C@@H](CC=O)C[C@@H](C)C(=O)/C=C/C(C)=C/[C@@H]1CO[C@@H]1O[C@H](C)[C@@H](O)[C@@H](OC)[C@H]1OC,TRUE,,-0.95
tylosin,Tylosin (Ì©ÀÖ¾úËØ),REF_TYLOSIN,repository_reference,O38_attached_to_C34,38,34,C,MPM00359,4-Oxobutanoate,O=CCCC(=O)O,1,CC[C@H]1OC(=O)C[C@@H](O)[C@H](C)[C@@H](O[C@@H]2O[C@H](C)[C@@H](O[C@H]3C[C@@](C)(O)[C@@H](OC(=O)CCC=O)[C@H](C)O3)[C@H](N(C)C)[C@H]2O)[C@@H](CC=O)C[C@@H](C)C(=O)/C=C/C(C)=C/[C@@H]1CO[C@@H]1O[C@H](C)[C@@H](O)[C@@H](OC)[C@H]1OC,CC[C@H]1OC(=O)C[C@@H](O)[C@H](C)[C@@H](O[C@@H]2O[C@H](C)[C@@H](O[C@H]3C[C@@](C)(O)[C@@H](OC(=O)CCC=O)[C@H](C)O3)[C@H](N(C)C)[C@H]2O)[C@@H](CC=O)C[C@@H](C)C(=O)/C=C/C(C)=C/[C@@H]1CO[C@@H]1O[C@H](C)[C@@H](O)[C@@H](OC)[C@H]1OC,TRUE,,-1.218
tylosin,Tylosin (Ì©ÀÖ¾úËØ),REF_TYLOSIN,repository_reference,O40_attached_to_C33,40,33,C,MPM00863,PEP,C=C(OP(=O)(O)O)C(=O)O,1,C=C(OP(=O)(O)O)C(=O)O[C@]1(C)C[C@H](O[C@H]2[C@H](N(C)C)[C@@H](O)[C@H](O[C@H]3[C@@H](CC=O)C[C@@H](C)C(=O)/C=C/C(C)=C/[C@H](CO[C@@H]4O[C@H](C)[C@@H](O)[C@@H](OC)[C@H]4OC)[C@@H](CC)OC(=O)C[C@@H](O)[C@@H]3C)O[C@@H]2C)O[C@@H](C)[C@@H]1O,C=C(OP(=O)(O)O)C(=O)O[C@]1(C)C[C@H](O[C@H]2[C@H](N(C)C)[C@@H](O)[C@H](O[C@H]3[C@@H](CC=O)C[C@@H](C)C(=O)/C=C/C(C)=C/[C@H](CO[C@@H]4O[C@H](C)[C@@H](O)[C@@H](OC)[C@H]4OC)[C@@H](CC)OC(=O)C[C@@H](O)[C@@H]3C)O[C@@H]2C)O[C@@H](C)[C@@H]1O,TRUE,,-1.11
tylosin,Tylosin (Ì©ÀÖ¾úËØ),REF_TYLOSIN,repository_reference,O40_attached_to_C33,40,33,C,MPM00921,Pyroracemic acid,CC(=O)C(=O)O,1,CC[C@H]1OC(=O)C[C@@H](O)[C@H](C)[C@@H](O[C@@H]2O[C@H](C)[C@@H](O[C@H]3C[C@@](C)(OC(=O)C(C)=O)[C@@H](O)[C@H](C)O3)[C@H](N(C)C)[C@H]2O)[C@@H](CC=O)C[C@@H](C)C(=O)/C=C/C(C)=C/[C@@H]1CO[C@@H]1O[C@H](C)[C@@H](O)[C@@H](OC)[C@H]1OC,CC[C@H]1OC(=O)C[C@@H](O)[C@H](C)[C@@H](O[C@@H]2O[C@H](C)[C@@H](O[C@H]3C[C@@](C)(OC(=O)C(C)=O)[C@@H](O)[C@H](C)O3)[C@H](N(C)C)[C@H]2O)[C@@H](CC=O)C[C@@H](C)C(=O)/C=C/C(C)=C/[C@@H]1CO[C@@H]1O[C@H](C)[C@@H](O)[C@@H](OC)[C@H]1OC,TRUE,,-0.905
tylosin,Tylosin (Ì©ÀÖ¾úËØ),REF_TYLOSIN,repository_reference,O40_attached_to_C33,40,33,C,MPM00036,(2S)-2-Hydroxy-2-methyl-3-oxobutanoate,CC(=O)C(C)(O)C(=O)O,1,CC[C@H]1OC(=O)C[C@@H](O)[C@H](C)[C@@H](O[C@@H]2O[C@H](C)[C@@H](O[C@H]3C[C@@](C)(OC(=O)C(C)(O)C(C)=O)[C@@H](O)[C@H](C)O3)[C@H](N(C)C)[C@H]2O)[C@@H](CC=O)C[C@@H](C)C(=O)/C=C/C(C)=C/[C@@H]1CO[C@@H]1O[C@H](C)[C@@H](O)[C@@H](OC)[C@H]1OC,CC[C@H]1OC(=O)C[C@@H](O)[C@H](C)[C@@H](O[C@@H]2O[C@H](C)[C@@H](O[C@H]3C[C@@](C)(OC(=O)C(C)(O)C(C)=O)[C@@H](O)[C@H](C)O3)[C@H](N(C)C)[C@H]2O)[C@@H](CC=O)C[C@@H](C)C(=O)/C=C/C(C)=C/[C@@H]1CO[C@@H]1O[C@H](C)[C@@H](O)[C@@H](OC)[C@H]1OC,TRUE,,-1.583
tylosin,Tylosin (Ì©ÀÖ¾úËØ),REF_TYLOSIN,repository_reference,O40_attached_to_C33,40,33,C,MPM01075,(S)-2-Amino-3-oxobutanoic acid,CC(=O)C(N)C(=O)O,1,CC[C@H]1OC(=O)C[C@@H](O)[C@H](C)[C@@H](O[C@@H]2O[C@H](C)[C@@H](O[C@H]3C[C@@](C)(OC(=O)C(N)C(C)=O)[C@@H](O)[C@H](C)O3)[C@H](N(C)C)[C@H]2O)[C@@H](CC=O)C[C@@H](C)C(=O)/C=C/C(C)=C/[C@@H]1CO[C@@H]1O[C@H](C)[C@@H](O)[C@@H](OC)[C@H]1OC,CC[C@H]1OC(=O)C[C@@H](O)[C@H](C)[C@@H](O[C@@H]2O[C@H](C)[C@@H](O[C@H]3C[C@@](C)(OC(=O)C(N)C(C)=O)[C@@H](O)[C@H](C)O3)[C@H](N(C)C)[C@H]2O)[C@@H](CC=O)C[C@@H](C)C(=O)/C=C/C(C)=C/[C@@H]1CO[C@@H]1O[C@H](C)[C@@H](O)[C@@H](OC)[C@H]1OC,TRUE,,-0.863
tylosin,Tylosin (Ì©ÀÖ¾úËØ),REF_TYLOSIN,repository_reference,O40_attached_to_C33,40,33,C,MPM00419,Acetoacetic acid,CC(=O)CC(=O)O,1,CC[C@H]1OC(=O)C[C@@H](O)[C@H](C)[C@@H](O[C@@H]2O[C@H](C)[C@@H](O[C@H]3C[C@@](C)(OC(=O)CC(C)=O)[C@@H](O)[C@H](C)O3)[C@H](N(C)C)[C@H]2O)[C@@H](CC=O)C[C@@H](C)C(=O)/C=C/C(C)=C/[C@@H]1CO[C@@H]1O[C@H](C)[C@@H](O)[C@@H](OC)[C@H]1OC,CC[C@H]1OC(=O)C[C@@H](O)[C@H](C)[C@@H](O[C@@H]2O[C@H](C)[C@@H](O[C@H]3C[C@@](C)(OC(=O)CC(C)=O)[C@@H](O)[C@H](C)O3)[C@H](N(C)C)[C@H]2O)[C@@H](CC=O)C[C@@H](C)C(=O)/C=C/C(C)=C/[C@@H]1CO[C@@H]1O[C@H](C)[C@@H](O)[C@@H](OC)[C@H]1OC,TRUE,,-1.027
tylosin,Tylosin (Ì©ÀÖ¾úËØ),REF_TYLOSIN,repository_reference,O40_attached_to_C33,40,33,C,MPM00188,2-Acetamido-5-oxopentanoate,CC(=O)NC(CCC=O)C(=O)O,1,CC[C@H]1OC(=O)C[C@@H](O)[C@H](C)[C@@H](O[C@@H]2O[C@H](C)[C@@H](O[C@H]3C[C@@](C)(OC(=O)C(CCC=O)NC(C)=O)[C@@H](O)[C@H](C)O3)[C@H](N(C)C)[C@H]2O)[C@@H](CC=O)C[C@@H](C)C(=O)/C=C/C(C)=C/[C@@H]1CO[C@@H]1O[C@H](C)[C@@H](O)[C@@H](OC)[C@H]1OC,CC[C@H]1OC(=O)C[C@@H](O)[C@H](C)[C@@H](O[C@@H]2O[C@H](C)[C@@H](O[C@H]3C[C@@](C)(OC(=O)C(CCC=O)NC(C)=O)[C@@H](O)[C@H](C)O3)[C@H](N(C)C)[C@H]2O)[C@@H](CC=O)C[C@@H](C)C(=O)/C=C/C(C)=C/[C@@H]1CO[C@@H]1O[C@H](C)[C@@H](O)[C@@H](OC)[C@H]1OC,TRUE,,-1.577
tylosin,Tylosin (Ì©ÀÖ¾úËØ),REF_TYLOSIN,repository_reference,O40_attached_to_C33,40,33,C,MPM01517,N2-Acetyl-L-ornithine,CC(=O)NC(CCCN)C(=O)O,1,CC[C@H]1OC(=O)C[C@@H](O)[C@H](C)[C@@H](O[C@@H]2O[C@H](C)[C@@H](O[C@H]3C[C@@](C)(OC(=O)C(CCCN)NC(C)=O)[C@@H](O)[C@H](C)O3)[C@H](N(C)C)[C@H]2O)[C@@H](CC=O)C[C@@H](C)C(=O)/C=C/C(C)=C/[C@@H]1CO[C@@H]1O[C@H](C)[C@@H](O)[C@@H](OC)[C@H]1OC,CC[C@H]1OC(=O)C[C@@H](O)[C@H](C)[C@@H](O[C@@H]2O[C@H](C)[C@@H](O[C@H]3C[C@@](C)(OC(=O)C(CCCN)NC(C)=O)[C@@H](O)[C@H](C)O3)[C@H](N(C)C)[C@H]2O)[C@@H](CC=O)C[C@@H](C)C(=O)/C=C/C(C)=C/[C@@H]1CO[C@@H]1O[C@H](C)[C@@H](O)[C@@H](OC)[C@H]1OC,TRUE,,-0.894
tylosin,Tylosin (Ì©ÀÖ¾úËØ),REF_TYLOSIN,repository_reference,O40_attached_to_C33,40,33,C,MPM00819,Neu5Ac,CC(=O)NC1C(O)CC(O)(C(=O)O)OC1C(O)C(O)CO,1,CC[C@H]1OC(=O)C[C@@H](O)[C@H](C)[C@@H](O[C@@H]2O[C@H](C)[C@@H](O[C@H]3C[C@@](C)(OC(=O)C4(O)CC(O)C(NC(C)=O)C(C(O)C(O)CO)O4)[C@@H](O)[C@H](C)O3)[C@H](N(C)C)[C@H]2O)[C@@H](CC=O)C[C@@H](C)C(=O)/C=C/C(C)=C/[C@@H]1CO[C@@H]1O[C@H](C)[C@@H](O)[C@@H](OC)[C@H]1OC,CC[C@H]1OC(=O)C[C@@H](O)[C@H](C)[C@@H](O[C@@H]2O[C@H](C)[C@@H](O[C@H]3C[C@@](C)(OC(=O)C4(O)CC(O)C(NC(C)=O)C(C(O)C(O)CO)O4)[C@@H](O)[C@H](C)O3)[C@H](N(C)C)[C@H]2O)[C@@H](CC=O)C[C@@H](C)C(=O)/C=C/C(C)=C/[C@@H]1CO[C@@H]1O[C@H](C)[C@@H](O)[C@@H](OC)[C@H]1OC,TRUE,,-2.365
tylosin,Tylosin (Ì©ÀÖ¾úËØ),REF_TYLOSIN,repository_reference,O40_attached_to_C33,40,33,C,MPM00806,N-Acetyl-D-muramoate,CC(=O)NC1C(O)OC(CO)C(O)C1OC(C)C(=O)O,1,CC[C@H]1OC(=O)C[C@@H](O)[C@H](C)[C@@H](O[C@@H]2O[C@H](C)[C@@H](O[C@H]3C[C@@](C)(OC(=O)C(C)OC4C(O)C(CO)OC(O)C4NC(C)=O)[C@@H](O)[C@H](C)O3)[C@H](N(C)C)[C@H]2O)[C@@H](CC=O)C[C@@H](C)C(=O)/C=C/C(C)=C/[C@@H]1CO[C@@H]1O[C@H](C)[C@@H](O)[C@@H](OC)[C@H]1OC,CC[C@H]1OC(=O)C[C@@H](O)[C@H](C)[C@@H](O[C@@H]2O[C@H](C)[C@@H](O[C@H]3C[C@@](C)(OC(=O)C(C)OC4C(O)C(CO)OC(O)C4NC(C)=O)[C@@H](O)[C@H](C)O3)[C@H](N(C)C)[C@H]2O)[C@@H](CC=O)C[C@@H](C)C(=O)/C=C/C(C)=C/[C@@H]1CO[C@@H]1O[C@H](C)[C@@H](O)[C@@H](OC)[C@H]1OC,TRUE,,-2.01
tylosin,Tylosin (Ì©ÀÖ¾úËØ),REF_TYLOSIN,repository_reference,O40_attached_to_C33,40,33,C,MPM00632,Ethanoic acid,CC(=O)O,1,CC[C@H]1OC(=O)C[C@@H](O)[C@H](C)[C@@H](O[C@@H]2O[C@H](C)[C@@H](O[C@H]3C[C@@](C)(OC(C)=O)[C@@H](O)[C@H](C)O3)[C@H](N(C)C)[C@H]2O)[C@@H](CC=O)C[C@@H](C)C(=O)/C=C/C(C)=C/[C@@H]1CO[C@@H]1O[C@H](C)[C@@H](O)[C@@H](OC)[C@H]1OC,CC[C@H]1OC(=O)C[C@@H](O)[C@H](C)[C@@H](O[C@@H]2O[C@H](C)[C@@H](O[C@H]3C[C@@](C)(OC(C)=O)[C@@H](O)[C@H](C)O3)[C@H](N(C)C)[C@H]2O)[C@@H](CC=O)C[C@@H](C)C(=O)/C=C/C(C)=C/[C@@H]1CO[C@@H]1O[C@H](C)[C@@H](O)[C@@H](OC)[C@H]1OC,TRUE,,-0.959
tylosin,Tylosin (Ì©ÀÖ¾úËØ),REF_TYLOSIN,repository_reference,O40_attached_to_C33,40,33,C,MPM01530,O3-Acetyl-L-serine,CC(=O)OCC(N)C(=O)O,1,CC[C@H]1OC(=O)C[C@@H](O)[C@H](C)[C@@H](O[C@@H]2O[C@H](C)[C@@H](O[C@H]3C[C@@](C)(OC(=O)C(N)COC(C)=O)[C@@H](O)[C@H](C)O3)[C@H](N(C)C)[C@H]2O)[C@@H](CC=O)C[C@@H](C)C(=O)/C=C/C(C)=C/[C@@H]1CO[C@@H]1O[C@H](C)[C@@H](O)[C@@H](OC)[C@H]1OC,CC[C@H]1OC(=O)C[C@@H](O)[C@H](C)[C@@H](O[C@@H]2O[C@H](C)[C@@H](O[C@H]3C[C@@](C)(OC(=O)C(N)COC(C)=O)[C@@H](O)[C@H](C)O3)[C@H](N(C)C)[C@H]2O)[C@@H](CC=O)C[C@@H](C)C(=O)/C=C/C(C)=C/[C@@H]1CO[C@@H]1O[C@H](C)[C@@H](O)[C@@H](OC)[C@H]1OC,TRUE,,-0.72
tylosin,Tylosin (Ì©ÀÖ¾úËØ),REF_TYLOSIN,repository_reference,O40_attached_to_C33,40,33,C,MPM01531,O-Acetylhomoserine,CC(=O)OCCC(N)C(=O)O,1,CC[C@H]1OC(=O)C[C@@H](O)[C@H](C)[C@@H](O[C@@H]2O[C@H](C)[C@@H](O[C@H]3C[C@@](C)(OC(=O)C(N)CCOC(C)=O)[C@@H](O)[C@H](C)O3)[C@H](N(C)C)[C@H]2O)[C@@H](CC=O)C[C@@H](C)C(=O)/C=C/C(C)=C/[C@@H]1CO[C@@H]1O[C@H](C)[C@@H](O)[C@@H](OC)[C@H]1OC,CC[C@H]1OC(=O)C[C@@H](O)[C@H](C)[C@@H](O[C@@H]2O[C@H](C)[C@@H](O[C@H]3C[C@@](C)(OC(=O)C(N)CCOC(C)=O)[C@@H](O)[C@H](C)O3)[C@H](N(C)C)[C@H]2O)[C@@H](CC=O)C[C@@H](C)C(=O)/C=C/C(C)=C/[C@@H]1CO[C@@H]1O[C@H](C)[C@@H](O)[C@@H](OC)[C@H]1OC,TRUE,,-0.912
tylosin,Tylosin (Ì©ÀÖ¾úËØ),REF_TYLOSIN,repository_reference,O40_attached_to_C33,40,33,C,MPM00396,6-Acetylthiohexanoic acid,CC(=O)SCCCCCC(=O)O,1,CC[C@H]1OC(=O)C[C@@H](O)[C@H](C)[C@@H](O[C@@H]2O[C@H](C)[C@@H](O[C@H]3C[C@@](C)(OC(=O)CCCCCSC(C)=O)[C@@H](O)[C@H](C)O3)[C@H](N(C)C)[C@H]2O)[C@@H](CC=O)C[C@@H](C)C(=O)/C=C/C(C)=C/[C@@H]1CO[C@@H]1O[C@H](C)[C@@H](O)[C@@H](OC)[C@H]1OC,CC[C@H]1OC(=O)C[C@@H](O)[C@H](C)[C@@H](O[C@@H]2O[C@H](C)[C@@H](O[C@H]3C[C@@](C)(OC(=O)CCCCCSC(C)=O)[C@@H](O)[C@H](C)O3)[C@H](N(C)C)[C@H]2O)[C@@H](CC=O)C[C@@H](C)C(=O)/C=C/C(C)=C/[C@@H]1CO[C@@H]1O[C@H](C)[C@@H](O)[C@@H](OC)[C@H]1OC,TRUE,,-1.948
tylosin,Tylosin (Ì©ÀÖ¾úËØ),REF_TYLOSIN,repository_reference,O40_attached_to_C33,40,33,C,MPM00215,2-Dehydropantoate,CC(C)(CO)C(=O)C(=O)O,1,CC[C@H]1OC(=O)C[C@@H](O)[C@H](C)[C@@H](O[C@@H]2O[C@H](C)[C@@H](O[C@H]3C[C@@](C)(OC(=O)C(=O)C(C)(C)CO)[C@@H](O)[C@H](C)O3)[C@H](N(C)C)[C@H]2O)[C@@H](CC=O)C[C@@H](C)C(=O)/C=C/C(C)=C/[C@@H]1CO[C@@H]1O[C@H](C)[C@@H](O)[C@@H](OC)[C@H]1OC,CC[C@H]1OC(=O)C[C@@H](O)[C@H](C)[C@@H](O[C@@H]2O[C@H](C)[C@@H](O[C@H]3C[C@@](C)(OC(=O)C(=O)C(C)(C)CO)[C@@H](O)[C@H](C)O3)[C@H](N(C)C)[C@H]2O)[C@@H](CC=O)C[C@@H](C)C(=O)/C=C/C(C)=C/[C@@H]1CO[C@@H]1O[C@H](C)[C@@H](O)[C@@H](OC)[C@H]1OC,TRUE,,-0.785
tylosin,Tylosin (Ì©ÀÖ¾úËØ),REF_TYLOSIN,repository_reference,O40_attached_to_C33,40,33,C,MPM00831,N-Pantothenoylcysteine,CC(C)(CO)C(O)C(=O)NCCC(=O)NC(CS)C(=O)O,1,CC[C@H]1OC(=O)C[C@@H](O)[C@H](C)[C@@H](O[C@@H]2O[C@H](C)[C@@H](O[C@H]3C[C@@](C)(OC(=O)C(CS)NC(=O)CCNC(=O)C(O)C(C)(C)CO)[C@@H](O)[C@H](C)O3)[C@H](N(C)C)[C@H]2O)[C@@H](CC=O)C[C@@H](C)C(=O)/C=C/C(C)=C/[C@@H]1CO[C@@H]1O[C@H](C)[C@@H](O)[C@@H](OC)[C@H]1OC,CC[C@H]1OC(=O)C[C@@H](O)[C@H](C)[C@@H](O[C@@H]2O[C@H](C)[C@@H](O[C@H]3C[C@@](C)(OC(=O)C(CS)NC(=O)CCNC(=O)C(O)C(C)(C)CO)[C@@H](O)[C@H](C)O3)[C@H](N(C)C)[C@H]2O)[C@@H](CC=O)C[C@@H](C)C(=O)/C=C/C(C)=C/[C@@H]1CO[C@@H]1O[C@H](C)[C@@H](O)[C@@H](OC)[C@H]1OC,TRUE,,-2.769
tylosin,Tylosin (Ì©ÀÖ¾úËØ),REF_TYLOSIN,repository_reference,O40_attached_to_C33,40,33,C,MPM00087,(R)-Pantothenate,CC(C)(CO)C(O)C(=O)NCCC(=O)O,1,CC[C@H]1OC(=O)C[C@@H](O)[C@H](C)[C@@H](O[C@@H]2O[C@H](C)[C@@H](O[C@H]3C[C@@](C)(OC(=O)CCNC(=O)C(O)C(C)(C)CO)[C@@H](O)[C@H](C)O3)[C@H](N(C)C)[C@H]2O)[C@@H](CC=O)C[C@@H](C)C(=O)/C=C/C(C)=C/[C@@H]1CO[C@@H]1O[C@H](C)[C@@H](O)[C@@H](OC)[C@H]1OC,CC[C@H]1OC(=O)C[C@@H](O)[C@H](C)[C@@H](O[C@@H]2O[C@H](C)[C@@H](O[C@H]3C[C@@](C)(OC(=O)CCNC(=O)C(O)C(C)(C)CO)[C@@H](O)[C@H](C)O3)[C@H](N(C)C)[C@H]2O)[C@@H](CC=O)C[C@@H](C)C(=O)/C=C/C(C)=C/[C@@H]1CO[C@@H]1O[C@H](C)[C@@H](O)[C@@H](OC)[C@H]1OC,TRUE,,-1.194
tylosin,Tylosin (Ì©ÀÖ¾úËØ),REF_TYLOSIN,repository_reference,O40_attached_to_C33,40,33,C,MPM00080,(R)-4'-Phosphopantothenate,CC(C)(COP(=O)(O)O)C(O)C(=O)NCCC(=O)O,1,CC[C@H]1OC(=O)C[C@@H](O)[C@H](C)[C@@H](O[C@@H]2O[C@H](C)[C@@H](O[C@H]3C[C@@](C)(OC(=O)CCNC(=O)C(O)C(C)(C)COP(=O)(O)O)[C@@H](O)[C@H](C)O3)[C@H](N(C)C)[C@H]2O)[C@@H](CC=O)C[C@@H](C)C(=O)/C=C/C(C)=C/[C@@H]1CO[C@@H]1O[C@H](C)[C@@H](O)[C@@H](OC)[C@H]1OC,CC[C@H]1OC(=O)C[C@@H](O)[C@H](C)[C@@H](O[C@@H]2O[C@H](C)[C@@H](O[C@H]3C[C@@](C)(OC(=O)CCNC(=O)C(O)C(C)(C)COP(=O)(O)O)[C@@H](O)[C@H](C)O3)[C@H](N(C)C)[C@H]2O)[C@@H](CC=O)C[C@@H](C)C(=O)/C=C/C(C)=C/[C@@H]1CO[C@@H]1O[C@H](C)[C@@H](O)[C@@H](OC)[C@H]1OC,TRUE,,-1.599
tylosin,Tylosin (Ì©ÀÖ¾úËØ),REF_TYLOSIN,repository_reference,O40_attached_to_C33,40,33,C,MPM00026,"(2R)-2,3-Dihydroxy-3-methylbutanoate",CC(C)(O)C(O)C(=O)O,1,CC[C@H]1OC(=O)C[C@@H](O)[C@H](C)[C@@H](O[C@@H]2O[C@H](C)[C@@H](O[C@H]3C[C@@](C)(OC(=O)C(O)C(C)(C)O)[C@@H](O)[C@H](C)O3)[C@H](N(C)C)[C@H]2O)[C@@H](CC=O)C[C@@H](C)C(=O)/C=C/C(C)=C/[C@@H]1CO[C@@H]1O[C@H](C)[C@@H](O)[C@@H](OC)[C@H]1OC,CC[C@H]1OC(=O)C[C@@H](O)[C@H](C)[C@@H](O[C@@H]2O[C@H](C)[C@@H](O[C@H]3C[C@@](C)(OC(=O)C(O)C(C)(C)O)[C@@H](O)[C@H](C)O3)[C@H](N(C)C)[C@H]2O)[C@@H](CC=O)C[C@@H](C)C(=O)/C=C/C(C)=C/[C@@H]1CO[C@@H]1O[C@H](C)[C@@H](O)[C@@H](OC)[C@H]1OC,TRUE,,-1.324
tylosin,Tylosin (Ì©ÀÖ¾úËØ),REF_TYLOSIN,repository_reference,O40_attached_to_C33,40,33,C,MPM00242,2-Keto-3-methylbutyric acid,CC(C)C(=O)C(=O)O,1,CC[C@H]1OC(=O)C[C@@H](O)[C@H](C)[C@@H](O[C@@H]2O[C@H](C)[C@@H](O[C@H]3C[C@@](C)(OC(=O)C(=O)C(C)C)[C@@H](O)[C@H](C)O3)[C@H](N(C)C)[C@H]2O)[C@@H](CC=O)C[C@@H](C)C(=O)/C=C/C(C)=C/[C@@H]1CO[C@@H]1O[C@H](C)[C@@H](O)[C@@H](OC)[C@H]1OC,CC[C@H]1OC(=O)C[C@@H](O)[C@H](C)[C@@H](O[C@@H]2O[C@H](C)[C@@H](O[C@H]3C[C@@](C)(OC(=O)C(=O)C(C)C)[C@@H](O)[C@H](C)O3)[C@H](N(C)C)[C@H]2O)[C@@H](CC=O)C[C@@H](C)C(=O)/C=C/C(C)=C/[C@@H]1CO[C@@H]1O[C@H](C)[C@@H](O)[C@@H](OC)[C@H]1OC,TRUE,,-0.969
tylosin,Tylosin (Ì©ÀÖ¾úËØ),REF_TYLOSIN,repository_reference,O40_attached_to_C33,40,33,C,MPM00716,Isobutyrate,CC(C)C(=O)O,1,CC[C@H]1OC(=O)C[C@@H](O)[C@H](C)[C@@H](O[C@@H]2O[C@H](C)[C@@H](O[C@H]3C[C@@](C)(OC(=O)C(C)C)[C@@H](O)[C@H](C)O3)[C@H](N(C)C)[C@H]2O)[C@@H](CC=O)C[C@@H](C)C(=O)/C=C/C(C)=C/[C@@H]1CO[C@@H]1O[C@H](C)[C@@H](O)[C@@H](OC)[C@H]1OC,CC[C@H]1OC(=O)C[C@@H](O)[C@H](C)[C@@H](O[C@@H]2O[C@H](C)[C@@H](O[C@H]3C[C@@](C)(OC(=O)C(C)C)[C@@H](O)[C@H](C)O3)[C@H](N(C)C)[C@H]2O)[C@@H](CC=O)C[C@@H](C)C(=O)/C=C/C(C)=C/[C@@H]1CO[C@@H]1O[C@H](C)[C@@H](O)[C@@H](OC)[C@H]1OC,TRUE,,-1.035
tylosin,Tylosin (Ì©ÀÖ¾úËØ),REF_TYLOSIN,repository_reference,O40_attached_to_C33,40,33,C,MPM01137,2-Amino-3-methylbutyric acid,CC(C)C(N)C(=O)O,1,CC[C@H]1OC(=O)C[C@@H](O)[C@H](C)[C@@H](O[C@@H]2O[C@H](C)[C@@H](O[C@H]3C[C@@](C)(OC(=O)C(N)C(C)C)[C@@H](O)[C@H](C)O3)[C@H](N(C)C)[C@H]2O)[C@@H](CC=O)C[C@@H](C)C(=O)/C=C/C(C)=C/[C@@H]1CO[C@@H]1O[C@H](C)[C@@H](O)[C@@H](OC)[C@H]1OC,CC[C@H]1OC(=O)C[C@@H](O)[C@H](C)[C@@H](O[C@@H]2O[C@H](C)[C@@H](O[C@H]3C[C@@](C)(OC(=O)C(N)C(C)C)[C@@H](O)[C@H](C)O3)[C@H](N(C)C)[C@H]2O)[C@@H](CC=O)C[C@@H](C)C(=O)/C=C/C(C)=C/[C@@H]1CO[C@@H]1O[C@H](C)[C@@H](O)[C@@H](OC)[C@H]1OC,TRUE,,-1.002
tylosin,Tylosin (Ì©ÀÖ¾úËØ),REF_TYLOSIN,repository_reference,O40_attached_to_C33,40,33,C,MPM00260,2-Oxoisocaproate,CC(C)CC(=O)C(=O)O,1,CC[C@H]1OC(=O)C[C@@H](O)[C@H](C)[C@@H](O[C@@H]2O[C@H](C)[C@@H](O[C@H]3C[C@@](C)(OC(=O)C(=O)CC(C)C)[C@@H](O)[C@H](C)O3)[C@H](N(C)C)[C@H]2O)[C@@H](CC=O)C[C@@H](C)C(=O)/C=C/C(C)=C/[C@@H]1CO[C@@H]1O[C@H](C)[C@@H](O)[C@@H](OC)[C@H]1OC,CC[C@H]1OC(=O)C[C@@H](O)[C@H](C)[C@@H](O[C@@H]2O[C@H](C)[C@@H](O[C@H]3C[C@@](C)(OC(=O)C(=O)CC(C)C)[C@@H](O)[C@H](C)O3)[C@H](N(C)C)[C@H]2O)[C@@H](CC=O)C[C@@H](C)C(=O)/C=C/C(C)=C/[C@@H]1CO[C@@H]1O[C@H](C)[C@@H](O)[C@@H](OC)[C@H]1OC,TRUE,,-1.201
tylosin,Tylosin (Ì©ÀÖ¾úËØ),REF_TYLOSIN,repository_reference,O40_attached_to_C33,40,33,C,MPM00720,Isovalerate,CC(C)CC(=O)O,1,CC[C@H]1OC(=O)C[C@@H](O)[C@H](C)[C@@H](O[C@@H]2O[C@H](C)[C@@H](O[C@H]3C[C@@](C)(OC(=O)CC(C)C)[C@@H](O)[C@H](C)O3)[C@H](N(C)C)[C@H]2O)[C@@H](CC=O)C[C@@H](C)C(=O)/C=C/C(C)=C/[C@@H]1CO[C@@H]1O[C@H](C)[C@@H](O)[C@@H](OC)[C@H]1OC,CC[C@H]1OC(=O)C[C@@H](O)[C@H](C)[C@@H](O[C@@H]2O[C@H](C)[C@@H](O[C@H]3C[C@@](C)(OC(=O)CC(C)C)[C@@H](O)[C@H](C)O3)[C@H](N(C)C)[C@H]2O)[C@@H](CC=O)C[C@@H](C)C(=O)/C=C/C(C)=C/[C@@H]1CO[C@@H]1O[C@H](C)[C@@H](O)[C@@H](OC)[C@H]1OC,TRUE,,-1.267
tylosin,Tylosin (Ì©ÀÖ¾úËØ),REF_TYLOSIN,repository_reference,O40_attached_to_C33,40,33,C,MPM01055,(2S)-alpha-Leucine,CC(C)CC(N)C(=O)O,1,CC[C@H]1OC(=O)C[C@@H](O)[C@H](C)[C@@H](O[C@@H]2O[C@H](C)[C@@H](O[C@H]3C[C@@](C)(OC(=O)C(N)CC(C)C)[C@@H](O)[C@H](C)O3)[C@H](N(C)C)[C@H]2O)[C@@H](CC=O)C[C@@H](C)C(=O)/C=C/C(C)=C/[C@@H]1CO[C@@H]1O[C@H](C)[C@@H](O)[C@@H](OC)[C@H]1OC,CC[C@H]1OC(=O)C[C@@H](O)[C@H](C)[C@@H](O[C@@H]2O[C@H](C)[C@@H](O[C@H]3C[C@@](C)(OC(=O)C(N)CC(C)C)[C@@H](O)[C@H](C)O3)[C@H](N(C)C)[C@H]2O)[C@@H](CC=O)C[C@@H](C)C(=O)/C=C/C(C)=C/[C@@H]1CO[C@@H]1O[C@H](C)[C@@H](O)[C@@H](OC)[C@H]1OC,TRUE,,-1.088
tylosin,Tylosin (Ì©ÀÖ¾úËØ),REF_TYLOSIN,repository_reference,O40_attached_to_C33,40,33,C,MPM00737,l-Alanyl-l-leucine,CC(C)CC(NC(=O)C(C)N)C(=O)O,1,CC[C@H]1OC(=O)C[C@@H](O)[C@H](C)[C@@H](O[C@@H]2O[C@H](C)[C@@H](O[C@H]3C[C@@](C)(OC(=O)C(CC(C)C)NC(=O)C(C)N)[C@@H](O)[C@H](C)O3)[C@H](N(C)C)[C@H]2O)[C@@H](CC=O)C[C@@H](C)C(=O)/C=C/C(C)=C/[C@@H]1CO[C@@H]1O[C@H](C)[C@@H](O)[C@@H](OC)[C@H]1OC,CC[C@H]1OC(=O)C[C@@H](O)[C@H](C)[C@@H](O[C@@H]2O[C@H](C)[C@@H](O[C@H]3C[C@@](C)(OC(=O)C(CC(C)C)NC(=O)C(C)N)[C@@H](O)[C@H](C)O3)[C@H](N(C)C)[C@H]2O)[C@@H](CC=O)C[C@@H](C)C(=O)/C=C/C(C)=C/[C@@H]1CO[C@@H]1O[C@H](C)[C@@H](O)[C@@H](OC)[C@H]1OC,TRUE,,-1.242
tylosin,Tylosin (Ì©ÀÖ¾úËØ),REF_TYLOSIN,repository_reference,O40_attached_to_C33,40,33,C,MPM00675,Glycyl-L-leucine,CC(C)CC(NC(=O)CN)C(=O)O,1,CC[C@H]1OC(=O)C[C@@H](O)[C@H](C)[C@@H](O[C@@H]2O[C@H](C)[C@@H](O[C@H]3C[C@@](C)(OC(=O)C(CC(C)C)NC(=O)CN)[C@@H](O)[C@H](C)O3)[C@H](N(C)C)[C@H]2O)[C@@H](CC=O)C[C@@H](C)C(=O)/C=C/C(C)=C/[C@@H]1CO[C@@H]1O[C@H](C)[C@@H](O)[C@@H](OC)[C@H]1OC,CC[C@H]1OC(=O)C[C@@H](O)[C@H](C)[C@@H](O[C@@H]2O[C@H](C)[C@@H](O[C@H]3C[C@@](C)(OC(=O)C(CC(C)C)NC(=O)CN)[C@@H](O)[C@H](C)O3)[C@H](N(C)C)[C@H]2O)[C@@H](CC=O)C[C@@H](C)C(=O)/C=C/C(C)=C/[C@@H]1CO[C@@H]1O[C@H](C)[C@@H](O)[C@@H](OC)[C@H]1OC,TRUE,,-0.865
tylosin,Tylosin (Ì©ÀÖ¾úËØ),REF_TYLOSIN,repository_reference,O40_attached_to_C33,40,33,C,MPM00108,(S)-methylmalonate semialdehyde,CC(C=O)C(=O)O,1,CC[C@H]1OC(=O)C[C@@H](O)[C@H](C)[C@@H](O[C@@H]2O[C@H](C)[C@@H](O[C@H]3C[C@@](C)(OC(=O)C(C)C=O)[C@@H](O)[C@H](C)O3)[C@H](N(C)C)[C@H]2O)[C@@H](CC=O)C[C@@H](C)C(=O)/C=C/C(C)=C/[C@@H]1CO[C@@H]1O[C@H](C)[C@@H](O)[C@@H](OC)[C@H]1OC,CC[C@H]1OC(=O)C[C@@H](O)[C@H](C)[C@@H](O[C@@H]2O[C@H](C)[C@@H](O[C@H]3C[C@@](C)(OC(=O)C(C)C=O)[C@@H](O)[C@H](C)O3)[C@H](N(C)C)[C@H]2O)[C@@H](CC=O)C[C@@H](C)C(=O)/C=C/C(C)=C/[C@@H]1CO[C@@H]1O[C@H](C)[C@@H](O)[C@@H](OC)[C@H]1OC,TRUE,,-1.185
tylosin,Tylosin (Ì©ÀÖ¾úËØ),REF_TYLOSIN,repository_reference,O40_attached_to_C33,40,33,C,MPM01359,D-Ala-D-Ala,CC(N)C(=O)NC(C)C(=O)O,1,CC[C@H]1OC(=O)C[C@@H](O)[C@H](C)[C@@H](O[C@@H]2O[C@H](C)[C@@H](O[C@H]3C[C@@](C)(OC(=O)C(C)NC(=O)C(C)N)[C@@H](O)[C@H](C)O3)[C@H](N(C)C)[C@H]2O)[C@@H](CC=O)C[C@@H](C)C(=O)/C=C/C(C)=C/[C@@H]1CO[C@@H]1O[C@H](C)[C@@H](O)[C@@H](OC)[C@H]1OC,CC[C@H]1OC(=O)C[C@@H](O)[C@H](C)[C@@H](O[C@@H]2O[C@H](C)[C@@H](O[C@H]3C[C@@](C)(OC(=O)C(C)NC(=O)C(C)N)[C@@H](O)[C@H](C)O3)[C@H](N(C)C)[C@H]2O)[C@@H](CC=O)C[C@@H](C)C(=O)/C=C/C(C)=C/[C@@H]1CO[C@@H]1O[C@H](C)[C@@H](O)[C@@H](OC)[C@H]1OC,TRUE,,-0.795
tylosin,Tylosin (Ì©ÀÖ¾úËØ),REF_TYLOSIN,repository_reference,O40_attached_to_C33,40,33,C,MPM00736,l-Alanyl-l-glutamine,CC(N)C(=O)NC(CCC(N)=O)C(=O)O,1,CC[C@H]1OC(=O)C[C@@H](O)[C@H](C)[C@@H](O[C@@H]2O[C@H](C)[C@@H](O[C@H]3C[C@@](C)(OC(=O)C(CCC(N)=O)NC(=O)C(C)N)[C@@H](O)[C@H](C)O3)[C@H](N(C)C)[C@H]2O)[C@@H](CC=O)C[C@@H](C)C(=O)/C=C/C(C)=C/[C@@H]1CO[C@@H]1O[C@H](C)[C@@H](O)[C@@H](OC)[C@H]1OC,CC[C@H]1OC(=O)C[C@@H](O)[C@H](C)[C@@H](O[C@@H]2O[C@H](C)[C@@H](O[C@H]3C[C@@](C)(OC(=O)C(CCC(N)=O)NC(=O)C(C)N)[C@@H](O)[C@H](C)O3)[C@H](N(C)C)[C@H]2O)[C@@H](CC=O)C[C@@H](C)C(=O)/C=C/C(C)=C/[C@@H]1CO[C@@H]1O[C@H](C)[C@@H](O)[C@@H](OC)[C@H]1OC,TRUE,,-0.777
tylosin,Tylosin (Ì©ÀÖ¾úËØ),REF_TYLOSIN,repository_reference,O40_attached_to_C33,40,33,C,MPM00440,Ala-His,CC(N)C(=O)NC(Cc1cnc[nH]1)C(=O)O,1,CC[C@H]1OC(=O)C[C@@H](O)[C@H](C)[C@@H](O[C@@H]2O[C@H](C)[C@@H](O[C@H]3C[C@@](C)(OC(=O)C(Cc4cnc[nH]4)NC(=O)C(C)N)[C@@H](O)[C@H](C)O3)[C@H](N(C)C)[C@H]2O)[C@@H](CC=O)C[C@@H](C)C(=O)/C=C/C(C)=C/[C@@H]1CO[C@@H]1O[C@H](C)[C@@H](O)[C@@H](OC)[C@H]1OC,CC[C@H]1OC(=O)C[C@@H](O)[C@H](C)[C@@H](O[C@@H]2O[C@H](C)[C@@H](O[C@H]3C[C@@](C)(OC(=O)C(Cc4cnc[nH]4)NC(=O)C(C)N)[C@@H](O)[C@H](C)O3)[C@H](N(C)C)[C@H]2O)[C@@H](CC=O)C[C@@H](C)C(=O)/C=C/C(C)=C/[C@@H]1CO[C@@H]1O[C@H](C)[C@@H](O)[C@@H](OC)[C@H]1OC,TRUE,,-1.041
tylosin,Tylosin (Ì©ÀÖ¾úËØ),REF_TYLOSIN,repository_reference,O40_attached_to_C33,40,33,C,MPM00441,Alanylglycine,CC(N)C(=O)NCC(=O)O,1,CC[C@H]1OC(=O)C[C@@H](O)[C@H](C)[C@@H](O[C@@H]2O[C@H](C)[C@@H](O[C@H]3C[C@@](C)(OC(=O)CNC(=O)C(C)N)[C@@H](O)[C@H](C)O3)[C@H](N(C)C)[C@H]2O)[C@@H](CC=O)C[C@@H](C)C(=O)/C=C/C(C)=C/[C@@H]1CO[C@@H]1O[C@H](C)[C@@H](O)[C@@H](OC)[C@H]1OC,CC[C@H]1OC(=O)C[C@@H](O)[C@H](C)[C@@H](O[C@@H]2O[C@H](C)[C@@H](O[C@H]3C[C@@](C)(OC(=O)CNC(=O)C(C)N)[C@@H](O)[C@H](C)O3)[C@H](N(C)C)[C@H]2O)[C@@H](CC=O)C[C@@H](C)C(=O)/C=C/C(C)=C/[C@@H]1CO[C@@H]1O[C@H](C)[C@@H](O)[C@@H](OC)[C@H]1OC,TRUE,,-0.606
tylosin,Tylosin (Ì©ÀÖ¾úËØ),REF_TYLOSIN,repository_reference,O40_attached_to_C33,40,33,C,MPM01358,D-Ala,CC(N)C(=O)O,1,CC[C@H]1OC(=O)C[C@@H](O)[C@H](C)[C@@H](O[C@@H]2O[C@H](C)[C@@H](O[C@H]3C[C@@](C)(OC(=O)C(C)N)[C@@H](O)[C@H](C)O3)[C@H](N(C)C)[C@H]2O)[C@@H](CC=O)C[C@@H](C)C(=O)/C=C/C(C)=C/[C@@H]1CO[C@@H]1O[C@H](C)[C@@H](O)[C@@H](OC)[C@H]1OC,CC[C@H]1OC(=O)C[C@@H](O)[C@H](C)[C@@H](O[C@@H]2O[C@H](C)[C@@H](O[C@H]3C[C@@](C)(OC(=O)C(C)N)[C@@H](O)[C@H](C)O3)[C@H](N(C)C)[C@H]2O)[C@@H](CC=O)C[C@@H](C)C(=O)/C=C/C(C)=C/[C@@H]1CO[C@@H]1O[C@H](C)[C@@H](O)[C@@H](OC)[C@H]1OC,TRUE,,-0.636
tylosin,Tylosin (Ì©ÀÖ¾úËØ),REF_TYLOSIN,repository_reference,O40_attached_to_C33,40,33,C,MPM00548,DAPA,CC(N)C(N)CCCCCC(=O)O,1,CC[C@H]1OC(=O)C[C@@H](O)[C@H](C)[C@@H](O[C@@H]2O[C@H](C)[C@@H](O[C@H]3C[C@@](C)(OC(=O)CCCCCC(N)C(C)N)[C@@H](O)[C@H](C)O3)[C@H](N(C)C)[C@H]2O)[C@@H](CC=O)C[C@@H](C)C(=O)/C=C/C(C)=C/[C@@H]1CO[C@@H]1O[C@H](C)[C@@H](O)[C@@H](OC)[C@H]1OC,CC[C@H]1OC(=O)C[C@@H](O)[C@H](C)[C@@H](O[C@@H]2O[C@H](C)[C@@H](O[C@H]3C[C@@](C)(OC(=O)CCCCCC(N)C(C)N)[C@@H](O)[C@H](C)O3)[C@H](N(C)C)[C@H]2O)[C@@H](CC=O)C[C@@H](C)C(=O)/C=C/C(C)=C/[C@@H]1CO[C@@H]1O[C@H](C)[C@@H](O)[C@@H](OC)[C@H]1OC,TRUE,,-1.163
tylosin,Tylosin (Ì©ÀÖ¾úËØ),REF_TYLOSIN,repository_reference,O40_attached_to_C33,40,33,C,MPM00031,"(2R,4S)-2,4-diaminopentanoic acid",CC(N)CC(N)C(=O)O,1,CC[C@H]1OC(=O)C[C@@H](O)[C@H](C)[C@@H](O[C@@H]2O[C@H](C)[C@@H](O[C@H]3C[C@@](C)(OC(=O)C(N)CC(C)N)[C@@H](O)[C@H](C)O3)[C@H](N(C)C)[C@H]2O)[C@@H](CC=O)C[C@@H](C)C(=O)/C=C/C(C)=C/[C@@H]1CO[C@@H]1O[C@H](C)[C@@H](O)[C@@H](OC)[C@H]1OC,CC[C@H]1OC(=O)C[C@@H](O)[C@H](C)[C@@H](O[C@@H]2O[C@H](C)[C@@H](O[C@H]3C[C@@](C)(OC(=O)C(N)CC(C)N)[C@@H](O)[C@H](C)O3)[C@H](N(C)C)[C@H]2O)[C@@H](CC=O)C[C@@H](C)C(=O)/C=C/C(C)=C/[C@@H]1CO[C@@H]1O[C@H](C)[C@@H](O)[C@@H](OC)[C@H]1OC,TRUE,,-0.715
tylosin,Tylosin (Ì©ÀÖ¾úËØ),REF_TYLOSIN,repository_reference,O40_attached_to_C33,40,33,C,MPM00051,"(3S,5S)-3,5-diaminohexanoic acid",CC(N)CC(N)CC(=O)O,1,CC[C@H]1OC(=O)C[C@@H](O)[C@H](C)[C@@H](O[C@@H]2O[C@H](C)[C@@H](O[C@H]3C[C@@](C)(OC(=O)CC(N)CC(C)N)[C@@H](O)[C@H](C)O3)[C@H](N(C)C)[C@H]2O)[C@@H](CC=O)C[C@@H](C)C(=O)/C=C/C(C)=C/[C@@H]1CO[C@@H]1O[C@H](C)[C@@H](O)[C@@H](OC)[C@H]1OC,CC[C@H]1OC(=O)C[C@@H](O)[C@H](C)[C@@H](O[C@@H]2O[C@H](C)[C@@H](O[C@H]3C[C@@](C)(OC(=O)CC(N)CC(C)N)[C@@H](O)[C@H](C)O3)[C@H](N(C)C)[C@H]2O)[C@@H](CC=O)C[C@@H](C)C(=O)/C=C/C(C)=C/[C@@H]1CO[C@@H]1O[C@H](C)[C@@H](O)[C@@H](OC)[C@H]1OC,TRUE,,-0.973
tylosin,Tylosin (Ì©ÀÖ¾úËØ),REF_TYLOSIN,repository_reference,O40_attached_to_C33,40,33,C,MPM00083,(R)-mevalonate,CC(O)(CCO)CC(=O)O,1,CC[C@H]1OC(=O)C[C@@H](O)[C@H](C)[C@@H](O[C@@H]2O[C@H](C)[C@@H](O[C@H]3C[C@@](C)(OC(=O)CC(C)(O)CCO)[C@@H](O)[C@H](C)O3)[C@H](N(C)C)[C@H]2O)[C@@H](CC=O)C[C@@H](C)C(=O)/C=C/C(C)=C/[C@@H]1CO[C@@H]1O[C@H](C)[C@@H](O)[C@@H](OC)[C@H]1OC,CC[C@H]1OC(=O)C[C@@H](O)[C@H](C)[C@@H](O[C@@H]2O[C@H](C)[C@@H](O[C@H]3C[C@@](C)(OC(=O)CC(C)(O)CCO)[C@@H](O)[C@H](C)O3)[C@H](N(C)C)[C@H]2O)[C@@H](CC=O)C[C@@H](C)C(=O)/C=C/C(C)=C/[C@@H]1CO[C@@H]1O[C@H](C)[C@@H](O)[C@@H](OC)[C@H]1OC,TRUE,,-1.406
tylosin,Tylosin (Ì©ÀÖ¾úËØ),REF_TYLOSIN,repository_reference,O40_attached_to_C33,40,33,C,MPM00081,(R)-5-Diphosphomevalonate,CC(O)(CCOP(=O)(O)OP(=O)(O)O)CC(=O)O,1,CC[C@H]1OC(=O)C[C@@H](O)[C@H](C)[C@@H](O[C@@H]2O[C@H](C)[C@@H](O[C@H]3C[C@@](C)(OC(=O)CC(C)(O)CCOP(=O)(O)OP(=O)(O)O)[C@@H](O)[C@H](C)O3)[C@H](N(C)C)[C@H]2O)[C@@H](CC=O)C[C@@H](C)C(=O)/C=C/C(C)=C/[C@@H]1CO[C@@H]1O[C@H](C)[C@@H](O)[C@@H](OC)[C@H]1OC,CC[C@H]1OC(=O)C[C@@H](O)[C@H](C)[C@@H](O[C@@H]2O[C@H](C)[C@@H](O[C@H]3C[C@@](C)(OC(=O)CC(C)(O)CCOP(=O)(O)OP(=O)(O)O)[C@@H](O)[C@H](C)O3)[C@H](N(C)C)[C@H]2O)[C@@H](CC=O)C[C@@H](C)C(=O)/C=C/C(C)=C/[C@@H]1CO[C@@H]1O[C@H](C)[C@@H](O)[C@@H](OC)[C@H]1OC,TRUE,,-2.296
tylosin,Tylosin (Ì©ÀÖ¾úËØ),REF_TYLOSIN,repository_reference,O40_attached_to_C33,40,33,C,MPM00543,D-2-Hydroxypropionic acid,CC(O)C(=O)O,1,CC[C@H]1OC(=O)C[C@@H](O)[C@H](C)[C@@H](O[C@@H]2O[C@H](C)[C@@H](O[C@H]3C[C@@](C)(OC(=O)C(C)O)[C@@H](O)[C@H](C)O3)[C@H](N(C)C)[C@H]2O)[C@@H](CC=O)C[C@@H](C)C(=O)/C=C/C(C)=C/[C@@H]1CO[C@@H]1O[C@H](C)[C@@H](O)[C@@H](OC)[C@H]1OC,CC[C@H]1OC(=O)C[C@@H](O)[C@H](C)[C@@H](O[C@@H]2O[C@H](C)[C@@H](O[C@H]3C[C@@](C)(OC(=O)C(C)O)[C@@H](O)[C@H](C)O3)[C@H](N(C)C)[C@H]2O)[C@@H](CC=O)C[C@@H](C)C(=O)/C=C/C(C)=C/[C@@H]1CO[C@@H]1O[C@H](C)[C@@H](O)[C@@H](OC)[C@H]1OC,TRUE,,-0.938
tylosin,Tylosin (Ì©ÀÖ¾úËØ),REF_TYLOSIN,repository_reference,O40_attached_to_C33,40,33,C,MPM01136,2-Amino-3-hydroxybutyric acid,CC(O)C(N)C(=O)O,1,CC[C@H]1OC(=O)C[C@@H](O)[C@H](C)[C@@H](O[C@@H]2O[C@H](C)[C@@H](O[C@H]3C[C@@](C)(OC(=O)C(N)C(C)O)[C@@H](O)[C@H](C)O3)[C@H](N(C)C)[C@H]2O)[C@@H](CC=O)C[C@@H](C)C(=O)/C=C/C(C)=C/[C@@H]1CO[C@@H]1O[C@H](C)[C@@H](O)[C@@H](OC)[C@H]1OC,CC[C@H]1OC(=O)C[C@@H](O)[C@H](C)[C@@H](O[C@@H]2O[C@H](C)[C@@H](O[C@H]3C[C@@](C)(OC(=O)C(N)C(C)O)[C@@H](O)[C@H](C)O3)[C@H](N(C)C)[C@H]2O)[C@@H](CC=O)C[C@@H](C)C(=O)/C=C/C(C)=C/[C@@H]1CO[C@@H]1O[C@H](C)[C@@H](O)[C@@H](OC)[C@H]1OC,TRUE,,-0.891
tylosin,Tylosin (Ì©ÀÖ¾úËØ),REF_TYLOSIN,repository_reference,O40_attached_to_C33,40,33,C,MPM00551,D-beta-Hydroxybutyric acid,CC(O)CC(=O)O,1,CC[C@H]1OC(=O)C[C@@H](O)[C@H](C)[C@@H](O[C@@H]2O[C@H](C)[C@@H](O[C@H]3C[C@@](C)(OC(=O)CC(C)O)[C@@H](O)[C@H](C)O3)[C@H](N(C)C)[C@H]2O)[C@@H](CC=O)C[C@@H](C)C(=O)/C=C/C(C)=C/[C@@H]1CO[C@@H]1O[C@H](C)[C@@H](O)[C@@H](OC)[C@H]1OC,CC[C@H]1OC(=O)C[C@@H](O)[C@H](C)[C@@H](O[C@@H]2O[C@H](C)[C@@H](O[C@H]3C[C@@](C)(OC(=O)CC(C)O)[C@@H](O)[C@H](C)O3)[C@H](N(C)C)[C@H]2O)[C@@H](CC=O)C[C@@H](C)C(=O)/C=C/C(C)=C/[C@@H]1CO[C@@H]1O[C@H](C)[C@@H](O)[C@@H](OC)[C@H]1OC,TRUE,,-1.089
tylosin,Tylosin (Ì©ÀÖ¾úËØ),REF_TYLOSIN,repository_reference,O40_attached_to_C33,40,33,C,MPM00843,O-Phospho-L-threonine,CC(OP(=O)(O)O)C(N)C(=O)O,1,CC[C@H]1OC(=O)C[C@@H](O)[C@H](C)[C@@H](O[C@@H]2O[C@H](C)[C@@H](O[C@H]3C[C@@](C)(OC(=O)C(N)C(C)OP(=O)(O)O)[C@@H](O)[C@H](C)O3)[C@H](N(C)C)[C@H]2O)[C@@H](CC=O)C[C@@H](C)C(=O)/C=C/C(C)=C/[C@@H]1CO[C@@H]1O[C@H](C)[C@@H](O)[C@@H](OC)[C@H]1OC,CC[C@H]1OC(=O)C[C@@H](O)[C@H](C)[C@@H](O[C@@H]2O[C@H](C)[C@@H](O[C@H]3C[C@@](C)(OC(=O)C(N)C(C)OP(=O)(O)O)[C@@H](O)[C@H](C)O3)[C@H](N(C)C)[C@H]2O)[C@@H](CC=O)C[C@@H](C)C(=O)/C=C/C(C)=C/[C@@H]1CO[C@@H]1O[C@H](C)[C@@H](O)[C@@H](OC)[C@H]1OC,TRUE,,-1.19
tylosin,Tylosin (Ì©ÀÖ¾úËØ),REF_TYLOSIN,repository_reference,O40_attached_to_C33,40,33,C,MPM00465,Ampicillin,CC1(C)SC2C(NC(=O)C(N)c3ccccc3)C(=O)N2C1C(=O)O,1,CC[C@H]1OC(=O)C[C@@H](O)[C@H](C)[C@@H](O[C@@H]2O[C@H](C)[C@@H](O[C@H]3C[C@@](C)(OC(=O)C4N5C(=O)C(NC(=O)C(N)c6ccccc6)C5SC4(C)C)[C@@H](O)[C@H](C)O3)[C@H](N(C)C)[C@H]2O)[C@@H](CC=O)C[C@@H](C)C(=O)/C=C/C(C)=C/[C@@H]1CO[C@@H]1O[C@H](C)[C@@H](O)[C@@H](OC)[C@H]1OC,CC[C@H]1OC(=O)C[C@@H](O)[C@H](C)[C@@H](O[C@@H]2O[C@H](C)[C@@H](O[C@H]3C[C@@](C)(OC(=O)C4N5C(=O)C(NC(=O)C(N)c6ccccc6)C5SC4(C)C)[C@@H](O)[C@H](C)O3)[C@H](N(C)C)[C@H]2O)[C@@H](CC=O)C[C@@H](C)C(=O)/C=C/C(C)=C/[C@@H]1CO[C@@H]1O[C@H](C)[C@@H](O)[C@@H](OC)[C@H]1OC,TRUE,,-2.122
tylosin,Tylosin (Ì©ÀÖ¾úËØ),REF_TYLOSIN,repository_reference,O40_attached_to_C33,40,33,C,MPM00566,Desthiobiotin,CC1NC(=O)NC1CCCCCC(=O)O,1,CC[C@H]1OC(=O)C[C@@H](O)[C@H](C)[C@@H](O[C@@H]2O[C@H](C)[C@@H](O[C@H]3C[C@@](C)(OC(=O)CCCCCC4NC(=O)NC4C)[C@@H](O)[C@H](C)O3)[C@H](N(C)C)[C@H]2O)[C@@H](CC=O)C[C@@H](C)C(=O)/C=C/C(C)=C/[C@@H]1CO[C@@H]1O[C@H](C)[C@@H](O)[C@@H](OC)[C@H]1OC,CC[C@H]1OC(=O)C[C@@H](O)[C@H](C)[C@@H](O[C@@H]2O[C@H](C)[C@@H](O[C@H]3C[C@@](C)(OC(=O)CCCCCC4NC(=O)NC4C)[C@@H](O)[C@H](C)O3)[C@H](N(C)C)[C@H]2O)[C@@H](CC=O)C[C@@H](C)C(=O)/C=C/C(C)=C/[C@@H]1CO[C@@H]1O[C@H](C)[C@@H](O)[C@@H](OC)[C@H]1OC,TRUE,,-1.857
tylosin,Tylosin (Ì©ÀÖ¾úËØ),REF_TYLOSIN,repository_reference,O40_attached_to_C33,40,33,C,MPM00458,alpha-Ketobutyrate,CCC(=O)C(=O)O,1,CCC(=O)C(=O)O[C@]1(C)C[C@H](O[C@H]2[C@H](N(C)C)[C@@H](O)[C@H](O[C@H]3[C@@H](CC=O)C[C@@H](C)C(=O)/C=C/C(C)=C/[C@H](CO[C@@H]4O[C@H](C)[C@@H](O)[C@@H](OC)[C@H]4OC)[C@@H](CC)OC(=O)C[C@@H](O)[C@@H]3C)O[C@@H]2C)O[C@@H](C)[C@@H]1O,CCC(=O)C(=O)O[C@]1(C)C[C@H](O[C@H]2[C@H](N(C)C)[C@@H](O)[C@H](O[C@H]3[C@@H](CC=O)C[C@@H](C)C(=O)/C=C/C(C)=C/[C@H](CO[C@@H]4O[C@H](C)[C@@H](O)[C@@H](OC)[C@H]4OC)[C@@H](CC)OC(=O)C[C@@H](O)[C@@H]3C)O[C@@H]2C)O[C@@H](C)[C@@H]1O,TRUE,,-0.799
tylosin,Tylosin (Ì©ÀÖ¾úËØ),REF_TYLOSIN,repository_reference,O40_attached_to_C33,40,33,C,MPM00908,propionate,CCC(=O)O,1,CCC(=O)O[C@]1(C)C[C@H](O[C@H]2[C@H](N(C)C)[C@@H](O)[C@H](O[C@H]3[C@@H](CC=O)C[C@@H](C)C(=O)/C=C/C(C)=C/[C@H](CO[C@@H]4O[C@H](C)[C@@H](O)[C@@H](OC)[C@H]4OC)[C@@H](CC)OC(=O)C[C@@H](O)[C@@H]3C)O[C@@H]2C)O[C@@H](C)[C@@H]1O,CCC(=O)O[C@]1(C)C[C@H](O[C@H]2[C@H](N(C)C)[C@@H](O)[C@H](O[C@H]3[C@@H](CC=O)C[C@@H](C)C(=O)/C=C/C(C)=C/[C@H](CO[C@@H]4O[C@H](C)[C@@H](O)[C@@H](OC)[C@H]4OC)[C@@H](CC)OC(=O)C[C@@H](O)[C@@H]3C)O[C@@H]2C)O[C@@H](C)[C@@H]1O,TRUE,,-0.865
tylosin,Tylosin (Ì©ÀÖ¾úËØ),REF_TYLOSIN,repository_reference,O40_attached_to_C33,40,33,C,MPM00078,(R)-3-Hydroxy-3-methyl-2-oxopentanoate,CCC(C)(O)C(=O)C(=O)O,1,CC[C@H]1OC(=O)C[C@@H](O)[C@H](C)[C@@H](O[C@@H]2O[C@H](C)[C@@H](O[C@H]3C[C@@](C)(OC(=O)C(=O)C(C)(O)CC)[C@@H](O)[C@H](C)O3)[C@H](N(C)C)[C@H]2O)[C@@H](CC=O)C[C@@H](C)C(=O)/C=C/C(C)=C/[C@@H]1CO[C@@H]1O[C@H](C)[C@@H](O)[C@@H](OC)[C@H]1OC,CC[C@H]1OC(=O)C[C@@H](O)[C@H](C)[C@@H](O[C@@H]2O[C@H](C)[C@@H](O[C@H]3C[C@@](C)(OC(=O)C(=O)C(C)(O)CC)[C@@H](O)[C@H](C)O3)[C@H](N(C)C)[C@H]2O)[C@@H](CC=O)C[C@@H](C)C(=O)/C=C/C(C)=C/[C@@H]1CO[C@@H]1O[C@H](C)[C@@H](O)[C@@H](OC)[C@H]1OC,TRUE,,-1.008
tylosin,Tylosin (Ì©ÀÖ¾úËØ),REF_TYLOSIN,repository_reference,O40_attached_to_C33,40,33,C,MPM00028,"(2R,3R)-2,3-Dihydroxy-3-methylpentanoate",CCC(C)(O)C(O)C(=O)O,1,CC[C@H]1OC(=O)C[C@@H](O)[C@H](C)[C@@H](O[C@@H]2O[C@H](C)[C@@H](O[C@H]3C[C@@](C)(OC(=O)C(O)C(C)(O)CC)[C@@H](O)[C@H](C)O3)[C@H](N(C)C)[C@H]2O)[C@@H](CC=O)C[C@@H](C)C(=O)/C=C/C(C)=C/[C@@H]1CO[C@@H]1O[C@H](C)[C@@H](O)[C@@H](OC)[C@H]1OC,CC[C@H]1OC(=O)C[C@@H](O)[C@H](C)[C@@H](O[C@@H]2O[C@H](C)[C@@H](O[C@H]3C[C@@](C)(OC(=O)C(O)C(C)(O)CC)[C@@H](O)[C@H](C)O3)[C@H](N(C)C)[C@H]2O)[C@@H](CC=O)C[C@@H](C)C(=O)/C=C/C(C)=C/[C@@H]1CO[C@@H]1O[C@H](C)[C@@H](O)[C@@H](OC)[C@H]1OC,TRUE,,-1.365
tylosin,Tylosin (Ì©ÀÖ¾úËØ),REF_TYLOSIN,repository_reference,O40_attached_to_C33,40,33,C,MPM00050,(3S)-3-Methyl-2-oxopentanoate,CCC(C)C(=O)C(=O)O,1,CCC(C)C(=O)C(=O)O[C@]1(C)C[C@H](O[C@H]2[C@H](N(C)C)[C@@H](O)[C@H](O[C@H]3[C@@H](CC=O)C[C@@H](C)C(=O)/C=C/C(C)=C/[C@H](CO[C@@H]4O[C@H](C)[C@@H](O)[C@@H](OC)[C@H]4OC)[C@@H](CC)OC(=O)C[C@@H](O)[C@@H]3C)O[C@@H]2C)O[C@@H](C)[C@@H]1O,CCC(C)C(=O)C(=O)O[C@]1(C)C[C@H](O[C@H]2[C@H](N(C)C)[C@@H](O)[C@H](O[C@H]3[C@@H](CC=O)C[C@@H](C)C(=O)/C=C/C(C)=C/[C@H](CO[C@@H]4O[C@H](C)[C@@H](O)[C@@H](OC)[C@H]4OC)[C@@H](CC)OC(=O)C[C@@H](O)[C@@H]3C)O[C@@H]2C)O[C@@H](C)[C@@H]1O,TRUE,,-1.023
tylosin,Tylosin (Ì©ÀÖ¾úËØ),REF_TYLOSIN,repository_reference,O40_attached_to_C33,40,33,C,MPM01138,2-Amino-3-methylvaleric acid,CCC(C)C(N)C(=O)O,1,CCC(C)C(N)C(=O)O[C@]1(C)C[C@H](O[C@H]2[C@H](N(C)C)[C@@H](O)[C@H](O[C@H]3[C@@H](CC=O)C[C@@H](C)C(=O)/C=C/C(C)=C/[C@H](CO[C@@H]4O[C@H](C)[C@@H](O)[C@@H](OC)[C@H]4OC)[C@@H](CC)OC(=O)C[C@@H](O)[C@@H]3C)O[C@@H]2C)O[C@@H](C)[C@@H]1O,CCC(C)C(N)C(=O)O[C@]1(C)C[C@H](O[C@H]2[C@H](N(C)C)[C@@H](O)[C@H](O[C@H]3[C@@H](CC=O)C[C@@H](C)C(=O)/C=C/C(C)=C/[C@H](CO[C@@H]4O[C@H](C)[C@@H](O)[C@@H](OC)[C@H]4OC)[C@@H](CC)OC(=O)C[C@@H](O)[C@@H]3C)O[C@@H]2C)O[C@@H](C)[C@@H]1O,TRUE,,-1.061
tylosin,Tylosin (Ì©ÀÖ¾úËØ),REF_TYLOSIN,repository_reference,O40_attached_to_C33,40,33,C,MPM00029,"(2R,3R)-2-hydroxy-3-methylpentanoic acid",CCC(C)C(O)C(=O)O,1,CCC(C)C(O)C(=O)O[C@]1(C)C[C@H](O[C@H]2[C@H](N(C)C)[C@@H](O)[C@H](O[C@H]3[C@@H](CC=O)C[C@@H](C)C(=O)/C=C/C(C)=C/[C@H](CO[C@@H]4O[C@H](C)[C@@H](O)[C@@H](OC)[C@H]4OC)[C@@H](CC)OC(=O)C[C@@H](O)[C@@H]3C)O[C@@H]2C)O[C@@H](C)[C@@H]1O,CCC(C)C(O)C(=O)O[C@]1(C)C[C@H](O[C@H]2[C@H](N(C)C)[C@@H](O)[C@H](O[C@H]3[C@@H](CC=O)C[C@@H](C)C(=O)/C=C/C(C)=C/[C@H](CO[C@@H]4O[C@H](C)[C@@H](O)[C@@H](OC)[C@H]4OC)[C@@H](CC)OC(=O)C[C@@H](O)[C@@H]3C)O[C@@H]2C)O[C@@H](C)[C@@H]1O,TRUE,,-1.363
tylosin,Tylosin (Ì©ÀÖ¾úËØ),REF_TYLOSIN,repository_reference,O40_attached_to_C33,40,33,C,MPM00094,(S)-2-Hydroxy-2-ethyl-3-oxobutanoate,CCC(O)(C(C)=O)C(=O)O,1,CC[C@H]1OC(=O)C[C@@H](O)[C@H](C)[C@@H](O[C@@H]2O[C@H](C)[C@@H](O[C@H]3C[C@@](C)(OC(=O)C(O)(CC)C(C)=O)[C@@H](O)[C@H](C)O3)[C@H](N(C)C)[C@H]2O)[C@@H](CC=O)C[C@@H](C)C(=O)/C=C/C(C)=C/[C@@H]1CO[C@@H]1O[C@H](C)[C@@H](O)[C@@H](OC)[C@H]1OC,CC[C@H]1OC(=O)C[C@@H](O)[C@H](C)[C@@H](O[C@@H]2O[C@H](C)[C@@H](O[C@H]3C[C@@](C)(OC(=O)C(O)(CC)C(C)=O)[C@@H](O)[C@H](C)O3)[C@H](N(C)C)[C@H]2O)[C@@H](CC=O)C[C@@H](C)C(=O)/C=C/C(C)=C/[C@@H]1CO[C@@H]1O[C@H](C)[C@@H](O)[C@@H](OC)[C@H]1OC,TRUE,,-1.287
tylosin,Tylosin (Ì©ÀÖ¾úËØ),REF_TYLOSIN,repository_reference,O40_attached_to_C33,40,33,C,MPM00302,3-Hydroxypentanoic acid,CCC(O)CC(=O)O,1,CCC(O)CC(=O)O[C@]1(C)C[C@H](O[C@H]2[C@H](N(C)C)[C@@H](O)[C@H](O[C@H]3[C@@H](CC=O)C[C@@H](C)C(=O)/C=C/C(C)=C/[C@H](CO[C@@H]4O[C@H](C)[C@@H](O)[C@@H](OC)[C@H]4OC)[C@@H](CC)OC(=O)C[C@@H](O)[C@@H]3C)O[C@@H]2C)O[C@@H](C)[C@@H]1O,CCC(O)CC(=O)O[C@]1(C)C[C@H](O[C@H]2[C@H](N(C)C)[C@@H](O)[C@H](O[C@H]3[C@@H](CC=O)C[C@@H](C)C(=O)/C=C/C(C)=C/[C@H](CO[C@@H]4O[C@H](C)[C@@H](O)[C@@H](OC)[C@H]4OC)[C@@H](CC)OC(=O)C[C@@H](O)[C@@H]3C)O[C@@H]2C)O[C@@H](C)[C@@H]1O,TRUE,,-1.14
tylosin,Tylosin (Ì©ÀÖ¾úËØ),REF_TYLOSIN,repository_reference,O40_attached_to_C33,40,33,C,MPM00496,butyrate,CCCC(=O)O,1,CCCC(=O)O[C@]1(C)C[C@H](O[C@H]2[C@H](N(C)C)[C@@H](O)[C@H](O[C@H]3[C@@H](CC=O)C[C@@H](C)C(=O)/C=C/C(C)=C/[C@H](CO[C@@H]4O[C@H](C)[C@@H](O)[C@@H](OC)[C@H]4OC)[C@@H](CC)OC(=O)C[C@@H](O)[C@@H]3C)O[C@@H]2C)O[C@@H](C)[C@@H]1O,CCCC(=O)O[C@]1(C)C[C@H](O[C@H]2[C@H](N(C)C)[C@@H](O)[C@H](O[C@H]3[C@@H](CC=O)C[C@@H](C)C(=O)/C=C/C(C)=C/[C@H](CO[C@@H]4O[C@H](C)[C@@H](O)[C@@H](OC)[C@H]4OC)[C@@H](CC)OC(=O)C[C@@H](O)[C@@H]3C)O[C@@H]2C)O[C@@H](C)[C@@H]1O,TRUE,,-0.928
tylosin,Tylosin (Ì©ÀÖ¾úËØ),REF_TYLOSIN,repository_reference,O40_attached_to_C33,40,33,C,MPM00298,3-Hydroxyhexanoic acid,CCCC(O)CC(=O)O,1,CCCC(O)CC(=O)O[C@]1(C)C[C@H](O[C@H]2[C@H](N(C)C)[C@@H](O)[C@H](O[C@H]3[C@@H](CC=O)C[C@@H](C)C(=O)/C=C/C(C)=C/[C@H](CO[C@@H]4O[C@H](C)[C@@H](O)[C@@H](OC)[C@H]4OC)[C@@H](CC)OC(=O)C[C@@H](O)[C@@H]3C)O[C@@H]2C)O[C@@H](C)[C@@H]1O,CCCC(O)CC(=O)O[C@]1(C)C[C@H](O[C@H]2[C@H](N(C)C)[C@@H](O)[C@H](O[C@H]3[C@@H](CC=O)C[C@@H](C)C(=O)/C=C/C(C)=C/[C@H](CO[C@@H]4O[C@H](C)[C@@H](O)[C@@H](OC)[C@H]4OC)[C@@H](CC)OC(=O)C[C@@H](O)[C@@H]3C)O[C@@H]2C)O[C@@H](C)[C@@H]1O,TRUE,,-1.207
tylosin,Tylosin (Ì©ÀÖ¾úËØ),REF_TYLOSIN,repository_reference,O40_attached_to_C33,40,33,C,MPM00833,n-Valeric acid,CCCCC(=O)O,1,CCCCC(=O)O[C@]1(C)C[C@H](O[C@H]2[C@H](N(C)C)[C@@H](O)[C@H](O[C@H]3[C@@H](CC=O)C[C@@H](C)C(=O)/C=C/C(C)=C/[C@H](CO[C@@H]4O[C@H](C)[C@@H](O)[C@@H](OC)[C@H]4OC)[C@@H](CC)OC(=O)C[C@@H](O)[C@@H]3C)O[C@@H]2C)O[C@@H](C)[C@@H]1O,CCCCC(=O)O[C@]1(C)C[C@H](O[C@H]2[C@H](N(C)C)[C@@H](O)[C@H](O[C@H]3[C@@H](CC=O)C[C@@H](C)C(=O)/C=C/C(C)=C/[C@H](CO[C@@H]4O[C@H](C)[C@@H](O)[C@@H](OC)[C@H]4OC)[C@@H](CC)OC(=O)C[C@@H](O)[C@@H]3C)O[C@@H]2C)O[C@@H](C)[C@@H]1O,TRUE,,-0.996
tylosin,Tylosin (Ì©ÀÖ¾úËØ),REF_TYLOSIN,repository_reference,O40_attached_to_C33,40,33,C,MPM00295,3-hydroxyheptanoic Acid,CCCCC(O)CC(=O)O,1,CCCCC(O)CC(=O)O[C@]1(C)C[C@H](O[C@H]2[C@H](N(C)C)[C@@H](O)[C@H](O[C@H]3[C@@H](CC=O)C[C@@H](C)C(=O)/C=C/C(C)=C/[C@H](CO[C@@H]4O[C@H](C)[C@@H](O)[C@@H](OC)[C@H]4OC)[C@@H](CC)OC(=O)C[C@@H](O)[C@@H]3C)O[C@@H]2C)O[C@@H](C)[C@@H]1O,CCCCC(O)CC(=O)O[C@]1(C)C[C@H](O[C@H]2[C@H](N(C)C)[C@@H](O)[C@H](O[C@H]3[C@@H](CC=O)C[C@@H](C)C(=O)/C=C/C(C)=C/[C@H](CO[C@@H]4O[C@H](C)[C@@H](O)[C@@H](OC)[C@H]4OC)[C@@H](CC)OC(=O)C[C@@H](O)[C@@H]3C)O[C@@H]2C)O[C@@H](C)[C@@H]1O,TRUE,,-1.275
tylosin,Tylosin (Ì©ÀÖ¾úËØ),REF_TYLOSIN,repository_reference,O40_attached_to_C33,40,33,C,MPM00061,(9E)-tetradecenoic acid,CCCCC=CCCCCCCCC(=O)O,1,CCCCC=CCCCCCCCC(=O)O[C@]1(C)C[C@H](O[C@H]2[C@H](N(C)C)[C@@H](O)[C@H](O[C@H]3[C@@H](CC=O)C[C@@H](C)C(=O)/C=C/C(C)=C/[C@H](CO[C@@H]4O[C@H](C)[C@@H](O)[C@@H](OC)[C@H]4OC)[C@@H](CC)OC(=O)C[C@@H](O)[C@@H]3C)O[C@@H]2C)O[C@@H](C)[C@@H]1O,CCCCC=CCCCCCCCC(=O)O[C@]1(C)C[C@H](O[C@H]2[C@H](N(C)C)[C@@H](O)[C@H](O[C@H]3[C@@H](CC=O)C[C@@H](C)C(=O)/C=C/C(C)=C/[C@H](CO[C@@H]4O[C@H](C)[C@@H](O)[C@@H](OC)[C@H]4OC)[C@@H](CC)OC(=O)C[C@@H](O)[C@@H]3C)O[C@@H]2C)O[C@@H](C)[C@@H]1O,TRUE,,-1.456
tylosin,Tylosin (Ì©ÀÖ¾úËØ),REF_TYLOSIN,repository_reference,O40_attached_to_C33,40,33,C,MPM00813,n-Caproic acid,CCCCCC(=O)O,1,CCCCCC(=O)O[C@]1(C)C[C@H](O[C@H]2[C@H](N(C)C)[C@@H](O)[C@H](O[C@H]3[C@@H](CC=O)C[C@@H](C)C(=O)/C=C/C(C)=C/[C@H](CO[C@@H]4O[C@H](C)[C@@H](O)[C@@H](OC)[C@H]4OC)[C@@H](CC)OC(=O)C[C@@H](O)[C@@H]3C)O[C@@H]2C)O[C@@H](C)[C@@H]1O,CCCCCC(=O)O[C@]1(C)C[C@H](O[C@H]2[C@H](N(C)C)[C@@H](O)[C@H](O[C@H]3[C@@H](CC=O)C[C@@H](C)C(=O)/C=C/C(C)=C/[C@H](CO[C@@H]4O[C@H](C)[C@@H](O)[C@@H](OC)[C@H]4OC)[C@@H](CC)OC(=O)C[C@@H](O)[C@@H]3C)O[C@@H]2C)O[C@@H](C)[C@@H]1O,TRUE,,-1.063
tylosin,Tylosin (Ì©ÀÖ¾úËØ),REF_TYLOSIN,repository_reference,O40_attached_to_C33,40,33,C,MPM00301,3-Hydroxyoctanoic acid,CCCCCC(O)CC(=O)O,1,CCCCCC(O)CC(=O)O[C@]1(C)C[C@H](O[C@H]2[C@H](N(C)C)[C@@H](O)[C@H](O[C@H]3[C@@H](CC=O)C[C@@H](C)C(=O)/C=C/C(C)=C/[C@H](CO[C@@H]4O[C@H](C)[C@@H](O)[C@@H](OC)[C@H]4OC)[C@@H](CC)OC(=O)C[C@@H](O)[C@@H]3C)O[C@@H]2C)O[C@@H](C)[C@@H]1O,CCCCCC(O)CC(=O)O[C@]1(C)C[C@H](O[C@H]2[C@H](N(C)C)[C@@H](O)[C@H](O[C@H]3[C@@H](CC=O)C[C@@H](C)C(=O)/C=C/C(C)=C/[C@H](CO[C@@H]4O[C@H](C)[C@@H](O)[C@@H](OC)[C@H]4OC)[C@@H](CC)OC(=O)C[C@@H](O)[C@@H]3C)O[C@@H]2C)O[C@@H](C)[C@@H]1O,TRUE,,-1.343
tylosin,Tylosin (Ì©ÀÖ¾úËØ),REF_TYLOSIN,repository_reference,O40_attached_to_C33,40,33,C,MPM00411,"9-cis,12-cis-Octadecadienoic acid",CCCCCC=CCC=CCCCCCCCC(=O)O,1,CCCCCC=CCC=CCCCCCCCC(=O)O[C@]1(C)C[C@H](O[C@H]2[C@H](N(C)C)[C@@H](O)[C@H](O[C@H]3[C@@H](CC=O)C[C@@H](C)C(=O)/C=C/C(C)=C/[C@H](CO[C@@H]4O[C@H](C)[C@@H](O)[C@@H](OC)[C@H]4OC)[C@@H](CC)OC(=O)C[C@@H](O)[C@@H]3C)O[C@@H]2C)O[C@@H](C)[C@@H]1O,CCCCCC=CCC=CCCCCCCCC(=O)O[C@]1(C)C[C@H](O[C@H]2[C@H](N(C)C)[C@@H](O)[C@H](O[C@H]3[C@@H](CC=O)C[C@@H](C)C(=O)/C=C/C(C)=C/[C@H](CO[C@@H]4O[C@H](C)[C@@H](O)[C@@H](OC)[C@H]4OC)[C@@H](CC)OC(=O)C[C@@H](O)[C@@H]3C)O[C@@H]2C)O[C@@H](C)[C@@H]1O,TRUE,,-1.766
tylosin,Tylosin (Ì©ÀÖ¾úËØ),REF_TYLOSIN,repository_reference,O40_attached_to_C33,40,33,C,MPM00689,Heptanoate,CCCCCCC(=O)O,1,CCCCCCC(=O)O[C@]1(C)C[C@H](O[C@H]2[C@H](N(C)C)[C@@H](O)[C@H](O[C@H]3[C@@H](CC=O)C[C@@H](C)C(=O)/C=C/C(C)=C/[C@H](CO[C@@H]4O[C@H](C)[C@@H](O)[C@@H](OC)[C@H]4OC)[C@@H](CC)OC(=O)C[C@@H](O)[C@@H]3C)O[C@@H]2C)O[C@@H](C)[C@@H]1O,CCCCCCC(=O)O[C@]1(C)C[C@H](O[C@H]2[C@H](N(C)C)[C@@H](O)[C@H](O[C@H]3[C@@H](CC=O)C[C@@H](C)C(=O)/C=C/C(C)=C/[C@H](CO[C@@H]4O[C@H](C)[C@@H](O)[C@@H](OC)[C@H]4OC)[C@@H](CC)OC(=O)C[C@@H](O)[C@@H]3C)O[C@@H]2C)O[C@@H](C)[C@@H]1O,TRUE,,-1.131
tylosin,Tylosin (Ì©ÀÖ¾úËØ),REF_TYLOSIN,repository_reference,O40_attached_to_C33,40,33,C,MPM00300,3-Hydroxynonanoic acid,CCCCCCC(O)CC(=O)O,1,CCCCCCC(O)CC(=O)O[C@]1(C)C[C@H](O[C@H]2[C@H](N(C)C)[C@@H](O)[C@H](O[C@H]3[C@@H](CC=O)C[C@@H](C)C(=O)/C=C/C(C)=C/[C@H](CO[C@@H]4O[C@H](C)[C@@H](O)[C@@H](OC)[C@H]4OC)[C@@H](CC)OC(=O)C[C@@H](O)[C@@H]3C)O[C@@H]2C)O[C@@H](C)[C@@H]1O,CCCCCCC(O)CC(=O)O[C@]1(C)C[C@H](O[C@H]2[C@H](N(C)C)[C@@H](O)[C@H](O[C@H]3[C@@H](CC=O)C[C@@H](C)C(=O)/C=C/C(C)=C/[C@H](CO[C@@H]4O[C@H](C)[C@@H](O)[C@@H](OC)[C@H]4OC)[C@@H](CC)OC(=O)C[C@@H](O)[C@@H]3C)O[C@@H]2C)O[C@@H](C)[C@@H]1O,TRUE,,-1.357
tylosin,Tylosin (Ì©ÀÖ¾úËØ),REF_TYLOSIN,repository_reference,O40_attached_to_C33,40,33,C,MPM00852,palmitoleate,CCCCCCC=CCCCCCCCC(=O)O,1,CCCCCCC=CCCCCCCCC(=O)O[C@]1(C)C[C@H](O[C@H]2[C@H](N(C)C)[C@@H](O)[C@H](O[C@H]3[C@@H](CC=O)C[C@@H](C)C(=O)/C=C/C(C)=C/[C@H](CO[C@@H]4O[C@H](C)[C@@H](O)[C@@H](OC)[C@H]4OC)[C@@H](CC)OC(=O)C[C@@H](O)[C@@H]3C)O[C@@H]2C)O[C@@H](C)[C@@H]1O,CCCCCCC=CCCCCCCCC(=O)O[C@]1(C)C[C@H](O[C@H]2[C@H](N(C)C)[C@@H](O)[C@H](O[C@H]3[C@@H](CC=O)C[C@@H](C)C(=O)/C=C/C(C)=C/[C@H](CO[C@@H]4O[C@H](C)[C@@H](O)[C@@H](OC)[C@H]4OC)[C@@H](CC)OC(=O)C[C@@H](O)[C@@H]3C)O[C@@H]2C)O[C@@H](C)[C@@H]1O,TRUE,,-1.583
tylosin,Tylosin (Ì©ÀÖ¾úËØ),REF_TYLOSIN,repository_reference,O40_attached_to_C33,40,33,C,MPM00984,trans-vaccenic acid,CCCCCCC=CCCCCCCCCCC(=O)O,1,CCCCCCC=CCCCCCCCCCC(=O)O[C@]1(C)C[C@H](O[C@H]2[C@H](N(C)C)[C@@H](O)[C@H](O[C@H]3[C@@H](CC=O)C[C@@H](C)C(=O)/C=C/C(C)=C/[C@H](CO[C@@H]4O[C@H](C)[C@@H](O)[C@@H](OC)[C@H]4OC)[C@@H](CC)OC(=O)C[C@@H](O)[C@@H]3C)O[C@@H]2C)O[C@@H](C)[C@@H]1O,CCCCCCC=CCCCCCCCCCC(=O)O[C@]1(C)C[C@H](O[C@H]2[C@H](N(C)C)[C@@H](O)[C@H](O[C@H]3[C@@H](CC=O)C[C@@H](C)C(=O)/C=C/C(C)=C/[C@H](CO[C@@H]4O[C@H](C)[C@@H](O)[C@@H](OC)[C@H]4OC)[C@@H](CC)OC(=O)C[C@@H](O)[C@@H]3C)O[C@@H]2C)O[C@@H](C)[C@@H]1O,TRUE,,-1.72
tylosin,Tylosin (Ì©ÀÖ¾úËØ),REF_TYLOSIN,repository_reference,O40_attached_to_C33,40,33,C,MPM00837,Octanoate,CCCCCCCC(=O)O,1,CCCCCCCC(=O)O[C@]1(C)C[C@H](O[C@H]2[C@H](N(C)C)[C@@H](O)[C@H](O[C@H]3[C@@H](CC=O)C[C@@H](C)C(=O)/C=C/C(C)=C/[C@H](CO[C@@H]4O[C@H](C)[C@@H](O)[C@@H](OC)[C@H]4OC)[C@@H](CC)OC(=O)C[C@@H](O)[C@@H]3C)O[C@@H]2C)O[C@@H](C)[C@@H]1O,CCCCCCCC(=O)O[C@]1(C)C[C@H](O[C@H]2[C@H](N(C)C)[C@@H](O)[C@H](O[C@H]3[C@@H](CC=O)C[C@@H](C)C(=O)/C=C/C(C)=C/[C@H](CO[C@@H]4O[C@H](C)[C@@H](O)[C@@H](OC)[C@H]4OC)[C@@H](CC)OC(=O)C[C@@H](O)[C@@H]3C)O[C@@H]2C)O[C@@H](C)[C@@H]1O,TRUE,,-1.142
tylosin,Tylosin (Ì©ÀÖ¾úËØ),REF_TYLOSIN,repository_reference,O40_attached_to_C33,40,33,C,MPM00293,3-Hydroxydecanoic acid,CCCCCCCC(O)CC(=O)O,1,CCCCCCCC(O)CC(=O)O[C@]1(C)C[C@H](O[C@H]2[C@H](N(C)C)[C@@H](O)[C@H](O[C@H]3[C@@H](CC=O)C[C@@H](C)C(=O)/C=C/C(C)=C/[C@H](CO[C@@H]4O[C@H](C)[C@@H](O)[C@@H](OC)[C@H]4OC)[C@@H](CC)OC(=O)C[C@@H](O)[C@@H]3C)O[C@@H]2C)O[C@@H](C)[C@@H]1O,CCCCCCCC(O)CC(=O)O[C@]1(C)C[C@H](O[C@H]2[C@H](N(C)C)[C@@H](O)[C@H](O[C@H]3[C@@H](CC=O)C[C@@H](C)C(=O)/C=C/C(C)=C/[C@H](CO[C@@H]4O[C@H](C)[C@@H](O)[C@@H](OC)[C@H]4OC)[C@@H](CC)OC(=O)C[C@@H](O)[C@@H]3C)O[C@@H]2C)O[C@@H](C)[C@@H]1O,TRUE,,-1.396
tylosin,Tylosin (Ì©ÀÖ¾úËØ),REF_TYLOSIN,repository_reference,O40_attached_to_C33,40,33,C,MPM00859,Pelargonic acid,CCCCCCCCC(=O)O,1,CCCCCCCCC(=O)O[C@]1(C)C[C@H](O[C@H]2[C@H](N(C)C)[C@@H](O)[C@H](O[C@H]3[C@@H](CC=O)C[C@@H](C)C(=O)/C=C/C(C)=C/[C@H](CO[C@@H]4O[C@H](C)[C@@H](O)[C@@H](OC)[C@H]4OC)[C@@H](CC)OC(=O)C[C@@H](O)[C@@H]3C)O[C@@H]2C)O[C@@H](C)[C@@H]1O,CCCCCCCCC(=O)O[C@]1(C)C[C@H](O[C@H]2[C@H](N(C)C)[C@@H](O)[C@H](O[C@H]3[C@@H](CC=O)C[C@@H](C)C(=O)/C=C/C(C)=C/[C@H](CO[C@@H]4O[C@H](C)[C@@H](O)[C@@H](OC)[C@H]4OC)[C@@H](CC)OC(=O)C[C@@H](O)[C@@H]3C)O[C@@H]2C)O[C@@H](C)[C@@H]1O,TRUE,,-1.179
tylosin,Tylosin (Ì©ÀÖ¾úËØ),REF_TYLOSIN,repository_reference,O40_attached_to_C33,40,33,C,MPM00839,Oleic acid,CCCCCCCCC=CCCCCCCCC(=O)O,1,CCCCCCCCC=CCCCCCCCC(=O)O[C@]1(C)C[C@H](O[C@H]2[C@H](N(C)C)[C@@H](O)[C@H](O[C@H]3[C@@H](CC=O)C[C@@H](C)C(=O)/C=C/C(C)=C/[C@H](CO[C@@H]4O[C@H](C)[C@@H](O)[C@@H](OC)[C@H]4OC)[C@@H](CC)OC(=O)C[C@@H](O)[C@@H]3C)O[C@@H]2C)O[C@@H](C)[C@@H]1O,CCCCCCCCC=CCCCCCCCC(=O)O[C@]1(C)C[C@H](O[C@H]2[C@H](N(C)C)[C@@H](O)[C@H](O[C@H]3[C@@H](CC=O)C[C@@H](C)C(=O)/C=C/C(C)=C/[C@H](CO[C@@H]4O[C@H](C)[C@@H](O)[C@@H](OC)[C@H]4OC)[C@@H](CC)OC(=O)C[C@@H](O)[C@@H]3C)O[C@@H]2C)O[C@@H](C)[C@@H]1O,TRUE,,-1.628
tylosin,Tylosin (Ì©ÀÖ¾úËØ),REF_TYLOSIN,repository_reference,O40_attached_to_C33,40,33,C,MPM00552,decanoate,CCCCCCCCCC(=O)O,1,CCCCCCCCCC(=O)O[C@]1(C)C[C@H](O[C@H]2[C@H](N(C)C)[C@@H](O)[C@H](O[C@H]3[C@@H](CC=O)C[C@@H](C)C(=O)/C=C/C(C)=C/[C@H](CO[C@@H]4O[C@H](C)[C@@H](O)[C@@H](OC)[C@H]4OC)[C@@H](CC)OC(=O)C[C@@H](O)[C@@H]3C)O[C@@H]2C)O[C@@H](C)[C@@H]1O,CCCCCCCCCC(=O)O[C@]1(C)C[C@H](O[C@H]2[C@H](N(C)C)[C@@H](O)[C@H](O[C@H]3[C@@H](CC=O)C[C@@H](C)C(=O)/C=C/C(C)=C/[C@H](CO[C@@H]4O[C@H](C)[C@@H](O)[C@@H](OC)[C@H]4OC)[C@@H](CC)OC(=O)C[C@@H](O)[C@@H]3C)O[C@@H]2C)O[C@@H](C)[C@@H]1O,TRUE,,-1.218
tylosin,Tylosin (Ì©ÀÖ¾úËØ),REF_TYLOSIN,repository_reference,O40_attached_to_C33,40,33,C,MPM00294,3-Hydroxydodecanoic acid,CCCCCCCCCC(O)CC(=O)O,1,CCCCCCCCCC(O)CC(=O)O[C@]1(C)C[C@H](O[C@H]2[C@H](N(C)C)[C@@H](O)[C@H](O[C@H]3[C@@H](CC=O)C[C@@H](C)C(=O)/C=C/C(C)=C/[C@H](CO[C@@H]4O[C@H](C)[C@@H](O)[C@@H](OC)[C@H]4OC)[C@@H](CC)OC(=O)C[C@@H](O)[C@@H]3C)O[C@@H]2C)O[C@@H](C)[C@@H]1O,CCCCCCCCCC(O)CC(=O)O[C@]1(C)C[C@H](O[C@H]2[C@H](N(C)C)[C@@H](O)[C@H](O[C@H]3[C@@H](CC=O)C[C@@H](C)C(=O)/C=C/C(C)=C/[C@H](CO[C@@H]4O[C@H](C)[C@@H](O)[C@@H](OC)[C@H]4OC)[C@@H](CC)OC(=O)C[C@@H](O)[C@@H]3C)O[C@@H]2C)O[C@@H](C)[C@@H]1O,TRUE,,-1.469
tylosin,Tylosin (Ì©ÀÖ¾úËØ),REF_TYLOSIN,repository_reference,O40_attached_to_C33,40,33,C,MPM00606,dodecanoate,CCCCCCCCCCCC(=O)O,1,CCCCCCCCCCCC(=O)O[C@]1(C)C[C@H](O[C@H]2[C@H](N(C)C)[C@@H](O)[C@H](O[C@H]3[C@@H](CC=O)C[C@@H](C)C(=O)/C=C/C(C)=C/[C@H](CO[C@@H]4O[C@H](C)[C@@H](O)[C@@H](OC)[C@H]4OC)[C@@H](CC)OC(=O)C[C@@H](O)[C@@H]3C)O[C@@H]2C)O[C@@H](C)[C@@H]1O,CCCCCCCCCCCC(=O)O[C@]1(C)C[C@H](O[C@H]2[C@H](N(C)C)[C@@H](O)[C@H](O[C@H]3[C@@H](CC=O)C[C@@H](C)C(=O)/C=C/C(C)=C/[C@H](CO[C@@H]4O[C@H](C)[C@@H](O)[C@@H](OC)[C@H]4OC)[C@@H](CC)OC(=O)C[C@@H](O)[C@@H]3C)O[C@@H]2C)O[C@@H](C)[C@@H]1O,TRUE,,-1.296
tylosin,Tylosin (Ì©ÀÖ¾úËØ),REF_TYLOSIN,repository_reference,O40_attached_to_C33,40,33,C,MPM00305,3-Hydroxytetradecanoic acid,CCCCCCCCCCCC(O)CC(=O)O,1,CCCCCCCCCCCC(O)CC(=O)O[C@]1(C)C[C@H](O[C@H]2[C@H](N(C)C)[C@@H](O)[C@H](O[C@H]3[C@@H](CC=O)C[C@@H](C)C(=O)/C=C/C(C)=C/[C@H](CO[C@@H]4O[C@H](C)[C@@H](O)[C@@H](OC)[C@H]4OC)[C@@H](CC)OC(=O)C[C@@H](O)[C@@H]3C)O[C@@H]2C)O[C@@H](C)[C@@H]1O,CCCCCCCCCCCC(O)CC(=O)O[C@]1(C)C[C@H](O[C@H]2[C@H](N(C)C)[C@@H](O)[C@H](O[C@H]3[C@@H](CC=O)C[C@@H](C)C(=O)/C=C/C(C)=C/[C@H](CO[C@@H]4O[C@H](C)[C@@H](O)[C@@H](OC)[C@H]4OC)[C@@H](CC)OC(=O)C[C@@H](O)[C@@H]3C)O[C@@H]2C)O[C@@H](C)[C@@H]1O,TRUE,,-1.547
tylosin,Tylosin (Ì©ÀÖ¾úËØ),REF_TYLOSIN,repository_reference,O40_attached_to_C33,40,33,C,MPM00864,Petroselaidic acid,CCCCCCCCCCCC=CCCCCC(=O)O,1,CCCCCCCCCCCC=CCCCCC(=O)O[C@]1(C)C[C@H](O[C@H]2[C@H](N(C)C)[C@@H](O)[C@H](O[C@H]3[C@@H](CC=O)C[C@@H](C)C(=O)/C=C/C(C)=C/[C@H](CO[C@@H]4O[C@H](C)[C@@H](O)[C@@H](OC)[C@H]4OC)[C@@H](CC)OC(=O)C[C@@H](O)[C@@H]3C)O[C@@H]2C)O[C@@H](C)[C@@H]1O,CCCCCCCCCCCC=CCCCCC(=O)O[C@]1(C)C[C@H](O[C@H]2[C@H](N(C)C)[C@@H](O)[C@H](O[C@H]3[C@@H](CC=O)C[C@@H](C)C(=O)/C=C/C(C)=C/[C@H](CO[C@@H]4O[C@H](C)[C@@H](O)[C@@H](OC)[C@H]4OC)[C@@H](CC)OC(=O)C[C@@H](O)[C@@H]3C)O[C@@H]2C)O[C@@H](C)[C@@H]1O,TRUE,,-1.555
tylosin,Tylosin (Ì©ÀÖ¾úËØ),REF_TYLOSIN,repository_reference,O40_attached_to_C33,40,33,C,MPM00967,tetradecanoate,CCCCCCCCCCCCCC(=O)O,1,CCCCCCCCCCCCCC(=O)O[C@]1(C)C[C@H](O[C@H]2[C@H](N(C)C)[C@@H](O)[C@H](O[C@H]3[C@@H](CC=O)C[C@@H](C)C(=O)/C=C/C(C)=C/[C@H](CO[C@@H]4O[C@H](C)[C@@H](O)[C@@H](OC)[C@H]4OC)[C@@H](CC)OC(=O)C[C@@H](O)[C@@H]3C)O[C@@H]2C)O[C@@H](C)[C@@H]1O,CCCCCCCCCCCCCC(=O)O[C@]1(C)C[C@H](O[C@H]2[C@H](N(C)C)[C@@H](O)[C@H](O[C@H]3[C@@H](CC=O)C[C@@H](C)C(=O)/C=C/C(C)=C/[C@H](CO[C@@H]4O[C@H](C)[C@@H](O)[C@@H](OC)[C@H]4OC)[C@@H](CC)OC(=O)C[C@@H](O)[C@@H]3C)O[C@@H]2C)O[C@@H](C)[C@@H]1O,TRUE,,-1.374
tylosin,Tylosin (Ì©ÀÖ¾úËØ),REF_TYLOSIN,repository_reference,O40_attached_to_C33,40,33,C,MPM00296,3-Hydroxyhexadecanoic acid,CCCCCCCCCCCCCC(O)CC(=O)O,1,CCCCCCCCCCCCCC(O)CC(=O)O[C@]1(C)C[C@H](O[C@H]2[C@H](N(C)C)[C@@H](O)[C@H](O[C@H]3[C@@H](CC=O)C[C@@H](C)C(=O)/C=C/C(C)=C/[C@H](CO[C@@H]4O[C@H](C)[C@@H](O)[C@@H](OC)[C@H]4OC)[C@@H](CC)OC(=O)C[C@@H](O)[C@@H]3C)O[C@@H]2C)O[C@@H](C)[C@@H]1O,CCCCCCCCCCCCCC(O)CC(=O)O[C@]1(C)C[C@H](O[C@H]2[C@H](N(C)C)[C@@H](O)[C@H](O[C@H]3[C@@H](CC=O)C[C@@H](C)C(=O)/C=C/C(C)=C/[C@H](CO[C@@H]4O[C@H](C)[C@@H](O)[C@@H](OC)[C@H]4OC)[C@@H](CC)OC(=O)C[C@@H](O)[C@@H]3C)O[C@@H]2C)O[C@@H](C)[C@@H]1O,TRUE,,-1.626
tylosin,Tylosin (Ì©ÀÖ¾úËØ),REF_TYLOSIN,repository_reference,O40_attached_to_C33,40,33,C,MPM00511,Cetylic acid,CCCCCCCCCCCCCCCC(=O)O,1,CCCCCCCCCCCCCCCC(=O)O[C@]1(C)C[C@H](O[C@H]2[C@H](N(C)C)[C@@H](O)[C@H](O[C@H]3[C@@H](CC=O)C[C@@H](C)C(=O)/C=C/C(C)=C/[C@H](CO[C@@H]4O[C@H](C)[C@@H](O)[C@@H](OC)[C@H]4OC)[C@@H](CC)OC(=O)C[C@@H](O)[C@@H]3C)O[C@@H]2C)O[C@@H](C)[C@@H]1O,CCCCCCCCCCCCCCCC(=O)O[C@]1(C)C[C@H](O[C@H]2[C@H](N(C)C)[C@@H](O)[C@H](O[C@H]3[C@@H](CC=O)C[C@@H](C)C(=O)/C=C/C(C)=C/[C@H](CO[C@@H]4O[C@H](C)[C@@H](O)[C@@H](OC)[C@H]4OC)[C@@H](CC)OC(=O)C[C@@H](O)[C@@H]3C)O[C@@H]2C)O[C@@H](C)[C@@H]1O,TRUE,,-1.453
tylosin,Tylosin (Ì©ÀÖ¾úËØ),REF_TYLOSIN,repository_reference,O40_attached_to_C33,40,33,C,MPM00955,Stearic acid,CCCCCCCCCCCCCCCCCC(=O)O,1,CCCCCCCCCCCCCCCCCC(=O)O[C@]1(C)C[C@H](O[C@H]2[C@H](N(C)C)[C@@H](O)[C@H](O[C@H]3[C@@H](CC=O)C[C@@H](C)C(=O)/C=C/C(C)=C/[C@H](CO[C@@H]4O[C@H](C)[C@@H](O)[C@@H](OC)[C@H]4OC)[C@@H](CC)OC(=O)C[C@@H](O)[C@@H]3C)O[C@@H]2C)O[C@@H](C)[C@@H]1O,CCCCCCCCCCCCCCCCCC(=O)O[C@]1(C)C[C@H](O[C@H]2[C@H](N(C)C)[C@@H](O)[C@H](O[C@H]3[C@@H](CC=O)C[C@@H](C)C(=O)/C=C/C(C)=C/[C@H](CO[C@@H]4O[C@H](C)[C@@H](O)[C@@H](OC)[C@H]4OC)[C@@H](CC)OC(=O)C[C@@H](O)[C@@H]3C)O[C@@H]2C)O[C@@H](C)[C@@H]1O,TRUE,,-1.532
tylosin,Tylosin (Ì©ÀÖ¾úËØ),REF_TYLOSIN,repository_reference,O40_attached_to_C33,40,33,C,MPM01526,N-Methylglycine,CNCC(=O)O,1,CC[C@H]1OC(=O)C[C@@H](O)[C@H](C)[C@@H](O[C@@H]2O[C@H](C)[C@@H](O[C@H]3C[C@@](C)(OC(=O)CNC)[C@@H](O)[C@H](C)O3)[C@H](N(C)C)[C@H]2O)[C@@H](CC=O)C[C@@H](C)C(=O)/C=C/C(C)=C/[C@@H]1CO[C@@H]1O[C@H](C)[C@@H](O)[C@@H](OC)[C@H]1OC,CC[C@H]1OC(=O)C[C@@H](O)[C@H](C)[C@@H](O[C@@H]2O[C@H](C)[C@@H](O[C@H]3C[C@@](C)(OC(=O)CNC)[C@@H](O)[C@H](C)O3)[C@H](N(C)C)[C@H]2O)[C@@H](CC=O)C[C@@H](C)C(=O)/C=C/C(C)=C/[C@@H]1CO[C@@H]1O[C@H](C)[C@@H](O)[C@@H](OC)[C@H]1OC,TRUE,,-0.551
tylosin,Tylosin (Ì©ÀÖ¾úËØ),REF_TYLOSIN,repository_reference,O40_attached_to_C33,40,33,C,MPM00346,4-Hydroxy-3-methoxycinnamate,COc1cc(C=CC(=O)O)ccc1O,1,CC[C@H]1OC(=O)C[C@@H](O)[C@H](C)[C@@H](O[C@@H]2O[C@H](C)[C@@H](O[C@H]3C[C@@](C)(OC(=O)C=Cc4ccc(O)c(OC)c4)[C@@H](O)[C@H](C)O3)[C@H](N(C)C)[C@H]2O)[C@@H](CC=O)C[C@@H](C)C(=O)/C=C/C(C)=C/[C@@H]1CO[C@@H]1O[C@H](C)[C@@H](O)[C@@H](OC)[C@H]1OC,CC[C@H]1OC(=O)C[C@@H](O)[C@H](C)[C@@H](O[C@@H]2O[C@H](C)[C@@H](O[C@H]3C[C@@](C)(OC(=O)C=Cc4ccc(O)c(OC)c4)[C@@H](O)[C@H](C)O3)[C@H](N(C)C)[C@H]2O)[C@@H](CC=O)C[C@@H](C)C(=O)/C=C/C(C)=C/[C@@H]1CO[C@@H]1O[C@H](C)[C@@H](O)[C@@H](OC)[C@H]1OC,TRUE,,-0.225
tylosin,Tylosin (Ì©ÀÖ¾úËØ),REF_TYLOSIN,repository_reference,O40_attached_to_C33,40,33,C,MPM01482,L-Methionine (R)-S-oxide,CS(=O)CCC(N)C(=O)O,1,CC[C@H]1OC(=O)C[C@@H](O)[C@H](C)[C@@H](O[C@@H]2O[C@H](C)[C@@H](O[C@H]3C[C@@](C)(OC(=O)C(N)CCS(C)=O)[C@@H](O)[C@H](C)O3)[C@H](N(C)C)[C@H]2O)[C@@H](CC=O)C[C@@H](C)C(=O)/C=C/C(C)=C/[C@@H]1CO[C@@H]1O[C@H](C)[C@@H](O)[C@@H](OC)[C@H]1OC,CC[C@H]1OC(=O)C[C@@H](O)[C@H](C)[C@@H](O[C@@H]2O[C@H](C)[C@@H](O[C@H]3C[C@@](C)(OC(=O)C(N)CCS(C)=O)[C@@H](O)[C@H](C)O3)[C@H](N(C)C)[C@H]2O)[C@@H](CC=O)C[C@@H](C)C(=O)/C=C/C(C)=C/[C@@H]1CO[C@@H]1O[C@H](C)[C@@H](O)[C@@H](OC)[C@H]1OC,TRUE,,-1.015
tylosin,Tylosin (Ì©ÀÖ¾úËØ),REF_TYLOSIN,repository_reference,O40_attached_to_C33,40,33,C,MPM01356,D-2-Amino-4-(methylthio)butyric acid,CSCCC(N)C(=O)O,1,CC[C@H]1OC(=O)C[C@@H](O)[C@H](C)[C@@H](O[C@@H]2O[C@H](C)[C@@H](O[C@H]3C[C@@](C)(OC(=O)C(N)CCSC)[C@@H](O)[C@H](C)O3)[C@H](N(C)C)[C@H]2O)[C@@H](CC=O)C[C@@H](C)C(=O)/C=C/C(C)=C/[C@@H]1CO[C@@H]1O[C@H](C)[C@@H](O)[C@@H](OC)[C@H]1OC,CC[C@H]1OC(=O)C[C@@H](O)[C@H](C)[C@@H](O[C@@H]2O[C@H](C)[C@@H](O[C@H]3C[C@@](C)(OC(=O)C(N)CCSC)[C@@H](O)[C@H](C)O3)[C@H](N(C)C)[C@H]2O)[C@@H](CC=O)C[C@@H](C)C(=O)/C=C/C(C)=C/[C@@H]1CO[C@@H]1O[C@H](C)[C@@H](O)[C@@H](OC)[C@H]1OC,TRUE,,-1.218
tylosin,Tylosin (Ì©ÀÖ¾úËØ),REF_TYLOSIN,repository_reference,O40_attached_to_C33,40,33,C,MPM00678,Glycylmethionine,CSCCC(NC(=O)CN)C(=O)O,1,CC[C@H]1OC(=O)C[C@@H](O)[C@H](C)[C@@H](O[C@@H]2O[C@H](C)[C@@H](O[C@H]3C[C@@](C)(OC(=O)C(CCSC)NC(=O)CN)[C@@H](O)[C@H](C)O3)[C@H](N(C)C)[C@H]2O)[C@@H](CC=O)C[C@@H](C)C(=O)/C=C/C(C)=C/[C@@H]1CO[C@@H]1O[C@H](C)[C@@H](O)[C@@H](OC)[C@H]1OC,CC[C@H]1OC(=O)C[C@@H](O)[C@H](C)[C@@H](O[C@@H]2O[C@H](C)[C@@H](O[C@H]3C[C@@](C)(OC(=O)C(CCSC)NC(=O)CN)[C@@H](O)[C@H](C)O3)[C@H](N(C)C)[C@H]2O)[C@@H](CC=O)C[C@@H](C)C(=O)/C=C/C(C)=C/[C@@H]1CO[C@@H]1O[C@H](C)[C@@H](O)[C@@H](OC)[C@H]1OC,TRUE,,-0.991
tylosin,Tylosin (Ì©ÀÖ¾úËØ),REF_TYLOSIN,repository_reference,O40_attached_to_C33,40,33,C,MPM01143,2-Aminosuccinamic acid,NC(=O)CC(N)C(=O)O,1,CC[C@H]1OC(=O)C[C@@H](O)[C@H](C)[C@@H](O[C@@H]2O[C@H](C)[C@@H](O[C@H]3C[C@@](C)(OC(=O)C(N)CC(N)=O)[C@@H](O)[C@H](C)O3)[C@H](N(C)C)[C@H]2O)[C@@H](CC=O)C[C@@H](C)C(=O)/C=C/C(C)=C/[C@@H]1CO[C@@H]1O[C@H](C)[C@@H](O)[C@@H](OC)[C@H]1OC,CC[C@H]1OC(=O)C[C@@H](O)[C@H](C)[C@@H](O[C@@H]2O[C@H](C)[C@@H](O[C@H]3C[C@@](C)(OC(=O)C(N)CC(N)=O)[C@@H](O)[C@H](C)O3)[C@H](N(C)C)[C@H]2O)[C@@H](CC=O)C[C@@H](C)C(=O)/C=C/C(C)=C/[C@@H]1CO[C@@H]1O[C@H](C)[C@@H](O)[C@@H](OC)[C@H]1OC,TRUE,,-0.554
tylosin,Tylosin (Ì©ÀÖ¾úËØ),REF_TYLOSIN,repository_reference,O40_attached_to_C33,40,33,C,MPM01464,L-2-Aminoglutaramic acid,NC(=O)CCC(N)C(=O)O,1,CC[C@H]1OC(=O)C[C@@H](O)[C@H](C)[C@@H](O[C@@H]2O[C@H](C)[C@@H](O[C@H]3C[C@@](C)(OC(=O)C(N)CCC(N)=O)[C@@H](O)[C@H](C)O3)[C@H](N(C)C)[C@H]2O)[C@@H](CC=O)C[C@@H](C)C(=O)/C=C/C(C)=C/[C@@H]1CO[C@@H]1O[C@H](C)[C@@H](O)[C@@H](OC)[C@H]1OC,CC[C@H]1OC(=O)C[C@@H](O)[C@H](C)[C@@H](O[C@@H]2O[C@H](C)[C@@H](O[C@H]3C[C@@](C)(OC(=O)C(N)CCC(N)=O)[C@@H](O)[C@H](C)O3)[C@H](N(C)C)[C@H]2O)[C@@H](CC=O)C[C@@H](C)C(=O)/C=C/C(C)=C/[C@@H]1CO[C@@H]1O[C@H](C)[C@@H](O)[C@@H](OC)[C@H]1OC,TRUE,,-0.626
tylosin,Tylosin (Ì©ÀÖ¾úËØ),REF_TYLOSIN,repository_reference,O40_attached_to_C33,40,33,C,MPM00951,S-Succinyldihydrolipoamide,NC(=O)CCCCC(S)CCSC(=O)CCC(=O)O,1,CC[C@H]1OC(=O)C[C@@H](O)[C@H](C)[C@@H](O[C@@H]2O[C@H](C)[C@@H](O[C@H]3C[C@@](C)(OC(=O)CCC(=O)SCCC(S)CCCCC(N)=O)[C@@H](O)[C@H](C)O3)[C@H](N(C)C)[C@H]2O)[C@@H](CC=O)C[C@@H](C)C(=O)/C=C/C(C)=C/[C@@H]1CO[C@@H]1O[C@H](C)[C@@H](O)[C@@H](OC)[C@H]1OC,CC[C@H]1OC(=O)C[C@@H](O)[C@H](C)[C@@H](O[C@@H]2O[C@H](C)[C@@H](O[C@H]3C[C@@](C)(OC(=O)CCC(=O)SCCC(S)CCCCC(N)=O)[C@@H](O)[C@H](C)O3)[C@H](N(C)C)[C@H]2O)[C@@H](CC=O)C[C@@H](C)C(=O)/C=C/C(C)=C/[C@@H]1CO[C@@H]1O[C@H](C)[C@@H](O)[C@@H](OC)[C@H]1OC,TRUE,,-3.571
tylosin,Tylosin (Ì©ÀÖ¾úËØ),REF_TYLOSIN,repository_reference,O40_attached_to_C33,40,33,C,MPM00444,Allophanic acid,NC(=O)NC(=O)O,1,CC[C@H]1OC(=O)C[C@@H](O)[C@H](C)[C@@H](O[C@@H]2O[C@H](C)[C@@H](O[C@H]3C[C@@](C)(OC(=O)NC(N)=O)[C@@H](O)[C@H](C)O3)[C@H](N(C)C)[C@H]2O)[C@@H](CC=O)C[C@@H](C)C(=O)/C=C/C(C)=C/[C@@H]1CO[C@@H]1O[C@H](C)[C@@H](O)[C@@H](OC)[C@H]1OC,CC[C@H]1OC(=O)C[C@@H](O)[C@H](C)[C@@H](O[C@@H]2O[C@H](C)[C@@H](O[C@H]3C[C@@](C)(OC(=O)NC(N)=O)[C@@H](O)[C@H](C)O3)[C@H](N(C)C)[C@H]2O)[C@@H](CC=O)C[C@@H](C)C(=O)/C=C/C(C)=C/[C@@H]1CO[C@@H]1O[C@H](C)[C@@H](O)[C@@H](OC)[C@H]1OC,TRUE,,-1.332
tylosin,Tylosin (Ì©ÀÖ¾úËØ),REF_TYLOSIN,repository_reference,O40_attached_to_C33,40,33,C,MPM00442,Allantoic acid,NC(=O)NC(NC(N)=O)C(=O)O,1,CC[C@H]1OC(=O)C[C@@H](O)[C@H](C)[C@@H](O[C@@H]2O[C@H](C)[C@@H](O[C@H]3C[C@@](C)(OC(=O)C(NC(N)=O)NC(N)=O)[C@@H](O)[C@H](C)O3)[C@H](N(C)C)[C@H]2O)[C@@H](CC=O)C[C@@H](C)C(=O)/C=C/C(C)=C/[C@@H]1CO[C@@H]1O[C@H](C)[C@@H](O)[C@@H](OC)[C@H]1OC,CC[C@H]1OC(=O)C[C@@H](O)[C@H](C)[C@@H](O[C@@H]2O[C@H](C)[C@@H](O[C@H]3C[C@@](C)(OC(=O)C(NC(N)=O)NC(N)=O)[C@@H](O)[C@H](C)O3)[C@H](N(C)C)[C@H]2O)[C@@H](CC=O)C[C@@H](C)C(=O)/C=C/C(C)=C/[C@@H]1CO[C@@H]1O[C@H](C)[C@@H](O)[C@@H](OC)[C@H]1OC,TRUE,,-1.621
tylosin,Tylosin (Ì©ÀÖ¾úËØ),REF_TYLOSIN,repository_reference,O40_attached_to_C33,40,33,C,MPM00004,(-)-Ureidoglycolate,NC(=O)NC(O)C(=O)O,1,CC[C@H]1OC(=O)C[C@@H](O)[C@H](C)[C@@H](O[C@@H]2O[C@H](C)[C@@H](O[C@H]3C[C@@](C)(OC(=O)C(O)NC(N)=O)[C@@H](O)[C@H](C)O3)[C@H](N(C)C)[C@H]2O)[C@@H](CC=O)C[C@@H](C)C(=O)/C=C/C(C)=C/[C@@H]1CO[C@@H]1O[C@H](C)[C@@H](O)[C@@H](OC)[C@H]1OC,CC[C@H]1OC(=O)C[C@@H](O)[C@H](C)[C@@H](O[C@@H]2O[C@H](C)[C@@H](O[C@H]3C[C@@](C)(OC(=O)C(O)NC(N)=O)[C@@H](O)[C@H](C)O3)[C@H](N(C)C)[C@H]2O)[C@@H](CC=O)C[C@@H](C)C(=O)/C=C/C(C)=C/[C@@H]1CO[C@@H]1O[C@H](C)[C@@H](O)[C@@H](OC)[C@H]1OC,TRUE,,-1.253
tylosin,Tylosin (Ì©ÀÖ¾úËØ),REF_TYLOSIN,repository_reference,O40_attached_to_C33,40,33,C,MPM00254,2-Oxo-4-hydroxy-4-carboxy-5-ureidoimidazoline,NC(=O)NC1=NC(=O)NC1(O)C(=O)O,1,CC[C@H]1OC(=O)C[C@@H](O)[C@H](C)[C@@H](O[C@@H]2O[C@H](C)[C@@H](O[C@H]3C[C@@](C)(OC(=O)C4(O)NC(=O)N=C4NC(N)=O)[C@@H](O)[C@H](C)O3)[C@H](N(C)C)[C@H]2O)[C@@H](CC=O)C[C@@H](C)C(=O)/C=C/C(C)=C/[C@@H]1CO[C@@H]1O[C@H](C)[C@@H](O)[C@@H](OC)[C@H]1OC,CC[C@H]1OC(=O)C[C@@H](O)[C@H](C)[C@@H](O[C@@H]2O[C@H](C)[C@@H](O[C@H]3C[C@@](C)(OC(=O)C4(O)NC(=O)N=C4NC(N)=O)[C@@H](O)[C@H](C)O3)[C@H](N(C)C)[C@H]2O)[C@@H](CC=O)C[C@@H](C)C(=O)/C=C/C(C)=C/[C@@H]1CO[C@@H]1O[C@H](C)[C@@H](O)[C@@H](OC)[C@H]1OC,TRUE,,-1.849
tylosin,Tylosin (Ì©ÀÖ¾úËØ),REF_TYLOSIN,repository_reference,O40_attached_to_C33,40,33,C,MPM00815,N-Carbamoyl-beta-alanine,NC(=O)NCCC(=O)O,1,CC[C@H]1OC(=O)C[C@@H](O)[C@H](C)[C@@H](O[C@@H]2O[C@H](C)[C@@H](O[C@H]3C[C@@](C)(OC(=O)CCNC(N)=O)[C@@H](O)[C@H](C)O3)[C@H](N(C)C)[C@H]2O)[C@@H](CC=O)C[C@@H](C)C(=O)/C=C/C(C)=C/[C@@H]1CO[C@@H]1O[C@H](C)[C@@H](O)[C@@H](OC)[C@H]1OC,CC[C@H]1OC(=O)C[C@@H](O)[C@H](C)[C@@H](O[C@@H]2O[C@H](C)[C@@H](O[C@H]3C[C@@](C)(OC(=O)CCNC(N)=O)[C@@H](O)[C@H](C)O3)[C@H](N(C)C)[C@H]2O)[C@@H](CC=O)C[C@@H](C)C(=O)/C=C/C(C)=C/[C@@H]1CO[C@@H]1O[C@H](C)[C@@H](O)[C@@H](OC)[C@H]1OC,TRUE,,-1.096
tylosin,Tylosin (Ì©ÀÖ¾úËØ),REF_TYLOSIN,repository_reference,O40_attached_to_C33,40,33,C,MPM01334,Citrulline,NC(=O)NCCCC(N)C(=O)O,1,CC[C@H]1OC(=O)C[C@@H](O)[C@H](C)[C@@H](O[C@@H]2O[C@H](C)[C@@H](O[C@H]3C[C@@](C)(OC(=O)C(N)CCCNC(N)=O)[C@@H](O)[C@H](C)O3)[C@H](N(C)C)[C@H]2O)[C@@H](CC=O)C[C@@H](C)C(=O)/C=C/C(C)=C/[C@@H]1CO[C@@H]1O[C@H](C)[C@@H](O)[C@@H](OC)[C@H]1OC,CC[C@H]1OC(=O)C[C@@H](O)[C@H](C)[C@@H](O[C@@H]2O[C@H](C)[C@@H](O[C@H]3C[C@@](C)(OC(=O)C(N)CCCNC(N)=O)[C@@H](O)[C@H](C)O3)[C@H](N(C)C)[C@H]2O)[C@@H](CC=O)C[C@@H](C)C(=O)/C=C/C(C)=C/[C@@H]1CO[C@@H]1O[C@H](C)[C@@H](O)[C@@H](OC)[C@H]1OC,TRUE,,-0.997
tylosin,Tylosin (Ì©ÀÖ¾úËØ),REF_TYLOSIN,repository_reference,O40_attached_to_C33,40,33,C,MPM01438,Hydroxythreonine,NC(C(=O)O)C(O)CO,1,CC[C@H]1OC(=O)C[C@@H](O)[C@H](C)[C@@H](O[C@@H]2O[C@H](C)[C@@H](O[C@H]3C[C@@](C)(OC(=O)C(N)C(O)CO)[C@@H](O)[C@H](C)O3)[C@H](N(C)C)[C@H]2O)[C@@H](CC=O)C[C@@H](C)C(=O)/C=C/C(C)=C/[C@@H]1CO[C@@H]1O[C@H](C)[C@@H](O)[C@@H](OC)[C@H]1OC,CC[C@H]1OC(=O)C[C@@H](O)[C@H](C)[C@@H](O[C@@H]2O[C@H](C)[C@@H](O[C@H]3C[C@@](C)(OC(=O)C(N)C(O)CO)[C@@H](O)[C@H](C)O3)[C@H](N(C)C)[C@H]2O)[C@@H](CC=O)C[C@@H](C)C(=O)/C=C/C(C)=C/[C@@H]1CO[C@@H]1O[C@H](C)[C@@H](O)[C@@H](OC)[C@H]1OC,TRUE,,-0.979
tylosin,Tylosin (Ì©ÀÖ¾úËØ),REF_TYLOSIN,repository_reference,O40_attached_to_C33,40,33,C,MPM00363,4-Phosphooxy-L-threonine,NC(C(=O)O)C(O)COP(=O)(O)O,1,CC[C@H]1OC(=O)C[C@@H](O)[C@H](C)[C@@H](O[C@@H]2O[C@H](C)[C@@H](O[C@H]3C[C@@](C)(OC(=O)C(N)C(O)COP(=O)(O)O)[C@@H](O)[C@H](C)O3)[C@H](N(C)C)[C@H]2O)[C@@H](CC=O)C[C@@H](C)C(=O)/C=C/C(C)=C/[C@@H]1CO[C@@H]1O[C@H](C)[C@@H](O)[C@@H](OC)[C@H]1OC,CC[C@H]1OC(=O)C[C@@H](O)[C@H](C)[C@@H](O[C@@H]2O[C@H](C)[C@@H](O[C@H]3C[C@@](C)(OC(=O)C(N)C(O)COP(=O)(O)O)[C@@H](O)[C@H](C)O3)[C@H](N(C)C)[C@H]2O)[C@@H](CC=O)C[C@@H](C)C(=O)/C=C/C(C)=C/[C@@H]1CO[C@@H]1O[C@H](C)[C@@H](O)[C@@H](OC)[C@H]1OC,TRUE,,-1.074
tylosin,Tylosin (Ì©ÀÖ¾úËØ),REF_TYLOSIN,repository_reference,O40_attached_to_C33,40,33,C,MPM01144,2-Ammoniomalonate semialdehyde,NC(C=O)C(=O)O,1,CC[C@H]1OC(=O)C[C@@H](O)[C@H](C)[C@@H](O[C@@H]2O[C@H](C)[C@@H](O[C@H]3C[C@@](C)(OC(=O)C(N)C=O)[C@@H](O)[C@H](C)O3)[C@H](N(C)C)[C@H]2O)[C@@H](CC=O)C[C@@H](C)C(=O)/C=C/C(C)=C/[C@@H]1CO[C@@H]1O[C@H](C)[C@@H](O)[C@@H](OC)[C@H]1OC,CC[C@H]1OC(=O)C[C@@H](O)[C@H](C)[C@@H](O[C@@H]2O[C@H](C)[C@@H](O[C@H]3C[C@@](C)(OC(=O)C(N)C=O)[C@@H](O)[C@H](C)O3)[C@H](N(C)C)[C@H]2O)[C@@H](CC=O)C[C@@H](C)C(=O)/C=C/C(C)=C/[C@@H]1CO[C@@H]1O[C@H](C)[C@@H](O)[C@@H](OC)[C@H]1OC,TRUE,,-0.843
tylosin,Tylosin (Ì©ÀÖ¾úËØ),REF_TYLOSIN,repository_reference,O40_attached_to_C33,40,33,C,MPM01475,L-Glutamate 1-semialdehyde,NC(C=O)CCC(=O)O,1,CC[C@H]1OC(=O)C[C@@H](O)[C@H](C)[C@@H](O[C@@H]2O[C@H](C)[C@@H](O[C@H]3C[C@@](C)(OC(=O)CCC(N)C=O)[C@@H](O)[C@H](C)O3)[C@H](N(C)C)[C@H]2O)[C@@H](CC=O)C[C@@H](C)C(=O)/C=C/C(C)=C/[C@@H]1CO[C@@H]1O[C@H](C)[C@@H](O)[C@@H](OC)[C@H]1OC,CC[C@H]1OC(=O)C[C@@H](O)[C@H](C)[C@@H](O[C@@H]2O[C@H](C)[C@@H](O[C@H]3C[C@@](C)(OC(=O)CCC(N)C=O)[C@@H](O)[C@H](C)O3)[C@H](N(C)C)[C@H]2O)[C@@H](CC=O)C[C@@H](C)C(=O)/C=C/C(C)=C/[C@@H]1CO[C@@H]1O[C@H](C)[C@@H](O)[C@@H](OC)[C@H]1OC,TRUE,,-1.103
tylosin,Tylosin (Ì©ÀÖ¾úËØ),REF_TYLOSIN,repository_reference,O40_attached_to_C33,40,33,C,MPM01471,L-Aspartic 4-semialdehyde,NC(CC=O)C(=O)O,1,CC[C@H]1OC(=O)C[C@@H](O)[C@H](C)[C@@H](O[C@@H]2O[C@H](C)[C@@H](O[C@H]3C[C@@](C)(OC(=O)C(N)CC=O)[C@@H](O)[C@H](C)O3)[C@H](N(C)C)[C@H]2O)[C@@H](CC=O)C[C@@H](C)C(=O)/C=C/C(C)=C/[C@@H]1CO[C@@H]1O[C@H](C)[C@@H](O)[C@@H](OC)[C@H]1OC,CC[C@H]1OC(=O)C[C@@H](O)[C@H](C)[C@@H](O[C@@H]2O[C@H](C)[C@@H](O[C@H]3C[C@@](C)(OC(=O)C(N)CC=O)[C@@H](O)[C@H](C)O3)[C@H](N(C)C)[C@H]2O)[C@@H](CC=O)C[C@@H](C)C(=O)/C=C/C(C)=C/[C@@H]1CO[C@@H]1O[C@H](C)[C@@H](O)[C@@H](OC)[C@H]1OC,TRUE,,-1.015
tylosin,Tylosin (Ì©ÀÖ¾úËØ),REF_TYLOSIN,repository_reference,O40_attached_to_C33,40,33,C,MPM01476,L-Glutamate gamma-semialdehyde,NC(CCC=O)C(=O)O,1,CC[C@H]1OC(=O)C[C@@H](O)[C@H](C)[C@@H](O[C@@H]2O[C@H](C)[C@@H](O[C@H]3C[C@@](C)(OC(=O)C(N)CCC=O)[C@@H](O)[C@H](C)O3)[C@H](N(C)C)[C@H]2O)[C@@H](CC=O)C[C@@H](C)C(=O)/C=C/C(C)=C/[C@@H]1CO[C@@H]1O[C@H](C)[C@@H](O)[C@@H](OC)[C@H]1OC,CC[C@H]1OC(=O)C[C@@H](O)[C@H](C)[C@@H](O[C@@H]2O[C@H](C)[C@@H](O[C@H]3C[C@@](C)(OC(=O)C(N)CCC=O)[C@@H](O)[C@H](C)O3)[C@H](N(C)C)[C@H]2O)[C@@H](CC=O)C[C@@H](C)C(=O)/C=C/C(C)=C/[C@@H]1CO[C@@H]1O[C@H](C)[C@@H](O)[C@@H](OC)[C@H]1OC,TRUE,,-1.086
tylosin,Tylosin (Ì©ÀÖ¾úËØ),REF_TYLOSIN,repository_reference,O40_attached_to_C33,40,33,C,MPM01076,(S)-2-Amino-6-oxohexanoate,NC(CCCC=O)C(=O)O,1,CC[C@H]1OC(=O)C[C@@H](O)[C@H](C)[C@@H](O[C@@H]2O[C@H](C)[C@@H](O[C@H]3C[C@@](C)(OC(=O)C(N)CCCC=O)[C@@H](O)[C@H](C)O3)[C@H](N(C)C)[C@H]2O)[C@@H](CC=O)C[C@@H](C)C(=O)/C=C/C(C)=C/[C@@H]1CO[C@@H]1O[C@H](C)[C@@H](O)[C@@H](OC)[C@H]1OC,CC[C@H]1OC(=O)C[C@@H](O)[C@H](C)[C@@H](O[C@@H]2O[C@H](C)[C@@H](O[C@H]3C[C@@](C)(OC(=O)C(N)CCCC=O)[C@@H](O)[C@H](C)O3)[C@H](N(C)C)[C@H]2O)[C@@H](CC=O)C[C@@H](C)C(=O)/C=C/C(C)=C/[C@@H]1CO[C@@H]1O[C@H](C)[C@@H](O)[C@@H](OC)[C@H]1OC,TRUE,,-1.153
tylosin,Tylosin (Ì©ÀÖ¾úËØ),REF_TYLOSIN,repository_reference,O40_attached_to_C33,40,33,C,MPM00800,N6-(D-Fructosyl)-L-lysine,NC(CCCCNCC(=O)C(O)C(O)C(O)CO)C(=O)O,1,CC[C@H]1OC(=O)C[C@@H](O)[C@H](C)[C@@H](O[C@@H]2O[C@H](C)[C@@H](O[C@H]3C[C@@](C)(OC(=O)C(N)CCCCNCC(=O)C(O)C(O)C(O)CO)[C@@H](O)[C@H](C)O3)[C@H](N(C)C)[C@H]2O)[C@@H](CC=O)C[C@@H](C)C(=O)/C=C/C(C)=C/[C@@H]1CO[C@@H]1O[C@H](C)[C@@H](O)[C@@H](OC)[C@H]1OC,CC[C@H]1OC(=O)C[C@@H](O)[C@H](C)[C@@H](O[C@@H]2O[C@H](C)[C@@H](O[C@H]3C[C@@](C)(OC(=O)C(N)CCCCNCC(=O)C(O)C(O)C(O)CO)[C@@H](O)[C@H](C)O3)[C@H](N(C)C)[C@H]2O)[C@@H](CC=O)C[C@@H](C)C(=O)/C=C/C(C)=C/[C@@H]1CO[C@@H]1O[C@H](C)[C@@H](O)[C@@H](OC)[C@H]1OC,TRUE,,-1.432
tylosin,Tylosin (Ì©ÀÖ¾úËØ),REF_TYLOSIN,repository_reference,O40_attached_to_C33,40,33,C,MPM01141,2-Amino-4-hydroxybutyric acid,NC(CCO)C(=O)O,1,CC[C@H]1OC(=O)C[C@@H](O)[C@H](C)[C@@H](O[C@@H]2O[C@H](C)[C@@H](O[C@H]3C[C@@](C)(OC(=O)C(N)CCO)[C@@H](O)[C@H](C)O3)[C@H](N(C)C)[C@H]2O)[C@@H](CC=O)C[C@@H](C)C(=O)/C=C/C(C)=C/[C@@H]1CO[C@@H]1O[C@H](C)[C@@H](O)[C@@H](OC)[C@H]1OC,CC[C@H]1OC(=O)C[C@@H](O)[C@H](C)[C@@H](O[C@@H]2O[C@H](C)[C@@H](O[C@H]3C[C@@](C)(OC(=O)C(N)CCO)[C@@H](O)[C@H](C)O3)[C@H](N(C)C)[C@H]2O)[C@@H](CC=O)C[C@@H](C)C(=O)/C=C/C(C)=C/[C@@H]1CO[C@@H]1O[C@H](C)[C@@H](O)[C@@H](OC)[C@H]1OC,TRUE,,-0.701
tylosin,Tylosin (Ì©ÀÖ¾úËØ),REF_TYLOSIN,repository_reference,O40_attached_to_C33,40,33,C,MPM00698,Homocysteine,NC(CCS)C(=O)O,1,CC[C@H]1OC(=O)C[C@@H](O)[C@H](C)[C@@H](O[C@@H]2O[C@H](C)[C@@H](O[C@H]3C[C@@](C)(OC(=O)C(N)CCS)[C@@H](O)[C@H](C)O3)[C@H](N(C)C)[C@H]2O)[C@@H](CC=O)C[C@@H](C)C(=O)/C=C/C(C)=C/[C@@H]1CO[C@@H]1O[C@H](C)[C@@H](O)[C@@H](OC)[C@H]1OC,CC[C@H]1OC(=O)C[C@@H](O)[C@H](C)[C@@H](O[C@@H]2O[C@H](C)[C@@H](O[C@H]3C[C@@](C)(OC(=O)C(N)CCS)[C@@H](O)[C@H](C)O3)[C@H](N(C)C)[C@H]2O)[C@@H](CC=O)C[C@@H](C)C(=O)/C=C/C(C)=C/[C@@H]1CO[C@@H]1O[C@H](C)[C@@H](O)[C@@H](OC)[C@H]1OC,TRUE,,-2.067
tylosin,Tylosin (Ì©ÀÖ¾úËØ),REF_TYLOSIN,repository_reference,O40_attached_to_C33,40,33,C,MPM01379,D-Serine,NC(CO)C(=O)O,1,CC[C@H]1OC(=O)C[C@@H](O)[C@H](C)[C@@H](O[C@@H]2O[C@H](C)[C@@H](O[C@H]3C[C@@](C)(OC(=O)C(N)CO)[C@@H](O)[C@H](C)O3)[C@H](N(C)C)[C@H]2O)[C@@H](CC=O)C[C@@H](C)C(=O)/C=C/C(C)=C/[C@@H]1CO[C@@H]1O[C@H](C)[C@@H](O)[C@@H](OC)[C@H]1OC,CC[C@H]1OC(=O)C[C@@H](O)[C@H](C)[C@@H](O[C@@H]2O[C@H](C)[C@@H](O[C@H]3C[C@@](C)(OC(=O)C(N)CO)[C@@H](O)[C@H](C)O3)[C@H](N(C)C)[C@H]2O)[C@@H](CC=O)C[C@@H](C)C(=O)/C=C/C(C)=C/[C@@H]1CO[C@@H]1O[C@H](C)[C@@H](O)[C@@H](OC)[C@H]1OC,TRUE,,-0.704
tylosin,Tylosin (Ì©ÀÖ¾úËØ),REF_TYLOSIN,repository_reference,O40_attached_to_C33,40,33,C,MPM00325,3-Phospho-L-serine,NC(COP(=O)(O)O)C(=O)O,1,CC[C@H]1OC(=O)C[C@@H](O)[C@H](C)[C@@H](O[C@@H]2O[C@H](C)[C@@H](O[C@H]3C[C@@](C)(OC(=O)C(N)COP(=O)(O)O)[C@@H](O)[C@H](C)O3)[C@H](N(C)C)[C@H]2O)[C@@H](CC=O)C[C@@H](C)C(=O)/C=C/C(C)=C/[C@@H]1CO[C@@H]1O[C@H](C)[C@@H](O)[C@@H](OC)[C@H]1OC,CC[C@H]1OC(=O)C[C@@H](O)[C@H](C)[C@@H](O[C@@H]2O[C@H](C)[C@@H](O[C@H]3C[C@@](C)(OC(=O)C(N)COP(=O)(O)O)[C@@H](O)[C@H](C)O3)[C@H](N(C)C)[C@H]2O)[C@@H](CC=O)C[C@@H](C)C(=O)/C=C/C(C)=C/[C@@H]1CO[C@@H]1O[C@H](C)[C@@H](O)[C@@H](OC)[C@H]1OC,TRUE,,-0.814
tylosin,Tylosin (Ì©ÀÖ¾úËØ),REF_TYLOSIN,repository_reference,O40_attached_to_C33,40,33,C,MPM00667,glycerol 1-phosphoserine(1-),NC(COP(=O)(O)OCC(O)CO)C(=O)O,1,CC[C@H]1OC(=O)C[C@@H](O)[C@H](C)[C@@H](O[C@@H]2O[C@H](C)[C@@H](O[C@H]3C[C@@](C)(OC(=O)C(N)COP(=O)(O)OCC(O)CO)[C@@H](O)[C@H](C)O3)[C@H](N(C)C)[C@H]2O)[C@@H](CC=O)C[C@@H](C)C(=O)/C=C/C(C)=C/[C@@H]1CO[C@@H]1O[C@H](C)[C@@H](O)[C@@H](OC)[C@H]1OC,CC[C@H]1OC(=O)C[C@@H](O)[C@H](C)[C@@H](O[C@@H]2O[C@H](C)[C@@H](O[C@H]3C[C@@](C)(OC(=O)C(N)COP(=O)(O)OCC(O)CO)[C@@H](O)[C@H](C)O3)[C@H](N(C)C)[C@H]2O)[C@@H](CC=O)C[C@@H](C)C(=O)/C=C/C(C)=C/[C@@H]1CO[C@@H]1O[C@H](C)[C@@H](O)[C@@H](OC)[C@H]1OC,TRUE,,-1.042
tylosin,Tylosin (Ì©ÀÖ¾úËØ),REF_TYLOSIN,repository_reference,O40_attached_to_C33,40,33,C,MPM00199,2-Amino-3-sulfopropionic acid,NC(CS(=O)(=O)O)C(=O)O,1,CC[C@H]1OC(=O)C[C@@H](O)[C@H](C)[C@@H](O[C@@H]2O[C@H](C)[C@@H](O[C@H]3C[C@@](C)(OC(=O)C(N)CS(=O)(=O)O)[C@@H](O)[C@H](C)O3)[C@H](N(C)C)[C@H]2O)[C@@H](CC=O)C[C@@H](C)C(=O)/C=C/C(C)=C/[C@@H]1CO[C@@H]1O[C@H](C)[C@@H](O)[C@@H](OC)[C@H]1OC,CC[C@H]1OC(=O)C[C@@H](O)[C@H](C)[C@@H](O[C@@H]2O[C@H](C)[C@@H](O[C@H]3C[C@@](C)(OC(=O)C(N)CS(=O)(=O)O)[C@@H](O)[C@H](C)O3)[C@H](N(C)C)[C@H]2O)[C@@H](CC=O)C[C@@H](C)C(=O)/C=C/C(C)=C/[C@@H]1CO[C@@H]1O[C@H](C)[C@@H](O)[C@@H](OC)[C@H]1OC,TRUE,,-0.527
tylosin,Tylosin (Ì©ÀÖ¾úËØ),REF_TYLOSIN,repository_reference,O40_attached_to_C33,40,33,C,MPM00329,3-Sulfinoalanine,NC(CS(=O)O)C(=O)O,1,CC[C@H]1OC(=O)C[C@@H](O)[C@H](C)[C@@H](O[C@@H]2O[C@H](C)[C@@H](O[C@H]3C[C@@](C)(OC(=O)C(N)CS(=O)O)[C@@H](O)[C@H](C)O3)[C@H](N(C)C)[C@H]2O)[C@@H](CC=O)C[C@@H](C)C(=O)/C=C/C(C)=C/[C@@H]1CO[C@@H]1O[C@H](C)[C@@H](O)[C@@H](OC)[C@H]1OC,CC[C@H]1OC(=O)C[C@@H](O)[C@H](C)[C@@H](O[C@@H]2O[C@H](C)[C@@H](O[C@H]3C[C@@](C)(OC(=O)C(N)CS(=O)O)[C@@H](O)[C@H](C)O3)[C@H](N(C)C)[C@H]2O)[C@@H](CC=O)C[C@@H](C)C(=O)/C=C/C(C)=C/[C@@H]1CO[C@@H]1O[C@H](C)[C@@H](O)[C@@H](OC)[C@H]1OC,TRUE,,-0.459
tylosin,Tylosin (Ì©ÀÖ¾úËØ),REF_TYLOSIN,repository_reference,O40_attached_to_C33,40,33,C,MPM01473,L-Cysteinylglycine,NC(CS)C(=O)NCC(=O)O,1,CC[C@H]1OC(=O)C[C@@H](O)[C@H](C)[C@@H](O[C@@H]2O[C@H](C)[C@@H](O[C@H]3C[C@@](C)(OC(=O)CNC(=O)C(N)CS)[C@@H](O)[C@H](C)O3)[C@H](N(C)C)[C@H]2O)[C@@H](CC=O)C[C@@H](C)C(=O)/C=C/C(C)=C/[C@@H]1CO[C@@H]1O[C@H](C)[C@@H](O)[C@@H](OC)[C@H]1OC,CC[C@H]1OC(=O)C[C@@H](O)[C@H](C)[C@@H](O[C@@H]2O[C@H](C)[C@@H](O[C@H]3C[C@@](C)(OC(=O)CNC(=O)C(N)CS)[C@@H](O)[C@H](C)O3)[C@H](N(C)C)[C@H]2O)[C@@H](CC=O)C[C@@H](C)C(=O)/C=C/C(C)=C/[C@@H]1CO[C@@H]1O[C@H](C)[C@@H](O)[C@@H](OC)[C@H]1OC,TRUE,,-1.972
tylosin,Tylosin (Ì©ÀÖ¾úËØ),REF_TYLOSIN,repository_reference,O40_attached_to_C33,40,33,C,MPM01361,D-Amino-3-mercaptopropionic acid,NC(CS)C(=O)O,1,CC[C@H]1OC(=O)C[C@@H](O)[C@H](C)[C@@H](O[C@@H]2O[C@H](C)[C@@H](O[C@H]3C[C@@](C)(OC(=O)C(N)CS)[C@@H](O)[C@H](C)O3)[C@H](N(C)C)[C@H]2O)[C@@H](CC=O)C[C@@H](C)C(=O)/C=C/C(C)=C/[C@@H]1CO[C@@H]1O[C@H](C)[C@@H](O)[C@@H](OC)[C@H]1OC,CC[C@H]1OC(=O)C[C@@H](O)[C@H](C)[C@@H](O[C@@H]2O[C@H](C)[C@@H](O[C@H]3C[C@@](C)(OC(=O)C(N)CS)[C@@H](O)[C@H](C)O3)[C@H](N(C)C)[C@H]2O)[C@@H](CC=O)C[C@@H](C)C(=O)/C=C/C(C)=C/[C@@H]1CO[C@@H]1O[C@H](C)[C@@H](O)[C@@H](OC)[C@H]1OC,TRUE,,-2.001
tylosin,Tylosin (Ì©ÀÖ¾úËØ),REF_TYLOSIN,repository_reference,O40_attached_to_C33,40,33,C,MPM01078,(S)-alpha-Amino-beta-(3-indolyl)-propionic acid,NC(Cc1c[nH]c2ccccc12)C(=O)O,1,CC[C@H]1OC(=O)C[C@@H](O)[C@H](C)[C@@H](O[C@@H]2O[C@H](C)[C@@H](O[C@H]3C[C@@](C)(OC(=O)C(N)Cc4c[nH]c5ccccc45)[C@@H](O)[C@H](C)O3)[C@H](N(C)C)[C@H]2O)[C@@H](CC=O)C[C@@H](C)C(=O)/C=C/C(C)=C/[C@@H]1CO[C@@H]1O[C@H](C)[C@@H](O)[C@@H](OC)[C@H]1OC,CC[C@H]1OC(=O)C[C@@H](O)[C@H](C)[C@@H](O[C@@H]2O[C@H](C)[C@@H](O[C@H]3C[C@@](C)(OC(=O)C(N)Cc4c[nH]c5ccccc45)[C@@H](O)[C@H](C)O3)[C@H](N(C)C)[C@H]2O)[C@@H](CC=O)C[C@@H](C)C(=O)/C=C/C(C)=C/[C@@H]1CO[C@@H]1O[C@H](C)[C@@H](O)[C@@H](OC)[C@H]1OC,TRUE,,0.086
tylosin,Tylosin (Ì©ÀÖ¾úËØ),REF_TYLOSIN,repository_reference,O40_attached_to_C33,40,33,C,MPM01639,Tyrosine,NC(Cc1ccc(O)cc1)C(=O)O,1,CC[C@H]1OC(=O)C[C@@H](O)[C@H](C)[C@@H](O[C@@H]2O[C@H](C)[C@@H](O[C@H]3C[C@@](C)(OC(=O)C(N)Cc4ccc(O)cc4)[C@@H](O)[C@H](C)O3)[C@H](N(C)C)[C@H]2O)[C@@H](CC=O)C[C@@H](C)C(=O)/C=C/C(C)=C/[C@@H]1CO[C@@H]1O[C@H](C)[C@@H](O)[C@@H](OC)[C@H]1OC,CC[C@H]1OC(=O)C[C@@H](O)[C@H](C)[C@@H](O[C@@H]2O[C@H](C)[C@@H](O[C@H]3C[C@@](C)(OC(=O)C(N)Cc4ccc(O)cc4)[C@@H](O)[C@H](C)O3)[C@H](N(C)C)[C@H]2O)[C@@H](CC=O)C[C@@H](C)C(=O)/C=C/C(C)=C/[C@@H]1CO[C@@H]1O[C@H](C)[C@@H](O)[C@@H](OC)[C@H]1OC,TRUE,,-0.526
tylosin,Tylosin (Ì©ÀÖ¾úËØ),REF_TYLOSIN,repository_reference,O40_attached_to_C33,40,33,C,MPM00895,Phosphonotyrosine,NC(Cc1ccc(OP(=O)(O)O)cc1)C(=O)O,1,CC[C@H]1OC(=O)C[C@@H](O)[C@H](C)[C@@H](O[C@@H]2O[C@H](C)[C@@H](O[C@H]3C[C@@](C)(OC(=O)C(N)Cc4ccc(OP(=O)(O)O)cc4)[C@@H](O)[C@H](C)O3)[C@H](N(C)C)[C@H]2O)[C@@H](CC=O)C[C@@H](C)C(=O)/C=C/C(C)=C/[C@@H]1CO[C@@H]1O[C@H](C)[C@@H](O)[C@@H](OC)[C@H]1OC,CC[C@H]1OC(=O)C[C@@H](O)[C@H](C)[C@@H](O[C@@H]2O[C@H](C)[C@@H](O[C@H]3C[C@@](C)(OC(=O)C(N)Cc4ccc(OP(=O)(O)O)cc4)[C@@H](O)[C@H](C)O3)[C@H](N(C)C)[C@H]2O)[C@@H](CC=O)C[C@@H](C)C(=O)/C=C/C(C)=C/[C@@H]1CO[C@@H]1O[C@H](C)[C@@H](O)[C@@H](OC)[C@H]1OC,TRUE,,-1.073
tylosin,Tylosin (Ì©ÀÖ¾úËØ),REF_TYLOSIN,repository_reference,O40_attached_to_C33,40,33,C,MPM00612,D-phenylalanine,NC(Cc1ccccc1)C(=O)O,1,CC[C@H]1OC(=O)C[C@@H](O)[C@H](C)[C@@H](O[C@@H]2O[C@H](C)[C@@H](O[C@H]3C[C@@](C)(OC(=O)C(N)Cc4ccccc4)[C@@H](O)[C@H](C)O3)[C@H](N(C)C)[C@H]2O)[C@@H](CC=O)C[C@@H](C)C(=O)/C=C/C(C)=C/[C@@H]1CO[C@@H]1O[C@H](C)[C@@H](O)[C@@H](OC)[C@H]1OC,CC[C@H]1OC(=O)C[C@@H](O)[C@H](C)[C@@H](O[C@@H]2O[C@H](C)[C@@H](O[C@H]3C[C@@](C)(OC(=O)C(N)Cc4ccccc4)[C@@H](O)[C@H](C)O3)[C@H](N(C)C)[C@H]2O)[C@@H](CC=O)C[C@@H](C)C(=O)/C=C/C(C)=C/[C@@H]1CO[C@@H]1O[C@H](C)[C@@H](O)[C@@H](OC)[C@H]1OC,TRUE,,-0.891
tylosin,Tylosin (Ì©ÀÖ¾úËØ),REF_TYLOSIN,repository_reference,O40_attached_to_C33,40,33,C,MPM01077,(S)-alpha-Amino-1H-imidazole-4-propionic acid,NC(Cc1cnc[nH]1)C(=O)O,1,CC[C@H]1OC(=O)C[C@@H](O)[C@H](C)[C@@H](O[C@@H]2O[C@H](C)[C@@H](O[C@H]3C[C@@](C)(OC(=O)C(N)Cc4cnc[nH]4)[C@@H](O)[C@H](C)O3)[C@H](N(C)C)[C@H]2O)[C@@H](CC=O)C[C@@H](C)C(=O)/C=C/C(C)=C/[C@@H]1CO[C@@H]1O[C@H](C)[C@@H](O)[C@@H](OC)[C@H]1OC,CC[C@H]1OC(=O)C[C@@H](O)[C@H](C)[C@@H](O[C@@H]2O[C@H](C)[C@@H](O[C@H]3C[C@@](C)(OC(=O)C(N)Cc4cnc[nH]4)[C@@H](O)[C@H](C)O3)[C@H](N(C)C)[C@H]2O)[C@@H](CC=O)C[C@@H](C)C(=O)/C=C/C(C)=C/[C@@H]1CO[C@@H]1O[C@H](C)[C@@H](O)[C@@H](OC)[C@H]1OC,TRUE,,-0.888
tylosin,Tylosin (Ì©ÀÖ¾úËØ),REF_TYLOSIN,repository_reference,O40_attached_to_C33,40,33,C,MPM01165,2-Oxoarginine,NC(N)=NCCCC(=O)C(=O)O,1,CC[C@H]1OC(=O)C[C@@H](O)[C@H](C)[C@@H](O[C@@H]2O[C@H](C)[C@@H](O[C@H]3C[C@@](C)(OC(=O)C(=O)CCCN=C(N)N)[C@@H](O)[C@H](C)O3)[C@H](N(C)C)[C@H]2O)[C@@H](CC=O)C[C@@H](C)C(=O)/C=C/C(C)=C/[C@@H]1CO[C@@H]1O[C@H](C)[C@@H](O)[C@@H](OC)[C@H]1OC,CC[C@H]1OC(=O)C[C@@H](O)[C@H](C)[C@@H](O[C@@H]2O[C@H](C)[C@@H](O[C@H]3C[C@@](C)(OC(=O)C(=O)CCCN=C(N)N)[C@@H](O)[C@H](C)O3)[C@H](N(C)C)[C@H]2O)[C@@H](CC=O)C[C@@H](C)C(=O)/C=C/C(C)=C/[C@@H]1CO[C@@H]1O[C@H](C)[C@@H](O)[C@@H](OC)[C@H]1OC,TRUE,,-0.837
tylosin,Tylosin (Ì©ÀÖ¾úËØ),REF_TYLOSIN,repository_reference,O40_attached_to_C33,40,33,C,MPM00541,D-2-Amino-5-guanidinovaleric acid,NC(N)=NCCCC(N)C(=O)O,1,CC[C@H]1OC(=O)C[C@@H](O)[C@H](C)[C@@H](O[C@@H]2O[C@H](C)[C@@H](O[C@H]3C[C@@](C)(OC(=O)C(N)CCCN=C(N)N)[C@@H](O)[C@H](C)O3)[C@H](N(C)C)[C@H]2O)[C@@H](CC=O)C[C@@H](C)C(=O)/C=C/C(C)=C/[C@@H]1CO[C@@H]1O[C@H](C)[C@@H](O)[C@@H](OC)[C@H]1OC,CC[C@H]1OC(=O)C[C@@H](O)[C@H](C)[C@@H](O[C@@H]2O[C@H](C)[C@@H](O[C@H]3C[C@@](C)(OC(=O)C(N)CCCN=C(N)N)[C@@H](O)[C@H](C)O3)[C@H](N(C)C)[C@H]2O)[C@@H](CC=O)C[C@@H](C)C(=O)/C=C/C(C)=C/[C@@H]1CO[C@@H]1O[C@H](C)[C@@H](O)[C@@H](OC)[C@H]1OC,TRUE,,-0.73
tylosin,Tylosin (Ì©ÀÖ¾úËØ),REF_TYLOSIN,repository_reference,O40_attached_to_C33,40,33,C,MPM01242,5-Amino-4-oxovaleric acid,NCC(=O)CCC(=O)O,1,CC[C@H]1OC(=O)C[C@@H](O)[C@H](C)[C@@H](O[C@@H]2O[C@H](C)[C@@H](O[C@H]3C[C@@](C)(OC(=O)CCC(=O)CN)[C@@H](O)[C@H](C)O3)[C@H](N(C)C)[C@H]2O)[C@@H](CC=O)C[C@@H](C)C(=O)/C=C/C(C)=C/[C@@H]1CO[C@@H]1O[C@H](C)[C@@H](O)[C@@H](OC)[C@H]1OC,CC[C@H]1OC(=O)C[C@@H](O)[C@H](C)[C@@H](O[C@@H]2O[C@H](C)[C@@H](O[C@H]3C[C@@](C)(OC(=O)CCC(=O)CN)[C@@H](O)[C@H](C)O3)[C@H](N(C)C)[C@H]2O)[C@@H](CC=O)C[C@@H](C)C(=O)/C=C/C(C)=C/[C@@H]1CO[C@@H]1O[C@H](C)[C@@H](O)[C@@H](OC)[C@H]1OC,TRUE,,-0.59
tylosin,Tylosin (Ì©ÀÖ¾úËØ),REF_TYLOSIN,repository_reference,O40_attached_to_C33,40,33,C,MPM00674,Glycyl-l-glutamine,NCC(=O)NC(CCC(N)=O)C(=O)O,1,CC[C@H]1OC(=O)C[C@@H](O)[C@H](C)[C@@H](O[C@@H]2O[C@H](C)[C@@H](O[C@H]3C[C@@](C)(OC(=O)C(CCC(N)=O)NC(=O)CN)[C@@H](O)[C@H](C)O3)[C@H](N(C)C)[C@H]2O)[C@@H](CC=O)C[C@@H](C)C(=O)/C=C/C(C)=C/[C@@H]1CO[C@@H]1O[C@H](C)[C@@H](O)[C@@H](OC)[C@H]1OC,CC[C@H]1OC(=O)C[C@@H](O)[C@H](C)[C@@H](O[C@@H]2O[C@H](C)[C@@H](O[C@H]3C[C@@](C)(OC(=O)C(CCC(N)=O)NC(=O)CN)[C@@H](O)[C@H](C)O3)[C@H](N(C)C)[C@H]2O)[C@@H](CC=O)C[C@@H](C)C(=O)/C=C/C(C)=C/[C@@H]1CO[C@@H]1O[C@H](C)[C@@H](O)[C@@H](OC)[C@H]1OC,TRUE,,-0.4
tylosin,Tylosin (Ì©ÀÖ¾úËØ),REF_TYLOSIN,repository_reference,O40_attached_to_C33,40,33,C,MPM00673,Glycylcysteine,NCC(=O)NC(CS)C(=O)O,1,CC[C@H]1OC(=O)C[C@@H](O)[C@H](C)[C@@H](O[C@@H]2O[C@H](C)[C@@H](O[C@H]3C[C@@](C)(OC(=O)C(CS)NC(=O)CN)[C@@H](O)[C@H](C)O3)[C@H](N(C)C)[C@H]2O)[C@@H](CC=O)C[C@@H](C)C(=O)/C=C/C(C)=C/[C@@H]1CO[C@@H]1O[C@H](C)[C@@H](O)[C@@H](OC)[C@H]1OC,CC[C@H]1OC(=O)C[C@@H](O)[C@H](C)[C@@H](O[C@@H]2O[C@H](C)[C@@H](O[C@H]3C[C@@](C)(OC(=O)C(CS)NC(=O)CN)[C@@H](O)[C@H](C)O3)[C@H](N(C)C)[C@H]2O)[C@@H](CC=O)C[C@@H](C)C(=O)/C=C/C(C)=C/[C@@H]1CO[C@@H]1O[C@H](C)[C@@H](O)[C@@H](OC)[C@H]1OC,TRUE,,-1.83
tylosin,Tylosin (Ì©ÀÖ¾úËØ),REF_TYLOSIN,repository_reference,O40_attached_to_C33,40,33,C,MPM00677,Glycyl-L-tyrosine,NCC(=O)NC(Cc1ccc(O)cc1)C(=O)O,1,CC[C@H]1OC(=O)C[C@@H](O)[C@H](C)[C@@H](O[C@@H]2O[C@H](C)[C@@H](O[C@H]3C[C@@](C)(OC(=O)C(Cc4ccc(O)cc4)NC(=O)CN)[C@@H](O)[C@H](C)O3)[C@H](N(C)C)[C@H]2O)[C@@H](CC=O)C[C@@H](C)C(=O)/C=C/C(C)=C/[C@@H]1CO[C@@H]1O[C@H](C)[C@@H](O)[C@@H](OC)[C@H]1OC,CC[C@H]1OC(=O)C[C@@H](O)[C@H](C)[C@@H](O[C@@H]2O[C@H](C)[C@@H](O[C@H]3C[C@@](C)(OC(=O)C(Cc4ccc(O)cc4)NC(=O)CN)[C@@H](O)[C@H](C)O3)[C@H](N(C)C)[C@H]2O)[C@@H](CC=O)C[C@@H](C)C(=O)/C=C/C(C)=C/[C@@H]1CO[C@@H]1O[C@H](C)[C@@H](O)[C@@H](OC)[C@H]1OC,TRUE,,-0.3
tylosin,Tylosin (Ì©ÀÖ¾úËØ),REF_TYLOSIN,repository_reference,O40_attached_to_C33,40,33,C,MPM00676,Glycyl-L-phenylalanine,NCC(=O)NC(Cc1ccccc1)C(=O)O,1,CC[C@H]1OC(=O)C[C@@H](O)[C@H](C)[C@@H](O[C@@H]2O[C@H](C)[C@@H](O[C@H]3C[C@@](C)(OC(=O)C(Cc4ccccc4)NC(=O)CN)[C@@H](O)[C@H](C)O3)[C@H](N(C)C)[C@H]2O)[C@@H](CC=O)C[C@@H](C)C(=O)/C=C/C(C)=C/[C@@H]1CO[C@@H]1O[C@H](C)[C@@H](O)[C@@H](OC)[C@H]1OC,CC[C@H]1OC(=O)C[C@@H](O)[C@H](C)[C@@H](O[C@@H]2O[C@H](C)[C@@H](O[C@H]3C[C@@](C)(OC(=O)C(Cc4ccccc4)NC(=O)CN)[C@@H](O)[C@H](C)O3)[C@H](N(C)C)[C@H]2O)[C@@H](CC=O)C[C@@H](C)C(=O)/C=C/C(C)=C/[C@@H]1CO[C@@H]1O[C@H](C)[C@@H](O)[C@@H](OC)[C@H]1OC,TRUE,,-0.665
tylosin,Tylosin (Ì©ÀÖ¾úËØ),REF_TYLOSIN,repository_reference,O40_attached_to_C33,40,33,C,MPM01413,Gly,NCC(=O)O,1,CC[C@H]1OC(=O)C[C@@H](O)[C@H](C)[C@@H](O[C@@H]2O[C@H](C)[C@@H](O[C@H]3C[C@@](C)(OC(=O)CN)[C@@H](O)[C@H](C)O3)[C@H](N(C)C)[C@H]2O)[C@@H](CC=O)C[C@@H](C)C(=O)/C=C/C(C)=C/[C@@H]1CO[C@@H]1O[C@H](C)[C@@H](O)[C@@H](OC)[C@H]1OC,CC[C@H]1OC(=O)C[C@@H](O)[C@H](C)[C@@H](O[C@@H]2O[C@H](C)[C@@H](O[C@H]3C[C@@](C)(OC(=O)CN)[C@@H](O)[C@H](C)O3)[C@H](N(C)C)[C@H]2O)[C@@H](CC=O)C[C@@H](C)C(=O)/C=C/C(C)=C/[C@@H]1CO[C@@H]1O[C@H](C)[C@@H](O)[C@@H](OC)[C@H]1OC,TRUE,,-0.431
tylosin,Tylosin (Ì©ÀÖ¾úËØ),REF_TYLOSIN,repository_reference,O40_attached_to_C33,40,33,C,MPM01074,"(S)-2,3-Diaminopropanoate",NCC(N)C(=O)O,1,CC[C@H]1OC(=O)C[C@@H](O)[C@H](C)[C@@H](O[C@@H]2O[C@H](C)[C@@H](O[C@H]3C[C@@](C)(OC(=O)C(N)CN)[C@@H](O)[C@H](C)O3)[C@H](N(C)C)[C@H]2O)[C@@H](CC=O)C[C@@H](C)C(=O)/C=C/C(C)=C/[C@@H]1CO[C@@H]1O[C@H](C)[C@@H](O)[C@@H](OC)[C@H]1OC,CC[C@H]1OC(=O)C[C@@H](O)[C@H](C)[C@@H](O[C@@H]2O[C@H](C)[C@@H](O[C@H]3C[C@@](C)(OC(=O)C(N)CN)[C@@H](O)[C@H](C)O3)[C@H](N(C)C)[C@H]2O)[C@@H](CC=O)C[C@@H](C)C(=O)/C=C/C(C)=C/[C@@H]1CO[C@@H]1O[C@H](C)[C@@H](O)[C@@H](OC)[C@H]1OC,TRUE,,-0.289
tylosin,Tylosin (Ì©ÀÖ¾úËØ),REF_TYLOSIN,repository_reference,O40_attached_to_C33,40,33,C,MPM01212,3-Aminopropanoate,NCCC(=O)O,1,CC[C@H]1OC(=O)C[C@@H](O)[C@H](C)[C@@H](O[C@@H]2O[C@H](C)[C@@H](O[C@H]3C[C@@](C)(OC(=O)CCN)[C@@H](O)[C@H](C)O3)[C@H](N(C)C)[C@H]2O)[C@@H](CC=O)C[C@@H](C)C(=O)/C=C/C(C)=C/[C@@H]1CO[C@@H]1O[C@H](C)[C@@H](O)[C@@H](OC)[C@H]1OC,CC[C@H]1OC(=O)C[C@@H](O)[C@H](C)[C@@H](O[C@@H]2O[C@H](C)[C@@H](O[C@H]3C[C@@](C)(OC(=O)CCN)[C@@H](O)[C@H](C)O3)[C@H](N(C)C)[C@H]2O)[C@@H](CC=O)C[C@@H](C)C(=O)/C=C/C(C)=C/[C@@H]1CO[C@@H]1O[C@H](C)[C@@H](O)[C@@H](OC)[C@H]1OC,TRUE,,-0.521
tylosin,Tylosin (Ì©ÀÖ¾úËØ),REF_TYLOSIN,repository_reference,O40_attached_to_C33,40,33,C,MPM00725,"L-2,4-Diaminobutyrate",NCCC(N)C(=O)O,1,CC[C@H]1OC(=O)C[C@@H](O)[C@H](C)[C@@H](O[C@@H]2O[C@H](C)[C@@H](O[C@H]3C[C@@](C)(OC(=O)C(N)CCN)[C@@H](O)[C@H](C)O3)[C@H](N(C)C)[C@H]2O)[C@@H](CC=O)C[C@@H](C)C(=O)/C=C/C(C)=C/[C@@H]1CO[C@@H]1O[C@H](C)[C@@H](O)[C@@H](OC)[C@H]1OC,CC[C@H]1OC(=O)C[C@@H](O)[C@H](C)[C@@H](O[C@@H]2O[C@H](C)[C@@H](O[C@H]3C[C@@](C)(OC(=O)C(N)CCN)[C@@H](O)[C@H](C)O3)[C@H](N(C)C)[C@H]2O)[C@@H](CC=O)C[C@@H](C)C(=O)/C=C/C(C)=C/[C@@H]1CO[C@@H]1O[C@H](C)[C@@H](O)[C@@H](OC)[C@H]1OC,TRUE,,-0.346
tylosin,Tylosin (Ì©ÀÖ¾úËØ),REF_TYLOSIN,repository_reference,O40_attached_to_C33,40,33,C,MPM01396,GABA,NCCCC(=O)O,1,CC[C@H]1OC(=O)C[C@@H](O)[C@H](C)[C@@H](O[C@@H]2O[C@H](C)[C@@H](O[C@H]3C[C@@](C)(OC(=O)CCCN)[C@@H](O)[C@H](C)O3)[C@H](N(C)C)[C@H]2O)[C@@H](CC=O)C[C@@H](C)C(=O)/C=C/C(C)=C/[C@@H]1CO[C@@H]1O[C@H](C)[C@@H](O)[C@@H](OC)[C@H]1OC,CC[C@H]1OC(=O)C[C@@H](O)[C@H](C)[C@@H](O[C@@H]2O[C@H](C)[C@@H](O[C@H]3C[C@@](C)(OC(=O)CCCN)[C@@H](O)[C@H](C)O3)[C@H](N(C)C)[C@H]2O)[C@@H](CC=O)C[C@@H](C)C(=O)/C=C/C(C)=C/[C@@H]1CO[C@@H]1O[C@H](C)[C@@H](O)[C@@H](OC)[C@H]1OC,TRUE,,-0.583
tylosin,Tylosin (Ì©ÀÖ¾úËØ),REF_TYLOSIN,repository_reference,O40_attached_to_C33,40,33,C,MPM00093,"(S)-2,5-Diaminopentanoate",NCCCC(N)C(=O)O,1,CC[C@H]1OC(=O)C[C@@H](O)[C@H](C)[C@@H](O[C@@H]2O[C@H](C)[C@@H](O[C@H]3C[C@@](C)(OC(=O)C(N)CCCN)[C@@H](O)[C@H](C)O3)[C@H](N(C)C)[C@H]2O)[C@@H](CC=O)C[C@@H](C)C(=O)/C=C/C(C)=C/[C@@H]1CO[C@@H]1O[C@H](C)[C@@H](O)[C@@H](OC)[C@H]1OC,CC[C@H]1OC(=O)C[C@@H](O)[C@H](C)[C@@H](O[C@@H]2O[C@H](C)[C@@H](O[C@H]3C[C@@](C)(OC(=O)C(N)CCCN)[C@@H](O)[C@H](C)O3)[C@H](N(C)C)[C@H]2O)[C@@H](CC=O)C[C@@H](C)C(=O)/C=C/C(C)=C/[C@@H]1CO[C@@H]1O[C@H](C)[C@@H](O)[C@@H](OC)[C@H]1OC,TRUE,,-0.408
tylosin,Tylosin (Ì©ÀÖ¾úËØ),REF_TYLOSIN,repository_reference,O40_attached_to_C33,40,33,C,MPM00742,L-beta-Lysine,NCCCC(N)CC(=O)O,1,CC[C@H]1OC(=O)C[C@@H](O)[C@H](C)[C@@H](O[C@@H]2O[C@H](C)[C@@H](O[C@H]3C[C@@](C)(OC(=O)CC(N)CCCN)[C@@H](O)[C@H](C)O3)[C@H](N(C)C)[C@H]2O)[C@@H](CC=O)C[C@@H](C)C(=O)/C=C/C(C)=C/[C@@H]1CO[C@@H]1O[C@H](C)[C@@H](O)[C@@H](OC)[C@H]1OC,CC[C@H]1OC(=O)C[C@@H](O)[C@H](C)[C@@H](O[C@@H]2O[C@H](C)[C@@H](O[C@H]3C[C@@](C)(OC(=O)CC(N)CCCN)[C@@H](O)[C@H](C)O3)[C@H](N(C)C)[C@H]2O)[C@@H](CC=O)C[C@@H](C)C(=O)/C=C/C(C)=C/[C@@H]1CO[C@@H]1O[C@H](C)[C@@H](O)[C@@H](OC)[C@H]1OC,TRUE,,-0.665
tylosin,Tylosin (Ì©ÀÖ¾úËØ),REF_TYLOSIN,repository_reference,O40_attached_to_C33,40,33,C,MPM01164,2-Oxo-6-aminocaproate,NCCCCC(=O)C(=O)O,1,CC[C@H]1OC(=O)C[C@@H](O)[C@H](C)[C@@H](O[C@@H]2O[C@H](C)[C@@H](O[C@H]3C[C@@](C)(OC(=O)C(=O)CCCCN)[C@@H](O)[C@H](C)O3)[C@H](N(C)C)[C@H]2O)[C@@H](CC=O)C[C@@H](C)C(=O)/C=C/C(C)=C/[C@@H]1CO[C@@H]1O[C@H](C)[C@@H](O)[C@@H](OC)[C@H]1OC,CC[C@H]1OC(=O)C[C@@H](O)[C@H](C)[C@@H](O[C@@H]2O[C@H](C)[C@@H](O[C@H]3C[C@@](C)(OC(=O)C(=O)CCCCN)[C@@H](O)[C@H](C)O3)[C@H](N(C)C)[C@H]2O)[C@@H](CC=O)C[C@@H](C)C(=O)/C=C/C(C)=C/[C@@H]1CO[C@@H]1O[C@H](C)[C@@H](O)[C@@H](OC)[C@H]1OC,TRUE,,-0.581
tylosin,Tylosin (Ì©ÀÖ¾úËØ),REF_TYLOSIN,repository_reference,O40_attached_to_C33,40,33,C,MPM00184,"2,6-Diaminohexanoic acid",NCCCCC(N)C(=O)O,1,CC[C@H]1OC(=O)C[C@@H](O)[C@H](C)[C@@H](O[C@@H]2O[C@H](C)[C@@H](O[C@H]3C[C@@](C)(OC(=O)C(N)CCCCN)[C@@H](O)[C@H](C)O3)[C@H](N(C)C)[C@H]2O)[C@@H](CC=O)C[C@@H](C)C(=O)/C=C/C(C)=C/[C@@H]1CO[C@@H]1O[C@H](C)[C@@H](O)[C@@H](OC)[C@H]1OC,CC[C@H]1OC(=O)C[C@@H](O)[C@H](C)[C@@H](O[C@@H]2O[C@H](C)[C@@H](O[C@H]3C[C@@](C)(OC(=O)C(N)CCCCN)[C@@H](O)[C@H](C)O3)[C@H](N(C)C)[C@H]2O)[C@@H](CC=O)C[C@@H](C)C(=O)/C=C/C(C)=C/[C@@H]1CO[C@@H]1O[C@H](C)[C@@H](O)[C@@H](OC)[C@H]1OC,TRUE,,-0.474
tylosin,Tylosin (Ì©ÀÖ¾úËØ),REF_TYLOSIN,repository_reference,O40_attached_to_C33,40,33,C,MPM00373,5-Amino-1-(5-phospho-D-ribosyl)imidazole-4-carboxylate,Nc1c(C(=O)O)ncn1C1OC(COP(=O)(O)O)C(O)C1O,1,CC[C@H]1OC(=O)C[C@@H](O)[C@H](C)[C@@H](O[C@@H]2O[C@H](C)[C@@H](O[C@H]3C[C@@](C)(OC(=O)c4ncn(C5OC(COP(=O)(O)O)C(O)C5O)c4N)[C@@H](O)[C@H](C)O3)[C@H](N(C)C)[C@H]2O)[C@@H](CC=O)C[C@@H](C)C(=O)/C=C/C(C)=C/[C@@H]1CO[C@@H]1O[C@H](C)[C@@H](O)[C@@H](OC)[C@H]1OC,CC[C@H]1OC(=O)C[C@@H](O)[C@H](C)[C@@H](O[C@@H]2O[C@H](C)[C@@H](O[C@H]3C[C@@](C)(OC(=O)c4ncn(C5OC(COP(=O)(O)O)C(O)C5O)c4N)[C@@H](O)[C@H](C)O3)[C@H](N(C)C)[C@H]2O)[C@@H](CC=O)C[C@@H](C)C(=O)/C=C/C(C)=C/[C@@H]1CO[C@@H]1O[C@H](C)[C@@H](O)[C@@H](OC)[C@H]1OC,TRUE,,-3.417
tylosin,Tylosin (Ì©ÀÖ¾úËØ),REF_TYLOSIN,repository_reference,O40_attached_to_C33,40,33,C,MPM00854,p-Aminobenzoate,Nc1ccc(C(=O)O)cc1,1,CC[C@H]1OC(=O)C[C@@H](O)[C@H](C)[C@@H](O[C@@H]2O[C@H](C)[C@@H](O[C@H]3C[C@@](C)(OC(=O)c4ccc(N)cc4)[C@@H](O)[C@H](C)O3)[C@H](N(C)C)[C@H]2O)[C@@H](CC=O)C[C@@H](C)C(=O)/C=C/C(C)=C/[C@@H]1CO[C@@H]1O[C@H](C)[C@@H](O)[C@@H](OC)[C@H]1OC,CC[C@H]1OC(=O)C[C@@H](O)[C@H](C)[C@@H](O[C@@H]2O[C@H](C)[C@@H](O[C@H]3C[C@@](C)(OC(=O)c4ccc(N)cc4)[C@@H](O)[C@H](C)O3)[C@H](N(C)C)[C@H]2O)[C@@H](CC=O)C[C@@H](C)C(=O)/C=C/C(C)=C/[C@@H]1CO[C@@H]1O[C@H](C)[C@@H](O)[C@@H](OC)[C@H]1OC,TRUE,,-0.497
tylosin,Tylosin (Ì©ÀÖ¾úËØ),REF_TYLOSIN,repository_reference,O40_attached_to_C33,40,33,C,MPM00406,"7,8-Dihydropteroate",Nc1nc2c(c(=O)[nH]1)N=C(CNc1ccc(C(=O)O)cc1)CN2,1,CC[C@H]1OC(=O)C[C@@H](O)[C@H](C)[C@@H](O[C@@H]2O[C@H](C)[C@@H](O[C@H]3C[C@@](C)(OC(=O)c4ccc(NCC5=Nc6c(nc(N)[nH]c6=O)NC5)cc4)[C@@H](O)[C@H](C)O3)[C@H](N(C)C)[C@H]2O)[C@@H](CC=O)C[C@@H](C)C(=O)/C=C/C(C)=C/[C@@H]1CO[C@@H]1O[C@H](C)[C@@H](O)[C@@H](OC)[C@H]1OC,CC[C@H]1OC(=O)C[C@@H](O)[C@H](C)[C@@H](O[C@@H]2O[C@H](C)[C@@H](O[C@H]3C[C@@](C)(OC(=O)c4ccc(NCC5=Nc6c(nc(N)[nH]c6=O)NC5)cc4)[C@@H](O)[C@H](C)O3)[C@H](N(C)C)[C@H]2O)[C@@H](CC=O)C[C@@H](C)C(=O)/C=C/C(C)=C/[C@@H]1CO[C@@H]1O[C@H](C)[C@@H](O)[C@@H](OC)[C@H]1OC,TRUE,,-1.066
tylosin,Tylosin (Ì©ÀÖ¾úËØ),REF_TYLOSIN,repository_reference,O40_attached_to_C33,40,33,C,MPM00938,Se-Adenosylselenohomocysteine,Nc1ncnc2c1ncn2C1OC(C[Se]CCC(N)C(=O)O)C(O)C1O,1,CC[C@H]1OC(=O)C[C@@H](O)[C@H](C)[C@@H](O[C@@H]2O[C@H](C)[C@@H](O[C@H]3C[C@@](C)(OC(=O)C(N)CC[Se]CC4OC(n5cnc6c(N)ncnc65)C(O)C4O)[C@@H](O)[C@H](C)O3)[C@H](N(C)C)[C@H]2O)[C@@H](CC=O)C[C@@H](C)C(=O)/C=C/C(C)=C/[C@@H]1CO[C@@H]1O[C@H](C)[C@@H](O)[C@@H](OC)[C@H]1OC,CC[C@H]1OC(=O)C[C@@H](O)[C@H](C)[C@@H](O[C@@H]2O[C@H](C)[C@@H](O[C@H]3C[C@@](C)(OC(=O)C(N)CC[Se]CC4OC(n5cnc6c(N)ncnc65)C(O)C4O)[C@@H](O)[C@H](C)O3)[C@H](N(C)C)[C@H]2O)[C@@H](CC=O)C[C@@H](C)C(=O)/C=C/C(C)=C/[C@@H]1CO[C@@H]1O[C@H](C)[C@@H](O)[C@@H](OC)[C@H]1OC,TRUE,,-3.622
tylosin,Tylosin (Ì©ÀÖ¾úËØ),REF_TYLOSIN,repository_reference,O40_attached_to_C33,40,33,C,MPM00210,2-Dehydro-3-deoxy-D-galactonate,O=C(O)C(=O)CC(O)C(O)CO,1,CC[C@H]1OC(=O)C[C@@H](O)[C@H](C)[C@@H](O[C@@H]2O[C@H](C)[C@@H](O[C@H]3C[C@@](C)(OC(=O)C(=O)CC(O)C(O)CO)[C@@H](O)[C@H](C)O3)[C@H](N(C)C)[C@H]2O)[C@@H](CC=O)C[C@@H](C)C(=O)/C=C/C(C)=C/[C@@H]1CO[C@@H]1O[C@H](C)[C@@H](O)[C@@H](OC)[C@H]1OC,CC[C@H]1OC(=O)C[C@@H](O)[C@H](C)[C@@H](O[C@@H]2O[C@H](C)[C@@H](O[C@H]3C[C@@](C)(OC(=O)C(=O)CC(O)C(O)CO)[C@@H](O)[C@H](C)O3)[C@H](N(C)C)[C@H]2O)[C@@H](CC=O)C[C@@H](C)C(=O)/C=C/C(C)=C/[C@@H]1CO[C@@H]1O[C@H](C)[C@@H](O)[C@@H](OC)[C@H]1OC,TRUE,,-1.309
tylosin,Tylosin (Ì©ÀÖ¾úËØ),REF_TYLOSIN,repository_reference,O40_attached_to_C33,40,33,C,MPM00212,2-Dehydro-3-deoxy-D-gluconate 6-phosphate,O=C(O)C(=O)CC(O)C(O)COP(=O)(O)O,1,CC[C@H]1OC(=O)C[C@@H](O)[C@H](C)[C@@H](O[C@@H]2O[C@H](C)[C@@H](O[C@H]3C[C@@](C)(OC(=O)C(=O)CC(O)C(O)COP(=O)(O)O)[C@@H](O)[C@H](C)O3)[C@H](N(C)C)[C@H]2O)[C@@H](CC=O)C[C@@H](C)C(=O)/C=C/C(C)=C/[C@@H]1CO[C@@H]1O[C@H](C)[C@@H](O)[C@@H](OC)[C@H]1OC,CC[C@H]1OC(=O)C[C@@H](O)[C@H](C)[C@@H](O[C@@H]2O[C@H](C)[C@@H](O[C@H]3C[C@@](C)(OC(=O)C(=O)CC(O)C(O)COP(=O)(O)O)[C@@H](O)[C@H](C)O3)[C@H](N(C)C)[C@H]2O)[C@@H](CC=O)C[C@@H](C)C(=O)/C=C/C(C)=C/[C@@H]1CO[C@@H]1O[C@H](C)[C@@H](O)[C@@H](OC)[C@H]1OC,TRUE,,-1.479
tylosin,Tylosin (Ì©ÀÖ¾úËØ),REF_TYLOSIN,repository_reference,O40_attached_to_C33,40,33,C,MPM00304,3-Hydroxypyruvic acid,O=C(O)C(=O)CO,1,CC[C@H]1OC(=O)C[C@@H](O)[C@H](C)[C@@H](O[C@@H]2O[C@H](C)[C@@H](O[C@H]3C[C@@](C)(OC(=O)C(=O)CO)[C@@H](O)[C@H](C)O3)[C@H](N(C)C)[C@H]2O)[C@@H](CC=O)C[C@@H](C)C(=O)/C=C/C(C)=C/[C@@H]1CO[C@@H]1O[C@H](C)[C@@H](O)[C@@H](OC)[C@H]1OC,CC[C@H]1OC(=O)C[C@@H](O)[C@H](C)[C@@H](O[C@@H]2O[C@H](C)[C@@H](O[C@H]3C[C@@](C)(OC(=O)C(=O)CO)[C@@H](O)[C@H](C)O3)[C@H](N(C)C)[C@H]2O)[C@@H](CC=O)C[C@@H](C)C(=O)/C=C/C(C)=C/[C@@H]1CO[C@@H]1O[C@H](C)[C@@H](O)[C@@H](OC)[C@H]1OC,TRUE,,-0.4
tylosin,Tylosin (Ì©ÀÖ¾úËØ),REF_TYLOSIN,repository_reference,O40_attached_to_C33,40,33,C,MPM00897,p-Hydroxyphenylpyruvic acid,O=C(O)C(=O)Cc1ccc(O)cc1,1,CC[C@H]1OC(=O)C[C@@H](O)[C@H](C)[C@@H](O[C@@H]2O[C@H](C)[C@@H](O[C@H]3C[C@@](C)(OC(=O)C(=O)Cc4ccc(O)cc4)[C@@H](O)[C@H](C)O3)[C@H](N(C)C)[C@H]2O)[C@@H](CC=O)C[C@@H](C)C(=O)/C=C/C(C)=C/[C@@H]1CO[C@@H]1O[C@H](C)[C@@H](O)[C@@H](OC)[C@H]1OC,CC[C@H]1OC(=O)C[C@@H](O)[C@H](C)[C@@H](O[C@@H]2O[C@H](C)[C@@H](O[C@H]3C[C@@](C)(OC(=O)C(=O)Cc4ccc(O)cc4)[C@@H](O)[C@H](C)O3)[C@H](N(C)C)[C@H]2O)[C@@H](CC=O)C[C@@H](C)C(=O)/C=C/C(C)=C/[C@@H]1CO[C@@H]1O[C@H](C)[C@@H](O)[C@@H](OC)[C@H]1OC,TRUE,,-0.463
tylosin,Tylosin (Ì©ÀÖ¾úËØ),REF_TYLOSIN,repository_reference,O40_attached_to_C33,40,33,C,MPM00253,2-Oxo-3-phenylpropanoate,O=C(O)C(=O)Cc1ccccc1,1,CC[C@H]1OC(=O)C[C@@H](O)[C@H](C)[C@@H](O[C@@H]2O[C@H](C)[C@@H](O[C@H]3C[C@@](C)(OC(=O)C(=O)Cc4ccccc4)[C@@H](O)[C@H](C)O3)[C@H](N(C)C)[C@H]2O)[C@@H](CC=O)C[C@@H](C)C(=O)/C=C/C(C)=C/[C@@H]1CO[C@@H]1O[C@H](C)[C@@H](O)[C@@H](OC)[C@H]1OC,CC[C@H]1OC(=O)C[C@@H](O)[C@H](C)[C@@H](O[C@@H]2O[C@H](C)[C@@H](O[C@H]3C[C@@](C)(OC(=O)C(=O)Cc4ccccc4)[C@@H](O)[C@H](C)O3)[C@H](N(C)C)[C@H]2O)[C@@H](CC=O)C[C@@H](C)C(=O)/C=C/C(C)=C/[C@@H]1CO[C@@H]1O[C@H](C)[C@@H](O)[C@@H](OC)[C@H]1OC,TRUE,,-0.829
tylosin,Tylosin (Ì©ÀÖ¾úËØ),REF_TYLOSIN,repository_reference,O40_attached_to_C33,40,33,C,MPM00249,2-O-(alpha-D-Mannopyranosyl)-D-glycerate,O=C(O)C(CO)OC1OC(CO)C(O)C(O)C1O,1,CC[C@H]1OC(=O)C[C@@H](O)[C@H](C)[C@@H](O[C@@H]2O[C@H](C)[C@@H](O[C@H]3C[C@@](C)(OC(=O)C(CO)OC4OC(CO)C(O)C(O)C4O)[C@@H](O)[C@H](C)O3)[C@H](N(C)C)[C@H]2O)[C@@H](CC=O)C[C@@H](C)C(=O)/C=C/C(C)=C/[C@@H]1CO[C@@H]1O[C@H](C)[C@@H](O)[C@@H](OC)[C@H]1OC,CC[C@H]1OC(=O)C[C@@H](O)[C@H](C)[C@@H](O[C@@H]2O[C@H](C)[C@@H](O[C@H]3C[C@@](C)(OC(=O)C(CO)OC4OC(CO)C(O)C(O)C4O)[C@@H](O)[C@H](C)O3)[C@H](N(C)C)[C@H]2O)[C@@H](CC=O)C[C@@H](C)C(=O)/C=C/C(C)=C/[C@@H]1CO[C@@H]1O[C@H](C)[C@@H](O)[C@@H](OC)[C@H]1OC,TRUE,,-2.038
tylosin,Tylosin (Ì©ÀÖ¾úËØ),REF_TYLOSIN,repository_reference,O40_attached_to_C33,40,33,C,MPM00248,2-O-(6-Phospho-alpha-D-mannosyl)-D-glycerate,O=C(O)C(CO)OC1OC(COP(=O)(O)O)C(O)C(O)C1O,1,CC[C@H]1OC(=O)C[C@@H](O)[C@H](C)[C@@H](O[C@@H]2O[C@H](C)[C@@H](O[C@H]3C[C@@](C)(OC(=O)C(CO)OC4OC(COP(=O)(O)O)C(O)C(O)C4O)[C@@H](O)[C@H](C)O3)[C@H](N(C)C)[C@H]2O)[C@@H](CC=O)C[C@@H](C)C(=O)/C=C/C(C)=C/[C@@H]1CO[C@@H]1O[C@H](C)[C@@H](O)[C@@H](OC)[C@H]1OC,CC[C@H]1OC(=O)C[C@@H](O)[C@H](C)[C@@H](O[C@@H]2O[C@H](C)[C@@H](O[C@H]3C[C@@](C)(OC(=O)C(CO)OC4OC(COP(=O)(O)O)C(O)C(O)C4O)[C@@H](O)[C@H](C)O3)[C@H](N(C)C)[C@H]2O)[C@@H](CC=O)C[C@@H](C)C(=O)/C=C/C(C)=C/[C@@H]1CO[C@@H]1O[C@H](C)[C@@H](O)[C@@H](OC)[C@H]1OC,TRUE,,-2.199
tylosin,Tylosin (Ì©ÀÖ¾úËØ),REF_TYLOSIN,repository_reference,O40_attached_to_C33,40,33,C,MPM00262,2-Phospho-(R)-glycerate,O=C(O)C(CO)OP(=O)(O)O,1,CC[C@H]1OC(=O)C[C@@H](O)[C@H](C)[C@@H](O[C@@H]2O[C@H](C)[C@@H](O[C@H]3C[C@@](C)(OC(=O)C(CO)OP(=O)(O)O)[C@@H](O)[C@H](C)O3)[C@H](N(C)C)[C@H]2O)[C@@H](CC=O)C[C@@H](C)C(=O)/C=C/C(C)=C/[C@@H]1CO[C@@H]1O[C@H](C)[C@@H](O)[C@@H](OC)[C@H]1OC,CC[C@H]1OC(=O)C[C@@H](O)[C@H](C)[C@@H](O[C@@H]2O[C@H](C)[C@@H](O[C@H]3C[C@@](C)(OC(=O)C(CO)OP(=O)(O)O)[C@@H](O)[C@H](C)O3)[C@H](N(C)C)[C@H]2O)[C@@H](CC=O)C[C@@H](C)C(=O)/C=C/C(C)=C/[C@@H]1CO[C@@H]1O[C@H](C)[C@@H](O)[C@@H](OC)[C@H]1OC,TRUE,,-1.258
tylosin,Tylosin (Ì©ÀÖ¾úËØ),REF_TYLOSIN,repository_reference,O40_attached_to_C33,40,33,C,MPM00380,5-Dehydrogluconate,O=C(O)C(O)C(O)C(O)C(=O)CO,1,CC[C@H]1OC(=O)C[C@@H](O)[C@H](C)[C@@H](O[C@@H]2O[C@H](C)[C@@H](O[C@H]3C[C@@](C)(OC(=O)C(O)C(O)C(O)C(=O)CO)[C@@H](O)[C@H](C)O3)[C@H](N(C)C)[C@H]2O)[C@@H](CC=O)C[C@@H](C)C(=O)/C=C/C(C)=C/[C@@H]1CO[C@@H]1O[C@H](C)[C@@H](O)[C@@H](OC)[C@H]1OC,CC[C@H]1OC(=O)C[C@@H](O)[C@H](C)[C@@H](O[C@@H]2O[C@H](C)[C@@H](O[C@H]3C[C@@](C)(OC(=O)C(O)C(O)C(O)C(=O)CO)[C@@H](O)[C@H](C)O3)[C@H](N(C)C)[C@H]2O)[C@@H](CC=O)C[C@@H](C)C(=O)/C=C/C(C)=C/[C@@H]1CO[C@@H]1O[C@H](C)[C@@H](O)[C@@H](OC)[C@H]1OC,TRUE,,-1.361
tylosin,Tylosin (Ì©ÀÖ¾úËØ),REF_TYLOSIN,repository_reference,O40_attached_to_C33,40,33,C,MPM00547,D-Altronate,O=C(O)C(O)C(O)C(O)C(O)CO,1,CC[C@H]1OC(=O)C[C@@H](O)[C@H](C)[C@@H](O[C@@H]2O[C@H](C)[C@@H](O[C@H]3C[C@@](C)(OC(=O)C(O)C(O)C(O)C(O)CO)[C@@H](O)[C@H](C)O3)[C@H](N(C)C)[C@H]2O)[C@@H](CC=O)C[C@@H](C)C(=O)/C=C/C(C)=C/[C@@H]1CO[C@@H]1O[C@H](C)[C@@H](O)[C@@H](OC)[C@H]1OC,CC[C@H]1OC(=O)C[C@@H](O)[C@H](C)[C@@H](O[C@@H]2O[C@H](C)[C@@H](O[C@H]3C[C@@](C)(OC(=O)C(O)C(O)C(O)C(O)CO)[C@@H](O)[C@H](C)O3)[C@H](N(C)C)[C@H]2O)[C@@H](CC=O)C[C@@H](C)C(=O)/C=C/C(C)=C/[C@@H]1CO[C@@H]1O[C@H](C)[C@@H](O)[C@@H](OC)[C@H]1OC,TRUE,,-1.715
tylosin,Tylosin (Ì©ÀÖ¾úËØ),REF_TYLOSIN,repository_reference,O40_attached_to_C33,40,33,C,MPM00401,6-Phospho-D-gluconate,O=C(O)C(O)C(O)C(O)C(O)COP(=O)(O)O,1,CC[C@H]1OC(=O)C[C@@H](O)[C@H](C)[C@@H](O[C@@H]2O[C@H](C)[C@@H](O[C@H]3C[C@@](C)(OC(=O)C(O)C(O)C(O)C(O)COP(=O)(O)O)[C@@H](O)[C@H](C)O3)[C@H](N(C)C)[C@H]2O)[C@@H](CC=O)C[C@@H](C)C(=O)/C=C/C(C)=C/[C@@H]1CO[C@@H]1O[C@H](C)[C@@H](O)[C@@H](OC)[C@H]1OC,CC[C@H]1OC(=O)C[C@@H](O)[C@H](C)[C@@H](O[C@@H]2O[C@H](C)[C@@H](O[C@H]3C[C@@](C)(OC(=O)C(O)C(O)C(O)C(O)COP(=O)(O)O)[C@@H](O)[C@H](C)O3)[C@H](N(C)C)[C@H]2O)[C@@H](CC=O)C[C@@H](C)C(=O)/C=C/C(C)=C/[C@@H]1CO[C@@H]1O[C@H](C)[C@@H](O)[C@@H](OC)[C@H]1OC,TRUE,,-1.886
tylosin,Tylosin (Ì©ÀÖ¾úËØ),REF_TYLOSIN,repository_reference,O40_attached_to_C33,40,33,C,MPM00666,Glyceric acid,O=C(O)C(O)CO,1,CC[C@H]1OC(=O)C[C@@H](O)[C@H](C)[C@@H](O[C@@H]2O[C@H](C)[C@@H](O[C@H]3C[C@@](C)(OC(=O)C(O)CO)[C@@H](O)[C@H](C)O3)[C@H](N(C)C)[C@H]2O)[C@@H](CC=O)C[C@@H](C)C(=O)/C=C/C(C)=C/[C@@H]1CO[C@@H]1O[C@H](C)[C@@H](O)[C@@H](OC)[C@H]1OC,CC[C@H]1OC(=O)C[C@@H](O)[C@H](C)[C@@H](O[C@@H]2O[C@H](C)[C@@H](O[C@H]3C[C@@](C)(OC(=O)C(O)CO)[C@@H](O)[C@H](C)O3)[C@H](N(C)C)[C@H]2O)[C@@H](CC=O)C[C@@H](C)C(=O)/C=C/C(C)=C/[C@@H]1CO[C@@H]1O[C@H](C)[C@@H](O)[C@@H](OC)[C@H]1OC,TRUE,,-0.89
tylosin,Tylosin (Ì©ÀÖ¾úËØ),REF_TYLOSIN,repository_reference,O40_attached_to_C33,40,33,C,MPM00324,3-Phosphoglycerate,O=C(O)C(O)COP(=O)(O)O,1,CC[C@H]1OC(=O)C[C@@H](O)[C@H](C)[C@@H](O[C@@H]2O[C@H](C)[C@@H](O[C@H]3C[C@@](C)(OC(=O)C(O)COP(=O)(O)O)[C@@H](O)[C@H](C)O3)[C@H](N(C)C)[C@H]2O)[C@@H](CC=O)C[C@@H](C)C(=O)/C=C/C(C)=C/[C@@H]1CO[C@@H]1O[C@H](C)[C@@H](O)[C@@H](OC)[C@H]1OC,CC[C@H]1OC(=O)C[C@@H](O)[C@H](C)[C@@H](O[C@@H]2O[C@H](C)[C@@H](O[C@H]3C[C@@](C)(OC(=O)C(O)COP(=O)(O)O)[C@@H](O)[C@H](C)O3)[C@H](N(C)C)[C@H]2O)[C@@H](CC=O)C[C@@H](C)C(=O)/C=C/C(C)=C/[C@@H]1CO[C@@H]1O[C@H](C)[C@@H](O)[C@@H](OC)[C@H]1OC,TRUE,,-1.06
tylosin,Tylosin (Ì©ÀÖ¾úËØ),REF_TYLOSIN,repository_reference,O40_attached_to_C33,40,33,C,MPM00001,(-)-Quinic acid,O=C(O)C1(O)CC(O)C(O)C(O)C1,1,CC[C@H]1OC(=O)C[C@@H](O)[C@H](C)[C@@H](O[C@@H]2O[C@H](C)[C@@H](O[C@H]3C[C@@](C)(OC(=O)C4(O)CC(O)C(O)C(O)C4)[C@@H](O)[C@H](C)O3)[C@H](N(C)C)[C@H]2O)[C@@H](CC=O)C[C@@H](C)C(=O)/C=C/C(C)=C/[C@@H]1CO[C@@H]1O[C@H](C)[C@@H](O)[C@@H](OC)[C@H]1OC,CC[C@H]1OC(=O)C[C@@H](O)[C@H](C)[C@@H](O[C@@H]2O[C@H](C)[C@@H](O[C@H]3C[C@@](C)(OC(=O)C4(O)CC(O)C(O)C(O)C4)[C@@H](O)[C@H](C)O3)[C@H](N(C)C)[C@H]2O)[C@@H](CC=O)C[C@@H](C)C(=O)/C=C/C(C)=C/[C@@H]1CO[C@@H]1O[C@H](C)[C@@H](O)[C@@H](OC)[C@H]1OC,TRUE,,-1.983
tylosin,Tylosin (Ì©ÀÖ¾úËØ),REF_TYLOSIN,repository_reference,O40_attached_to_C33,40,33,C,MPM00283,3-Dehydroshikimate,O=C(O)C1=CC(=O)C(O)C(O)C1,1,CC[C@H]1OC(=O)C[C@@H](O)[C@H](C)[C@@H](O[C@@H]2O[C@H](C)[C@@H](O[C@H]3C[C@@](C)(OC(=O)C4=CC(=O)C(O)C(O)C4)[C@@H](O)[C@H](C)O3)[C@H](N(C)C)[C@H]2O)[C@@H](CC=O)C[C@@H](C)C(=O)/C=C/C(C)=C/[C@@H]1CO[C@@H]1O[C@H](C)[C@@H](O)[C@@H](OC)[C@H]1OC,CC[C@H]1OC(=O)C[C@@H](O)[C@H](C)[C@@H](O[C@@H]2O[C@H](C)[C@@H](O[C@H]3C[C@@](C)(OC(=O)C4=CC(=O)C(O)C(O)C4)[C@@H](O)[C@H](C)O3)[C@H](N(C)C)[C@H]2O)[C@@H](CC=O)C[C@@H](C)C(=O)/C=C/C(C)=C/[C@@H]1CO[C@@H]1O[C@H](C)[C@@H](O)[C@@H](OC)[C@H]1OC,TRUE,,-1.1
tylosin,Tylosin (Ì©ÀÖ¾úËØ),REF_TYLOSIN,repository_reference,O40_attached_to_C33,40,33,C,MPM00269,"3,4,5-Trihydroxy-1-cyclohexenecarboxylic acid",O=C(O)C1=CC(O)C(O)C(O)C1,1,CC[C@H]1OC(=O)C[C@@H](O)[C@H](C)[C@@H](O[C@@H]2O[C@H](C)[C@@H](O[C@H]3C[C@@](C)(OC(=O)C4=CC(O)C(O)C(O)C4)[C@@H](O)[C@H](C)O3)[C@H](N(C)C)[C@H]2O)[C@@H](CC=O)C[C@@H](C)C(=O)/C=C/C(C)=C/[C@@H]1CO[C@@H]1O[C@H](C)[C@@H](O)[C@@H](OC)[C@H]1OC,CC[C@H]1OC(=O)C[C@@H](O)[C@H](C)[C@@H](O[C@@H]2O[C@H](C)[C@@H](O[C@H]3C[C@@](C)(OC(=O)C4=CC(O)C(O)C(O)C4)[C@@H](O)[C@H](C)O3)[C@H](N(C)C)[C@H]2O)[C@@H](CC=O)C[C@@H](C)C(=O)/C=C/C(C)=C/[C@@H]1CO[C@@H]1O[C@H](C)[C@@H](O)[C@@H](OC)[C@H]1OC,TRUE,,-1.453
tylosin,Tylosin (Ì©ÀÖ¾úËØ),REF_TYLOSIN,repository_reference,O40_attached_to_C33,40,33,C,MPM00160,1-pyrroline-2-carboxylic acid zwitterion,O=C(O)C1=NCCC1,1,CC[C@H]1OC(=O)C[C@@H](O)[C@H](C)[C@@H](O[C@@H]2O[C@H](C)[C@@H](O[C@H]3C[C@@](C)(OC(=O)C4=NCCC4)[C@@H](O)[C@H](C)O3)[C@H](N(C)C)[C@H]2O)[C@@H](CC=O)C[C@@H](C)C(=O)/C=C/C(C)=C/[C@@H]1CO[C@@H]1O[C@H](C)[C@@H](O)[C@@H](OC)[C@H]1OC,CC[C@H]1OC(=O)C[C@@H](O)[C@H](C)[C@@H](O[C@@H]2O[C@H](C)[C@@H](O[C@H]3C[C@@](C)(OC(=O)C4=NCCC4)[C@@H](O)[C@H](C)O3)[C@H](N(C)C)[C@H]2O)[C@@H](CC=O)C[C@@H](C)C(=O)/C=C/C(C)=C/[C@@H]1CO[C@@H]1O[C@H](C)[C@@H](O)[C@@H](OC)[C@H]1OC,TRUE,,-1.128
tylosin,Tylosin (Ì©ÀÖ¾úËØ),REF_TYLOSIN,repository_reference,O40_attached_to_C33,40,33,C,MPM01116,1-Piperideine-2-carboxylate,O=C(O)C1=NCCCC1,1,CC[C@H]1OC(=O)C[C@@H](O)[C@H](C)[C@@H](O[C@@H]2O[C@H](C)[C@@H](O[C@H]3C[C@@](C)(OC(=O)C4=NCCCC4)[C@@H](O)[C@H](C)O3)[C@H](N(C)C)[C@H]2O)[C@@H](CC=O)C[C@@H](C)C(=O)/C=C/C(C)=C/[C@@H]1CO[C@@H]1O[C@H](C)[C@@H](O)[C@@H](OC)[C@H]1OC,CC[C@H]1OC(=O)C[C@@H](O)[C@H](C)[C@@H](O[C@@H]2O[C@H](C)[C@@H](O[C@H]3C[C@@](C)(OC(=O)C4=NCCCC4)[C@@H](O)[C@H](C)O3)[C@H](N(C)C)[C@H]2O)[C@@H](CC=O)C[C@@H](C)C(=O)/C=C/C(C)=C/[C@@H]1CO[C@@H]1O[C@H](C)[C@@H](O)[C@@H](OC)[C@H]1OC,TRUE,,-1.142
tylosin,Tylosin (Ì©ÀÖ¾úËØ),REF_TYLOSIN,repository_reference,O40_attached_to_C33,40,33,C,MPM00047,"(3R,5S)-3-Hydroxy-1-pyrroline-5-carboxylate",O=C(O)C1CC(O)C=N1,1,CC[C@H]1OC(=O)C[C@@H](O)[C@H](C)[C@@H](O[C@@H]2O[C@H](C)[C@@H](O[C@H]3C[C@@](C)(OC(=O)C4CC(O)C=N4)[C@@H](O)[C@H](C)O3)[C@H](N(C)C)[C@H]2O)[C@@H](CC=O)C[C@@H](C)C(=O)/C=C/C(C)=C/[C@@H]1CO[C@@H]1O[C@H](C)[C@@H](O)[C@@H](OC)[C@H]1OC,CC[C@H]1OC(=O)C[C@@H](O)[C@H](C)[C@@H](O[C@@H]2O[C@H](C)[C@@H](O[C@H]3C[C@@](C)(OC(=O)C4CC(O)C=N4)[C@@H](O)[C@H](C)O3)[C@H](N(C)C)[C@H]2O)[C@@H](CC=O)C[C@@H](C)C(=O)/C=C/C(C)=C/[C@@H]1CO[C@@H]1O[C@H](C)[C@@H](O)[C@@H](OC)[C@H]1OC,TRUE,,-1.718
tylosin,Tylosin (Ì©ÀÖ¾úËØ),REF_TYLOSIN,repository_reference,O40_attached_to_C33,40,33,C,MPM00521,cis-4-Hydroxy-D-proline,O=C(O)C1CC(O)CN1,1,CC[C@H]1OC(=O)C[C@@H](O)[C@H](C)[C@@H](O[C@@H]2O[C@H](C)[C@@H](O[C@H]3C[C@@](C)(OC(=O)C4CC(O)CN4)[C@@H](O)[C@H](C)O3)[C@H](N(C)C)[C@H]2O)[C@@H](CC=O)C[C@@H](C)C(=O)/C=C/C(C)=C/[C@@H]1CO[C@@H]1O[C@H](C)[C@@H](O)[C@@H](OC)[C@H]1OC,CC[C@H]1OC(=O)C[C@@H](O)[C@H](C)[C@@H](O[C@@H]2O[C@H](C)[C@@H](O[C@H]3C[C@@](C)(OC(=O)C4CC(O)CN4)[C@@H](O)[C@H](C)O3)[C@H](N(C)C)[C@H]2O)[C@@H](CC=O)C[C@@H](C)C(=O)/C=C/C(C)=C/[C@@H]1CO[C@@H]1O[C@H](C)[C@@H](O)[C@@H](OC)[C@H]1OC,TRUE,,-1.084
tylosin,Tylosin (Ì©ÀÖ¾úËØ),REF_TYLOSIN,repository_reference,O40_attached_to_C33,40,33,C,MPM00162,1-Pyrroline-5-carboxylate,O=C(O)C1CCC=N1,1,CC[C@H]1OC(=O)C[C@@H](O)[C@H](C)[C@@H](O[C@@H]2O[C@H](C)[C@@H](O[C@H]3C[C@@](C)(OC(=O)C4CCC=N4)[C@@H](O)[C@H](C)O3)[C@H](N(C)C)[C@H]2O)[C@@H](CC=O)C[C@@H](C)C(=O)/C=C/C(C)=C/[C@@H]1CO[C@@H]1O[C@H](C)[C@@H](O)[C@@H](OC)[C@H]1OC,CC[C@H]1OC(=O)C[C@@H](O)[C@H](C)[C@@H](O[C@@H]2O[C@H](C)[C@@H](O[C@H]3C[C@@](C)(OC(=O)C4CCC=N4)[C@@H](O)[C@H](C)O3)[C@H](N(C)C)[C@H]2O)[C@@H](CC=O)C[C@@H](C)C(=O)/C=C/C(C)=C/[C@@H]1CO[C@@H]1O[C@H](C)[C@@H](O)[C@@H](OC)[C@H]1OC,TRUE,,-1.384
tylosin,Tylosin (Ì©ÀÖ¾úËØ),REF_TYLOSIN,repository_reference,O40_attached_to_C33,40,33,C,MPM00613,D-Proline,O=C(O)C1CCCN1,1,CC[C@H]1OC(=O)C[C@@H](O)[C@H](C)[C@@H](O[C@@H]2O[C@H](C)[C@@H](O[C@H]3C[C@@](C)(OC(=O)C4CCCN4)[C@@H](O)[C@H](C)O3)[C@H](N(C)C)[C@H]2O)[C@@H](CC=O)C[C@@H](C)C(=O)/C=C/C(C)=C/[C@@H]1CO[C@@H]1O[C@H](C)[C@@H](O)[C@@H](OC)[C@H]1OC,CC[C@H]1OC(=O)C[C@@H](O)[C@H](C)[C@@H](O[C@@H]2O[C@H](C)[C@@H](O[C@H]3C[C@@](C)(OC(=O)C4CCCN4)[C@@H](O)[C@H](C)O3)[C@H](N(C)C)[C@H]2O)[C@@H](CC=O)C[C@@H](C)C(=O)/C=C/C(C)=C/[C@@H]1CO[C@@H]1O[C@H](C)[C@@H](O)[C@@H](OC)[C@H]1OC,TRUE,,-0.766
tylosin,Tylosin (Ì©ÀÖ¾úËØ),REF_TYLOSIN,repository_reference,O40_attached_to_C33,40,33,C,MPM00575,D-Galacturonic acid,O=C(O)C1OC(O)C(O)C(O)C1O,1,CC[C@H]1OC(=O)C[C@@H](O)[C@H](C)[C@@H](O[C@@H]2O[C@H](C)[C@@H](O[C@H]3C[C@@](C)(OC(=O)C4OC(O)C(O)C(O)C4O)[C@@H](O)[C@H](C)O3)[C@H](N(C)C)[C@H]2O)[C@@H](CC=O)C[C@@H](C)C(=O)/C=C/C(C)=C/[C@@H]1CO[C@@H]1O[C@H](C)[C@@H](O)[C@@H](OC)[C@H]1OC,CC[C@H]1OC(=O)C[C@@H](O)[C@H](C)[C@@H](O[C@@H]2O[C@H](C)[C@@H](O[C@H]3C[C@@](C)(OC(=O)C4OC(O)C(O)C(O)C4O)[C@@H](O)[C@H](C)O3)[C@H](N(C)C)[C@H]2O)[C@@H](CC=O)C[C@@H](C)C(=O)/C=C/C(C)=C/[C@@H]1CO[C@@H]1O[C@H](C)[C@@H](O)[C@@H](OC)[C@H]1OC,TRUE,,-1.781
tylosin,Tylosin (Ì©ÀÖ¾úËØ),REF_TYLOSIN,repository_reference,O40_attached_to_C33,40,33,C,MPM00158,1-Phospho-alpha-D-glucuronate,O=C(O)C1OC(OP(=O)(O)O)C(O)C(O)C1O,1,CC[C@H]1OC(=O)C[C@@H](O)[C@H](C)[C@@H](O[C@@H]2O[C@H](C)[C@@H](O[C@H]3C[C@@](C)(OC(=O)C4OC(OP(=O)(O)O)C(O)C(O)C4O)[C@@H](O)[C@H](C)O3)[C@H](N(C)C)[C@H]2O)[C@@H](CC=O)C[C@@H](C)C(=O)/C=C/C(C)=C/[C@@H]1CO[C@@H]1O[C@H](C)[C@@H](O)[C@@H](OC)[C@H]1OC,CC[C@H]1OC(=O)C[C@@H](O)[C@H](C)[C@@H](O[C@@H]2O[C@H](C)[C@@H](O[C@H]3C[C@@](C)(OC(=O)C4OC(OP(=O)(O)O)C(O)C(O)C4O)[C@@H](O)[C@H](C)O3)[C@H](N(C)C)[C@H]2O)[C@@H](CC=O)C[C@@H](C)C(=O)/C=C/C(C)=C/[C@@H]1CO[C@@H]1O[C@H](C)[C@@H](O)[C@@H](OC)[C@H]1OC,TRUE,,-2.719
tylosin,Tylosin (Ì©ÀÖ¾úËØ),REF_TYLOSIN,repository_reference,O40_attached_to_C33,40,33,C,MPM00009,"(2E)-3-(3,4-Dihydroxyphenyl)prop-2-enoate",O=C(O)C=Cc1ccc(O)c(O)c1,1,CC[C@H]1OC(=O)C[C@@H](O)[C@H](C)[C@@H](O[C@@H]2O[C@H](C)[C@@H](O[C@H]3C[C@@](C)(OC(=O)C=Cc4ccc(O)c(O)c4)[C@@H](O)[C@H](C)O3)[C@H](N(C)C)[C@H]2O)[C@@H](CC=O)C[C@@H](C)C(=O)/C=C/C(C)=C/[C@@H]1CO[C@@H]1O[C@H](C)[C@@H](O)[C@@H](OC)[C@H]1OC,CC[C@H]1OC(=O)C[C@@H](O)[C@H](C)[C@@H](O[C@@H]2O[C@H](C)[C@@H](O[C@H]3C[C@@](C)(OC(=O)C=Cc4ccc(O)c(O)c4)[C@@H](O)[C@H](C)O3)[C@H](N(C)C)[C@H]2O)[C@@H](CC=O)C[C@@H](C)C(=O)/C=C/C(C)=C/[C@@H]1CO[C@@H]1O[C@H](C)[C@@H](O)[C@@H](OC)[C@H]1OC,TRUE,,-0.072
tylosin,Tylosin (Ì©ÀÖ¾úËØ),REF_TYLOSIN,repository_reference,O40_attached_to_C33,40,33,C,MPM00350,4-Hydroxycinnamate,O=C(O)C=Cc1ccc(O)cc1,1,CC[C@H]1OC(=O)C[C@@H](O)[C@H](C)[C@@H](O[C@@H]2O[C@H](C)[C@@H](O[C@H]3C[C@@](C)(OC(=O)C=Cc4ccc(O)cc4)[C@@H](O)[C@H](C)O3)[C@H](N(C)C)[C@H]2O)[C@@H](CC=O)C[C@@H](C)C(=O)/C=C/C(C)=C/[C@@H]1CO[C@@H]1O[C@H](C)[C@@H](O)[C@@H](OC)[C@H]1OC,CC[C@H]1OC(=O)C[C@@H](O)[C@H](C)[C@@H](O[C@@H]2O[C@H](C)[C@@H](O[C@H]3C[C@@](C)(OC(=O)C=Cc4ccc(O)cc4)[C@@H](O)[C@H](C)O3)[C@H](N(C)C)[C@H]2O)[C@@H](CC=O)C[C@@H](C)C(=O)/C=C/C(C)=C/[C@@H]1CO[C@@H]1O[C@H](C)[C@@H](O)[C@@H](OC)[C@H]1OC,TRUE,,0.23
tylosin,Tylosin (Ì©ÀÖ¾úËØ),REF_TYLOSIN,repository_reference,O40_attached_to_C33,40,33,C,MPM00014,(2E)-3-Phenylprop-2-enoate,O=C(O)C=Cc1ccccc1,1,CC[C@H]1OC(=O)C[C@@H](O)[C@H](C)[C@@H](O[C@@H]2O[C@H](C)[C@@H](O[C@H]3C[C@@](C)(OC(=O)C=Cc4ccccc4)[C@@H](O)[C@H](C)O3)[C@H](N(C)C)[C@H]2O)[C@@H](CC=O)C[C@@H](C)C(=O)/C=C/C(C)=C/[C@@H]1CO[C@@H]1O[C@H](C)[C@@H](O)[C@@H](OC)[C@H]1OC,CC[C@H]1OC(=O)C[C@@H](O)[C@H](C)[C@@H](O[C@@H]2O[C@H](C)[C@@H](O[C@H]3C[C@@](C)(OC(=O)C=Cc4ccccc4)[C@@H](O)[C@H](C)O3)[C@H](N(C)C)[C@H]2O)[C@@H](CC=O)C[C@@H](C)C(=O)/C=C/C(C)=C/[C@@H]1CO[C@@H]1O[C@H](C)[C@@H](O)[C@@H](OC)[C@H]1OC,TRUE,,0.619
tylosin,Tylosin (Ì©ÀÖ¾úËØ),REF_TYLOSIN,repository_reference,O40_attached_to_C33,40,33,C,MPM00285,3-Hydroxy-10-phenyldecanoic acid,O=C(O)CC(O)CCCCCCCc1ccccc1,1,CC[C@H]1OC(=O)C[C@@H](O)[C@H](C)[C@@H](O[C@@H]2O[C@H](C)[C@@H](O[C@H]3C[C@@](C)(OC(=O)CC(O)CCCCCCCc4ccccc4)[C@@H](O)[C@H](C)O3)[C@H](N(C)C)[C@H]2O)[C@@H](CC=O)C[C@@H](C)C(=O)/C=C/C(C)=C/[C@@H]1CO[C@@H]1O[C@H](C)[C@@H](O)[C@@H](OC)[C@H]1OC,CC[C@H]1OC(=O)C[C@@H](O)[C@H](C)[C@@H](O[C@@H]2O[C@H](C)[C@@H](O[C@H]3C[C@@](C)(OC(=O)CC(O)CCCCCCCc4ccccc4)[C@@H](O)[C@H](C)O3)[C@H](N(C)C)[C@H]2O)[C@@H](CC=O)C[C@@H](C)C(=O)/C=C/C(C)=C/[C@@H]1CO[C@@H]1O[C@H](C)[C@@H](O)[C@@H](OC)[C@H]1OC,TRUE,,-1.574
tylosin,Tylosin (Ì©ÀÖ¾úËØ),REF_TYLOSIN,repository_reference,O40_attached_to_C33,40,33,C,MPM00292,3-Hydroxy-9-phenylnonanoic acid,O=C(O)CC(O)CCCCCCc1ccccc1,1,CC[C@H]1OC(=O)C[C@@H](O)[C@H](C)[C@@H](O[C@@H]2O[C@H](C)[C@@H](O[C@H]3C[C@@](C)(OC(=O)CC(O)CCCCCCc4ccccc4)[C@@H](O)[C@H](C)O3)[C@H](N(C)C)[C@H]2O)[C@@H](CC=O)C[C@@H](C)C(=O)/C=C/C(C)=C/[C@@H]1CO[C@@H]1O[C@H](C)[C@@H](O)[C@@H](OC)[C@H]1OC,CC[C@H]1OC(=O)C[C@@H](O)[C@H](C)[C@@H](O[C@@H]2O[C@H](C)[C@@H](O[C@H]3C[C@@](C)(OC(=O)CC(O)CCCCCCc4ccccc4)[C@@H](O)[C@H](C)O3)[C@H](N(C)C)[C@H]2O)[C@@H](CC=O)C[C@@H](C)C(=O)/C=C/C(C)=C/[C@@H]1CO[C@@H]1O[C@H](C)[C@@H](O)[C@@H](OC)[C@H]1OC,TRUE,,-1.507
tylosin,Tylosin (Ì©ÀÖ¾úËØ),REF_TYLOSIN,repository_reference,O40_attached_to_C33,40,33,C,MPM00291,3-Hydroxy-8-phenyloctanoic acid,O=C(O)CC(O)CCCCCc1ccccc1,1,CC[C@H]1OC(=O)C[C@@H](O)[C@H](C)[C@@H](O[C@@H]2O[C@H](C)[C@@H](O[C@H]3C[C@@](C)(OC(=O)CC(O)CCCCCc4ccccc4)[C@@H](O)[C@H](C)O3)[C@H](N(C)C)[C@H]2O)[C@@H](CC=O)C[C@@H](C)C(=O)/C=C/C(C)=C/[C@@H]1CO[C@@H]1O[C@H](C)[C@@H](O)[C@@H](OC)[C@H]1OC,CC[C@H]1OC(=O)C[C@@H](O)[C@H](C)[C@@H](O[C@@H]2O[C@H](C)[C@@H](O[C@H]3C[C@@](C)(OC(=O)CC(O)CCCCCc4ccccc4)[C@@H](O)[C@H](C)O3)[C@H](N(C)C)[C@H]2O)[C@@H](CC=O)C[C@@H](C)C(=O)/C=C/C(C)=C/[C@@H]1CO[C@@H]1O[C@H](C)[C@@H](O)[C@@H](OC)[C@H]1OC,TRUE,,-1.441
tylosin,Tylosin (Ì©ÀÖ¾úËØ),REF_TYLOSIN,repository_reference,O40_attached_to_C33,40,33,C,MPM00290,3-Hydroxy-7-phenylheptanoic acid,O=C(O)CC(O)CCCCc1ccccc1,1,CC[C@H]1OC(=O)C[C@@H](O)[C@H](C)[C@@H](O[C@@H]2O[C@H](C)[C@@H](O[C@H]3C[C@@](C)(OC(=O)CC(O)CCCCc4ccccc4)[C@@H](O)[C@H](C)O3)[C@H](N(C)C)[C@H]2O)[C@@H](CC=O)C[C@@H](C)C(=O)/C=C/C(C)=C/[C@@H]1CO[C@@H]1O[C@H](C)[C@@H](O)[C@@H](OC)[C@H]1OC,CC[C@H]1OC(=O)C[C@@H](O)[C@H](C)[C@@H](O[C@@H]2O[C@H](C)[C@@H](O[C@H]3C[C@@](C)(OC(=O)CC(O)CCCCc4ccccc4)[C@@H](O)[C@H](C)O3)[C@H](N(C)C)[C@H]2O)[C@@H](CC=O)C[C@@H](C)C(=O)/C=C/C(C)=C/[C@@H]1CO[C@@H]1O[C@H](C)[C@@H](O)[C@@H](OC)[C@H]1OC,TRUE,,-1.373
tylosin,Tylosin (Ì©ÀÖ¾úËØ),REF_TYLOSIN,repository_reference,O40_attached_to_C33,40,33,C,MPM00289,3-Hydroxy-6-phenylhexanoic acid,O=C(O)CC(O)CCCc1ccccc1,1,CC[C@H]1OC(=O)C[C@@H](O)[C@H](C)[C@@H](O[C@@H]2O[C@H](C)[C@@H](O[C@H]3C[C@@](C)(OC(=O)CC(O)CCCc4ccccc4)[C@@H](O)[C@H](C)O3)[C@H](N(C)C)[C@H]2O)[C@@H](CC=O)C[C@@H](C)C(=O)/C=C/C(C)=C/[C@@H]1CO[C@@H]1O[C@H](C)[C@@H](O)[C@@H](OC)[C@H]1OC,CC[C@H]1OC(=O)C[C@@H](O)[C@H](C)[C@@H](O[C@@H]2O[C@H](C)[C@@H](O[C@H]3C[C@@](C)(OC(=O)CC(O)CCCc4ccccc4)[C@@H](O)[C@H](C)O3)[C@H](N(C)C)[C@H]2O)[C@@H](CC=O)C[C@@H](C)C(=O)/C=C/C(C)=C/[C@@H]1CO[C@@H]1O[C@H](C)[C@@H](O)[C@@H](OC)[C@H]1OC,TRUE,,-1.307
tylosin,Tylosin (Ì©ÀÖ¾úËØ),REF_TYLOSIN,repository_reference,O40_attached_to_C33,40,33,C,MPM00388,"5-Oxo-4,5-dihydrofuran-2-acetate",O=C(O)CC1=CCC(=O)O1,1,CC[C@H]1OC(=O)C[C@@H](O)[C@H](C)[C@@H](O[C@@H]2O[C@H](C)[C@@H](O[C@H]3C[C@@](C)(OC(=O)CC4=CCC(=O)O4)[C@@H](O)[C@H](C)O3)[C@H](N(C)C)[C@H]2O)[C@@H](CC=O)C[C@@H](C)C(=O)/C=C/C(C)=C/[C@@H]1CO[C@@H]1O[C@H](C)[C@@H](O)[C@@H](OC)[C@H]1OC,CC[C@H]1OC(=O)C[C@@H](O)[C@H](C)[C@@H](O[C@@H]2O[C@H](C)[C@@H](O[C@H]3C[C@@](C)(OC(=O)CC4=CCC(=O)O4)[C@@H](O)[C@H](C)O3)[C@H](N(C)C)[C@H]2O)[C@@H](CC=O)C[C@@H](C)C(=O)/C=C/C(C)=C/[C@@H]1CO[C@@H]1O[C@H](C)[C@@H](O)[C@@H](OC)[C@H]1OC,TRUE,,-0.816
tylosin,Tylosin (Ì©ÀÖ¾úËØ),REF_TYLOSIN,repository_reference,O40_attached_to_C33,40,33,C,MPM00597,DL-Thioctic acid,O=C(O)CCCCC1CCSS1,1,CC[C@H]1OC(=O)C[C@@H](O)[C@H](C)[C@@H](O[C@@H]2O[C@H](C)[C@@H](O[C@H]3C[C@@](C)(OC(=O)CCCCC4CCSS4)[C@@H](O)[C@H](C)O3)[C@H](N(C)C)[C@H]2O)[C@@H](CC=O)C[C@@H](C)C(=O)/C=C/C(C)=C/[C@@H]1CO[C@@H]1O[C@H](C)[C@@H](O)[C@@H](OC)[C@H]1OC,CC[C@H]1OC(=O)C[C@@H](O)[C@H](C)[C@@H](O[C@@H]2O[C@H](C)[C@@H](O[C@H]3C[C@@](C)(OC(=O)CCCCC4CCSS4)[C@@H](O)[C@H](C)O3)[C@H](N(C)C)[C@H]2O)[C@@H](CC=O)C[C@@H](C)C(=O)/C=C/C(C)=C/[C@@H]1CO[C@@H]1O[C@H](C)[C@@H](O)[C@@H](OC)[C@H]1OC,TRUE,,-2.543
tylosin,Tylosin (Ì©ÀÖ¾úËØ),REF_TYLOSIN,repository_reference,O40_attached_to_C33,40,33,C,MPM00525,Coenzyme R,O=C(O)CCCCC1SCC2NC(=O)NC21,1,CC[C@H]1OC(=O)C[C@@H](O)[C@H](C)[C@@H](O[C@@H]2O[C@H](C)[C@@H](O[C@H]3C[C@@](C)(OC(=O)CCCCC4SCC5NC(=O)NC54)[C@@H](O)[C@H](C)O3)[C@H](N(C)C)[C@H]2O)[C@@H](CC=O)C[C@@H](C)C(=O)/C=C/C(C)=C/[C@@H]1CO[C@@H]1O[C@H](C)[C@@H](O)[C@@H](OC)[C@H]1OC,CC[C@H]1OC(=O)C[C@@H](O)[C@H](C)[C@@H](O[C@@H]2O[C@H](C)[C@@H](O[C@H]3C[C@@](C)(OC(=O)CCCCC4SCC5NC(=O)NC54)[C@@H](O)[C@H](C)O3)[C@H](N(C)C)[C@H]2O)[C@@H](CC=O)C[C@@H](C)C(=O)/C=C/C(C)=C/[C@@H]1CO[C@@H]1O[C@H](C)[C@@H](O)[C@@H](OC)[C@H]1OC,TRUE,,-2.381
tylosin,Tylosin (Ì©ÀÖ¾úËØ),REF_TYLOSIN,repository_reference,O40_attached_to_C33,40,33,C,MPM00144,10-Phenyldecanoic acid,O=C(O)CCCCCCCCCc1ccccc1,1,CC[C@H]1OC(=O)C[C@@H](O)[C@H](C)[C@@H](O[C@@H]2O[C@H](C)[C@@H](O[C@H]3C[C@@](C)(OC(=O)CCCCCCCCCc4ccccc4)[C@@H](O)[C@H](C)O3)[C@H](N(C)C)[C@H]2O)[C@@H](CC=O)C[C@@H](C)C(=O)/C=C/C(C)=C/[C@@H]1CO[C@@H]1O[C@H](C)[C@@H](O)[C@@H](OC)[C@H]1OC,CC[C@H]1OC(=O)C[C@@H](O)[C@H](C)[C@@H](O[C@@H]2O[C@H](C)[C@@H](O[C@H]3C[C@@](C)(OC(=O)CCCCCCCCCc4ccccc4)[C@@H](O)[C@H](C)O3)[C@H](N(C)C)[C@H]2O)[C@@H](CC=O)C[C@@H](C)C(=O)/C=C/C(C)=C/[C@@H]1CO[C@@H]1O[C@H](C)[C@@H](O)[C@@H](OC)[C@H]1OC,TRUE,,-1.43
tylosin,Tylosin (Ì©ÀÖ¾úËØ),REF_TYLOSIN,repository_reference,O40_attached_to_C33,40,33,C,MPM00412,9-Phenylnonanoic acid,O=C(O)CCCCCCCCc1ccccc1,1,CC[C@H]1OC(=O)C[C@@H](O)[C@H](C)[C@@H](O[C@@H]2O[C@H](C)[C@@H](O[C@H]3C[C@@](C)(OC(=O)CCCCCCCCc4ccccc4)[C@@H](O)[C@H](C)O3)[C@H](N(C)C)[C@H]2O)[C@@H](CC=O)C[C@@H](C)C(=O)/C=C/C(C)=C/[C@@H]1CO[C@@H]1O[C@H](C)[C@@H](O)[C@@H](OC)[C@H]1OC,CC[C@H]1OC(=O)C[C@@H](O)[C@H](C)[C@@H](O[C@@H]2O[C@H](C)[C@@H](O[C@H]3C[C@@](C)(OC(=O)CCCCCCCCc4ccccc4)[C@@H](O)[C@H](C)O3)[C@H](N(C)C)[C@H]2O)[C@@H](CC=O)C[C@@H](C)C(=O)/C=C/C(C)=C/[C@@H]1CO[C@@H]1O[C@H](C)[C@@H](O)[C@@H](OC)[C@H]1OC,TRUE,,-1.363
tylosin,Tylosin (Ì©ÀÖ¾úËØ),REF_TYLOSIN,repository_reference,O40_attached_to_C33,40,33,C,MPM00409,8-Phenyloctanoic acid,O=C(O)CCCCCCCc1ccccc1,1,CC[C@H]1OC(=O)C[C@@H](O)[C@H](C)[C@@H](O[C@@H]2O[C@H](C)[C@@H](O[C@H]3C[C@@](C)(OC(=O)CCCCCCCc4ccccc4)[C@@H](O)[C@H](C)O3)[C@H](N(C)C)[C@H]2O)[C@@H](CC=O)C[C@@H](C)C(=O)/C=C/C(C)=C/[C@@H]1CO[C@@H]1O[C@H](C)[C@@H](O)[C@@H](OC)[C@H]1OC,CC[C@H]1OC(=O)C[C@@H](O)[C@H](C)[C@@H](O[C@@H]2O[C@H](C)[C@@H](O[C@H]3C[C@@](C)(OC(=O)CCCCCCCc4ccccc4)[C@@H](O)[C@H](C)O3)[C@H](N(C)C)[C@H]2O)[C@@H](CC=O)C[C@@H](C)C(=O)/C=C/C(C)=C/[C@@H]1CO[C@@H]1O[C@H](C)[C@@H](O)[C@@H](OC)[C@H]1OC,TRUE,,-1.294
tylosin,Tylosin (Ì©ÀÖ¾úËØ),REF_TYLOSIN,repository_reference,O40_attached_to_C33,40,33,C,MPM00408,7-Phenylheptanoic acid,O=C(O)CCCCCCc1ccccc1,1,CC[C@H]1OC(=O)C[C@@H](O)[C@H](C)[C@@H](O[C@@H]2O[C@H](C)[C@@H](O[C@H]3C[C@@](C)(OC(=O)CCCCCCc4ccccc4)[C@@H](O)[C@H](C)O3)[C@H](N(C)C)[C@H]2O)[C@@H](CC=O)C[C@@H](C)C(=O)/C=C/C(C)=C/[C@@H]1CO[C@@H]1O[C@H](C)[C@@H](O)[C@@H](OC)[C@H]1OC,CC[C@H]1OC(=O)C[C@@H](O)[C@H](C)[C@@H](O[C@@H]2O[C@H](C)[C@@H](O[C@H]3C[C@@](C)(OC(=O)CCCCCCc4ccccc4)[C@@H](O)[C@H](C)O3)[C@H](N(C)C)[C@H]2O)[C@@H](CC=O)C[C@@H](C)C(=O)/C=C/C(C)=C/[C@@H]1CO[C@@H]1O[C@H](C)[C@@H](O)[C@@H](OC)[C@H]1OC,TRUE,,-1.226
tylosin,Tylosin (Ì©ÀÖ¾úËØ),REF_TYLOSIN,repository_reference,O40_attached_to_C33,40,33,C,MPM00399,6-Phenylhexanoic acid,O=C(O)CCCCCc1ccccc1,1,CC[C@H]1OC(=O)C[C@@H](O)[C@H](C)[C@@H](O[C@@H]2O[C@H](C)[C@@H](O[C@H]3C[C@@](C)(OC(=O)CCCCCc4ccccc4)[C@@H](O)[C@H](C)O3)[C@H](N(C)C)[C@H]2O)[C@@H](CC=O)C[C@@H](C)C(=O)/C=C/C(C)=C/[C@@H]1CO[C@@H]1O[C@H](C)[C@@H](O)[C@@H](OC)[C@H]1OC,CC[C@H]1OC(=O)C[C@@H](O)[C@H](C)[C@@H](O[C@@H]2O[C@H](C)[C@@H](O[C@H]3C[C@@](C)(OC(=O)CCCCCc4ccccc4)[C@@H](O)[C@H](C)O3)[C@H](N(C)C)[C@H]2O)[C@@H](CC=O)C[C@@H](C)C(=O)/C=C/C(C)=C/[C@@H]1CO[C@@H]1O[C@H](C)[C@@H](O)[C@@H](OC)[C@H]1OC,TRUE,,-1.158
tylosin,Tylosin (Ì©ÀÖ¾úËØ),REF_TYLOSIN,repository_reference,O40_attached_to_C33,40,33,C,MPM00390,5-Phenylvaleric acid,O=C(O)CCCCc1ccccc1,1,CC[C@H]1OC(=O)C[C@@H](O)[C@H](C)[C@@H](O[C@@H]2O[C@H](C)[C@@H](O[C@H]3C[C@@](C)(OC(=O)CCCCc4ccccc4)[C@@H](O)[C@H](C)O3)[C@H](N(C)C)[C@H]2O)[C@@H](CC=O)C[C@@H](C)C(=O)/C=C/C(C)=C/[C@@H]1CO[C@@H]1O[C@H](C)[C@@H](O)[C@@H](OC)[C@H]1OC,CC[C@H]1OC(=O)C[C@@H](O)[C@H](C)[C@@H](O[C@@H]2O[C@H](C)[C@@H](O[C@H]3C[C@@](C)(OC(=O)CCCCc4ccccc4)[C@@H](O)[C@H](C)O3)[C@H](N(C)C)[C@H]2O)[C@@H](CC=O)C[C@@H](C)C(=O)/C=C/C(C)=C/[C@@H]1CO[C@@H]1O[C@H](C)[C@@H](O)[C@@H](OC)[C@H]1OC,TRUE,,-1.093
tylosin,Tylosin (Ì©ÀÖ¾úËØ),REF_TYLOSIN,repository_reference,O40_attached_to_C33,40,33,C,MPM00701,Hydroxyacetic acid,O=C(O)CO,1,CC[C@H]1OC(=O)C[C@@H](O)[C@H](C)[C@@H](O[C@@H]2O[C@H](C)[C@@H](O[C@H]3C[C@@](C)(OC(=O)CO)[C@@H](O)[C@H](C)O3)[C@H](N(C)C)[C@H]2O)[C@@H](CC=O)C[C@@H](C)C(=O)/C=C/C(C)=C/[C@@H]1CO[C@@H]1O[C@H](C)[C@@H](O)[C@@H](OC)[C@H]1OC,CC[C@H]1OC(=O)C[C@@H](O)[C@H](C)[C@@H](O[C@@H]2O[C@H](C)[C@@H](O[C@H]3C[C@@](C)(OC(=O)CO)[C@@H](O)[C@H](C)O3)[C@H](N(C)C)[C@H]2O)[C@@H](CC=O)C[C@@H](C)C(=O)/C=C/C(C)=C/[C@@H]1CO[C@@H]1O[C@H](C)[C@@H](O)[C@@H](OC)[C@H]1OC,TRUE,,-0.541
tylosin,Tylosin (Ì©ÀÖ¾úËØ),REF_TYLOSIN,repository_reference,O40_attached_to_C33,40,33,C,MPM00891,Phosphoglycolic acid,O=C(O)COP(=O)(O)O,1,CC[C@H]1OC(=O)C[C@@H](O)[C@H](C)[C@@H](O[C@@H]2O[C@H](C)[C@@H](O[C@H]3C[C@@](C)(OC(=O)COP(=O)(O)O)[C@@H](O)[C@H](C)O3)[C@H](N(C)C)[C@H]2O)[C@@H](CC=O)C[C@@H](C)C(=O)/C=C/C(C)=C/[C@@H]1CO[C@@H]1O[C@H](C)[C@@H](O)[C@@H](OC)[C@H]1OC,CC[C@H]1OC(=O)C[C@@H](O)[C@H](C)[C@@H](O[C@@H]2O[C@H](C)[C@@H](O[C@H]3C[C@@](C)(OC(=O)COP(=O)(O)O)[C@@H](O)[C@H](C)O3)[C@H](N(C)C)[C@H]2O)[C@@H](CC=O)C[C@@H](C)C(=O)/C=C/C(C)=C/[C@@H]1CO[C@@H]1O[C@H](C)[C@@H](O)[C@@H](OC)[C@H]1OC,TRUE,,-1.003
tylosin,Tylosin (Ì©ÀÖ¾úËØ),REF_TYLOSIN,repository_reference,O40_attached_to_C33,40,33,C,MPM00894,Phosphonoacetic acid,O=C(O)CP(=O)(O)O,1,CC[C@H]1OC(=O)C[C@@H](O)[C@H](C)[C@@H](O[C@@H]2O[C@H](C)[C@@H](O[C@H]3C[C@@](C)(OC(=O)CP(=O)(O)O)[C@@H](O)[C@H](C)O3)[C@H](N(C)C)[C@H]2O)[C@@H](CC=O)C[C@@H](C)C(=O)/C=C/C(C)=C/[C@@H]1CO[C@@H]1O[C@H](C)[C@@H](O)[C@@H](OC)[C@H]1OC,CC[C@H]1OC(=O)C[C@@H](O)[C@H](C)[C@@H](O[C@@H]2O[C@H](C)[C@@H](O[C@H]3C[C@@](C)(OC(=O)CP(=O)(O)O)[C@@H](O)[C@H](C)O3)[C@H](N(C)C)[C@H]2O)[C@@H](CC=O)C[C@@H](C)C(=O)/C=C/C(C)=C/[C@@H]1CO[C@@H]1O[C@H](C)[C@@H](O)[C@@H](OC)[C@H]1OC,TRUE,,-1.328
tylosin,Tylosin (Ì©ÀÖ¾úËØ),REF_TYLOSIN,repository_reference,O40_attached_to_C33,40,33,C,MPM00961,Sulfoacetic acid,O=C(O)CS(=O)(=O)O,1,CC[C@H]1OC(=O)C[C@@H](O)[C@H](C)[C@@H](O[C@@H]2O[C@H](C)[C@@H](O[C@H]3C[C@@](C)(OC(=O)CS(=O)(=O)O)[C@@H](O)[C@H](C)O3)[C@H](N(C)C)[C@H]2O)[C@@H](CC=O)C[C@@H](C)C(=O)/C=C/C(C)=C/[C@@H]1CO[C@@H]1O[C@H](C)[C@@H](O)[C@@H](OC)[C@H]1OC,CC[C@H]1OC(=O)C[C@@H](O)[C@H](C)[C@@H](O[C@@H]2O[C@H](C)[C@@H](O[C@H]3C[C@@](C)(OC(=O)CS(=O)(=O)O)[C@@H](O)[C@H](C)O3)[C@H](N(C)C)[C@H]2O)[C@@H](CC=O)C[C@@H](C)C(=O)/C=C/C(C)=C/[C@@H]1CO[C@@H]1O[C@H](C)[C@@H](O)[C@@H](OC)[C@H]1OC,TRUE,,-0.509
tylosin,Tylosin (Ì©ÀÖ¾úËØ),REF_TYLOSIN,repository_reference,O40_attached_to_C33,40,33,C,MPM00418,"Acetic acid,phenyl ester",O=C(O)Cc1ccccc1,1,CC[C@H]1OC(=O)C[C@@H](O)[C@H](C)[C@@H](O[C@@H]2O[C@H](C)[C@@H](O[C@H]3C[C@@](C)(OC(=O)Cc4ccccc4)[C@@H](O)[C@H](C)O3)[C@H](N(C)C)[C@H]2O)[C@@H](CC=O)C[C@@H](C)C(=O)/C=C/C(C)=C/[C@@H]1CO[C@@H]1O[C@H](C)[C@@H](O)[C@@H](OC)[C@H]1OC,CC[C@H]1OC(=O)C[C@@H](O)[C@H](C)[C@@H](O[C@@H]2O[C@H](C)[C@@H](O[C@H]3C[C@@](C)(OC(=O)Cc4ccccc4)[C@@H](O)[C@H](C)O3)[C@H](N(C)C)[C@H]2O)[C@@H](CC=O)C[C@@H](C)C(=O)/C=C/C(C)=C/[C@@H]1CO[C@@H]1O[C@H](C)[C@@H](O)[C@@H](OC)[C@H]1OC,TRUE,,-0.893
tylosin,Tylosin (Ì©ÀÖ¾úËØ),REF_TYLOSIN,repository_reference,O40_attached_to_C33,40,33,C,MPM01016,Uracil-6-carboxylic acid,O=C(O)c1cc(=O)[nH]c(=O)[nH]1,1,CC[C@H]1OC(=O)C[C@@H](O)[C@H](C)[C@@H](O[C@@H]2O[C@H](C)[C@@H](O[C@H]3C[C@@](C)(OC(=O)c4cc(=O)[nH]c(=O)[nH]4)[C@@H](O)[C@H](C)O3)[C@H](N(C)C)[C@H]2O)[C@@H](CC=O)C[C@@H](C)C(=O)/C=C/C(C)=C/[C@@H]1CO[C@@H]1O[C@H](C)[C@@H](O)[C@@H](OC)[C@H]1OC,CC[C@H]1OC(=O)C[C@@H](O)[C@H](C)[C@@H](O[C@@H]2O[C@H](C)[C@@H](O[C@H]3C[C@@](C)(OC(=O)c4cc(=O)[nH]c(=O)[nH]4)[C@@H](O)[C@H](C)O3)[C@H](N(C)C)[C@H]2O)[C@@H](CC=O)C[C@@H](C)C(=O)/C=C/C(C)=C/[C@@H]1CO[C@@H]1O[C@H](C)[C@@H](O)[C@@H](OC)[C@H]1OC,TRUE,,-0.779
tylosin,Tylosin (Ì©ÀÖ¾úËØ),REF_TYLOSIN,repository_reference,O40_attached_to_C33,40,33,C,MPM00844,Orotidylic acid,O=C(O)c1cc(=O)[nH]c(=O)n1C1OC(COP(=O)(O)O)C(O)C1O,1,CC[C@H]1OC(=O)C[C@@H](O)[C@H](C)[C@@H](O[C@@H]2O[C@H](C)[C@@H](O[C@H]3C[C@@](C)(OC(=O)c4cc(=O)[nH]c(=O)n4C4OC(COP(=O)(O)O)C(O)C4O)[C@@H](O)[C@H](C)O3)[C@H](N(C)C)[C@H]2O)[C@@H](CC=O)C[C@@H](C)C(=O)/C=C/C(C)=C/[C@@H]1CO[C@@H]1O[C@H](C)[C@@H](O)[C@@H](OC)[C@H]1OC,CC[C@H]1OC(=O)C[C@@H](O)[C@H](C)[C@@H](O[C@@H]2O[C@H](C)[C@@H](O[C@H]3C[C@@](C)(OC(=O)c4cc(=O)[nH]c(=O)n4C4OC(COP(=O)(O)O)C(O)C4O)[C@@H](O)[C@H](C)O3)[C@H](N(C)C)[C@H]2O)[C@@H](CC=O)C[C@@H](C)C(=O)/C=C/C(C)=C/[C@@H]1CO[C@@H]1O[C@H](C)[C@@H](O)[C@@H](OC)[C@H]1OC,TRUE,,-2.156
tylosin,Tylosin (Ì©ÀÖ¾úËØ),REF_TYLOSIN,repository_reference,O40_attached_to_C33,40,33,C,MPM00137,"1,4-Dihydroxy-2-naphthoic acid",O=C(O)c1cc(O)c2ccccc2c1O,1,CC[C@H]1OC(=O)C[C@@H](O)[C@H](C)[C@@H](O[C@@H]2O[C@H](C)[C@@H](O[C@H]3C[C@@](C)(OC(=O)c4cc(O)c5ccccc5c4O)[C@@H](O)[C@H](C)O3)[C@H](N(C)C)[C@H]2O)[C@@H](CC=O)C[C@@H](C)C(=O)/C=C/C(C)=C/[C@@H]1CO[C@@H]1O[C@H](C)[C@@H](O)[C@@H](OC)[C@H]1OC,CC[C@H]1OC(=O)C[C@@H](O)[C@H](C)[C@@H](O[C@@H]2O[C@H](C)[C@@H](O[C@H]3C[C@@](C)(OC(=O)c4cc(O)c5ccccc5c4O)[C@@H](O)[C@H](C)O3)[C@H](N(C)C)[C@H]2O)[C@@H](CC=O)C[C@@H](C)C(=O)/C=C/C(C)=C/[C@@H]1CO[C@@H]1O[C@H](C)[C@@H](O)[C@@H](OC)[C@H]1OC,TRUE,,-0.575
tylosin,Tylosin (Ì©ÀÖ¾úËØ),REF_TYLOSIN,repository_reference,O40_attached_to_C33,40,33,C,MPM00398,6-Hydroxynicotinic acid,O=C(O)c1ccc(=O)[nH]c1,1,CC[C@H]1OC(=O)C[C@@H](O)[C@H](C)[C@@H](O[C@@H]2O[C@H](C)[C@@H](O[C@H]3C[C@@](C)(OC(=O)c4ccc(=O)[nH]c4)[C@@H](O)[C@H](C)O3)[C@H](N(C)C)[C@H]2O)[C@@H](CC=O)C[C@@H](C)C(=O)/C=C/C(C)=C/[C@@H]1CO[C@@H]1O[C@H](C)[C@@H](O)[C@@H](OC)[C@H]1OC,CC[C@H]1OC(=O)C[C@@H](O)[C@H](C)[C@@H](O[C@@H]2O[C@H](C)[C@@H](O[C@H]3C[C@@](C)(OC(=O)c4ccc(=O)[nH]c4)[C@@H](O)[C@H](C)O3)[C@H](N(C)C)[C@H]2O)[C@@H](CC=O)C[C@@H](C)C(=O)/C=C/C(C)=C/[C@@H]1CO[C@@H]1O[C@H](C)[C@@H](O)[C@@H](OC)[C@H]1OC,TRUE,,-0.334
tylosin,Tylosin (Ì©ÀÖ¾úËØ),REF_TYLOSIN,repository_reference,O40_attached_to_C33,40,33,C,MPM00912,Protocatechuic acid,O=C(O)c1ccc(O)c(O)c1,1,CC[C@H]1OC(=O)C[C@@H](O)[C@H](C)[C@@H](O[C@@H]2O[C@H](C)[C@@H](O[C@H]3C[C@@](C)(OC(=O)c4ccc(O)c(O)c4)[C@@H](O)[C@H](C)O3)[C@H](N(C)C)[C@H]2O)[C@@H](CC=O)C[C@@H](C)C(=O)/C=C/C(C)=C/[C@@H]1CO[C@@H]1O[C@H](C)[C@@H](O)[C@@H](OC)[C@H]1OC,CC[C@H]1OC(=O)C[C@@H](O)[C@H](C)[C@@H](O[C@@H]2O[C@H](C)[C@@H](O[C@H]3C[C@@](C)(OC(=O)c4ccc(O)c(O)c4)[C@@H](O)[C@H](C)O3)[C@H](N(C)C)[C@H]2O)[C@@H](CC=O)C[C@@H](C)C(=O)/C=C/C(C)=C/[C@@H]1CO[C@@H]1O[C@H](C)[C@@H](O)[C@@H](OC)[C@H]1OC,TRUE,,-0.79
tylosin,Tylosin (Ì©ÀÖ¾úËØ),REF_TYLOSIN,repository_reference,O40_attached_to_C33,40,33,C,MPM00702,Hydroxybenzenecarboxylic acid,O=C(O)c1ccc(O)cc1,1,CC[C@H]1OC(=O)C[C@@H](O)[C@H](C)[C@@H](O[C@@H]2O[C@H](C)[C@@H](O[C@H]3C[C@@](C)(OC(=O)c4ccc(O)cc4)[C@@H](O)[C@H](C)O3)[C@H](N(C)C)[C@H]2O)[C@@H](CC=O)C[C@@H](C)C(=O)/C=C/C(C)=C/[C@@H]1CO[C@@H]1O[C@H](C)[C@@H](O)[C@@H](OC)[C@H]1OC,CC[C@H]1OC(=O)C[C@@H](O)[C@H](C)[C@@H](O[C@@H]2O[C@H](C)[C@@H](O[C@H]3C[C@@](C)(OC(=O)c4ccc(O)cc4)[C@@H](O)[C@H](C)O3)[C@H](N(C)C)[C@H]2O)[C@@H](CC=O)C[C@@H](C)C(=O)/C=C/C(C)=C/[C@@H]1CO[C@@H]1O[C@H](C)[C@@H](O)[C@@H](OC)[C@H]1OC,TRUE,,-0.488
tylosin,Tylosin (Ì©ÀÖ¾úËØ),REF_TYLOSIN,repository_reference,O40_attached_to_C33,40,33,C,MPM00173,"2,3-Dihydroxybenzoic acid",O=C(O)c1cccc(O)c1O,1,CC[C@H]1OC(=O)C[C@@H](O)[C@H](C)[C@@H](O[C@@H]2O[C@H](C)[C@@H](O[C@H]3C[C@@](C)(OC(=O)c4cccc(O)c4O)[C@@H](O)[C@H](C)O3)[C@H](N(C)C)[C@H]2O)[C@@H](CC=O)C[C@@H](C)C(=O)/C=C/C(C)=C/[C@@H]1CO[C@@H]1O[C@H](C)[C@@H](O)[C@@H](OC)[C@H]1OC,CC[C@H]1OC(=O)C[C@@H](O)[C@H](C)[C@@H](O[C@@H]2O[C@H](C)[C@@H](O[C@H]3C[C@@](C)(OC(=O)c4cccc(O)c4O)[C@@H](O)[C@H](C)O3)[C@H](N(C)C)[C@H]2O)[C@@H](CC=O)C[C@@H](C)C(=O)/C=C/C(C)=C/[C@@H]1CO[C@@H]1O[C@H](C)[C@@H](O)[C@@H](OC)[C@H]1OC,TRUE,,-0.77
tylosin,Tylosin (Ì©ÀÖ¾úËØ),REF_TYLOSIN,repository_reference,O40_attached_to_C33,40,33,C,MPM00614,Dracylic acid,O=C(O)c1ccccc1,1,CC[C@H]1OC(=O)C[C@@H](O)[C@H](C)[C@@H](O[C@@H]2O[C@H](C)[C@@H](O[C@H]3C[C@@](C)(OC(=O)c4ccccc4)[C@@H](O)[C@H](C)O3)[C@H](N(C)C)[C@H]2O)[C@@H](CC=O)C[C@@H](C)C(=O)/C=C/C(C)=C/[C@@H]1CO[C@@H]1O[C@H](C)[C@@H](O)[C@@H](OC)[C@H]1OC,CC[C@H]1OC(=O)C[C@@H](O)[C@H](C)[C@@H](O[C@@H]2O[C@H](C)[C@@H](O[C@H]3C[C@@](C)(OC(=O)c4ccccc4)[C@@H](O)[C@H](C)O3)[C@H](N(C)C)[C@H]2O)[C@@H](CC=O)C[C@@H](C)C(=O)/C=C/C(C)=C/[C@@H]1CO[C@@H]1O[C@H](C)[C@@H](O)[C@@H](OC)[C@H]1OC,TRUE,,-0.128
tylosin,Tylosin (Ì©ÀÖ¾úËØ),REF_TYLOSIN,repository_reference,O40_attached_to_C33,40,33,C,MPM00117,1-(2-Carboxyphenylamino)-1-deoxy-D-ribulose 5-phosphate,O=C(O)c1ccccc1NCC(=O)C(O)C(O)COP(=O)(O)O,1,CC[C@H]1OC(=O)C[C@@H](O)[C@H](C)[C@@H](O[C@@H]2O[C@H](C)[C@@H](O[C@H]3C[C@@](C)(OC(=O)c4ccccc4NCC(=O)C(O)C(O)COP(=O)(O)O)[C@@H](O)[C@H](C)O3)[C@H](N(C)C)[C@H]2O)[C@@H](CC=O)C[C@@H](C)C(=O)/C=C/C(C)=C/[C@@H]1CO[C@@H]1O[C@H](C)[C@@H](O)[C@@H](OC)[C@H]1OC,CC[C@H]1OC(=O)C[C@@H](O)[C@H](C)[C@@H](O[C@@H]2O[C@H](C)[C@@H](O[C@H]3C[C@@](C)(OC(=O)c4ccccc4NCC(=O)C(O)C(O)COP(=O)(O)O)[C@@H](O)[C@H](C)O3)[C@H](N(C)C)[C@H]2O)[C@@H](CC=O)C[C@@H](C)C(=O)/C=C/C(C)=C/[C@@H]1CO[C@@H]1O[C@H](C)[C@@H](O)[C@@H](OC)[C@H]1OC,TRUE,,-1.003
tylosin,Tylosin (Ì©ÀÖ¾úËØ),REF_TYLOSIN,repository_reference,O40_attached_to_C33,40,33,C,MPM00931,Salicylic acid,O=C(O)c1ccccc1O,1,CC[C@H]1OC(=O)C[C@@H](O)[C@H](C)[C@@H](O[C@@H]2O[C@H](C)[C@@H](O[C@H]3C[C@@](C)(OC(=O)c4ccccc4O)[C@@H](O)[C@H](C)O3)[C@H](N(C)C)[C@H]2O)[C@@H](CC=O)C[C@@H](C)C(=O)/C=C/C(C)=C/[C@@H]1CO[C@@H]1O[C@H](C)[C@@H](O)[C@@H](OC)[C@H]1OC,CC[C@H]1OC(=O)C[C@@H](O)[C@H](C)[C@@H](O[C@@H]2O[C@H](C)[C@@H](O[C@H]3C[C@@](C)(OC(=O)c4ccccc4O)[C@@H](O)[C@H](C)O3)[C@H](N(C)C)[C@H]2O)[C@@H](CC=O)C[C@@H](C)C(=O)/C=C/C(C)=C/[C@@H]1CO[C@@H]1O[C@H](C)[C@@H](O)[C@@H](OC)[C@H]1OC,TRUE,,-0.471
tylosin,Tylosin (Ì©ÀÖ¾úËØ),REF_TYLOSIN,repository_reference,O40_attached_to_C33,40,33,C,MPM00328,3-Pyridinecarboxylic acid,O=C(O)c1cccnc1,1,CC[C@H]1OC(=O)C[C@@H](O)[C@H](C)[C@@H](O[C@@H]2O[C@H](C)[C@@H](O[C@H]3C[C@@](C)(OC(=O)c4cccnc4)[C@@H](O)[C@H](C)O3)[C@H](N(C)C)[C@H]2O)[C@@H](CC=O)C[C@@H](C)C(=O)/C=C/C(C)=C/[C@@H]1CO[C@@H]1O[C@H](C)[C@@H](O)[C@@H](OC)[C@H]1OC,CC[C@H]1OC(=O)C[C@@H](O)[C@H](C)[C@@H](O[C@@H]2O[C@H](C)[C@@H](O[C@H]3C[C@@](C)(OC(=O)c4cccnc4)[C@@H](O)[C@H](C)O3)[C@H](N(C)C)[C@H]2O)[C@@H](CC=O)C[C@@H](C)C(=O)/C=C/C(C)=C/[C@@H]1CO[C@@H]1O[C@H](C)[C@@H](O)[C@@H](OC)[C@H]1OC,TRUE,,-0.519
tylosin,Tylosin (Ì©ÀÖ¾úËØ),REF_TYLOSIN,repository_reference,O40_attached_to_C33,40,33,C,MPM00585,Dihydro-L-orotic acid,O=C1CC(C(=O)O)NC(=O)N1,1,CC[C@H]1OC(=O)C[C@@H](O)[C@H](C)[C@@H](O[C@@H]2O[C@H](C)[C@@H](O[C@H]3C[C@@](C)(OC(=O)C4CC(=O)NC(=O)N4)[C@@H](O)[C@H](C)O3)[C@H](N(C)C)[C@H]2O)[C@@H](CC=O)C[C@@H](C)C(=O)/C=C/C(C)=C/[C@@H]1CO[C@@H]1O[C@H](C)[C@@H](O)[C@@H](OC)[C@H]1OC,CC[C@H]1OC(=O)C[C@@H](O)[C@H](C)[C@@H](O[C@@H]2O[C@H](C)[C@@H](O[C@H]3C[C@@](C)(OC(=O)C4CC(=O)NC(=O)N4)[C@@H](O)[C@H](C)O3)[C@H](N(C)C)[C@H]2O)[C@@H](CC=O)C[C@@H](C)C(=O)/C=C/C(C)=C/[C@@H]1CO[C@@H]1O[C@H](C)[C@@H](O)[C@@H](OC)[C@H]1OC,TRUE,,-1.182
tylosin,Tylosin (Ì©ÀÖ¾úËØ),REF_TYLOSIN,repository_reference,O40_attached_to_C33,40,33,C,MPM00381,5-Dehydroquinic acid,O=C1CC(O)(C(=O)O)CC(O)C1O,1,CC[C@H]1OC(=O)C[C@@H](O)[C@H](C)[C@@H](O[C@@H]2O[C@H](C)[C@@H](O[C@H]3C[C@@](C)(OC(=O)C4(O)CC(=O)C(O)C(O)C4)[C@@H](O)[C@H](C)O3)[C@H](N(C)C)[C@H]2O)[C@@H](CC=O)C[C@@H](C)C(=O)/C=C/C(C)=C/[C@@H]1CO[C@@H]1O[C@H](C)[C@@H](O)[C@@H](OC)[C@H]1OC,CC[C@H]1OC(=O)C[C@@H](O)[C@H](C)[C@@H](O[C@@H]2O[C@H](C)[C@@H](O[C@H]3C[C@@](C)(OC(=O)C4(O)CC(=O)C(O)C(O)C4)[C@@H](O)[C@H](C)O3)[C@H](N(C)C)[C@H]2O)[C@@H](CC=O)C[C@@H](C)C(=O)/C=C/C(C)=C/[C@@H]1CO[C@@H]1O[C@H](C)[C@@H](O)[C@@H](OC)[C@H]1OC,TRUE,,-1.636
tylosin,Tylosin (Ì©ÀÖ¾úËØ),REF_TYLOSIN,repository_reference,O40_attached_to_C33,40,33,C,MPM00679,Glyoxylic acid,O=CC(=O)O,1,CC[C@H]1OC(=O)C[C@@H](O)[C@H](C)[C@@H](O[C@@H]2O[C@H](C)[C@@H](O[C@H]3C[C@@](C)(OC(=O)C=O)[C@@H](O)[C@H](C)O3)[C@H](N(C)C)[C@H]2O)[C@@H](CC=O)C[C@@H](C)C(=O)/C=C/C(C)=C/[C@@H]1CO[C@@H]1O[C@H](C)[C@@H](O)[C@@H](OC)[C@H]1OC,CC[C@H]1OC(=O)C[C@@H](O)[C@H](C)[C@@H](O[C@@H]2O[C@H](C)[C@@H](O[C@H]3C[C@@](C)(OC(=O)C=O)[C@@H](O)[C@H](C)O3)[C@H](N(C)C)[C@H]2O)[C@@H](CC=O)C[C@@H](C)C(=O)/C=C/C(C)=C/[C@@H]1CO[C@@H]1O[C@H](C)[C@@H](O)[C@@H](OC)[C@H]1OC,TRUE,,-0.71
tylosin,Tylosin (Ì©ÀÖ¾úËØ),REF_TYLOSIN,repository_reference,O40_attached_to_C33,40,33,C,MPM00965,Tartronate semialdehyde,O=CC(O)C(=O)O,1,CC[C@H]1OC(=O)C[C@@H](O)[C@H](C)[C@@H](O[C@@H]2O[C@H](C)[C@@H](O[C@H]3C[C@@](C)(OC(=O)C(O)C=O)[C@@H](O)[C@H](C)O3)[C@H](N(C)C)[C@H]2O)[C@@H](CC=O)C[C@@H](C)C(=O)/C=C/C(C)=C/[C@@H]1CO[C@@H]1O[C@H](C)[C@@H](O)[C@@H](OC)[C@H]1OC,CC[C@H]1OC(=O)C[C@@H](O)[C@H](C)[C@@H](O[C@@H]2O[C@H](C)[C@@H](O[C@H]3C[C@@](C)(OC(=O)C(O)C=O)[C@@H](O)[C@H](C)O3)[C@H](N(C)C)[C@H]2O)[C@@H](CC=O)C[C@@H](C)C(=O)/C=C/C(C)=C/[C@@H]1CO[C@@H]1O[C@H](C)[C@@H](O)[C@@H](OC)[C@H]1OC,TRUE,,-0.911
tylosin,Tylosin (Ì©ÀÖ¾úËØ),REF_TYLOSIN,repository_reference,O40_attached_to_C33,40,33,C,MPM00768,Malonate semialdehyde,O=CCC(=O)O,1,CC[C@H]1OC(=O)C[C@@H](O)[C@H](C)[C@@H](O[C@@H]2O[C@H](C)[C@@H](O[C@H]3C[C@@](C)(OC(=O)CC=O)[C@@H](O)[C@H](C)O3)[C@H](N(C)C)[C@H]2O)[C@@H](CC=O)C[C@@H](C)C(=O)/C=C/C(C)=C/[C@@H]1CO[C@@H]1O[C@H](C)[C@@H](O)[C@@H](OC)[C@H]1OC,CC[C@H]1OC(=O)C[C@@H](O)[C@H](C)[C@@H](O[C@@H]2O[C@H](C)[C@@H](O[C@H]3C[C@@](C)(OC(=O)CC=O)[C@@H](O)[C@H](C)O3)[C@H](N(C)C)[C@H]2O)[C@@H](CC=O)C[C@@H](C)C(=O)/C=C/C(C)=C/[C@@H]1CO[C@@H]1O[C@H](C)[C@@H](O)[C@@H](OC)[C@H]1OC,TRUE,,-0.991
tylosin,Tylosin (Ì©ÀÖ¾úËØ),REF_TYLOSIN,repository_reference,O40_attached_to_C33,40,33,C,MPM00359,4-Oxobutanoate,O=CCCC(=O)O,1,CC[C@H]1OC(=O)C[C@@H](O)[C@H](C)[C@@H](O[C@@H]2O[C@H](C)[C@@H](O[C@H]3C[C@@](C)(OC(=O)CCC=O)[C@@H](O)[C@H](C)O3)[C@H](N(C)C)[C@H]2O)[C@@H](CC=O)C[C@@H](C)C(=O)/C=C/C(C)=C/[C@@H]1CO[C@@H]1O[C@H](C)[C@@H](O)[C@@H](OC)[C@H]1OC,CC[C@H]1OC(=O)C[C@@H](O)[C@H](C)[C@@H](O[C@@H]2O[C@H](C)[C@@H](O[C@H]3C[C@@](C)(OC(=O)CCC=O)[C@@H](O)[C@H](C)O3)[C@H](N(C)C)[C@H]2O)[C@@H](CC=O)C[C@@H](C)C(=O)/C=C/C(C)=C/[C@@H]1CO[C@@H]1O[C@H](C)[C@@H](O)[C@@H](OC)[C@H]1OC,TRUE,,-1.259
tylosin,Tylosin (Ì©ÀÖ¾úËØ),REF_TYLOSIN,repository_reference,O44_attached_to_C24,44,24,C,MPM00863,PEP,C=C(OP(=O)(O)O)C(=O)O,1,C=C(OP(=O)(O)O)C(=O)O[C@H]1[C@H](O[C@H]2[C@@H](CC=O)C[C@@H](C)C(=O)/C=C/C(C)=C/[C@H](CO[C@@H]3O[C@H](C)[C@@H](O)[C@@H](OC)[C@H]3OC)[C@@H](CC)OC(=O)C[C@@H](O)[C@@H]2C)O[C@H](C)[C@@H](O[C@H]2C[C@@](C)(O)[C@@H](O)[C@H](C)O2)[C@@H]1N(C)C,C=C(OP(=O)(O)O)C(=O)O[C@H]1[C@H](O[C@H]2[C@@H](CC=O)C[C@@H](C)C(=O)/C=C/C(C)=C/[C@H](CO[C@@H]3O[C@H](C)[C@@H](O)[C@@H](OC)[C@H]3OC)[C@@H](CC)OC(=O)C[C@@H](O)[C@@H]2C)O[C@H](C)[C@@H](O[C@H]2C[C@@](C)(O)[C@@H](O)[C@H](C)O2)[C@@H]1N(C)C,TRUE,,-1.045
tylosin,Tylosin (Ì©ÀÖ¾úËØ),REF_TYLOSIN,repository_reference,O44_attached_to_C24,44,24,C,MPM00921,Pyroracemic acid,CC(=O)C(=O)O,1,CC[C@H]1OC(=O)C[C@@H](O)[C@H](C)[C@@H](O[C@@H]2O[C@H](C)[C@@H](O[C@H]3C[C@@](C)(O)[C@@H](O)[C@H](C)O3)[C@H](N(C)C)[C@H]2OC(=O)C(C)=O)[C@@H](CC=O)C[C@@H](C)C(=O)/C=C/C(C)=C/[C@@H]1CO[C@@H]1O[C@H](C)[C@@H](O)[C@@H](OC)[C@H]1OC,CC[C@H]1OC(=O)C[C@@H](O)[C@H](C)[C@@H](O[C@@H]2O[C@H](C)[C@@H](O[C@H]3C[C@@](C)(O)[C@@H](O)[C@H](C)O3)[C@H](N(C)C)[C@H]2OC(=O)C(C)=O)[C@@H](CC=O)C[C@@H](C)C(=O)/C=C/C(C)=C/[C@@H]1CO[C@@H]1O[C@H](C)[C@@H](O)[C@@H](OC)[C@H]1OC,TRUE,,-0.848
tylosin,Tylosin (Ì©ÀÖ¾úËØ),REF_TYLOSIN,repository_reference,O44_attached_to_C24,44,24,C,MPM00036,(2S)-2-Hydroxy-2-methyl-3-oxobutanoate,CC(=O)C(C)(O)C(=O)O,1,CC[C@H]1OC(=O)C[C@@H](O)[C@H](C)[C@@H](O[C@@H]2O[C@H](C)[C@@H](O[C@H]3C[C@@](C)(O)[C@@H](O)[C@H](C)O3)[C@H](N(C)C)[C@H]2OC(=O)C(C)(O)C(C)=O)[C@@H](CC=O)C[C@@H](C)C(=O)/C=C/C(C)=C/[C@@H]1CO[C@@H]1O[C@H](C)[C@@H](O)[C@@H](OC)[C@H]1OC,CC[C@H]1OC(=O)C[C@@H](O)[C@H](C)[C@@H](O[C@@H]2O[C@H](C)[C@@H](O[C@H]3C[C@@](C)(O)[C@@H](O)[C@H](C)O3)[C@H](N(C)C)[C@H]2OC(=O)C(C)(O)C(C)=O)[C@@H](CC=O)C[C@@H](C)C(=O)/C=C/C(C)=C/[C@@H]1CO[C@@H]1O[C@H](C)[C@@H](O)[C@@H](OC)[C@H]1OC,TRUE,,-1.516
tylosin,Tylosin (Ì©ÀÖ¾úËØ),REF_TYLOSIN,repository_reference,O44_attached_to_C24,44,24,C,MPM01075,(S)-2-Amino-3-oxobutanoic acid,CC(=O)C(N)C(=O)O,1,CC[C@H]1OC(=O)C[C@@H](O)[C@H](C)[C@@H](O[C@@H]2O[C@H](C)[C@@H](O[C@H]3C[C@@](C)(O)[C@@H](O)[C@H](C)O3)[C@H](N(C)C)[C@H]2OC(=O)C(N)C(C)=O)[C@@H](CC=O)C[C@@H](C)C(=O)/C=C/C(C)=C/[C@@H]1CO[C@@H]1O[C@H](C)[C@@H](O)[C@@H](OC)[C@H]1OC,CC[C@H]1OC(=O)C[C@@H](O)[C@H](C)[C@@H](O[C@@H]2O[C@H](C)[C@@H](O[C@H]3C[C@@](C)(O)[C@@H](O)[C@H](C)O3)[C@H](N(C)C)[C@H]2OC(=O)C(N)C(C)=O)[C@@H](CC=O)C[C@@H](C)C(=O)/C=C/C(C)=C/[C@@H]1CO[C@@H]1O[C@H](C)[C@@H](O)[C@@H](OC)[C@H]1OC,TRUE,,-0.796
tylosin,Tylosin (Ì©ÀÖ¾úËØ),REF_TYLOSIN,repository_reference,O44_attached_to_C24,44,24,C,MPM00419,Acetoacetic acid,CC(=O)CC(=O)O,1,CC[C@H]1OC(=O)C[C@@H](O)[C@H](C)[C@@H](O[C@@H]2O[C@H](C)[C@@H](O[C@H]3C[C@@](C)(O)[C@@H](O)[C@H](C)O3)[C@H](N(C)C)[C@H]2OC(=O)CC(C)=O)[C@@H](CC=O)C[C@@H](C)C(=O)/C=C/C(C)=C/[C@@H]1CO[C@@H]1O[C@H](C)[C@@H](O)[C@@H](OC)[C@H]1OC,CC[C@H]1OC(=O)C[C@@H](O)[C@H](C)[C@@H](O[C@@H]2O[C@H](C)[C@@H](O[C@H]3C[C@@](C)(O)[C@@H](O)[C@H](C)O3)[C@H](N(C)C)[C@H]2OC(=O)CC(C)=O)[C@@H](CC=O)C[C@@H](C)C(=O)/C=C/C(C)=C/[C@@H]1CO[C@@H]1O[C@H](C)[C@@H](O)[C@@H](OC)[C@H]1OC,TRUE,,-0.961
tylosin,Tylosin (Ì©ÀÖ¾úËØ),REF_TYLOSIN,repository_reference,O44_attached_to_C24,44,24,C,MPM00188,2-Acetamido-5-oxopentanoate,CC(=O)NC(CCC=O)C(=O)O,1,CC[C@H]1OC(=O)C[C@@H](O)[C@H](C)[C@@H](O[C@@H]2O[C@H](C)[C@@H](O[C@H]3C[C@@](C)(O)[C@@H](O)[C@H](C)O3)[C@H](N(C)C)[C@H]2OC(=O)C(CCC=O)NC(C)=O)[C@@H](CC=O)C[C@@H](C)C(=O)/C=C/C(C)=C/[C@@H]1CO[C@@H]1O[C@H](C)[C@@H](O)[C@@H](OC)[C@H]1OC,CC[C@H]1OC(=O)C[C@@H](O)[C@H](C)[C@@H](O[C@@H]2O[C@H](C)[C@@H](O[C@H]3C[C@@](C)(O)[C@@H](O)[C@H](C)O3)[C@H](N(C)C)[C@H]2OC(=O)C(CCC=O)NC(C)=O)[C@@H](CC=O)C[C@@H](C)C(=O)/C=C/C(C)=C/[C@@H]1CO[C@@H]1O[C@H](C)[C@@H](O)[C@@H](OC)[C@H]1OC,TRUE,,-1.504
tylosin,Tylosin (Ì©ÀÖ¾úËØ),REF_TYLOSIN,repository_reference,O44_attached_to_C24,44,24,C,MPM01517,N2-Acetyl-L-ornithine,CC(=O)NC(CCCN)C(=O)O,1,CC[C@H]1OC(=O)C[C@@H](O)[C@H](C)[C@@H](O[C@@H]2O[C@H](C)[C@@H](O[C@H]3C[C@@](C)(O)[C@@H](O)[C@H](C)O3)[C@H](N(C)C)[C@H]2OC(=O)C(CCCN)NC(C)=O)[C@@H](CC=O)C[C@@H](C)C(=O)/C=C/C(C)=C/[C@@H]1CO[C@@H]1O[C@H](C)[C@@H](O)[C@@H](OC)[C@H]1OC,CC[C@H]1OC(=O)C[C@@H](O)[C@H](C)[C@@H](O[C@@H]2O[C@H](C)[C@@H](O[C@H]3C[C@@](C)(O)[C@@H](O)[C@H](C)O3)[C@H](N(C)C)[C@H]2OC(=O)C(CCCN)NC(C)=O)[C@@H](CC=O)C[C@@H](C)C(=O)/C=C/C(C)=C/[C@@H]1CO[C@@H]1O[C@H](C)[C@@H](O)[C@@H](OC)[C@H]1OC,TRUE,,-0.82
tylosin,Tylosin (Ì©ÀÖ¾úËØ),REF_TYLOSIN,repository_reference,O44_attached_to_C24,44,24,C,MPM00819,Neu5Ac,CC(=O)NC1C(O)CC(O)(C(=O)O)OC1C(O)C(O)CO,1,CC[C@H]1OC(=O)C[C@@H](O)[C@H](C)[C@@H](O[C@@H]2O[C@H](C)[C@@H](O[C@H]3C[C@@](C)(O)[C@@H](O)[C@H](C)O3)[C@H](N(C)C)[C@H]2OC(=O)C2(O)CC(O)C(NC(C)=O)C(C(O)C(O)CO)O2)[C@@H](CC=O)C[C@@H](C)C(=O)/C=C/C(C)=C/[C@@H]1CO[C@@H]1O[C@H](C)[C@@H](O)[C@@H](OC)[C@H]1OC,CC[C@H]1OC(=O)C[C@@H](O)[C@H](C)[C@@H](O[C@@H]2O[C@H](C)[C@@H](O[C@H]3C[C@@](C)(O)[C@@H](O)[C@H](C)O3)[C@H](N(C)C)[C@H]2OC(=O)C2(O)CC(O)C(NC(C)=O)C(C(O)C(O)CO)O2)[C@@H](CC=O)C[C@@H](C)C(=O)/C=C/C(C)=C/[C@@H]1CO[C@@H]1O[C@H](C)[C@@H](O)[C@@H](OC)[C@H]1OC,TRUE,,-2.293
tylosin,Tylosin (Ì©ÀÖ¾úËØ),REF_TYLOSIN,repository_reference,O44_attached_to_C24,44,24,C,MPM00806,N-Acetyl-D-muramoate,CC(=O)NC1C(O)OC(CO)C(O)C1OC(C)C(=O)O,1,CC[C@H]1OC(=O)C[C@@H](O)[C@H](C)[C@@H](O[C@@H]2O[C@H](C)[C@@H](O[C@H]3C[C@@](C)(O)[C@@H](O)[C@H](C)O3)[C@H](N(C)C)[C@H]2OC(=O)C(C)OC2C(O)C(CO)OC(O)C2NC(C)=O)[C@@H](CC=O)C[C@@H](C)C(=O)/C=C/C(C)=C/[C@@H]1CO[C@@H]1O[C@H](C)[C@@H](O)[C@@H](OC)[C@H]1OC,CC[C@H]1OC(=O)C[C@@H](O)[C@H](C)[C@@H](O[C@@H]2O[C@H](C)[C@@H](O[C@H]3C[C@@](C)(O)[C@@H](O)[C@H](C)O3)[C@H](N(C)C)[C@H]2OC(=O)C(C)OC2C(O)C(CO)OC(O)C2NC(C)=O)[C@@H](CC=O)C[C@@H](C)C(=O)/C=C/C(C)=C/[C@@H]1CO[C@@H]1O[C@H](C)[C@@H](O)[C@@H](OC)[C@H]1OC,TRUE,,-1.933
tylosin,Tylosin (Ì©ÀÖ¾úËØ),REF_TYLOSIN,repository_reference,O44_attached_to_C24,44,24,C,MPM00632,Ethanoic acid,CC(=O)O,1,CC[C@H]1OC(=O)C[C@@H](O)[C@H](C)[C@@H](O[C@@H]2O[C@H](C)[C@@H](O[C@H]3C[C@@](C)(O)[C@@H](O)[C@H](C)O3)[C@H](N(C)C)[C@H]2OC(C)=O)[C@@H](CC=O)C[C@@H](C)C(=O)/C=C/C(C)=C/[C@@H]1CO[C@@H]1O[C@H](C)[C@@H](O)[C@@H](OC)[C@H]1OC,CC[C@H]1OC(=O)C[C@@H](O)[C@H](C)[C@@H](O[C@@H]2O[C@H](C)[C@@H](O[C@H]3C[C@@](C)(O)[C@@H](O)[C@H](C)O3)[C@H](N(C)C)[C@H]2OC(C)=O)[C@@H](CC=O)C[C@@H](C)C(=O)/C=C/C(C)=C/[C@@H]1CO[C@@H]1O[C@H](C)[C@@H](O)[C@@H](OC)[C@H]1OC,TRUE,,-0.898
tylosin,Tylosin (Ì©ÀÖ¾úËØ),REF_TYLOSIN,repository_reference,O44_attached_to_C24,44,24,C,MPM01530,O3-Acetyl-L-serine,CC(=O)OCC(N)C(=O)O,1,CC[C@H]1OC(=O)C[C@@H](O)[C@H](C)[C@@H](O[C@@H]2O[C@H](C)[C@@H](O[C@H]3C[C@@](C)(O)[C@@H](O)[C@H](C)O3)[C@H](N(C)C)[C@H]2OC(=O)C(N)COC(C)=O)[C@@H](CC=O)C[C@@H](C)C(=O)/C=C/C(C)=C/[C@@H]1CO[C@@H]1O[C@H](C)[C@@H](O)[C@@H](OC)[C@H]1OC,CC[C@H]1OC(=O)C[C@@H](O)[C@H](C)[C@@H](O[C@@H]2O[C@H](C)[C@@H](O[C@H]3C[C@@](C)(O)[C@@H](O)[C@H](C)O3)[C@H](N(C)C)[C@H]2OC(=O)C(N)COC(C)=O)[C@@H](CC=O)C[C@@H](C)C(=O)/C=C/C(C)=C/[C@@H]1CO[C@@H]1O[C@H](C)[C@@H](O)[C@@H](OC)[C@H]1OC,TRUE,,-0.648
tylosin,Tylosin (Ì©ÀÖ¾úËØ),REF_TYLOSIN,repository_reference,O44_attached_to_C24,44,24,C,MPM01531,O-Acetylhomoserine,CC(=O)OCCC(N)C(=O)O,1,CC[C@H]1OC(=O)C[C@@H](O)[C@H](C)[C@@H](O[C@@H]2O[C@H](C)[C@@H](O[C@H]3C[C@@](C)(O)[C@@H](O)[C@H](C)O3)[C@H](N(C)C)[C@H]2OC(=O)C(N)CCOC(C)=O)[C@@H](CC=O)C[C@@H](C)C(=O)/C=C/C(C)=C/[C@@H]1CO[C@@H]1O[C@H](C)[C@@H](O)[C@@H](OC)[C@H]1OC,CC[C@H]1OC(=O)C[C@@H](O)[C@H](C)[C@@H](O[C@@H]2O[C@H](C)[C@@H](O[C@H]3C[C@@](C)(O)[C@@H](O)[C@H](C)O3)[C@H](N(C)C)[C@H]2OC(=O)C(N)CCOC(C)=O)[C@@H](CC=O)C[C@@H](C)C(=O)/C=C/C(C)=C/[C@@H]1CO[C@@H]1O[C@H](C)[C@@H](O)[C@@H](OC)[C@H]1OC,TRUE,,-0.835
tylosin,Tylosin (Ì©ÀÖ¾úËØ),REF_TYLOSIN,repository_reference,O44_attached_to_C24,44,24,C,MPM00396,6-Acetylthiohexanoic acid,CC(=O)SCCCCCC(=O)O,1,CC[C@H]1OC(=O)C[C@@H](O)[C@H](C)[C@@H](O[C@@H]2O[C@H](C)[C@@H](O[C@H]3C[C@@](C)(O)[C@@H](O)[C@H](C)O3)[C@H](N(C)C)[C@H]2OC(=O)CCCCCSC(C)=O)[C@@H](CC=O)C[C@@H](C)C(=O)/C=C/C(C)=C/[C@@H]1CO[C@@H]1O[C@H](C)[C@@H](O)[C@@H](OC)[C@H]1OC,CC[C@H]1OC(=O)C[C@@H](O)[C@H](C)[C@@H](O[C@@H]2O[C@H](C)[C@@H](O[C@H]3C[C@@](C)(O)[C@@H](O)[C@H](C)O3)[C@H](N(C)C)[C@H]2OC(=O)CCCCCSC(C)=O)[C@@H](CC=O)C[C@@H](C)C(=O)/C=C/C(C)=C/[C@@H]1CO[C@@H]1O[C@H](C)[C@@H](O)[C@@H](OC)[C@H]1OC,TRUE,,-1.871
tylosin,Tylosin (Ì©ÀÖ¾úËØ),REF_TYLOSIN,repository_reference,O44_attached_to_C24,44,24,C,MPM00215,2-Dehydropantoate,CC(C)(CO)C(=O)C(=O)O,1,CC[C@H]1OC(=O)C[C@@H](O)[C@H](C)[C@@H](O[C@@H]2O[C@H](C)[C@@H](O[C@H]3C[C@@](C)(O)[C@@H](O)[C@H](C)O3)[C@H](N(C)C)[C@H]2OC(=O)C(=O)C(C)(C)CO)[C@@H](CC=O)C[C@@H](C)C(=O)/C=C/C(C)=C/[C@@H]1CO[C@@H]1O[C@H](C)[C@@H](O)[C@@H](OC)[C@H]1OC,CC[C@H]1OC(=O)C[C@@H](O)[C@H](C)[C@@H](O[C@@H]2O[C@H](C)[C@@H](O[C@H]3C[C@@](C)(O)[C@@H](O)[C@H](C)O3)[C@H](N(C)C)[C@H]2OC(=O)C(=O)C(C)(C)CO)[C@@H](CC=O)C[C@@H](C)C(=O)/C=C/C(C)=C/[C@@H]1CO[C@@H]1O[C@H](C)[C@@H](O)[C@@H](OC)[C@H]1OC,TRUE,,-0.722
tylosin,Tylosin (Ì©ÀÖ¾úËØ),REF_TYLOSIN,repository_reference,O44_attached_to_C24,44,24,C,MPM00831,N-Pantothenoylcysteine,CC(C)(CO)C(O)C(=O)NCCC(=O)NC(CS)C(=O)O,1,CC[C@H]1OC(=O)C[C@@H](O)[C@H](C)[C@@H](O[C@@H]2O[C@H](C)[C@@H](O[C@H]3C[C@@](C)(O)[C@@H](O)[C@H](C)O3)[C@H](N(C)C)[C@H]2OC(=O)C(CS)NC(=O)CCNC(=O)C(O)C(C)(C)CO)[C@@H](CC=O)C[C@@H](C)C(=O)/C=C/C(C)=C/[C@@H]1CO[C@@H]1O[C@H](C)[C@@H](O)[C@@H](OC)[C@H]1OC,CC[C@H]1OC(=O)C[C@@H](O)[C@H](C)[C@@H](O[C@@H]2O[C@H](C)[C@@H](O[C@H]3C[C@@](C)(O)[C@@H](O)[C@H](C)O3)[C@H](N(C)C)[C@H]2OC(=O)C(CS)NC(=O)CCNC(=O)C(O)C(C)(C)CO)[C@@H](CC=O)C[C@@H](C)C(=O)/C=C/C(C)=C/[C@@H]1CO[C@@H]1O[C@H](C)[C@@H](O)[C@@H](OC)[C@H]1OC,TRUE,,-2.691
tylosin,Tylosin (Ì©ÀÖ¾úËØ),REF_TYLOSIN,repository_reference,O44_attached_to_C24,44,24,C,MPM00087,(R)-Pantothenate,CC(C)(CO)C(O)C(=O)NCCC(=O)O,1,CC[C@H]1OC(=O)C[C@@H](O)[C@H](C)[C@@H](O[C@@H]2O[C@H](C)[C@@H](O[C@H]3C[C@@](C)(O)[C@@H](O)[C@H](C)O3)[C@H](N(C)C)[C@H]2OC(=O)CCNC(=O)C(O)C(C)(C)CO)[C@@H](CC=O)C[C@@H](C)C(=O)/C=C/C(C)=C/[C@@H]1CO[C@@H]1O[C@H](C)[C@@H](O)[C@@H](OC)[C@H]1OC,CC[C@H]1OC(=O)C[C@@H](O)[C@H](C)[C@@H](O[C@@H]2O[C@H](C)[C@@H](O[C@H]3C[C@@](C)(O)[C@@H](O)[C@H](C)O3)[C@H](N(C)C)[C@H]2OC(=O)CCNC(=O)C(O)C(C)(C)CO)[C@@H](CC=O)C[C@@H](C)C(=O)/C=C/C(C)=C/[C@@H]1CO[C@@H]1O[C@H](C)[C@@H](O)[C@@H](OC)[C@H]1OC,TRUE,,-1.117
tylosin,Tylosin (Ì©ÀÖ¾úËØ),REF_TYLOSIN,repository_reference,O44_attached_to_C24,44,24,C,MPM00080,(R)-4'-Phosphopantothenate,CC(C)(COP(=O)(O)O)C(O)C(=O)NCCC(=O)O,1,CC[C@H]1OC(=O)C[C@@H](O)[C@H](C)[C@@H](O[C@@H]2O[C@H](C)[C@@H](O[C@H]3C[C@@](C)(O)[C@@H](O)[C@H](C)O3)[C@H](N(C)C)[C@H]2OC(=O)CCNC(=O)C(O)C(C)(C)COP(=O)(O)O)[C@@H](CC=O)C[C@@H](C)C(=O)/C=C/C(C)=C/[C@@H]1CO[C@@H]1O[C@H](C)[C@@H](O)[C@@H](OC)[C@H]1OC,CC[C@H]1OC(=O)C[C@@H](O)[C@H](C)[C@@H](O[C@@H]2O[C@H](C)[C@@H](O[C@H]3C[C@@](C)(O)[C@@H](O)[C@H](C)O3)[C@H](N(C)C)[C@H]2OC(=O)CCNC(=O)C(O)C(C)(C)COP(=O)(O)O)[C@@H](CC=O)C[C@@H](C)C(=O)/C=C/C(C)=C/[C@@H]1CO[C@@H]1O[C@H](C)[C@@H](O)[C@@H](OC)[C@H]1OC,TRUE,,-1.521
tylosin,Tylosin (Ì©ÀÖ¾úËØ),REF_TYLOSIN,repository_reference,O44_attached_to_C24,44,24,C,MPM00026,"(2R)-2,3-Dihydroxy-3-methylbutanoate",CC(C)(O)C(O)C(=O)O,1,CC[C@H]1OC(=O)C[C@@H](O)[C@H](C)[C@@H](O[C@@H]2O[C@H](C)[C@@H](O[C@H]3C[C@@](C)(O)[C@@H](O)[C@H](C)O3)[C@H](N(C)C)[C@H]2OC(=O)C(O)C(C)(C)O)[C@@H](CC=O)C[C@@H](C)C(=O)/C=C/C(C)=C/[C@@H]1CO[C@@H]1O[C@H](C)[C@@H](O)[C@@H](OC)[C@H]1OC,CC[C@H]1OC(=O)C[C@@H](O)[C@H](C)[C@@H](O[C@@H]2O[C@H](C)[C@@H](O[C@H]3C[C@@](C)(O)[C@@H](O)[C@H](C)O3)[C@H](N(C)C)[C@H]2OC(=O)C(O)C(C)(C)O)[C@@H](CC=O)C[C@@H](C)C(=O)/C=C/C(C)=C/[C@@H]1CO[C@@H]1O[C@H](C)[C@@H](O)[C@@H](OC)[C@H]1OC,TRUE,,-1.257
tylosin,Tylosin (Ì©ÀÖ¾úËØ),REF_TYLOSIN,repository_reference,O44_attached_to_C24,44,24,C,MPM00242,2-Keto-3-methylbutyric acid,CC(C)C(=O)C(=O)O,1,CC[C@H]1OC(=O)C[C@@H](O)[C@H](C)[C@@H](O[C@@H]2O[C@H](C)[C@@H](O[C@H]3C[C@@](C)(O)[C@@H](O)[C@H](C)O3)[C@H](N(C)C)[C@H]2OC(=O)C(=O)C(C)C)[C@@H](CC=O)C[C@@H](C)C(=O)/C=C/C(C)=C/[C@@H]1CO[C@@H]1O[C@H](C)[C@@H](O)[C@@H](OC)[C@H]1OC,CC[C@H]1OC(=O)C[C@@H](O)[C@H](C)[C@@H](O[C@@H]2O[C@H](C)[C@@H](O[C@H]3C[C@@](C)(O)[C@@H](O)[C@H](C)O3)[C@H](N(C)C)[C@H]2OC(=O)C(=O)C(C)C)[C@@H](CC=O)C[C@@H](C)C(=O)/C=C/C(C)=C/[C@@H]1CO[C@@H]1O[C@H](C)[C@@H](O)[C@@H](OC)[C@H]1OC,TRUE,,-0.909
tylosin,Tylosin (Ì©ÀÖ¾úËØ),REF_TYLOSIN,repository_reference,O44_attached_to_C24,44,24,C,MPM00716,Isobutyrate,CC(C)C(=O)O,1,CC[C@H]1OC(=O)C[C@@H](O)[C@H](C)[C@@H](O[C@@H]2O[C@H](C)[C@@H](O[C@H]3C[C@@](C)(O)[C@@H](O)[C@H](C)O3)[C@H](N(C)C)[C@H]2OC(=O)C(C)C)[C@@H](CC=O)C[C@@H](C)C(=O)/C=C/C(C)=C/[C@@H]1CO[C@@H]1O[C@H](C)[C@@H](O)[C@@H](OC)[C@H]1OC,CC[C@H]1OC(=O)C[C@@H](O)[C@H](C)[C@@H](O[C@@H]2O[C@H](C)[C@@H](O[C@H]3C[C@@](C)(O)[C@@H](O)[C@H](C)O3)[C@H](N(C)C)[C@H]2OC(=O)C(C)C)[C@@H](CC=O)C[C@@H](C)C(=O)/C=C/C(C)=C/[C@@H]1CO[C@@H]1O[C@H](C)[C@@H](O)[C@@H](OC)[C@H]1OC,TRUE,,-0.971
tylosin,Tylosin (Ì©ÀÖ¾úËØ),REF_TYLOSIN,repository_reference,O44_attached_to_C24,44,24,C,MPM01137,2-Amino-3-methylbutyric acid,CC(C)C(N)C(=O)O,1,CC[C@H]1OC(=O)C[C@@H](O)[C@H](C)[C@@H](O[C@@H]2O[C@H](C)[C@@H](O[C@H]3C[C@@](C)(O)[C@@H](O)[C@H](C)O3)[C@H](N(C)C)[C@H]2OC(=O)C(N)C(C)C)[C@@H](CC=O)C[C@@H](C)C(=O)/C=C/C(C)=C/[C@@H]1CO[C@@H]1O[C@H](C)[C@@H](O)[C@@H](OC)[C@H]1OC,CC[C@H]1OC(=O)C[C@@H](O)[C@H](C)[C@@H](O[C@@H]2O[C@H](C)[C@@H](O[C@H]3C[C@@](C)(O)[C@@H](O)[C@H](C)O3)[C@H](N(C)C)[C@H]2OC(=O)C(N)C(C)C)[C@@H](CC=O)C[C@@H](C)C(=O)/C=C/C(C)=C/[C@@H]1CO[C@@H]1O[C@H](C)[C@@H](O)[C@@H](OC)[C@H]1OC,TRUE,,-0.936
tylosin,Tylosin (Ì©ÀÖ¾úËØ),REF_TYLOSIN,repository_reference,O44_attached_to_C24,44,24,C,MPM00260,2-Oxoisocaproate,CC(C)CC(=O)C(=O)O,1,CC[C@H]1OC(=O)C[C@@H](O)[C@H](C)[C@@H](O[C@@H]2O[C@H](C)[C@@H](O[C@H]3C[C@@](C)(O)[C@@H](O)[C@H](C)O3)[C@H](N(C)C)[C@H]2OC(=O)C(=O)CC(C)C)[C@@H](CC=O)C[C@@H](C)C(=O)/C=C/C(C)=C/[C@@H]1CO[C@@H]1O[C@H](C)[C@@H](O)[C@@H](OC)[C@H]1OC,CC[C@H]1OC(=O)C[C@@H](O)[C@H](C)[C@@H](O[C@@H]2O[C@H](C)[C@@H](O[C@H]3C[C@@](C)(O)[C@@H](O)[C@H](C)O3)[C@H](N(C)C)[C@H]2OC(=O)C(=O)CC(C)C)[C@@H](CC=O)C[C@@H](C)C(=O)/C=C/C(C)=C/[C@@H]1CO[C@@H]1O[C@H](C)[C@@H](O)[C@@H](OC)[C@H]1OC,TRUE,,-1.138
tylosin,Tylosin (Ì©ÀÖ¾úËØ),REF_TYLOSIN,repository_reference,O44_attached_to_C24,44,24,C,MPM00720,Isovalerate,CC(C)CC(=O)O,1,CC[C@H]1OC(=O)C[C@@H](O)[C@H](C)[C@@H](O[C@@H]2O[C@H](C)[C@@H](O[C@H]3C[C@@](C)(O)[C@@H](O)[C@H](C)O3)[C@H](N(C)C)[C@H]2OC(=O)CC(C)C)[C@@H](CC=O)C[C@@H](C)C(=O)/C=C/C(C)=C/[C@@H]1CO[C@@H]1O[C@H](C)[C@@H](O)[C@@H](OC)[C@H]1OC,CC[C@H]1OC(=O)C[C@@H](O)[C@H](C)[C@@H](O[C@@H]2O[C@H](C)[C@@H](O[C@H]3C[C@@](C)(O)[C@@H](O)[C@H](C)O3)[C@H](N(C)C)[C@H]2OC(=O)CC(C)C)[C@@H](CC=O)C[C@@H](C)C(=O)/C=C/C(C)=C/[C@@H]1CO[C@@H]1O[C@H](C)[C@@H](O)[C@@H](OC)[C@H]1OC,TRUE,,-1.2
tylosin,Tylosin (Ì©ÀÖ¾úËØ),REF_TYLOSIN,repository_reference,O44_attached_to_C24,44,24,C,MPM01055,(2S)-alpha-Leucine,CC(C)CC(N)C(=O)O,1,CC[C@H]1OC(=O)C[C@@H](O)[C@H](C)[C@@H](O[C@@H]2O[C@H](C)[C@@H](O[C@H]3C[C@@](C)(O)[C@@H](O)[C@H](C)O3)[C@H](N(C)C)[C@H]2OC(=O)C(N)CC(C)C)[C@@H](CC=O)C[C@@H](C)C(=O)/C=C/C(C)=C/[C@@H]1CO[C@@H]1O[C@H](C)[C@@H](O)[C@@H](OC)[C@H]1OC,CC[C@H]1OC(=O)C[C@@H](O)[C@H](C)[C@@H](O[C@@H]2O[C@H](C)[C@@H](O[C@H]3C[C@@](C)(O)[C@@H](O)[C@H](C)O3)[C@H](N(C)C)[C@H]2OC(=O)C(N)CC(C)C)[C@@H](CC=O)C[C@@H](C)C(=O)/C=C/C(C)=C/[C@@H]1CO[C@@H]1O[C@H](C)[C@@H](O)[C@@H](OC)[C@H]1OC,TRUE,,-1.018
tylosin,Tylosin (Ì©ÀÖ¾úËØ),REF_TYLOSIN,repository_reference,O44_attached_to_C24,44,24,C,MPM00737,l-Alanyl-l-leucine,CC(C)CC(NC(=O)C(C)N)C(=O)O,1,CC[C@H]1OC(=O)C[C@@H](O)[C@H](C)[C@@H](O[C@@H]2O[C@H](C)[C@@H](O[C@H]3C[C@@](C)(O)[C@@H](O)[C@H](C)O3)[C@H](N(C)C)[C@H]2OC(=O)C(CC(C)C)NC(=O)C(C)N)[C@@H](CC=O)C[C@@H](C)C(=O)/C=C/C(C)=C/[C@@H]1CO[C@@H]1O[C@H](C)[C@@H](O)[C@@H](OC)[C@H]1OC,CC[C@H]1OC(=O)C[C@@H](O)[C@H](C)[C@@H](O[C@@H]2O[C@H](C)[C@@H](O[C@H]3C[C@@](C)(O)[C@@H](O)[C@H](C)O3)[C@H](N(C)C)[C@H]2OC(=O)C(CC(C)C)NC(=O)C(C)N)[C@@H](CC=O)C[C@@H](C)C(=O)/C=C/C(C)=C/[C@@H]1CO[C@@H]1O[C@H](C)[C@@H](O)[C@@H](OC)[C@H]1OC,TRUE,,-1.168
tylosin,Tylosin (Ì©ÀÖ¾úËØ),REF_TYLOSIN,repository_reference,O44_attached_to_C24,44,24,C,MPM00675,Glycyl-L-leucine,CC(C)CC(NC(=O)CN)C(=O)O,1,CC[C@H]1OC(=O)C[C@@H](O)[C@H](C)[C@@H](O[C@@H]2O[C@H](C)[C@@H](O[C@H]3C[C@@](C)(O)[C@@H](O)[C@H](C)O3)[C@H](N(C)C)[C@H]2OC(=O)C(CC(C)C)NC(=O)CN)[C@@H](CC=O)C[C@@H](C)C(=O)/C=C/C(C)=C/[C@@H]1CO[C@@H]1O[C@H](C)[C@@H](O)[C@@H](OC)[C@H]1OC,CC[C@H]1OC(=O)C[C@@H](O)[C@H](C)[C@@H](O[C@@H]2O[C@H](C)[C@@H](O[C@H]3C[C@@](C)(O)[C@@H](O)[C@H](C)O3)[C@H](N(C)C)[C@H]2OC(=O)C(CC(C)C)NC(=O)CN)[C@@H](CC=O)C[C@@H](C)C(=O)/C=C/C(C)=C/[C@@H]1CO[C@@H]1O[C@H](C)[C@@H](O)[C@@H](OC)[C@H]1OC,TRUE,,-0.791
tylosin,Tylosin (Ì©ÀÖ¾úËØ),REF_TYLOSIN,repository_reference,O44_attached_to_C24,44,24,C,MPM00108,(S)-methylmalonate semialdehyde,CC(C=O)C(=O)O,1,CC[C@H]1OC(=O)C[C@@H](O)[C@H](C)[C@@H](O[C@@H]2O[C@H](C)[C@@H](O[C@H]3C[C@@](C)(O)[C@@H](O)[C@H](C)O3)[C@H](N(C)C)[C@H]2OC(=O)C(C)C=O)[C@@H](CC=O)C[C@@H](C)C(=O)/C=C/C(C)=C/[C@@H]1CO[C@@H]1O[C@H](C)[C@@H](O)[C@@H](OC)[C@H]1OC,CC[C@H]1OC(=O)C[C@@H](O)[C@H](C)[C@@H](O[C@@H]2O[C@H](C)[C@@H](O[C@H]3C[C@@](C)(O)[C@@H](O)[C@H](C)O3)[C@H](N(C)C)[C@H]2OC(=O)C(C)C=O)[C@@H](CC=O)C[C@@H](C)C(=O)/C=C/C(C)=C/[C@@H]1CO[C@@H]1O[C@H](C)[C@@H](O)[C@@H](OC)[C@H]1OC,TRUE,,-1.118
tylosin,Tylosin (Ì©ÀÖ¾úËØ),REF_TYLOSIN,repository_reference,O44_attached_to_C24,44,24,C,MPM01359,D-Ala-D-Ala,CC(N)C(=O)NC(C)C(=O)O,1,CC[C@H]1OC(=O)C[C@@H](O)[C@H](C)[C@@H](O[C@@H]2O[C@H](C)[C@@H](O[C@H]3C[C@@](C)(O)[C@@H](O)[C@H](C)O3)[C@H](N(C)C)[C@H]2OC(=O)C(C)NC(=O)C(C)N)[C@@H](CC=O)C[C@@H](C)C(=O)/C=C/C(C)=C/[C@@H]1CO[C@@H]1O[C@H](C)[C@@H](O)[C@@H](OC)[C@H]1OC,CC[C@H]1OC(=O)C[C@@H](O)[C@H](C)[C@@H](O[C@@H]2O[C@H](C)[C@@H](O[C@H]3C[C@@](C)(O)[C@@H](O)[C@H](C)O3)[C@H](N(C)C)[C@H]2OC(=O)C(C)NC(=O)C(C)N)[C@@H](CC=O)C[C@@H](C)C(=O)/C=C/C(C)=C/[C@@H]1CO[C@@H]1O[C@H](C)[C@@H](O)[C@@H](OC)[C@H]1OC,TRUE,,-0.722
tylosin,Tylosin (Ì©ÀÖ¾úËØ),REF_TYLOSIN,repository_reference,O44_attached_to_C24,44,24,C,MPM00736,l-Alanyl-l-glutamine,CC(N)C(=O)NC(CCC(N)=O)C(=O)O,1,CC[C@H]1OC(=O)C[C@@H](O)[C@H](C)[C@@H](O[C@@H]2O[C@H](C)[C@@H](O[C@H]3C[C@@](C)(O)[C@@H](O)[C@H](C)O3)[C@H](N(C)C)[C@H]2OC(=O)C(CCC(N)=O)NC(=O)C(C)N)[C@@H](CC=O)C[C@@H](C)C(=O)/C=C/C(C)=C/[C@@H]1CO[C@@H]1O[C@H](C)[C@@H](O)[C@@H](OC)[C@H]1OC,CC[C@H]1OC(=O)C[C@@H](O)[C@H](C)[C@@H](O[C@@H]2O[C@H](C)[C@@H](O[C@H]3C[C@@](C)(O)[C@@H](O)[C@H](C)O3)[C@H](N(C)C)[C@H]2OC(=O)C(CCC(N)=O)NC(=O)C(C)N)[C@@H](CC=O)C[C@@H](C)C(=O)/C=C/C(C)=C/[C@@H]1CO[C@@H]1O[C@H](C)[C@@H](O)[C@@H](OC)[C@H]1OC,TRUE,,-0.704
tylosin,Tylosin (Ì©ÀÖ¾úËØ),REF_TYLOSIN,repository_reference,O44_attached_to_C24,44,24,C,MPM00440,Ala-His,CC(N)C(=O)NC(Cc1cnc[nH]1)C(=O)O,1,CC[C@H]1OC(=O)C[C@@H](O)[C@H](C)[C@@H](O[C@@H]2O[C@H](C)[C@@H](O[C@H]3C[C@@](C)(O)[C@@H](O)[C@H](C)O3)[C@H](N(C)C)[C@H]2OC(=O)C(Cc2cnc[nH]2)NC(=O)C(C)N)[C@@H](CC=O)C[C@@H](C)C(=O)/C=C/C(C)=C/[C@@H]1CO[C@@H]1O[C@H](C)[C@@H](O)[C@@H](OC)[C@H]1OC,CC[C@H]1OC(=O)C[C@@H](O)[C@H](C)[C@@H](O[C@@H]2O[C@H](C)[C@@H](O[C@H]3C[C@@](C)(O)[C@@H](O)[C@H](C)O3)[C@H](N(C)C)[C@H]2OC(=O)C(Cc2cnc[nH]2)NC(=O)C(C)N)[C@@H](CC=O)C[C@@H](C)C(=O)/C=C/C(C)=C/[C@@H]1CO[C@@H]1O[C@H](C)[C@@H](O)[C@@H](OC)[C@H]1OC,TRUE,,-0.968
tylosin,Tylosin (Ì©ÀÖ¾úËØ),REF_TYLOSIN,repository_reference,O44_attached_to_C24,44,24,C,MPM00441,Alanylglycine,CC(N)C(=O)NCC(=O)O,1,CC[C@H]1OC(=O)C[C@@H](O)[C@H](C)[C@@H](O[C@@H]2O[C@H](C)[C@@H](O[C@H]3C[C@@](C)(O)[C@@H](O)[C@H](C)O3)[C@H](N(C)C)[C@H]2OC(=O)CNC(=O)C(C)N)[C@@H](CC=O)C[C@@H](C)C(=O)/C=C/C(C)=C/[C@@H]1CO[C@@H]1O[C@H](C)[C@@H](O)[C@@H](OC)[C@H]1OC,CC[C@H]1OC(=O)C[C@@H](O)[C@H](C)[C@@H](O[C@@H]2O[C@H](C)[C@@H](O[C@H]3C[C@@](C)(O)[C@@H](O)[C@H](C)O3)[C@H](N(C)C)[C@H]2OC(=O)CNC(=O)C(C)N)[C@@H](CC=O)C[C@@H](C)C(=O)/C=C/C(C)=C/[C@@H]1CO[C@@H]1O[C@H](C)[C@@H](O)[C@@H](OC)[C@H]1OC,TRUE,,-0.533
tylosin,Tylosin (Ì©ÀÖ¾úËØ),REF_TYLOSIN,repository_reference,O44_attached_to_C24,44,24,C,MPM01358,D-Ala,CC(N)C(=O)O,1,CC[C@H]1OC(=O)C[C@@H](O)[C@H](C)[C@@H](O[C@@H]2O[C@H](C)[C@@H](O[C@H]3C[C@@](C)(O)[C@@H](O)[C@H](C)O3)[C@H](N(C)C)[C@H]2OC(=O)C(C)N)[C@@H](CC=O)C[C@@H](C)C(=O)/C=C/C(C)=C/[C@@H]1CO[C@@H]1O[C@H](C)[C@@H](O)[C@@H](OC)[C@H]1OC,CC[C@H]1OC(=O)C[C@@H](O)[C@H](C)[C@@H](O[C@@H]2O[C@H](C)[C@@H](O[C@H]3C[C@@](C)(O)[C@@H](O)[C@H](C)O3)[C@H](N(C)C)[C@H]2OC(=O)C(C)N)[C@@H](CC=O)C[C@@H](C)C(=O)/C=C/C(C)=C/[C@@H]1CO[C@@H]1O[C@H](C)[C@@H](O)[C@@H](OC)[C@H]1OC,TRUE,,-0.572
tylosin,Tylosin (Ì©ÀÖ¾úËØ),REF_TYLOSIN,repository_reference,O44_attached_to_C24,44,24,C,MPM00548,DAPA,CC(N)C(N)CCCCCC(=O)O,1,CC[C@H]1OC(=O)C[C@@H](O)[C@H](C)[C@@H](O[C@@H]2O[C@H](C)[C@@H](O[C@H]3C[C@@](C)(O)[C@@H](O)[C@H](C)O3)[C@H](N(C)C)[C@H]2OC(=O)CCCCCC(N)C(C)N)[C@@H](CC=O)C[C@@H](C)C(=O)/C=C/C(C)=C/[C@@H]1CO[C@@H]1O[C@H](C)[C@@H](O)[C@@H](OC)[C@H]1OC,CC[C@H]1OC(=O)C[C@@H](O)[C@H](C)[C@@H](O[C@@H]2O[C@H](C)[C@@H](O[C@H]3C[C@@](C)(O)[C@@H](O)[C@H](C)O3)[C@H](N(C)C)[C@H]2OC(=O)CCCCCC(N)C(C)N)[C@@H](CC=O)C[C@@H](C)C(=O)/C=C/C(C)=C/[C@@H]1CO[C@@H]1O[C@H](C)[C@@H](O)[C@@H](OC)[C@H]1OC,TRUE,,-1.086
tylosin,Tylosin (Ì©ÀÖ¾úËØ),REF_TYLOSIN,repository_reference,O44_attached_to_C24,44,24,C,MPM00031,"(2R,4S)-2,4-diaminopentanoic acid",CC(N)CC(N)C(=O)O,1,CC[C@H]1OC(=O)C[C@@H](O)[C@H](C)[C@@H](O[C@@H]2O[C@H](C)[C@@H](O[C@H]3C[C@@](C)(O)[C@@H](O)[C@H](C)O3)[C@H](N(C)C)[C@H]2OC(=O)C(N)CC(C)N)[C@@H](CC=O)C[C@@H](C)C(=O)/C=C/C(C)=C/[C@@H]1CO[C@@H]1O[C@H](C)[C@@H](O)[C@@H](OC)[C@H]1OC,CC[C@H]1OC(=O)C[C@@H](O)[C@H](C)[C@@H](O[C@@H]2O[C@H](C)[C@@H](O[C@H]3C[C@@](C)(O)[C@@H](O)[C@H](C)O3)[C@H](N(C)C)[C@H]2OC(=O)C(N)CC(C)N)[C@@H](CC=O)C[C@@H](C)C(=O)/C=C/C(C)=C/[C@@H]1CO[C@@H]1O[C@H](C)[C@@H](O)[C@@H](OC)[C@H]1OC,TRUE,,-0.644
tylosin,Tylosin (Ì©ÀÖ¾úËØ),REF_TYLOSIN,repository_reference,O44_attached_to_C24,44,24,C,MPM00051,"(3S,5S)-3,5-diaminohexanoic acid",CC(N)CC(N)CC(=O)O,1,CC[C@H]1OC(=O)C[C@@H](O)[C@H](C)[C@@H](O[C@@H]2O[C@H](C)[C@@H](O[C@H]3C[C@@](C)(O)[C@@H](O)[C@H](C)O3)[C@H](N(C)C)[C@H]2OC(=O)CC(N)CC(C)N)[C@@H](CC=O)C[C@@H](C)C(=O)/C=C/C(C)=C/[C@@H]1CO[C@@H]1O[C@H](C)[C@@H](O)[C@@H](OC)[C@H]1OC,CC[C@H]1OC(=O)C[C@@H](O)[C@H](C)[C@@H](O[C@@H]2O[C@H](C)[C@@H](O[C@H]3C[C@@](C)(O)[C@@H](O)[C@H](C)O3)[C@H](N(C)C)[C@H]2OC(=O)CC(N)CC(C)N)[C@@H](CC=O)C[C@@H](C)C(=O)/C=C/C(C)=C/[C@@H]1CO[C@@H]1O[C@H](C)[C@@H](O)[C@@H](OC)[C@H]1OC,TRUE,,-0.9
tylosin,Tylosin (Ì©ÀÖ¾úËØ),REF_TYLOSIN,repository_reference,O44_attached_to_C24,44,24,C,MPM00083,(R)-mevalonate,CC(O)(CCO)CC(=O)O,1,CC[C@H]1OC(=O)C[C@@H](O)[C@H](C)[C@@H](O[C@@H]2O[C@H](C)[C@@H](O[C@H]3C[C@@](C)(O)[C@@H](O)[C@H](C)O3)[C@H](N(C)C)[C@H]2OC(=O)CC(C)(O)CCO)[C@@H](CC=O)C[C@@H](C)C(=O)/C=C/C(C)=C/[C@@H]1CO[C@@H]1O[C@H](C)[C@@H](O)[C@@H](OC)[C@H]1OC,CC[C@H]1OC(=O)C[C@@H](O)[C@H](C)[C@@H](O[C@@H]2O[C@H](C)[C@@H](O[C@H]3C[C@@](C)(O)[C@@H](O)[C@H](C)O3)[C@H](N(C)C)[C@H]2OC(=O)CC(C)(O)CCO)[C@@H](CC=O)C[C@@H](C)C(=O)/C=C/C(C)=C/[C@@H]1CO[C@@H]1O[C@H](C)[C@@H](O)[C@@H](OC)[C@H]1OC,TRUE,,-1.333
tylosin,Tylosin (Ì©ÀÖ¾úËØ),REF_TYLOSIN,repository_reference,O44_attached_to_C24,44,24,C,MPM00081,(R)-5-Diphosphomevalonate,CC(O)(CCOP(=O)(O)OP(=O)(O)O)CC(=O)O,1,CC[C@H]1OC(=O)C[C@@H](O)[C@H](C)[C@@H](O[C@@H]2O[C@H](C)[C@@H](O[C@H]3C[C@@](C)(O)[C@@H](O)[C@H](C)O3)[C@H](N(C)C)[C@H]2OC(=O)CC(C)(O)CCOP(=O)(O)OP(=O)(O)O)[C@@H](CC=O)C[C@@H](C)C(=O)/C=C/C(C)=C/[C@@H]1CO[C@@H]1O[C@H](C)[C@@H](O)[C@@H](OC)[C@H]1OC,CC[C@H]1OC(=O)C[C@@H](O)[C@H](C)[C@@H](O[C@@H]2O[C@H](C)[C@@H](O[C@H]3C[C@@](C)(O)[C@@H](O)[C@H](C)O3)[C@H](N(C)C)[C@H]2OC(=O)CC(C)(O)CCOP(=O)(O)OP(=O)(O)O)[C@@H](CC=O)C[C@@H](C)C(=O)/C=C/C(C)=C/[C@@H]1CO[C@@H]1O[C@H](C)[C@@H](O)[C@@H](OC)[C@H]1OC,TRUE,,-2.218
tylosin,Tylosin (Ì©ÀÖ¾úËØ),REF_TYLOSIN,repository_reference,O44_attached_to_C24,44,24,C,MPM00543,D-2-Hydroxypropionic acid,CC(O)C(=O)O,1,CC[C@H]1OC(=O)C[C@@H](O)[C@H](C)[C@@H](O[C@@H]2O[C@H](C)[C@@H](O[C@H]3C[C@@](C)(O)[C@@H](O)[C@H](C)O3)[C@H](N(C)C)[C@H]2OC(=O)C(C)O)[C@@H](CC=O)C[C@@H](C)C(=O)/C=C/C(C)=C/[C@@H]1CO[C@@H]1O[C@H](C)[C@@H](O)[C@@H](OC)[C@H]1OC,CC[C@H]1OC(=O)C[C@@H](O)[C@H](C)[C@@H](O[C@@H]2O[C@H](C)[C@@H](O[C@H]3C[C@@](C)(O)[C@@H](O)[C@H](C)O3)[C@H](N(C)C)[C@H]2OC(=O)C(C)O)[C@@H](CC=O)C[C@@H](C)C(=O)/C=C/C(C)=C/[C@@H]1CO[C@@H]1O[C@H](C)[C@@H](O)[C@@H](OC)[C@H]1OC,TRUE,,-0.874
tylosin,Tylosin (Ì©ÀÖ¾úËØ),REF_TYLOSIN,repository_reference,O44_attached_to_C24,44,24,C,MPM01136,2-Amino-3-hydroxybutyric acid,CC(O)C(N)C(=O)O,1,CC[C@H]1OC(=O)C[C@@H](O)[C@H](C)[C@@H](O[C@@H]2O[C@H](C)[C@@H](O[C@H]3C[C@@](C)(O)[C@@H](O)[C@H](C)O3)[C@H](N(C)C)[C@H]2OC(=O)C(N)C(C)O)[C@@H](CC=O)C[C@@H](C)C(=O)/C=C/C(C)=C/[C@@H]1CO[C@@H]1O[C@H](C)[C@@H](O)[C@@H](OC)[C@H]1OC,CC[C@H]1OC(=O)C[C@@H](O)[C@H](C)[C@@H](O[C@@H]2O[C@H](C)[C@@H](O[C@H]3C[C@@](C)(O)[C@@H](O)[C@H](C)O3)[C@H](N(C)C)[C@H]2OC(=O)C(N)C(C)O)[C@@H](CC=O)C[C@@H](C)C(=O)/C=C/C(C)=C/[C@@H]1CO[C@@H]1O[C@H](C)[C@@H](O)[C@@H](OC)[C@H]1OC,TRUE,,-0.824
tylosin,Tylosin (Ì©ÀÖ¾úËØ),REF_TYLOSIN,repository_reference,O44_attached_to_C24,44,24,C,MPM00551,D-beta-Hydroxybutyric acid,CC(O)CC(=O)O,1,CC[C@H]1OC(=O)C[C@@H](O)[C@H](C)[C@@H](O[C@@H]2O[C@H](C)[C@@H](O[C@H]3C[C@@](C)(O)[C@@H](O)[C@H](C)O3)[C@H](N(C)C)[C@H]2OC(=O)CC(C)O)[C@@H](CC=O)C[C@@H](C)C(=O)/C=C/C(C)=C/[C@@H]1CO[C@@H]1O[C@H](C)[C@@H](O)[C@@H](OC)[C@H]1OC,CC[C@H]1OC(=O)C[C@@H](O)[C@H](C)[C@@H](O[C@@H]2O[C@H](C)[C@@H](O[C@H]3C[C@@](C)(O)[C@@H](O)[C@H](C)O3)[C@H](N(C)C)[C@H]2OC(=O)CC(C)O)[C@@H](CC=O)C[C@@H](C)C(=O)/C=C/C(C)=C/[C@@H]1CO[C@@H]1O[C@H](C)[C@@H](O)[C@@H](OC)[C@H]1OC,TRUE,,-1.022
tylosin,Tylosin (Ì©ÀÖ¾úËØ),REF_TYLOSIN,repository_reference,O44_attached_to_C24,44,24,C,MPM00843,O-Phospho-L-threonine,CC(OP(=O)(O)O)C(N)C(=O)O,1,CC[C@H]1OC(=O)C[C@@H](O)[C@H](C)[C@@H](O[C@@H]2O[C@H](C)[C@@H](O[C@H]3C[C@@](C)(O)[C@@H](O)[C@H](C)O3)[C@H](N(C)C)[C@H]2OC(=O)C(N)C(C)OP(=O)(O)O)[C@@H](CC=O)C[C@@H](C)C(=O)/C=C/C(C)=C/[C@@H]1CO[C@@H]1O[C@H](C)[C@@H](O)[C@@H](OC)[C@H]1OC,CC[C@H]1OC(=O)C[C@@H](O)[C@H](C)[C@@H](O[C@@H]2O[C@H](C)[C@@H](O[C@H]3C[C@@](C)(O)[C@@H](O)[C@H](C)O3)[C@H](N(C)C)[C@H]2OC(=O)C(N)C(C)OP(=O)(O)O)[C@@H](CC=O)C[C@@H](C)C(=O)/C=C/C(C)=C/[C@@H]1CO[C@@H]1O[C@H](C)[C@@H](O)[C@@H](OC)[C@H]1OC,TRUE,,-1.117
tylosin,Tylosin (Ì©ÀÖ¾úËØ),REF_TYLOSIN,repository_reference,O44_attached_to_C24,44,24,C,MPM00465,Ampicillin,CC1(C)SC2C(NC(=O)C(N)c3ccccc3)C(=O)N2C1C(=O)O,1,CC[C@H]1OC(=O)C[C@@H](O)[C@H](C)[C@@H](O[C@@H]2O[C@H](C)[C@@H](O[C@H]3C[C@@](C)(O)[C@@H](O)[C@H](C)O3)[C@H](N(C)C)[C@H]2OC(=O)C2N3C(=O)C(NC(=O)C(N)c4ccccc4)C3SC2(C)C)[C@@H](CC=O)C[C@@H](C)C(=O)/C=C/C(C)=C/[C@@H]1CO[C@@H]1O[C@H](C)[C@@H](O)[C@@H](OC)[C@H]1OC,CC[C@H]1OC(=O)C[C@@H](O)[C@H](C)[C@@H](O[C@@H]2O[C@H](C)[C@@H](O[C@H]3C[C@@](C)(O)[C@@H](O)[C@H](C)O3)[C@H](N(C)C)[C@H]2OC(=O)C2N3C(=O)C(NC(=O)C(N)c4ccccc4)C3SC2(C)C)[C@@H](CC=O)C[C@@H](C)C(=O)/C=C/C(C)=C/[C@@H]1CO[C@@H]1O[C@H](C)[C@@H](O)[C@@H](OC)[C@H]1OC,TRUE,,-2.044
tylosin,Tylosin (Ì©ÀÖ¾úËØ),REF_TYLOSIN,repository_reference,O44_attached_to_C24,44,24,C,MPM00566,Desthiobiotin,CC1NC(=O)NC1CCCCCC(=O)O,1,CC[C@H]1OC(=O)C[C@@H](O)[C@H](C)[C@@H](O[C@@H]2O[C@H](C)[C@@H](O[C@H]3C[C@@](C)(O)[C@@H](O)[C@H](C)O3)[C@H](N(C)C)[C@H]2OC(=O)CCCCCC2NC(=O)NC2C)[C@@H](CC=O)C[C@@H](C)C(=O)/C=C/C(C)=C/[C@@H]1CO[C@@H]1O[C@H](C)[C@@H](O)[C@@H](OC)[C@H]1OC,CC[C@H]1OC(=O)C[C@@H](O)[C@H](C)[C@@H](O[C@@H]2O[C@H](C)[C@@H](O[C@H]3C[C@@](C)(O)[C@@H](O)[C@H](C)O3)[C@H](N(C)C)[C@H]2OC(=O)CCCCCC2NC(=O)NC2C)[C@@H](CC=O)C[C@@H](C)C(=O)/C=C/C(C)=C/[C@@H]1CO[C@@H]1O[C@H](C)[C@@H](O)[C@@H](OC)[C@H]1OC,TRUE,,-1.78
tylosin,Tylosin (Ì©ÀÖ¾úËØ),REF_TYLOSIN,repository_reference,O44_attached_to_C24,44,24,C,MPM00458,alpha-Ketobutyrate,CCC(=O)C(=O)O,1,CCC(=O)C(=O)O[C@H]1[C@H](O[C@H]2[C@@H](CC=O)C[C@@H](C)C(=O)/C=C/C(C)=C/[C@H](CO[C@@H]3O[C@H](C)[C@@H](O)[C@@H](OC)[C@H]3OC)[C@@H](CC)OC(=O)C[C@@H](O)[C@@H]2C)O[C@H](C)[C@@H](O[C@H]2C[C@@](C)(O)[C@@H](O)[C@H](C)O2)[C@@H]1N(C)C,CCC(=O)C(=O)O[C@H]1[C@H](O[C@H]2[C@@H](CC=O)C[C@@H](C)C(=O)/C=C/C(C)=C/[C@H](CO[C@@H]3O[C@H](C)[C@@H](O)[C@@H](OC)[C@H]3OC)[C@@H](CC)OC(=O)C[C@@H](O)[C@@H]2C)O[C@H](C)[C@@H](O[C@H]2C[C@@](C)(O)[C@@H](O)[C@H](C)O2)[C@@H]1N(C)C,TRUE,,-0.739
tylosin,Tylosin (Ì©ÀÖ¾úËØ),REF_TYLOSIN,repository_reference,O44_attached_to_C24,44,24,C,MPM00908,propionate,CCC(=O)O,1,CCC(=O)O[C@H]1[C@H](O[C@H]2[C@@H](CC=O)C[C@@H](C)C(=O)/C=C/C(C)=C/[C@H](CO[C@@H]3O[C@H](C)[C@@H](O)[C@@H](OC)[C@H]3OC)[C@@H](CC)OC(=O)C[C@@H](O)[C@@H]2C)O[C@H](C)[C@@H](O[C@H]2C[C@@](C)(O)[C@@H](O)[C@H](C)O2)[C@@H]1N(C)C,CCC(=O)O[C@H]1[C@H](O[C@H]2[C@@H](CC=O)C[C@@H](C)C(=O)/C=C/C(C)=C/[C@H](CO[C@@H]3O[C@H](C)[C@@H](O)[C@@H](OC)[C@H]3OC)[C@@H](CC)OC(=O)C[C@@H](O)[C@@H]2C)O[C@H](C)[C@@H](O[C@H]2C[C@@](C)(O)[C@@H](O)[C@H](C)O2)[C@@H]1N(C)C,TRUE,,-0.801
tylosin,Tylosin (Ì©ÀÖ¾úËØ),REF_TYLOSIN,repository_reference,O44_attached_to_C24,44,24,C,MPM00078,(R)-3-Hydroxy-3-methyl-2-oxopentanoate,CCC(C)(O)C(=O)C(=O)O,1,CC[C@H]1OC(=O)C[C@@H](O)[C@H](C)[C@@H](O[C@@H]2O[C@H](C)[C@@H](O[C@H]3C[C@@](C)(O)[C@@H](O)[C@H](C)O3)[C@H](N(C)C)[C@H]2OC(=O)C(=O)C(C)(O)CC)[C@@H](CC=O)C[C@@H](C)C(=O)/C=C/C(C)=C/[C@@H]1CO[C@@H]1O[C@H](C)[C@@H](O)[C@@H](OC)[C@H]1OC,CC[C@H]1OC(=O)C[C@@H](O)[C@H](C)[C@@H](O[C@@H]2O[C@H](C)[C@@H](O[C@H]3C[C@@](C)(O)[C@@H](O)[C@H](C)O3)[C@H](N(C)C)[C@H]2OC(=O)C(=O)C(C)(O)CC)[C@@H](CC=O)C[C@@H](C)C(=O)/C=C/C(C)=C/[C@@H]1CO[C@@H]1O[C@H](C)[C@@H](O)[C@@H](OC)[C@H]1OC,TRUE,,-0.945
tylosin,Tylosin (Ì©ÀÖ¾úËØ),REF_TYLOSIN,repository_reference,O44_attached_to_C24,44,24,C,MPM00028,"(2R,3R)-2,3-Dihydroxy-3-methylpentanoate",CCC(C)(O)C(O)C(=O)O,1,CC[C@H]1OC(=O)C[C@@H](O)[C@H](C)[C@@H](O[C@@H]2O[C@H](C)[C@@H](O[C@H]3C[C@@](C)(O)[C@@H](O)[C@H](C)O3)[C@H](N(C)C)[C@H]2OC(=O)C(O)C(C)(O)CC)[C@@H](CC=O)C[C@@H](C)C(=O)/C=C/C(C)=C/[C@@H]1CO[C@@H]1O[C@H](C)[C@@H](O)[C@@H](OC)[C@H]1OC,CC[C@H]1OC(=O)C[C@@H](O)[C@H](C)[C@@H](O[C@@H]2O[C@H](C)[C@@H](O[C@H]3C[C@@](C)(O)[C@@H](O)[C@H](C)O3)[C@H](N(C)C)[C@H]2OC(=O)C(O)C(C)(O)CC)[C@@H](CC=O)C[C@@H](C)C(=O)/C=C/C(C)=C/[C@@H]1CO[C@@H]1O[C@H](C)[C@@H](O)[C@@H](OC)[C@H]1OC,TRUE,,-1.295
tylosin,Tylosin (Ì©ÀÖ¾úËØ),REF_TYLOSIN,repository_reference,O44_attached_to_C24,44,24,C,MPM00050,(3S)-3-Methyl-2-oxopentanoate,CCC(C)C(=O)C(=O)O,1,CCC(C)C(=O)C(=O)O[C@H]1[C@H](O[C@H]2[C@@H](CC=O)C[C@@H](C)C(=O)/C=C/C(C)=C/[C@H](CO[C@@H]3O[C@H](C)[C@@H](O)[C@@H](OC)[C@H]3OC)[C@@H](CC)OC(=O)C[C@@H](O)[C@@H]2C)O[C@H](C)[C@@H](O[C@H]2C[C@@](C)(O)[C@@H](O)[C@H](C)O2)[C@@H]1N(C)C,CCC(C)C(=O)C(=O)O[C@H]1[C@H](O[C@H]2[C@@H](CC=O)C[C@@H](C)C(=O)/C=C/C(C)=C/[C@H](CO[C@@H]3O[C@H](C)[C@@H](O)[C@@H](OC)[C@H]3OC)[C@@H](CC)OC(=O)C[C@@H](O)[C@@H]2C)O[C@H](C)[C@@H](O[C@H]2C[C@@](C)(O)[C@@H](O)[C@H](C)O2)[C@@H]1N(C)C,TRUE,,-0.96
tylosin,Tylosin (Ì©ÀÖ¾úËØ),REF_TYLOSIN,repository_reference,O44_attached_to_C24,44,24,C,MPM01138,2-Amino-3-methylvaleric acid,CCC(C)C(N)C(=O)O,1,CCC(C)C(N)C(=O)O[C@H]1[C@H](O[C@H]2[C@@H](CC=O)C[C@@H](C)C(=O)/C=C/C(C)=C/[C@H](CO[C@@H]3O[C@H](C)[C@@H](O)[C@@H](OC)[C@H]3OC)[C@@H](CC)OC(=O)C[C@@H](O)[C@@H]2C)O[C@H](C)[C@@H](O[C@H]2C[C@@](C)(O)[C@@H](O)[C@H](C)O2)[C@@H]1N(C)C,CCC(C)C(N)C(=O)O[C@H]1[C@H](O[C@H]2[C@@H](CC=O)C[C@@H](C)C(=O)/C=C/C(C)=C/[C@H](CO[C@@H]3O[C@H](C)[C@@H](O)[C@@H](OC)[C@H]3OC)[C@@H](CC)OC(=O)C[C@@H](O)[C@@H]2C)O[C@H](C)[C@@H](O[C@H]2C[C@@](C)(O)[C@@H](O)[C@H](C)O2)[C@@H]1N(C)C,TRUE,,-0.992
tylosin,Tylosin (Ì©ÀÖ¾úËØ),REF_TYLOSIN,repository_reference,O44_attached_to_C24,44,24,C,MPM00029,"(2R,3R)-2-hydroxy-3-methylpentanoic acid",CCC(C)C(O)C(=O)O,1,CCC(C)C(O)C(=O)O[C@H]1[C@H](O[C@H]2[C@@H](CC=O)C[C@@H](C)C(=O)/C=C/C(C)=C/[C@H](CO[C@@H]3O[C@H](C)[C@@H](O)[C@@H](OC)[C@H]3OC)[C@@H](CC)OC(=O)C[C@@H](O)[C@@H]2C)O[C@H](C)[C@@H](O[C@H]2C[C@@](C)(O)[C@@H](O)[C@H](C)O2)[C@@H]1N(C)C,CCC(C)C(O)C(=O)O[C@H]1[C@H](O[C@H]2[C@@H](CC=O)C[C@@H](C)C(=O)/C=C/C(C)=C/[C@H](CO[C@@H]3O[C@H](C)[C@@H](O)[C@@H](OC)[C@H]3OC)[C@@H](CC)OC(=O)C[C@@H](O)[C@@H]2C)O[C@H](C)[C@@H](O[C@H]2C[C@@](C)(O)[C@@H](O)[C@H](C)O2)[C@@H]1N(C)C,TRUE,,-1.293
tylosin,Tylosin (Ì©ÀÖ¾úËØ),REF_TYLOSIN,repository_reference,O44_attached_to_C24,44,24,C,MPM00094,(S)-2-Hydroxy-2-ethyl-3-oxobutanoate,CCC(O)(C(C)=O)C(=O)O,1,CC[C@H]1OC(=O)C[C@@H](O)[C@H](C)[C@@H](O[C@@H]2O[C@H](C)[C@@H](O[C@H]3C[C@@](C)(O)[C@@H](O)[C@H](C)O3)[C@H](N(C)C)[C@H]2OC(=O)C(O)(CC)C(C)=O)[C@@H](CC=O)C[C@@H](C)C(=O)/C=C/C(C)=C/[C@@H]1CO[C@@H]1O[C@H](C)[C@@H](O)[C@@H](OC)[C@H]1OC,CC[C@H]1OC(=O)C[C@@H](O)[C@H](C)[C@@H](O[C@@H]2O[C@H](C)[C@@H](O[C@H]3C[C@@](C)(O)[C@@H](O)[C@H](C)O3)[C@H](N(C)C)[C@H]2OC(=O)C(O)(CC)C(C)=O)[C@@H](CC=O)C[C@@H](C)C(=O)/C=C/C(C)=C/[C@@H]1CO[C@@H]1O[C@H](C)[C@@H](O)[C@@H](OC)[C@H]1OC,TRUE,,-1.22
tylosin,Tylosin (Ì©ÀÖ¾úËØ),REF_TYLOSIN,repository_reference,O44_attached_to_C24,44,24,C,MPM00302,3-Hydroxypentanoic acid,CCC(O)CC(=O)O,1,CCC(O)CC(=O)O[C@H]1[C@H](O[C@H]2[C@@H](CC=O)C[C@@H](C)C(=O)/C=C/C(C)=C/[C@H](CO[C@@H]3O[C@H](C)[C@@H](O)[C@@H](OC)[C@H]3OC)[C@@H](CC)OC(=O)C[C@@H](O)[C@@H]2C)O[C@H](C)[C@@H](O[C@H]2C[C@@](C)(O)[C@@H](O)[C@H](C)O2)[C@@H]1N(C)C,CCC(O)CC(=O)O[C@H]1[C@H](O[C@H]2[C@@H](CC=O)C[C@@H](C)C(=O)/C=C/C(C)=C/[C@H](CO[C@@H]3O[C@H](C)[C@@H](O)[C@@H](OC)[C@H]3OC)[C@@H](CC)OC(=O)C[C@@H](O)[C@@H]2C)O[C@H](C)[C@@H](O[C@H]2C[C@@](C)(O)[C@@H](O)[C@H](C)O2)[C@@H]1N(C)C,TRUE,,-1.069
tylosin,Tylosin (Ì©ÀÖ¾úËØ),REF_TYLOSIN,repository_reference,O44_attached_to_C24,44,24,C,MPM00496,butyrate,CCCC(=O)O,1,CCCC(=O)O[C@H]1[C@H](O[C@H]2[C@@H](CC=O)C[C@@H](C)C(=O)/C=C/C(C)=C/[C@H](CO[C@@H]3O[C@H](C)[C@@H](O)[C@@H](OC)[C@H]3OC)[C@@H](CC)OC(=O)C[C@@H](O)[C@@H]2C)O[C@H](C)[C@@H](O[C@H]2C[C@@](C)(O)[C@@H](O)[C@H](C)O2)[C@@H]1N(C)C,CCCC(=O)O[C@H]1[C@H](O[C@H]2[C@@H](CC=O)C[C@@H](C)C(=O)/C=C/C(C)=C/[C@H](CO[C@@H]3O[C@H](C)[C@@H](O)[C@@H](OC)[C@H]3OC)[C@@H](CC)OC(=O)C[C@@H](O)[C@@H]2C)O[C@H](C)[C@@H](O[C@H]2C[C@@](C)(O)[C@@H](O)[C@H](C)O2)[C@@H]1N(C)C,TRUE,,-0.861
tylosin,Tylosin (Ì©ÀÖ¾úËØ),REF_TYLOSIN,repository_reference,O44_attached_to_C24,44,24,C,MPM00298,3-Hydroxyhexanoic acid,CCCC(O)CC(=O)O,1,CCCC(O)CC(=O)O[C@H]1[C@H](O[C@H]2[C@@H](CC=O)C[C@@H](C)C(=O)/C=C/C(C)=C/[C@H](CO[C@@H]3O[C@H](C)[C@@H](O)[C@@H](OC)[C@H]3OC)[C@@H](CC)OC(=O)C[C@@H](O)[C@@H]2C)O[C@H](C)[C@@H](O[C@H]2C[C@@](C)(O)[C@@H](O)[C@H](C)O2)[C@@H]1N(C)C,CCCC(O)CC(=O)O[C@H]1[C@H](O[C@H]2[C@@H](CC=O)C[C@@H](C)C(=O)/C=C/C(C)=C/[C@H](CO[C@@H]3O[C@H](C)[C@@H](O)[C@@H](OC)[C@H]3OC)[C@@H](CC)OC(=O)C[C@@H](O)[C@@H]2C)O[C@H](C)[C@@H](O[C@H]2C[C@@](C)(O)[C@@H](O)[C@H](C)O2)[C@@H]1N(C)C,TRUE,,-1.134
tylosin,Tylosin (Ì©ÀÖ¾úËØ),REF_TYLOSIN,repository_reference,O44_attached_to_C24,44,24,C,MPM00833,n-Valeric acid,CCCCC(=O)O,1,CCCCC(=O)O[C@H]1[C@H](O[C@H]2[C@@H](CC=O)C[C@@H](C)C(=O)/C=C/C(C)=C/[C@H](CO[C@@H]3O[C@H](C)[C@@H](O)[C@@H](OC)[C@H]3OC)[C@@H](CC)OC(=O)C[C@@H](O)[C@@H]2C)O[C@H](C)[C@@H](O[C@H]2C[C@@](C)(O)[C@@H](O)[C@H](C)O2)[C@@H]1N(C)C,CCCCC(=O)O[C@H]1[C@H](O[C@H]2[C@@H](CC=O)C[C@@H](C)C(=O)/C=C/C(C)=C/[C@H](CO[C@@H]3O[C@H](C)[C@@H](O)[C@@H](OC)[C@H]3OC)[C@@H](CC)OC(=O)C[C@@H](O)[C@@H]2C)O[C@H](C)[C@@H](O[C@H]2C[C@@](C)(O)[C@@H](O)[C@H](C)O2)[C@@H]1N(C)C,TRUE,,-0.926
tylosin,Tylosin (Ì©ÀÖ¾úËØ),REF_TYLOSIN,repository_reference,O44_attached_to_C24,44,24,C,MPM00295,3-hydroxyheptanoic Acid,CCCCC(O)CC(=O)O,1,CCCCC(O)CC(=O)O[C@H]1[C@H](O[C@H]2[C@@H](CC=O)C[C@@H](C)C(=O)/C=C/C(C)=C/[C@H](CO[C@@H]3O[C@H](C)[C@@H](O)[C@@H](OC)[C@H]3OC)[C@@H](CC)OC(=O)C[C@@H](O)[C@@H]2C)O[C@H](C)[C@@H](O[C@H]2C[C@@](C)(O)[C@@H](O)[C@H](C)O2)[C@@H]1N(C)C,CCCCC(O)CC(=O)O[C@H]1[C@H](O[C@H]2[C@@H](CC=O)C[C@@H](C)C(=O)/C=C/C(C)=C/[C@H](CO[C@@H]3O[C@H](C)[C@@H](O)[C@@H](OC)[C@H]3OC)[C@@H](CC)OC(=O)C[C@@H](O)[C@@H]2C)O[C@H](C)[C@@H](O[C@H]2C[C@@](C)(O)[C@@H](O)[C@H](C)O2)[C@@H]1N(C)C,TRUE,,-1.199
tylosin,Tylosin (Ì©ÀÖ¾úËØ),REF_TYLOSIN,repository_reference,O44_attached_to_C24,44,24,C,MPM00061,(9E)-tetradecenoic acid,CCCCC=CCCCCCCCC(=O)O,1,CCCCC=CCCCCCCCC(=O)O[C@H]1[C@H](O[C@H]2[C@@H](CC=O)C[C@@H](C)C(=O)/C=C/C(C)=C/[C@H](CO[C@@H]3O[C@H](C)[C@@H](O)[C@@H](OC)[C@H]3OC)[C@@H](CC)OC(=O)C[C@@H](O)[C@@H]2C)O[C@H](C)[C@@H](O[C@H]2C[C@@](C)(O)[C@@H](O)[C@H](C)O2)[C@@H]1N(C)C,CCCCC=CCCCCCCCC(=O)O[C@H]1[C@H](O[C@H]2[C@@H](CC=O)C[C@@H](C)C(=O)/C=C/C(C)=C/[C@H](CO[C@@H]3O[C@H](C)[C@@H](O)[C@@H](OC)[C@H]3OC)[C@@H](CC)OC(=O)C[C@@H](O)[C@@H]2C)O[C@H](C)[C@@H](O[C@H]2C[C@@](C)(O)[C@@H](O)[C@H](C)O2)[C@@H]1N(C)C,TRUE,,-1.379
tylosin,Tylosin (Ì©ÀÖ¾úËØ),REF_TYLOSIN,repository_reference,O44_attached_to_C24,44,24,C,MPM00813,n-Caproic acid,CCCCCC(=O)O,1,CCCCCC(=O)O[C@H]1[C@H](O[C@H]2[C@@H](CC=O)C[C@@H](C)C(=O)/C=C/C(C)=C/[C@H](CO[C@@H]3O[C@H](C)[C@@H](O)[C@@H](OC)[C@H]3OC)[C@@H](CC)OC(=O)C[C@@H](O)[C@@H]2C)O[C@H](C)[C@@H](O[C@H]2C[C@@](C)(O)[C@@H](O)[C@H](C)O2)[C@@H]1N(C)C,CCCCCC(=O)O[C@H]1[C@H](O[C@H]2[C@@H](CC=O)C[C@@H](C)C(=O)/C=C/C(C)=C/[C@H](CO[C@@H]3O[C@H](C)[C@@H](O)[C@@H](OC)[C@H]3OC)[C@@H](CC)OC(=O)C[C@@H](O)[C@@H]2C)O[C@H](C)[C@@H](O[C@H]2C[C@@](C)(O)[C@@H](O)[C@H](C)O2)[C@@H]1N(C)C,TRUE,,-0.991
tylosin,Tylosin (Ì©ÀÖ¾úËØ),REF_TYLOSIN,repository_reference,O44_attached_to_C24,44,24,C,MPM00301,3-Hydroxyoctanoic acid,CCCCCC(O)CC(=O)O,1,CCCCCC(O)CC(=O)O[C@H]1[C@H](O[C@H]2[C@@H](CC=O)C[C@@H](C)C(=O)/C=C/C(C)=C/[C@H](CO[C@@H]3O[C@H](C)[C@@H](O)[C@@H](OC)[C@H]3OC)[C@@H](CC)OC(=O)C[C@@H](O)[C@@H]2C)O[C@H](C)[C@@H](O[C@H]2C[C@@](C)(O)[C@@H](O)[C@H](C)O2)[C@@H]1N(C)C,CCCCCC(O)CC(=O)O[C@H]1[C@H](O[C@H]2[C@@H](CC=O)C[C@@H](C)C(=O)/C=C/C(C)=C/[C@H](CO[C@@H]3O[C@H](C)[C@@H](O)[C@@H](OC)[C@H]3OC)[C@@H](CC)OC(=O)C[C@@H](O)[C@@H]2C)O[C@H](C)[C@@H](O[C@H]2C[C@@](C)(O)[C@@H](O)[C@H](C)O2)[C@@H]1N(C)C,TRUE,,-1.266
tylosin,Tylosin (Ì©ÀÖ¾úËØ),REF_TYLOSIN,repository_reference,O44_attached_to_C24,44,24,C,MPM00411,"9-cis,12-cis-Octadecadienoic acid",CCCCCC=CCC=CCCCCCCCC(=O)O,1,CCCCCC=CCC=CCCCCCCCC(=O)O[C@H]1[C@H](O[C@H]2[C@@H](CC=O)C[C@@H](C)C(=O)/C=C/C(C)=C/[C@H](CO[C@@H]3O[C@H](C)[C@@H](O)[C@@H](OC)[C@H]3OC)[C@@H](CC)OC(=O)C[C@@H](O)[C@@H]2C)O[C@H](C)[C@@H](O[C@H]2C[C@@](C)(O)[C@@H](O)[C@H](C)O2)[C@@H]1N(C)C,CCCCCC=CCC=CCCCCCCCC(=O)O[C@H]1[C@H](O[C@H]2[C@@H](CC=O)C[C@@H](C)C(=O)/C=C/C(C)=C/[C@H](CO[C@@H]3O[C@H](C)[C@@H](O)[C@@H](OC)[C@H]3OC)[C@@H](CC)OC(=O)C[C@@H](O)[C@@H]2C)O[C@H](C)[C@@H](O[C@H]2C[C@@](C)(O)[C@@H](O)[C@H](C)O2)[C@@H]1N(C)C,TRUE,,-1.688
tylosin,Tylosin (Ì©ÀÖ¾úËØ),REF_TYLOSIN,repository_reference,O44_attached_to_C24,44,24,C,MPM00689,Heptanoate,CCCCCCC(=O)O,1,CCCCCCC(=O)O[C@H]1[C@H](O[C@H]2[C@@H](CC=O)C[C@@H](C)C(=O)/C=C/C(C)=C/[C@H](CO[C@@H]3O[C@H](C)[C@@H](O)[C@@H](OC)[C@H]3OC)[C@@H](CC)OC(=O)C[C@@H](O)[C@@H]2C)O[C@H](C)[C@@H](O[C@H]2C[C@@](C)(O)[C@@H](O)[C@H](C)O2)[C@@H]1N(C)C,CCCCCCC(=O)O[C@H]1[C@H](O[C@H]2[C@@H](CC=O)C[C@@H](C)C(=O)/C=C/C(C)=C/[C@H](CO[C@@H]3O[C@H](C)[C@@H](O)[C@@H](OC)[C@H]3OC)[C@@H](CC)OC(=O)C[C@@H](O)[C@@H]2C)O[C@H](C)[C@@H](O[C@H]2C[C@@](C)(O)[C@@H](O)[C@H](C)O2)[C@@H]1N(C)C,TRUE,,-1.055
tylosin,Tylosin (Ì©ÀÖ¾úËØ),REF_TYLOSIN,repository_reference,O44_attached_to_C24,44,24,C,MPM00300,3-Hydroxynonanoic acid,CCCCCCC(O)CC(=O)O,1,CCCCCCC(O)CC(=O)O[C@H]1[C@H](O[C@H]2[C@@H](CC=O)C[C@@H](C)C(=O)/C=C/C(C)=C/[C@H](CO[C@@H]3O[C@H](C)[C@@H](O)[C@@H](OC)[C@H]3OC)[C@@H](CC)OC(=O)C[C@@H](O)[C@@H]2C)O[C@H](C)[C@@H](O[C@H]2C[C@@](C)(O)[C@@H](O)[C@H](C)O2)[C@@H]1N(C)C,CCCCCCC(O)CC(=O)O[C@H]1[C@H](O[C@H]2[C@@H](CC=O)C[C@@H](C)C(=O)/C=C/C(C)=C/[C@H](CO[C@@H]3O[C@H](C)[C@@H](O)[C@@H](OC)[C@H]3OC)[C@@H](CC)OC(=O)C[C@@H](O)[C@@H]2C)O[C@H](C)[C@@H](O[C@H]2C[C@@](C)(O)[C@@H](O)[C@H](C)O2)[C@@H]1N(C)C,TRUE,,-1.281
tylosin,Tylosin (Ì©ÀÖ¾úËØ),REF_TYLOSIN,repository_reference,O44_attached_to_C24,44,24,C,MPM00852,palmitoleate,CCCCCCC=CCCCCCCCC(=O)O,1,CCCCCCC=CCCCCCCCC(=O)O[C@H]1[C@H](O[C@H]2[C@@H](CC=O)C[C@@H](C)C(=O)/C=C/C(C)=C/[C@H](CO[C@@H]3O[C@H](C)[C@@H](O)[C@@H](OC)[C@H]3OC)[C@@H](CC)OC(=O)C[C@@H](O)[C@@H]2C)O[C@H](C)[C@@H](O[C@H]2C[C@@](C)(O)[C@@H](O)[C@H](C)O2)[C@@H]1N(C)C,CCCCCCC=CCCCCCCCC(=O)O[C@H]1[C@H](O[C@H]2[C@@H](CC=O)C[C@@H](C)C(=O)/C=C/C(C)=C/[C@H](CO[C@@H]3O[C@H](C)[C@@H](O)[C@@H](OC)[C@H]3OC)[C@@H](CC)OC(=O)C[C@@H](O)[C@@H]2C)O[C@H](C)[C@@H](O[C@H]2C[C@@](C)(O)[C@@H](O)[C@H](C)O2)[C@@H]1N(C)C,TRUE,,-1.506
tylosin,Tylosin (Ì©ÀÖ¾úËØ),REF_TYLOSIN,repository_reference,O44_attached_to_C24,44,24,C,MPM00984,trans-vaccenic acid,CCCCCCC=CCCCCCCCCCC(=O)O,1,CCCCCCC=CCCCCCCCCCC(=O)O[C@H]1[C@H](O[C@H]2[C@@H](CC=O)C[C@@H](C)C(=O)/C=C/C(C)=C/[C@H](CO[C@@H]3O[C@H](C)[C@@H](O)[C@@H](OC)[C@H]3OC)[C@@H](CC)OC(=O)C[C@@H](O)[C@@H]2C)O[C@H](C)[C@@H](O[C@H]2C[C@@](C)(O)[C@@H](O)[C@H](C)O2)[C@@H]1N(C)C,CCCCCCC=CCCCCCCCCCC(=O)O[C@H]1[C@H](O[C@H]2[C@@H](CC=O)C[C@@H](C)C(=O)/C=C/C(C)=C/[C@H](CO[C@@H]3O[C@H](C)[C@@H](O)[C@@H](OC)[C@H]3OC)[C@@H](CC)OC(=O)C[C@@H](O)[C@@H]2C)O[C@H](C)[C@@H](O[C@H]2C[C@@](C)(O)[C@@H](O)[C@H](C)O2)[C@@H]1N(C)C,TRUE,,-1.642
tylosin,Tylosin (Ì©ÀÖ¾úËØ),REF_TYLOSIN,repository_reference,O44_attached_to_C24,44,24,C,MPM00837,Octanoate,CCCCCCCC(=O)O,1,CCCCCCCC(=O)O[C@H]1[C@H](O[C@H]2[C@@H](CC=O)C[C@@H](C)C(=O)/C=C/C(C)=C/[C@H](CO[C@@H]3O[C@H](C)[C@@H](O)[C@@H](OC)[C@H]3OC)[C@@H](CC)OC(=O)C[C@@H](O)[C@@H]2C)O[C@H](C)[C@@H](O[C@H]2C[C@@](C)(O)[C@@H](O)[C@H](C)O2)[C@@H]1N(C)C,CCCCCCCC(=O)O[C@H]1[C@H](O[C@H]2[C@@H](CC=O)C[C@@H](C)C(=O)/C=C/C(C)=C/[C@H](CO[C@@H]3O[C@H](C)[C@@H](O)[C@@H](OC)[C@H]3OC)[C@@H](CC)OC(=O)C[C@@H](O)[C@@H]2C)O[C@H](C)[C@@H](O[C@H]2C[C@@](C)(O)[C@@H](O)[C@H](C)O2)[C@@H]1N(C)C,TRUE,,-1.066
tylosin,Tylosin (Ì©ÀÖ¾úËØ),REF_TYLOSIN,repository_reference,O44_attached_to_C24,44,24,C,MPM00293,3-Hydroxydecanoic acid,CCCCCCCC(O)CC(=O)O,1,CCCCCCCC(O)CC(=O)O[C@H]1[C@H](O[C@H]2[C@@H](CC=O)C[C@@H](C)C(=O)/C=C/C(C)=C/[C@H](CO[C@@H]3O[C@H](C)[C@@H](O)[C@@H](OC)[C@H]3OC)[C@@H](CC)OC(=O)C[C@@H](O)[C@@H]2C)O[C@H](C)[C@@H](O[C@H]2C[C@@](C)(O)[C@@H](O)[C@H](C)O2)[C@@H]1N(C)C,CCCCCCCC(O)CC(=O)O[C@H]1[C@H](O[C@H]2[C@@H](CC=O)C[C@@H](C)C(=O)/C=C/C(C)=C/[C@H](CO[C@@H]3O[C@H](C)[C@@H](O)[C@@H](OC)[C@H]3OC)[C@@H](CC)OC(=O)C[C@@H](O)[C@@H]2C)O[C@H](C)[C@@H](O[C@H]2C[C@@](C)(O)[C@@H](O)[C@H](C)O2)[C@@H]1N(C)C,TRUE,,-1.319
tylosin,Tylosin (Ì©ÀÖ¾úËØ),REF_TYLOSIN,repository_reference,O44_attached_to_C24,44,24,C,MPM00859,Pelargonic acid,CCCCCCCCC(=O)O,1,CCCCCCCCC(=O)O[C@H]1[C@H](O[C@H]2[C@@H](CC=O)C[C@@H](C)C(=O)/C=C/C(C)=C/[C@H](CO[C@@H]3O[C@H](C)[C@@H](O)[C@@H](OC)[C@H]3OC)[C@@H](CC)OC(=O)C[C@@H](O)[C@@H]2C)O[C@H](C)[C@@H](O[C@H]2C[C@@](C)(O)[C@@H](O)[C@H](C)O2)[C@@H]1N(C)C,CCCCCCCCC(=O)O[C@H]1[C@H](O[C@H]2[C@@H](CC=O)C[C@@H](C)C(=O)/C=C/C(C)=C/[C@H](CO[C@@H]3O[C@H](C)[C@@H](O)[C@@H](OC)[C@H]3OC)[C@@H](CC)OC(=O)C[C@@H](O)[C@@H]2C)O[C@H](C)[C@@H](O[C@H]2C[C@@](C)(O)[C@@H](O)[C@H](C)O2)[C@@H]1N(C)C,TRUE,,-1.103
tylosin,Tylosin (Ì©ÀÖ¾úËØ),REF_TYLOSIN,repository_reference,O44_attached_to_C24,44,24,C,MPM00839,Oleic acid,CCCCCCCCC=CCCCCCCCC(=O)O,1,CCCCCCCCC=CCCCCCCCC(=O)O[C@H]1[C@H](O[C@H]2[C@@H](CC=O)C[C@@H](C)C(=O)/C=C/C(C)=C/[C@H](CO[C@@H]3O[C@H](C)[C@@H](O)[C@@H](OC)[C@H]3OC)[C@@H](CC)OC(=O)C[C@@H](O)[C@@H]2C)O[C@H](C)[C@@H](O[C@H]2C[C@@](C)(O)[C@@H](O)[C@H](C)O2)[C@@H]1N(C)C,CCCCCCCCC=CCCCCCCCC(=O)O[C@H]1[C@H](O[C@H]2[C@@H](CC=O)C[C@@H](C)C(=O)/C=C/C(C)=C/[C@H](CO[C@@H]3O[C@H](C)[C@@H](O)[C@@H](OC)[C@H]3OC)[C@@H](CC)OC(=O)C[C@@H](O)[C@@H]2C)O[C@H](C)[C@@H](O[C@H]2C[C@@](C)(O)[C@@H](O)[C@H](C)O2)[C@@H]1N(C)C,TRUE,,-1.55
tylosin,Tylosin (Ì©ÀÖ¾úËØ),REF_TYLOSIN,repository_reference,O44_attached_to_C24,44,24,C,MPM00552,decanoate,CCCCCCCCCC(=O)O,1,CCCCCCCCCC(=O)O[C@H]1[C@H](O[C@H]2[C@@H](CC=O)C[C@@H](C)C(=O)/C=C/C(C)=C/[C@H](CO[C@@H]3O[C@H](C)[C@@H](O)[C@@H](OC)[C@H]3OC)[C@@H](CC)OC(=O)C[C@@H](O)[C@@H]2C)O[C@H](C)[C@@H](O[C@H]2C[C@@](C)(O)[C@@H](O)[C@H](C)O2)[C@@H]1N(C)C,CCCCCCCCCC(=O)O[C@H]1[C@H](O[C@H]2[C@@H](CC=O)C[C@@H](C)C(=O)/C=C/C(C)=C/[C@H](CO[C@@H]3O[C@H](C)[C@@H](O)[C@@H](OC)[C@H]3OC)[C@@H](CC)OC(=O)C[C@@H](O)[C@@H]2C)O[C@H](C)[C@@H](O[C@H]2C[C@@](C)(O)[C@@H](O)[C@H](C)O2)[C@@H]1N(C)C,TRUE,,-1.141
tylosin,Tylosin (Ì©ÀÖ¾úËØ),REF_TYLOSIN,repository_reference,O44_attached_to_C24,44,24,C,MPM00294,3-Hydroxydodecanoic acid,CCCCCCCCCC(O)CC(=O)O,1,CCCCCCCCCC(O)CC(=O)O[C@H]1[C@H](O[C@H]2[C@@H](CC=O)C[C@@H](C)C(=O)/C=C/C(C)=C/[C@H](CO[C@@H]3O[C@H](C)[C@@H](O)[C@@H](OC)[C@H]3OC)[C@@H](CC)OC(=O)C[C@@H](O)[C@@H]2C)O[C@H](C)[C@@H](O[C@H]2C[C@@](C)(O)[C@@H](O)[C@H](C)O2)[C@@H]1N(C)C,CCCCCCCCCC(O)CC(=O)O[C@H]1[C@H](O[C@H]2[C@@H](CC=O)C[C@@H](C)C(=O)/C=C/C(C)=C/[C@H](CO[C@@H]3O[C@H](C)[C@@H](O)[C@@H](OC)[C@H]3OC)[C@@H](CC)OC(=O)C[C@@H](O)[C@@H]2C)O[C@H](C)[C@@H](O[C@H]2C[C@@](C)(O)[C@@H](O)[C@H](C)O2)[C@@H]1N(C)C,TRUE,,-1.392
tylosin,Tylosin (Ì©ÀÖ¾úËØ),REF_TYLOSIN,repository_reference,O44_attached_to_C24,44,24,C,MPM00606,dodecanoate,CCCCCCCCCCCC(=O)O,1,CCCCCCCCCCCC(=O)O[C@H]1[C@H](O[C@H]2[C@@H](CC=O)C[C@@H](C)C(=O)/C=C/C(C)=C/[C@H](CO[C@@H]3O[C@H](C)[C@@H](O)[C@@H](OC)[C@H]3OC)[C@@H](CC)OC(=O)C[C@@H](O)[C@@H]2C)O[C@H](C)[C@@H](O[C@H]2C[C@@](C)(O)[C@@H](O)[C@H](C)O2)[C@@H]1N(C)C,CCCCCCCCCCCC(=O)O[C@H]1[C@H](O[C@H]2[C@@H](CC=O)C[C@@H](C)C(=O)/C=C/C(C)=C/[C@H](CO[C@@H]3O[C@H](C)[C@@H](O)[C@@H](OC)[C@H]3OC)[C@@H](CC)OC(=O)C[C@@H](O)[C@@H]2C)O[C@H](C)[C@@H](O[C@H]2C[C@@](C)(O)[C@@H](O)[C@H](C)O2)[C@@H]1N(C)C,TRUE,,-1.219
tylosin,Tylosin (Ì©ÀÖ¾úËØ),REF_TYLOSIN,repository_reference,O44_attached_to_C24,44,24,C,MPM00305,3-Hydroxytetradecanoic acid,CCCCCCCCCCCC(O)CC(=O)O,1,CCCCCCCCCCCC(O)CC(=O)O[C@H]1[C@H](O[C@H]2[C@@H](CC=O)C[C@@H](C)C(=O)/C=C/C(C)=C/[C@H](CO[C@@H]3O[C@H](C)[C@@H](O)[C@@H](OC)[C@H]3OC)[C@@H](CC)OC(=O)C[C@@H](O)[C@@H]2C)O[C@H](C)[C@@H](O[C@H]2C[C@@](C)(O)[C@@H](O)[C@H](C)O2)[C@@H]1N(C)C,CCCCCCCCCCCC(O)CC(=O)O[C@H]1[C@H](O[C@H]2[C@@H](CC=O)C[C@@H](C)C(=O)/C=C/C(C)=C/[C@H](CO[C@@H]3O[C@H](C)[C@@H](O)[C@@H](OC)[C@H]3OC)[C@@H](CC)OC(=O)C[C@@H](O)[C@@H]2C)O[C@H](C)[C@@H](O[C@H]2C[C@@](C)(O)[C@@H](O)[C@H](C)O2)[C@@H]1N(C)C,TRUE,,-1.47
tylosin,Tylosin (Ì©ÀÖ¾úËØ),REF_TYLOSIN,repository_reference,O44_attached_to_C24,44,24,C,MPM00864,Petroselaidic acid,CCCCCCCCCCCC=CCCCCC(=O)O,1,CCCCCCCCCCCC=CCCCCC(=O)O[C@H]1[C@H](O[C@H]2[C@@H](CC=O)C[C@@H](C)C(=O)/C=C/C(C)=C/[C@H](CO[C@@H]3O[C@H](C)[C@@H](O)[C@@H](OC)[C@H]3OC)[C@@H](CC)OC(=O)C[C@@H](O)[C@@H]2C)O[C@H](C)[C@@H](O[C@H]2C[C@@](C)(O)[C@@H](O)[C@H](C)O2)[C@@H]1N(C)C,CCCCCCCCCCCC=CCCCCC(=O)O[C@H]1[C@H](O[C@H]2[C@@H](CC=O)C[C@@H](C)C(=O)/C=C/C(C)=C/[C@H](CO[C@@H]3O[C@H](C)[C@@H](O)[C@@H](OC)[C@H]3OC)[C@@H](CC)OC(=O)C[C@@H](O)[C@@H]2C)O[C@H](C)[C@@H](O[C@H]2C[C@@](C)(O)[C@@H](O)[C@H](C)O2)[C@@H]1N(C)C,TRUE,,-1.478
tylosin,Tylosin (Ì©ÀÖ¾úËØ),REF_TYLOSIN,repository_reference,O44_attached_to_C24,44,24,C,MPM00967,tetradecanoate,CCCCCCCCCCCCCC(=O)O,1,CCCCCCCCCCCCCC(=O)O[C@H]1[C@H](O[C@H]2[C@@H](CC=O)C[C@@H](C)C(=O)/C=C/C(C)=C/[C@H](CO[C@@H]3O[C@H](C)[C@@H](O)[C@@H](OC)[C@H]3OC)[C@@H](CC)OC(=O)C[C@@H](O)[C@@H]2C)O[C@H](C)[C@@H](O[C@H]2C[C@@](C)(O)[C@@H](O)[C@H](C)O2)[C@@H]1N(C)C,CCCCCCCCCCCCCC(=O)O[C@H]1[C@H](O[C@H]2[C@@H](CC=O)C[C@@H](C)C(=O)/C=C/C(C)=C/[C@H](CO[C@@H]3O[C@H](C)[C@@H](O)[C@@H](OC)[C@H]3OC)[C@@H](CC)OC(=O)C[C@@H](O)[C@@H]2C)O[C@H](C)[C@@H](O[C@H]2C[C@@](C)(O)[C@@H](O)[C@H](C)O2)[C@@H]1N(C)C,TRUE,,-1.297
tylosin,Tylosin (Ì©ÀÖ¾úËØ),REF_TYLOSIN,repository_reference,O44_attached_to_C24,44,24,C,MPM00296,3-Hydroxyhexadecanoic acid,CCCCCCCCCCCCCC(O)CC(=O)O,1,CCCCCCCCCCCCCC(O)CC(=O)O[C@H]1[C@H](O[C@H]2[C@@H](CC=O)C[C@@H](C)C(=O)/C=C/C(C)=C/[C@H](CO[C@@H]3O[C@H](C)[C@@H](O)[C@@H](OC)[C@H]3OC)[C@@H](CC)OC(=O)C[C@@H](O)[C@@H]2C)O[C@H](C)[C@@H](O[C@H]2C[C@@](C)(O)[C@@H](O)[C@H](C)O2)[C@@H]1N(C)C,CCCCCCCCCCCCCC(O)CC(=O)O[C@H]1[C@H](O[C@H]2[C@@H](CC=O)C[C@@H](C)C(=O)/C=C/C(C)=C/[C@H](CO[C@@H]3O[C@H](C)[C@@H](O)[C@@H](OC)[C@H]3OC)[C@@H](CC)OC(=O)C[C@@H](O)[C@@H]2C)O[C@H](C)[C@@H](O[C@H]2C[C@@](C)(O)[C@@H](O)[C@H](C)O2)[C@@H]1N(C)C,TRUE,,-1.548
tylosin,Tylosin (Ì©ÀÖ¾úËØ),REF_TYLOSIN,repository_reference,O44_attached_to_C24,44,24,C,MPM00511,Cetylic acid,CCCCCCCCCCCCCCCC(=O)O,1,CCCCCCCCCCCCCCCC(=O)O[C@H]1[C@H](O[C@H]2[C@@H](CC=O)C[C@@H](C)C(=O)/C=C/C(C)=C/[C@H](CO[C@@H]3O[C@H](C)[C@@H](O)[C@@H](OC)[C@H]3OC)[C@@H](CC)OC(=O)C[C@@H](O)[C@@H]2C)O[C@H](C)[C@@H](O[C@H]2C[C@@](C)(O)[C@@H](O)[C@H](C)O2)[C@@H]1N(C)C,CCCCCCCCCCCCCCCC(=O)O[C@H]1[C@H](O[C@H]2[C@@H](CC=O)C[C@@H](C)C(=O)/C=C/C(C)=C/[C@H](CO[C@@H]3O[C@H](C)[C@@H](O)[C@@H](OC)[C@H]3OC)[C@@H](CC)OC(=O)C[C@@H](O)[C@@H]2C)O[C@H](C)[C@@H](O[C@H]2C[C@@](C)(O)[C@@H](O)[C@H](C)O2)[C@@H]1N(C)C,TRUE,,-1.375
tylosin,Tylosin (Ì©ÀÖ¾úËØ),REF_TYLOSIN,repository_reference,O44_attached_to_C24,44,24,C,MPM00955,Stearic acid,CCCCCCCCCCCCCCCCCC(=O)O,1,CCCCCCCCCCCCCCCCCC(=O)O[C@H]1[C@H](O[C@H]2[C@@H](CC=O)C[C@@H](C)C(=O)/C=C/C(C)=C/[C@H](CO[C@@H]3O[C@H](C)[C@@H](O)[C@@H](OC)[C@H]3OC)[C@@H](CC)OC(=O)C[C@@H](O)[C@@H]2C)O[C@H](C)[C@@H](O[C@H]2C[C@@](C)(O)[C@@H](O)[C@H](C)O2)[C@@H]1N(C)C,CCCCCCCCCCCCCCCCCC(=O)O[C@H]1[C@H](O[C@H]2[C@@H](CC=O)C[C@@H](C)C(=O)/C=C/C(C)=C/[C@H](CO[C@@H]3O[C@H](C)[C@@H](O)[C@@H](OC)[C@H]3OC)[C@@H](CC)OC(=O)C[C@@H](O)[C@@H]2C)O[C@H](C)[C@@H](O[C@H]2C[C@@](C)(O)[C@@H](O)[C@H](C)O2)[C@@H]1N(C)C,TRUE,,-1.454
tylosin,Tylosin (Ì©ÀÖ¾úËØ),REF_TYLOSIN,repository_reference,O44_attached_to_C24,44,24,C,MPM01526,N-Methylglycine,CNCC(=O)O,1,CC[C@H]1OC(=O)C[C@@H](O)[C@H](C)[C@@H](O[C@@H]2O[C@H](C)[C@@H](O[C@H]3C[C@@](C)(O)[C@@H](O)[C@H](C)O3)[C@H](N(C)C)[C@H]2OC(=O)CNC)[C@@H](CC=O)C[C@@H](C)C(=O)/C=C/C(C)=C/[C@@H]1CO[C@@H]1O[C@H](C)[C@@H](O)[C@@H](OC)[C@H]1OC,CC[C@H]1OC(=O)C[C@@H](O)[C@H](C)[C@@H](O[C@@H]2O[C@H](C)[C@@H](O[C@H]3C[C@@](C)(O)[C@@H](O)[C@H](C)O3)[C@H](N(C)C)[C@H]2OC(=O)CNC)[C@@H](CC=O)C[C@@H](C)C(=O)/C=C/C(C)=C/[C@@H]1CO[C@@H]1O[C@H](C)[C@@H](O)[C@@H](OC)[C@H]1OC,TRUE,,-0.485
tylosin,Tylosin (Ì©ÀÖ¾úËØ),REF_TYLOSIN,repository_reference,O44_attached_to_C24,44,24,C,MPM00346,4-Hydroxy-3-methoxycinnamate,COc1cc(C=CC(=O)O)ccc1O,1,CC[C@H]1OC(=O)C[C@@H](O)[C@H](C)[C@@H](O[C@@H]2O[C@H](C)[C@@H](O[C@H]3C[C@@](C)(O)[C@@H](O)[C@H](C)O3)[C@H](N(C)C)[C@H]2OC(=O)C=Cc2ccc(O)c(OC)c2)[C@@H](CC=O)C[C@@H](C)C(=O)/C=C/C(C)=C/[C@@H]1CO[C@@H]1O[C@H](C)[C@@H](O)[C@@H](OC)[C@H]1OC,CC[C@H]1OC(=O)C[C@@H](O)[C@H](C)[C@@H](O[C@@H]2O[C@H](C)[C@@H](O[C@H]3C[C@@](C)(O)[C@@H](O)[C@H](C)O3)[C@H](N(C)C)[C@H]2OC(=O)C=Cc2ccc(O)c(OC)c2)[C@@H](CC=O)C[C@@H](C)C(=O)/C=C/C(C)=C/[C@@H]1CO[C@@H]1O[C@H](C)[C@@H](O)[C@@H](OC)[C@H]1OC,TRUE,,-0.148
tylosin,Tylosin (Ì©ÀÖ¾úËØ),REF_TYLOSIN,repository_reference,O44_attached_to_C24,44,24,C,MPM01482,L-Methionine (R)-S-oxide,CS(=O)CCC(N)C(=O)O,1,CC[C@H]1OC(=O)C[C@@H](O)[C@H](C)[C@@H](O[C@@H]2O[C@H](C)[C@@H](O[C@H]3C[C@@](C)(O)[C@@H](O)[C@H](C)O3)[C@H](N(C)C)[C@H]2OC(=O)C(N)CCS(C)=O)[C@@H](CC=O)C[C@@H](C)C(=O)/C=C/C(C)=C/[C@@H]1CO[C@@H]1O[C@H](C)[C@@H](O)[C@@H](OC)[C@H]1OC,CC[C@H]1OC(=O)C[C@@H](O)[C@H](C)[C@@H](O[C@@H]2O[C@H](C)[C@@H](O[C@H]3C[C@@](C)(O)[C@@H](O)[C@H](C)O3)[C@H](N(C)C)[C@H]2OC(=O)C(N)CCS(C)=O)[C@@H](CC=O)C[C@@H](C)C(=O)/C=C/C(C)=C/[C@@H]1CO[C@@H]1O[C@H](C)[C@@H](O)[C@@H](OC)[C@H]1OC,TRUE,,-0.942
tylosin,Tylosin (Ì©ÀÖ¾úËØ),REF_TYLOSIN,repository_reference,O44_attached_to_C24,44,24,C,MPM01356,D-2-Amino-4-(methylthio)butyric acid,CSCCC(N)C(=O)O,1,CC[C@H]1OC(=O)C[C@@H](O)[C@H](C)[C@@H](O[C@@H]2O[C@H](C)[C@@H](O[C@H]3C[C@@](C)(O)[C@@H](O)[C@H](C)O3)[C@H](N(C)C)[C@H]2OC(=O)C(N)CCSC)[C@@H](CC=O)C[C@@H](C)C(=O)/C=C/C(C)=C/[C@@H]1CO[C@@H]1O[C@H](C)[C@@H](O)[C@@H](OC)[C@H]1OC,CC[C@H]1OC(=O)C[C@@H](O)[C@H](C)[C@@H](O[C@@H]2O[C@H](C)[C@@H](O[C@H]3C[C@@](C)(O)[C@@H](O)[C@H](C)O3)[C@H](N(C)C)[C@H]2OC(=O)C(N)CCSC)[C@@H](CC=O)C[C@@H](C)C(=O)/C=C/C(C)=C/[C@@H]1CO[C@@H]1O[C@H](C)[C@@H](O)[C@@H](OC)[C@H]1OC,TRUE,,-1.145
tylosin,Tylosin (Ì©ÀÖ¾úËØ),REF_TYLOSIN,repository_reference,O44_attached_to_C24,44,24,C,MPM00678,Glycylmethionine,CSCCC(NC(=O)CN)C(=O)O,1,CC[C@H]1OC(=O)C[C@@H](O)[C@H](C)[C@@H](O[C@@H]2O[C@H](C)[C@@H](O[C@H]3C[C@@](C)(O)[C@@H](O)[C@H](C)O3)[C@H](N(C)C)[C@H]2OC(=O)C(CCSC)NC(=O)CN)[C@@H](CC=O)C[C@@H](C)C(=O)/C=C/C(C)=C/[C@@H]1CO[C@@H]1O[C@H](C)[C@@H](O)[C@@H](OC)[C@H]1OC,CC[C@H]1OC(=O)C[C@@H](O)[C@H](C)[C@@H](O[C@@H]2O[C@H](C)[C@@H](O[C@H]3C[C@@](C)(O)[C@@H](O)[C@H](C)O3)[C@H](N(C)C)[C@H]2OC(=O)C(CCSC)NC(=O)CN)[C@@H](CC=O)C[C@@H](C)C(=O)/C=C/C(C)=C/[C@@H]1CO[C@@H]1O[C@H](C)[C@@H](O)[C@@H](OC)[C@H]1OC,TRUE,,-0.918
tylosin,Tylosin (Ì©ÀÖ¾úËØ),REF_TYLOSIN,repository_reference,O44_attached_to_C24,44,24,C,MPM01143,2-Aminosuccinamic acid,NC(=O)CC(N)C(=O)O,1,CC[C@H]1OC(=O)C[C@@H](O)[C@H](C)[C@@H](O[C@@H]2O[C@H](C)[C@@H](O[C@H]3C[C@@](C)(O)[C@@H](O)[C@H](C)O3)[C@H](N(C)C)[C@H]2OC(=O)C(N)CC(N)=O)[C@@H](CC=O)C[C@@H](C)C(=O)/C=C/C(C)=C/[C@@H]1CO[C@@H]1O[C@H](C)[C@@H](O)[C@@H](OC)[C@H]1OC,CC[C@H]1OC(=O)C[C@@H](O)[C@H](C)[C@@H](O[C@@H]2O[C@H](C)[C@@H](O[C@H]3C[C@@](C)(O)[C@@H](O)[C@H](C)O3)[C@H](N(C)C)[C@H]2OC(=O)C(N)CC(N)=O)[C@@H](CC=O)C[C@@H](C)C(=O)/C=C/C(C)=C/[C@@H]1CO[C@@H]1O[C@H](C)[C@@H](O)[C@@H](OC)[C@H]1OC,TRUE,,-0.484
tylosin,Tylosin (Ì©ÀÖ¾úËØ),REF_TYLOSIN,repository_reference,O44_attached_to_C24,44,24,C,MPM01464,L-2-Aminoglutaramic acid,NC(=O)CCC(N)C(=O)O,1,CC[C@H]1OC(=O)C[C@@H](O)[C@H](C)[C@@H](O[C@@H]2O[C@H](C)[C@@H](O[C@H]3C[C@@](C)(O)[C@@H](O)[C@H](C)O3)[C@H](N(C)C)[C@H]2OC(=O)C(N)CCC(N)=O)[C@@H](CC=O)C[C@@H](C)C(=O)/C=C/C(C)=C/[C@@H]1CO[C@@H]1O[C@H](C)[C@@H](O)[C@@H](OC)[C@H]1OC,CC[C@H]1OC(=O)C[C@@H](O)[C@H](C)[C@@H](O[C@@H]2O[C@H](C)[C@@H](O[C@H]3C[C@@](C)(O)[C@@H](O)[C@H](C)O3)[C@H](N(C)C)[C@H]2OC(=O)C(N)CCC(N)=O)[C@@H](CC=O)C[C@@H](C)C(=O)/C=C/C(C)=C/[C@@H]1CO[C@@H]1O[C@H](C)[C@@H](O)[C@@H](OC)[C@H]1OC,TRUE,,-0.554
tylosin,Tylosin (Ì©ÀÖ¾úËØ),REF_TYLOSIN,repository_reference,O44_attached_to_C24,44,24,C,MPM00951,S-Succinyldihydrolipoamide,NC(=O)CCCCC(S)CCSC(=O)CCC(=O)O,1,CC[C@H]1OC(=O)C[C@@H](O)[C@H](C)[C@@H](O[C@@H]2O[C@H](C)[C@@H](O[C@H]3C[C@@](C)(O)[C@@H](O)[C@H](C)O3)[C@H](N(C)C)[C@H]2OC(=O)CCC(=O)SCCC(S)CCCCC(N)=O)[C@@H](CC=O)C[C@@H](C)C(=O)/C=C/C(C)=C/[C@@H]1CO[C@@H]1O[C@H](C)[C@@H](O)[C@@H](OC)[C@H]1OC,CC[C@H]1OC(=O)C[C@@H](O)[C@H](C)[C@@H](O[C@@H]2O[C@H](C)[C@@H](O[C@H]3C[C@@](C)(O)[C@@H](O)[C@H](C)O3)[C@H](N(C)C)[C@H]2OC(=O)CCC(=O)SCCC(S)CCCCC(N)=O)[C@@H](CC=O)C[C@@H](C)C(=O)/C=C/C(C)=C/[C@@H]1CO[C@@H]1O[C@H](C)[C@@H](O)[C@@H](OC)[C@H]1OC,TRUE,,-3.493
tylosin,Tylosin (Ì©ÀÖ¾úËØ),REF_TYLOSIN,repository_reference,O44_attached_to_C24,44,24,C,MPM00444,Allophanic acid,NC(=O)NC(=O)O,1,CC[C@H]1OC(=O)C[C@@H](O)[C@H](C)[C@@H](O[C@@H]2O[C@H](C)[C@@H](O[C@H]3C[C@@](C)(O)[C@@H](O)[C@H](C)O3)[C@H](N(C)C)[C@H]2OC(=O)NC(N)=O)[C@@H](CC=O)C[C@@H](C)C(=O)/C=C/C(C)=C/[C@@H]1CO[C@@H]1O[C@H](C)[C@@H](O)[C@@H](OC)[C@H]1OC,CC[C@H]1OC(=O)C[C@@H](O)[C@H](C)[C@@H](O[C@@H]2O[C@H](C)[C@@H](O[C@H]3C[C@@](C)(O)[C@@H](O)[C@H](C)O3)[C@H](N(C)C)[C@H]2OC(=O)NC(N)=O)[C@@H](CC=O)C[C@@H](C)C(=O)/C=C/C(C)=C/[C@@H]1CO[C@@H]1O[C@H](C)[C@@H](O)[C@@H](OC)[C@H]1OC,TRUE,,-1.272
tylosin,Tylosin (Ì©ÀÖ¾úËØ),REF_TYLOSIN,repository_reference,O44_attached_to_C24,44,24,C,MPM00442,Allantoic acid,NC(=O)NC(NC(N)=O)C(=O)O,1,CC[C@H]1OC(=O)C[C@@H](O)[C@H](C)[C@@H](O[C@@H]2O[C@H](C)[C@@H](O[C@H]3C[C@@](C)(O)[C@@H](O)[C@H](C)O3)[C@H](N(C)C)[C@H]2OC(=O)C(NC(N)=O)NC(N)=O)[C@@H](CC=O)C[C@@H](C)C(=O)/C=C/C(C)=C/[C@@H]1CO[C@@H]1O[C@H](C)[C@@H](O)[C@@H](OC)[C@H]1OC,CC[C@H]1OC(=O)C[C@@H](O)[C@H](C)[C@@H](O[C@@H]2O[C@H](C)[C@@H](O[C@H]3C[C@@](C)(O)[C@@H](O)[C@H](C)O3)[C@H](N(C)C)[C@H]2OC(=O)C(NC(N)=O)NC(N)=O)[C@@H](CC=O)C[C@@H](C)C(=O)/C=C/C(C)=C/[C@@H]1CO[C@@H]1O[C@H](C)[C@@H](O)[C@@H](OC)[C@H]1OC,TRUE,,-1.55
tylosin,Tylosin (Ì©ÀÖ¾úËØ),REF_TYLOSIN,repository_reference,O44_attached_to_C24,44,24,C,MPM00004,(-)-Ureidoglycolate,NC(=O)NC(O)C(=O)O,1,CC[C@H]1OC(=O)C[C@@H](O)[C@H](C)[C@@H](O[C@@H]2O[C@H](C)[C@@H](O[C@H]3C[C@@](C)(O)[C@@H](O)[C@H](C)O3)[C@H](N(C)C)[C@H]2OC(=O)C(O)NC(N)=O)[C@@H](CC=O)C[C@@H](C)C(=O)/C=C/C(C)=C/[C@@H]1CO[C@@H]1O[C@H](C)[C@@H](O)[C@@H](OC)[C@H]1OC,CC[C@H]1OC(=O)C[C@@H](O)[C@H](C)[C@@H](O[C@@H]2O[C@H](C)[C@@H](O[C@H]3C[C@@](C)(O)[C@@H](O)[C@H](C)O3)[C@H](N(C)C)[C@H]2OC(=O)C(O)NC(N)=O)[C@@H](CC=O)C[C@@H](C)C(=O)/C=C/C(C)=C/[C@@H]1CO[C@@H]1O[C@H](C)[C@@H](O)[C@@H](OC)[C@H]1OC,TRUE,,-1.183
tylosin,Tylosin (Ì©ÀÖ¾úËØ),REF_TYLOSIN,repository_reference,O44_attached_to_C24,44,24,C,MPM00254,2-Oxo-4-hydroxy-4-carboxy-5-ureidoimidazoline,NC(=O)NC1=NC(=O)NC1(O)C(=O)O,1,CC[C@H]1OC(=O)C[C@@H](O)[C@H](C)[C@@H](O[C@@H]2O[C@H](C)[C@@H](O[C@H]3C[C@@](C)(O)[C@@H](O)[C@H](C)O3)[C@H](N(C)C)[C@H]2OC(=O)C2(O)NC(=O)N=C2NC(N)=O)[C@@H](CC=O)C[C@@H](C)C(=O)/C=C/C(C)=C/[C@@H]1CO[C@@H]1O[C@H](C)[C@@H](O)[C@@H](OC)[C@H]1OC,CC[C@H]1OC(=O)C[C@@H](O)[C@H](C)[C@@H](O[C@@H]2O[C@H](C)[C@@H](O[C@H]3C[C@@](C)(O)[C@@H](O)[C@H](C)O3)[C@H](N(C)C)[C@H]2OC(=O)C2(O)NC(=O)N=C2NC(N)=O)[C@@H](CC=O)C[C@@H](C)C(=O)/C=C/C(C)=C/[C@@H]1CO[C@@H]1O[C@H](C)[C@@H](O)[C@@H](OC)[C@H]1OC,TRUE,,-1.783
tylosin,Tylosin (Ì©ÀÖ¾úËØ),REF_TYLOSIN,repository_reference,O44_attached_to_C24,44,24,C,MPM00815,N-Carbamoyl-beta-alanine,NC(=O)NCCC(=O)O,1,CC[C@H]1OC(=O)C[C@@H](O)[C@H](C)[C@@H](O[C@@H]2O[C@H](C)[C@@H](O[C@H]3C[C@@](C)(O)[C@@H](O)[C@H](C)O3)[C@H](N(C)C)[C@H]2OC(=O)CCNC(N)=O)[C@@H](CC=O)C[C@@H](C)C(=O)/C=C/C(C)=C/[C@@H]1CO[C@@H]1O[C@H](C)[C@@H](O)[C@@H](OC)[C@H]1OC,CC[C@H]1OC(=O)C[C@@H](O)[C@H](C)[C@@H](O[C@@H]2O[C@H](C)[C@@H](O[C@H]3C[C@@](C)(O)[C@@H](O)[C@H](C)O3)[C@H](N(C)C)[C@H]2OC(=O)CCNC(N)=O)[C@@H](CC=O)C[C@@H](C)C(=O)/C=C/C(C)=C/[C@@H]1CO[C@@H]1O[C@H](C)[C@@H](O)[C@@H](OC)[C@H]1OC,TRUE,,-1.024
tylosin,Tylosin (Ì©ÀÖ¾úËØ),REF_TYLOSIN,repository_reference,O44_attached_to_C24,44,24,C,MPM01334,Citrulline,NC(=O)NCCCC(N)C(=O)O,1,CC[C@H]1OC(=O)C[C@@H](O)[C@H](C)[C@@H](O[C@@H]2O[C@H](C)[C@@H](O[C@H]3C[C@@](C)(O)[C@@H](O)[C@H](C)O3)[C@H](N(C)C)[C@H]2OC(=O)C(N)CCCNC(N)=O)[C@@H](CC=O)C[C@@H](C)C(=O)/C=C/C(C)=C/[C@@H]1CO[C@@H]1O[C@H](C)[C@@H](O)[C@@H](OC)[C@H]1OC,CC[C@H]1OC(=O)C[C@@H](O)[C@H](C)[C@@H](O[C@@H]2O[C@H](C)[C@@H](O[C@H]3C[C@@](C)(O)[C@@H](O)[C@H](C)O3)[C@H](N(C)C)[C@H]2OC(=O)C(N)CCCNC(N)=O)[C@@H](CC=O)C[C@@H](C)C(=O)/C=C/C(C)=C/[C@@H]1CO[C@@H]1O[C@H](C)[C@@H](O)[C@@H](OC)[C@H]1OC,TRUE,,-0.92
tylosin,Tylosin (Ì©ÀÖ¾úËØ),REF_TYLOSIN,repository_reference,O44_attached_to_C24,44,24,C,MPM01438,Hydroxythreonine,NC(C(=O)O)C(O)CO,1,CC[C@H]1OC(=O)C[C@@H](O)[C@H](C)[C@@H](O[C@@H]2O[C@H](C)[C@@H](O[C@H]3C[C@@](C)(O)[C@@H](O)[C@H](C)O3)[C@H](N(C)C)[C@H]2OC(=O)C(N)C(O)CO)[C@@H](CC=O)C[C@@H](C)C(=O)/C=C/C(C)=C/[C@@H]1CO[C@@H]1O[C@H](C)[C@@H](O)[C@@H](OC)[C@H]1OC,CC[C@H]1OC(=O)C[C@@H](O)[C@H](C)[C@@H](O[C@@H]2O[C@H](C)[C@@H](O[C@H]3C[C@@](C)(O)[C@@H](O)[C@H](C)O3)[C@H](N(C)C)[C@H]2OC(=O)C(N)C(O)CO)[C@@H](CC=O)C[C@@H](C)C(=O)/C=C/C(C)=C/[C@@H]1CO[C@@H]1O[C@H](C)[C@@H](O)[C@@H](OC)[C@H]1OC,TRUE,,-0.909
tylosin,Tylosin (Ì©ÀÖ¾úËØ),REF_TYLOSIN,repository_reference,O44_attached_to_C24,44,24,C,MPM00363,4-Phosphooxy-L-threonine,NC(C(=O)O)C(O)COP(=O)(O)O,1,CC[C@H]1OC(=O)C[C@@H](O)[C@H](C)[C@@H](O[C@@H]2O[C@H](C)[C@@H](O[C@H]3C[C@@](C)(O)[C@@H](O)[C@H](C)O3)[C@H](N(C)C)[C@H]2OC(=O)C(N)C(O)COP(=O)(O)O)[C@@H](CC=O)C[C@@H](C)C(=O)/C=C/C(C)=C/[C@@H]1CO[C@@H]1O[C@H](C)[C@@H](O)[C@@H](OC)[C@H]1OC,CC[C@H]1OC(=O)C[C@@H](O)[C@H](C)[C@@H](O[C@@H]2O[C@H](C)[C@@H](O[C@H]3C[C@@](C)(O)[C@@H](O)[C@H](C)O3)[C@H](N(C)C)[C@H]2OC(=O)C(N)C(O)COP(=O)(O)O)[C@@H](CC=O)C[C@@H](C)C(=O)/C=C/C(C)=C/[C@@H]1CO[C@@H]1O[C@H](C)[C@@H](O)[C@@H](OC)[C@H]1OC,TRUE,,-0.996
tylosin,Tylosin (Ì©ÀÖ¾úËØ),REF_TYLOSIN,repository_reference,O44_attached_to_C24,44,24,C,MPM01144,2-Ammoniomalonate semialdehyde,NC(C=O)C(=O)O,1,CC[C@H]1OC(=O)C[C@@H](O)[C@H](C)[C@@H](O[C@@H]2O[C@H](C)[C@@H](O[C@H]3C[C@@](C)(O)[C@@H](O)[C@H](C)O3)[C@H](N(C)C)[C@H]2OC(=O)C(N)C=O)[C@@H](CC=O)C[C@@H](C)C(=O)/C=C/C(C)=C/[C@@H]1CO[C@@H]1O[C@H](C)[C@@H](O)[C@@H](OC)[C@H]1OC,CC[C@H]1OC(=O)C[C@@H](O)[C@H](C)[C@@H](O[C@@H]2O[C@H](C)[C@@H](O[C@H]3C[C@@](C)(O)[C@@H](O)[C@H](C)O3)[C@H](N(C)C)[C@H]2OC(=O)C(N)C=O)[C@@H](CC=O)C[C@@H](C)C(=O)/C=C/C(C)=C/[C@@H]1CO[C@@H]1O[C@H](C)[C@@H](O)[C@@H](OC)[C@H]1OC,TRUE,,-0.777
tylosin,Tylosin (Ì©ÀÖ¾úËØ),REF_TYLOSIN,repository_reference,O44_attached_to_C24,44,24,C,MPM01475,L-Glutamate 1-semialdehyde,NC(C=O)CCC(=O)O,1,CC[C@H]1OC(=O)C[C@@H](O)[C@H](C)[C@@H](O[C@@H]2O[C@H](C)[C@@H](O[C@H]3C[C@@](C)(O)[C@@H](O)[C@H](C)O3)[C@H](N(C)C)[C@H]2OC(=O)CCC(N)C=O)[C@@H](CC=O)C[C@@H](C)C(=O)/C=C/C(C)=C/[C@@H]1CO[C@@H]1O[C@H](C)[C@@H](O)[C@@H](OC)[C@H]1OC,CC[C@H]1OC(=O)C[C@@H](O)[C@H](C)[C@@H](O[C@@H]2O[C@H](C)[C@@H](O[C@H]3C[C@@](C)(O)[C@@H](O)[C@H](C)O3)[C@H](N(C)C)[C@H]2OC(=O)CCC(N)C=O)[C@@H](CC=O)C[C@@H](C)C(=O)/C=C/C(C)=C/[C@@H]1CO[C@@H]1O[C@H](C)[C@@H](O)[C@@H](OC)[C@H]1OC,TRUE,,-1.03
tylosin,Tylosin (Ì©ÀÖ¾úËØ),REF_TYLOSIN,repository_reference,O44_attached_to_C24,44,24,C,MPM01471,L-Aspartic 4-semialdehyde,NC(CC=O)C(=O)O,1,CC[C@H]1OC(=O)C[C@@H](O)[C@H](C)[C@@H](O[C@@H]2O[C@H](C)[C@@H](O[C@H]3C[C@@](C)(O)[C@@H](O)[C@H](C)O3)[C@H](N(C)C)[C@H]2OC(=O)C(N)CC=O)[C@@H](CC=O)C[C@@H](C)C(=O)/C=C/C(C)=C/[C@@H]1CO[C@@H]1O[C@H](C)[C@@H](O)[C@@H](OC)[C@H]1OC,CC[C@H]1OC(=O)C[C@@H](O)[C@H](C)[C@@H](O[C@@H]2O[C@H](C)[C@@H](O[C@H]3C[C@@](C)(O)[C@@H](O)[C@H](C)O3)[C@H](N(C)C)[C@H]2OC(=O)C(N)CC=O)[C@@H](CC=O)C[C@@H](C)C(=O)/C=C/C(C)=C/[C@@H]1CO[C@@H]1O[C@H](C)[C@@H](O)[C@@H](OC)[C@H]1OC,TRUE,,-0.945
tylosin,Tylosin (Ì©ÀÖ¾úËØ),REF_TYLOSIN,repository_reference,O44_attached_to_C24,44,24,C,MPM01476,L-Glutamate gamma-semialdehyde,NC(CCC=O)C(=O)O,1,CC[C@H]1OC(=O)C[C@@H](O)[C@H](C)[C@@H](O[C@@H]2O[C@H](C)[C@@H](O[C@H]3C[C@@](C)(O)[C@@H](O)[C@H](C)O3)[C@H](N(C)C)[C@H]2OC(=O)C(N)CCC=O)[C@@H](CC=O)C[C@@H](C)C(=O)/C=C/C(C)=C/[C@@H]1CO[C@@H]1O[C@H](C)[C@@H](O)[C@@H](OC)[C@H]1OC,CC[C@H]1OC(=O)C[C@@H](O)[C@H](C)[C@@H](O[C@@H]2O[C@H](C)[C@@H](O[C@H]3C[C@@](C)(O)[C@@H](O)[C@H](C)O3)[C@H](N(C)C)[C@H]2OC(=O)C(N)CCC=O)[C@@H](CC=O)C[C@@H](C)C(=O)/C=C/C(C)=C/[C@@H]1CO[C@@H]1O[C@H](C)[C@@H](O)[C@@H](OC)[C@H]1OC,TRUE,,-1.014
tylosin,Tylosin (Ì©ÀÖ¾úËØ),REF_TYLOSIN,repository_reference,O44_attached_to_C24,44,24,C,MPM01076,(S)-2-Amino-6-oxohexanoate,NC(CCCC=O)C(=O)O,1,CC[C@H]1OC(=O)C[C@@H](O)[C@H](C)[C@@H](O[C@@H]2O[C@H](C)[C@@H](O[C@H]3C[C@@](C)(O)[C@@H](O)[C@H](C)O3)[C@H](N(C)C)[C@H]2OC(=O)C(N)CCCC=O)[C@@H](CC=O)C[C@@H](C)C(=O)/C=C/C(C)=C/[C@@H]1CO[C@@H]1O[C@H](C)[C@@H](O)[C@@H](OC)[C@H]1OC,CC[C@H]1OC(=O)C[C@@H](O)[C@H](C)[C@@H](O[C@@H]2O[C@H](C)[C@@H](O[C@H]3C[C@@](C)(O)[C@@H](O)[C@H](C)O3)[C@H](N(C)C)[C@H]2OC(=O)C(N)CCCC=O)[C@@H](CC=O)C[C@@H](C)C(=O)/C=C/C(C)=C/[C@@H]1CO[C@@H]1O[C@H](C)[C@@H](O)[C@@H](OC)[C@H]1OC,TRUE,,-1.077
tylosin,Tylosin (Ì©ÀÖ¾úËØ),REF_TYLOSIN,repository_reference,O44_attached_to_C24,44,24,C,MPM00800,N6-(D-Fructosyl)-L-lysine,NC(CCCCNCC(=O)C(O)C(O)C(O)CO)C(=O)O,1,CC[C@H]1OC(=O)C[C@@H](O)[C@H](C)[C@@H](O[C@@H]2O[C@H](C)[C@@H](O[C@H]3C[C@@](C)(O)[C@@H](O)[C@H](C)O3)[C@H](N(C)C)[C@H]2OC(=O)C(N)CCCCNCC(=O)C(O)C(O)C(O)CO)[C@@H](CC=O)C[C@@H](C)C(=O)/C=C/C(C)=C/[C@@H]1CO[C@@H]1O[C@H](C)[C@@H](O)[C@@H](OC)[C@H]1OC,CC[C@H]1OC(=O)C[C@@H](O)[C@H](C)[C@@H](O[C@@H]2O[C@H](C)[C@@H](O[C@H]3C[C@@](C)(O)[C@@H](O)[C@H](C)O3)[C@H](N(C)C)[C@H]2OC(=O)C(N)CCCCNCC(=O)C(O)C(O)C(O)CO)[C@@H](CC=O)C[C@@H](C)C(=O)/C=C/C(C)=C/[C@@H]1CO[C@@H]1O[C@H](C)[C@@H](O)[C@@H](OC)[C@H]1OC,TRUE,,-1.354
tylosin,Tylosin (Ì©ÀÖ¾úËØ),REF_TYLOSIN,repository_reference,O44_attached_to_C24,44,24,C,MPM01141,2-Amino-4-hydroxybutyric acid,NC(CCO)C(=O)O,1,CC[C@H]1OC(=O)C[C@@H](O)[C@H](C)[C@@H](O[C@@H]2O[C@H](C)[C@@H](O[C@H]3C[C@@](C)(O)[C@@H](O)[C@H](C)O3)[C@H](N(C)C)[C@H]2OC(=O)C(N)CCO)[C@@H](CC=O)C[C@@H](C)C(=O)/C=C/C(C)=C/[C@@H]1CO[C@@H]1O[C@H](C)[C@@H](O)[C@@H](OC)[C@H]1OC,CC[C@H]1OC(=O)C[C@@H](O)[C@H](C)[C@@H](O[C@@H]2O[C@H](C)[C@@H](O[C@H]3C[C@@](C)(O)[C@@H](O)[C@H](C)O3)[C@H](N(C)C)[C@H]2OC(=O)C(N)CCO)[C@@H](CC=O)C[C@@H](C)C(=O)/C=C/C(C)=C/[C@@H]1CO[C@@H]1O[C@H](C)[C@@H](O)[C@@H](OC)[C@H]1OC,TRUE,,-0.631
tylosin,Tylosin (Ì©ÀÖ¾úËØ),REF_TYLOSIN,repository_reference,O44_attached_to_C24,44,24,C,MPM00698,Homocysteine,NC(CCS)C(=O)O,1,CC[C@H]1OC(=O)C[C@@H](O)[C@H](C)[C@@H](O[C@@H]2O[C@H](C)[C@@H](O[C@H]3C[C@@](C)(O)[C@@H](O)[C@H](C)O3)[C@H](N(C)C)[C@H]2OC(=O)C(N)CCS)[C@@H](CC=O)C[C@@H](C)C(=O)/C=C/C(C)=C/[C@@H]1CO[C@@H]1O[C@H](C)[C@@H](O)[C@@H](OC)[C@H]1OC,CC[C@H]1OC(=O)C[C@@H](O)[C@H](C)[C@@H](O[C@@H]2O[C@H](C)[C@@H](O[C@H]3C[C@@](C)(O)[C@@H](O)[C@H](C)O3)[C@H](N(C)C)[C@H]2OC(=O)C(N)CCS)[C@@H](CC=O)C[C@@H](C)C(=O)/C=C/C(C)=C/[C@@H]1CO[C@@H]1O[C@H](C)[C@@H](O)[C@@H](OC)[C@H]1OC,TRUE,,-1.997
tylosin,Tylosin (Ì©ÀÖ¾úËØ),REF_TYLOSIN,repository_reference,O44_attached_to_C24,44,24,C,MPM01379,D-Serine,NC(CO)C(=O)O,1,CC[C@H]1OC(=O)C[C@@H](O)[C@H](C)[C@@H](O[C@@H]2O[C@H](C)[C@@H](O[C@H]3C[C@@](C)(O)[C@@H](O)[C@H](C)O3)[C@H](N(C)C)[C@H]2OC(=O)C(N)CO)[C@@H](CC=O)C[C@@H](C)C(=O)/C=C/C(C)=C/[C@@H]1CO[C@@H]1O[C@H](C)[C@@H](O)[C@@H](OC)[C@H]1OC,CC[C@H]1OC(=O)C[C@@H](O)[C@H](C)[C@@H](O[C@@H]2O[C@H](C)[C@@H](O[C@H]3C[C@@](C)(O)[C@@H](O)[C@H](C)O3)[C@H](N(C)C)[C@H]2OC(=O)C(N)CO)[C@@H](CC=O)C[C@@H](C)C(=O)/C=C/C(C)=C/[C@@H]1CO[C@@H]1O[C@H](C)[C@@H](O)[C@@H](OC)[C@H]1OC,TRUE,,-0.637
tylosin,Tylosin (Ì©ÀÖ¾úËØ),REF_TYLOSIN,repository_reference,O44_attached_to_C24,44,24,C,MPM00325,3-Phospho-L-serine,NC(COP(=O)(O)O)C(=O)O,1,CC[C@H]1OC(=O)C[C@@H](O)[C@H](C)[C@@H](O[C@@H]2O[C@H](C)[C@@H](O[C@H]3C[C@@](C)(O)[C@@H](O)[C@H](C)O3)[C@H](N(C)C)[C@H]2OC(=O)C(N)COP(=O)(O)O)[C@@H](CC=O)C[C@@H](C)C(=O)/C=C/C(C)=C/[C@@H]1CO[C@@H]1O[C@H](C)[C@@H](O)[C@@H](OC)[C@H]1OC,CC[C@H]1OC(=O)C[C@@H](O)[C@H](C)[C@@H](O[C@@H]2O[C@H](C)[C@@H](O[C@H]3C[C@@](C)(O)[C@@H](O)[C@H](C)O3)[C@H](N(C)C)[C@H]2OC(=O)C(N)COP(=O)(O)O)[C@@H](CC=O)C[C@@H](C)C(=O)/C=C/C(C)=C/[C@@H]1CO[C@@H]1O[C@H](C)[C@@H](O)[C@@H](OC)[C@H]1OC,TRUE,,-0.74
tylosin,Tylosin (Ì©ÀÖ¾úËØ),REF_TYLOSIN,repository_reference,O44_attached_to_C24,44,24,C,MPM00667,glycerol 1-phosphoserine(1-),NC(COP(=O)(O)OCC(O)CO)C(=O)O,1,CC[C@H]1OC(=O)C[C@@H](O)[C@H](C)[C@@H](O[C@@H]2O[C@H](C)[C@@H](O[C@H]3C[C@@](C)(O)[C@@H](O)[C@H](C)O3)[C@H](N(C)C)[C@H]2OC(=O)C(N)COP(=O)(O)OCC(O)CO)[C@@H](CC=O)C[C@@H](C)C(=O)/C=C/C(C)=C/[C@@H]1CO[C@@H]1O[C@H](C)[C@@H](O)[C@@H](OC)[C@H]1OC,CC[C@H]1OC(=O)C[C@@H](O)[C@H](C)[C@@H](O[C@@H]2O[C@H](C)[C@@H](O[C@H]3C[C@@](C)(O)[C@@H](O)[C@H](C)O3)[C@H](N(C)C)[C@H]2OC(=O)C(N)COP(=O)(O)OCC(O)CO)[C@@H](CC=O)C[C@@H](C)C(=O)/C=C/C(C)=C/[C@@H]1CO[C@@H]1O[C@H](C)[C@@H](O)[C@@H](OC)[C@H]1OC,TRUE,,-0.964
tylosin,Tylosin (Ì©ÀÖ¾úËØ),REF_TYLOSIN,repository_reference,O44_attached_to_C24,44,24,C,MPM00199,2-Amino-3-sulfopropionic acid,NC(CS(=O)(=O)O)C(=O)O,1,CC[C@H]1OC(=O)C[C@@H](O)[C@H](C)[C@@H](O[C@@H]2O[C@H](C)[C@@H](O[C@H]3C[C@@](C)(O)[C@@H](O)[C@H](C)O3)[C@H](N(C)C)[C@H]2OC(=O)C(N)CS(=O)(=O)O)[C@@H](CC=O)C[C@@H](C)C(=O)/C=C/C(C)=C/[C@@H]1CO[C@@H]1O[C@H](C)[C@@H](O)[C@@H](OC)[C@H]1OC,CC[C@H]1OC(=O)C[C@@H](O)[C@H](C)[C@@H](O[C@@H]2O[C@H](C)[C@@H](O[C@H]3C[C@@](C)(O)[C@@H](O)[C@H](C)O3)[C@H](N(C)C)[C@H]2OC(=O)C(N)CS(=O)(=O)O)[C@@H](CC=O)C[C@@H](C)C(=O)/C=C/C(C)=C/[C@@H]1CO[C@@H]1O[C@H](C)[C@@H](O)[C@@H](OC)[C@H]1OC,TRUE,,-0.456
tylosin,Tylosin (Ì©ÀÖ¾úËØ),REF_TYLOSIN,repository_reference,O44_attached_to_C24,44,24,C,MPM00329,3-Sulfinoalanine,NC(CS(=O)O)C(=O)O,1,CC[C@H]1OC(=O)C[C@@H](O)[C@H](C)[C@@H](O[C@@H]2O[C@H](C)[C@@H](O[C@H]3C[C@@](C)(O)[C@@H](O)[C@H](C)O3)[C@H](N(C)C)[C@H]2OC(=O)C(N)CS(=O)O)[C@@H](CC=O)C[C@@H](C)C(=O)/C=C/C(C)=C/[C@@H]1CO[C@@H]1O[C@H](C)[C@@H](O)[C@@H](OC)[C@H]1OC,CC[C@H]1OC(=O)C[C@@H](O)[C@H](C)[C@@H](O[C@@H]2O[C@H](C)[C@@H](O[C@H]3C[C@@](C)(O)[C@@H](O)[C@H](C)O3)[C@H](N(C)C)[C@H]2OC(=O)C(N)CS(=O)O)[C@@H](CC=O)C[C@@H](C)C(=O)/C=C/C(C)=C/[C@@H]1CO[C@@H]1O[C@H](C)[C@@H](O)[C@@H](OC)[C@H]1OC,TRUE,,-0.388
tylosin,Tylosin (Ì©ÀÖ¾úËØ),REF_TYLOSIN,repository_reference,O44_attached_to_C24,44,24,C,MPM01473,L-Cysteinylglycine,NC(CS)C(=O)NCC(=O)O,1,CC[C@H]1OC(=O)C[C@@H](O)[C@H](C)[C@@H](O[C@@H]2O[C@H](C)[C@@H](O[C@H]3C[C@@](C)(O)[C@@H](O)[C@H](C)O3)[C@H](N(C)C)[C@H]2OC(=O)CNC(=O)C(N)CS)[C@@H](CC=O)C[C@@H](C)C(=O)/C=C/C(C)=C/[C@@H]1CO[C@@H]1O[C@H](C)[C@@H](O)[C@@H](OC)[C@H]1OC,CC[C@H]1OC(=O)C[C@@H](O)[C@H](C)[C@@H](O[C@@H]2O[C@H](C)[C@@H](O[C@H]3C[C@@](C)(O)[C@@H](O)[C@H](C)O3)[C@H](N(C)C)[C@H]2OC(=O)CNC(=O)C(N)CS)[C@@H](CC=O)C[C@@H](C)C(=O)/C=C/C(C)=C/[C@@H]1CO[C@@H]1O[C@H](C)[C@@H](O)[C@@H](OC)[C@H]1OC,TRUE,,-1.896
tylosin,Tylosin (Ì©ÀÖ¾úËØ),REF_TYLOSIN,repository_reference,O44_attached_to_C24,44,24,C,MPM01361,D-Amino-3-mercaptopropionic acid,NC(CS)C(=O)O,1,CC[C@H]1OC(=O)C[C@@H](O)[C@H](C)[C@@H](O[C@@H]2O[C@H](C)[C@@H](O[C@H]3C[C@@](C)(O)[C@@H](O)[C@H](C)O3)[C@H](N(C)C)[C@H]2OC(=O)C(N)CS)[C@@H](CC=O)C[C@@H](C)C(=O)/C=C/C(C)=C/[C@@H]1CO[C@@H]1O[C@H](C)[C@@H](O)[C@@H](OC)[C@H]1OC,CC[C@H]1OC(=O)C[C@@H](O)[C@H](C)[C@@H](O[C@@H]2O[C@H](C)[C@@H](O[C@H]3C[C@@](C)(O)[C@@H](O)[C@H](C)O3)[C@H](N(C)C)[C@H]2OC(=O)C(N)CS)[C@@H](CC=O)C[C@@H](C)C(=O)/C=C/C(C)=C/[C@@H]1CO[C@@H]1O[C@H](C)[C@@H](O)[C@@H](OC)[C@H]1OC,TRUE,,-1.934
tylosin,Tylosin (Ì©ÀÖ¾úËØ),REF_TYLOSIN,repository_reference,O44_attached_to_C24,44,24,C,MPM01078,(S)-alpha-Amino-beta-(3-indolyl)-propionic acid,NC(Cc1c[nH]c2ccccc12)C(=O)O,1,CC[C@H]1OC(=O)C[C@@H](O)[C@H](C)[C@@H](O[C@@H]2O[C@H](C)[C@@H](O[C@H]3C[C@@](C)(O)[C@@H](O)[C@H](C)O3)[C@H](N(C)C)[C@H]2OC(=O)C(N)Cc2c[nH]c3ccccc23)[C@@H](CC=O)C[C@@H](C)C(=O)/C=C/C(C)=C/[C@@H]1CO[C@@H]1O[C@H](C)[C@@H](O)[C@@H](OC)[C@H]1OC,CC[C@H]1OC(=O)C[C@@H](O)[C@H](C)[C@@H](O[C@@H]2O[C@H](C)[C@@H](O[C@H]3C[C@@](C)(O)[C@@H](O)[C@H](C)O3)[C@H](N(C)C)[C@H]2OC(=O)C(N)Cc2c[nH]c3ccccc23)[C@@H](CC=O)C[C@@H](C)C(=O)/C=C/C(C)=C/[C@@H]1CO[C@@H]1O[C@H](C)[C@@H](O)[C@@H](OC)[C@H]1OC,TRUE,,0.163
tylosin,Tylosin (Ì©ÀÖ¾úËØ),REF_TYLOSIN,repository_reference,O44_attached_to_C24,44,24,C,MPM01639,Tyrosine,NC(Cc1ccc(O)cc1)C(=O)O,1,CC[C@H]1OC(=O)C[C@@H](O)[C@H](C)[C@@H](O[C@@H]2O[C@H](C)[C@@H](O[C@H]3C[C@@](C)(O)[C@@H](O)[C@H](C)O3)[C@H](N(C)C)[C@H]2OC(=O)C(N)Cc2ccc(O)cc2)[C@@H](CC=O)C[C@@H](C)C(=O)/C=C/C(C)=C/[C@@H]1CO[C@@H]1O[C@H](C)[C@@H](O)[C@@H](OC)[C@H]1OC,CC[C@H]1OC(=O)C[C@@H](O)[C@H](C)[C@@H](O[C@@H]2O[C@H](C)[C@@H](O[C@H]3C[C@@](C)(O)[C@@H](O)[C@H](C)O3)[C@H](N(C)C)[C@H]2OC(=O)C(N)Cc2ccc(O)cc2)[C@@H](CC=O)C[C@@H](C)C(=O)/C=C/C(C)=C/[C@@H]1CO[C@@H]1O[C@H](C)[C@@H](O)[C@@H](OC)[C@H]1OC,TRUE,,-0.449
tylosin,Tylosin (Ì©ÀÖ¾úËØ),REF_TYLOSIN,repository_reference,O44_attached_to_C24,44,24,C,MPM00895,Phosphonotyrosine,NC(Cc1ccc(OP(=O)(O)O)cc1)C(=O)O,1,CC[C@H]1OC(=O)C[C@@H](O)[C@H](C)[C@@H](O[C@@H]2O[C@H](C)[C@@H](O[C@H]3C[C@@](C)(O)[C@@H](O)[C@H](C)O3)[C@H](N(C)C)[C@H]2OC(=O)C(N)Cc2ccc(OP(=O)(O)O)cc2)[C@@H](CC=O)C[C@@H](C)C(=O)/C=C/C(C)=C/[C@@H]1CO[C@@H]1O[C@H](C)[C@@H](O)[C@@H](OC)[C@H]1OC,CC[C@H]1OC(=O)C[C@@H](O)[C@H](C)[C@@H](O[C@@H]2O[C@H](C)[C@@H](O[C@H]3C[C@@](C)(O)[C@@H](O)[C@H](C)O3)[C@H](N(C)C)[C@H]2OC(=O)C(N)Cc2ccc(OP(=O)(O)O)cc2)[C@@H](CC=O)C[C@@H](C)C(=O)/C=C/C(C)=C/[C@@H]1CO[C@@H]1O[C@H](C)[C@@H](O)[C@@H](OC)[C@H]1OC,TRUE,,-0.995
tylosin,Tylosin (Ì©ÀÖ¾úËØ),REF_TYLOSIN,repository_reference,O44_attached_to_C24,44,24,C,MPM00612,D-phenylalanine,NC(Cc1ccccc1)C(=O)O,1,CC[C@H]1OC(=O)C[C@@H](O)[C@H](C)[C@@H](O[C@@H]2O[C@H](C)[C@@H](O[C@H]3C[C@@](C)(O)[C@@H](O)[C@H](C)O3)[C@H](N(C)C)[C@H]2OC(=O)C(N)Cc2ccccc2)[C@@H](CC=O)C[C@@H](C)C(=O)/C=C/C(C)=C/[C@@H]1CO[C@@H]1O[C@H](C)[C@@H](O)[C@@H](OC)[C@H]1OC,CC[C@H]1OC(=O)C[C@@H](O)[C@H](C)[C@@H](O[C@@H]2O[C@H](C)[C@@H](O[C@H]3C[C@@](C)(O)[C@@H](O)[C@H](C)O3)[C@H](N(C)C)[C@H]2OC(=O)C(N)Cc2ccccc2)[C@@H](CC=O)C[C@@H](C)C(=O)/C=C/C(C)=C/[C@@H]1CO[C@@H]1O[C@H](C)[C@@H](O)[C@@H](OC)[C@H]1OC,TRUE,,-0.815
tylosin,Tylosin (Ì©ÀÖ¾úËØ),REF_TYLOSIN,repository_reference,O44_attached_to_C24,44,24,C,MPM01077,(S)-alpha-Amino-1H-imidazole-4-propionic acid,NC(Cc1cnc[nH]1)C(=O)O,1,CC[C@H]1OC(=O)C[C@@H](O)[C@H](C)[C@@H](O[C@@H]2O[C@H](C)[C@@H](O[C@H]3C[C@@](C)(O)[C@@H](O)[C@H](C)O3)[C@H](N(C)C)[C@H]2OC(=O)C(N)Cc2cnc[nH]2)[C@@H](CC=O)C[C@@H](C)C(=O)/C=C/C(C)=C/[C@@H]1CO[C@@H]1O[C@H](C)[C@@H](O)[C@@H](OC)[C@H]1OC,CC[C@H]1OC(=O)C[C@@H](O)[C@H](C)[C@@H](O[C@@H]2O[C@H](C)[C@@H](O[C@H]3C[C@@](C)(O)[C@@H](O)[C@H](C)O3)[C@H](N(C)C)[C@H]2OC(=O)C(N)Cc2cnc[nH]2)[C@@H](CC=O)C[C@@H](C)C(=O)/C=C/C(C)=C/[C@@H]1CO[C@@H]1O[C@H](C)[C@@H](O)[C@@H](OC)[C@H]1OC,TRUE,,-0.816
tylosin,Tylosin (Ì©ÀÖ¾úËØ),REF_TYLOSIN,repository_reference,O44_attached_to_C24,44,24,C,MPM01165,2-Oxoarginine,NC(N)=NCCCC(=O)C(=O)O,1,CC[C@H]1OC(=O)C[C@@H](O)[C@H](C)[C@@H](O[C@@H]2O[C@H](C)[C@@H](O[C@H]3C[C@@](C)(O)[C@@H](O)[C@H](C)O3)[C@H](N(C)C)[C@H]2OC(=O)C(=O)CCCN=C(N)N)[C@@H](CC=O)C[C@@H](C)C(=O)/C=C/C(C)=C/[C@@H]1CO[C@@H]1O[C@H](C)[C@@H](O)[C@@H](OC)[C@H]1OC,CC[C@H]1OC(=O)C[C@@H](O)[C@H](C)[C@@H](O[C@@H]2O[C@H](C)[C@@H](O[C@H]3C[C@@](C)(O)[C@@H](O)[C@H](C)O3)[C@H](N(C)C)[C@H]2OC(=O)C(=O)CCCN=C(N)N)[C@@H](CC=O)C[C@@H](C)C(=O)/C=C/C(C)=C/[C@@H]1CO[C@@H]1O[C@H](C)[C@@H](O)[C@@H](OC)[C@H]1OC,TRUE,,-0.766
tylosin,Tylosin (Ì©ÀÖ¾úËØ),REF_TYLOSIN,repository_reference,O44_attached_to_C24,44,24,C,MPM00541,D-2-Amino-5-guanidinovaleric acid,NC(N)=NCCCC(N)C(=O)O,1,CC[C@H]1OC(=O)C[C@@H](O)[C@H](C)[C@@H](O[C@@H]2O[C@H](C)[C@@H](O[C@H]3C[C@@](C)(O)[C@@H](O)[C@H](C)O3)[C@H](N(C)C)[C@H]2OC(=O)C(N)CCCN=C(N)N)[C@@H](CC=O)C[C@@H](C)C(=O)/C=C/C(C)=C/[C@@H]1CO[C@@H]1O[C@H](C)[C@@H](O)[C@@H](OC)[C@H]1OC,CC[C@H]1OC(=O)C[C@@H](O)[C@H](C)[C@@H](O[C@@H]2O[C@H](C)[C@@H](O[C@H]3C[C@@](C)(O)[C@@H](O)[C@H](C)O3)[C@H](N(C)C)[C@H]2OC(=O)C(N)CCCN=C(N)N)[C@@H](CC=O)C[C@@H](C)C(=O)/C=C/C(C)=C/[C@@H]1CO[C@@H]1O[C@H](C)[C@@H](O)[C@@H](OC)[C@H]1OC,TRUE,,-0.653
tylosin,Tylosin (Ì©ÀÖ¾úËØ),REF_TYLOSIN,repository_reference,O44_attached_to_C24,44,24,C,MPM01242,5-Amino-4-oxovaleric acid,NCC(=O)CCC(=O)O,1,CC[C@H]1OC(=O)C[C@@H](O)[C@H](C)[C@@H](O[C@@H]2O[C@H](C)[C@@H](O[C@H]3C[C@@](C)(O)[C@@H](O)[C@H](C)O3)[C@H](N(C)C)[C@H]2OC(=O)CCC(=O)CN)[C@@H](CC=O)C[C@@H](C)C(=O)/C=C/C(C)=C/[C@@H]1CO[C@@H]1O[C@H](C)[C@@H](O)[C@@H](OC)[C@H]1OC,CC[C@H]1OC(=O)C[C@@H](O)[C@H](C)[C@@H](O[C@@H]2O[C@H](C)[C@@H](O[C@H]3C[C@@](C)(O)[C@@H](O)[C@H](C)O3)[C@H](N(C)C)[C@H]2OC(=O)CCC(=O)CN)[C@@H](CC=O)C[C@@H](C)C(=O)/C=C/C(C)=C/[C@@H]1CO[C@@H]1O[C@H](C)[C@@H](O)[C@@H](OC)[C@H]1OC,TRUE,,-0.517
tylosin,Tylosin (Ì©ÀÖ¾úËØ),REF_TYLOSIN,repository_reference,O44_attached_to_C24,44,24,C,MPM00674,Glycyl-l-glutamine,NCC(=O)NC(CCC(N)=O)C(=O)O,1,CC[C@H]1OC(=O)C[C@@H](O)[C@H](C)[C@@H](O[C@@H]2O[C@H](C)[C@@H](O[C@H]3C[C@@](C)(O)[C@@H](O)[C@H](C)O3)[C@H](N(C)C)[C@H]2OC(=O)C(CCC(N)=O)NC(=O)CN)[C@@H](CC=O)C[C@@H](C)C(=O)/C=C/C(C)=C/[C@@H]1CO[C@@H]1O[C@H](C)[C@@H](O)[C@@H](OC)[C@H]1OC,CC[C@H]1OC(=O)C[C@@H](O)[C@H](C)[C@@H](O[C@@H]2O[C@H](C)[C@@H](O[C@H]3C[C@@](C)(O)[C@@H](O)[C@H](C)O3)[C@H](N(C)C)[C@H]2OC(=O)C(CCC(N)=O)NC(=O)CN)[C@@H](CC=O)C[C@@H](C)C(=O)/C=C/C(C)=C/[C@@H]1CO[C@@H]1O[C@H](C)[C@@H](O)[C@@H](OC)[C@H]1OC,TRUE,,-0.327
tylosin,Tylosin (Ì©ÀÖ¾úËØ),REF_TYLOSIN,repository_reference,O44_attached_to_C24,44,24,C,MPM00673,Glycylcysteine,NCC(=O)NC(CS)C(=O)O,1,CC[C@H]1OC(=O)C[C@@H](O)[C@H](C)[C@@H](O[C@@H]2O[C@H](C)[C@@H](O[C@H]3C[C@@](C)(O)[C@@H](O)[C@H](C)O3)[C@H](N(C)C)[C@H]2OC(=O)C(CS)NC(=O)CN)[C@@H](CC=O)C[C@@H](C)C(=O)/C=C/C(C)=C/[C@@H]1CO[C@@H]1O[C@H](C)[C@@H](O)[C@@H](OC)[C@H]1OC,CC[C@H]1OC(=O)C[C@@H](O)[C@H](C)[C@@H](O[C@@H]2O[C@H](C)[C@@H](O[C@H]3C[C@@](C)(O)[C@@H](O)[C@H](C)O3)[C@H](N(C)C)[C@H]2OC(=O)C(CS)NC(=O)CN)[C@@H](CC=O)C[C@@H](C)C(=O)/C=C/C(C)=C/[C@@H]1CO[C@@H]1O[C@H](C)[C@@H](O)[C@@H](OC)[C@H]1OC,TRUE,,-1.757
tylosin,Tylosin (Ì©ÀÖ¾úËØ),REF_TYLOSIN,repository_reference,O44_attached_to_C24,44,24,C,MPM00677,Glycyl-L-tyrosine,NCC(=O)NC(Cc1ccc(O)cc1)C(=O)O,1,CC[C@H]1OC(=O)C[C@@H](O)[C@H](C)[C@@H](O[C@@H]2O[C@H](C)[C@@H](O[C@H]3C[C@@](C)(O)[C@@H](O)[C@H](C)O3)[C@H](N(C)C)[C@H]2OC(=O)C(Cc2ccc(O)cc2)NC(=O)CN)[C@@H](CC=O)C[C@@H](C)C(=O)/C=C/C(C)=C/[C@@H]1CO[C@@H]1O[C@H](C)[C@@H](O)[C@@H](OC)[C@H]1OC,CC[C@H]1OC(=O)C[C@@H](O)[C@H](C)[C@@H](O[C@@H]2O[C@H](C)[C@@H](O[C@H]3C[C@@](C)(O)[C@@H](O)[C@H](C)O3)[C@H](N(C)C)[C@H]2OC(=O)C(Cc2ccc(O)cc2)NC(=O)CN)[C@@H](CC=O)C[C@@H](C)C(=O)/C=C/C(C)=C/[C@@H]1CO[C@@H]1O[C@H](C)[C@@H](O)[C@@H](OC)[C@H]1OC,TRUE,,-0.223
tylosin,Tylosin (Ì©ÀÖ¾úËØ),REF_TYLOSIN,repository_reference,O44_attached_to_C24,44,24,C,MPM00676,Glycyl-L-phenylalanine,NCC(=O)NC(Cc1ccccc1)C(=O)O,1,CC[C@H]1OC(=O)C[C@@H](O)[C@H](C)[C@@H](O[C@@H]2O[C@H](C)[C@@H](O[C@H]3C[C@@](C)(O)[C@@H](O)[C@H](C)O3)[C@H](N(C)C)[C@H]2OC(=O)C(Cc2ccccc2)NC(=O)CN)[C@@H](CC=O)C[C@@H](C)C(=O)/C=C/C(C)=C/[C@@H]1CO[C@@H]1O[C@H](C)[C@@H](O)[C@@H](OC)[C@H]1OC,CC[C@H]1OC(=O)C[C@@H](O)[C@H](C)[C@@H](O[C@@H]2O[C@H](C)[C@@H](O[C@H]3C[C@@](C)(O)[C@@H](O)[C@H](C)O3)[C@H](N(C)C)[C@H]2OC(=O)C(Cc2ccccc2)NC(=O)CN)[C@@H](CC=O)C[C@@H](C)C(=O)/C=C/C(C)=C/[C@@H]1CO[C@@H]1O[C@H](C)[C@@H](O)[C@@H](OC)[C@H]1OC,TRUE,,-0.588
tylosin,Tylosin (Ì©ÀÖ¾úËØ),REF_TYLOSIN,repository_reference,O44_attached_to_C24,44,24,C,MPM01413,Gly,NCC(=O)O,1,CC[C@H]1OC(=O)C[C@@H](O)[C@H](C)[C@@H](O[C@@H]2O[C@H](C)[C@@H](O[C@H]3C[C@@](C)(O)[C@@H](O)[C@H](C)O3)[C@H](N(C)C)[C@H]2OC(=O)CN)[C@@H](CC=O)C[C@@H](C)C(=O)/C=C/C(C)=C/[C@@H]1CO[C@@H]1O[C@H](C)[C@@H](O)[C@@H](OC)[C@H]1OC,CC[C@H]1OC(=O)C[C@@H](O)[C@H](C)[C@@H](O[C@@H]2O[C@H](C)[C@@H](O[C@H]3C[C@@](C)(O)[C@@H](O)[C@H](C)O3)[C@H](N(C)C)[C@H]2OC(=O)CN)[C@@H](CC=O)C[C@@H](C)C(=O)/C=C/C(C)=C/[C@@H]1CO[C@@H]1O[C@H](C)[C@@H](O)[C@@H](OC)[C@H]1OC,TRUE,,-0.367
tylosin,Tylosin (Ì©ÀÖ¾úËØ),REF_TYLOSIN,repository_reference,O44_attached_to_C24,44,24,C,MPM01074,"(S)-2,3-Diaminopropanoate",NCC(N)C(=O)O,1,CC[C@H]1OC(=O)C[C@@H](O)[C@H](C)[C@@H](O[C@@H]2O[C@H](C)[C@@H](O[C@H]3C[C@@](C)(O)[C@@H](O)[C@H](C)O3)[C@H](N(C)C)[C@H]2OC(=O)C(N)CN)[C@@H](CC=O)C[C@@H](C)C(=O)/C=C/C(C)=C/[C@@H]1CO[C@@H]1O[C@H](C)[C@@H](O)[C@@H](OC)[C@H]1OC,CC[C@H]1OC(=O)C[C@@H](O)[C@H](C)[C@@H](O[C@@H]2O[C@H](C)[C@@H](O[C@H]3C[C@@](C)(O)[C@@H](O)[C@H](C)O3)[C@H](N(C)C)[C@H]2OC(=O)C(N)CN)[C@@H](CC=O)C[C@@H](C)C(=O)/C=C/C(C)=C/[C@@H]1CO[C@@H]1O[C@H](C)[C@@H](O)[C@@H](OC)[C@H]1OC,TRUE,,-0.222
tylosin,Tylosin (Ì©ÀÖ¾úËØ),REF_TYLOSIN,repository_reference,O44_attached_to_C24,44,24,C,MPM01212,3-Aminopropanoate,NCCC(=O)O,1,CC[C@H]1OC(=O)C[C@@H](O)[C@H](C)[C@@H](O[C@@H]2O[C@H](C)[C@@H](O[C@H]3C[C@@](C)(O)[C@@H](O)[C@H](C)O3)[C@H](N(C)C)[C@H]2OC(=O)CCN)[C@@H](CC=O)C[C@@H](C)C(=O)/C=C/C(C)=C/[C@@H]1CO[C@@H]1O[C@H](C)[C@@H](O)[C@@H](OC)[C@H]1OC,CC[C@H]1OC(=O)C[C@@H](O)[C@H](C)[C@@H](O[C@@H]2O[C@H](C)[C@@H](O[C@H]3C[C@@](C)(O)[C@@H](O)[C@H](C)O3)[C@H](N(C)C)[C@H]2OC(=O)CCN)[C@@H](CC=O)C[C@@H](C)C(=O)/C=C/C(C)=C/[C@@H]1CO[C@@H]1O[C@H](C)[C@@H](O)[C@@H](OC)[C@H]1OC,TRUE,,-0.454
tylosin,Tylosin (Ì©ÀÖ¾úËØ),REF_TYLOSIN,repository_reference,O44_attached_to_C24,44,24,C,MPM00725,"L-2,4-Diaminobutyrate",NCCC(N)C(=O)O,1,CC[C@H]1OC(=O)C[C@@H](O)[C@H](C)[C@@H](O[C@@H]2O[C@H](C)[C@@H](O[C@H]3C[C@@](C)(O)[C@@H](O)[C@H](C)O3)[C@H](N(C)C)[C@H]2OC(=O)C(N)CCN)[C@@H](CC=O)C[C@@H](C)C(=O)/C=C/C(C)=C/[C@@H]1CO[C@@H]1O[C@H](C)[C@@H](O)[C@@H](OC)[C@H]1OC,CC[C@H]1OC(=O)C[C@@H](O)[C@H](C)[C@@H](O[C@@H]2O[C@H](C)[C@@H](O[C@H]3C[C@@](C)(O)[C@@H](O)[C@H](C)O3)[C@H](N(C)C)[C@H]2OC(=O)C(N)CCN)[C@@H](CC=O)C[C@@H](C)C(=O)/C=C/C(C)=C/[C@@H]1CO[C@@H]1O[C@H](C)[C@@H](O)[C@@H](OC)[C@H]1OC,TRUE,,-0.275
tylosin,Tylosin (Ì©ÀÖ¾úËØ),REF_TYLOSIN,repository_reference,O44_attached_to_C24,44,24,C,MPM01396,GABA,NCCCC(=O)O,1,CC[C@H]1OC(=O)C[C@@H](O)[C@H](C)[C@@H](O[C@@H]2O[C@H](C)[C@@H](O[C@H]3C[C@@](C)(O)[C@@H](O)[C@H](C)O3)[C@H](N(C)C)[C@H]2OC(=O)CCCN)[C@@H](CC=O)C[C@@H](C)C(=O)/C=C/C(C)=C/[C@@H]1CO[C@@H]1O[C@H](C)[C@@H](O)[C@@H](OC)[C@H]1OC,CC[C@H]1OC(=O)C[C@@H](O)[C@H](C)[C@@H](O[C@@H]2O[C@H](C)[C@@H](O[C@H]3C[C@@](C)(O)[C@@H](O)[C@H](C)O3)[C@H](N(C)C)[C@H]2OC(=O)CCCN)[C@@H](CC=O)C[C@@H](C)C(=O)/C=C/C(C)=C/[C@@H]1CO[C@@H]1O[C@H](C)[C@@H](O)[C@@H](OC)[C@H]1OC,TRUE,,-0.512
tylosin,Tylosin (Ì©ÀÖ¾úËØ),REF_TYLOSIN,repository_reference,O44_attached_to_C24,44,24,C,MPM00093,"(S)-2,5-Diaminopentanoate",NCCCC(N)C(=O)O,1,CC[C@H]1OC(=O)C[C@@H](O)[C@H](C)[C@@H](O[C@@H]2O[C@H](C)[C@@H](O[C@H]3C[C@@](C)(O)[C@@H](O)[C@H](C)O3)[C@H](N(C)C)[C@H]2OC(=O)C(N)CCCN)[C@@H](CC=O)C[C@@H](C)C(=O)/C=C/C(C)=C/[C@@H]1CO[C@@H]1O[C@H](C)[C@@H](O)[C@@H](OC)[C@H]1OC,CC[C@H]1OC(=O)C[C@@H](O)[C@H](C)[C@@H](O[C@@H]2O[C@H](C)[C@@H](O[C@H]3C[C@@](C)(O)[C@@H](O)[C@H](C)O3)[C@H](N(C)C)[C@H]2OC(=O)C(N)CCCN)[C@@H](CC=O)C[C@@H](C)C(=O)/C=C/C(C)=C/[C@@H]1CO[C@@H]1O[C@H](C)[C@@H](O)[C@@H](OC)[C@H]1OC,TRUE,,-0.335
tylosin,Tylosin (Ì©ÀÖ¾úËØ),REF_TYLOSIN,repository_reference,O44_attached_to_C24,44,24,C,MPM00742,L-beta-Lysine,NCCCC(N)CC(=O)O,1,CC[C@H]1OC(=O)C[C@@H](O)[C@H](C)[C@@H](O[C@@H]2O[C@H](C)[C@@H](O[C@H]3C[C@@](C)(O)[C@@H](O)[C@H](C)O3)[C@H](N(C)C)[C@H]2OC(=O)CC(N)CCCN)[C@@H](CC=O)C[C@@H](C)C(=O)/C=C/C(C)=C/[C@@H]1CO[C@@H]1O[C@H](C)[C@@H](O)[C@@H](OC)[C@H]1OC,CC[C@H]1OC(=O)C[C@@H](O)[C@H](C)[C@@H](O[C@@H]2O[C@H](C)[C@@H](O[C@H]3C[C@@](C)(O)[C@@H](O)[C@H](C)O3)[C@H](N(C)C)[C@H]2OC(=O)CC(N)CCCN)[C@@H](CC=O)C[C@@H](C)C(=O)/C=C/C(C)=C/[C@@H]1CO[C@@H]1O[C@H](C)[C@@H](O)[C@@H](OC)[C@H]1OC,TRUE,,-0.589
tylosin,Tylosin (Ì©ÀÖ¾úËØ),REF_TYLOSIN,repository_reference,O44_attached_to_C24,44,24,C,MPM01164,2-Oxo-6-aminocaproate,NCCCCC(=O)C(=O)O,1,CC[C@H]1OC(=O)C[C@@H](O)[C@H](C)[C@@H](O[C@@H]2O[C@H](C)[C@@H](O[C@H]3C[C@@](C)(O)[C@@H](O)[C@H](C)O3)[C@H](N(C)C)[C@H]2OC(=O)C(=O)CCCCN)[C@@H](CC=O)C[C@@H](C)C(=O)/C=C/C(C)=C/[C@@H]1CO[C@@H]1O[C@H](C)[C@@H](O)[C@@H](OC)[C@H]1OC,CC[C@H]1OC(=O)C[C@@H](O)[C@H](C)[C@@H](O[C@@H]2O[C@H](C)[C@@H](O[C@H]3C[C@@](C)(O)[C@@H](O)[C@H](C)O3)[C@H](N(C)C)[C@H]2OC(=O)C(=O)CCCCN)[C@@H](CC=O)C[C@@H](C)C(=O)/C=C/C(C)=C/[C@@H]1CO[C@@H]1O[C@H](C)[C@@H](O)[C@@H](OC)[C@H]1OC,TRUE,,-0.511
tylosin,Tylosin (Ì©ÀÖ¾úËØ),REF_TYLOSIN,repository_reference,O44_attached_to_C24,44,24,C,MPM00184,"2,6-Diaminohexanoic acid",NCCCCC(N)C(=O)O,1,CC[C@H]1OC(=O)C[C@@H](O)[C@H](C)[C@@H](O[C@@H]2O[C@H](C)[C@@H](O[C@H]3C[C@@](C)(O)[C@@H](O)[C@H](C)O3)[C@H](N(C)C)[C@H]2OC(=O)C(N)CCCCN)[C@@H](CC=O)C[C@@H](C)C(=O)/C=C/C(C)=C/[C@@H]1CO[C@@H]1O[C@H](C)[C@@H](O)[C@@H](OC)[C@H]1OC,CC[C@H]1OC(=O)C[C@@H](O)[C@H](C)[C@@H](O[C@@H]2O[C@H](C)[C@@H](O[C@H]3C[C@@](C)(O)[C@@H](O)[C@H](C)O3)[C@H](N(C)C)[C@H]2OC(=O)C(N)CCCCN)[C@@H](CC=O)C[C@@H](C)C(=O)/C=C/C(C)=C/[C@@H]1CO[C@@H]1O[C@H](C)[C@@H](O)[C@@H](OC)[C@H]1OC,TRUE,,-0.397
tylosin,Tylosin (Ì©ÀÖ¾úËØ),REF_TYLOSIN,repository_reference,O44_attached_to_C24,44,24,C,MPM00373,5-Amino-1-(5-phospho-D-ribosyl)imidazole-4-carboxylate,Nc1c(C(=O)O)ncn1C1OC(COP(=O)(O)O)C(O)C1O,1,CC[C@H]1OC(=O)C[C@@H](O)[C@H](C)[C@@H](O[C@@H]2O[C@H](C)[C@@H](O[C@H]3C[C@@](C)(O)[C@@H](O)[C@H](C)O3)[C@H](N(C)C)[C@H]2OC(=O)c2ncn(C3OC(COP(=O)(O)O)C(O)C3O)c2N)[C@@H](CC=O)C[C@@H](C)C(=O)/C=C/C(C)=C/[C@@H]1CO[C@@H]1O[C@H](C)[C@@H](O)[C@@H](OC)[C@H]1OC,CC[C@H]1OC(=O)C[C@@H](O)[C@H](C)[C@@H](O[C@@H]2O[C@H](C)[C@@H](O[C@H]3C[C@@](C)(O)[C@@H](O)[C@H](C)O3)[C@H](N(C)C)[C@H]2OC(=O)c2ncn(C3OC(COP(=O)(O)O)C(O)C3O)c2N)[C@@H](CC=O)C[C@@H](C)C(=O)/C=C/C(C)=C/[C@@H]1CO[C@@H]1O[C@H](C)[C@@H](O)[C@@H](OC)[C@H]1OC,TRUE,,-3.345
tylosin,Tylosin (Ì©ÀÖ¾úËØ),REF_TYLOSIN,repository_reference,O44_attached_to_C24,44,24,C,MPM00854,p-Aminobenzoate,Nc1ccc(C(=O)O)cc1,1,CC[C@H]1OC(=O)C[C@@H](O)[C@H](C)[C@@H](O[C@@H]2O[C@H](C)[C@@H](O[C@H]3C[C@@](C)(O)[C@@H](O)[C@H](C)O3)[C@H](N(C)C)[C@H]2OC(=O)c2ccc(N)cc2)[C@@H](CC=O)C[C@@H](C)C(=O)/C=C/C(C)=C/[C@@H]1CO[C@@H]1O[C@H](C)[C@@H](O)[C@@H](OC)[C@H]1OC,CC[C@H]1OC(=O)C[C@@H](O)[C@H](C)[C@@H](O[C@@H]2O[C@H](C)[C@@H](O[C@H]3C[C@@](C)(O)[C@@H](O)[C@H](C)O3)[C@H](N(C)C)[C@H]2OC(=O)c2ccc(N)cc2)[C@@H](CC=O)C[C@@H](C)C(=O)/C=C/C(C)=C/[C@@H]1CO[C@@H]1O[C@H](C)[C@@H](O)[C@@H](OC)[C@H]1OC,TRUE,,-0.424
tylosin,Tylosin (Ì©ÀÖ¾úËØ),REF_TYLOSIN,repository_reference,O44_attached_to_C24,44,24,C,MPM00406,"7,8-Dihydropteroate",Nc1nc2c(c(=O)[nH]1)N=C(CNc1ccc(C(=O)O)cc1)CN2,1,CC[C@H]1OC(=O)C[C@@H](O)[C@H](C)[C@@H](O[C@@H]2O[C@H](C)[C@@H](O[C@H]3C[C@@](C)(O)[C@@H](O)[C@H](C)O3)[C@H](N(C)C)[C@H]2OC(=O)c2ccc(NCC3=Nc4c(nc(N)[nH]c4=O)NC3)cc2)[C@@H](CC=O)C[C@@H](C)C(=O)/C=C/C(C)=C/[C@@H]1CO[C@@H]1O[C@H](C)[C@@H](O)[C@@H](OC)[C@H]1OC,CC[C@H]1OC(=O)C[C@@H](O)[C@H](C)[C@@H](O[C@@H]2O[C@H](C)[C@@H](O[C@H]3C[C@@](C)(O)[C@@H](O)[C@H](C)O3)[C@H](N(C)C)[C@H]2OC(=O)c2ccc(NCC3=Nc4c(nc(N)[nH]c4=O)NC3)cc2)[C@@H](CC=O)C[C@@H](C)C(=O)/C=C/C(C)=C/[C@@H]1CO[C@@H]1O[C@H](C)[C@@H](O)[C@@H](OC)[C@H]1OC,TRUE,,-0.991
tylosin,Tylosin (Ì©ÀÖ¾úËØ),REF_TYLOSIN,repository_reference,O44_attached_to_C24,44,24,C,MPM00938,Se-Adenosylselenohomocysteine,Nc1ncnc2c1ncn2C1OC(C[Se]CCC(N)C(=O)O)C(O)C1O,1,CC[C@H]1OC(=O)C[C@@H](O)[C@H](C)[C@@H](O[C@@H]2O[C@H](C)[C@@H](O[C@H]3C[C@@](C)(O)[C@@H](O)[C@H](C)O3)[C@H](N(C)C)[C@H]2OC(=O)C(N)CC[Se]CC2OC(n3cnc4c(N)ncnc43)C(O)C2O)[C@@H](CC=O)C[C@@H](C)C(=O)/C=C/C(C)=C/[C@@H]1CO[C@@H]1O[C@H](C)[C@@H](O)[C@@H](OC)[C@H]1OC,CC[C@H]1OC(=O)C[C@@H](O)[C@H](C)[C@@H](O[C@@H]2O[C@H](C)[C@@H](O[C@H]3C[C@@](C)(O)[C@@H](O)[C@H](C)O3)[C@H](N(C)C)[C@H]2OC(=O)C(N)CC[Se]CC2OC(n3cnc4c(N)ncnc43)C(O)C2O)[C@@H](CC=O)C[C@@H](C)C(=O)/C=C/C(C)=C/[C@@H]1CO[C@@H]1O[C@H](C)[C@@H](O)[C@@H](OC)[C@H]1OC,TRUE,,-3.543
tylosin,Tylosin (Ì©ÀÖ¾úËØ),REF_TYLOSIN,repository_reference,O44_attached_to_C24,44,24,C,MPM00210,2-Dehydro-3-deoxy-D-galactonate,O=C(O)C(=O)CC(O)C(O)CO,1,CC[C@H]1OC(=O)C[C@@H](O)[C@H](C)[C@@H](O[C@@H]2O[C@H](C)[C@@H](O[C@H]3C[C@@](C)(O)[C@@H](O)[C@H](C)O3)[C@H](N(C)C)[C@H]2OC(=O)C(=O)CC(O)C(O)CO)[C@@H](CC=O)C[C@@H](C)C(=O)/C=C/C(C)=C/[C@@H]1CO[C@@H]1O[C@H](C)[C@@H](O)[C@@H](OC)[C@H]1OC,CC[C@H]1OC(=O)C[C@@H](O)[C@H](C)[C@@H](O[C@@H]2O[C@H](C)[C@@H](O[C@H]3C[C@@](C)(O)[C@@H](O)[C@H](C)O3)[C@H](N(C)C)[C@H]2OC(=O)C(=O)CC(O)C(O)CO)[C@@H](CC=O)C[C@@H](C)C(=O)/C=C/C(C)=C/[C@@H]1CO[C@@H]1O[C@H](C)[C@@H](O)[C@@H](OC)[C@H]1OC,TRUE,,-1.239
tylosin,Tylosin (Ì©ÀÖ¾úËØ),REF_TYLOSIN,repository_reference,O44_attached_to_C24,44,24,C,MPM00212,2-Dehydro-3-deoxy-D-gluconate 6-phosphate,O=C(O)C(=O)CC(O)C(O)COP(=O)(O)O,1,CC[C@H]1OC(=O)C[C@@H](O)[C@H](C)[C@@H](O[C@@H]2O[C@H](C)[C@@H](O[C@H]3C[C@@](C)(O)[C@@H](O)[C@H](C)O3)[C@H](N(C)C)[C@H]2OC(=O)C(=O)CC(O)C(O)COP(=O)(O)O)[C@@H](CC=O)C[C@@H](C)C(=O)/C=C/C(C)=C/[C@@H]1CO[C@@H]1O[C@H](C)[C@@H](O)[C@@H](OC)[C@H]1OC,CC[C@H]1OC(=O)C[C@@H](O)[C@H](C)[C@@H](O[C@@H]2O[C@H](C)[C@@H](O[C@H]3C[C@@](C)(O)[C@@H](O)[C@H](C)O3)[C@H](N(C)C)[C@H]2OC(=O)C(=O)CC(O)C(O)COP(=O)(O)O)[C@@H](CC=O)C[C@@H](C)C(=O)/C=C/C(C)=C/[C@@H]1CO[C@@H]1O[C@H](C)[C@@H](O)[C@@H](OC)[C@H]1OC,TRUE,,-1.408
tylosin,Tylosin (Ì©ÀÖ¾úËØ),REF_TYLOSIN,repository_reference,O44_attached_to_C24,44,24,C,MPM00304,3-Hydroxypyruvic acid,O=C(O)C(=O)CO,1,CC[C@H]1OC(=O)C[C@@H](O)[C@H](C)[C@@H](O[C@@H]2O[C@H](C)[C@@H](O[C@H]3C[C@@](C)(O)[C@@H](O)[C@H](C)O3)[C@H](N(C)C)[C@H]2OC(=O)C(=O)CO)[C@@H](CC=O)C[C@@H](C)C(=O)/C=C/C(C)=C/[C@@H]1CO[C@@H]1O[C@H](C)[C@@H](O)[C@@H](OC)[C@H]1OC,CC[C@H]1OC(=O)C[C@@H](O)[C@H](C)[C@@H](O[C@@H]2O[C@H](C)[C@@H](O[C@H]3C[C@@](C)(O)[C@@H](O)[C@H](C)O3)[C@H](N(C)C)[C@H]2OC(=O)C(=O)CO)[C@@H](CC=O)C[C@@H](C)C(=O)/C=C/C(C)=C/[C@@H]1CO[C@@H]1O[C@H](C)[C@@H](O)[C@@H](OC)[C@H]1OC,TRUE,,-0.341
tylosin,Tylosin (Ì©ÀÖ¾úËØ),REF_TYLOSIN,repository_reference,O44_attached_to_C24,44,24,C,MPM00897,p-Hydroxyphenylpyruvic acid,O=C(O)C(=O)Cc1ccc(O)cc1,1,CC[C@H]1OC(=O)C[C@@H](O)[C@H](C)[C@@H](O[C@@H]2O[C@H](C)[C@@H](O[C@H]3C[C@@](C)(O)[C@@H](O)[C@H](C)O3)[C@H](N(C)C)[C@H]2OC(=O)C(=O)Cc2ccc(O)cc2)[C@@H](CC=O)C[C@@H](C)C(=O)/C=C/C(C)=C/[C@@H]1CO[C@@H]1O[C@H](C)[C@@H](O)[C@@H](OC)[C@H]1OC,CC[C@H]1OC(=O)C[C@@H](O)[C@H](C)[C@@H](O[C@@H]2O[C@H](C)[C@@H](O[C@H]3C[C@@](C)(O)[C@@H](O)[C@H](C)O3)[C@H](N(C)C)[C@H]2OC(=O)C(=O)Cc2ccc(O)cc2)[C@@H](CC=O)C[C@@H](C)C(=O)/C=C/C(C)=C/[C@@H]1CO[C@@H]1O[C@H](C)[C@@H](O)[C@@H](OC)[C@H]1OC,TRUE,,-0.393
tylosin,Tylosin (Ì©ÀÖ¾úËØ),REF_TYLOSIN,repository_reference,O44_attached_to_C24,44,24,C,MPM00253,2-Oxo-3-phenylpropanoate,O=C(O)C(=O)Cc1ccccc1,1,CC[C@H]1OC(=O)C[C@@H](O)[C@H](C)[C@@H](O[C@@H]2O[C@H](C)[C@@H](O[C@H]3C[C@@](C)(O)[C@@H](O)[C@H](C)O3)[C@H](N(C)C)[C@H]2OC(=O)C(=O)Cc2ccccc2)[C@@H](CC=O)C[C@@H](C)C(=O)/C=C/C(C)=C/[C@@H]1CO[C@@H]1O[C@H](C)[C@@H](O)[C@@H](OC)[C@H]1OC,CC[C@H]1OC(=O)C[C@@H](O)[C@H](C)[C@@H](O[C@@H]2O[C@H](C)[C@@H](O[C@H]3C[C@@](C)(O)[C@@H](O)[C@H](C)O3)[C@H](N(C)C)[C@H]2OC(=O)C(=O)Cc2ccccc2)[C@@H](CC=O)C[C@@H](C)C(=O)/C=C/C(C)=C/[C@@H]1CO[C@@H]1O[C@H](C)[C@@H](O)[C@@H](OC)[C@H]1OC,TRUE,,-0.759
tylosin,Tylosin (Ì©ÀÖ¾úËØ),REF_TYLOSIN,repository_reference,O44_attached_to_C24,44,24,C,MPM00249,2-O-(alpha-D-Mannopyranosyl)-D-glycerate,O=C(O)C(CO)OC1OC(CO)C(O)C(O)C1O,1,CC[C@H]1OC(=O)C[C@@H](O)[C@H](C)[C@@H](O[C@@H]2O[C@H](C)[C@@H](O[C@H]3C[C@@](C)(O)[C@@H](O)[C@H](C)O3)[C@H](N(C)C)[C@H]2OC(=O)C(CO)OC2OC(CO)C(O)C(O)C2O)[C@@H](CC=O)C[C@@H](C)C(=O)/C=C/C(C)=C/[C@@H]1CO[C@@H]1O[C@H](C)[C@@H](O)[C@@H](OC)[C@H]1OC,CC[C@H]1OC(=O)C[C@@H](O)[C@H](C)[C@@H](O[C@@H]2O[C@H](C)[C@@H](O[C@H]3C[C@@](C)(O)[C@@H](O)[C@H](C)O3)[C@H](N(C)C)[C@H]2OC(=O)C(CO)OC2OC(CO)C(O)C(O)C2O)[C@@H](CC=O)C[C@@H](C)C(=O)/C=C/C(C)=C/[C@@H]1CO[C@@H]1O[C@H](C)[C@@H](O)[C@@H](OC)[C@H]1OC,TRUE,,-1.961
tylosin,Tylosin (Ì©ÀÖ¾úËØ),REF_TYLOSIN,repository_reference,O44_attached_to_C24,44,24,C,MPM00248,2-O-(6-Phospho-alpha-D-mannosyl)-D-glycerate,O=C(O)C(CO)OC1OC(COP(=O)(O)O)C(O)C(O)C1O,1,CC[C@H]1OC(=O)C[C@@H](O)[C@H](C)[C@@H](O[C@@H]2O[C@H](C)[C@@H](O[C@H]3C[C@@](C)(O)[C@@H](O)[C@H](C)O3)[C@H](N(C)C)[C@H]2OC(=O)C(CO)OC2OC(COP(=O)(O)O)C(O)C(O)C2O)[C@@H](CC=O)C[C@@H](C)C(=O)/C=C/C(C)=C/[C@@H]1CO[C@@H]1O[C@H](C)[C@@H](O)[C@@H](OC)[C@H]1OC,CC[C@H]1OC(=O)C[C@@H](O)[C@H](C)[C@@H](O[C@@H]2O[C@H](C)[C@@H](O[C@H]3C[C@@](C)(O)[C@@H](O)[C@H](C)O3)[C@H](N(C)C)[C@H]2OC(=O)C(CO)OC2OC(COP(=O)(O)O)C(O)C(O)C2O)[C@@H](CC=O)C[C@@H](C)C(=O)/C=C/C(C)=C/[C@@H]1CO[C@@H]1O[C@H](C)[C@@H](O)[C@@H](OC)[C@H]1OC,TRUE,,-2.121
tylosin,Tylosin (Ì©ÀÖ¾úËØ),REF_TYLOSIN,repository_reference,O44_attached_to_C24,44,24,C,MPM00262,2-Phospho-(R)-glycerate,O=C(O)C(CO)OP(=O)(O)O,1,CC[C@H]1OC(=O)C[C@@H](O)[C@H](C)[C@@H](O[C@@H]2O[C@H](C)[C@@H](O[C@H]3C[C@@](C)(O)[C@@H](O)[C@H](C)O3)[C@H](N(C)C)[C@H]2OC(=O)C(CO)OP(=O)(O)O)[C@@H](CC=O)C[C@@H](C)C(=O)/C=C/C(C)=C/[C@@H]1CO[C@@H]1O[C@H](C)[C@@H](O)[C@@H](OC)[C@H]1OC,CC[C@H]1OC(=O)C[C@@H](O)[C@H](C)[C@@H](O[C@@H]2O[C@H](C)[C@@H](O[C@H]3C[C@@](C)(O)[C@@H](O)[C@H](C)O3)[C@H](N(C)C)[C@H]2OC(=O)C(CO)OP(=O)(O)O)[C@@H](CC=O)C[C@@H](C)C(=O)/C=C/C(C)=C/[C@@H]1CO[C@@H]1O[C@H](C)[C@@H](O)[C@@H](OC)[C@H]1OC,TRUE,,-1.187
tylosin,Tylosin (Ì©ÀÖ¾úËØ),REF_TYLOSIN,repository_reference,O44_attached_to_C24,44,24,C,MPM00380,5-Dehydrogluconate,O=C(O)C(O)C(O)C(O)C(=O)CO,1,CC[C@H]1OC(=O)C[C@@H](O)[C@H](C)[C@@H](O[C@@H]2O[C@H](C)[C@@H](O[C@H]3C[C@@](C)(O)[C@@H](O)[C@H](C)O3)[C@H](N(C)C)[C@H]2OC(=O)C(O)C(O)C(O)C(=O)CO)[C@@H](CC=O)C[C@@H](C)C(=O)/C=C/C(C)=C/[C@@H]1CO[C@@H]1O[C@H](C)[C@@H](O)[C@@H](OC)[C@H]1OC,CC[C@H]1OC(=O)C[C@@H](O)[C@H](C)[C@@H](O[C@@H]2O[C@H](C)[C@@H](O[C@H]3C[C@@](C)(O)[C@@H](O)[C@H](C)O3)[C@H](N(C)C)[C@H]2OC(=O)C(O)C(O)C(O)C(=O)CO)[C@@H](CC=O)C[C@@H](C)C(=O)/C=C/C(C)=C/[C@@H]1CO[C@@H]1O[C@H](C)[C@@H](O)[C@@H](OC)[C@H]1OC,TRUE,,-1.285
tylosin,Tylosin (Ì©ÀÖ¾úËØ),REF_TYLOSIN,repository_reference,O44_attached_to_C24,44,24,C,MPM00547,D-Altronate,O=C(O)C(O)C(O)C(O)C(O)CO,1,CC[C@H]1OC(=O)C[C@@H](O)[C@H](C)[C@@H](O[C@@H]2O[C@H](C)[C@@H](O[C@H]3C[C@@](C)(O)[C@@H](O)[C@H](C)O3)[C@H](N(C)C)[C@H]2OC(=O)C(O)C(O)C(O)C(O)CO)[C@@H](CC=O)C[C@@H](C)C(=O)/C=C/C(C)=C/[C@@H]1CO[C@@H]1O[C@H](C)[C@@H](O)[C@@H](OC)[C@H]1OC,CC[C@H]1OC(=O)C[C@@H](O)[C@H](C)[C@@H](O[C@@H]2O[C@H](C)[C@@H](O[C@H]3C[C@@](C)(O)[C@@H](O)[C@H](C)O3)[C@H](N(C)C)[C@H]2OC(=O)C(O)C(O)C(O)C(O)CO)[C@@H](CC=O)C[C@@H](C)C(=O)/C=C/C(C)=C/[C@@H]1CO[C@@H]1O[C@H](C)[C@@H](O)[C@@H](OC)[C@H]1OC,TRUE,,-1.639
tylosin,Tylosin (Ì©ÀÖ¾úËØ),REF_TYLOSIN,repository_reference,O44_attached_to_C24,44,24,C,MPM00401,6-Phospho-D-gluconate,O=C(O)C(O)C(O)C(O)C(O)COP(=O)(O)O,1,CC[C@H]1OC(=O)C[C@@H](O)[C@H](C)[C@@H](O[C@@H]2O[C@H](C)[C@@H](O[C@H]3C[C@@](C)(O)[C@@H](O)[C@H](C)O3)[C@H](N(C)C)[C@H]2OC(=O)C(O)C(O)C(O)C(O)COP(=O)(O)O)[C@@H](CC=O)C[C@@H](C)C(=O)/C=C/C(C)=C/[C@@H]1CO[C@@H]1O[C@H](C)[C@@H](O)[C@@H](OC)[C@H]1OC,CC[C@H]1OC(=O)C[C@@H](O)[C@H](C)[C@@H](O[C@@H]2O[C@H](C)[C@@H](O[C@H]3C[C@@](C)(O)[C@@H](O)[C@H](C)O3)[C@H](N(C)C)[C@H]2OC(=O)C(O)C(O)C(O)C(O)COP(=O)(O)O)[C@@H](CC=O)C[C@@H](C)C(=O)/C=C/C(C)=C/[C@@H]1CO[C@@H]1O[C@H](C)[C@@H](O)[C@@H](OC)[C@H]1OC,TRUE,,-1.808
tylosin,Tylosin (Ì©ÀÖ¾úËØ),REF_TYLOSIN,repository_reference,O44_attached_to_C24,44,24,C,MPM00666,Glyceric acid,O=C(O)C(O)CO,1,CC[C@H]1OC(=O)C[C@@H](O)[C@H](C)[C@@H](O[C@@H]2O[C@H](C)[C@@H](O[C@H]3C[C@@](C)(O)[C@@H](O)[C@H](C)O3)[C@H](N(C)C)[C@H]2OC(=O)C(O)CO)[C@@H](CC=O)C[C@@H](C)C(=O)/C=C/C(C)=C/[C@@H]1CO[C@@H]1O[C@H](C)[C@@H](O)[C@@H](OC)[C@H]1OC,CC[C@H]1OC(=O)C[C@@H](O)[C@H](C)[C@@H](O[C@@H]2O[C@H](C)[C@@H](O[C@H]3C[C@@](C)(O)[C@@H](O)[C@H](C)O3)[C@H](N(C)C)[C@H]2OC(=O)C(O)CO)[C@@H](CC=O)C[C@@H](C)C(=O)/C=C/C(C)=C/[C@@H]1CO[C@@H]1O[C@H](C)[C@@H](O)[C@@H](OC)[C@H]1OC,TRUE,,-0.824
tylosin,Tylosin (Ì©ÀÖ¾úËØ),REF_TYLOSIN,repository_reference,O44_attached_to_C24,44,24,C,MPM00324,3-Phosphoglycerate,O=C(O)C(O)COP(=O)(O)O,1,CC[C@H]1OC(=O)C[C@@H](O)[C@H](C)[C@@H](O[C@@H]2O[C@H](C)[C@@H](O[C@H]3C[C@@](C)(O)[C@@H](O)[C@H](C)O3)[C@H](N(C)C)[C@H]2OC(=O)C(O)COP(=O)(O)O)[C@@H](CC=O)C[C@@H](C)C(=O)/C=C/C(C)=C/[C@@H]1CO[C@@H]1O[C@H](C)[C@@H](O)[C@@H](OC)[C@H]1OC,CC[C@H]1OC(=O)C[C@@H](O)[C@H](C)[C@@H](O[C@@H]2O[C@H](C)[C@@H](O[C@H]3C[C@@](C)(O)[C@@H](O)[C@H](C)O3)[C@H](N(C)C)[C@H]2OC(=O)C(O)COP(=O)(O)O)[C@@H](CC=O)C[C@@H](C)C(=O)/C=C/C(C)=C/[C@@H]1CO[C@@H]1O[C@H](C)[C@@H](O)[C@@H](OC)[C@H]1OC,TRUE,,-0.986
tylosin,Tylosin (Ì©ÀÖ¾úËØ),REF_TYLOSIN,repository_reference,O44_attached_to_C24,44,24,C,MPM00001,(-)-Quinic acid,O=C(O)C1(O)CC(O)C(O)C(O)C1,1,CC[C@H]1OC(=O)C[C@@H](O)[C@H](C)[C@@H](O[C@@H]2O[C@H](C)[C@@H](O[C@H]3C[C@@](C)(O)[C@@H](O)[C@H](C)O3)[C@H](N(C)C)[C@H]2OC(=O)C2(O)CC(O)C(O)C(O)C2)[C@@H](CC=O)C[C@@H](C)C(=O)/C=C/C(C)=C/[C@@H]1CO[C@@H]1O[C@H](C)[C@@H](O)[C@@H](OC)[C@H]1OC,CC[C@H]1OC(=O)C[C@@H](O)[C@H](C)[C@@H](O[C@@H]2O[C@H](C)[C@@H](O[C@H]3C[C@@](C)(O)[C@@H](O)[C@H](C)O3)[C@H](N(C)C)[C@H]2OC(=O)C2(O)CC(O)C(O)C(O)C2)[C@@H](CC=O)C[C@@H](C)C(=O)/C=C/C(C)=C/[C@@H]1CO[C@@H]1O[C@H](C)[C@@H](O)[C@@H](OC)[C@H]1OC,TRUE,,-1.91
tylosin,Tylosin (Ì©ÀÖ¾úËØ),REF_TYLOSIN,repository_reference,O44_attached_to_C24,44,24,C,MPM00283,3-Dehydroshikimate,O=C(O)C1=CC(=O)C(O)C(O)C1,1,CC[C@H]1OC(=O)C[C@@H](O)[C@H](C)[C@@H](O[C@@H]2O[C@H](C)[C@@H](O[C@H]3C[C@@](C)(O)[C@@H](O)[C@H](C)O3)[C@H](N(C)C)[C@H]2OC(=O)C2=CC(=O)C(O)C(O)C2)[C@@H](CC=O)C[C@@H](C)C(=O)/C=C/C(C)=C/[C@@H]1CO[C@@H]1O[C@H](C)[C@@H](O)[C@@H](OC)[C@H]1OC,CC[C@H]1OC(=O)C[C@@H](O)[C@H](C)[C@@H](O[C@@H]2O[C@H](C)[C@@H](O[C@H]3C[C@@](C)(O)[C@@H](O)[C@H](C)O3)[C@H](N(C)C)[C@H]2OC(=O)C2=CC(=O)C(O)C(O)C2)[C@@H](CC=O)C[C@@H](C)C(=O)/C=C/C(C)=C/[C@@H]1CO[C@@H]1O[C@H](C)[C@@H](O)[C@@H](OC)[C@H]1OC,TRUE,,-1.027
tylosin,Tylosin (Ì©ÀÖ¾úËØ),REF_TYLOSIN,repository_reference,O44_attached_to_C24,44,24,C,MPM00269,"3,4,5-Trihydroxy-1-cyclohexenecarboxylic acid",O=C(O)C1=CC(O)C(O)C(O)C1,1,CC[C@H]1OC(=O)C[C@@H](O)[C@H](C)[C@@H](O[C@@H]2O[C@H](C)[C@@H](O[C@H]3C[C@@](C)(O)[C@@H](O)[C@H](C)O3)[C@H](N(C)C)[C@H]2OC(=O)C2=CC(O)C(O)C(O)C2)[C@@H](CC=O)C[C@@H](C)C(=O)/C=C/C(C)=C/[C@@H]1CO[C@@H]1O[C@H](C)[C@@H](O)[C@@H](OC)[C@H]1OC,CC[C@H]1OC(=O)C[C@@H](O)[C@H](C)[C@@H](O[C@@H]2O[C@H](C)[C@@H](O[C@H]3C[C@@](C)(O)[C@@H](O)[C@H](C)O3)[C@H](N(C)C)[C@H]2OC(=O)C2=CC(O)C(O)C(O)C2)[C@@H](CC=O)C[C@@H](C)C(=O)/C=C/C(C)=C/[C@@H]1CO[C@@H]1O[C@H](C)[C@@H](O)[C@@H](OC)[C@H]1OC,TRUE,,-1.38
tylosin,Tylosin (Ì©ÀÖ¾úËØ),REF_TYLOSIN,repository_reference,O44_attached_to_C24,44,24,C,MPM00160,1-pyrroline-2-carboxylic acid zwitterion,O=C(O)C1=NCCC1,1,CC[C@H]1OC(=O)C[C@@H](O)[C@H](C)[C@@H](O[C@@H]2O[C@H](C)[C@@H](O[C@H]3C[C@@](C)(O)[C@@H](O)[C@H](C)O3)[C@H](N(C)C)[C@H]2OC(=O)C2=NCCC2)[C@@H](CC=O)C[C@@H](C)C(=O)/C=C/C(C)=C/[C@@H]1CO[C@@H]1O[C@H](C)[C@@H](O)[C@@H](OC)[C@H]1OC,CC[C@H]1OC(=O)C[C@@H](O)[C@H](C)[C@@H](O[C@@H]2O[C@H](C)[C@@H](O[C@H]3C[C@@](C)(O)[C@@H](O)[C@H](C)O3)[C@H](N(C)C)[C@H]2OC(=O)C2=NCCC2)[C@@H](CC=O)C[C@@H](C)C(=O)/C=C/C(C)=C/[C@@H]1CO[C@@H]1O[C@H](C)[C@@H](O)[C@@H](OC)[C@H]1OC,TRUE,,-1.068
tylosin,Tylosin (Ì©ÀÖ¾úËØ),REF_TYLOSIN,repository_reference,O44_attached_to_C24,44,24,C,MPM01116,1-Piperideine-2-carboxylate,O=C(O)C1=NCCCC1,1,CC[C@H]1OC(=O)C[C@@H](O)[C@H](C)[C@@H](O[C@@H]2O[C@H](C)[C@@H](O[C@H]3C[C@@](C)(O)[C@@H](O)[C@H](C)O3)[C@H](N(C)C)[C@H]2OC(=O)C2=NCCCC2)[C@@H](CC=O)C[C@@H](C)C(=O)/C=C/C(C)=C/[C@@H]1CO[C@@H]1O[C@H](C)[C@@H](O)[C@@H](OC)[C@H]1OC,CC[C@H]1OC(=O)C[C@@H](O)[C@H](C)[C@@H](O[C@@H]2O[C@H](C)[C@@H](O[C@H]3C[C@@](C)(O)[C@@H](O)[C@H](C)O3)[C@H](N(C)C)[C@H]2OC(=O)C2=NCCCC2)[C@@H](CC=O)C[C@@H](C)C(=O)/C=C/C(C)=C/[C@@H]1CO[C@@H]1O[C@H](C)[C@@H](O)[C@@H](OC)[C@H]1OC,TRUE,,-1.078
tylosin,Tylosin (Ì©ÀÖ¾úËØ),REF_TYLOSIN,repository_reference,O44_attached_to_C24,44,24,C,MPM00047,"(3R,5S)-3-Hydroxy-1-pyrroline-5-carboxylate",O=C(O)C1CC(O)C=N1,1,CC[C@H]1OC(=O)C[C@@H](O)[C@H](C)[C@@H](O[C@@H]2O[C@H](C)[C@@H](O[C@H]3C[C@@](C)(O)[C@@H](O)[C@H](C)O3)[C@H](N(C)C)[C@H]2OC(=O)C2CC(O)C=N2)[C@@H](CC=O)C[C@@H](C)C(=O)/C=C/C(C)=C/[C@@H]1CO[C@@H]1O[C@H](C)[C@@H](O)[C@@H](OC)[C@H]1OC,CC[C@H]1OC(=O)C[C@@H](O)[C@H](C)[C@@H](O[C@@H]2O[C@H](C)[C@@H](O[C@H]3C[C@@](C)(O)[C@@H](O)[C@H](C)O3)[C@H](N(C)C)[C@H]2OC(=O)C2CC(O)C=N2)[C@@H](CC=O)C[C@@H](C)C(=O)/C=C/C(C)=C/[C@@H]1CO[C@@H]1O[C@H](C)[C@@H](O)[C@@H](OC)[C@H]1OC,TRUE,,-1.648
tylosin,Tylosin (Ì©ÀÖ¾úËØ),REF_TYLOSIN,repository_reference,O44_attached_to_C24,44,24,C,MPM00521,cis-4-Hydroxy-D-proline,O=C(O)C1CC(O)CN1,1,CC[C@H]1OC(=O)C[C@@H](O)[C@H](C)[C@@H](O[C@@H]2O[C@H](C)[C@@H](O[C@H]3C[C@@](C)(O)[C@@H](O)[C@H](C)O3)[C@H](N(C)C)[C@H]2OC(=O)C2CC(O)CN2)[C@@H](CC=O)C[C@@H](C)C(=O)/C=C/C(C)=C/[C@@H]1CO[C@@H]1O[C@H](C)[C@@H](O)[C@@H](OC)[C@H]1OC,CC[C@H]1OC(=O)C[C@@H](O)[C@H](C)[C@@H](O[C@@H]2O[C@H](C)[C@@H](O[C@H]3C[C@@](C)(O)[C@@H](O)[C@H](C)O3)[C@H](N(C)C)[C@H]2OC(=O)C2CC(O)CN2)[C@@H](CC=O)C[C@@H](C)C(=O)/C=C/C(C)=C/[C@@H]1CO[C@@H]1O[C@H](C)[C@@H](O)[C@@H](OC)[C@H]1OC,TRUE,,-1.014
tylosin,Tylosin (Ì©ÀÖ¾úËØ),REF_TYLOSIN,repository_reference,O44_attached_to_C24,44,24,C,MPM00162,1-Pyrroline-5-carboxylate,O=C(O)C1CCC=N1,1,CC[C@H]1OC(=O)C[C@@H](O)[C@H](C)[C@@H](O[C@@H]2O[C@H](C)[C@@H](O[C@H]3C[C@@](C)(O)[C@@H](O)[C@H](C)O3)[C@H](N(C)C)[C@H]2OC(=O)C2CCC=N2)[C@@H](CC=O)C[C@@H](C)C(=O)/C=C/C(C)=C/[C@@H]1CO[C@@H]1O[C@H](C)[C@@H](O)[C@@H](OC)[C@H]1OC,CC[C@H]1OC(=O)C[C@@H](O)[C@H](C)[C@@H](O[C@@H]2O[C@H](C)[C@@H](O[C@H]3C[C@@](C)(O)[C@@H](O)[C@H](C)O3)[C@H](N(C)C)[C@H]2OC(=O)C2CCC=N2)[C@@H](CC=O)C[C@@H](C)C(=O)/C=C/C(C)=C/[C@@H]1CO[C@@H]1O[C@H](C)[C@@H](O)[C@@H](OC)[C@H]1OC,TRUE,,-1.318
tylosin,Tylosin (Ì©ÀÖ¾úËØ),REF_TYLOSIN,repository_reference,O44_attached_to_C24,44,24,C,MPM00613,D-Proline,O=C(O)C1CCCN1,1,CC[C@H]1OC(=O)C[C@@H](O)[C@H](C)[C@@H](O[C@@H]2O[C@H](C)[C@@H](O[C@H]3C[C@@](C)(O)[C@@H](O)[C@H](C)O3)[C@H](N(C)C)[C@H]2OC(=O)C2CCCN2)[C@@H](CC=O)C[C@@H](C)C(=O)/C=C/C(C)=C/[C@@H]1CO[C@@H]1O[C@H](C)[C@@H](O)[C@@H](OC)[C@H]1OC,CC[C@H]1OC(=O)C[C@@H](O)[C@H](C)[C@@H](O[C@@H]2O[C@H](C)[C@@H](O[C@H]3C[C@@](C)(O)[C@@H](O)[C@H](C)O3)[C@H](N(C)C)[C@H]2OC(=O)C2CCCN2)[C@@H](CC=O)C[C@@H](C)C(=O)/C=C/C(C)=C/[C@@H]1CO[C@@H]1O[C@H](C)[C@@H](O)[C@@H](OC)[C@H]1OC,TRUE,,-0.699
tylosin,Tylosin (Ì©ÀÖ¾úËØ),REF_TYLOSIN,repository_reference,O44_attached_to_C24,44,24,C,MPM00575,D-Galacturonic acid,O=C(O)C1OC(O)C(O)C(O)C1O,1,CC[C@H]1OC(=O)C[C@@H](O)[C@H](C)[C@@H](O[C@@H]2O[C@H](C)[C@@H](O[C@H]3C[C@@](C)(O)[C@@H](O)[C@H](C)O3)[C@H](N(C)C)[C@H]2OC(=O)C2OC(O)C(O)C(O)C2O)[C@@H](CC=O)C[C@@H](C)C(=O)/C=C/C(C)=C/[C@@H]1CO[C@@H]1O[C@H](C)[C@@H](O)[C@@H](OC)[C@H]1OC,CC[C@H]1OC(=O)C[C@@H](O)[C@H](C)[C@@H](O[C@@H]2O[C@H](C)[C@@H](O[C@H]3C[C@@](C)(O)[C@@H](O)[C@H](C)O3)[C@H](N(C)C)[C@H]2OC(=O)C2OC(O)C(O)C(O)C2O)[C@@H](CC=O)C[C@@H](C)C(=O)/C=C/C(C)=C/[C@@H]1CO[C@@H]1O[C@H](C)[C@@H](O)[C@@H](OC)[C@H]1OC,TRUE,,-1.708
tylosin,Tylosin (Ì©ÀÖ¾úËØ),REF_TYLOSIN,repository_reference,O44_attached_to_C24,44,24,C,MPM00158,1-Phospho-alpha-D-glucuronate,O=C(O)C1OC(OP(=O)(O)O)C(O)C(O)C1O,1,CC[C@H]1OC(=O)C[C@@H](O)[C@H](C)[C@@H](O[C@@H]2O[C@H](C)[C@@H](O[C@H]3C[C@@](C)(O)[C@@H](O)[C@H](C)O3)[C@H](N(C)C)[C@H]2OC(=O)C2OC(OP(=O)(O)O)C(O)C(O)C2O)[C@@H](CC=O)C[C@@H](C)C(=O)/C=C/C(C)=C/[C@@H]1CO[C@@H]1O[C@H](C)[C@@H](O)[C@@H](OC)[C@H]1OC,CC[C@H]1OC(=O)C[C@@H](O)[C@H](C)[C@@H](O[C@@H]2O[C@H](C)[C@@H](O[C@H]3C[C@@](C)(O)[C@@H](O)[C@H](C)O3)[C@H](N(C)C)[C@H]2OC(=O)C2OC(OP(=O)(O)O)C(O)C(O)C2O)[C@@H](CC=O)C[C@@H](C)C(=O)/C=C/C(C)=C/[C@@H]1CO[C@@H]1O[C@H](C)[C@@H](O)[C@@H](OC)[C@H]1OC,TRUE,,-2.641
tylosin,Tylosin (Ì©ÀÖ¾úËØ),REF_TYLOSIN,repository_reference,O44_attached_to_C24,44,24,C,MPM00009,"(2E)-3-(3,4-Dihydroxyphenyl)prop-2-enoate",O=C(O)C=Cc1ccc(O)c(O)c1,1,CC[C@H]1OC(=O)C[C@@H](O)[C@H](C)[C@@H](O[C@@H]2O[C@H](C)[C@@H](O[C@H]3C[C@@](C)(O)[C@@H](O)[C@H](C)O3)[C@H](N(C)C)[C@H]2OC(=O)C=Cc2ccc(O)c(O)c2)[C@@H](CC=O)C[C@@H](C)C(=O)/C=C/C(C)=C/[C@@H]1CO[C@@H]1O[C@H](C)[C@@H](O)[C@@H](OC)[C@H]1OC,CC[C@H]1OC(=O)C[C@@H](O)[C@H](C)[C@@H](O[C@@H]2O[C@H](C)[C@@H](O[C@H]3C[C@@](C)(O)[C@@H](O)[C@H](C)O3)[C@H](N(C)C)[C@H]2OC(=O)C=Cc2ccc(O)c(O)c2)[C@@H](CC=O)C[C@@H](C)C(=O)/C=C/C(C)=C/[C@@H]1CO[C@@H]1O[C@H](C)[C@@H](O)[C@@H](OC)[C@H]1OC,TRUE,,0.005
tylosin,Tylosin (Ì©ÀÖ¾úËØ),REF_TYLOSIN,repository_reference,O44_attached_to_C24,44,24,C,MPM00350,4-Hydroxycinnamate,O=C(O)C=Cc1ccc(O)cc1,1,CC[C@H]1OC(=O)C[C@@H](O)[C@H](C)[C@@H](O[C@@H]2O[C@H](C)[C@@H](O[C@H]3C[C@@](C)(O)[C@@H](O)[C@H](C)O3)[C@H](N(C)C)[C@H]2OC(=O)C=Cc2ccc(O)cc2)[C@@H](CC=O)C[C@@H](C)C(=O)/C=C/C(C)=C/[C@@H]1CO[C@@H]1O[C@H](C)[C@@H](O)[C@@H](OC)[C@H]1OC,CC[C@H]1OC(=O)C[C@@H](O)[C@H](C)[C@@H](O[C@@H]2O[C@H](C)[C@@H](O[C@H]3C[C@@](C)(O)[C@@H](O)[C@H](C)O3)[C@H](N(C)C)[C@H]2OC(=O)C=Cc2ccc(O)cc2)[C@@H](CC=O)C[C@@H](C)C(=O)/C=C/C(C)=C/[C@@H]1CO[C@@H]1O[C@H](C)[C@@H](O)[C@@H](OC)[C@H]1OC,TRUE,,0.306
tylosin,Tylosin (Ì©ÀÖ¾úËØ),REF_TYLOSIN,repository_reference,O44_attached_to_C24,44,24,C,MPM00014,(2E)-3-Phenylprop-2-enoate,O=C(O)C=Cc1ccccc1,1,CC[C@H]1OC(=O)C[C@@H](O)[C@H](C)[C@@H](O[C@@H]2O[C@H](C)[C@@H](O[C@H]3C[C@@](C)(O)[C@@H](O)[C@H](C)O3)[C@H](N(C)C)[C@H]2OC(=O)C=Cc2ccccc2)[C@@H](CC=O)C[C@@H](C)C(=O)/C=C/C(C)=C/[C@@H]1CO[C@@H]1O[C@H](C)[C@@H](O)[C@@H](OC)[C@H]1OC,CC[C@H]1OC(=O)C[C@@H](O)[C@H](C)[C@@H](O[C@@H]2O[C@H](C)[C@@H](O[C@H]3C[C@@](C)(O)[C@@H](O)[C@H](C)O3)[C@H](N(C)C)[C@H]2OC(=O)C=Cc2ccccc2)[C@@H](CC=O)C[C@@H](C)C(=O)/C=C/C(C)=C/[C@@H]1CO[C@@H]1O[C@H](C)[C@@H](O)[C@@H](OC)[C@H]1OC,TRUE,,0.695
tylosin,Tylosin (Ì©ÀÖ¾úËØ),REF_TYLOSIN,repository_reference,O44_attached_to_C24,44,24,C,MPM00285,3-Hydroxy-10-phenyldecanoic acid,O=C(O)CC(O)CCCCCCCc1ccccc1,1,CC[C@H]1OC(=O)C[C@@H](O)[C@H](C)[C@@H](O[C@@H]2O[C@H](C)[C@@H](O[C@H]3C[C@@](C)(O)[C@@H](O)[C@H](C)O3)[C@H](N(C)C)[C@H]2OC(=O)CC(O)CCCCCCCc2ccccc2)[C@@H](CC=O)C[C@@H](C)C(=O)/C=C/C(C)=C/[C@@H]1CO[C@@H]1O[C@H](C)[C@@H](O)[C@@H](OC)[C@H]1OC,CC[C@H]1OC(=O)C[C@@H](O)[C@H](C)[C@@H](O[C@@H]2O[C@H](C)[C@@H](O[C@H]3C[C@@](C)(O)[C@@H](O)[C@H](C)O3)[C@H](N(C)C)[C@H]2OC(=O)CC(O)CCCCCCCc2ccccc2)[C@@H](CC=O)C[C@@H](C)C(=O)/C=C/C(C)=C/[C@@H]1CO[C@@H]1O[C@H](C)[C@@H](O)[C@@H](OC)[C@H]1OC,TRUE,,-1.497
tylosin,Tylosin (Ì©ÀÖ¾úËØ),REF_TYLOSIN,repository_reference,O44_attached_to_C24,44,24,C,MPM00292,3-Hydroxy-9-phenylnonanoic acid,O=C(O)CC(O)CCCCCCc1ccccc1,1,CC[C@H]1OC(=O)C[C@@H](O)[C@H](C)[C@@H](O[C@@H]2O[C@H](C)[C@@H](O[C@H]3C[C@@](C)(O)[C@@H](O)[C@H](C)O3)[C@H](N(C)C)[C@H]2OC(=O)CC(O)CCCCCCc2ccccc2)[C@@H](CC=O)C[C@@H](C)C(=O)/C=C/C(C)=C/[C@@H]1CO[C@@H]1O[C@H](C)[C@@H](O)[C@@H](OC)[C@H]1OC,CC[C@H]1OC(=O)C[C@@H](O)[C@H](C)[C@@H](O[C@@H]2O[C@H](C)[C@@H](O[C@H]3C[C@@](C)(O)[C@@H](O)[C@H](C)O3)[C@H](N(C)C)[C@H]2OC(=O)CC(O)CCCCCCc2ccccc2)[C@@H](CC=O)C[C@@H](C)C(=O)/C=C/C(C)=C/[C@@H]1CO[C@@H]1O[C@H](C)[C@@H](O)[C@@H](OC)[C@H]1OC,TRUE,,-1.429
tylosin,Tylosin (Ì©ÀÖ¾úËØ),REF_TYLOSIN,repository_reference,O44_attached_to_C24,44,24,C,MPM00291,3-Hydroxy-8-phenyloctanoic acid,O=C(O)CC(O)CCCCCc1ccccc1,1,CC[C@H]1OC(=O)C[C@@H](O)[C@H](C)[C@@H](O[C@@H]2O[C@H](C)[C@@H](O[C@H]3C[C@@](C)(O)[C@@H](O)[C@H](C)O3)[C@H](N(C)C)[C@H]2OC(=O)CC(O)CCCCCc2ccccc2)[C@@H](CC=O)C[C@@H](C)C(=O)/C=C/C(C)=C/[C@@H]1CO[C@@H]1O[C@H](C)[C@@H](O)[C@@H](OC)[C@H]1OC,CC[C@H]1OC(=O)C[C@@H](O)[C@H](C)[C@@H](O[C@@H]2O[C@H](C)[C@@H](O[C@H]3C[C@@](C)(O)[C@@H](O)[C@H](C)O3)[C@H](N(C)C)[C@H]2OC(=O)CC(O)CCCCCc2ccccc2)[C@@H](CC=O)C[C@@H](C)C(=O)/C=C/C(C)=C/[C@@H]1CO[C@@H]1O[C@H](C)[C@@H](O)[C@@H](OC)[C@H]1OC,TRUE,,-1.363
tylosin,Tylosin (Ì©ÀÖ¾úËØ),REF_TYLOSIN,repository_reference,O44_attached_to_C24,44,24,C,MPM00290,3-Hydroxy-7-phenylheptanoic acid,O=C(O)CC(O)CCCCc1ccccc1,1,CC[C@H]1OC(=O)C[C@@H](O)[C@H](C)[C@@H](O[C@@H]2O[C@H](C)[C@@H](O[C@H]3C[C@@](C)(O)[C@@H](O)[C@H](C)O3)[C@H](N(C)C)[C@H]2OC(=O)CC(O)CCCCc2ccccc2)[C@@H](CC=O)C[C@@H](C)C(=O)/C=C/C(C)=C/[C@@H]1CO[C@@H]1O[C@H](C)[C@@H](O)[C@@H](OC)[C@H]1OC,CC[C@H]1OC(=O)C[C@@H](O)[C@H](C)[C@@H](O[C@@H]2O[C@H](C)[C@@H](O[C@H]3C[C@@](C)(O)[C@@H](O)[C@H](C)O3)[C@H](N(C)C)[C@H]2OC(=O)CC(O)CCCCc2ccccc2)[C@@H](CC=O)C[C@@H](C)C(=O)/C=C/C(C)=C/[C@@H]1CO[C@@H]1O[C@H](C)[C@@H](O)[C@@H](OC)[C@H]1OC,TRUE,,-1.296
tylosin,Tylosin (Ì©ÀÖ¾úËØ),REF_TYLOSIN,repository_reference,O44_attached_to_C24,44,24,C,MPM00289,3-Hydroxy-6-phenylhexanoic acid,O=C(O)CC(O)CCCc1ccccc1,1,CC[C@H]1OC(=O)C[C@@H](O)[C@H](C)[C@@H](O[C@@H]2O[C@H](C)[C@@H](O[C@H]3C[C@@](C)(O)[C@@H](O)[C@H](C)O3)[C@H](N(C)C)[C@H]2OC(=O)CC(O)CCCc2ccccc2)[C@@H](CC=O)C[C@@H](C)C(=O)/C=C/C(C)=C/[C@@H]1CO[C@@H]1O[C@H](C)[C@@H](O)[C@@H](OC)[C@H]1OC,CC[C@H]1OC(=O)C[C@@H](O)[C@H](C)[C@@H](O[C@@H]2O[C@H](C)[C@@H](O[C@H]3C[C@@](C)(O)[C@@H](O)[C@H](C)O3)[C@H](N(C)C)[C@H]2OC(=O)CC(O)CCCc2ccccc2)[C@@H](CC=O)C[C@@H](C)C(=O)/C=C/C(C)=C/[C@@H]1CO[C@@H]1O[C@H](C)[C@@H](O)[C@@H](OC)[C@H]1OC,TRUE,,-1.23
tylosin,Tylosin (Ì©ÀÖ¾úËØ),REF_TYLOSIN,repository_reference,O44_attached_to_C24,44,24,C,MPM00388,"5-Oxo-4,5-dihydrofuran-2-acetate",O=C(O)CC1=CCC(=O)O1,1,CC[C@H]1OC(=O)C[C@@H](O)[C@H](C)[C@@H](O[C@@H]2O[C@H](C)[C@@H](O[C@H]3C[C@@](C)(O)[C@@H](O)[C@H](C)O3)[C@H](N(C)C)[C@H]2OC(=O)CC2=CCC(=O)O2)[C@@H](CC=O)C[C@@H](C)C(=O)/C=C/C(C)=C/[C@@H]1CO[C@@H]1O[C@H](C)[C@@H](O)[C@@H](OC)[C@H]1OC,CC[C@H]1OC(=O)C[C@@H](O)[C@H](C)[C@@H](O[C@@H]2O[C@H](C)[C@@H](O[C@H]3C[C@@](C)(O)[C@@H](O)[C@H](C)O3)[C@H](N(C)C)[C@H]2OC(=O)CC2=CCC(=O)O2)[C@@H](CC=O)C[C@@H](C)C(=O)/C=C/C(C)=C/[C@@H]1CO[C@@H]1O[C@H](C)[C@@H](O)[C@@H](OC)[C@H]1OC,TRUE,,-0.743
tylosin,Tylosin (Ì©ÀÖ¾úËØ),REF_TYLOSIN,repository_reference,O44_attached_to_C24,44,24,C,MPM00597,DL-Thioctic acid,O=C(O)CCCCC1CCSS1,1,CC[C@H]1OC(=O)C[C@@H](O)[C@H](C)[C@@H](O[C@@H]2O[C@H](C)[C@@H](O[C@H]3C[C@@](C)(O)[C@@H](O)[C@H](C)O3)[C@H](N(C)C)[C@H]2OC(=O)CCCCC2CCSS2)[C@@H](CC=O)C[C@@H](C)C(=O)/C=C/C(C)=C/[C@@H]1CO[C@@H]1O[C@H](C)[C@@H](O)[C@@H](OC)[C@H]1OC,CC[C@H]1OC(=O)C[C@@H](O)[C@H](C)[C@@H](O[C@@H]2O[C@H](C)[C@@H](O[C@H]3C[C@@](C)(O)[C@@H](O)[C@H](C)O3)[C@H](N(C)C)[C@H]2OC(=O)CCCCC2CCSS2)[C@@H](CC=O)C[C@@H](C)C(=O)/C=C/C(C)=C/[C@@H]1CO[C@@H]1O[C@H](C)[C@@H](O)[C@@H](OC)[C@H]1OC,TRUE,,-2.466
tylosin,Tylosin (Ì©ÀÖ¾úËØ),REF_TYLOSIN,repository_reference,O44_attached_to_C24,44,24,C,MPM00525,Coenzyme R,O=C(O)CCCCC1SCC2NC(=O)NC21,1,CC[C@H]1OC(=O)C[C@@H](O)[C@H](C)[C@@H](O[C@@H]2O[C@H](C)[C@@H](O[C@H]3C[C@@](C)(O)[C@@H](O)[C@H](C)O3)[C@H](N(C)C)[C@H]2OC(=O)CCCCC2SCC3NC(=O)NC32)[C@@H](CC=O)C[C@@H](C)C(=O)/C=C/C(C)=C/[C@@H]1CO[C@@H]1O[C@H](C)[C@@H](O)[C@@H](OC)[C@H]1OC,CC[C@H]1OC(=O)C[C@@H](O)[C@H](C)[C@@H](O[C@@H]2O[C@H](C)[C@@H](O[C@H]3C[C@@](C)(O)[C@@H](O)[C@H](C)O3)[C@H](N(C)C)[C@H]2OC(=O)CCCCC2SCC3NC(=O)NC32)[C@@H](CC=O)C[C@@H](C)C(=O)/C=C/C(C)=C/[C@@H]1CO[C@@H]1O[C@H](C)[C@@H](O)[C@@H](OC)[C@H]1OC,TRUE,,-2.303
tylosin,Tylosin (Ì©ÀÖ¾úËØ),REF_TYLOSIN,repository_reference,O44_attached_to_C24,44,24,C,MPM00144,10-Phenyldecanoic acid,O=C(O)CCCCCCCCCc1ccccc1,1,CC[C@H]1OC(=O)C[C@@H](O)[C@H](C)[C@@H](O[C@@H]2O[C@H](C)[C@@H](O[C@H]3C[C@@](C)(O)[C@@H](O)[C@H](C)O3)[C@H](N(C)C)[C@H]2OC(=O)CCCCCCCCCc2ccccc2)[C@@H](CC=O)C[C@@H](C)C(=O)/C=C/C(C)=C/[C@@H]1CO[C@@H]1O[C@H](C)[C@@H](O)[C@@H](OC)[C@H]1OC,CC[C@H]1OC(=O)C[C@@H](O)[C@H](C)[C@@H](O[C@@H]2O[C@H](C)[C@@H](O[C@H]3C[C@@](C)(O)[C@@H](O)[C@H](C)O3)[C@H](N(C)C)[C@H]2OC(=O)CCCCCCCCCc2ccccc2)[C@@H](CC=O)C[C@@H](C)C(=O)/C=C/C(C)=C/[C@@H]1CO[C@@H]1O[C@H](C)[C@@H](O)[C@@H](OC)[C@H]1OC,TRUE,,-1.353
tylosin,Tylosin (Ì©ÀÖ¾úËØ),REF_TYLOSIN,repository_reference,O44_attached_to_C24,44,24,C,MPM00412,9-Phenylnonanoic acid,O=C(O)CCCCCCCCc1ccccc1,1,CC[C@H]1OC(=O)C[C@@H](O)[C@H](C)[C@@H](O[C@@H]2O[C@H](C)[C@@H](O[C@H]3C[C@@](C)(O)[C@@H](O)[C@H](C)O3)[C@H](N(C)C)[C@H]2OC(=O)CCCCCCCCc2ccccc2)[C@@H](CC=O)C[C@@H](C)C(=O)/C=C/C(C)=C/[C@@H]1CO[C@@H]1O[C@H](C)[C@@H](O)[C@@H](OC)[C@H]1OC,CC[C@H]1OC(=O)C[C@@H](O)[C@H](C)[C@@H](O[C@@H]2O[C@H](C)[C@@H](O[C@H]3C[C@@](C)(O)[C@@H](O)[C@H](C)O3)[C@H](N(C)C)[C@H]2OC(=O)CCCCCCCCc2ccccc2)[C@@H](CC=O)C[C@@H](C)C(=O)/C=C/C(C)=C/[C@@H]1CO[C@@H]1O[C@H](C)[C@@H](O)[C@@H](OC)[C@H]1OC,TRUE,,-1.285
tylosin,Tylosin (Ì©ÀÖ¾úËØ),REF_TYLOSIN,repository_reference,O44_attached_to_C24,44,24,C,MPM00409,8-Phenyloctanoic acid,O=C(O)CCCCCCCc1ccccc1,1,CC[C@H]1OC(=O)C[C@@H](O)[C@H](C)[C@@H](O[C@@H]2O[C@H](C)[C@@H](O[C@H]3C[C@@](C)(O)[C@@H](O)[C@H](C)O3)[C@H](N(C)C)[C@H]2OC(=O)CCCCCCCc2ccccc2)[C@@H](CC=O)C[C@@H](C)C(=O)/C=C/C(C)=C/[C@@H]1CO[C@@H]1O[C@H](C)[C@@H](O)[C@@H](OC)[C@H]1OC,CC[C@H]1OC(=O)C[C@@H](O)[C@H](C)[C@@H](O[C@@H]2O[C@H](C)[C@@H](O[C@H]3C[C@@](C)(O)[C@@H](O)[C@H](C)O3)[C@H](N(C)C)[C@H]2OC(=O)CCCCCCCc2ccccc2)[C@@H](CC=O)C[C@@H](C)C(=O)/C=C/C(C)=C/[C@@H]1CO[C@@H]1O[C@H](C)[C@@H](O)[C@@H](OC)[C@H]1OC,TRUE,,-1.217
tylosin,Tylosin (Ì©ÀÖ¾úËØ),REF_TYLOSIN,repository_reference,O44_attached_to_C24,44,24,C,MPM00408,7-Phenylheptanoic acid,O=C(O)CCCCCCc1ccccc1,1,CC[C@H]1OC(=O)C[C@@H](O)[C@H](C)[C@@H](O[C@@H]2O[C@H](C)[C@@H](O[C@H]3C[C@@](C)(O)[C@@H](O)[C@H](C)O3)[C@H](N(C)C)[C@H]2OC(=O)CCCCCCc2ccccc2)[C@@H](CC=O)C[C@@H](C)C(=O)/C=C/C(C)=C/[C@@H]1CO[C@@H]1O[C@H](C)[C@@H](O)[C@@H](OC)[C@H]1OC,CC[C@H]1OC(=O)C[C@@H](O)[C@H](C)[C@@H](O[C@@H]2O[C@H](C)[C@@H](O[C@H]3C[C@@](C)(O)[C@@H](O)[C@H](C)O3)[C@H](N(C)C)[C@H]2OC(=O)CCCCCCc2ccccc2)[C@@H](CC=O)C[C@@H](C)C(=O)/C=C/C(C)=C/[C@@H]1CO[C@@H]1O[C@H](C)[C@@H](O)[C@@H](OC)[C@H]1OC,TRUE,,-1.149
tylosin,Tylosin (Ì©ÀÖ¾úËØ),REF_TYLOSIN,repository_reference,O44_attached_to_C24,44,24,C,MPM00399,6-Phenylhexanoic acid,O=C(O)CCCCCc1ccccc1,1,CC[C@H]1OC(=O)C[C@@H](O)[C@H](C)[C@@H](O[C@@H]2O[C@H](C)[C@@H](O[C@H]3C[C@@](C)(O)[C@@H](O)[C@H](C)O3)[C@H](N(C)C)[C@H]2OC(=O)CCCCCc2ccccc2)[C@@H](CC=O)C[C@@H](C)C(=O)/C=C/C(C)=C/[C@@H]1CO[C@@H]1O[C@H](C)[C@@H](O)[C@@H](OC)[C@H]1OC,CC[C@H]1OC(=O)C[C@@H](O)[C@H](C)[C@@H](O[C@@H]2O[C@H](C)[C@@H](O[C@H]3C[C@@](C)(O)[C@@H](O)[C@H](C)O3)[C@H](N(C)C)[C@H]2OC(=O)CCCCCc2ccccc2)[C@@H](CC=O)C[C@@H](C)C(=O)/C=C/C(C)=C/[C@@H]1CO[C@@H]1O[C@H](C)[C@@H](O)[C@@H](OC)[C@H]1OC,TRUE,,-1.081
tylosin,Tylosin (Ì©ÀÖ¾úËØ),REF_TYLOSIN,repository_reference,O44_attached_to_C24,44,24,C,MPM00390,5-Phenylvaleric acid,O=C(O)CCCCc1ccccc1,1,CC[C@H]1OC(=O)C[C@@H](O)[C@H](C)[C@@H](O[C@@H]2O[C@H](C)[C@@H](O[C@H]3C[C@@](C)(O)[C@@H](O)[C@H](C)O3)[C@H](N(C)C)[C@H]2OC(=O)CCCCc2ccccc2)[C@@H](CC=O)C[C@@H](C)C(=O)/C=C/C(C)=C/[C@@H]1CO[C@@H]1O[C@H](C)[C@@H](O)[C@@H](OC)[C@H]1OC,CC[C@H]1OC(=O)C[C@@H](O)[C@H](C)[C@@H](O[C@@H]2O[C@H](C)[C@@H](O[C@H]3C[C@@](C)(O)[C@@H](O)[C@H](C)O3)[C@H](N(C)C)[C@H]2OC(=O)CCCCc2ccccc2)[C@@H](CC=O)C[C@@H](C)C(=O)/C=C/C(C)=C/[C@@H]1CO[C@@H]1O[C@H](C)[C@@H](O)[C@@H](OC)[C@H]1OC,TRUE,,-1.016
tylosin,Tylosin (Ì©ÀÖ¾úËØ),REF_TYLOSIN,repository_reference,O44_attached_to_C24,44,24,C,MPM00701,Hydroxyacetic acid,O=C(O)CO,1,CC[C@H]1OC(=O)C[C@@H](O)[C@H](C)[C@@H](O[C@@H]2O[C@H](C)[C@@H](O[C@H]3C[C@@](C)(O)[C@@H](O)[C@H](C)O3)[C@H](N(C)C)[C@H]2OC(=O)CO)[C@@H](CC=O)C[C@@H](C)C(=O)/C=C/C(C)=C/[C@@H]1CO[C@@H]1O[C@H](C)[C@@H](O)[C@@H](OC)[C@H]1OC,CC[C@H]1OC(=O)C[C@@H](O)[C@H](C)[C@@H](O[C@@H]2O[C@H](C)[C@@H](O[C@H]3C[C@@](C)(O)[C@@H](O)[C@H](C)O3)[C@H](N(C)C)[C@H]2OC(=O)CO)[C@@H](CC=O)C[C@@H](C)C(=O)/C=C/C(C)=C/[C@@H]1CO[C@@H]1O[C@H](C)[C@@H](O)[C@@H](OC)[C@H]1OC,TRUE,,-0.478
tylosin,Tylosin (Ì©ÀÖ¾úËØ),REF_TYLOSIN,repository_reference,O44_attached_to_C24,44,24,C,MPM00891,Phosphoglycolic acid,O=C(O)COP(=O)(O)O,1,CC[C@H]1OC(=O)C[C@@H](O)[C@H](C)[C@@H](O[C@@H]2O[C@H](C)[C@@H](O[C@H]3C[C@@](C)(O)[C@@H](O)[C@H](C)O3)[C@H](N(C)C)[C@H]2OC(=O)COP(=O)(O)O)[C@@H](CC=O)C[C@@H](C)C(=O)/C=C/C(C)=C/[C@@H]1CO[C@@H]1O[C@H](C)[C@@H](O)[C@@H](OC)[C@H]1OC,CC[C@H]1OC(=O)C[C@@H](O)[C@H](C)[C@@H](O[C@@H]2O[C@H](C)[C@@H](O[C@H]3C[C@@](C)(O)[C@@H](O)[C@H](C)O3)[C@H](N(C)C)[C@H]2OC(=O)COP(=O)(O)O)[C@@H](CC=O)C[C@@H](C)C(=O)/C=C/C(C)=C/[C@@H]1CO[C@@H]1O[C@H](C)[C@@H](O)[C@@H](OC)[C@H]1OC,TRUE,,-0.932
tylosin,Tylosin (Ì©ÀÖ¾úËØ),REF_TYLOSIN,repository_reference,O44_attached_to_C24,44,24,C,MPM00894,Phosphonoacetic acid,O=C(O)CP(=O)(O)O,1,CC[C@H]1OC(=O)C[C@@H](O)[C@H](C)[C@@H](O[C@@H]2O[C@H](C)[C@@H](O[C@H]3C[C@@](C)(O)[C@@H](O)[C@H](C)O3)[C@H](N(C)C)[C@H]2OC(=O)CP(=O)(O)O)[C@@H](CC=O)C[C@@H](C)C(=O)/C=C/C(C)=C/[C@@H]1CO[C@@H]1O[C@H](C)[C@@H](O)[C@@H](OC)[C@H]1OC,CC[C@H]1OC(=O)C[C@@H](O)[C@H](C)[C@@H](O[C@@H]2O[C@H](C)[C@@H](O[C@H]3C[C@@](C)(O)[C@@H](O)[C@H](C)O3)[C@H](N(C)C)[C@H]2OC(=O)CP(=O)(O)O)[C@@H](CC=O)C[C@@H](C)C(=O)/C=C/C(C)=C/[C@@H]1CO[C@@H]1O[C@H](C)[C@@H](O)[C@@H](OC)[C@H]1OC,TRUE,,-1.267
tylosin,Tylosin (Ì©ÀÖ¾úËØ),REF_TYLOSIN,repository_reference,O44_attached_to_C24,44,24,C,MPM00961,Sulfoacetic acid,O=C(O)CS(=O)(=O)O,1,CC[C@H]1OC(=O)C[C@@H](O)[C@H](C)[C@@H](O[C@@H]2O[C@H](C)[C@@H](O[C@H]3C[C@@](C)(O)[C@@H](O)[C@H](C)O3)[C@H](N(C)C)[C@H]2OC(=O)CS(=O)(=O)O)[C@@H](CC=O)C[C@@H](C)C(=O)/C=C/C(C)=C/[C@@H]1CO[C@@H]1O[C@H](C)[C@@H](O)[C@@H](OC)[C@H]1OC,CC[C@H]1OC(=O)C[C@@H](O)[C@H](C)[C@@H](O[C@@H]2O[C@H](C)[C@@H](O[C@H]3C[C@@](C)(O)[C@@H](O)[C@H](C)O3)[C@H](N(C)C)[C@H]2OC(=O)CS(=O)(=O)O)[C@@H](CC=O)C[C@@H](C)C(=O)/C=C/C(C)=C/[C@@H]1CO[C@@H]1O[C@H](C)[C@@H](O)[C@@H](OC)[C@H]1OC,TRUE,,-0.448
tylosin,Tylosin (Ì©ÀÖ¾úËØ),REF_TYLOSIN,repository_reference,O44_attached_to_C24,44,24,C,MPM00418,"Acetic acid,phenyl ester",O=C(O)Cc1ccccc1,1,CC[C@H]1OC(=O)C[C@@H](O)[C@H](C)[C@@H](O[C@@H]2O[C@H](C)[C@@H](O[C@H]3C[C@@](C)(O)[C@@H](O)[C@H](C)O3)[C@H](N(C)C)[C@H]2OC(=O)Cc2ccccc2)[C@@H](CC=O)C[C@@H](C)C(=O)/C=C/C(C)=C/[C@@H]1CO[C@@H]1O[C@H](C)[C@@H](O)[C@@H](OC)[C@H]1OC,CC[C@H]1OC(=O)C[C@@H](O)[C@H](C)[C@@H](O[C@@H]2O[C@H](C)[C@@H](O[C@H]3C[C@@](C)(O)[C@@H](O)[C@H](C)O3)[C@H](N(C)C)[C@H]2OC(=O)Cc2ccccc2)[C@@H](CC=O)C[C@@H](C)C(=O)/C=C/C(C)=C/[C@@H]1CO[C@@H]1O[C@H](C)[C@@H](O)[C@@H](OC)[C@H]1OC,TRUE,,-0.82
tylosin,Tylosin (Ì©ÀÖ¾úËØ),REF_TYLOSIN,repository_reference,O44_attached_to_C24,44,24,C,MPM01016,Uracil-6-carboxylic acid,O=C(O)c1cc(=O)[nH]c(=O)[nH]1,1,CC[C@H]1OC(=O)C[C@@H](O)[C@H](C)[C@@H](O[C@@H]2O[C@H](C)[C@@H](O[C@H]3C[C@@](C)(O)[C@@H](O)[C@H](C)O3)[C@H](N(C)C)[C@H]2OC(=O)c2cc(=O)[nH]c(=O)[nH]2)[C@@H](CC=O)C[C@@H](C)C(=O)/C=C/C(C)=C/[C@@H]1CO[C@@H]1O[C@H](C)[C@@H](O)[C@@H](OC)[C@H]1OC,CC[C@H]1OC(=O)C[C@@H](O)[C@H](C)[C@@H](O[C@@H]2O[C@H](C)[C@@H](O[C@H]3C[C@@](C)(O)[C@@H](O)[C@H](C)O3)[C@H](N(C)C)[C@H]2OC(=O)c2cc(=O)[nH]c(=O)[nH]2)[C@@H](CC=O)C[C@@H](C)C(=O)/C=C/C(C)=C/[C@@H]1CO[C@@H]1O[C@H](C)[C@@H](O)[C@@H](OC)[C@H]1OC,TRUE,,-0.715
tylosin,Tylosin (Ì©ÀÖ¾úËØ),REF_TYLOSIN,repository_reference,O44_attached_to_C24,44,24,C,MPM00844,Orotidylic acid,O=C(O)c1cc(=O)[nH]c(=O)n1C1OC(COP(=O)(O)O)C(O)C1O,1,CC[C@H]1OC(=O)C[C@@H](O)[C@H](C)[C@@H](O[C@@H]2O[C@H](C)[C@@H](O[C@H]3C[C@@](C)(O)[C@@H](O)[C@H](C)O3)[C@H](N(C)C)[C@H]2OC(=O)c2cc(=O)[nH]c(=O)n2C2OC(COP(=O)(O)O)C(O)C2O)[C@@H](CC=O)C[C@@H](C)C(=O)/C=C/C(C)=C/[C@@H]1CO[C@@H]1O[C@H](C)[C@@H](O)[C@@H](OC)[C@H]1OC,CC[C@H]1OC(=O)C[C@@H](O)[C@H](C)[C@@H](O[C@@H]2O[C@H](C)[C@@H](O[C@H]3C[C@@](C)(O)[C@@H](O)[C@H](C)O3)[C@H](N(C)C)[C@H]2OC(=O)c2cc(=O)[nH]c(=O)n2C2OC(COP(=O)(O)O)C(O)C2O)[C@@H](CC=O)C[C@@H](C)C(=O)/C=C/C(C)=C/[C@@H]1CO[C@@H]1O[C@H](C)[C@@H](O)[C@@H](OC)[C@H]1OC,TRUE,,-2.083
tylosin,Tylosin (Ì©ÀÖ¾úËØ),REF_TYLOSIN,repository_reference,O44_attached_to_C24,44,24,C,MPM00137,"1,4-Dihydroxy-2-naphthoic acid",O=C(O)c1cc(O)c2ccccc2c1O,1,CC[C@H]1OC(=O)C[C@@H](O)[C@H](C)[C@@H](O[C@@H]2O[C@H](C)[C@@H](O[C@H]3C[C@@](C)(O)[C@@H](O)[C@H](C)O3)[C@H](N(C)C)[C@H]2OC(=O)c2cc(O)c3ccccc3c2O)[C@@H](CC=O)C[C@@H](C)C(=O)/C=C/C(C)=C/[C@@H]1CO[C@@H]1O[C@H](C)[C@@H](O)[C@@H](OC)[C@H]1OC,CC[C@H]1OC(=O)C[C@@H](O)[C@H](C)[C@@H](O[C@@H]2O[C@H](C)[C@@H](O[C@H]3C[C@@](C)(O)[C@@H](O)[C@H](C)O3)[C@H](N(C)C)[C@H]2OC(=O)c2cc(O)c3ccccc3c2O)[C@@H](CC=O)C[C@@H](C)C(=O)/C=C/C(C)=C/[C@@H]1CO[C@@H]1O[C@H](C)[C@@H](O)[C@@H](OC)[C@H]1OC,TRUE,,-0.497
tylosin,Tylosin (Ì©ÀÖ¾úËØ),REF_TYLOSIN,repository_reference,O44_attached_to_C24,44,24,C,MPM00398,6-Hydroxynicotinic acid,O=C(O)c1ccc(=O)[nH]c1,1,CC[C@H]1OC(=O)C[C@@H](O)[C@H](C)[C@@H](O[C@@H]2O[C@H](C)[C@@H](O[C@H]3C[C@@](C)(O)[C@@H](O)[C@H](C)O3)[C@H](N(C)C)[C@H]2OC(=O)c2ccc(=O)[nH]c2)[C@@H](CC=O)C[C@@H](C)C(=O)/C=C/C(C)=C/[C@@H]1CO[C@@H]1O[C@H](C)[C@@H](O)[C@@H](OC)[C@H]1OC,CC[C@H]1OC(=O)C[C@@H](O)[C@H](C)[C@@H](O[C@@H]2O[C@H](C)[C@@H](O[C@H]3C[C@@](C)(O)[C@@H](O)[C@H](C)O3)[C@H](N(C)C)[C@H]2OC(=O)c2ccc(=O)[nH]c2)[C@@H](CC=O)C[C@@H](C)C(=O)/C=C/C(C)=C/[C@@H]1CO[C@@H]1O[C@H](C)[C@@H](O)[C@@H](OC)[C@H]1OC,TRUE,,-0.261
tylosin,Tylosin (Ì©ÀÖ¾úËØ),REF_TYLOSIN,repository_reference,O44_attached_to_C24,44,24,C,MPM00912,Protocatechuic acid,O=C(O)c1ccc(O)c(O)c1,1,CC[C@H]1OC(=O)C[C@@H](O)[C@H](C)[C@@H](O[C@@H]2O[C@H](C)[C@@H](O[C@H]3C[C@@](C)(O)[C@@H](O)[C@H](C)O3)[C@H](N(C)C)[C@H]2OC(=O)c2ccc(O)c(O)c2)[C@@H](CC=O)C[C@@H](C)C(=O)/C=C/C(C)=C/[C@@H]1CO[C@@H]1O[C@H](C)[C@@H](O)[C@@H](OC)[C@H]1OC,CC[C@H]1OC(=O)C[C@@H](O)[C@H](C)[C@@H](O[C@@H]2O[C@H](C)[C@@H](O[C@H]3C[C@@](C)(O)[C@@H](O)[C@H](C)O3)[C@H](N(C)C)[C@H]2OC(=O)c2ccc(O)c(O)c2)[C@@H](CC=O)C[C@@H](C)C(=O)/C=C/C(C)=C/[C@@H]1CO[C@@H]1O[C@H](C)[C@@H](O)[C@@H](OC)[C@H]1OC,TRUE,,-0.717
tylosin,Tylosin (Ì©ÀÖ¾úËØ),REF_TYLOSIN,repository_reference,O44_attached_to_C24,44,24,C,MPM00702,Hydroxybenzenecarboxylic acid,O=C(O)c1ccc(O)cc1,1,CC[C@H]1OC(=O)C[C@@H](O)[C@H](C)[C@@H](O[C@@H]2O[C@H](C)[C@@H](O[C@H]3C[C@@](C)(O)[C@@H](O)[C@H](C)O3)[C@H](N(C)C)[C@H]2OC(=O)c2ccc(O)cc2)[C@@H](CC=O)C[C@@H](C)C(=O)/C=C/C(C)=C/[C@@H]1CO[C@@H]1O[C@H](C)[C@@H](O)[C@@H](OC)[C@H]1OC,CC[C@H]1OC(=O)C[C@@H](O)[C@H](C)[C@@H](O[C@@H]2O[C@H](C)[C@@H](O[C@H]3C[C@@](C)(O)[C@@H](O)[C@H](C)O3)[C@H](N(C)C)[C@H]2OC(=O)c2ccc(O)cc2)[C@@H](CC=O)C[C@@H](C)C(=O)/C=C/C(C)=C/[C@@H]1CO[C@@H]1O[C@H](C)[C@@H](O)[C@@H](OC)[C@H]1OC,TRUE,,-0.415
tylosin,Tylosin (Ì©ÀÖ¾úËØ),REF_TYLOSIN,repository_reference,O44_attached_to_C24,44,24,C,MPM00173,"2,3-Dihydroxybenzoic acid",O=C(O)c1cccc(O)c1O,1,CC[C@H]1OC(=O)C[C@@H](O)[C@H](C)[C@@H](O[C@@H]2O[C@H](C)[C@@H](O[C@H]3C[C@@](C)(O)[C@@H](O)[C@H](C)O3)[C@H](N(C)C)[C@H]2OC(=O)c2cccc(O)c2O)[C@@H](CC=O)C[C@@H](C)C(=O)/C=C/C(C)=C/[C@@H]1CO[C@@H]1O[C@H](C)[C@@H](O)[C@@H](OC)[C@H]1OC,CC[C@H]1OC(=O)C[C@@H](O)[C@H](C)[C@@H](O[C@@H]2O[C@H](C)[C@@H](O[C@H]3C[C@@](C)(O)[C@@H](O)[C@H](C)O3)[C@H](N(C)C)[C@H]2OC(=O)c2cccc(O)c2O)[C@@H](CC=O)C[C@@H](C)C(=O)/C=C/C(C)=C/[C@@H]1CO[C@@H]1O[C@H](C)[C@@H](O)[C@@H](OC)[C@H]1OC,TRUE,,-0.699
tylosin,Tylosin (Ì©ÀÖ¾úËØ),REF_TYLOSIN,repository_reference,O44_attached_to_C24,44,24,C,MPM00614,Dracylic acid,O=C(O)c1ccccc1,1,CC[C@H]1OC(=O)C[C@@H](O)[C@H](C)[C@@H](O[C@@H]2O[C@H](C)[C@@H](O[C@H]3C[C@@](C)(O)[C@@H](O)[C@H](C)O3)[C@H](N(C)C)[C@H]2OC(=O)c2ccccc2)[C@@H](CC=O)C[C@@H](C)C(=O)/C=C/C(C)=C/[C@@H]1CO[C@@H]1O[C@H](C)[C@@H](O)[C@@H](OC)[C@H]1OC,CC[C@H]1OC(=O)C[C@@H](O)[C@H](C)[C@@H](O[C@@H]2O[C@H](C)[C@@H](O[C@H]3C[C@@](C)(O)[C@@H](O)[C@H](C)O3)[C@H](N(C)C)[C@H]2OC(=O)c2ccccc2)[C@@H](CC=O)C[C@@H](C)C(=O)/C=C/C(C)=C/[C@@H]1CO[C@@H]1O[C@H](C)[C@@H](O)[C@@H](OC)[C@H]1OC,TRUE,,-0.057
tylosin,Tylosin (Ì©ÀÖ¾úËØ),REF_TYLOSIN,repository_reference,O44_attached_to_C24,44,24,C,MPM00117,1-(2-Carboxyphenylamino)-1-deoxy-D-ribulose 5-phosphate,O=C(O)c1ccccc1NCC(=O)C(O)C(O)COP(=O)(O)O,1,CC[C@H]1OC(=O)C[C@@H](O)[C@H](C)[C@@H](O[C@@H]2O[C@H](C)[C@@H](O[C@H]3C[C@@](C)(O)[C@@H](O)[C@H](C)O3)[C@H](N(C)C)[C@H]2OC(=O)c2ccccc2NCC(=O)C(O)C(O)COP(=O)(O)O)[C@@H](CC=O)C[C@@H](C)C(=O)/C=C/C(C)=C/[C@@H]1CO[C@@H]1O[C@H](C)[C@@H](O)[C@@H](OC)[C@H]1OC,CC[C@H]1OC(=O)C[C@@H](O)[C@H](C)[C@@H](O[C@@H]2O[C@H](C)[C@@H](O[C@H]3C[C@@](C)(O)[C@@H](O)[C@H](C)O3)[C@H](N(C)C)[C@H]2OC(=O)c2ccccc2NCC(=O)C(O)C(O)COP(=O)(O)O)[C@@H](CC=O)C[C@@H](C)C(=O)/C=C/C(C)=C/[C@@H]1CO[C@@H]1O[C@H](C)[C@@H](O)[C@@H](OC)[C@H]1OC,TRUE,,-0.924
tylosin,Tylosin (Ì©ÀÖ¾úËØ),REF_TYLOSIN,repository_reference,O44_attached_to_C24,44,24,C,MPM00931,Salicylic acid,O=C(O)c1ccccc1O,1,CC[C@H]1OC(=O)C[C@@H](O)[C@H](C)[C@@H](O[C@@H]2O[C@H](C)[C@@H](O[C@H]3C[C@@](C)(O)[C@@H](O)[C@H](C)O3)[C@H](N(C)C)[C@H]2OC(=O)c2ccccc2O)[C@@H](CC=O)C[C@@H](C)C(=O)/C=C/C(C)=C/[C@@H]1CO[C@@H]1O[C@H](C)[C@@H](O)[C@@H](OC)[C@H]1OC,CC[C@H]1OC(=O)C[C@@H](O)[C@H](C)[C@@H](O[C@@H]2O[C@H](C)[C@@H](O[C@H]3C[C@@](C)(O)[C@@H](O)[C@H](C)O3)[C@H](N(C)C)[C@H]2OC(=O)c2ccccc2O)[C@@H](CC=O)C[C@@H](C)C(=O)/C=C/C(C)=C/[C@@H]1CO[C@@H]1O[C@H](C)[C@@H](O)[C@@H](OC)[C@H]1OC,TRUE,,-0.4
tylosin,Tylosin (Ì©ÀÖ¾úËØ),REF_TYLOSIN,repository_reference,O44_attached_to_C24,44,24,C,MPM00328,3-Pyridinecarboxylic acid,O=C(O)c1cccnc1,1,CC[C@H]1OC(=O)C[C@@H](O)[C@H](C)[C@@H](O[C@@H]2O[C@H](C)[C@@H](O[C@H]3C[C@@](C)(O)[C@@H](O)[C@H](C)O3)[C@H](N(C)C)[C@H]2OC(=O)c2cccnc2)[C@@H](CC=O)C[C@@H](C)C(=O)/C=C/C(C)=C/[C@@H]1CO[C@@H]1O[C@H](C)[C@@H](O)[C@@H](OC)[C@H]1OC,CC[C@H]1OC(=O)C[C@@H](O)[C@H](C)[C@@H](O[C@@H]2O[C@H](C)[C@@H](O[C@H]3C[C@@](C)(O)[C@@H](O)[C@H](C)O3)[C@H](N(C)C)[C@H]2OC(=O)c2cccnc2)[C@@H](CC=O)C[C@@H](C)C(=O)/C=C/C(C)=C/[C@@H]1CO[C@@H]1O[C@H](C)[C@@H](O)[C@@H](OC)[C@H]1OC,TRUE,,-0.449
tylosin,Tylosin (Ì©ÀÖ¾úËØ),REF_TYLOSIN,repository_reference,O44_attached_to_C24,44,24,C,MPM00585,Dihydro-L-orotic acid,O=C1CC(C(=O)O)NC(=O)N1,1,CC[C@H]1OC(=O)C[C@@H](O)[C@H](C)[C@@H](O[C@@H]2O[C@H](C)[C@@H](O[C@H]3C[C@@](C)(O)[C@@H](O)[C@H](C)O3)[C@H](N(C)C)[C@H]2OC(=O)C2CC(=O)NC(=O)N2)[C@@H](CC=O)C[C@@H](C)C(=O)/C=C/C(C)=C/[C@@H]1CO[C@@H]1O[C@H](C)[C@@H](O)[C@@H](OC)[C@H]1OC,CC[C@H]1OC(=O)C[C@@H](O)[C@H](C)[C@@H](O[C@@H]2O[C@H](C)[C@@H](O[C@H]3C[C@@](C)(O)[C@@H](O)[C@H](C)O3)[C@H](N(C)C)[C@H]2OC(=O)C2CC(=O)NC(=O)N2)[C@@H](CC=O)C[C@@H](C)C(=O)/C=C/C(C)=C/[C@@H]1CO[C@@H]1O[C@H](C)[C@@H](O)[C@@H](OC)[C@H]1OC,TRUE,,-1.111
tylosin,Tylosin (Ì©ÀÖ¾úËØ),REF_TYLOSIN,repository_reference,O44_attached_to_C24,44,24,C,MPM00381,5-Dehydroquinic acid,O=C1CC(O)(C(=O)O)CC(O)C1O,1,CC[C@H]1OC(=O)C[C@@H](O)[C@H](C)[C@@H](O[C@@H]2O[C@H](C)[C@@H](O[C@H]3C[C@@](C)(O)[C@@H](O)[C@H](C)O3)[C@H](N(C)C)[C@H]2OC(=O)C2(O)CC(=O)C(O)C(O)C2)[C@@H](CC=O)C[C@@H](C)C(=O)/C=C/C(C)=C/[C@@H]1CO[C@@H]1O[C@H](C)[C@@H](O)[C@@H](OC)[C@H]1OC,CC[C@H]1OC(=O)C[C@@H](O)[C@H](C)[C@@H](O[C@@H]2O[C@H](C)[C@@H](O[C@H]3C[C@@](C)(O)[C@@H](O)[C@H](C)O3)[C@H](N(C)C)[C@H]2OC(=O)C2(O)CC(=O)C(O)C(O)C2)[C@@H](CC=O)C[C@@H](C)C(=O)/C=C/C(C)=C/[C@@H]1CO[C@@H]1O[C@H](C)[C@@H](O)[C@@H](OC)[C@H]1OC,TRUE,,-1.586
tylosin,Tylosin (Ì©ÀÖ¾úËØ),REF_TYLOSIN,repository_reference,O44_attached_to_C24,44,24,C,MPM00679,Glyoxylic acid,O=CC(=O)O,1,CC[C@H]1OC(=O)C[C@@H](O)[C@H](C)[C@@H](O[C@@H]2O[C@H](C)[C@@H](O[C@H]3C[C@@](C)(O)[C@@H](O)[C@H](C)O3)[C@H](N(C)C)[C@H]2OC(=O)C=O)[C@@H](CC=O)C[C@@H](C)C(=O)/C=C/C(C)=C/[C@@H]1CO[C@@H]1O[C@H](C)[C@@H](O)[C@@H](OC)[C@H]1OC,CC[C@H]1OC(=O)C[C@@H](O)[C@H](C)[C@@H](O[C@@H]2O[C@H](C)[C@@H](O[C@H]3C[C@@](C)(O)[C@@H](O)[C@H](C)O3)[C@H](N(C)C)[C@H]2OC(=O)C=O)[C@@H](CC=O)C[C@@H](C)C(=O)/C=C/C(C)=C/[C@@H]1CO[C@@H]1O[C@H](C)[C@@H](O)[C@@H](OC)[C@H]1OC,TRUE,,-0.653
tylosin,Tylosin (Ì©ÀÖ¾úËØ),REF_TYLOSIN,repository_reference,O44_attached_to_C24,44,24,C,MPM00965,Tartronate semialdehyde,O=CC(O)C(=O)O,1,CC[C@H]1OC(=O)C[C@@H](O)[C@H](C)[C@@H](O[C@@H]2O[C@H](C)[C@@H](O[C@H]3C[C@@](C)(O)[C@@H](O)[C@H](C)O3)[C@H](N(C)C)[C@H]2OC(=O)C(O)C=O)[C@@H](CC=O)C[C@@H](C)C(=O)/C=C/C(C)=C/[C@@H]1CO[C@@H]1O[C@H](C)[C@@H](O)[C@@H](OC)[C@H]1OC,CC[C@H]1OC(=O)C[C@@H](O)[C@H](C)[C@@H](O[C@@H]2O[C@H](C)[C@@H](O[C@H]3C[C@@](C)(O)[C@@H](O)[C@H](C)O3)[C@H](N(C)C)[C@H]2OC(=O)C(O)C=O)[C@@H](CC=O)C[C@@H](C)C(=O)/C=C/C(C)=C/[C@@H]1CO[C@@H]1O[C@H](C)[C@@H](O)[C@@H](OC)[C@H]1OC,TRUE,,-0.845
tylosin,Tylosin (Ì©ÀÖ¾úËØ),REF_TYLOSIN,repository_reference,O44_attached_to_C24,44,24,C,MPM00768,Malonate semialdehyde,O=CCC(=O)O,1,CC[C@H]1OC(=O)C[C@@H](O)[C@H](C)[C@@H](O[C@@H]2O[C@H](C)[C@@H](O[C@H]3C[C@@](C)(O)[C@@H](O)[C@H](C)O3)[C@H](N(C)C)[C@H]2OC(=O)CC=O)[C@@H](CC=O)C[C@@H](C)C(=O)/C=C/C(C)=C/[C@@H]1CO[C@@H]1O[C@H](C)[C@@H](O)[C@@H](OC)[C@H]1OC,CC[C@H]1OC(=O)C[C@@H](O)[C@H](C)[C@@H](O[C@@H]2O[C@H](C)[C@@H](O[C@H]3C[C@@](C)(O)[C@@H](O)[C@H](C)O3)[C@H](N(C)C)[C@H]2OC(=O)CC=O)[C@@H](CC=O)C[C@@H](C)C(=O)/C=C/C(C)=C/[C@@H]1CO[C@@H]1O[C@H](C)[C@@H](O)[C@@H](OC)[C@H]1OC,TRUE,,-0.924
tylosin,Tylosin (Ì©ÀÖ¾úËØ),REF_TYLOSIN,repository_reference,O44_attached_to_C24,44,24,C,MPM00359,4-Oxobutanoate,O=CCCC(=O)O,1,CC[C@H]1OC(=O)C[C@@H](O)[C@H](C)[C@@H](O[C@@H]2O[C@H](C)[C@@H](O[C@H]3C[C@@](C)(O)[C@@H](O)[C@H](C)O3)[C@H](N(C)C)[C@H]2OC(=O)CCC=O)[C@@H](CC=O)C[C@@H](C)C(=O)/C=C/C(C)=C/[C@@H]1CO[C@@H]1O[C@H](C)[C@@H](O)[C@@H](OC)[C@H]1OC,CC[C@H]1OC(=O)C[C@@H](O)[C@H](C)[C@@H](O[C@@H]2O[C@H](C)[C@@H](O[C@H]3C[C@@](C)(O)[C@@H](O)[C@H](C)O3)[C@H](N(C)C)[C@H]2OC(=O)CCC=O)[C@@H](CC=O)C[C@@H](C)C(=O)/C=C/C(C)=C/[C@@H]1CO[C@@H]1O[C@H](C)[C@@H](O)[C@@H](OC)[C@H]1OC,TRUE,,-1.189
tylosin,Tylosin (Ì©ÀÖ¾úËØ),REF_TYLOSIN,repository_reference,O59_attached_to_C55,59,55,C,MPM00863,PEP,C=C(OP(=O)(O)O)C(=O)O,1,C=C(OP(=O)(O)O)C(=O)O[C@H]1[C@@H](OC)[C@@H](OC)[C@H](OC[C@H]2/C=C(C)/C=C/C(=O)[C@H](C)C[C@H](CC=O)[C@H](O[C@@H]3O[C@H](C)[C@@H](O[C@H]4C[C@@](C)(O)[C@@H](O)[C@H](C)O4)[C@H](N(C)C)[C@H]3O)[C@@H](C)[C@H](O)CC(=O)O[C@@H]2CC)O[C@@H]1C,C=C(OP(=O)(O)O)C(=O)O[C@H]1[C@@H](OC)[C@@H](OC)[C@H](OC[C@H]2/C=C(C)/C=C/C(=O)[C@H](C)C[C@H](CC=O)[C@H](O[C@@H]3O[C@H](C)[C@@H](O[C@H]4C[C@@](C)(O)[C@@H](O)[C@H](C)O4)[C@H](N(C)C)[C@H]3O)[C@@H](C)[C@H](O)CC(=O)O[C@@H]2CC)O[C@@H]1C,TRUE,,-1.074
tylosin,Tylosin (Ì©ÀÖ¾úËØ),REF_TYLOSIN,repository_reference,O59_attached_to_C55,59,55,C,MPM00921,Pyroracemic acid,CC(=O)C(=O)O,1,CC[C@H]1OC(=O)C[C@@H](O)[C@H](C)[C@@H](O[C@@H]2O[C@H](C)[C@@H](O[C@H]3C[C@@](C)(O)[C@@H](O)[C@H](C)O3)[C@H](N(C)C)[C@H]2O)[C@@H](CC=O)C[C@@H](C)C(=O)/C=C/C(C)=C/[C@@H]1CO[C@@H]1O[C@H](C)[C@@H](OC(=O)C(C)=O)[C@@H](OC)[C@H]1OC,CC[C@H]1OC(=O)C[C@@H](O)[C@H](C)[C@@H](O[C@@H]2O[C@H](C)[C@@H](O[C@H]3C[C@@](C)(O)[C@@H](O)[C@H](C)O3)[C@H](N(C)C)[C@H]2O)[C@@H](CC=O)C[C@@H](C)C(=O)/C=C/C(C)=C/[C@@H]1CO[C@@H]1O[C@H](C)[C@@H](OC(=O)C(C)=O)[C@@H](OC)[C@H]1OC,TRUE,,-0.87
tylosin,Tylosin (Ì©ÀÖ¾úËØ),REF_TYLOSIN,repository_reference,O59_attached_to_C55,59,55,C,MPM00036,(2S)-2-Hydroxy-2-methyl-3-oxobutanoate,CC(=O)C(C)(O)C(=O)O,1,CC[C@H]1OC(=O)C[C@@H](O)[C@H](C)[C@@H](O[C@@H]2O[C@H](C)[C@@H](O[C@H]3C[C@@](C)(O)[C@@H](O)[C@H](C)O3)[C@H](N(C)C)[C@H]2O)[C@@H](CC=O)C[C@@H](C)C(=O)/C=C/C(C)=C/[C@@H]1CO[C@@H]1O[C@H](C)[C@@H](OC(=O)C(C)(O)C(C)=O)[C@@H](OC)[C@H]1OC,CC[C@H]1OC(=O)C[C@@H](O)[C@H](C)[C@@H](O[C@@H]2O[C@H](C)[C@@H](O[C@H]3C[C@@](C)(O)[C@@H](O)[C@H](C)O3)[C@H](N(C)C)[C@H]2O)[C@@H](CC=O)C[C@@H](C)C(=O)/C=C/C(C)=C/[C@@H]1CO[C@@H]1O[C@H](C)[C@@H](OC(=O)C(C)(O)C(C)=O)[C@@H](OC)[C@H]1OC,TRUE,,-1.542
tylosin,Tylosin (Ì©ÀÖ¾úËØ),REF_TYLOSIN,repository_reference,O59_attached_to_C55,59,55,C,MPM01075,(S)-2-Amino-3-oxobutanoic acid,CC(=O)C(N)C(=O)O,1,CC[C@H]1OC(=O)C[C@@H](O)[C@H](C)[C@@H](O[C@@H]2O[C@H](C)[C@@H](O[C@H]3C[C@@](C)(O)[C@@H](O)[C@H](C)O3)[C@H](N(C)C)[C@H]2O)[C@@H](CC=O)C[C@@H](C)C(=O)/C=C/C(C)=C/[C@@H]1CO[C@@H]1O[C@H](C)[C@@H](OC(=O)C(N)C(C)=O)[C@@H](OC)[C@H]1OC,CC[C@H]1OC(=O)C[C@@H](O)[C@H](C)[C@@H](O[C@@H]2O[C@H](C)[C@@H](O[C@H]3C[C@@](C)(O)[C@@H](O)[C@H](C)O3)[C@H](N(C)C)[C@H]2O)[C@@H](CC=O)C[C@@H](C)C(=O)/C=C/C(C)=C/[C@@H]1CO[C@@H]1O[C@H](C)[C@@H](OC(=O)C(N)C(C)=O)[C@@H](OC)[C@H]1OC,TRUE,,-0.822
tylosin,Tylosin (Ì©ÀÖ¾úËØ),REF_TYLOSIN,repository_reference,O59_attached_to_C55,59,55,C,MPM00419,Acetoacetic acid,CC(=O)CC(=O)O,1,CC[C@H]1OC(=O)C[C@@H](O)[C@H](C)[C@@H](O[C@@H]2O[C@H](C)[C@@H](O[C@H]3C[C@@](C)(O)[C@@H](O)[C@H](C)O3)[C@H](N(C)C)[C@H]2O)[C@@H](CC=O)C[C@@H](C)C(=O)/C=C/C(C)=C/[C@@H]1CO[C@@H]1O[C@H](C)[C@@H](OC(=O)CC(C)=O)[C@@H](OC)[C@H]1OC,CC[C@H]1OC(=O)C[C@@H](O)[C@H](C)[C@@H](O[C@@H]2O[C@H](C)[C@@H](O[C@H]3C[C@@](C)(O)[C@@H](O)[C@H](C)O3)[C@H](N(C)C)[C@H]2O)[C@@H](CC=O)C[C@@H](C)C(=O)/C=C/C(C)=C/[C@@H]1CO[C@@H]1O[C@H](C)[C@@H](OC(=O)CC(C)=O)[C@@H](OC)[C@H]1OC,TRUE,,-0.986
tylosin,Tylosin (Ì©ÀÖ¾úËØ),REF_TYLOSIN,repository_reference,O59_attached_to_C55,59,55,C,MPM00188,2-Acetamido-5-oxopentanoate,CC(=O)NC(CCC=O)C(=O)O,1,CC[C@H]1OC(=O)C[C@@H](O)[C@H](C)[C@@H](O[C@@H]2O[C@H](C)[C@@H](O[C@H]3C[C@@](C)(O)[C@@H](O)[C@H](C)O3)[C@H](N(C)C)[C@H]2O)[C@@H](CC=O)C[C@@H](C)C(=O)/C=C/C(C)=C/[C@@H]1CO[C@@H]1O[C@H](C)[C@@H](OC(=O)C(CCC=O)NC(C)=O)[C@@H](OC)[C@H]1OC,CC[C@H]1OC(=O)C[C@@H](O)[C@H](C)[C@@H](O[C@@H]2O[C@H](C)[C@@H](O[C@H]3C[C@@](C)(O)[C@@H](O)[C@H](C)O3)[C@H](N(C)C)[C@H]2O)[C@@H](CC=O)C[C@@H](C)C(=O)/C=C/C(C)=C/[C@@H]1CO[C@@H]1O[C@H](C)[C@@H](OC(=O)C(CCC=O)NC(C)=O)[C@@H](OC)[C@H]1OC,TRUE,,-1.536
tylosin,Tylosin (Ì©ÀÖ¾úËØ),REF_TYLOSIN,repository_reference,O59_attached_to_C55,59,55,C,MPM01517,N2-Acetyl-L-ornithine,CC(=O)NC(CCCN)C(=O)O,1,CC[C@H]1OC(=O)C[C@@H](O)[C@H](C)[C@@H](O[C@@H]2O[C@H](C)[C@@H](O[C@H]3C[C@@](C)(O)[C@@H](O)[C@H](C)O3)[C@H](N(C)C)[C@H]2O)[C@@H](CC=O)C[C@@H](C)C(=O)/C=C/C(C)=C/[C@@H]1CO[C@@H]1O[C@H](C)[C@@H](OC(=O)C(CCCN)NC(C)=O)[C@@H](OC)[C@H]1OC,CC[C@H]1OC(=O)C[C@@H](O)[C@H](C)[C@@H](O[C@@H]2O[C@H](C)[C@@H](O[C@H]3C[C@@](C)(O)[C@@H](O)[C@H](C)O3)[C@H](N(C)C)[C@H]2O)[C@@H](CC=O)C[C@@H](C)C(=O)/C=C/C(C)=C/[C@@H]1CO[C@@H]1O[C@H](C)[C@@H](OC(=O)C(CCCN)NC(C)=O)[C@@H](OC)[C@H]1OC,TRUE,,-0.853
tylosin,Tylosin (Ì©ÀÖ¾úËØ),REF_TYLOSIN,repository_reference,O59_attached_to_C55,59,55,C,MPM00819,Neu5Ac,CC(=O)NC1C(O)CC(O)(C(=O)O)OC1C(O)C(O)CO,1,CC[C@H]1OC(=O)C[C@@H](O)[C@H](C)[C@@H](O[C@@H]2O[C@H](C)[C@@H](O[C@H]3C[C@@](C)(O)[C@@H](O)[C@H](C)O3)[C@H](N(C)C)[C@H]2O)[C@@H](CC=O)C[C@@H](C)C(=O)/C=C/C(C)=C/[C@@H]1CO[C@@H]1O[C@H](C)[C@@H](OC(=O)C2(O)CC(O)C(NC(C)=O)C(C(O)C(O)CO)O2)[C@@H](OC)[C@H]1OC,CC[C@H]1OC(=O)C[C@@H](O)[C@H](C)[C@@H](O[C@@H]2O[C@H](C)[C@@H](O[C@H]3C[C@@](C)(O)[C@@H](O)[C@H](C)O3)[C@H](N(C)C)[C@H]2O)[C@@H](CC=O)C[C@@H](C)C(=O)/C=C/C(C)=C/[C@@H]1CO[C@@H]1O[C@H](C)[C@@H](OC(=O)C2(O)CC(O)C(NC(C)=O)C(C(O)C(O)CO)O2)[C@@H](OC)[C@H]1OC,TRUE,,-2.33
tylosin,Tylosin (Ì©ÀÖ¾úËØ),REF_TYLOSIN,repository_reference,O59_attached_to_C55,59,55,C,MPM00806,N-Acetyl-D-muramoate,CC(=O)NC1C(O)OC(CO)C(O)C1OC(C)C(=O)O,1,CC[C@H]1OC(=O)C[C@@H](O)[C@H](C)[C@@H](O[C@@H]2O[C@H](C)[C@@H](O[C@H]3C[C@@](C)(O)[C@@H](O)[C@H](C)O3)[C@H](N(C)C)[C@H]2O)[C@@H](CC=O)C[C@@H](C)C(=O)/C=C/C(C)=C/[C@@H]1CO[C@@H]1O[C@H](C)[C@@H](OC(=O)C(C)OC2C(O)C(CO)OC(O)C2NC(C)=O)[C@@H](OC)[C@H]1OC,CC[C@H]1OC(=O)C[C@@H](O)[C@H](C)[C@@H](O[C@@H]2O[C@H](C)[C@@H](O[C@H]3C[C@@](C)(O)[C@@H](O)[C@H](C)O3)[C@H](N(C)C)[C@H]2O)[C@@H](CC=O)C[C@@H](C)C(=O)/C=C/C(C)=C/[C@@H]1CO[C@@H]1O[C@H](C)[C@@H](OC(=O)C(C)OC2C(O)C(CO)OC(O)C2NC(C)=O)[C@@H](OC)[C@H]1OC,TRUE,,-1.97
tylosin,Tylosin (Ì©ÀÖ¾úËØ),REF_TYLOSIN,repository_reference,O59_attached_to_C55,59,55,C,MPM00632,Ethanoic acid,CC(=O)O,1,CC[C@H]1OC(=O)C[C@@H](O)[C@H](C)[C@@H](O[C@@H]2O[C@H](C)[C@@H](O[C@H]3C[C@@](C)(O)[C@@H](O)[C@H](C)O3)[C@H](N(C)C)[C@H]2O)[C@@H](CC=O)C[C@@H](C)C(=O)/C=C/C(C)=C/[C@@H]1CO[C@@H]1O[C@H](C)[C@@H](OC(C)=O)[C@@H](OC)[C@H]1OC,CC[C@H]1OC(=O)C[C@@H](O)[C@H](C)[C@@H](O[C@@H]2O[C@H](C)[C@@H](O[C@H]3C[C@@](C)(O)[C@@H](O)[C@H](C)O3)[C@H](N(C)C)[C@H]2O)[C@@H](CC=O)C[C@@H](C)C(=O)/C=C/C(C)=C/[C@@H]1CO[C@@H]1O[C@H](C)[C@@H](OC(C)=O)[C@@H](OC)[C@H]1OC,TRUE,,-0.918
tylosin,Tylosin (Ì©ÀÖ¾úËØ),REF_TYLOSIN,repository_reference,O59_attached_to_C55,59,55,C,MPM01530,O3-Acetyl-L-serine,CC(=O)OCC(N)C(=O)O,1,CC[C@H]1OC(=O)C[C@@H](O)[C@H](C)[C@@H](O[C@@H]2O[C@H](C)[C@@H](O[C@H]3C[C@@](C)(O)[C@@H](O)[C@H](C)O3)[C@H](N(C)C)[C@H]2O)[C@@H](CC=O)C[C@@H](C)C(=O)/C=C/C(C)=C/[C@@H]1CO[C@@H]1O[C@H](C)[C@@H](OC(=O)C(N)COC(C)=O)[C@@H](OC)[C@H]1OC,CC[C@H]1OC(=O)C[C@@H](O)[C@H](C)[C@@H](O[C@@H]2O[C@H](C)[C@@H](O[C@H]3C[C@@](C)(O)[C@@H](O)[C@H](C)O3)[C@H](N(C)C)[C@H]2O)[C@@H](CC=O)C[C@@H](C)C(=O)/C=C/C(C)=C/[C@@H]1CO[C@@H]1O[C@H](C)[C@@H](OC(=O)C(N)COC(C)=O)[C@@H](OC)[C@H]1OC,TRUE,,-0.679
tylosin,Tylosin (Ì©ÀÖ¾úËØ),REF_TYLOSIN,repository_reference,O59_attached_to_C55,59,55,C,MPM01531,O-Acetylhomoserine,CC(=O)OCCC(N)C(=O)O,1,CC[C@H]1OC(=O)C[C@@H](O)[C@H](C)[C@@H](O[C@@H]2O[C@H](C)[C@@H](O[C@H]3C[C@@](C)(O)[C@@H](O)[C@H](C)O3)[C@H](N(C)C)[C@H]2O)[C@@H](CC=O)C[C@@H](C)C(=O)/C=C/C(C)=C/[C@@H]1CO[C@@H]1O[C@H](C)[C@@H](OC(=O)C(N)CCOC(C)=O)[C@@H](OC)[C@H]1OC,CC[C@H]1OC(=O)C[C@@H](O)[C@H](C)[C@@H](O[C@@H]2O[C@H](C)[C@@H](O[C@H]3C[C@@](C)(O)[C@@H](O)[C@H](C)O3)[C@H](N(C)C)[C@H]2O)[C@@H](CC=O)C[C@@H](C)C(=O)/C=C/C(C)=C/[C@@H]1CO[C@@H]1O[C@H](C)[C@@H](OC(=O)C(N)CCOC(C)=O)[C@@H](OC)[C@H]1OC,TRUE,,-0.87
tylosin,Tylosin (Ì©ÀÖ¾úËØ),REF_TYLOSIN,repository_reference,O59_attached_to_C55,59,55,C,MPM00396,6-Acetylthiohexanoic acid,CC(=O)SCCCCCC(=O)O,1,CC[C@H]1OC(=O)C[C@@H](O)[C@H](C)[C@@H](O[C@@H]2O[C@H](C)[C@@H](O[C@H]3C[C@@](C)(O)[C@@H](O)[C@H](C)O3)[C@H](N(C)C)[C@H]2O)[C@@H](CC=O)C[C@@H](C)C(=O)/C=C/C(C)=C/[C@@H]1CO[C@@H]1O[C@H](C)[C@@H](OC(=O)CCCCCSC(C)=O)[C@@H](OC)[C@H]1OC,CC[C@H]1OC(=O)C[C@@H](O)[C@H](C)[C@@H](O[C@@H]2O[C@H](C)[C@@H](O[C@H]3C[C@@](C)(O)[C@@H](O)[C@H](C)O3)[C@H](N(C)C)[C@H]2O)[C@@H](CC=O)C[C@@H](C)C(=O)/C=C/C(C)=C/[C@@H]1CO[C@@H]1O[C@H](C)[C@@H](OC(=O)CCCCCSC(C)=O)[C@@H](OC)[C@H]1OC,TRUE,,-1.906
tylosin,Tylosin (Ì©ÀÖ¾úËØ),REF_TYLOSIN,repository_reference,O59_attached_to_C55,59,55,C,MPM00215,2-Dehydropantoate,CC(C)(CO)C(=O)C(=O)O,1,CC[C@H]1OC(=O)C[C@@H](O)[C@H](C)[C@@H](O[C@@H]2O[C@H](C)[C@@H](O[C@H]3C[C@@](C)(O)[C@@H](O)[C@H](C)O3)[C@H](N(C)C)[C@H]2O)[C@@H](CC=O)C[C@@H](C)C(=O)/C=C/C(C)=C/[C@@H]1CO[C@@H]1O[C@H](C)[C@@H](OC(=O)C(=O)C(C)(C)CO)[C@@H](OC)[C@H]1OC,CC[C@H]1OC(=O)C[C@@H](O)[C@H](C)[C@@H](O[C@@H]2O[C@H](C)[C@@H](O[C@H]3C[C@@](C)(O)[C@@H](O)[C@H](C)O3)[C@H](N(C)C)[C@H]2O)[C@@H](CC=O)C[C@@H](C)C(=O)/C=C/C(C)=C/[C@@H]1CO[C@@H]1O[C@H](C)[C@@H](OC(=O)C(=O)C(C)(C)CO)[C@@H](OC)[C@H]1OC,TRUE,,-0.75
tylosin,Tylosin (Ì©ÀÖ¾úËØ),REF_TYLOSIN,repository_reference,O59_attached_to_C55,59,55,C,MPM00831,N-Pantothenoylcysteine,CC(C)(CO)C(O)C(=O)NCCC(=O)NC(CS)C(=O)O,1,CC[C@H]1OC(=O)C[C@@H](O)[C@H](C)[C@@H](O[C@@H]2O[C@H](C)[C@@H](O[C@H]3C[C@@](C)(O)[C@@H](O)[C@H](C)O3)[C@H](N(C)C)[C@H]2O)[C@@H](CC=O)C[C@@H](C)C(=O)/C=C/C(C)=C/[C@@H]1CO[C@@H]1O[C@H](C)[C@@H](OC(=O)C(CS)NC(=O)CCNC(=O)C(O)C(C)(C)CO)[C@@H](OC)[C@H]1OC,CC[C@H]1OC(=O)C[C@@H](O)[C@H](C)[C@@H](O[C@@H]2O[C@H](C)[C@@H](O[C@H]3C[C@@](C)(O)[C@@H](O)[C@H](C)O3)[C@H](N(C)C)[C@H]2O)[C@@H](CC=O)C[C@@H](C)C(=O)/C=C/C(C)=C/[C@@H]1CO[C@@H]1O[C@H](C)[C@@H](OC(=O)C(CS)NC(=O)CCNC(=O)C(O)C(C)(C)CO)[C@@H](OC)[C@H]1OC,TRUE,,-2.729
tylosin,Tylosin (Ì©ÀÖ¾úËØ),REF_TYLOSIN,repository_reference,O59_attached_to_C55,59,55,C,MPM00087,(R)-Pantothenate,CC(C)(CO)C(O)C(=O)NCCC(=O)O,1,CC[C@H]1OC(=O)C[C@@H](O)[C@H](C)[C@@H](O[C@@H]2O[C@H](C)[C@@H](O[C@H]3C[C@@](C)(O)[C@@H](O)[C@H](C)O3)[C@H](N(C)C)[C@H]2O)[C@@H](CC=O)C[C@@H](C)C(=O)/C=C/C(C)=C/[C@@H]1CO[C@@H]1O[C@H](C)[C@@H](OC(=O)CCNC(=O)C(O)C(C)(C)CO)[C@@H](OC)[C@H]1OC,CC[C@H]1OC(=O)C[C@@H](O)[C@H](C)[C@@H](O[C@@H]2O[C@H](C)[C@@H](O[C@H]3C[C@@](C)(O)[C@@H](O)[C@H](C)O3)[C@H](N(C)C)[C@H]2O)[C@@H](CC=O)C[C@@H](C)C(=O)/C=C/C(C)=C/[C@@H]1CO[C@@H]1O[C@H](C)[C@@H](OC(=O)CCNC(=O)C(O)C(C)(C)CO)[C@@H](OC)[C@H]1OC,TRUE,,-1.152
tylosin,Tylosin (Ì©ÀÖ¾úËØ),REF_TYLOSIN,repository_reference,O59_attached_to_C55,59,55,C,MPM00080,(R)-4'-Phosphopantothenate,CC(C)(COP(=O)(O)O)C(O)C(=O)NCCC(=O)O,1,CC[C@H]1OC(=O)C[C@@H](O)[C@H](C)[C@@H](O[C@@H]2O[C@H](C)[C@@H](O[C@H]3C[C@@](C)(O)[C@@H](O)[C@H](C)O3)[C@H](N(C)C)[C@H]2O)[C@@H](CC=O)C[C@@H](C)C(=O)/C=C/C(C)=C/[C@@H]1CO[C@@H]1O[C@H](C)[C@@H](OC(=O)CCNC(=O)C(O)C(C)(C)COP(=O)(O)O)[C@@H](OC)[C@H]1OC,CC[C@H]1OC(=O)C[C@@H](O)[C@H](C)[C@@H](O[C@@H]2O[C@H](C)[C@@H](O[C@H]3C[C@@](C)(O)[C@@H](O)[C@H](C)O3)[C@H](N(C)C)[C@H]2O)[C@@H](CC=O)C[C@@H](C)C(=O)/C=C/C(C)=C/[C@@H]1CO[C@@H]1O[C@H](C)[C@@H](OC(=O)CCNC(=O)C(O)C(C)(C)COP(=O)(O)O)[C@@H](OC)[C@H]1OC,TRUE,,-1.557
tylosin,Tylosin (Ì©ÀÖ¾úËØ),REF_TYLOSIN,repository_reference,O59_attached_to_C55,59,55,C,MPM00026,"(2R)-2,3-Dihydroxy-3-methylbutanoate",CC(C)(O)C(O)C(=O)O,1,CC[C@H]1OC(=O)C[C@@H](O)[C@H](C)[C@@H](O[C@@H]2O[C@H](C)[C@@H](O[C@H]3C[C@@](C)(O)[C@@H](O)[C@H](C)O3)[C@H](N(C)C)[C@H]2O)[C@@H](CC=O)C[C@@H](C)C(=O)/C=C/C(C)=C/[C@@H]1CO[C@@H]1O[C@H](C)[C@@H](OC(=O)C(O)C(C)(C)O)[C@@H](OC)[C@H]1OC,CC[C@H]1OC(=O)C[C@@H](O)[C@H](C)[C@@H](O[C@@H]2O[C@H](C)[C@@H](O[C@H]3C[C@@](C)(O)[C@@H](O)[C@H](C)O3)[C@H](N(C)C)[C@H]2O)[C@@H](CC=O)C[C@@H](C)C(=O)/C=C/C(C)=C/[C@@H]1CO[C@@H]1O[C@H](C)[C@@H](OC(=O)C(O)C(C)(C)O)[C@@H](OC)[C@H]1OC,TRUE,,-1.283
tylosin,Tylosin (Ì©ÀÖ¾úËØ),REF_TYLOSIN,repository_reference,O59_attached_to_C55,59,55,C,MPM00242,2-Keto-3-methylbutyric acid,CC(C)C(=O)C(=O)O,1,CC[C@H]1OC(=O)C[C@@H](O)[C@H](C)[C@@H](O[C@@H]2O[C@H](C)[C@@H](O[C@H]3C[C@@](C)(O)[C@@H](O)[C@H](C)O3)[C@H](N(C)C)[C@H]2O)[C@@H](CC=O)C[C@@H](C)C(=O)/C=C/C(C)=C/[C@@H]1CO[C@@H]1O[C@H](C)[C@@H](OC(=O)C(=O)C(C)C)[C@@H](OC)[C@H]1OC,CC[C@H]1OC(=O)C[C@@H](O)[C@H](C)[C@@H](O[C@@H]2O[C@H](C)[C@@H](O[C@H]3C[C@@](C)(O)[C@@H](O)[C@H](C)O3)[C@H](N(C)C)[C@H]2O)[C@@H](CC=O)C[C@@H](C)C(=O)/C=C/C(C)=C/[C@@H]1CO[C@@H]1O[C@H](C)[C@@H](OC(=O)C(=O)C(C)C)[C@@H](OC)[C@H]1OC,TRUE,,-0.934
tylosin,Tylosin (Ì©ÀÖ¾úËØ),REF_TYLOSIN,repository_reference,O59_attached_to_C55,59,55,C,MPM00716,Isobutyrate,CC(C)C(=O)O,1,CC[C@H]1OC(=O)C[C@@H](O)[C@H](C)[C@@H](O[C@@H]2O[C@H](C)[C@@H](O[C@H]3C[C@@](C)(O)[C@@H](O)[C@H](C)O3)[C@H](N(C)C)[C@H]2O)[C@@H](CC=O)C[C@@H](C)C(=O)/C=C/C(C)=C/[C@@H]1CO[C@@H]1O[C@H](C)[C@@H](OC(=O)C(C)C)[C@@H](OC)[C@H]1OC,CC[C@H]1OC(=O)C[C@@H](O)[C@H](C)[C@@H](O[C@@H]2O[C@H](C)[C@@H](O[C@H]3C[C@@](C)(O)[C@@H](O)[C@H](C)O3)[C@H](N(C)C)[C@H]2O)[C@@H](CC=O)C[C@@H](C)C(=O)/C=C/C(C)=C/[C@@H]1CO[C@@H]1O[C@H](C)[C@@H](OC(=O)C(C)C)[C@@H](OC)[C@H]1OC,TRUE,,-0.993
tylosin,Tylosin (Ì©ÀÖ¾úËØ),REF_TYLOSIN,repository_reference,O59_attached_to_C55,59,55,C,MPM01137,2-Amino-3-methylbutyric acid,CC(C)C(N)C(=O)O,1,CC[C@H]1OC(=O)C[C@@H](O)[C@H](C)[C@@H](O[C@@H]2O[C@H](C)[C@@H](O[C@H]3C[C@@](C)(O)[C@@H](O)[C@H](C)O3)[C@H](N(C)C)[C@H]2O)[C@@H](CC=O)C[C@@H](C)C(=O)/C=C/C(C)=C/[C@@H]1CO[C@@H]1O[C@H](C)[C@@H](OC(=O)C(N)C(C)C)[C@@H](OC)[C@H]1OC,CC[C@H]1OC(=O)C[C@@H](O)[C@H](C)[C@@H](O[C@@H]2O[C@H](C)[C@@H](O[C@H]3C[C@@](C)(O)[C@@H](O)[C@H](C)O3)[C@H](N(C)C)[C@H]2O)[C@@H](CC=O)C[C@@H](C)C(=O)/C=C/C(C)=C/[C@@H]1CO[C@@H]1O[C@H](C)[C@@H](OC(=O)C(N)C(C)C)[C@@H](OC)[C@H]1OC,TRUE,,-0.962
tylosin,Tylosin (Ì©ÀÖ¾úËØ),REF_TYLOSIN,repository_reference,O59_attached_to_C55,59,55,C,MPM00260,2-Oxoisocaproate,CC(C)CC(=O)C(=O)O,1,CC[C@H]1OC(=O)C[C@@H](O)[C@H](C)[C@@H](O[C@@H]2O[C@H](C)[C@@H](O[C@H]3C[C@@](C)(O)[C@@H](O)[C@H](C)O3)[C@H](N(C)C)[C@H]2O)[C@@H](CC=O)C[C@@H](C)C(=O)/C=C/C(C)=C/[C@@H]1CO[C@@H]1O[C@H](C)[C@@H](OC(=O)C(=O)CC(C)C)[C@@H](OC)[C@H]1OC,CC[C@H]1OC(=O)C[C@@H](O)[C@H](C)[C@@H](O[C@@H]2O[C@H](C)[C@@H](O[C@H]3C[C@@](C)(O)[C@@H](O)[C@H](C)O3)[C@H](N(C)C)[C@H]2O)[C@@H](CC=O)C[C@@H](C)C(=O)/C=C/C(C)=C/[C@@H]1CO[C@@H]1O[C@H](C)[C@@H](OC(=O)C(=O)CC(C)C)[C@@H](OC)[C@H]1OC,TRUE,,-1.166
tylosin,Tylosin (Ì©ÀÖ¾úËØ),REF_TYLOSIN,repository_reference,O59_attached_to_C55,59,55,C,MPM00720,Isovalerate,CC(C)CC(=O)O,1,CC[C@H]1OC(=O)C[C@@H](O)[C@H](C)[C@@H](O[C@@H]2O[C@H](C)[C@@H](O[C@H]3C[C@@](C)(O)[C@@H](O)[C@H](C)O3)[C@H](N(C)C)[C@H]2O)[C@@H](CC=O)C[C@@H](C)C(=O)/C=C/C(C)=C/[C@@H]1CO[C@@H]1O[C@H](C)[C@@H](OC(=O)CC(C)C)[C@@H](OC)[C@H]1OC,CC[C@H]1OC(=O)C[C@@H](O)[C@H](C)[C@@H](O[C@@H]2O[C@H](C)[C@@H](O[C@H]3C[C@@](C)(O)[C@@H](O)[C@H](C)O3)[C@H](N(C)C)[C@H]2O)[C@@H](CC=O)C[C@@H](C)C(=O)/C=C/C(C)=C/[C@@H]1CO[C@@H]1O[C@H](C)[C@@H](OC(=O)CC(C)C)[C@@H](OC)[C@H]1OC,TRUE,,-1.226
tylosin,Tylosin (Ì©ÀÖ¾úËØ),REF_TYLOSIN,repository_reference,O59_attached_to_C55,59,55,C,MPM01055,(2S)-alpha-Leucine,CC(C)CC(N)C(=O)O,1,CC[C@H]1OC(=O)C[C@@H](O)[C@H](C)[C@@H](O[C@@H]2O[C@H](C)[C@@H](O[C@H]3C[C@@](C)(O)[C@@H](O)[C@H](C)O3)[C@H](N(C)C)[C@H]2O)[C@@H](CC=O)C[C@@H](C)C(=O)/C=C/C(C)=C/[C@@H]1CO[C@@H]1O[C@H](C)[C@@H](OC(=O)C(N)CC(C)C)[C@@H](OC)[C@H]1OC,CC[C@H]1OC(=O)C[C@@H](O)[C@H](C)[C@@H](O[C@@H]2O[C@H](C)[C@@H](O[C@H]3C[C@@](C)(O)[C@@H](O)[C@H](C)O3)[C@H](N(C)C)[C@H]2O)[C@@H](CC=O)C[C@@H](C)C(=O)/C=C/C(C)=C/[C@@H]1CO[C@@H]1O[C@H](C)[C@@H](OC(=O)C(N)CC(C)C)[C@@H](OC)[C@H]1OC,TRUE,,-1.047
tylosin,Tylosin (Ì©ÀÖ¾úËØ),REF_TYLOSIN,repository_reference,O59_attached_to_C55,59,55,C,MPM00737,l-Alanyl-l-leucine,CC(C)CC(NC(=O)C(C)N)C(=O)O,1,CC[C@H]1OC(=O)C[C@@H](O)[C@H](C)[C@@H](O[C@@H]2O[C@H](C)[C@@H](O[C@H]3C[C@@](C)(O)[C@@H](O)[C@H](C)O3)[C@H](N(C)C)[C@H]2O)[C@@H](CC=O)C[C@@H](C)C(=O)/C=C/C(C)=C/[C@@H]1CO[C@@H]1O[C@H](C)[C@@H](OC(=O)C(CC(C)C)NC(=O)C(C)N)[C@@H](OC)[C@H]1OC,CC[C@H]1OC(=O)C[C@@H](O)[C@H](C)[C@@H](O[C@@H]2O[C@H](C)[C@@H](O[C@H]3C[C@@](C)(O)[C@@H](O)[C@H](C)O3)[C@H](N(C)C)[C@H]2O)[C@@H](CC=O)C[C@@H](C)C(=O)/C=C/C(C)=C/[C@@H]1CO[C@@H]1O[C@H](C)[C@@H](OC(=O)C(CC(C)C)NC(=O)C(C)N)[C@@H](OC)[C@H]1OC,TRUE,,-1.201
tylosin,Tylosin (Ì©ÀÖ¾úËØ),REF_TYLOSIN,repository_reference,O59_attached_to_C55,59,55,C,MPM00675,Glycyl-L-leucine,CC(C)CC(NC(=O)CN)C(=O)O,1,CC[C@H]1OC(=O)C[C@@H](O)[C@H](C)[C@@H](O[C@@H]2O[C@H](C)[C@@H](O[C@H]3C[C@@](C)(O)[C@@H](O)[C@H](C)O3)[C@H](N(C)C)[C@H]2O)[C@@H](CC=O)C[C@@H](C)C(=O)/C=C/C(C)=C/[C@@H]1CO[C@@H]1O[C@H](C)[C@@H](OC(=O)C(CC(C)C)NC(=O)CN)[C@@H](OC)[C@H]1OC,CC[C@H]1OC(=O)C[C@@H](O)[C@H](C)[C@@H](O[C@@H]2O[C@H](C)[C@@H](O[C@H]3C[C@@](C)(O)[C@@H](O)[C@H](C)O3)[C@H](N(C)C)[C@H]2O)[C@@H](CC=O)C[C@@H](C)C(=O)/C=C/C(C)=C/[C@@H]1CO[C@@H]1O[C@H](C)[C@@H](OC(=O)C(CC(C)C)NC(=O)CN)[C@@H](OC)[C@H]1OC,TRUE,,-0.824
tylosin,Tylosin (Ì©ÀÖ¾úËØ),REF_TYLOSIN,repository_reference,O59_attached_to_C55,59,55,C,MPM00108,(S)-methylmalonate semialdehyde,CC(C=O)C(=O)O,1,CC[C@H]1OC(=O)C[C@@H](O)[C@H](C)[C@@H](O[C@@H]2O[C@H](C)[C@@H](O[C@H]3C[C@@](C)(O)[C@@H](O)[C@H](C)O3)[C@H](N(C)C)[C@H]2O)[C@@H](CC=O)C[C@@H](C)C(=O)/C=C/C(C)=C/[C@@H]1CO[C@@H]1O[C@H](C)[C@@H](OC(=O)C(C)C=O)[C@@H](OC)[C@H]1OC,CC[C@H]1OC(=O)C[C@@H](O)[C@H](C)[C@@H](O[C@@H]2O[C@H](C)[C@@H](O[C@H]3C[C@@](C)(O)[C@@H](O)[C@H](C)O3)[C@H](N(C)C)[C@H]2O)[C@@H](CC=O)C[C@@H](C)C(=O)/C=C/C(C)=C/[C@@H]1CO[C@@H]1O[C@H](C)[C@@H](OC(=O)C(C)C=O)[C@@H](OC)[C@H]1OC,TRUE,,-1.144
tylosin,Tylosin (Ì©ÀÖ¾úËØ),REF_TYLOSIN,repository_reference,O59_attached_to_C55,59,55,C,MPM01359,D-Ala-D-Ala,CC(N)C(=O)NC(C)C(=O)O,1,CC[C@H]1OC(=O)C[C@@H](O)[C@H](C)[C@@H](O[C@@H]2O[C@H](C)[C@@H](O[C@H]3C[C@@](C)(O)[C@@H](O)[C@H](C)O3)[C@H](N(C)C)[C@H]2O)[C@@H](CC=O)C[C@@H](C)C(=O)/C=C/C(C)=C/[C@@H]1CO[C@@H]1O[C@H](C)[C@@H](OC(=O)C(C)NC(=O)C(C)N)[C@@H](OC)[C@H]1OC,CC[C@H]1OC(=O)C[C@@H](O)[C@H](C)[C@@H](O[C@@H]2O[C@H](C)[C@@H](O[C@H]3C[C@@](C)(O)[C@@H](O)[C@H](C)O3)[C@H](N(C)C)[C@H]2O)[C@@H](CC=O)C[C@@H](C)C(=O)/C=C/C(C)=C/[C@@H]1CO[C@@H]1O[C@H](C)[C@@H](OC(=O)C(C)NC(=O)C(C)N)[C@@H](OC)[C@H]1OC,TRUE,,-0.754
tylosin,Tylosin (Ì©ÀÖ¾úËØ),REF_TYLOSIN,repository_reference,O59_attached_to_C55,59,55,C,MPM00736,l-Alanyl-l-glutamine,CC(N)C(=O)NC(CCC(N)=O)C(=O)O,1,CC[C@H]1OC(=O)C[C@@H](O)[C@H](C)[C@@H](O[C@@H]2O[C@H](C)[C@@H](O[C@H]3C[C@@](C)(O)[C@@H](O)[C@H](C)O3)[C@H](N(C)C)[C@H]2O)[C@@H](CC=O)C[C@@H](C)C(=O)/C=C/C(C)=C/[C@@H]1CO[C@@H]1O[C@H](C)[C@@H](OC(=O)C(CCC(N)=O)NC(=O)C(C)N)[C@@H](OC)[C@H]1OC,CC[C@H]1OC(=O)C[C@@H](O)[C@H](C)[C@@H](O[C@@H]2O[C@H](C)[C@@H](O[C@H]3C[C@@](C)(O)[C@@H](O)[C@H](C)O3)[C@H](N(C)C)[C@H]2O)[C@@H](CC=O)C[C@@H](C)C(=O)/C=C/C(C)=C/[C@@H]1CO[C@@H]1O[C@H](C)[C@@H](OC(=O)C(CCC(N)=O)NC(=O)C(C)N)[C@@H](OC)[C@H]1OC,TRUE,,-0.737
tylosin,Tylosin (Ì©ÀÖ¾úËØ),REF_TYLOSIN,repository_reference,O59_attached_to_C55,59,55,C,MPM00440,Ala-His,CC(N)C(=O)NC(Cc1cnc[nH]1)C(=O)O,1,CC[C@H]1OC(=O)C[C@@H](O)[C@H](C)[C@@H](O[C@@H]2O[C@H](C)[C@@H](O[C@H]3C[C@@](C)(O)[C@@H](O)[C@H](C)O3)[C@H](N(C)C)[C@H]2O)[C@@H](CC=O)C[C@@H](C)C(=O)/C=C/C(C)=C/[C@@H]1CO[C@@H]1O[C@H](C)[C@@H](OC(=O)C(Cc2cnc[nH]2)NC(=O)C(C)N)[C@@H](OC)[C@H]1OC,CC[C@H]1OC(=O)C[C@@H](O)[C@H](C)[C@@H](O[C@@H]2O[C@H](C)[C@@H](O[C@H]3C[C@@](C)(O)[C@@H](O)[C@H](C)O3)[C@H](N(C)C)[C@H]2O)[C@@H](CC=O)C[C@@H](C)C(=O)/C=C/C(C)=C/[C@@H]1CO[C@@H]1O[C@H](C)[C@@H](OC(=O)C(Cc2cnc[nH]2)NC(=O)C(C)N)[C@@H](OC)[C@H]1OC,TRUE,,-1
tylosin,Tylosin (Ì©ÀÖ¾úËØ),REF_TYLOSIN,repository_reference,O59_attached_to_C55,59,55,C,MPM00441,Alanylglycine,CC(N)C(=O)NCC(=O)O,1,CC[C@H]1OC(=O)C[C@@H](O)[C@H](C)[C@@H](O[C@@H]2O[C@H](C)[C@@H](O[C@H]3C[C@@](C)(O)[C@@H](O)[C@H](C)O3)[C@H](N(C)C)[C@H]2O)[C@@H](CC=O)C[C@@H](C)C(=O)/C=C/C(C)=C/[C@@H]1CO[C@@H]1O[C@H](C)[C@@H](OC(=O)CNC(=O)C(C)N)[C@@H](OC)[C@H]1OC,CC[C@H]1OC(=O)C[C@@H](O)[C@H](C)[C@@H](O[C@@H]2O[C@H](C)[C@@H](O[C@H]3C[C@@](C)(O)[C@@H](O)[C@H](C)O3)[C@H](N(C)C)[C@H]2O)[C@@H](CC=O)C[C@@H](C)C(=O)/C=C/C(C)=C/[C@@H]1CO[C@@H]1O[C@H](C)[C@@H](OC(=O)CNC(=O)C(C)N)[C@@H](OC)[C@H]1OC,TRUE,,-0.565
tylosin,Tylosin (Ì©ÀÖ¾úËØ),REF_TYLOSIN,repository_reference,O59_attached_to_C55,59,55,C,MPM01358,D-Ala,CC(N)C(=O)O,1,CC[C@H]1OC(=O)C[C@@H](O)[C@H](C)[C@@H](O[C@@H]2O[C@H](C)[C@@H](O[C@H]3C[C@@](C)(O)[C@@H](O)[C@H](C)O3)[C@H](N(C)C)[C@H]2O)[C@@H](CC=O)C[C@@H](C)C(=O)/C=C/C(C)=C/[C@@H]1CO[C@@H]1O[C@H](C)[C@@H](OC(=O)C(C)N)[C@@H](OC)[C@H]1OC,CC[C@H]1OC(=O)C[C@@H](O)[C@H](C)[C@@H](O[C@@H]2O[C@H](C)[C@@H](O[C@H]3C[C@@](C)(O)[C@@H](O)[C@H](C)O3)[C@H](N(C)C)[C@H]2O)[C@@H](CC=O)C[C@@H](C)C(=O)/C=C/C(C)=C/[C@@H]1CO[C@@H]1O[C@H](C)[C@@H](OC(=O)C(C)N)[C@@H](OC)[C@H]1OC,TRUE,,-0.594
tylosin,Tylosin (Ì©ÀÖ¾úËØ),REF_TYLOSIN,repository_reference,O59_attached_to_C55,59,55,C,MPM00548,DAPA,CC(N)C(N)CCCCCC(=O)O,1,CC[C@H]1OC(=O)C[C@@H](O)[C@H](C)[C@@H](O[C@@H]2O[C@H](C)[C@@H](O[C@H]3C[C@@](C)(O)[C@@H](O)[C@H](C)O3)[C@H](N(C)C)[C@H]2O)[C@@H](CC=O)C[C@@H](C)C(=O)/C=C/C(C)=C/[C@@H]1CO[C@@H]1O[C@H](C)[C@@H](OC(=O)CCCCCC(N)C(C)N)[C@@H](OC)[C@H]1OC,CC[C@H]1OC(=O)C[C@@H](O)[C@H](C)[C@@H](O[C@@H]2O[C@H](C)[C@@H](O[C@H]3C[C@@](C)(O)[C@@H](O)[C@H](C)O3)[C@H](N(C)C)[C@H]2O)[C@@H](CC=O)C[C@@H](C)C(=O)/C=C/C(C)=C/[C@@H]1CO[C@@H]1O[C@H](C)[C@@H](OC(=O)CCCCCC(N)C(C)N)[C@@H](OC)[C@H]1OC,TRUE,,-1.121
tylosin,Tylosin (Ì©ÀÖ¾úËØ),REF_TYLOSIN,repository_reference,O59_attached_to_C55,59,55,C,MPM00031,"(2R,4S)-2,4-diaminopentanoic acid",CC(N)CC(N)C(=O)O,1,CC[C@H]1OC(=O)C[C@@H](O)[C@H](C)[C@@H](O[C@@H]2O[C@H](C)[C@@H](O[C@H]3C[C@@](C)(O)[C@@H](O)[C@H](C)O3)[C@H](N(C)C)[C@H]2O)[C@@H](CC=O)C[C@@H](C)C(=O)/C=C/C(C)=C/[C@@H]1CO[C@@H]1O[C@H](C)[C@@H](OC(=O)C(N)CC(C)N)[C@@H](OC)[C@H]1OC,CC[C@H]1OC(=O)C[C@@H](O)[C@H](C)[C@@H](O[C@@H]2O[C@H](C)[C@@H](O[C@H]3C[C@@](C)(O)[C@@H](O)[C@H](C)O3)[C@H](N(C)C)[C@H]2O)[C@@H](CC=O)C[C@@H](C)C(=O)/C=C/C(C)=C/[C@@H]1CO[C@@H]1O[C@H](C)[C@@H](OC(=O)C(N)CC(C)N)[C@@H](OC)[C@H]1OC,TRUE,,-0.673
tylosin,Tylosin (Ì©ÀÖ¾úËØ),REF_TYLOSIN,repository_reference,O59_attached_to_C55,59,55,C,MPM00051,"(3S,5S)-3,5-diaminohexanoic acid",CC(N)CC(N)CC(=O)O,1,CC[C@H]1OC(=O)C[C@@H](O)[C@H](C)[C@@H](O[C@@H]2O[C@H](C)[C@@H](O[C@H]3C[C@@](C)(O)[C@@H](O)[C@H](C)O3)[C@H](N(C)C)[C@H]2O)[C@@H](CC=O)C[C@@H](C)C(=O)/C=C/C(C)=C/[C@@H]1CO[C@@H]1O[C@H](C)[C@@H](OC(=O)CC(N)CC(C)N)[C@@H](OC)[C@H]1OC,CC[C@H]1OC(=O)C[C@@H](O)[C@H](C)[C@@H](O[C@@H]2O[C@H](C)[C@@H](O[C@H]3C[C@@](C)(O)[C@@H](O)[C@H](C)O3)[C@H](N(C)C)[C@H]2O)[C@@H](CC=O)C[C@@H](C)C(=O)/C=C/C(C)=C/[C@@H]1CO[C@@H]1O[C@H](C)[C@@H](OC(=O)CC(N)CC(C)N)[C@@H](OC)[C@H]1OC,TRUE,,-0.933
tylosin,Tylosin (Ì©ÀÖ¾úËØ),REF_TYLOSIN,repository_reference,O59_attached_to_C55,59,55,C,MPM00083,(R)-mevalonate,CC(O)(CCO)CC(=O)O,1,CC[C@H]1OC(=O)C[C@@H](O)[C@H](C)[C@@H](O[C@@H]2O[C@H](C)[C@@H](O[C@H]3C[C@@](C)(O)[C@@H](O)[C@H](C)O3)[C@H](N(C)C)[C@H]2O)[C@@H](CC=O)C[C@@H](C)C(=O)/C=C/C(C)=C/[C@@H]1CO[C@@H]1O[C@H](C)[C@@H](OC(=O)CC(C)(O)CCO)[C@@H](OC)[C@H]1OC,CC[C@H]1OC(=O)C[C@@H](O)[C@H](C)[C@@H](O[C@@H]2O[C@H](C)[C@@H](O[C@H]3C[C@@](C)(O)[C@@H](O)[C@H](C)O3)[C@H](N(C)C)[C@H]2O)[C@@H](CC=O)C[C@@H](C)C(=O)/C=C/C(C)=C/[C@@H]1CO[C@@H]1O[C@H](C)[C@@H](OC(=O)CC(C)(O)CCO)[C@@H](OC)[C@H]1OC,TRUE,,-1.365
tylosin,Tylosin (Ì©ÀÖ¾úËØ),REF_TYLOSIN,repository_reference,O59_attached_to_C55,59,55,C,MPM00081,(R)-5-Diphosphomevalonate,CC(O)(CCOP(=O)(O)OP(=O)(O)O)CC(=O)O,1,CC[C@H]1OC(=O)C[C@@H](O)[C@H](C)[C@@H](O[C@@H]2O[C@H](C)[C@@H](O[C@H]3C[C@@](C)(O)[C@@H](O)[C@H](C)O3)[C@H](N(C)C)[C@H]2O)[C@@H](CC=O)C[C@@H](C)C(=O)/C=C/C(C)=C/[C@@H]1CO[C@@H]1O[C@H](C)[C@@H](OC(=O)CC(C)(O)CCOP(=O)(O)OP(=O)(O)O)[C@@H](OC)[C@H]1OC,CC[C@H]1OC(=O)C[C@@H](O)[C@H](C)[C@@H](O[C@@H]2O[C@H](C)[C@@H](O[C@H]3C[C@@](C)(O)[C@@H](O)[C@H](C)O3)[C@H](N(C)C)[C@H]2O)[C@@H](CC=O)C[C@@H](C)C(=O)/C=C/C(C)=C/[C@@H]1CO[C@@H]1O[C@H](C)[C@@H](OC(=O)CC(C)(O)CCOP(=O)(O)OP(=O)(O)O)[C@@H](OC)[C@H]1OC,TRUE,,-2.255
tylosin,Tylosin (Ì©ÀÖ¾úËØ),REF_TYLOSIN,repository_reference,O59_attached_to_C55,59,55,C,MPM00543,D-2-Hydroxypropionic acid,CC(O)C(=O)O,1,CC[C@H]1OC(=O)C[C@@H](O)[C@H](C)[C@@H](O[C@@H]2O[C@H](C)[C@@H](O[C@H]3C[C@@](C)(O)[C@@H](O)[C@H](C)O3)[C@H](N(C)C)[C@H]2O)[C@@H](CC=O)C[C@@H](C)C(=O)/C=C/C(C)=C/[C@@H]1CO[C@@H]1O[C@H](C)[C@@H](OC(=O)C(C)O)[C@@H](OC)[C@H]1OC,CC[C@H]1OC(=O)C[C@@H](O)[C@H](C)[C@@H](O[C@@H]2O[C@H](C)[C@@H](O[C@H]3C[C@@](C)(O)[C@@H](O)[C@H](C)O3)[C@H](N(C)C)[C@H]2O)[C@@H](CC=O)C[C@@H](C)C(=O)/C=C/C(C)=C/[C@@H]1CO[C@@H]1O[C@H](C)[C@@H](OC(=O)C(C)O)[C@@H](OC)[C@H]1OC,TRUE,,-0.896
tylosin,Tylosin (Ì©ÀÖ¾úËØ),REF_TYLOSIN,repository_reference,O59_attached_to_C55,59,55,C,MPM01136,2-Amino-3-hydroxybutyric acid,CC(O)C(N)C(=O)O,1,CC[C@H]1OC(=O)C[C@@H](O)[C@H](C)[C@@H](O[C@@H]2O[C@H](C)[C@@H](O[C@H]3C[C@@](C)(O)[C@@H](O)[C@H](C)O3)[C@H](N(C)C)[C@H]2O)[C@@H](CC=O)C[C@@H](C)C(=O)/C=C/C(C)=C/[C@@H]1CO[C@@H]1O[C@H](C)[C@@H](OC(=O)C(N)C(C)O)[C@@H](OC)[C@H]1OC,CC[C@H]1OC(=O)C[C@@H](O)[C@H](C)[C@@H](O[C@@H]2O[C@H](C)[C@@H](O[C@H]3C[C@@](C)(O)[C@@H](O)[C@H](C)O3)[C@H](N(C)C)[C@H]2O)[C@@H](CC=O)C[C@@H](C)C(=O)/C=C/C(C)=C/[C@@H]1CO[C@@H]1O[C@H](C)[C@@H](OC(=O)C(N)C(C)O)[C@@H](OC)[C@H]1OC,TRUE,,-0.85
tylosin,Tylosin (Ì©ÀÖ¾úËØ),REF_TYLOSIN,repository_reference,O59_attached_to_C55,59,55,C,MPM00551,D-beta-Hydroxybutyric acid,CC(O)CC(=O)O,1,CC[C@H]1OC(=O)C[C@@H](O)[C@H](C)[C@@H](O[C@@H]2O[C@H](C)[C@@H](O[C@H]3C[C@@](C)(O)[C@@H](O)[C@H](C)O3)[C@H](N(C)C)[C@H]2O)[C@@H](CC=O)C[C@@H](C)C(=O)/C=C/C(C)=C/[C@@H]1CO[C@@H]1O[C@H](C)[C@@H](OC(=O)CC(C)O)[C@@H](OC)[C@H]1OC,CC[C@H]1OC(=O)C[C@@H](O)[C@H](C)[C@@H](O[C@@H]2O[C@H](C)[C@@H](O[C@H]3C[C@@](C)(O)[C@@H](O)[C@H](C)O3)[C@H](N(C)C)[C@H]2O)[C@@H](CC=O)C[C@@H](C)C(=O)/C=C/C(C)=C/[C@@H]1CO[C@@H]1O[C@H](C)[C@@H](OC(=O)CC(C)O)[C@@H](OC)[C@H]1OC,TRUE,,-1.048
tylosin,Tylosin (Ì©ÀÖ¾úËØ),REF_TYLOSIN,repository_reference,O59_attached_to_C55,59,55,C,MPM00843,O-Phospho-L-threonine,CC(OP(=O)(O)O)C(N)C(=O)O,1,CC[C@H]1OC(=O)C[C@@H](O)[C@H](C)[C@@H](O[C@@H]2O[C@H](C)[C@@H](O[C@H]3C[C@@](C)(O)[C@@H](O)[C@H](C)O3)[C@H](N(C)C)[C@H]2O)[C@@H](CC=O)C[C@@H](C)C(=O)/C=C/C(C)=C/[C@@H]1CO[C@@H]1O[C@H](C)[C@@H](OC(=O)C(N)C(C)OP(=O)(O)O)[C@@H](OC)[C@H]1OC,CC[C@H]1OC(=O)C[C@@H](O)[C@H](C)[C@@H](O[C@@H]2O[C@H](C)[C@@H](O[C@H]3C[C@@](C)(O)[C@@H](O)[C@H](C)O3)[C@H](N(C)C)[C@H]2O)[C@@H](CC=O)C[C@@H](C)C(=O)/C=C/C(C)=C/[C@@H]1CO[C@@H]1O[C@H](C)[C@@H](OC(=O)C(N)C(C)OP(=O)(O)O)[C@@H](OC)[C@H]1OC,TRUE,,-1.15
tylosin,Tylosin (Ì©ÀÖ¾úËØ),REF_TYLOSIN,repository_reference,O59_attached_to_C55,59,55,C,MPM00465,Ampicillin,CC1(C)SC2C(NC(=O)C(N)c3ccccc3)C(=O)N2C1C(=O)O,1,CC[C@H]1OC(=O)C[C@@H](O)[C@H](C)[C@@H](O[C@@H]2O[C@H](C)[C@@H](O[C@H]3C[C@@](C)(O)[C@@H](O)[C@H](C)O3)[C@H](N(C)C)[C@H]2O)[C@@H](CC=O)C[C@@H](C)C(=O)/C=C/C(C)=C/[C@@H]1CO[C@@H]1O[C@H](C)[C@@H](OC(=O)C2N3C(=O)C(NC(=O)C(N)c4ccccc4)C3SC2(C)C)[C@@H](OC)[C@H]1OC,CC[C@H]1OC(=O)C[C@@H](O)[C@H](C)[C@@H](O[C@@H]2O[C@H](C)[C@@H](O[C@H]3C[C@@](C)(O)[C@@H](O)[C@H](C)O3)[C@H](N(C)C)[C@H]2O)[C@@H](CC=O)C[C@@H](C)C(=O)/C=C/C(C)=C/[C@@H]1CO[C@@H]1O[C@H](C)[C@@H](OC(=O)C2N3C(=O)C(NC(=O)C(N)c4ccccc4)C3SC2(C)C)[C@@H](OC)[C@H]1OC,TRUE,,-2.081
tylosin,Tylosin (Ì©ÀÖ¾úËØ),REF_TYLOSIN,repository_reference,O59_attached_to_C55,59,55,C,MPM00566,Desthiobiotin,CC1NC(=O)NC1CCCCCC(=O)O,1,CC[C@H]1OC(=O)C[C@@H](O)[C@H](C)[C@@H](O[C@@H]2O[C@H](C)[C@@H](O[C@H]3C[C@@](C)(O)[C@@H](O)[C@H](C)O3)[C@H](N(C)C)[C@H]2O)[C@@H](CC=O)C[C@@H](C)C(=O)/C=C/C(C)=C/[C@@H]1CO[C@@H]1O[C@H](C)[C@@H](OC(=O)CCCCCC2NC(=O)NC2C)[C@@H](OC)[C@H]1OC,CC[C@H]1OC(=O)C[C@@H](O)[C@H](C)[C@@H](O[C@@H]2O[C@H](C)[C@@H](O[C@H]3C[C@@](C)(O)[C@@H](O)[C@H](C)O3)[C@H](N(C)C)[C@H]2O)[C@@H](CC=O)C[C@@H](C)C(=O)/C=C/C(C)=C/[C@@H]1CO[C@@H]1O[C@H](C)[C@@H](OC(=O)CCCCCC2NC(=O)NC2C)[C@@H](OC)[C@H]1OC,TRUE,,-1.817
tylosin,Tylosin (Ì©ÀÖ¾úËØ),REF_TYLOSIN,repository_reference,O59_attached_to_C55,59,55,C,MPM00458,alpha-Ketobutyrate,CCC(=O)C(=O)O,1,CCC(=O)C(=O)O[C@H]1[C@@H](OC)[C@@H](OC)[C@H](OC[C@H]2/C=C(C)/C=C/C(=O)[C@H](C)C[C@H](CC=O)[C@H](O[C@@H]3O[C@H](C)[C@@H](O[C@H]4C[C@@](C)(O)[C@@H](O)[C@H](C)O4)[C@H](N(C)C)[C@H]3O)[C@@H](C)[C@H](O)CC(=O)O[C@@H]2CC)O[C@@H]1C,CCC(=O)C(=O)O[C@H]1[C@@H](OC)[C@@H](OC)[C@H](OC[C@H]2/C=C(C)/C=C/C(=O)[C@H](C)C[C@H](CC=O)[C@H](O[C@@H]3O[C@H](C)[C@@H](O[C@H]4C[C@@](C)(O)[C@@H](O)[C@H](C)O4)[C@H](N(C)C)[C@H]3O)[C@@H](C)[C@H](O)CC(=O)O[C@@H]2CC)O[C@@H]1C,TRUE,,-0.764
tylosin,Tylosin (Ì©ÀÖ¾úËØ),REF_TYLOSIN,repository_reference,O59_attached_to_C55,59,55,C,MPM00908,propionate,CCC(=O)O,1,CCC(=O)O[C@H]1[C@@H](OC)[C@@H](OC)[C@H](OC[C@H]2/C=C(C)/C=C/C(=O)[C@H](C)C[C@H](CC=O)[C@H](O[C@@H]3O[C@H](C)[C@@H](O[C@H]4C[C@@](C)(O)[C@@H](O)[C@H](C)O4)[C@H](N(C)C)[C@H]3O)[C@@H](C)[C@H](O)CC(=O)O[C@@H]2CC)O[C@@H]1C,CCC(=O)O[C@H]1[C@@H](OC)[C@@H](OC)[C@H](OC[C@H]2/C=C(C)/C=C/C(=O)[C@H](C)C[C@H](CC=O)[C@H](O[C@@H]3O[C@H](C)[C@@H](O[C@H]4C[C@@](C)(O)[C@@H](O)[C@H](C)O4)[C@H](N(C)C)[C@H]3O)[C@@H](C)[C@H](O)CC(=O)O[C@@H]2CC)O[C@@H]1C,TRUE,,-0.823
tylosin,Tylosin (Ì©ÀÖ¾úËØ),REF_TYLOSIN,repository_reference,O59_attached_to_C55,59,55,C,MPM00078,(R)-3-Hydroxy-3-methyl-2-oxopentanoate,CCC(C)(O)C(=O)C(=O)O,1,CC[C@H]1OC(=O)C[C@@H](O)[C@H](C)[C@@H](O[C@@H]2O[C@H](C)[C@@H](O[C@H]3C[C@@](C)(O)[C@@H](O)[C@H](C)O3)[C@H](N(C)C)[C@H]2O)[C@@H](CC=O)C[C@@H](C)C(=O)/C=C/C(C)=C/[C@@H]1CO[C@@H]1O[C@H](C)[C@@H](OC(=O)C(=O)C(C)(O)CC)[C@@H](OC)[C@H]1OC,CC[C@H]1OC(=O)C[C@@H](O)[C@H](C)[C@@H](O[C@@H]2O[C@H](C)[C@@H](O[C@H]3C[C@@](C)(O)[C@@H](O)[C@H](C)O3)[C@H](N(C)C)[C@H]2O)[C@@H](CC=O)C[C@@H](C)C(=O)/C=C/C(C)=C/[C@@H]1CO[C@@H]1O[C@H](C)[C@@H](OC(=O)C(=O)C(C)(O)CC)[C@@H](OC)[C@H]1OC,TRUE,,-0.973
tylosin,Tylosin (Ì©ÀÖ¾úËØ),REF_TYLOSIN,repository_reference,O59_attached_to_C55,59,55,C,MPM00028,"(2R,3R)-2,3-Dihydroxy-3-methylpentanoate",CCC(C)(O)C(O)C(=O)O,1,CC[C@H]1OC(=O)C[C@@H](O)[C@H](C)[C@@H](O[C@@H]2O[C@H](C)[C@@H](O[C@H]3C[C@@](C)(O)[C@@H](O)[C@H](C)O3)[C@H](N(C)C)[C@H]2O)[C@@H](CC=O)C[C@@H](C)C(=O)/C=C/C(C)=C/[C@@H]1CO[C@@H]1O[C@H](C)[C@@H](OC(=O)C(O)C(C)(O)CC)[C@@H](OC)[C@H]1OC,CC[C@H]1OC(=O)C[C@@H](O)[C@H](C)[C@@H](O[C@@H]2O[C@H](C)[C@@H](O[C@H]3C[C@@](C)(O)[C@@H](O)[C@H](C)O3)[C@H](N(C)C)[C@H]2O)[C@@H](CC=O)C[C@@H](C)C(=O)/C=C/C(C)=C/[C@@H]1CO[C@@H]1O[C@H](C)[C@@H](OC(=O)C(O)C(C)(O)CC)[C@@H](OC)[C@H]1OC,TRUE,,-1.324
tylosin,Tylosin (Ì©ÀÖ¾úËØ),REF_TYLOSIN,repository_reference,O59_attached_to_C55,59,55,C,MPM00050,(3S)-3-Methyl-2-oxopentanoate,CCC(C)C(=O)C(=O)O,1,CCC(C)C(=O)C(=O)O[C@H]1[C@@H](OC)[C@@H](OC)[C@H](OC[C@H]2/C=C(C)/C=C/C(=O)[C@H](C)C[C@H](CC=O)[C@H](O[C@@H]3O[C@H](C)[C@@H](O[C@H]4C[C@@](C)(O)[C@@H](O)[C@H](C)O4)[C@H](N(C)C)[C@H]3O)[C@@H](C)[C@H](O)CC(=O)O[C@@H]2CC)O[C@@H]1C,CCC(C)C(=O)C(=O)O[C@H]1[C@@H](OC)[C@@H](OC)[C@H](OC[C@H]2/C=C(C)/C=C/C(=O)[C@H](C)C[C@H](CC=O)[C@H](O[C@@H]3O[C@H](C)[C@@H](O[C@H]4C[C@@](C)(O)[C@@H](O)[C@H](C)O4)[C@H](N(C)C)[C@H]3O)[C@@H](C)[C@H](O)CC(=O)O[C@@H]2CC)O[C@@H]1C,TRUE,,-0.988
tylosin,Tylosin (Ì©ÀÖ¾úËØ),REF_TYLOSIN,repository_reference,O59_attached_to_C55,59,55,C,MPM01138,2-Amino-3-methylvaleric acid,CCC(C)C(N)C(=O)O,1,CCC(C)C(N)C(=O)O[C@H]1[C@@H](OC)[C@@H](OC)[C@H](OC[C@H]2/C=C(C)/C=C/C(=O)[C@H](C)C[C@H](CC=O)[C@H](O[C@@H]3O[C@H](C)[C@@H](O[C@H]4C[C@@](C)(O)[C@@H](O)[C@H](C)O4)[C@H](N(C)C)[C@H]3O)[C@@H](C)[C@H](O)CC(=O)O[C@@H]2CC)O[C@@H]1C,CCC(C)C(N)C(=O)O[C@H]1[C@@H](OC)[C@@H](OC)[C@H](OC[C@H]2/C=C(C)/C=C/C(=O)[C@H](C)C[C@H](CC=O)[C@H](O[C@@H]3O[C@H](C)[C@@H](O[C@H]4C[C@@](C)(O)[C@@H](O)[C@H](C)O4)[C@H](N(C)C)[C@H]3O)[C@@H](C)[C@H](O)CC(=O)O[C@@H]2CC)O[C@@H]1C,TRUE,,-1.02
tylosin,Tylosin (Ì©ÀÖ¾úËØ),REF_TYLOSIN,repository_reference,O59_attached_to_C55,59,55,C,MPM00029,"(2R,3R)-2-hydroxy-3-methylpentanoic acid",CCC(C)C(O)C(=O)O,1,CCC(C)C(O)C(=O)O[C@H]1[C@@H](OC)[C@@H](OC)[C@H](OC[C@H]2/C=C(C)/C=C/C(=O)[C@H](C)C[C@H](CC=O)[C@H](O[C@@H]3O[C@H](C)[C@@H](O[C@H]4C[C@@](C)(O)[C@@H](O)[C@H](C)O4)[C@H](N(C)C)[C@H]3O)[C@@H](C)[C@H](O)CC(=O)O[C@@H]2CC)O[C@@H]1C,CCC(C)C(O)C(=O)O[C@H]1[C@@H](OC)[C@@H](OC)[C@H](OC[C@H]2/C=C(C)/C=C/C(=O)[C@H](C)C[C@H](CC=O)[C@H](O[C@@H]3O[C@H](C)[C@@H](O[C@H]4C[C@@](C)(O)[C@@H](O)[C@H](C)O4)[C@H](N(C)C)[C@H]3O)[C@@H](C)[C@H](O)CC(=O)O[C@@H]2CC)O[C@@H]1C,TRUE,,-1.321
tylosin,Tylosin (Ì©ÀÖ¾úËØ),REF_TYLOSIN,repository_reference,O59_attached_to_C55,59,55,C,MPM00094,(S)-2-Hydroxy-2-ethyl-3-oxobutanoate,CCC(O)(C(C)=O)C(=O)O,1,CC[C@H]1OC(=O)C[C@@H](O)[C@H](C)[C@@H](O[C@@H]2O[C@H](C)[C@@H](O[C@H]3C[C@@](C)(O)[C@@H](O)[C@H](C)O3)[C@H](N(C)C)[C@H]2O)[C@@H](CC=O)C[C@@H](C)C(=O)/C=C/C(C)=C/[C@@H]1CO[C@@H]1O[C@H](C)[C@@H](OC(=O)C(O)(CC)C(C)=O)[C@@H](OC)[C@H]1OC,CC[C@H]1OC(=O)C[C@@H](O)[C@H](C)[C@@H](O[C@@H]2O[C@H](C)[C@@H](O[C@H]3C[C@@](C)(O)[C@@H](O)[C@H](C)O3)[C@H](N(C)C)[C@H]2O)[C@@H](CC=O)C[C@@H](C)C(=O)/C=C/C(C)=C/[C@@H]1CO[C@@H]1O[C@H](C)[C@@H](OC(=O)C(O)(CC)C(C)=O)[C@@H](OC)[C@H]1OC,TRUE,,-1.246
tylosin,Tylosin (Ì©ÀÖ¾úËØ),REF_TYLOSIN,repository_reference,O59_attached_to_C55,59,55,C,MPM00302,3-Hydroxypentanoic acid,CCC(O)CC(=O)O,1,CCC(O)CC(=O)O[C@H]1[C@@H](OC)[C@@H](OC)[C@H](OC[C@H]2/C=C(C)/C=C/C(=O)[C@H](C)C[C@H](CC=O)[C@H](O[C@@H]3O[C@H](C)[C@@H](O[C@H]4C[C@@](C)(O)[C@@H](O)[C@H](C)O4)[C@H](N(C)C)[C@H]3O)[C@@H](C)[C@H](O)CC(=O)O[C@@H]2CC)O[C@@H]1C,CCC(O)CC(=O)O[C@H]1[C@@H](OC)[C@@H](OC)[C@H](OC[C@H]2/C=C(C)/C=C/C(=O)[C@H](C)C[C@H](CC=O)[C@H](O[C@@H]3O[C@H](C)[C@@H](O[C@H]4C[C@@](C)(O)[C@@H](O)[C@H](C)O4)[C@H](N(C)C)[C@H]3O)[C@@H](C)[C@H](O)CC(=O)O[C@@H]2CC)O[C@@H]1C,TRUE,,-1.098
tylosin,Tylosin (Ì©ÀÖ¾úËØ),REF_TYLOSIN,repository_reference,O59_attached_to_C55,59,55,C,MPM00496,butyrate,CCCC(=O)O,1,CCCC(=O)O[C@H]1[C@@H](OC)[C@@H](OC)[C@H](OC[C@H]2/C=C(C)/C=C/C(=O)[C@H](C)C[C@H](CC=O)[C@H](O[C@@H]3O[C@H](C)[C@@H](O[C@H]4C[C@@](C)(O)[C@@H](O)[C@H](C)O4)[C@H](N(C)C)[C@H]3O)[C@@H](C)[C@H](O)CC(=O)O[C@@H]2CC)O[C@@H]1C,CCCC(=O)O[C@H]1[C@@H](OC)[C@@H](OC)[C@H](OC[C@H]2/C=C(C)/C=C/C(=O)[C@H](C)C[C@H](CC=O)[C@H](O[C@@H]3O[C@H](C)[C@@H](O[C@H]4C[C@@](C)(O)[C@@H](O)[C@H](C)O4)[C@H](N(C)C)[C@H]3O)[C@@H](C)[C@H](O)CC(=O)O[C@@H]2CC)O[C@@H]1C,TRUE,,-0.887
tylosin,Tylosin (Ì©ÀÖ¾úËØ),REF_TYLOSIN,repository_reference,O59_attached_to_C55,59,55,C,MPM00298,3-Hydroxyhexanoic acid,CCCC(O)CC(=O)O,1,CCCC(O)CC(=O)O[C@H]1[C@@H](OC)[C@@H](OC)[C@H](OC[C@H]2/C=C(C)/C=C/C(=O)[C@H](C)C[C@H](CC=O)[C@H](O[C@@H]3O[C@H](C)[C@@H](O[C@H]4C[C@@](C)(O)[C@@H](O)[C@H](C)O4)[C@H](N(C)C)[C@H]3O)[C@@H](C)[C@H](O)CC(=O)O[C@@H]2CC)O[C@@H]1C,CCCC(O)CC(=O)O[C@H]1[C@@H](OC)[C@@H](OC)[C@H](OC[C@H]2/C=C(C)/C=C/C(=O)[C@H](C)C[C@H](CC=O)[C@H](O[C@@H]3O[C@H](C)[C@@H](O[C@H]4C[C@@](C)(O)[C@@H](O)[C@H](C)O4)[C@H](N(C)C)[C@H]3O)[C@@H](C)[C@H](O)CC(=O)O[C@@H]2CC)O[C@@H]1C,TRUE,,-1.166
tylosin,Tylosin (Ì©ÀÖ¾úËØ),REF_TYLOSIN,repository_reference,O59_attached_to_C55,59,55,C,MPM00833,n-Valeric acid,CCCCC(=O)O,1,CCCCC(=O)O[C@H]1[C@@H](OC)[C@@H](OC)[C@H](OC[C@H]2/C=C(C)/C=C/C(=O)[C@H](C)C[C@H](CC=O)[C@H](O[C@@H]3O[C@H](C)[C@@H](O[C@H]4C[C@@](C)(O)[C@@H](O)[C@H](C)O4)[C@H](N(C)C)[C@H]3O)[C@@H](C)[C@H](O)CC(=O)O[C@@H]2CC)O[C@@H]1C,CCCCC(=O)O[C@H]1[C@@H](OC)[C@@H](OC)[C@H](OC[C@H]2/C=C(C)/C=C/C(=O)[C@H](C)C[C@H](CC=O)[C@H](O[C@@H]3O[C@H](C)[C@@H](O[C@H]4C[C@@](C)(O)[C@@H](O)[C@H](C)O4)[C@H](N(C)C)[C@H]3O)[C@@H](C)[C@H](O)CC(=O)O[C@@H]2CC)O[C@@H]1C,TRUE,,-0.954
tylosin,Tylosin (Ì©ÀÖ¾úËØ),REF_TYLOSIN,repository_reference,O59_attached_to_C55,59,55,C,MPM00295,3-hydroxyheptanoic Acid,CCCCC(O)CC(=O)O,1,CCCCC(O)CC(=O)O[C@H]1[C@@H](OC)[C@@H](OC)[C@H](OC[C@H]2/C=C(C)/C=C/C(=O)[C@H](C)C[C@H](CC=O)[C@H](O[C@@H]3O[C@H](C)[C@@H](O[C@H]4C[C@@](C)(O)[C@@H](O)[C@H](C)O4)[C@H](N(C)C)[C@H]3O)[C@@H](C)[C@H](O)CC(=O)O[C@@H]2CC)O[C@@H]1C,CCCCC(O)CC(=O)O[C@H]1[C@@H](OC)[C@@H](OC)[C@H](OC[C@H]2/C=C(C)/C=C/C(=O)[C@H](C)C[C@H](CC=O)[C@H](O[C@@H]3O[C@H](C)[C@@H](O[C@H]4C[C@@](C)(O)[C@@H](O)[C@H](C)O4)[C@H](N(C)C)[C@H]3O)[C@@H](C)[C@H](O)CC(=O)O[C@@H]2CC)O[C@@H]1C,TRUE,,-1.234
tylosin,Tylosin (Ì©ÀÖ¾úËØ),REF_TYLOSIN,repository_reference,O59_attached_to_C55,59,55,C,MPM00061,(9E)-tetradecenoic acid,CCCCC=CCCCCCCCC(=O)O,1,CCCCC=CCCCCCCCC(=O)O[C@H]1[C@@H](OC)[C@@H](OC)[C@H](OC[C@H]2/C=C(C)/C=C/C(=O)[C@H](C)C[C@H](CC=O)[C@H](O[C@@H]3O[C@H](C)[C@@H](O[C@H]4C[C@@](C)(O)[C@@H](O)[C@H](C)O4)[C@H](N(C)C)[C@H]3O)[C@@H](C)[C@H](O)CC(=O)O[C@@H]2CC)O[C@@H]1C,CCCCC=CCCCCCCCC(=O)O[C@H]1[C@@H](OC)[C@@H](OC)[C@H](OC[C@H]2/C=C(C)/C=C/C(=O)[C@H](C)C[C@H](CC=O)[C@H](O[C@@H]3O[C@H](C)[C@@H](O[C@H]4C[C@@](C)(O)[C@@H](O)[C@H](C)O4)[C@H](N(C)C)[C@H]3O)[C@@H](C)[C@H](O)CC(=O)O[C@@H]2CC)O[C@@H]1C,TRUE,,-1.415
tylosin,Tylosin (Ì©ÀÖ¾úËØ),REF_TYLOSIN,repository_reference,O59_attached_to_C55,59,55,C,MPM00813,n-Caproic acid,CCCCCC(=O)O,1,CCCCCC(=O)O[C@H]1[C@@H](OC)[C@@H](OC)[C@H](OC[C@H]2/C=C(C)/C=C/C(=O)[C@H](C)C[C@H](CC=O)[C@H](O[C@@H]3O[C@H](C)[C@@H](O[C@H]4C[C@@](C)(O)[C@@H](O)[C@H](C)O4)[C@H](N(C)C)[C@H]3O)[C@@H](C)[C@H](O)CC(=O)O[C@@H]2CC)O[C@@H]1C,CCCCCC(=O)O[C@H]1[C@@H](OC)[C@@H](OC)[C@H](OC[C@H]2/C=C(C)/C=C/C(=O)[C@H](C)C[C@H](CC=O)[C@H](O[C@@H]3O[C@H](C)[C@@H](O[C@H]4C[C@@](C)(O)[C@@H](O)[C@H](C)O4)[C@H](N(C)C)[C@H]3O)[C@@H](C)[C@H](O)CC(=O)O[C@@H]2CC)O[C@@H]1C,TRUE,,-1.022
tylosin,Tylosin (Ì©ÀÖ¾úËØ),REF_TYLOSIN,repository_reference,O59_attached_to_C55,59,55,C,MPM00301,3-Hydroxyoctanoic acid,CCCCCC(O)CC(=O)O,1,CCCCCC(O)CC(=O)O[C@H]1[C@@H](OC)[C@@H](OC)[C@H](OC[C@H]2/C=C(C)/C=C/C(=O)[C@H](C)C[C@H](CC=O)[C@H](O[C@@H]3O[C@H](C)[C@@H](O[C@H]4C[C@@](C)(O)[C@@H](O)[C@H](C)O4)[C@H](N(C)C)[C@H]3O)[C@@H](C)[C@H](O)CC(=O)O[C@@H]2CC)O[C@@H]1C,CCCCCC(O)CC(=O)O[C@H]1[C@@H](OC)[C@@H](OC)[C@H](OC[C@H]2/C=C(C)/C=C/C(=O)[C@H](C)C[C@H](CC=O)[C@H](O[C@@H]3O[C@H](C)[C@@H](O[C@H]4C[C@@](C)(O)[C@@H](O)[C@H](C)O4)[C@H](N(C)C)[C@H]3O)[C@@H](C)[C@H](O)CC(=O)O[C@@H]2CC)O[C@@H]1C,TRUE,,-1.302
tylosin,Tylosin (Ì©ÀÖ¾úËØ),REF_TYLOSIN,repository_reference,O59_attached_to_C55,59,55,C,MPM00411,"9-cis,12-cis-Octadecadienoic acid",CCCCCC=CCC=CCCCCCCCC(=O)O,1,CCCCCC=CCC=CCCCCCCCC(=O)O[C@H]1[C@@H](OC)[C@@H](OC)[C@H](OC[C@H]2/C=C(C)/C=C/C(=O)[C@H](C)C[C@H](CC=O)[C@H](O[C@@H]3O[C@H](C)[C@@H](O[C@H]4C[C@@](C)(O)[C@@H](O)[C@H](C)O4)[C@H](N(C)C)[C@H]3O)[C@@H](C)[C@H](O)CC(=O)O[C@@H]2CC)O[C@@H]1C,CCCCCC=CCC=CCCCCCCCC(=O)O[C@H]1[C@@H](OC)[C@@H](OC)[C@H](OC[C@H]2/C=C(C)/C=C/C(=O)[C@H](C)C[C@H](CC=O)[C@H](O[C@@H]3O[C@H](C)[C@@H](O[C@H]4C[C@@](C)(O)[C@@H](O)[C@H](C)O4)[C@H](N(C)C)[C@H]3O)[C@@H](C)[C@H](O)CC(=O)O[C@@H]2CC)O[C@@H]1C,TRUE,,-1.725
tylosin,Tylosin (Ì©ÀÖ¾úËØ),REF_TYLOSIN,repository_reference,O59_attached_to_C55,59,55,C,MPM00689,Heptanoate,CCCCCCC(=O)O,1,CCCCCCC(=O)O[C@H]1[C@@H](OC)[C@@H](OC)[C@H](OC[C@H]2/C=C(C)/C=C/C(=O)[C@H](C)C[C@H](CC=O)[C@H](O[C@@H]3O[C@H](C)[C@@H](O[C@H]4C[C@@](C)(O)[C@@H](O)[C@H](C)O4)[C@H](N(C)C)[C@H]3O)[C@@H](C)[C@H](O)CC(=O)O[C@@H]2CC)O[C@@H]1C,CCCCCCC(=O)O[C@H]1[C@@H](OC)[C@@H](OC)[C@H](OC[C@H]2/C=C(C)/C=C/C(=O)[C@H](C)C[C@H](CC=O)[C@H](O[C@@H]3O[C@H](C)[C@@H](O[C@H]4C[C@@](C)(O)[C@@H](O)[C@H](C)O4)[C@H](N(C)C)[C@H]3O)[C@@H](C)[C@H](O)CC(=O)O[C@@H]2CC)O[C@@H]1C,TRUE,,-1.09
tylosin,Tylosin (Ì©ÀÖ¾úËØ),REF_TYLOSIN,repository_reference,O59_attached_to_C55,59,55,C,MPM00300,3-Hydroxynonanoic acid,CCCCCCC(O)CC(=O)O,1,CCCCCCC(O)CC(=O)O[C@H]1[C@@H](OC)[C@@H](OC)[C@H](OC[C@H]2/C=C(C)/C=C/C(=O)[C@H](C)C[C@H](CC=O)[C@H](O[C@@H]3O[C@H](C)[C@@H](O[C@H]4C[C@@](C)(O)[C@@H](O)[C@H](C)O4)[C@H](N(C)C)[C@H]3O)[C@@H](C)[C@H](O)CC(=O)O[C@@H]2CC)O[C@@H]1C,CCCCCCC(O)CC(=O)O[C@H]1[C@@H](OC)[C@@H](OC)[C@H](OC[C@H]2/C=C(C)/C=C/C(=O)[C@H](C)C[C@H](CC=O)[C@H](O[C@@H]3O[C@H](C)[C@@H](O[C@H]4C[C@@](C)(O)[C@@H](O)[C@H](C)O4)[C@H](N(C)C)[C@H]3O)[C@@H](C)[C@H](O)CC(=O)O[C@@H]2CC)O[C@@H]1C,TRUE,,-1.316
tylosin,Tylosin (Ì©ÀÖ¾úËØ),REF_TYLOSIN,repository_reference,O59_attached_to_C55,59,55,C,MPM00852,palmitoleate,CCCCCCC=CCCCCCCCC(=O)O,1,CCCCCCC=CCCCCCCCC(=O)O[C@H]1[C@@H](OC)[C@@H](OC)[C@H](OC[C@H]2/C=C(C)/C=C/C(=O)[C@H](C)C[C@H](CC=O)[C@H](O[C@@H]3O[C@H](C)[C@@H](O[C@H]4C[C@@](C)(O)[C@@H](O)[C@H](C)O4)[C@H](N(C)C)[C@H]3O)[C@@H](C)[C@H](O)CC(=O)O[C@@H]2CC)O[C@@H]1C,CCCCCCC=CCCCCCCCC(=O)O[C@H]1[C@@H](OC)[C@@H](OC)[C@H](OC[C@H]2/C=C(C)/C=C/C(=O)[C@H](C)C[C@H](CC=O)[C@H](O[C@@H]3O[C@H](C)[C@@H](O[C@H]4C[C@@](C)(O)[C@@H](O)[C@H](C)O4)[C@H](N(C)C)[C@H]3O)[C@@H](C)[C@H](O)CC(=O)O[C@@H]2CC)O[C@@H]1C,TRUE,,-1.543
tylosin,Tylosin (Ì©ÀÖ¾úËØ),REF_TYLOSIN,repository_reference,O59_attached_to_C55,59,55,C,MPM00984,trans-vaccenic acid,CCCCCCC=CCCCCCCCCCC(=O)O,1,CCCCCCC=CCCCCCCCCCC(=O)O[C@H]1[C@@H](OC)[C@@H](OC)[C@H](OC[C@H]2/C=C(C)/C=C/C(=O)[C@H](C)C[C@H](CC=O)[C@H](O[C@@H]3O[C@H](C)[C@@H](O[C@H]4C[C@@](C)(O)[C@@H](O)[C@H](C)O4)[C@H](N(C)C)[C@H]3O)[C@@H](C)[C@H](O)CC(=O)O[C@@H]2CC)O[C@@H]1C,CCCCCCC=CCCCCCCCCCC(=O)O[C@H]1[C@@H](OC)[C@@H](OC)[C@H](OC[C@H]2/C=C(C)/C=C/C(=O)[C@H](C)C[C@H](CC=O)[C@H](O[C@@H]3O[C@H](C)[C@@H](O[C@H]4C[C@@](C)(O)[C@@H](O)[C@H](C)O4)[C@H](N(C)C)[C@H]3O)[C@@H](C)[C@H](O)CC(=O)O[C@@H]2CC)O[C@@H]1C,TRUE,,-1.679
tylosin,Tylosin (Ì©ÀÖ¾úËØ),REF_TYLOSIN,repository_reference,O59_attached_to_C55,59,55,C,MPM00837,Octanoate,CCCCCCCC(=O)O,1,CCCCCCCC(=O)O[C@H]1[C@@H](OC)[C@@H](OC)[C@H](OC[C@H]2/C=C(C)/C=C/C(=O)[C@H](C)C[C@H](CC=O)[C@H](O[C@@H]3O[C@H](C)[C@@H](O[C@H]4C[C@@](C)(O)[C@@H](O)[C@H](C)O4)[C@H](N(C)C)[C@H]3O)[C@@H](C)[C@H](O)CC(=O)O[C@@H]2CC)O[C@@H]1C,CCCCCCCC(=O)O[C@H]1[C@@H](OC)[C@@H](OC)[C@H](OC[C@H]2/C=C(C)/C=C/C(=O)[C@H](C)C[C@H](CC=O)[C@H](O[C@@H]3O[C@H](C)[C@@H](O[C@H]4C[C@@](C)(O)[C@@H](O)[C@H](C)O4)[C@H](N(C)C)[C@H]3O)[C@@H](C)[C@H](O)CC(=O)O[C@@H]2CC)O[C@@H]1C,TRUE,,-1.101
tylosin,Tylosin (Ì©ÀÖ¾úËØ),REF_TYLOSIN,repository_reference,O59_attached_to_C55,59,55,C,MPM00293,3-Hydroxydecanoic acid,CCCCCCCC(O)CC(=O)O,1,CCCCCCCC(O)CC(=O)O[C@H]1[C@@H](OC)[C@@H](OC)[C@H](OC[C@H]2/C=C(C)/C=C/C(=O)[C@H](C)C[C@H](CC=O)[C@H](O[C@@H]3O[C@H](C)[C@@H](O[C@H]4C[C@@](C)(O)[C@@H](O)[C@H](C)O4)[C@H](N(C)C)[C@H]3O)[C@@H](C)[C@H](O)CC(=O)O[C@@H]2CC)O[C@@H]1C,CCCCCCCC(O)CC(=O)O[C@H]1[C@@H](OC)[C@@H](OC)[C@H](OC[C@H]2/C=C(C)/C=C/C(=O)[C@H](C)C[C@H](CC=O)[C@H](O[C@@H]3O[C@H](C)[C@@H](O[C@H]4C[C@@](C)(O)[C@@H](O)[C@H](C)O4)[C@H](N(C)C)[C@H]3O)[C@@H](C)[C@H](O)CC(=O)O[C@@H]2CC)O[C@@H]1C,TRUE,,-1.355
tylosin,Tylosin (Ì©ÀÖ¾úËØ),REF_TYLOSIN,repository_reference,O59_attached_to_C55,59,55,C,MPM00859,Pelargonic acid,CCCCCCCCC(=O)O,1,CCCCCCCCC(=O)O[C@H]1[C@@H](OC)[C@@H](OC)[C@H](OC[C@H]2/C=C(C)/C=C/C(=O)[C@H](C)C[C@H](CC=O)[C@H](O[C@@H]3O[C@H](C)[C@@H](O[C@H]4C[C@@](C)(O)[C@@H](O)[C@H](C)O4)[C@H](N(C)C)[C@H]3O)[C@@H](C)[C@H](O)CC(=O)O[C@@H]2CC)O[C@@H]1C,CCCCCCCCC(=O)O[C@H]1[C@@H](OC)[C@@H](OC)[C@H](OC[C@H]2/C=C(C)/C=C/C(=O)[C@H](C)C[C@H](CC=O)[C@H](O[C@@H]3O[C@H](C)[C@@H](O[C@H]4C[C@@](C)(O)[C@@H](O)[C@H](C)O4)[C@H](N(C)C)[C@H]3O)[C@@H](C)[C@H](O)CC(=O)O[C@@H]2CC)O[C@@H]1C,TRUE,,-1.137
tylosin,Tylosin (Ì©ÀÖ¾úËØ),REF_TYLOSIN,repository_reference,O59_attached_to_C55,59,55,C,MPM00839,Oleic acid,CCCCCCCCC=CCCCCCCCC(=O)O,1,CCCCCCCCC=CCCCCCCCC(=O)O[C@H]1[C@@H](OC)[C@@H](OC)[C@H](OC[C@H]2/C=C(C)/C=C/C(=O)[C@H](C)C[C@H](CC=O)[C@H](O[C@@H]3O[C@H](C)[C@@H](O[C@H]4C[C@@](C)(O)[C@@H](O)[C@H](C)O4)[C@H](N(C)C)[C@H]3O)[C@@H](C)[C@H](O)CC(=O)O[C@@H]2CC)O[C@@H]1C,CCCCCCCCC=CCCCCCCCC(=O)O[C@H]1[C@@H](OC)[C@@H](OC)[C@H](OC[C@H]2/C=C(C)/C=C/C(=O)[C@H](C)C[C@H](CC=O)[C@H](O[C@@H]3O[C@H](C)[C@@H](O[C@H]4C[C@@](C)(O)[C@@H](O)[C@H](C)O4)[C@H](N(C)C)[C@H]3O)[C@@H](C)[C@H](O)CC(=O)O[C@@H]2CC)O[C@@H]1C,TRUE,,-1.588
tylosin,Tylosin (Ì©ÀÖ¾úËØ),REF_TYLOSIN,repository_reference,O59_attached_to_C55,59,55,C,MPM00552,decanoate,CCCCCCCCCC(=O)O,1,CCCCCCCCCC(=O)O[C@H]1[C@@H](OC)[C@@H](OC)[C@H](OC[C@H]2/C=C(C)/C=C/C(=O)[C@H](C)C[C@H](CC=O)[C@H](O[C@@H]3O[C@H](C)[C@@H](O[C@H]4C[C@@](C)(O)[C@@H](O)[C@H](C)O4)[C@H](N(C)C)[C@H]3O)[C@@H](C)[C@H](O)CC(=O)O[C@@H]2CC)O[C@@H]1C,CCCCCCCCCC(=O)O[C@H]1[C@@H](OC)[C@@H](OC)[C@H](OC[C@H]2/C=C(C)/C=C/C(=O)[C@H](C)C[C@H](CC=O)[C@H](O[C@@H]3O[C@H](C)[C@@H](O[C@H]4C[C@@](C)(O)[C@@H](O)[C@H](C)O4)[C@H](N(C)C)[C@H]3O)[C@@H](C)[C@H](O)CC(=O)O[C@@H]2CC)O[C@@H]1C,TRUE,,-1.177
tylosin,Tylosin (Ì©ÀÖ¾úËØ),REF_TYLOSIN,repository_reference,O59_attached_to_C55,59,55,C,MPM00294,3-Hydroxydodecanoic acid,CCCCCCCCCC(O)CC(=O)O,1,CCCCCCCCCC(O)CC(=O)O[C@H]1[C@@H](OC)[C@@H](OC)[C@H](OC[C@H]2/C=C(C)/C=C/C(=O)[C@H](C)C[C@H](CC=O)[C@H](O[C@@H]3O[C@H](C)[C@@H](O[C@H]4C[C@@](C)(O)[C@@H](O)[C@H](C)O4)[C@H](N(C)C)[C@H]3O)[C@@H](C)[C@H](O)CC(=O)O[C@@H]2CC)O[C@@H]1C,CCCCCCCCCC(O)CC(=O)O[C@H]1[C@@H](OC)[C@@H](OC)[C@H](OC[C@H]2/C=C(C)/C=C/C(=O)[C@H](C)C[C@H](CC=O)[C@H](O[C@@H]3O[C@H](C)[C@@H](O[C@H]4C[C@@](C)(O)[C@@H](O)[C@H](C)O4)[C@H](N(C)C)[C@H]3O)[C@@H](C)[C@H](O)CC(=O)O[C@@H]2CC)O[C@@H]1C,TRUE,,-1.428
tylosin,Tylosin (Ì©ÀÖ¾úËØ),REF_TYLOSIN,repository_reference,O59_attached_to_C55,59,55,C,MPM00606,dodecanoate,CCCCCCCCCCCC(=O)O,1,CCCCCCCCCCCC(=O)O[C@H]1[C@@H](OC)[C@@H](OC)[C@H](OC[C@H]2/C=C(C)/C=C/C(=O)[C@H](C)C[C@H](CC=O)[C@H](O[C@@H]3O[C@H](C)[C@@H](O[C@H]4C[C@@](C)(O)[C@@H](O)[C@H](C)O4)[C@H](N(C)C)[C@H]3O)[C@@H](C)[C@H](O)CC(=O)O[C@@H]2CC)O[C@@H]1C,CCCCCCCCCCCC(=O)O[C@H]1[C@@H](OC)[C@@H](OC)[C@H](OC[C@H]2/C=C(C)/C=C/C(=O)[C@H](C)C[C@H](CC=O)[C@H](O[C@@H]3O[C@H](C)[C@@H](O[C@H]4C[C@@](C)(O)[C@@H](O)[C@H](C)O4)[C@H](N(C)C)[C@H]3O)[C@@H](C)[C@H](O)CC(=O)O[C@@H]2CC)O[C@@H]1C,TRUE,,-1.255
tylosin,Tylosin (Ì©ÀÖ¾úËØ),REF_TYLOSIN,repository_reference,O59_attached_to_C55,59,55,C,MPM00305,3-Hydroxytetradecanoic acid,CCCCCCCCCCCC(O)CC(=O)O,1,CCCCCCCCCCCC(O)CC(=O)O[C@H]1[C@@H](OC)[C@@H](OC)[C@H](OC[C@H]2/C=C(C)/C=C/C(=O)[C@H](C)C[C@H](CC=O)[C@H](O[C@@H]3O[C@H](C)[C@@H](O[C@H]4C[C@@](C)(O)[C@@H](O)[C@H](C)O4)[C@H](N(C)C)[C@H]3O)[C@@H](C)[C@H](O)CC(=O)O[C@@H]2CC)O[C@@H]1C,CCCCCCCCCCCC(O)CC(=O)O[C@H]1[C@@H](OC)[C@@H](OC)[C@H](OC[C@H]2/C=C(C)/C=C/C(=O)[C@H](C)C[C@H](CC=O)[C@H](O[C@@H]3O[C@H](C)[C@@H](O[C@H]4C[C@@](C)(O)[C@@H](O)[C@H](C)O4)[C@H](N(C)C)[C@H]3O)[C@@H](C)[C@H](O)CC(=O)O[C@@H]2CC)O[C@@H]1C,TRUE,,-1.506
tylosin,Tylosin (Ì©ÀÖ¾úËØ),REF_TYLOSIN,repository_reference,O59_attached_to_C55,59,55,C,MPM00864,Petroselaidic acid,CCCCCCCCCCCC=CCCCCC(=O)O,1,CCCCCCCCCCCC=CCCCCC(=O)O[C@H]1[C@@H](OC)[C@@H](OC)[C@H](OC[C@H]2/C=C(C)/C=C/C(=O)[C@H](C)C[C@H](CC=O)[C@H](O[C@@H]3O[C@H](C)[C@@H](O[C@H]4C[C@@](C)(O)[C@@H](O)[C@H](C)O4)[C@H](N(C)C)[C@H]3O)[C@@H](C)[C@H](O)CC(=O)O[C@@H]2CC)O[C@@H]1C,CCCCCCCCCCCC=CCCCCC(=O)O[C@H]1[C@@H](OC)[C@@H](OC)[C@H](OC[C@H]2/C=C(C)/C=C/C(=O)[C@H](C)C[C@H](CC=O)[C@H](O[C@@H]3O[C@H](C)[C@@H](O[C@H]4C[C@@](C)(O)[C@@H](O)[C@H](C)O4)[C@H](N(C)C)[C@H]3O)[C@@H](C)[C@H](O)CC(=O)O[C@@H]2CC)O[C@@H]1C,TRUE,,-1.515
tylosin,Tylosin (Ì©ÀÖ¾úËØ),REF_TYLOSIN,repository_reference,O59_attached_to_C55,59,55,C,MPM00967,tetradecanoate,CCCCCCCCCCCCCC(=O)O,1,CCCCCCCCCCCCCC(=O)O[C@H]1[C@@H](OC)[C@@H](OC)[C@H](OC[C@H]2/C=C(C)/C=C/C(=O)[C@H](C)C[C@H](CC=O)[C@H](O[C@@H]3O[C@H](C)[C@@H](O[C@H]4C[C@@](C)(O)[C@@H](O)[C@H](C)O4)[C@H](N(C)C)[C@H]3O)[C@@H](C)[C@H](O)CC(=O)O[C@@H]2CC)O[C@@H]1C,CCCCCCCCCCCCCC(=O)O[C@H]1[C@@H](OC)[C@@H](OC)[C@H](OC[C@H]2/C=C(C)/C=C/C(=O)[C@H](C)C[C@H](CC=O)[C@H](O[C@@H]3O[C@H](C)[C@@H](O[C@H]4C[C@@](C)(O)[C@@H](O)[C@H](C)O4)[C@H](N(C)C)[C@H]3O)[C@@H](C)[C@H](O)CC(=O)O[C@@H]2CC)O[C@@H]1C,TRUE,,-1.334
tylosin,Tylosin (Ì©ÀÖ¾úËØ),REF_TYLOSIN,repository_reference,O59_attached_to_C55,59,55,C,MPM00296,3-Hydroxyhexadecanoic acid,CCCCCCCCCCCCCC(O)CC(=O)O,1,CCCCCCCCCCCCCC(O)CC(=O)O[C@H]1[C@@H](OC)[C@@H](OC)[C@H](OC[C@H]2/C=C(C)/C=C/C(=O)[C@H](C)C[C@H](CC=O)[C@H](O[C@@H]3O[C@H](C)[C@@H](O[C@H]4C[C@@](C)(O)[C@@H](O)[C@H](C)O4)[C@H](N(C)C)[C@H]3O)[C@@H](C)[C@H](O)CC(=O)O[C@@H]2CC)O[C@@H]1C,CCCCCCCCCCCCCC(O)CC(=O)O[C@H]1[C@@H](OC)[C@@H](OC)[C@H](OC[C@H]2/C=C(C)/C=C/C(=O)[C@H](C)C[C@H](CC=O)[C@H](O[C@@H]3O[C@H](C)[C@@H](O[C@H]4C[C@@](C)(O)[C@@H](O)[C@H](C)O4)[C@H](N(C)C)[C@H]3O)[C@@H](C)[C@H](O)CC(=O)O[C@@H]2CC)O[C@@H]1C,TRUE,,-1.585
tylosin,Tylosin (Ì©ÀÖ¾úËØ),REF_TYLOSIN,repository_reference,O59_attached_to_C55,59,55,C,MPM00511,Cetylic acid,CCCCCCCCCCCCCCCC(=O)O,1,CCCCCCCCCCCCCCCC(=O)O[C@H]1[C@@H](OC)[C@@H](OC)[C@H](OC[C@H]2/C=C(C)/C=C/C(=O)[C@H](C)C[C@H](CC=O)[C@H](O[C@@H]3O[C@H](C)[C@@H](O[C@H]4C[C@@](C)(O)[C@@H](O)[C@H](C)O4)[C@H](N(C)C)[C@H]3O)[C@@H](C)[C@H](O)CC(=O)O[C@@H]2CC)O[C@@H]1C,CCCCCCCCCCCCCCCC(=O)O[C@H]1[C@@H](OC)[C@@H](OC)[C@H](OC[C@H]2/C=C(C)/C=C/C(=O)[C@H](C)C[C@H](CC=O)[C@H](O[C@@H]3O[C@H](C)[C@@H](O[C@H]4C[C@@](C)(O)[C@@H](O)[C@H](C)O4)[C@H](N(C)C)[C@H]3O)[C@@H](C)[C@H](O)CC(=O)O[C@@H]2CC)O[C@@H]1C,TRUE,,-1.412
tylosin,Tylosin (Ì©ÀÖ¾úËØ),REF_TYLOSIN,repository_reference,O59_attached_to_C55,59,55,C,MPM00955,Stearic acid,CCCCCCCCCCCCCCCCCC(=O)O,1,CCCCCCCCCCCCCCCCCC(=O)O[C@H]1[C@@H](OC)[C@@H](OC)[C@H](OC[C@H]2/C=C(C)/C=C/C(=O)[C@H](C)C[C@H](CC=O)[C@H](O[C@@H]3O[C@H](C)[C@@H](O[C@H]4C[C@@](C)(O)[C@@H](O)[C@H](C)O4)[C@H](N(C)C)[C@H]3O)[C@@H](C)[C@H](O)CC(=O)O[C@@H]2CC)O[C@@H]1C,CCCCCCCCCCCCCCCCCC(=O)O[C@H]1[C@@H](OC)[C@@H](OC)[C@H](OC[C@H]2/C=C(C)/C=C/C(=O)[C@H](C)C[C@H](CC=O)[C@H](O[C@@H]3O[C@H](C)[C@@H](O[C@H]4C[C@@](C)(O)[C@@H](O)[C@H](C)O4)[C@H](N(C)C)[C@H]3O)[C@@H](C)[C@H](O)CC(=O)O[C@@H]2CC)O[C@@H]1C,TRUE,,-1.491
tylosin,Tylosin (Ì©ÀÖ¾úËØ),REF_TYLOSIN,repository_reference,O59_attached_to_C55,59,55,C,MPM01526,N-Methylglycine,CNCC(=O)O,1,CC[C@H]1OC(=O)C[C@@H](O)[C@H](C)[C@@H](O[C@@H]2O[C@H](C)[C@@H](O[C@H]3C[C@@](C)(O)[C@@H](O)[C@H](C)O3)[C@H](N(C)C)[C@H]2O)[C@@H](CC=O)C[C@@H](C)C(=O)/C=C/C(C)=C/[C@@H]1CO[C@@H]1O[C@H](C)[C@@H](OC(=O)CNC)[C@@H](OC)[C@H]1OC,CC[C@H]1OC(=O)C[C@@H](O)[C@H](C)[C@@H](O[C@@H]2O[C@H](C)[C@@H](O[C@H]3C[C@@](C)(O)[C@@H](O)[C@H](C)O3)[C@H](N(C)C)[C@H]2O)[C@@H](CC=O)C[C@@H](C)C(=O)/C=C/C(C)=C/[C@@H]1CO[C@@H]1O[C@H](C)[C@@H](OC(=O)CNC)[C@@H](OC)[C@H]1OC,TRUE,,-0.51
tylosin,Tylosin (Ì©ÀÖ¾úËØ),REF_TYLOSIN,repository_reference,O59_attached_to_C55,59,55,C,MPM00346,4-Hydroxy-3-methoxycinnamate,COc1cc(C=CC(=O)O)ccc1O,1,CC[C@H]1OC(=O)C[C@@H](O)[C@H](C)[C@@H](O[C@@H]2O[C@H](C)[C@@H](O[C@H]3C[C@@](C)(O)[C@@H](O)[C@H](C)O3)[C@H](N(C)C)[C@H]2O)[C@@H](CC=O)C[C@@H](C)C(=O)/C=C/C(C)=C/[C@@H]1CO[C@@H]1O[C@H](C)[C@@H](OC(=O)C=Cc2ccc(O)c(OC)c2)[C@@H](OC)[C@H]1OC,CC[C@H]1OC(=O)C[C@@H](O)[C@H](C)[C@@H](O[C@@H]2O[C@H](C)[C@@H](O[C@H]3C[C@@](C)(O)[C@@H](O)[C@H](C)O3)[C@H](N(C)C)[C@H]2O)[C@@H](CC=O)C[C@@H](C)C(=O)/C=C/C(C)=C/[C@@H]1CO[C@@H]1O[C@H](C)[C@@H](OC(=O)C=Cc2ccc(O)c(OC)c2)[C@@H](OC)[C@H]1OC,TRUE,,-0.184
tylosin,Tylosin (Ì©ÀÖ¾úËØ),REF_TYLOSIN,repository_reference,O59_attached_to_C55,59,55,C,MPM01482,L-Methionine (R)-S-oxide,CS(=O)CCC(N)C(=O)O,1,CC[C@H]1OC(=O)C[C@@H](O)[C@H](C)[C@@H](O[C@@H]2O[C@H](C)[C@@H](O[C@H]3C[C@@](C)(O)[C@@H](O)[C@H](C)O3)[C@H](N(C)C)[C@H]2O)[C@@H](CC=O)C[C@@H](C)C(=O)/C=C/C(C)=C/[C@@H]1CO[C@@H]1O[C@H](C)[C@@H](OC(=O)C(N)CCS(C)=O)[C@@H](OC)[C@H]1OC,CC[C@H]1OC(=O)C[C@@H](O)[C@H](C)[C@@H](O[C@@H]2O[C@H](C)[C@@H](O[C@H]3C[C@@](C)(O)[C@@H](O)[C@H](C)O3)[C@H](N(C)C)[C@H]2O)[C@@H](CC=O)C[C@@H](C)C(=O)/C=C/C(C)=C/[C@@H]1CO[C@@H]1O[C@H](C)[C@@H](OC(=O)C(N)CCS(C)=O)[C@@H](OC)[C@H]1OC,TRUE,,-0.974
tylosin,Tylosin (Ì©ÀÖ¾úËØ),REF_TYLOSIN,repository_reference,O59_attached_to_C55,59,55,C,MPM01356,D-2-Amino-4-(methylthio)butyric acid,CSCCC(N)C(=O)O,1,CC[C@H]1OC(=O)C[C@@H](O)[C@H](C)[C@@H](O[C@@H]2O[C@H](C)[C@@H](O[C@H]3C[C@@](C)(O)[C@@H](O)[C@H](C)O3)[C@H](N(C)C)[C@H]2O)[C@@H](CC=O)C[C@@H](C)C(=O)/C=C/C(C)=C/[C@@H]1CO[C@@H]1O[C@H](C)[C@@H](OC(=O)C(N)CCSC)[C@@H](OC)[C@H]1OC,CC[C@H]1OC(=O)C[C@@H](O)[C@H](C)[C@@H](O[C@@H]2O[C@H](C)[C@@H](O[C@H]3C[C@@](C)(O)[C@@H](O)[C@H](C)O3)[C@H](N(C)C)[C@H]2O)[C@@H](CC=O)C[C@@H](C)C(=O)/C=C/C(C)=C/[C@@H]1CO[C@@H]1O[C@H](C)[C@@H](OC(=O)C(N)CCSC)[C@@H](OC)[C@H]1OC,TRUE,,-1.177
tylosin,Tylosin (Ì©ÀÖ¾úËØ),REF_TYLOSIN,repository_reference,O59_attached_to_C55,59,55,C,MPM00678,Glycylmethionine,CSCCC(NC(=O)CN)C(=O)O,1,CC[C@H]1OC(=O)C[C@@H](O)[C@H](C)[C@@H](O[C@@H]2O[C@H](C)[C@@H](O[C@H]3C[C@@](C)(O)[C@@H](O)[C@H](C)O3)[C@H](N(C)C)[C@H]2O)[C@@H](CC=O)C[C@@H](C)C(=O)/C=C/C(C)=C/[C@@H]1CO[C@@H]1O[C@H](C)[C@@H](OC(=O)C(CCSC)NC(=O)CN)[C@@H](OC)[C@H]1OC,CC[C@H]1OC(=O)C[C@@H](O)[C@H](C)[C@@H](O[C@@H]2O[C@H](C)[C@@H](O[C@H]3C[C@@](C)(O)[C@@H](O)[C@H](C)O3)[C@H](N(C)C)[C@H]2O)[C@@H](CC=O)C[C@@H](C)C(=O)/C=C/C(C)=C/[C@@H]1CO[C@@H]1O[C@H](C)[C@@H](OC(=O)C(CCSC)NC(=O)CN)[C@@H](OC)[C@H]1OC,TRUE,,-0.95
tylosin,Tylosin (Ì©ÀÖ¾úËØ),REF_TYLOSIN,repository_reference,O59_attached_to_C55,59,55,C,MPM01143,2-Aminosuccinamic acid,NC(=O)CC(N)C(=O)O,1,CC[C@H]1OC(=O)C[C@@H](O)[C@H](C)[C@@H](O[C@@H]2O[C@H](C)[C@@H](O[C@H]3C[C@@](C)(O)[C@@H](O)[C@H](C)O3)[C@H](N(C)C)[C@H]2O)[C@@H](CC=O)C[C@@H](C)C(=O)/C=C/C(C)=C/[C@@H]1CO[C@@H]1O[C@H](C)[C@@H](OC(=O)C(N)CC(N)=O)[C@@H](OC)[C@H]1OC,CC[C@H]1OC(=O)C[C@@H](O)[C@H](C)[C@@H](O[C@@H]2O[C@H](C)[C@@H](O[C@H]3C[C@@](C)(O)[C@@H](O)[C@H](C)O3)[C@H](N(C)C)[C@H]2O)[C@@H](CC=O)C[C@@H](C)C(=O)/C=C/C(C)=C/[C@@H]1CO[C@@H]1O[C@H](C)[C@@H](OC(=O)C(N)CC(N)=O)[C@@H](OC)[C@H]1OC,TRUE,,-0.513
tylosin,Tylosin (Ì©ÀÖ¾úËØ),REF_TYLOSIN,repository_reference,O59_attached_to_C55,59,55,C,MPM01464,L-2-Aminoglutaramic acid,NC(=O)CCC(N)C(=O)O,1,CC[C@H]1OC(=O)C[C@@H](O)[C@H](C)[C@@H](O[C@@H]2O[C@H](C)[C@@H](O[C@H]3C[C@@](C)(O)[C@@H](O)[C@H](C)O3)[C@H](N(C)C)[C@H]2O)[C@@H](CC=O)C[C@@H](C)C(=O)/C=C/C(C)=C/[C@@H]1CO[C@@H]1O[C@H](C)[C@@H](OC(=O)C(N)CCC(N)=O)[C@@H](OC)[C@H]1OC,CC[C@H]1OC(=O)C[C@@H](O)[C@H](C)[C@@H](O[C@@H]2O[C@H](C)[C@@H](O[C@H]3C[C@@](C)(O)[C@@H](O)[C@H](C)O3)[C@H](N(C)C)[C@H]2O)[C@@H](CC=O)C[C@@H](C)C(=O)/C=C/C(C)=C/[C@@H]1CO[C@@H]1O[C@H](C)[C@@H](OC(=O)C(N)CCC(N)=O)[C@@H](OC)[C@H]1OC,TRUE,,-0.585
tylosin,Tylosin (Ì©ÀÖ¾úËØ),REF_TYLOSIN,repository_reference,O59_attached_to_C55,59,55,C,MPM00951,S-Succinyldihydrolipoamide,NC(=O)CCCCC(S)CCSC(=O)CCC(=O)O,1,CC[C@H]1OC(=O)C[C@@H](O)[C@H](C)[C@@H](O[C@@H]2O[C@H](C)[C@@H](O[C@H]3C[C@@](C)(O)[C@@H](O)[C@H](C)O3)[C@H](N(C)C)[C@H]2O)[C@@H](CC=O)C[C@@H](C)C(=O)/C=C/C(C)=C/[C@@H]1CO[C@@H]1O[C@H](C)[C@@H](OC(=O)CCC(=O)SCCC(S)CCCCC(N)=O)[C@@H](OC)[C@H]1OC,CC[C@H]1OC(=O)C[C@@H](O)[C@H](C)[C@@H](O[C@@H]2O[C@H](C)[C@@H](O[C@H]3C[C@@](C)(O)[C@@H](O)[C@H](C)O3)[C@H](N(C)C)[C@H]2O)[C@@H](CC=O)C[C@@H](C)C(=O)/C=C/C(C)=C/[C@@H]1CO[C@@H]1O[C@H](C)[C@@H](OC(=O)CCC(=O)SCCC(S)CCCCC(N)=O)[C@@H](OC)[C@H]1OC,TRUE,,-3.53
tylosin,Tylosin (Ì©ÀÖ¾úËØ),REF_TYLOSIN,repository_reference,O59_attached_to_C55,59,55,C,MPM00444,Allophanic acid,NC(=O)NC(=O)O,1,CC[C@H]1OC(=O)C[C@@H](O)[C@H](C)[C@@H](O[C@@H]2O[C@H](C)[C@@H](O[C@H]3C[C@@](C)(O)[C@@H](O)[C@H](C)O3)[C@H](N(C)C)[C@H]2O)[C@@H](CC=O)C[C@@H](C)C(=O)/C=C/C(C)=C/[C@@H]1CO[C@@H]1O[C@H](C)[C@@H](OC(=O)NC(N)=O)[C@@H](OC)[C@H]1OC,CC[C@H]1OC(=O)C[C@@H](O)[C@H](C)[C@@H](O[C@@H]2O[C@H](C)[C@@H](O[C@H]3C[C@@](C)(O)[C@@H](O)[C@H](C)O3)[C@H](N(C)C)[C@H]2O)[C@@H](CC=O)C[C@@H](C)C(=O)/C=C/C(C)=C/[C@@H]1CO[C@@H]1O[C@H](C)[C@@H](OC(=O)NC(N)=O)[C@@H](OC)[C@H]1OC,TRUE,,-1.298
tylosin,Tylosin (Ì©ÀÖ¾úËØ),REF_TYLOSIN,repository_reference,O59_attached_to_C55,59,55,C,MPM00442,Allantoic acid,NC(=O)NC(NC(N)=O)C(=O)O,1,CC[C@H]1OC(=O)C[C@@H](O)[C@H](C)[C@@H](O[C@@H]2O[C@H](C)[C@@H](O[C@H]3C[C@@](C)(O)[C@@H](O)[C@H](C)O3)[C@H](N(C)C)[C@H]2O)[C@@H](CC=O)C[C@@H](C)C(=O)/C=C/C(C)=C/[C@@H]1CO[C@@H]1O[C@H](C)[C@@H](OC(=O)C(NC(N)=O)NC(N)=O)[C@@H](OC)[C@H]1OC,CC[C@H]1OC(=O)C[C@@H](O)[C@H](C)[C@@H](O[C@@H]2O[C@H](C)[C@@H](O[C@H]3C[C@@](C)(O)[C@@H](O)[C@H](C)O3)[C@H](N(C)C)[C@H]2O)[C@@H](CC=O)C[C@@H](C)C(=O)/C=C/C(C)=C/[C@@H]1CO[C@@H]1O[C@H](C)[C@@H](OC(=O)C(NC(N)=O)NC(N)=O)[C@@H](OC)[C@H]1OC,TRUE,,-1.579
tylosin,Tylosin (Ì©ÀÖ¾úËØ),REF_TYLOSIN,repository_reference,O59_attached_to_C55,59,55,C,MPM00004,(-)-Ureidoglycolate,NC(=O)NC(O)C(=O)O,1,CC[C@H]1OC(=O)C[C@@H](O)[C@H](C)[C@@H](O[C@@H]2O[C@H](C)[C@@H](O[C@H]3C[C@@](C)(O)[C@@H](O)[C@H](C)O3)[C@H](N(C)C)[C@H]2O)[C@@H](CC=O)C[C@@H](C)C(=O)/C=C/C(C)=C/[C@@H]1CO[C@@H]1O[C@H](C)[C@@H](OC(=O)C(O)NC(N)=O)[C@@H](OC)[C@H]1OC,CC[C@H]1OC(=O)C[C@@H](O)[C@H](C)[C@@H](O[C@@H]2O[C@H](C)[C@@H](O[C@H]3C[C@@](C)(O)[C@@H](O)[C@H](C)O3)[C@H](N(C)C)[C@H]2O)[C@@H](CC=O)C[C@@H](C)C(=O)/C=C/C(C)=C/[C@@H]1CO[C@@H]1O[C@H](C)[C@@H](OC(=O)C(O)NC(N)=O)[C@@H](OC)[C@H]1OC,TRUE,,-1.211
tylosin,Tylosin (Ì©ÀÖ¾úËØ),REF_TYLOSIN,repository_reference,O59_attached_to_C55,59,55,C,MPM00254,2-Oxo-4-hydroxy-4-carboxy-5-ureidoimidazoline,NC(=O)NC1=NC(=O)NC1(O)C(=O)O,1,CC[C@H]1OC(=O)C[C@@H](O)[C@H](C)[C@@H](O[C@@H]2O[C@H](C)[C@@H](O[C@H]3C[C@@](C)(O)[C@@H](O)[C@H](C)O3)[C@H](N(C)C)[C@H]2O)[C@@H](CC=O)C[C@@H](C)C(=O)/C=C/C(C)=C/[C@@H]1CO[C@@H]1O[C@H](C)[C@@H](OC(=O)C2(O)NC(=O)N=C2NC(N)=O)[C@@H](OC)[C@H]1OC,CC[C@H]1OC(=O)C[C@@H](O)[C@H](C)[C@@H](O[C@@H]2O[C@H](C)[C@@H](O[C@H]3C[C@@](C)(O)[C@@H](O)[C@H](C)O3)[C@H](N(C)C)[C@H]2O)[C@@H](CC=O)C[C@@H](C)C(=O)/C=C/C(C)=C/[C@@H]1CO[C@@H]1O[C@H](C)[C@@H](OC(=O)C2(O)NC(=O)N=C2NC(N)=O)[C@@H](OC)[C@H]1OC,TRUE,,-1.815
tylosin,Tylosin (Ì©ÀÖ¾úËØ),REF_TYLOSIN,repository_reference,O59_attached_to_C55,59,55,C,MPM00815,N-Carbamoyl-beta-alanine,NC(=O)NCCC(=O)O,1,CC[C@H]1OC(=O)C[C@@H](O)[C@H](C)[C@@H](O[C@@H]2O[C@H](C)[C@@H](O[C@H]3C[C@@](C)(O)[C@@H](O)[C@H](C)O3)[C@H](N(C)C)[C@H]2O)[C@@H](CC=O)C[C@@H](C)C(=O)/C=C/C(C)=C/[C@@H]1CO[C@@H]1O[C@H](C)[C@@H](OC(=O)CCNC(N)=O)[C@@H](OC)[C@H]1OC,CC[C@H]1OC(=O)C[C@@H](O)[C@H](C)[C@@H](O[C@@H]2O[C@H](C)[C@@H](O[C@H]3C[C@@](C)(O)[C@@H](O)[C@H](C)O3)[C@H](N(C)C)[C@H]2O)[C@@H](CC=O)C[C@@H](C)C(=O)/C=C/C(C)=C/[C@@H]1CO[C@@H]1O[C@H](C)[C@@H](OC(=O)CCNC(N)=O)[C@@H](OC)[C@H]1OC,TRUE,,-1.055
tylosin,Tylosin (Ì©ÀÖ¾úËØ),REF_TYLOSIN,repository_reference,O59_attached_to_C55,59,55,C,MPM01334,Citrulline,NC(=O)NCCCC(N)C(=O)O,1,CC[C@H]1OC(=O)C[C@@H](O)[C@H](C)[C@@H](O[C@@H]2O[C@H](C)[C@@H](O[C@H]3C[C@@](C)(O)[C@@H](O)[C@H](C)O3)[C@H](N(C)C)[C@H]2O)[C@@H](CC=O)C[C@@H](C)C(=O)/C=C/C(C)=C/[C@@H]1CO[C@@H]1O[C@H](C)[C@@H](OC(=O)C(N)CCCNC(N)=O)[C@@H](OC)[C@H]1OC,CC[C@H]1OC(=O)C[C@@H](O)[C@H](C)[C@@H](O[C@@H]2O[C@H](C)[C@@H](O[C@H]3C[C@@](C)(O)[C@@H](O)[C@H](C)O3)[C@H](N(C)C)[C@H]2O)[C@@H](CC=O)C[C@@H](C)C(=O)/C=C/C(C)=C/[C@@H]1CO[C@@H]1O[C@H](C)[C@@H](OC(=O)C(N)CCCNC(N)=O)[C@@H](OC)[C@H]1OC,TRUE,,-0.956
tylosin,Tylosin (Ì©ÀÖ¾úËØ),REF_TYLOSIN,repository_reference,O59_attached_to_C55,59,55,C,MPM01438,Hydroxythreonine,NC(C(=O)O)C(O)CO,1,CC[C@H]1OC(=O)C[C@@H](O)[C@H](C)[C@@H](O[C@@H]2O[C@H](C)[C@@H](O[C@H]3C[C@@](C)(O)[C@@H](O)[C@H](C)O3)[C@H](N(C)C)[C@H]2O)[C@@H](CC=O)C[C@@H](C)C(=O)/C=C/C(C)=C/[C@@H]1CO[C@@H]1O[C@H](C)[C@@H](OC(=O)C(N)C(O)CO)[C@@H](OC)[C@H]1OC,CC[C@H]1OC(=O)C[C@@H](O)[C@H](C)[C@@H](O[C@@H]2O[C@H](C)[C@@H](O[C@H]3C[C@@](C)(O)[C@@H](O)[C@H](C)O3)[C@H](N(C)C)[C@H]2O)[C@@H](CC=O)C[C@@H](C)C(=O)/C=C/C(C)=C/[C@@H]1CO[C@@H]1O[C@H](C)[C@@H](OC(=O)C(N)C(O)CO)[C@@H](OC)[C@H]1OC,TRUE,,-0.937
tylosin,Tylosin (Ì©ÀÖ¾úËØ),REF_TYLOSIN,repository_reference,O59_attached_to_C55,59,55,C,MPM00363,4-Phosphooxy-L-threonine,NC(C(=O)O)C(O)COP(=O)(O)O,1,CC[C@H]1OC(=O)C[C@@H](O)[C@H](C)[C@@H](O[C@@H]2O[C@H](C)[C@@H](O[C@H]3C[C@@](C)(O)[C@@H](O)[C@H](C)O3)[C@H](N(C)C)[C@H]2O)[C@@H](CC=O)C[C@@H](C)C(=O)/C=C/C(C)=C/[C@@H]1CO[C@@H]1O[C@H](C)[C@@H](OC(=O)C(N)C(O)COP(=O)(O)O)[C@@H](OC)[C@H]1OC,CC[C@H]1OC(=O)C[C@@H](O)[C@H](C)[C@@H](O[C@@H]2O[C@H](C)[C@@H](O[C@H]3C[C@@](C)(O)[C@@H](O)[C@H](C)O3)[C@H](N(C)C)[C@H]2O)[C@@H](CC=O)C[C@@H](C)C(=O)/C=C/C(C)=C/[C@@H]1CO[C@@H]1O[C@H](C)[C@@H](OC(=O)C(N)C(O)COP(=O)(O)O)[C@@H](OC)[C@H]1OC,TRUE,,-1.032
tylosin,Tylosin (Ì©ÀÖ¾úËØ),REF_TYLOSIN,repository_reference,O59_attached_to_C55,59,55,C,MPM01144,2-Ammoniomalonate semialdehyde,NC(C=O)C(=O)O,1,CC[C@H]1OC(=O)C[C@@H](O)[C@H](C)[C@@H](O[C@@H]2O[C@H](C)[C@@H](O[C@H]3C[C@@](C)(O)[C@@H](O)[C@H](C)O3)[C@H](N(C)C)[C@H]2O)[C@@H](CC=O)C[C@@H](C)C(=O)/C=C/C(C)=C/[C@@H]1CO[C@@H]1O[C@H](C)[C@@H](OC(=O)C(N)C=O)[C@@H](OC)[C@H]1OC,CC[C@H]1OC(=O)C[C@@H](O)[C@H](C)[C@@H](O[C@@H]2O[C@H](C)[C@@H](O[C@H]3C[C@@](C)(O)[C@@H](O)[C@H](C)O3)[C@H](N(C)C)[C@H]2O)[C@@H](CC=O)C[C@@H](C)C(=O)/C=C/C(C)=C/[C@@H]1CO[C@@H]1O[C@H](C)[C@@H](OC(=O)C(N)C=O)[C@@H](OC)[C@H]1OC,TRUE,,-0.802
tylosin,Tylosin (Ì©ÀÖ¾úËØ),REF_TYLOSIN,repository_reference,O59_attached_to_C55,59,55,C,MPM01475,L-Glutamate 1-semialdehyde,NC(C=O)CCC(=O)O,1,CC[C@H]1OC(=O)C[C@@H](O)[C@H](C)[C@@H](O[C@@H]2O[C@H](C)[C@@H](O[C@H]3C[C@@](C)(O)[C@@H](O)[C@H](C)O3)[C@H](N(C)C)[C@H]2O)[C@@H](CC=O)C[C@@H](C)C(=O)/C=C/C(C)=C/[C@@H]1CO[C@@H]1O[C@H](C)[C@@H](OC(=O)CCC(N)C=O)[C@@H](OC)[C@H]1OC,CC[C@H]1OC(=O)C[C@@H](O)[C@H](C)[C@@H](O[C@@H]2O[C@H](C)[C@@H](O[C@H]3C[C@@](C)(O)[C@@H](O)[C@H](C)O3)[C@H](N(C)C)[C@H]2O)[C@@H](CC=O)C[C@@H](C)C(=O)/C=C/C(C)=C/[C@@H]1CO[C@@H]1O[C@H](C)[C@@H](OC(=O)CCC(N)C=O)[C@@H](OC)[C@H]1OC,TRUE,,-1.062
tylosin,Tylosin (Ì©ÀÖ¾úËØ),REF_TYLOSIN,repository_reference,O59_attached_to_C55,59,55,C,MPM01471,L-Aspartic 4-semialdehyde,NC(CC=O)C(=O)O,1,CC[C@H]1OC(=O)C[C@@H](O)[C@H](C)[C@@H](O[C@@H]2O[C@H](C)[C@@H](O[C@H]3C[C@@](C)(O)[C@@H](O)[C@H](C)O3)[C@H](N(C)C)[C@H]2O)[C@@H](CC=O)C[C@@H](C)C(=O)/C=C/C(C)=C/[C@@H]1CO[C@@H]1O[C@H](C)[C@@H](OC(=O)C(N)CC=O)[C@@H](OC)[C@H]1OC,CC[C@H]1OC(=O)C[C@@H](O)[C@H](C)[C@@H](O[C@@H]2O[C@H](C)[C@@H](O[C@H]3C[C@@](C)(O)[C@@H](O)[C@H](C)O3)[C@H](N(C)C)[C@H]2O)[C@@H](CC=O)C[C@@H](C)C(=O)/C=C/C(C)=C/[C@@H]1CO[C@@H]1O[C@H](C)[C@@H](OC(=O)C(N)CC=O)[C@@H](OC)[C@H]1OC,TRUE,,-0.973
tylosin,Tylosin (Ì©ÀÖ¾úËØ),REF_TYLOSIN,repository_reference,O59_attached_to_C55,59,55,C,MPM01476,L-Glutamate gamma-semialdehyde,NC(CCC=O)C(=O)O,1,CC[C@H]1OC(=O)C[C@@H](O)[C@H](C)[C@@H](O[C@@H]2O[C@H](C)[C@@H](O[C@H]3C[C@@](C)(O)[C@@H](O)[C@H](C)O3)[C@H](N(C)C)[C@H]2O)[C@@H](CC=O)C[C@@H](C)C(=O)/C=C/C(C)=C/[C@@H]1CO[C@@H]1O[C@H](C)[C@@H](OC(=O)C(N)CCC=O)[C@@H](OC)[C@H]1OC,CC[C@H]1OC(=O)C[C@@H](O)[C@H](C)[C@@H](O[C@@H]2O[C@H](C)[C@@H](O[C@H]3C[C@@](C)(O)[C@@H](O)[C@H](C)O3)[C@H](N(C)C)[C@H]2O)[C@@H](CC=O)C[C@@H](C)C(=O)/C=C/C(C)=C/[C@@H]1CO[C@@H]1O[C@H](C)[C@@H](OC(=O)C(N)CCC=O)[C@@H](OC)[C@H]1OC,TRUE,,-1.046
tylosin,Tylosin (Ì©ÀÖ¾úËØ),REF_TYLOSIN,repository_reference,O59_attached_to_C55,59,55,C,MPM01076,(S)-2-Amino-6-oxohexanoate,NC(CCCC=O)C(=O)O,1,CC[C@H]1OC(=O)C[C@@H](O)[C@H](C)[C@@H](O[C@@H]2O[C@H](C)[C@@H](O[C@H]3C[C@@](C)(O)[C@@H](O)[C@H](C)O3)[C@H](N(C)C)[C@H]2O)[C@@H](CC=O)C[C@@H](C)C(=O)/C=C/C(C)=C/[C@@H]1CO[C@@H]1O[C@H](C)[C@@H](OC(=O)C(N)CCCC=O)[C@@H](OC)[C@H]1OC,CC[C@H]1OC(=O)C[C@@H](O)[C@H](C)[C@@H](O[C@@H]2O[C@H](C)[C@@H](O[C@H]3C[C@@](C)(O)[C@@H](O)[C@H](C)O3)[C@H](N(C)C)[C@H]2O)[C@@H](CC=O)C[C@@H](C)C(=O)/C=C/C(C)=C/[C@@H]1CO[C@@H]1O[C@H](C)[C@@H](OC(=O)C(N)CCCC=O)[C@@H](OC)[C@H]1OC,TRUE,,-1.111
tylosin,Tylosin (Ì©ÀÖ¾úËØ),REF_TYLOSIN,repository_reference,O59_attached_to_C55,59,55,C,MPM00800,N6-(D-Fructosyl)-L-lysine,NC(CCCCNCC(=O)C(O)C(O)C(O)CO)C(=O)O,1,CC[C@H]1OC(=O)C[C@@H](O)[C@H](C)[C@@H](O[C@@H]2O[C@H](C)[C@@H](O[C@H]3C[C@@](C)(O)[C@@H](O)[C@H](C)O3)[C@H](N(C)C)[C@H]2O)[C@@H](CC=O)C[C@@H](C)C(=O)/C=C/C(C)=C/[C@@H]1CO[C@@H]1O[C@H](C)[C@@H](OC(=O)C(N)CCCCNCC(=O)C(O)C(O)C(O)CO)[C@@H](OC)[C@H]1OC,CC[C@H]1OC(=O)C[C@@H](O)[C@H](C)[C@@H](O[C@@H]2O[C@H](C)[C@@H](O[C@H]3C[C@@](C)(O)[C@@H](O)[C@H](C)O3)[C@H](N(C)C)[C@H]2O)[C@@H](CC=O)C[C@@H](C)C(=O)/C=C/C(C)=C/[C@@H]1CO[C@@H]1O[C@H](C)[C@@H](OC(=O)C(N)CCCCNCC(=O)C(O)C(O)C(O)CO)[C@@H](OC)[C@H]1OC,TRUE,,-1.391
tylosin,Tylosin (Ì©ÀÖ¾úËØ),REF_TYLOSIN,repository_reference,O59_attached_to_C55,59,55,C,MPM01141,2-Amino-4-hydroxybutyric acid,NC(CCO)C(=O)O,1,CC[C@H]1OC(=O)C[C@@H](O)[C@H](C)[C@@H](O[C@@H]2O[C@H](C)[C@@H](O[C@H]3C[C@@](C)(O)[C@@H](O)[C@H](C)O3)[C@H](N(C)C)[C@H]2O)[C@@H](CC=O)C[C@@H](C)C(=O)/C=C/C(C)=C/[C@@H]1CO[C@@H]1O[C@H](C)[C@@H](OC(=O)C(N)CCO)[C@@H](OC)[C@H]1OC,CC[C@H]1OC(=O)C[C@@H](O)[C@H](C)[C@@H](O[C@@H]2O[C@H](C)[C@@H](O[C@H]3C[C@@](C)(O)[C@@H](O)[C@H](C)O3)[C@H](N(C)C)[C@H]2O)[C@@H](CC=O)C[C@@H](C)C(=O)/C=C/C(C)=C/[C@@H]1CO[C@@H]1O[C@H](C)[C@@H](OC(=O)C(N)CCO)[C@@H](OC)[C@H]1OC,TRUE,,-0.659
tylosin,Tylosin (Ì©ÀÖ¾úËØ),REF_TYLOSIN,repository_reference,O59_attached_to_C55,59,55,C,MPM00698,Homocysteine,NC(CCS)C(=O)O,1,CC[C@H]1OC(=O)C[C@@H](O)[C@H](C)[C@@H](O[C@@H]2O[C@H](C)[C@@H](O[C@H]3C[C@@](C)(O)[C@@H](O)[C@H](C)O3)[C@H](N(C)C)[C@H]2O)[C@@H](CC=O)C[C@@H](C)C(=O)/C=C/C(C)=C/[C@@H]1CO[C@@H]1O[C@H](C)[C@@H](OC(=O)C(N)CCS)[C@@H](OC)[C@H]1OC,CC[C@H]1OC(=O)C[C@@H](O)[C@H](C)[C@@H](O[C@@H]2O[C@H](C)[C@@H](O[C@H]3C[C@@](C)(O)[C@@H](O)[C@H](C)O3)[C@H](N(C)C)[C@H]2O)[C@@H](CC=O)C[C@@H](C)C(=O)/C=C/C(C)=C/[C@@H]1CO[C@@H]1O[C@H](C)[C@@H](OC(=O)C(N)CCS)[C@@H](OC)[C@H]1OC,TRUE,,-2.025
tylosin,Tylosin (Ì©ÀÖ¾úËØ),REF_TYLOSIN,repository_reference,O59_attached_to_C55,59,55,C,MPM01379,D-Serine,NC(CO)C(=O)O,1,CC[C@H]1OC(=O)C[C@@H](O)[C@H](C)[C@@H](O[C@@H]2O[C@H](C)[C@@H](O[C@H]3C[C@@](C)(O)[C@@H](O)[C@H](C)O3)[C@H](N(C)C)[C@H]2O)[C@@H](CC=O)C[C@@H](C)C(=O)/C=C/C(C)=C/[C@@H]1CO[C@@H]1O[C@H](C)[C@@H](OC(=O)C(N)CO)[C@@H](OC)[C@H]1OC,CC[C@H]1OC(=O)C[C@@H](O)[C@H](C)[C@@H](O[C@@H]2O[C@H](C)[C@@H](O[C@H]3C[C@@](C)(O)[C@@H](O)[C@H](C)O3)[C@H](N(C)C)[C@H]2O)[C@@H](CC=O)C[C@@H](C)C(=O)/C=C/C(C)=C/[C@@H]1CO[C@@H]1O[C@H](C)[C@@H](OC(=O)C(N)CO)[C@@H](OC)[C@H]1OC,TRUE,,-0.663
tylosin,Tylosin (Ì©ÀÖ¾úËØ),REF_TYLOSIN,repository_reference,O59_attached_to_C55,59,55,C,MPM00325,3-Phospho-L-serine,NC(COP(=O)(O)O)C(=O)O,1,CC[C@H]1OC(=O)C[C@@H](O)[C@H](C)[C@@H](O[C@@H]2O[C@H](C)[C@@H](O[C@H]3C[C@@](C)(O)[C@@H](O)[C@H](C)O3)[C@H](N(C)C)[C@H]2O)[C@@H](CC=O)C[C@@H](C)C(=O)/C=C/C(C)=C/[C@@H]1CO[C@@H]1O[C@H](C)[C@@H](OC(=O)C(N)COP(=O)(O)O)[C@@H](OC)[C@H]1OC,CC[C@H]1OC(=O)C[C@@H](O)[C@H](C)[C@@H](O[C@@H]2O[C@H](C)[C@@H](O[C@H]3C[C@@](C)(O)[C@@H](O)[C@H](C)O3)[C@H](N(C)C)[C@H]2O)[C@@H](CC=O)C[C@@H](C)C(=O)/C=C/C(C)=C/[C@@H]1CO[C@@H]1O[C@H](C)[C@@H](OC(=O)C(N)COP(=O)(O)O)[C@@H](OC)[C@H]1OC,TRUE,,-0.773
tylosin,Tylosin (Ì©ÀÖ¾úËØ),REF_TYLOSIN,repository_reference,O59_attached_to_C55,59,55,C,MPM00667,glycerol 1-phosphoserine(1-),NC(COP(=O)(O)OCC(O)CO)C(=O)O,1,CC[C@H]1OC(=O)C[C@@H](O)[C@H](C)[C@@H](O[C@@H]2O[C@H](C)[C@@H](O[C@H]3C[C@@](C)(O)[C@@H](O)[C@H](C)O3)[C@H](N(C)C)[C@H]2O)[C@@H](CC=O)C[C@@H](C)C(=O)/C=C/C(C)=C/[C@@H]1CO[C@@H]1O[C@H](C)[C@@H](OC(=O)C(N)COP(=O)(O)OCC(O)CO)[C@@H](OC)[C@H]1OC,CC[C@H]1OC(=O)C[C@@H](O)[C@H](C)[C@@H](O[C@@H]2O[C@H](C)[C@@H](O[C@H]3C[C@@](C)(O)[C@@H](O)[C@H](C)O3)[C@H](N(C)C)[C@H]2O)[C@@H](CC=O)C[C@@H](C)C(=O)/C=C/C(C)=C/[C@@H]1CO[C@@H]1O[C@H](C)[C@@H](OC(=O)C(N)COP(=O)(O)OCC(O)CO)[C@@H](OC)[C@H]1OC,TRUE,,-1.001
tylosin,Tylosin (Ì©ÀÖ¾úËØ),REF_TYLOSIN,repository_reference,O59_attached_to_C55,59,55,C,MPM00199,2-Amino-3-sulfopropionic acid,NC(CS(=O)(=O)O)C(=O)O,1,CC[C@H]1OC(=O)C[C@@H](O)[C@H](C)[C@@H](O[C@@H]2O[C@H](C)[C@@H](O[C@H]3C[C@@](C)(O)[C@@H](O)[C@H](C)O3)[C@H](N(C)C)[C@H]2O)[C@@H](CC=O)C[C@@H](C)C(=O)/C=C/C(C)=C/[C@@H]1CO[C@@H]1O[C@H](C)[C@@H](OC(=O)C(N)CS(=O)(=O)O)[C@@H](OC)[C@H]1OC,CC[C@H]1OC(=O)C[C@@H](O)[C@H](C)[C@@H](O[C@@H]2O[C@H](C)[C@@H](O[C@H]3C[C@@](C)(O)[C@@H](O)[C@H](C)O3)[C@H](N(C)C)[C@H]2O)[C@@H](CC=O)C[C@@H](C)C(=O)/C=C/C(C)=C/[C@@H]1CO[C@@H]1O[C@H](C)[C@@H](OC(=O)C(N)CS(=O)(=O)O)[C@@H](OC)[C@H]1OC,TRUE,,-0.486
tylosin,Tylosin (Ì©ÀÖ¾úËØ),REF_TYLOSIN,repository_reference,O59_attached_to_C55,59,55,C,MPM00329,3-Sulfinoalanine,NC(CS(=O)O)C(=O)O,1,CC[C@H]1OC(=O)C[C@@H](O)[C@H](C)[C@@H](O[C@@H]2O[C@H](C)[C@@H](O[C@H]3C[C@@](C)(O)[C@@H](O)[C@H](C)O3)[C@H](N(C)C)[C@H]2O)[C@@H](CC=O)C[C@@H](C)C(=O)/C=C/C(C)=C/[C@@H]1CO[C@@H]1O[C@H](C)[C@@H](OC(=O)C(N)CS(=O)O)[C@@H](OC)[C@H]1OC,CC[C@H]1OC(=O)C[C@@H](O)[C@H](C)[C@@H](O[C@@H]2O[C@H](C)[C@@H](O[C@H]3C[C@@](C)(O)[C@@H](O)[C@H](C)O3)[C@H](N(C)C)[C@H]2O)[C@@H](CC=O)C[C@@H](C)C(=O)/C=C/C(C)=C/[C@@H]1CO[C@@H]1O[C@H](C)[C@@H](OC(=O)C(N)CS(=O)O)[C@@H](OC)[C@H]1OC,TRUE,,-0.417
tylosin,Tylosin (Ì©ÀÖ¾úËØ),REF_TYLOSIN,repository_reference,O59_attached_to_C55,59,55,C,MPM01473,L-Cysteinylglycine,NC(CS)C(=O)NCC(=O)O,1,CC[C@H]1OC(=O)C[C@@H](O)[C@H](C)[C@@H](O[C@@H]2O[C@H](C)[C@@H](O[C@H]3C[C@@](C)(O)[C@@H](O)[C@H](C)O3)[C@H](N(C)C)[C@H]2O)[C@@H](CC=O)C[C@@H](C)C(=O)/C=C/C(C)=C/[C@@H]1CO[C@@H]1O[C@H](C)[C@@H](OC(=O)CNC(=O)C(N)CS)[C@@H](OC)[C@H]1OC,CC[C@H]1OC(=O)C[C@@H](O)[C@H](C)[C@@H](O[C@@H]2O[C@H](C)[C@@H](O[C@H]3C[C@@](C)(O)[C@@H](O)[C@H](C)O3)[C@H](N(C)C)[C@H]2O)[C@@H](CC=O)C[C@@H](C)C(=O)/C=C/C(C)=C/[C@@H]1CO[C@@H]1O[C@H](C)[C@@H](OC(=O)CNC(=O)C(N)CS)[C@@H](OC)[C@H]1OC,TRUE,,-1.93
tylosin,Tylosin (Ì©ÀÖ¾úËØ),REF_TYLOSIN,repository_reference,O59_attached_to_C55,59,55,C,MPM01361,D-Amino-3-mercaptopropionic acid,NC(CS)C(=O)O,1,CC[C@H]1OC(=O)C[C@@H](O)[C@H](C)[C@@H](O[C@@H]2O[C@H](C)[C@@H](O[C@H]3C[C@@](C)(O)[C@@H](O)[C@H](C)O3)[C@H](N(C)C)[C@H]2O)[C@@H](CC=O)C[C@@H](C)C(=O)/C=C/C(C)=C/[C@@H]1CO[C@@H]1O[C@H](C)[C@@H](OC(=O)C(N)CS)[C@@H](OC)[C@H]1OC,CC[C@H]1OC(=O)C[C@@H](O)[C@H](C)[C@@H](O[C@@H]2O[C@H](C)[C@@H](O[C@H]3C[C@@](C)(O)[C@@H](O)[C@H](C)O3)[C@H](N(C)C)[C@H]2O)[C@@H](CC=O)C[C@@H](C)C(=O)/C=C/C(C)=C/[C@@H]1CO[C@@H]1O[C@H](C)[C@@H](OC(=O)C(N)CS)[C@@H](OC)[C@H]1OC,TRUE,,-1.96
tylosin,Tylosin (Ì©ÀÖ¾úËØ),REF_TYLOSIN,repository_reference,O59_attached_to_C55,59,55,C,MPM01078,(S)-alpha-Amino-beta-(3-indolyl)-propionic acid,NC(Cc1c[nH]c2ccccc12)C(=O)O,1,CC[C@H]1OC(=O)C[C@@H](O)[C@H](C)[C@@H](O[C@@H]2O[C@H](C)[C@@H](O[C@H]3C[C@@](C)(O)[C@@H](O)[C@H](C)O3)[C@H](N(C)C)[C@H]2O)[C@@H](CC=O)C[C@@H](C)C(=O)/C=C/C(C)=C/[C@@H]1CO[C@@H]1O[C@H](C)[C@@H](OC(=O)C(N)Cc2c[nH]c3ccccc23)[C@@H](OC)[C@H]1OC,CC[C@H]1OC(=O)C[C@@H](O)[C@H](C)[C@@H](O[C@@H]2O[C@H](C)[C@@H](O[C@H]3C[C@@](C)(O)[C@@H](O)[C@H](C)O3)[C@H](N(C)C)[C@H]2O)[C@@H](CC=O)C[C@@H](C)C(=O)/C=C/C(C)=C/[C@@H]1CO[C@@H]1O[C@H](C)[C@@H](OC(=O)C(N)Cc2c[nH]c3ccccc23)[C@@H](OC)[C@H]1OC,TRUE,,0.127
tylosin,Tylosin (Ì©ÀÖ¾úËØ),REF_TYLOSIN,repository_reference,O59_attached_to_C55,59,55,C,MPM01639,Tyrosine,NC(Cc1ccc(O)cc1)C(=O)O,1,CC[C@H]1OC(=O)C[C@@H](O)[C@H](C)[C@@H](O[C@@H]2O[C@H](C)[C@@H](O[C@H]3C[C@@](C)(O)[C@@H](O)[C@H](C)O3)[C@H](N(C)C)[C@H]2O)[C@@H](CC=O)C[C@@H](C)C(=O)/C=C/C(C)=C/[C@@H]1CO[C@@H]1O[C@H](C)[C@@H](OC(=O)C(N)Cc2ccc(O)cc2)[C@@H](OC)[C@H]1OC,CC[C@H]1OC(=O)C[C@@H](O)[C@H](C)[C@@H](O[C@@H]2O[C@H](C)[C@@H](O[C@H]3C[C@@](C)(O)[C@@H](O)[C@H](C)O3)[C@H](N(C)C)[C@H]2O)[C@@H](CC=O)C[C@@H](C)C(=O)/C=C/C(C)=C/[C@@H]1CO[C@@H]1O[C@H](C)[C@@H](OC(=O)C(N)Cc2ccc(O)cc2)[C@@H](OC)[C@H]1OC,TRUE,,-0.485
tylosin,Tylosin (Ì©ÀÖ¾úËØ),REF_TYLOSIN,repository_reference,O59_attached_to_C55,59,55,C,MPM00895,Phosphonotyrosine,NC(Cc1ccc(OP(=O)(O)O)cc1)C(=O)O,1,CC[C@H]1OC(=O)C[C@@H](O)[C@H](C)[C@@H](O[C@@H]2O[C@H](C)[C@@H](O[C@H]3C[C@@](C)(O)[C@@H](O)[C@H](C)O3)[C@H](N(C)C)[C@H]2O)[C@@H](CC=O)C[C@@H](C)C(=O)/C=C/C(C)=C/[C@@H]1CO[C@@H]1O[C@H](C)[C@@H](OC(=O)C(N)Cc2ccc(OP(=O)(O)O)cc2)[C@@H](OC)[C@H]1OC,CC[C@H]1OC(=O)C[C@@H](O)[C@H](C)[C@@H](O[C@@H]2O[C@H](C)[C@@H](O[C@H]3C[C@@](C)(O)[C@@H](O)[C@H](C)O3)[C@H](N(C)C)[C@H]2O)[C@@H](CC=O)C[C@@H](C)C(=O)/C=C/C(C)=C/[C@@H]1CO[C@@H]1O[C@H](C)[C@@H](OC(=O)C(N)Cc2ccc(OP(=O)(O)O)cc2)[C@@H](OC)[C@H]1OC,TRUE,,-1.032
tylosin,Tylosin (Ì©ÀÖ¾úËØ),REF_TYLOSIN,repository_reference,O59_attached_to_C55,59,55,C,MPM00612,D-phenylalanine,NC(Cc1ccccc1)C(=O)O,1,CC[C@H]1OC(=O)C[C@@H](O)[C@H](C)[C@@H](O[C@@H]2O[C@H](C)[C@@H](O[C@H]3C[C@@](C)(O)[C@@H](O)[C@H](C)O3)[C@H](N(C)C)[C@H]2O)[C@@H](CC=O)C[C@@H](C)C(=O)/C=C/C(C)=C/[C@@H]1CO[C@@H]1O[C@H](C)[C@@H](OC(=O)C(N)Cc2ccccc2)[C@@H](OC)[C@H]1OC,CC[C@H]1OC(=O)C[C@@H](O)[C@H](C)[C@@H](O[C@@H]2O[C@H](C)[C@@H](O[C@H]3C[C@@](C)(O)[C@@H](O)[C@H](C)O3)[C@H](N(C)C)[C@H]2O)[C@@H](CC=O)C[C@@H](C)C(=O)/C=C/C(C)=C/[C@@H]1CO[C@@H]1O[C@H](C)[C@@H](OC(=O)C(N)Cc2ccccc2)[C@@H](OC)[C@H]1OC,TRUE,,-0.849
tylosin,Tylosin (Ì©ÀÖ¾úËØ),REF_TYLOSIN,repository_reference,O59_attached_to_C55,59,55,C,MPM01077,(S)-alpha-Amino-1H-imidazole-4-propionic acid,NC(Cc1cnc[nH]1)C(=O)O,1,CC[C@H]1OC(=O)C[C@@H](O)[C@H](C)[C@@H](O[C@@H]2O[C@H](C)[C@@H](O[C@H]3C[C@@](C)(O)[C@@H](O)[C@H](C)O3)[C@H](N(C)C)[C@H]2O)[C@@H](CC=O)C[C@@H](C)C(=O)/C=C/C(C)=C/[C@@H]1CO[C@@H]1O[C@H](C)[C@@H](OC(=O)C(N)Cc2cnc[nH]2)[C@@H](OC)[C@H]1OC,CC[C@H]1OC(=O)C[C@@H](O)[C@H](C)[C@@H](O[C@@H]2O[C@H](C)[C@@H](O[C@H]3C[C@@](C)(O)[C@@H](O)[C@H](C)O3)[C@H](N(C)C)[C@H]2O)[C@@H](CC=O)C[C@@H](C)C(=O)/C=C/C(C)=C/[C@@H]1CO[C@@H]1O[C@H](C)[C@@H](OC(=O)C(N)Cc2cnc[nH]2)[C@@H](OC)[C@H]1OC,TRUE,,-0.847
tylosin,Tylosin (Ì©ÀÖ¾úËØ),REF_TYLOSIN,repository_reference,O59_attached_to_C55,59,55,C,MPM01165,2-Oxoarginine,NC(N)=NCCCC(=O)C(=O)O,1,CC[C@H]1OC(=O)C[C@@H](O)[C@H](C)[C@@H](O[C@@H]2O[C@H](C)[C@@H](O[C@H]3C[C@@](C)(O)[C@@H](O)[C@H](C)O3)[C@H](N(C)C)[C@H]2O)[C@@H](CC=O)C[C@@H](C)C(=O)/C=C/C(C)=C/[C@@H]1CO[C@@H]1O[C@H](C)[C@@H](OC(=O)C(=O)CCCN=C(N)N)[C@@H](OC)[C@H]1OC,CC[C@H]1OC(=O)C[C@@H](O)[C@H](C)[C@@H](O[C@@H]2O[C@H](C)[C@@H](O[C@H]3C[C@@](C)(O)[C@@H](O)[C@H](C)O3)[C@H](N(C)C)[C@H]2O)[C@@H](CC=O)C[C@@H](C)C(=O)/C=C/C(C)=C/[C@@H]1CO[C@@H]1O[C@H](C)[C@@H](OC(=O)C(=O)CCCN=C(N)N)[C@@H](OC)[C@H]1OC,TRUE,,-0.802
tylosin,Tylosin (Ì©ÀÖ¾úËØ),REF_TYLOSIN,repository_reference,O59_attached_to_C55,59,55,C,MPM00541,D-2-Amino-5-guanidinovaleric acid,NC(N)=NCCCC(N)C(=O)O,1,CC[C@H]1OC(=O)C[C@@H](O)[C@H](C)[C@@H](O[C@@H]2O[C@H](C)[C@@H](O[C@H]3C[C@@](C)(O)[C@@H](O)[C@H](C)O3)[C@H](N(C)C)[C@H]2O)[C@@H](CC=O)C[C@@H](C)C(=O)/C=C/C(C)=C/[C@@H]1CO[C@@H]1O[C@H](C)[C@@H](OC(=O)C(N)CCCN=C(N)N)[C@@H](OC)[C@H]1OC,CC[C@H]1OC(=O)C[C@@H](O)[C@H](C)[C@@H](O[C@@H]2O[C@H](C)[C@@H](O[C@H]3C[C@@](C)(O)[C@@H](O)[C@H](C)O3)[C@H](N(C)C)[C@H]2O)[C@@H](CC=O)C[C@@H](C)C(=O)/C=C/C(C)=C/[C@@H]1CO[C@@H]1O[C@H](C)[C@@H](OC(=O)C(N)CCCN=C(N)N)[C@@H](OC)[C@H]1OC,TRUE,,-0.689
tylosin,Tylosin (Ì©ÀÖ¾úËØ),REF_TYLOSIN,repository_reference,O59_attached_to_C55,59,55,C,MPM01242,5-Amino-4-oxovaleric acid,NCC(=O)CCC(=O)O,1,CC[C@H]1OC(=O)C[C@@H](O)[C@H](C)[C@@H](O[C@@H]2O[C@H](C)[C@@H](O[C@H]3C[C@@](C)(O)[C@@H](O)[C@H](C)O3)[C@H](N(C)C)[C@H]2O)[C@@H](CC=O)C[C@@H](C)C(=O)/C=C/C(C)=C/[C@@H]1CO[C@@H]1O[C@H](C)[C@@H](OC(=O)CCC(=O)CN)[C@@H](OC)[C@H]1OC,CC[C@H]1OC(=O)C[C@@H](O)[C@H](C)[C@@H](O[C@@H]2O[C@H](C)[C@@H](O[C@H]3C[C@@](C)(O)[C@@H](O)[C@H](C)O3)[C@H](N(C)C)[C@H]2O)[C@@H](CC=O)C[C@@H](C)C(=O)/C=C/C(C)=C/[C@@H]1CO[C@@H]1O[C@H](C)[C@@H](OC(=O)CCC(=O)CN)[C@@H](OC)[C@H]1OC,TRUE,,-0.549
tylosin,Tylosin (Ì©ÀÖ¾úËØ),REF_TYLOSIN,repository_reference,O59_attached_to_C55,59,55,C,MPM00674,Glycyl-l-glutamine,NCC(=O)NC(CCC(N)=O)C(=O)O,1,CC[C@H]1OC(=O)C[C@@H](O)[C@H](C)[C@@H](O[C@@H]2O[C@H](C)[C@@H](O[C@H]3C[C@@](C)(O)[C@@H](O)[C@H](C)O3)[C@H](N(C)C)[C@H]2O)[C@@H](CC=O)C[C@@H](C)C(=O)/C=C/C(C)=C/[C@@H]1CO[C@@H]1O[C@H](C)[C@@H](OC(=O)C(CCC(N)=O)NC(=O)CN)[C@@H](OC)[C@H]1OC,CC[C@H]1OC(=O)C[C@@H](O)[C@H](C)[C@@H](O[C@@H]2O[C@H](C)[C@@H](O[C@H]3C[C@@](C)(O)[C@@H](O)[C@H](C)O3)[C@H](N(C)C)[C@H]2O)[C@@H](CC=O)C[C@@H](C)C(=O)/C=C/C(C)=C/[C@@H]1CO[C@@H]1O[C@H](C)[C@@H](OC(=O)C(CCC(N)=O)NC(=O)CN)[C@@H](OC)[C@H]1OC,TRUE,,-0.359
tylosin,Tylosin (Ì©ÀÖ¾úËØ),REF_TYLOSIN,repository_reference,O59_attached_to_C55,59,55,C,MPM00673,Glycylcysteine,NCC(=O)NC(CS)C(=O)O,1,CC[C@H]1OC(=O)C[C@@H](O)[C@H](C)[C@@H](O[C@@H]2O[C@H](C)[C@@H](O[C@H]3C[C@@](C)(O)[C@@H](O)[C@H](C)O3)[C@H](N(C)C)[C@H]2O)[C@@H](CC=O)C[C@@H](C)C(=O)/C=C/C(C)=C/[C@@H]1CO[C@@H]1O[C@H](C)[C@@H](OC(=O)C(CS)NC(=O)CN)[C@@H](OC)[C@H]1OC,CC[C@H]1OC(=O)C[C@@H](O)[C@H](C)[C@@H](O[C@@H]2O[C@H](C)[C@@H](O[C@H]3C[C@@](C)(O)[C@@H](O)[C@H](C)O3)[C@H](N(C)C)[C@H]2O)[C@@H](CC=O)C[C@@H](C)C(=O)/C=C/C(C)=C/[C@@H]1CO[C@@H]1O[C@H](C)[C@@H](OC(=O)C(CS)NC(=O)CN)[C@@H](OC)[C@H]1OC,TRUE,,-1.789
tylosin,Tylosin (Ì©ÀÖ¾úËØ),REF_TYLOSIN,repository_reference,O59_attached_to_C55,59,55,C,MPM00677,Glycyl-L-tyrosine,NCC(=O)NC(Cc1ccc(O)cc1)C(=O)O,1,CC[C@H]1OC(=O)C[C@@H](O)[C@H](C)[C@@H](O[C@@H]2O[C@H](C)[C@@H](O[C@H]3C[C@@](C)(O)[C@@H](O)[C@H](C)O3)[C@H](N(C)C)[C@H]2O)[C@@H](CC=O)C[C@@H](C)C(=O)/C=C/C(C)=C/[C@@H]1CO[C@@H]1O[C@H](C)[C@@H](OC(=O)C(Cc2ccc(O)cc2)NC(=O)CN)[C@@H](OC)[C@H]1OC,CC[C@H]1OC(=O)C[C@@H](O)[C@H](C)[C@@H](O[C@@H]2O[C@H](C)[C@@H](O[C@H]3C[C@@](C)(O)[C@@H](O)[C@H](C)O3)[C@H](N(C)C)[C@H]2O)[C@@H](CC=O)C[C@@H](C)C(=O)/C=C/C(C)=C/[C@@H]1CO[C@@H]1O[C@H](C)[C@@H](OC(=O)C(Cc2ccc(O)cc2)NC(=O)CN)[C@@H](OC)[C@H]1OC,TRUE,,-0.259
tylosin,Tylosin (Ì©ÀÖ¾úËØ),REF_TYLOSIN,repository_reference,O59_attached_to_C55,59,55,C,MPM00676,Glycyl-L-phenylalanine,NCC(=O)NC(Cc1ccccc1)C(=O)O,1,CC[C@H]1OC(=O)C[C@@H](O)[C@H](C)[C@@H](O[C@@H]2O[C@H](C)[C@@H](O[C@H]3C[C@@](C)(O)[C@@H](O)[C@H](C)O3)[C@H](N(C)C)[C@H]2O)[C@@H](CC=O)C[C@@H](C)C(=O)/C=C/C(C)=C/[C@@H]1CO[C@@H]1O[C@H](C)[C@@H](OC(=O)C(Cc2ccccc2)NC(=O)CN)[C@@H](OC)[C@H]1OC,CC[C@H]1OC(=O)C[C@@H](O)[C@H](C)[C@@H](O[C@@H]2O[C@H](C)[C@@H](O[C@H]3C[C@@](C)(O)[C@@H](O)[C@H](C)O3)[C@H](N(C)C)[C@H]2O)[C@@H](CC=O)C[C@@H](C)C(=O)/C=C/C(C)=C/[C@@H]1CO[C@@H]1O[C@H](C)[C@@H](OC(=O)C(Cc2ccccc2)NC(=O)CN)[C@@H](OC)[C@H]1OC,TRUE,,-0.623
tylosin,Tylosin (Ì©ÀÖ¾úËØ),REF_TYLOSIN,repository_reference,O59_attached_to_C55,59,55,C,MPM01413,Gly,NCC(=O)O,1,CC[C@H]1OC(=O)C[C@@H](O)[C@H](C)[C@@H](O[C@@H]2O[C@H](C)[C@@H](O[C@H]3C[C@@](C)(O)[C@@H](O)[C@H](C)O3)[C@H](N(C)C)[C@H]2O)[C@@H](CC=O)C[C@@H](C)C(=O)/C=C/C(C)=C/[C@@H]1CO[C@@H]1O[C@H](C)[C@@H](OC(=O)CN)[C@@H](OC)[C@H]1OC,CC[C@H]1OC(=O)C[C@@H](O)[C@H](C)[C@@H](O[C@@H]2O[C@H](C)[C@@H](O[C@H]3C[C@@](C)(O)[C@@H](O)[C@H](C)O3)[C@H](N(C)C)[C@H]2O)[C@@H](CC=O)C[C@@H](C)C(=O)/C=C/C(C)=C/[C@@H]1CO[C@@H]1O[C@H](C)[C@@H](OC(=O)CN)[C@@H](OC)[C@H]1OC,TRUE,,-0.389
tylosin,Tylosin (Ì©ÀÖ¾úËØ),REF_TYLOSIN,repository_reference,O59_attached_to_C55,59,55,C,MPM01074,"(S)-2,3-Diaminopropanoate",NCC(N)C(=O)O,1,CC[C@H]1OC(=O)C[C@@H](O)[C@H](C)[C@@H](O[C@@H]2O[C@H](C)[C@@H](O[C@H]3C[C@@](C)(O)[C@@H](O)[C@H](C)O3)[C@H](N(C)C)[C@H]2O)[C@@H](CC=O)C[C@@H](C)C(=O)/C=C/C(C)=C/[C@@H]1CO[C@@H]1O[C@H](C)[C@@H](OC(=O)C(N)CN)[C@@H](OC)[C@H]1OC,CC[C@H]1OC(=O)C[C@@H](O)[C@H](C)[C@@H](O[C@@H]2O[C@H](C)[C@@H](O[C@H]3C[C@@](C)(O)[C@@H](O)[C@H](C)O3)[C@H](N(C)C)[C@H]2O)[C@@H](CC=O)C[C@@H](C)C(=O)/C=C/C(C)=C/[C@@H]1CO[C@@H]1O[C@H](C)[C@@H](OC(=O)C(N)CN)[C@@H](OC)[C@H]1OC,TRUE,,-0.248
tylosin,Tylosin (Ì©ÀÖ¾úËØ),REF_TYLOSIN,repository_reference,O59_attached_to_C55,59,55,C,MPM01212,3-Aminopropanoate,NCCC(=O)O,1,CC[C@H]1OC(=O)C[C@@H](O)[C@H](C)[C@@H](O[C@@H]2O[C@H](C)[C@@H](O[C@H]3C[C@@](C)(O)[C@@H](O)[C@H](C)O3)[C@H](N(C)C)[C@H]2O)[C@@H](CC=O)C[C@@H](C)C(=O)/C=C/C(C)=C/[C@@H]1CO[C@@H]1O[C@H](C)[C@@H](OC(=O)CCN)[C@@H](OC)[C@H]1OC,CC[C@H]1OC(=O)C[C@@H](O)[C@H](C)[C@@H](O[C@@H]2O[C@H](C)[C@@H](O[C@H]3C[C@@](C)(O)[C@@H](O)[C@H](C)O3)[C@H](N(C)C)[C@H]2O)[C@@H](CC=O)C[C@@H](C)C(=O)/C=C/C(C)=C/[C@@H]1CO[C@@H]1O[C@H](C)[C@@H](OC(=O)CCN)[C@@H](OC)[C@H]1OC,TRUE,,-0.48
tylosin,Tylosin (Ì©ÀÖ¾úËØ),REF_TYLOSIN,repository_reference,O59_attached_to_C55,59,55,C,MPM00725,"L-2,4-Diaminobutyrate",NCCC(N)C(=O)O,1,CC[C@H]1OC(=O)C[C@@H](O)[C@H](C)[C@@H](O[C@@H]2O[C@H](C)[C@@H](O[C@H]3C[C@@](C)(O)[C@@H](O)[C@H](C)O3)[C@H](N(C)C)[C@H]2O)[C@@H](CC=O)C[C@@H](C)C(=O)/C=C/C(C)=C/[C@@H]1CO[C@@H]1O[C@H](C)[C@@H](OC(=O)C(N)CCN)[C@@H](OC)[C@H]1OC,CC[C@H]1OC(=O)C[C@@H](O)[C@H](C)[C@@H](O[C@@H]2O[C@H](C)[C@@H](O[C@H]3C[C@@](C)(O)[C@@H](O)[C@H](C)O3)[C@H](N(C)C)[C@H]2O)[C@@H](CC=O)C[C@@H](C)C(=O)/C=C/C(C)=C/[C@@H]1CO[C@@H]1O[C@H](C)[C@@H](OC(=O)C(N)CCN)[C@@H](OC)[C@H]1OC,TRUE,,-0.304
tylosin,Tylosin (Ì©ÀÖ¾úËØ),REF_TYLOSIN,repository_reference,O59_attached_to_C55,59,55,C,MPM01396,GABA,NCCCC(=O)O,1,CC[C@H]1OC(=O)C[C@@H](O)[C@H](C)[C@@H](O[C@@H]2O[C@H](C)[C@@H](O[C@H]3C[C@@](C)(O)[C@@H](O)[C@H](C)O3)[C@H](N(C)C)[C@H]2O)[C@@H](CC=O)C[C@@H](C)C(=O)/C=C/C(C)=C/[C@@H]1CO[C@@H]1O[C@H](C)[C@@H](OC(=O)CCCN)[C@@H](OC)[C@H]1OC,CC[C@H]1OC(=O)C[C@@H](O)[C@H](C)[C@@H](O[C@@H]2O[C@H](C)[C@@H](O[C@H]3C[C@@](C)(O)[C@@H](O)[C@H](C)O3)[C@H](N(C)C)[C@H]2O)[C@@H](CC=O)C[C@@H](C)C(=O)/C=C/C(C)=C/[C@@H]1CO[C@@H]1O[C@H](C)[C@@H](OC(=O)CCCN)[C@@H](OC)[C@H]1OC,TRUE,,-0.541
tylosin,Tylosin (Ì©ÀÖ¾úËØ),REF_TYLOSIN,repository_reference,O59_attached_to_C55,59,55,C,MPM00093,"(S)-2,5-Diaminopentanoate",NCCCC(N)C(=O)O,1,CC[C@H]1OC(=O)C[C@@H](O)[C@H](C)[C@@H](O[C@@H]2O[C@H](C)[C@@H](O[C@H]3C[C@@](C)(O)[C@@H](O)[C@H](C)O3)[C@H](N(C)C)[C@H]2O)[C@@H](CC=O)C[C@@H](C)C(=O)/C=C/C(C)=C/[C@@H]1CO[C@@H]1O[C@H](C)[C@@H](OC(=O)C(N)CCCN)[C@@H](OC)[C@H]1OC,CC[C@H]1OC(=O)C[C@@H](O)[C@H](C)[C@@H](O[C@@H]2O[C@H](C)[C@@H](O[C@H]3C[C@@](C)(O)[C@@H](O)[C@H](C)O3)[C@H](N(C)C)[C@H]2O)[C@@H](CC=O)C[C@@H](C)C(=O)/C=C/C(C)=C/[C@@H]1CO[C@@H]1O[C@H](C)[C@@H](OC(=O)C(N)CCCN)[C@@H](OC)[C@H]1OC,TRUE,,-0.367
tylosin,Tylosin (Ì©ÀÖ¾úËØ),REF_TYLOSIN,repository_reference,O59_attached_to_C55,59,55,C,MPM00742,L-beta-Lysine,NCCCC(N)CC(=O)O,1,CC[C@H]1OC(=O)C[C@@H](O)[C@H](C)[C@@H](O[C@@H]2O[C@H](C)[C@@H](O[C@H]3C[C@@](C)(O)[C@@H](O)[C@H](C)O3)[C@H](N(C)C)[C@H]2O)[C@@H](CC=O)C[C@@H](C)C(=O)/C=C/C(C)=C/[C@@H]1CO[C@@H]1O[C@H](C)[C@@H](OC(=O)CC(N)CCCN)[C@@H](OC)[C@H]1OC,CC[C@H]1OC(=O)C[C@@H](O)[C@H](C)[C@@H](O[C@@H]2O[C@H](C)[C@@H](O[C@H]3C[C@@](C)(O)[C@@H](O)[C@H](C)O3)[C@H](N(C)C)[C@H]2O)[C@@H](CC=O)C[C@@H](C)C(=O)/C=C/C(C)=C/[C@@H]1CO[C@@H]1O[C@H](C)[C@@H](OC(=O)CC(N)CCCN)[C@@H](OC)[C@H]1OC,TRUE,,-0.624
tylosin,Tylosin (Ì©ÀÖ¾úËØ),REF_TYLOSIN,repository_reference,O59_attached_to_C55,59,55,C,MPM01164,2-Oxo-6-aminocaproate,NCCCCC(=O)C(=O)O,1,CC[C@H]1OC(=O)C[C@@H](O)[C@H](C)[C@@H](O[C@@H]2O[C@H](C)[C@@H](O[C@H]3C[C@@](C)(O)[C@@H](O)[C@H](C)O3)[C@H](N(C)C)[C@H]2O)[C@@H](CC=O)C[C@@H](C)C(=O)/C=C/C(C)=C/[C@@H]1CO[C@@H]1O[C@H](C)[C@@H](OC(=O)C(=O)CCCCN)[C@@H](OC)[C@H]1OC,CC[C@H]1OC(=O)C[C@@H](O)[C@H](C)[C@@H](O[C@@H]2O[C@H](C)[C@@H](O[C@H]3C[C@@](C)(O)[C@@H](O)[C@H](C)O3)[C@H](N(C)C)[C@H]2O)[C@@H](CC=O)C[C@@H](C)C(=O)/C=C/C(C)=C/[C@@H]1CO[C@@H]1O[C@H](C)[C@@H](OC(=O)C(=O)CCCCN)[C@@H](OC)[C@H]1OC,TRUE,,-0.546
tylosin,Tylosin (Ì©ÀÖ¾úËØ),REF_TYLOSIN,repository_reference,O59_attached_to_C55,59,55,C,MPM00184,"2,6-Diaminohexanoic acid",NCCCCC(N)C(=O)O,1,CC[C@H]1OC(=O)C[C@@H](O)[C@H](C)[C@@H](O[C@@H]2O[C@H](C)[C@@H](O[C@H]3C[C@@](C)(O)[C@@H](O)[C@H](C)O3)[C@H](N(C)C)[C@H]2O)[C@@H](CC=O)C[C@@H](C)C(=O)/C=C/C(C)=C/[C@@H]1CO[C@@H]1O[C@H](C)[C@@H](OC(=O)C(N)CCCCN)[C@@H](OC)[C@H]1OC,CC[C@H]1OC(=O)C[C@@H](O)[C@H](C)[C@@H](O[C@@H]2O[C@H](C)[C@@H](O[C@H]3C[C@@](C)(O)[C@@H](O)[C@H](C)O3)[C@H](N(C)C)[C@H]2O)[C@@H](CC=O)C[C@@H](C)C(=O)/C=C/C(C)=C/[C@@H]1CO[C@@H]1O[C@H](C)[C@@H](OC(=O)C(N)CCCCN)[C@@H](OC)[C@H]1OC,TRUE,,-0.432
tylosin,Tylosin (Ì©ÀÖ¾úËØ),REF_TYLOSIN,repository_reference,O59_attached_to_C55,59,55,C,MPM00373,5-Amino-1-(5-phospho-D-ribosyl)imidazole-4-carboxylate,Nc1c(C(=O)O)ncn1C1OC(COP(=O)(O)O)C(O)C1O,1,CC[C@H]1OC(=O)C[C@@H](O)[C@H](C)[C@@H](O[C@@H]2O[C@H](C)[C@@H](O[C@H]3C[C@@](C)(O)[C@@H](O)[C@H](C)O3)[C@H](N(C)C)[C@H]2O)[C@@H](CC=O)C[C@@H](C)C(=O)/C=C/C(C)=C/[C@@H]1CO[C@@H]1O[C@H](C)[C@@H](OC(=O)c2ncn(C3OC(COP(=O)(O)O)C(O)C3O)c2N)[C@@H](OC)[C@H]1OC,CC[C@H]1OC(=O)C[C@@H](O)[C@H](C)[C@@H](O[C@@H]2O[C@H](C)[C@@H](O[C@H]3C[C@@](C)(O)[C@@H](O)[C@H](C)O3)[C@H](N(C)C)[C@H]2O)[C@@H](CC=O)C[C@@H](C)C(=O)/C=C/C(C)=C/[C@@H]1CO[C@@H]1O[C@H](C)[C@@H](OC(=O)c2ncn(C3OC(COP(=O)(O)O)C(O)C3O)c2N)[C@@H](OC)[C@H]1OC,TRUE,,-3.382
tylosin,Tylosin (Ì©ÀÖ¾úËØ),REF_TYLOSIN,repository_reference,O59_attached_to_C55,59,55,C,MPM00854,p-Aminobenzoate,Nc1ccc(C(=O)O)cc1,1,CC[C@H]1OC(=O)C[C@@H](O)[C@H](C)[C@@H](O[C@@H]2O[C@H](C)[C@@H](O[C@H]3C[C@@](C)(O)[C@@H](O)[C@H](C)O3)[C@H](N(C)C)[C@H]2O)[C@@H](CC=O)C[C@@H](C)C(=O)/C=C/C(C)=C/[C@@H]1CO[C@@H]1O[C@H](C)[C@@H](OC(=O)c2ccc(N)cc2)[C@@H](OC)[C@H]1OC,CC[C@H]1OC(=O)C[C@@H](O)[C@H](C)[C@@H](O[C@@H]2O[C@H](C)[C@@H](O[C@H]3C[C@@](C)(O)[C@@H](O)[C@H](C)O3)[C@H](N(C)C)[C@H]2O)[C@@H](CC=O)C[C@@H](C)C(=O)/C=C/C(C)=C/[C@@H]1CO[C@@H]1O[C@H](C)[C@@H](OC(=O)c2ccc(N)cc2)[C@@H](OC)[C@H]1OC,TRUE,,-0.456
tylosin,Tylosin (Ì©ÀÖ¾úËØ),REF_TYLOSIN,repository_reference,O59_attached_to_C55,59,55,C,MPM00406,"7,8-Dihydropteroate",Nc1nc2c(c(=O)[nH]1)N=C(CNc1ccc(C(=O)O)cc1)CN2,1,CC[C@H]1OC(=O)C[C@@H](O)[C@H](C)[C@@H](O[C@@H]2O[C@H](C)[C@@H](O[C@H]3C[C@@](C)(O)[C@@H](O)[C@H](C)O3)[C@H](N(C)C)[C@H]2O)[C@@H](CC=O)C[C@@H](C)C(=O)/C=C/C(C)=C/[C@@H]1CO[C@@H]1O[C@H](C)[C@@H](OC(=O)c2ccc(NCC3=Nc4c(nc(N)[nH]c4=O)NC3)cc2)[C@@H](OC)[C@H]1OC,CC[C@H]1OC(=O)C[C@@H](O)[C@H](C)[C@@H](O[C@@H]2O[C@H](C)[C@@H](O[C@H]3C[C@@](C)(O)[C@@H](O)[C@H](C)O3)[C@H](N(C)C)[C@H]2O)[C@@H](CC=O)C[C@@H](C)C(=O)/C=C/C(C)=C/[C@@H]1CO[C@@H]1O[C@H](C)[C@@H](OC(=O)c2ccc(NCC3=Nc4c(nc(N)[nH]c4=O)NC3)cc2)[C@@H](OC)[C@H]1OC,TRUE,,-1.025
tylosin,Tylosin (Ì©ÀÖ¾úËØ),REF_TYLOSIN,repository_reference,O59_attached_to_C55,59,55,C,MPM00938,Se-Adenosylselenohomocysteine,Nc1ncnc2c1ncn2C1OC(C[Se]CCC(N)C(=O)O)C(O)C1O,1,CC[C@H]1OC(=O)C[C@@H](O)[C@H](C)[C@@H](O[C@@H]2O[C@H](C)[C@@H](O[C@H]3C[C@@](C)(O)[C@@H](O)[C@H](C)O3)[C@H](N(C)C)[C@H]2O)[C@@H](CC=O)C[C@@H](C)C(=O)/C=C/C(C)=C/[C@@H]1CO[C@@H]1O[C@H](C)[C@@H](OC(=O)C(N)CC[Se]CC2OC(n3cnc4c(N)ncnc43)C(O)C2O)[C@@H](OC)[C@H]1OC,CC[C@H]1OC(=O)C[C@@H](O)[C@H](C)[C@@H](O[C@@H]2O[C@H](C)[C@@H](O[C@H]3C[C@@](C)(O)[C@@H](O)[C@H](C)O3)[C@H](N(C)C)[C@H]2O)[C@@H](CC=O)C[C@@H](C)C(=O)/C=C/C(C)=C/[C@@H]1CO[C@@H]1O[C@H](C)[C@@H](OC(=O)C(N)CC[Se]CC2OC(n3cnc4c(N)ncnc43)C(O)C2O)[C@@H](OC)[C@H]1OC,TRUE,,-3.581
tylosin,Tylosin (Ì©ÀÖ¾úËØ),REF_TYLOSIN,repository_reference,O59_attached_to_C55,59,55,C,MPM00210,2-Dehydro-3-deoxy-D-galactonate,O=C(O)C(=O)CC(O)C(O)CO,1,CC[C@H]1OC(=O)C[C@@H](O)[C@H](C)[C@@H](O[C@@H]2O[C@H](C)[C@@H](O[C@H]3C[C@@](C)(O)[C@@H](O)[C@H](C)O3)[C@H](N(C)C)[C@H]2O)[C@@H](CC=O)C[C@@H](C)C(=O)/C=C/C(C)=C/[C@@H]1CO[C@@H]1O[C@H](C)[C@@H](OC(=O)C(=O)CC(O)C(O)CO)[C@@H](OC)[C@H]1OC,CC[C@H]1OC(=O)C[C@@H](O)[C@H](C)[C@@H](O[C@@H]2O[C@H](C)[C@@H](O[C@H]3C[C@@](C)(O)[C@@H](O)[C@H](C)O3)[C@H](N(C)C)[C@H]2O)[C@@H](CC=O)C[C@@H](C)C(=O)/C=C/C(C)=C/[C@@H]1CO[C@@H]1O[C@H](C)[C@@H](OC(=O)C(=O)CC(O)C(O)CO)[C@@H](OC)[C@H]1OC,TRUE,,-1.273
tylosin,Tylosin (Ì©ÀÖ¾úËØ),REF_TYLOSIN,repository_reference,O59_attached_to_C55,59,55,C,MPM00212,2-Dehydro-3-deoxy-D-gluconate 6-phosphate,O=C(O)C(=O)CC(O)C(O)COP(=O)(O)O,1,CC[C@H]1OC(=O)C[C@@H](O)[C@H](C)[C@@H](O[C@@H]2O[C@H](C)[C@@H](O[C@H]3C[C@@](C)(O)[C@@H](O)[C@H](C)O3)[C@H](N(C)C)[C@H]2O)[C@@H](CC=O)C[C@@H](C)C(=O)/C=C/C(C)=C/[C@@H]1CO[C@@H]1O[C@H](C)[C@@H](OC(=O)C(=O)CC(O)C(O)COP(=O)(O)O)[C@@H](OC)[C@H]1OC,CC[C@H]1OC(=O)C[C@@H](O)[C@H](C)[C@@H](O[C@@H]2O[C@H](C)[C@@H](O[C@H]3C[C@@](C)(O)[C@@H](O)[C@H](C)O3)[C@H](N(C)C)[C@H]2O)[C@@H](CC=O)C[C@@H](C)C(=O)/C=C/C(C)=C/[C@@H]1CO[C@@H]1O[C@H](C)[C@@H](OC(=O)C(=O)CC(O)C(O)COP(=O)(O)O)[C@@H](OC)[C@H]1OC,TRUE,,-1.444
tylosin,Tylosin (Ì©ÀÖ¾úËØ),REF_TYLOSIN,repository_reference,O59_attached_to_C55,59,55,C,MPM00304,3-Hydroxypyruvic acid,O=C(O)C(=O)CO,1,CC[C@H]1OC(=O)C[C@@H](O)[C@H](C)[C@@H](O[C@@H]2O[C@H](C)[C@@H](O[C@H]3C[C@@](C)(O)[C@@H](O)[C@H](C)O3)[C@H](N(C)C)[C@H]2O)[C@@H](CC=O)C[C@@H](C)C(=O)/C=C/C(C)=C/[C@@H]1CO[C@@H]1O[C@H](C)[C@@H](OC(=O)C(=O)CO)[C@@H](OC)[C@H]1OC,CC[C@H]1OC(=O)C[C@@H](O)[C@H](C)[C@@H](O[C@@H]2O[C@H](C)[C@@H](O[C@H]3C[C@@](C)(O)[C@@H](O)[C@H](C)O3)[C@H](N(C)C)[C@H]2O)[C@@H](CC=O)C[C@@H](C)C(=O)/C=C/C(C)=C/[C@@H]1CO[C@@H]1O[C@H](C)[C@@H](OC(=O)C(=O)CO)[C@@H](OC)[C@H]1OC,TRUE,,-0.366
tylosin,Tylosin (Ì©ÀÖ¾úËØ),REF_TYLOSIN,repository_reference,O59_attached_to_C55,59,55,C,MPM00897,p-Hydroxyphenylpyruvic acid,O=C(O)C(=O)Cc1ccc(O)cc1,1,CC[C@H]1OC(=O)C[C@@H](O)[C@H](C)[C@@H](O[C@@H]2O[C@H](C)[C@@H](O[C@H]3C[C@@](C)(O)[C@@H](O)[C@H](C)O3)[C@H](N(C)C)[C@H]2O)[C@@H](CC=O)C[C@@H](C)C(=O)/C=C/C(C)=C/[C@@H]1CO[C@@H]1O[C@H](C)[C@@H](OC(=O)C(=O)Cc2ccc(O)cc2)[C@@H](OC)[C@H]1OC,CC[C@H]1OC(=O)C[C@@H](O)[C@H](C)[C@@H](O[C@@H]2O[C@H](C)[C@@H](O[C@H]3C[C@@](C)(O)[C@@H](O)[C@H](C)O3)[C@H](N(C)C)[C@H]2O)[C@@H](CC=O)C[C@@H](C)C(=O)/C=C/C(C)=C/[C@@H]1CO[C@@H]1O[C@H](C)[C@@H](OC(=O)C(=O)Cc2ccc(O)cc2)[C@@H](OC)[C@H]1OC,TRUE,,-0.429
tylosin,Tylosin (Ì©ÀÖ¾úËØ),REF_TYLOSIN,repository_reference,O59_attached_to_C55,59,55,C,MPM00253,2-Oxo-3-phenylpropanoate,O=C(O)C(=O)Cc1ccccc1,1,CC[C@H]1OC(=O)C[C@@H](O)[C@H](C)[C@@H](O[C@@H]2O[C@H](C)[C@@H](O[C@H]3C[C@@](C)(O)[C@@H](O)[C@H](C)O3)[C@H](N(C)C)[C@H]2O)[C@@H](CC=O)C[C@@H](C)C(=O)/C=C/C(C)=C/[C@@H]1CO[C@@H]1O[C@H](C)[C@@H](OC(=O)C(=O)Cc2ccccc2)[C@@H](OC)[C@H]1OC,CC[C@H]1OC(=O)C[C@@H](O)[C@H](C)[C@@H](O[C@@H]2O[C@H](C)[C@@H](O[C@H]3C[C@@](C)(O)[C@@H](O)[C@H](C)O3)[C@H](N(C)C)[C@H]2O)[C@@H](CC=O)C[C@@H](C)C(=O)/C=C/C(C)=C/[C@@H]1CO[C@@H]1O[C@H](C)[C@@H](OC(=O)C(=O)Cc2ccccc2)[C@@H](OC)[C@H]1OC,TRUE,,-0.793
tylosin,Tylosin (Ì©ÀÖ¾úËØ),REF_TYLOSIN,repository_reference,O59_attached_to_C55,59,55,C,MPM00249,2-O-(alpha-D-Mannopyranosyl)-D-glycerate,O=C(O)C(CO)OC1OC(CO)C(O)C(O)C1O,1,CC[C@H]1OC(=O)C[C@@H](O)[C@H](C)[C@@H](O[C@@H]2O[C@H](C)[C@@H](O[C@H]3C[C@@](C)(O)[C@@H](O)[C@H](C)O3)[C@H](N(C)C)[C@H]2O)[C@@H](CC=O)C[C@@H](C)C(=O)/C=C/C(C)=C/[C@@H]1CO[C@@H]1O[C@H](C)[C@@H](OC(=O)C(CO)OC2OC(CO)C(O)C(O)C2O)[C@@H](OC)[C@H]1OC,CC[C@H]1OC(=O)C[C@@H](O)[C@H](C)[C@@H](O[C@@H]2O[C@H](C)[C@@H](O[C@H]3C[C@@](C)(O)[C@@H](O)[C@H](C)O3)[C@H](N(C)C)[C@H]2O)[C@@H](CC=O)C[C@@H](C)C(=O)/C=C/C(C)=C/[C@@H]1CO[C@@H]1O[C@H](C)[C@@H](OC(=O)C(CO)OC2OC(CO)C(O)C(O)C2O)[C@@H](OC)[C@H]1OC,TRUE,,-1.997
tylosin,Tylosin (Ì©ÀÖ¾úËØ),REF_TYLOSIN,repository_reference,O59_attached_to_C55,59,55,C,MPM00248,2-O-(6-Phospho-alpha-D-mannosyl)-D-glycerate,O=C(O)C(CO)OC1OC(COP(=O)(O)O)C(O)C(O)C1O,1,CC[C@H]1OC(=O)C[C@@H](O)[C@H](C)[C@@H](O[C@@H]2O[C@H](C)[C@@H](O[C@H]3C[C@@](C)(O)[C@@H](O)[C@H](C)O3)[C@H](N(C)C)[C@H]2O)[C@@H](CC=O)C[C@@H](C)C(=O)/C=C/C(C)=C/[C@@H]1CO[C@@H]1O[C@H](C)[C@@H](OC(=O)C(CO)OC2OC(COP(=O)(O)O)C(O)C(O)C2O)[C@@H](OC)[C@H]1OC,CC[C@H]1OC(=O)C[C@@H](O)[C@H](C)[C@@H](O[C@@H]2O[C@H](C)[C@@H](O[C@H]3C[C@@](C)(O)[C@@H](O)[C@H](C)O3)[C@H](N(C)C)[C@H]2O)[C@@H](CC=O)C[C@@H](C)C(=O)/C=C/C(C)=C/[C@@H]1CO[C@@H]1O[C@H](C)[C@@H](OC(=O)C(CO)OC2OC(COP(=O)(O)O)C(O)C(O)C2O)[C@@H](OC)[C@H]1OC,TRUE,,-2.159
tylosin,Tylosin (Ì©ÀÖ¾úËØ),REF_TYLOSIN,repository_reference,O59_attached_to_C55,59,55,C,MPM00262,2-Phospho-(R)-glycerate,O=C(O)C(CO)OP(=O)(O)O,1,CC[C@H]1OC(=O)C[C@@H](O)[C@H](C)[C@@H](O[C@@H]2O[C@H](C)[C@@H](O[C@H]3C[C@@](C)(O)[C@@H](O)[C@H](C)O3)[C@H](N(C)C)[C@H]2O)[C@@H](CC=O)C[C@@H](C)C(=O)/C=C/C(C)=C/[C@@H]1CO[C@@H]1O[C@H](C)[C@@H](OC(=O)C(CO)OP(=O)(O)O)[C@@H](OC)[C@H]1OC,CC[C@H]1OC(=O)C[C@@H](O)[C@H](C)[C@@H](O[C@@H]2O[C@H](C)[C@@H](O[C@H]3C[C@@](C)(O)[C@@H](O)[C@H](C)O3)[C@H](N(C)C)[C@H]2O)[C@@H](CC=O)C[C@@H](C)C(=O)/C=C/C(C)=C/[C@@H]1CO[C@@H]1O[C@H](C)[C@@H](OC(=O)C(CO)OP(=O)(O)O)[C@@H](OC)[C@H]1OC,TRUE,,-1.217
tylosin,Tylosin (Ì©ÀÖ¾úËØ),REF_TYLOSIN,repository_reference,O59_attached_to_C55,59,55,C,MPM00380,5-Dehydrogluconate,O=C(O)C(O)C(O)C(O)C(=O)CO,1,CC[C@H]1OC(=O)C[C@@H](O)[C@H](C)[C@@H](O[C@@H]2O[C@H](C)[C@@H](O[C@H]3C[C@@](C)(O)[C@@H](O)[C@H](C)O3)[C@H](N(C)C)[C@H]2O)[C@@H](CC=O)C[C@@H](C)C(=O)/C=C/C(C)=C/[C@@H]1CO[C@@H]1O[C@H](C)[C@@H](OC(=O)C(O)C(O)C(O)C(=O)CO)[C@@H](OC)[C@H]1OC,CC[C@H]1OC(=O)C[C@@H](O)[C@H](C)[C@@H](O[C@@H]2O[C@H](C)[C@@H](O[C@H]3C[C@@](C)(O)[C@@H](O)[C@H](C)O3)[C@H](N(C)C)[C@H]2O)[C@@H](CC=O)C[C@@H](C)C(=O)/C=C/C(C)=C/[C@@H]1CO[C@@H]1O[C@H](C)[C@@H](OC(=O)C(O)C(O)C(O)C(=O)CO)[C@@H](OC)[C@H]1OC,TRUE,,-1.319
tylosin,Tylosin (Ì©ÀÖ¾úËØ),REF_TYLOSIN,repository_reference,O59_attached_to_C55,59,55,C,MPM00547,D-Altronate,O=C(O)C(O)C(O)C(O)C(O)CO,1,CC[C@H]1OC(=O)C[C@@H](O)[C@H](C)[C@@H](O[C@@H]2O[C@H](C)[C@@H](O[C@H]3C[C@@](C)(O)[C@@H](O)[C@H](C)O3)[C@H](N(C)C)[C@H]2O)[C@@H](CC=O)C[C@@H](C)C(=O)/C=C/C(C)=C/[C@@H]1CO[C@@H]1O[C@H](C)[C@@H](OC(=O)C(O)C(O)C(O)C(O)CO)[C@@H](OC)[C@H]1OC,CC[C@H]1OC(=O)C[C@@H](O)[C@H](C)[C@@H](O[C@@H]2O[C@H](C)[C@@H](O[C@H]3C[C@@](C)(O)[C@@H](O)[C@H](C)O3)[C@H](N(C)C)[C@H]2O)[C@@H](CC=O)C[C@@H](C)C(=O)/C=C/C(C)=C/[C@@H]1CO[C@@H]1O[C@H](C)[C@@H](OC(=O)C(O)C(O)C(O)C(O)CO)[C@@H](OC)[C@H]1OC,TRUE,,-1.674
tylosin,Tylosin (Ì©ÀÖ¾úËØ),REF_TYLOSIN,repository_reference,O59_attached_to_C55,59,55,C,MPM00401,6-Phospho-D-gluconate,O=C(O)C(O)C(O)C(O)C(O)COP(=O)(O)O,1,CC[C@H]1OC(=O)C[C@@H](O)[C@H](C)[C@@H](O[C@@H]2O[C@H](C)[C@@H](O[C@H]3C[C@@](C)(O)[C@@H](O)[C@H](C)O3)[C@H](N(C)C)[C@H]2O)[C@@H](CC=O)C[C@@H](C)C(=O)/C=C/C(C)=C/[C@@H]1CO[C@@H]1O[C@H](C)[C@@H](OC(=O)C(O)C(O)C(O)C(O)COP(=O)(O)O)[C@@H](OC)[C@H]1OC,CC[C@H]1OC(=O)C[C@@H](O)[C@H](C)[C@@H](O[C@@H]2O[C@H](C)[C@@H](O[C@H]3C[C@@](C)(O)[C@@H](O)[C@H](C)O3)[C@H](N(C)C)[C@H]2O)[C@@H](CC=O)C[C@@H](C)C(=O)/C=C/C(C)=C/[C@@H]1CO[C@@H]1O[C@H](C)[C@@H](OC(=O)C(O)C(O)C(O)C(O)COP(=O)(O)O)[C@@H](OC)[C@H]1OC,TRUE,,-1.844
tylosin,Tylosin (Ì©ÀÖ¾úËØ),REF_TYLOSIN,repository_reference,O59_attached_to_C55,59,55,C,MPM00666,Glyceric acid,O=C(O)C(O)CO,1,CC[C@H]1OC(=O)C[C@@H](O)[C@H](C)[C@@H](O[C@@H]2O[C@H](C)[C@@H](O[C@H]3C[C@@](C)(O)[C@@H](O)[C@H](C)O3)[C@H](N(C)C)[C@H]2O)[C@@H](CC=O)C[C@@H](C)C(=O)/C=C/C(C)=C/[C@@H]1CO[C@@H]1O[C@H](C)[C@@H](OC(=O)C(O)CO)[C@@H](OC)[C@H]1OC,CC[C@H]1OC(=O)C[C@@H](O)[C@H](C)[C@@H](O[C@@H]2O[C@H](C)[C@@H](O[C@H]3C[C@@](C)(O)[C@@H](O)[C@H](C)O3)[C@H](N(C)C)[C@H]2O)[C@@H](CC=O)C[C@@H](C)C(=O)/C=C/C(C)=C/[C@@H]1CO[C@@H]1O[C@H](C)[C@@H](OC(=O)C(O)CO)[C@@H](OC)[C@H]1OC,TRUE,,-0.849
tylosin,Tylosin (Ì©ÀÖ¾úËØ),REF_TYLOSIN,repository_reference,O59_attached_to_C55,59,55,C,MPM00324,3-Phosphoglycerate,O=C(O)C(O)COP(=O)(O)O,1,CC[C@H]1OC(=O)C[C@@H](O)[C@H](C)[C@@H](O[C@@H]2O[C@H](C)[C@@H](O[C@H]3C[C@@](C)(O)[C@@H](O)[C@H](C)O3)[C@H](N(C)C)[C@H]2O)[C@@H](CC=O)C[C@@H](C)C(=O)/C=C/C(C)=C/[C@@H]1CO[C@@H]1O[C@H](C)[C@@H](OC(=O)C(O)COP(=O)(O)O)[C@@H](OC)[C@H]1OC,CC[C@H]1OC(=O)C[C@@H](O)[C@H](C)[C@@H](O[C@@H]2O[C@H](C)[C@@H](O[C@H]3C[C@@](C)(O)[C@@H](O)[C@H](C)O3)[C@H](N(C)C)[C@H]2O)[C@@H](CC=O)C[C@@H](C)C(=O)/C=C/C(C)=C/[C@@H]1CO[C@@H]1O[C@H](C)[C@@H](OC(=O)C(O)COP(=O)(O)O)[C@@H](OC)[C@H]1OC,TRUE,,-1.019
tylosin,Tylosin (Ì©ÀÖ¾úËØ),REF_TYLOSIN,repository_reference,O59_attached_to_C55,59,55,C,MPM00001,(-)-Quinic acid,O=C(O)C1(O)CC(O)C(O)C(O)C1,1,CC[C@H]1OC(=O)C[C@@H](O)[C@H](C)[C@@H](O[C@@H]2O[C@H](C)[C@@H](O[C@H]3C[C@@](C)(O)[C@@H](O)[C@H](C)O3)[C@H](N(C)C)[C@H]2O)[C@@H](CC=O)C[C@@H](C)C(=O)/C=C/C(C)=C/[C@@H]1CO[C@@H]1O[C@H](C)[C@@H](OC(=O)C2(O)CC(O)C(O)C(O)C2)[C@@H](OC)[C@H]1OC,CC[C@H]1OC(=O)C[C@@H](O)[C@H](C)[C@@H](O[C@@H]2O[C@H](C)[C@@H](O[C@H]3C[C@@](C)(O)[C@@H](O)[C@H](C)O3)[C@H](N(C)C)[C@H]2O)[C@@H](CC=O)C[C@@H](C)C(=O)/C=C/C(C)=C/[C@@H]1CO[C@@H]1O[C@H](C)[C@@H](OC(=O)C2(O)CC(O)C(O)C(O)C2)[C@@H](OC)[C@H]1OC,TRUE,,-1.942
tylosin,Tylosin (Ì©ÀÖ¾úËØ),REF_TYLOSIN,repository_reference,O59_attached_to_C55,59,55,C,MPM00283,3-Dehydroshikimate,O=C(O)C1=CC(=O)C(O)C(O)C1,1,CC[C@H]1OC(=O)C[C@@H](O)[C@H](C)[C@@H](O[C@@H]2O[C@H](C)[C@@H](O[C@H]3C[C@@](C)(O)[C@@H](O)[C@H](C)O3)[C@H](N(C)C)[C@H]2O)[C@@H](CC=O)C[C@@H](C)C(=O)/C=C/C(C)=C/[C@@H]1CO[C@@H]1O[C@H](C)[C@@H](OC(=O)C2=CC(=O)C(O)C(O)C2)[C@@H](OC)[C@H]1OC,CC[C@H]1OC(=O)C[C@@H](O)[C@H](C)[C@@H](O[C@@H]2O[C@H](C)[C@@H](O[C@H]3C[C@@](C)(O)[C@@H](O)[C@H](C)O3)[C@H](N(C)C)[C@H]2O)[C@@H](CC=O)C[C@@H](C)C(=O)/C=C/C(C)=C/[C@@H]1CO[C@@H]1O[C@H](C)[C@@H](OC(=O)C2=CC(=O)C(O)C(O)C2)[C@@H](OC)[C@H]1OC,TRUE,,-1.059
tylosin,Tylosin (Ì©ÀÖ¾úËØ),REF_TYLOSIN,repository_reference,O59_attached_to_C55,59,55,C,MPM00269,"3,4,5-Trihydroxy-1-cyclohexenecarboxylic acid",O=C(O)C1=CC(O)C(O)C(O)C1,1,CC[C@H]1OC(=O)C[C@@H](O)[C@H](C)[C@@H](O[C@@H]2O[C@H](C)[C@@H](O[C@H]3C[C@@](C)(O)[C@@H](O)[C@H](C)O3)[C@H](N(C)C)[C@H]2O)[C@@H](CC=O)C[C@@H](C)C(=O)/C=C/C(C)=C/[C@@H]1CO[C@@H]1O[C@H](C)[C@@H](OC(=O)C2=CC(O)C(O)C(O)C2)[C@@H](OC)[C@H]1OC,CC[C@H]1OC(=O)C[C@@H](O)[C@H](C)[C@@H](O[C@@H]2O[C@H](C)[C@@H](O[C@H]3C[C@@](C)(O)[C@@H](O)[C@H](C)O3)[C@H](N(C)C)[C@H]2O)[C@@H](CC=O)C[C@@H](C)C(=O)/C=C/C(C)=C/[C@@H]1CO[C@@H]1O[C@H](C)[C@@H](OC(=O)C2=CC(O)C(O)C(O)C2)[C@@H](OC)[C@H]1OC,TRUE,,-1.412
tylosin,Tylosin (Ì©ÀÖ¾úËØ),REF_TYLOSIN,repository_reference,O59_attached_to_C55,59,55,C,MPM00160,1-pyrroline-2-carboxylic acid zwitterion,O=C(O)C1=NCCC1,1,CC[C@H]1OC(=O)C[C@@H](O)[C@H](C)[C@@H](O[C@@H]2O[C@H](C)[C@@H](O[C@H]3C[C@@](C)(O)[C@@H](O)[C@H](C)O3)[C@H](N(C)C)[C@H]2O)[C@@H](CC=O)C[C@@H](C)C(=O)/C=C/C(C)=C/[C@@H]1CO[C@@H]1O[C@H](C)[C@@H](OC(=O)C2=NCCC2)[C@@H](OC)[C@H]1OC,CC[C@H]1OC(=O)C[C@@H](O)[C@H](C)[C@@H](O[C@@H]2O[C@H](C)[C@@H](O[C@H]3C[C@@](C)(O)[C@@H](O)[C@H](C)O3)[C@H](N(C)C)[C@H]2O)[C@@H](CC=O)C[C@@H](C)C(=O)/C=C/C(C)=C/[C@@H]1CO[C@@H]1O[C@H](C)[C@@H](OC(=O)C2=NCCC2)[C@@H](OC)[C@H]1OC,TRUE,,-1.094
tylosin,Tylosin (Ì©ÀÖ¾úËØ),REF_TYLOSIN,repository_reference,O59_attached_to_C55,59,55,C,MPM01116,1-Piperideine-2-carboxylate,O=C(O)C1=NCCCC1,1,CC[C@H]1OC(=O)C[C@@H](O)[C@H](C)[C@@H](O[C@@H]2O[C@H](C)[C@@H](O[C@H]3C[C@@](C)(O)[C@@H](O)[C@H](C)O3)[C@H](N(C)C)[C@H]2O)[C@@H](CC=O)C[C@@H](C)C(=O)/C=C/C(C)=C/[C@@H]1CO[C@@H]1O[C@H](C)[C@@H](OC(=O)C2=NCCCC2)[C@@H](OC)[C@H]1OC,CC[C@H]1OC(=O)C[C@@H](O)[C@H](C)[C@@H](O[C@@H]2O[C@H](C)[C@@H](O[C@H]3C[C@@](C)(O)[C@@H](O)[C@H](C)O3)[C@H](N(C)C)[C@H]2O)[C@@H](CC=O)C[C@@H](C)C(=O)/C=C/C(C)=C/[C@@H]1CO[C@@H]1O[C@H](C)[C@@H](OC(=O)C2=NCCCC2)[C@@H](OC)[C@H]1OC,TRUE,,-1.106
tylosin,Tylosin (Ì©ÀÖ¾úËØ),REF_TYLOSIN,repository_reference,O59_attached_to_C55,59,55,C,MPM00047,"(3R,5S)-3-Hydroxy-1-pyrroline-5-carboxylate",O=C(O)C1CC(O)C=N1,1,CC[C@H]1OC(=O)C[C@@H](O)[C@H](C)[C@@H](O[C@@H]2O[C@H](C)[C@@H](O[C@H]3C[C@@](C)(O)[C@@H](O)[C@H](C)O3)[C@H](N(C)C)[C@H]2O)[C@@H](CC=O)C[C@@H](C)C(=O)/C=C/C(C)=C/[C@@H]1CO[C@@H]1O[C@H](C)[C@@H](OC(=O)C2CC(O)C=N2)[C@@H](OC)[C@H]1OC,CC[C@H]1OC(=O)C[C@@H](O)[C@H](C)[C@@H](O[C@@H]2O[C@H](C)[C@@H](O[C@H]3C[C@@](C)(O)[C@@H](O)[C@H](C)O3)[C@H](N(C)C)[C@H]2O)[C@@H](CC=O)C[C@@H](C)C(=O)/C=C/C(C)=C/[C@@H]1CO[C@@H]1O[C@H](C)[C@@H](OC(=O)C2CC(O)C=N2)[C@@H](OC)[C@H]1OC,TRUE,,-1.676
tylosin,Tylosin (Ì©ÀÖ¾úËØ),REF_TYLOSIN,repository_reference,O59_attached_to_C55,59,55,C,MPM00521,cis-4-Hydroxy-D-proline,O=C(O)C1CC(O)CN1,1,CC[C@H]1OC(=O)C[C@@H](O)[C@H](C)[C@@H](O[C@@H]2O[C@H](C)[C@@H](O[C@H]3C[C@@](C)(O)[C@@H](O)[C@H](C)O3)[C@H](N(C)C)[C@H]2O)[C@@H](CC=O)C[C@@H](C)C(=O)/C=C/C(C)=C/[C@@H]1CO[C@@H]1O[C@H](C)[C@@H](OC(=O)C2CC(O)CN2)[C@@H](OC)[C@H]1OC,CC[C@H]1OC(=O)C[C@@H](O)[C@H](C)[C@@H](O[C@@H]2O[C@H](C)[C@@H](O[C@H]3C[C@@](C)(O)[C@@H](O)[C@H](C)O3)[C@H](N(C)C)[C@H]2O)[C@@H](CC=O)C[C@@H](C)C(=O)/C=C/C(C)=C/[C@@H]1CO[C@@H]1O[C@H](C)[C@@H](OC(=O)C2CC(O)CN2)[C@@H](OC)[C@H]1OC,TRUE,,-1.042
tylosin,Tylosin (Ì©ÀÖ¾úËØ),REF_TYLOSIN,repository_reference,O59_attached_to_C55,59,55,C,MPM00162,1-Pyrroline-5-carboxylate,O=C(O)C1CCC=N1,1,CC[C@H]1OC(=O)C[C@@H](O)[C@H](C)[C@@H](O[C@@H]2O[C@H](C)[C@@H](O[C@H]3C[C@@](C)(O)[C@@H](O)[C@H](C)O3)[C@H](N(C)C)[C@H]2O)[C@@H](CC=O)C[C@@H](C)C(=O)/C=C/C(C)=C/[C@@H]1CO[C@@H]1O[C@H](C)[C@@H](OC(=O)C2CCC=N2)[C@@H](OC)[C@H]1OC,CC[C@H]1OC(=O)C[C@@H](O)[C@H](C)[C@@H](O[C@@H]2O[C@H](C)[C@@H](O[C@H]3C[C@@](C)(O)[C@@H](O)[C@H](C)O3)[C@H](N(C)C)[C@H]2O)[C@@H](CC=O)C[C@@H](C)C(=O)/C=C/C(C)=C/[C@@H]1CO[C@@H]1O[C@H](C)[C@@H](OC(=O)C2CCC=N2)[C@@H](OC)[C@H]1OC,TRUE,,-1.343
tylosin,Tylosin (Ì©ÀÖ¾úËØ),REF_TYLOSIN,repository_reference,O59_attached_to_C55,59,55,C,MPM00613,D-Proline,O=C(O)C1CCCN1,1,CC[C@H]1OC(=O)C[C@@H](O)[C@H](C)[C@@H](O[C@@H]2O[C@H](C)[C@@H](O[C@H]3C[C@@](C)(O)[C@@H](O)[C@H](C)O3)[C@H](N(C)C)[C@H]2O)[C@@H](CC=O)C[C@@H](C)C(=O)/C=C/C(C)=C/[C@@H]1CO[C@@H]1O[C@H](C)[C@@H](OC(=O)C2CCCN2)[C@@H](OC)[C@H]1OC,CC[C@H]1OC(=O)C[C@@H](O)[C@H](C)[C@@H](O[C@@H]2O[C@H](C)[C@@H](O[C@H]3C[C@@](C)(O)[C@@H](O)[C@H](C)O3)[C@H](N(C)C)[C@H]2O)[C@@H](CC=O)C[C@@H](C)C(=O)/C=C/C(C)=C/[C@@H]1CO[C@@H]1O[C@H](C)[C@@H](OC(=O)C2CCCN2)[C@@H](OC)[C@H]1OC,TRUE,,-0.725
tylosin,Tylosin (Ì©ÀÖ¾úËØ),REF_TYLOSIN,repository_reference,O59_attached_to_C55,59,55,C,MPM00575,D-Galacturonic acid,O=C(O)C1OC(O)C(O)C(O)C1O,1,CC[C@H]1OC(=O)C[C@@H](O)[C@H](C)[C@@H](O[C@@H]2O[C@H](C)[C@@H](O[C@H]3C[C@@](C)(O)[C@@H](O)[C@H](C)O3)[C@H](N(C)C)[C@H]2O)[C@@H](CC=O)C[C@@H](C)C(=O)/C=C/C(C)=C/[C@@H]1CO[C@@H]1O[C@H](C)[C@@H](OC(=O)C2OC(O)C(O)C(O)C2O)[C@@H](OC)[C@H]1OC,CC[C@H]1OC(=O)C[C@@H](O)[C@H](C)[C@@H](O[C@@H]2O[C@H](C)[C@@H](O[C@H]3C[C@@](C)(O)[C@@H](O)[C@H](C)O3)[C@H](N(C)C)[C@H]2O)[C@@H](CC=O)C[C@@H](C)C(=O)/C=C/C(C)=C/[C@@H]1CO[C@@H]1O[C@H](C)[C@@H](OC(=O)C2OC(O)C(O)C(O)C2O)[C@@H](OC)[C@H]1OC,TRUE,,-1.74
tylosin,Tylosin (Ì©ÀÖ¾úËØ),REF_TYLOSIN,repository_reference,O59_attached_to_C55,59,55,C,MPM00158,1-Phospho-alpha-D-glucuronate,O=C(O)C1OC(OP(=O)(O)O)C(O)C(O)C1O,1,CC[C@H]1OC(=O)C[C@@H](O)[C@H](C)[C@@H](O[C@@H]2O[C@H](C)[C@@H](O[C@H]3C[C@@](C)(O)[C@@H](O)[C@H](C)O3)[C@H](N(C)C)[C@H]2O)[C@@H](CC=O)C[C@@H](C)C(=O)/C=C/C(C)=C/[C@@H]1CO[C@@H]1O[C@H](C)[C@@H](OC(=O)C2OC(OP(=O)(O)O)C(O)C(O)C2O)[C@@H](OC)[C@H]1OC,CC[C@H]1OC(=O)C[C@@H](O)[C@H](C)[C@@H](O[C@@H]2O[C@H](C)[C@@H](O[C@H]3C[C@@](C)(O)[C@@H](O)[C@H](C)O3)[C@H](N(C)C)[C@H]2O)[C@@H](CC=O)C[C@@H](C)C(=O)/C=C/C(C)=C/[C@@H]1CO[C@@H]1O[C@H](C)[C@@H](OC(=O)C2OC(OP(=O)(O)O)C(O)C(O)C2O)[C@@H](OC)[C@H]1OC,TRUE,,-2.677
tylosin,Tylosin (Ì©ÀÖ¾úËØ),REF_TYLOSIN,repository_reference,O59_attached_to_C55,59,55,C,MPM00009,"(2E)-3-(3,4-Dihydroxyphenyl)prop-2-enoate",O=C(O)C=Cc1ccc(O)c(O)c1,1,CC[C@H]1OC(=O)C[C@@H](O)[C@H](C)[C@@H](O[C@@H]2O[C@H](C)[C@@H](O[C@H]3C[C@@](C)(O)[C@@H](O)[C@H](C)O3)[C@H](N(C)C)[C@H]2O)[C@@H](CC=O)C[C@@H](C)C(=O)/C=C/C(C)=C/[C@@H]1CO[C@@H]1O[C@H](C)[C@@H](OC(=O)C=Cc2ccc(O)c(O)c2)[C@@H](OC)[C@H]1OC,CC[C@H]1OC(=O)C[C@@H](O)[C@H](C)[C@@H](O[C@@H]2O[C@H](C)[C@@H](O[C@H]3C[C@@](C)(O)[C@@H](O)[C@H](C)O3)[C@H](N(C)C)[C@H]2O)[C@@H](CC=O)C[C@@H](C)C(=O)/C=C/C(C)=C/[C@@H]1CO[C@@H]1O[C@H](C)[C@@H](OC(=O)C=Cc2ccc(O)c(O)c2)[C@@H](OC)[C@H]1OC,TRUE,,-0.031
tylosin,Tylosin (Ì©ÀÖ¾úËØ),REF_TYLOSIN,repository_reference,O59_attached_to_C55,59,55,C,MPM00350,4-Hydroxycinnamate,O=C(O)C=Cc1ccc(O)cc1,1,CC[C@H]1OC(=O)C[C@@H](O)[C@H](C)[C@@H](O[C@@H]2O[C@H](C)[C@@H](O[C@H]3C[C@@](C)(O)[C@@H](O)[C@H](C)O3)[C@H](N(C)C)[C@H]2O)[C@@H](CC=O)C[C@@H](C)C(=O)/C=C/C(C)=C/[C@@H]1CO[C@@H]1O[C@H](C)[C@@H](OC(=O)C=Cc2ccc(O)cc2)[C@@H](OC)[C@H]1OC,CC[C@H]1OC(=O)C[C@@H](O)[C@H](C)[C@@H](O[C@@H]2O[C@H](C)[C@@H](O[C@H]3C[C@@](C)(O)[C@@H](O)[C@H](C)O3)[C@H](N(C)C)[C@H]2O)[C@@H](CC=O)C[C@@H](C)C(=O)/C=C/C(C)=C/[C@@H]1CO[C@@H]1O[C@H](C)[C@@H](OC(=O)C=Cc2ccc(O)cc2)[C@@H](OC)[C@H]1OC,TRUE,,0.271
tylosin,Tylosin (Ì©ÀÖ¾úËØ),REF_TYLOSIN,repository_reference,O59_attached_to_C55,59,55,C,MPM00014,(2E)-3-Phenylprop-2-enoate,O=C(O)C=Cc1ccccc1,1,CC[C@H]1OC(=O)C[C@@H](O)[C@H](C)[C@@H](O[C@@H]2O[C@H](C)[C@@H](O[C@H]3C[C@@](C)(O)[C@@H](O)[C@H](C)O3)[C@H](N(C)C)[C@H]2O)[C@@H](CC=O)C[C@@H](C)C(=O)/C=C/C(C)=C/[C@@H]1CO[C@@H]1O[C@H](C)[C@@H](OC(=O)C=Cc2ccccc2)[C@@H](OC)[C@H]1OC,CC[C@H]1OC(=O)C[C@@H](O)[C@H](C)[C@@H](O[C@@H]2O[C@H](C)[C@@H](O[C@H]3C[C@@](C)(O)[C@@H](O)[C@H](C)O3)[C@H](N(C)C)[C@H]2O)[C@@H](CC=O)C[C@@H](C)C(=O)/C=C/C(C)=C/[C@@H]1CO[C@@H]1O[C@H](C)[C@@H](OC(=O)C=Cc2ccccc2)[C@@H](OC)[C@H]1OC,TRUE,,0.661
tylosin,Tylosin (Ì©ÀÖ¾úËØ),REF_TYLOSIN,repository_reference,O59_attached_to_C55,59,55,C,MPM00285,3-Hydroxy-10-phenyldecanoic acid,O=C(O)CC(O)CCCCCCCc1ccccc1,1,CC[C@H]1OC(=O)C[C@@H](O)[C@H](C)[C@@H](O[C@@H]2O[C@H](C)[C@@H](O[C@H]3C[C@@](C)(O)[C@@H](O)[C@H](C)O3)[C@H](N(C)C)[C@H]2O)[C@@H](CC=O)C[C@@H](C)C(=O)/C=C/C(C)=C/[C@@H]1CO[C@@H]1O[C@H](C)[C@@H](OC(=O)CC(O)CCCCCCCc2ccccc2)[C@@H](OC)[C@H]1OC,CC[C@H]1OC(=O)C[C@@H](O)[C@H](C)[C@@H](O[C@@H]2O[C@H](C)[C@@H](O[C@H]3C[C@@](C)(O)[C@@H](O)[C@H](C)O3)[C@H](N(C)C)[C@H]2O)[C@@H](CC=O)C[C@@H](C)C(=O)/C=C/C(C)=C/[C@@H]1CO[C@@H]1O[C@H](C)[C@@H](OC(=O)CC(O)CCCCCCCc2ccccc2)[C@@H](OC)[C@H]1OC,TRUE,,-1.534
tylosin,Tylosin (Ì©ÀÖ¾úËØ),REF_TYLOSIN,repository_reference,O59_attached_to_C55,59,55,C,MPM00292,3-Hydroxy-9-phenylnonanoic acid,O=C(O)CC(O)CCCCCCc1ccccc1,1,CC[C@H]1OC(=O)C[C@@H](O)[C@H](C)[C@@H](O[C@@H]2O[C@H](C)[C@@H](O[C@H]3C[C@@](C)(O)[C@@H](O)[C@H](C)O3)[C@H](N(C)C)[C@H]2O)[C@@H](CC=O)C[C@@H](C)C(=O)/C=C/C(C)=C/[C@@H]1CO[C@@H]1O[C@H](C)[C@@H](OC(=O)CC(O)CCCCCCc2ccccc2)[C@@H](OC)[C@H]1OC,CC[C@H]1OC(=O)C[C@@H](O)[C@H](C)[C@@H](O[C@@H]2O[C@H](C)[C@@H](O[C@H]3C[C@@](C)(O)[C@@H](O)[C@H](C)O3)[C@H](N(C)C)[C@H]2O)[C@@H](CC=O)C[C@@H](C)C(=O)/C=C/C(C)=C/[C@@H]1CO[C@@H]1O[C@H](C)[C@@H](OC(=O)CC(O)CCCCCCc2ccccc2)[C@@H](OC)[C@H]1OC,TRUE,,-1.465
tylosin,Tylosin (Ì©ÀÖ¾úËØ),REF_TYLOSIN,repository_reference,O59_attached_to_C55,59,55,C,MPM00291,3-Hydroxy-8-phenyloctanoic acid,O=C(O)CC(O)CCCCCc1ccccc1,1,CC[C@H]1OC(=O)C[C@@H](O)[C@H](C)[C@@H](O[C@@H]2O[C@H](C)[C@@H](O[C@H]3C[C@@](C)(O)[C@@H](O)[C@H](C)O3)[C@H](N(C)C)[C@H]2O)[C@@H](CC=O)C[C@@H](C)C(=O)/C=C/C(C)=C/[C@@H]1CO[C@@H]1O[C@H](C)[C@@H](OC(=O)CC(O)CCCCCc2ccccc2)[C@@H](OC)[C@H]1OC,CC[C@H]1OC(=O)C[C@@H](O)[C@H](C)[C@@H](O[C@@H]2O[C@H](C)[C@@H](O[C@H]3C[C@@](C)(O)[C@@H](O)[C@H](C)O3)[C@H](N(C)C)[C@H]2O)[C@@H](CC=O)C[C@@H](C)C(=O)/C=C/C(C)=C/[C@@H]1CO[C@@H]1O[C@H](C)[C@@H](OC(=O)CC(O)CCCCCc2ccccc2)[C@@H](OC)[C@H]1OC,TRUE,,-1.4
tylosin,Tylosin (Ì©ÀÖ¾úËØ),REF_TYLOSIN,repository_reference,O59_attached_to_C55,59,55,C,MPM00290,3-Hydroxy-7-phenylheptanoic acid,O=C(O)CC(O)CCCCc1ccccc1,1,CC[C@H]1OC(=O)C[C@@H](O)[C@H](C)[C@@H](O[C@@H]2O[C@H](C)[C@@H](O[C@H]3C[C@@](C)(O)[C@@H](O)[C@H](C)O3)[C@H](N(C)C)[C@H]2O)[C@@H](CC=O)C[C@@H](C)C(=O)/C=C/C(C)=C/[C@@H]1CO[C@@H]1O[C@H](C)[C@@H](OC(=O)CC(O)CCCCc2ccccc2)[C@@H](OC)[C@H]1OC,CC[C@H]1OC(=O)C[C@@H](O)[C@H](C)[C@@H](O[C@@H]2O[C@H](C)[C@@H](O[C@H]3C[C@@](C)(O)[C@@H](O)[C@H](C)O3)[C@H](N(C)C)[C@H]2O)[C@@H](CC=O)C[C@@H](C)C(=O)/C=C/C(C)=C/[C@@H]1CO[C@@H]1O[C@H](C)[C@@H](OC(=O)CC(O)CCCCc2ccccc2)[C@@H](OC)[C@H]1OC,TRUE,,-1.331
tylosin,Tylosin (Ì©ÀÖ¾úËØ),REF_TYLOSIN,repository_reference,O59_attached_to_C55,59,55,C,MPM00289,3-Hydroxy-6-phenylhexanoic acid,O=C(O)CC(O)CCCc1ccccc1,1,CC[C@H]1OC(=O)C[C@@H](O)[C@H](C)[C@@H](O[C@@H]2O[C@H](C)[C@@H](O[C@H]3C[C@@](C)(O)[C@@H](O)[C@H](C)O3)[C@H](N(C)C)[C@H]2O)[C@@H](CC=O)C[C@@H](C)C(=O)/C=C/C(C)=C/[C@@H]1CO[C@@H]1O[C@H](C)[C@@H](OC(=O)CC(O)CCCc2ccccc2)[C@@H](OC)[C@H]1OC,CC[C@H]1OC(=O)C[C@@H](O)[C@H](C)[C@@H](O[C@@H]2O[C@H](C)[C@@H](O[C@H]3C[C@@](C)(O)[C@@H](O)[C@H](C)O3)[C@H](N(C)C)[C@H]2O)[C@@H](CC=O)C[C@@H](C)C(=O)/C=C/C(C)=C/[C@@H]1CO[C@@H]1O[C@H](C)[C@@H](OC(=O)CC(O)CCCc2ccccc2)[C@@H](OC)[C@H]1OC,TRUE,,-1.267
tylosin,Tylosin (Ì©ÀÖ¾úËØ),REF_TYLOSIN,repository_reference,O59_attached_to_C55,59,55,C,MPM00388,"5-Oxo-4,5-dihydrofuran-2-acetate",O=C(O)CC1=CCC(=O)O1,1,CC[C@H]1OC(=O)C[C@@H](O)[C@H](C)[C@@H](O[C@@H]2O[C@H](C)[C@@H](O[C@H]3C[C@@](C)(O)[C@@H](O)[C@H](C)O3)[C@H](N(C)C)[C@H]2O)[C@@H](CC=O)C[C@@H](C)C(=O)/C=C/C(C)=C/[C@@H]1CO[C@@H]1O[C@H](C)[C@@H](OC(=O)CC2=CCC(=O)O2)[C@@H](OC)[C@H]1OC,CC[C@H]1OC(=O)C[C@@H](O)[C@H](C)[C@@H](O[C@@H]2O[C@H](C)[C@@H](O[C@H]3C[C@@](C)(O)[C@@H](O)[C@H](C)O3)[C@H](N(C)C)[C@H]2O)[C@@H](CC=O)C[C@@H](C)C(=O)/C=C/C(C)=C/[C@@H]1CO[C@@H]1O[C@H](C)[C@@H](OC(=O)CC2=CCC(=O)O2)[C@@H](OC)[C@H]1OC,TRUE,,-0.775
tylosin,Tylosin (Ì©ÀÖ¾úËØ),REF_TYLOSIN,repository_reference,O59_attached_to_C55,59,55,C,MPM00597,DL-Thioctic acid,O=C(O)CCCCC1CCSS1,1,CC[C@H]1OC(=O)C[C@@H](O)[C@H](C)[C@@H](O[C@@H]2O[C@H](C)[C@@H](O[C@H]3C[C@@](C)(O)[C@@H](O)[C@H](C)O3)[C@H](N(C)C)[C@H]2O)[C@@H](CC=O)C[C@@H](C)C(=O)/C=C/C(C)=C/[C@@H]1CO[C@@H]1O[C@H](C)[C@@H](OC(=O)CCCCC2CCSS2)[C@@H](OC)[C@H]1OC,CC[C@H]1OC(=O)C[C@@H](O)[C@H](C)[C@@H](O[C@@H]2O[C@H](C)[C@@H](O[C@H]3C[C@@](C)(O)[C@@H](O)[C@H](C)O3)[C@H](N(C)C)[C@H]2O)[C@@H](CC=O)C[C@@H](C)C(=O)/C=C/C(C)=C/[C@@H]1CO[C@@H]1O[C@H](C)[C@@H](OC(=O)CCCCC2CCSS2)[C@@H](OC)[C@H]1OC,TRUE,,-2.502
tylosin,Tylosin (Ì©ÀÖ¾úËØ),REF_TYLOSIN,repository_reference,O59_attached_to_C55,59,55,C,MPM00525,Coenzyme R,O=C(O)CCCCC1SCC2NC(=O)NC21,1,CC[C@H]1OC(=O)C[C@@H](O)[C@H](C)[C@@H](O[C@@H]2O[C@H](C)[C@@H](O[C@H]3C[C@@](C)(O)[C@@H](O)[C@H](C)O3)[C@H](N(C)C)[C@H]2O)[C@@H](CC=O)C[C@@H](C)C(=O)/C=C/C(C)=C/[C@@H]1CO[C@@H]1O[C@H](C)[C@@H](OC(=O)CCCCC2SCC3NC(=O)NC32)[C@@H](OC)[C@H]1OC,CC[C@H]1OC(=O)C[C@@H](O)[C@H](C)[C@@H](O[C@@H]2O[C@H](C)[C@@H](O[C@H]3C[C@@](C)(O)[C@@H](O)[C@H](C)O3)[C@H](N(C)C)[C@H]2O)[C@@H](CC=O)C[C@@H](C)C(=O)/C=C/C(C)=C/[C@@H]1CO[C@@H]1O[C@H](C)[C@@H](OC(=O)CCCCC2SCC3NC(=O)NC32)[C@@H](OC)[C@H]1OC,TRUE,,-2.34
tylosin,Tylosin (Ì©ÀÖ¾úËØ),REF_TYLOSIN,repository_reference,O59_attached_to_C55,59,55,C,MPM00144,10-Phenyldecanoic acid,O=C(O)CCCCCCCCCc1ccccc1,1,CC[C@H]1OC(=O)C[C@@H](O)[C@H](C)[C@@H](O[C@@H]2O[C@H](C)[C@@H](O[C@H]3C[C@@](C)(O)[C@@H](O)[C@H](C)O3)[C@H](N(C)C)[C@H]2O)[C@@H](CC=O)C[C@@H](C)C(=O)/C=C/C(C)=C/[C@@H]1CO[C@@H]1O[C@H](C)[C@@H](OC(=O)CCCCCCCCCc2ccccc2)[C@@H](OC)[C@H]1OC,CC[C@H]1OC(=O)C[C@@H](O)[C@H](C)[C@@H](O[C@@H]2O[C@H](C)[C@@H](O[C@H]3C[C@@](C)(O)[C@@H](O)[C@H](C)O3)[C@H](N(C)C)[C@H]2O)[C@@H](CC=O)C[C@@H](C)C(=O)/C=C/C(C)=C/[C@@H]1CO[C@@H]1O[C@H](C)[C@@H](OC(=O)CCCCCCCCCc2ccccc2)[C@@H](OC)[C@H]1OC,TRUE,,-1.39
tylosin,Tylosin (Ì©ÀÖ¾úËØ),REF_TYLOSIN,repository_reference,O59_attached_to_C55,59,55,C,MPM00412,9-Phenylnonanoic acid,O=C(O)CCCCCCCCc1ccccc1,1,CC[C@H]1OC(=O)C[C@@H](O)[C@H](C)[C@@H](O[C@@H]2O[C@H](C)[C@@H](O[C@H]3C[C@@](C)(O)[C@@H](O)[C@H](C)O3)[C@H](N(C)C)[C@H]2O)[C@@H](CC=O)C[C@@H](C)C(=O)/C=C/C(C)=C/[C@@H]1CO[C@@H]1O[C@H](C)[C@@H](OC(=O)CCCCCCCCc2ccccc2)[C@@H](OC)[C@H]1OC,CC[C@H]1OC(=O)C[C@@H](O)[C@H](C)[C@@H](O[C@@H]2O[C@H](C)[C@@H](O[C@H]3C[C@@](C)(O)[C@@H](O)[C@H](C)O3)[C@H](N(C)C)[C@H]2O)[C@@H](CC=O)C[C@@H](C)C(=O)/C=C/C(C)=C/[C@@H]1CO[C@@H]1O[C@H](C)[C@@H](OC(=O)CCCCCCCCc2ccccc2)[C@@H](OC)[C@H]1OC,TRUE,,-1.321
tylosin,Tylosin (Ì©ÀÖ¾úËØ),REF_TYLOSIN,repository_reference,O59_attached_to_C55,59,55,C,MPM00409,8-Phenyloctanoic acid,O=C(O)CCCCCCCc1ccccc1,1,CC[C@H]1OC(=O)C[C@@H](O)[C@H](C)[C@@H](O[C@@H]2O[C@H](C)[C@@H](O[C@H]3C[C@@](C)(O)[C@@H](O)[C@H](C)O3)[C@H](N(C)C)[C@H]2O)[C@@H](CC=O)C[C@@H](C)C(=O)/C=C/C(C)=C/[C@@H]1CO[C@@H]1O[C@H](C)[C@@H](OC(=O)CCCCCCCc2ccccc2)[C@@H](OC)[C@H]1OC,CC[C@H]1OC(=O)C[C@@H](O)[C@H](C)[C@@H](O[C@@H]2O[C@H](C)[C@@H](O[C@H]3C[C@@](C)(O)[C@@H](O)[C@H](C)O3)[C@H](N(C)C)[C@H]2O)[C@@H](CC=O)C[C@@H](C)C(=O)/C=C/C(C)=C/[C@@H]1CO[C@@H]1O[C@H](C)[C@@H](OC(=O)CCCCCCCc2ccccc2)[C@@H](OC)[C@H]1OC,TRUE,,-1.253
tylosin,Tylosin (Ì©ÀÖ¾úËØ),REF_TYLOSIN,repository_reference,O59_attached_to_C55,59,55,C,MPM00408,7-Phenylheptanoic acid,O=C(O)CCCCCCc1ccccc1,1,CC[C@H]1OC(=O)C[C@@H](O)[C@H](C)[C@@H](O[C@@H]2O[C@H](C)[C@@H](O[C@H]3C[C@@](C)(O)[C@@H](O)[C@H](C)O3)[C@H](N(C)C)[C@H]2O)[C@@H](CC=O)C[C@@H](C)C(=O)/C=C/C(C)=C/[C@@H]1CO[C@@H]1O[C@H](C)[C@@H](OC(=O)CCCCCCc2ccccc2)[C@@H](OC)[C@H]1OC,CC[C@H]1OC(=O)C[C@@H](O)[C@H](C)[C@@H](O[C@@H]2O[C@H](C)[C@@H](O[C@H]3C[C@@](C)(O)[C@@H](O)[C@H](C)O3)[C@H](N(C)C)[C@H]2O)[C@@H](CC=O)C[C@@H](C)C(=O)/C=C/C(C)=C/[C@@H]1CO[C@@H]1O[C@H](C)[C@@H](OC(=O)CCCCCCc2ccccc2)[C@@H](OC)[C@H]1OC,TRUE,,-1.185
tylosin,Tylosin (Ì©ÀÖ¾úËØ),REF_TYLOSIN,repository_reference,O59_attached_to_C55,59,55,C,MPM00399,6-Phenylhexanoic acid,O=C(O)CCCCCc1ccccc1,1,CC[C@H]1OC(=O)C[C@@H](O)[C@H](C)[C@@H](O[C@@H]2O[C@H](C)[C@@H](O[C@H]3C[C@@](C)(O)[C@@H](O)[C@H](C)O3)[C@H](N(C)C)[C@H]2O)[C@@H](CC=O)C[C@@H](C)C(=O)/C=C/C(C)=C/[C@@H]1CO[C@@H]1O[C@H](C)[C@@H](OC(=O)CCCCCc2ccccc2)[C@@H](OC)[C@H]1OC,CC[C@H]1OC(=O)C[C@@H](O)[C@H](C)[C@@H](O[C@@H]2O[C@H](C)[C@@H](O[C@H]3C[C@@](C)(O)[C@@H](O)[C@H](C)O3)[C@H](N(C)C)[C@H]2O)[C@@H](CC=O)C[C@@H](C)C(=O)/C=C/C(C)=C/[C@@H]1CO[C@@H]1O[C@H](C)[C@@H](OC(=O)CCCCCc2ccccc2)[C@@H](OC)[C@H]1OC,TRUE,,-1.117
tylosin,Tylosin (Ì©ÀÖ¾úËØ),REF_TYLOSIN,repository_reference,O59_attached_to_C55,59,55,C,MPM00390,5-Phenylvaleric acid,O=C(O)CCCCc1ccccc1,1,CC[C@H]1OC(=O)C[C@@H](O)[C@H](C)[C@@H](O[C@@H]2O[C@H](C)[C@@H](O[C@H]3C[C@@](C)(O)[C@@H](O)[C@H](C)O3)[C@H](N(C)C)[C@H]2O)[C@@H](CC=O)C[C@@H](C)C(=O)/C=C/C(C)=C/[C@@H]1CO[C@@H]1O[C@H](C)[C@@H](OC(=O)CCCCc2ccccc2)[C@@H](OC)[C@H]1OC,CC[C@H]1OC(=O)C[C@@H](O)[C@H](C)[C@@H](O[C@@H]2O[C@H](C)[C@@H](O[C@H]3C[C@@](C)(O)[C@@H](O)[C@H](C)O3)[C@H](N(C)C)[C@H]2O)[C@@H](CC=O)C[C@@H](C)C(=O)/C=C/C(C)=C/[C@@H]1CO[C@@H]1O[C@H](C)[C@@H](OC(=O)CCCCc2ccccc2)[C@@H](OC)[C@H]1OC,TRUE,,-1.051
tylosin,Tylosin (Ì©ÀÖ¾úËØ),REF_TYLOSIN,repository_reference,O59_attached_to_C55,59,55,C,MPM00701,Hydroxyacetic acid,O=C(O)CO,1,CC[C@H]1OC(=O)C[C@@H](O)[C@H](C)[C@@H](O[C@@H]2O[C@H](C)[C@@H](O[C@H]3C[C@@](C)(O)[C@@H](O)[C@H](C)O3)[C@H](N(C)C)[C@H]2O)[C@@H](CC=O)C[C@@H](C)C(=O)/C=C/C(C)=C/[C@@H]1CO[C@@H]1O[C@H](C)[C@@H](OC(=O)CO)[C@@H](OC)[C@H]1OC,CC[C@H]1OC(=O)C[C@@H](O)[C@H](C)[C@@H](O[C@@H]2O[C@H](C)[C@@H](O[C@H]3C[C@@](C)(O)[C@@H](O)[C@H](C)O3)[C@H](N(C)C)[C@H]2O)[C@@H](CC=O)C[C@@H](C)C(=O)/C=C/C(C)=C/[C@@H]1CO[C@@H]1O[C@H](C)[C@@H](OC(=O)CO)[C@@H](OC)[C@H]1OC,TRUE,,-0.499
tylosin,Tylosin (Ì©ÀÖ¾úËØ),REF_TYLOSIN,repository_reference,O59_attached_to_C55,59,55,C,MPM00891,Phosphoglycolic acid,O=C(O)COP(=O)(O)O,1,CC[C@H]1OC(=O)C[C@@H](O)[C@H](C)[C@@H](O[C@@H]2O[C@H](C)[C@@H](O[C@H]3C[C@@](C)(O)[C@@H](O)[C@H](C)O3)[C@H](N(C)C)[C@H]2O)[C@@H](CC=O)C[C@@H](C)C(=O)/C=C/C(C)=C/[C@@H]1CO[C@@H]1O[C@H](C)[C@@H](OC(=O)COP(=O)(O)O)[C@@H](OC)[C@H]1OC,CC[C@H]1OC(=O)C[C@@H](O)[C@H](C)[C@@H](O[C@@H]2O[C@H](C)[C@@H](O[C@H]3C[C@@](C)(O)[C@@H](O)[C@H](C)O3)[C@H](N(C)C)[C@H]2O)[C@@H](CC=O)C[C@@H](C)C(=O)/C=C/C(C)=C/[C@@H]1CO[C@@H]1O[C@H](C)[C@@H](OC(=O)COP(=O)(O)O)[C@@H](OC)[C@H]1OC,TRUE,,-0.961
tylosin,Tylosin (Ì©ÀÖ¾úËØ),REF_TYLOSIN,repository_reference,O59_attached_to_C55,59,55,C,MPM00894,Phosphonoacetic acid,O=C(O)CP(=O)(O)O,1,CC[C@H]1OC(=O)C[C@@H](O)[C@H](C)[C@@H](O[C@@H]2O[C@H](C)[C@@H](O[C@H]3C[C@@](C)(O)[C@@H](O)[C@H](C)O3)[C@H](N(C)C)[C@H]2O)[C@@H](CC=O)C[C@@H](C)C(=O)/C=C/C(C)=C/[C@@H]1CO[C@@H]1O[C@H](C)[C@@H](OC(=O)CP(=O)(O)O)[C@@H](OC)[C@H]1OC,CC[C@H]1OC(=O)C[C@@H](O)[C@H](C)[C@@H](O[C@@H]2O[C@H](C)[C@@H](O[C@H]3C[C@@](C)(O)[C@@H](O)[C@H](C)O3)[C@H](N(C)C)[C@H]2O)[C@@H](CC=O)C[C@@H](C)C(=O)/C=C/C(C)=C/[C@@H]1CO[C@@H]1O[C@H](C)[C@@H](OC(=O)CP(=O)(O)O)[C@@H](OC)[C@H]1OC,TRUE,,-1.294
tylosin,Tylosin (Ì©ÀÖ¾úËØ),REF_TYLOSIN,repository_reference,O59_attached_to_C55,59,55,C,MPM00961,Sulfoacetic acid,O=C(O)CS(=O)(=O)O,1,CC[C@H]1OC(=O)C[C@@H](O)[C@H](C)[C@@H](O[C@@H]2O[C@H](C)[C@@H](O[C@H]3C[C@@](C)(O)[C@@H](O)[C@H](C)O3)[C@H](N(C)C)[C@H]2O)[C@@H](CC=O)C[C@@H](C)C(=O)/C=C/C(C)=C/[C@@H]1CO[C@@H]1O[C@H](C)[C@@H](OC(=O)CS(=O)(=O)O)[C@@H](OC)[C@H]1OC,CC[C@H]1OC(=O)C[C@@H](O)[C@H](C)[C@@H](O[C@@H]2O[C@H](C)[C@@H](O[C@H]3C[C@@](C)(O)[C@@H](O)[C@H](C)O3)[C@H](N(C)C)[C@H]2O)[C@@H](CC=O)C[C@@H](C)C(=O)/C=C/C(C)=C/[C@@H]1CO[C@@H]1O[C@H](C)[C@@H](OC(=O)CS(=O)(=O)O)[C@@H](OC)[C@H]1OC,TRUE,,-0.474
tylosin,Tylosin (Ì©ÀÖ¾úËØ),REF_TYLOSIN,repository_reference,O59_attached_to_C55,59,55,C,MPM00418,"Acetic acid,phenyl ester",O=C(O)Cc1ccccc1,1,CC[C@H]1OC(=O)C[C@@H](O)[C@H](C)[C@@H](O[C@@H]2O[C@H](C)[C@@H](O[C@H]3C[C@@](C)(O)[C@@H](O)[C@H](C)O3)[C@H](N(C)C)[C@H]2O)[C@@H](CC=O)C[C@@H](C)C(=O)/C=C/C(C)=C/[C@@H]1CO[C@@H]1O[C@H](C)[C@@H](OC(=O)Cc2ccccc2)[C@@H](OC)[C@H]1OC,CC[C@H]1OC(=O)C[C@@H](O)[C@H](C)[C@@H](O[C@@H]2O[C@H](C)[C@@H](O[C@H]3C[C@@](C)(O)[C@@H](O)[C@H](C)O3)[C@H](N(C)C)[C@H]2O)[C@@H](CC=O)C[C@@H](C)C(=O)/C=C/C(C)=C/[C@@H]1CO[C@@H]1O[C@H](C)[C@@H](OC(=O)Cc2ccccc2)[C@@H](OC)[C@H]1OC,TRUE,,-0.852
tylosin,Tylosin (Ì©ÀÖ¾úËØ),REF_TYLOSIN,repository_reference,O59_attached_to_C55,59,55,C,MPM01016,Uracil-6-carboxylic acid,O=C(O)c1cc(=O)[nH]c(=O)[nH]1,1,CC[C@H]1OC(=O)C[C@@H](O)[C@H](C)[C@@H](O[C@@H]2O[C@H](C)[C@@H](O[C@H]3C[C@@](C)(O)[C@@H](O)[C@H](C)O3)[C@H](N(C)C)[C@H]2O)[C@@H](CC=O)C[C@@H](C)C(=O)/C=C/C(C)=C/[C@@H]1CO[C@@H]1O[C@H](C)[C@@H](OC(=O)c2cc(=O)[nH]c(=O)[nH]2)[C@@H](OC)[C@H]1OC,CC[C@H]1OC(=O)C[C@@H](O)[C@H](C)[C@@H](O[C@@H]2O[C@H](C)[C@@H](O[C@H]3C[C@@](C)(O)[C@@H](O)[C@H](C)O3)[C@H](N(C)C)[C@H]2O)[C@@H](CC=O)C[C@@H](C)C(=O)/C=C/C(C)=C/[C@@H]1CO[C@@H]1O[C@H](C)[C@@H](OC(=O)c2cc(=O)[nH]c(=O)[nH]2)[C@@H](OC)[C@H]1OC,TRUE,,-0.744
tylosin,Tylosin (Ì©ÀÖ¾úËØ),REF_TYLOSIN,repository_reference,O59_attached_to_C55,59,55,C,MPM00844,Orotidylic acid,O=C(O)c1cc(=O)[nH]c(=O)n1C1OC(COP(=O)(O)O)C(O)C1O,1,CC[C@H]1OC(=O)C[C@@H](O)[C@H](C)[C@@H](O[C@@H]2O[C@H](C)[C@@H](O[C@H]3C[C@@](C)(O)[C@@H](O)[C@H](C)O3)[C@H](N(C)C)[C@H]2O)[C@@H](CC=O)C[C@@H](C)C(=O)/C=C/C(C)=C/[C@@H]1CO[C@@H]1O[C@H](C)[C@@H](OC(=O)c2cc(=O)[nH]c(=O)n2C2OC(COP(=O)(O)O)C(O)C2O)[C@@H](OC)[C@H]1OC,CC[C@H]1OC(=O)C[C@@H](O)[C@H](C)[C@@H](O[C@@H]2O[C@H](C)[C@@H](O[C@H]3C[C@@](C)(O)[C@@H](O)[C@H](C)O3)[C@H](N(C)C)[C@H]2O)[C@@H](CC=O)C[C@@H](C)C(=O)/C=C/C(C)=C/[C@@H]1CO[C@@H]1O[C@H](C)[C@@H](OC(=O)c2cc(=O)[nH]c(=O)n2C2OC(COP(=O)(O)O)C(O)C2O)[C@@H](OC)[C@H]1OC,TRUE,,-2.121
tylosin,Tylosin (Ì©ÀÖ¾úËØ),REF_TYLOSIN,repository_reference,O59_attached_to_C55,59,55,C,MPM00137,"1,4-Dihydroxy-2-naphthoic acid",O=C(O)c1cc(O)c2ccccc2c1O,1,CC[C@H]1OC(=O)C[C@@H](O)[C@H](C)[C@@H](O[C@@H]2O[C@H](C)[C@@H](O[C@H]3C[C@@](C)(O)[C@@H](O)[C@H](C)O3)[C@H](N(C)C)[C@H]2O)[C@@H](CC=O)C[C@@H](C)C(=O)/C=C/C(C)=C/[C@@H]1CO[C@@H]1O[C@H](C)[C@@H](OC(=O)c2cc(O)c3ccccc3c2O)[C@@H](OC)[C@H]1OC,CC[C@H]1OC(=O)C[C@@H](O)[C@H](C)[C@@H](O[C@@H]2O[C@H](C)[C@@H](O[C@H]3C[C@@](C)(O)[C@@H](O)[C@H](C)O3)[C@H](N(C)C)[C@H]2O)[C@@H](CC=O)C[C@@H](C)C(=O)/C=C/C(C)=C/[C@@H]1CO[C@@H]1O[C@H](C)[C@@H](OC(=O)c2cc(O)c3ccccc3c2O)[C@@H](OC)[C@H]1OC,TRUE,,-0.533
tylosin,Tylosin (Ì©ÀÖ¾úËØ),REF_TYLOSIN,repository_reference,O59_attached_to_C55,59,55,C,MPM00398,6-Hydroxynicotinic acid,O=C(O)c1ccc(=O)[nH]c1,1,CC[C@H]1OC(=O)C[C@@H](O)[C@H](C)[C@@H](O[C@@H]2O[C@H](C)[C@@H](O[C@H]3C[C@@](C)(O)[C@@H](O)[C@H](C)O3)[C@H](N(C)C)[C@H]2O)[C@@H](CC=O)C[C@@H](C)C(=O)/C=C/C(C)=C/[C@@H]1CO[C@@H]1O[C@H](C)[C@@H](OC(=O)c2ccc(=O)[nH]c2)[C@@H](OC)[C@H]1OC,CC[C@H]1OC(=O)C[C@@H](O)[C@H](C)[C@@H](O[C@@H]2O[C@H](C)[C@@H](O[C@H]3C[C@@](C)(O)[C@@H](O)[C@H](C)O3)[C@H](N(C)C)[C@H]2O)[C@@H](CC=O)C[C@@H](C)C(=O)/C=C/C(C)=C/[C@@H]1CO[C@@H]1O[C@H](C)[C@@H](OC(=O)c2ccc(=O)[nH]c2)[C@@H](OC)[C@H]1OC,TRUE,,-0.293
tylosin,Tylosin (Ì©ÀÖ¾úËØ),REF_TYLOSIN,repository_reference,O59_attached_to_C55,59,55,C,MPM00912,Protocatechuic acid,O=C(O)c1ccc(O)c(O)c1,1,CC[C@H]1OC(=O)C[C@@H](O)[C@H](C)[C@@H](O[C@@H]2O[C@H](C)[C@@H](O[C@H]3C[C@@](C)(O)[C@@H](O)[C@H](C)O3)[C@H](N(C)C)[C@H]2O)[C@@H](CC=O)C[C@@H](C)C(=O)/C=C/C(C)=C/[C@@H]1CO[C@@H]1O[C@H](C)[C@@H](OC(=O)c2ccc(O)c(O)c2)[C@@H](OC)[C@H]1OC,CC[C@H]1OC(=O)C[C@@H](O)[C@H](C)[C@@H](O[C@@H]2O[C@H](C)[C@@H](O[C@H]3C[C@@](C)(O)[C@@H](O)[C@H](C)O3)[C@H](N(C)C)[C@H]2O)[C@@H](CC=O)C[C@@H](C)C(=O)/C=C/C(C)=C/[C@@H]1CO[C@@H]1O[C@H](C)[C@@H](OC(=O)c2ccc(O)c(O)c2)[C@@H](OC)[C@H]1OC,TRUE,,-0.749
tylosin,Tylosin (Ì©ÀÖ¾úËØ),REF_TYLOSIN,repository_reference,O59_attached_to_C55,59,55,C,MPM00702,Hydroxybenzenecarboxylic acid,O=C(O)c1ccc(O)cc1,1,CC[C@H]1OC(=O)C[C@@H](O)[C@H](C)[C@@H](O[C@@H]2O[C@H](C)[C@@H](O[C@H]3C[C@@](C)(O)[C@@H](O)[C@H](C)O3)[C@H](N(C)C)[C@H]2O)[C@@H](CC=O)C[C@@H](C)C(=O)/C=C/C(C)=C/[C@@H]1CO[C@@H]1O[C@H](C)[C@@H](OC(=O)c2ccc(O)cc2)[C@@H](OC)[C@H]1OC,CC[C@H]1OC(=O)C[C@@H](O)[C@H](C)[C@@H](O[C@@H]2O[C@H](C)[C@@H](O[C@H]3C[C@@](C)(O)[C@@H](O)[C@H](C)O3)[C@H](N(C)C)[C@H]2O)[C@@H](CC=O)C[C@@H](C)C(=O)/C=C/C(C)=C/[C@@H]1CO[C@@H]1O[C@H](C)[C@@H](OC(=O)c2ccc(O)cc2)[C@@H](OC)[C@H]1OC,TRUE,,-0.447
tylosin,Tylosin (Ì©ÀÖ¾úËØ),REF_TYLOSIN,repository_reference,O59_attached_to_C55,59,55,C,MPM00173,"2,3-Dihydroxybenzoic acid",O=C(O)c1cccc(O)c1O,1,CC[C@H]1OC(=O)C[C@@H](O)[C@H](C)[C@@H](O[C@@H]2O[C@H](C)[C@@H](O[C@H]3C[C@@](C)(O)[C@@H](O)[C@H](C)O3)[C@H](N(C)C)[C@H]2O)[C@@H](CC=O)C[C@@H](C)C(=O)/C=C/C(C)=C/[C@@H]1CO[C@@H]1O[C@H](C)[C@@H](OC(=O)c2cccc(O)c2O)[C@@H](OC)[C@H]1OC,CC[C@H]1OC(=O)C[C@@H](O)[C@H](C)[C@@H](O[C@@H]2O[C@H](C)[C@@H](O[C@H]3C[C@@](C)(O)[C@@H](O)[C@H](C)O3)[C@H](N(C)C)[C@H]2O)[C@@H](CC=O)C[C@@H](C)C(=O)/C=C/C(C)=C/[C@@H]1CO[C@@H]1O[C@H](C)[C@@H](OC(=O)c2cccc(O)c2O)[C@@H](OC)[C@H]1OC,TRUE,,-0.728
tylosin,Tylosin (Ì©ÀÖ¾úËØ),REF_TYLOSIN,repository_reference,O59_attached_to_C55,59,55,C,MPM00614,Dracylic acid,O=C(O)c1ccccc1,1,CC[C@H]1OC(=O)C[C@@H](O)[C@H](C)[C@@H](O[C@@H]2O[C@H](C)[C@@H](O[C@H]3C[C@@](C)(O)[C@@H](O)[C@H](C)O3)[C@H](N(C)C)[C@H]2O)[C@@H](CC=O)C[C@@H](C)C(=O)/C=C/C(C)=C/[C@@H]1CO[C@@H]1O[C@H](C)[C@@H](OC(=O)c2ccccc2)[C@@H](OC)[C@H]1OC,CC[C@H]1OC(=O)C[C@@H](O)[C@H](C)[C@@H](O[C@@H]2O[C@H](C)[C@@H](O[C@H]3C[C@@](C)(O)[C@@H](O)[C@H](C)O3)[C@H](N(C)C)[C@H]2O)[C@@H](CC=O)C[C@@H](C)C(=O)/C=C/C(C)=C/[C@@H]1CO[C@@H]1O[C@H](C)[C@@H](OC(=O)c2ccccc2)[C@@H](OC)[C@H]1OC,TRUE,,-0.086
tylosin,Tylosin (Ì©ÀÖ¾úËØ),REF_TYLOSIN,repository_reference,O59_attached_to_C55,59,55,C,MPM00117,1-(2-Carboxyphenylamino)-1-deoxy-D-ribulose 5-phosphate,O=C(O)c1ccccc1NCC(=O)C(O)C(O)COP(=O)(O)O,1,CC[C@H]1OC(=O)C[C@@H](O)[C@H](C)[C@@H](O[C@@H]2O[C@H](C)[C@@H](O[C@H]3C[C@@](C)(O)[C@@H](O)[C@H](C)O3)[C@H](N(C)C)[C@H]2O)[C@@H](CC=O)C[C@@H](C)C(=O)/C=C/C(C)=C/[C@@H]1CO[C@@H]1O[C@H](C)[C@@H](OC(=O)c2ccccc2NCC(=O)C(O)C(O)COP(=O)(O)O)[C@@H](OC)[C@H]1OC,CC[C@H]1OC(=O)C[C@@H](O)[C@H](C)[C@@H](O[C@@H]2O[C@H](C)[C@@H](O[C@H]3C[C@@](C)(O)[C@@H](O)[C@H](C)O3)[C@H](N(C)C)[C@H]2O)[C@@H](CC=O)C[C@@H](C)C(=O)/C=C/C(C)=C/[C@@H]1CO[C@@H]1O[C@H](C)[C@@H](OC(=O)c2ccccc2NCC(=O)C(O)C(O)COP(=O)(O)O)[C@@H](OC)[C@H]1OC,TRUE,,-0.963
tylosin,Tylosin (Ì©ÀÖ¾úËØ),REF_TYLOSIN,repository_reference,O59_attached_to_C55,59,55,C,MPM00931,Salicylic acid,O=C(O)c1ccccc1O,1,CC[C@H]1OC(=O)C[C@@H](O)[C@H](C)[C@@H](O[C@@H]2O[C@H](C)[C@@H](O[C@H]3C[C@@](C)(O)[C@@H](O)[C@H](C)O3)[C@H](N(C)C)[C@H]2O)[C@@H](CC=O)C[C@@H](C)C(=O)/C=C/C(C)=C/[C@@H]1CO[C@@H]1O[C@H](C)[C@@H](OC(=O)c2ccccc2O)[C@@H](OC)[C@H]1OC,CC[C@H]1OC(=O)C[C@@H](O)[C@H](C)[C@@H](O[C@@H]2O[C@H](C)[C@@H](O[C@H]3C[C@@](C)(O)[C@@H](O)[C@H](C)O3)[C@H](N(C)C)[C@H]2O)[C@@H](CC=O)C[C@@H](C)C(=O)/C=C/C(C)=C/[C@@H]1CO[C@@H]1O[C@H](C)[C@@H](OC(=O)c2ccccc2O)[C@@H](OC)[C@H]1OC,TRUE,,-0.429
tylosin,Tylosin (Ì©ÀÖ¾úËØ),REF_TYLOSIN,repository_reference,O59_attached_to_C55,59,55,C,MPM00328,3-Pyridinecarboxylic acid,O=C(O)c1cccnc1,1,CC[C@H]1OC(=O)C[C@@H](O)[C@H](C)[C@@H](O[C@@H]2O[C@H](C)[C@@H](O[C@H]3C[C@@](C)(O)[C@@H](O)[C@H](C)O3)[C@H](N(C)C)[C@H]2O)[C@@H](CC=O)C[C@@H](C)C(=O)/C=C/C(C)=C/[C@@H]1CO[C@@H]1O[C@H](C)[C@@H](OC(=O)c2cccnc2)[C@@H](OC)[C@H]1OC,CC[C@H]1OC(=O)C[C@@H](O)[C@H](C)[C@@H](O[C@@H]2O[C@H](C)[C@@H](O[C@H]3C[C@@](C)(O)[C@@H](O)[C@H](C)O3)[C@H](N(C)C)[C@H]2O)[C@@H](CC=O)C[C@@H](C)C(=O)/C=C/C(C)=C/[C@@H]1CO[C@@H]1O[C@H](C)[C@@H](OC(=O)c2cccnc2)[C@@H](OC)[C@H]1OC,TRUE,,-0.477
tylosin,Tylosin (Ì©ÀÖ¾úËØ),REF_TYLOSIN,repository_reference,O59_attached_to_C55,59,55,C,MPM00585,Dihydro-L-orotic acid,O=C1CC(C(=O)O)NC(=O)N1,1,CC[C@H]1OC(=O)C[C@@H](O)[C@H](C)[C@@H](O[C@@H]2O[C@H](C)[C@@H](O[C@H]3C[C@@](C)(O)[C@@H](O)[C@H](C)O3)[C@H](N(C)C)[C@H]2O)[C@@H](CC=O)C[C@@H](C)C(=O)/C=C/C(C)=C/[C@@H]1CO[C@@H]1O[C@H](C)[C@@H](OC(=O)C2CC(=O)NC(=O)N2)[C@@H](OC)[C@H]1OC,CC[C@H]1OC(=O)C[C@@H](O)[C@H](C)[C@@H](O[C@@H]2O[C@H](C)[C@@H](O[C@H]3C[C@@](C)(O)[C@@H](O)[C@H](C)O3)[C@H](N(C)C)[C@H]2O)[C@@H](CC=O)C[C@@H](C)C(=O)/C=C/C(C)=C/[C@@H]1CO[C@@H]1O[C@H](C)[C@@H](OC(=O)C2CC(=O)NC(=O)N2)[C@@H](OC)[C@H]1OC,TRUE,,-1.14
tylosin,Tylosin (Ì©ÀÖ¾úËØ),REF_TYLOSIN,repository_reference,O59_attached_to_C55,59,55,C,MPM00381,5-Dehydroquinic acid,O=C1CC(O)(C(=O)O)CC(O)C1O,1,CC[C@H]1OC(=O)C[C@@H](O)[C@H](C)[C@@H](O[C@@H]2O[C@H](C)[C@@H](O[C@H]3C[C@@](C)(O)[C@@H](O)[C@H](C)O3)[C@H](N(C)C)[C@H]2O)[C@@H](CC=O)C[C@@H](C)C(=O)/C=C/C(C)=C/[C@@H]1CO[C@@H]1O[C@H](C)[C@@H](OC(=O)C2(O)CC(=O)C(O)C(O)C2)[C@@H](OC)[C@H]1OC,CC[C@H]1OC(=O)C[C@@H](O)[C@H](C)[C@@H](O[C@@H]2O[C@H](C)[C@@H](O[C@H]3C[C@@](C)(O)[C@@H](O)[C@H](C)O3)[C@H](N(C)C)[C@H]2O)[C@@H](CC=O)C[C@@H](C)C(=O)/C=C/C(C)=C/[C@@H]1CO[C@@H]1O[C@H](C)[C@@H](OC(=O)C2(O)CC(=O)C(O)C(O)C2)[C@@H](OC)[C@H]1OC,TRUE,,-1.618
tylosin,Tylosin (Ì©ÀÖ¾úËØ),REF_TYLOSIN,repository_reference,O59_attached_to_C55,59,55,C,MPM00679,Glyoxylic acid,O=CC(=O)O,1,CC[C@H]1OC(=O)C[C@@H](O)[C@H](C)[C@@H](O[C@@H]2O[C@H](C)[C@@H](O[C@H]3C[C@@](C)(O)[C@@H](O)[C@H](C)O3)[C@H](N(C)C)[C@H]2O)[C@@H](CC=O)C[C@@H](C)C(=O)/C=C/C(C)=C/[C@@H]1CO[C@@H]1O[C@H](C)[C@@H](OC(=O)C=O)[C@@H](OC)[C@H]1OC,CC[C@H]1OC(=O)C[C@@H](O)[C@H](C)[C@@H](O[C@@H]2O[C@H](C)[C@@H](O[C@H]3C[C@@](C)(O)[C@@H](O)[C@H](C)O3)[C@H](N(C)C)[C@H]2O)[C@@H](CC=O)C[C@@H](C)C(=O)/C=C/C(C)=C/[C@@H]1CO[C@@H]1O[C@H](C)[C@@H](OC(=O)C=O)[C@@H](OC)[C@H]1OC,TRUE,,-0.674
tylosin,Tylosin (Ì©ÀÖ¾úËØ),REF_TYLOSIN,repository_reference,O59_attached_to_C55,59,55,C,MPM00965,Tartronate semialdehyde,O=CC(O)C(=O)O,1,CC[C@H]1OC(=O)C[C@@H](O)[C@H](C)[C@@H](O[C@@H]2O[C@H](C)[C@@H](O[C@H]3C[C@@](C)(O)[C@@H](O)[C@H](C)O3)[C@H](N(C)C)[C@H]2O)[C@@H](CC=O)C[C@@H](C)C(=O)/C=C/C(C)=C/[C@@H]1CO[C@@H]1O[C@H](C)[C@@H](OC(=O)C(O)C=O)[C@@H](OC)[C@H]1OC,CC[C@H]1OC(=O)C[C@@H](O)[C@H](C)[C@@H](O[C@@H]2O[C@H](C)[C@@H](O[C@H]3C[C@@](C)(O)[C@@H](O)[C@H](C)O3)[C@H](N(C)C)[C@H]2O)[C@@H](CC=O)C[C@@H](C)C(=O)/C=C/C(C)=C/[C@@H]1CO[C@@H]1O[C@H](C)[C@@H](OC(=O)C(O)C=O)[C@@H](OC)[C@H]1OC,TRUE,,-0.871
tylosin,Tylosin (Ì©ÀÖ¾úËØ),REF_TYLOSIN,repository_reference,O59_attached_to_C55,59,55,C,MPM00768,Malonate semialdehyde,O=CCC(=O)O,1,CC[C@H]1OC(=O)C[C@@H](O)[C@H](C)[C@@H](O[C@@H]2O[C@H](C)[C@@H](O[C@H]3C[C@@](C)(O)[C@@H](O)[C@H](C)O3)[C@H](N(C)C)[C@H]2O)[C@@H](CC=O)C[C@@H](C)C(=O)/C=C/C(C)=C/[C@@H]1CO[C@@H]1O[C@H](C)[C@@H](OC(=O)CC=O)[C@@H](OC)[C@H]1OC,CC[C@H]1OC(=O)C[C@@H](O)[C@H](C)[C@@H](O[C@@H]2O[C@H](C)[C@@H](O[C@H]3C[C@@](C)(O)[C@@H](O)[C@H](C)O3)[C@H](N(C)C)[C@H]2O)[C@@H](CC=O)C[C@@H](C)C(=O)/C=C/C(C)=C/[C@@H]1CO[C@@H]1O[C@H](C)[C@@H](OC(=O)CC=O)[C@@H](OC)[C@H]1OC,TRUE,,-0.95
tylosin,Tylosin (Ì©ÀÖ¾úËØ),REF_TYLOSIN,repository_reference,O59_attached_to_C55,59,55,C,MPM00359,4-Oxobutanoate,O=CCCC(=O)O,1,CC[C@H]1OC(=O)C[C@@H](O)[C@H](C)[C@@H](O[C@@H]2O[C@H](C)[C@@H](O[C@H]3C[C@@](C)(O)[C@@H](O)[C@H](C)O3)[C@H](N(C)C)[C@H]2O)[C@@H](CC=O)C[C@@H](C)C(=O)/C=C/C(C)=C/[C@@H]1CO[C@@H]1O[C@H](C)[C@@H](OC(=O)CCC=O)[C@@H](OC)[C@H]1OC,CC[C@H]1OC(=O)C[C@@H](O)[C@H](C)[C@@H](O[C@@H]2O[C@H](C)[C@@H](O[C@H]3C[C@@](C)(O)[C@@H](O)[C@H](C)O3)[C@H](N(C)C)[C@H]2O)[C@@H](CC=O)C[C@@H](C)C(=O)/C=C/C(C)=C/[C@@H]1CO[C@@H]1O[C@H](C)[C@@H](OC(=O)CCC=O)[C@@H](OC)[C@H]1OC,TRUE,,-1.217
