scaffold_slug,scaffold_name,scaffold_ref_id,scaffold_smiles_source,hydroxyl_site_id,hydroxyl_oxygen_atom_idx,hydroxyl_neighbor_atom_idx,hydroxyl_neighbor_symbol,representative_mpm_id,representative_name,neutralized_smiles,cooh_group_count,product_smiles,product_canonical_smiles,sanitize_ok,error_message,pMIC_pred£¨¦Ìmol/ml£©,apscore_total,apscore_gnegative,apscore_gpositive,ginhib_total,ginhib_gnegative,ginhib_gpositive,broad_spectrum
tylvalosin,Tylvalosin (Ì©Íò¾úËØ),REF_TYLVALOSIN,repository_reference,O49_attached_to_C36,49,36,C,MPM00863,PEP,C=C(OP(=O)(O)O)C(=O)O,1,C=C(OP(=O)(O)O)C(=O)O[C@]1(C)C[C@H](O[C@H]2[C@H](N(C)C)[C@@H](O)[C@H](O[C@H]3[C@@H](CC=O)C[C@@H](C)C(=O)/C=C/C(C)=C/[C@H](CO[C@@H]4O[C@H](C)[C@@H](O)[C@@H](OC)[C@H]4OC)[C@@H](CC)OC(=O)C[C@@H](OC(C)=O)[C@@H]3C)O[C@@H]2C)O[C@@H](C)[C@@H]1OC(=O)CC(C)C,C=C(OP(=O)(O)O)C(=O)O[C@]1(C)C[C@H](O[C@H]2[C@H](N(C)C)[C@@H](O)[C@H](O[C@H]3[C@@H](CC=O)C[C@@H](C)C(=O)/C=C/C(C)=C/[C@H](CO[C@@H]4O[C@H](C)[C@@H](O)[C@@H](OC)[C@H]4OC)[C@@H](CC)OC(=O)C[C@@H](OC(C)=O)[C@@H]3C)O[C@@H]2C)O[C@@H](C)[C@@H]1OC(=O)CC(C)C,True,,-1.751,-1.9226467609405518,-2.451568841934204,-1.4898922443389893,37,15,22,1
tylvalosin,Tylvalosin (Ì©Íò¾úËØ),REF_TYLVALOSIN,repository_reference,O49_attached_to_C36,49,36,C,MPM00921,Pyroracemic acid,CC(=O)C(=O)O,1,CC[C@H]1OC(=O)C[C@@H](OC(C)=O)[C@H](C)[C@@H](O[C@@H]2O[C@H](C)[C@@H](O[C@H]3C[C@@](C)(OC(=O)C(C)=O)[C@@H](OC(=O)CC(C)C)[C@H](C)O3)[C@H](N(C)C)[C@H]2O)[C@@H](CC=O)C[C@@H](C)C(=O)/C=C/C(C)=C/[C@@H]1CO[C@@H]1O[C@H](C)[C@@H](O)[C@@H](OC)[C@H]1OC,CC[C@H]1OC(=O)C[C@@H](OC(C)=O)[C@H](C)[C@@H](O[C@@H]2O[C@H](C)[C@@H](O[C@H]3C[C@@](C)(OC(=O)C(C)=O)[C@@H](OC(=O)CC(C)C)[C@H](C)O3)[C@H](N(C)C)[C@H]2O)[C@@H](CC=O)C[C@@H](C)C(=O)/C=C/C(C)=C/[C@@H]1CO[C@@H]1O[C@H](C)[C@@H](O)[C@@H](OC)[C@H]1OC,True,,-1.547,-2.2499001026153564,-2.866666078567505,-1.7452731132507324,33,13,20,1
tylvalosin,Tylvalosin (Ì©Íò¾úËØ),REF_TYLVALOSIN,repository_reference,O49_attached_to_C36,49,36,C,MPM00036,(2S)-2-Hydroxy-2-methyl-3-oxobutanoate,CC(=O)C(C)(O)C(=O)O,1,CC[C@H]1OC(=O)C[C@@H](OC(C)=O)[C@H](C)[C@@H](O[C@@H]2O[C@H](C)[C@@H](O[C@H]3C[C@@](C)(OC(=O)C(C)(O)C(C)=O)[C@@H](OC(=O)CC(C)C)[C@H](C)O3)[C@H](N(C)C)[C@H]2O)[C@@H](CC=O)C[C@@H](C)C(=O)/C=C/C(C)=C/[C@@H]1CO[C@@H]1O[C@H](C)[C@@H](O)[C@@H](OC)[C@H]1OC,CC[C@H]1OC(=O)C[C@@H](OC(C)=O)[C@H](C)[C@@H](O[C@@H]2O[C@H](C)[C@@H](O[C@H]3C[C@@](C)(OC(=O)C(C)(O)C(C)=O)[C@@H](OC(=O)CC(C)C)[C@H](C)O3)[C@H](N(C)C)[C@H]2O)[C@@H](CC=O)C[C@@H](C)C(=O)/C=C/C(C)=C/[C@@H]1CO[C@@H]1O[C@H](C)[C@@H](O)[C@@H](OC)[C@H]1OC,True,,-2.222,-1.8332706689834595,-2.3616933822631836,-1.4009246826171875,37,15,22,1
tylvalosin,Tylvalosin (Ì©Íò¾úËØ),REF_TYLVALOSIN,repository_reference,O49_attached_to_C36,49,36,C,MPM01075,(S)-2-Amino-3-oxobutanoic acid,CC(=O)C(N)C(=O)O,1,CC[C@H]1OC(=O)C[C@@H](OC(C)=O)[C@H](C)[C@@H](O[C@@H]2O[C@H](C)[C@@H](O[C@H]3C[C@@](C)(OC(=O)C(N)C(C)=O)[C@@H](OC(=O)CC(C)C)[C@H](C)O3)[C@H](N(C)C)[C@H]2O)[C@@H](CC=O)C[C@@H](C)C(=O)/C=C/C(C)=C/[C@@H]1CO[C@@H]1O[C@H](C)[C@@H](O)[C@@H](OC)[C@H]1OC,CC[C@H]1OC(=O)C[C@@H](OC(C)=O)[C@H](C)[C@@H](O[C@@H]2O[C@H](C)[C@@H](O[C@H]3C[C@@](C)(OC(=O)C(N)C(C)=O)[C@@H](OC(=O)CC(C)C)[C@H](C)O3)[C@H](N(C)C)[C@H]2O)[C@@H](CC=O)C[C@@H](C)C(=O)/C=C/C(C)=C/[C@@H]1CO[C@@H]1O[C@H](C)[C@@H](O)[C@@H](OC)[C@H]1OC,True,,-1.507,-1.8026230335235596,-2.3735830783843994,-1.335473656654358,36,15,21,1
tylvalosin,Tylvalosin (Ì©Íò¾úËØ),REF_TYLVALOSIN,repository_reference,O49_attached_to_C36,49,36,C,MPM00419,Acetoacetic acid,CC(=O)CC(=O)O,1,CC[C@H]1OC(=O)C[C@@H](OC(C)=O)[C@H](C)[C@@H](O[C@@H]2O[C@H](C)[C@@H](O[C@H]3C[C@@](C)(OC(=O)CC(C)=O)[C@@H](OC(=O)CC(C)C)[C@H](C)O3)[C@H](N(C)C)[C@H]2O)[C@@H](CC=O)C[C@@H](C)C(=O)/C=C/C(C)=C/[C@@H]1CO[C@@H]1O[C@H](C)[C@@H](O)[C@@H](OC)[C@H]1OC,CC[C@H]1OC(=O)C[C@@H](OC(C)=O)[C@H](C)[C@@H](O[C@@H]2O[C@H](C)[C@@H](O[C@H]3C[C@@](C)(OC(=O)CC(C)=O)[C@@H](OC(=O)CC(C)C)[C@H](C)O3)[C@H](N(C)C)[C@H]2O)[C@@H](CC=O)C[C@@H](C)C(=O)/C=C/C(C)=C/[C@@H]1CO[C@@H]1O[C@H](C)[C@@H](O)[C@@H](OC)[C@H]1OC,True,,-1.663,-2.0091824531555176,-2.55307936668396,-1.5641762018203735,34,14,20,1
tylvalosin,Tylvalosin (Ì©Íò¾úËØ),REF_TYLVALOSIN,repository_reference,O49_attached_to_C36,49,36,C,MPM00188,2-Acetamido-5-oxopentanoate,CC(=O)NC(CCC=O)C(=O)O,1,CC[C@H]1OC(=O)C[C@@H](OC(C)=O)[C@H](C)[C@@H](O[C@@H]2O[C@H](C)[C@@H](O[C@H]3C[C@@](C)(OC(=O)C(CCC=O)NC(C)=O)[C@@H](OC(=O)CC(C)C)[C@H](C)O3)[C@H](N(C)C)[C@H]2O)[C@@H](CC=O)C[C@@H](C)C(=O)/C=C/C(C)=C/[C@@H]1CO[C@@H]1O[C@H](C)[C@@H](O)[C@@H](OC)[C@H]1OC,CC[C@H]1OC(=O)C[C@@H](OC(C)=O)[C@H](C)[C@@H](O[C@@H]2O[C@H](C)[C@@H](O[C@H]3C[C@@](C)(OC(=O)C(CCC=O)NC(C)=O)[C@@H](OC(=O)CC(C)C)[C@H](C)O3)[C@H](N(C)C)[C@H]2O)[C@@H](CC=O)C[C@@H](C)C(=O)/C=C/C(C)=C/[C@@H]1CO[C@@H]1O[C@H](C)[C@@H](O)[C@@H](OC)[C@H]1OC,True,,-2.213,-1.9070014953613281,-2.458974838256836,-1.4553871154785156,36,15,21,1
tylvalosin,Tylvalosin (Ì©Íò¾úËØ),REF_TYLVALOSIN,repository_reference,O49_attached_to_C36,49,36,C,MPM01517,N2-Acetyl-L-ornithine,CC(=O)NC(CCCN)C(=O)O,1,CC[C@H]1OC(=O)C[C@@H](OC(C)=O)[C@H](C)[C@@H](O[C@@H]2O[C@H](C)[C@@H](O[C@H]3C[C@@](C)(OC(=O)C(CCCN)NC(C)=O)[C@@H](OC(=O)CC(C)C)[C@H](C)O3)[C@H](N(C)C)[C@H]2O)[C@@H](CC=O)C[C@@H](C)C(=O)/C=C/C(C)=C/[C@@H]1CO[C@@H]1O[C@H](C)[C@@H](O)[C@@H](OC)[C@H]1OC,CC[C@H]1OC(=O)C[C@@H](OC(C)=O)[C@H](C)[C@@H](O[C@@H]2O[C@H](C)[C@@H](O[C@H]3C[C@@](C)(OC(=O)C(CCCN)NC(C)=O)[C@@H](OC(=O)CC(C)C)[C@H](C)O3)[C@H](N(C)C)[C@H]2O)[C@@H](CC=O)C[C@@H](C)C(=O)/C=C/C(C)=C/[C@@H]1CO[C@@H]1O[C@H](C)[C@@H](O)[C@@H](OC)[C@H]1OC,True,,-1.535,-1.6852000951766968,-2.2444963455200195,-1.2275938987731934,37,15,22,1
tylvalosin,Tylvalosin (Ì©Íò¾úËØ),REF_TYLVALOSIN,repository_reference,O49_attached_to_C36,49,36,C,MPM00819,Neu5Ac,CC(=O)NC1C(O)CC(O)(C(=O)O)OC1C(O)C(O)CO,1,CC[C@H]1OC(=O)C[C@@H](OC(C)=O)[C@H](C)[C@@H](O[C@@H]2O[C@H](C)[C@@H](O[C@H]3C[C@@](C)(OC(=O)C4(O)CC(O)C(NC(C)=O)C(C(O)C(O)CO)O4)[C@@H](OC(=O)CC(C)C)[C@H](C)O3)[C@H](N(C)C)[C@H]2O)[C@@H](CC=O)C[C@@H](C)C(=O)/C=C/C(C)=C/[C@@H]1CO[C@@H]1O[C@H](C)[C@@H](O)[C@@H](OC)[C@H]1OC,CC[C@H]1OC(=O)C[C@@H](OC(C)=O)[C@H](C)[C@@H](O[C@@H]2O[C@H](C)[C@@H](O[C@H]3C[C@@](C)(OC(=O)C4(O)CC(O)C(NC(C)=O)C(C(O)C(O)CO)O4)[C@@H](OC(=O)CC(C)C)[C@H](C)O3)[C@H](N(C)C)[C@H]2O)[C@@H](CC=O)C[C@@H](C)C(=O)/C=C/C(C)=C/[C@@H]1CO[C@@H]1O[C@H](C)[C@@H](O)[C@@H](OC)[C@H]1OC,True,,-3.002,-1.7422211170196533,-2.2936460971832275,-1.2910552024841309,37,16,21,1
tylvalosin,Tylvalosin (Ì©Íò¾úËØ),REF_TYLVALOSIN,repository_reference,O49_attached_to_C36,49,36,C,MPM00806,N-Acetyl-D-muramoate,CC(=O)NC1C(O)OC(CO)C(O)C1OC(C)C(=O)O,1,CC[C@H]1OC(=O)C[C@@H](OC(C)=O)[C@H](C)[C@@H](O[C@@H]2O[C@H](C)[C@@H](O[C@H]3C[C@@](C)(OC(=O)C(C)OC4C(O)C(CO)OC(O)C4NC(C)=O)[C@@H](OC(=O)CC(C)C)[C@H](C)O3)[C@H](N(C)C)[C@H]2O)[C@@H](CC=O)C[C@@H](C)C(=O)/C=C/C(C)=C/[C@@H]1CO[C@@H]1O[C@H](C)[C@@H](O)[C@@H](OC)[C@H]1OC,CC[C@H]1OC(=O)C[C@@H](OC(C)=O)[C@H](C)[C@@H](O[C@@H]2O[C@H](C)[C@@H](O[C@H]3C[C@@](C)(OC(=O)C(C)OC4C(O)C(CO)OC(O)C4NC(C)=O)[C@@H](OC(=O)CC(C)C)[C@H](C)O3)[C@H](N(C)C)[C@H]2O)[C@@H](CC=O)C[C@@H](C)C(=O)/C=C/C(C)=C/[C@@H]1CO[C@@H]1O[C@H](C)[C@@H](O)[C@@H](OC)[C@H]1OC,True,,-2.647,-1.4776818752288818,-1.9633440971374512,-1.080322265625,38,16,22,1
tylvalosin,Tylvalosin (Ì©Íò¾úËØ),REF_TYLVALOSIN,repository_reference,O49_attached_to_C36,49,36,C,MPM00632,Ethanoic acid,CC(=O)O,1,CC[C@H]1OC(=O)C[C@@H](OC(C)=O)[C@H](C)[C@@H](O[C@@H]2O[C@H](C)[C@@H](O[C@H]3C[C@@](C)(OC(C)=O)[C@@H](OC(=O)CC(C)C)[C@H](C)O3)[C@H](N(C)C)[C@H]2O)[C@@H](CC=O)C[C@@H](C)C(=O)/C=C/C(C)=C/[C@@H]1CO[C@@H]1O[C@H](C)[C@@H](O)[C@@H](OC)[C@H]1OC,CC[C@H]1OC(=O)C[C@@H](OC(C)=O)[C@H](C)[C@@H](O[C@@H]2O[C@H](C)[C@@H](O[C@H]3C[C@@](C)(OC(C)=O)[C@@H](OC(=O)CC(C)C)[C@H](C)O3)[C@H](N(C)C)[C@H]2O)[C@@H](CC=O)C[C@@H](C)C(=O)/C=C/C(C)=C/[C@@H]1CO[C@@H]1O[C@H](C)[C@@H](O)[C@@H](OC)[C@H]1OC,True,,-1.601,-2.134448528289795,-2.7455618381500244,-1.6344473361968994,33,13,20,1
tylvalosin,Tylvalosin (Ì©Íò¾úËØ),REF_TYLVALOSIN,repository_reference,O49_attached_to_C36,49,36,C,MPM01530,O3-Acetyl-L-serine,CC(=O)OCC(N)C(=O)O,1,CC[C@H]1OC(=O)C[C@@H](OC(C)=O)[C@H](C)[C@@H](O[C@@H]2O[C@H](C)[C@@H](O[C@H]3C[C@@](C)(OC(=O)C(N)COC(C)=O)[C@@H](OC(=O)CC(C)C)[C@H](C)O3)[C@H](N(C)C)[C@H]2O)[C@@H](CC=O)C[C@@H](C)C(=O)/C=C/C(C)=C/[C@@H]1CO[C@@H]1O[C@H](C)[C@@H](O)[C@@H](OC)[C@H]1OC,CC[C@H]1OC(=O)C[C@@H](OC(C)=O)[C@H](C)[C@@H](O[C@@H]2O[C@H](C)[C@@H](O[C@H]3C[C@@](C)(OC(=O)C(N)COC(C)=O)[C@@H](OC(=O)CC(C)C)[C@H](C)O3)[C@H](N(C)C)[C@H]2O)[C@@H](CC=O)C[C@@H](C)C(=O)/C=C/C(C)=C/[C@@H]1CO[C@@H]1O[C@H](C)[C@@H](O)[C@@H](OC)[C@H]1OC,True,,-1.362,-1.744323492050171,-2.3305277824401855,-1.2647018432617188,37,15,22,1
tylvalosin,Tylvalosin (Ì©Íò¾úËØ),REF_TYLVALOSIN,repository_reference,O49_attached_to_C36,49,36,C,MPM01531,O-Acetylhomoserine,CC(=O)OCCC(N)C(=O)O,1,CC[C@H]1OC(=O)C[C@@H](OC(C)=O)[C@H](C)[C@@H](O[C@@H]2O[C@H](C)[C@@H](O[C@H]3C[C@@](C)(OC(=O)C(N)CCOC(C)=O)[C@@H](OC(=O)CC(C)C)[C@H](C)O3)[C@H](N(C)C)[C@H]2O)[C@@H](CC=O)C[C@@H](C)C(=O)/C=C/C(C)=C/[C@@H]1CO[C@@H]1O[C@H](C)[C@@H](O)[C@@H](OC)[C@H]1OC,CC[C@H]1OC(=O)C[C@@H](OC(C)=O)[C@H](C)[C@@H](O[C@@H]2O[C@H](C)[C@@H](O[C@H]3C[C@@](C)(OC(=O)C(N)CCOC(C)=O)[C@@H](OC(=O)CC(C)C)[C@H](C)O3)[C@H](N(C)C)[C@H]2O)[C@@H](CC=O)C[C@@H](C)C(=O)/C=C/C(C)=C/[C@@H]1CO[C@@H]1O[C@H](C)[C@@H](O)[C@@H](OC)[C@H]1OC,True,,-1.553,-1.7773393392562866,-2.357236385345459,-1.3028779029846191,36,15,21,1
tylvalosin,Tylvalosin (Ì©Íò¾úËØ),REF_TYLVALOSIN,repository_reference,O49_attached_to_C36,49,36,C,MPM00396,6-Acetylthiohexanoic acid,CC(=O)SCCCCCC(=O)O,1,CC[C@H]1OC(=O)C[C@@H](OC(C)=O)[C@H](C)[C@@H](O[C@@H]2O[C@H](C)[C@@H](O[C@H]3C[C@@](C)(OC(=O)CCCCCSC(C)=O)[C@@H](OC(=O)CC(C)C)[C@H](C)O3)[C@H](N(C)C)[C@H]2O)[C@@H](CC=O)C[C@@H](C)C(=O)/C=C/C(C)=C/[C@@H]1CO[C@@H]1O[C@H](C)[C@@H](O)[C@@H](OC)[C@H]1OC,CC[C@H]1OC(=O)C[C@@H](OC(C)=O)[C@H](C)[C@@H](O[C@@H]2O[C@H](C)[C@@H](O[C@H]3C[C@@](C)(OC(=O)CCCCCSC(C)=O)[C@@H](OC(=O)CC(C)C)[C@H](C)O3)[C@H](N(C)C)[C@H]2O)[C@@H](CC=O)C[C@@H](C)C(=O)/C=C/C(C)=C/[C@@H]1CO[C@@H]1O[C@H](C)[C@@H](O)[C@@H](OC)[C@H]1OC,True,,-2.578,-1.468552827835083,-1.990183711051941,-1.0417639017105103,38,16,22,1
tylvalosin,Tylvalosin (Ì©Íò¾úËØ),REF_TYLVALOSIN,repository_reference,O49_attached_to_C36,49,36,C,MPM00215,2-Dehydropantoate,CC(C)(CO)C(=O)C(=O)O,1,CC[C@H]1OC(=O)C[C@@H](OC(C)=O)[C@H](C)[C@@H](O[C@@H]2O[C@H](C)[C@@H](O[C@H]3C[C@@](C)(OC(=O)C(=O)C(C)(C)CO)[C@@H](OC(=O)CC(C)C)[C@H](C)O3)[C@H](N(C)C)[C@H]2O)[C@@H](CC=O)C[C@@H](C)C(=O)/C=C/C(C)=C/[C@@H]1CO[C@@H]1O[C@H](C)[C@@H](O)[C@@H](OC)[C@H]1OC,CC[C@H]1OC(=O)C[C@@H](OC(C)=O)[C@H](C)[C@@H](O[C@@H]2O[C@H](C)[C@@H](O[C@H]3C[C@@](C)(OC(=O)C(=O)C(C)(C)CO)[C@@H](OC(=O)CC(C)C)[C@H](C)O3)[C@H](N(C)C)[C@H]2O)[C@@H](CC=O)C[C@@H](C)C(=O)/C=C/C(C)=C/[C@@H]1CO[C@@H]1O[C@H](C)[C@@H](O)[C@@H](OC)[C@H]1OC,True,,-1.421,-2.0678904056549072,-2.6571736335754395,-1.585749626159668,35,14,21,1
tylvalosin,Tylvalosin (Ì©Íò¾úËØ),REF_TYLVALOSIN,repository_reference,O49_attached_to_C36,49,36,C,MPM00831,N-Pantothenoylcysteine,CC(C)(CO)C(O)C(=O)NCCC(=O)NC(CS)C(=O)O,1,CC[C@H]1OC(=O)C[C@@H](OC(C)=O)[C@H](C)[C@@H](O[C@@H]2O[C@H](C)[C@@H](O[C@H]3C[C@@](C)(OC(=O)C(CS)NC(=O)CCNC(=O)C(O)C(C)(C)CO)[C@@H](OC(=O)CC(C)C)[C@H](C)O3)[C@H](N(C)C)[C@H]2O)[C@@H](CC=O)C[C@@H](C)C(=O)/C=C/C(C)=C/[C@@H]1CO[C@@H]1O[C@H](C)[C@@H](O)[C@@H](OC)[C@H]1OC,CC[C@H]1OC(=O)C[C@@H](OC(C)=O)[C@H](C)[C@@H](O[C@@H]2O[C@H](C)[C@@H](O[C@H]3C[C@@](C)(OC(=O)C(CS)NC(=O)CCNC(=O)C(O)C(C)(C)CO)[C@@H](OC(=O)CC(C)C)[C@H](C)O3)[C@H](N(C)C)[C@H]2O)[C@@H](CC=O)C[C@@H](C)C(=O)/C=C/C(C)=C/[C@@H]1CO[C@@H]1O[C@H](C)[C@@H](O)[C@@H](OC)[C@H]1OC,True,,-3.406,-1.624173879623413,-2.191722869873047,-1.1598153114318848,38,16,22,1
tylvalosin,Tylvalosin (Ì©Íò¾úËØ),REF_TYLVALOSIN,repository_reference,O49_attached_to_C36,49,36,C,MPM00087,(R)-Pantothenate,CC(C)(CO)C(O)C(=O)NCCC(=O)O,1,CC[C@H]1OC(=O)C[C@@H](OC(C)=O)[C@H](C)[C@@H](O[C@@H]2O[C@H](C)[C@@H](O[C@H]3C[C@@](C)(OC(=O)CCNC(=O)C(O)C(C)(C)CO)[C@@H](OC(=O)CC(C)C)[C@H](C)O3)[C@H](N(C)C)[C@H]2O)[C@@H](CC=O)C[C@@H](C)C(=O)/C=C/C(C)=C/[C@@H]1CO[C@@H]1O[C@H](C)[C@@H](O)[C@@H](OC)[C@H]1OC,CC[C@H]1OC(=O)C[C@@H](OC(C)=O)[C@H](C)[C@@H](O[C@@H]2O[C@H](C)[C@@H](O[C@H]3C[C@@](C)(OC(=O)CCNC(=O)C(O)C(C)(C)CO)[C@@H](OC(=O)CC(C)C)[C@H](C)O3)[C@H](N(C)C)[C@H]2O)[C@@H](CC=O)C[C@@H](C)C(=O)/C=C/C(C)=C/[C@@H]1CO[C@@H]1O[C@H](C)[C@@H](O)[C@@H](OC)[C@H]1OC,True,,-1.836,-1.6418159008026123,-2.2130560874938965,-1.174437403678894,37,15,22,1
tylvalosin,Tylvalosin (Ì©Íò¾úËØ),REF_TYLVALOSIN,repository_reference,O49_attached_to_C36,49,36,C,MPM00080,(R)-4'-Phosphopantothenate,CC(C)(COP(=O)(O)O)C(O)C(=O)NCCC(=O)O,1,CC[C@H]1OC(=O)C[C@@H](OC(C)=O)[C@H](C)[C@@H](O[C@@H]2O[C@H](C)[C@@H](O[C@H]3C[C@@](C)(OC(=O)CCNC(=O)C(O)C(C)(C)COP(=O)(O)O)[C@@H](OC(=O)CC(C)C)[C@H](C)O3)[C@H](N(C)C)[C@H]2O)[C@@H](CC=O)C[C@@H](C)C(=O)/C=C/C(C)=C/[C@@H]1CO[C@@H]1O[C@H](C)[C@@H](O)[C@@H](OC)[C@H]1OC,CC[C@H]1OC(=O)C[C@@H](OC(C)=O)[C@H](C)[C@@H](O[C@@H]2O[C@H](C)[C@@H](O[C@H]3C[C@@](C)(OC(=O)CCNC(=O)C(O)C(C)(C)COP(=O)(O)O)[C@@H](OC(=O)CC(C)C)[C@H](C)O3)[C@H](N(C)C)[C@H]2O)[C@@H](CC=O)C[C@@H](C)C(=O)/C=C/C(C)=C/[C@@H]1CO[C@@H]1O[C@H](C)[C@@H](O)[C@@H](OC)[C@H]1OC,True,,-2.236,-1.684826135635376,-2.249537706375122,-1.2227892875671387,38,16,22,1
tylvalosin,Tylvalosin (Ì©Íò¾úËØ),REF_TYLVALOSIN,repository_reference,O49_attached_to_C36,49,36,C,MPM00026,"(2R)-2,3-Dihydroxy-3-methylbutanoate",CC(C)(O)C(O)C(=O)O,1,CC[C@H]1OC(=O)C[C@@H](OC(C)=O)[C@H](C)[C@@H](O[C@@H]2O[C@H](C)[C@@H](O[C@H]3C[C@@](C)(OC(=O)C(O)C(C)(C)O)[C@@H](OC(=O)CC(C)C)[C@H](C)O3)[C@H](N(C)C)[C@H]2O)[C@@H](CC=O)C[C@@H](C)C(=O)/C=C/C(C)=C/[C@@H]1CO[C@@H]1O[C@H](C)[C@@H](O)[C@@H](OC)[C@H]1OC,CC[C@H]1OC(=O)C[C@@H](OC(C)=O)[C@H](C)[C@@H](O[C@@H]2O[C@H](C)[C@@H](O[C@H]3C[C@@](C)(OC(=O)C(O)C(C)(C)O)[C@@H](OC(=O)CC(C)C)[C@H](C)O3)[C@H](N(C)C)[C@H]2O)[C@@H](CC=O)C[C@@H](C)C(=O)/C=C/C(C)=C/[C@@H]1CO[C@@H]1O[C@H](C)[C@@H](O)[C@@H](OC)[C@H]1OC,True,,-1.969,-1.8315778970718384,-2.382758855819702,-1.3806118965148926,37,15,22,1
tylvalosin,Tylvalosin (Ì©Íò¾úËØ),REF_TYLVALOSIN,repository_reference,O49_attached_to_C36,49,36,C,MPM00242,2-Keto-3-methylbutyric acid,CC(C)C(=O)C(=O)O,1,CC[C@H]1OC(=O)C[C@@H](OC(C)=O)[C@H](C)[C@@H](O[C@@H]2O[C@H](C)[C@@H](O[C@H]3C[C@@](C)(OC(=O)C(=O)C(C)C)[C@@H](OC(=O)CC(C)C)[C@H](C)O3)[C@H](N(C)C)[C@H]2O)[C@@H](CC=O)C[C@@H](C)C(=O)/C=C/C(C)=C/[C@@H]1CO[C@@H]1O[C@H](C)[C@@H](O)[C@@H](OC)[C@H]1OC,CC[C@H]1OC(=O)C[C@@H](OC(C)=O)[C@H](C)[C@@H](O[C@@H]2O[C@H](C)[C@@H](O[C@H]3C[C@@](C)(OC(=O)C(=O)C(C)C)[C@@H](OC(=O)CC(C)C)[C@H](C)O3)[C@H](N(C)C)[C@H]2O)[C@@H](CC=O)C[C@@H](C)C(=O)/C=C/C(C)=C/[C@@H]1CO[C@@H]1O[C@H](C)[C@@H](O)[C@@H](OC)[C@H]1OC,True,,-1.605,-1.8846063613891602,-2.428601026535034,-1.4395197629928589,36,14,22,1
tylvalosin,Tylvalosin (Ì©Íò¾úËØ),REF_TYLVALOSIN,repository_reference,O49_attached_to_C36,49,36,C,MPM00716,Isobutyrate,CC(C)C(=O)O,1,CC[C@H]1OC(=O)C[C@@H](OC(C)=O)[C@H](C)[C@@H](O[C@@H]2O[C@H](C)[C@@H](O[C@H]3C[C@@](C)(OC(=O)C(C)C)[C@@H](OC(=O)CC(C)C)[C@H](C)O3)[C@H](N(C)C)[C@H]2O)[C@@H](CC=O)C[C@@H](C)C(=O)/C=C/C(C)=C/[C@@H]1CO[C@@H]1O[C@H](C)[C@@H](O)[C@@H](OC)[C@H]1OC,CC[C@H]1OC(=O)C[C@@H](OC(C)=O)[C@H](C)[C@@H](O[C@@H]2O[C@H](C)[C@@H](O[C@H]3C[C@@](C)(OC(=O)C(C)C)[C@@H](OC(=O)CC(C)C)[C@H](C)O3)[C@H](N(C)C)[C@H]2O)[C@@H](CC=O)C[C@@H](C)C(=O)/C=C/C(C)=C/[C@@H]1CO[C@@H]1O[C@H](C)[C@@H](O)[C@@H](OC)[C@H]1OC,True,,-1.67,-1.760392427444458,-2.2867612838745117,-1.329727053642273,37,15,22,1
tylvalosin,Tylvalosin (Ì©Íò¾úËØ),REF_TYLVALOSIN,repository_reference,O49_attached_to_C36,49,36,C,MPM01137,2-Amino-3-methylbutyric acid,CC(C)C(N)C(=O)O,1,CC[C@H]1OC(=O)C[C@@H](OC(C)=O)[C@H](C)[C@@H](O[C@@H]2O[C@H](C)[C@@H](O[C@H]3C[C@@](C)(OC(=O)C(N)C(C)C)[C@@H](OC(=O)CC(C)C)[C@H](C)O3)[C@H](N(C)C)[C@H]2O)[C@@H](CC=O)C[C@@H](C)C(=O)/C=C/C(C)=C/[C@@H]1CO[C@@H]1O[C@H](C)[C@@H](O)[C@@H](OC)[C@H]1OC,CC[C@H]1OC(=O)C[C@@H](OC(C)=O)[C@H](C)[C@@H](O[C@@H]2O[C@H](C)[C@@H](O[C@H]3C[C@@](C)(OC(=O)C(N)C(C)C)[C@@H](OC(=O)CC(C)C)[C@H](C)O3)[C@H](N(C)C)[C@H]2O)[C@@H](CC=O)C[C@@H](C)C(=O)/C=C/C(C)=C/[C@@H]1CO[C@@H]1O[C@H](C)[C@@H](O)[C@@H](OC)[C@H]1OC,True,,-1.644,-1.9374663829803467,-2.53979754447937,-1.444650411605835,35,14,21,1
tylvalosin,Tylvalosin (Ì©Íò¾úËØ),REF_TYLVALOSIN,repository_reference,O49_attached_to_C36,49,36,C,MPM00260,2-Oxoisocaproate,CC(C)CC(=O)C(=O)O,1,CC[C@H]1OC(=O)C[C@@H](OC(C)=O)[C@H](C)[C@@H](O[C@@H]2O[C@H](C)[C@@H](O[C@H]3C[C@@](C)(OC(=O)C(=O)CC(C)C)[C@@H](OC(=O)CC(C)C)[C@H](C)O3)[C@H](N(C)C)[C@H]2O)[C@@H](CC=O)C[C@@H](C)C(=O)/C=C/C(C)=C/[C@@H]1CO[C@@H]1O[C@H](C)[C@@H](O)[C@@H](OC)[C@H]1OC,CC[C@H]1OC(=O)C[C@@H](OC(C)=O)[C@H](C)[C@@H](O[C@@H]2O[C@H](C)[C@@H](O[C@H]3C[C@@](C)(OC(=O)C(=O)CC(C)C)[C@@H](OC(=O)CC(C)C)[C@H](C)O3)[C@H](N(C)C)[C@H]2O)[C@@H](CC=O)C[C@@H](C)C(=O)/C=C/C(C)=C/[C@@H]1CO[C@@H]1O[C@H](C)[C@@H](O)[C@@H](OC)[C@H]1OC,True,,-1.832,-2.0750536918640137,-2.6805710792541504,-1.5796304941177368,34,14,20,1
tylvalosin,Tylvalosin (Ì©Íò¾úËØ),REF_TYLVALOSIN,repository_reference,O49_attached_to_C36,49,36,C,MPM00720,Isovalerate,CC(C)CC(=O)O,1,CC[C@H]1OC(=O)C[C@@H](OC(C)=O)[C@H](C)[C@@H](O[C@@H]2O[C@H](C)[C@@H](O[C@H]3C[C@@](C)(OC(=O)CC(C)C)[C@@H](OC(=O)CC(C)C)[C@H](C)O3)[C@H](N(C)C)[C@H]2O)[C@@H](CC=O)C[C@@H](C)C(=O)/C=C/C(C)=C/[C@@H]1CO[C@@H]1O[C@H](C)[C@@H](O)[C@@H](OC)[C@H]1OC,CC[C@H]1OC(=O)C[C@@H](OC(C)=O)[C@H](C)[C@@H](O[C@@H]2O[C@H](C)[C@@H](O[C@H]3C[C@@](C)(OC(=O)CC(C)C)[C@@H](OC(=O)CC(C)C)[C@H](C)O3)[C@H](N(C)C)[C@H]2O)[C@@H](CC=O)C[C@@H](C)C(=O)/C=C/C(C)=C/[C@@H]1CO[C@@H]1O[C@H](C)[C@@H](O)[C@@H](OC)[C@H]1OC,True,,-1.9,-1.9034795761108398,-2.4827489852905273,-1.4295315742492676,36,14,22,1
tylvalosin,Tylvalosin (Ì©Íò¾úËØ),REF_TYLVALOSIN,repository_reference,O49_attached_to_C36,49,36,C,MPM01055,(2S)-alpha-Leucine,CC(C)CC(N)C(=O)O,1,CC[C@H]1OC(=O)C[C@@H](OC(C)=O)[C@H](C)[C@@H](O[C@@H]2O[C@H](C)[C@@H](O[C@H]3C[C@@](C)(OC(=O)C(N)CC(C)C)[C@@H](OC(=O)CC(C)C)[C@H](C)O3)[C@H](N(C)C)[C@H]2O)[C@@H](CC=O)C[C@@H](C)C(=O)/C=C/C(C)=C/[C@@H]1CO[C@@H]1O[C@H](C)[C@@H](O)[C@@H](OC)[C@H]1OC,CC[C@H]1OC(=O)C[C@@H](OC(C)=O)[C@H](C)[C@@H](O[C@@H]2O[C@H](C)[C@@H](O[C@H]3C[C@@](C)(OC(=O)C(N)CC(C)C)[C@@H](OC(=O)CC(C)C)[C@H](C)O3)[C@H](N(C)C)[C@H]2O)[C@@H](CC=O)C[C@@H](C)C(=O)/C=C/C(C)=C/[C@@H]1CO[C@@H]1O[C@H](C)[C@@H](O)[C@@H](OC)[C@H]1OC,True,,-1.727,-1.9421093463897705,-2.553032875061035,-1.4422630071640015,35,14,21,1
tylvalosin,Tylvalosin (Ì©Íò¾úËØ),REF_TYLVALOSIN,repository_reference,O49_attached_to_C36,49,36,C,MPM00737,l-Alanyl-l-leucine,CC(C)CC(NC(=O)C(C)N)C(=O)O,1,CC[C@H]1OC(=O)C[C@@H](OC(C)=O)[C@H](C)[C@@H](O[C@@H]2O[C@H](C)[C@@H](O[C@H]3C[C@@](C)(OC(=O)C(CC(C)C)NC(=O)C(C)N)[C@@H](OC(=O)CC(C)C)[C@H](C)O3)[C@H](N(C)C)[C@H]2O)[C@@H](CC=O)C[C@@H](C)C(=O)/C=C/C(C)=C/[C@@H]1CO[C@@H]1O[C@H](C)[C@@H](O)[C@@H](OC)[C@H]1OC,CC[C@H]1OC(=O)C[C@@H](OC(C)=O)[C@H](C)[C@@H](O[C@@H]2O[C@H](C)[C@@H](O[C@H]3C[C@@](C)(OC(=O)C(CC(C)C)NC(=O)C(C)N)[C@@H](OC(=O)CC(C)C)[C@H](C)O3)[C@H](N(C)C)[C@H]2O)[C@@H](CC=O)C[C@@H](C)C(=O)/C=C/C(C)=C/[C@@H]1CO[C@@H]1O[C@H](C)[C@@H](O)[C@@H](OC)[C@H]1OC,True,,-1.883,-1.8863768577575684,-2.481621026992798,-1.399358868598938,36,15,21,1
tylvalosin,Tylvalosin (Ì©Íò¾úËØ),REF_TYLVALOSIN,repository_reference,O49_attached_to_C36,49,36,C,MPM00675,Glycyl-L-leucine,CC(C)CC(NC(=O)CN)C(=O)O,1,CC[C@H]1OC(=O)C[C@@H](OC(C)=O)[C@H](C)[C@@H](O[C@@H]2O[C@H](C)[C@@H](O[C@H]3C[C@@](C)(OC(=O)C(CC(C)C)NC(=O)CN)[C@@H](OC(=O)CC(C)C)[C@H](C)O3)[C@H](N(C)C)[C@H]2O)[C@@H](CC=O)C[C@@H](C)C(=O)/C=C/C(C)=C/[C@@H]1CO[C@@H]1O[C@H](C)[C@@H](O)[C@@H](OC)[C@H]1OC,CC[C@H]1OC(=O)C[C@@H](OC(C)=O)[C@H](C)[C@@H](O[C@@H]2O[C@H](C)[C@@H](O[C@H]3C[C@@](C)(OC(=O)C(CC(C)C)NC(=O)CN)[C@@H](OC(=O)CC(C)C)[C@H](C)O3)[C@H](N(C)C)[C@H]2O)[C@@H](CC=O)C[C@@H](C)C(=O)/C=C/C(C)=C/[C@@H]1CO[C@@H]1O[C@H](C)[C@@H](O)[C@@H](OC)[C@H]1OC,True,,-1.506,-1.8061151504516602,-2.3899803161621094,-1.3284071683883667,36,15,21,1
tylvalosin,Tylvalosin (Ì©Íò¾úËØ),REF_TYLVALOSIN,repository_reference,O49_attached_to_C36,49,36,C,MPM00108,(S)-methylmalonate semialdehyde,CC(C=O)C(=O)O,1,CC[C@H]1OC(=O)C[C@@H](OC(C)=O)[C@H](C)[C@@H](O[C@@H]2O[C@H](C)[C@@H](O[C@H]3C[C@@](C)(OC(=O)C(C)C=O)[C@@H](OC(=O)CC(C)C)[C@H](C)O3)[C@H](N(C)C)[C@H]2O)[C@@H](CC=O)C[C@@H](C)C(=O)/C=C/C(C)=C/[C@@H]1CO[C@@H]1O[C@H](C)[C@@H](O)[C@@H](OC)[C@H]1OC,CC[C@H]1OC(=O)C[C@@H](OC(C)=O)[C@H](C)[C@@H](O[C@@H]2O[C@H](C)[C@@H](O[C@H]3C[C@@](C)(OC(=O)C(C)C=O)[C@@H](OC(=O)CC(C)C)[C@H](C)O3)[C@H](N(C)C)[C@H]2O)[C@@H](CC=O)C[C@@H](C)C(=O)/C=C/C(C)=C/[C@@H]1CO[C@@H]1O[C@H](C)[C@@H](O)[C@@H](OC)[C@H]1OC,True,,-1.824,-1.868420958518982,-2.438030242919922,-1.4023773670196533,36,14,22,1
tylvalosin,Tylvalosin (Ì©Íò¾úËØ),REF_TYLVALOSIN,repository_reference,O49_attached_to_C36,49,36,C,MPM01359,D-Ala-D-Ala,CC(N)C(=O)NC(C)C(=O)O,1,CC[C@H]1OC(=O)C[C@@H](OC(C)=O)[C@H](C)[C@@H](O[C@@H]2O[C@H](C)[C@@H](O[C@H]3C[C@@](C)(OC(=O)C(C)NC(=O)C(C)N)[C@@H](OC(=O)CC(C)C)[C@H](C)O3)[C@H](N(C)C)[C@H]2O)[C@@H](CC=O)C[C@@H](C)C(=O)/C=C/C(C)=C/[C@@H]1CO[C@@H]1O[C@H](C)[C@@H](O)[C@@H](OC)[C@H]1OC,CC[C@H]1OC(=O)C[C@@H](OC(C)=O)[C@H](C)[C@@H](O[C@@H]2O[C@H](C)[C@@H](O[C@H]3C[C@@](C)(OC(=O)C(C)NC(=O)C(C)N)[C@@H](OC(=O)CC(C)C)[C@H](C)O3)[C@H](N(C)C)[C@H]2O)[C@@H](CC=O)C[C@@H](C)C(=O)/C=C/C(C)=C/[C@@H]1CO[C@@H]1O[C@H](C)[C@@H](O)[C@@H](OC)[C@H]1OC,True,,-1.437,-1.8781641721725464,-2.426375150680542,-1.4296278953552246,37,16,21,1
tylvalosin,Tylvalosin (Ì©Íò¾úËØ),REF_TYLVALOSIN,repository_reference,O49_attached_to_C36,49,36,C,MPM00736,l-Alanyl-l-glutamine,CC(N)C(=O)NC(CCC(N)=O)C(=O)O,1,CC[C@H]1OC(=O)C[C@@H](OC(C)=O)[C@H](C)[C@@H](O[C@@H]2O[C@H](C)[C@@H](O[C@H]3C[C@@](C)(OC(=O)C(CCC(N)=O)NC(=O)C(C)N)[C@@H](OC(=O)CC(C)C)[C@H](C)O3)[C@H](N(C)C)[C@H]2O)[C@@H](CC=O)C[C@@H](C)C(=O)/C=C/C(C)=C/[C@@H]1CO[C@@H]1O[C@H](C)[C@@H](O)[C@@H](OC)[C@H]1OC,CC[C@H]1OC(=O)C[C@@H](OC(C)=O)[C@H](C)[C@@H](O[C@@H]2O[C@H](C)[C@@H](O[C@H]3C[C@@](C)(OC(=O)C(CCC(N)=O)NC(=O)C(C)N)[C@@H](OC(=O)CC(C)C)[C@H](C)O3)[C@H](N(C)C)[C@H]2O)[C@@H](CC=O)C[C@@H](C)C(=O)/C=C/C(C)=C/[C@@H]1CO[C@@H]1O[C@H](C)[C@@H](O)[C@@H](OC)[C@H]1OC,True,,-1.413,-1.7577519416809082,-2.2911999225616455,-1.3212939500808716,36,15,21,1
tylvalosin,Tylvalosin (Ì©Íò¾úËØ),REF_TYLVALOSIN,repository_reference,O49_attached_to_C36,49,36,C,MPM00440,Ala-His,CC(N)C(=O)NC(Cc1cnc[nH]1)C(=O)O,1,CC[C@H]1OC(=O)C[C@@H](OC(C)=O)[C@H](C)[C@@H](O[C@@H]2O[C@H](C)[C@@H](O[C@H]3C[C@@](C)(OC(=O)C(Cc4cnc[nH]4)NC(=O)C(C)N)[C@@H](OC(=O)CC(C)C)[C@H](C)O3)[C@H](N(C)C)[C@H]2O)[C@@H](CC=O)C[C@@H](C)C(=O)/C=C/C(C)=C/[C@@H]1CO[C@@H]1O[C@H](C)[C@@H](O)[C@@H](OC)[C@H]1OC,CC[C@H]1OC(=O)C[C@@H](OC(C)=O)[C@H](C)[C@@H](O[C@@H]2O[C@H](C)[C@@H](O[C@H]3C[C@@](C)(OC(=O)C(Cc4cnc[nH]4)NC(=O)C(C)N)[C@@H](OC(=O)CC(C)C)[C@H](C)O3)[C@H](N(C)C)[C@H]2O)[C@@H](CC=O)C[C@@H](C)C(=O)/C=C/C(C)=C/[C@@H]1CO[C@@H]1O[C@H](C)[C@@H](O)[C@@H](OC)[C@H]1OC,True,,-1.677,-1.7529823780059814,-2.32708740234375,-1.2832603454589844,37,15,22,1
tylvalosin,Tylvalosin (Ì©Íò¾úËØ),REF_TYLVALOSIN,repository_reference,O49_attached_to_C36,49,36,C,MPM00441,Alanylglycine,CC(N)C(=O)NCC(=O)O,1,CC[C@H]1OC(=O)C[C@@H](OC(C)=O)[C@H](C)[C@@H](O[C@@H]2O[C@H](C)[C@@H](O[C@H]3C[C@@](C)(OC(=O)CNC(=O)C(C)N)[C@@H](OC(=O)CC(C)C)[C@H](C)O3)[C@H](N(C)C)[C@H]2O)[C@@H](CC=O)C[C@@H](C)C(=O)/C=C/C(C)=C/[C@@H]1CO[C@@H]1O[C@H](C)[C@@H](O)[C@@H](OC)[C@H]1OC,CC[C@H]1OC(=O)C[C@@H](OC(C)=O)[C@H](C)[C@@H](O[C@@H]2O[C@H](C)[C@@H](O[C@H]3C[C@@](C)(OC(=O)CNC(=O)C(C)N)[C@@H](OC(=O)CC(C)C)[C@H](C)O3)[C@H](N(C)C)[C@H]2O)[C@@H](CC=O)C[C@@H](C)C(=O)/C=C/C(C)=C/[C@@H]1CO[C@@H]1O[C@H](C)[C@@H](O)[C@@H](OC)[C@H]1OC,True,,-1.248,-1.767970323562622,-2.282090902328491,-1.3473262786865234,37,16,21,1
tylvalosin,Tylvalosin (Ì©Íò¾úËØ),REF_TYLVALOSIN,repository_reference,O49_attached_to_C36,49,36,C,MPM01358,D-Ala,CC(N)C(=O)O,1,CC[C@H]1OC(=O)C[C@@H](OC(C)=O)[C@H](C)[C@@H](O[C@@H]2O[C@H](C)[C@@H](O[C@H]3C[C@@](C)(OC(=O)C(C)N)[C@@H](OC(=O)CC(C)C)[C@H](C)O3)[C@H](N(C)C)[C@H]2O)[C@@H](CC=O)C[C@@H](C)C(=O)/C=C/C(C)=C/[C@@H]1CO[C@@H]1O[C@H](C)[C@@H](O)[C@@H](OC)[C@H]1OC,CC[C@H]1OC(=O)C[C@@H](OC(C)=O)[C@H](C)[C@@H](O[C@@H]2O[C@H](C)[C@@H](O[C@H]3C[C@@](C)(OC(=O)C(C)N)[C@@H](OC(=O)CC(C)C)[C@H](C)O3)[C@H](N(C)C)[C@H]2O)[C@@H](CC=O)C[C@@H](C)C(=O)/C=C/C(C)=C/[C@@H]1CO[C@@H]1O[C@H](C)[C@@H](O)[C@@H](OC)[C@H]1OC,True,,-1.283,-1.966137170791626,-2.5332446098327637,-1.5021400451660156,36,15,21,1
tylvalosin,Tylvalosin (Ì©Íò¾úËØ),REF_TYLVALOSIN,repository_reference,O49_attached_to_C36,49,36,C,MPM00548,DAPA,CC(N)C(N)CCCCCC(=O)O,1,CC[C@H]1OC(=O)C[C@@H](OC(C)=O)[C@H](C)[C@@H](O[C@@H]2O[C@H](C)[C@@H](O[C@H]3C[C@@](C)(OC(=O)CCCCCC(N)C(C)N)[C@@H](OC(=O)CC(C)C)[C@H](C)O3)[C@H](N(C)C)[C@H]2O)[C@@H](CC=O)C[C@@H](C)C(=O)/C=C/C(C)=C/[C@@H]1CO[C@@H]1O[C@H](C)[C@@H](O)[C@@H](OC)[C@H]1OC,CC[C@H]1OC(=O)C[C@@H](OC(C)=O)[C@H](C)[C@@H](O[C@@H]2O[C@H](C)[C@@H](O[C@H]3C[C@@](C)(OC(=O)CCCCCC(N)C(C)N)[C@@H](OC(=O)CC(C)C)[C@H](C)O3)[C@H](N(C)C)[C@H]2O)[C@@H](CC=O)C[C@@H](C)C(=O)/C=C/C(C)=C/[C@@H]1CO[C@@H]1O[C@H](C)[C@@H](O)[C@@H](OC)[C@H]1OC,True,,-1.793,-1.8364384174346924,-2.4195127487182617,-1.3593775033950806,36,14,22,1
tylvalosin,Tylvalosin (Ì©Íò¾úËØ),REF_TYLVALOSIN,repository_reference,O49_attached_to_C36,49,36,C,MPM00031,"(2R,4S)-2,4-diaminopentanoic acid",CC(N)CC(N)C(=O)O,1,CC[C@H]1OC(=O)C[C@@H](OC(C)=O)[C@H](C)[C@@H](O[C@@H]2O[C@H](C)[C@@H](O[C@H]3C[C@@](C)(OC(=O)C(N)CC(C)N)[C@@H](OC(=O)CC(C)C)[C@H](C)O3)[C@H](N(C)C)[C@H]2O)[C@@H](CC=O)C[C@@H](C)C(=O)/C=C/C(C)=C/[C@@H]1CO[C@@H]1O[C@H](C)[C@@H](O)[C@@H](OC)[C@H]1OC,CC[C@H]1OC(=O)C[C@@H](OC(C)=O)[C@H](C)[C@@H](O[C@@H]2O[C@H](C)[C@@H](O[C@H]3C[C@@](C)(OC(=O)C(N)CC(C)N)[C@@H](OC(=O)CC(C)C)[C@H](C)O3)[C@H](N(C)C)[C@H]2O)[C@@H](CC=O)C[C@@H](C)C(=O)/C=C/C(C)=C/[C@@H]1CO[C@@H]1O[C@H](C)[C@@H](O)[C@@H](OC)[C@H]1OC,True,,-1.351,-1.8482589721679688,-2.42637300491333,-1.3752566576004028,35,14,21,1
tylvalosin,Tylvalosin (Ì©Íò¾úËØ),REF_TYLVALOSIN,repository_reference,O49_attached_to_C36,49,36,C,MPM00051,"(3S,5S)-3,5-diaminohexanoic acid",CC(N)CC(N)CC(=O)O,1,CC[C@H]1OC(=O)C[C@@H](OC(C)=O)[C@H](C)[C@@H](O[C@@H]2O[C@H](C)[C@@H](O[C@H]3C[C@@](C)(OC(=O)CC(N)CC(C)N)[C@@H](OC(=O)CC(C)C)[C@H](C)O3)[C@H](N(C)C)[C@H]2O)[C@@H](CC=O)C[C@@H](C)C(=O)/C=C/C(C)=C/[C@@H]1CO[C@@H]1O[C@H](C)[C@@H](O)[C@@H](OC)[C@H]1OC,CC[C@H]1OC(=O)C[C@@H](OC(C)=O)[C@H](C)[C@@H](O[C@@H]2O[C@H](C)[C@@H](O[C@H]3C[C@@](C)(OC(=O)CC(N)CC(C)N)[C@@H](OC(=O)CC(C)C)[C@H](C)O3)[C@H](N(C)C)[C@H]2O)[C@@H](CC=O)C[C@@H](C)C(=O)/C=C/C(C)=C/[C@@H]1CO[C@@H]1O[C@H](C)[C@@H](O)[C@@H](OC)[C@H]1OC,True,,-1.609,-1.8038520812988281,-2.378302812576294,-1.333847165107727,37,15,22,1
tylvalosin,Tylvalosin (Ì©Íò¾úËØ),REF_TYLVALOSIN,repository_reference,O49_attached_to_C36,49,36,C,MPM00083,(R)-mevalonate,CC(O)(CCO)CC(=O)O,1,CC[C@H]1OC(=O)C[C@@H](OC(C)=O)[C@H](C)[C@@H](O[C@@H]2O[C@H](C)[C@@H](O[C@H]3C[C@@](C)(OC(=O)CC(C)(O)CCO)[C@@H](OC(=O)CC(C)C)[C@H](C)O3)[C@H](N(C)C)[C@H]2O)[C@@H](CC=O)C[C@@H](C)C(=O)/C=C/C(C)=C/[C@@H]1CO[C@@H]1O[C@H](C)[C@@H](O)[C@@H](OC)[C@H]1OC,CC[C@H]1OC(=O)C[C@@H](OC(C)=O)[C@H](C)[C@@H](O[C@@H]2O[C@H](C)[C@@H](O[C@H]3C[C@@](C)(OC(=O)CC(C)(O)CCO)[C@@H](OC(=O)CC(C)C)[C@H](C)O3)[C@H](N(C)C)[C@H]2O)[C@@H](CC=O)C[C@@H](C)C(=O)/C=C/C(C)=C/[C@@H]1CO[C@@H]1O[C@H](C)[C@@H](O)[C@@H](OC)[C@H]1OC,True,,-2.048,-1.8366365432739258,-2.414421558380127,-1.3639036417007446,37,15,22,1
tylvalosin,Tylvalosin (Ì©Íò¾úËØ),REF_TYLVALOSIN,repository_reference,O49_attached_to_C36,49,36,C,MPM00081,(R)-5-Diphosphomevalonate,CC(O)(CCOP(=O)(O)OP(=O)(O)O)CC(=O)O,1,CC[C@H]1OC(=O)C[C@@H](OC(C)=O)[C@H](C)[C@@H](O[C@@H]2O[C@H](C)[C@@H](O[C@H]3C[C@@](C)(OC(=O)CC(C)(O)CCOP(=O)(O)OP(=O)(O)O)[C@@H](OC(=O)CC(C)C)[C@H](C)O3)[C@H](N(C)C)[C@H]2O)[C@@H](CC=O)C[C@@H](C)C(=O)/C=C/C(C)=C/[C@@H]1CO[C@@H]1O[C@H](C)[C@@H](O)[C@@H](OC)[C@H]1OC,CC[C@H]1OC(=O)C[C@@H](OC(C)=O)[C@H](C)[C@@H](O[C@@H]2O[C@H](C)[C@@H](O[C@H]3C[C@@](C)(OC(=O)CC(C)(O)CCOP(=O)(O)OP(=O)(O)O)[C@@H](OC(=O)CC(C)C)[C@H](C)O3)[C@H](N(C)C)[C@H]2O)[C@@H](CC=O)C[C@@H](C)C(=O)/C=C/C(C)=C/[C@@H]1CO[C@@H]1O[C@H](C)[C@@H](O)[C@@H](OC)[C@H]1OC,True,,-2.933,-1.7402725219726562,-2.2883355617523193,-1.2918577194213867,37,15,22,1
tylvalosin,Tylvalosin (Ì©Íò¾úËØ),REF_TYLVALOSIN,repository_reference,O49_attached_to_C36,49,36,C,MPM00543,D-2-Hydroxypropionic acid,CC(O)C(=O)O,1,CC[C@H]1OC(=O)C[C@@H](OC(C)=O)[C@H](C)[C@@H](O[C@@H]2O[C@H](C)[C@@H](O[C@H]3C[C@@](C)(OC(=O)C(C)O)[C@@H](OC(=O)CC(C)C)[C@H](C)O3)[C@H](N(C)C)[C@H]2O)[C@@H](CC=O)C[C@@H](C)C(=O)/C=C/C(C)=C/[C@@H]1CO[C@@H]1O[C@H](C)[C@@H](O)[C@@H](OC)[C@H]1OC,CC[C@H]1OC(=O)C[C@@H](OC(C)=O)[C@H](C)[C@@H](O[C@@H]2O[C@H](C)[C@@H](O[C@H]3C[C@@](C)(OC(=O)C(C)O)[C@@H](OC(=O)CC(C)C)[C@H](C)O3)[C@H](N(C)C)[C@H]2O)[C@@H](CC=O)C[C@@H](C)C(=O)/C=C/C(C)=C/[C@@H]1CO[C@@H]1O[C@H](C)[C@@H](O)[C@@H](OC)[C@H]1OC,True,,-1.579,-2.007422924041748,-2.522361993789673,-1.5861095190048218,34,14,20,1
tylvalosin,Tylvalosin (Ì©Íò¾úËØ),REF_TYLVALOSIN,repository_reference,O49_attached_to_C36,49,36,C,MPM01136,2-Amino-3-hydroxybutyric acid,CC(O)C(N)C(=O)O,1,CC[C@H]1OC(=O)C[C@@H](OC(C)=O)[C@H](C)[C@@H](O[C@@H]2O[C@H](C)[C@@H](O[C@H]3C[C@@](C)(OC(=O)C(N)C(C)O)[C@@H](OC(=O)CC(C)C)[C@H](C)O3)[C@H](N(C)C)[C@H]2O)[C@@H](CC=O)C[C@@H](C)C(=O)/C=C/C(C)=C/[C@@H]1CO[C@@H]1O[C@H](C)[C@@H](O)[C@@H](OC)[C@H]1OC,CC[C@H]1OC(=O)C[C@@H](OC(C)=O)[C@H](C)[C@@H](O[C@@H]2O[C@H](C)[C@@H](O[C@H]3C[C@@](C)(OC(=O)C(N)C(C)O)[C@@H](OC(=O)CC(C)C)[C@H](C)O3)[C@H](N(C)C)[C@H]2O)[C@@H](CC=O)C[C@@H](C)C(=O)/C=C/C(C)=C/[C@@H]1CO[C@@H]1O[C@H](C)[C@@H](O)[C@@H](OC)[C@H]1OC,True,,-1.536,-1.7753212451934814,-2.3221054077148438,-1.32795250415802,36,15,21,1
tylvalosin,Tylvalosin (Ì©Íò¾úËØ),REF_TYLVALOSIN,repository_reference,O49_attached_to_C36,49,36,C,MPM00551,D-beta-Hydroxybutyric acid,CC(O)CC(=O)O,1,CC[C@H]1OC(=O)C[C@@H](OC(C)=O)[C@H](C)[C@@H](O[C@@H]2O[C@H](C)[C@@H](O[C@H]3C[C@@](C)(OC(=O)CC(C)O)[C@@H](OC(=O)CC(C)C)[C@H](C)O3)[C@H](N(C)C)[C@H]2O)[C@@H](CC=O)C[C@@H](C)C(=O)/C=C/C(C)=C/[C@@H]1CO[C@@H]1O[C@H](C)[C@@H](O)[C@@H](OC)[C@H]1OC,CC[C@H]1OC(=O)C[C@@H](OC(C)=O)[C@H](C)[C@@H](O[C@@H]2O[C@H](C)[C@@H](O[C@H]3C[C@@](C)(OC(=O)CC(C)O)[C@@H](OC(=O)CC(C)C)[C@H](C)O3)[C@H](N(C)C)[C@H]2O)[C@@H](CC=O)C[C@@H](C)C(=O)/C=C/C(C)=C/[C@@H]1CO[C@@H]1O[C@H](C)[C@@H](O)[C@@H](OC)[C@H]1OC,True,,-1.728,-1.9330363273620605,-2.4686522483825684,-1.4948052167892456,36,14,22,1
tylvalosin,Tylvalosin (Ì©Íò¾úËØ),REF_TYLVALOSIN,repository_reference,O49_attached_to_C36,49,36,C,MPM00843,O-Phospho-L-threonine,CC(OP(=O)(O)O)C(N)C(=O)O,1,CC[C@H]1OC(=O)C[C@@H](OC(C)=O)[C@H](C)[C@@H](O[C@@H]2O[C@H](C)[C@@H](O[C@H]3C[C@@](C)(OC(=O)C(N)C(C)OP(=O)(O)O)[C@@H](OC(=O)CC(C)C)[C@H](C)O3)[C@H](N(C)C)[C@H]2O)[C@@H](CC=O)C[C@@H](C)C(=O)/C=C/C(C)=C/[C@@H]1CO[C@@H]1O[C@H](C)[C@@H](O)[C@@H](OC)[C@H]1OC,CC[C@H]1OC(=O)C[C@@H](OC(C)=O)[C@H](C)[C@@H](O[C@@H]2O[C@H](C)[C@@H](O[C@H]3C[C@@](C)(OC(=O)C(N)C(C)OP(=O)(O)O)[C@@H](OC(=O)CC(C)C)[C@H](C)O3)[C@H](N(C)C)[C@H]2O)[C@@H](CC=O)C[C@@H](C)C(=O)/C=C/C(C)=C/[C@@H]1CO[C@@H]1O[C@H](C)[C@@H](O)[C@@H](OC)[C@H]1OC,True,,-1.826,-1.7738239765167236,-2.292799711227417,-1.3492071628570557,37,15,22,1
tylvalosin,Tylvalosin (Ì©Íò¾úËØ),REF_TYLVALOSIN,repository_reference,O49_attached_to_C36,49,36,C,MPM00465,Ampicillin,CC1(C)SC2C(NC(=O)C(N)c3ccccc3)C(=O)N2C1C(=O)O,1,CC[C@H]1OC(=O)C[C@@H](OC(C)=O)[C@H](C)[C@@H](O[C@@H]2O[C@H](C)[C@@H](O[C@H]3C[C@@](C)(OC(=O)C4N5C(=O)C(NC(=O)C(N)c6ccccc6)C5SC4(C)C)[C@@H](OC(=O)CC(C)C)[C@H](C)O3)[C@H](N(C)C)[C@H]2O)[C@@H](CC=O)C[C@@H](C)C(=O)/C=C/C(C)=C/[C@@H]1CO[C@@H]1O[C@H](C)[C@@H](O)[C@@H](OC)[C@H]1OC,CC[C@H]1OC(=O)C[C@@H](OC(C)=O)[C@H](C)[C@@H](O[C@@H]2O[C@H](C)[C@@H](O[C@H]3C[C@@](C)(OC(=O)C4N5C(=O)C(NC(=O)C(N)c6ccccc6)C5SC4(C)C)[C@@H](OC(=O)CC(C)C)[C@H](C)O3)[C@H](N(C)C)[C@H]2O)[C@@H](CC=O)C[C@@H](C)C(=O)/C=C/C(C)=C/[C@@H]1CO[C@@H]1O[C@H](C)[C@@H](O)[C@@H](OC)[C@H]1OC,True,,-2.762,-0.9119848012924194,-1.3735346794128418,-0.5343531370162964,40,18,22,1
tylvalosin,Tylvalosin (Ì©Íò¾úËØ),REF_TYLVALOSIN,repository_reference,O49_attached_to_C36,49,36,C,MPM00566,Desthiobiotin,CC1NC(=O)NC1CCCCCC(=O)O,1,CC[C@H]1OC(=O)C[C@@H](OC(C)=O)[C@H](C)[C@@H](O[C@@H]2O[C@H](C)[C@@H](O[C@H]3C[C@@](C)(OC(=O)CCCCCC4NC(=O)NC4C)[C@@H](OC(=O)CC(C)C)[C@H](C)O3)[C@H](N(C)C)[C@H]2O)[C@@H](CC=O)C[C@@H](C)C(=O)/C=C/C(C)=C/[C@@H]1CO[C@@H]1O[C@H](C)[C@@H](O)[C@@H](OC)[C@H]1OC,CC[C@H]1OC(=O)C[C@@H](OC(C)=O)[C@H](C)[C@@H](O[C@@H]2O[C@H](C)[C@@H](O[C@H]3C[C@@](C)(OC(=O)CCCCCC4NC(=O)NC4C)[C@@H](OC(=O)CC(C)C)[C@H](C)O3)[C@H](N(C)C)[C@H]2O)[C@@H](CC=O)C[C@@H](C)C(=O)/C=C/C(C)=C/[C@@H]1CO[C@@H]1O[C@H](C)[C@@H](O)[C@@H](OC)[C@H]1OC,True,,-2.494,-1.9273722171783447,-2.4971723556518555,-1.461172342300415,35,14,21,1
tylvalosin,Tylvalosin (Ì©Íò¾úËØ),REF_TYLVALOSIN,repository_reference,O49_attached_to_C36,49,36,C,MPM00458,alpha-Ketobutyrate,CCC(=O)C(=O)O,1,CCC(=O)C(=O)O[C@]1(C)C[C@H](O[C@H]2[C@H](N(C)C)[C@@H](O)[C@H](O[C@H]3[C@@H](CC=O)C[C@@H](C)C(=O)/C=C/C(C)=C/[C@H](CO[C@@H]4O[C@H](C)[C@@H](O)[C@@H](OC)[C@H]4OC)[C@@H](CC)OC(=O)C[C@@H](OC(C)=O)[C@@H]3C)O[C@@H]2C)O[C@@H](C)[C@@H]1OC(=O)CC(C)C,CCC(=O)C(=O)O[C@]1(C)C[C@H](O[C@H]2[C@H](N(C)C)[C@@H](O)[C@H](O[C@H]3[C@@H](CC=O)C[C@@H](C)C(=O)/C=C/C(C)=C/[C@H](CO[C@@H]4O[C@H](C)[C@@H](O)[C@@H](OC)[C@H]4OC)[C@@H](CC)OC(=O)C[C@@H](OC(C)=O)[C@@H]3C)O[C@@H]2C)O[C@@H](C)[C@@H]1OC(=O)CC(C)C,True,,-1.435,-2.272420883178711,-2.869504690170288,-1.7838976383209229,33,14,19,1
tylvalosin,Tylvalosin (Ì©Íò¾úËØ),REF_TYLVALOSIN,repository_reference,O49_attached_to_C36,49,36,C,MPM00908,propionate,CCC(=O)O,1,CCC(=O)O[C@]1(C)C[C@H](O[C@H]2[C@H](N(C)C)[C@@H](O)[C@H](O[C@H]3[C@@H](CC=O)C[C@@H](C)C(=O)/C=C/C(C)=C/[C@H](CO[C@@H]4O[C@H](C)[C@@H](O)[C@@H](OC)[C@H]4OC)[C@@H](CC)OC(=O)C[C@@H](OC(C)=O)[C@@H]3C)O[C@@H]2C)O[C@@H](C)[C@@H]1OC(=O)CC(C)C,CCC(=O)O[C@]1(C)C[C@H](O[C@H]2[C@H](N(C)C)[C@@H](O)[C@H](O[C@H]3[C@@H](CC=O)C[C@@H](C)C(=O)/C=C/C(C)=C/[C@H](CO[C@@H]4O[C@H](C)[C@@H](O)[C@@H](OC)[C@H]4OC)[C@@H](CC)OC(=O)C[C@@H](OC(C)=O)[C@@H]3C)O[C@@H]2C)O[C@@H](C)[C@@H]1OC(=O)CC(C)C,True,,-1.503,-1.8768199682235718,-2.4255099296569824,-1.4278919696807861,36,14,22,1
tylvalosin,Tylvalosin (Ì©Íò¾úËØ),REF_TYLVALOSIN,repository_reference,O49_attached_to_C36,49,36,C,MPM00078,(R)-3-Hydroxy-3-methyl-2-oxopentanoate,CCC(C)(O)C(=O)C(=O)O,1,CC[C@H]1OC(=O)C[C@@H](OC(C)=O)[C@H](C)[C@@H](O[C@@H]2O[C@H](C)[C@@H](O[C@H]3C[C@@](C)(OC(=O)C(=O)C(C)(O)CC)[C@@H](OC(=O)CC(C)C)[C@H](C)O3)[C@H](N(C)C)[C@H]2O)[C@@H](CC=O)C[C@@H](C)C(=O)/C=C/C(C)=C/[C@@H]1CO[C@@H]1O[C@H](C)[C@@H](O)[C@@H](OC)[C@H]1OC,CC[C@H]1OC(=O)C[C@@H](OC(C)=O)[C@H](C)[C@@H](O[C@@H]2O[C@H](C)[C@@H](O[C@H]3C[C@@](C)(OC(=O)C(=O)C(C)(O)CC)[C@@H](OC(=O)CC(C)C)[C@H](C)O3)[C@H](N(C)C)[C@H]2O)[C@@H](CC=O)C[C@@H](C)C(=O)/C=C/C(C)=C/[C@@H]1CO[C@@H]1O[C@H](C)[C@@H](O)[C@@H](OC)[C@H]1OC,True,,-1.644,-1.7773430347442627,-2.3166608810424805,-1.3360824584960938,37,15,22,1
tylvalosin,Tylvalosin (Ì©Íò¾úËØ),REF_TYLVALOSIN,repository_reference,O49_attached_to_C36,49,36,C,MPM00028,"(2R,3R)-2,3-Dihydroxy-3-methylpentanoate",CCC(C)(O)C(O)C(=O)O,1,CC[C@H]1OC(=O)C[C@@H](OC(C)=O)[C@H](C)[C@@H](O[C@@H]2O[C@H](C)[C@@H](O[C@H]3C[C@@](C)(OC(=O)C(O)C(C)(O)CC)[C@@H](OC(=O)CC(C)C)[C@H](C)O3)[C@H](N(C)C)[C@H]2O)[C@@H](CC=O)C[C@@H](C)C(=O)/C=C/C(C)=C/[C@@H]1CO[C@@H]1O[C@H](C)[C@@H](O)[C@@H](OC)[C@H]1OC,CC[C@H]1OC(=O)C[C@@H](OC(C)=O)[C@H](C)[C@@H](O[C@@H]2O[C@H](C)[C@@H](O[C@H]3C[C@@](C)(OC(=O)C(O)C(C)(O)CC)[C@@H](OC(=O)CC(C)C)[C@H](C)O3)[C@H](N(C)C)[C@H]2O)[C@@H](CC=O)C[C@@H](C)C(=O)/C=C/C(C)=C/[C@@H]1CO[C@@H]1O[C@H](C)[C@@H](O)[C@@H](OC)[C@H]1OC,True,,-2.007,-1.760162353515625,-2.3078668117523193,-1.3120402097702026,37,15,22,1
tylvalosin,Tylvalosin (Ì©Íò¾úËØ),REF_TYLVALOSIN,repository_reference,O49_attached_to_C36,49,36,C,MPM00050,(3S)-3-Methyl-2-oxopentanoate,CCC(C)C(=O)C(=O)O,1,CCC(C)C(=O)C(=O)O[C@]1(C)C[C@H](O[C@H]2[C@H](N(C)C)[C@@H](O)[C@H](O[C@H]3[C@@H](CC=O)C[C@@H](C)C(=O)/C=C/C(C)=C/[C@H](CO[C@@H]4O[C@H](C)[C@@H](O)[C@@H](OC)[C@H]4OC)[C@@H](CC)OC(=O)C[C@@H](OC(C)=O)[C@@H]3C)O[C@@H]2C)O[C@@H](C)[C@@H]1OC(=O)CC(C)C,CCC(C)C(=O)C(=O)O[C@]1(C)C[C@H](O[C@H]2[C@H](N(C)C)[C@@H](O)[C@H](O[C@H]3[C@@H](CC=O)C[C@@H](C)C(=O)/C=C/C(C)=C/[C@H](CO[C@@H]4O[C@H](C)[C@@H](O)[C@@H](OC)[C@H]4OC)[C@@H](CC)OC(=O)C[C@@H](OC(C)=O)[C@@H]3C)O[C@@H]2C)O[C@@H](C)[C@@H]1OC(=O)CC(C)C,True,,-1.654,-1.9565865993499756,-2.5251054763793945,-1.4914348125457764,36,14,22,1
tylvalosin,Tylvalosin (Ì©Íò¾úËØ),REF_TYLVALOSIN,repository_reference,O49_attached_to_C36,49,36,C,MPM01138,2-Amino-3-methylvaleric acid,CCC(C)C(N)C(=O)O,1,CCC(C)C(N)C(=O)O[C@]1(C)C[C@H](O[C@H]2[C@H](N(C)C)[C@@H](O)[C@H](O[C@H]3[C@@H](CC=O)C[C@@H](C)C(=O)/C=C/C(C)=C/[C@H](CO[C@@H]4O[C@H](C)[C@@H](O)[C@@H](OC)[C@H]4OC)[C@@H](CC)OC(=O)C[C@@H](OC(C)=O)[C@@H]3C)O[C@@H]2C)O[C@@H](C)[C@@H]1OC(=O)CC(C)C,CCC(C)C(N)C(=O)O[C@]1(C)C[C@H](O[C@H]2[C@H](N(C)C)[C@@H](O)[C@H](O[C@H]3[C@@H](CC=O)C[C@@H](C)C(=O)/C=C/C(C)=C/[C@H](CO[C@@H]4O[C@H](C)[C@@H](O)[C@@H](OC)[C@H]4OC)[C@@H](CC)OC(=O)C[C@@H](OC(C)=O)[C@@H]3C)O[C@@H]2C)O[C@@H](C)[C@@H]1OC(=O)CC(C)C,True,,-1.7,-1.9359214305877686,-2.525238037109375,-1.4537532329559326,35,14,21,1
tylvalosin,Tylvalosin (Ì©Íò¾úËØ),REF_TYLVALOSIN,repository_reference,O49_attached_to_C36,49,36,C,MPM00029,"(2R,3R)-2-hydroxy-3-methylpentanoic acid",CCC(C)C(O)C(=O)O,1,CCC(C)C(O)C(=O)O[C@]1(C)C[C@H](O[C@H]2[C@H](N(C)C)[C@@H](O)[C@H](O[C@H]3[C@@H](CC=O)C[C@@H](C)C(=O)/C=C/C(C)=C/[C@H](CO[C@@H]4O[C@H](C)[C@@H](O)[C@@H](OC)[C@H]4OC)[C@@H](CC)OC(=O)C[C@@H](OC(C)=O)[C@@H]3C)O[C@@H]2C)O[C@@H](C)[C@@H]1OC(=O)CC(C)C,CCC(C)C(O)C(=O)O[C@]1(C)C[C@H](O[C@H]2[C@H](N(C)C)[C@@H](O)[C@H](O[C@H]3[C@@H](CC=O)C[C@@H](C)C(=O)/C=C/C(C)=C/[C@H](CO[C@@H]4O[C@H](C)[C@@H](O)[C@@H](OC)[C@H]4OC)[C@@H](CC)OC(=O)C[C@@H](OC(C)=O)[C@@H]3C)O[C@@H]2C)O[C@@H](C)[C@@H]1OC(=O)CC(C)C,True,,-1.996,-1.8400787115097046,-2.3945388793945312,-1.3864299058914185,37,15,22,1
tylvalosin,Tylvalosin (Ì©Íò¾úËØ),REF_TYLVALOSIN,repository_reference,O49_attached_to_C36,49,36,C,MPM00094,(S)-2-Hydroxy-2-ethyl-3-oxobutanoate,CCC(O)(C(C)=O)C(=O)O,1,CC[C@H]1OC(=O)C[C@@H](OC(C)=O)[C@H](C)[C@@H](O[C@@H]2O[C@H](C)[C@@H](O[C@H]3C[C@@](C)(OC(=O)C(O)(CC)C(C)=O)[C@@H](OC(=O)CC(C)C)[C@H](C)O3)[C@H](N(C)C)[C@H]2O)[C@@H](CC=O)C[C@@H](C)C(=O)/C=C/C(C)=C/[C@@H]1CO[C@@H]1O[C@H](C)[C@@H](O)[C@@H](OC)[C@H]1OC,CC[C@H]1OC(=O)C[C@@H](OC(C)=O)[C@H](C)[C@@H](O[C@@H]2O[C@H](C)[C@@H](O[C@H]3C[C@@](C)(OC(=O)C(O)(CC)C(C)=O)[C@@H](OC(=O)CC(C)C)[C@H](C)O3)[C@H](N(C)C)[C@H]2O)[C@@H](CC=O)C[C@@H](C)C(=O)/C=C/C(C)=C/[C@@H]1CO[C@@H]1O[C@H](C)[C@@H](O)[C@@H](OC)[C@H]1OC,True,,-1.926,-1.7153083086013794,-2.215231418609619,-1.3062801361083984,37,15,22,1
tylvalosin,Tylvalosin (Ì©Íò¾úËØ),REF_TYLVALOSIN,repository_reference,O49_attached_to_C36,49,36,C,MPM00302,3-Hydroxypentanoic acid,CCC(O)CC(=O)O,1,CCC(O)CC(=O)O[C@]1(C)C[C@H](O[C@H]2[C@H](N(C)C)[C@@H](O)[C@H](O[C@H]3[C@@H](CC=O)C[C@@H](C)C(=O)/C=C/C(C)=C/[C@H](CO[C@@H]4O[C@H](C)[C@@H](O)[C@@H](OC)[C@H]4OC)[C@@H](CC)OC(=O)C[C@@H](OC(C)=O)[C@@H]3C)O[C@@H]2C)O[C@@H](C)[C@@H]1OC(=O)CC(C)C,CCC(O)CC(=O)O[C@]1(C)C[C@H](O[C@H]2[C@H](N(C)C)[C@@H](O)[C@H](O[C@H]3[C@@H](CC=O)C[C@@H](C)C(=O)/C=C/C(C)=C/[C@H](CO[C@@H]4O[C@H](C)[C@@H](O)[C@@H](OC)[C@H]4OC)[C@@H](CC)OC(=O)C[C@@H](OC(C)=O)[C@@H]3C)O[C@@H]2C)O[C@@H](C)[C@@H]1OC(=O)CC(C)C,True,,-1.773,-1.9603770971298218,-2.5266332626342773,-1.497076153755188,36,14,22,1
tylvalosin,Tylvalosin (Ì©Íò¾úËØ),REF_TYLVALOSIN,repository_reference,O49_attached_to_C36,49,36,C,MPM00496,butyrate,CCCC(=O)O,1,CCCC(=O)O[C@]1(C)C[C@H](O[C@H]2[C@H](N(C)C)[C@@H](O)[C@H](O[C@H]3[C@@H](CC=O)C[C@@H](C)C(=O)/C=C/C(C)=C/[C@H](CO[C@@H]4O[C@H](C)[C@@H](O)[C@@H](OC)[C@H]4OC)[C@@H](CC)OC(=O)C[C@@H](OC(C)=O)[C@@H]3C)O[C@@H]2C)O[C@@H](C)[C@@H]1OC(=O)CC(C)C,CCCC(=O)O[C@]1(C)C[C@H](O[C@H]2[C@H](N(C)C)[C@@H](O)[C@H](O[C@H]3[C@@H](CC=O)C[C@@H](C)C(=O)/C=C/C(C)=C/[C@H](CO[C@@H]4O[C@H](C)[C@@H](O)[C@@H](OC)[C@H]4OC)[C@@H](CC)OC(=O)C[C@@H](OC(C)=O)[C@@H]3C)O[C@@H]2C)O[C@@H](C)[C@@H]1OC(=O)CC(C)C,True,,-1.561,-1.8953742980957031,-2.4327688217163086,-1.4556881189346313,36,14,22,1
tylvalosin,Tylvalosin (Ì©Íò¾úËØ),REF_TYLVALOSIN,repository_reference,O49_attached_to_C36,49,36,C,MPM00298,3-Hydroxyhexanoic acid,CCCC(O)CC(=O)O,1,CCCC(O)CC(=O)O[C@]1(C)C[C@H](O[C@H]2[C@H](N(C)C)[C@@H](O)[C@H](O[C@H]3[C@@H](CC=O)C[C@@H](C)C(=O)/C=C/C(C)=C/[C@H](CO[C@@H]4O[C@H](C)[C@@H](O)[C@@H](OC)[C@H]4OC)[C@@H](CC)OC(=O)C[C@@H](OC(C)=O)[C@@H]3C)O[C@@H]2C)O[C@@H](C)[C@@H]1OC(=O)CC(C)C,CCCC(O)CC(=O)O[C@]1(C)C[C@H](O[C@H]2[C@H](N(C)C)[C@@H](O)[C@H](O[C@H]3[C@@H](CC=O)C[C@@H](C)C(=O)/C=C/C(C)=C/[C@H](CO[C@@H]4O[C@H](C)[C@@H](O)[C@@H](OC)[C@H]4OC)[C@@H](CC)OC(=O)C[C@@H](OC(C)=O)[C@@H]3C)O[C@@H]2C)O[C@@H](C)[C@@H]1OC(=O)CC(C)C,True,,-1.837,-1.9237905740737915,-2.4844472408294678,-1.465071201324463,37,15,22,1
tylvalosin,Tylvalosin (Ì©Íò¾úËØ),REF_TYLVALOSIN,repository_reference,O49_attached_to_C36,49,36,C,MPM00833,n-Valeric acid,CCCCC(=O)O,1,CCCCC(=O)O[C@]1(C)C[C@H](O[C@H]2[C@H](N(C)C)[C@@H](O)[C@H](O[C@H]3[C@@H](CC=O)C[C@@H](C)C(=O)/C=C/C(C)=C/[C@H](CO[C@@H]4O[C@H](C)[C@@H](O)[C@@H](OC)[C@H]4OC)[C@@H](CC)OC(=O)C[C@@H](OC(C)=O)[C@@H]3C)O[C@@H]2C)O[C@@H](C)[C@@H]1OC(=O)CC(C)C,CCCCC(=O)O[C@]1(C)C[C@H](O[C@H]2[C@H](N(C)C)[C@@H](O)[C@H](O[C@H]3[C@@H](CC=O)C[C@@H](C)C(=O)/C=C/C(C)=C/[C@H](CO[C@@H]4O[C@H](C)[C@@H](O)[C@@H](OC)[C@H]4OC)[C@@H](CC)OC(=O)C[C@@H](OC(C)=O)[C@@H]3C)O[C@@H]2C)O[C@@H](C)[C@@H]1OC(=O)CC(C)C,True,,-1.626,-1.9978151321411133,-2.562445878982544,-1.535844326019287,36,14,22,1
tylvalosin,Tylvalosin (Ì©Íò¾úËØ),REF_TYLVALOSIN,repository_reference,O49_attached_to_C36,49,36,C,MPM00295,3-hydroxyheptanoic Acid,CCCCC(O)CC(=O)O,1,CCCCC(O)CC(=O)O[C@]1(C)C[C@H](O[C@H]2[C@H](N(C)C)[C@@H](O)[C@H](O[C@H]3[C@@H](CC=O)C[C@@H](C)C(=O)/C=C/C(C)=C/[C@H](CO[C@@H]4O[C@H](C)[C@@H](O)[C@@H](OC)[C@H]4OC)[C@@H](CC)OC(=O)C[C@@H](OC(C)=O)[C@@H]3C)O[C@@H]2C)O[C@@H](C)[C@@H]1OC(=O)CC(C)C,CCCCC(O)CC(=O)O[C@]1(C)C[C@H](O[C@H]2[C@H](N(C)C)[C@@H](O)[C@H](O[C@H]3[C@@H](CC=O)C[C@@H](C)C(=O)/C=C/C(C)=C/[C@H](CO[C@@H]4O[C@H](C)[C@@H](O)[C@@H](OC)[C@H]4OC)[C@@H](CC)OC(=O)C[C@@H](OC(C)=O)[C@@H]3C)O[C@@H]2C)O[C@@H](C)[C@@H]1OC(=O)CC(C)C,True,,-1.905,-1.9097487926483154,-2.4791922569274902,-1.4438402652740479,37,15,22,1
tylvalosin,Tylvalosin (Ì©Íò¾úËØ),REF_TYLVALOSIN,repository_reference,O49_attached_to_C36,49,36,C,MPM00061,(9E)-tetradecenoic acid,CCCCC=CCCCCCCCC(=O)O,1,CCCCC=CCCCCCCCC(=O)O[C@]1(C)C[C@H](O[C@H]2[C@H](N(C)C)[C@@H](O)[C@H](O[C@H]3[C@@H](CC=O)C[C@@H](C)C(=O)/C=C/C(C)=C/[C@H](CO[C@@H]4O[C@H](C)[C@@H](O)[C@@H](OC)[C@H]4OC)[C@@H](CC)OC(=O)C[C@@H](OC(C)=O)[C@@H]3C)O[C@@H]2C)O[C@@H](C)[C@@H]1OC(=O)CC(C)C,CCCCC=CCCCCCCCC(=O)O[C@]1(C)C[C@H](O[C@H]2[C@H](N(C)C)[C@@H](O)[C@H](O[C@H]3[C@@H](CC=O)C[C@@H](C)C(=O)/C=C/C(C)=C/[C@H](CO[C@@H]4O[C@H](C)[C@@H](O)[C@@H](OC)[C@H]4OC)[C@@H](CC)OC(=O)C[C@@H](OC(C)=O)[C@@H]3C)O[C@@H]2C)O[C@@H](C)[C@@H]1OC(=O)CC(C)C,True,,-2.092,-1.4398168325424194,-1.9447320699691772,-1.0267045497894287,38,16,22,1
tylvalosin,Tylvalosin (Ì©Íò¾úËØ),REF_TYLVALOSIN,repository_reference,O49_attached_to_C36,49,36,C,MPM00813,n-Caproic acid,CCCCCC(=O)O,1,CCCCCC(=O)O[C@]1(C)C[C@H](O[C@H]2[C@H](N(C)C)[C@@H](O)[C@H](O[C@H]3[C@@H](CC=O)C[C@@H](C)C(=O)/C=C/C(C)=C/[C@H](CO[C@@H]4O[C@H](C)[C@@H](O)[C@@H](OC)[C@H]4OC)[C@@H](CC)OC(=O)C[C@@H](OC(C)=O)[C@@H]3C)O[C@@H]2C)O[C@@H](C)[C@@H]1OC(=O)CC(C)C,CCCCCC(=O)O[C@]1(C)C[C@H](O[C@H]2[C@H](N(C)C)[C@@H](O)[C@H](O[C@H]3[C@@H](CC=O)C[C@@H](C)C(=O)/C=C/C(C)=C/[C@H](CO[C@@H]4O[C@H](C)[C@@H](O)[C@@H](OC)[C@H]4OC)[C@@H](CC)OC(=O)C[C@@H](OC(C)=O)[C@@H]3C)O[C@@H]2C)O[C@@H](C)[C@@H]1OC(=O)CC(C)C,True,,-1.693,-1.9213615655899048,-2.485393762588501,-1.4598809480667114,36,14,22,1
tylvalosin,Tylvalosin (Ì©Íò¾úËØ),REF_TYLVALOSIN,repository_reference,O49_attached_to_C36,49,36,C,MPM00301,3-Hydroxyoctanoic acid,CCCCCC(O)CC(=O)O,1,CCCCCC(O)CC(=O)O[C@]1(C)C[C@H](O[C@H]2[C@H](N(C)C)[C@@H](O)[C@H](O[C@H]3[C@@H](CC=O)C[C@@H](C)C(=O)/C=C/C(C)=C/[C@H](CO[C@@H]4O[C@H](C)[C@@H](O)[C@@H](OC)[C@H]4OC)[C@@H](CC)OC(=O)C[C@@H](OC(C)=O)[C@@H]3C)O[C@@H]2C)O[C@@H](C)[C@@H]1OC(=O)CC(C)C,CCCCCC(O)CC(=O)O[C@]1(C)C[C@H](O[C@H]2[C@H](N(C)C)[C@@H](O)[C@H](O[C@H]3[C@@H](CC=O)C[C@@H](C)C(=O)/C=C/C(C)=C/[C@H](CO[C@@H]4O[C@H](C)[C@@H](O)[C@@H](OC)[C@H]4OC)[C@@H](CC)OC(=O)C[C@@H](OC(C)=O)[C@@H]3C)O[C@@H]2C)O[C@@H](C)[C@@H]1OC(=O)CC(C)C,True,,-1.973,-1.8606666326522827,-2.4260973930358887,-1.3980411291122437,37,15,22,1
tylvalosin,Tylvalosin (Ì©Íò¾úËØ),REF_TYLVALOSIN,repository_reference,O49_attached_to_C36,49,36,C,MPM00411,"9-cis,12-cis-Octadecadienoic acid",CCCCCC=CCC=CCCCCCCCC(=O)O,1,CCCCCC=CCC=CCCCCCCCC(=O)O[C@]1(C)C[C@H](O[C@H]2[C@H](N(C)C)[C@@H](O)[C@H](O[C@H]3[C@@H](CC=O)C[C@@H](C)C(=O)/C=C/C(C)=C/[C@H](CO[C@@H]4O[C@H](C)[C@@H](O)[C@@H](OC)[C@H]4OC)[C@@H](CC)OC(=O)C[C@@H](OC(C)=O)[C@@H]3C)O[C@@H]2C)O[C@@H](C)[C@@H]1OC(=O)CC(C)C,CCCCCC=CCC=CCCCCCCCC(=O)O[C@]1(C)C[C@H](O[C@H]2[C@H](N(C)C)[C@@H](O)[C@H](O[C@H]3[C@@H](CC=O)C[C@@H](C)C(=O)/C=C/C(C)=C/[C@H](CO[C@@H]4O[C@H](C)[C@@H](O)[C@@H](OC)[C@H]4OC)[C@@H](CC)OC(=O)C[C@@H](OC(C)=O)[C@@H]3C)O[C@@H]2C)O[C@@H](C)[C@@H]1OC(=O)CC(C)C,True,,-2.402,-1.4358317852020264,-1.930444359779358,-1.0311485528945923,38,16,22,1
tylvalosin,Tylvalosin (Ì©Íò¾úËØ),REF_TYLVALOSIN,repository_reference,O49_attached_to_C36,49,36,C,MPM00689,Heptanoate,CCCCCCC(=O)O,1,CCCCCCC(=O)O[C@]1(C)C[C@H](O[C@H]2[C@H](N(C)C)[C@@H](O)[C@H](O[C@H]3[C@@H](CC=O)C[C@@H](C)C(=O)/C=C/C(C)=C/[C@H](CO[C@@H]4O[C@H](C)[C@@H](O)[C@@H](OC)[C@H]4OC)[C@@H](CC)OC(=O)C[C@@H](OC(C)=O)[C@@H]3C)O[C@@H]2C)O[C@@H](C)[C@@H]1OC(=O)CC(C)C,CCCCCCC(=O)O[C@]1(C)C[C@H](O[C@H]2[C@H](N(C)C)[C@@H](O)[C@H](O[C@H]3[C@@H](CC=O)C[C@@H](C)C(=O)/C=C/C(C)=C/[C@H](CO[C@@H]4O[C@H](C)[C@@H](O)[C@@H](OC)[C@H]4OC)[C@@H](CC)OC(=O)C[C@@H](OC(C)=O)[C@@H]3C)O[C@@H]2C)O[C@@H](C)[C@@H]1OC(=O)CC(C)C,True,,-1.761,-1.8856406211853027,-2.4589269161224365,-1.4165881872177124,36,14,22,1
tylvalosin,Tylvalosin (Ì©Íò¾úËØ),REF_TYLVALOSIN,repository_reference,O49_attached_to_C36,49,36,C,MPM00300,3-Hydroxynonanoic acid,CCCCCCC(O)CC(=O)O,1,CCCCCCC(O)CC(=O)O[C@]1(C)C[C@H](O[C@H]2[C@H](N(C)C)[C@@H](O)[C@H](O[C@H]3[C@@H](CC=O)C[C@@H](C)C(=O)/C=C/C(C)=C/[C@H](CO[C@@H]4O[C@H](C)[C@@H](O)[C@@H](OC)[C@H]4OC)[C@@H](CC)OC(=O)C[C@@H](OC(C)=O)[C@@H]3C)O[C@@H]2C)O[C@@H](C)[C@@H]1OC(=O)CC(C)C,CCCCCCC(O)CC(=O)O[C@]1(C)C[C@H](O[C@H]2[C@H](N(C)C)[C@@H](O)[C@H](O[C@H]3[C@@H](CC=O)C[C@@H](C)C(=O)/C=C/C(C)=C/[C@H](CO[C@@H]4O[C@H](C)[C@@H](O)[C@@H](OC)[C@H]4OC)[C@@H](CC)OC(=O)C[C@@H](OC(C)=O)[C@@H]3C)O[C@@H]2C)O[C@@H](C)[C@@H]1OC(=O)CC(C)C,True,,-1.988,-1.8757551908493042,-2.4492106437683105,-1.4065648317337036,37,15,22,1
tylvalosin,Tylvalosin (Ì©Íò¾úËØ),REF_TYLVALOSIN,repository_reference,O49_attached_to_C36,49,36,C,MPM00852,palmitoleate,CCCCCCC=CCCCCCCCC(=O)O,1,CCCCCCC=CCCCCCCCC(=O)O[C@]1(C)C[C@H](O[C@H]2[C@H](N(C)C)[C@@H](O)[C@H](O[C@H]3[C@@H](CC=O)C[C@@H](C)C(=O)/C=C/C(C)=C/[C@H](CO[C@@H]4O[C@H](C)[C@@H](O)[C@@H](OC)[C@H]4OC)[C@@H](CC)OC(=O)C[C@@H](OC(C)=O)[C@@H]3C)O[C@@H]2C)O[C@@H](C)[C@@H]1OC(=O)CC(C)C,CCCCCCC=CCCCCCCCC(=O)O[C@]1(C)C[C@H](O[C@H]2[C@H](N(C)C)[C@@H](O)[C@H](O[C@H]3[C@@H](CC=O)C[C@@H](C)C(=O)/C=C/C(C)=C/[C@H](CO[C@@H]4O[C@H](C)[C@@H](O)[C@@H](OC)[C@H]4OC)[C@@H](CC)OC(=O)C[C@@H](OC(C)=O)[C@@H]3C)O[C@@H]2C)O[C@@H](C)[C@@H]1OC(=O)CC(C)C,True,,-2.22,-1.519230604171753,-2.0461301803588867,-1.0881308317184448,38,16,22,1
tylvalosin,Tylvalosin (Ì©Íò¾úËØ),REF_TYLVALOSIN,repository_reference,O49_attached_to_C36,49,36,C,MPM00984,trans-vaccenic acid,CCCCCCC=CCCCCCCCCCC(=O)O,1,CCCCCCC=CCCCCCCCCCC(=O)O[C@]1(C)C[C@H](O[C@H]2[C@H](N(C)C)[C@@H](O)[C@H](O[C@H]3[C@@H](CC=O)C[C@@H](C)C(=O)/C=C/C(C)=C/[C@H](CO[C@@H]4O[C@H](C)[C@@H](O)[C@@H](OC)[C@H]4OC)[C@@H](CC)OC(=O)C[C@@H](OC(C)=O)[C@@H]3C)O[C@@H]2C)O[C@@H](C)[C@@H]1OC(=O)CC(C)C,CCCCCCC=CCCCCCCCCCC(=O)O[C@]1(C)C[C@H](O[C@H]2[C@H](N(C)C)[C@@H](O)[C@H](O[C@H]3[C@@H](CC=O)C[C@@H](C)C(=O)/C=C/C(C)=C/[C@H](CO[C@@H]4O[C@H](C)[C@@H](O)[C@@H](OC)[C@H]4OC)[C@@H](CC)OC(=O)C[C@@H](OC(C)=O)[C@@H]3C)O[C@@H]2C)O[C@@H](C)[C@@H]1OC(=O)CC(C)C,True,,-2.357,-1.536055088043213,-2.0756821632385254,-1.0945422649383545,38,16,22,1
tylvalosin,Tylvalosin (Ì©Íò¾úËØ),REF_TYLVALOSIN,repository_reference,O49_attached_to_C36,49,36,C,MPM00837,Octanoate,CCCCCCCC(=O)O,1,CCCCCCCC(=O)O[C@]1(C)C[C@H](O[C@H]2[C@H](N(C)C)[C@@H](O)[C@H](O[C@H]3[C@@H](CC=O)C[C@@H](C)C(=O)/C=C/C(C)=C/[C@H](CO[C@@H]4O[C@H](C)[C@@H](O)[C@@H](OC)[C@H]4OC)[C@@H](CC)OC(=O)C[C@@H](OC(C)=O)[C@@H]3C)O[C@@H]2C)O[C@@H](C)[C@@H]1OC(=O)CC(C)C,CCCCCCCC(=O)O[C@]1(C)C[C@H](O[C@H]2[C@H](N(C)C)[C@@H](O)[C@H](O[C@H]3[C@@H](CC=O)C[C@@H](C)C(=O)/C=C/C(C)=C/[C@H](CO[C@@H]4O[C@H](C)[C@@H](O)[C@@H](OC)[C@H]4OC)[C@@H](CC)OC(=O)C[C@@H](OC(C)=O)[C@@H]3C)O[C@@H]2C)O[C@@H](C)[C@@H]1OC(=O)CC(C)C,True,,-1.775,-1.891266107559204,-2.469613790512085,-1.4180725812911987,35,14,21,1
tylvalosin,Tylvalosin (Ì©Íò¾úËØ),REF_TYLVALOSIN,repository_reference,O49_attached_to_C36,49,36,C,MPM00293,3-Hydroxydecanoic acid,CCCCCCCC(O)CC(=O)O,1,CCCCCCCC(O)CC(=O)O[C@]1(C)C[C@H](O[C@H]2[C@H](N(C)C)[C@@H](O)[C@H](O[C@H]3[C@@H](CC=O)C[C@@H](C)C(=O)/C=C/C(C)=C/[C@H](CO[C@@H]4O[C@H](C)[C@@H](O)[C@@H](OC)[C@H]4OC)[C@@H](CC)OC(=O)C[C@@H](OC(C)=O)[C@@H]3C)O[C@@H]2C)O[C@@H](C)[C@@H]1OC(=O)CC(C)C,CCCCCCCC(O)CC(=O)O[C@]1(C)C[C@H](O[C@H]2[C@H](N(C)C)[C@@H](O)[C@H](O[C@H]3[C@@H](CC=O)C[C@@H](C)C(=O)/C=C/C(C)=C/[C@H](CO[C@@H]4O[C@H](C)[C@@H](O)[C@@H](OC)[C@H]4OC)[C@@H](CC)OC(=O)C[C@@H](OC(C)=O)[C@@H]3C)O[C@@H]2C)O[C@@H](C)[C@@H]1OC(=O)CC(C)C,True,,-2.026,-1.9064452648162842,-2.48846435546875,-1.4302481412887573,35,14,21,1
tylvalosin,Tylvalosin (Ì©Íò¾úËØ),REF_TYLVALOSIN,repository_reference,O49_attached_to_C36,49,36,C,MPM00859,Pelargonic acid,CCCCCCCCC(=O)O,1,CCCCCCCCC(=O)O[C@]1(C)C[C@H](O[C@H]2[C@H](N(C)C)[C@@H](O)[C@H](O[C@H]3[C@@H](CC=O)C[C@@H](C)C(=O)/C=C/C(C)=C/[C@H](CO[C@@H]4O[C@H](C)[C@@H](O)[C@@H](OC)[C@H]4OC)[C@@H](CC)OC(=O)C[C@@H](OC(C)=O)[C@@H]3C)O[C@@H]2C)O[C@@H](C)[C@@H]1OC(=O)CC(C)C,CCCCCCCCC(=O)O[C@]1(C)C[C@H](O[C@H]2[C@H](N(C)C)[C@@H](O)[C@H](O[C@H]3[C@@H](CC=O)C[C@@H](C)C(=O)/C=C/C(C)=C/[C@H](CO[C@@H]4O[C@H](C)[C@@H](O)[C@@H](OC)[C@H]4OC)[C@@H](CC)OC(=O)C[C@@H](OC(C)=O)[C@@H]3C)O[C@@H]2C)O[C@@H](C)[C@@H]1OC(=O)CC(C)C,True,,-1.815,-1.8891639709472656,-2.4695358276367188,-1.4143145084381104,35,14,21,1
tylvalosin,Tylvalosin (Ì©Íò¾úËØ),REF_TYLVALOSIN,repository_reference,O49_attached_to_C36,49,36,C,MPM00839,Oleic acid,CCCCCCCCC=CCCCCCCCC(=O)O,1,CCCCCCCCC=CCCCCCCCC(=O)O[C@]1(C)C[C@H](O[C@H]2[C@H](N(C)C)[C@@H](O)[C@H](O[C@H]3[C@@H](CC=O)C[C@@H](C)C(=O)/C=C/C(C)=C/[C@H](CO[C@@H]4O[C@H](C)[C@@H](O)[C@@H](OC)[C@H]4OC)[C@@H](CC)OC(=O)C[C@@H](OC(C)=O)[C@@H]3C)O[C@@H]2C)O[C@@H](C)[C@@H]1OC(=O)CC(C)C,CCCCCCCCC=CCCCCCCCC(=O)O[C@]1(C)C[C@H](O[C@H]2[C@H](N(C)C)[C@@H](O)[C@H](O[C@H]3[C@@H](CC=O)C[C@@H](C)C(=O)/C=C/C(C)=C/[C@H](CO[C@@H]4O[C@H](C)[C@@H](O)[C@@H](OC)[C@H]4OC)[C@@H](CC)OC(=O)C[C@@H](OC(C)=O)[C@@H]3C)O[C@@H]2C)O[C@@H](C)[C@@H]1OC(=O)CC(C)C,True,,-2.265,-1.5348564386367798,-2.073019027709961,-1.0945422649383545,38,16,22,1
tylvalosin,Tylvalosin (Ì©Íò¾úËØ),REF_TYLVALOSIN,repository_reference,O49_attached_to_C36,49,36,C,MPM00552,decanoate,CCCCCCCCCC(=O)O,1,CCCCCCCCCC(=O)O[C@]1(C)C[C@H](O[C@H]2[C@H](N(C)C)[C@@H](O)[C@H](O[C@H]3[C@@H](CC=O)C[C@@H](C)C(=O)/C=C/C(C)=C/[C@H](CO[C@@H]4O[C@H](C)[C@@H](O)[C@@H](OC)[C@H]4OC)[C@@H](CC)OC(=O)C[C@@H](OC(C)=O)[C@@H]3C)O[C@@H]2C)O[C@@H](C)[C@@H]1OC(=O)CC(C)C,CCCCCCCCCC(=O)O[C@]1(C)C[C@H](O[C@H]2[C@H](N(C)C)[C@@H](O)[C@H](O[C@H]3[C@@H](CC=O)C[C@@H](C)C(=O)/C=C/C(C)=C/[C@H](CO[C@@H]4O[C@H](C)[C@@H](O)[C@@H](OC)[C@H]4OC)[C@@H](CC)OC(=O)C[C@@H](OC(C)=O)[C@@H]3C)O[C@@H]2C)O[C@@H](C)[C@@H]1OC(=O)CC(C)C,True,,-1.853,-1.9268213510513306,-2.5203535556793213,-1.4412041902542114,35,14,21,1
tylvalosin,Tylvalosin (Ì©Íò¾úËØ),REF_TYLVALOSIN,repository_reference,O49_attached_to_C36,49,36,C,MPM00294,3-Hydroxydodecanoic acid,CCCCCCCCCC(O)CC(=O)O,1,CCCCCCCCCC(O)CC(=O)O[C@]1(C)C[C@H](O[C@H]2[C@H](N(C)C)[C@@H](O)[C@H](O[C@H]3[C@@H](CC=O)C[C@@H](C)C(=O)/C=C/C(C)=C/[C@H](CO[C@@H]4O[C@H](C)[C@@H](O)[C@@H](OC)[C@H]4OC)[C@@H](CC)OC(=O)C[C@@H](OC(C)=O)[C@@H]3C)O[C@@H]2C)O[C@@H](C)[C@@H]1OC(=O)CC(C)C,CCCCCCCCCC(O)CC(=O)O[C@]1(C)C[C@H](O[C@H]2[C@H](N(C)C)[C@@H](O)[C@H](O[C@H]3[C@@H](CC=O)C[C@@H](C)C(=O)/C=C/C(C)=C/[C@H](CO[C@@H]4O[C@H](C)[C@@H](O)[C@@H](OC)[C@H]4OC)[C@@H](CC)OC(=O)C[C@@H](OC(C)=O)[C@@H]3C)O[C@@H]2C)O[C@@H](C)[C@@H]1OC(=O)CC(C)C,True,,-2.105,-1.9564002752304077,-2.539513111114502,-1.4793074131011963,35,14,21,1
tylvalosin,Tylvalosin (Ì©Íò¾úËØ),REF_TYLVALOSIN,repository_reference,O49_attached_to_C36,49,36,C,MPM00606,dodecanoate,CCCCCCCCCCCC(=O)O,1,CCCCCCCCCCCC(=O)O[C@]1(C)C[C@H](O[C@H]2[C@H](N(C)C)[C@@H](O)[C@H](O[C@H]3[C@@H](CC=O)C[C@@H](C)C(=O)/C=C/C(C)=C/[C@H](CO[C@@H]4O[C@H](C)[C@@H](O)[C@@H](OC)[C@H]4OC)[C@@H](CC)OC(=O)C[C@@H](OC(C)=O)[C@@H]3C)O[C@@H]2C)O[C@@H](C)[C@@H]1OC(=O)CC(C)C,CCCCCCCCCCCC(=O)O[C@]1(C)C[C@H](O[C@H]2[C@H](N(C)C)[C@@H](O)[C@H](O[C@H]3[C@@H](CC=O)C[C@@H](C)C(=O)/C=C/C(C)=C/[C@H](CO[C@@H]4O[C@H](C)[C@@H](O)[C@@H](OC)[C@H]4OC)[C@@H](CC)OC(=O)C[C@@H](OC(C)=O)[C@@H]3C)O[C@@H]2C)O[C@@H](C)[C@@H]1OC(=O)CC(C)C,True,,-1.932,-1.9927173852920532,-2.602872610092163,-1.4934992790222168,35,14,21,1
tylvalosin,Tylvalosin (Ì©Íò¾úËØ),REF_TYLVALOSIN,repository_reference,O49_attached_to_C36,49,36,C,MPM00305,3-Hydroxytetradecanoic acid,CCCCCCCCCCCC(O)CC(=O)O,1,CCCCCCCCCCCC(O)CC(=O)O[C@]1(C)C[C@H](O[C@H]2[C@H](N(C)C)[C@@H](O)[C@H](O[C@H]3[C@@H](CC=O)C[C@@H](C)C(=O)/C=C/C(C)=C/[C@H](CO[C@@H]4O[C@H](C)[C@@H](O)[C@@H](OC)[C@H]4OC)[C@@H](CC)OC(=O)C[C@@H](OC(C)=O)[C@@H]3C)O[C@@H]2C)O[C@@H](C)[C@@H]1OC(=O)CC(C)C,CCCCCCCCCCCC(O)CC(=O)O[C@]1(C)C[C@H](O[C@H]2[C@H](N(C)C)[C@@H](O)[C@H](O[C@H]3[C@@H](CC=O)C[C@@H](C)C(=O)/C=C/C(C)=C/[C@H](CO[C@@H]4O[C@H](C)[C@@H](O)[C@@H](OC)[C@H]4OC)[C@@H](CC)OC(=O)C[C@@H](OC(C)=O)[C@@H]3C)O[C@@H]2C)O[C@@H](C)[C@@H]1OC(=O)CC(C)C,True,,-2.183,-2.014432191848755,-2.612924098968506,-1.5247561931610107,35,14,21,1
tylvalosin,Tylvalosin (Ì©Íò¾úËØ),REF_TYLVALOSIN,repository_reference,O49_attached_to_C36,49,36,C,MPM00864,Petroselaidic acid,CCCCCCCCCCCC=CCCCCC(=O)O,1,CCCCCCCCCCCC=CCCCCC(=O)O[C@]1(C)C[C@H](O[C@H]2[C@H](N(C)C)[C@@H](O)[C@H](O[C@H]3[C@@H](CC=O)C[C@@H](C)C(=O)/C=C/C(C)=C/[C@H](CO[C@@H]4O[C@H](C)[C@@H](O)[C@@H](OC)[C@H]4OC)[C@@H](CC)OC(=O)C[C@@H](OC(C)=O)[C@@H]3C)O[C@@H]2C)O[C@@H](C)[C@@H]1OC(=O)CC(C)C,CCCCCCCCCCCC=CCCCCC(=O)O[C@]1(C)C[C@H](O[C@H]2[C@H](N(C)C)[C@@H](O)[C@H](O[C@H]3[C@@H](CC=O)C[C@@H](C)C(=O)/C=C/C(C)=C/[C@H](CO[C@@H]4O[C@H](C)[C@@H](O)[C@@H](OC)[C@H]4OC)[C@@H](CC)OC(=O)C[C@@H](OC(C)=O)[C@@H]3C)O[C@@H]2C)O[C@@H](C)[C@@H]1OC(=O)CC(C)C,True,,-2.192,-1.5525949001312256,-2.096358299255371,-1.1076973676681519,38,16,22,1
tylvalosin,Tylvalosin (Ì©Íò¾úËØ),REF_TYLVALOSIN,repository_reference,O49_attached_to_C36,49,36,C,MPM00967,tetradecanoate,CCCCCCCCCCCCCC(=O)O,1,CCCCCCCCCCCCCC(=O)O[C@]1(C)C[C@H](O[C@H]2[C@H](N(C)C)[C@@H](O)[C@H](O[C@H]3[C@@H](CC=O)C[C@@H](C)C(=O)/C=C/C(C)=C/[C@H](CO[C@@H]4O[C@H](C)[C@@H](O)[C@@H](OC)[C@H]4OC)[C@@H](CC)OC(=O)C[C@@H](OC(C)=O)[C@@H]3C)O[C@@H]2C)O[C@@H](C)[C@@H]1OC(=O)CC(C)C,CCCCCCCCCCCCCC(=O)O[C@]1(C)C[C@H](O[C@H]2[C@H](N(C)C)[C@@H](O)[C@H](O[C@H]3[C@@H](CC=O)C[C@@H](C)C(=O)/C=C/C(C)=C/[C@H](CO[C@@H]4O[C@H](C)[C@@H](O)[C@@H](OC)[C@H]4OC)[C@@H](CC)OC(=O)C[C@@H](OC(C)=O)[C@@H]3C)O[C@@H]2C)O[C@@H](C)[C@@H]1OC(=O)CC(C)C,True,,-2.011,-1.9762649536132812,-2.598691463470459,-1.4670065641403198,35,14,21,1
tylvalosin,Tylvalosin (Ì©Íò¾úËØ),REF_TYLVALOSIN,repository_reference,O49_attached_to_C36,49,36,C,MPM00296,3-Hydroxyhexadecanoic acid,CCCCCCCCCCCCCC(O)CC(=O)O,1,CCCCCCCCCCCCCC(O)CC(=O)O[C@]1(C)C[C@H](O[C@H]2[C@H](N(C)C)[C@@H](O)[C@H](O[C@H]3[C@@H](CC=O)C[C@@H](C)C(=O)/C=C/C(C)=C/[C@H](CO[C@@H]4O[C@H](C)[C@@H](O)[C@@H](OC)[C@H]4OC)[C@@H](CC)OC(=O)C[C@@H](OC(C)=O)[C@@H]3C)O[C@@H]2C)O[C@@H](C)[C@@H]1OC(=O)CC(C)C,CCCCCCCCCCCCCC(O)CC(=O)O[C@]1(C)C[C@H](O[C@H]2[C@H](N(C)C)[C@@H](O)[C@H](O[C@H]3[C@@H](CC=O)C[C@@H](C)C(=O)/C=C/C(C)=C/[C@H](CO[C@@H]4O[C@H](C)[C@@H](O)[C@@H](OC)[C@H]4OC)[C@@H](CC)OC(=O)C[C@@H](OC(C)=O)[C@@H]3C)O[C@@H]2C)O[C@@H](C)[C@@H]1OC(=O)CC(C)C,True,,-2.262,-1.9856293201446533,-2.591247081756592,-1.4901236295700073,35,14,21,1
tylvalosin,Tylvalosin (Ì©Íò¾úËØ),REF_TYLVALOSIN,repository_reference,O49_attached_to_C36,49,36,C,MPM00511,Cetylic acid,CCCCCCCCCCCCCCCC(=O)O,1,CCCCCCCCCCCCCCCC(=O)O[C@]1(C)C[C@H](O[C@H]2[C@H](N(C)C)[C@@H](O)[C@H](O[C@H]3[C@@H](CC=O)C[C@@H](C)C(=O)/C=C/C(C)=C/[C@H](CO[C@@H]4O[C@H](C)[C@@H](O)[C@@H](OC)[C@H]4OC)[C@@H](CC)OC(=O)C[C@@H](OC(C)=O)[C@@H]3C)O[C@@H]2C)O[C@@H](C)[C@@H]1OC(=O)CC(C)C,CCCCCCCCCCCCCCCC(=O)O[C@]1(C)C[C@H](O[C@H]2[C@H](N(C)C)[C@@H](O)[C@H](O[C@H]3[C@@H](CC=O)C[C@@H](C)C(=O)/C=C/C(C)=C/[C@H](CO[C@@H]4O[C@H](C)[C@@H](O)[C@@H](OC)[C@H]4OC)[C@@H](CC)OC(=O)C[C@@H](OC(C)=O)[C@@H]3C)O[C@@H]2C)O[C@@H](C)[C@@H]1OC(=O)CC(C)C,True,,-2.09,-2.0218474864959717,-2.6487016677856445,-1.5089670419692993,35,14,21,1
tylvalosin,Tylvalosin (Ì©Íò¾úËØ),REF_TYLVALOSIN,repository_reference,O49_attached_to_C36,49,36,C,MPM00955,Stearic acid,CCCCCCCCCCCCCCCCCC(=O)O,1,CCCCCCCCCCCCCCCCCC(=O)O[C@]1(C)C[C@H](O[C@H]2[C@H](N(C)C)[C@@H](O)[C@H](O[C@H]3[C@@H](CC=O)C[C@@H](C)C(=O)/C=C/C(C)=C/[C@H](CO[C@@H]4O[C@H](C)[C@@H](O)[C@@H](OC)[C@H]4OC)[C@@H](CC)OC(=O)C[C@@H](OC(C)=O)[C@@H]3C)O[C@@H]2C)O[C@@H](C)[C@@H]1OC(=O)CC(C)C,CCCCCCCCCCCCCCCCCC(=O)O[C@]1(C)C[C@H](O[C@H]2[C@H](N(C)C)[C@@H](O)[C@H](O[C@H]3[C@@H](CC=O)C[C@@H](C)C(=O)/C=C/C(C)=C/[C@H](CO[C@@H]4O[C@H](C)[C@@H](O)[C@@H](OC)[C@H]4OC)[C@@H](CC)OC(=O)C[C@@H](OC(C)=O)[C@@H]3C)O[C@@H]2C)O[C@@H](C)[C@@H]1OC(=O)CC(C)C,True,,-2.169,-2.0234522819519043,-2.6503806114196777,-1.5105111598968506,35,14,21,1
tylvalosin,Tylvalosin (Ì©Íò¾úËØ),REF_TYLVALOSIN,repository_reference,O49_attached_to_C36,49,36,C,MPM01526,N-Methylglycine,CNCC(=O)O,1,CC[C@H]1OC(=O)C[C@@H](OC(C)=O)[C@H](C)[C@@H](O[C@@H]2O[C@H](C)[C@@H](O[C@H]3C[C@@](C)(OC(=O)CNC)[C@@H](OC(=O)CC(C)C)[C@H](C)O3)[C@H](N(C)C)[C@H]2O)[C@@H](CC=O)C[C@@H](C)C(=O)/C=C/C(C)=C/[C@@H]1CO[C@@H]1O[C@H](C)[C@@H](O)[C@@H](OC)[C@H]1OC,CC[C@H]1OC(=O)C[C@@H](OC(C)=O)[C@H](C)[C@@H](O[C@@H]2O[C@H](C)[C@@H](O[C@H]3C[C@@](C)(OC(=O)CNC)[C@@H](OC(=O)CC(C)C)[C@H](C)O3)[C@H](N(C)C)[C@H]2O)[C@@H](CC=O)C[C@@H](C)C(=O)/C=C/C(C)=C/[C@@H]1CO[C@@H]1O[C@H](C)[C@@H](O)[C@@H](OC)[C@H]1OC,True,,-1.19,-1.8438304662704468,-2.3977015018463135,-1.3906632661819458,36,15,21,1
tylvalosin,Tylvalosin (Ì©Íò¾úËØ),REF_TYLVALOSIN,repository_reference,O49_attached_to_C36,49,36,C,MPM00346,4-Hydroxy-3-methoxycinnamate,COc1cc(C=CC(=O)O)ccc1O,1,CC[C@H]1OC(=O)C[C@@H](OC(C)=O)[C@H](C)[C@@H](O[C@@H]2O[C@H](C)[C@@H](O[C@H]3C[C@@](C)(OC(=O)C=Cc4ccc(O)c(OC)c4)[C@@H](OC(=O)CC(C)C)[C@H](C)O3)[C@H](N(C)C)[C@H]2O)[C@@H](CC=O)C[C@@H](C)C(=O)/C=C/C(C)=C/[C@@H]1CO[C@@H]1O[C@H](C)[C@@H](O)[C@@H](OC)[C@H]1OC,CC[C@H]1OC(=O)C[C@@H](OC(C)=O)[C@H](C)[C@@H](O[C@@H]2O[C@H](C)[C@@H](O[C@H]3C[C@@](C)(OC(=O)C=Cc4ccc(O)c(OC)c4)[C@@H](OC(=O)CC(C)C)[C@H](C)O3)[C@H](N(C)C)[C@H]2O)[C@@H](CC=O)C[C@@H](C)C(=O)/C=C/C(C)=C/[C@@H]1CO[C@@H]1O[C@H](C)[C@@H](O)[C@@H](OC)[C@H]1OC,True,,-0.856,-1.765416145324707,-2.374689817428589,-1.2669196128845215,37,15,22,1
tylvalosin,Tylvalosin (Ì©Íò¾úËØ),REF_TYLVALOSIN,repository_reference,O49_attached_to_C36,49,36,C,MPM01482,L-Methionine (R)-S-oxide,CS(=O)CCC(N)C(=O)O,1,CC[C@H]1OC(=O)C[C@@H](OC(C)=O)[C@H](C)[C@@H](O[C@@H]2O[C@H](C)[C@@H](O[C@H]3C[C@@](C)(OC(=O)C(N)CCS(C)=O)[C@@H](OC(=O)CC(C)C)[C@H](C)O3)[C@H](N(C)C)[C@H]2O)[C@@H](CC=O)C[C@@H](C)C(=O)/C=C/C(C)=C/[C@@H]1CO[C@@H]1O[C@H](C)[C@@H](O)[C@@H](OC)[C@H]1OC,CC[C@H]1OC(=O)C[C@@H](OC(C)=O)[C@H](C)[C@@H](O[C@@H]2O[C@H](C)[C@@H](O[C@H]3C[C@@](C)(OC(=O)C(N)CCS(C)=O)[C@@H](OC(=O)CC(C)C)[C@H](C)O3)[C@H](N(C)C)[C@H]2O)[C@@H](CC=O)C[C@@H](C)C(=O)/C=C/C(C)=C/[C@@H]1CO[C@@H]1O[C@H](C)[C@@H](O)[C@@H](OC)[C@H]1OC,True,,-1.656,-1.75392484664917,-2.333742380142212,-1.279529094696045,38,16,22,1
tylvalosin,Tylvalosin (Ì©Íò¾úËØ),REF_TYLVALOSIN,repository_reference,O49_attached_to_C36,49,36,C,MPM01356,D-2-Amino-4-(methylthio)butyric acid,CSCCC(N)C(=O)O,1,CC[C@H]1OC(=O)C[C@@H](OC(C)=O)[C@H](C)[C@@H](O[C@@H]2O[C@H](C)[C@@H](O[C@H]3C[C@@](C)(OC(=O)C(N)CCSC)[C@@H](OC(=O)CC(C)C)[C@H](C)O3)[C@H](N(C)C)[C@H]2O)[C@@H](CC=O)C[C@@H](C)C(=O)/C=C/C(C)=C/[C@@H]1CO[C@@H]1O[C@H](C)[C@@H](O)[C@@H](OC)[C@H]1OC,CC[C@H]1OC(=O)C[C@@H](OC(C)=O)[C@H](C)[C@@H](O[C@@H]2O[C@H](C)[C@@H](O[C@H]3C[C@@](C)(OC(=O)C(N)CCSC)[C@@H](OC(=O)CC(C)C)[C@H](C)O3)[C@H](N(C)C)[C@H]2O)[C@@H](CC=O)C[C@@H](C)C(=O)/C=C/C(C)=C/[C@@H]1CO[C@@H]1O[C@H](C)[C@@H](O)[C@@H](OC)[C@H]1OC,True,,-1.856,-1.830026388168335,-2.460904359817505,-1.3138536214828491,37,15,22,1
tylvalosin,Tylvalosin (Ì©Íò¾úËØ),REF_TYLVALOSIN,repository_reference,O49_attached_to_C36,49,36,C,MPM00678,Glycylmethionine,CSCCC(NC(=O)CN)C(=O)O,1,CC[C@H]1OC(=O)C[C@@H](OC(C)=O)[C@H](C)[C@@H](O[C@@H]2O[C@H](C)[C@@H](O[C@H]3C[C@@](C)(OC(=O)C(CCSC)NC(=O)CN)[C@@H](OC(=O)CC(C)C)[C@H](C)O3)[C@H](N(C)C)[C@H]2O)[C@@H](CC=O)C[C@@H](C)C(=O)/C=C/C(C)=C/[C@@H]1CO[C@@H]1O[C@H](C)[C@@H](O)[C@@H](OC)[C@H]1OC,CC[C@H]1OC(=O)C[C@@H](OC(C)=O)[C@H](C)[C@@H](O[C@@H]2O[C@H](C)[C@@H](O[C@H]3C[C@@](C)(OC(=O)C(CCSC)NC(=O)CN)[C@@H](OC(=O)CC(C)C)[C@H](C)O3)[C@H](N(C)C)[C@H]2O)[C@@H](CC=O)C[C@@H](C)C(=O)/C=C/C(C)=C/[C@@H]1CO[C@@H]1O[C@H](C)[C@@H](O)[C@@H](OC)[C@H]1OC,True,,-1.633,-1.6597545146942139,-2.2348616123199463,-1.1892123222351074,38,17,21,1
tylvalosin,Tylvalosin (Ì©Íò¾úËØ),REF_TYLVALOSIN,repository_reference,O49_attached_to_C36,49,36,C,MPM01143,2-Aminosuccinamic acid,NC(=O)CC(N)C(=O)O,1,CC[C@H]1OC(=O)C[C@@H](OC(C)=O)[C@H](C)[C@@H](O[C@@H]2O[C@H](C)[C@@H](O[C@H]3C[C@@](C)(OC(=O)C(N)CC(N)=O)[C@@H](OC(=O)CC(C)C)[C@H](C)O3)[C@H](N(C)C)[C@H]2O)[C@@H](CC=O)C[C@@H](C)C(=O)/C=C/C(C)=C/[C@@H]1CO[C@@H]1O[C@H](C)[C@@H](O)[C@@H](OC)[C@H]1OC,CC[C@H]1OC(=O)C[C@@H](OC(C)=O)[C@H](C)[C@@H](O[C@@H]2O[C@H](C)[C@@H](O[C@H]3C[C@@](C)(OC(=O)C(N)CC(N)=O)[C@@H](OC(=O)CC(C)C)[C@H](C)O3)[C@H](N(C)C)[C@H]2O)[C@@H](CC=O)C[C@@H](C)C(=O)/C=C/C(C)=C/[C@@H]1CO[C@@H]1O[C@H](C)[C@@H](O)[C@@H](OC)[C@H]1OC,True,,-1.19,-1.9789272546768188,-2.5295040607452393,-1.528455376625061,35,15,20,1
tylvalosin,Tylvalosin (Ì©Íò¾úËØ),REF_TYLVALOSIN,repository_reference,O49_attached_to_C36,49,36,C,MPM01464,L-2-Aminoglutaramic acid,NC(=O)CCC(N)C(=O)O,1,CC[C@H]1OC(=O)C[C@@H](OC(C)=O)[C@H](C)[C@@H](O[C@@H]2O[C@H](C)[C@@H](O[C@H]3C[C@@](C)(OC(=O)C(N)CCC(N)=O)[C@@H](OC(=O)CC(C)C)[C@H](C)O3)[C@H](N(C)C)[C@H]2O)[C@@H](CC=O)C[C@@H](C)C(=O)/C=C/C(C)=C/[C@@H]1CO[C@@H]1O[C@H](C)[C@@H](O)[C@@H](OC)[C@H]1OC,CC[C@H]1OC(=O)C[C@@H](OC(C)=O)[C@H](C)[C@@H](O[C@@H]2O[C@H](C)[C@@H](O[C@H]3C[C@@](C)(OC(=O)C(N)CCC(N)=O)[C@@H](OC(=O)CC(C)C)[C@H](C)O3)[C@H](N(C)C)[C@H]2O)[C@@H](CC=O)C[C@@H](C)C(=O)/C=C/C(C)=C/[C@@H]1CO[C@@H]1O[C@H](C)[C@@H](O)[C@@H](OC)[C@H]1OC,True,,-1.262,-1.9793479442596436,-2.547584056854248,-1.5144273042678833,35,15,20,1
tylvalosin,Tylvalosin (Ì©Íò¾úËØ),REF_TYLVALOSIN,repository_reference,O49_attached_to_C36,49,36,C,MPM00951,S-Succinyldihydrolipoamide,NC(=O)CCCCC(S)CCSC(=O)CCC(=O)O,1,CC[C@H]1OC(=O)C[C@@H](OC(C)=O)[C@H](C)[C@@H](O[C@@H]2O[C@H](C)[C@@H](O[C@H]3C[C@@](C)(OC(=O)CCC(=O)SCCC(S)CCCCC(N)=O)[C@@H](OC(=O)CC(C)C)[C@H](C)O3)[C@H](N(C)C)[C@H]2O)[C@@H](CC=O)C[C@@H](C)C(=O)/C=C/C(C)=C/[C@@H]1CO[C@@H]1O[C@H](C)[C@@H](O)[C@@H](OC)[C@H]1OC,CC[C@H]1OC(=O)C[C@@H](OC(C)=O)[C@H](C)[C@@H](O[C@@H]2O[C@H](C)[C@@H](O[C@H]3C[C@@](C)(OC(=O)CCC(=O)SCCC(S)CCCCC(N)=O)[C@@H](OC(=O)CC(C)C)[C@H](C)O3)[C@H](N(C)C)[C@H]2O)[C@@H](CC=O)C[C@@H](C)C(=O)/C=C/C(C)=C/[C@@H]1CO[C@@H]1O[C@H](C)[C@@H](O)[C@@H](OC)[C@H]1OC,True,,-4.207,-1.5656218528747559,-2.090956687927246,-1.135802149772644,38,16,22,1
tylvalosin,Tylvalosin (Ì©Íò¾úËØ),REF_TYLVALOSIN,repository_reference,O49_attached_to_C36,49,36,C,MPM00444,Allophanic acid,NC(=O)NC(=O)O,1,CC[C@H]1OC(=O)C[C@@H](OC(C)=O)[C@H](C)[C@@H](O[C@@H]2O[C@H](C)[C@@H](O[C@H]3C[C@@](C)(OC(=O)NC(N)=O)[C@@H](OC(=O)CC(C)C)[C@H](C)O3)[C@H](N(C)C)[C@H]2O)[C@@H](CC=O)C[C@@H](C)C(=O)/C=C/C(C)=C/[C@@H]1CO[C@@H]1O[C@H](C)[C@@H](O)[C@@H](OC)[C@H]1OC,CC[C@H]1OC(=O)C[C@@H](OC(C)=O)[C@H](C)[C@@H](O[C@@H]2O[C@H](C)[C@@H](O[C@H]3C[C@@](C)(OC(=O)NC(N)=O)[C@@H](OC(=O)CC(C)C)[C@H](C)O3)[C@H](N(C)C)[C@H]2O)[C@@H](CC=O)C[C@@H](C)C(=O)/C=C/C(C)=C/[C@@H]1CO[C@@H]1O[C@H](C)[C@@H](O)[C@@H](OC)[C@H]1OC,True,,-1.977,-2.3218486309051514,-2.9331274032592773,-1.8217120170593262,32,12,20,1
tylvalosin,Tylvalosin (Ì©Íò¾úËØ),REF_TYLVALOSIN,repository_reference,O49_attached_to_C36,49,36,C,MPM00442,Allantoic acid,NC(=O)NC(NC(N)=O)C(=O)O,1,CC[C@H]1OC(=O)C[C@@H](OC(C)=O)[C@H](C)[C@@H](O[C@@H]2O[C@H](C)[C@@H](O[C@H]3C[C@@](C)(OC(=O)C(NC(N)=O)NC(N)=O)[C@@H](OC(=O)CC(C)C)[C@H](C)O3)[C@H](N(C)C)[C@H]2O)[C@@H](CC=O)C[C@@H](C)C(=O)/C=C/C(C)=C/[C@@H]1CO[C@@H]1O[C@H](C)[C@@H](O)[C@@H](OC)[C@H]1OC,CC[C@H]1OC(=O)C[C@@H](OC(C)=O)[C@H](C)[C@@H](O[C@@H]2O[C@H](C)[C@@H](O[C@H]3C[C@@](C)(OC(=O)C(NC(N)=O)NC(N)=O)[C@@H](OC(=O)CC(C)C)[C@H](C)O3)[C@H](N(C)C)[C@H]2O)[C@@H](CC=O)C[C@@H](C)C(=O)/C=C/C(C)=C/[C@@H]1CO[C@@H]1O[C@H](C)[C@@H](O)[C@@H](OC)[C@H]1OC,True,,-2.256,-1.7930740118026733,-2.311040163040161,-1.369283676147461,36,16,20,1
tylvalosin,Tylvalosin (Ì©Íò¾úËØ),REF_TYLVALOSIN,repository_reference,O49_attached_to_C36,49,36,C,MPM00004,(-)-Ureidoglycolate,NC(=O)NC(O)C(=O)O,1,CC[C@H]1OC(=O)C[C@@H](OC(C)=O)[C@H](C)[C@@H](O[C@@H]2O[C@H](C)[C@@H](O[C@H]3C[C@@](C)(OC(=O)C(O)NC(N)=O)[C@@H](OC(=O)CC(C)C)[C@H](C)O3)[C@H](N(C)C)[C@H]2O)[C@@H](CC=O)C[C@@H](C)C(=O)/C=C/C(C)=C/[C@@H]1CO[C@@H]1O[C@H](C)[C@@H](O)[C@@H](OC)[C@H]1OC,CC[C@H]1OC(=O)C[C@@H](OC(C)=O)[C@H](C)[C@@H](O[C@@H]2O[C@H](C)[C@@H](O[C@H]3C[C@@](C)(OC(=O)C(O)NC(N)=O)[C@@H](OC(=O)CC(C)C)[C@H](C)O3)[C@H](N(C)C)[C@H]2O)[C@@H](CC=O)C[C@@H](C)C(=O)/C=C/C(C)=C/[C@@H]1CO[C@@H]1O[C@H](C)[C@@H](O)[C@@H](OC)[C@H]1OC,True,,-1.888,-2.2368907928466797,-2.792487144470215,-1.7823125123977661,34,14,20,1
tylvalosin,Tylvalosin (Ì©Íò¾úËØ),REF_TYLVALOSIN,repository_reference,O49_attached_to_C36,49,36,C,MPM00254,2-Oxo-4-hydroxy-4-carboxy-5-ureidoimidazoline,NC(=O)NC1=NC(=O)NC1(O)C(=O)O,1,CC[C@H]1OC(=O)C[C@@H](OC(C)=O)[C@H](C)[C@@H](O[C@@H]2O[C@H](C)[C@@H](O[C@H]3C[C@@](C)(OC(=O)C4(O)NC(=O)N=C4NC(N)=O)[C@@H](OC(=O)CC(C)C)[C@H](C)O3)[C@H](N(C)C)[C@H]2O)[C@@H](CC=O)C[C@@H](C)C(=O)/C=C/C(C)=C/[C@@H]1CO[C@@H]1O[C@H](C)[C@@H](O)[C@@H](OC)[C@H]1OC,CC[C@H]1OC(=O)C[C@@H](OC(C)=O)[C@H](C)[C@@H](O[C@@H]2O[C@H](C)[C@@H](O[C@H]3C[C@@](C)(OC(=O)C4(O)NC(=O)N=C4NC(N)=O)[C@@H](OC(=O)CC(C)C)[C@H](C)O3)[C@H](N(C)C)[C@H]2O)[C@@H](CC=O)C[C@@H](C)C(=O)/C=C/C(C)=C/[C@@H]1CO[C@@H]1O[C@H](C)[C@@H](O)[C@@H](OC)[C@H]1OC,True,,-2.485,-1.7268421649932861,-2.1492061614990234,-1.3812717199325562,37,15,22,1
tylvalosin,Tylvalosin (Ì©Íò¾úËØ),REF_TYLVALOSIN,repository_reference,O49_attached_to_C36,49,36,C,MPM00815,N-Carbamoyl-beta-alanine,NC(=O)NCCC(=O)O,1,CC[C@H]1OC(=O)C[C@@H](OC(C)=O)[C@H](C)[C@@H](O[C@@H]2O[C@H](C)[C@@H](O[C@H]3C[C@@](C)(OC(=O)CCNC(N)=O)[C@@H](OC(=O)CC(C)C)[C@H](C)O3)[C@H](N(C)C)[C@H]2O)[C@@H](CC=O)C[C@@H](C)C(=O)/C=C/C(C)=C/[C@@H]1CO[C@@H]1O[C@H](C)[C@@H](O)[C@@H](OC)[C@H]1OC,CC[C@H]1OC(=O)C[C@@H](OC(C)=O)[C@H](C)[C@@H](O[C@@H]2O[C@H](C)[C@@H](O[C@H]3C[C@@](C)(OC(=O)CCNC(N)=O)[C@@H](OC(=O)CC(C)C)[C@H](C)O3)[C@H](N(C)C)[C@H]2O)[C@@H](CC=O)C[C@@H](C)C(=O)/C=C/C(C)=C/[C@@H]1CO[C@@H]1O[C@H](C)[C@@H](O)[C@@H](OC)[C@H]1OC,True,,-1.738,-1.8777202367782593,-2.4208285808563232,-1.433359146118164,35,15,20,1
tylvalosin,Tylvalosin (Ì©Íò¾úËØ),REF_TYLVALOSIN,repository_reference,O49_attached_to_C36,49,36,C,MPM01334,Citrulline,NC(=O)NCCCC(N)C(=O)O,1,CC[C@H]1OC(=O)C[C@@H](OC(C)=O)[C@H](C)[C@@H](O[C@@H]2O[C@H](C)[C@@H](O[C@H]3C[C@@](C)(OC(=O)C(N)CCCNC(N)=O)[C@@H](OC(=O)CC(C)C)[C@H](C)O3)[C@H](N(C)C)[C@H]2O)[C@@H](CC=O)C[C@@H](C)C(=O)/C=C/C(C)=C/[C@@H]1CO[C@@H]1O[C@H](C)[C@@H](O)[C@@H](OC)[C@H]1OC,CC[C@H]1OC(=O)C[C@@H](OC(C)=O)[C@H](C)[C@@H](O[C@@H]2O[C@H](C)[C@@H](O[C@H]3C[C@@](C)(OC(=O)C(N)CCCNC(N)=O)[C@@H](OC(=O)CC(C)C)[C@H](C)O3)[C@H](N(C)C)[C@H]2O)[C@@H](CC=O)C[C@@H](C)C(=O)/C=C/C(C)=C/[C@@H]1CO[C@@H]1O[C@H](C)[C@@H](O)[C@@H](OC)[C@H]1OC,True,,-1.633,-1.795741081237793,-2.3567616939544678,-1.3367242813110352,36,15,21,1
tylvalosin,Tylvalosin (Ì©Íò¾úËØ),REF_TYLVALOSIN,repository_reference,O49_attached_to_C36,49,36,C,MPM01438,Hydroxythreonine,NC(C(=O)O)C(O)CO,1,CC[C@H]1OC(=O)C[C@@H](OC(C)=O)[C@H](C)[C@@H](O[C@@H]2O[C@H](C)[C@@H](O[C@H]3C[C@@](C)(OC(=O)C(N)C(O)CO)[C@@H](OC(=O)CC(C)C)[C@H](C)O3)[C@H](N(C)C)[C@H]2O)[C@@H](CC=O)C[C@@H](C)C(=O)/C=C/C(C)=C/[C@@H]1CO[C@@H]1O[C@H](C)[C@@H](O)[C@@H](OC)[C@H]1OC,CC[C@H]1OC(=O)C[C@@H](OC(C)=O)[C@H](C)[C@@H](O[C@@H]2O[C@H](C)[C@@H](O[C@H]3C[C@@](C)(OC(=O)C(N)C(O)CO)[C@@H](OC(=O)CC(C)C)[C@H](C)O3)[C@H](N(C)C)[C@H]2O)[C@@H](CC=O)C[C@@H](C)C(=O)/C=C/C(C)=C/[C@@H]1CO[C@@H]1O[C@H](C)[C@@H](O)[C@@H](OC)[C@H]1OC,True,,-1.615,-1.7598260641098022,-2.300875663757324,-1.3171491622924805,36,15,21,1
tylvalosin,Tylvalosin (Ì©Íò¾úËØ),REF_TYLVALOSIN,repository_reference,O49_attached_to_C36,49,36,C,MPM00363,4-Phosphooxy-L-threonine,NC(C(=O)O)C(O)COP(=O)(O)O,1,CC[C@H]1OC(=O)C[C@@H](OC(C)=O)[C@H](C)[C@@H](O[C@@H]2O[C@H](C)[C@@H](O[C@H]3C[C@@](C)(OC(=O)C(N)C(O)COP(=O)(O)O)[C@@H](OC(=O)CC(C)C)[C@H](C)O3)[C@H](N(C)C)[C@H]2O)[C@@H](CC=O)C[C@@H](C)C(=O)/C=C/C(C)=C/[C@@H]1CO[C@@H]1O[C@H](C)[C@@H](O)[C@@H](OC)[C@H]1OC,CC[C@H]1OC(=O)C[C@@H](OC(C)=O)[C@H](C)[C@@H](O[C@@H]2O[C@H](C)[C@@H](O[C@H]3C[C@@](C)(OC(=O)C(N)C(O)COP(=O)(O)O)[C@@H](OC(=O)CC(C)C)[C@H](C)O3)[C@H](N(C)C)[C@H]2O)[C@@H](CC=O)C[C@@H](C)C(=O)/C=C/C(C)=C/[C@@H]1CO[C@@H]1O[C@H](C)[C@@H](O)[C@@H](OC)[C@H]1OC,True,,-1.71,-1.7545111179351807,-2.269263505935669,-1.3333499431610107,38,16,22,1
tylvalosin,Tylvalosin (Ì©Íò¾úËØ),REF_TYLVALOSIN,repository_reference,O49_attached_to_C36,49,36,C,MPM01144,2-Ammoniomalonate semialdehyde,NC(C=O)C(=O)O,1,CC[C@H]1OC(=O)C[C@@H](OC(C)=O)[C@H](C)[C@@H](O[C@@H]2O[C@H](C)[C@@H](O[C@H]3C[C@@](C)(OC(=O)C(N)C=O)[C@@H](OC(=O)CC(C)C)[C@H](C)O3)[C@H](N(C)C)[C@H]2O)[C@@H](CC=O)C[C@@H](C)C(=O)/C=C/C(C)=C/[C@@H]1CO[C@@H]1O[C@H](C)[C@@H](O)[C@@H](OC)[C@H]1OC,CC[C@H]1OC(=O)C[C@@H](OC(C)=O)[C@H](C)[C@@H](O[C@@H]2O[C@H](C)[C@@H](O[C@H]3C[C@@](C)(OC(=O)C(N)C=O)[C@@H](OC(=O)CC(C)C)[C@H](C)O3)[C@H](N(C)C)[C@H]2O)[C@@H](CC=O)C[C@@H](C)C(=O)/C=C/C(C)=C/[C@@H]1CO[C@@H]1O[C@H](C)[C@@H](O)[C@@H](OC)[C@H]1OC,True,,-1.487,-2.0703859329223633,-2.612182140350342,-1.627098560333252,35,14,21,1
tylvalosin,Tylvalosin (Ì©Íò¾úËØ),REF_TYLVALOSIN,repository_reference,O49_attached_to_C36,49,36,C,MPM01475,L-Glutamate 1-semialdehyde,NC(C=O)CCC(=O)O,1,CC[C@H]1OC(=O)C[C@@H](OC(C)=O)[C@H](C)[C@@H](O[C@@H]2O[C@H](C)[C@@H](O[C@H]3C[C@@](C)(OC(=O)CCC(N)C=O)[C@@H](OC(=O)CC(C)C)[C@H](C)O3)[C@H](N(C)C)[C@H]2O)[C@@H](CC=O)C[C@@H](C)C(=O)/C=C/C(C)=C/[C@@H]1CO[C@@H]1O[C@H](C)[C@@H](O)[C@@H](OC)[C@H]1OC,CC[C@H]1OC(=O)C[C@@H](OC(C)=O)[C@H](C)[C@@H](O[C@@H]2O[C@H](C)[C@@H](O[C@H]3C[C@@](C)(OC(=O)CCC(N)C=O)[C@@H](OC(=O)CC(C)C)[C@H](C)O3)[C@H](N(C)C)[C@H]2O)[C@@H](CC=O)C[C@@H](C)C(=O)/C=C/C(C)=C/[C@@H]1CO[C@@H]1O[C@H](C)[C@@H](O)[C@@H](OC)[C@H]1OC,True,,-1.744,-1.8866816759109497,-2.437488079071045,-1.436022162437439,35,14,21,1
tylvalosin,Tylvalosin (Ì©Íò¾úËØ),REF_TYLVALOSIN,repository_reference,O49_attached_to_C36,49,36,C,MPM01471,L-Aspartic 4-semialdehyde,NC(CC=O)C(=O)O,1,CC[C@H]1OC(=O)C[C@@H](OC(C)=O)[C@H](C)[C@@H](O[C@@H]2O[C@H](C)[C@@H](O[C@H]3C[C@@](C)(OC(=O)C(N)CC=O)[C@@H](OC(=O)CC(C)C)[C@H](C)O3)[C@H](N(C)C)[C@H]2O)[C@@H](CC=O)C[C@@H](C)C(=O)/C=C/C(C)=C/[C@@H]1CO[C@@H]1O[C@H](C)[C@@H](O)[C@@H](OC)[C@H]1OC,CC[C@H]1OC(=O)C[C@@H](OC(C)=O)[C@H](C)[C@@H](O[C@@H]2O[C@H](C)[C@@H](O[C@H]3C[C@@](C)(OC(=O)C(N)CC=O)[C@@H](OC(=O)CC(C)C)[C@H](C)O3)[C@H](N(C)C)[C@H]2O)[C@@H](CC=O)C[C@@H](C)C(=O)/C=C/C(C)=C/[C@@H]1CO[C@@H]1O[C@H](C)[C@@H](O)[C@@H](OC)[C@H]1OC,True,,-1.656,-1.9416635036468506,-2.536757707595825,-1.4547680616378784,35,14,21,1
tylvalosin,Tylvalosin (Ì©Íò¾úËØ),REF_TYLVALOSIN,repository_reference,O49_attached_to_C36,49,36,C,MPM01476,L-Glutamate gamma-semialdehyde,NC(CCC=O)C(=O)O,1,CC[C@H]1OC(=O)C[C@@H](OC(C)=O)[C@H](C)[C@@H](O[C@@H]2O[C@H](C)[C@@H](O[C@H]3C[C@@](C)(OC(=O)C(N)CCC=O)[C@@H](OC(=O)CC(C)C)[C@H](C)O3)[C@H](N(C)C)[C@H]2O)[C@@H](CC=O)C[C@@H](C)C(=O)/C=C/C(C)=C/[C@@H]1CO[C@@H]1O[C@H](C)[C@@H](O)[C@@H](OC)[C@H]1OC,CC[C@H]1OC(=O)C[C@@H](OC(C)=O)[C@H](C)[C@@H](O[C@@H]2O[C@H](C)[C@@H](O[C@H]3C[C@@](C)(OC(=O)C(N)CCC=O)[C@@H](OC(=O)CC(C)C)[C@H](C)O3)[C@H](N(C)C)[C@H]2O)[C@@H](CC=O)C[C@@H](C)C(=O)/C=C/C(C)=C/[C@@H]1CO[C@@H]1O[C@H](C)[C@@H](O)[C@@H](OC)[C@H]1OC,True,,-1.728,-2.038522958755493,-2.5950095653533936,-1.583215594291687,35,14,21,1
tylvalosin,Tylvalosin (Ì©Íò¾úËØ),REF_TYLVALOSIN,repository_reference,O49_attached_to_C36,49,36,C,MPM01076,(S)-2-Amino-6-oxohexanoate,NC(CCCC=O)C(=O)O,1,CC[C@H]1OC(=O)C[C@@H](OC(C)=O)[C@H](C)[C@@H](O[C@@H]2O[C@H](C)[C@@H](O[C@H]3C[C@@](C)(OC(=O)C(N)CCCC=O)[C@@H](OC(=O)CC(C)C)[C@H](C)O3)[C@H](N(C)C)[C@H]2O)[C@@H](CC=O)C[C@@H](C)C(=O)/C=C/C(C)=C/[C@@H]1CO[C@@H]1O[C@H](C)[C@@H](O)[C@@H](OC)[C@H]1OC,CC[C@H]1OC(=O)C[C@@H](OC(C)=O)[C@H](C)[C@@H](O[C@@H]2O[C@H](C)[C@@H](O[C@H]3C[C@@](C)(OC(=O)C(N)CCCC=O)[C@@H](OC(=O)CC(C)C)[C@H](C)O3)[C@H](N(C)C)[C@H]2O)[C@@H](CC=O)C[C@@H](C)C(=O)/C=C/C(C)=C/[C@@H]1CO[C@@H]1O[C@H](C)[C@@H](O)[C@@H](OC)[C@H]1OC,True,,-1.795,-1.998681664466858,-2.5640757083892822,-1.5360866785049438,36,15,21,1
tylvalosin,Tylvalosin (Ì©Íò¾úËØ),REF_TYLVALOSIN,repository_reference,O49_attached_to_C36,49,36,C,MPM00800,N6-(D-Fructosyl)-L-lysine,NC(CCCCNCC(=O)C(O)C(O)C(O)CO)C(=O)O,1,CC[C@H]1OC(=O)C[C@@H](OC(C)=O)[C@H](C)[C@@H](O[C@@H]2O[C@H](C)[C@@H](O[C@H]3C[C@@](C)(OC(=O)C(N)CCCCNCC(=O)C(O)C(O)C(O)CO)[C@@H](OC(=O)CC(C)C)[C@H](C)O3)[C@H](N(C)C)[C@H]2O)[C@@H](CC=O)C[C@@H](C)C(=O)/C=C/C(C)=C/[C@@H]1CO[C@@H]1O[C@H](C)[C@@H](O)[C@@H](OC)[C@H]1OC,CC[C@H]1OC(=O)C[C@@H](OC(C)=O)[C@H](C)[C@@H](O[C@@H]2O[C@H](C)[C@@H](O[C@H]3C[C@@](C)(OC(=O)C(N)CCCCNCC(=O)C(O)C(O)C(O)CO)[C@@H](OC(=O)CC(C)C)[C@H](C)O3)[C@H](N(C)C)[C@H]2O)[C@@H](CC=O)C[C@@H](C)C(=O)/C=C/C(C)=C/[C@@H]1CO[C@@H]1O[C@H](C)[C@@H](O)[C@@H](OC)[C@H]1OC,True,,-2.069,-1.7172482013702393,-2.306532621383667,-1.2351068258285522,36,15,21,1
tylvalosin,Tylvalosin (Ì©Íò¾úËØ),REF_TYLVALOSIN,repository_reference,O49_attached_to_C36,49,36,C,MPM01141,2-Amino-4-hydroxybutyric acid,NC(CCO)C(=O)O,1,CC[C@H]1OC(=O)C[C@@H](OC(C)=O)[C@H](C)[C@@H](O[C@@H]2O[C@H](C)[C@@H](O[C@H]3C[C@@](C)(OC(=O)C(N)CCO)[C@@H](OC(=O)CC(C)C)[C@H](C)O3)[C@H](N(C)C)[C@H]2O)[C@@H](CC=O)C[C@@H](C)C(=O)/C=C/C(C)=C/[C@@H]1CO[C@@H]1O[C@H](C)[C@@H](O)[C@@H](OC)[C@H]1OC,CC[C@H]1OC(=O)C[C@@H](OC(C)=O)[C@H](C)[C@@H](O[C@@H]2O[C@H](C)[C@@H](O[C@H]3C[C@@](C)(OC(=O)C(N)CCO)[C@@H](OC(=O)CC(C)C)[C@H](C)O3)[C@H](N(C)C)[C@H]2O)[C@@H](CC=O)C[C@@H](C)C(=O)/C=C/C(C)=C/[C@@H]1CO[C@@H]1O[C@H](C)[C@@H](O)[C@@H](OC)[C@H]1OC,True,,-1.342,-1.835228681564331,-2.3821616172790527,-1.3877382278442383,36,15,21,1
tylvalosin,Tylvalosin (Ì©Íò¾úËØ),REF_TYLVALOSIN,repository_reference,O49_attached_to_C36,49,36,C,MPM00698,Homocysteine,NC(CCS)C(=O)O,1,CC[C@H]1OC(=O)C[C@@H](OC(C)=O)[C@H](C)[C@@H](O[C@@H]2O[C@H](C)[C@@H](O[C@H]3C[C@@](C)(OC(=O)C(N)CCS)[C@@H](OC(=O)CC(C)C)[C@H](C)O3)[C@H](N(C)C)[C@H]2O)[C@@H](CC=O)C[C@@H](C)C(=O)/C=C/C(C)=C/[C@@H]1CO[C@@H]1O[C@H](C)[C@@H](O)[C@@H](OC)[C@H]1OC,CC[C@H]1OC(=O)C[C@@H](OC(C)=O)[C@H](C)[C@@H](O[C@@H]2O[C@H](C)[C@@H](O[C@H]3C[C@@](C)(OC(=O)C(N)CCS)[C@@H](OC(=O)CC(C)C)[C@H](C)O3)[C@H](N(C)C)[C@H]2O)[C@@H](CC=O)C[C@@H](C)C(=O)/C=C/C(C)=C/[C@@H]1CO[C@@H]1O[C@H](C)[C@@H](O)[C@@H](OC)[C@H]1OC,True,,-2.708,-1.848700761795044,-2.448514461517334,-1.357944369316101,35,14,21,1
tylvalosin,Tylvalosin (Ì©Íò¾úËØ),REF_TYLVALOSIN,repository_reference,O49_attached_to_C36,49,36,C,MPM01379,D-Serine,NC(CO)C(=O)O,1,CC[C@H]1OC(=O)C[C@@H](OC(C)=O)[C@H](C)[C@@H](O[C@@H]2O[C@H](C)[C@@H](O[C@H]3C[C@@](C)(OC(=O)C(N)CO)[C@@H](OC(=O)CC(C)C)[C@H](C)O3)[C@H](N(C)C)[C@H]2O)[C@@H](CC=O)C[C@@H](C)C(=O)/C=C/C(C)=C/[C@@H]1CO[C@@H]1O[C@H](C)[C@@H](O)[C@@H](OC)[C@H]1OC,CC[C@H]1OC(=O)C[C@@H](OC(C)=O)[C@H](C)[C@@H](O[C@@H]2O[C@H](C)[C@@H](O[C@H]3C[C@@](C)(OC(=O)C(N)CO)[C@@H](OC(=O)CC(C)C)[C@H](C)O3)[C@H](N(C)C)[C@H]2O)[C@@H](CC=O)C[C@@H](C)C(=O)/C=C/C(C)=C/[C@@H]1CO[C@@H]1O[C@H](C)[C@@H](O)[C@@H](OC)[C@H]1OC,True,,-1.348,-1.9992564916610718,-2.5905227661132812,-1.5154926776885986,35,15,20,1
tylvalosin,Tylvalosin (Ì©Íò¾úËØ),REF_TYLVALOSIN,repository_reference,O49_attached_to_C36,49,36,C,MPM00325,3-Phospho-L-serine,NC(COP(=O)(O)O)C(=O)O,1,CC[C@H]1OC(=O)C[C@@H](OC(C)=O)[C@H](C)[C@@H](O[C@@H]2O[C@H](C)[C@@H](O[C@H]3C[C@@](C)(OC(=O)C(N)COP(=O)(O)O)[C@@H](OC(=O)CC(C)C)[C@H](C)O3)[C@H](N(C)C)[C@H]2O)[C@@H](CC=O)C[C@@H](C)C(=O)/C=C/C(C)=C/[C@@H]1CO[C@@H]1O[C@H](C)[C@@H](O)[C@@H](OC)[C@H]1OC,CC[C@H]1OC(=O)C[C@@H](OC(C)=O)[C@H](C)[C@@H](O[C@@H]2O[C@H](C)[C@@H](O[C@H]3C[C@@](C)(OC(=O)C(N)COP(=O)(O)O)[C@@H](OC(=O)CC(C)C)[C@H](C)O3)[C@H](N(C)C)[C@H]2O)[C@@H](CC=O)C[C@@H](C)C(=O)/C=C/C(C)=C/[C@@H]1CO[C@@H]1O[C@H](C)[C@@H](O)[C@@H](OC)[C@H]1OC,True,,-1.45,-1.7419321537017822,-2.2574267387390137,-1.320163607597351,37,15,22,1
tylvalosin,Tylvalosin (Ì©Íò¾úËØ),REF_TYLVALOSIN,repository_reference,O49_attached_to_C36,49,36,C,MPM00667,glycerol 1-phosphoserine(1-),NC(COP(=O)(O)OCC(O)CO)C(=O)O,1,CC[C@H]1OC(=O)C[C@@H](OC(C)=O)[C@H](C)[C@@H](O[C@@H]2O[C@H](C)[C@@H](O[C@H]3C[C@@](C)(OC(=O)C(N)COP(=O)(O)OCC(O)CO)[C@@H](OC(=O)CC(C)C)[C@H](C)O3)[C@H](N(C)C)[C@H]2O)[C@@H](CC=O)C[C@@H](C)C(=O)/C=C/C(C)=C/[C@@H]1CO[C@@H]1O[C@H](C)[C@@H](O)[C@@H](OC)[C@H]1OC,CC[C@H]1OC(=O)C[C@@H](OC(C)=O)[C@H](C)[C@@H](O[C@@H]2O[C@H](C)[C@@H](O[C@H]3C[C@@](C)(OC(=O)C(N)COP(=O)(O)OCC(O)CO)[C@@H](OC(=O)CC(C)C)[C@H](C)O3)[C@H](N(C)C)[C@H]2O)[C@@H](CC=O)C[C@@H](C)C(=O)/C=C/C(C)=C/[C@@H]1CO[C@@H]1O[C@H](C)[C@@H](O)[C@@H](OC)[C@H]1OC,True,,-1.678,-1.696898102760315,-2.2367866039276123,-1.2551711797714233,37,15,22,1
tylvalosin,Tylvalosin (Ì©Íò¾úËØ),REF_TYLVALOSIN,repository_reference,O49_attached_to_C36,49,36,C,MPM00199,2-Amino-3-sulfopropionic acid,NC(CS(=O)(=O)O)C(=O)O,1,CC[C@H]1OC(=O)C[C@@H](OC(C)=O)[C@H](C)[C@@H](O[C@@H]2O[C@H](C)[C@@H](O[C@H]3C[C@@](C)(OC(=O)C(N)CS(=O)(=O)O)[C@@H](OC(=O)CC(C)C)[C@H](C)O3)[C@H](N(C)C)[C@H]2O)[C@@H](CC=O)C[C@@H](C)C(=O)/C=C/C(C)=C/[C@@H]1CO[C@@H]1O[C@H](C)[C@@H](O)[C@@H](OC)[C@H]1OC,CC[C@H]1OC(=O)C[C@@H](OC(C)=O)[C@H](C)[C@@H](O[C@@H]2O[C@H](C)[C@@H](O[C@H]3C[C@@](C)(OC(=O)C(N)CS(=O)(=O)O)[C@@H](OC(=O)CC(C)C)[C@H](C)O3)[C@H](N(C)C)[C@H]2O)[C@@H](CC=O)C[C@@H](C)C(=O)/C=C/C(C)=C/[C@@H]1CO[C@@H]1O[C@H](C)[C@@H](O)[C@@H](OC)[C@H]1OC,True,,-1.169,-1.9727022647857666,-2.5061228275299072,-1.5362670421600342,36,15,21,1
tylvalosin,Tylvalosin (Ì©Íò¾úËØ),REF_TYLVALOSIN,repository_reference,O49_attached_to_C36,49,36,C,MPM00329,3-Sulfinoalanine,NC(CS(=O)O)C(=O)O,1,CC[C@H]1OC(=O)C[C@@H](OC(C)=O)[C@H](C)[C@@H](O[C@@H]2O[C@H](C)[C@@H](O[C@H]3C[C@@](C)(OC(=O)C(N)CS(=O)O)[C@@H](OC(=O)CC(C)C)[C@H](C)O3)[C@H](N(C)C)[C@H]2O)[C@@H](CC=O)C[C@@H](C)C(=O)/C=C/C(C)=C/[C@@H]1CO[C@@H]1O[C@H](C)[C@@H](O)[C@@H](OC)[C@H]1OC,CC[C@H]1OC(=O)C[C@@H](OC(C)=O)[C@H](C)[C@@H](O[C@@H]2O[C@H](C)[C@@H](O[C@H]3C[C@@](C)(OC(=O)C(N)CS(=O)O)[C@@H](OC(=O)CC(C)C)[C@H](C)O3)[C@H](N(C)C)[C@H]2O)[C@@H](CC=O)C[C@@H](C)C(=O)/C=C/C(C)=C/[C@@H]1CO[C@@H]1O[C@H](C)[C@@H](O)[C@@H](OC)[C@H]1OC,True,,-1.1,-1.9475574493408203,-2.5161774158477783,-1.4823230504989624,36,15,21,1
tylvalosin,Tylvalosin (Ì©Íò¾úËØ),REF_TYLVALOSIN,repository_reference,O49_attached_to_C36,49,36,C,MPM01473,L-Cysteinylglycine,NC(CS)C(=O)NCC(=O)O,1,CC[C@H]1OC(=O)C[C@@H](OC(C)=O)[C@H](C)[C@@H](O[C@@H]2O[C@H](C)[C@@H](O[C@H]3C[C@@](C)(OC(=O)CNC(=O)C(N)CS)[C@@H](OC(=O)CC(C)C)[C@H](C)O3)[C@H](N(C)C)[C@H]2O)[C@@H](CC=O)C[C@@H](C)C(=O)/C=C/C(C)=C/[C@@H]1CO[C@@H]1O[C@H](C)[C@@H](O)[C@@H](OC)[C@H]1OC,CC[C@H]1OC(=O)C[C@@H](OC(C)=O)[C@H](C)[C@@H](O[C@@H]2O[C@H](C)[C@@H](O[C@H]3C[C@@](C)(OC(=O)CNC(=O)C(N)CS)[C@@H](OC(=O)CC(C)C)[C@H](C)O3)[C@H](N(C)C)[C@H]2O)[C@@H](CC=O)C[C@@H](C)C(=O)/C=C/C(C)=C/[C@@H]1CO[C@@H]1O[C@H](C)[C@@H](O)[C@@H](OC)[C@H]1OC,True,,-2.613,-1.6420456171035767,-2.2099783420562744,-1.1773732900619507,38,16,22,1
tylvalosin,Tylvalosin (Ì©Íò¾úËØ),REF_TYLVALOSIN,repository_reference,O49_attached_to_C36,49,36,C,MPM01361,D-Amino-3-mercaptopropionic acid,NC(CS)C(=O)O,1,CC[C@H]1OC(=O)C[C@@H](OC(C)=O)[C@H](C)[C@@H](O[C@@H]2O[C@H](C)[C@@H](O[C@H]3C[C@@](C)(OC(=O)C(N)CS)[C@@H](OC(=O)CC(C)C)[C@H](C)O3)[C@H](N(C)C)[C@H]2O)[C@@H](CC=O)C[C@@H](C)C(=O)/C=C/C(C)=C/[C@@H]1CO[C@@H]1O[C@H](C)[C@@H](O)[C@@H](OC)[C@H]1OC,CC[C@H]1OC(=O)C[C@@H](OC(C)=O)[C@H](C)[C@@H](O[C@@H]2O[C@H](C)[C@@H](O[C@H]3C[C@@](C)(OC(=O)C(N)CS)[C@@H](OC(=O)CC(C)C)[C@H](C)O3)[C@H](N(C)C)[C@H]2O)[C@@H](CC=O)C[C@@H](C)C(=O)/C=C/C(C)=C/[C@@H]1CO[C@@H]1O[C@H](C)[C@@H](O)[C@@H](OC)[C@H]1OC,True,,-2.645,-1.8677794933319092,-2.46427321434021,-1.3797394037246704,35,14,21,1
tylvalosin,Tylvalosin (Ì©Íò¾úËØ),REF_TYLVALOSIN,repository_reference,O49_attached_to_C36,49,36,C,MPM01078,(S)-alpha-Amino-beta-(3-indolyl)-propionic acid,NC(Cc1c[nH]c2ccccc12)C(=O)O,1,CC[C@H]1OC(=O)C[C@@H](OC(C)=O)[C@H](C)[C@@H](O[C@@H]2O[C@H](C)[C@@H](O[C@H]3C[C@@](C)(OC(=O)C(N)Cc4c[nH]c5ccccc45)[C@@H](OC(=O)CC(C)C)[C@H](C)O3)[C@H](N(C)C)[C@H]2O)[C@@H](CC=O)C[C@@H](C)C(=O)/C=C/C(C)=C/[C@@H]1CO[C@@H]1O[C@H](C)[C@@H](O)[C@@H](OC)[C@H]1OC,CC[C@H]1OC(=O)C[C@@H](OC(C)=O)[C@H](C)[C@@H](O[C@@H]2O[C@H](C)[C@@H](O[C@H]3C[C@@](C)(OC(=O)C(N)Cc4c[nH]c5ccccc45)[C@@H](OC(=O)CC(C)C)[C@H](C)O3)[C@H](N(C)C)[C@H]2O)[C@@H](CC=O)C[C@@H](C)C(=O)/C=C/C(C)=C/[C@@H]1CO[C@@H]1O[C@H](C)[C@@H](O)[C@@H](OC)[C@H]1OC,True,,-0.55,-1.9835011959075928,-2.560673952102661,-1.5112686157226562,36,14,22,1
tylvalosin,Tylvalosin (Ì©Íò¾úËØ),REF_TYLVALOSIN,repository_reference,O49_attached_to_C36,49,36,C,MPM01639,Tyrosine,NC(Cc1ccc(O)cc1)C(=O)O,1,CC[C@H]1OC(=O)C[C@@H](OC(C)=O)[C@H](C)[C@@H](O[C@@H]2O[C@H](C)[C@@H](O[C@H]3C[C@@](C)(OC(=O)C(N)Cc4ccc(O)cc4)[C@@H](OC(=O)CC(C)C)[C@H](C)O3)[C@H](N(C)C)[C@H]2O)[C@@H](CC=O)C[C@@H](C)C(=O)/C=C/C(C)=C/[C@@H]1CO[C@@H]1O[C@H](C)[C@@H](O)[C@@H](OC)[C@H]1OC,CC[C@H]1OC(=O)C[C@@H](OC(C)=O)[C@H](C)[C@@H](O[C@@H]2O[C@H](C)[C@@H](O[C@H]3C[C@@](C)(OC(=O)C(N)Cc4ccc(O)cc4)[C@@H](OC(=O)CC(C)C)[C@H](C)O3)[C@H](N(C)C)[C@H]2O)[C@@H](CC=O)C[C@@H](C)C(=O)/C=C/C(C)=C/[C@@H]1CO[C@@H]1O[C@H](C)[C@@H](O)[C@@H](OC)[C@H]1OC,True,,-1.165,-1.9421913623809814,-2.5886662006378174,-1.4132572412490845,34,12,22,1
tylvalosin,Tylvalosin (Ì©Íò¾úËØ),REF_TYLVALOSIN,repository_reference,O49_attached_to_C36,49,36,C,MPM00895,Phosphonotyrosine,NC(Cc1ccc(OP(=O)(O)O)cc1)C(=O)O,1,CC[C@H]1OC(=O)C[C@@H](OC(C)=O)[C@H](C)[C@@H](O[C@@H]2O[C@H](C)[C@@H](O[C@H]3C[C@@](C)(OC(=O)C(N)Cc4ccc(OP(=O)(O)O)cc4)[C@@H](OC(=O)CC(C)C)[C@H](C)O3)[C@H](N(C)C)[C@H]2O)[C@@H](CC=O)C[C@@H](C)C(=O)/C=C/C(C)=C/[C@@H]1CO[C@@H]1O[C@H](C)[C@@H](O)[C@@H](OC)[C@H]1OC,CC[C@H]1OC(=O)C[C@@H](OC(C)=O)[C@H](C)[C@@H](O[C@@H]2O[C@H](C)[C@@H](O[C@H]3C[C@@](C)(OC(=O)C(N)Cc4ccc(OP(=O)(O)O)cc4)[C@@H](OC(=O)CC(C)C)[C@H](C)O3)[C@H](N(C)C)[C@H]2O)[C@@H](CC=O)C[C@@H](C)C(=O)/C=C/C(C)=C/[C@@H]1CO[C@@H]1O[C@H](C)[C@@H](O)[C@@H](OC)[C@H]1OC,True,,-1.71,-1.8696434497833252,-2.4597699642181396,-1.386812686920166,36,14,22,1
tylvalosin,Tylvalosin (Ì©Íò¾úËØ),REF_TYLVALOSIN,repository_reference,O49_attached_to_C36,49,36,C,MPM00612,D-phenylalanine,NC(Cc1ccccc1)C(=O)O,1,CC[C@H]1OC(=O)C[C@@H](OC(C)=O)[C@H](C)[C@@H](O[C@@H]2O[C@H](C)[C@@H](O[C@H]3C[C@@](C)(OC(=O)C(N)Cc4ccccc4)[C@@H](OC(=O)CC(C)C)[C@H](C)O3)[C@H](N(C)C)[C@H]2O)[C@@H](CC=O)C[C@@H](C)C(=O)/C=C/C(C)=C/[C@@H]1CO[C@@H]1O[C@H](C)[C@@H](O)[C@@H](OC)[C@H]1OC,CC[C@H]1OC(=O)C[C@@H](OC(C)=O)[C@H](C)[C@@H](O[C@@H]2O[C@H](C)[C@@H](O[C@H]3C[C@@](C)(OC(=O)C(N)Cc4ccccc4)[C@@H](OC(=O)CC(C)C)[C@H](C)O3)[C@H](N(C)C)[C@H]2O)[C@@H](CC=O)C[C@@H](C)C(=O)/C=C/C(C)=C/[C@@H]1CO[C@@H]1O[C@H](C)[C@@H](O)[C@@H](OC)[C@H]1OC,True,,-1.527,-2.066124677658081,-2.722092866897583,-1.5294231176376343,35,13,22,1
tylvalosin,Tylvalosin (Ì©Íò¾úËØ),REF_TYLVALOSIN,repository_reference,O49_attached_to_C36,49,36,C,MPM01077,(S)-alpha-Amino-1H-imidazole-4-propionic acid,NC(Cc1cnc[nH]1)C(=O)O,1,CC[C@H]1OC(=O)C[C@@H](OC(C)=O)[C@H](C)[C@@H](O[C@@H]2O[C@H](C)[C@@H](O[C@H]3C[C@@](C)(OC(=O)C(N)Cc4cnc[nH]4)[C@@H](OC(=O)CC(C)C)[C@H](C)O3)[C@H](N(C)C)[C@H]2O)[C@@H](CC=O)C[C@@H](C)C(=O)/C=C/C(C)=C/[C@@H]1CO[C@@H]1O[C@H](C)[C@@H](O)[C@@H](OC)[C@H]1OC,CC[C@H]1OC(=O)C[C@@H](OC(C)=O)[C@H](C)[C@@H](O[C@@H]2O[C@H](C)[C@@H](O[C@H]3C[C@@](C)(OC(=O)C(N)Cc4cnc[nH]4)[C@@H](OC(=O)CC(C)C)[C@H](C)O3)[C@H](N(C)C)[C@H]2O)[C@@H](CC=O)C[C@@H](C)C(=O)/C=C/C(C)=C/[C@@H]1CO[C@@H]1O[C@H](C)[C@@H](O)[C@@H](OC)[C@H]1OC,True,,-1.53,-1.820635437965393,-2.434858798980713,-1.3180897235870361,35,14,21,1
tylvalosin,Tylvalosin (Ì©Íò¾úËØ),REF_TYLVALOSIN,repository_reference,O49_attached_to_C36,49,36,C,MPM01165,2-Oxoarginine,NC(N)=NCCCC(=O)C(=O)O,1,CC[C@H]1OC(=O)C[C@@H](OC(C)=O)[C@H](C)[C@@H](O[C@@H]2O[C@H](C)[C@@H](O[C@H]3C[C@@](C)(OC(=O)C(=O)CCCN=C(N)N)[C@@H](OC(=O)CC(C)C)[C@H](C)O3)[C@H](N(C)C)[C@H]2O)[C@@H](CC=O)C[C@@H](C)C(=O)/C=C/C(C)=C/[C@@H]1CO[C@@H]1O[C@H](C)[C@@H](O)[C@@H](OC)[C@H]1OC,CC[C@H]1OC(=O)C[C@@H](OC(C)=O)[C@H](C)[C@@H](O[C@@H]2O[C@H](C)[C@@H](O[C@H]3C[C@@](C)(OC(=O)C(=O)CCCN=C(N)N)[C@@H](OC(=O)CC(C)C)[C@H](C)O3)[C@H](N(C)C)[C@H]2O)[C@@H](CC=O)C[C@@H](C)C(=O)/C=C/C(C)=C/[C@@H]1CO[C@@H]1O[C@H](C)[C@@H](O)[C@@H](OC)[C@H]1OC,True,,-1.473,-1.7877235412597656,-2.309791088104248,-1.3605773448944092,37,16,21,1
tylvalosin,Tylvalosin (Ì©Íò¾úËØ),REF_TYLVALOSIN,repository_reference,O49_attached_to_C36,49,36,C,MPM00541,D-2-Amino-5-guanidinovaleric acid,NC(N)=NCCCC(N)C(=O)O,1,CC[C@H]1OC(=O)C[C@@H](OC(C)=O)[C@H](C)[C@@H](O[C@@H]2O[C@H](C)[C@@H](O[C@H]3C[C@@](C)(OC(=O)C(N)CCCN=C(N)N)[C@@H](OC(=O)CC(C)C)[C@H](C)O3)[C@H](N(C)C)[C@H]2O)[C@@H](CC=O)C[C@@H](C)C(=O)/C=C/C(C)=C/[C@@H]1CO[C@@H]1O[C@H](C)[C@@H](O)[C@@H](OC)[C@H]1OC,CC[C@H]1OC(=O)C[C@@H](OC(C)=O)[C@H](C)[C@@H](O[C@@H]2O[C@H](C)[C@@H](O[C@H]3C[C@@](C)(OC(=O)C(N)CCCN=C(N)N)[C@@H](OC(=O)CC(C)C)[C@H](C)O3)[C@H](N(C)C)[C@H]2O)[C@@H](CC=O)C[C@@H](C)C(=O)/C=C/C(C)=C/[C@@H]1CO[C@@H]1O[C@H](C)[C@@H](O)[C@@H](OC)[C@H]1OC,True,,-1.365,-1.6068902015686035,-2.142108917236328,-1.1689841747283936,37,15,22,1
tylvalosin,Tylvalosin (Ì©Íò¾úËØ),REF_TYLVALOSIN,repository_reference,O49_attached_to_C36,49,36,C,MPM01242,5-Amino-4-oxovaleric acid,NCC(=O)CCC(=O)O,1,CC[C@H]1OC(=O)C[C@@H](OC(C)=O)[C@H](C)[C@@H](O[C@@H]2O[C@H](C)[C@@H](O[C@H]3C[C@@](C)(OC(=O)CCC(=O)CN)[C@@H](OC(=O)CC(C)C)[C@H](C)O3)[C@H](N(C)C)[C@H]2O)[C@@H](CC=O)C[C@@H](C)C(=O)/C=C/C(C)=C/[C@@H]1CO[C@@H]1O[C@H](C)[C@@H](O)[C@@H](OC)[C@H]1OC,CC[C@H]1OC(=O)C[C@@H](OC(C)=O)[C@H](C)[C@@H](O[C@@H]2O[C@H](C)[C@@H](O[C@H]3C[C@@](C)(OC(=O)CCC(=O)CN)[C@@H](OC(=O)CC(C)C)[C@H](C)O3)[C@H](N(C)C)[C@H]2O)[C@@H](CC=O)C[C@@H](C)C(=O)/C=C/C(C)=C/[C@@H]1CO[C@@H]1O[C@H](C)[C@@H](O)[C@@H](OC)[C@H]1OC,True,,-1.231,-1.714996337890625,-2.2501840591430664,-1.2771154642105103,37,15,22,1
tylvalosin,Tylvalosin (Ì©Íò¾úËØ),REF_TYLVALOSIN,repository_reference,O49_attached_to_C36,49,36,C,MPM00674,Glycyl-l-glutamine,NCC(=O)NC(CCC(N)=O)C(=O)O,1,CC[C@H]1OC(=O)C[C@@H](OC(C)=O)[C@H](C)[C@@H](O[C@@H]2O[C@H](C)[C@@H](O[C@H]3C[C@@](C)(OC(=O)C(CCC(N)=O)NC(=O)CN)[C@@H](OC(=O)CC(C)C)[C@H](C)O3)[C@H](N(C)C)[C@H]2O)[C@@H](CC=O)C[C@@H](C)C(=O)/C=C/C(C)=C/[C@@H]1CO[C@@H]1O[C@H](C)[C@@H](O)[C@@H](OC)[C@H]1OC,CC[C@H]1OC(=O)C[C@@H](OC(C)=O)[C@H](C)[C@@H](O[C@@H]2O[C@H](C)[C@@H](O[C@H]3C[C@@](C)(OC(=O)C(CCC(N)=O)NC(=O)CN)[C@@H](OC(=O)CC(C)C)[C@H](C)O3)[C@H](N(C)C)[C@H]2O)[C@@H](CC=O)C[C@@H](C)C(=O)/C=C/C(C)=C/[C@@H]1CO[C@@H]1O[C@H](C)[C@@H](O)[C@@H](OC)[C@H]1OC,True,,-1.036,-1.7986950874328613,-2.336000680923462,-1.359081745147705,37,15,22,1
tylvalosin,Tylvalosin (Ì©Íò¾úËØ),REF_TYLVALOSIN,repository_reference,O49_attached_to_C36,49,36,C,MPM00673,Glycylcysteine,NCC(=O)NC(CS)C(=O)O,1,CC[C@H]1OC(=O)C[C@@H](OC(C)=O)[C@H](C)[C@@H](O[C@@H]2O[C@H](C)[C@@H](O[C@H]3C[C@@](C)(OC(=O)C(CS)NC(=O)CN)[C@@H](OC(=O)CC(C)C)[C@H](C)O3)[C@H](N(C)C)[C@H]2O)[C@@H](CC=O)C[C@@H](C)C(=O)/C=C/C(C)=C/[C@@H]1CO[C@@H]1O[C@H](C)[C@@H](O)[C@@H](OC)[C@H]1OC,CC[C@H]1OC(=O)C[C@@H](OC(C)=O)[C@H](C)[C@@H](O[C@@H]2O[C@H](C)[C@@H](O[C@H]3C[C@@](C)(OC(=O)C(CS)NC(=O)CN)[C@@H](OC(=O)CC(C)C)[C@H](C)O3)[C@H](N(C)C)[C@H]2O)[C@@H](CC=O)C[C@@H](C)C(=O)/C=C/C(C)=C/[C@@H]1CO[C@@H]1O[C@H](C)[C@@H](O)[C@@H](OC)[C@H]1OC,True,,-2.472,-1.7518237829208374,-2.308934211730957,-1.296006202697754,38,17,21,1
tylvalosin,Tylvalosin (Ì©Íò¾úËØ),REF_TYLVALOSIN,repository_reference,O49_attached_to_C36,49,36,C,MPM00677,Glycyl-L-tyrosine,NCC(=O)NC(Cc1ccc(O)cc1)C(=O)O,1,CC[C@H]1OC(=O)C[C@@H](OC(C)=O)[C@H](C)[C@@H](O[C@@H]2O[C@H](C)[C@@H](O[C@H]3C[C@@](C)(OC(=O)C(Cc4ccc(O)cc4)NC(=O)CN)[C@@H](OC(=O)CC(C)C)[C@H](C)O3)[C@H](N(C)C)[C@H]2O)[C@@H](CC=O)C[C@@H](C)C(=O)/C=C/C(C)=C/[C@@H]1CO[C@@H]1O[C@H](C)[C@@H](O)[C@@H](OC)[C@H]1OC,CC[C@H]1OC(=O)C[C@@H](OC(C)=O)[C@H](C)[C@@H](O[C@@H]2O[C@H](C)[C@@H](O[C@H]3C[C@@](C)(OC(=O)C(Cc4ccc(O)cc4)NC(=O)CN)[C@@H](OC(=O)CC(C)C)[C@H](C)O3)[C@H](N(C)C)[C@H]2O)[C@@H](CC=O)C[C@@H](C)C(=O)/C=C/C(C)=C/[C@@H]1CO[C@@H]1O[C@H](C)[C@@H](O)[C@@H](OC)[C@H]1OC,True,,-0.937,-1.688001036643982,-2.291205406188965,-1.1944700479507446,36,14,22,1
tylvalosin,Tylvalosin (Ì©Íò¾úËØ),REF_TYLVALOSIN,repository_reference,O49_attached_to_C36,49,36,C,MPM00676,Glycyl-L-phenylalanine,NCC(=O)NC(Cc1ccccc1)C(=O)O,1,CC[C@H]1OC(=O)C[C@@H](OC(C)=O)[C@H](C)[C@@H](O[C@@H]2O[C@H](C)[C@@H](O[C@H]3C[C@@](C)(OC(=O)C(Cc4ccccc4)NC(=O)CN)[C@@H](OC(=O)CC(C)C)[C@H](C)O3)[C@H](N(C)C)[C@H]2O)[C@@H](CC=O)C[C@@H](C)C(=O)/C=C/C(C)=C/[C@@H]1CO[C@@H]1O[C@H](C)[C@@H](O)[C@@H](OC)[C@H]1OC,CC[C@H]1OC(=O)C[C@@H](OC(C)=O)[C@H](C)[C@@H](O[C@@H]2O[C@H](C)[C@@H](O[C@H]3C[C@@](C)(OC(=O)C(Cc4ccccc4)NC(=O)CN)[C@@H](OC(=O)CC(C)C)[C@H](C)O3)[C@H](N(C)C)[C@H]2O)[C@@H](CC=O)C[C@@H](C)C(=O)/C=C/C(C)=C/[C@@H]1CO[C@@H]1O[C@H](C)[C@@H](O)[C@@H](OC)[C@H]1OC,True,,-1.307,-1.8502390384674072,-2.497042655944824,-1.3210359811782837,36,14,22,1
tylvalosin,Tylvalosin (Ì©Íò¾úËØ),REF_TYLVALOSIN,repository_reference,O49_attached_to_C36,49,36,C,MPM01413,Gly,NCC(=O)O,1,CC[C@H]1OC(=O)C[C@@H](OC(C)=O)[C@H](C)[C@@H](O[C@@H]2O[C@H](C)[C@@H](O[C@H]3C[C@@](C)(OC(=O)CN)[C@@H](OC(=O)CC(C)C)[C@H](C)O3)[C@H](N(C)C)[C@H]2O)[C@@H](CC=O)C[C@@H](C)C(=O)/C=C/C(C)=C/[C@@H]1CO[C@@H]1O[C@H](C)[C@@H](O)[C@@H](OC)[C@H]1OC,CC[C@H]1OC(=O)C[C@@H](OC(C)=O)[C@H](C)[C@@H](O[C@@H]2O[C@H](C)[C@@H](O[C@H]3C[C@@](C)(OC(=O)CN)[C@@H](OC(=O)CC(C)C)[C@H](C)O3)[C@H](N(C)C)[C@H]2O)[C@@H](CC=O)C[C@@H](C)C(=O)/C=C/C(C)=C/[C@@H]1CO[C@@H]1O[C@H](C)[C@@H](O)[C@@H](OC)[C@H]1OC,True,,-1.078,-1.9138398170471191,-2.458082437515259,-1.4685508012771606,36,15,21,1
tylvalosin,Tylvalosin (Ì©Íò¾úËØ),REF_TYLVALOSIN,repository_reference,O49_attached_to_C36,49,36,C,MPM01074,"(S)-2,3-Diaminopropanoate",NCC(N)C(=O)O,1,CC[C@H]1OC(=O)C[C@@H](OC(C)=O)[C@H](C)[C@@H](O[C@@H]2O[C@H](C)[C@@H](O[C@H]3C[C@@](C)(OC(=O)C(N)CN)[C@@H](OC(=O)CC(C)C)[C@H](C)O3)[C@H](N(C)C)[C@H]2O)[C@@H](CC=O)C[C@@H](C)C(=O)/C=C/C(C)=C/[C@@H]1CO[C@@H]1O[C@H](C)[C@@H](O)[C@@H](OC)[C@H]1OC,CC[C@H]1OC(=O)C[C@@H](OC(C)=O)[C@H](C)[C@@H](O[C@@H]2O[C@H](C)[C@@H](O[C@H]3C[C@@](C)(OC(=O)C(N)CN)[C@@H](OC(=O)CC(C)C)[C@H](C)O3)[C@H](N(C)C)[C@H]2O)[C@@H](CC=O)C[C@@H](C)C(=O)/C=C/C(C)=C/[C@@H]1CO[C@@H]1O[C@H](C)[C@@H](O)[C@@H](OC)[C@H]1OC,True,,-0.928,-1.8439357280731201,-2.3740720748901367,-1.4101879596710205,36,16,20,1
tylvalosin,Tylvalosin (Ì©Íò¾úËØ),REF_TYLVALOSIN,repository_reference,O49_attached_to_C36,49,36,C,MPM01212,3-Aminopropanoate,NCCC(=O)O,1,CC[C@H]1OC(=O)C[C@@H](OC(C)=O)[C@H](C)[C@@H](O[C@@H]2O[C@H](C)[C@@H](O[C@H]3C[C@@](C)(OC(=O)CCN)[C@@H](OC(=O)CC(C)C)[C@H](C)O3)[C@H](N(C)C)[C@H]2O)[C@@H](CC=O)C[C@@H](C)C(=O)/C=C/C(C)=C/[C@@H]1CO[C@@H]1O[C@H](C)[C@@H](O)[C@@H](OC)[C@H]1OC,CC[C@H]1OC(=O)C[C@@H](OC(C)=O)[C@H](C)[C@@H](O[C@@H]2O[C@H](C)[C@@H](O[C@H]3C[C@@](C)(OC(=O)CCN)[C@@H](OC(=O)CC(C)C)[C@H](C)O3)[C@H](N(C)C)[C@H]2O)[C@@H](CC=O)C[C@@H](C)C(=O)/C=C/C(C)=C/[C@@H]1CO[C@@H]1O[C@H](C)[C@@H](O)[C@@H](OC)[C@H]1OC,True,,-1.165,-1.9558079242706299,-2.5012288093566895,-1.509554386138916,34,14,20,1
tylvalosin,Tylvalosin (Ì©Íò¾úËØ),REF_TYLVALOSIN,repository_reference,O49_attached_to_C36,49,36,C,MPM00725,"L-2,4-Diaminobutyrate",NCCC(N)C(=O)O,1,CC[C@H]1OC(=O)C[C@@H](OC(C)=O)[C@H](C)[C@@H](O[C@@H]2O[C@H](C)[C@@H](O[C@H]3C[C@@](C)(OC(=O)C(N)CCN)[C@@H](OC(=O)CC(C)C)[C@H](C)O3)[C@H](N(C)C)[C@H]2O)[C@@H](CC=O)C[C@@H](C)C(=O)/C=C/C(C)=C/[C@@H]1CO[C@@H]1O[C@H](C)[C@@H](O)[C@@H](OC)[C@H]1OC,CC[C@H]1OC(=O)C[C@@H](OC(C)=O)[C@H](C)[C@@H](O[C@@H]2O[C@H](C)[C@@H](O[C@H]3C[C@@](C)(OC(=O)C(N)CCN)[C@@H](OC(=O)CC(C)C)[C@H](C)O3)[C@H](N(C)C)[C@H]2O)[C@@H](CC=O)C[C@@H](C)C(=O)/C=C/C(C)=C/[C@@H]1CO[C@@H]1O[C@H](C)[C@@H](O)[C@@H](OC)[C@H]1OC,True,,-0.982,-1.9202533960342407,-2.4829838275909424,-1.459837794303894,35,15,20,1
tylvalosin,Tylvalosin (Ì©Íò¾úËØ),REF_TYLVALOSIN,repository_reference,O49_attached_to_C36,49,36,C,MPM01396,GABA,NCCCC(=O)O,1,CC[C@H]1OC(=O)C[C@@H](OC(C)=O)[C@H](C)[C@@H](O[C@@H]2O[C@H](C)[C@@H](O[C@H]3C[C@@](C)(OC(=O)CCCN)[C@@H](OC(=O)CC(C)C)[C@H](C)O3)[C@H](N(C)C)[C@H]2O)[C@@H](CC=O)C[C@@H](C)C(=O)/C=C/C(C)=C/[C@@H]1CO[C@@H]1O[C@H](C)[C@@H](O)[C@@H](OC)[C@H]1OC,CC[C@H]1OC(=O)C[C@@H](OC(C)=O)[C@H](C)[C@@H](O[C@@H]2O[C@H](C)[C@@H](O[C@H]3C[C@@](C)(OC(=O)CCCN)[C@@H](OC(=O)CC(C)C)[C@H](C)O3)[C@H](N(C)C)[C@H]2O)[C@@H](CC=O)C[C@@H](C)C(=O)/C=C/C(C)=C/[C@@H]1CO[C@@H]1O[C@H](C)[C@@H](O)[C@@H](OC)[C@H]1OC,True,,-1.224,-1.8393460512161255,-2.3602921962738037,-1.413117527961731,37,16,21,1
tylvalosin,Tylvalosin (Ì©Íò¾úËØ),REF_TYLVALOSIN,repository_reference,O49_attached_to_C36,49,36,C,MPM00093,"(S)-2,5-Diaminopentanoate",NCCCC(N)C(=O)O,1,CC[C@H]1OC(=O)C[C@@H](OC(C)=O)[C@H](C)[C@@H](O[C@@H]2O[C@H](C)[C@@H](O[C@H]3C[C@@](C)(OC(=O)C(N)CCCN)[C@@H](OC(=O)CC(C)C)[C@H](C)O3)[C@H](N(C)C)[C@H]2O)[C@@H](CC=O)C[C@@H](C)C(=O)/C=C/C(C)=C/[C@@H]1CO[C@@H]1O[C@H](C)[C@@H](O)[C@@H](OC)[C@H]1OC,CC[C@H]1OC(=O)C[C@@H](OC(C)=O)[C@H](C)[C@@H](O[C@@H]2O[C@H](C)[C@@H](O[C@H]3C[C@@](C)(OC(=O)C(N)CCCN)[C@@H](OC(=O)CC(C)C)[C@H](C)O3)[C@H](N(C)C)[C@H]2O)[C@@H](CC=O)C[C@@H](C)C(=O)/C=C/C(C)=C/[C@@H]1CO[C@@H]1O[C@H](C)[C@@H](O)[C@@H](OC)[C@H]1OC,True,,-1.044,-1.8854498863220215,-2.4701108932495117,-1.407090663909912,36,15,21,1
tylvalosin,Tylvalosin (Ì©Íò¾úËØ),REF_TYLVALOSIN,repository_reference,O49_attached_to_C36,49,36,C,MPM00742,L-beta-Lysine,NCCCC(N)CC(=O)O,1,CC[C@H]1OC(=O)C[C@@H](OC(C)=O)[C@H](C)[C@@H](O[C@@H]2O[C@H](C)[C@@H](O[C@H]3C[C@@](C)(OC(=O)CC(N)CCCN)[C@@H](OC(=O)CC(C)C)[C@H](C)O3)[C@H](N(C)C)[C@H]2O)[C@@H](CC=O)C[C@@H](C)C(=O)/C=C/C(C)=C/[C@@H]1CO[C@@H]1O[C@H](C)[C@@H](O)[C@@H](OC)[C@H]1OC,CC[C@H]1OC(=O)C[C@@H](OC(C)=O)[C@H](C)[C@@H](O[C@@H]2O[C@H](C)[C@@H](O[C@H]3C[C@@](C)(OC(=O)CC(N)CCCN)[C@@H](OC(=O)CC(C)C)[C@H](C)O3)[C@H](N(C)C)[C@H]2O)[C@@H](CC=O)C[C@@H](C)C(=O)/C=C/C(C)=C/[C@@H]1CO[C@@H]1O[C@H](C)[C@@H](O)[C@@H](OC)[C@H]1OC,True,,-1.301,-1.8073985576629639,-2.3321213722229004,-1.3780800104141235,37,16,21,1
tylvalosin,Tylvalosin (Ì©Íò¾úËØ),REF_TYLVALOSIN,repository_reference,O49_attached_to_C36,49,36,C,MPM01164,2-Oxo-6-aminocaproate,NCCCCC(=O)C(=O)O,1,CC[C@H]1OC(=O)C[C@@H](OC(C)=O)[C@H](C)[C@@H](O[C@@H]2O[C@H](C)[C@@H](O[C@H]3C[C@@](C)(OC(=O)C(=O)CCCCN)[C@@H](OC(=O)CC(C)C)[C@H](C)O3)[C@H](N(C)C)[C@H]2O)[C@@H](CC=O)C[C@@H](C)C(=O)/C=C/C(C)=C/[C@@H]1CO[C@@H]1O[C@H](C)[C@@H](O)[C@@H](OC)[C@H]1OC,CC[C@H]1OC(=O)C[C@@H](OC(C)=O)[C@H](C)[C@@H](O[C@@H]2O[C@H](C)[C@@H](O[C@H]3C[C@@](C)(OC(=O)C(=O)CCCCN)[C@@H](OC(=O)CC(C)C)[C@H](C)O3)[C@H](N(C)C)[C@H]2O)[C@@H](CC=O)C[C@@H](C)C(=O)/C=C/C(C)=C/[C@@H]1CO[C@@H]1O[C@H](C)[C@@H](O)[C@@H](OC)[C@H]1OC,True,,-1.223,-1.9641740322113037,-2.5226738452911377,-1.5072191953659058,34,14,20,1
tylvalosin,Tylvalosin (Ì©Íò¾úËØ),REF_TYLVALOSIN,repository_reference,O49_attached_to_C36,49,36,C,MPM00184,"2,6-Diaminohexanoic acid",NCCCCC(N)C(=O)O,1,CC[C@H]1OC(=O)C[C@@H](OC(C)=O)[C@H](C)[C@@H](O[C@@H]2O[C@H](C)[C@@H](O[C@H]3C[C@@](C)(OC(=O)C(N)CCCCN)[C@@H](OC(=O)CC(C)C)[C@H](C)O3)[C@H](N(C)C)[C@H]2O)[C@@H](CC=O)C[C@@H](C)C(=O)/C=C/C(C)=C/[C@@H]1CO[C@@H]1O[C@H](C)[C@@H](O)[C@@H](OC)[C@H]1OC,CC[C@H]1OC(=O)C[C@@H](OC(C)=O)[C@H](C)[C@@H](O[C@@H]2O[C@H](C)[C@@H](O[C@H]3C[C@@](C)(OC(=O)C(N)CCCCN)[C@@H](OC(=O)CC(C)C)[C@H](C)O3)[C@H](N(C)C)[C@H]2O)[C@@H](CC=O)C[C@@H](C)C(=O)/C=C/C(C)=C/[C@@H]1CO[C@@H]1O[C@H](C)[C@@H](O)[C@@H](OC)[C@H]1OC,True,,-1.11,-1.8990423679351807,-2.492971181869507,-1.4131003618240356,36,15,21,1
tylvalosin,Tylvalosin (Ì©Íò¾úËØ),REF_TYLVALOSIN,repository_reference,O49_attached_to_C36,49,36,C,MPM00373,5-Amino-1-(5-phospho-D-ribosyl)imidazole-4-carboxylate,Nc1c(C(=O)O)ncn1C1OC(COP(=O)(O)O)C(O)C1O,1,CC[C@H]1OC(=O)C[C@@H](OC(C)=O)[C@H](C)[C@@H](O[C@@H]2O[C@H](C)[C@@H](O[C@H]3C[C@@](C)(OC(=O)c4ncn(C5OC(COP(=O)(O)O)C(O)C5O)c4N)[C@@H](OC(=O)CC(C)C)[C@H](C)O3)[C@H](N(C)C)[C@H]2O)[C@@H](CC=O)C[C@@H](C)C(=O)/C=C/C(C)=C/[C@@H]1CO[C@@H]1O[C@H](C)[C@@H](O)[C@@H](OC)[C@H]1OC,CC[C@H]1OC(=O)C[C@@H](OC(C)=O)[C@H](C)[C@@H](O[C@@H]2O[C@H](C)[C@@H](O[C@H]3C[C@@](C)(OC(=O)c4ncn(C5OC(COP(=O)(O)O)C(O)C5O)c4N)[C@@H](OC(=O)CC(C)C)[C@H](C)O3)[C@H](N(C)C)[C@H]2O)[C@@H](CC=O)C[C@@H](C)C(=O)/C=C/C(C)=C/[C@@H]1CO[C@@H]1O[C@H](C)[C@@H](O)[C@@H](OC)[C@H]1OC,True,,-4.054,-1.4828975200653076,-1.9557312726974487,-1.0960339307785034,38,16,22,1
tylvalosin,Tylvalosin (Ì©Íò¾úËØ),REF_TYLVALOSIN,repository_reference,O49_attached_to_C36,49,36,C,MPM00854,p-Aminobenzoate,Nc1ccc(C(=O)O)cc1,1,CC[C@H]1OC(=O)C[C@@H](OC(C)=O)[C@H](C)[C@@H](O[C@@H]2O[C@H](C)[C@@H](O[C@H]3C[C@@](C)(OC(=O)c4ccc(N)cc4)[C@@H](OC(=O)CC(C)C)[C@H](C)O3)[C@H](N(C)C)[C@H]2O)[C@@H](CC=O)C[C@@H](C)C(=O)/C=C/C(C)=C/[C@@H]1CO[C@@H]1O[C@H](C)[C@@H](O)[C@@H](OC)[C@H]1OC,CC[C@H]1OC(=O)C[C@@H](OC(C)=O)[C@H](C)[C@@H](O[C@@H]2O[C@H](C)[C@@H](O[C@H]3C[C@@](C)(OC(=O)c4ccc(N)cc4)[C@@H](OC(=O)CC(C)C)[C@H](C)O3)[C@H](N(C)C)[C@H]2O)[C@@H](CC=O)C[C@@H](C)C(=O)/C=C/C(C)=C/[C@@H]1CO[C@@H]1O[C@H](C)[C@@H](O)[C@@H](OC)[C@H]1OC,True,,-1.132,-1.802431344985962,-2.396013021469116,-1.3167738914489746,37,15,22,1
tylvalosin,Tylvalosin (Ì©Íò¾úËØ),REF_TYLVALOSIN,repository_reference,O49_attached_to_C36,49,36,C,MPM00406,"7,8-Dihydropteroate",Nc1nc2c(c(=O)[nH]1)N=C(CNc1ccc(C(=O)O)cc1)CN2,1,CC[C@H]1OC(=O)C[C@@H](OC(C)=O)[C@H](C)[C@@H](O[C@@H]2O[C@H](C)[C@@H](O[C@H]3C[C@@](C)(OC(=O)c4ccc(NCC5=Nc6c(nc(N)[nH]c6=O)NC5)cc4)[C@@H](OC(=O)CC(C)C)[C@H](C)O3)[C@H](N(C)C)[C@H]2O)[C@@H](CC=O)C[C@@H](C)C(=O)/C=C/C(C)=C/[C@@H]1CO[C@@H]1O[C@H](C)[C@@H](O)[C@@H](OC)[C@H]1OC,CC[C@H]1OC(=O)C[C@@H](OC(C)=O)[C@H](C)[C@@H](O[C@@H]2O[C@H](C)[C@@H](O[C@H]3C[C@@](C)(OC(=O)c4ccc(NCC5=Nc6c(nc(N)[nH]c6=O)NC5)cc4)[C@@H](OC(=O)CC(C)C)[C@H](C)O3)[C@H](N(C)C)[C@H]2O)[C@@H](CC=O)C[C@@H](C)C(=O)/C=C/C(C)=C/[C@@H]1CO[C@@H]1O[C@H](C)[C@@H](O)[C@@H](OC)[C@H]1OC,True,,-1.703,-2.0708065032958984,-2.6655566692352295,-1.5841926336288452,34,12,22,1
tylvalosin,Tylvalosin (Ì©Íò¾úËØ),REF_TYLVALOSIN,repository_reference,O49_attached_to_C36,49,36,C,MPM00938,Se-Adenosylselenohomocysteine,Nc1ncnc2c1ncn2C1OC(C[Se]CCC(N)C(=O)O)C(O)C1O,1,CC[C@H]1OC(=O)C[C@@H](OC(C)=O)[C@H](C)[C@@H](O[C@@H]2O[C@H](C)[C@@H](O[C@H]3C[C@@](C)(OC(=O)C(N)CC[Se]CC4OC(n5cnc6c(N)ncnc65)C(O)C4O)[C@@H](OC(=O)CC(C)C)[C@H](C)O3)[C@H](N(C)C)[C@H]2O)[C@@H](CC=O)C[C@@H](C)C(=O)/C=C/C(C)=C/[C@@H]1CO[C@@H]1O[C@H](C)[C@@H](O)[C@@H](OC)[C@H]1OC,CC[C@H]1OC(=O)C[C@@H](OC(C)=O)[C@H](C)[C@@H](O[C@@H]2O[C@H](C)[C@@H](O[C@H]3C[C@@](C)(OC(=O)C(N)CC[Se]CC4OC(n5cnc6c(N)ncnc65)C(O)C4O)[C@@H](OC(=O)CC(C)C)[C@H](C)O3)[C@H](N(C)C)[C@H]2O)[C@@H](CC=O)C[C@@H](C)C(=O)/C=C/C(C)=C/[C@@H]1CO[C@@H]1O[C@H](C)[C@@H](O)[C@@H](OC)[C@H]1OC,True,,-4.259,-1.333454966545105,-1.8539776802062988,-0.9075727462768555,39,17,22,1
tylvalosin,Tylvalosin (Ì©Íò¾úËØ),REF_TYLVALOSIN,repository_reference,O49_attached_to_C36,49,36,C,MPM00210,2-Dehydro-3-deoxy-D-galactonate,O=C(O)C(=O)CC(O)C(O)CO,1,CC[C@H]1OC(=O)C[C@@H](OC(C)=O)[C@H](C)[C@@H](O[C@@H]2O[C@H](C)[C@@H](O[C@H]3C[C@@](C)(OC(=O)C(=O)CC(O)C(O)CO)[C@@H](OC(=O)CC(C)C)[C@H](C)O3)[C@H](N(C)C)[C@H]2O)[C@@H](CC=O)C[C@@H](C)C(=O)/C=C/C(C)=C/[C@@H]1CO[C@@H]1O[C@H](C)[C@@H](O)[C@@H](OC)[C@H]1OC,CC[C@H]1OC(=O)C[C@@H](OC(C)=O)[C@H](C)[C@@H](O[C@@H]2O[C@H](C)[C@@H](O[C@H]3C[C@@](C)(OC(=O)C(=O)CC(O)C(O)CO)[C@@H](OC(=O)CC(C)C)[C@H](C)O3)[C@H](N(C)C)[C@H]2O)[C@@H](CC=O)C[C@@H](C)C(=O)/C=C/C(C)=C/[C@@H]1CO[C@@H]1O[C@H](C)[C@@H](O)[C@@H](OC)[C@H]1OC,True,,-1.95,-2.019005537033081,-2.6057119369506836,-1.5389729738235474,36,15,21,1
tylvalosin,Tylvalosin (Ì©Íò¾úËØ),REF_TYLVALOSIN,repository_reference,O49_attached_to_C36,49,36,C,MPM00212,2-Dehydro-3-deoxy-D-gluconate 6-phosphate,O=C(O)C(=O)CC(O)C(O)COP(=O)(O)O,1,CC[C@H]1OC(=O)C[C@@H](OC(C)=O)[C@H](C)[C@@H](O[C@@H]2O[C@H](C)[C@@H](O[C@H]3C[C@@](C)(OC(=O)C(=O)CC(O)C(O)COP(=O)(O)O)[C@@H](OC(=O)CC(C)C)[C@H](C)O3)[C@H](N(C)C)[C@H]2O)[C@@H](CC=O)C[C@@H](C)C(=O)/C=C/C(C)=C/[C@@H]1CO[C@@H]1O[C@H](C)[C@@H](O)[C@@H](OC)[C@H]1OC,CC[C@H]1OC(=O)C[C@@H](OC(C)=O)[C@H](C)[C@@H](O[C@@H]2O[C@H](C)[C@@H](O[C@H]3C[C@@](C)(OC(=O)C(=O)CC(O)C(O)COP(=O)(O)O)[C@@H](OC(=O)CC(C)C)[C@H](C)O3)[C@H](N(C)C)[C@H]2O)[C@@H](CC=O)C[C@@H](C)C(=O)/C=C/C(C)=C/[C@@H]1CO[C@@H]1O[C@H](C)[C@@H](O)[C@@H](OC)[C@H]1OC,True,,-2.116,-2.0523438453674316,-2.637756586074829,-1.573370337486267,34,13,21,1
tylvalosin,Tylvalosin (Ì©Íò¾úËØ),REF_TYLVALOSIN,repository_reference,O49_attached_to_C36,49,36,C,MPM00304,3-Hydroxypyruvic acid,O=C(O)C(=O)CO,1,CC[C@H]1OC(=O)C[C@@H](OC(C)=O)[C@H](C)[C@@H](O[C@@H]2O[C@H](C)[C@@H](O[C@H]3C[C@@](C)(OC(=O)C(=O)CO)[C@@H](OC(=O)CC(C)C)[C@H](C)O3)[C@H](N(C)C)[C@H]2O)[C@@H](CC=O)C[C@@H](C)C(=O)/C=C/C(C)=C/[C@@H]1CO[C@@H]1O[C@H](C)[C@@H](O)[C@@H](OC)[C@H]1OC,CC[C@H]1OC(=O)C[C@@H](OC(C)=O)[C@H](C)[C@@H](O[C@@H]2O[C@H](C)[C@@H](O[C@H]3C[C@@](C)(OC(=O)C(=O)CO)[C@@H](OC(=O)CC(C)C)[C@H](C)O3)[C@H](N(C)C)[C@H]2O)[C@@H](CC=O)C[C@@H](C)C(=O)/C=C/C(C)=C/[C@@H]1CO[C@@H]1O[C@H](C)[C@@H](O)[C@@H](OC)[C@H]1OC,True,,-1.039,-2.2781996726989746,-2.799375534057617,-1.8517829179763794,32,13,19,1
tylvalosin,Tylvalosin (Ì©Íò¾úËØ),REF_TYLVALOSIN,repository_reference,O49_attached_to_C36,49,36,C,MPM00897,p-Hydroxyphenylpyruvic acid,O=C(O)C(=O)Cc1ccc(O)cc1,1,CC[C@H]1OC(=O)C[C@@H](OC(C)=O)[C@H](C)[C@@H](O[C@@H]2O[C@H](C)[C@@H](O[C@H]3C[C@@](C)(OC(=O)C(=O)Cc4ccc(O)cc4)[C@@H](OC(=O)CC(C)C)[C@H](C)O3)[C@H](N(C)C)[C@H]2O)[C@@H](CC=O)C[C@@H](C)C(=O)/C=C/C(C)=C/[C@@H]1CO[C@@H]1O[C@H](C)[C@@H](O)[C@@H](OC)[C@H]1OC,CC[C@H]1OC(=O)C[C@@H](OC(C)=O)[C@H](C)[C@@H](O[C@@H]2O[C@H](C)[C@@H](O[C@H]3C[C@@](C)(OC(=O)C(=O)Cc4ccc(O)cc4)[C@@H](OC(=O)CC(C)C)[C@H](C)O3)[C@H](N(C)C)[C@H]2O)[C@@H](CC=O)C[C@@H](C)C(=O)/C=C/C(C)=C/[C@@H]1CO[C@@H]1O[C@H](C)[C@@H](O)[C@@H](OC)[C@H]1OC,True,,-1.094,-1.921933650970459,-2.530014753341675,-1.4244126081466675,35,13,22,1
tylvalosin,Tylvalosin (Ì©Íò¾úËØ),REF_TYLVALOSIN,repository_reference,O49_attached_to_C36,49,36,C,MPM00253,2-Oxo-3-phenylpropanoate,O=C(O)C(=O)Cc1ccccc1,1,CC[C@H]1OC(=O)C[C@@H](OC(C)=O)[C@H](C)[C@@H](O[C@@H]2O[C@H](C)[C@@H](O[C@H]3C[C@@](C)(OC(=O)C(=O)Cc4ccccc4)[C@@H](OC(=O)CC(C)C)[C@H](C)O3)[C@H](N(C)C)[C@H]2O)[C@@H](CC=O)C[C@@H](C)C(=O)/C=C/C(C)=C/[C@@H]1CO[C@@H]1O[C@H](C)[C@@H](O)[C@@H](OC)[C@H]1OC,CC[C@H]1OC(=O)C[C@@H](OC(C)=O)[C@H](C)[C@@H](O[C@@H]2O[C@H](C)[C@@H](O[C@H]3C[C@@](C)(OC(=O)C(=O)Cc4ccccc4)[C@@H](OC(=O)CC(C)C)[C@H](C)O3)[C@H](N(C)C)[C@H]2O)[C@@H](CC=O)C[C@@H](C)C(=O)/C=C/C(C)=C/[C@@H]1CO[C@@H]1O[C@H](C)[C@@H](O)[C@@H](OC)[C@H]1OC,True,,-1.459,-2.297905445098877,-2.9409782886505127,-1.7717547416687012,32,11,21,1
tylvalosin,Tylvalosin (Ì©Íò¾úËØ),REF_TYLVALOSIN,repository_reference,O49_attached_to_C36,49,36,C,MPM00249,2-O-(alpha-D-Mannopyranosyl)-D-glycerate,O=C(O)C(CO)OC1OC(CO)C(O)C(O)C1O,1,CC[C@H]1OC(=O)C[C@@H](OC(C)=O)[C@H](C)[C@@H](O[C@@H]2O[C@H](C)[C@@H](O[C@H]3C[C@@](C)(OC(=O)C(CO)OC4OC(CO)C(O)C(O)C4O)[C@@H](OC(=O)CC(C)C)[C@H](C)O3)[C@H](N(C)C)[C@H]2O)[C@@H](CC=O)C[C@@H](C)C(=O)/C=C/C(C)=C/[C@@H]1CO[C@@H]1O[C@H](C)[C@@H](O)[C@@H](OC)[C@H]1OC,CC[C@H]1OC(=O)C[C@@H](OC(C)=O)[C@H](C)[C@@H](O[C@@H]2O[C@H](C)[C@@H](O[C@H]3C[C@@](C)(OC(=O)C(CO)OC4OC(CO)C(O)C(O)C4O)[C@@H](OC(=O)CC(C)C)[C@H](C)O3)[C@H](N(C)C)[C@H]2O)[C@@H](CC=O)C[C@@H](C)C(=O)/C=C/C(C)=C/[C@@H]1CO[C@@H]1O[C@H](C)[C@@H](O)[C@@H](OC)[C@H]1OC,True,,-2.674,-1.4608218669891357,-1.975475788116455,-1.039741039276123,37,15,22,1
tylvalosin,Tylvalosin (Ì©Íò¾úËØ),REF_TYLVALOSIN,repository_reference,O49_attached_to_C36,49,36,C,MPM00248,2-O-(6-Phospho-alpha-D-mannosyl)-D-glycerate,O=C(O)C(CO)OC1OC(COP(=O)(O)O)C(O)C(O)C1O,1,CC[C@H]1OC(=O)C[C@@H](OC(C)=O)[C@H](C)[C@@H](O[C@@H]2O[C@H](C)[C@@H](O[C@H]3C[C@@](C)(OC(=O)C(CO)OC4OC(COP(=O)(O)O)C(O)C(O)C4O)[C@@H](OC(=O)CC(C)C)[C@H](C)O3)[C@H](N(C)C)[C@H]2O)[C@@H](CC=O)C[C@@H](C)C(=O)/C=C/C(C)=C/[C@@H]1CO[C@@H]1O[C@H](C)[C@@H](O)[C@@H](OC)[C@H]1OC,CC[C@H]1OC(=O)C[C@@H](OC(C)=O)[C@H](C)[C@@H](O[C@@H]2O[C@H](C)[C@@H](O[C@H]3C[C@@](C)(OC(=O)C(CO)OC4OC(COP(=O)(O)O)C(O)C(O)C4O)[C@@H](OC(=O)CC(C)C)[C@H](C)O3)[C@H](N(C)C)[C@H]2O)[C@@H](CC=O)C[C@@H](C)C(=O)/C=C/C(C)=C/[C@@H]1CO[C@@H]1O[C@H](C)[C@@H](O)[C@@H](OC)[C@H]1OC,True,,-2.836,-1.5182422399520874,-2.026078224182129,-1.1027398109436035,38,16,22,1
tylvalosin,Tylvalosin (Ì©Íò¾úËØ),REF_TYLVALOSIN,repository_reference,O49_attached_to_C36,49,36,C,MPM00262,2-Phospho-(R)-glycerate,O=C(O)C(CO)OP(=O)(O)O,1,CC[C@H]1OC(=O)C[C@@H](OC(C)=O)[C@H](C)[C@@H](O[C@@H]2O[C@H](C)[C@@H](O[C@H]3C[C@@](C)(OC(=O)C(CO)OP(=O)(O)O)[C@@H](OC(=O)CC(C)C)[C@H](C)O3)[C@H](N(C)C)[C@H]2O)[C@@H](CC=O)C[C@@H](C)C(=O)/C=C/C(C)=C/[C@@H]1CO[C@@H]1O[C@H](C)[C@@H](O)[C@@H](OC)[C@H]1OC,CC[C@H]1OC(=O)C[C@@H](OC(C)=O)[C@H](C)[C@@H](O[C@@H]2O[C@H](C)[C@@H](O[C@H]3C[C@@](C)(OC(=O)C(CO)OP(=O)(O)O)[C@@H](OC(=O)CC(C)C)[C@H](C)O3)[C@H](N(C)C)[C@H]2O)[C@@H](CC=O)C[C@@H](C)C(=O)/C=C/C(C)=C/[C@@H]1CO[C@@H]1O[C@H](C)[C@@H](O)[C@@H](OC)[C@H]1OC,True,,-1.9,-2.0581226348876953,-2.5938594341278076,-1.6197924613952637,36,15,21,1
tylvalosin,Tylvalosin (Ì©Íò¾úËØ),REF_TYLVALOSIN,repository_reference,O49_attached_to_C36,49,36,C,MPM00380,5-Dehydrogluconate,O=C(O)C(O)C(O)C(O)C(=O)CO,1,CC[C@H]1OC(=O)C[C@@H](OC(C)=O)[C@H](C)[C@@H](O[C@@H]2O[C@H](C)[C@@H](O[C@H]3C[C@@](C)(OC(=O)C(O)C(O)C(O)C(=O)CO)[C@@H](OC(=O)CC(C)C)[C@H](C)O3)[C@H](N(C)C)[C@H]2O)[C@@H](CC=O)C[C@@H](C)C(=O)/C=C/C(C)=C/[C@@H]1CO[C@@H]1O[C@H](C)[C@@H](O)[C@@H](OC)[C@H]1OC,CC[C@H]1OC(=O)C[C@@H](OC(C)=O)[C@H](C)[C@@H](O[C@@H]2O[C@H](C)[C@@H](O[C@H]3C[C@@](C)(OC(=O)C(O)C(O)C(O)C(=O)CO)[C@@H](OC(=O)CC(C)C)[C@H](C)O3)[C@H](N(C)C)[C@H]2O)[C@@H](CC=O)C[C@@H](C)C(=O)/C=C/C(C)=C/[C@@H]1CO[C@@H]1O[C@H](C)[C@@H](O)[C@@H](OC)[C@H]1OC,True,,-1.997,-2.096635580062866,-2.5987420082092285,-1.685821533203125,36,14,22,1
tylvalosin,Tylvalosin (Ì©Íò¾úËØ),REF_TYLVALOSIN,repository_reference,O49_attached_to_C36,49,36,C,MPM00547,D-Altronate,O=C(O)C(O)C(O)C(O)C(O)CO,1,CC[C@H]1OC(=O)C[C@@H](OC(C)=O)[C@H](C)[C@@H](O[C@@H]2O[C@H](C)[C@@H](O[C@H]3C[C@@](C)(OC(=O)C(O)C(O)C(O)C(O)CO)[C@@H](OC(=O)CC(C)C)[C@H](C)O3)[C@H](N(C)C)[C@H]2O)[C@@H](CC=O)C[C@@H](C)C(=O)/C=C/C(C)=C/[C@@H]1CO[C@@H]1O[C@H](C)[C@@H](O)[C@@H](OC)[C@H]1OC,CC[C@H]1OC(=O)C[C@@H](OC(C)=O)[C@H](C)[C@@H](O[C@@H]2O[C@H](C)[C@@H](O[C@H]3C[C@@](C)(OC(=O)C(O)C(O)C(O)C(O)CO)[C@@H](OC(=O)CC(C)C)[C@H](C)O3)[C@H](N(C)C)[C@H]2O)[C@@H](CC=O)C[C@@H](C)C(=O)/C=C/C(C)=C/[C@@H]1CO[C@@H]1O[C@H](C)[C@@H](O)[C@@H](OC)[C@H]1OC,True,,-2.351,-1.8568713665008545,-2.402769088745117,-1.4102277755737305,37,15,22,1
tylvalosin,Tylvalosin (Ì©Íò¾úËØ),REF_TYLVALOSIN,repository_reference,O49_attached_to_C36,49,36,C,MPM00401,6-Phospho-D-gluconate,O=C(O)C(O)C(O)C(O)C(O)COP(=O)(O)O,1,CC[C@H]1OC(=O)C[C@@H](OC(C)=O)[C@H](C)[C@@H](O[C@@H]2O[C@H](C)[C@@H](O[C@H]3C[C@@](C)(OC(=O)C(O)C(O)C(O)C(O)COP(=O)(O)O)[C@@H](OC(=O)CC(C)C)[C@H](C)O3)[C@H](N(C)C)[C@H]2O)[C@@H](CC=O)C[C@@H](C)C(=O)/C=C/C(C)=C/[C@@H]1CO[C@@H]1O[C@H](C)[C@@H](O)[C@@H](OC)[C@H]1OC,CC[C@H]1OC(=O)C[C@@H](OC(C)=O)[C@H](C)[C@@H](O[C@@H]2O[C@H](C)[C@@H](O[C@H]3C[C@@](C)(OC(=O)C(O)C(O)C(O)C(O)COP(=O)(O)O)[C@@H](OC(=O)CC(C)C)[C@H](C)O3)[C@H](N(C)C)[C@H]2O)[C@@H](CC=O)C[C@@H](C)C(=O)/C=C/C(C)=C/[C@@H]1CO[C@@H]1O[C@H](C)[C@@H](O)[C@@H](OC)[C@H]1OC,True,,-2.522,-2.0016911029815674,-2.5711922645568848,-1.5357359647750854,36,14,22,1
tylvalosin,Tylvalosin (Ì©Íò¾úËØ),REF_TYLVALOSIN,repository_reference,O49_attached_to_C36,49,36,C,MPM00666,Glyceric acid,O=C(O)C(O)CO,1,CC[C@H]1OC(=O)C[C@@H](OC(C)=O)[C@H](C)[C@@H](O[C@@H]2O[C@H](C)[C@@H](O[C@H]3C[C@@](C)(OC(=O)C(O)CO)[C@@H](OC(=O)CC(C)C)[C@H](C)O3)[C@H](N(C)C)[C@H]2O)[C@@H](CC=O)C[C@@H](C)C(=O)/C=C/C(C)=C/[C@@H]1CO[C@@H]1O[C@H](C)[C@@H](O)[C@@H](OC)[C@H]1OC,CC[C@H]1OC(=O)C[C@@H](OC(C)=O)[C@H](C)[C@@H](O[C@@H]2O[C@H](C)[C@@H](O[C@H]3C[C@@](C)(OC(=O)C(O)CO)[C@@H](OC(=O)CC(C)C)[C@H](C)O3)[C@H](N(C)C)[C@H]2O)[C@@H](CC=O)C[C@@H](C)C(=O)/C=C/C(C)=C/[C@@H]1CO[C@@H]1O[C@H](C)[C@@H](O)[C@@H](OC)[C@H]1OC,True,,-1.535,-2.0017144680023193,-2.553549289703369,-1.5502134561538696,35,15,20,1
tylvalosin,Tylvalosin (Ì©Íò¾úËØ),REF_TYLVALOSIN,repository_reference,O49_attached_to_C36,49,36,C,MPM00324,3-Phosphoglycerate,O=C(O)C(O)COP(=O)(O)O,1,CC[C@H]1OC(=O)C[C@@H](OC(C)=O)[C@H](C)[C@@H](O[C@@H]2O[C@H](C)[C@@H](O[C@H]3C[C@@](C)(OC(=O)C(O)COP(=O)(O)O)[C@@H](OC(=O)CC(C)C)[C@H](C)O3)[C@H](N(C)C)[C@H]2O)[C@@H](CC=O)C[C@@H](C)C(=O)/C=C/C(C)=C/[C@@H]1CO[C@@H]1O[C@H](C)[C@@H](O)[C@@H](OC)[C@H]1OC,CC[C@H]1OC(=O)C[C@@H](OC(C)=O)[C@H](C)[C@@H](O[C@@H]2O[C@H](C)[C@@H](O[C@H]3C[C@@](C)(OC(=O)C(O)COP(=O)(O)O)[C@@H](OC(=O)CC(C)C)[C@H](C)O3)[C@H](N(C)C)[C@H]2O)[C@@H](CC=O)C[C@@H](C)C(=O)/C=C/C(C)=C/[C@@H]1CO[C@@H]1O[C@H](C)[C@@H](O)[C@@H](OC)[C@H]1OC,True,,-1.701,-1.9707791805267334,-2.5066215991973877,-1.532362461090088,37,15,22,1
tylvalosin,Tylvalosin (Ì©Íò¾úËØ),REF_TYLVALOSIN,repository_reference,O49_attached_to_C36,49,36,C,MPM00001,(-)-Quinic acid,O=C(O)C1(O)CC(O)C(O)C(O)C1,1,CC[C@H]1OC(=O)C[C@@H](OC(C)=O)[C@H](C)[C@@H](O[C@@H]2O[C@H](C)[C@@H](O[C@H]3C[C@@](C)(OC(=O)C4(O)CC(O)C(O)C(O)C4)[C@@H](OC(=O)CC(C)C)[C@H](C)O3)[C@H](N(C)C)[C@H]2O)[C@@H](CC=O)C[C@@H](C)C(=O)/C=C/C(C)=C/[C@@H]1CO[C@@H]1O[C@H](C)[C@@H](O)[C@@H](OC)[C@H]1OC,CC[C@H]1OC(=O)C[C@@H](OC(C)=O)[C@H](C)[C@@H](O[C@@H]2O[C@H](C)[C@@H](O[C@H]3C[C@@](C)(OC(=O)C4(O)CC(O)C(O)C(O)C4)[C@@H](OC(=O)CC(C)C)[C@H](C)O3)[C@H](N(C)C)[C@H]2O)[C@@H](CC=O)C[C@@H](C)C(=O)/C=C/C(C)=C/[C@@H]1CO[C@@H]1O[C@H](C)[C@@H](O)[C@@H](OC)[C@H]1OC,True,,-2.619,-1.8856221437454224,-2.4674808979034424,-1.4095560312271118,37,15,22,1
tylvalosin,Tylvalosin (Ì©Íò¾úËØ),REF_TYLVALOSIN,repository_reference,O49_attached_to_C36,49,36,C,MPM00283,3-Dehydroshikimate,O=C(O)C1=CC(=O)C(O)C(O)C1,1,CC[C@H]1OC(=O)C[C@@H](OC(C)=O)[C@H](C)[C@@H](O[C@@H]2O[C@H](C)[C@@H](O[C@H]3C[C@@](C)(OC(=O)C4=CC(=O)C(O)C(O)C4)[C@@H](OC(=O)CC(C)C)[C@H](C)O3)[C@H](N(C)C)[C@H]2O)[C@@H](CC=O)C[C@@H](C)C(=O)/C=C/C(C)=C/[C@@H]1CO[C@@H]1O[C@H](C)[C@@H](O)[C@@H](OC)[C@H]1OC,CC[C@H]1OC(=O)C[C@@H](OC(C)=O)[C@H](C)[C@@H](O[C@@H]2O[C@H](C)[C@@H](O[C@H]3C[C@@](C)(OC(=O)C4=CC(=O)C(O)C(O)C4)[C@@H](OC(=O)CC(C)C)[C@H](C)O3)[C@H](N(C)C)[C@H]2O)[C@@H](CC=O)C[C@@H](C)C(=O)/C=C/C(C)=C/[C@@H]1CO[C@@H]1O[C@H](C)[C@@H](O)[C@@H](OC)[C@H]1OC,True,,-1.742,-2.051962375640869,-2.6213531494140625,-1.5860977172851562,35,15,20,1
tylvalosin,Tylvalosin (Ì©Íò¾úËØ),REF_TYLVALOSIN,repository_reference,O49_attached_to_C36,49,36,C,MPM00269,"3,4,5-Trihydroxy-1-cyclohexenecarboxylic acid",O=C(O)C1=CC(O)C(O)C(O)C1,1,CC[C@H]1OC(=O)C[C@@H](OC(C)=O)[C@H](C)[C@@H](O[C@@H]2O[C@H](C)[C@@H](O[C@H]3C[C@@](C)(OC(=O)C4=CC(O)C(O)C(O)C4)[C@@H](OC(=O)CC(C)C)[C@H](C)O3)[C@H](N(C)C)[C@H]2O)[C@@H](CC=O)C[C@@H](C)C(=O)/C=C/C(C)=C/[C@@H]1CO[C@@H]1O[C@H](C)[C@@H](O)[C@@H](OC)[C@H]1OC,CC[C@H]1OC(=O)C[C@@H](OC(C)=O)[C@H](C)[C@@H](O[C@@H]2O[C@H](C)[C@@H](O[C@H]3C[C@@](C)(OC(=O)C4=CC(O)C(O)C(O)C4)[C@@H](OC(=O)CC(C)C)[C@H](C)O3)[C@H](N(C)C)[C@H]2O)[C@@H](CC=O)C[C@@H](C)C(=O)/C=C/C(C)=C/[C@@H]1CO[C@@H]1O[C@H](C)[C@@H](O)[C@@H](OC)[C@H]1OC,True,,-2.095,-2.042543888092041,-2.6166810989379883,-1.5727951526641846,36,15,21,1
tylvalosin,Tylvalosin (Ì©Íò¾úËØ),REF_TYLVALOSIN,repository_reference,O49_attached_to_C36,49,36,C,MPM00160,1-pyrroline-2-carboxylic acid zwitterion,O=C(O)C1=NCCC1,1,CC[C@H]1OC(=O)C[C@@H](OC(C)=O)[C@H](C)[C@@H](O[C@@H]2O[C@H](C)[C@@H](O[C@H]3C[C@@](C)(OC(=O)C4=NCCC4)[C@@H](OC(=O)CC(C)C)[C@H](C)O3)[C@H](N(C)C)[C@H]2O)[C@@H](CC=O)C[C@@H](C)C(=O)/C=C/C(C)=C/[C@@H]1CO[C@@H]1O[C@H](C)[C@@H](O)[C@@H](OC)[C@H]1OC,CC[C@H]1OC(=O)C[C@@H](OC(C)=O)[C@H](C)[C@@H](O[C@@H]2O[C@H](C)[C@@H](O[C@H]3C[C@@](C)(OC(=O)C4=NCCC4)[C@@H](OC(=O)CC(C)C)[C@H](C)O3)[C@H](N(C)C)[C@H]2O)[C@@H](CC=O)C[C@@H](C)C(=O)/C=C/C(C)=C/[C@@H]1CO[C@@H]1O[C@H](C)[C@@H](O)[C@@H](OC)[C@H]1OC,True,,-1.765,-1.9135138988494873,-2.482558250427246,-1.4479321241378784,34,14,20,1
tylvalosin,Tylvalosin (Ì©Íò¾úËØ),REF_TYLVALOSIN,repository_reference,O49_attached_to_C36,49,36,C,MPM01116,1-Piperideine-2-carboxylate,O=C(O)C1=NCCCC1,1,CC[C@H]1OC(=O)C[C@@H](OC(C)=O)[C@H](C)[C@@H](O[C@@H]2O[C@H](C)[C@@H](O[C@H]3C[C@@](C)(OC(=O)C4=NCCCC4)[C@@H](OC(=O)CC(C)C)[C@H](C)O3)[C@H](N(C)C)[C@H]2O)[C@@H](CC=O)C[C@@H](C)C(=O)/C=C/C(C)=C/[C@@H]1CO[C@@H]1O[C@H](C)[C@@H](O)[C@@H](OC)[C@H]1OC,CC[C@H]1OC(=O)C[C@@H](OC(C)=O)[C@H](C)[C@@H](O[C@@H]2O[C@H](C)[C@@H](O[C@H]3C[C@@](C)(OC(=O)C4=NCCCC4)[C@@H](OC(=O)CC(C)C)[C@H](C)O3)[C@H](N(C)C)[C@H]2O)[C@@H](CC=O)C[C@@H](C)C(=O)/C=C/C(C)=C/[C@@H]1CO[C@@H]1O[C@H](C)[C@@H](O)[C@@H](OC)[C@H]1OC,True,,-1.772,-1.9404747486114502,-2.5234179496765137,-1.4635212421417236,35,14,21,1
tylvalosin,Tylvalosin (Ì©Íò¾úËØ),REF_TYLVALOSIN,repository_reference,O49_attached_to_C36,49,36,C,MPM00047,"(3R,5S)-3-Hydroxy-1-pyrroline-5-carboxylate",O=C(O)C1CC(O)C=N1,1,CC[C@H]1OC(=O)C[C@@H](OC(C)=O)[C@H](C)[C@@H](O[C@@H]2O[C@H](C)[C@@H](O[C@H]3C[C@@](C)(OC(=O)C4CC(O)C=N4)[C@@H](OC(=O)CC(C)C)[C@H](C)O3)[C@H](N(C)C)[C@H]2O)[C@@H](CC=O)C[C@@H](C)C(=O)/C=C/C(C)=C/[C@@H]1CO[C@@H]1O[C@H](C)[C@@H](O)[C@@H](OC)[C@H]1OC,CC[C@H]1OC(=O)C[C@@H](OC(C)=O)[C@H](C)[C@@H](O[C@@H]2O[C@H](C)[C@@H](O[C@H]3C[C@@](C)(OC(=O)C4CC(O)C=N4)[C@@H](OC(=O)CC(C)C)[C@H](C)O3)[C@H](N(C)C)[C@H]2O)[C@@H](CC=O)C[C@@H](C)C(=O)/C=C/C(C)=C/[C@@H]1CO[C@@H]1O[C@H](C)[C@@H](O)[C@@H](OC)[C@H]1OC,True,,-2.354,-1.63739013671875,-2.1768274307250977,-1.1960326433181763,38,16,22,1
tylvalosin,Tylvalosin (Ì©Íò¾úËØ),REF_TYLVALOSIN,repository_reference,O49_attached_to_C36,49,36,C,MPM00521,cis-4-Hydroxy-D-proline,O=C(O)C1CC(O)CN1,1,CC[C@H]1OC(=O)C[C@@H](OC(C)=O)[C@H](C)[C@@H](O[C@@H]2O[C@H](C)[C@@H](O[C@H]3C[C@@](C)(OC(=O)C4CC(O)CN4)[C@@H](OC(=O)CC(C)C)[C@H](C)O3)[C@H](N(C)C)[C@H]2O)[C@@H](CC=O)C[C@@H](C)C(=O)/C=C/C(C)=C/[C@@H]1CO[C@@H]1O[C@H](C)[C@@H](O)[C@@H](OC)[C@H]1OC,CC[C@H]1OC(=O)C[C@@H](OC(C)=O)[C@H](C)[C@@H](O[C@@H]2O[C@H](C)[C@@H](O[C@H]3C[C@@](C)(OC(=O)C4CC(O)CN4)[C@@H](OC(=O)CC(C)C)[C@H](C)O3)[C@H](N(C)C)[C@H]2O)[C@@H](CC=O)C[C@@H](C)C(=O)/C=C/C(C)=C/[C@@H]1CO[C@@H]1O[C@H](C)[C@@H](O)[C@@H](OC)[C@H]1OC,True,,-1.726,-1.8607463836669922,-2.4490902423858643,-1.3793740272521973,35,14,21,1
tylvalosin,Tylvalosin (Ì©Íò¾úËØ),REF_TYLVALOSIN,repository_reference,O49_attached_to_C36,49,36,C,MPM00162,1-Pyrroline-5-carboxylate,O=C(O)C1CCC=N1,1,CC[C@H]1OC(=O)C[C@@H](OC(C)=O)[C@H](C)[C@@H](O[C@@H]2O[C@H](C)[C@@H](O[C@H]3C[C@@](C)(OC(=O)C4CCC=N4)[C@@H](OC(=O)CC(C)C)[C@H](C)O3)[C@H](N(C)C)[C@H]2O)[C@@H](CC=O)C[C@@H](C)C(=O)/C=C/C(C)=C/[C@@H]1CO[C@@H]1O[C@H](C)[C@@H](O)[C@@H](OC)[C@H]1OC,CC[C@H]1OC(=O)C[C@@H](OC(C)=O)[C@H](C)[C@@H](O[C@@H]2O[C@H](C)[C@@H](O[C@H]3C[C@@](C)(OC(=O)C4CCC=N4)[C@@H](OC(=O)CC(C)C)[C@H](C)O3)[C@H](N(C)C)[C@H]2O)[C@@H](CC=O)C[C@@H](C)C(=O)/C=C/C(C)=C/[C@@H]1CO[C@@H]1O[C@H](C)[C@@H](O)[C@@H](OC)[C@H]1OC,True,,-2.021,-1.6823108196258545,-2.2344319820404053,-1.2305755615234375,37,15,22,1
tylvalosin,Tylvalosin (Ì©Íò¾úËØ),REF_TYLVALOSIN,repository_reference,O49_attached_to_C36,49,36,C,MPM00613,D-Proline,O=C(O)C1CCCN1,1,CC[C@H]1OC(=O)C[C@@H](OC(C)=O)[C@H](C)[C@@H](O[C@@H]2O[C@H](C)[C@@H](O[C@H]3C[C@@](C)(OC(=O)C4CCCN4)[C@@H](OC(=O)CC(C)C)[C@H](C)O3)[C@H](N(C)C)[C@H]2O)[C@@H](CC=O)C[C@@H](C)C(=O)/C=C/C(C)=C/[C@@H]1CO[C@@H]1O[C@H](C)[C@@H](O)[C@@H](OC)[C@H]1OC,CC[C@H]1OC(=O)C[C@@H](OC(C)=O)[C@H](C)[C@@H](O[C@@H]2O[C@H](C)[C@@H](O[C@H]3C[C@@](C)(OC(=O)C4CCCN4)[C@@H](OC(=O)CC(C)C)[C@H](C)O3)[C@H](N(C)C)[C@H]2O)[C@@H](CC=O)C[C@@H](C)C(=O)/C=C/C(C)=C/[C@@H]1CO[C@@H]1O[C@H](C)[C@@H](O)[C@@H](OC)[C@H]1OC,True,,-1.405,-1.9660686254501343,-2.578033208847046,-1.4653698205947876,35,14,21,1
tylvalosin,Tylvalosin (Ì©Íò¾úËØ),REF_TYLVALOSIN,repository_reference,O49_attached_to_C36,49,36,C,MPM00575,D-Galacturonic acid,O=C(O)C1OC(O)C(O)C(O)C1O,1,CC[C@H]1OC(=O)C[C@@H](OC(C)=O)[C@H](C)[C@@H](O[C@@H]2O[C@H](C)[C@@H](O[C@H]3C[C@@](C)(OC(=O)C4OC(O)C(O)C(O)C4O)[C@@H](OC(=O)CC(C)C)[C@H](C)O3)[C@H](N(C)C)[C@H]2O)[C@@H](CC=O)C[C@@H](C)C(=O)/C=C/C(C)=C/[C@@H]1CO[C@@H]1O[C@H](C)[C@@H](O)[C@@H](OC)[C@H]1OC,CC[C@H]1OC(=O)C[C@@H](OC(C)=O)[C@H](C)[C@@H](O[C@@H]2O[C@H](C)[C@@H](O[C@H]3C[C@@](C)(OC(=O)C4OC(O)C(O)C(O)C4O)[C@@H](OC(=O)CC(C)C)[C@H](C)O3)[C@H](N(C)C)[C@H]2O)[C@@H](CC=O)C[C@@H](C)C(=O)/C=C/C(C)=C/[C@@H]1CO[C@@H]1O[C@H](C)[C@@H](O)[C@@H](OC)[C@H]1OC,True,,-2.417,-1.9639761447906494,-2.5417070388793945,-1.4912877082824707,37,15,22,1
tylvalosin,Tylvalosin (Ì©Íò¾úËØ),REF_TYLVALOSIN,repository_reference,O49_attached_to_C36,49,36,C,MPM00158,1-Phospho-alpha-D-glucuronate,O=C(O)C1OC(OP(=O)(O)O)C(O)C(O)C1O,1,CC[C@H]1OC(=O)C[C@@H](OC(C)=O)[C@H](C)[C@@H](O[C@@H]2O[C@H](C)[C@@H](O[C@H]3C[C@@](C)(OC(=O)C4OC(OP(=O)(O)O)C(O)C(O)C4O)[C@@H](OC(=O)CC(C)C)[C@H](C)O3)[C@H](N(C)C)[C@H]2O)[C@@H](CC=O)C[C@@H](C)C(=O)/C=C/C(C)=C/[C@@H]1CO[C@@H]1O[C@H](C)[C@@H](O)[C@@H](OC)[C@H]1OC,CC[C@H]1OC(=O)C[C@@H](OC(C)=O)[C@H](C)[C@@H](O[C@@H]2O[C@H](C)[C@@H](O[C@H]3C[C@@](C)(OC(=O)C4OC(OP(=O)(O)O)C(O)C(O)C4O)[C@@H](OC(=O)CC(C)C)[C@H](C)O3)[C@H](N(C)C)[C@H]2O)[C@@H](CC=O)C[C@@H](C)C(=O)/C=C/C(C)=C/[C@@H]1CO[C@@H]1O[C@H](C)[C@@H](O)[C@@H](OC)[C@H]1OC,True,,-3.355,-1.9159637689590454,-2.479466438293457,-1.454916000366211,36,14,22,1
tylvalosin,Tylvalosin (Ì©Íò¾úËØ),REF_TYLVALOSIN,repository_reference,O49_attached_to_C36,49,36,C,MPM00009,"(2E)-3-(3,4-Dihydroxyphenyl)prop-2-enoate",O=C(O)C=Cc1ccc(O)c(O)c1,1,CC[C@H]1OC(=O)C[C@@H](OC(C)=O)[C@H](C)[C@@H](O[C@@H]2O[C@H](C)[C@@H](O[C@H]3C[C@@](C)(OC(=O)C=Cc4ccc(O)c(O)c4)[C@@H](OC(=O)CC(C)C)[C@H](C)O3)[C@H](N(C)C)[C@H]2O)[C@@H](CC=O)C[C@@H](C)C(=O)/C=C/C(C)=C/[C@@H]1CO[C@@H]1O[C@H](C)[C@@H](O)[C@@H](OC)[C@H]1OC,CC[C@H]1OC(=O)C[C@@H](OC(C)=O)[C@H](C)[C@@H](O[C@@H]2O[C@H](C)[C@@H](O[C@H]3C[C@@](C)(OC(=O)C=Cc4ccc(O)c(O)c4)[C@@H](OC(=O)CC(C)C)[C@H](C)O3)[C@H](N(C)C)[C@H]2O)[C@@H](CC=O)C[C@@H](C)C(=O)/C=C/C(C)=C/[C@@H]1CO[C@@H]1O[C@H](C)[C@@H](O)[C@@H](OC)[C@H]1OC,True,,-0.708,-1.8382937908172607,-2.457768440246582,-1.3314512968063354,36,14,22,1
tylvalosin,Tylvalosin (Ì©Íò¾úËØ),REF_TYLVALOSIN,repository_reference,O49_attached_to_C36,49,36,C,MPM00350,4-Hydroxycinnamate,O=C(O)C=Cc1ccc(O)cc1,1,CC[C@H]1OC(=O)C[C@@H](OC(C)=O)[C@H](C)[C@@H](O[C@@H]2O[C@H](C)[C@@H](O[C@H]3C[C@@](C)(OC(=O)C=Cc4ccc(O)cc4)[C@@H](OC(=O)CC(C)C)[C@H](C)O3)[C@H](N(C)C)[C@H]2O)[C@@H](CC=O)C[C@@H](C)C(=O)/C=C/C(C)=C/[C@@H]1CO[C@@H]1O[C@H](C)[C@@H](O)[C@@H](OC)[C@H]1OC,CC[C@H]1OC(=O)C[C@@H](OC(C)=O)[C@H](C)[C@@H](O[C@@H]2O[C@H](C)[C@@H](O[C@H]3C[C@@](C)(OC(=O)C=Cc4ccc(O)cc4)[C@@H](OC(=O)CC(C)C)[C@H](C)O3)[C@H](N(C)C)[C@H]2O)[C@@H](CC=O)C[C@@H](C)C(=O)/C=C/C(C)=C/[C@@H]1CO[C@@H]1O[C@H](C)[C@@H](O)[C@@H](OC)[C@H]1OC,True,,-0.401,-1.8058059215545654,-2.3904926776885986,-1.3274258375167847,37,15,22,1
tylvalosin,Tylvalosin (Ì©Íò¾úËØ),REF_TYLVALOSIN,repository_reference,O49_attached_to_C36,49,36,C,MPM00014,(2E)-3-Phenylprop-2-enoate,O=C(O)C=Cc1ccccc1,1,CC[C@H]1OC(=O)C[C@@H](OC(C)=O)[C@H](C)[C@@H](O[C@@H]2O[C@H](C)[C@@H](O[C@H]3C[C@@](C)(OC(=O)C=Cc4ccccc4)[C@@H](OC(=O)CC(C)C)[C@H](C)O3)[C@H](N(C)C)[C@H]2O)[C@@H](CC=O)C[C@@H](C)C(=O)/C=C/C(C)=C/[C@@H]1CO[C@@H]1O[C@H](C)[C@@H](O)[C@@H](OC)[C@H]1OC,CC[C@H]1OC(=O)C[C@@H](OC(C)=O)[C@H](C)[C@@H](O[C@@H]2O[C@H](C)[C@@H](O[C@H]3C[C@@](C)(OC(=O)C=Cc4ccccc4)[C@@H](OC(=O)CC(C)C)[C@H](C)O3)[C@H](N(C)C)[C@H]2O)[C@@H](CC=O)C[C@@H](C)C(=O)/C=C/C(C)=C/[C@@H]1CO[C@@H]1O[C@H](C)[C@@H](O)[C@@H](OC)[C@H]1OC,True,,-0.011,-2.0214734077453613,-2.643893241882324,-1.5122205018997192,35,14,21,1
tylvalosin,Tylvalosin (Ì©Íò¾úËØ),REF_TYLVALOSIN,repository_reference,O49_attached_to_C36,49,36,C,MPM00285,3-Hydroxy-10-phenyldecanoic acid,O=C(O)CC(O)CCCCCCCc1ccccc1,1,CC[C@H]1OC(=O)C[C@@H](OC(C)=O)[C@H](C)[C@@H](O[C@@H]2O[C@H](C)[C@@H](O[C@H]3C[C@@](C)(OC(=O)CC(O)CCCCCCCc4ccccc4)[C@@H](OC(=O)CC(C)C)[C@H](C)O3)[C@H](N(C)C)[C@H]2O)[C@@H](CC=O)C[C@@H](C)C(=O)/C=C/C(C)=C/[C@@H]1CO[C@@H]1O[C@H](C)[C@@H](O)[C@@H](OC)[C@H]1OC,CC[C@H]1OC(=O)C[C@@H](OC(C)=O)[C@H](C)[C@@H](O[C@@H]2O[C@H](C)[C@@H](O[C@H]3C[C@@](C)(OC(=O)CC(O)CCCCCCCc4ccccc4)[C@@H](OC(=O)CC(C)C)[C@H](C)O3)[C@H](N(C)C)[C@H]2O)[C@@H](CC=O)C[C@@H](C)C(=O)/C=C/C(C)=C/[C@@H]1CO[C@@H]1O[C@H](C)[C@@H](O)[C@@H](OC)[C@H]1OC,True,,-2.211,-2.2576804161071777,-2.9677786827087402,-1.676690697669983,34,13,21,1
tylvalosin,Tylvalosin (Ì©Íò¾úËØ),REF_TYLVALOSIN,repository_reference,O49_attached_to_C36,49,36,C,MPM00292,3-Hydroxy-9-phenylnonanoic acid,O=C(O)CC(O)CCCCCCc1ccccc1,1,CC[C@H]1OC(=O)C[C@@H](OC(C)=O)[C@H](C)[C@@H](O[C@@H]2O[C@H](C)[C@@H](O[C@H]3C[C@@](C)(OC(=O)CC(O)CCCCCCc4ccccc4)[C@@H](OC(=O)CC(C)C)[C@H](C)O3)[C@H](N(C)C)[C@H]2O)[C@@H](CC=O)C[C@@H](C)C(=O)/C=C/C(C)=C/[C@@H]1CO[C@@H]1O[C@H](C)[C@@H](O)[C@@H](OC)[C@H]1OC,CC[C@H]1OC(=O)C[C@@H](OC(C)=O)[C@H](C)[C@@H](O[C@@H]2O[C@H](C)[C@@H](O[C@H]3C[C@@](C)(OC(=O)CC(O)CCCCCCc4ccccc4)[C@@H](OC(=O)CC(C)C)[C@H](C)O3)[C@H](N(C)C)[C@H]2O)[C@@H](CC=O)C[C@@H](C)C(=O)/C=C/C(C)=C/[C@@H]1CO[C@@H]1O[C@H](C)[C@@H](O)[C@@H](OC)[C@H]1OC,True,,-2.143,-2.305354595184326,-3.0194931030273438,-1.7210595607757568,33,12,21,1
tylvalosin,Tylvalosin (Ì©Íò¾úËØ),REF_TYLVALOSIN,repository_reference,O49_attached_to_C36,49,36,C,MPM00291,3-Hydroxy-8-phenyloctanoic acid,O=C(O)CC(O)CCCCCc1ccccc1,1,CC[C@H]1OC(=O)C[C@@H](OC(C)=O)[C@H](C)[C@@H](O[C@@H]2O[C@H](C)[C@@H](O[C@H]3C[C@@](C)(OC(=O)CC(O)CCCCCc4ccccc4)[C@@H](OC(=O)CC(C)C)[C@H](C)O3)[C@H](N(C)C)[C@H]2O)[C@@H](CC=O)C[C@@H](C)C(=O)/C=C/C(C)=C/[C@@H]1CO[C@@H]1O[C@H](C)[C@@H](O)[C@@H](OC)[C@H]1OC,CC[C@H]1OC(=O)C[C@@H](OC(C)=O)[C@H](C)[C@@H](O[C@@H]2O[C@H](C)[C@@H](O[C@H]3C[C@@](C)(OC(=O)CC(O)CCCCCc4ccccc4)[C@@H](OC(=O)CC(C)C)[C@H](C)O3)[C@H](N(C)C)[C@H]2O)[C@@H](CC=O)C[C@@H](C)C(=O)/C=C/C(C)=C/[C@@H]1CO[C@@H]1O[C@H](C)[C@@H](O)[C@@H](OC)[C@H]1OC,True,,-2.074,-2.280001401901245,-2.982213258743286,-1.7054646015167236,33,12,21,1
tylvalosin,Tylvalosin (Ì©Íò¾úËØ),REF_TYLVALOSIN,repository_reference,O49_attached_to_C36,49,36,C,MPM00290,3-Hydroxy-7-phenylheptanoic acid,O=C(O)CC(O)CCCCc1ccccc1,1,CC[C@H]1OC(=O)C[C@@H](OC(C)=O)[C@H](C)[C@@H](O[C@@H]2O[C@H](C)[C@@H](O[C@H]3C[C@@](C)(OC(=O)CC(O)CCCCc4ccccc4)[C@@H](OC(=O)CC(C)C)[C@H](C)O3)[C@H](N(C)C)[C@H]2O)[C@@H](CC=O)C[C@@H](C)C(=O)/C=C/C(C)=C/[C@@H]1CO[C@@H]1O[C@H](C)[C@@H](O)[C@@H](OC)[C@H]1OC,CC[C@H]1OC(=O)C[C@@H](OC(C)=O)[C@H](C)[C@@H](O[C@@H]2O[C@H](C)[C@@H](O[C@H]3C[C@@](C)(OC(=O)CC(O)CCCCc4ccccc4)[C@@H](OC(=O)CC(C)C)[C@H](C)O3)[C@H](N(C)C)[C@H]2O)[C@@H](CC=O)C[C@@H](C)C(=O)/C=C/C(C)=C/[C@@H]1CO[C@@H]1O[C@H](C)[C@@H](O)[C@@H](OC)[C@H]1OC,True,,-2.007,-2.240016460418701,-2.9369444847106934,-1.6698029041290283,33,12,21,1
tylvalosin,Tylvalosin (Ì©Íò¾úËØ),REF_TYLVALOSIN,repository_reference,O49_attached_to_C36,49,36,C,MPM00289,3-Hydroxy-6-phenylhexanoic acid,O=C(O)CC(O)CCCc1ccccc1,1,CC[C@H]1OC(=O)C[C@@H](OC(C)=O)[C@H](C)[C@@H](O[C@@H]2O[C@H](C)[C@@H](O[C@H]3C[C@@](C)(OC(=O)CC(O)CCCc4ccccc4)[C@@H](OC(=O)CC(C)C)[C@H](C)O3)[C@H](N(C)C)[C@H]2O)[C@@H](CC=O)C[C@@H](C)C(=O)/C=C/C(C)=C/[C@@H]1CO[C@@H]1O[C@H](C)[C@@H](O)[C@@H](OC)[C@H]1OC,CC[C@H]1OC(=O)C[C@@H](OC(C)=O)[C@H](C)[C@@H](O[C@@H]2O[C@H](C)[C@@H](O[C@H]3C[C@@](C)(OC(=O)CC(O)CCCc4ccccc4)[C@@H](OC(=O)CC(C)C)[C@H](C)O3)[C@H](N(C)C)[C@H]2O)[C@@H](CC=O)C[C@@H](C)C(=O)/C=C/C(C)=C/[C@@H]1CO[C@@H]1O[C@H](C)[C@@H](O)[C@@H](OC)[C@H]1OC,True,,-1.938,-2.176889419555664,-2.860074758529663,-1.617919921875,33,12,21,1
tylvalosin,Tylvalosin (Ì©Íò¾úËØ),REF_TYLVALOSIN,repository_reference,O49_attached_to_C36,49,36,C,MPM00388,"5-Oxo-4,5-dihydrofuran-2-acetate",O=C(O)CC1=CCC(=O)O1,1,CC[C@H]1OC(=O)C[C@@H](OC(C)=O)[C@H](C)[C@@H](O[C@@H]2O[C@H](C)[C@@H](O[C@H]3C[C@@](C)(OC(=O)CC4=CCC(=O)O4)[C@@H](OC(=O)CC(C)C)[C@H](C)O3)[C@H](N(C)C)[C@H]2O)[C@@H](CC=O)C[C@@H](C)C(=O)/C=C/C(C)=C/[C@@H]1CO[C@@H]1O[C@H](C)[C@@H](O)[C@@H](OC)[C@H]1OC,CC[C@H]1OC(=O)C[C@@H](OC(C)=O)[C@H](C)[C@@H](O[C@@H]2O[C@H](C)[C@@H](O[C@H]3C[C@@](C)(OC(=O)CC4=CCC(=O)O4)[C@@H](OC(=O)CC(C)C)[C@H](C)O3)[C@H](N(C)C)[C@H]2O)[C@@H](CC=O)C[C@@H](C)C(=O)/C=C/C(C)=C/[C@@H]1CO[C@@H]1O[C@H](C)[C@@H](O)[C@@H](OC)[C@H]1OC,True,,-1.449,-1.5900278091430664,-2.121187210083008,-1.1554429531097412,38,16,22,1
tylvalosin,Tylvalosin (Ì©Íò¾úËØ),REF_TYLVALOSIN,repository_reference,O49_attached_to_C36,49,36,C,MPM00597,DL-Thioctic acid,O=C(O)CCCCC1CCSS1,1,CC[C@H]1OC(=O)C[C@@H](OC(C)=O)[C@H](C)[C@@H](O[C@@H]2O[C@H](C)[C@@H](O[C@H]3C[C@@](C)(OC(=O)CCCCC4CCSS4)[C@@H](OC(=O)CC(C)C)[C@H](C)O3)[C@H](N(C)C)[C@H]2O)[C@@H](CC=O)C[C@@H](C)C(=O)/C=C/C(C)=C/[C@@H]1CO[C@@H]1O[C@H](C)[C@@H](O)[C@@H](OC)[C@H]1OC,CC[C@H]1OC(=O)C[C@@H](OC(C)=O)[C@H](C)[C@@H](O[C@@H]2O[C@H](C)[C@@H](O[C@H]3C[C@@](C)(OC(=O)CCCCC4CCSS4)[C@@H](OC(=O)CC(C)C)[C@H](C)O3)[C@H](N(C)C)[C@H]2O)[C@@H](CC=O)C[C@@H](C)C(=O)/C=C/C(C)=C/[C@@H]1CO[C@@H]1O[C@H](C)[C@@H](O)[C@@H](OC)[C@H]1OC,True,,-3.178,-1.7374062538146973,-2.2916438579559326,-1.283939242362976,37,15,22,1
tylvalosin,Tylvalosin (Ì©Íò¾úËØ),REF_TYLVALOSIN,repository_reference,O49_attached_to_C36,49,36,C,MPM00525,Coenzyme R,O=C(O)CCCCC1SCC2NC(=O)NC21,1,CC[C@H]1OC(=O)C[C@@H](OC(C)=O)[C@H](C)[C@@H](O[C@@H]2O[C@H](C)[C@@H](O[C@H]3C[C@@](C)(OC(=O)CCCCC4SCC5NC(=O)NC54)[C@@H](OC(=O)CC(C)C)[C@H](C)O3)[C@H](N(C)C)[C@H]2O)[C@@H](CC=O)C[C@@H](C)C(=O)/C=C/C(C)=C/[C@@H]1CO[C@@H]1O[C@H](C)[C@@H](O)[C@@H](OC)[C@H]1OC,CC[C@H]1OC(=O)C[C@@H](OC(C)=O)[C@H](C)[C@@H](O[C@@H]2O[C@H](C)[C@@H](O[C@H]3C[C@@](C)(OC(=O)CCCCC4SCC5NC(=O)NC54)[C@@H](OC(=O)CC(C)C)[C@H](C)O3)[C@H](N(C)C)[C@H]2O)[C@@H](CC=O)C[C@@H](C)C(=O)/C=C/C(C)=C/[C@@H]1CO[C@@H]1O[C@H](C)[C@@H](O)[C@@H](OC)[C@H]1OC,True,,-3.017,-1.1534384489059448,-1.6415091753005981,-0.7541080117225647,38,16,22,1
tylvalosin,Tylvalosin (Ì©Íò¾úËØ),REF_TYLVALOSIN,repository_reference,O49_attached_to_C36,49,36,C,MPM00144,10-Phenyldecanoic acid,O=C(O)CCCCCCCCCc1ccccc1,1,CC[C@H]1OC(=O)C[C@@H](OC(C)=O)[C@H](C)[C@@H](O[C@@H]2O[C@H](C)[C@@H](O[C@H]3C[C@@](C)(OC(=O)CCCCCCCCCc4ccccc4)[C@@H](OC(=O)CC(C)C)[C@H](C)O3)[C@H](N(C)C)[C@H]2O)[C@@H](CC=O)C[C@@H](C)C(=O)/C=C/C(C)=C/[C@@H]1CO[C@@H]1O[C@H](C)[C@@H](O)[C@@H](OC)[C@H]1OC,CC[C@H]1OC(=O)C[C@@H](OC(C)=O)[C@H](C)[C@@H](O[C@@H]2O[C@H](C)[C@@H](O[C@H]3C[C@@](C)(OC(=O)CCCCCCCCCc4ccccc4)[C@@H](OC(=O)CC(C)C)[C@H](C)O3)[C@H](N(C)C)[C@H]2O)[C@@H](CC=O)C[C@@H](C)C(=O)/C=C/C(C)=C/[C@@H]1CO[C@@H]1O[C@H](C)[C@@H](O)[C@@H](OC)[C@H]1OC,True,,-2.067,-2.288675546646118,-3.00935959815979,-1.699025273323059,33,12,21,1
tylvalosin,Tylvalosin (Ì©Íò¾úËØ),REF_TYLVALOSIN,repository_reference,O49_attached_to_C36,49,36,C,MPM00412,9-Phenylnonanoic acid,O=C(O)CCCCCCCCc1ccccc1,1,CC[C@H]1OC(=O)C[C@@H](OC(C)=O)[C@H](C)[C@@H](O[C@@H]2O[C@H](C)[C@@H](O[C@H]3C[C@@](C)(OC(=O)CCCCCCCCc4ccccc4)[C@@H](OC(=O)CC(C)C)[C@H](C)O3)[C@H](N(C)C)[C@H]2O)[C@@H](CC=O)C[C@@H](C)C(=O)/C=C/C(C)=C/[C@@H]1CO[C@@H]1O[C@H](C)[C@@H](O)[C@@H](OC)[C@H]1OC,CC[C@H]1OC(=O)C[C@@H](OC(C)=O)[C@H](C)[C@@H](O[C@@H]2O[C@H](C)[C@@H](O[C@H]3C[C@@](C)(OC(=O)CCCCCCCCc4ccccc4)[C@@H](OC(=O)CC(C)C)[C@H](C)O3)[C@H](N(C)C)[C@H]2O)[C@@H](CC=O)C[C@@H](C)C(=O)/C=C/C(C)=C/[C@@H]1CO[C@@H]1O[C@H](C)[C@@H](O)[C@@H](OC)[C@H]1OC,True,,-1.999,-2.260560989379883,-2.9773476123809814,-1.6740994453430176,33,12,21,1
tylvalosin,Tylvalosin (Ì©Íò¾úËØ),REF_TYLVALOSIN,repository_reference,O49_attached_to_C36,49,36,C,MPM00409,8-Phenyloctanoic acid,O=C(O)CCCCCCCc1ccccc1,1,CC[C@H]1OC(=O)C[C@@H](OC(C)=O)[C@H](C)[C@@H](O[C@@H]2O[C@H](C)[C@@H](O[C@H]3C[C@@](C)(OC(=O)CCCCCCCc4ccccc4)[C@@H](OC(=O)CC(C)C)[C@H](C)O3)[C@H](N(C)C)[C@H]2O)[C@@H](CC=O)C[C@@H](C)C(=O)/C=C/C(C)=C/[C@@H]1CO[C@@H]1O[C@H](C)[C@@H](O)[C@@H](OC)[C@H]1OC,CC[C@H]1OC(=O)C[C@@H](OC(C)=O)[C@H](C)[C@@H](O[C@@H]2O[C@H](C)[C@@H](O[C@H]3C[C@@](C)(OC(=O)CCCCCCCc4ccccc4)[C@@H](OC(=O)CC(C)C)[C@H](C)O3)[C@H](N(C)C)[C@H]2O)[C@@H](CC=O)C[C@@H](C)C(=O)/C=C/C(C)=C/[C@@H]1CO[C@@H]1O[C@H](C)[C@@H](O)[C@@H](OC)[C@H]1OC,True,,-1.93,-2.2504329681396484,-2.9568557739257812,-1.6724509000778198,33,12,21,1
tylvalosin,Tylvalosin (Ì©Íò¾úËØ),REF_TYLVALOSIN,repository_reference,O49_attached_to_C36,49,36,C,MPM00408,7-Phenylheptanoic acid,O=C(O)CCCCCCc1ccccc1,1,CC[C@H]1OC(=O)C[C@@H](OC(C)=O)[C@H](C)[C@@H](O[C@@H]2O[C@H](C)[C@@H](O[C@H]3C[C@@](C)(OC(=O)CCCCCCc4ccccc4)[C@@H](OC(=O)CC(C)C)[C@H](C)O3)[C@H](N(C)C)[C@H]2O)[C@@H](CC=O)C[C@@H](C)C(=O)/C=C/C(C)=C/[C@@H]1CO[C@@H]1O[C@H](C)[C@@H](O)[C@@H](OC)[C@H]1OC,CC[C@H]1OC(=O)C[C@@H](OC(C)=O)[C@H](C)[C@@H](O[C@@H]2O[C@H](C)[C@@H](O[C@H]3C[C@@](C)(OC(=O)CCCCCCc4ccccc4)[C@@H](OC(=O)CC(C)C)[C@H](C)O3)[C@H](N(C)C)[C@H]2O)[C@@H](CC=O)C[C@@H](C)C(=O)/C=C/C(C)=C/[C@@H]1CO[C@@H]1O[C@H](C)[C@@H](O)[C@@H](OC)[C@H]1OC,True,,-1.863,-2.2502310276031494,-2.954583168029785,-1.6739428043365479,33,12,21,1
tylvalosin,Tylvalosin (Ì©Íò¾úËØ),REF_TYLVALOSIN,repository_reference,O49_attached_to_C36,49,36,C,MPM00399,6-Phenylhexanoic acid,O=C(O)CCCCCc1ccccc1,1,CC[C@H]1OC(=O)C[C@@H](OC(C)=O)[C@H](C)[C@@H](O[C@@H]2O[C@H](C)[C@@H](O[C@H]3C[C@@](C)(OC(=O)CCCCCc4ccccc4)[C@@H](OC(=O)CC(C)C)[C@H](C)O3)[C@H](N(C)C)[C@H]2O)[C@@H](CC=O)C[C@@H](C)C(=O)/C=C/C(C)=C/[C@@H]1CO[C@@H]1O[C@H](C)[C@@H](O)[C@@H](OC)[C@H]1OC,CC[C@H]1OC(=O)C[C@@H](OC(C)=O)[C@H](C)[C@@H](O[C@@H]2O[C@H](C)[C@@H](O[C@H]3C[C@@](C)(OC(=O)CCCCCc4ccccc4)[C@@H](OC(=O)CC(C)C)[C@H](C)O3)[C@H](N(C)C)[C@H]2O)[C@@H](CC=O)C[C@@H](C)C(=O)/C=C/C(C)=C/[C@@H]1CO[C@@H]1O[C@H](C)[C@@H](O)[C@@H](OC)[C@H]1OC,True,,-1.794,-2.2497334480285645,-2.9537761211395264,-1.6736986637115479,33,12,21,1
tylvalosin,Tylvalosin (Ì©Íò¾úËØ),REF_TYLVALOSIN,repository_reference,O49_attached_to_C36,49,36,C,MPM00390,5-Phenylvaleric acid,O=C(O)CCCCc1ccccc1,1,CC[C@H]1OC(=O)C[C@@H](OC(C)=O)[C@H](C)[C@@H](O[C@@H]2O[C@H](C)[C@@H](O[C@H]3C[C@@](C)(OC(=O)CCCCc4ccccc4)[C@@H](OC(=O)CC(C)C)[C@H](C)O3)[C@H](N(C)C)[C@H]2O)[C@@H](CC=O)C[C@@H](C)C(=O)/C=C/C(C)=C/[C@@H]1CO[C@@H]1O[C@H](C)[C@@H](O)[C@@H](OC)[C@H]1OC,CC[C@H]1OC(=O)C[C@@H](OC(C)=O)[C@H](C)[C@@H](O[C@@H]2O[C@H](C)[C@@H](O[C@H]3C[C@@](C)(OC(=O)CCCCc4ccccc4)[C@@H](OC(=O)CC(C)C)[C@H](C)O3)[C@H](N(C)C)[C@H]2O)[C@@H](CC=O)C[C@@H](C)C(=O)/C=C/C(C)=C/[C@@H]1CO[C@@H]1O[C@H](C)[C@@H](O)[C@@H](OC)[C@H]1OC,True,,-1.726,-2.1817660331726074,-2.872288703918457,-1.616792917251587,33,12,21,1
tylvalosin,Tylvalosin (Ì©Íò¾úËØ),REF_TYLVALOSIN,repository_reference,O49_attached_to_C36,49,36,C,MPM00701,Hydroxyacetic acid,O=C(O)CO,1,CC[C@H]1OC(=O)C[C@@H](OC(C)=O)[C@H](C)[C@@H](O[C@@H]2O[C@H](C)[C@@H](O[C@H]3C[C@@](C)(OC(=O)CO)[C@@H](OC(=O)CC(C)C)[C@H](C)O3)[C@H](N(C)C)[C@H]2O)[C@@H](CC=O)C[C@@H](C)C(=O)/C=C/C(C)=C/[C@@H]1CO[C@@H]1O[C@H](C)[C@@H](O)[C@@H](OC)[C@H]1OC,CC[C@H]1OC(=O)C[C@@H](OC(C)=O)[C@H](C)[C@@H](O[C@@H]2O[C@H](C)[C@@H](O[C@H]3C[C@@](C)(OC(=O)CO)[C@@H](OC(=O)CC(C)C)[C@H](C)O3)[C@H](N(C)C)[C@H]2O)[C@@H](CC=O)C[C@@H](C)C(=O)/C=C/C(C)=C/[C@@H]1CO[C@@H]1O[C@H](C)[C@@H](O)[C@@H](OC)[C@H]1OC,True,,-1.183,-2.241476058959961,-2.7536697387695312,-1.8224079608917236,33,13,20,1
tylvalosin,Tylvalosin (Ì©Íò¾úËØ),REF_TYLVALOSIN,repository_reference,O49_attached_to_C36,49,36,C,MPM00891,Phosphoglycolic acid,O=C(O)COP(=O)(O)O,1,CC[C@H]1OC(=O)C[C@@H](OC(C)=O)[C@H](C)[C@@H](O[C@@H]2O[C@H](C)[C@@H](O[C@H]3C[C@@](C)(OC(=O)COP(=O)(O)O)[C@@H](OC(=O)CC(C)C)[C@H](C)O3)[C@H](N(C)C)[C@H]2O)[C@@H](CC=O)C[C@@H](C)C(=O)/C=C/C(C)=C/[C@@H]1CO[C@@H]1O[C@H](C)[C@@H](O)[C@@H](OC)[C@H]1OC,CC[C@H]1OC(=O)C[C@@H](OC(C)=O)[C@H](C)[C@@H](O[C@@H]2O[C@H](C)[C@@H](O[C@H]3C[C@@](C)(OC(=O)COP(=O)(O)O)[C@@H](OC(=O)CC(C)C)[C@H](C)O3)[C@H](N(C)C)[C@H]2O)[C@@H](CC=O)C[C@@H](C)C(=O)/C=C/C(C)=C/[C@@H]1CO[C@@H]1O[C@H](C)[C@@H](O)[C@@H](OC)[C@H]1OC,True,,-1.644,-2.264352321624756,-2.838125467300415,-1.7949013710021973,33,13,20,1
tylvalosin,Tylvalosin (Ì©Íò¾úËØ),REF_TYLVALOSIN,repository_reference,O49_attached_to_C36,49,36,C,MPM00894,Phosphonoacetic acid,O=C(O)CP(=O)(O)O,1,CC[C@H]1OC(=O)C[C@@H](OC(C)=O)[C@H](C)[C@@H](O[C@@H]2O[C@H](C)[C@@H](O[C@H]3C[C@@](C)(OC(=O)CP(=O)(O)O)[C@@H](OC(=O)CC(C)C)[C@H](C)O3)[C@H](N(C)C)[C@H]2O)[C@@H](CC=O)C[C@@H](C)C(=O)/C=C/C(C)=C/[C@@H]1CO[C@@H]1O[C@H](C)[C@@H](O)[C@@H](OC)[C@H]1OC,CC[C@H]1OC(=O)C[C@@H](OC(C)=O)[C@H](C)[C@@H](O[C@@H]2O[C@H](C)[C@@H](O[C@H]3C[C@@](C)(OC(=O)CP(=O)(O)O)[C@@H](OC(=O)CC(C)C)[C@H](C)O3)[C@H](N(C)C)[C@H]2O)[C@@H](CC=O)C[C@@H](C)C(=O)/C=C/C(C)=C/[C@@H]1CO[C@@H]1O[C@H](C)[C@@H](O)[C@@H](OC)[C@H]1OC,True,,-1.973,-2.4864888191223145,-3.0440971851348877,-2.0302634239196777,31,12,19,1
tylvalosin,Tylvalosin (Ì©Íò¾úËØ),REF_TYLVALOSIN,repository_reference,O49_attached_to_C36,49,36,C,MPM00961,Sulfoacetic acid,O=C(O)CS(=O)(=O)O,1,CC[C@H]1OC(=O)C[C@@H](OC(C)=O)[C@H](C)[C@@H](O[C@@H]2O[C@H](C)[C@@H](O[C@H]3C[C@@](C)(OC(=O)CS(=O)(=O)O)[C@@H](OC(=O)CC(C)C)[C@H](C)O3)[C@H](N(C)C)[C@H]2O)[C@@H](CC=O)C[C@@H](C)C(=O)/C=C/C(C)=C/[C@@H]1CO[C@@H]1O[C@H](C)[C@@H](O)[C@@H](OC)[C@H]1OC,CC[C@H]1OC(=O)C[C@@H](OC(C)=O)[C@H](C)[C@@H](O[C@@H]2O[C@H](C)[C@@H](O[C@H]3C[C@@](C)(OC(=O)CS(=O)(=O)O)[C@@H](OC(=O)CC(C)C)[C@H](C)O3)[C@H](N(C)C)[C@H]2O)[C@@H](CC=O)C[C@@H](C)C(=O)/C=C/C(C)=C/[C@@H]1CO[C@@H]1O[C@H](C)[C@@H](O)[C@@H](OC)[C@H]1OC,True,,-1.148,-2.5923402309417725,-3.178835868835449,-2.1124799251556396,28,10,18,1
tylvalosin,Tylvalosin (Ì©Íò¾úËØ),REF_TYLVALOSIN,repository_reference,O49_attached_to_C36,49,36,C,MPM00418,"Acetic acid,phenyl ester",O=C(O)Cc1ccccc1,1,CC[C@H]1OC(=O)C[C@@H](OC(C)=O)[C@H](C)[C@@H](O[C@@H]2O[C@H](C)[C@@H](O[C@H]3C[C@@](C)(OC(=O)Cc4ccccc4)[C@@H](OC(=O)CC(C)C)[C@H](C)O3)[C@H](N(C)C)[C@H]2O)[C@@H](CC=O)C[C@@H](C)C(=O)/C=C/C(C)=C/[C@@H]1CO[C@@H]1O[C@H](C)[C@@H](O)[C@@H](OC)[C@H]1OC,CC[C@H]1OC(=O)C[C@@H](OC(C)=O)[C@H](C)[C@@H](O[C@@H]2O[C@H](C)[C@@H](O[C@H]3C[C@@](C)(OC(=O)Cc4ccccc4)[C@@H](OC(=O)CC(C)C)[C@H](C)O3)[C@H](N(C)C)[C@H]2O)[C@@H](CC=O)C[C@@H](C)C(=O)/C=C/C(C)=C/[C@@H]1CO[C@@H]1O[C@H](C)[C@@H](O)[C@@H](OC)[C@H]1OC,True,,-1.523,-2.0921998023986816,-2.726706027984619,-1.5730583667755127,34,12,22,1
tylvalosin,Tylvalosin (Ì©Íò¾úËØ),REF_TYLVALOSIN,repository_reference,O49_attached_to_C36,49,36,C,MPM01016,Uracil-6-carboxylic acid,O=C(O)c1cc(=O)[nH]c(=O)[nH]1,1,CC[C@H]1OC(=O)C[C@@H](OC(C)=O)[C@H](C)[C@@H](O[C@@H]2O[C@H](C)[C@@H](O[C@H]3C[C@@](C)(OC(=O)c4cc(=O)[nH]c(=O)[nH]4)[C@@H](OC(=O)CC(C)C)[C@H](C)O3)[C@H](N(C)C)[C@H]2O)[C@@H](CC=O)C[C@@H](C)C(=O)/C=C/C(C)=C/[C@@H]1CO[C@@H]1O[C@H](C)[C@@H](O)[C@@H](OC)[C@H]1OC,CC[C@H]1OC(=O)C[C@@H](OC(C)=O)[C@H](C)[C@@H](O[C@@H]2O[C@H](C)[C@@H](O[C@H]3C[C@@](C)(OC(=O)c4cc(=O)[nH]c(=O)[nH]4)[C@@H](OC(=O)CC(C)C)[C@H](C)O3)[C@H](N(C)C)[C@H]2O)[C@@H](CC=O)C[C@@H](C)C(=O)/C=C/C(C)=C/[C@@H]1CO[C@@H]1O[C@H](C)[C@@H](O)[C@@H](OC)[C@H]1OC,True,,-1.421,-1.778704047203064,-2.216262102127075,-1.4207020998001099,37,15,22,1
tylvalosin,Tylvalosin (Ì©Íò¾úËØ),REF_TYLVALOSIN,repository_reference,O49_attached_to_C36,49,36,C,MPM00844,Orotidylic acid,O=C(O)c1cc(=O)[nH]c(=O)n1C1OC(COP(=O)(O)O)C(O)C1O,1,CC[C@H]1OC(=O)C[C@@H](OC(C)=O)[C@H](C)[C@@H](O[C@@H]2O[C@H](C)[C@@H](O[C@H]3C[C@@](C)(OC(=O)c4cc(=O)[nH]c(=O)n4C4OC(COP(=O)(O)O)C(O)C4O)[C@@H](OC(=O)CC(C)C)[C@H](C)O3)[C@H](N(C)C)[C@H]2O)[C@@H](CC=O)C[C@@H](C)C(=O)/C=C/C(C)=C/[C@@H]1CO[C@@H]1O[C@H](C)[C@@H](O)[C@@H](OC)[C@H]1OC,CC[C@H]1OC(=O)C[C@@H](OC(C)=O)[C@H](C)[C@@H](O[C@@H]2O[C@H](C)[C@@H](O[C@H]3C[C@@](C)(OC(=O)c4cc(=O)[nH]c(=O)n4C4OC(COP(=O)(O)O)C(O)C4O)[C@@H](OC(=O)CC(C)C)[C@H](C)O3)[C@H](N(C)C)[C@H]2O)[C@@H](CC=O)C[C@@H](C)C(=O)/C=C/C(C)=C/[C@@H]1CO[C@@H]1O[C@H](C)[C@@H](O)[C@@H](OC)[C@H]1OC,True,,-2.793,-1.7785543203353882,-2.2620697021484375,-1.382951021194458,37,15,22,1
tylvalosin,Tylvalosin (Ì©Íò¾úËØ),REF_TYLVALOSIN,repository_reference,O49_attached_to_C36,49,36,C,MPM00137,"1,4-Dihydroxy-2-naphthoic acid",O=C(O)c1cc(O)c2ccccc2c1O,1,CC[C@H]1OC(=O)C[C@@H](OC(C)=O)[C@H](C)[C@@H](O[C@@H]2O[C@H](C)[C@@H](O[C@H]3C[C@@](C)(OC(=O)c4cc(O)c5ccccc5c4O)[C@@H](OC(=O)CC(C)C)[C@H](C)O3)[C@H](N(C)C)[C@H]2O)[C@@H](CC=O)C[C@@H](C)C(=O)/C=C/C(C)=C/[C@@H]1CO[C@@H]1O[C@H](C)[C@@H](O)[C@@H](OC)[C@H]1OC,CC[C@H]1OC(=O)C[C@@H](OC(C)=O)[C@H](C)[C@@H](O[C@@H]2O[C@H](C)[C@@H](O[C@H]3C[C@@](C)(OC(=O)c4cc(O)c5ccccc5c4O)[C@@H](OC(=O)CC(C)C)[C@H](C)O3)[C@H](N(C)C)[C@H]2O)[C@@H](CC=O)C[C@@H](C)C(=O)/C=C/C(C)=C/[C@@H]1CO[C@@H]1O[C@H](C)[C@@H](O)[C@@H](OC)[C@H]1OC,True,,-1.211,-1.5764868259429932,-2.089405059814453,-1.1568264961242676,38,16,22,1
tylvalosin,Tylvalosin (Ì©Íò¾úËØ),REF_TYLVALOSIN,repository_reference,O49_attached_to_C36,49,36,C,MPM00398,6-Hydroxynicotinic acid,O=C(O)c1ccc(=O)[nH]c1,1,CC[C@H]1OC(=O)C[C@@H](OC(C)=O)[C@H](C)[C@@H](O[C@@H]2O[C@H](C)[C@@H](O[C@H]3C[C@@](C)(OC(=O)c4ccc(=O)[nH]c4)[C@@H](OC(=O)CC(C)C)[C@H](C)O3)[C@H](N(C)C)[C@H]2O)[C@@H](CC=O)C[C@@H](C)C(=O)/C=C/C(C)=C/[C@@H]1CO[C@@H]1O[C@H](C)[C@@H](O)[C@@H](OC)[C@H]1OC,CC[C@H]1OC(=O)C[C@@H](OC(C)=O)[C@H](C)[C@@H](O[C@@H]2O[C@H](C)[C@@H](O[C@H]3C[C@@](C)(OC(=O)c4ccc(=O)[nH]c4)[C@@H](OC(=O)CC(C)C)[C@H](C)O3)[C@H](N(C)C)[C@H]2O)[C@@H](CC=O)C[C@@H](C)C(=O)/C=C/C(C)=C/[C@@H]1CO[C@@H]1O[C@H](C)[C@@H](O)[C@@H](OC)[C@H]1OC,True,,-0.97,-2.0531129837036133,-2.654841184616089,-1.5607901811599731,35,13,22,1
tylvalosin,Tylvalosin (Ì©Íò¾úËØ),REF_TYLVALOSIN,repository_reference,O49_attached_to_C36,49,36,C,MPM00912,Protocatechuic acid,O=C(O)c1ccc(O)c(O)c1,1,CC[C@H]1OC(=O)C[C@@H](OC(C)=O)[C@H](C)[C@@H](O[C@@H]2O[C@H](C)[C@@H](O[C@H]3C[C@@](C)(OC(=O)c4ccc(O)c(O)c4)[C@@H](OC(=O)CC(C)C)[C@H](C)O3)[C@H](N(C)C)[C@H]2O)[C@@H](CC=O)C[C@@H](C)C(=O)/C=C/C(C)=C/[C@@H]1CO[C@@H]1O[C@H](C)[C@@H](O)[C@@H](OC)[C@H]1OC,CC[C@H]1OC(=O)C[C@@H](OC(C)=O)[C@H](C)[C@@H](O[C@@H]2O[C@H](C)[C@@H](O[C@H]3C[C@@](C)(OC(=O)c4ccc(O)c(O)c4)[C@@H](OC(=O)CC(C)C)[C@H](C)O3)[C@H](N(C)C)[C@H]2O)[C@@H](CC=O)C[C@@H](C)C(=O)/C=C/C(C)=C/[C@@H]1CO[C@@H]1O[C@H](C)[C@@H](O)[C@@H](OC)[C@H]1OC,True,,-1.426,-1.8563038110733032,-2.5417258739471436,-1.295504093170166,34,12,22,1
tylvalosin,Tylvalosin (Ì©Íò¾úËØ),REF_TYLVALOSIN,repository_reference,O49_attached_to_C36,49,36,C,MPM00702,Hydroxybenzenecarboxylic acid,O=C(O)c1ccc(O)cc1,1,CC[C@H]1OC(=O)C[C@@H](OC(C)=O)[C@H](C)[C@@H](O[C@@H]2O[C@H](C)[C@@H](O[C@H]3C[C@@](C)(OC(=O)c4ccc(O)cc4)[C@@H](OC(=O)CC(C)C)[C@H](C)O3)[C@H](N(C)C)[C@H]2O)[C@@H](CC=O)C[C@@H](C)C(=O)/C=C/C(C)=C/[C@@H]1CO[C@@H]1O[C@H](C)[C@@H](O)[C@@H](OC)[C@H]1OC,CC[C@H]1OC(=O)C[C@@H](OC(C)=O)[C@H](C)[C@@H](O[C@@H]2O[C@H](C)[C@@H](O[C@H]3C[C@@](C)(OC(=O)c4ccc(O)cc4)[C@@H](OC(=O)CC(C)C)[C@H](C)O3)[C@H](N(C)C)[C@H]2O)[C@@H](CC=O)C[C@@H](C)C(=O)/C=C/C(C)=C/[C@@H]1CO[C@@H]1O[C@H](C)[C@@H](O)[C@@H](OC)[C@H]1OC,True,,-1.119,-1.9231879711151123,-2.5837526321411133,-1.3827258348464966,34,12,22,1
tylvalosin,Tylvalosin (Ì©Íò¾úËØ),REF_TYLVALOSIN,repository_reference,O49_attached_to_C36,49,36,C,MPM00173,"2,3-Dihydroxybenzoic acid",O=C(O)c1cccc(O)c1O,1,CC[C@H]1OC(=O)C[C@@H](OC(C)=O)[C@H](C)[C@@H](O[C@@H]2O[C@H](C)[C@@H](O[C@H]3C[C@@](C)(OC(=O)c4cccc(O)c4O)[C@@H](OC(=O)CC(C)C)[C@H](C)O3)[C@H](N(C)C)[C@H]2O)[C@@H](CC=O)C[C@@H](C)C(=O)/C=C/C(C)=C/[C@@H]1CO[C@@H]1O[C@H](C)[C@@H](O)[C@@H](OC)[C@H]1OC,CC[C@H]1OC(=O)C[C@@H](OC(C)=O)[C@H](C)[C@@H](O[C@@H]2O[C@H](C)[C@@H](O[C@H]3C[C@@](C)(OC(=O)c4cccc(O)c4O)[C@@H](OC(=O)CC(C)C)[C@H](C)O3)[C@H](N(C)C)[C@H]2O)[C@@H](CC=O)C[C@@H](C)C(=O)/C=C/C(C)=C/[C@@H]1CO[C@@H]1O[C@H](C)[C@@H](O)[C@@H](OC)[C@H]1OC,True,,-1.406,-1.7904808521270752,-2.409304141998291,-1.2841705083847046,36,14,22,1
tylvalosin,Tylvalosin (Ì©Íò¾úËØ),REF_TYLVALOSIN,repository_reference,O49_attached_to_C36,49,36,C,MPM00614,Dracylic acid,O=C(O)c1ccccc1,1,CC[C@H]1OC(=O)C[C@@H](OC(C)=O)[C@H](C)[C@@H](O[C@@H]2O[C@H](C)[C@@H](O[C@H]3C[C@@](C)(OC(=O)c4ccccc4)[C@@H](OC(=O)CC(C)C)[C@H](C)O3)[C@H](N(C)C)[C@H]2O)[C@@H](CC=O)C[C@@H](C)C(=O)/C=C/C(C)=C/[C@@H]1CO[C@@H]1O[C@H](C)[C@@H](O)[C@@H](OC)[C@H]1OC,CC[C@H]1OC(=O)C[C@@H](OC(C)=O)[C@H](C)[C@@H](O[C@@H]2O[C@H](C)[C@@H](O[C@H]3C[C@@](C)(OC(=O)c4ccccc4)[C@@H](OC(=O)CC(C)C)[C@H](C)O3)[C@H](N(C)C)[C@H]2O)[C@@H](CC=O)C[C@@H](C)C(=O)/C=C/C(C)=C/[C@@H]1CO[C@@H]1O[C@H](C)[C@@H](O)[C@@H](OC)[C@H]1OC,True,,-0.758,-2.1473796367645264,-2.8165459632873535,-1.599880337715149,35,13,22,1
tylvalosin,Tylvalosin (Ì©Íò¾úËØ),REF_TYLVALOSIN,repository_reference,O49_attached_to_C36,49,36,C,MPM00117,1-(2-Carboxyphenylamino)-1-deoxy-D-ribulose 5-phosphate,O=C(O)c1ccccc1NCC(=O)C(O)C(O)COP(=O)(O)O,1,CC[C@H]1OC(=O)C[C@@H](OC(C)=O)[C@H](C)[C@@H](O[C@@H]2O[C@H](C)[C@@H](O[C@H]3C[C@@](C)(OC(=O)c4ccccc4NCC(=O)C(O)C(O)COP(=O)(O)O)[C@@H](OC(=O)CC(C)C)[C@H](C)O3)[C@H](N(C)C)[C@H]2O)[C@@H](CC=O)C[C@@H](C)C(=O)/C=C/C(C)=C/[C@@H]1CO[C@@H]1O[C@H](C)[C@@H](O)[C@@H](OC)[C@H]1OC,CC[C@H]1OC(=O)C[C@@H](OC(C)=O)[C@H](C)[C@@H](O[C@@H]2O[C@H](C)[C@@H](O[C@H]3C[C@@](C)(OC(=O)c4ccccc4NCC(=O)C(O)C(O)COP(=O)(O)O)[C@@H](OC(=O)CC(C)C)[C@H](C)O3)[C@H](N(C)C)[C@H]2O)[C@@H](CC=O)C[C@@H](C)C(=O)/C=C/C(C)=C/[C@@H]1CO[C@@H]1O[C@H](C)[C@@H](O)[C@@H](OC)[C@H]1OC,True,,-1.64,-1.551967978477478,-2.0905942916870117,-1.1112735271453857,38,16,22,1
tylvalosin,Tylvalosin (Ì©Íò¾úËØ),REF_TYLVALOSIN,repository_reference,O49_attached_to_C36,49,36,C,MPM00931,Salicylic acid,O=C(O)c1ccccc1O,1,CC[C@H]1OC(=O)C[C@@H](OC(C)=O)[C@H](C)[C@@H](O[C@@H]2O[C@H](C)[C@@H](O[C@H]3C[C@@](C)(OC(=O)c4ccccc4O)[C@@H](OC(=O)CC(C)C)[C@H](C)O3)[C@H](N(C)C)[C@H]2O)[C@@H](CC=O)C[C@@H](C)C(=O)/C=C/C(C)=C/[C@@H]1CO[C@@H]1O[C@H](C)[C@@H](O)[C@@H](OC)[C@H]1OC,CC[C@H]1OC(=O)C[C@@H](OC(C)=O)[C@H](C)[C@@H](O[C@@H]2O[C@H](C)[C@@H](O[C@H]3C[C@@](C)(OC(=O)c4ccccc4O)[C@@H](OC(=O)CC(C)C)[C@H](C)O3)[C@H](N(C)C)[C@H]2O)[C@@H](CC=O)C[C@@H](C)C(=O)/C=C/C(C)=C/[C@@H]1CO[C@@H]1O[C@H](C)[C@@H](O)[C@@H](OC)[C@H]1OC,True,,-1.101,-1.929703950881958,-2.559736728668213,-1.4142224788665771,34,12,22,1
tylvalosin,Tylvalosin (Ì©Íò¾úËØ),REF_TYLVALOSIN,repository_reference,O49_attached_to_C36,49,36,C,MPM00328,3-Pyridinecarboxylic acid,O=C(O)c1cccnc1,1,CC[C@H]1OC(=O)C[C@@H](OC(C)=O)[C@H](C)[C@@H](O[C@@H]2O[C@H](C)[C@@H](O[C@H]3C[C@@](C)(OC(=O)c4cccnc4)[C@@H](OC(=O)CC(C)C)[C@H](C)O3)[C@H](N(C)C)[C@H]2O)[C@@H](CC=O)C[C@@H](C)C(=O)/C=C/C(C)=C/[C@@H]1CO[C@@H]1O[C@H](C)[C@@H](O)[C@@H](OC)[C@H]1OC,CC[C@H]1OC(=O)C[C@@H](OC(C)=O)[C@H](C)[C@@H](O[C@@H]2O[C@H](C)[C@@H](O[C@H]3C[C@@](C)(OC(=O)c4cccnc4)[C@@H](OC(=O)CC(C)C)[C@H](C)O3)[C@H](N(C)C)[C@H]2O)[C@@H](CC=O)C[C@@H](C)C(=O)/C=C/C(C)=C/[C@@H]1CO[C@@H]1O[C@H](C)[C@@H](O)[C@@H](OC)[C@H]1OC,True,,-1.149,-2.0616488456726074,-2.695895195007324,-1.542720079421997,36,14,22,1
tylvalosin,Tylvalosin (Ì©Íò¾úËØ),REF_TYLVALOSIN,repository_reference,O49_attached_to_C36,49,36,C,MPM00585,Dihydro-L-orotic acid,O=C1CC(C(=O)O)NC(=O)N1,1,CC[C@H]1OC(=O)C[C@@H](OC(C)=O)[C@H](C)[C@@H](O[C@@H]2O[C@H](C)[C@@H](O[C@H]3C[C@@](C)(OC(=O)C4CC(=O)NC(=O)N4)[C@@H](OC(=O)CC(C)C)[C@H](C)O3)[C@H](N(C)C)[C@H]2O)[C@@H](CC=O)C[C@@H](C)C(=O)/C=C/C(C)=C/[C@@H]1CO[C@@H]1O[C@H](C)[C@@H](O)[C@@H](OC)[C@H]1OC,CC[C@H]1OC(=O)C[C@@H](OC(C)=O)[C@H](C)[C@@H](O[C@@H]2O[C@H](C)[C@@H](O[C@H]3C[C@@](C)(OC(=O)C4CC(=O)NC(=O)N4)[C@@H](OC(=O)CC(C)C)[C@H](C)O3)[C@H](N(C)C)[C@H]2O)[C@@H](CC=O)C[C@@H](C)C(=O)/C=C/C(C)=C/[C@@H]1CO[C@@H]1O[C@H](C)[C@@H](O)[C@@H](OC)[C@H]1OC,True,,-1.823,-2.0511422157287598,-2.605300188064575,-1.5977402925491333,34,13,21,1
tylvalosin,Tylvalosin (Ì©Íò¾úËØ),REF_TYLVALOSIN,repository_reference,O49_attached_to_C36,49,36,C,MPM00381,5-Dehydroquinic acid,O=C1CC(O)(C(=O)O)CC(O)C1O,1,CC[C@H]1OC(=O)C[C@@H](OC(C)=O)[C@H](C)[C@@H](O[C@@H]2O[C@H](C)[C@@H](O[C@H]3C[C@@](C)(OC(=O)C4(O)CC(=O)C(O)C(O)C4)[C@@H](OC(=O)CC(C)C)[C@H](C)O3)[C@H](N(C)C)[C@H]2O)[C@@H](CC=O)C[C@@H](C)C(=O)/C=C/C(C)=C/[C@@H]1CO[C@@H]1O[C@H](C)[C@@H](O)[C@@H](OC)[C@H]1OC,CC[C@H]1OC(=O)C[C@@H](OC(C)=O)[C@H](C)[C@@H](O[C@@H]2O[C@H](C)[C@@H](O[C@H]3C[C@@](C)(OC(=O)C4(O)CC(=O)C(O)C(O)C4)[C@@H](OC(=O)CC(C)C)[C@H](C)O3)[C@H](N(C)C)[C@H]2O)[C@@H](CC=O)C[C@@H](C)C(=O)/C=C/C(C)=C/[C@@H]1CO[C@@H]1O[C@H](C)[C@@H](O)[C@@H](OC)[C@H]1OC,True,,-2.278,-1.9813354015350342,-2.5571579933166504,-1.510208010673523,37,15,22,1
tylvalosin,Tylvalosin (Ì©Íò¾úËØ),REF_TYLVALOSIN,repository_reference,O49_attached_to_C36,49,36,C,MPM00679,Glyoxylic acid,O=CC(=O)O,1,CC[C@H]1OC(=O)C[C@@H](OC(C)=O)[C@H](C)[C@@H](O[C@@H]2O[C@H](C)[C@@H](O[C@H]3C[C@@](C)(OC(=O)C=O)[C@@H](OC(=O)CC(C)C)[C@H](C)O3)[C@H](N(C)C)[C@H]2O)[C@@H](CC=O)C[C@@H](C)C(=O)/C=C/C(C)=C/[C@@H]1CO[C@@H]1O[C@H](C)[C@@H](O)[C@@H](OC)[C@H]1OC,CC[C@H]1OC(=O)C[C@@H](OC(C)=O)[C@H](C)[C@@H](O[C@@H]2O[C@H](C)[C@@H](O[C@H]3C[C@@](C)(OC(=O)C=O)[C@@H](OC(=O)CC(C)C)[C@H](C)O3)[C@H](N(C)C)[C@H]2O)[C@@H](CC=O)C[C@@H](C)C(=O)/C=C/C(C)=C/[C@@H]1CO[C@@H]1O[C@H](C)[C@@H](O)[C@@H](OC)[C@H]1OC,True,,-1.351,-2.2283835411071777,-2.810065746307373,-1.752461552619934,32,12,20,1
tylvalosin,Tylvalosin (Ì©Íò¾úËØ),REF_TYLVALOSIN,repository_reference,O49_attached_to_C36,49,36,C,MPM00965,Tartronate semialdehyde,O=CC(O)C(=O)O,1,CC[C@H]1OC(=O)C[C@@H](OC(C)=O)[C@H](C)[C@@H](O[C@@H]2O[C@H](C)[C@@H](O[C@H]3C[C@@](C)(OC(=O)C(O)C=O)[C@@H](OC(=O)CC(C)C)[C@H](C)O3)[C@H](N(C)C)[C@H]2O)[C@@H](CC=O)C[C@@H](C)C(=O)/C=C/C(C)=C/[C@@H]1CO[C@@H]1O[C@H](C)[C@@H](O)[C@@H](OC)[C@H]1OC,CC[C@H]1OC(=O)C[C@@H](OC(C)=O)[C@H](C)[C@@H](O[C@@H]2O[C@H](C)[C@@H](O[C@H]3C[C@@](C)(OC(=O)C(O)C=O)[C@@H](OC(=O)CC(C)C)[C@H](C)O3)[C@H](N(C)C)[C@H]2O)[C@@H](CC=O)C[C@@H](C)C(=O)/C=C/C(C)=C/[C@@H]1CO[C@@H]1O[C@H](C)[C@@H](O)[C@@H](OC)[C@H]1OC,True,,-1.55,-2.339411973953247,-2.834073066711426,-1.9346896409988403,34,14,20,1
tylvalosin,Tylvalosin (Ì©Íò¾úËØ),REF_TYLVALOSIN,repository_reference,O49_attached_to_C36,49,36,C,MPM00768,Malonate semialdehyde,O=CCC(=O)O,1,CC[C@H]1OC(=O)C[C@@H](OC(C)=O)[C@H](C)[C@@H](O[C@@H]2O[C@H](C)[C@@H](O[C@H]3C[C@@](C)(OC(=O)CC=O)[C@@H](OC(=O)CC(C)C)[C@H](C)O3)[C@H](N(C)C)[C@H]2O)[C@@H](CC=O)C[C@@H](C)C(=O)/C=C/C(C)=C/[C@@H]1CO[C@@H]1O[C@H](C)[C@@H](O)[C@@H](OC)[C@H]1OC,CC[C@H]1OC(=O)C[C@@H](OC(C)=O)[C@H](C)[C@@H](O[C@@H]2O[C@H](C)[C@@H](O[C@H]3C[C@@](C)(OC(=O)CC=O)[C@@H](OC(=O)CC(C)C)[C@H](C)O3)[C@H](N(C)C)[C@H]2O)[C@@H](CC=O)C[C@@H](C)C(=O)/C=C/C(C)=C/[C@@H]1CO[C@@H]1O[C@H](C)[C@@H](O)[C@@H](OC)[C@H]1OC,True,,-1.63,-2.1809048652648926,-2.660569906234741,-1.7884516716003418,34,14,20,1
tylvalosin,Tylvalosin (Ì©Íò¾úËØ),REF_TYLVALOSIN,repository_reference,O49_attached_to_C36,49,36,C,MPM00359,4-Oxobutanoate,O=CCCC(=O)O,1,CC[C@H]1OC(=O)C[C@@H](OC(C)=O)[C@H](C)[C@@H](O[C@@H]2O[C@H](C)[C@@H](O[C@H]3C[C@@](C)(OC(=O)CCC=O)[C@@H](OC(=O)CC(C)C)[C@H](C)O3)[C@H](N(C)C)[C@H]2O)[C@@H](CC=O)C[C@@H](C)C(=O)/C=C/C(C)=C/[C@@H]1CO[C@@H]1O[C@H](C)[C@@H](O)[C@@H](OC)[C@H]1OC,CC[C@H]1OC(=O)C[C@@H](OC(C)=O)[C@H](C)[C@@H](O[C@@H]2O[C@H](C)[C@@H](O[C@H]3C[C@@](C)(OC(=O)CCC=O)[C@@H](OC(=O)CC(C)C)[C@H](C)O3)[C@H](N(C)C)[C@H]2O)[C@@H](CC=O)C[C@@H](C)C(=O)/C=C/C(C)=C/[C@@H]1CO[C@@H]1O[C@H](C)[C@@H](O)[C@@H](OC)[C@H]1OC,True,,-1.892,-1.912736177444458,-2.4092960357666016,-1.5064598321914673,37,15,22,1
tylvalosin,Tylvalosin (Ì©Íò¾úËØ),REF_TYLVALOSIN,repository_reference,O53_attached_to_C27,53,27,C,MPM00863,PEP,C=C(OP(=O)(O)O)C(=O)O,1,C=C(OP(=O)(O)O)C(=O)O[C@H]1[C@H](O[C@H]2[C@@H](CC=O)C[C@@H](C)C(=O)/C=C/C(C)=C/[C@H](CO[C@@H]3O[C@H](C)[C@@H](O)[C@@H](OC)[C@H]3OC)[C@@H](CC)OC(=O)C[C@@H](OC(C)=O)[C@@H]2C)O[C@H](C)[C@@H](O[C@H]2C[C@@](C)(O)[C@@H](OC(=O)CC(C)C)[C@H](C)O2)[C@@H]1N(C)C,C=C(OP(=O)(O)O)C(=O)O[C@H]1[C@H](O[C@H]2[C@@H](CC=O)C[C@@H](C)C(=O)/C=C/C(C)=C/[C@H](CO[C@@H]3O[C@H](C)[C@@H](O)[C@@H](OC)[C@H]3OC)[C@@H](CC)OC(=O)C[C@@H](OC(C)=O)[C@@H]2C)O[C@H](C)[C@@H](O[C@H]2C[C@@](C)(O)[C@@H](OC(=O)CC(C)C)[C@H](C)O2)[C@@H]1N(C)C,True,,-1.699,-1.832242727279663,-2.347595691680908,-1.4105901718139648,37,15,22,1
tylvalosin,Tylvalosin (Ì©Íò¾úËØ),REF_TYLVALOSIN,repository_reference,O53_attached_to_C27,53,27,C,MPM00921,Pyroracemic acid,CC(=O)C(=O)O,1,CC[C@H]1OC(=O)C[C@@H](OC(C)=O)[C@H](C)[C@@H](O[C@@H]2O[C@H](C)[C@@H](O[C@H]3C[C@@](C)(O)[C@@H](OC(=O)CC(C)C)[C@H](C)O3)[C@H](N(C)C)[C@H]2OC(=O)C(C)=O)[C@@H](CC=O)C[C@@H](C)C(=O)/C=C/C(C)=C/[C@@H]1CO[C@@H]1O[C@H](C)[C@@H](O)[C@@H](OC)[C@H]1OC,CC[C@H]1OC(=O)C[C@@H](OC(C)=O)[C@H](C)[C@@H](O[C@@H]2O[C@H](C)[C@@H](O[C@H]3C[C@@](C)(O)[C@@H](OC(=O)CC(C)C)[C@H](C)O3)[C@H](N(C)C)[C@H]2OC(=O)C(C)=O)[C@@H](CC=O)C[C@@H](C)C(=O)/C=C/C(C)=C/[C@@H]1CO[C@@H]1O[C@H](C)[C@@H](O)[C@@H](OC)[C@H]1OC,True,,-1.495,-3.1442818641662598,-3.835967540740967,-2.578357696533203,22,5,17,1
tylvalosin,Tylvalosin (Ì©Íò¾úËØ),REF_TYLVALOSIN,repository_reference,O53_attached_to_C27,53,27,C,MPM00036,(2S)-2-Hydroxy-2-methyl-3-oxobutanoate,CC(=O)C(C)(O)C(=O)O,1,CC[C@H]1OC(=O)C[C@@H](OC(C)=O)[C@H](C)[C@@H](O[C@@H]2O[C@H](C)[C@@H](O[C@H]3C[C@@](C)(O)[C@@H](OC(=O)CC(C)C)[C@H](C)O3)[C@H](N(C)C)[C@H]2OC(=O)C(C)(O)C(C)=O)[C@@H](CC=O)C[C@@H](C)C(=O)/C=C/C(C)=C/[C@@H]1CO[C@@H]1O[C@H](C)[C@@H](O)[C@@H](OC)[C@H]1OC,CC[C@H]1OC(=O)C[C@@H](OC(C)=O)[C@H](C)[C@@H](O[C@@H]2O[C@H](C)[C@@H](O[C@H]3C[C@@](C)(O)[C@@H](OC(=O)CC(C)C)[C@H](C)O3)[C@H](N(C)C)[C@H]2OC(=O)C(C)(O)C(C)=O)[C@@H](CC=O)C[C@@H](C)C(=O)/C=C/C(C)=C/[C@@H]1CO[C@@H]1O[C@H](C)[C@@H](O)[C@@H](OC)[C@H]1OC,True,,-2.164,-1.8326435089111328,-2.3725953102111816,-1.3908648490905762,37,15,22,1
tylvalosin,Tylvalosin (Ì©Íò¾úËØ),REF_TYLVALOSIN,repository_reference,O53_attached_to_C27,53,27,C,MPM01075,(S)-2-Amino-3-oxobutanoic acid,CC(=O)C(N)C(=O)O,1,CC[C@H]1OC(=O)C[C@@H](OC(C)=O)[C@H](C)[C@@H](O[C@@H]2O[C@H](C)[C@@H](O[C@H]3C[C@@](C)(O)[C@@H](OC(=O)CC(C)C)[C@H](C)O3)[C@H](N(C)C)[C@H]2OC(=O)C(N)C(C)=O)[C@@H](CC=O)C[C@@H](C)C(=O)/C=C/C(C)=C/[C@@H]1CO[C@@H]1O[C@H](C)[C@@H](O)[C@@H](OC)[C@H]1OC,CC[C@H]1OC(=O)C[C@@H](OC(C)=O)[C@H](C)[C@@H](O[C@@H]2O[C@H](C)[C@@H](O[C@H]3C[C@@](C)(O)[C@@H](OC(=O)CC(C)C)[C@H](C)O3)[C@H](N(C)C)[C@H]2OC(=O)C(N)C(C)=O)[C@@H](CC=O)C[C@@H](C)C(=O)/C=C/C(C)=C/[C@@H]1CO[C@@H]1O[C@H](C)[C@@H](O)[C@@H](OC)[C@H]1OC,True,,-1.45,-1.7643117904663086,-2.357090950012207,-1.2793104648590088,36,15,21,1
tylvalosin,Tylvalosin (Ì©Íò¾úËØ),REF_TYLVALOSIN,repository_reference,O53_attached_to_C27,53,27,C,MPM00419,Acetoacetic acid,CC(=O)CC(=O)O,1,CC[C@H]1OC(=O)C[C@@H](OC(C)=O)[C@H](C)[C@@H](O[C@@H]2O[C@H](C)[C@@H](O[C@H]3C[C@@](C)(O)[C@@H](OC(=O)CC(C)C)[C@H](C)O3)[C@H](N(C)C)[C@H]2OC(=O)CC(C)=O)[C@@H](CC=O)C[C@@H](C)C(=O)/C=C/C(C)=C/[C@@H]1CO[C@@H]1O[C@H](C)[C@@H](O)[C@@H](OC)[C@H]1OC,CC[C@H]1OC(=O)C[C@@H](OC(C)=O)[C@H](C)[C@@H](O[C@@H]2O[C@H](C)[C@@H](O[C@H]3C[C@@](C)(O)[C@@H](OC(=O)CC(C)C)[C@H](C)O3)[C@H](N(C)C)[C@H]2OC(=O)CC(C)=O)[C@@H](CC=O)C[C@@H](C)C(=O)/C=C/C(C)=C/[C@@H]1CO[C@@H]1O[C@H](C)[C@@H](O)[C@@H](OC)[C@H]1OC,True,,-1.606,-1.9674322605133057,-2.5190155506134033,-1.516136646270752,35,14,21,1
tylvalosin,Tylvalosin (Ì©Íò¾úËØ),REF_TYLVALOSIN,repository_reference,O53_attached_to_C27,53,27,C,MPM00188,2-Acetamido-5-oxopentanoate,CC(=O)NC(CCC=O)C(=O)O,1,CC[C@H]1OC(=O)C[C@@H](OC(C)=O)[C@H](C)[C@@H](O[C@@H]2O[C@H](C)[C@@H](O[C@H]3C[C@@](C)(O)[C@@H](OC(=O)CC(C)C)[C@H](C)O3)[C@H](N(C)C)[C@H]2OC(=O)C(CCC=O)NC(C)=O)[C@@H](CC=O)C[C@@H](C)C(=O)/C=C/C(C)=C/[C@@H]1CO[C@@H]1O[C@H](C)[C@@H](O)[C@@H](OC)[C@H]1OC,CC[C@H]1OC(=O)C[C@@H](OC(C)=O)[C@H](C)[C@@H](O[C@@H]2O[C@H](C)[C@@H](O[C@H]3C[C@@](C)(O)[C@@H](OC(=O)CC(C)C)[C@H](C)O3)[C@H](N(C)C)[C@H]2OC(=O)C(CCC=O)NC(C)=O)[C@@H](CC=O)C[C@@H](C)C(=O)/C=C/C(C)=C/[C@@H]1CO[C@@H]1O[C@H](C)[C@@H](O)[C@@H](OC)[C@H]1OC,True,,-2.152,-3.5101065635681152,-4.198646068572998,-2.9467554092407227,15,2,13,1
tylvalosin,Tylvalosin (Ì©Íò¾úËØ),REF_TYLVALOSIN,repository_reference,O53_attached_to_C27,53,27,C,MPM01517,N2-Acetyl-L-ornithine,CC(=O)NC(CCCN)C(=O)O,1,CC[C@H]1OC(=O)C[C@@H](OC(C)=O)[C@H](C)[C@@H](O[C@@H]2O[C@H](C)[C@@H](O[C@H]3C[C@@](C)(O)[C@@H](OC(=O)CC(C)C)[C@H](C)O3)[C@H](N(C)C)[C@H]2OC(=O)C(CCCN)NC(C)=O)[C@@H](CC=O)C[C@@H](C)C(=O)/C=C/C(C)=C/[C@@H]1CO[C@@H]1O[C@H](C)[C@@H](O)[C@@H](OC)[C@H]1OC,CC[C@H]1OC(=O)C[C@@H](OC(C)=O)[C@H](C)[C@@H](O[C@@H]2O[C@H](C)[C@@H](O[C@H]3C[C@@](C)(O)[C@@H](OC(=O)CC(C)C)[C@H](C)O3)[C@H](N(C)C)[C@H]2OC(=O)C(CCCN)NC(C)=O)[C@@H](CC=O)C[C@@H](C)C(=O)/C=C/C(C)=C/[C@@H]1CO[C@@H]1O[C@H](C)[C@@H](O)[C@@H](OC)[C@H]1OC,True,,-1.474,-2.4710354804992676,-3.165159225463867,-1.9031157493591309,30,11,19,1
tylvalosin,Tylvalosin (Ì©Íò¾úËØ),REF_TYLVALOSIN,repository_reference,O53_attached_to_C27,53,27,C,MPM00819,Neu5Ac,CC(=O)NC1C(O)CC(O)(C(=O)O)OC1C(O)C(O)CO,1,CC[C@H]1OC(=O)C[C@@H](OC(C)=O)[C@H](C)[C@@H](O[C@@H]2O[C@H](C)[C@@H](O[C@H]3C[C@@](C)(O)[C@@H](OC(=O)CC(C)C)[C@H](C)O3)[C@H](N(C)C)[C@H]2OC(=O)C2(O)CC(O)C(NC(C)=O)C(C(O)C(O)CO)O2)[C@@H](CC=O)C[C@@H](C)C(=O)/C=C/C(C)=C/[C@@H]1CO[C@@H]1O[C@H](C)[C@@H](O)[C@@H](OC)[C@H]1OC,CC[C@H]1OC(=O)C[C@@H](OC(C)=O)[C@H](C)[C@@H](O[C@@H]2O[C@H](C)[C@@H](O[C@H]3C[C@@](C)(O)[C@@H](OC(=O)CC(C)C)[C@H](C)O3)[C@H](N(C)C)[C@H]2OC(=O)C2(O)CC(O)C(NC(C)=O)C(C(O)C(O)CO)O2)[C@@H](CC=O)C[C@@H](C)C(=O)/C=C/C(C)=C/[C@@H]1CO[C@@H]1O[C@H](C)[C@@H](O)[C@@H](OC)[C@H]1OC,True,,-2.94,-2.471717119216919,-3.121237277984619,-1.940291404724121,30,11,19,1
tylvalosin,Tylvalosin (Ì©Íò¾úËØ),REF_TYLVALOSIN,repository_reference,O53_attached_to_C27,53,27,C,MPM00806,N-Acetyl-D-muramoate,CC(=O)NC1C(O)OC(CO)C(O)C1OC(C)C(=O)O,1,CC[C@H]1OC(=O)C[C@@H](OC(C)=O)[C@H](C)[C@@H](O[C@@H]2O[C@H](C)[C@@H](O[C@H]3C[C@@](C)(O)[C@@H](OC(=O)CC(C)C)[C@H](C)O3)[C@H](N(C)C)[C@H]2OC(=O)C(C)OC2C(O)C(CO)OC(O)C2NC(C)=O)[C@@H](CC=O)C[C@@H](C)C(=O)/C=C/C(C)=C/[C@@H]1CO[C@@H]1O[C@H](C)[C@@H](O)[C@@H](OC)[C@H]1OC,CC[C@H]1OC(=O)C[C@@H](OC(C)=O)[C@H](C)[C@@H](O[C@@H]2O[C@H](C)[C@@H](O[C@H]3C[C@@](C)(O)[C@@H](OC(=O)CC(C)C)[C@H](C)O3)[C@H](N(C)C)[C@H]2OC(=O)C(C)OC2C(O)C(CO)OC(O)C2NC(C)=O)[C@@H](CC=O)C[C@@H](C)C(=O)/C=C/C(C)=C/[C@@H]1CO[C@@H]1O[C@H](C)[C@@H](O)[C@@H](OC)[C@H]1OC,True,,-2.579,-2.022993564605713,-2.6272358894348145,-1.5286133289337158,34,13,21,1
tylvalosin,Tylvalosin (Ì©Íò¾úËØ),REF_TYLVALOSIN,repository_reference,O53_attached_to_C27,53,27,C,MPM00632,Ethanoic acid,CC(=O)O,1,CC[C@H]1OC(=O)C[C@@H](OC(C)=O)[C@H](C)[C@@H](O[C@@H]2O[C@H](C)[C@@H](O[C@H]3C[C@@](C)(O)[C@@H](OC(=O)CC(C)C)[C@H](C)O3)[C@H](N(C)C)[C@H]2OC(C)=O)[C@@H](CC=O)C[C@@H](C)C(=O)/C=C/C(C)=C/[C@@H]1CO[C@@H]1O[C@H](C)[C@@H](O)[C@@H](OC)[C@H]1OC,CC[C@H]1OC(=O)C[C@@H](OC(C)=O)[C@H](C)[C@@H](O[C@@H]2O[C@H](C)[C@@H](O[C@H]3C[C@@](C)(O)[C@@H](OC(=O)CC(C)C)[C@H](C)O3)[C@H](N(C)C)[C@H]2OC(C)=O)[C@@H](CC=O)C[C@@H](C)C(=O)/C=C/C(C)=C/[C@@H]1CO[C@@H]1O[C@H](C)[C@@H](O)[C@@H](OC)[C@H]1OC,True,,-1.543,-2.900273084640503,-3.65279221534729,-2.2845757007598877,25,8,17,1
tylvalosin,Tylvalosin (Ì©Íò¾úËØ),REF_TYLVALOSIN,repository_reference,O53_attached_to_C27,53,27,C,MPM01530,O3-Acetyl-L-serine,CC(=O)OCC(N)C(=O)O,1,CC[C@H]1OC(=O)C[C@@H](OC(C)=O)[C@H](C)[C@@H](O[C@@H]2O[C@H](C)[C@@H](O[C@H]3C[C@@](C)(O)[C@@H](OC(=O)CC(C)C)[C@H](C)O3)[C@H](N(C)C)[C@H]2OC(=O)C(N)COC(C)=O)[C@@H](CC=O)C[C@@H](C)C(=O)/C=C/C(C)=C/[C@@H]1CO[C@@H]1O[C@H](C)[C@@H](O)[C@@H](OC)[C@H]1OC,CC[C@H]1OC(=O)C[C@@H](OC(C)=O)[C@H](C)[C@@H](O[C@@H]2O[C@H](C)[C@@H](O[C@H]3C[C@@](C)(O)[C@@H](OC(=O)CC(C)C)[C@H](C)O3)[C@H](N(C)C)[C@H]2OC(=O)C(N)COC(C)=O)[C@@H](CC=O)C[C@@H](C)C(=O)/C=C/C(C)=C/[C@@H]1CO[C@@H]1O[C@H](C)[C@@H](O)[C@@H](OC)[C@H]1OC,True,,-1.301,-2.4624571800231934,-3.1958234310150146,-1.8624303340911865,29,10,19,1
tylvalosin,Tylvalosin (Ì©Íò¾úËØ),REF_TYLVALOSIN,repository_reference,O53_attached_to_C27,53,27,C,MPM01531,O-Acetylhomoserine,CC(=O)OCCC(N)C(=O)O,1,CC[C@H]1OC(=O)C[C@@H](OC(C)=O)[C@H](C)[C@@H](O[C@@H]2O[C@H](C)[C@@H](O[C@H]3C[C@@](C)(O)[C@@H](OC(=O)CC(C)C)[C@H](C)O3)[C@H](N(C)C)[C@H]2OC(=O)C(N)CCOC(C)=O)[C@@H](CC=O)C[C@@H](C)C(=O)/C=C/C(C)=C/[C@@H]1CO[C@@H]1O[C@H](C)[C@@H](O)[C@@H](OC)[C@H]1OC,CC[C@H]1OC(=O)C[C@@H](OC(C)=O)[C@H](C)[C@@H](O[C@@H]2O[C@H](C)[C@@H](O[C@H]3C[C@@](C)(O)[C@@H](OC(=O)CC(C)C)[C@H](C)O3)[C@H](N(C)C)[C@H]2OC(=O)C(N)CCOC(C)=O)[C@@H](CC=O)C[C@@H](C)C(=O)/C=C/C(C)=C/[C@@H]1CO[C@@H]1O[C@H](C)[C@@H](O)[C@@H](OC)[C@H]1OC,True,,-1.489,-2.4447104930877686,-3.151933431625366,-1.866073727607727,30,11,19,1
tylvalosin,Tylvalosin (Ì©Íò¾úËØ),REF_TYLVALOSIN,repository_reference,O53_attached_to_C27,53,27,C,MPM00396,6-Acetylthiohexanoic acid,CC(=O)SCCCCCC(=O)O,1,CC[C@H]1OC(=O)C[C@@H](OC(C)=O)[C@H](C)[C@@H](O[C@@H]2O[C@H](C)[C@@H](O[C@H]3C[C@@](C)(O)[C@@H](OC(=O)CC(C)C)[C@H](C)O3)[C@H](N(C)C)[C@H]2OC(=O)CCCCCSC(C)=O)[C@@H](CC=O)C[C@@H](C)C(=O)/C=C/C(C)=C/[C@@H]1CO[C@@H]1O[C@H](C)[C@@H](O)[C@@H](OC)[C@H]1OC,CC[C@H]1OC(=O)C[C@@H](OC(C)=O)[C@H](C)[C@@H](O[C@@H]2O[C@H](C)[C@@H](O[C@H]3C[C@@](C)(O)[C@@H](OC(=O)CC(C)C)[C@H](C)O3)[C@H](N(C)C)[C@H]2OC(=O)CCCCCSC(C)=O)[C@@H](CC=O)C[C@@H](C)C(=O)/C=C/C(C)=C/[C@@H]1CO[C@@H]1O[C@H](C)[C@@H](O)[C@@H](OC)[C@H]1OC,True,,-2.508,-2.3995070457458496,-3.1124637126922607,-1.816178560256958,29,10,19,1
tylvalosin,Tylvalosin (Ì©Íò¾úËØ),REF_TYLVALOSIN,repository_reference,O53_attached_to_C27,53,27,C,MPM00215,2-Dehydropantoate,CC(C)(CO)C(=O)C(=O)O,1,CC[C@H]1OC(=O)C[C@@H](OC(C)=O)[C@H](C)[C@@H](O[C@@H]2O[C@H](C)[C@@H](O[C@H]3C[C@@](C)(O)[C@@H](OC(=O)CC(C)C)[C@H](C)O3)[C@H](N(C)C)[C@H]2OC(=O)C(=O)C(C)(C)CO)[C@@H](CC=O)C[C@@H](C)C(=O)/C=C/C(C)=C/[C@@H]1CO[C@@H]1O[C@H](C)[C@@H](O)[C@@H](OC)[C@H]1OC,CC[C@H]1OC(=O)C[C@@H](OC(C)=O)[C@H](C)[C@@H](O[C@@H]2O[C@H](C)[C@@H](O[C@H]3C[C@@](C)(O)[C@@H](OC(=O)CC(C)C)[C@H](C)O3)[C@H](N(C)C)[C@H]2OC(=O)C(=O)C(C)(C)CO)[C@@H](CC=O)C[C@@H](C)C(=O)/C=C/C(C)=C/[C@@H]1CO[C@@H]1O[C@H](C)[C@@H](O)[C@@H](OC)[C@H]1OC,True,,-1.37,-3.0008668899536133,-3.691826820373535,-2.4355359077453613,24,7,17,1
tylvalosin,Tylvalosin (Ì©Íò¾úËØ),REF_TYLVALOSIN,repository_reference,O53_attached_to_C27,53,27,C,MPM00831,N-Pantothenoylcysteine,CC(C)(CO)C(O)C(=O)NCCC(=O)NC(CS)C(=O)O,1,CC[C@H]1OC(=O)C[C@@H](OC(C)=O)[C@H](C)[C@@H](O[C@@H]2O[C@H](C)[C@@H](O[C@H]3C[C@@](C)(O)[C@@H](OC(=O)CC(C)C)[C@H](C)O3)[C@H](N(C)C)[C@H]2OC(=O)C(CS)NC(=O)CCNC(=O)C(O)C(C)(C)CO)[C@@H](CC=O)C[C@@H](C)C(=O)/C=C/C(C)=C/[C@@H]1CO[C@@H]1O[C@H](C)[C@@H](O)[C@@H](OC)[C@H]1OC,CC[C@H]1OC(=O)C[C@@H](OC(C)=O)[C@H](C)[C@@H](O[C@@H]2O[C@H](C)[C@@H](O[C@H]3C[C@@](C)(O)[C@@H](OC(=O)CC(C)C)[C@H](C)O3)[C@H](N(C)C)[C@H]2OC(=O)C(CS)NC(=O)CCNC(=O)C(O)C(C)(C)CO)[C@@H](CC=O)C[C@@H](C)C(=O)/C=C/C(C)=C/[C@@H]1CO[C@@H]1O[C@H](C)[C@@H](O)[C@@H](OC)[C@H]1OC,True,,-3.329,-2.4514071941375732,-3.1383962631225586,-1.8893252611160278,29,10,19,1
tylvalosin,Tylvalosin (Ì©Íò¾úËØ),REF_TYLVALOSIN,repository_reference,O53_attached_to_C27,53,27,C,MPM00087,(R)-Pantothenate,CC(C)(CO)C(O)C(=O)NCCC(=O)O,1,CC[C@H]1OC(=O)C[C@@H](OC(C)=O)[C@H](C)[C@@H](O[C@@H]2O[C@H](C)[C@@H](O[C@H]3C[C@@](C)(O)[C@@H](OC(=O)CC(C)C)[C@H](C)O3)[C@H](N(C)C)[C@H]2OC(=O)CCNC(=O)C(O)C(C)(C)CO)[C@@H](CC=O)C[C@@H](C)C(=O)/C=C/C(C)=C/[C@@H]1CO[C@@H]1O[C@H](C)[C@@H](O)[C@@H](OC)[C@H]1OC,CC[C@H]1OC(=O)C[C@@H](OC(C)=O)[C@H](C)[C@@H](O[C@@H]2O[C@H](C)[C@@H](O[C@H]3C[C@@](C)(O)[C@@H](OC(=O)CC(C)C)[C@H](C)O3)[C@H](N(C)C)[C@H]2OC(=O)CCNC(=O)C(O)C(C)(C)CO)[C@@H](CC=O)C[C@@H](C)C(=O)/C=C/C(C)=C/[C@@H]1CO[C@@H]1O[C@H](C)[C@@H](O)[C@@H](OC)[C@H]1OC,True,,-1.765,-2.4140706062316895,-3.1234805583953857,-1.8336445093154907,29,10,19,1
tylvalosin,Tylvalosin (Ì©Íò¾úËØ),REF_TYLVALOSIN,repository_reference,O53_attached_to_C27,53,27,C,MPM00080,(R)-4'-Phosphopantothenate,CC(C)(COP(=O)(O)O)C(O)C(=O)NCCC(=O)O,1,CC[C@H]1OC(=O)C[C@@H](OC(C)=O)[C@H](C)[C@@H](O[C@@H]2O[C@H](C)[C@@H](O[C@H]3C[C@@](C)(O)[C@@H](OC(=O)CC(C)C)[C@H](C)O3)[C@H](N(C)C)[C@H]2OC(=O)CCNC(=O)C(O)C(C)(C)COP(=O)(O)O)[C@@H](CC=O)C[C@@H](C)C(=O)/C=C/C(C)=C/[C@@H]1CO[C@@H]1O[C@H](C)[C@@H](O)[C@@H](OC)[C@H]1OC,CC[C@H]1OC(=O)C[C@@H](OC(C)=O)[C@H](C)[C@@H](O[C@@H]2O[C@H](C)[C@@H](O[C@H]3C[C@@](C)(O)[C@@H](OC(=O)CC(C)C)[C@H](C)O3)[C@H](N(C)C)[C@H]2OC(=O)CCNC(=O)C(O)C(C)(C)COP(=O)(O)O)[C@@H](CC=O)C[C@@H](C)C(=O)/C=C/C(C)=C/[C@@H]1CO[C@@H]1O[C@H](C)[C@@H](O)[C@@H](OC)[C@H]1OC,True,,-2.158,-2.4324586391448975,-3.125408411026001,-1.865499496459961,30,11,19,1
tylvalosin,Tylvalosin (Ì©Íò¾úËØ),REF_TYLVALOSIN,repository_reference,O53_attached_to_C27,53,27,C,MPM00026,"(2R)-2,3-Dihydroxy-3-methylbutanoate",CC(C)(O)C(O)C(=O)O,1,CC[C@H]1OC(=O)C[C@@H](OC(C)=O)[C@H](C)[C@@H](O[C@@H]2O[C@H](C)[C@@H](O[C@H]3C[C@@](C)(O)[C@@H](OC(=O)CC(C)C)[C@H](C)O3)[C@H](N(C)C)[C@H]2OC(=O)C(O)C(C)(C)O)[C@@H](CC=O)C[C@@H](C)C(=O)/C=C/C(C)=C/[C@@H]1CO[C@@H]1O[C@H](C)[C@@H](O)[C@@H](OC)[C@H]1OC,CC[C@H]1OC(=O)C[C@@H](OC(C)=O)[C@H](C)[C@@H](O[C@@H]2O[C@H](C)[C@@H](O[C@H]3C[C@@](C)(O)[C@@H](OC(=O)CC(C)C)[C@H](C)O3)[C@H](N(C)C)[C@H]2OC(=O)C(O)C(C)(C)O)[C@@H](CC=O)C[C@@H](C)C(=O)/C=C/C(C)=C/[C@@H]1CO[C@@H]1O[C@H](C)[C@@H](O)[C@@H](OC)[C@H]1OC,True,,-1.911,-2.876697301864624,-3.5543413162231445,-2.322260856628418,26,8,18,1
tylvalosin,Tylvalosin (Ì©Íò¾úËØ),REF_TYLVALOSIN,repository_reference,O53_attached_to_C27,53,27,C,MPM00242,2-Keto-3-methylbutyric acid,CC(C)C(=O)C(=O)O,1,CC[C@H]1OC(=O)C[C@@H](OC(C)=O)[C@H](C)[C@@H](O[C@@H]2O[C@H](C)[C@@H](O[C@H]3C[C@@](C)(O)[C@@H](OC(=O)CC(C)C)[C@H](C)O3)[C@H](N(C)C)[C@H]2OC(=O)C(=O)C(C)C)[C@@H](CC=O)C[C@@H](C)C(=O)/C=C/C(C)=C/[C@@H]1CO[C@@H]1O[C@H](C)[C@@H](O)[C@@H](OC)[C@H]1OC,CC[C@H]1OC(=O)C[C@@H](OC(C)=O)[C@H](C)[C@@H](O[C@@H]2O[C@H](C)[C@@H](O[C@H]3C[C@@](C)(O)[C@@H](OC(=O)CC(C)C)[C@H](C)O3)[C@H](N(C)C)[C@H]2OC(=O)C(=O)C(C)C)[C@@H](CC=O)C[C@@H](C)C(=O)/C=C/C(C)=C/[C@@H]1CO[C@@H]1O[C@H](C)[C@@H](O)[C@@H](OC)[C@H]1OC,True,,-1.554,-2.7147300243377686,-3.3721516132354736,-2.176839828491211,25,7,18,1
tylvalosin,Tylvalosin (Ì©Íò¾úËØ),REF_TYLVALOSIN,repository_reference,O53_attached_to_C27,53,27,C,MPM00716,Isobutyrate,CC(C)C(=O)O,1,CC[C@H]1OC(=O)C[C@@H](OC(C)=O)[C@H](C)[C@@H](O[C@@H]2O[C@H](C)[C@@H](O[C@H]3C[C@@](C)(O)[C@@H](OC(=O)CC(C)C)[C@H](C)O3)[C@H](N(C)C)[C@H]2OC(=O)C(C)C)[C@@H](CC=O)C[C@@H](C)C(=O)/C=C/C(C)=C/[C@@H]1CO[C@@H]1O[C@H](C)[C@@H](O)[C@@H](OC)[C@H]1OC,CC[C@H]1OC(=O)C[C@@H](OC(C)=O)[C@H](C)[C@@H](O[C@@H]2O[C@H](C)[C@@H](O[C@H]3C[C@@](C)(O)[C@@H](OC(=O)CC(C)C)[C@H](C)O3)[C@H](N(C)C)[C@H]2OC(=O)C(C)C)[C@@H](CC=O)C[C@@H](C)C(=O)/C=C/C(C)=C/[C@@H]1CO[C@@H]1O[C@H](C)[C@@H](O)[C@@H](OC)[C@H]1OC,True,,-1.612,-2.732273817062378,-3.3977231979370117,-2.1878151893615723,25,7,18,1
tylvalosin,Tylvalosin (Ì©Íò¾úËØ),REF_TYLVALOSIN,repository_reference,O53_attached_to_C27,53,27,C,MPM01137,2-Amino-3-methylbutyric acid,CC(C)C(N)C(=O)O,1,CC[C@H]1OC(=O)C[C@@H](OC(C)=O)[C@H](C)[C@@H](O[C@@H]2O[C@H](C)[C@@H](O[C@H]3C[C@@](C)(O)[C@@H](OC(=O)CC(C)C)[C@H](C)O3)[C@H](N(C)C)[C@H]2OC(=O)C(N)C(C)C)[C@@H](CC=O)C[C@@H](C)C(=O)/C=C/C(C)=C/[C@@H]1CO[C@@H]1O[C@H](C)[C@@H](O)[C@@H](OC)[C@H]1OC,CC[C@H]1OC(=O)C[C@@H](OC(C)=O)[C@H](C)[C@@H](O[C@@H]2O[C@H](C)[C@@H](O[C@H]3C[C@@](C)(O)[C@@H](OC(=O)CC(C)C)[C@H](C)O3)[C@H](N(C)C)[C@H]2OC(=O)C(N)C(C)C)[C@@H](CC=O)C[C@@H](C)C(=O)/C=C/C(C)=C/[C@@H]1CO[C@@H]1O[C@H](C)[C@@H](O)[C@@H](OC)[C@H]1OC,True,,-1.586,-2.752746105194092,-3.4820446968078613,-2.1560475826263428,25,7,18,1
tylvalosin,Tylvalosin (Ì©Íò¾úËØ),REF_TYLVALOSIN,repository_reference,O53_attached_to_C27,53,27,C,MPM00260,2-Oxoisocaproate,CC(C)CC(=O)C(=O)O,1,CC[C@H]1OC(=O)C[C@@H](OC(C)=O)[C@H](C)[C@@H](O[C@@H]2O[C@H](C)[C@@H](O[C@H]3C[C@@](C)(O)[C@@H](OC(=O)CC(C)C)[C@H](C)O3)[C@H](N(C)C)[C@H]2OC(=O)C(=O)CC(C)C)[C@@H](CC=O)C[C@@H](C)C(=O)/C=C/C(C)=C/[C@@H]1CO[C@@H]1O[C@H](C)[C@@H](O)[C@@H](OC)[C@H]1OC,CC[C@H]1OC(=O)C[C@@H](OC(C)=O)[C@H](C)[C@@H](O[C@@H]2O[C@H](C)[C@@H](O[C@H]3C[C@@](C)(O)[C@@H](OC(=O)CC(C)C)[C@H](C)O3)[C@H](N(C)C)[C@H]2OC(=O)C(=O)CC(C)C)[C@@H](CC=O)C[C@@H](C)C(=O)/C=C/C(C)=C/[C@@H]1CO[C@@H]1O[C@H](C)[C@@H](O)[C@@H](OC)[C@H]1OC,True,,-1.78,-2.8933920860290527,-3.5829479694366455,-2.3292102813720703,24,7,17,1
tylvalosin,Tylvalosin (Ì©Íò¾úËØ),REF_TYLVALOSIN,repository_reference,O53_attached_to_C27,53,27,C,MPM00720,Isovalerate,CC(C)CC(=O)O,1,CC[C@H]1OC(=O)C[C@@H](OC(C)=O)[C@H](C)[C@@H](O[C@@H]2O[C@H](C)[C@@H](O[C@H]3C[C@@](C)(O)[C@@H](OC(=O)CC(C)C)[C@H](C)O3)[C@H](N(C)C)[C@H]2OC(=O)CC(C)C)[C@@H](CC=O)C[C@@H](C)C(=O)/C=C/C(C)=C/[C@@H]1CO[C@@H]1O[C@H](C)[C@@H](O)[C@@H](OC)[C@H]1OC,CC[C@H]1OC(=O)C[C@@H](OC(C)=O)[C@H](C)[C@@H](O[C@@H]2O[C@H](C)[C@@H](O[C@H]3C[C@@](C)(O)[C@@H](OC(=O)CC(C)C)[C@H](C)O3)[C@H](N(C)C)[C@H]2OC(=O)CC(C)C)[C@@H](CC=O)C[C@@H](C)C(=O)/C=C/C(C)=C/[C@@H]1CO[C@@H]1O[C@H](C)[C@@H](O)[C@@H](OC)[C@H]1OC,True,,-1.842,-2.6840882301330566,-3.3923728466033936,-2.1045827865600586,26,8,18,1
tylvalosin,Tylvalosin (Ì©Íò¾úËØ),REF_TYLVALOSIN,repository_reference,O53_attached_to_C27,53,27,C,MPM01055,(2S)-alpha-Leucine,CC(C)CC(N)C(=O)O,1,CC[C@H]1OC(=O)C[C@@H](OC(C)=O)[C@H](C)[C@@H](O[C@@H]2O[C@H](C)[C@@H](O[C@H]3C[C@@](C)(O)[C@@H](OC(=O)CC(C)C)[C@H](C)O3)[C@H](N(C)C)[C@H]2OC(=O)C(N)CC(C)C)[C@@H](CC=O)C[C@@H](C)C(=O)/C=C/C(C)=C/[C@@H]1CO[C@@H]1O[C@H](C)[C@@H](O)[C@@H](OC)[C@H]1OC,CC[C@H]1OC(=O)C[C@@H](OC(C)=O)[C@H](C)[C@@H](O[C@@H]2O[C@H](C)[C@@H](O[C@H]3C[C@@](C)(O)[C@@H](OC(=O)CC(C)C)[C@H](C)O3)[C@H](N(C)C)[C@H]2OC(=O)C(N)CC(C)C)[C@@H](CC=O)C[C@@H](C)C(=O)/C=C/C(C)=C/[C@@H]1CO[C@@H]1O[C@H](C)[C@@H](O)[C@@H](OC)[C@H]1OC,True,,-1.669,-2.785454034805298,-3.4878499507904053,-2.210766077041626,26,7,19,1
tylvalosin,Tylvalosin (Ì©Íò¾úËØ),REF_TYLVALOSIN,repository_reference,O53_attached_to_C27,53,27,C,MPM00737,l-Alanyl-l-leucine,CC(C)CC(NC(=O)C(C)N)C(=O)O,1,CC[C@H]1OC(=O)C[C@@H](OC(C)=O)[C@H](C)[C@@H](O[C@@H]2O[C@H](C)[C@@H](O[C@H]3C[C@@](C)(O)[C@@H](OC(=O)CC(C)C)[C@H](C)O3)[C@H](N(C)C)[C@H]2OC(=O)C(CC(C)C)NC(=O)C(C)N)[C@@H](CC=O)C[C@@H](C)C(=O)/C=C/C(C)=C/[C@@H]1CO[C@@H]1O[C@H](C)[C@@H](O)[C@@H](OC)[C@H]1OC,CC[C@H]1OC(=O)C[C@@H](OC(C)=O)[C@H](C)[C@@H](O[C@@H]2O[C@H](C)[C@@H](O[C@H]3C[C@@](C)(O)[C@@H](OC(=O)CC(C)C)[C@H](C)O3)[C@H](N(C)C)[C@H]2OC(=O)C(CC(C)C)NC(=O)C(C)N)[C@@H](CC=O)C[C@@H](C)C(=O)/C=C/C(C)=C/[C@@H]1CO[C@@H]1O[C@H](C)[C@@H](O)[C@@H](OC)[C@H]1OC,True,,-1.822,-2.5968024730682373,-3.3451297283172607,-1.984534740447998,28,9,19,1
tylvalosin,Tylvalosin (Ì©Íò¾úËØ),REF_TYLVALOSIN,repository_reference,O53_attached_to_C27,53,27,C,MPM00675,Glycyl-L-leucine,CC(C)CC(NC(=O)CN)C(=O)O,1,CC[C@H]1OC(=O)C[C@@H](OC(C)=O)[C@H](C)[C@@H](O[C@@H]2O[C@H](C)[C@@H](O[C@H]3C[C@@](C)(O)[C@@H](OC(=O)CC(C)C)[C@H](C)O3)[C@H](N(C)C)[C@H]2OC(=O)C(CC(C)C)NC(=O)CN)[C@@H](CC=O)C[C@@H](C)C(=O)/C=C/C(C)=C/[C@@H]1CO[C@@H]1O[C@H](C)[C@@H](O)[C@@H](OC)[C@H]1OC,CC[C@H]1OC(=O)C[C@@H](OC(C)=O)[C@H](C)[C@@H](O[C@@H]2O[C@H](C)[C@@H](O[C@H]3C[C@@](C)(O)[C@@H](OC(=O)CC(C)C)[C@H](C)O3)[C@H](N(C)C)[C@H]2OC(=O)C(CC(C)C)NC(=O)CN)[C@@H](CC=O)C[C@@H](C)C(=O)/C=C/C(C)=C/[C@@H]1CO[C@@H]1O[C@H](C)[C@@H](O)[C@@H](OC)[C@H]1OC,True,,-1.445,-2.5414652824401855,-3.306201934814453,-1.915771484375,29,10,19,1
tylvalosin,Tylvalosin (Ì©Íò¾úËØ),REF_TYLVALOSIN,repository_reference,O53_attached_to_C27,53,27,C,MPM00108,(S)-methylmalonate semialdehyde,CC(C=O)C(=O)O,1,CC[C@H]1OC(=O)C[C@@H](OC(C)=O)[C@H](C)[C@@H](O[C@@H]2O[C@H](C)[C@@H](O[C@H]3C[C@@](C)(O)[C@@H](OC(=O)CC(C)C)[C@H](C)O3)[C@H](N(C)C)[C@H]2OC(=O)C(C)C=O)[C@@H](CC=O)C[C@@H](C)C(=O)/C=C/C(C)=C/[C@@H]1CO[C@@H]1O[C@H](C)[C@@H](O)[C@@H](OC)[C@H]1OC,CC[C@H]1OC(=O)C[C@@H](OC(C)=O)[C@H](C)[C@@H](O[C@@H]2O[C@H](C)[C@@H](O[C@H]3C[C@@](C)(O)[C@@H](OC(=O)CC(C)C)[C@H](C)O3)[C@H](N(C)C)[C@H]2OC(=O)C(C)C=O)[C@@H](CC=O)C[C@@H](C)C(=O)/C=C/C(C)=C/[C@@H]1CO[C@@H]1O[C@H](C)[C@@H](O)[C@@H](OC)[C@H]1OC,True,,-1.766,-1.9441440105438232,-2.5289835929870605,-1.4656389951705933,36,14,22,1
tylvalosin,Tylvalosin (Ì©Íò¾úËØ),REF_TYLVALOSIN,repository_reference,O53_attached_to_C27,53,27,C,MPM01359,D-Ala-D-Ala,CC(N)C(=O)NC(C)C(=O)O,1,CC[C@H]1OC(=O)C[C@@H](OC(C)=O)[C@H](C)[C@@H](O[C@@H]2O[C@H](C)[C@@H](O[C@H]3C[C@@](C)(O)[C@@H](OC(=O)CC(C)C)[C@H](C)O3)[C@H](N(C)C)[C@H]2OC(=O)C(C)NC(=O)C(C)N)[C@@H](CC=O)C[C@@H](C)C(=O)/C=C/C(C)=C/[C@@H]1CO[C@@H]1O[C@H](C)[C@@H](O)[C@@H](OC)[C@H]1OC,CC[C@H]1OC(=O)C[C@@H](OC(C)=O)[C@H](C)[C@@H](O[C@@H]2O[C@H](C)[C@@H](O[C@H]3C[C@@](C)(O)[C@@H](OC(=O)CC(C)C)[C@H](C)O3)[C@H](N(C)C)[C@H]2OC(=O)C(C)NC(=O)C(C)N)[C@@H](CC=O)C[C@@H](C)C(=O)/C=C/C(C)=C/[C@@H]1CO[C@@H]1O[C@H](C)[C@@H](O)[C@@H](OC)[C@H]1OC,True,,-1.376,-2.80218768119812,-3.4945945739746094,-2.235672950744629,26,8,18,1
tylvalosin,Tylvalosin (Ì©Íò¾úËØ),REF_TYLVALOSIN,repository_reference,O53_attached_to_C27,53,27,C,MPM00736,l-Alanyl-l-glutamine,CC(N)C(=O)NC(CCC(N)=O)C(=O)O,1,CC[C@H]1OC(=O)C[C@@H](OC(C)=O)[C@H](C)[C@@H](O[C@@H]2O[C@H](C)[C@@H](O[C@H]3C[C@@](C)(O)[C@@H](OC(=O)CC(C)C)[C@H](C)O3)[C@H](N(C)C)[C@H]2OC(=O)C(CCC(N)=O)NC(=O)C(C)N)[C@@H](CC=O)C[C@@H](C)C(=O)/C=C/C(C)=C/[C@@H]1CO[C@@H]1O[C@H](C)[C@@H](O)[C@@H](OC)[C@H]1OC,CC[C@H]1OC(=O)C[C@@H](OC(C)=O)[C@H](C)[C@@H](O[C@@H]2O[C@H](C)[C@@H](O[C@H]3C[C@@](C)(O)[C@@H](OC(=O)CC(C)C)[C@H](C)O3)[C@H](N(C)C)[C@H]2OC(=O)C(CCC(N)=O)NC(=O)C(C)N)[C@@H](CC=O)C[C@@H](C)C(=O)/C=C/C(C)=C/[C@@H]1CO[C@@H]1O[C@H](C)[C@@H](O)[C@@H](OC)[C@H]1OC,True,,-1.352,-2.586124897003174,-3.2880187034606934,-2.011847734451294,28,9,19,1
tylvalosin,Tylvalosin (Ì©Íò¾úËØ),REF_TYLVALOSIN,repository_reference,O53_attached_to_C27,53,27,C,MPM00440,Ala-His,CC(N)C(=O)NC(Cc1cnc[nH]1)C(=O)O,1,CC[C@H]1OC(=O)C[C@@H](OC(C)=O)[C@H](C)[C@@H](O[C@@H]2O[C@H](C)[C@@H](O[C@H]3C[C@@](C)(O)[C@@H](OC(=O)CC(C)C)[C@H](C)O3)[C@H](N(C)C)[C@H]2OC(=O)C(Cc2cnc[nH]2)NC(=O)C(C)N)[C@@H](CC=O)C[C@@H](C)C(=O)/C=C/C(C)=C/[C@@H]1CO[C@@H]1O[C@H](C)[C@@H](O)[C@@H](OC)[C@H]1OC,CC[C@H]1OC(=O)C[C@@H](OC(C)=O)[C@H](C)[C@@H](O[C@@H]2O[C@H](C)[C@@H](O[C@H]3C[C@@](C)(O)[C@@H](OC(=O)CC(C)C)[C@H](C)O3)[C@H](N(C)C)[C@H]2OC(=O)C(Cc2cnc[nH]2)NC(=O)C(C)N)[C@@H](CC=O)C[C@@H](C)C(=O)/C=C/C(C)=C/[C@@H]1CO[C@@H]1O[C@H](C)[C@@H](O)[C@@H](OC)[C@H]1OC,True,,-1.616,-2.5118746757507324,-3.251706123352051,-1.9065579175949097,29,10,19,1
tylvalosin,Tylvalosin (Ì©Íò¾úËØ),REF_TYLVALOSIN,repository_reference,O53_attached_to_C27,53,27,C,MPM00441,Alanylglycine,CC(N)C(=O)NCC(=O)O,1,CC[C@H]1OC(=O)C[C@@H](OC(C)=O)[C@H](C)[C@@H](O[C@@H]2O[C@H](C)[C@@H](O[C@H]3C[C@@](C)(O)[C@@H](OC(=O)CC(C)C)[C@H](C)O3)[C@H](N(C)C)[C@H]2OC(=O)CNC(=O)C(C)N)[C@@H](CC=O)C[C@@H](C)C(=O)/C=C/C(C)=C/[C@@H]1CO[C@@H]1O[C@H](C)[C@@H](O)[C@@H](OC)[C@H]1OC,CC[C@H]1OC(=O)C[C@@H](OC(C)=O)[C@H](C)[C@@H](O[C@@H]2O[C@H](C)[C@@H](O[C@H]3C[C@@](C)(O)[C@@H](OC(=O)CC(C)C)[C@H](C)O3)[C@H](N(C)C)[C@H]2OC(=O)CNC(=O)C(C)N)[C@@H](CC=O)C[C@@H](C)C(=O)/C=C/C(C)=C/[C@@H]1CO[C@@H]1O[C@H](C)[C@@H](O)[C@@H](OC)[C@H]1OC,True,,-1.187,-2.727346181869507,-3.407801628112793,-2.170609951019287,26,8,18,1
tylvalosin,Tylvalosin (Ì©Íò¾úËØ),REF_TYLVALOSIN,repository_reference,O53_attached_to_C27,53,27,C,MPM01358,D-Ala,CC(N)C(=O)O,1,CC[C@H]1OC(=O)C[C@@H](OC(C)=O)[C@H](C)[C@@H](O[C@@H]2O[C@H](C)[C@@H](O[C@H]3C[C@@](C)(O)[C@@H](OC(=O)CC(C)C)[C@H](C)O3)[C@H](N(C)C)[C@H]2OC(=O)C(C)N)[C@@H](CC=O)C[C@@H](C)C(=O)/C=C/C(C)=C/[C@@H]1CO[C@@H]1O[C@H](C)[C@@H](O)[C@@H](OC)[C@H]1OC,CC[C@H]1OC(=O)C[C@@H](OC(C)=O)[C@H](C)[C@@H](O[C@@H]2O[C@H](C)[C@@H](O[C@H]3C[C@@](C)(O)[C@@H](OC(=O)CC(C)C)[C@H](C)O3)[C@H](N(C)C)[C@H]2OC(=O)C(C)N)[C@@H](CC=O)C[C@@H](C)C(=O)/C=C/C(C)=C/[C@@H]1CO[C@@H]1O[C@H](C)[C@@H](O)[C@@H](OC)[C@H]1OC,True,,-1.226,-2.966282606124878,-3.671989917755127,-2.3888862133026123,22,5,17,1
tylvalosin,Tylvalosin (Ì©Íò¾úËØ),REF_TYLVALOSIN,repository_reference,O53_attached_to_C27,53,27,C,MPM00548,DAPA,CC(N)C(N)CCCCCC(=O)O,1,CC[C@H]1OC(=O)C[C@@H](OC(C)=O)[C@H](C)[C@@H](O[C@@H]2O[C@H](C)[C@@H](O[C@H]3C[C@@](C)(O)[C@@H](OC(=O)CC(C)C)[C@H](C)O3)[C@H](N(C)C)[C@H]2OC(=O)CCCCCC(N)C(C)N)[C@@H](CC=O)C[C@@H](C)C(=O)/C=C/C(C)=C/[C@@H]1CO[C@@H]1O[C@H](C)[C@@H](O)[C@@H](OC)[C@H]1OC,CC[C@H]1OC(=O)C[C@@H](OC(C)=O)[C@H](C)[C@@H](O[C@@H]2O[C@H](C)[C@@H](O[C@H]3C[C@@](C)(O)[C@@H](OC(=O)CC(C)C)[C@H](C)O3)[C@H](N(C)C)[C@H]2OC(=O)CCCCCC(N)C(C)N)[C@@H](CC=O)C[C@@H](C)C(=O)/C=C/C(C)=C/[C@@H]1CO[C@@H]1O[C@H](C)[C@@H](O)[C@@H](OC)[C@H]1OC,True,,-1.723,-2.4875454902648926,-3.22890305519104,-1.8809802532196045,29,10,19,1
tylvalosin,Tylvalosin (Ì©Íò¾úËØ),REF_TYLVALOSIN,repository_reference,O53_attached_to_C27,53,27,C,MPM00031,"(2R,4S)-2,4-diaminopentanoic acid",CC(N)CC(N)C(=O)O,1,CC[C@H]1OC(=O)C[C@@H](OC(C)=O)[C@H](C)[C@@H](O[C@@H]2O[C@H](C)[C@@H](O[C@H]3C[C@@](C)(O)[C@@H](OC(=O)CC(C)C)[C@H](C)O3)[C@H](N(C)C)[C@H]2OC(=O)C(N)CC(C)N)[C@@H](CC=O)C[C@@H](C)C(=O)/C=C/C(C)=C/[C@@H]1CO[C@@H]1O[C@H](C)[C@@H](O)[C@@H](OC)[C@H]1OC,CC[C@H]1OC(=O)C[C@@H](OC(C)=O)[C@H](C)[C@@H](O[C@@H]2O[C@H](C)[C@@H](O[C@H]3C[C@@](C)(O)[C@@H](OC(=O)CC(C)C)[C@H](C)O3)[C@H](N(C)C)[C@H]2OC(=O)C(N)CC(C)N)[C@@H](CC=O)C[C@@H](C)C(=O)/C=C/C(C)=C/[C@@H]1CO[C@@H]1O[C@H](C)[C@@H](O)[C@@H](OC)[C@H]1OC,True,,-1.292,-2.6862423419952393,-3.357557773590088,-2.136984348297119,27,8,19,1
tylvalosin,Tylvalosin (Ì©Íò¾úËØ),REF_TYLVALOSIN,repository_reference,O53_attached_to_C27,53,27,C,MPM00051,"(3S,5S)-3,5-diaminohexanoic acid",CC(N)CC(N)CC(=O)O,1,CC[C@H]1OC(=O)C[C@@H](OC(C)=O)[C@H](C)[C@@H](O[C@@H]2O[C@H](C)[C@@H](O[C@H]3C[C@@](C)(O)[C@@H](OC(=O)CC(C)C)[C@H](C)O3)[C@H](N(C)C)[C@H]2OC(=O)CC(N)CC(C)N)[C@@H](CC=O)C[C@@H](C)C(=O)/C=C/C(C)=C/[C@@H]1CO[C@@H]1O[C@H](C)[C@@H](O)[C@@H](OC)[C@H]1OC,CC[C@H]1OC(=O)C[C@@H](OC(C)=O)[C@H](C)[C@@H](O[C@@H]2O[C@H](C)[C@@H](O[C@H]3C[C@@](C)(O)[C@@H](OC(=O)CC(C)C)[C@H](C)O3)[C@H](N(C)C)[C@H]2OC(=O)CC(N)CC(C)N)[C@@H](CC=O)C[C@@H](C)C(=O)/C=C/C(C)=C/[C@@H]1CO[C@@H]1O[C@H](C)[C@@H](O)[C@@H](OC)[C@H]1OC,True,,-1.548,-2.5899643898010254,-3.2901241779327393,-2.017106533050537,28,9,19,1
tylvalosin,Tylvalosin (Ì©Íò¾úËØ),REF_TYLVALOSIN,repository_reference,O53_attached_to_C27,53,27,C,MPM00083,(R)-mevalonate,CC(O)(CCO)CC(=O)O,1,CC[C@H]1OC(=O)C[C@@H](OC(C)=O)[C@H](C)[C@@H](O[C@@H]2O[C@H](C)[C@@H](O[C@H]3C[C@@](C)(O)[C@@H](OC(=O)CC(C)C)[C@H](C)O3)[C@H](N(C)C)[C@H]2OC(=O)CC(C)(O)CCO)[C@@H](CC=O)C[C@@H](C)C(=O)/C=C/C(C)=C/[C@@H]1CO[C@@H]1O[C@H](C)[C@@H](O)[C@@H](OC)[C@H]1OC,CC[C@H]1OC(=O)C[C@@H](OC(C)=O)[C@H](C)[C@@H](O[C@@H]2O[C@H](C)[C@@H](O[C@H]3C[C@@](C)(O)[C@@H](OC(=O)CC(C)C)[C@H](C)O3)[C@H](N(C)C)[C@H]2OC(=O)CC(C)(O)CCO)[C@@H](CC=O)C[C@@H](C)C(=O)/C=C/C(C)=C/[C@@H]1CO[C@@H]1O[C@H](C)[C@@H](O)[C@@H](OC)[C@H]1OC,True,,-1.987,-2.848816394805908,-3.556208610534668,-2.270040273666382,26,8,18,1
tylvalosin,Tylvalosin (Ì©Íò¾úËØ),REF_TYLVALOSIN,repository_reference,O53_attached_to_C27,53,27,C,MPM00081,(R)-5-Diphosphomevalonate,CC(O)(CCOP(=O)(O)OP(=O)(O)O)CC(=O)O,1,CC[C@H]1OC(=O)C[C@@H](OC(C)=O)[C@H](C)[C@@H](O[C@@H]2O[C@H](C)[C@@H](O[C@H]3C[C@@](C)(O)[C@@H](OC(=O)CC(C)C)[C@H](C)O3)[C@H](N(C)C)[C@H]2OC(=O)CC(C)(O)CCOP(=O)(O)OP(=O)(O)O)[C@@H](CC=O)C[C@@H](C)C(=O)/C=C/C(C)=C/[C@@H]1CO[C@@H]1O[C@H](C)[C@@H](O)[C@@H](OC)[C@H]1OC,CC[C@H]1OC(=O)C[C@@H](OC(C)=O)[C@H](C)[C@@H](O[C@@H]2O[C@H](C)[C@@H](O[C@H]3C[C@@](C)(O)[C@@H](OC(=O)CC(C)C)[C@H](C)O3)[C@H](N(C)C)[C@H]2OC(=O)CC(C)(O)CCOP(=O)(O)OP(=O)(O)O)[C@@H](CC=O)C[C@@H](C)C(=O)/C=C/C(C)=C/[C@@H]1CO[C@@H]1O[C@H](C)[C@@H](O)[C@@H](OC)[C@H]1OC,True,,-2.858,-2.6015429496765137,-3.3015825748443604,-2.0287835597991943,29,10,19,1
tylvalosin,Tylvalosin (Ì©Íò¾úËØ),REF_TYLVALOSIN,repository_reference,O53_attached_to_C27,53,27,C,MPM00543,D-2-Hydroxypropionic acid,CC(O)C(=O)O,1,CC[C@H]1OC(=O)C[C@@H](OC(C)=O)[C@H](C)[C@@H](O[C@@H]2O[C@H](C)[C@@H](O[C@H]3C[C@@](C)(O)[C@@H](OC(=O)CC(C)C)[C@H](C)O3)[C@H](N(C)C)[C@H]2OC(=O)C(C)O)[C@@H](CC=O)C[C@@H](C)C(=O)/C=C/C(C)=C/[C@@H]1CO[C@@H]1O[C@H](C)[C@@H](O)[C@@H](OC)[C@H]1OC,CC[C@H]1OC(=O)C[C@@H](OC(C)=O)[C@H](C)[C@@H](O[C@@H]2O[C@H](C)[C@@H](O[C@H]3C[C@@](C)(O)[C@@H](OC(=O)CC(C)C)[C@H](C)O3)[C@H](N(C)C)[C@H]2OC(=O)C(C)O)[C@@H](CC=O)C[C@@H](C)C(=O)/C=C/C(C)=C/[C@@H]1CO[C@@H]1O[C@H](C)[C@@H](O)[C@@H](OC)[C@H]1OC,True,,-1.522,-2.7940242290496826,-3.424055576324463,-2.2785444259643555,26,8,18,1
tylvalosin,Tylvalosin (Ì©Íò¾úËØ),REF_TYLVALOSIN,repository_reference,O53_attached_to_C27,53,27,C,MPM01136,2-Amino-3-hydroxybutyric acid,CC(O)C(N)C(=O)O,1,CC[C@H]1OC(=O)C[C@@H](OC(C)=O)[C@H](C)[C@@H](O[C@@H]2O[C@H](C)[C@@H](O[C@H]3C[C@@](C)(O)[C@@H](OC(=O)CC(C)C)[C@H](C)O3)[C@H](N(C)C)[C@H]2OC(=O)C(N)C(C)O)[C@@H](CC=O)C[C@@H](C)C(=O)/C=C/C(C)=C/[C@@H]1CO[C@@H]1O[C@H](C)[C@@H](O)[C@@H](OC)[C@H]1OC,CC[C@H]1OC(=O)C[C@@H](OC(C)=O)[C@H](C)[C@@H](O[C@@H]2O[C@H](C)[C@@H](O[C@H]3C[C@@](C)(O)[C@@H](OC(=O)CC(C)C)[C@H](C)O3)[C@H](N(C)C)[C@H]2OC(=O)C(N)C(C)O)[C@@H](CC=O)C[C@@H](C)C(=O)/C=C/C(C)=C/[C@@H]1CO[C@@H]1O[C@H](C)[C@@H](O)[C@@H](OC)[C@H]1OC,True,,-1.478,-2.5246036052703857,-3.2262563705444336,-1.9505237340927124,28,9,19,1
tylvalosin,Tylvalosin (Ì©Íò¾úËØ),REF_TYLVALOSIN,repository_reference,O53_attached_to_C27,53,27,C,MPM00551,D-beta-Hydroxybutyric acid,CC(O)CC(=O)O,1,CC[C@H]1OC(=O)C[C@@H](OC(C)=O)[C@H](C)[C@@H](O[C@@H]2O[C@H](C)[C@@H](O[C@H]3C[C@@](C)(O)[C@@H](OC(=O)CC(C)C)[C@H](C)O3)[C@H](N(C)C)[C@H]2OC(=O)CC(C)O)[C@@H](CC=O)C[C@@H](C)C(=O)/C=C/C(C)=C/[C@@H]1CO[C@@H]1O[C@H](C)[C@@H](O)[C@@H](OC)[C@H]1OC,CC[C@H]1OC(=O)C[C@@H](OC(C)=O)[C@H](C)[C@@H](O[C@@H]2O[C@H](C)[C@@H](O[C@H]3C[C@@](C)(O)[C@@H](OC(=O)CC(C)C)[C@H](C)O3)[C@H](N(C)C)[C@H]2OC(=O)CC(C)O)[C@@H](CC=O)C[C@@H](C)C(=O)/C=C/C(C)=C/[C@@H]1CO[C@@H]1O[C@H](C)[C@@H](O)[C@@H](OC)[C@H]1OC,True,,-1.67,-2.761552572250366,-3.434735059738159,-2.2107667922973633,26,8,18,1
tylvalosin,Tylvalosin (Ì©Íò¾úËØ),REF_TYLVALOSIN,repository_reference,O53_attached_to_C27,53,27,C,MPM00843,O-Phospho-L-threonine,CC(OP(=O)(O)O)C(N)C(=O)O,1,CC[C@H]1OC(=O)C[C@@H](OC(C)=O)[C@H](C)[C@@H](O[C@@H]2O[C@H](C)[C@@H](O[C@H]3C[C@@](C)(O)[C@@H](OC(=O)CC(C)C)[C@H](C)O3)[C@H](N(C)C)[C@H]2OC(=O)C(N)C(C)OP(=O)(O)O)[C@@H](CC=O)C[C@@H](C)C(=O)/C=C/C(C)=C/[C@@H]1CO[C@@H]1O[C@H](C)[C@@H](O)[C@@H](OC)[C@H]1OC,CC[C@H]1OC(=O)C[C@@H](OC(C)=O)[C@H](C)[C@@H](O[C@@H]2O[C@H](C)[C@@H](O[C@H]3C[C@@](C)(O)[C@@H](OC(=O)CC(C)C)[C@H](C)O3)[C@H](N(C)C)[C@H]2OC(=O)C(N)C(C)OP(=O)(O)O)[C@@H](CC=O)C[C@@H](C)C(=O)/C=C/C(C)=C/[C@@H]1CO[C@@H]1O[C@H](C)[C@@H](O)[C@@H](OC)[C@H]1OC,True,,-1.764,-2.511274814605713,-3.181403398513794,-1.9629881381988525,30,11,19,1
tylvalosin,Tylvalosin (Ì©Íò¾úËØ),REF_TYLVALOSIN,repository_reference,O53_attached_to_C27,53,27,C,MPM00465,Ampicillin,CC1(C)SC2C(NC(=O)C(N)c3ccccc3)C(=O)N2C1C(=O)O,1,CC[C@H]1OC(=O)C[C@@H](OC(C)=O)[C@H](C)[C@@H](O[C@@H]2O[C@H](C)[C@@H](O[C@H]3C[C@@](C)(O)[C@@H](OC(=O)CC(C)C)[C@H](C)O3)[C@H](N(C)C)[C@H]2OC(=O)C2N3C(=O)C(NC(=O)C(N)c4ccccc4)C3SC2(C)C)[C@@H](CC=O)C[C@@H](C)C(=O)/C=C/C(C)=C/[C@@H]1CO[C@@H]1O[C@H](C)[C@@H](O)[C@@H](OC)[C@H]1OC,CC[C@H]1OC(=O)C[C@@H](OC(C)=O)[C@H](C)[C@@H](O[C@@H]2O[C@H](C)[C@@H](O[C@H]3C[C@@](C)(O)[C@@H](OC(=O)CC(C)C)[C@H](C)O3)[C@H](N(C)C)[C@H]2OC(=O)C2N3C(=O)C(NC(=O)C(N)c4ccccc4)C3SC2(C)C)[C@@H](CC=O)C[C@@H](C)C(=O)/C=C/C(C)=C/[C@@H]1CO[C@@H]1O[C@H](C)[C@@H](O)[C@@H](OC)[C@H]1OC,True,,-2.685,-1.6134612560272217,-2.3370256423950195,-1.0214543342590332,36,14,22,1
tylvalosin,Tylvalosin (Ì©Íò¾úËØ),REF_TYLVALOSIN,repository_reference,O53_attached_to_C27,53,27,C,MPM00566,Desthiobiotin,CC1NC(=O)NC1CCCCCC(=O)O,1,CC[C@H]1OC(=O)C[C@@H](OC(C)=O)[C@H](C)[C@@H](O[C@@H]2O[C@H](C)[C@@H](O[C@H]3C[C@@](C)(O)[C@@H](OC(=O)CC(C)C)[C@H](C)O3)[C@H](N(C)C)[C@H]2OC(=O)CCCCCC2NC(=O)NC2C)[C@@H](CC=O)C[C@@H](C)C(=O)/C=C/C(C)=C/[C@@H]1CO[C@@H]1O[C@H](C)[C@@H](O)[C@@H](OC)[C@H]1OC,CC[C@H]1OC(=O)C[C@@H](OC(C)=O)[C@H](C)[C@@H](O[C@@H]2O[C@H](C)[C@@H](O[C@H]3C[C@@](C)(O)[C@@H](OC(=O)CC(C)C)[C@H](C)O3)[C@H](N(C)C)[C@H]2OC(=O)CCCCCC2NC(=O)NC2C)[C@@H](CC=O)C[C@@H](C)C(=O)/C=C/C(C)=C/[C@@H]1CO[C@@H]1O[C@H](C)[C@@H](O)[C@@H](OC)[C@H]1OC,True,,-2.421,-2.6278648376464844,-3.366300344467163,-2.023691177368164,27,8,19,1
tylvalosin,Tylvalosin (Ì©Íò¾úËØ),REF_TYLVALOSIN,repository_reference,O53_attached_to_C27,53,27,C,MPM00458,alpha-Ketobutyrate,CCC(=O)C(=O)O,1,CCC(=O)C(=O)O[C@H]1[C@H](O[C@H]2[C@@H](CC=O)C[C@@H](C)C(=O)/C=C/C(C)=C/[C@H](CO[C@@H]3O[C@H](C)[C@@H](O)[C@@H](OC)[C@H]3OC)[C@@H](CC)OC(=O)C[C@@H](OC(C)=O)[C@@H]2C)O[C@H](C)[C@@H](O[C@H]2C[C@@](C)(O)[C@@H](OC(=O)CC(C)C)[C@H](C)O2)[C@@H]1N(C)C,CCC(=O)C(=O)O[C@H]1[C@H](O[C@H]2[C@@H](CC=O)C[C@@H](C)C(=O)/C=C/C(C)=C/[C@H](CO[C@@H]3O[C@H](C)[C@@H](O)[C@@H](OC)[C@H]3OC)[C@@H](CC)OC(=O)C[C@@H](OC(C)=O)[C@@H]2C)O[C@H](C)[C@@H](O[C@H]2C[C@@](C)(O)[C@@H](OC(=O)CC(C)C)[C@H](C)O2)[C@@H]1N(C)C,True,,-1.384,-3.1420369148254395,-3.858808755874634,-2.5555875301361084,23,6,17,1
tylvalosin,Tylvalosin (Ì©Íò¾úËØ),REF_TYLVALOSIN,repository_reference,O53_attached_to_C27,53,27,C,MPM00908,propionate,CCC(=O)O,1,CCC(=O)O[C@H]1[C@H](O[C@H]2[C@@H](CC=O)C[C@@H](C)C(=O)/C=C/C(C)=C/[C@H](CO[C@@H]3O[C@H](C)[C@@H](O)[C@@H](OC)[C@H]3OC)[C@@H](CC)OC(=O)C[C@@H](OC(C)=O)[C@@H]2C)O[C@H](C)[C@@H](O[C@H]2C[C@@](C)(O)[C@@H](OC(=O)CC(C)C)[C@H](C)O2)[C@@H]1N(C)C,CCC(=O)O[C@H]1[C@H](O[C@H]2[C@@H](CC=O)C[C@@H](C)C(=O)/C=C/C(C)=C/[C@H](CO[C@@H]3O[C@H](C)[C@@H](O)[C@@H](OC)[C@H]3OC)[C@@H](CC)OC(=O)C[C@@H](OC(C)=O)[C@@H]2C)O[C@H](C)[C@@H](O[C@H]2C[C@@](C)(O)[C@@H](OC(=O)CC(C)C)[C@H](C)O2)[C@@H]1N(C)C,True,,-1.446,-2.7856345176696777,-3.4924893379211426,-2.207298994064331,26,8,18,1
tylvalosin,Tylvalosin (Ì©Íò¾úËØ),REF_TYLVALOSIN,repository_reference,O53_attached_to_C27,53,27,C,MPM00078,(R)-3-Hydroxy-3-methyl-2-oxopentanoate,CCC(C)(O)C(=O)C(=O)O,1,CC[C@H]1OC(=O)C[C@@H](OC(C)=O)[C@H](C)[C@@H](O[C@@H]2O[C@H](C)[C@@H](O[C@H]3C[C@@](C)(O)[C@@H](OC(=O)CC(C)C)[C@H](C)O3)[C@H](N(C)C)[C@H]2OC(=O)C(=O)C(C)(O)CC)[C@@H](CC=O)C[C@@H](C)C(=O)/C=C/C(C)=C/[C@@H]1CO[C@@H]1O[C@H](C)[C@@H](O)[C@@H](OC)[C@H]1OC,CC[C@H]1OC(=O)C[C@@H](OC(C)=O)[C@H](C)[C@@H](O[C@@H]2O[C@H](C)[C@@H](O[C@H]3C[C@@](C)(O)[C@@H](OC(=O)CC(C)C)[C@H](C)O3)[C@H](N(C)C)[C@H]2OC(=O)C(=O)C(C)(O)CC)[C@@H](CC=O)C[C@@H](C)C(=O)/C=C/C(C)=C/[C@@H]1CO[C@@H]1O[C@H](C)[C@@H](O)[C@@H](OC)[C@H]1OC,True,,-1.593,-2.685184955596924,-3.372976064682007,-2.1224470138549805,27,9,18,1
tylvalosin,Tylvalosin (Ì©Íò¾úËØ),REF_TYLVALOSIN,repository_reference,O53_attached_to_C27,53,27,C,MPM00028,"(2R,3R)-2,3-Dihydroxy-3-methylpentanoate",CCC(C)(O)C(O)C(=O)O,1,CC[C@H]1OC(=O)C[C@@H](OC(C)=O)[C@H](C)[C@@H](O[C@@H]2O[C@H](C)[C@@H](O[C@H]3C[C@@](C)(O)[C@@H](OC(=O)CC(C)C)[C@H](C)O3)[C@H](N(C)C)[C@H]2OC(=O)C(O)C(C)(O)CC)[C@@H](CC=O)C[C@@H](C)C(=O)/C=C/C(C)=C/[C@@H]1CO[C@@H]1O[C@H](C)[C@@H](O)[C@@H](OC)[C@H]1OC,CC[C@H]1OC(=O)C[C@@H](OC(C)=O)[C@H](C)[C@@H](O[C@@H]2O[C@H](C)[C@@H](O[C@H]3C[C@@](C)(O)[C@@H](OC(=O)CC(C)C)[C@H](C)O3)[C@H](N(C)C)[C@H]2OC(=O)C(O)C(C)(O)CC)[C@@H](CC=O)C[C@@H](C)C(=O)/C=C/C(C)=C/[C@@H]1CO[C@@H]1O[C@H](C)[C@@H](O)[C@@H](OC)[C@H]1OC,True,,-1.949,-2.8375473022460938,-3.5145368576049805,-2.283646583557129,27,8,19,1
tylvalosin,Tylvalosin (Ì©Íò¾úËØ),REF_TYLVALOSIN,repository_reference,O53_attached_to_C27,53,27,C,MPM00050,(3S)-3-Methyl-2-oxopentanoate,CCC(C)C(=O)C(=O)O,1,CCC(C)C(=O)C(=O)O[C@H]1[C@H](O[C@H]2[C@@H](CC=O)C[C@@H](C)C(=O)/C=C/C(C)=C/[C@H](CO[C@@H]3O[C@H](C)[C@@H](O)[C@@H](OC)[C@H]3OC)[C@@H](CC)OC(=O)C[C@@H](OC(C)=O)[C@@H]2C)O[C@H](C)[C@@H](O[C@H]2C[C@@](C)(O)[C@@H](OC(=O)CC(C)C)[C@H](C)O2)[C@@H]1N(C)C,CCC(C)C(=O)C(=O)O[C@H]1[C@H](O[C@H]2[C@@H](CC=O)C[C@@H](C)C(=O)/C=C/C(C)=C/[C@H](CO[C@@H]3O[C@H](C)[C@@H](O)[C@@H](OC)[C@H]3OC)[C@@H](CC)OC(=O)C[C@@H](OC(C)=O)[C@@H]2C)O[C@H](C)[C@@H](O[C@H]2C[C@@](C)(O)[C@@H](OC(=O)CC(C)C)[C@H](C)O2)[C@@H]1N(C)C,True,,-1.602,-2.852372646331787,-3.5391414165496826,-2.290471076965332,24,7,17,1
tylvalosin,Tylvalosin (Ì©Íò¾úËØ),REF_TYLVALOSIN,repository_reference,O53_attached_to_C27,53,27,C,MPM01138,2-Amino-3-methylvaleric acid,CCC(C)C(N)C(=O)O,1,CCC(C)C(N)C(=O)O[C@H]1[C@H](O[C@H]2[C@@H](CC=O)C[C@@H](C)C(=O)/C=C/C(C)=C/[C@H](CO[C@@H]3O[C@H](C)[C@@H](O)[C@@H](OC)[C@H]3OC)[C@@H](CC)OC(=O)C[C@@H](OC(C)=O)[C@@H]2C)O[C@H](C)[C@@H](O[C@H]2C[C@@](C)(O)[C@@H](OC(=O)CC(C)C)[C@H](C)O2)[C@@H]1N(C)C,CCC(C)C(N)C(=O)O[C@H]1[C@H](O[C@H]2[C@@H](CC=O)C[C@@H](C)C(=O)/C=C/C(C)=C/[C@H](CO[C@@H]3O[C@H](C)[C@@H](O)[C@@H](OC)[C@H]3OC)[C@@H](CC)OC(=O)C[C@@H](OC(C)=O)[C@@H]2C)O[C@H](C)[C@@H](O[C@H]2C[C@@](C)(O)[C@@H](OC(=O)CC(C)C)[C@H](C)O2)[C@@H]1N(C)C,True,,-1.642,-2.7145392894744873,-3.4327335357666016,-2.1269261837005615,26,7,19,1
tylvalosin,Tylvalosin (Ì©Íò¾úËØ),REF_TYLVALOSIN,repository_reference,O53_attached_to_C27,53,27,C,MPM00029,"(2R,3R)-2-hydroxy-3-methylpentanoic acid",CCC(C)C(O)C(=O)O,1,CCC(C)C(O)C(=O)O[C@H]1[C@H](O[C@H]2[C@@H](CC=O)C[C@@H](C)C(=O)/C=C/C(C)=C/[C@H](CO[C@@H]3O[C@H](C)[C@@H](O)[C@@H](OC)[C@H]3OC)[C@@H](CC)OC(=O)C[C@@H](OC(C)=O)[C@@H]2C)O[C@H](C)[C@@H](O[C@H]2C[C@@](C)(O)[C@@H](OC(=O)CC(C)C)[C@H](C)O2)[C@@H]1N(C)C,CCC(C)C(O)C(=O)O[C@H]1[C@H](O[C@H]2[C@@H](CC=O)C[C@@H](C)C(=O)/C=C/C(C)=C/[C@H](CO[C@@H]3O[C@H](C)[C@@H](O)[C@@H](OC)[C@H]3OC)[C@@H](CC)OC(=O)C[C@@H](OC(C)=O)[C@@H]2C)O[C@H](C)[C@@H](O[C@H]2C[C@@](C)(O)[C@@H](OC(=O)CC(C)C)[C@H](C)O2)[C@@H]1N(C)C,True,,-1.938,-2.691847324371338,-3.361656427383423,-2.1438214778900146,30,11,19,1
tylvalosin,Tylvalosin (Ì©Íò¾úËØ),REF_TYLVALOSIN,repository_reference,O53_attached_to_C27,53,27,C,MPM00094,(S)-2-Hydroxy-2-ethyl-3-oxobutanoate,CCC(O)(C(C)=O)C(=O)O,1,CC[C@H]1OC(=O)C[C@@H](OC(C)=O)[C@H](C)[C@@H](O[C@@H]2O[C@H](C)[C@@H](O[C@H]3C[C@@](C)(O)[C@@H](OC(=O)CC(C)C)[C@H](C)O3)[C@H](N(C)C)[C@H]2OC(=O)C(O)(CC)C(C)=O)[C@@H](CC=O)C[C@@H](C)C(=O)/C=C/C(C)=C/[C@@H]1CO[C@@H]1O[C@H](C)[C@@H](O)[C@@H](OC)[C@H]1OC,CC[C@H]1OC(=O)C[C@@H](OC(C)=O)[C@H](C)[C@@H](O[C@@H]2O[C@H](C)[C@@H](O[C@H]3C[C@@](C)(O)[C@@H](OC(=O)CC(C)C)[C@H](C)O3)[C@H](N(C)C)[C@H]2OC(=O)C(O)(CC)C(C)=O)[C@@H](CC=O)C[C@@H](C)C(=O)/C=C/C(C)=C/[C@@H]1CO[C@@H]1O[C@H](C)[C@@H](O)[C@@H](OC)[C@H]1OC,True,,-1.868,-1.884016752243042,-2.3878989219665527,-1.4717495441436768,37,15,22,1
tylvalosin,Tylvalosin (Ì©Íò¾úËØ),REF_TYLVALOSIN,repository_reference,O53_attached_to_C27,53,27,C,MPM00302,3-Hydroxypentanoic acid,CCC(O)CC(=O)O,1,CCC(O)CC(=O)O[C@H]1[C@H](O[C@H]2[C@@H](CC=O)C[C@@H](C)C(=O)/C=C/C(C)=C/[C@H](CO[C@@H]3O[C@H](C)[C@@H](O)[C@@H](OC)[C@H]3OC)[C@@H](CC)OC(=O)C[C@@H](OC(C)=O)[C@@H]2C)O[C@H](C)[C@@H](O[C@H]2C[C@@](C)(O)[C@@H](OC(=O)CC(C)C)[C@H](C)O2)[C@@H]1N(C)C,CCC(O)CC(=O)O[C@H]1[C@H](O[C@H]2[C@@H](CC=O)C[C@@H](C)C(=O)/C=C/C(C)=C/[C@H](CO[C@@H]3O[C@H](C)[C@@H](O)[C@@H](OC)[C@H]3OC)[C@@H](CC)OC(=O)C[C@@H](OC(C)=O)[C@@H]2C)O[C@H](C)[C@@H](O[C@H]2C[C@@](C)(O)[C@@H](OC(=O)CC(C)C)[C@H](C)O2)[C@@H]1N(C)C,True,,-1.715,-2.9287962913513184,-3.6534183025360107,-2.335923194885254,23,7,16,1
tylvalosin,Tylvalosin (Ì©Íò¾úËØ),REF_TYLVALOSIN,repository_reference,O53_attached_to_C27,53,27,C,MPM00496,butyrate,CCCC(=O)O,1,CCCC(=O)O[C@H]1[C@H](O[C@H]2[C@@H](CC=O)C[C@@H](C)C(=O)/C=C/C(C)=C/[C@H](CO[C@@H]3O[C@H](C)[C@@H](O)[C@@H](OC)[C@H]3OC)[C@@H](CC)OC(=O)C[C@@H](OC(C)=O)[C@@H]2C)O[C@H](C)[C@@H](O[C@H]2C[C@@](C)(O)[C@@H](OC(=O)CC(C)C)[C@H](C)O2)[C@@H]1N(C)C,CCCC(=O)O[C@H]1[C@H](O[C@H]2[C@@H](CC=O)C[C@@H](C)C(=O)/C=C/C(C)=C/[C@H](CO[C@@H]3O[C@H](C)[C@@H](O)[C@@H](OC)[C@H]3OC)[C@@H](CC)OC(=O)C[C@@H](OC(C)=O)[C@@H]2C)O[C@H](C)[C@@H](O[C@H]2C[C@@](C)(O)[C@@H](OC(=O)CC(C)C)[C@H](C)O2)[C@@H]1N(C)C,True,,-1.503,-2.7886369228363037,-3.485239028930664,-2.2186896800994873,25,7,18,1
tylvalosin,Tylvalosin (Ì©Íò¾úËØ),REF_TYLVALOSIN,repository_reference,O53_attached_to_C27,53,27,C,MPM00298,3-Hydroxyhexanoic acid,CCCC(O)CC(=O)O,1,CCCC(O)CC(=O)O[C@H]1[C@H](O[C@H]2[C@@H](CC=O)C[C@@H](C)C(=O)/C=C/C(C)=C/[C@H](CO[C@@H]3O[C@H](C)[C@@H](O)[C@@H](OC)[C@H]3OC)[C@@H](CC)OC(=O)C[C@@H](OC(C)=O)[C@@H]2C)O[C@H](C)[C@@H](O[C@H]2C[C@@](C)(O)[C@@H](OC(=O)CC(C)C)[C@H](C)O2)[C@@H]1N(C)C,CCCC(O)CC(=O)O[C@H]1[C@H](O[C@H]2[C@@H](CC=O)C[C@@H](C)C(=O)/C=C/C(C)=C/[C@H](CO[C@@H]3O[C@H](C)[C@@H](O)[C@@H](OC)[C@H]3OC)[C@@H](CC)OC(=O)C[C@@H](OC(C)=O)[C@@H]2C)O[C@H](C)[C@@H](O[C@H]2C[C@@](C)(O)[C@@H](OC(=O)CC(C)C)[C@H](C)O2)[C@@H]1N(C)C,True,,-1.777,-2.8243014812469482,-3.531069040298462,-2.246037244796753,26,7,19,1
tylvalosin,Tylvalosin (Ì©Íò¾úËØ),REF_TYLVALOSIN,repository_reference,O53_attached_to_C27,53,27,C,MPM00833,n-Valeric acid,CCCCC(=O)O,1,CCCCC(=O)O[C@H]1[C@H](O[C@H]2[C@@H](CC=O)C[C@@H](C)C(=O)/C=C/C(C)=C/[C@H](CO[C@@H]3O[C@H](C)[C@@H](O)[C@@H](OC)[C@H]3OC)[C@@H](CC)OC(=O)C[C@@H](OC(C)=O)[C@@H]2C)O[C@H](C)[C@@H](O[C@H]2C[C@@](C)(O)[C@@H](OC(=O)CC(C)C)[C@H](C)O2)[C@@H]1N(C)C,CCCCC(=O)O[C@H]1[C@H](O[C@H]2[C@@H](CC=O)C[C@@H](C)C(=O)/C=C/C(C)=C/[C@H](CO[C@@H]3O[C@H](C)[C@@H](O)[C@@H](OC)[C@H]3OC)[C@@H](CC)OC(=O)C[C@@H](OC(C)=O)[C@@H]2C)O[C@H](C)[C@@H](O[C@H]2C[C@@](C)(O)[C@@H](OC(=O)CC(C)C)[C@H](C)O2)[C@@H]1N(C)C,True,,-1.568,-3.0796563625335693,-3.797818899154663,-2.4920687675476074,21,6,15,1
tylvalosin,Tylvalosin (Ì©Íò¾úËØ),REF_TYLVALOSIN,repository_reference,O53_attached_to_C27,53,27,C,MPM00295,3-hydroxyheptanoic Acid,CCCCC(O)CC(=O)O,1,CCCCC(O)CC(=O)O[C@H]1[C@H](O[C@H]2[C@@H](CC=O)C[C@@H](C)C(=O)/C=C/C(C)=C/[C@H](CO[C@@H]3O[C@H](C)[C@@H](O)[C@@H](OC)[C@H]3OC)[C@@H](CC)OC(=O)C[C@@H](OC(C)=O)[C@@H]2C)O[C@H](C)[C@@H](O[C@H]2C[C@@](C)(O)[C@@H](OC(=O)CC(C)C)[C@H](C)O2)[C@@H]1N(C)C,CCCCC(O)CC(=O)O[C@H]1[C@H](O[C@H]2[C@@H](CC=O)C[C@@H](C)C(=O)/C=C/C(C)=C/[C@H](CO[C@@H]3O[C@H](C)[C@@H](O)[C@@H](OC)[C@H]3OC)[C@@H](CC)OC(=O)C[C@@H](OC(C)=O)[C@@H]2C)O[C@H](C)[C@@H](O[C@H]2C[C@@](C)(O)[C@@H](OC(=O)CC(C)C)[C@H](C)O2)[C@@H]1N(C)C,True,,-1.841,-2.7982962131500244,-3.5103824138641357,-2.2156801223754883,27,8,19,1
tylvalosin,Tylvalosin (Ì©Íò¾úËØ),REF_TYLVALOSIN,repository_reference,O53_attached_to_C27,53,27,C,MPM00061,(9E)-tetradecenoic acid,CCCCC=CCCCCCCCC(=O)O,1,CCCCC=CCCCCCCCC(=O)O[C@H]1[C@H](O[C@H]2[C@@H](CC=O)C[C@@H](C)C(=O)/C=C/C(C)=C/[C@H](CO[C@@H]3O[C@H](C)[C@@H](O)[C@@H](OC)[C@H]3OC)[C@@H](CC)OC(=O)C[C@@H](OC(C)=O)[C@@H]2C)O[C@H](C)[C@@H](O[C@H]2C[C@@](C)(O)[C@@H](OC(=O)CC(C)C)[C@H](C)O2)[C@@H]1N(C)C,CCCCC=CCCCCCCCC(=O)O[C@H]1[C@H](O[C@H]2[C@@H](CC=O)C[C@@H](C)C(=O)/C=C/C(C)=C/[C@H](CO[C@@H]3O[C@H](C)[C@@H](O)[C@@H](OC)[C@H]3OC)[C@@H](CC)OC(=O)C[C@@H](OC(C)=O)[C@@H]2C)O[C@H](C)[C@@H](O[C@H]2C[C@@](C)(O)[C@@H](OC(=O)CC(C)C)[C@H](C)O2)[C@@H]1N(C)C,True,,-2.016,-2.365708112716675,-3.0698726177215576,-1.7895735502243042,29,10,19,1
tylvalosin,Tylvalosin (Ì©Íò¾úËØ),REF_TYLVALOSIN,repository_reference,O53_attached_to_C27,53,27,C,MPM00813,n-Caproic acid,CCCCCC(=O)O,1,CCCCCC(=O)O[C@H]1[C@H](O[C@H]2[C@@H](CC=O)C[C@@H](C)C(=O)/C=C/C(C)=C/[C@H](CO[C@@H]3O[C@H](C)[C@@H](O)[C@@H](OC)[C@H]3OC)[C@@H](CC)OC(=O)C[C@@H](OC(C)=O)[C@@H]2C)O[C@H](C)[C@@H](O[C@H]2C[C@@](C)(O)[C@@H](OC(=O)CC(C)C)[C@H](C)O2)[C@@H]1N(C)C,CCCCCC(=O)O[C@H]1[C@H](O[C@H]2[C@@H](CC=O)C[C@@H](C)C(=O)/C=C/C(C)=C/[C@H](CO[C@@H]3O[C@H](C)[C@@H](O)[C@@H](OC)[C@H]3OC)[C@@H](CC)OC(=O)C[C@@H](OC(C)=O)[C@@H]2C)O[C@H](C)[C@@H](O[C@H]2C[C@@](C)(O)[C@@H](OC(=O)CC(C)C)[C@H](C)O2)[C@@H]1N(C)C,True,,-1.633,-2.5780670642852783,-3.3081040382385254,-1.9807640314102173,28,10,18,1
tylvalosin,Tylvalosin (Ì©Íò¾úËØ),REF_TYLVALOSIN,repository_reference,O53_attached_to_C27,53,27,C,MPM00301,3-Hydroxyoctanoic acid,CCCCCC(O)CC(=O)O,1,CCCCCC(O)CC(=O)O[C@H]1[C@H](O[C@H]2[C@@H](CC=O)C[C@@H](C)C(=O)/C=C/C(C)=C/[C@H](CO[C@@H]3O[C@H](C)[C@@H](O)[C@@H](OC)[C@H]3OC)[C@@H](CC)OC(=O)C[C@@H](OC(C)=O)[C@@H]2C)O[C@H](C)[C@@H](O[C@H]2C[C@@](C)(O)[C@@H](OC(=O)CC(C)C)[C@H](C)O2)[C@@H]1N(C)C,CCCCCC(O)CC(=O)O[C@H]1[C@H](O[C@H]2[C@@H](CC=O)C[C@@H](C)C(=O)/C=C/C(C)=C/[C@H](CO[C@@H]3O[C@H](C)[C@@H](O)[C@@H](OC)[C@H]3OC)[C@@H](CC)OC(=O)C[C@@H](OC(C)=O)[C@@H]2C)O[C@H](C)[C@@H](O[C@H]2C[C@@](C)(O)[C@@H](OC(=O)CC(C)C)[C@H](C)O2)[C@@H]1N(C)C,True,,-1.906,-2.77018404006958,-3.480476140975952,-2.1890363693237305,26,7,19,1
tylvalosin,Tylvalosin (Ì©Íò¾úËØ),REF_TYLVALOSIN,repository_reference,O53_attached_to_C27,53,27,C,MPM00411,"9-cis,12-cis-Octadecadienoic acid",CCCCCC=CCC=CCCCCCCCC(=O)O,1,CCCCCC=CCC=CCCCCCCCC(=O)O[C@H]1[C@H](O[C@H]2[C@@H](CC=O)C[C@@H](C)C(=O)/C=C/C(C)=C/[C@H](CO[C@@H]3O[C@H](C)[C@@H](O)[C@@H](OC)[C@H]3OC)[C@@H](CC)OC(=O)C[C@@H](OC(C)=O)[C@@H]2C)O[C@H](C)[C@@H](O[C@H]2C[C@@](C)(O)[C@@H](OC(=O)CC(C)C)[C@H](C)O2)[C@@H]1N(C)C,CCCCCC=CCC=CCCCCCCCC(=O)O[C@H]1[C@H](O[C@H]2[C@@H](CC=O)C[C@@H](C)C(=O)/C=C/C(C)=C/[C@H](CO[C@@H]3O[C@H](C)[C@@H](O)[C@@H](OC)[C@H]3OC)[C@@H](CC)OC(=O)C[C@@H](OC(C)=O)[C@@H]2C)O[C@H](C)[C@@H](O[C@H]2C[C@@](C)(O)[C@@H](OC(=O)CC(C)C)[C@H](C)O2)[C@@H]1N(C)C,True,,-2.325,-2.301988124847412,-3.007413625717163,-1.7248220443725586,30,11,19,1
tylvalosin,Tylvalosin (Ì©Íò¾úËØ),REF_TYLVALOSIN,repository_reference,O53_attached_to_C27,53,27,C,MPM00689,Heptanoate,CCCCCCC(=O)O,1,CCCCCCC(=O)O[C@H]1[C@H](O[C@H]2[C@@H](CC=O)C[C@@H](C)C(=O)/C=C/C(C)=C/[C@H](CO[C@@H]3O[C@H](C)[C@@H](O)[C@@H](OC)[C@H]3OC)[C@@H](CC)OC(=O)C[C@@H](OC(C)=O)[C@@H]2C)O[C@H](C)[C@@H](O[C@H]2C[C@@](C)(O)[C@@H](OC(=O)CC(C)C)[C@H](C)O2)[C@@H]1N(C)C,CCCCCCC(=O)O[C@H]1[C@H](O[C@H]2[C@@H](CC=O)C[C@@H](C)C(=O)/C=C/C(C)=C/[C@H](CO[C@@H]3O[C@H](C)[C@@H](O)[C@@H](OC)[C@H]3OC)[C@@H](CC)OC(=O)C[C@@H](OC(C)=O)[C@@H]2C)O[C@H](C)[C@@H](O[C@H]2C[C@@](C)(O)[C@@H](OC(=O)CC(C)C)[C@H](C)O2)[C@@H]1N(C)C,True,,-1.697,-2.5226893424987793,-3.246588706970215,-1.9304083585739136,29,10,19,1
tylvalosin,Tylvalosin (Ì©Íò¾úËØ),REF_TYLVALOSIN,repository_reference,O53_attached_to_C27,53,27,C,MPM00300,3-Hydroxynonanoic acid,CCCCCCC(O)CC(=O)O,1,CCCCCCC(O)CC(=O)O[C@H]1[C@H](O[C@H]2[C@@H](CC=O)C[C@@H](C)C(=O)/C=C/C(C)=C/[C@H](CO[C@@H]3O[C@H](C)[C@@H](O)[C@@H](OC)[C@H]3OC)[C@@H](CC)OC(=O)C[C@@H](OC(C)=O)[C@@H]2C)O[C@H](C)[C@@H](O[C@H]2C[C@@](C)(O)[C@@H](OC(=O)CC(C)C)[C@H](C)O2)[C@@H]1N(C)C,CCCCCCC(O)CC(=O)O[C@H]1[C@H](O[C@H]2[C@@H](CC=O)C[C@@H](C)C(=O)/C=C/C(C)=C/[C@H](CO[C@@H]3O[C@H](C)[C@@H](O)[C@@H](OC)[C@H]3OC)[C@@H](CC)OC(=O)C[C@@H](OC(C)=O)[C@@H]2C)O[C@H](C)[C@@H](O[C@H]2C[C@@](C)(O)[C@@H](OC(=O)CC(C)C)[C@H](C)O2)[C@@H]1N(C)C,True,,-1.917,-2.6926522254943848,-3.3998970985412598,-2.113996982574463,28,9,19,1
tylvalosin,Tylvalosin (Ì©Íò¾úËØ),REF_TYLVALOSIN,repository_reference,O53_attached_to_C27,53,27,C,MPM00852,palmitoleate,CCCCCCC=CCCCCCCCC(=O)O,1,CCCCCCC=CCCCCCCCC(=O)O[C@H]1[C@H](O[C@H]2[C@@H](CC=O)C[C@@H](C)C(=O)/C=C/C(C)=C/[C@H](CO[C@@H]3O[C@H](C)[C@@H](O)[C@@H](OC)[C@H]3OC)[C@@H](CC)OC(=O)C[C@@H](OC(C)=O)[C@@H]2C)O[C@H](C)[C@@H](O[C@H]2C[C@@](C)(O)[C@@H](OC(=O)CC(C)C)[C@H](C)O2)[C@@H]1N(C)C,CCCCCCC=CCCCCCCCC(=O)O[C@H]1[C@H](O[C@H]2[C@@H](CC=O)C[C@@H](C)C(=O)/C=C/C(C)=C/[C@H](CO[C@@H]3O[C@H](C)[C@@H](O)[C@@H](OC)[C@H]3OC)[C@@H](CC)OC(=O)C[C@@H](OC(C)=O)[C@@H]2C)O[C@H](C)[C@@H](O[C@H]2C[C@@](C)(O)[C@@H](OC(=O)CC(C)C)[C@H](C)O2)[C@@H]1N(C)C,True,,-2.143,-2.456033945083618,-3.1777830123901367,-1.8655120134353638,29,10,19,1
tylvalosin,Tylvalosin (Ì©Íò¾úËØ),REF_TYLVALOSIN,repository_reference,O53_attached_to_C27,53,27,C,MPM00984,trans-vaccenic acid,CCCCCCC=CCCCCCCCCCC(=O)O,1,CCCCCCC=CCCCCCCCCCC(=O)O[C@H]1[C@H](O[C@H]2[C@@H](CC=O)C[C@@H](C)C(=O)/C=C/C(C)=C/[C@H](CO[C@@H]3O[C@H](C)[C@@H](O)[C@@H](OC)[C@H]3OC)[C@@H](CC)OC(=O)C[C@@H](OC(C)=O)[C@@H]2C)O[C@H](C)[C@@H](O[C@H]2C[C@@](C)(O)[C@@H](OC(=O)CC(C)C)[C@H](C)O2)[C@@H]1N(C)C,CCCCCCC=CCCCCCCCCCC(=O)O[C@H]1[C@H](O[C@H]2[C@@H](CC=O)C[C@@H](C)C(=O)/C=C/C(C)=C/[C@H](CO[C@@H]3O[C@H](C)[C@@H](O)[C@@H](OC)[C@H]3OC)[C@@H](CC)OC(=O)C[C@@H](OC(C)=O)[C@@H]2C)O[C@H](C)[C@@H](O[C@H]2C[C@@](C)(O)[C@@H](OC(=O)CC(C)C)[C@H](C)O2)[C@@H]1N(C)C,True,,-2.28,-2.446135997772217,-3.1828057765960693,-1.8434057235717773,29,10,19,1
tylvalosin,Tylvalosin (Ì©Íò¾úËØ),REF_TYLVALOSIN,repository_reference,O53_attached_to_C27,53,27,C,MPM00837,Octanoate,CCCCCCCC(=O)O,1,CCCCCCCC(=O)O[C@H]1[C@H](O[C@H]2[C@@H](CC=O)C[C@@H](C)C(=O)/C=C/C(C)=C/[C@H](CO[C@@H]3O[C@H](C)[C@@H](O)[C@@H](OC)[C@H]3OC)[C@@H](CC)OC(=O)C[C@@H](OC(C)=O)[C@@H]2C)O[C@H](C)[C@@H](O[C@H]2C[C@@](C)(O)[C@@H](OC(=O)CC(C)C)[C@H](C)O2)[C@@H]1N(C)C,CCCCCCCC(=O)O[C@H]1[C@H](O[C@H]2[C@@H](CC=O)C[C@@H](C)C(=O)/C=C/C(C)=C/[C@H](CO[C@@H]3O[C@H](C)[C@@H](O)[C@@H](OC)[C@H]3OC)[C@@H](CC)OC(=O)C[C@@H](OC(C)=O)[C@@H]2C)O[C@H](C)[C@@H](O[C@H]2C[C@@](C)(O)[C@@H](OC(=O)CC(C)C)[C@H](C)O2)[C@@H]1N(C)C,True,,-1.708,-2.5725255012512207,-3.2970709800720215,-1.9797152280807495,28,9,19,1
tylvalosin,Tylvalosin (Ì©Íò¾úËØ),REF_TYLVALOSIN,repository_reference,O53_attached_to_C27,53,27,C,MPM00293,3-Hydroxydecanoic acid,CCCCCCCC(O)CC(=O)O,1,CCCCCCCC(O)CC(=O)O[C@H]1[C@H](O[C@H]2[C@@H](CC=O)C[C@@H](C)C(=O)/C=C/C(C)=C/[C@H](CO[C@@H]3O[C@H](C)[C@@H](O)[C@@H](OC)[C@H]3OC)[C@@H](CC)OC(=O)C[C@@H](OC(C)=O)[C@@H]2C)O[C@H](C)[C@@H](O[C@H]2C[C@@](C)(O)[C@@H](OC(=O)CC(C)C)[C@H](C)O2)[C@@H]1N(C)C,CCCCCCCC(O)CC(=O)O[C@H]1[C@H](O[C@H]2[C@@H](CC=O)C[C@@H](C)C(=O)/C=C/C(C)=C/[C@H](CO[C@@H]3O[C@H](C)[C@@H](O)[C@@H](OC)[C@H]3OC)[C@@H](CC)OC(=O)C[C@@H](OC(C)=O)[C@@H]2C)O[C@H](C)[C@@H](O[C@H]2C[C@@](C)(O)[C@@H](OC(=O)CC(C)C)[C@H](C)O2)[C@@H]1N(C)C,True,,-1.953,-2.7558038234710693,-3.4691219329833984,-2.17218017578125,27,8,19,1
tylvalosin,Tylvalosin (Ì©Íò¾úËØ),REF_TYLVALOSIN,repository_reference,O53_attached_to_C27,53,27,C,MPM00859,Pelargonic acid,CCCCCCCCC(=O)O,1,CCCCCCCCC(=O)O[C@H]1[C@H](O[C@H]2[C@@H](CC=O)C[C@@H](C)C(=O)/C=C/C(C)=C/[C@H](CO[C@@H]3O[C@H](C)[C@@H](O)[C@@H](OC)[C@H]3OC)[C@@H](CC)OC(=O)C[C@@H](OC(C)=O)[C@@H]2C)O[C@H](C)[C@@H](O[C@H]2C[C@@](C)(O)[C@@H](OC(=O)CC(C)C)[C@H](C)O2)[C@@H]1N(C)C,CCCCCCCCC(=O)O[C@H]1[C@H](O[C@H]2[C@@H](CC=O)C[C@@H](C)C(=O)/C=C/C(C)=C/[C@H](CO[C@@H]3O[C@H](C)[C@@H](O)[C@@H](OC)[C@H]3OC)[C@@H](CC)OC(=O)C[C@@H](OC(C)=O)[C@@H]2C)O[C@H](C)[C@@H](O[C@H]2C[C@@](C)(O)[C@@H](OC(=O)CC(C)C)[C@H](C)O2)[C@@H]1N(C)C,True,,-1.745,-2.5476956367492676,-3.28336501121521,-1.945784330368042,28,9,19,1
tylvalosin,Tylvalosin (Ì©Íò¾úËØ),REF_TYLVALOSIN,repository_reference,O53_attached_to_C27,53,27,C,MPM00839,Oleic acid,CCCCCCCCC=CCCCCCCCC(=O)O,1,CCCCCCCCC=CCCCCCCCC(=O)O[C@H]1[C@H](O[C@H]2[C@@H](CC=O)C[C@@H](C)C(=O)/C=C/C(C)=C/[C@H](CO[C@@H]3O[C@H](C)[C@@H](O)[C@@H](OC)[C@H]3OC)[C@@H](CC)OC(=O)C[C@@H](OC(C)=O)[C@@H]2C)O[C@H](C)[C@@H](O[C@H]2C[C@@](C)(O)[C@@H](OC(=O)CC(C)C)[C@H](C)O2)[C@@H]1N(C)C,CCCCCCCCC=CCCCCCCCC(=O)O[C@H]1[C@H](O[C@H]2[C@@H](CC=O)C[C@@H](C)C(=O)/C=C/C(C)=C/[C@H](CO[C@@H]3O[C@H](C)[C@@H](O)[C@@H](OC)[C@H]3OC)[C@@H](CC)OC(=O)C[C@@H](OC(C)=O)[C@@H]2C)O[C@H](C)[C@@H](O[C@H]2C[C@@](C)(O)[C@@H](OC(=O)CC(C)C)[C@H](C)O2)[C@@H]1N(C)C,True,,-2.188,-2.44746732711792,-3.1843385696411133,-1.8445723056793213,29,10,19,1
tylvalosin,Tylvalosin (Ì©Íò¾úËØ),REF_TYLVALOSIN,repository_reference,O53_attached_to_C27,53,27,C,MPM00552,decanoate,CCCCCCCCCC(=O)O,1,CCCCCCCCCC(=O)O[C@H]1[C@H](O[C@H]2[C@@H](CC=O)C[C@@H](C)C(=O)/C=C/C(C)=C/[C@H](CO[C@@H]3O[C@H](C)[C@@H](O)[C@@H](OC)[C@H]3OC)[C@@H](CC)OC(=O)C[C@@H](OC(C)=O)[C@@H]2C)O[C@H](C)[C@@H](O[C@H]2C[C@@](C)(O)[C@@H](OC(=O)CC(C)C)[C@H](C)O2)[C@@H]1N(C)C,CCCCCCCCCC(=O)O[C@H]1[C@H](O[C@H]2[C@@H](CC=O)C[C@@H](C)C(=O)/C=C/C(C)=C/[C@H](CO[C@@H]3O[C@H](C)[C@@H](O)[C@@H](OC)[C@H]3OC)[C@@H](CC)OC(=O)C[C@@H](OC(C)=O)[C@@H]2C)O[C@H](C)[C@@H](O[C@H]2C[C@@](C)(O)[C@@H](OC(=O)CC(C)C)[C@H](C)O2)[C@@H]1N(C)C,True,,-1.781,-2.5918025970458984,-3.3322415351867676,-1.985988736152649,28,9,19,1
tylvalosin,Tylvalosin (Ì©Íò¾úËØ),REF_TYLVALOSIN,repository_reference,O53_attached_to_C27,53,27,C,MPM00294,3-Hydroxydodecanoic acid,CCCCCCCCCC(O)CC(=O)O,1,CCCCCCCCCC(O)CC(=O)O[C@H]1[C@H](O[C@H]2[C@@H](CC=O)C[C@@H](C)C(=O)/C=C/C(C)=C/[C@H](CO[C@@H]3O[C@H](C)[C@@H](O)[C@@H](OC)[C@H]3OC)[C@@H](CC)OC(=O)C[C@@H](OC(C)=O)[C@@H]2C)O[C@H](C)[C@@H](O[C@H]2C[C@@](C)(O)[C@@H](OC(=O)CC(C)C)[C@H](C)O2)[C@@H]1N(C)C,CCCCCCCCCC(O)CC(=O)O[C@H]1[C@H](O[C@H]2[C@@H](CC=O)C[C@@H](C)C(=O)/C=C/C(C)=C/[C@H](CO[C@@H]3O[C@H](C)[C@@H](O)[C@@H](OC)[C@H]3OC)[C@@H](CC)OC(=O)C[C@@H](OC(C)=O)[C@@H]2C)O[C@H](C)[C@@H](O[C@H]2C[C@@](C)(O)[C@@H](OC(=O)CC(C)C)[C@H](C)O2)[C@@H]1N(C)C,True,,-2.028,-2.8103599548339844,-3.5318803787231445,-2.2200255393981934,25,7,18,1
tylvalosin,Tylvalosin (Ì©Íò¾úËØ),REF_TYLVALOSIN,repository_reference,O53_attached_to_C27,53,27,C,MPM00606,dodecanoate,CCCCCCCCCCCC(=O)O,1,CCCCCCCCCCCC(=O)O[C@H]1[C@H](O[C@H]2[C@@H](CC=O)C[C@@H](C)C(=O)/C=C/C(C)=C/[C@H](CO[C@@H]3O[C@H](C)[C@@H](O)[C@@H](OC)[C@H]3OC)[C@@H](CC)OC(=O)C[C@@H](OC(C)=O)[C@@H]2C)O[C@H](C)[C@@H](O[C@H]2C[C@@](C)(O)[C@@H](OC(=O)CC(C)C)[C@H](C)O2)[C@@H]1N(C)C,CCCCCCCCCCCC(=O)O[C@H]1[C@H](O[C@H]2[C@@H](CC=O)C[C@@H](C)C(=O)/C=C/C(C)=C/[C@H](CO[C@@H]3O[C@H](C)[C@@H](O)[C@@H](OC)[C@H]3OC)[C@@H](CC)OC(=O)C[C@@H](OC(C)=O)[C@@H]2C)O[C@H](C)[C@@H](O[C@H]2C[C@@](C)(O)[C@@H](OC(=O)CC(C)C)[C@H](C)O2)[C@@H]1N(C)C,True,,-1.855,-2.614028215408325,-3.376840114593506,-1.989909052848816,28,9,19,1
tylvalosin,Tylvalosin (Ì©Íò¾úËØ),REF_TYLVALOSIN,repository_reference,O53_attached_to_C27,53,27,C,MPM00305,3-Hydroxytetradecanoic acid,CCCCCCCCCCCC(O)CC(=O)O,1,CCCCCCCCCCCC(O)CC(=O)O[C@H]1[C@H](O[C@H]2[C@@H](CC=O)C[C@@H](C)C(=O)/C=C/C(C)=C/[C@H](CO[C@@H]3O[C@H](C)[C@@H](O)[C@@H](OC)[C@H]3OC)[C@@H](CC)OC(=O)C[C@@H](OC(C)=O)[C@@H]2C)O[C@H](C)[C@@H](O[C@H]2C[C@@](C)(O)[C@@H](OC(=O)CC(C)C)[C@H](C)O2)[C@@H]1N(C)C,CCCCCCCCCCCC(O)CC(=O)O[C@H]1[C@H](O[C@H]2[C@@H](CC=O)C[C@@H](C)C(=O)/C=C/C(C)=C/[C@H](CO[C@@H]3O[C@H](C)[C@@H](O)[C@@H](OC)[C@H]3OC)[C@@H](CC)OC(=O)C[C@@H](OC(C)=O)[C@@H]2C)O[C@H](C)[C@@H](O[C@H]2C[C@@](C)(O)[C@@H](OC(=O)CC(C)C)[C@H](C)O2)[C@@H]1N(C)C,True,,-2.107,-2.9043326377868652,-3.631561756134033,-2.3093273639678955,25,8,17,1
tylvalosin,Tylvalosin (Ì©Íò¾úËØ),REF_TYLVALOSIN,repository_reference,O53_attached_to_C27,53,27,C,MPM00864,Petroselaidic acid,CCCCCCCCCCCC=CCCCCC(=O)O,1,CCCCCCCCCCCC=CCCCCC(=O)O[C@H]1[C@H](O[C@H]2[C@@H](CC=O)C[C@@H](C)C(=O)/C=C/C(C)=C/[C@H](CO[C@@H]3O[C@H](C)[C@@H](O)[C@@H](OC)[C@H]3OC)[C@@H](CC)OC(=O)C[C@@H](OC(C)=O)[C@@H]2C)O[C@H](C)[C@@H](O[C@H]2C[C@@](C)(O)[C@@H](OC(=O)CC(C)C)[C@H](C)O2)[C@@H]1N(C)C,CCCCCCCCCCCC=CCCCCC(=O)O[C@H]1[C@H](O[C@H]2[C@@H](CC=O)C[C@@H](C)C(=O)/C=C/C(C)=C/[C@H](CO[C@@H]3O[C@H](C)[C@@H](O)[C@@H](OC)[C@H]3OC)[C@@H](CC)OC(=O)C[C@@H](OC(C)=O)[C@@H]2C)O[C@H](C)[C@@H](O[C@H]2C[C@@](C)(O)[C@@H](OC(=O)CC(C)C)[C@H](C)O2)[C@@H]1N(C)C,True,,-2.115,-2.770198106765747,-3.5296132564544678,-2.1488583087921143,28,9,19,1
tylvalosin,Tylvalosin (Ì©Íò¾úËØ),REF_TYLVALOSIN,repository_reference,O53_attached_to_C27,53,27,C,MPM00967,tetradecanoate,CCCCCCCCCCCCCC(=O)O,1,CCCCCCCCCCCCCC(=O)O[C@H]1[C@H](O[C@H]2[C@@H](CC=O)C[C@@H](C)C(=O)/C=C/C(C)=C/[C@H](CO[C@@H]3O[C@H](C)[C@@H](O)[C@@H](OC)[C@H]3OC)[C@@H](CC)OC(=O)C[C@@H](OC(C)=O)[C@@H]2C)O[C@H](C)[C@@H](O[C@H]2C[C@@](C)(O)[C@@H](OC(=O)CC(C)C)[C@H](C)O2)[C@@H]1N(C)C,CCCCCCCCCCCCCC(=O)O[C@H]1[C@H](O[C@H]2[C@@H](CC=O)C[C@@H](C)C(=O)/C=C/C(C)=C/[C@H](CO[C@@H]3O[C@H](C)[C@@H](O)[C@@H](OC)[C@H]3OC)[C@@H](CC)OC(=O)C[C@@H](OC(C)=O)[C@@H]2C)O[C@H](C)[C@@H](O[C@H]2C[C@@](C)(O)[C@@H](OC(=O)CC(C)C)[C@H](C)O2)[C@@H]1N(C)C,True,,-1.934,-2.889946699142456,-3.6478843688964844,-2.2698161602020264,24,7,17,1
tylvalosin,Tylvalosin (Ì©Íò¾úËØ),REF_TYLVALOSIN,repository_reference,O53_attached_to_C27,53,27,C,MPM00296,3-Hydroxyhexadecanoic acid,CCCCCCCCCCCCCC(O)CC(=O)O,1,CCCCCCCCCCCCCC(O)CC(=O)O[C@H]1[C@H](O[C@H]2[C@@H](CC=O)C[C@@H](C)C(=O)/C=C/C(C)=C/[C@H](CO[C@@H]3O[C@H](C)[C@@H](O)[C@@H](OC)[C@H]3OC)[C@@H](CC)OC(=O)C[C@@H](OC(C)=O)[C@@H]2C)O[C@H](C)[C@@H](O[C@H]2C[C@@](C)(O)[C@@H](OC(=O)CC(C)C)[C@H](C)O2)[C@@H]1N(C)C,CCCCCCCCCCCCCC(O)CC(=O)O[C@H]1[C@H](O[C@H]2[C@@H](CC=O)C[C@@H](C)C(=O)/C=C/C(C)=C/[C@H](CO[C@@H]3O[C@H](C)[C@@H](O)[C@@H](OC)[C@H]3OC)[C@@H](CC)OC(=O)C[C@@H](OC(C)=O)[C@@H]2C)O[C@H](C)[C@@H](O[C@H]2C[C@@](C)(O)[C@@H](OC(=O)CC(C)C)[C@H](C)O2)[C@@H]1N(C)C,True,,-2.185,-2.8479113578796387,-3.5773696899414062,-2.2510812282562256,26,8,18,1
tylvalosin,Tylvalosin (Ì©Íò¾úËØ),REF_TYLVALOSIN,repository_reference,O53_attached_to_C27,53,27,C,MPM00511,Cetylic acid,CCCCCCCCCCCCCCCC(=O)O,1,CCCCCCCCCCCCCCCC(=O)O[C@H]1[C@H](O[C@H]2[C@@H](CC=O)C[C@@H](C)C(=O)/C=C/C(C)=C/[C@H](CO[C@@H]3O[C@H](C)[C@@H](O)[C@@H](OC)[C@H]3OC)[C@@H](CC)OC(=O)C[C@@H](OC(C)=O)[C@@H]2C)O[C@H](C)[C@@H](O[C@H]2C[C@@](C)(O)[C@@H](OC(=O)CC(C)C)[C@H](C)O2)[C@@H]1N(C)C,CCCCCCCCCCCCCCCC(=O)O[C@H]1[C@H](O[C@H]2[C@@H](CC=O)C[C@@H](C)C(=O)/C=C/C(C)=C/[C@H](CO[C@@H]3O[C@H](C)[C@@H](O)[C@@H](OC)[C@H]3OC)[C@@H](CC)OC(=O)C[C@@H](OC(C)=O)[C@@H]2C)O[C@H](C)[C@@H](O[C@H]2C[C@@](C)(O)[C@@H](OC(=O)CC(C)C)[C@H](C)O2)[C@@H]1N(C)C,True,,-2.012,-2.8857481479644775,-3.651050567626953,-2.259591817855835,24,7,17,1
tylvalosin,Tylvalosin (Ì©Íò¾úËØ),REF_TYLVALOSIN,repository_reference,O53_attached_to_C27,53,27,C,MPM00955,Stearic acid,CCCCCCCCCCCCCCCCCC(=O)O,1,CCCCCCCCCCCCCCCCCC(=O)O[C@H]1[C@H](O[C@H]2[C@@H](CC=O)C[C@@H](C)C(=O)/C=C/C(C)=C/[C@H](CO[C@@H]3O[C@H](C)[C@@H](O)[C@@H](OC)[C@H]3OC)[C@@H](CC)OC(=O)C[C@@H](OC(C)=O)[C@@H]2C)O[C@H](C)[C@@H](O[C@H]2C[C@@](C)(O)[C@@H](OC(=O)CC(C)C)[C@H](C)O2)[C@@H]1N(C)C,CCCCCCCCCCCCCCCCCC(=O)O[C@H]1[C@H](O[C@H]2[C@@H](CC=O)C[C@@H](C)C(=O)/C=C/C(C)=C/[C@H](CO[C@@H]3O[C@H](C)[C@@H](O)[C@@H](OC)[C@H]3OC)[C@@H](CC)OC(=O)C[C@@H](OC(C)=O)[C@@H]2C)O[C@H](C)[C@@H](O[C@H]2C[C@@](C)(O)[C@@H](OC(=O)CC(C)C)[C@H](C)O2)[C@@H]1N(C)C,True,,-2.091,-2.8949146270751953,-3.660200357437134,-2.2687718868255615,24,7,17,1
tylvalosin,Tylvalosin (Ì©Íò¾úËØ),REF_TYLVALOSIN,repository_reference,O53_attached_to_C27,53,27,C,MPM01526,N-Methylglycine,CNCC(=O)O,1,CC[C@H]1OC(=O)C[C@@H](OC(C)=O)[C@H](C)[C@@H](O[C@@H]2O[C@H](C)[C@@H](O[C@H]3C[C@@](C)(O)[C@@H](OC(=O)CC(C)C)[C@H](C)O3)[C@H](N(C)C)[C@H]2OC(=O)CNC)[C@@H](CC=O)C[C@@H](C)C(=O)/C=C/C(C)=C/[C@@H]1CO[C@@H]1O[C@H](C)[C@@H](O)[C@@H](OC)[C@H]1OC,CC[C@H]1OC(=O)C[C@@H](OC(C)=O)[C@H](C)[C@@H](O[C@@H]2O[C@H](C)[C@@H](O[C@H]3C[C@@](C)(O)[C@@H](OC(=O)CC(C)C)[C@H](C)O3)[C@H](N(C)C)[C@H]2OC(=O)CNC)[C@@H](CC=O)C[C@@H](C)C(=O)/C=C/C(C)=C/[C@@H]1CO[C@@H]1O[C@H](C)[C@@H](O)[C@@H](OC)[C@H]1OC,True,,-1.133,-2.7303359508514404,-3.4718098640441895,-2.1236753463745117,25,8,17,1
tylvalosin,Tylvalosin (Ì©Íò¾úËØ),REF_TYLVALOSIN,repository_reference,O53_attached_to_C27,53,27,C,MPM00346,4-Hydroxy-3-methoxycinnamate,COc1cc(C=CC(=O)O)ccc1O,1,CC[C@H]1OC(=O)C[C@@H](OC(C)=O)[C@H](C)[C@@H](O[C@@H]2O[C@H](C)[C@@H](O[C@H]3C[C@@](C)(O)[C@@H](OC(=O)CC(C)C)[C@H](C)O3)[C@H](N(C)C)[C@H]2OC(=O)C=Cc2ccc(O)c(OC)c2)[C@@H](CC=O)C[C@@H](C)C(=O)/C=C/C(C)=C/[C@@H]1CO[C@@H]1O[C@H](C)[C@@H](O)[C@@H](OC)[C@H]1OC,CC[C@H]1OC(=O)C[C@@H](OC(C)=O)[C@H](C)[C@@H](O[C@@H]2O[C@H](C)[C@@H](O[C@H]3C[C@@](C)(O)[C@@H](OC(=O)CC(C)C)[C@H](C)O3)[C@H](N(C)C)[C@H]2OC(=O)C=Cc2ccc(O)c(OC)c2)[C@@H](CC=O)C[C@@H](C)C(=O)/C=C/C(C)=C/[C@@H]1CO[C@@H]1O[C@H](C)[C@@H](O)[C@@H](OC)[C@H]1OC,True,,-0.788,-1.7388360500335693,-2.341698408126831,-1.2455854415893555,37,15,22,1
tylvalosin,Tylvalosin (Ì©Íò¾úËØ),REF_TYLVALOSIN,repository_reference,O53_attached_to_C27,53,27,C,MPM01482,L-Methionine (R)-S-oxide,CS(=O)CCC(N)C(=O)O,1,CC[C@H]1OC(=O)C[C@@H](OC(C)=O)[C@H](C)[C@@H](O[C@@H]2O[C@H](C)[C@@H](O[C@H]3C[C@@](C)(O)[C@@H](OC(=O)CC(C)C)[C@H](C)O3)[C@H](N(C)C)[C@H]2OC(=O)C(N)CCS(C)=O)[C@@H](CC=O)C[C@@H](C)C(=O)/C=C/C(C)=C/[C@@H]1CO[C@@H]1O[C@H](C)[C@@H](O)[C@@H](OC)[C@H]1OC,CC[C@H]1OC(=O)C[C@@H](OC(C)=O)[C@H](C)[C@@H](O[C@@H]2O[C@H](C)[C@@H](O[C@H]3C[C@@](C)(O)[C@@H](OC(=O)CC(C)C)[C@H](C)O3)[C@H](N(C)C)[C@H]2OC(=O)C(N)CCS(C)=O)[C@@H](CC=O)C[C@@H](C)C(=O)/C=C/C(C)=C/[C@@H]1CO[C@@H]1O[C@H](C)[C@@H](O)[C@@H](OC)[C@H]1OC,True,,-1.595,-2.5522313117980957,-3.2685399055480957,-1.9661610126495361,27,8,19,1
tylvalosin,Tylvalosin (Ì©Íò¾úËØ),REF_TYLVALOSIN,repository_reference,O53_attached_to_C27,53,27,C,MPM01356,D-2-Amino-4-(methylthio)butyric acid,CSCCC(N)C(=O)O,1,CC[C@H]1OC(=O)C[C@@H](OC(C)=O)[C@H](C)[C@@H](O[C@@H]2O[C@H](C)[C@@H](O[C@H]3C[C@@](C)(O)[C@@H](OC(=O)CC(C)C)[C@H](C)O3)[C@H](N(C)C)[C@H]2OC(=O)C(N)CCSC)[C@@H](CC=O)C[C@@H](C)C(=O)/C=C/C(C)=C/[C@@H]1CO[C@@H]1O[C@H](C)[C@@H](O)[C@@H](OC)[C@H]1OC,CC[C@H]1OC(=O)C[C@@H](OC(C)=O)[C@H](C)[C@@H](O[C@@H]2O[C@H](C)[C@@H](O[C@H]3C[C@@](C)(O)[C@@H](OC(=O)CC(C)C)[C@H](C)O3)[C@H](N(C)C)[C@H]2OC(=O)C(N)CCSC)[C@@H](CC=O)C[C@@H](C)C(=O)/C=C/C(C)=C/[C@@H]1CO[C@@H]1O[C@H](C)[C@@H](O)[C@@H](OC)[C@H]1OC,True,,-1.796,-2.702622175216675,-3.465357780456543,-2.078566074371338,26,7,19,1
tylvalosin,Tylvalosin (Ì©Íò¾úËØ),REF_TYLVALOSIN,repository_reference,O53_attached_to_C27,53,27,C,MPM00678,Glycylmethionine,CSCCC(NC(=O)CN)C(=O)O,1,CC[C@H]1OC(=O)C[C@@H](OC(C)=O)[C@H](C)[C@@H](O[C@@H]2O[C@H](C)[C@@H](O[C@H]3C[C@@](C)(O)[C@@H](OC(=O)CC(C)C)[C@H](C)O3)[C@H](N(C)C)[C@H]2OC(=O)C(CCSC)NC(=O)CN)[C@@H](CC=O)C[C@@H](C)C(=O)/C=C/C(C)=C/[C@@H]1CO[C@@H]1O[C@H](C)[C@@H](O)[C@@H](OC)[C@H]1OC,CC[C@H]1OC(=O)C[C@@H](OC(C)=O)[C@H](C)[C@@H](O[C@@H]2O[C@H](C)[C@@H](O[C@H]3C[C@@](C)(O)[C@@H](OC(=O)CC(C)C)[C@H](C)O3)[C@H](N(C)C)[C@H]2OC(=O)C(CCSC)NC(=O)CN)[C@@H](CC=O)C[C@@H](C)C(=O)/C=C/C(C)=C/[C@@H]1CO[C@@H]1O[C@H](C)[C@@H](O)[C@@H](OC)[C@H]1OC,True,,-1.572,-2.4784603118896484,-3.2250208854675293,-1.8676378726959229,28,9,19,1
tylvalosin,Tylvalosin (Ì©Íò¾úËØ),REF_TYLVALOSIN,repository_reference,O53_attached_to_C27,53,27,C,MPM01143,2-Aminosuccinamic acid,NC(=O)CC(N)C(=O)O,1,CC[C@H]1OC(=O)C[C@@H](OC(C)=O)[C@H](C)[C@@H](O[C@@H]2O[C@H](C)[C@@H](O[C@H]3C[C@@](C)(O)[C@@H](OC(=O)CC(C)C)[C@H](C)O3)[C@H](N(C)C)[C@H]2OC(=O)C(N)CC(N)=O)[C@@H](CC=O)C[C@@H](C)C(=O)/C=C/C(C)=C/[C@@H]1CO[C@@H]1O[C@H](C)[C@@H](O)[C@@H](OC)[C@H]1OC,CC[C@H]1OC(=O)C[C@@H](OC(C)=O)[C@H](C)[C@@H](O[C@@H]2O[C@H](C)[C@@H](O[C@H]3C[C@@](C)(O)[C@@H](OC(=O)CC(C)C)[C@H](C)O3)[C@H](N(C)C)[C@H]2OC(=O)C(N)CC(N)=O)[C@@H](CC=O)C[C@@H](C)C(=O)/C=C/C(C)=C/[C@@H]1CO[C@@H]1O[C@H](C)[C@@H](O)[C@@H](OC)[C@H]1OC,True,,-1.132,-2.6202938556671143,-3.310410261154175,-2.0556528568267822,27,8,19,1
tylvalosin,Tylvalosin (Ì©Íò¾úËØ),REF_TYLVALOSIN,repository_reference,O53_attached_to_C27,53,27,C,MPM01464,L-2-Aminoglutaramic acid,NC(=O)CCC(N)C(=O)O,1,CC[C@H]1OC(=O)C[C@@H](OC(C)=O)[C@H](C)[C@@H](O[C@@H]2O[C@H](C)[C@@H](O[C@H]3C[C@@](C)(O)[C@@H](OC(=O)CC(C)C)[C@H](C)O3)[C@H](N(C)C)[C@H]2OC(=O)C(N)CCC(N)=O)[C@@H](CC=O)C[C@@H](C)C(=O)/C=C/C(C)=C/[C@@H]1CO[C@@H]1O[C@H](C)[C@@H](O)[C@@H](OC)[C@H]1OC,CC[C@H]1OC(=O)C[C@@H](OC(C)=O)[C@H](C)[C@@H](O[C@@H]2O[C@H](C)[C@@H](O[C@H]3C[C@@](C)(O)[C@@H](OC(=O)CC(C)C)[C@H](C)O3)[C@H](N(C)C)[C@H]2OC(=O)C(N)CCC(N)=O)[C@@H](CC=O)C[C@@H](C)C(=O)/C=C/C(C)=C/[C@@H]1CO[C@@H]1O[C@H](C)[C@@H](O)[C@@H](OC)[C@H]1OC,True,,-1.202,-2.8393101692199707,-3.521512985229492,-2.281144380569458,25,7,18,1
tylvalosin,Tylvalosin (Ì©Íò¾úËØ),REF_TYLVALOSIN,repository_reference,O53_attached_to_C27,53,27,C,MPM00951,S-Succinyldihydrolipoamide,NC(=O)CCCCC(S)CCSC(=O)CCC(=O)O,1,CC[C@H]1OC(=O)C[C@@H](OC(C)=O)[C@H](C)[C@@H](O[C@@H]2O[C@H](C)[C@@H](O[C@H]3C[C@@](C)(O)[C@@H](OC(=O)CC(C)C)[C@H](C)O3)[C@H](N(C)C)[C@H]2OC(=O)CCC(=O)SCCC(S)CCCCC(N)=O)[C@@H](CC=O)C[C@@H](C)C(=O)/C=C/C(C)=C/[C@@H]1CO[C@@H]1O[C@H](C)[C@@H](O)[C@@H](OC)[C@H]1OC,CC[C@H]1OC(=O)C[C@@H](OC(C)=O)[C@H](C)[C@@H](O[C@@H]2O[C@H](C)[C@@H](O[C@H]3C[C@@](C)(O)[C@@H](OC(=O)CC(C)C)[C@H](C)O3)[C@H](N(C)C)[C@H]2OC(=O)CCC(=O)SCCC(S)CCCCC(N)=O)[C@@H](CC=O)C[C@@H](C)C(=O)/C=C/C(C)=C/[C@@H]1CO[C@@H]1O[C@H](C)[C@@H](O)[C@@H](OC)[C@H]1OC,True,,-4.13,-2.7082741260528564,-3.4030263423919678,-2.1398403644561768,26,8,18,1
tylvalosin,Tylvalosin (Ì©Íò¾úËØ),REF_TYLVALOSIN,repository_reference,O53_attached_to_C27,53,27,C,MPM00444,Allophanic acid,NC(=O)NC(=O)O,1,CC[C@H]1OC(=O)C[C@@H](OC(C)=O)[C@H](C)[C@@H](O[C@@H]2O[C@H](C)[C@@H](O[C@H]3C[C@@](C)(O)[C@@H](OC(=O)CC(C)C)[C@H](C)O3)[C@H](N(C)C)[C@H]2OC(=O)NC(N)=O)[C@@H](CC=O)C[C@@H](C)C(=O)/C=C/C(C)=C/[C@@H]1CO[C@@H]1O[C@H](C)[C@@H](O)[C@@H](OC)[C@H]1OC,CC[C@H]1OC(=O)C[C@@H](OC(C)=O)[C@H](C)[C@@H](O[C@@H]2O[C@H](C)[C@@H](O[C@H]3C[C@@](C)(O)[C@@H](OC(=O)CC(C)C)[C@H](C)O3)[C@H](N(C)C)[C@H]2OC(=O)NC(N)=O)[C@@H](CC=O)C[C@@H](C)C(=O)/C=C/C(C)=C/[C@@H]1CO[C@@H]1O[C@H](C)[C@@H](O)[C@@H](OC)[C@H]1OC,True,,-1.926,-2.219359874725342,-2.8316121101379395,-1.71842622756958,33,13,20,1
tylvalosin,Tylvalosin (Ì©Íò¾úËØ),REF_TYLVALOSIN,repository_reference,O53_attached_to_C27,53,27,C,MPM00442,Allantoic acid,NC(=O)NC(NC(N)=O)C(=O)O,1,CC[C@H]1OC(=O)C[C@@H](OC(C)=O)[C@H](C)[C@@H](O[C@@H]2O[C@H](C)[C@@H](O[C@H]3C[C@@](C)(O)[C@@H](OC(=O)CC(C)C)[C@H](C)O3)[C@H](N(C)C)[C@H]2OC(=O)C(NC(N)=O)NC(N)=O)[C@@H](CC=O)C[C@@H](C)C(=O)/C=C/C(C)=C/[C@@H]1CO[C@@H]1O[C@H](C)[C@@H](O)[C@@H](OC)[C@H]1OC,CC[C@H]1OC(=O)C[C@@H](OC(C)=O)[C@H](C)[C@@H](O[C@@H]2O[C@H](C)[C@@H](O[C@H]3C[C@@](C)(O)[C@@H](OC(=O)CC(C)C)[C@H](C)O3)[C@H](N(C)C)[C@H]2OC(=O)C(NC(N)=O)NC(N)=O)[C@@H](CC=O)C[C@@H](C)C(=O)/C=C/C(C)=C/[C@@H]1CO[C@@H]1O[C@H](C)[C@@H](O)[C@@H](OC)[C@H]1OC,True,,-2.198,-2.581641674041748,-3.2672457695007324,-2.020692825317383,29,9,20,1
tylvalosin,Tylvalosin (Ì©Íò¾úËØ),REF_TYLVALOSIN,repository_reference,O53_attached_to_C27,53,27,C,MPM00004,(-)-Ureidoglycolate,NC(=O)NC(O)C(=O)O,1,CC[C@H]1OC(=O)C[C@@H](OC(C)=O)[C@H](C)[C@@H](O[C@@H]2O[C@H](C)[C@@H](O[C@H]3C[C@@](C)(O)[C@@H](OC(=O)CC(C)C)[C@H](C)O3)[C@H](N(C)C)[C@H]2OC(=O)C(O)NC(N)=O)[C@@H](CC=O)C[C@@H](C)C(=O)/C=C/C(C)=C/[C@@H]1CO[C@@H]1O[C@H](C)[C@@H](O)[C@@H](OC)[C@H]1OC,CC[C@H]1OC(=O)C[C@@H](OC(C)=O)[C@H](C)[C@@H](O[C@@H]2O[C@H](C)[C@@H](O[C@H]3C[C@@](C)(O)[C@@H](OC(=O)CC(C)C)[C@H](C)O3)[C@H](N(C)C)[C@H]2OC(=O)C(O)NC(N)=O)[C@@H](CC=O)C[C@@H](C)C(=O)/C=C/C(C)=C/[C@@H]1CO[C@@H]1O[C@H](C)[C@@H](O)[C@@H](OC)[C@H]1OC,True,,-1.831,-3.257427215576172,-3.9420268535614014,-2.6973001956939697,19,3,16,1
tylvalosin,Tylvalosin (Ì©Íò¾úËØ),REF_TYLVALOSIN,repository_reference,O53_attached_to_C27,53,27,C,MPM00254,2-Oxo-4-hydroxy-4-carboxy-5-ureidoimidazoline,NC(=O)NC1=NC(=O)NC1(O)C(=O)O,1,CC[C@H]1OC(=O)C[C@@H](OC(C)=O)[C@H](C)[C@@H](O[C@@H]2O[C@H](C)[C@@H](O[C@H]3C[C@@](C)(O)[C@@H](OC(=O)CC(C)C)[C@H](C)O3)[C@H](N(C)C)[C@H]2OC(=O)C2(O)NC(=O)N=C2NC(N)=O)[C@@H](CC=O)C[C@@H](C)C(=O)/C=C/C(C)=C/[C@@H]1CO[C@@H]1O[C@H](C)[C@@H](O)[C@@H](OC)[C@H]1OC,CC[C@H]1OC(=O)C[C@@H](OC(C)=O)[C@H](C)[C@@H](O[C@@H]2O[C@H](C)[C@@H](O[C@H]3C[C@@](C)(O)[C@@H](OC(=O)CC(C)C)[C@H](C)O3)[C@H](N(C)C)[C@H]2OC(=O)C2(O)NC(=O)N=C2NC(N)=O)[C@@H](CC=O)C[C@@H](C)C(=O)/C=C/C(C)=C/[C@@H]1CO[C@@H]1O[C@H](C)[C@@H](O)[C@@H](OC)[C@H]1OC,True,,-2.431,-2.551612377166748,-3.1175270080566406,-2.0885915756225586,29,11,18,1
tylvalosin,Tylvalosin (Ì©Íò¾úËØ),REF_TYLVALOSIN,repository_reference,O53_attached_to_C27,53,27,C,MPM00815,N-Carbamoyl-beta-alanine,NC(=O)NCCC(=O)O,1,CC[C@H]1OC(=O)C[C@@H](OC(C)=O)[C@H](C)[C@@H](O[C@@H]2O[C@H](C)[C@@H](O[C@H]3C[C@@](C)(O)[C@@H](OC(=O)CC(C)C)[C@H](C)O3)[C@H](N(C)C)[C@H]2OC(=O)CCNC(N)=O)[C@@H](CC=O)C[C@@H](C)C(=O)/C=C/C(C)=C/[C@@H]1CO[C@@H]1O[C@H](C)[C@@H](O)[C@@H](OC)[C@H]1OC,CC[C@H]1OC(=O)C[C@@H](OC(C)=O)[C@H](C)[C@@H](O[C@@H]2O[C@H](C)[C@@H](O[C@H]3C[C@@](C)(O)[C@@H](OC(=O)CC(C)C)[C@H](C)O3)[C@H](N(C)C)[C@H]2OC(=O)CCNC(N)=O)[C@@H](CC=O)C[C@@H](C)C(=O)/C=C/C(C)=C/[C@@H]1CO[C@@H]1O[C@H](C)[C@@H](O)[C@@H](OC)[C@H]1OC,True,,-1.677,-2.8850536346435547,-3.5858726501464844,-2.3116564750671387,25,7,18,1
tylvalosin,Tylvalosin (Ì©Íò¾úËØ),REF_TYLVALOSIN,repository_reference,O53_attached_to_C27,53,27,C,MPM01334,Citrulline,NC(=O)NCCCC(N)C(=O)O,1,CC[C@H]1OC(=O)C[C@@H](OC(C)=O)[C@H](C)[C@@H](O[C@@H]2O[C@H](C)[C@@H](O[C@H]3C[C@@](C)(O)[C@@H](OC(=O)CC(C)C)[C@H](C)O3)[C@H](N(C)C)[C@H]2OC(=O)C(N)CCCNC(N)=O)[C@@H](CC=O)C[C@@H](C)C(=O)/C=C/C(C)=C/[C@@H]1CO[C@@H]1O[C@H](C)[C@@H](O)[C@@H](OC)[C@H]1OC,CC[C@H]1OC(=O)C[C@@H](OC(C)=O)[C@H](C)[C@@H](O[C@@H]2O[C@H](C)[C@@H](O[C@H]3C[C@@](C)(O)[C@@H](OC(=O)CC(C)C)[C@H](C)O3)[C@H](N(C)C)[C@H]2OC(=O)C(N)CCCNC(N)=O)[C@@H](CC=O)C[C@@H](C)C(=O)/C=C/C(C)=C/[C@@H]1CO[C@@H]1O[C@H](C)[C@@H](O)[C@@H](OC)[C@H]1OC,True,,-1.566,-2.6031951904296875,-3.2976725101470947,-2.0349862575531006,28,9,19,1
tylvalosin,Tylvalosin (Ì©Íò¾úËØ),REF_TYLVALOSIN,repository_reference,O53_attached_to_C27,53,27,C,MPM01438,Hydroxythreonine,NC(C(=O)O)C(O)CO,1,CC[C@H]1OC(=O)C[C@@H](OC(C)=O)[C@H](C)[C@@H](O[C@@H]2O[C@H](C)[C@@H](O[C@H]3C[C@@](C)(O)[C@@H](OC(=O)CC(C)C)[C@H](C)O3)[C@H](N(C)C)[C@H]2OC(=O)C(N)C(O)CO)[C@@H](CC=O)C[C@@H](C)C(=O)/C=C/C(C)=C/[C@@H]1CO[C@@H]1O[C@H](C)[C@@H](O)[C@@H](OC)[C@H]1OC,CC[C@H]1OC(=O)C[C@@H](OC(C)=O)[C@H](C)[C@@H](O[C@@H]2O[C@H](C)[C@@H](O[C@H]3C[C@@](C)(O)[C@@H](OC(=O)CC(C)C)[C@H](C)O3)[C@H](N(C)C)[C@H]2OC(=O)C(N)C(O)CO)[C@@H](CC=O)C[C@@H](C)C(=O)/C=C/C(C)=C/[C@@H]1CO[C@@H]1O[C@H](C)[C@@H](O)[C@@H](OC)[C@H]1OC,True,,-1.557,-2.548644542694092,-3.2443642616271973,-1.979419231414795,27,8,19,1
tylvalosin,Tylvalosin (Ì©Íò¾úËØ),REF_TYLVALOSIN,repository_reference,O53_attached_to_C27,53,27,C,MPM00363,4-Phosphooxy-L-threonine,NC(C(=O)O)C(O)COP(=O)(O)O,1,CC[C@H]1OC(=O)C[C@@H](OC(C)=O)[C@H](C)[C@@H](O[C@@H]2O[C@H](C)[C@@H](O[C@H]3C[C@@](C)(O)[C@@H](OC(=O)CC(C)C)[C@H](C)O3)[C@H](N(C)C)[C@H]2OC(=O)C(N)C(O)COP(=O)(O)O)[C@@H](CC=O)C[C@@H](C)C(=O)/C=C/C(C)=C/[C@@H]1CO[C@@H]1O[C@H](C)[C@@H](O)[C@@H](OC)[C@H]1OC,CC[C@H]1OC(=O)C[C@@H](OC(C)=O)[C@H](C)[C@@H](O[C@@H]2O[C@H](C)[C@@H](O[C@H]3C[C@@](C)(O)[C@@H](OC(=O)CC(C)C)[C@H](C)O3)[C@H](N(C)C)[C@H]2OC(=O)C(N)C(O)COP(=O)(O)O)[C@@H](CC=O)C[C@@H](C)C(=O)/C=C/C(C)=C/[C@@H]1CO[C@@H]1O[C@H](C)[C@@H](O)[C@@H](OC)[C@H]1OC,True,,-1.644,-2.383786201477051,-3.0185749530792236,-1.8644134998321533,30,11,19,1
tylvalosin,Tylvalosin (Ì©Íò¾úËØ),REF_TYLVALOSIN,repository_reference,O53_attached_to_C27,53,27,C,MPM01144,2-Ammoniomalonate semialdehyde,NC(C=O)C(=O)O,1,CC[C@H]1OC(=O)C[C@@H](OC(C)=O)[C@H](C)[C@@H](O[C@@H]2O[C@H](C)[C@@H](O[C@H]3C[C@@](C)(O)[C@@H](OC(=O)CC(C)C)[C@H](C)O3)[C@H](N(C)C)[C@H]2OC(=O)C(N)C=O)[C@@H](CC=O)C[C@@H](C)C(=O)/C=C/C(C)=C/[C@@H]1CO[C@@H]1O[C@H](C)[C@@H](O)[C@@H](OC)[C@H]1OC,CC[C@H]1OC(=O)C[C@@H](OC(C)=O)[C@H](C)[C@@H](O[C@@H]2O[C@H](C)[C@@H](O[C@H]3C[C@@](C)(O)[C@@H](OC(=O)CC(C)C)[C@H](C)O3)[C@H](N(C)C)[C@H]2OC(=O)C(N)C=O)[C@@H](CC=O)C[C@@H](C)C(=O)/C=C/C(C)=C/[C@@H]1CO[C@@H]1O[C@H](C)[C@@H](O)[C@@H](OC)[C@H]1OC,True,,-1.43,-1.9357035160064697,-2.48527455329895,-1.4860546588897705,36,15,21,1
tylvalosin,Tylvalosin (Ì©Íò¾úËØ),REF_TYLVALOSIN,repository_reference,O53_attached_to_C27,53,27,C,MPM01475,L-Glutamate 1-semialdehyde,NC(C=O)CCC(=O)O,1,CC[C@H]1OC(=O)C[C@@H](OC(C)=O)[C@H](C)[C@@H](O[C@@H]2O[C@H](C)[C@@H](O[C@H]3C[C@@](C)(O)[C@@H](OC(=O)CC(C)C)[C@H](C)O3)[C@H](N(C)C)[C@H]2OC(=O)CCC(N)C=O)[C@@H](CC=O)C[C@@H](C)C(=O)/C=C/C(C)=C/[C@@H]1CO[C@@H]1O[C@H](C)[C@@H](O)[C@@H](OC)[C@H]1OC,CC[C@H]1OC(=O)C[C@@H](OC(C)=O)[C@H](C)[C@@H](O[C@@H]2O[C@H](C)[C@@H](O[C@H]3C[C@@](C)(O)[C@@H](OC(=O)CC(C)C)[C@H](C)O3)[C@H](N(C)C)[C@H]2OC(=O)CCC(N)C=O)[C@@H](CC=O)C[C@@H](C)C(=O)/C=C/C(C)=C/[C@@H]1CO[C@@H]1O[C@H](C)[C@@H](O)[C@@H](OC)[C@H]1OC,True,,-1.684,-2.824366331100464,-3.50355863571167,-2.2686636447906494,23,6,17,1
tylvalosin,Tylvalosin (Ì©Íò¾úËØ),REF_TYLVALOSIN,repository_reference,O53_attached_to_C27,53,27,C,MPM01471,L-Aspartic 4-semialdehyde,NC(CC=O)C(=O)O,1,CC[C@H]1OC(=O)C[C@@H](OC(C)=O)[C@H](C)[C@@H](O[C@@H]2O[C@H](C)[C@@H](O[C@H]3C[C@@](C)(O)[C@@H](OC(=O)CC(C)C)[C@H](C)O3)[C@H](N(C)C)[C@H]2OC(=O)C(N)CC=O)[C@@H](CC=O)C[C@@H](C)C(=O)/C=C/C(C)=C/[C@@H]1CO[C@@H]1O[C@H](C)[C@@H](O)[C@@H](OC)[C@H]1OC,CC[C@H]1OC(=O)C[C@@H](OC(C)=O)[C@H](C)[C@@H](O[C@@H]2O[C@H](C)[C@@H](O[C@H]3C[C@@](C)(O)[C@@H](OC(=O)CC(C)C)[C@H](C)O3)[C@H](N(C)C)[C@H]2OC(=O)C(N)CC=O)[C@@H](CC=O)C[C@@H](C)C(=O)/C=C/C(C)=C/[C@@H]1CO[C@@H]1O[C@H](C)[C@@H](O)[C@@H](OC)[C@H]1OC,True,,-1.598,-2.8177273273468018,-3.56508207321167,-2.2062549591064453,27,9,18,1
tylvalosin,Tylvalosin (Ì©Íò¾úËØ),REF_TYLVALOSIN,repository_reference,O53_attached_to_C27,53,27,C,MPM01476,L-Glutamate gamma-semialdehyde,NC(CCC=O)C(=O)O,1,CC[C@H]1OC(=O)C[C@@H](OC(C)=O)[C@H](C)[C@@H](O[C@@H]2O[C@H](C)[C@@H](O[C@H]3C[C@@](C)(O)[C@@H](OC(=O)CC(C)C)[C@H](C)O3)[C@H](N(C)C)[C@H]2OC(=O)C(N)CCC=O)[C@@H](CC=O)C[C@@H](C)C(=O)/C=C/C(C)=C/[C@@H]1CO[C@@H]1O[C@H](C)[C@@H](O)[C@@H](OC)[C@H]1OC,CC[C@H]1OC(=O)C[C@@H](OC(C)=O)[C@H](C)[C@@H](O[C@@H]2O[C@H](C)[C@@H](O[C@H]3C[C@@](C)(O)[C@@H](OC(=O)CC(C)C)[C@H](C)O3)[C@H](N(C)C)[C@H]2OC(=O)C(N)CCC=O)[C@@H](CC=O)C[C@@H](C)C(=O)/C=C/C(C)=C/[C@@H]1CO[C@@H]1O[C@H](C)[C@@H](O)[C@@H](OC)[C@H]1OC,True,,-1.667,-2.9898605346679688,-3.677091360092163,-2.4275808334350586,21,5,16,1
tylvalosin,Tylvalosin (Ì©Íò¾úËØ),REF_TYLVALOSIN,repository_reference,O53_attached_to_C27,53,27,C,MPM01076,(S)-2-Amino-6-oxohexanoate,NC(CCCC=O)C(=O)O,1,CC[C@H]1OC(=O)C[C@@H](OC(C)=O)[C@H](C)[C@@H](O[C@@H]2O[C@H](C)[C@@H](O[C@H]3C[C@@](C)(O)[C@@H](OC(=O)CC(C)C)[C@H](C)O3)[C@H](N(C)C)[C@H]2OC(=O)C(N)CCCC=O)[C@@H](CC=O)C[C@@H](C)C(=O)/C=C/C(C)=C/[C@@H]1CO[C@@H]1O[C@H](C)[C@@H](O)[C@@H](OC)[C@H]1OC,CC[C@H]1OC(=O)C[C@@H](OC(C)=O)[C@H](C)[C@@H](O[C@@H]2O[C@H](C)[C@@H](O[C@H]3C[C@@](C)(O)[C@@H](OC(=O)CC(C)C)[C@H](C)O3)[C@H](N(C)C)[C@H]2OC(=O)C(N)CCCC=O)[C@@H](CC=O)C[C@@H](C)C(=O)/C=C/C(C)=C/[C@@H]1CO[C@@H]1O[C@H](C)[C@@H](O)[C@@H](OC)[C@H]1OC,True,,-1.731,-2.859504461288452,-3.5316526889801025,-2.309565305709839,25,6,19,1
tylvalosin,Tylvalosin (Ì©Íò¾úËØ),REF_TYLVALOSIN,repository_reference,O53_attached_to_C27,53,27,C,MPM00800,N6-(D-Fructosyl)-L-lysine,NC(CCCCNCC(=O)C(O)C(O)C(O)CO)C(=O)O,1,CC[C@H]1OC(=O)C[C@@H](OC(C)=O)[C@H](C)[C@@H](O[C@@H]2O[C@H](C)[C@@H](O[C@H]3C[C@@](C)(O)[C@@H](OC(=O)CC(C)C)[C@H](C)O3)[C@H](N(C)C)[C@H]2OC(=O)C(N)CCCCNCC(=O)C(O)C(O)C(O)CO)[C@@H](CC=O)C[C@@H](C)C(=O)/C=C/C(C)=C/[C@@H]1CO[C@@H]1O[C@H](C)[C@@H](O)[C@@H](OC)[C@H]1OC,CC[C@H]1OC(=O)C[C@@H](OC(C)=O)[C@H](C)[C@@H](O[C@@H]2O[C@H](C)[C@@H](O[C@H]3C[C@@](C)(O)[C@@H](OC(=O)CC(C)C)[C@H](C)O3)[C@H](N(C)C)[C@H]2OC(=O)C(N)CCCCNCC(=O)C(O)C(O)C(O)CO)[C@@H](CC=O)C[C@@H](C)C(=O)/C=C/C(C)=C/[C@@H]1CO[C@@H]1O[C@H](C)[C@@H](O)[C@@H](OC)[C@H]1OC,True,,-1.992,-2.147094249725342,-2.845079183578491,-1.5760159492492676,31,11,20,1
tylvalosin,Tylvalosin (Ì©Íò¾úËØ),REF_TYLVALOSIN,repository_reference,O53_attached_to_C27,53,27,C,MPM01141,2-Amino-4-hydroxybutyric acid,NC(CCO)C(=O)O,1,CC[C@H]1OC(=O)C[C@@H](OC(C)=O)[C@H](C)[C@@H](O[C@@H]2O[C@H](C)[C@@H](O[C@H]3C[C@@](C)(O)[C@@H](OC(=O)CC(C)C)[C@H](C)O3)[C@H](N(C)C)[C@H]2OC(=O)C(N)CCO)[C@@H](CC=O)C[C@@H](C)C(=O)/C=C/C(C)=C/[C@@H]1CO[C@@H]1O[C@H](C)[C@@H](O)[C@@H](OC)[C@H]1OC,CC[C@H]1OC(=O)C[C@@H](OC(C)=O)[C@H](C)[C@@H](O[C@@H]2O[C@H](C)[C@@H](O[C@H]3C[C@@](C)(O)[C@@H](OC(=O)CC(C)C)[C@H](C)O3)[C@H](N(C)C)[C@H]2OC(=O)C(N)CCO)[C@@H](CC=O)C[C@@H](C)C(=O)/C=C/C(C)=C/[C@@H]1CO[C@@H]1O[C@H](C)[C@@H](O)[C@@H](OC)[C@H]1OC,True,,-1.284,-2.641284465789795,-3.300546646118164,-2.1018879413604736,27,8,19,1
tylvalosin,Tylvalosin (Ì©Íò¾úËØ),REF_TYLVALOSIN,repository_reference,O53_attached_to_C27,53,27,C,MPM00698,Homocysteine,NC(CCS)C(=O)O,1,CC[C@H]1OC(=O)C[C@@H](OC(C)=O)[C@H](C)[C@@H](O[C@@H]2O[C@H](C)[C@@H](O[C@H]3C[C@@](C)(O)[C@@H](OC(=O)CC(C)C)[C@H](C)O3)[C@H](N(C)C)[C@H]2OC(=O)C(N)CCS)[C@@H](CC=O)C[C@@H](C)C(=O)/C=C/C(C)=C/[C@@H]1CO[C@@H]1O[C@H](C)[C@@H](O)[C@@H](OC)[C@H]1OC,CC[C@H]1OC(=O)C[C@@H](OC(C)=O)[C@H](C)[C@@H](O[C@@H]2O[C@H](C)[C@@H](O[C@H]3C[C@@](C)(O)[C@@H](OC(=O)CC(C)C)[C@H](C)O3)[C@H](N(C)C)[C@H]2OC(=O)C(N)CCS)[C@@H](CC=O)C[C@@H](C)C(=O)/C=C/C(C)=C/[C@@H]1CO[C@@H]1O[C@H](C)[C@@H](O)[C@@H](OC)[C@H]1OC,True,,-2.65,-2.8002657890319824,-3.5492660999298096,-2.1874475479125977,25,7,18,1
tylvalosin,Tylvalosin (Ì©Íò¾úËØ),REF_TYLVALOSIN,repository_reference,O53_attached_to_C27,53,27,C,MPM01379,D-Serine,NC(CO)C(=O)O,1,CC[C@H]1OC(=O)C[C@@H](OC(C)=O)[C@H](C)[C@@H](O[C@@H]2O[C@H](C)[C@@H](O[C@H]3C[C@@](C)(O)[C@@H](OC(=O)CC(C)C)[C@H](C)O3)[C@H](N(C)C)[C@H]2OC(=O)C(N)CO)[C@@H](CC=O)C[C@@H](C)C(=O)/C=C/C(C)=C/[C@@H]1CO[C@@H]1O[C@H](C)[C@@H](O)[C@@H](OC)[C@H]1OC,CC[C@H]1OC(=O)C[C@@H](OC(C)=O)[C@H](C)[C@@H](O[C@@H]2O[C@H](C)[C@@H](O[C@H]3C[C@@](C)(O)[C@@H](OC(=O)CC(C)C)[C@H](C)O3)[C@H](N(C)C)[C@H]2OC(=O)C(N)CO)[C@@H](CC=O)C[C@@H](C)C(=O)/C=C/C(C)=C/[C@@H]1CO[C@@H]1O[C@H](C)[C@@H](O)[C@@H](OC)[C@H]1OC,True,,-1.29,-2.79661226272583,-3.507317543029785,-2.2151260375976562,25,6,19,1
tylvalosin,Tylvalosin (Ì©Íò¾úËØ),REF_TYLVALOSIN,repository_reference,O53_attached_to_C27,53,27,C,MPM00325,3-Phospho-L-serine,NC(COP(=O)(O)O)C(=O)O,1,CC[C@H]1OC(=O)C[C@@H](OC(C)=O)[C@H](C)[C@@H](O[C@@H]2O[C@H](C)[C@@H](O[C@H]3C[C@@](C)(O)[C@@H](OC(=O)CC(C)C)[C@H](C)O3)[C@H](N(C)C)[C@H]2OC(=O)C(N)COP(=O)(O)O)[C@@H](CC=O)C[C@@H](C)C(=O)/C=C/C(C)=C/[C@@H]1CO[C@@H]1O[C@H](C)[C@@H](O)[C@@H](OC)[C@H]1OC,CC[C@H]1OC(=O)C[C@@H](OC(C)=O)[C@H](C)[C@@H](O[C@@H]2O[C@H](C)[C@@H](O[C@H]3C[C@@](C)(O)[C@@H](OC(=O)CC(C)C)[C@H](C)O3)[C@H](N(C)C)[C@H]2OC(=O)C(N)COP(=O)(O)O)[C@@H](CC=O)C[C@@H](C)C(=O)/C=C/C(C)=C/[C@@H]1CO[C@@H]1O[C@H](C)[C@@H](O)[C@@H](OC)[C@H]1OC,True,,-1.388,-2.5638554096221924,-3.1928930282592773,-2.0491883754730225,30,11,19,1
tylvalosin,Tylvalosin (Ì©Íò¾úËØ),REF_TYLVALOSIN,repository_reference,O53_attached_to_C27,53,27,C,MPM00667,glycerol 1-phosphoserine(1-),NC(COP(=O)(O)OCC(O)CO)C(=O)O,1,CC[C@H]1OC(=O)C[C@@H](OC(C)=O)[C@H](C)[C@@H](O[C@@H]2O[C@H](C)[C@@H](O[C@H]3C[C@@](C)(O)[C@@H](OC(=O)CC(C)C)[C@H](C)O3)[C@H](N(C)C)[C@H]2OC(=O)C(N)COP(=O)(O)OCC(O)CO)[C@@H](CC=O)C[C@@H](C)C(=O)/C=C/C(C)=C/[C@@H]1CO[C@@H]1O[C@H](C)[C@@H](O)[C@@H](OC)[C@H]1OC,CC[C@H]1OC(=O)C[C@@H](OC(C)=O)[C@H](C)[C@@H](O[C@@H]2O[C@H](C)[C@@H](O[C@H]3C[C@@](C)(O)[C@@H](OC(=O)CC(C)C)[C@H](C)O3)[C@H](N(C)C)[C@H]2OC(=O)C(N)COP(=O)(O)OCC(O)CO)[C@@H](CC=O)C[C@@H](C)C(=O)/C=C/C(C)=C/[C@@H]1CO[C@@H]1O[C@H](C)[C@@H](O)[C@@H](OC)[C@H]1OC,True,,-1.604,-2.2042784690856934,-2.8326354026794434,-1.6901681423187256,32,12,20,1
tylvalosin,Tylvalosin (Ì©Íò¾úËØ),REF_TYLVALOSIN,repository_reference,O53_attached_to_C27,53,27,C,MPM00199,2-Amino-3-sulfopropionic acid,NC(CS(=O)(=O)O)C(=O)O,1,CC[C@H]1OC(=O)C[C@@H](OC(C)=O)[C@H](C)[C@@H](O[C@@H]2O[C@H](C)[C@@H](O[C@H]3C[C@@](C)(O)[C@@H](OC(=O)CC(C)C)[C@H](C)O3)[C@H](N(C)C)[C@H]2OC(=O)C(N)CS(=O)(=O)O)[C@@H](CC=O)C[C@@H](C)C(=O)/C=C/C(C)=C/[C@@H]1CO[C@@H]1O[C@H](C)[C@@H](O)[C@@H](OC)[C@H]1OC,CC[C@H]1OC(=O)C[C@@H](OC(C)=O)[C@H](C)[C@@H](O[C@@H]2O[C@H](C)[C@@H](O[C@H]3C[C@@](C)(O)[C@@H](OC(=O)CC(C)C)[C@H](C)O3)[C@H](N(C)C)[C@H]2OC(=O)C(N)CS(=O)(=O)O)[C@@H](CC=O)C[C@@H](C)C(=O)/C=C/C(C)=C/[C@@H]1CO[C@@H]1O[C@H](C)[C@@H](O)[C@@H](OC)[C@H]1OC,True,,-1.11,-2.9100894927978516,-3.58042049407959,-2.3616368770599365,23,6,17,1
tylvalosin,Tylvalosin (Ì©Íò¾úËØ),REF_TYLVALOSIN,repository_reference,O53_attached_to_C27,53,27,C,MPM00329,3-Sulfinoalanine,NC(CS(=O)O)C(=O)O,1,CC[C@H]1OC(=O)C[C@@H](OC(C)=O)[C@H](C)[C@@H](O[C@@H]2O[C@H](C)[C@@H](O[C@H]3C[C@@](C)(O)[C@@H](OC(=O)CC(C)C)[C@H](C)O3)[C@H](N(C)C)[C@H]2OC(=O)C(N)CS(=O)O)[C@@H](CC=O)C[C@@H](C)C(=O)/C=C/C(C)=C/[C@@H]1CO[C@@H]1O[C@H](C)[C@@H](O)[C@@H](OC)[C@H]1OC,CC[C@H]1OC(=O)C[C@@H](OC(C)=O)[C@H](C)[C@@H](O[C@@H]2O[C@H](C)[C@@H](O[C@H]3C[C@@](C)(O)[C@@H](OC(=O)CC(C)C)[C@H](C)O3)[C@H](N(C)C)[C@H]2OC(=O)C(N)CS(=O)O)[C@@H](CC=O)C[C@@H](C)C(=O)/C=C/C(C)=C/[C@@H]1CO[C@@H]1O[C@H](C)[C@@H](O)[C@@H](OC)[C@H]1OC,True,,-1.041,-2.709383487701416,-3.4734716415405273,-2.0842199325561523,28,9,19,1
tylvalosin,Tylvalosin (Ì©Íò¾úËØ),REF_TYLVALOSIN,repository_reference,O53_attached_to_C27,53,27,C,MPM01473,L-Cysteinylglycine,NC(CS)C(=O)NCC(=O)O,1,CC[C@H]1OC(=O)C[C@@H](OC(C)=O)[C@H](C)[C@@H](O[C@@H]2O[C@H](C)[C@@H](O[C@H]3C[C@@](C)(O)[C@@H](OC(=O)CC(C)C)[C@H](C)O3)[C@H](N(C)C)[C@H]2OC(=O)CNC(=O)C(N)CS)[C@@H](CC=O)C[C@@H](C)C(=O)/C=C/C(C)=C/[C@@H]1CO[C@@H]1O[C@H](C)[C@@H](O)[C@@H](OC)[C@H]1OC,CC[C@H]1OC(=O)C[C@@H](OC(C)=O)[C@H](C)[C@@H](O[C@@H]2O[C@H](C)[C@@H](O[C@H]3C[C@@](C)(O)[C@@H](OC(=O)CC(C)C)[C@H](C)O3)[C@H](N(C)C)[C@H]2OC(=O)CNC(=O)C(N)CS)[C@@H](CC=O)C[C@@H](C)C(=O)/C=C/C(C)=C/[C@@H]1CO[C@@H]1O[C@H](C)[C@@H](O)[C@@H](OC)[C@H]1OC,True,,-2.549,-2.639521837234497,-3.3846185207366943,-2.029897451400757,27,9,18,1
tylvalosin,Tylvalosin (Ì©Íò¾úËØ),REF_TYLVALOSIN,repository_reference,O53_attached_to_C27,53,27,C,MPM01361,D-Amino-3-mercaptopropionic acid,NC(CS)C(=O)O,1,CC[C@H]1OC(=O)C[C@@H](OC(C)=O)[C@H](C)[C@@H](O[C@@H]2O[C@H](C)[C@@H](O[C@H]3C[C@@](C)(O)[C@@H](OC(=O)CC(C)C)[C@H](C)O3)[C@H](N(C)C)[C@H]2OC(=O)C(N)CS)[C@@H](CC=O)C[C@@H](C)C(=O)/C=C/C(C)=C/[C@@H]1CO[C@@H]1O[C@H](C)[C@@H](O)[C@@H](OC)[C@H]1OC,CC[C@H]1OC(=O)C[C@@H](OC(C)=O)[C@H](C)[C@@H](O[C@@H]2O[C@H](C)[C@@H](O[C@H]3C[C@@](C)(O)[C@@H](OC(=O)CC(C)C)[C@H](C)O3)[C@H](N(C)C)[C@H]2OC(=O)C(N)CS)[C@@H](CC=O)C[C@@H](C)C(=O)/C=C/C(C)=C/[C@@H]1CO[C@@H]1O[C@H](C)[C@@H](O)[C@@H](OC)[C@H]1OC,True,,-2.587,-2.8320820331573486,-3.6111021041870117,-2.1947011947631836,24,6,18,1
tylvalosin,Tylvalosin (Ì©Íò¾úËØ),REF_TYLVALOSIN,repository_reference,O53_attached_to_C27,53,27,C,MPM01078,(S)-alpha-Amino-beta-(3-indolyl)-propionic acid,NC(Cc1c[nH]c2ccccc12)C(=O)O,1,CC[C@H]1OC(=O)C[C@@H](OC(C)=O)[C@H](C)[C@@H](O[C@@H]2O[C@H](C)[C@@H](O[C@H]3C[C@@](C)(O)[C@@H](OC(=O)CC(C)C)[C@H](C)O3)[C@H](N(C)C)[C@H]2OC(=O)C(N)Cc2c[nH]c3ccccc23)[C@@H](CC=O)C[C@@H](C)C(=O)/C=C/C(C)=C/[C@@H]1CO[C@@H]1O[C@H](C)[C@@H](O)[C@@H](OC)[C@H]1OC,CC[C@H]1OC(=O)C[C@@H](OC(C)=O)[C@H](C)[C@@H](O[C@@H]2O[C@H](C)[C@@H](O[C@H]3C[C@@](C)(O)[C@@H](OC(=O)CC(C)C)[C@H](C)O3)[C@H](N(C)C)[C@H]2OC(=O)C(N)Cc2c[nH]c3ccccc23)[C@@H](CC=O)C[C@@H](C)C(=O)/C=C/C(C)=C/[C@@H]1CO[C@@H]1O[C@H](C)[C@@H](O)[C@@H](OC)[C@H]1OC,True,,-0.483,-3.0235273838043213,-3.7277538776397705,-2.4473421573638916,21,4,17,1
tylvalosin,Tylvalosin (Ì©Íò¾úËØ),REF_TYLVALOSIN,repository_reference,O53_attached_to_C27,53,27,C,MPM01639,Tyrosine,NC(Cc1ccc(O)cc1)C(=O)O,1,CC[C@H]1OC(=O)C[C@@H](OC(C)=O)[C@H](C)[C@@H](O[C@@H]2O[C@H](C)[C@@H](O[C@H]3C[C@@](C)(O)[C@@H](OC(=O)CC(C)C)[C@H](C)O3)[C@H](N(C)C)[C@H]2OC(=O)C(N)Cc2ccc(O)cc2)[C@@H](CC=O)C[C@@H](C)C(=O)/C=C/C(C)=C/[C@@H]1CO[C@@H]1O[C@H](C)[C@@H](O)[C@@H](OC)[C@H]1OC,CC[C@H]1OC(=O)C[C@@H](OC(C)=O)[C@H](C)[C@@H](O[C@@H]2O[C@H](C)[C@@H](O[C@H]3C[C@@](C)(O)[C@@H](OC(=O)CC(C)C)[C@H](C)O3)[C@H](N(C)C)[C@H]2OC(=O)C(N)Cc2ccc(O)cc2)[C@@H](CC=O)C[C@@H](C)C(=O)/C=C/C(C)=C/[C@@H]1CO[C@@H]1O[C@H](C)[C@@H](O)[C@@H](OC)[C@H]1OC,True,,-1.098,-2.8267407417297363,-3.6214513778686523,-2.176522970199585,26,8,18,1
tylvalosin,Tylvalosin (Ì©Íò¾úËØ),REF_TYLVALOSIN,repository_reference,O53_attached_to_C27,53,27,C,MPM00895,Phosphonotyrosine,NC(Cc1ccc(OP(=O)(O)O)cc1)C(=O)O,1,CC[C@H]1OC(=O)C[C@@H](OC(C)=O)[C@H](C)[C@@H](O[C@@H]2O[C@H](C)[C@@H](O[C@H]3C[C@@](C)(O)[C@@H](OC(=O)CC(C)C)[C@H](C)O3)[C@H](N(C)C)[C@H]2OC(=O)C(N)Cc2ccc(OP(=O)(O)O)cc2)[C@@H](CC=O)C[C@@H](C)C(=O)/C=C/C(C)=C/[C@@H]1CO[C@@H]1O[C@H](C)[C@@H](O)[C@@H](OC)[C@H]1OC,CC[C@H]1OC(=O)C[C@@H](OC(C)=O)[C@H](C)[C@@H](O[C@@H]2O[C@H](C)[C@@H](O[C@H]3C[C@@](C)(O)[C@@H](OC(=O)CC(C)C)[C@H](C)O3)[C@H](N(C)C)[C@H]2OC(=O)C(N)Cc2ccc(OP(=O)(O)O)cc2)[C@@H](CC=O)C[C@@H](C)C(=O)/C=C/C(C)=C/[C@@H]1CO[C@@H]1O[C@H](C)[C@@H](O)[C@@H](OC)[C@H]1OC,True,,-1.636,-3.001814603805542,-3.7673962116241455,-2.375429630279541,23,5,18,1
tylvalosin,Tylvalosin (Ì©Íò¾úËØ),REF_TYLVALOSIN,repository_reference,O53_attached_to_C27,53,27,C,MPM00612,D-phenylalanine,NC(Cc1ccccc1)C(=O)O,1,CC[C@H]1OC(=O)C[C@@H](OC(C)=O)[C@H](C)[C@@H](O[C@@H]2O[C@H](C)[C@@H](O[C@H]3C[C@@](C)(O)[C@@H](OC(=O)CC(C)C)[C@H](C)O3)[C@H](N(C)C)[C@H]2OC(=O)C(N)Cc2ccccc2)[C@@H](CC=O)C[C@@H](C)C(=O)/C=C/C(C)=C/[C@@H]1CO[C@@H]1O[C@H](C)[C@@H](O)[C@@H](OC)[C@H]1OC,CC[C@H]1OC(=O)C[C@@H](OC(C)=O)[C@H](C)[C@@H](O[C@@H]2O[C@H](C)[C@@H](O[C@H]3C[C@@](C)(O)[C@@H](OC(=O)CC(C)C)[C@H](C)O3)[C@H](N(C)C)[C@H]2OC(=O)C(N)Cc2ccccc2)[C@@H](CC=O)C[C@@H](C)C(=O)/C=C/C(C)=C/[C@@H]1CO[C@@H]1O[C@H](C)[C@@H](O)[C@@H](OC)[C@H]1OC,True,,-1.463,-3.0279037952423096,-3.84735107421875,-2.3574471473693848,21,4,17,1
tylvalosin,Tylvalosin (Ì©Íò¾úËØ),REF_TYLVALOSIN,repository_reference,O53_attached_to_C27,53,27,C,MPM01077,(S)-alpha-Amino-1H-imidazole-4-propionic acid,NC(Cc1cnc[nH]1)C(=O)O,1,CC[C@H]1OC(=O)C[C@@H](OC(C)=O)[C@H](C)[C@@H](O[C@@H]2O[C@H](C)[C@@H](O[C@H]3C[C@@](C)(O)[C@@H](OC(=O)CC(C)C)[C@H](C)O3)[C@H](N(C)C)[C@H]2OC(=O)C(N)Cc2cnc[nH]2)[C@@H](CC=O)C[C@@H](C)C(=O)/C=C/C(C)=C/[C@@H]1CO[C@@H]1O[C@H](C)[C@@H](O)[C@@H](OC)[C@H]1OC,CC[C@H]1OC(=O)C[C@@H](OC(C)=O)[C@H](C)[C@@H](O[C@@H]2O[C@H](C)[C@@H](O[C@H]3C[C@@](C)(O)[C@@H](OC(=O)CC(C)C)[C@H](C)O3)[C@H](N(C)C)[C@H]2OC(=O)C(N)Cc2cnc[nH]2)[C@@H](CC=O)C[C@@H](C)C(=O)/C=C/C(C)=C/[C@@H]1CO[C@@H]1O[C@H](C)[C@@H](O)[C@@H](OC)[C@H]1OC,True,,-1.469,-2.605849504470825,-3.399272918701172,-1.9566848278045654,27,8,19,1
tylvalosin,Tylvalosin (Ì©Íò¾úËØ),REF_TYLVALOSIN,repository_reference,O53_attached_to_C27,53,27,C,MPM01165,2-Oxoarginine,NC(N)=NCCCC(=O)C(=O)O,1,CC[C@H]1OC(=O)C[C@@H](OC(C)=O)[C@H](C)[C@@H](O[C@@H]2O[C@H](C)[C@@H](O[C@H]3C[C@@](C)(O)[C@@H](OC(=O)CC(C)C)[C@H](C)O3)[C@H](N(C)C)[C@H]2OC(=O)C(=O)CCCN=C(N)N)[C@@H](CC=O)C[C@@H](C)C(=O)/C=C/C(C)=C/[C@@H]1CO[C@@H]1O[C@H](C)[C@@H](O)[C@@H](OC)[C@H]1OC,CC[C@H]1OC(=O)C[C@@H](OC(C)=O)[C@H](C)[C@@H](O[C@@H]2O[C@H](C)[C@@H](O[C@H]3C[C@@](C)(O)[C@@H](OC(=O)CC(C)C)[C@H](C)O3)[C@H](N(C)C)[C@H]2OC(=O)C(=O)CCCN=C(N)N)[C@@H](CC=O)C[C@@H](C)C(=O)/C=C/C(C)=C/[C@@H]1CO[C@@H]1O[C@H](C)[C@@H](O)[C@@H](OC)[C@H]1OC,True,,-1.412,-2.4618306159973145,-3.10440731048584,-1.9360864162445068,28,10,18,1
tylvalosin,Tylvalosin (Ì©Íò¾úËØ),REF_TYLVALOSIN,repository_reference,O53_attached_to_C27,53,27,C,MPM00541,D-2-Amino-5-guanidinovaleric acid,NC(N)=NCCCC(N)C(=O)O,1,CC[C@H]1OC(=O)C[C@@H](OC(C)=O)[C@H](C)[C@@H](O[C@@H]2O[C@H](C)[C@@H](O[C@H]3C[C@@](C)(O)[C@@H](OC(=O)CC(C)C)[C@H](C)O3)[C@H](N(C)C)[C@H]2OC(=O)C(N)CCCN=C(N)N)[C@@H](CC=O)C[C@@H](C)C(=O)/C=C/C(C)=C/[C@@H]1CO[C@@H]1O[C@H](C)[C@@H](O)[C@@H](OC)[C@H]1OC,CC[C@H]1OC(=O)C[C@@H](OC(C)=O)[C@H](C)[C@@H](O[C@@H]2O[C@H](C)[C@@H](O[C@H]3C[C@@](C)(O)[C@@H](OC(=O)CC(C)C)[C@H](C)O3)[C@H](N(C)C)[C@H]2OC(=O)C(N)CCCN=C(N)N)[C@@H](CC=O)C[C@@H](C)C(=O)/C=C/C(C)=C/[C@@H]1CO[C@@H]1O[C@H](C)[C@@H](O)[C@@H](OC)[C@H]1OC,True,,-1.298,-2.4031264781951904,-3.085731267929077,-1.8446316719055176,29,10,19,1
tylvalosin,Tylvalosin (Ì©Íò¾úËØ),REF_TYLVALOSIN,repository_reference,O53_attached_to_C27,53,27,C,MPM01242,5-Amino-4-oxovaleric acid,NCC(=O)CCC(=O)O,1,CC[C@H]1OC(=O)C[C@@H](OC(C)=O)[C@H](C)[C@@H](O[C@@H]2O[C@H](C)[C@@H](O[C@H]3C[C@@](C)(O)[C@@H](OC(=O)CC(C)C)[C@H](C)O3)[C@H](N(C)C)[C@H]2OC(=O)CCC(=O)CN)[C@@H](CC=O)C[C@@H](C)C(=O)/C=C/C(C)=C/[C@@H]1CO[C@@H]1O[C@H](C)[C@@H](O)[C@@H](OC)[C@H]1OC,CC[C@H]1OC(=O)C[C@@H](OC(C)=O)[C@H](C)[C@@H](O[C@@H]2O[C@H](C)[C@@H](O[C@H]3C[C@@](C)(O)[C@@H](OC(=O)CC(C)C)[C@H](C)O3)[C@H](N(C)C)[C@H]2OC(=O)CCC(=O)CN)[C@@H](CC=O)C[C@@H](C)C(=O)/C=C/C(C)=C/[C@@H]1CO[C@@H]1O[C@H](C)[C@@H](O)[C@@H](OC)[C@H]1OC,True,,-1.17,-2.8093693256378174,-3.5251657962799072,-2.22371768951416,25,7,18,1
tylvalosin,Tylvalosin (Ì©Íò¾úËØ),REF_TYLVALOSIN,repository_reference,O53_attached_to_C27,53,27,C,MPM00674,Glycyl-l-glutamine,NCC(=O)NC(CCC(N)=O)C(=O)O,1,CC[C@H]1OC(=O)C[C@@H](OC(C)=O)[C@H](C)[C@@H](O[C@@H]2O[C@H](C)[C@@H](O[C@H]3C[C@@](C)(O)[C@@H](OC(=O)CC(C)C)[C@H](C)O3)[C@H](N(C)C)[C@H]2OC(=O)C(CCC(N)=O)NC(=O)CN)[C@@H](CC=O)C[C@@H](C)C(=O)/C=C/C(C)=C/[C@@H]1CO[C@@H]1O[C@H](C)[C@@H](O)[C@@H](OC)[C@H]1OC,CC[C@H]1OC(=O)C[C@@H](OC(C)=O)[C@H](C)[C@@H](O[C@@H]2O[C@H](C)[C@@H](O[C@H]3C[C@@](C)(O)[C@@H](OC(=O)CC(C)C)[C@H](C)O3)[C@H](N(C)C)[C@H]2OC(=O)C(CCC(N)=O)NC(=O)CN)[C@@H](CC=O)C[C@@H](C)C(=O)/C=C/C(C)=C/[C@@H]1CO[C@@H]1O[C@H](C)[C@@H](O)[C@@H](OC)[C@H]1OC,True,,-0.975,-2.4758505821228027,-3.1763648986816406,-1.9027022123336792,29,10,19,1
tylvalosin,Tylvalosin (Ì©Íò¾úËØ),REF_TYLVALOSIN,repository_reference,O53_attached_to_C27,53,27,C,MPM00673,Glycylcysteine,NCC(=O)NC(CS)C(=O)O,1,CC[C@H]1OC(=O)C[C@@H](OC(C)=O)[C@H](C)[C@@H](O[C@@H]2O[C@H](C)[C@@H](O[C@H]3C[C@@](C)(O)[C@@H](OC(=O)CC(C)C)[C@H](C)O3)[C@H](N(C)C)[C@H]2OC(=O)C(CS)NC(=O)CN)[C@@H](CC=O)C[C@@H](C)C(=O)/C=C/C(C)=C/[C@@H]1CO[C@@H]1O[C@H](C)[C@@H](O)[C@@H](OC)[C@H]1OC,CC[C@H]1OC(=O)C[C@@H](OC(C)=O)[C@H](C)[C@@H](O[C@@H]2O[C@H](C)[C@@H](O[C@H]3C[C@@](C)(O)[C@@H](OC(=O)CC(C)C)[C@H](C)O3)[C@H](N(C)C)[C@H]2OC(=O)C(CS)NC(=O)CN)[C@@H](CC=O)C[C@@H](C)C(=O)/C=C/C(C)=C/[C@@H]1CO[C@@H]1O[C@H](C)[C@@H](O)[C@@H](OC)[C@H]1OC,True,,-2.411,-2.551608085632324,-3.2665786743164062,-1.9666317701339722,28,9,19,1
tylvalosin,Tylvalosin (Ì©Íò¾úËØ),REF_TYLVALOSIN,repository_reference,O53_attached_to_C27,53,27,C,MPM00677,Glycyl-L-tyrosine,NCC(=O)NC(Cc1ccc(O)cc1)C(=O)O,1,CC[C@H]1OC(=O)C[C@@H](OC(C)=O)[C@H](C)[C@@H](O[C@@H]2O[C@H](C)[C@@H](O[C@H]3C[C@@](C)(O)[C@@H](OC(=O)CC(C)C)[C@H](C)O3)[C@H](N(C)C)[C@H]2OC(=O)C(Cc2ccc(O)cc2)NC(=O)CN)[C@@H](CC=O)C[C@@H](C)C(=O)/C=C/C(C)=C/[C@@H]1CO[C@@H]1O[C@H](C)[C@@H](O)[C@@H](OC)[C@H]1OC,CC[C@H]1OC(=O)C[C@@H](OC(C)=O)[C@H](C)[C@@H](O[C@@H]2O[C@H](C)[C@@H](O[C@H]3C[C@@](C)(O)[C@@H](OC(=O)CC(C)C)[C@H](C)O3)[C@H](N(C)C)[C@H]2OC(=O)C(Cc2ccc(O)cc2)NC(=O)CN)[C@@H](CC=O)C[C@@H](C)C(=O)/C=C/C(C)=C/[C@@H]1CO[C@@H]1O[C@H](C)[C@@H](O)[C@@H](OC)[C@H]1OC,True,,-0.869,-2.6304731369018555,-3.423145294189453,-1.98192298412323,27,9,18,1
tylvalosin,Tylvalosin (Ì©Íò¾úËØ),REF_TYLVALOSIN,repository_reference,O53_attached_to_C27,53,27,C,MPM00676,Glycyl-L-phenylalanine,NCC(=O)NC(Cc1ccccc1)C(=O)O,1,CC[C@H]1OC(=O)C[C@@H](OC(C)=O)[C@H](C)[C@@H](O[C@@H]2O[C@H](C)[C@@H](O[C@H]3C[C@@](C)(O)[C@@H](OC(=O)CC(C)C)[C@H](C)O3)[C@H](N(C)C)[C@H]2OC(=O)C(Cc2ccccc2)NC(=O)CN)[C@@H](CC=O)C[C@@H](C)C(=O)/C=C/C(C)=C/[C@@H]1CO[C@@H]1O[C@H](C)[C@@H](O)[C@@H](OC)[C@H]1OC,CC[C@H]1OC(=O)C[C@@H](OC(C)=O)[C@H](C)[C@@H](O[C@@H]2O[C@H](C)[C@@H](O[C@H]3C[C@@](C)(O)[C@@H](OC(=O)CC(C)C)[C@H](C)O3)[C@H](N(C)C)[C@H]2OC(=O)C(Cc2ccccc2)NC(=O)CN)[C@@H](CC=O)C[C@@H](C)C(=O)/C=C/C(C)=C/[C@@H]1CO[C@@H]1O[C@H](C)[C@@H](O)[C@@H](OC)[C@H]1OC,True,,-1.242,-2.90667724609375,-3.7571094036102295,-2.210869073867798,24,6,18,1
tylvalosin,Tylvalosin (Ì©Íò¾úËØ),REF_TYLVALOSIN,repository_reference,O53_attached_to_C27,53,27,C,MPM01413,Gly,NCC(=O)O,1,CC[C@H]1OC(=O)C[C@@H](OC(C)=O)[C@H](C)[C@@H](O[C@@H]2O[C@H](C)[C@@H](O[C@H]3C[C@@](C)(O)[C@@H](OC(=O)CC(C)C)[C@H](C)O3)[C@H](N(C)C)[C@H]2OC(=O)CN)[C@@H](CC=O)C[C@@H](C)C(=O)/C=C/C(C)=C/[C@@H]1CO[C@@H]1O[C@H](C)[C@@H](O)[C@@H](OC)[C@H]1OC,CC[C@H]1OC(=O)C[C@@H](OC(C)=O)[C@H](C)[C@@H](O[C@@H]2O[C@H](C)[C@@H](O[C@H]3C[C@@](C)(O)[C@@H](OC(=O)CC(C)C)[C@H](C)O3)[C@H](N(C)C)[C@H]2OC(=O)CN)[C@@H](CC=O)C[C@@H](C)C(=O)/C=C/C(C)=C/[C@@H]1CO[C@@H]1O[C@H](C)[C@@H](O)[C@@H](OC)[C@H]1OC,True,,-1.02,-2.767436981201172,-3.49033522605896,-2.1759748458862305,24,6,18,1
tylvalosin,Tylvalosin (Ì©Íò¾úËØ),REF_TYLVALOSIN,repository_reference,O53_attached_to_C27,53,27,C,MPM01074,"(S)-2,3-Diaminopropanoate",NCC(N)C(=O)O,1,CC[C@H]1OC(=O)C[C@@H](OC(C)=O)[C@H](C)[C@@H](O[C@@H]2O[C@H](C)[C@@H](O[C@H]3C[C@@](C)(O)[C@@H](OC(=O)CC(C)C)[C@H](C)O3)[C@H](N(C)C)[C@H]2OC(=O)C(N)CN)[C@@H](CC=O)C[C@@H](C)C(=O)/C=C/C(C)=C/[C@@H]1CO[C@@H]1O[C@H](C)[C@@H](O)[C@@H](OC)[C@H]1OC,CC[C@H]1OC(=O)C[C@@H](OC(C)=O)[C@H](C)[C@@H](O[C@@H]2O[C@H](C)[C@@H](O[C@H]3C[C@@](C)(O)[C@@H](OC(=O)CC(C)C)[C@H](C)O3)[C@H](N(C)C)[C@H]2OC(=O)C(N)CN)[C@@H](CC=O)C[C@@H](C)C(=O)/C=C/C(C)=C/[C@@H]1CO[C@@H]1O[C@H](C)[C@@H](O)[C@@H](OC)[C@H]1OC,True,,-0.869,-2.6419601440429688,-3.3264970779418945,-2.0818843841552734,26,7,19,1
tylvalosin,Tylvalosin (Ì©Íò¾úËØ),REF_TYLVALOSIN,repository_reference,O53_attached_to_C27,53,27,C,MPM01212,3-Aminopropanoate,NCCC(=O)O,1,CC[C@H]1OC(=O)C[C@@H](OC(C)=O)[C@H](C)[C@@H](O[C@@H]2O[C@H](C)[C@@H](O[C@H]3C[C@@](C)(O)[C@@H](OC(=O)CC(C)C)[C@H](C)O3)[C@H](N(C)C)[C@H]2OC(=O)CCN)[C@@H](CC=O)C[C@@H](C)C(=O)/C=C/C(C)=C/[C@@H]1CO[C@@H]1O[C@H](C)[C@@H](O)[C@@H](OC)[C@H]1OC,CC[C@H]1OC(=O)C[C@@H](OC(C)=O)[C@H](C)[C@@H](O[C@@H]2O[C@H](C)[C@@H](O[C@H]3C[C@@](C)(O)[C@@H](OC(=O)CC(C)C)[C@H](C)O3)[C@H](N(C)C)[C@H]2OC(=O)CCN)[C@@H](CC=O)C[C@@H](C)C(=O)/C=C/C(C)=C/[C@@H]1CO[C@@H]1O[C@H](C)[C@@H](O)[C@@H](OC)[C@H]1OC,True,,-1.107,-2.664916515350342,-3.3470640182495117,-2.1067960262298584,26,8,18,1
tylvalosin,Tylvalosin (Ì©Íò¾úËØ),REF_TYLVALOSIN,repository_reference,O53_attached_to_C27,53,27,C,MPM00725,"L-2,4-Diaminobutyrate",NCCC(N)C(=O)O,1,CC[C@H]1OC(=O)C[C@@H](OC(C)=O)[C@H](C)[C@@H](O[C@@H]2O[C@H](C)[C@@H](O[C@H]3C[C@@](C)(O)[C@@H](OC(=O)CC(C)C)[C@H](C)O3)[C@H](N(C)C)[C@H]2OC(=O)C(N)CCN)[C@@H](CC=O)C[C@@H](C)C(=O)/C=C/C(C)=C/[C@@H]1CO[C@@H]1O[C@H](C)[C@@H](O)[C@@H](OC)[C@H]1OC,CC[C@H]1OC(=O)C[C@@H](OC(C)=O)[C@H](C)[C@@H](O[C@@H]2O[C@H](C)[C@@H](O[C@H]3C[C@@](C)(O)[C@@H](OC(=O)CC(C)C)[C@H](C)O3)[C@H](N(C)C)[C@H]2OC(=O)C(N)CCN)[C@@H](CC=O)C[C@@H](C)C(=O)/C=C/C(C)=C/[C@@H]1CO[C@@H]1O[C@H](C)[C@@H](O)[C@@H](OC)[C@H]1OC,True,,-0.923,-2.8003101348876953,-3.5076205730438232,-2.2216014862060547,25,7,18,1
tylvalosin,Tylvalosin (Ì©Íò¾úËØ),REF_TYLVALOSIN,repository_reference,O53_attached_to_C27,53,27,C,MPM01396,GABA,NCCCC(=O)O,1,CC[C@H]1OC(=O)C[C@@H](OC(C)=O)[C@H](C)[C@@H](O[C@@H]2O[C@H](C)[C@@H](O[C@H]3C[C@@](C)(O)[C@@H](OC(=O)CC(C)C)[C@H](C)O3)[C@H](N(C)C)[C@H]2OC(=O)CCCN)[C@@H](CC=O)C[C@@H](C)C(=O)/C=C/C(C)=C/[C@@H]1CO[C@@H]1O[C@H](C)[C@@H](O)[C@@H](OC)[C@H]1OC,CC[C@H]1OC(=O)C[C@@H](OC(C)=O)[C@H](C)[C@@H](O[C@@H]2O[C@H](C)[C@@H](O[C@H]3C[C@@](C)(O)[C@@H](OC(=O)CC(C)C)[C@H](C)O3)[C@H](N(C)C)[C@H]2OC(=O)CCCN)[C@@H](CC=O)C[C@@H](C)C(=O)/C=C/C(C)=C/[C@@H]1CO[C@@H]1O[C@H](C)[C@@H](O)[C@@H](OC)[C@H]1OC,True,,-1.166,-2.5900912284851074,-3.249300479888916,-2.0507383346557617,28,10,18,1
tylvalosin,Tylvalosin (Ì©Íò¾úËØ),REF_TYLVALOSIN,repository_reference,O53_attached_to_C27,53,27,C,MPM00093,"(S)-2,5-Diaminopentanoate",NCCCC(N)C(=O)O,1,CC[C@H]1OC(=O)C[C@@H](OC(C)=O)[C@H](C)[C@@H](O[C@@H]2O[C@H](C)[C@@H](O[C@H]3C[C@@](C)(O)[C@@H](OC(=O)CC(C)C)[C@H](C)O3)[C@H](N(C)C)[C@H]2OC(=O)C(N)CCCN)[C@@H](CC=O)C[C@@H](C)C(=O)/C=C/C(C)=C/[C@@H]1CO[C@@H]1O[C@H](C)[C@@H](O)[C@@H](OC)[C@H]1OC,CC[C@H]1OC(=O)C[C@@H](OC(C)=O)[C@H](C)[C@@H](O[C@@H]2O[C@H](C)[C@@H](O[C@H]3C[C@@](C)(O)[C@@H](OC(=O)CC(C)C)[C@H](C)O3)[C@H](N(C)C)[C@H]2OC(=O)C(N)CCCN)[C@@H](CC=O)C[C@@H](C)C(=O)/C=C/C(C)=C/[C@@H]1CO[C@@H]1O[C@H](C)[C@@H](O)[C@@H](OC)[C@H]1OC,True,,-0.983,-2.75892972946167,-3.4761531352996826,-2.1721110343933105,26,7,19,1
tylvalosin,Tylvalosin (Ì©Íò¾úËØ),REF_TYLVALOSIN,repository_reference,O53_attached_to_C27,53,27,C,MPM00742,L-beta-Lysine,NCCCC(N)CC(=O)O,1,CC[C@H]1OC(=O)C[C@@H](OC(C)=O)[C@H](C)[C@@H](O[C@@H]2O[C@H](C)[C@@H](O[C@H]3C[C@@](C)(O)[C@@H](OC(=O)CC(C)C)[C@H](C)O3)[C@H](N(C)C)[C@H]2OC(=O)CC(N)CCCN)[C@@H](CC=O)C[C@@H](C)C(=O)/C=C/C(C)=C/[C@@H]1CO[C@@H]1O[C@H](C)[C@@H](O)[C@@H](OC)[C@H]1OC,CC[C@H]1OC(=O)C[C@@H](OC(C)=O)[C@H](C)[C@@H](O[C@@H]2O[C@H](C)[C@@H](O[C@H]3C[C@@](C)(O)[C@@H](OC(=O)CC(C)C)[C@H](C)O3)[C@H](N(C)C)[C@H]2OC(=O)CC(N)CCCN)[C@@H](CC=O)C[C@@H](C)C(=O)/C=C/C(C)=C/[C@@H]1CO[C@@H]1O[C@H](C)[C@@H](O)[C@@H](OC)[C@H]1OC,True,,-1.237,-2.575662851333618,-3.2382736206054688,-2.0335264205932617,28,9,19,1
tylvalosin,Tylvalosin (Ì©Íò¾úËØ),REF_TYLVALOSIN,repository_reference,O53_attached_to_C27,53,27,C,MPM01164,2-Oxo-6-aminocaproate,NCCCCC(=O)C(=O)O,1,CC[C@H]1OC(=O)C[C@@H](OC(C)=O)[C@H](C)[C@@H](O[C@@H]2O[C@H](C)[C@@H](O[C@H]3C[C@@](C)(O)[C@@H](OC(=O)CC(C)C)[C@H](C)O3)[C@H](N(C)C)[C@H]2OC(=O)C(=O)CCCCN)[C@@H](CC=O)C[C@@H](C)C(=O)/C=C/C(C)=C/[C@@H]1CO[C@@H]1O[C@H](C)[C@@H](O)[C@@H](OC)[C@H]1OC,CC[C@H]1OC(=O)C[C@@H](OC(C)=O)[C@H](C)[C@@H](O[C@@H]2O[C@H](C)[C@@H](O[C@H]3C[C@@](C)(O)[C@@H](OC(=O)CC(C)C)[C@H](C)O3)[C@H](N(C)C)[C@H]2OC(=O)C(=O)CCCCN)[C@@H](CC=O)C[C@@H](C)C(=O)/C=C/C(C)=C/[C@@H]1CO[C@@H]1O[C@H](C)[C@@H](O)[C@@H](OC)[C@H]1OC,True,,-1.164,-2.826017141342163,-3.4841361045837402,-2.2875559329986572,24,6,18,1
tylvalosin,Tylvalosin (Ì©Íò¾úËØ),REF_TYLVALOSIN,repository_reference,O53_attached_to_C27,53,27,C,MPM00184,"2,6-Diaminohexanoic acid",NCCCCC(N)C(=O)O,1,CC[C@H]1OC(=O)C[C@@H](OC(C)=O)[C@H](C)[C@@H](O[C@@H]2O[C@H](C)[C@@H](O[C@H]3C[C@@](C)(O)[C@@H](OC(=O)CC(C)C)[C@H](C)O3)[C@H](N(C)C)[C@H]2OC(=O)C(N)CCCCN)[C@@H](CC=O)C[C@@H](C)C(=O)/C=C/C(C)=C/[C@@H]1CO[C@@H]1O[C@H](C)[C@@H](O)[C@@H](OC)[C@H]1OC,CC[C@H]1OC(=O)C[C@@H](OC(C)=O)[C@H](C)[C@@H](O[C@@H]2O[C@H](C)[C@@H](O[C@H]3C[C@@](C)(O)[C@@H](OC(=O)CC(C)C)[C@H](C)O3)[C@H](N(C)C)[C@H]2OC(=O)C(N)CCCCN)[C@@H](CC=O)C[C@@H](C)C(=O)/C=C/C(C)=C/[C@@H]1CO[C@@H]1O[C@H](C)[C@@H](O)[C@@H](OC)[C@H]1OC,True,,-1.045,-2.7840747833251953,-3.5026168823242188,-2.196176528930664,26,7,19,1
tylvalosin,Tylvalosin (Ì©Íò¾úËØ),REF_TYLVALOSIN,repository_reference,O53_attached_to_C27,53,27,C,MPM00373,5-Amino-1-(5-phospho-D-ribosyl)imidazole-4-carboxylate,Nc1c(C(=O)O)ncn1C1OC(COP(=O)(O)O)C(O)C1O,1,CC[C@H]1OC(=O)C[C@@H](OC(C)=O)[C@H](C)[C@@H](O[C@@H]2O[C@H](C)[C@@H](O[C@H]3C[C@@](C)(O)[C@@H](OC(=O)CC(C)C)[C@H](C)O3)[C@H](N(C)C)[C@H]2OC(=O)c2ncn(C3OC(COP(=O)(O)O)C(O)C3O)c2N)[C@@H](CC=O)C[C@@H](C)C(=O)/C=C/C(C)=C/[C@@H]1CO[C@@H]1O[C@H](C)[C@@H](O)[C@@H](OC)[C@H]1OC,CC[C@H]1OC(=O)C[C@@H](OC(C)=O)[C@H](C)[C@@H](O[C@@H]2O[C@H](C)[C@@H](O[C@H]3C[C@@](C)(O)[C@@H](OC(=O)CC(C)C)[C@H](C)O3)[C@H](N(C)C)[C@H]2OC(=O)c2ncn(C3OC(COP(=O)(O)O)C(O)C3O)c2N)[C@@H](CC=O)C[C@@H](C)C(=O)/C=C/C(C)=C/[C@@H]1CO[C@@H]1O[C@H](C)[C@@H](O)[C@@H](OC)[C@H]1OC,True,,-3.982,-1.574173927307129,-2.0716753005981445,-1.1671277284622192,38,16,22,1
tylvalosin,Tylvalosin (Ì©Íò¾úËØ),REF_TYLVALOSIN,repository_reference,O53_attached_to_C27,53,27,C,MPM00854,p-Aminobenzoate,Nc1ccc(C(=O)O)cc1,1,CC[C@H]1OC(=O)C[C@@H](OC(C)=O)[C@H](C)[C@@H](O[C@@H]2O[C@H](C)[C@@H](O[C@H]3C[C@@](C)(O)[C@@H](OC(=O)CC(C)C)[C@H](C)O3)[C@H](N(C)C)[C@H]2OC(=O)c2ccc(N)cc2)[C@@H](CC=O)C[C@@H](C)C(=O)/C=C/C(C)=C/[C@@H]1CO[C@@H]1O[C@H](C)[C@@H](O)[C@@H](OC)[C@H]1OC,CC[C@H]1OC(=O)C[C@@H](OC(C)=O)[C@H](C)[C@@H](O[C@@H]2O[C@H](C)[C@@H](O[C@H]3C[C@@](C)(O)[C@@H](OC(=O)CC(C)C)[C@H](C)O3)[C@H](N(C)C)[C@H]2OC(=O)c2ccc(N)cc2)[C@@H](CC=O)C[C@@H](C)C(=O)/C=C/C(C)=C/[C@@H]1CO[C@@H]1O[C@H](C)[C@@H](O)[C@@H](OC)[C@H]1OC,True,,-1.071,-1.9222549200057983,-2.5169568061828613,-1.4356807470321655,37,15,22,1
tylvalosin,Tylvalosin (Ì©Íò¾úËØ),REF_TYLVALOSIN,repository_reference,O53_attached_to_C27,53,27,C,MPM00406,"7,8-Dihydropteroate",Nc1nc2c(c(=O)[nH]1)N=C(CNc1ccc(C(=O)O)cc1)CN2,1,CC[C@H]1OC(=O)C[C@@H](OC(C)=O)[C@H](C)[C@@H](O[C@@H]2O[C@H](C)[C@@H](O[C@H]3C[C@@](C)(O)[C@@H](OC(=O)CC(C)C)[C@H](C)O3)[C@H](N(C)C)[C@H]2OC(=O)c2ccc(NCC3=Nc4c(nc(N)[nH]c4=O)NC3)cc2)[C@@H](CC=O)C[C@@H](C)C(=O)/C=C/C(C)=C/[C@@H]1CO[C@@H]1O[C@H](C)[C@@H](O)[C@@H](OC)[C@H]1OC,CC[C@H]1OC(=O)C[C@@H](OC(C)=O)[C@H](C)[C@@H](O[C@@H]2O[C@H](C)[C@@H](O[C@H]3C[C@@](C)(O)[C@@H](OC(=O)CC(C)C)[C@H](C)O3)[C@H](N(C)C)[C@H]2OC(=O)c2ccc(NCC3=Nc4c(nc(N)[nH]c4=O)NC3)cc2)[C@@H](CC=O)C[C@@H](C)C(=O)/C=C/C(C)=C/[C@@H]1CO[C@@H]1O[C@H](C)[C@@H](O)[C@@H](OC)[C@H]1OC,True,,-1.628,-2.0241219997406006,-2.628787040710449,-1.529396414756775,34,12,22,1
tylvalosin,Tylvalosin (Ì©Íò¾úËØ),REF_TYLVALOSIN,repository_reference,O53_attached_to_C27,53,27,C,MPM00938,Se-Adenosylselenohomocysteine,Nc1ncnc2c1ncn2C1OC(C[Se]CCC(N)C(=O)O)C(O)C1O,1,CC[C@H]1OC(=O)C[C@@H](OC(C)=O)[C@H](C)[C@@H](O[C@@H]2O[C@H](C)[C@@H](O[C@H]3C[C@@](C)(O)[C@@H](OC(=O)CC(C)C)[C@H](C)O3)[C@H](N(C)C)[C@H]2OC(=O)C(N)CC[Se]CC2OC(n3cnc4c(N)ncnc43)C(O)C2O)[C@@H](CC=O)C[C@@H](C)C(=O)/C=C/C(C)=C/[C@@H]1CO[C@@H]1O[C@H](C)[C@@H](O)[C@@H](OC)[C@H]1OC,CC[C@H]1OC(=O)C[C@@H](OC(C)=O)[C@H](C)[C@@H](O[C@@H]2O[C@H](C)[C@@H](O[C@H]3C[C@@](C)(O)[C@@H](OC(=O)CC(C)C)[C@H](C)O3)[C@H](N(C)C)[C@H]2OC(=O)C(N)CC[Se]CC2OC(n3cnc4c(N)ncnc43)C(O)C2O)[C@@H](CC=O)C[C@@H](C)C(=O)/C=C/C(C)=C/[C@@H]1CO[C@@H]1O[C@H](C)[C@@H](O)[C@@H](OC)[C@H]1OC,True,,-4.181,-2.1870875358581543,-2.850839138031006,-1.6440178155899048,32,11,21,1
tylvalosin,Tylvalosin (Ì©Íò¾úËØ),REF_TYLVALOSIN,repository_reference,O53_attached_to_C27,53,27,C,MPM00210,2-Dehydro-3-deoxy-D-galactonate,O=C(O)C(=O)CC(O)C(O)CO,1,CC[C@H]1OC(=O)C[C@@H](OC(C)=O)[C@H](C)[C@@H](O[C@@H]2O[C@H](C)[C@@H](O[C@H]3C[C@@](C)(O)[C@@H](OC(=O)CC(C)C)[C@H](C)O3)[C@H](N(C)C)[C@H]2OC(=O)C(=O)CC(O)C(O)CO)[C@@H](CC=O)C[C@@H](C)C(=O)/C=C/C(C)=C/[C@@H]1CO[C@@H]1O[C@H](C)[C@@H](O)[C@@H](OC)[C@H]1OC,CC[C@H]1OC(=O)C[C@@H](OC(C)=O)[C@H](C)[C@@H](O[C@@H]2O[C@H](C)[C@@H](O[C@H]3C[C@@](C)(O)[C@@H](OC(=O)CC(C)C)[C@H](C)O3)[C@H](N(C)C)[C@H]2OC(=O)C(=O)CC(O)C(O)CO)[C@@H](CC=O)C[C@@H](C)C(=O)/C=C/C(C)=C/[C@@H]1CO[C@@H]1O[C@H](C)[C@@H](O)[C@@H](OC)[C@H]1OC,True,,-1.893,-2.9893391132354736,-3.688495635986328,-2.4173014163970947,24,7,17,1
tylvalosin,Tylvalosin (Ì©Íò¾úËØ),REF_TYLVALOSIN,repository_reference,O53_attached_to_C27,53,27,C,MPM00212,2-Dehydro-3-deoxy-D-gluconate 6-phosphate,O=C(O)C(=O)CC(O)C(O)COP(=O)(O)O,1,CC[C@H]1OC(=O)C[C@@H](OC(C)=O)[C@H](C)[C@@H](O[C@@H]2O[C@H](C)[C@@H](O[C@H]3C[C@@](C)(O)[C@@H](OC(=O)CC(C)C)[C@H](C)O3)[C@H](N(C)C)[C@H]2OC(=O)C(=O)CC(O)C(O)COP(=O)(O)O)[C@@H](CC=O)C[C@@H](C)C(=O)/C=C/C(C)=C/[C@@H]1CO[C@@H]1O[C@H](C)[C@@H](O)[C@@H](OC)[C@H]1OC,CC[C@H]1OC(=O)C[C@@H](OC(C)=O)[C@H](C)[C@@H](O[C@@H]2O[C@H](C)[C@@H](O[C@H]3C[C@@](C)(O)[C@@H](OC(=O)CC(C)C)[C@H](C)O3)[C@H](N(C)C)[C@H]2OC(=O)C(=O)CC(O)C(O)COP(=O)(O)O)[C@@H](CC=O)C[C@@H](C)C(=O)/C=C/C(C)=C/[C@@H]1CO[C@@H]1O[C@H](C)[C@@H](O)[C@@H](OC)[C@H]1OC,True,,-2.05,-2.9398059844970703,-3.6620402336120605,-2.3488869667053223,24,6,18,1
tylvalosin,Tylvalosin (Ì©Íò¾úËØ),REF_TYLVALOSIN,repository_reference,O53_attached_to_C27,53,27,C,MPM00304,3-Hydroxypyruvic acid,O=C(O)C(=O)CO,1,CC[C@H]1OC(=O)C[C@@H](OC(C)=O)[C@H](C)[C@@H](O[C@@H]2O[C@H](C)[C@@H](O[C@H]3C[C@@](C)(O)[C@@H](OC(=O)CC(C)C)[C@H](C)O3)[C@H](N(C)C)[C@H]2OC(=O)C(=O)CO)[C@@H](CC=O)C[C@@H](C)C(=O)/C=C/C(C)=C/[C@@H]1CO[C@@H]1O[C@H](C)[C@@H](O)[C@@H](OC)[C@H]1OC,CC[C@H]1OC(=O)C[C@@H](OC(C)=O)[C@H](C)[C@@H](O[C@@H]2O[C@H](C)[C@@H](O[C@H]3C[C@@](C)(O)[C@@H](OC(=O)CC(C)C)[C@H](C)O3)[C@H](N(C)C)[C@H]2OC(=O)C(=O)CO)[C@@H](CC=O)C[C@@H](C)C(=O)/C=C/C(C)=C/[C@@H]1CO[C@@H]1O[C@H](C)[C@@H](O)[C@@H](OC)[C@H]1OC,True,,-0.988,-3.1256062984466553,-3.739567279815674,-2.623274326324463,21,5,16,1
tylvalosin,Tylvalosin (Ì©Íò¾úËØ),REF_TYLVALOSIN,repository_reference,O53_attached_to_C27,53,27,C,MPM00897,p-Hydroxyphenylpyruvic acid,O=C(O)C(=O)Cc1ccc(O)cc1,1,CC[C@H]1OC(=O)C[C@@H](OC(C)=O)[C@H](C)[C@@H](O[C@@H]2O[C@H](C)[C@@H](O[C@H]3C[C@@](C)(O)[C@@H](OC(=O)CC(C)C)[C@H](C)O3)[C@H](N(C)C)[C@H]2OC(=O)C(=O)Cc2ccc(O)cc2)[C@@H](CC=O)C[C@@H](C)C(=O)/C=C/C(C)=C/[C@@H]1CO[C@@H]1O[C@H](C)[C@@H](O)[C@@H](OC)[C@H]1OC,CC[C@H]1OC(=O)C[C@@H](OC(C)=O)[C@H](C)[C@@H](O[C@@H]2O[C@H](C)[C@@H](O[C@H]3C[C@@](C)(O)[C@@H](OC(=O)CC(C)C)[C@H](C)O3)[C@H](N(C)C)[C@H]2OC(=O)C(=O)Cc2ccc(O)cc2)[C@@H](CC=O)C[C@@H](C)C(=O)/C=C/C(C)=C/[C@@H]1CO[C@@H]1O[C@H](C)[C@@H](O)[C@@H](OC)[C@H]1OC,True,,-1.034,-2.818154811859131,-3.5986013412475586,-2.1796071529388428,24,7,17,1
tylvalosin,Tylvalosin (Ì©Íò¾úËØ),REF_TYLVALOSIN,repository_reference,O53_attached_to_C27,53,27,C,MPM00253,2-Oxo-3-phenylpropanoate,O=C(O)C(=O)Cc1ccccc1,1,CC[C@H]1OC(=O)C[C@@H](OC(C)=O)[C@H](C)[C@@H](O[C@@H]2O[C@H](C)[C@@H](O[C@H]3C[C@@](C)(O)[C@@H](OC(=O)CC(C)C)[C@H](C)O3)[C@H](N(C)C)[C@H]2OC(=O)C(=O)Cc2ccccc2)[C@@H](CC=O)C[C@@H](C)C(=O)/C=C/C(C)=C/[C@@H]1CO[C@@H]1O[C@H](C)[C@@H](O)[C@@H](OC)[C@H]1OC,CC[C@H]1OC(=O)C[C@@H](OC(C)=O)[C@H](C)[C@@H](O[C@@H]2O[C@H](C)[C@@H](O[C@H]3C[C@@](C)(O)[C@@H](OC(=O)CC(C)C)[C@H](C)O3)[C@H](N(C)C)[C@H]2OC(=O)C(=O)Cc2ccccc2)[C@@H](CC=O)C[C@@H](C)C(=O)/C=C/C(C)=C/[C@@H]1CO[C@@H]1O[C@H](C)[C@@H](O)[C@@H](OC)[C@H]1OC,True,,-1.401,-3.0747721195220947,-3.837674140930176,-2.4505794048309326,22,5,17,1
tylvalosin,Tylvalosin (Ì©Íò¾úËØ),REF_TYLVALOSIN,repository_reference,O53_attached_to_C27,53,27,C,MPM00249,2-O-(alpha-D-Mannopyranosyl)-D-glycerate,O=C(O)C(CO)OC1OC(CO)C(O)C(O)C1O,1,CC[C@H]1OC(=O)C[C@@H](OC(C)=O)[C@H](C)[C@@H](O[C@@H]2O[C@H](C)[C@@H](O[C@H]3C[C@@](C)(O)[C@@H](OC(=O)CC(C)C)[C@H](C)O3)[C@H](N(C)C)[C@H]2OC(=O)C(CO)OC2OC(CO)C(O)C(O)C2O)[C@@H](CC=O)C[C@@H](C)C(=O)/C=C/C(C)=C/[C@@H]1CO[C@@H]1O[C@H](C)[C@@H](O)[C@@H](OC)[C@H]1OC,CC[C@H]1OC(=O)C[C@@H](OC(C)=O)[C@H](C)[C@@H](O[C@@H]2O[C@H](C)[C@@H](O[C@H]3C[C@@](C)(O)[C@@H](OC(=O)CC(C)C)[C@H](C)O3)[C@H](N(C)C)[C@H]2OC(=O)C(CO)OC2OC(CO)C(O)C(O)C2O)[C@@H](CC=O)C[C@@H](C)C(=O)/C=C/C(C)=C/[C@@H]1CO[C@@H]1O[C@H](C)[C@@H](O)[C@@H](OC)[C@H]1OC,True,,-2.607,-2.2388343811035156,-2.883681058883667,-1.7112326622009277,31,11,20,1
tylvalosin,Tylvalosin (Ì©Íò¾úËØ),REF_TYLVALOSIN,repository_reference,O53_attached_to_C27,53,27,C,MPM00248,2-O-(6-Phospho-alpha-D-mannosyl)-D-glycerate,O=C(O)C(CO)OC1OC(COP(=O)(O)O)C(O)C(O)C1O,1,CC[C@H]1OC(=O)C[C@@H](OC(C)=O)[C@H](C)[C@@H](O[C@@H]2O[C@H](C)[C@@H](O[C@H]3C[C@@](C)(O)[C@@H](OC(=O)CC(C)C)[C@H](C)O3)[C@H](N(C)C)[C@H]2OC(=O)C(CO)OC2OC(COP(=O)(O)O)C(O)C(O)C2O)[C@@H](CC=O)C[C@@H](C)C(=O)/C=C/C(C)=C/[C@@H]1CO[C@@H]1O[C@H](C)[C@@H](O)[C@@H](OC)[C@H]1OC,CC[C@H]1OC(=O)C[C@@H](OC(C)=O)[C@H](C)[C@@H](O[C@@H]2O[C@H](C)[C@@H](O[C@H]3C[C@@](C)(O)[C@@H](OC(=O)CC(C)C)[C@H](C)O3)[C@H](N(C)C)[C@H]2OC(=O)C(CO)OC2OC(COP(=O)(O)O)C(O)C(O)C2O)[C@@H](CC=O)C[C@@H](C)C(=O)/C=C/C(C)=C/[C@@H]1CO[C@@H]1O[C@H](C)[C@@H](O)[C@@H](OC)[C@H]1OC,True,,-2.762,-2.329972982406616,-2.9735255241394043,-1.8034296035766602,31,11,20,1
tylvalosin,Tylvalosin (Ì©Íò¾úËØ),REF_TYLVALOSIN,repository_reference,O53_attached_to_C27,53,27,C,MPM00262,2-Phospho-(R)-glycerate,O=C(O)C(CO)OP(=O)(O)O,1,CC[C@H]1OC(=O)C[C@@H](OC(C)=O)[C@H](C)[C@@H](O[C@@H]2O[C@H](C)[C@@H](O[C@H]3C[C@@](C)(O)[C@@H](OC(=O)CC(C)C)[C@H](C)O3)[C@H](N(C)C)[C@H]2OC(=O)C(CO)OP(=O)(O)O)[C@@H](CC=O)C[C@@H](C)C(=O)/C=C/C(C)=C/[C@@H]1CO[C@@H]1O[C@H](C)[C@@H](O)[C@@H](OC)[C@H]1OC,CC[C@H]1OC(=O)C[C@@H](OC(C)=O)[C@H](C)[C@@H](O[C@@H]2O[C@H](C)[C@@H](O[C@H]3C[C@@](C)(O)[C@@H](OC(=O)CC(C)C)[C@H](C)O3)[C@H](N(C)C)[C@H]2OC(=O)C(CO)OP(=O)(O)O)[C@@H](CC=O)C[C@@H](C)C(=O)/C=C/C(C)=C/[C@@H]1CO[C@@H]1O[C@H](C)[C@@H](O)[C@@H](OC)[C@H]1OC,True,,-1.841,-2.6604385375976562,-3.286558151245117,-2.1481587886810303,28,10,18,1
tylvalosin,Tylvalosin (Ì©Íò¾úËØ),REF_TYLVALOSIN,repository_reference,O53_attached_to_C27,53,27,C,MPM00380,5-Dehydrogluconate,O=C(O)C(O)C(O)C(O)C(=O)CO,1,CC[C@H]1OC(=O)C[C@@H](OC(C)=O)[C@H](C)[C@@H](O[C@@H]2O[C@H](C)[C@@H](O[C@H]3C[C@@](C)(O)[C@@H](OC(=O)CC(C)C)[C@H](C)O3)[C@H](N(C)C)[C@H]2OC(=O)C(O)C(O)C(O)C(=O)CO)[C@@H](CC=O)C[C@@H](C)C(=O)/C=C/C(C)=C/[C@@H]1CO[C@@H]1O[C@H](C)[C@@H](O)[C@@H](OC)[C@H]1OC,CC[C@H]1OC(=O)C[C@@H](OC(C)=O)[C@H](C)[C@@H](O[C@@H]2O[C@H](C)[C@@H](O[C@H]3C[C@@](C)(O)[C@@H](OC(=O)CC(C)C)[C@H](C)O3)[C@H](N(C)C)[C@H]2OC(=O)C(O)C(O)C(O)C(=O)CO)[C@@H](CC=O)C[C@@H](C)C(=O)/C=C/C(C)=C/[C@@H]1CO[C@@H]1O[C@H](C)[C@@H](O)[C@@H](OC)[C@H]1OC,True,,-1.933,-3.1400134563446045,-3.7337465286254883,-2.6542320251464844,21,5,16,1
tylvalosin,Tylvalosin (Ì©Íò¾úËØ),REF_TYLVALOSIN,repository_reference,O53_attached_to_C27,53,27,C,MPM00547,D-Altronate,O=C(O)C(O)C(O)C(O)C(O)CO,1,CC[C@H]1OC(=O)C[C@@H](OC(C)=O)[C@H](C)[C@@H](O[C@@H]2O[C@H](C)[C@@H](O[C@H]3C[C@@](C)(O)[C@@H](OC(=O)CC(C)C)[C@H](C)O3)[C@H](N(C)C)[C@H]2OC(=O)C(O)C(O)C(O)C(O)CO)[C@@H](CC=O)C[C@@H](C)C(=O)/C=C/C(C)=C/[C@@H]1CO[C@@H]1O[C@H](C)[C@@H](O)[C@@H](OC)[C@H]1OC,CC[C@H]1OC(=O)C[C@@H](OC(C)=O)[C@H](C)[C@@H](O[C@@H]2O[C@H](C)[C@@H](O[C@H]3C[C@@](C)(O)[C@@H](OC(=O)CC(C)C)[C@H](C)O3)[C@H](N(C)C)[C@H]2OC(=O)C(O)C(O)C(O)C(O)CO)[C@@H](CC=O)C[C@@H](C)C(=O)/C=C/C(C)=C/[C@@H]1CO[C@@H]1O[C@H](C)[C@@H](O)[C@@H](OC)[C@H]1OC,True,,-2.287,-2.447399139404297,-3.0937001705169678,-1.9186077117919922,30,11,19,1
tylvalosin,Tylvalosin (Ì©Íò¾úËØ),REF_TYLVALOSIN,repository_reference,O53_attached_to_C27,53,27,C,MPM00401,6-Phospho-D-gluconate,O=C(O)C(O)C(O)C(O)C(O)COP(=O)(O)O,1,CC[C@H]1OC(=O)C[C@@H](OC(C)=O)[C@H](C)[C@@H](O[C@@H]2O[C@H](C)[C@@H](O[C@H]3C[C@@](C)(O)[C@@H](OC(=O)CC(C)C)[C@H](C)O3)[C@H](N(C)C)[C@H]2OC(=O)C(O)C(O)C(O)C(O)COP(=O)(O)O)[C@@H](CC=O)C[C@@H](C)C(=O)/C=C/C(C)=C/[C@@H]1CO[C@@H]1O[C@H](C)[C@@H](O)[C@@H](OC)[C@H]1OC,CC[C@H]1OC(=O)C[C@@H](OC(C)=O)[C@H](C)[C@@H](O[C@@H]2O[C@H](C)[C@@H](O[C@H]3C[C@@](C)(O)[C@@H](OC(=O)CC(C)C)[C@H](C)O3)[C@H](N(C)C)[C@H]2OC(=O)C(O)C(O)C(O)C(O)COP(=O)(O)O)[C@@H](CC=O)C[C@@H](C)C(=O)/C=C/C(C)=C/[C@@H]1CO[C@@H]1O[C@H](C)[C@@H](O)[C@@H](OC)[C@H]1OC,True,,-2.451,-2.844508647918701,-3.512399673461914,-2.2980520725250244,29,10,19,1
tylvalosin,Tylvalosin (Ì©Íò¾úËØ),REF_TYLVALOSIN,repository_reference,O53_attached_to_C27,53,27,C,MPM00666,Glyceric acid,O=C(O)C(O)CO,1,CC[C@H]1OC(=O)C[C@@H](OC(C)=O)[C@H](C)[C@@H](O[C@@H]2O[C@H](C)[C@@H](O[C@H]3C[C@@](C)(O)[C@@H](OC(=O)CC(C)C)[C@H](C)O3)[C@H](N(C)C)[C@H]2OC(=O)C(O)CO)[C@@H](CC=O)C[C@@H](C)C(=O)/C=C/C(C)=C/[C@@H]1CO[C@@H]1O[C@H](C)[C@@H](O)[C@@H](OC)[C@H]1OC,CC[C@H]1OC(=O)C[C@@H](OC(C)=O)[C@H](C)[C@@H](O[C@@H]2O[C@H](C)[C@@H](O[C@H]3C[C@@](C)(O)[C@@H](OC(=O)CC(C)C)[C@H](C)O3)[C@H](N(C)C)[C@H]2OC(=O)C(O)CO)[C@@H](CC=O)C[C@@H](C)C(=O)/C=C/C(C)=C/[C@@H]1CO[C@@H]1O[C@H](C)[C@@H](O)[C@@H](OC)[C@H]1OC,True,,-1.477,-2.8230032920837402,-3.4938242435455322,-2.2741498947143555,25,7,18,1
tylvalosin,Tylvalosin (Ì©Íò¾úËØ),REF_TYLVALOSIN,repository_reference,O53_attached_to_C27,53,27,C,MPM00324,3-Phosphoglycerate,O=C(O)C(O)COP(=O)(O)O,1,CC[C@H]1OC(=O)C[C@@H](OC(C)=O)[C@H](C)[C@@H](O[C@@H]2O[C@H](C)[C@@H](O[C@H]3C[C@@](C)(O)[C@@H](OC(=O)CC(C)C)[C@H](C)O3)[C@H](N(C)C)[C@H]2OC(=O)C(O)COP(=O)(O)O)[C@@H](CC=O)C[C@@H](C)C(=O)/C=C/C(C)=C/[C@@H]1CO[C@@H]1O[C@H](C)[C@@H](O)[C@@H](OC)[C@H]1OC,CC[C@H]1OC(=O)C[C@@H](OC(C)=O)[C@H](C)[C@@H](O[C@@H]2O[C@H](C)[C@@H](O[C@H]3C[C@@](C)(O)[C@@H](OC(=O)CC(C)C)[C@H](C)O3)[C@H](N(C)C)[C@H]2OC(=O)C(O)COP(=O)(O)O)[C@@H](CC=O)C[C@@H](C)C(=O)/C=C/C(C)=C/[C@@H]1CO[C@@H]1O[C@H](C)[C@@H](O)[C@@H](OC)[C@H]1OC,True,,-1.64,-2.9428677558898926,-3.6059858798980713,-2.4003169536590576,25,8,17,1
tylvalosin,Tylvalosin (Ì©Íò¾úËØ),REF_TYLVALOSIN,repository_reference,O53_attached_to_C27,53,27,C,MPM00001,(-)-Quinic acid,O=C(O)C1(O)CC(O)C(O)C(O)C1,1,CC[C@H]1OC(=O)C[C@@H](OC(C)=O)[C@H](C)[C@@H](O[C@@H]2O[C@H](C)[C@@H](O[C@H]3C[C@@](C)(O)[C@@H](OC(=O)CC(C)C)[C@H](C)O3)[C@H](N(C)C)[C@H]2OC(=O)C2(O)CC(O)C(O)C(O)C2)[C@@H](CC=O)C[C@@H](C)C(=O)/C=C/C(C)=C/[C@@H]1CO[C@@H]1O[C@H](C)[C@@H](O)[C@@H](OC)[C@H]1OC,CC[C@H]1OC(=O)C[C@@H](OC(C)=O)[C@H](C)[C@@H](O[C@@H]2O[C@H](C)[C@@H](O[C@H]3C[C@@](C)(O)[C@@H](OC(=O)CC(C)C)[C@H](C)O3)[C@H](N(C)C)[C@H]2OC(=O)C2(O)CC(O)C(O)C(O)C2)[C@@H](CC=O)C[C@@H](C)C(=O)/C=C/C(C)=C/[C@@H]1CO[C@@H]1O[C@H](C)[C@@H](O)[C@@H](OC)[C@H]1OC,True,,-2.558,-1.8044700622558594,-2.3718581199645996,-1.3402435779571533,37,15,22,1
tylvalosin,Tylvalosin (Ì©Íò¾úËØ),REF_TYLVALOSIN,repository_reference,O53_attached_to_C27,53,27,C,MPM00283,3-Dehydroshikimate,O=C(O)C1=CC(=O)C(O)C(O)C1,1,CC[C@H]1OC(=O)C[C@@H](OC(C)=O)[C@H](C)[C@@H](O[C@@H]2O[C@H](C)[C@@H](O[C@H]3C[C@@](C)(O)[C@@H](OC(=O)CC(C)C)[C@H](C)O3)[C@H](N(C)C)[C@H]2OC(=O)C2=CC(=O)C(O)C(O)C2)[C@@H](CC=O)C[C@@H](C)C(=O)/C=C/C(C)=C/[C@@H]1CO[C@@H]1O[C@H](C)[C@@H](O)[C@@H](OC)[C@H]1OC,CC[C@H]1OC(=O)C[C@@H](OC(C)=O)[C@H](C)[C@@H](O[C@@H]2O[C@H](C)[C@@H](O[C@H]3C[C@@](C)(O)[C@@H](OC(=O)CC(C)C)[C@H](C)O3)[C@H](N(C)C)[C@H]2OC(=O)C2=CC(=O)C(O)C(O)C2)[C@@H](CC=O)C[C@@H](C)C(=O)/C=C/C(C)=C/[C@@H]1CO[C@@H]1O[C@H](C)[C@@H](O)[C@@H](OC)[C@H]1OC,True,,-1.681,-1.838698387145996,-2.363853931427002,-1.4090256690979004,36,14,22,1
tylvalosin,Tylvalosin (Ì©Íò¾úËØ),REF_TYLVALOSIN,repository_reference,O53_attached_to_C27,53,27,C,MPM00269,"3,4,5-Trihydroxy-1-cyclohexenecarboxylic acid",O=C(O)C1=CC(O)C(O)C(O)C1,1,CC[C@H]1OC(=O)C[C@@H](OC(C)=O)[C@H](C)[C@@H](O[C@@H]2O[C@H](C)[C@@H](O[C@H]3C[C@@](C)(O)[C@@H](OC(=O)CC(C)C)[C@H](C)O3)[C@H](N(C)C)[C@H]2OC(=O)C2=CC(O)C(O)C(O)C2)[C@@H](CC=O)C[C@@H](C)C(=O)/C=C/C(C)=C/[C@@H]1CO[C@@H]1O[C@H](C)[C@@H](O)[C@@H](OC)[C@H]1OC,CC[C@H]1OC(=O)C[C@@H](OC(C)=O)[C@H](C)[C@@H](O[C@@H]2O[C@H](C)[C@@H](O[C@H]3C[C@@](C)(O)[C@@H](OC(=O)CC(C)C)[C@H](C)O3)[C@H](N(C)C)[C@H]2OC(=O)C2=CC(O)C(O)C(O)C2)[C@@H](CC=O)C[C@@H](C)C(=O)/C=C/C(C)=C/[C@@H]1CO[C@@H]1O[C@H](C)[C@@H](O)[C@@H](OC)[C@H]1OC,True,,-2.034,-1.8191900253295898,-2.3678081035614014,-1.3703206777572632,37,15,22,1
tylvalosin,Tylvalosin (Ì©Íò¾úËØ),REF_TYLVALOSIN,repository_reference,O53_attached_to_C27,53,27,C,MPM00160,1-pyrroline-2-carboxylic acid zwitterion,O=C(O)C1=NCCC1,1,CC[C@H]1OC(=O)C[C@@H](OC(C)=O)[C@H](C)[C@@H](O[C@@H]2O[C@H](C)[C@@H](O[C@H]3C[C@@](C)(O)[C@@H](OC(=O)CC(C)C)[C@H](C)O3)[C@H](N(C)C)[C@H]2OC(=O)C2=NCCC2)[C@@H](CC=O)C[C@@H](C)C(=O)/C=C/C(C)=C/[C@@H]1CO[C@@H]1O[C@H](C)[C@@H](O)[C@@H](OC)[C@H]1OC,CC[C@H]1OC(=O)C[C@@H](OC(C)=O)[C@H](C)[C@@H](O[C@@H]2O[C@H](C)[C@@H](O[C@H]3C[C@@](C)(O)[C@@H](OC(=O)CC(C)C)[C@H](C)O3)[C@H](N(C)C)[C@H]2OC(=O)C2=NCCC2)[C@@H](CC=O)C[C@@H](C)C(=O)/C=C/C(C)=C/[C@@H]1CO[C@@H]1O[C@H](C)[C@@H](O)[C@@H](OC)[C@H]1OC,True,,-1.713,-1.8064101934432983,-2.3747949600219727,-1.341368556022644,36,14,22,1
tylvalosin,Tylvalosin (Ì©Íò¾úËØ),REF_TYLVALOSIN,repository_reference,O53_attached_to_C27,53,27,C,MPM01116,1-Piperideine-2-carboxylate,O=C(O)C1=NCCCC1,1,CC[C@H]1OC(=O)C[C@@H](OC(C)=O)[C@H](C)[C@@H](O[C@@H]2O[C@H](C)[C@@H](O[C@H]3C[C@@](C)(O)[C@@H](OC(=O)CC(C)C)[C@H](C)O3)[C@H](N(C)C)[C@H]2OC(=O)C2=NCCCC2)[C@@H](CC=O)C[C@@H](C)C(=O)/C=C/C(C)=C/[C@@H]1CO[C@@H]1O[C@H](C)[C@@H](O)[C@@H](OC)[C@H]1OC,CC[C@H]1OC(=O)C[C@@H](OC(C)=O)[C@H](C)[C@@H](O[C@@H]2O[C@H](C)[C@@H](O[C@H]3C[C@@](C)(O)[C@@H](OC(=O)CC(C)C)[C@H](C)O3)[C@H](N(C)C)[C@H]2OC(=O)C2=NCCCC2)[C@@H](CC=O)C[C@@H](C)C(=O)/C=C/C(C)=C/[C@@H]1CO[C@@H]1O[C@H](C)[C@@H](O)[C@@H](OC)[C@H]1OC,True,,-1.72,-1.6066910028457642,-2.1534221172332764,-1.1593655347824097,36,14,22,1
tylvalosin,Tylvalosin (Ì©Íò¾úËØ),REF_TYLVALOSIN,repository_reference,O53_attached_to_C27,53,27,C,MPM00047,"(3R,5S)-3-Hydroxy-1-pyrroline-5-carboxylate",O=C(O)C1CC(O)C=N1,1,CC[C@H]1OC(=O)C[C@@H](OC(C)=O)[C@H](C)[C@@H](O[C@@H]2O[C@H](C)[C@@H](O[C@H]3C[C@@](C)(O)[C@@H](OC(=O)CC(C)C)[C@H](C)O3)[C@H](N(C)C)[C@H]2OC(=O)C2CC(O)C=N2)[C@@H](CC=O)C[C@@H](C)C(=O)/C=C/C(C)=C/[C@@H]1CO[C@@H]1O[C@H](C)[C@@H](O)[C@@H](OC)[C@H]1OC,CC[C@H]1OC(=O)C[C@@H](OC(C)=O)[C@H](C)[C@@H](O[C@@H]2O[C@H](C)[C@@H](O[C@H]3C[C@@](C)(O)[C@@H](OC(=O)CC(C)C)[C@H](C)O3)[C@H](N(C)C)[C@H]2OC(=O)C2CC(O)C=N2)[C@@H](CC=O)C[C@@H](C)C(=O)/C=C/C(C)=C/[C@@H]1CO[C@@H]1O[C@H](C)[C@@H](O)[C@@H](OC)[C@H]1OC,True,,-2.296,-2.5502896308898926,-3.2368156909942627,-1.9885869026184082,29,10,19,1
tylvalosin,Tylvalosin (Ì©Íò¾úËØ),REF_TYLVALOSIN,repository_reference,O53_attached_to_C27,53,27,C,MPM00521,cis-4-Hydroxy-D-proline,O=C(O)C1CC(O)CN1,1,CC[C@H]1OC(=O)C[C@@H](OC(C)=O)[C@H](C)[C@@H](O[C@@H]2O[C@H](C)[C@@H](O[C@H]3C[C@@](C)(O)[C@@H](OC(=O)CC(C)C)[C@H](C)O3)[C@H](N(C)C)[C@H]2OC(=O)C2CC(O)CN2)[C@@H](CC=O)C[C@@H](C)C(=O)/C=C/C(C)=C/[C@@H]1CO[C@@H]1O[C@H](C)[C@@H](O)[C@@H](OC)[C@H]1OC,CC[C@H]1OC(=O)C[C@@H](OC(C)=O)[C@H](C)[C@@H](O[C@@H]2O[C@H](C)[C@@H](O[C@H]3C[C@@](C)(O)[C@@H](OC(=O)CC(C)C)[C@H](C)O3)[C@H](N(C)C)[C@H]2OC(=O)C2CC(O)CN2)[C@@H](CC=O)C[C@@H](C)C(=O)/C=C/C(C)=C/[C@@H]1CO[C@@H]1O[C@H](C)[C@@H](O)[C@@H](OC)[C@H]1OC,True,,-1.668,-2.7425522804260254,-3.48012375831604,-2.139084815979004,27,8,19,1
tylvalosin,Tylvalosin (Ì©Íò¾úËØ),REF_TYLVALOSIN,repository_reference,O53_attached_to_C27,53,27,C,MPM00162,1-Pyrroline-5-carboxylate,O=C(O)C1CCC=N1,1,CC[C@H]1OC(=O)C[C@@H](OC(C)=O)[C@H](C)[C@@H](O[C@@H]2O[C@H](C)[C@@H](O[C@H]3C[C@@](C)(O)[C@@H](OC(=O)CC(C)C)[C@H](C)O3)[C@H](N(C)C)[C@H]2OC(=O)C2CCC=N2)[C@@H](CC=O)C[C@@H](C)C(=O)/C=C/C(C)=C/[C@@H]1CO[C@@H]1O[C@H](C)[C@@H](O)[C@@H](OC)[C@H]1OC,CC[C@H]1OC(=O)C[C@@H](OC(C)=O)[C@H](C)[C@@H](O[C@@H]2O[C@H](C)[C@@H](O[C@H]3C[C@@](C)(O)[C@@H](OC(=O)CC(C)C)[C@H](C)O3)[C@H](N(C)C)[C@H]2OC(=O)C2CCC=N2)[C@@H](CC=O)C[C@@H](C)C(=O)/C=C/C(C)=C/[C@@H]1CO[C@@H]1O[C@H](C)[C@@H](O)[C@@H](OC)[C@H]1OC,True,,-1.963,-2.573394775390625,-3.288249969482422,-1.9885132312774658,28,9,19,1
tylvalosin,Tylvalosin (Ì©Íò¾úËØ),REF_TYLVALOSIN,repository_reference,O53_attached_to_C27,53,27,C,MPM00613,D-Proline,O=C(O)C1CCCN1,1,CC[C@H]1OC(=O)C[C@@H](OC(C)=O)[C@H](C)[C@@H](O[C@@H]2O[C@H](C)[C@@H](O[C@H]3C[C@@](C)(O)[C@@H](OC(=O)CC(C)C)[C@H](C)O3)[C@H](N(C)C)[C@H]2OC(=O)C2CCCN2)[C@@H](CC=O)C[C@@H](C)C(=O)/C=C/C(C)=C/[C@@H]1CO[C@@H]1O[C@H](C)[C@@H](O)[C@@H](OC)[C@H]1OC,CC[C@H]1OC(=O)C[C@@H](OC(C)=O)[C@H](C)[C@@H](O[C@@H]2O[C@H](C)[C@@H](O[C@H]3C[C@@](C)(O)[C@@H](OC(=O)CC(C)C)[C@H](C)O3)[C@H](N(C)C)[C@H]2OC(=O)C2CCCN2)[C@@H](CC=O)C[C@@H](C)C(=O)/C=C/C(C)=C/[C@@H]1CO[C@@H]1O[C@H](C)[C@@H](O)[C@@H](OC)[C@H]1OC,True,,-1.347,-2.8090522289276123,-3.547621488571167,-2.204768180847168,27,8,19,1
tylvalosin,Tylvalosin (Ì©Íò¾úËØ),REF_TYLVALOSIN,repository_reference,O53_attached_to_C27,53,27,C,MPM00575,D-Galacturonic acid,O=C(O)C1OC(O)C(O)C(O)C1O,1,CC[C@H]1OC(=O)C[C@@H](OC(C)=O)[C@H](C)[C@@H](O[C@@H]2O[C@H](C)[C@@H](O[C@H]3C[C@@](C)(O)[C@@H](OC(=O)CC(C)C)[C@H](C)O3)[C@H](N(C)C)[C@H]2OC(=O)C2OC(O)C(O)C(O)C2O)[C@@H](CC=O)C[C@@H](C)C(=O)/C=C/C(C)=C/[C@@H]1CO[C@@H]1O[C@H](C)[C@@H](O)[C@@H](OC)[C@H]1OC,CC[C@H]1OC(=O)C[C@@H](OC(C)=O)[C@H](C)[C@@H](O[C@@H]2O[C@H](C)[C@@H](O[C@H]3C[C@@](C)(O)[C@@H](OC(=O)CC(C)C)[C@H](C)O3)[C@H](N(C)C)[C@H]2OC(=O)C2OC(O)C(O)C(O)C2O)[C@@H](CC=O)C[C@@H](C)C(=O)/C=C/C(C)=C/[C@@H]1CO[C@@H]1O[C@H](C)[C@@H](O)[C@@H](OC)[C@H]1OC,True,,-2.356,-2.8970494270324707,-3.5730204582214355,-2.343982458114624,24,8,16,1
tylvalosin,Tylvalosin (Ì©Íò¾úËØ),REF_TYLVALOSIN,repository_reference,O53_attached_to_C27,53,27,C,MPM00158,1-Phospho-alpha-D-glucuronate,O=C(O)C1OC(OP(=O)(O)O)C(O)C(O)C1O,1,CC[C@H]1OC(=O)C[C@@H](OC(C)=O)[C@H](C)[C@@H](O[C@@H]2O[C@H](C)[C@@H](O[C@H]3C[C@@](C)(O)[C@@H](OC(=O)CC(C)C)[C@H](C)O3)[C@H](N(C)C)[C@H]2OC(=O)C2OC(OP(=O)(O)O)C(O)C(O)C2O)[C@@H](CC=O)C[C@@H](C)C(=O)/C=C/C(C)=C/[C@@H]1CO[C@@H]1O[C@H](C)[C@@H](O)[C@@H](OC)[C@H]1OC,CC[C@H]1OC(=O)C[C@@H](OC(C)=O)[C@H](C)[C@@H](O[C@@H]2O[C@H](C)[C@@H](O[C@H]3C[C@@](C)(O)[C@@H](OC(=O)CC(C)C)[C@H](C)O3)[C@H](N(C)C)[C@H]2OC(=O)C2OC(OP(=O)(O)O)C(O)C(O)C2O)[C@@H](CC=O)C[C@@H](C)C(=O)/C=C/C(C)=C/[C@@H]1CO[C@@H]1O[C@H](C)[C@@H](O)[C@@H](OC)[C@H]1OC,True,,-3.289,-2.7499842643737793,-3.4181365966796875,-2.2033143043518066,30,11,19,1
tylvalosin,Tylvalosin (Ì©Íò¾úËØ),REF_TYLVALOSIN,repository_reference,O53_attached_to_C27,53,27,C,MPM00009,"(2E)-3-(3,4-Dihydroxyphenyl)prop-2-enoate",O=C(O)C=Cc1ccc(O)c(O)c1,1,CC[C@H]1OC(=O)C[C@@H](OC(C)=O)[C@H](C)[C@@H](O[C@@H]2O[C@H](C)[C@@H](O[C@H]3C[C@@](C)(O)[C@@H](OC(=O)CC(C)C)[C@H](C)O3)[C@H](N(C)C)[C@H]2OC(=O)C=Cc2ccc(O)c(O)c2)[C@@H](CC=O)C[C@@H](C)C(=O)/C=C/C(C)=C/[C@@H]1CO[C@@H]1O[C@H](C)[C@@H](O)[C@@H](OC)[C@H]1OC,CC[C@H]1OC(=O)C[C@@H](OC(C)=O)[C@H](C)[C@@H](O[C@@H]2O[C@H](C)[C@@H](O[C@H]3C[C@@](C)(O)[C@@H](OC(=O)CC(C)C)[C@H](C)O3)[C@H](N(C)C)[C@H]2OC(=O)C=Cc2ccc(O)c(O)c2)[C@@H](CC=O)C[C@@H](C)C(=O)/C=C/C(C)=C/[C@@H]1CO[C@@H]1O[C@H](C)[C@@H](O)[C@@H](OC)[C@H]1OC,True,,-0.641,-1.7657740116119385,-2.375370979309082,-1.2670124769210815,36,14,22,1
tylvalosin,Tylvalosin (Ì©Íò¾úËØ),REF_TYLVALOSIN,repository_reference,O53_attached_to_C27,53,27,C,MPM00350,4-Hydroxycinnamate,O=C(O)C=Cc1ccc(O)cc1,1,CC[C@H]1OC(=O)C[C@@H](OC(C)=O)[C@H](C)[C@@H](O[C@@H]2O[C@H](C)[C@@H](O[C@H]3C[C@@](C)(O)[C@@H](OC(=O)CC(C)C)[C@H](C)O3)[C@H](N(C)C)[C@H]2OC(=O)C=Cc2ccc(O)cc2)[C@@H](CC=O)C[C@@H](C)C(=O)/C=C/C(C)=C/[C@@H]1CO[C@@H]1O[C@H](C)[C@@H](O)[C@@H](OC)[C@H]1OC,CC[C@H]1OC(=O)C[C@@H](OC(C)=O)[C@H](C)[C@@H](O[C@@H]2O[C@H](C)[C@@H](O[C@H]3C[C@@](C)(O)[C@@H](OC(=O)CC(C)C)[C@H](C)O3)[C@H](N(C)C)[C@H]2OC(=O)C=Cc2ccc(O)cc2)[C@@H](CC=O)C[C@@H](C)C(=O)/C=C/C(C)=C/[C@@H]1CO[C@@H]1O[C@H](C)[C@@H](O)[C@@H](OC)[C@H]1OC,True,,-0.334,-1.8665122985839844,-2.455122470855713,-1.3849225044250488,36,14,22,1
tylvalosin,Tylvalosin (Ì©Íò¾úËØ),REF_TYLVALOSIN,repository_reference,O53_attached_to_C27,53,27,C,MPM00014,(2E)-3-Phenylprop-2-enoate,O=C(O)C=Cc1ccccc1,1,CC[C@H]1OC(=O)C[C@@H](OC(C)=O)[C@H](C)[C@@H](O[C@@H]2O[C@H](C)[C@@H](O[C@H]3C[C@@](C)(O)[C@@H](OC(=O)CC(C)C)[C@H](C)O3)[C@H](N(C)C)[C@H]2OC(=O)C=Cc2ccccc2)[C@@H](CC=O)C[C@@H](C)C(=O)/C=C/C(C)=C/[C@@H]1CO[C@@H]1O[C@H](C)[C@@H](O)[C@@H](OC)[C@H]1OC,CC[C@H]1OC(=O)C[C@@H](OC(C)=O)[C@H](C)[C@@H](O[C@@H]2O[C@H](C)[C@@H](O[C@H]3C[C@@](C)(O)[C@@H](OC(=O)CC(C)C)[C@H](C)O3)[C@H](N(C)C)[C@H]2OC(=O)C=Cc2ccccc2)[C@@H](CC=O)C[C@@H](C)C(=O)/C=C/C(C)=C/[C@@H]1CO[C@@H]1O[C@H](C)[C@@H](O)[C@@H](OC)[C@H]1OC,True,,0.053,-1.8836456537246704,-2.4740500450134277,-1.4005872011184692,36,14,22,1
tylvalosin,Tylvalosin (Ì©Íò¾úËØ),REF_TYLVALOSIN,repository_reference,O53_attached_to_C27,53,27,C,MPM00285,3-Hydroxy-10-phenyldecanoic acid,O=C(O)CC(O)CCCCCCCc1ccccc1,1,CC[C@H]1OC(=O)C[C@@H](OC(C)=O)[C@H](C)[C@@H](O[C@@H]2O[C@H](C)[C@@H](O[C@H]3C[C@@](C)(O)[C@@H](OC(=O)CC(C)C)[C@H](C)O3)[C@H](N(C)C)[C@H]2OC(=O)CC(O)CCCCCCCc2ccccc2)[C@@H](CC=O)C[C@@H](C)C(=O)/C=C/C(C)=C/[C@@H]1CO[C@@H]1O[C@H](C)[C@@H](O)[C@@H](OC)[C@H]1OC,CC[C@H]1OC(=O)C[C@@H](OC(C)=O)[C@H](C)[C@@H](O[C@@H]2O[C@H](C)[C@@H](O[C@H]3C[C@@](C)(O)[C@@H](OC(=O)CC(C)C)[C@H](C)O3)[C@H](N(C)C)[C@H]2OC(=O)CC(O)CCCCCCCc2ccccc2)[C@@H](CC=O)C[C@@H](C)C(=O)/C=C/C(C)=C/[C@@H]1CO[C@@H]1O[C@H](C)[C@@H](O)[C@@H](OC)[C@H]1OC,True,,-2.134,-3.1358723640441895,-3.9711544513702393,-2.4524595737457275,20,4,16,1
tylvalosin,Tylvalosin (Ì©Íò¾úËØ),REF_TYLVALOSIN,repository_reference,O53_attached_to_C27,53,27,C,MPM00292,3-Hydroxy-9-phenylnonanoic acid,O=C(O)CC(O)CCCCCCc1ccccc1,1,CC[C@H]1OC(=O)C[C@@H](OC(C)=O)[C@H](C)[C@@H](O[C@@H]2O[C@H](C)[C@@H](O[C@H]3C[C@@](C)(O)[C@@H](OC(=O)CC(C)C)[C@H](C)O3)[C@H](N(C)C)[C@H]2OC(=O)CC(O)CCCCCCc2ccccc2)[C@@H](CC=O)C[C@@H](C)C(=O)/C=C/C(C)=C/[C@@H]1CO[C@@H]1O[C@H](C)[C@@H](O)[C@@H](OC)[C@H]1OC,CC[C@H]1OC(=O)C[C@@H](OC(C)=O)[C@H](C)[C@@H](O[C@@H]2O[C@H](C)[C@@H](O[C@H]3C[C@@](C)(O)[C@@H](OC(=O)CC(C)C)[C@H](C)O3)[C@H](N(C)C)[C@H]2OC(=O)CC(O)CCCCCCc2ccccc2)[C@@H](CC=O)C[C@@H](C)C(=O)/C=C/C(C)=C/[C@@H]1CO[C@@H]1O[C@H](C)[C@@H](O)[C@@H](OC)[C@H]1OC,True,,-2.066,-3.208548069000244,-4.045238494873047,-2.5239830017089844,20,4,16,1
tylvalosin,Tylvalosin (Ì©Íò¾úËØ),REF_TYLVALOSIN,repository_reference,O53_attached_to_C27,53,27,C,MPM00291,3-Hydroxy-8-phenyloctanoic acid,O=C(O)CC(O)CCCCCc1ccccc1,1,CC[C@H]1OC(=O)C[C@@H](OC(C)=O)[C@H](C)[C@@H](O[C@@H]2O[C@H](C)[C@@H](O[C@H]3C[C@@](C)(O)[C@@H](OC(=O)CC(C)C)[C@H](C)O3)[C@H](N(C)C)[C@H]2OC(=O)CC(O)CCCCCc2ccccc2)[C@@H](CC=O)C[C@@H](C)C(=O)/C=C/C(C)=C/[C@@H]1CO[C@@H]1O[C@H](C)[C@@H](O)[C@@H](OC)[C@H]1OC,CC[C@H]1OC(=O)C[C@@H](OC(C)=O)[C@H](C)[C@@H](O[C@@H]2O[C@H](C)[C@@H](O[C@H]3C[C@@](C)(O)[C@@H](OC(=O)CC(C)C)[C@H](C)O3)[C@H](N(C)C)[C@H]2OC(=O)CC(O)CCCCCc2ccccc2)[C@@H](CC=O)C[C@@H](C)C(=O)/C=C/C(C)=C/[C@@H]1CO[C@@H]1O[C@H](C)[C@@H](O)[C@@H](OC)[C@H]1OC,True,,-1.998,-3.2141551971435547,-4.055093288421631,-2.5261144638061523,20,4,16,1
tylvalosin,Tylvalosin (Ì©Íò¾úËØ),REF_TYLVALOSIN,repository_reference,O53_attached_to_C27,53,27,C,MPM00290,3-Hydroxy-7-phenylheptanoic acid,O=C(O)CC(O)CCCCc1ccccc1,1,CC[C@H]1OC(=O)C[C@@H](OC(C)=O)[C@H](C)[C@@H](O[C@@H]2O[C@H](C)[C@@H](O[C@H]3C[C@@](C)(O)[C@@H](OC(=O)CC(C)C)[C@H](C)O3)[C@H](N(C)C)[C@H]2OC(=O)CC(O)CCCCc2ccccc2)[C@@H](CC=O)C[C@@H](C)C(=O)/C=C/C(C)=C/[C@@H]1CO[C@@H]1O[C@H](C)[C@@H](O)[C@@H](OC)[C@H]1OC,CC[C@H]1OC(=O)C[C@@H](OC(C)=O)[C@H](C)[C@@H](O[C@@H]2O[C@H](C)[C@@H](O[C@H]3C[C@@](C)(O)[C@@H](OC(=O)CC(C)C)[C@H](C)O3)[C@H](N(C)C)[C@H]2OC(=O)CC(O)CCCCc2ccccc2)[C@@H](CC=O)C[C@@H](C)C(=O)/C=C/C(C)=C/[C@@H]1CO[C@@H]1O[C@H](C)[C@@H](O)[C@@H](OC)[C@H]1OC,True,,-1.93,-3.185948133468628,-4.042881488800049,-2.484821081161499,20,4,16,1
tylvalosin,Tylvalosin (Ì©Íò¾úËØ),REF_TYLVALOSIN,repository_reference,O53_attached_to_C27,53,27,C,MPM00289,3-Hydroxy-6-phenylhexanoic acid,O=C(O)CC(O)CCCc1ccccc1,1,CC[C@H]1OC(=O)C[C@@H](OC(C)=O)[C@H](C)[C@@H](O[C@@H]2O[C@H](C)[C@@H](O[C@H]3C[C@@](C)(O)[C@@H](OC(=O)CC(C)C)[C@H](C)O3)[C@H](N(C)C)[C@H]2OC(=O)CC(O)CCCc2ccccc2)[C@@H](CC=O)C[C@@H](C)C(=O)/C=C/C(C)=C/[C@@H]1CO[C@@H]1O[C@H](C)[C@@H](O)[C@@H](OC)[C@H]1OC,CC[C@H]1OC(=O)C[C@@H](OC(C)=O)[C@H](C)[C@@H](O[C@@H]2O[C@H](C)[C@@H](O[C@H]3C[C@@](C)(O)[C@@H](OC(=O)CC(C)C)[C@H](C)O3)[C@H](N(C)C)[C@H]2OC(=O)CC(O)CCCc2ccccc2)[C@@H](CC=O)C[C@@H](C)C(=O)/C=C/C(C)=C/[C@@H]1CO[C@@H]1O[C@H](C)[C@@H](O)[C@@H](OC)[C@H]1OC,True,,-1.865,-3.1186883449554443,-3.9508628845214844,-2.4378182888031006,20,4,16,1
tylvalosin,Tylvalosin (Ì©Íò¾úËØ),REF_TYLVALOSIN,repository_reference,O53_attached_to_C27,53,27,C,MPM00388,"5-Oxo-4,5-dihydrofuran-2-acetate",O=C(O)CC1=CCC(=O)O1,1,CC[C@H]1OC(=O)C[C@@H](OC(C)=O)[C@H](C)[C@@H](O[C@@H]2O[C@H](C)[C@@H](O[C@H]3C[C@@](C)(O)[C@@H](OC(=O)CC(C)C)[C@H](C)O3)[C@H](N(C)C)[C@H]2OC(=O)CC2=CCC(=O)O2)[C@@H](CC=O)C[C@@H](C)C(=O)/C=C/C(C)=C/[C@@H]1CO[C@@H]1O[C@H](C)[C@@H](O)[C@@H](OC)[C@H]1OC,CC[C@H]1OC(=O)C[C@@H](OC(C)=O)[C@H](C)[C@@H](O[C@@H]2O[C@H](C)[C@@H](O[C@H]3C[C@@](C)(O)[C@@H](OC(=O)CC(C)C)[C@H](C)O3)[C@H](N(C)C)[C@H]2OC(=O)CC2=CCC(=O)O2)[C@@H](CC=O)C[C@@H](C)C(=O)/C=C/C(C)=C/[C@@H]1CO[C@@H]1O[C@H](C)[C@@H](O)[C@@H](OC)[C@H]1OC,True,,-1.388,-1.6968731880187988,-2.2214207649230957,-1.267697811126709,38,16,22,1
tylvalosin,Tylvalosin (Ì©Íò¾úËØ),REF_TYLVALOSIN,repository_reference,O53_attached_to_C27,53,27,C,MPM00597,DL-Thioctic acid,O=C(O)CCCCC1CCSS1,1,CC[C@H]1OC(=O)C[C@@H](OC(C)=O)[C@H](C)[C@@H](O[C@@H]2O[C@H](C)[C@@H](O[C@H]3C[C@@](C)(O)[C@@H](OC(=O)CC(C)C)[C@H](C)O3)[C@H](N(C)C)[C@H]2OC(=O)CCCCC2CCSS2)[C@@H](CC=O)C[C@@H](C)C(=O)/C=C/C(C)=C/[C@@H]1CO[C@@H]1O[C@H](C)[C@@H](O)[C@@H](OC)[C@H]1OC,CC[C@H]1OC(=O)C[C@@H](OC(C)=O)[C@H](C)[C@@H](O[C@@H]2O[C@H](C)[C@@H](O[C@H]3C[C@@](C)(O)[C@@H](OC(=O)CC(C)C)[C@H](C)O3)[C@H](N(C)C)[C@H]2OC(=O)CCCCC2CCSS2)[C@@H](CC=O)C[C@@H](C)C(=O)/C=C/C(C)=C/[C@@H]1CO[C@@H]1O[C@H](C)[C@@H](O)[C@@H](OC)[C@H]1OC,True,,-3.111,-2.52585506439209,-3.228618860244751,-1.9508668184280396,28,9,19,1
tylvalosin,Tylvalosin (Ì©Íò¾úËØ),REF_TYLVALOSIN,repository_reference,O53_attached_to_C27,53,27,C,MPM00525,Coenzyme R,O=C(O)CCCCC1SCC2NC(=O)NC21,1,CC[C@H]1OC(=O)C[C@@H](OC(C)=O)[C@H](C)[C@@H](O[C@@H]2O[C@H](C)[C@@H](O[C@H]3C[C@@](C)(O)[C@@H](OC(=O)CC(C)C)[C@H](C)O3)[C@H](N(C)C)[C@H]2OC(=O)CCCCC2SCC3NC(=O)NC32)[C@@H](CC=O)C[C@@H](C)C(=O)/C=C/C(C)=C/[C@@H]1CO[C@@H]1O[C@H](C)[C@@H](O)[C@@H](OC)[C@H]1OC,CC[C@H]1OC(=O)C[C@@H](OC(C)=O)[C@H](C)[C@@H](O[C@@H]2O[C@H](C)[C@@H](O[C@H]3C[C@@](C)(O)[C@@H](OC(=O)CC(C)C)[C@H](C)O3)[C@H](N(C)C)[C@H]2OC(=O)CCCCC2SCC3NC(=O)NC32)[C@@H](CC=O)C[C@@H](C)C(=O)/C=C/C(C)=C/[C@@H]1CO[C@@H]1O[C@H](C)[C@@H](O)[C@@H](OC)[C@H]1OC,True,,-2.944,-1.8663887977600098,-2.5775654315948486,-1.2845165729522705,33,12,21,1
tylvalosin,Tylvalosin (Ì©Íò¾úËØ),REF_TYLVALOSIN,repository_reference,O53_attached_to_C27,53,27,C,MPM00144,10-Phenyldecanoic acid,O=C(O)CCCCCCCCCc1ccccc1,1,CC[C@H]1OC(=O)C[C@@H](OC(C)=O)[C@H](C)[C@@H](O[C@@H]2O[C@H](C)[C@@H](O[C@H]3C[C@@](C)(O)[C@@H](OC(=O)CC(C)C)[C@H](C)O3)[C@H](N(C)C)[C@H]2OC(=O)CCCCCCCCCc2ccccc2)[C@@H](CC=O)C[C@@H](C)C(=O)/C=C/C(C)=C/[C@@H]1CO[C@@H]1O[C@H](C)[C@@H](O)[C@@H](OC)[C@H]1OC,CC[C@H]1OC(=O)C[C@@H](OC(C)=O)[C@H](C)[C@@H](O[C@@H]2O[C@H](C)[C@@H](O[C@H]3C[C@@](C)(O)[C@@H](OC(=O)CC(C)C)[C@H](C)O3)[C@H](N(C)C)[C@H]2OC(=O)CCCCCCCCCc2ccccc2)[C@@H](CC=O)C[C@@H](C)C(=O)/C=C/C(C)=C/[C@@H]1CO[C@@H]1O[C@H](C)[C@@H](O)[C@@H](OC)[C@H]1OC,True,,-1.99,-3.1675162315368652,-4.024081707000732,-2.4666900634765625,21,5,16,1
tylvalosin,Tylvalosin (Ì©Íò¾úËØ),REF_TYLVALOSIN,repository_reference,O53_attached_to_C27,53,27,C,MPM00412,9-Phenylnonanoic acid,O=C(O)CCCCCCCCc1ccccc1,1,CC[C@H]1OC(=O)C[C@@H](OC(C)=O)[C@H](C)[C@@H](O[C@@H]2O[C@H](C)[C@@H](O[C@H]3C[C@@](C)(O)[C@@H](OC(=O)CC(C)C)[C@H](C)O3)[C@H](N(C)C)[C@H]2OC(=O)CCCCCCCCc2ccccc2)[C@@H](CC=O)C[C@@H](C)C(=O)/C=C/C(C)=C/[C@@H]1CO[C@@H]1O[C@H](C)[C@@H](O)[C@@H](OC)[C@H]1OC,CC[C@H]1OC(=O)C[C@@H](OC(C)=O)[C@H](C)[C@@H](O[C@@H]2O[C@H](C)[C@@H](O[C@H]3C[C@@](C)(O)[C@@H](OC(=O)CC(C)C)[C@H](C)O3)[C@H](N(C)C)[C@H]2OC(=O)CCCCCCCCc2ccccc2)[C@@H](CC=O)C[C@@H](C)C(=O)/C=C/C(C)=C/[C@@H]1CO[C@@H]1O[C@H](C)[C@@H](O)[C@@H](OC)[C@H]1OC,True,,-1.922,-3.1438660621643066,-3.9985287189483643,-2.444596767425537,21,5,16,1
tylvalosin,Tylvalosin (Ì©Íò¾úËØ),REF_TYLVALOSIN,repository_reference,O53_attached_to_C27,53,27,C,MPM00409,8-Phenyloctanoic acid,O=C(O)CCCCCCCc1ccccc1,1,CC[C@H]1OC(=O)C[C@@H](OC(C)=O)[C@H](C)[C@@H](O[C@@H]2O[C@H](C)[C@@H](O[C@H]3C[C@@](C)(O)[C@@H](OC(=O)CC(C)C)[C@H](C)O3)[C@H](N(C)C)[C@H]2OC(=O)CCCCCCCc2ccccc2)[C@@H](CC=O)C[C@@H](C)C(=O)/C=C/C(C)=C/[C@@H]1CO[C@@H]1O[C@H](C)[C@@H](O)[C@@H](OC)[C@H]1OC,CC[C@H]1OC(=O)C[C@@H](OC(C)=O)[C@H](C)[C@@H](O[C@@H]2O[C@H](C)[C@@H](O[C@H]3C[C@@](C)(O)[C@@H](OC(=O)CC(C)C)[C@H](C)O3)[C@H](N(C)C)[C@H]2OC(=O)CCCCCCCc2ccccc2)[C@@H](CC=O)C[C@@H](C)C(=O)/C=C/C(C)=C/[C@@H]1CO[C@@H]1O[C@H](C)[C@@H](O)[C@@H](OC)[C@H]1OC,True,,-1.854,-3.166182041168213,-4.03767204284668,-2.4531450271606445,20,4,16,1
tylvalosin,Tylvalosin (Ì©Íò¾úËØ),REF_TYLVALOSIN,repository_reference,O53_attached_to_C27,53,27,C,MPM00408,7-Phenylheptanoic acid,O=C(O)CCCCCCc1ccccc1,1,CC[C@H]1OC(=O)C[C@@H](OC(C)=O)[C@H](C)[C@@H](O[C@@H]2O[C@H](C)[C@@H](O[C@H]3C[C@@](C)(O)[C@@H](OC(=O)CC(C)C)[C@H](C)O3)[C@H](N(C)C)[C@H]2OC(=O)CCCCCCc2ccccc2)[C@@H](CC=O)C[C@@H](C)C(=O)/C=C/C(C)=C/[C@@H]1CO[C@@H]1O[C@H](C)[C@@H](O)[C@@H](OC)[C@H]1OC,CC[C@H]1OC(=O)C[C@@H](OC(C)=O)[C@H](C)[C@@H](O[C@@H]2O[C@H](C)[C@@H](O[C@H]3C[C@@](C)(O)[C@@H](OC(=O)CC(C)C)[C@H](C)O3)[C@H](N(C)C)[C@H]2OC(=O)CCCCCCc2ccccc2)[C@@H](CC=O)C[C@@H](C)C(=O)/C=C/C(C)=C/[C@@H]1CO[C@@H]1O[C@H](C)[C@@H](O)[C@@H](OC)[C@H]1OC,True,,-1.786,-3.1603198051452637,-4.011902332305908,-2.4635708332061768,21,5,16,1
tylvalosin,Tylvalosin (Ì©Íò¾úËØ),REF_TYLVALOSIN,repository_reference,O53_attached_to_C27,53,27,C,MPM00399,6-Phenylhexanoic acid,O=C(O)CCCCCc1ccccc1,1,CC[C@H]1OC(=O)C[C@@H](OC(C)=O)[C@H](C)[C@@H](O[C@@H]2O[C@H](C)[C@@H](O[C@H]3C[C@@](C)(O)[C@@H](OC(=O)CC(C)C)[C@H](C)O3)[C@H](N(C)C)[C@H]2OC(=O)CCCCCc2ccccc2)[C@@H](CC=O)C[C@@H](C)C(=O)/C=C/C(C)=C/[C@@H]1CO[C@@H]1O[C@H](C)[C@@H](O)[C@@H](OC)[C@H]1OC,CC[C@H]1OC(=O)C[C@@H](OC(C)=O)[C@H](C)[C@@H](O[C@@H]2O[C@H](C)[C@@H](O[C@H]3C[C@@](C)(O)[C@@H](OC(=O)CC(C)C)[C@H](C)O3)[C@H](N(C)C)[C@H]2OC(=O)CCCCCc2ccccc2)[C@@H](CC=O)C[C@@H](C)C(=O)/C=C/C(C)=C/[C@@H]1CO[C@@H]1O[C@H](C)[C@@H](O)[C@@H](OC)[C@H]1OC,True,,-1.721,-3.1337437629699707,-4.007635116577148,-2.418741226196289,20,5,15,1
tylvalosin,Tylvalosin (Ì©Íò¾úËØ),REF_TYLVALOSIN,repository_reference,O53_attached_to_C27,53,27,C,MPM00390,5-Phenylvaleric acid,O=C(O)CCCCc1ccccc1,1,CC[C@H]1OC(=O)C[C@@H](OC(C)=O)[C@H](C)[C@@H](O[C@@H]2O[C@H](C)[C@@H](O[C@H]3C[C@@](C)(O)[C@@H](OC(=O)CC(C)C)[C@H](C)O3)[C@H](N(C)C)[C@H]2OC(=O)CCCCc2ccccc2)[C@@H](CC=O)C[C@@H](C)C(=O)/C=C/C(C)=C/[C@@H]1CO[C@@H]1O[C@H](C)[C@@H](O)[C@@H](OC)[C@H]1OC,CC[C@H]1OC(=O)C[C@@H](OC(C)=O)[C@H](C)[C@@H](O[C@@H]2O[C@H](C)[C@@H](O[C@H]3C[C@@](C)(O)[C@@H](OC(=O)CC(C)C)[C@H](C)O3)[C@H](N(C)C)[C@H]2OC(=O)CCCCc2ccccc2)[C@@H](CC=O)C[C@@H](C)C(=O)/C=C/C(C)=C/[C@@H]1CO[C@@H]1O[C@H](C)[C@@H](O)[C@@H](OC)[C@H]1OC,True,,-1.656,-3.321204662322998,-4.153659820556641,-2.6401052474975586,18,3,15,1
tylvalosin,Tylvalosin (Ì©Íò¾úËØ),REF_TYLVALOSIN,repository_reference,O53_attached_to_C27,53,27,C,MPM00701,Hydroxyacetic acid,O=C(O)CO,1,CC[C@H]1OC(=O)C[C@@H](OC(C)=O)[C@H](C)[C@@H](O[C@@H]2O[C@H](C)[C@@H](O[C@H]3C[C@@](C)(O)[C@@H](OC(=O)CC(C)C)[C@H](C)O3)[C@H](N(C)C)[C@H]2OC(=O)CO)[C@@H](CC=O)C[C@@H](C)C(=O)/C=C/C(C)=C/[C@@H]1CO[C@@H]1O[C@H](C)[C@@H](O)[C@@H](OC)[C@H]1OC,CC[C@H]1OC(=O)C[C@@H](OC(C)=O)[C@H](C)[C@@H](O[C@@H]2O[C@H](C)[C@@H](O[C@H]3C[C@@](C)(O)[C@@H](OC(=O)CC(C)C)[C@H](C)O3)[C@H](N(C)C)[C@H]2OC(=O)CO)[C@@H](CC=O)C[C@@H](C)C(=O)/C=C/C(C)=C/[C@@H]1CO[C@@H]1O[C@H](C)[C@@H](O)[C@@H](OC)[C@H]1OC,True,,-1.125,-3.3352997303009033,-3.9632463455200195,-2.8215253353118896,17,3,14,1
tylvalosin,Tylvalosin (Ì©Íò¾úËØ),REF_TYLVALOSIN,repository_reference,O53_attached_to_C27,53,27,C,MPM00891,Phosphoglycolic acid,O=C(O)COP(=O)(O)O,1,CC[C@H]1OC(=O)C[C@@H](OC(C)=O)[C@H](C)[C@@H](O[C@@H]2O[C@H](C)[C@@H](O[C@H]3C[C@@](C)(O)[C@@H](OC(=O)CC(C)C)[C@H](C)O3)[C@H](N(C)C)[C@H]2OC(=O)COP(=O)(O)O)[C@@H](CC=O)C[C@@H](C)C(=O)/C=C/C(C)=C/[C@@H]1CO[C@@H]1O[C@H](C)[C@@H](O)[C@@H](OC)[C@H]1OC,CC[C@H]1OC(=O)C[C@@H](OC(C)=O)[C@H](C)[C@@H](O[C@@H]2O[C@H](C)[C@@H](O[C@H]3C[C@@](C)(O)[C@@H](OC(=O)CC(C)C)[C@H](C)O3)[C@H](N(C)C)[C@H]2OC(=O)COP(=O)(O)O)[C@@H](CC=O)C[C@@H](C)C(=O)/C=C/C(C)=C/[C@@H]1CO[C@@H]1O[C@H](C)[C@@H](O)[C@@H](OC)[C@H]1OC,True,,-1.585,-3.1916778087615967,-3.887995481491089,-2.6219632625579834,20,3,17,1
tylvalosin,Tylvalosin (Ì©Íò¾úËØ),REF_TYLVALOSIN,repository_reference,O53_attached_to_C27,53,27,C,MPM00894,Phosphonoacetic acid,O=C(O)CP(=O)(O)O,1,CC[C@H]1OC(=O)C[C@@H](OC(C)=O)[C@H](C)[C@@H](O[C@@H]2O[C@H](C)[C@@H](O[C@H]3C[C@@](C)(O)[C@@H](OC(=O)CC(C)C)[C@H](C)O3)[C@H](N(C)C)[C@H]2OC(=O)CP(=O)(O)O)[C@@H](CC=O)C[C@@H](C)C(=O)/C=C/C(C)=C/[C@@H]1CO[C@@H]1O[C@H](C)[C@@H](O)[C@@H](OC)[C@H]1OC,CC[C@H]1OC(=O)C[C@@H](OC(C)=O)[C@H](C)[C@@H](O[C@@H]2O[C@H](C)[C@@H](O[C@H]3C[C@@](C)(O)[C@@H](OC(=O)CC(C)C)[C@H](C)O3)[C@H](N(C)C)[C@H]2OC(=O)CP(=O)(O)O)[C@@H](CC=O)C[C@@H](C)C(=O)/C=C/C(C)=C/[C@@H]1CO[C@@H]1O[C@H](C)[C@@H](O)[C@@H](OC)[C@H]1OC,True,,-1.92,-2.219357967376709,-2.7429800033569336,-1.7909404039382935,34,13,21,1
tylvalosin,Tylvalosin (Ì©Íò¾úËØ),REF_TYLVALOSIN,repository_reference,O53_attached_to_C27,53,27,C,MPM00961,Sulfoacetic acid,O=C(O)CS(=O)(=O)O,1,CC[C@H]1OC(=O)C[C@@H](OC(C)=O)[C@H](C)[C@@H](O[C@@H]2O[C@H](C)[C@@H](O[C@H]3C[C@@](C)(O)[C@@H](OC(=O)CC(C)C)[C@H](C)O3)[C@H](N(C)C)[C@H]2OC(=O)CS(=O)(=O)O)[C@@H](CC=O)C[C@@H](C)C(=O)/C=C/C(C)=C/[C@@H]1CO[C@@H]1O[C@H](C)[C@@H](O)[C@@H](OC)[C@H]1OC,CC[C@H]1OC(=O)C[C@@H](OC(C)=O)[C@H](C)[C@@H](O[C@@H]2O[C@H](C)[C@@H](O[C@H]3C[C@@](C)(O)[C@@H](OC(=O)CC(C)C)[C@H](C)O3)[C@H](N(C)C)[C@H]2OC(=O)CS(=O)(=O)O)[C@@H](CC=O)C[C@@H](C)C(=O)/C=C/C(C)=C/[C@@H]1CO[C@@H]1O[C@H](C)[C@@H](O)[C@@H](OC)[C@H]1OC,True,,-1.096,-2.4348933696746826,-3.0155937671661377,-1.9597752094268799,30,12,18,1
tylvalosin,Tylvalosin (Ì©Íò¾úËØ),REF_TYLVALOSIN,repository_reference,O53_attached_to_C27,53,27,C,MPM00418,"Acetic acid,phenyl ester",O=C(O)Cc1ccccc1,1,CC[C@H]1OC(=O)C[C@@H](OC(C)=O)[C@H](C)[C@@H](O[C@@H]2O[C@H](C)[C@@H](O[C@H]3C[C@@](C)(O)[C@@H](OC(=O)CC(C)C)[C@H](C)O3)[C@H](N(C)C)[C@H]2OC(=O)Cc2ccccc2)[C@@H](CC=O)C[C@@H](C)C(=O)/C=C/C(C)=C/[C@@H]1CO[C@@H]1O[C@H](C)[C@@H](O)[C@@H](OC)[C@H]1OC,CC[C@H]1OC(=O)C[C@@H](OC(C)=O)[C@H](C)[C@@H](O[C@@H]2O[C@H](C)[C@@H](O[C@H]3C[C@@](C)(O)[C@@H](OC(=O)CC(C)C)[C@H](C)O3)[C@H](N(C)C)[C@H]2OC(=O)Cc2ccccc2)[C@@H](CC=O)C[C@@H](C)C(=O)/C=C/C(C)=C/[C@@H]1CO[C@@H]1O[C@H](C)[C@@H](O)[C@@H](OC)[C@H]1OC,True,,-1.463,-3.0153872966766357,-3.8003311157226562,-2.373159885406494,22,5,17,1
tylvalosin,Tylvalosin (Ì©Íò¾úËØ),REF_TYLVALOSIN,repository_reference,O53_attached_to_C27,53,27,C,MPM01016,Uracil-6-carboxylic acid,O=C(O)c1cc(=O)[nH]c(=O)[nH]1,1,CC[C@H]1OC(=O)C[C@@H](OC(C)=O)[C@H](C)[C@@H](O[C@@H]2O[C@H](C)[C@@H](O[C@H]3C[C@@](C)(O)[C@@H](OC(=O)CC(C)C)[C@H](C)O3)[C@H](N(C)C)[C@H]2OC(=O)c2cc(=O)[nH]c(=O)[nH]2)[C@@H](CC=O)C[C@@H](C)C(=O)/C=C/C(C)=C/[C@@H]1CO[C@@H]1O[C@H](C)[C@@H](O)[C@@H](OC)[C@H]1OC,CC[C@H]1OC(=O)C[C@@H](OC(C)=O)[C@H](C)[C@@H](O[C@@H]2O[C@H](C)[C@@H](O[C@H]3C[C@@](C)(O)[C@@H](OC(=O)CC(C)C)[C@H](C)O3)[C@H](N(C)C)[C@H]2OC(=O)c2cc(=O)[nH]c(=O)[nH]2)[C@@H](CC=O)C[C@@H](C)C(=O)/C=C/C(C)=C/[C@@H]1CO[C@@H]1O[C@H](C)[C@@H](O)[C@@H](OC)[C@H]1OC,True,,-1.368,-1.7493537664413452,-2.19624400138855,-1.3837167024612427,37,15,22,1
tylvalosin,Tylvalosin (Ì©Íò¾úËØ),REF_TYLVALOSIN,repository_reference,O53_attached_to_C27,53,27,C,MPM00844,Orotidylic acid,O=C(O)c1cc(=O)[nH]c(=O)n1C1OC(COP(=O)(O)O)C(O)C1O,1,CC[C@H]1OC(=O)C[C@@H](OC(C)=O)[C@H](C)[C@@H](O[C@@H]2O[C@H](C)[C@@H](O[C@H]3C[C@@](C)(O)[C@@H](OC(=O)CC(C)C)[C@H](C)O3)[C@H](N(C)C)[C@H]2OC(=O)c2cc(=O)[nH]c(=O)n2C2OC(COP(=O)(O)O)C(O)C2O)[C@@H](CC=O)C[C@@H](C)C(=O)/C=C/C(C)=C/[C@@H]1CO[C@@H]1O[C@H](C)[C@@H](O)[C@@H](OC)[C@H]1OC,CC[C@H]1OC(=O)C[C@@H](OC(C)=O)[C@H](C)[C@@H](O[C@@H]2O[C@H](C)[C@@H](O[C@H]3C[C@@](C)(O)[C@@H](OC(=O)CC(C)C)[C@H](C)O3)[C@H](N(C)C)[C@H]2OC(=O)c2cc(=O)[nH]c(=O)n2C2OC(COP(=O)(O)O)C(O)C2O)[C@@H](CC=O)C[C@@H](C)C(=O)/C=C/C(C)=C/[C@@H]1CO[C@@H]1O[C@H](C)[C@@H](O)[C@@H](OC)[C@H]1OC,True,,-2.724,-1.8051048517227173,-2.2878949642181396,-1.41009521484375,37,15,22,1
tylvalosin,Tylvalosin (Ì©Íò¾úËØ),REF_TYLVALOSIN,repository_reference,O53_attached_to_C27,53,27,C,MPM00137,"1,4-Dihydroxy-2-naphthoic acid",O=C(O)c1cc(O)c2ccccc2c1O,1,CC[C@H]1OC(=O)C[C@@H](OC(C)=O)[C@H](C)[C@@H](O[C@@H]2O[C@H](C)[C@@H](O[C@H]3C[C@@](C)(O)[C@@H](OC(=O)CC(C)C)[C@H](C)O3)[C@H](N(C)C)[C@H]2OC(=O)c2cc(O)c3ccccc3c2O)[C@@H](CC=O)C[C@@H](C)C(=O)/C=C/C(C)=C/[C@@H]1CO[C@@H]1O[C@H](C)[C@@H](O)[C@@H](OC)[C@H]1OC,CC[C@H]1OC(=O)C[C@@H](OC(C)=O)[C@H](C)[C@@H](O[C@@H]2O[C@H](C)[C@@H](O[C@H]3C[C@@](C)(O)[C@@H](OC(=O)CC(C)C)[C@H](C)O3)[C@H](N(C)C)[C@H]2OC(=O)c2cc(O)c3ccccc3c2O)[C@@H](CC=O)C[C@@H](C)C(=O)/C=C/C(C)=C/[C@@H]1CO[C@@H]1O[C@H](C)[C@@H](O)[C@@H](OC)[C@H]1OC,True,,-1.146,-1.5046985149383545,-2.016035795211792,-1.0863317251205444,37,15,22,1
tylvalosin,Tylvalosin (Ì©Íò¾úËØ),REF_TYLVALOSIN,repository_reference,O53_attached_to_C27,53,27,C,MPM00398,6-Hydroxynicotinic acid,O=C(O)c1ccc(=O)[nH]c1,1,CC[C@H]1OC(=O)C[C@@H](OC(C)=O)[C@H](C)[C@@H](O[C@@H]2O[C@H](C)[C@@H](O[C@H]3C[C@@](C)(O)[C@@H](OC(=O)CC(C)C)[C@H](C)O3)[C@H](N(C)C)[C@H]2OC(=O)c2ccc(=O)[nH]c2)[C@@H](CC=O)C[C@@H](C)C(=O)/C=C/C(C)=C/[C@@H]1CO[C@@H]1O[C@H](C)[C@@H](O)[C@@H](OC)[C@H]1OC,CC[C@H]1OC(=O)C[C@@H](OC(C)=O)[C@H](C)[C@@H](O[C@@H]2O[C@H](C)[C@@H](O[C@H]3C[C@@](C)(O)[C@@H](OC(=O)CC(C)C)[C@H](C)O3)[C@H](N(C)C)[C@H]2OC(=O)c2ccc(=O)[nH]c2)[C@@H](CC=O)C[C@@H](C)C(=O)/C=C/C(C)=C/[C@@H]1CO[C@@H]1O[C@H](C)[C@@H](O)[C@@H](OC)[C@H]1OC,True,,-0.909,-2.064803123474121,-2.661921501159668,-1.576251745223999,35,13,22,1
tylvalosin,Tylvalosin (Ì©Íò¾úËØ),REF_TYLVALOSIN,repository_reference,O53_attached_to_C27,53,27,C,MPM00912,Protocatechuic acid,O=C(O)c1ccc(O)c(O)c1,1,CC[C@H]1OC(=O)C[C@@H](OC(C)=O)[C@H](C)[C@@H](O[C@@H]2O[C@H](C)[C@@H](O[C@H]3C[C@@](C)(O)[C@@H](OC(=O)CC(C)C)[C@H](C)O3)[C@H](N(C)C)[C@H]2OC(=O)c2ccc(O)c(O)c2)[C@@H](CC=O)C[C@@H](C)C(=O)/C=C/C(C)=C/[C@@H]1CO[C@@H]1O[C@H](C)[C@@H](O)[C@@H](OC)[C@H]1OC,CC[C@H]1OC(=O)C[C@@H](OC(C)=O)[C@H](C)[C@@H](O[C@@H]2O[C@H](C)[C@@H](O[C@H]3C[C@@](C)(O)[C@@H](OC(=O)CC(C)C)[C@H](C)O3)[C@H](N(C)C)[C@H]2OC(=O)c2ccc(O)c(O)c2)[C@@H](CC=O)C[C@@H](C)C(=O)/C=C/C(C)=C/[C@@H]1CO[C@@H]1O[C@H](C)[C@@H](O)[C@@H](OC)[C@H]1OC,True,,-1.365,-1.784937858581543,-2.421710968017578,-1.263941764831543,35,13,22,1
tylvalosin,Tylvalosin (Ì©Íò¾úËØ),REF_TYLVALOSIN,repository_reference,O53_attached_to_C27,53,27,C,MPM00702,Hydroxybenzenecarboxylic acid,O=C(O)c1ccc(O)cc1,1,CC[C@H]1OC(=O)C[C@@H](OC(C)=O)[C@H](C)[C@@H](O[C@@H]2O[C@H](C)[C@@H](O[C@H]3C[C@@](C)(O)[C@@H](OC(=O)CC(C)C)[C@H](C)O3)[C@H](N(C)C)[C@H]2OC(=O)c2ccc(O)cc2)[C@@H](CC=O)C[C@@H](C)C(=O)/C=C/C(C)=C/[C@@H]1CO[C@@H]1O[C@H](C)[C@@H](O)[C@@H](OC)[C@H]1OC,CC[C@H]1OC(=O)C[C@@H](OC(C)=O)[C@H](C)[C@@H](O[C@@H]2O[C@H](C)[C@@H](O[C@H]3C[C@@](C)(O)[C@@H](OC(=O)CC(C)C)[C@H](C)O3)[C@H](N(C)C)[C@H]2OC(=O)c2ccc(O)cc2)[C@@H](CC=O)C[C@@H](C)C(=O)/C=C/C(C)=C/[C@@H]1CO[C@@H]1O[C@H](C)[C@@H](O)[C@@H](OC)[C@H]1OC,True,,-1.058,-1.9006246328353882,-2.511275291442871,-1.4010013341903687,34,12,22,1
tylvalosin,Tylvalosin (Ì©Íò¾úËØ),REF_TYLVALOSIN,repository_reference,O53_attached_to_C27,53,27,C,MPM00173,"2,3-Dihydroxybenzoic acid",O=C(O)c1cccc(O)c1O,1,CC[C@H]1OC(=O)C[C@@H](OC(C)=O)[C@H](C)[C@@H](O[C@@H]2O[C@H](C)[C@@H](O[C@H]3C[C@@](C)(O)[C@@H](OC(=O)CC(C)C)[C@H](C)O3)[C@H](N(C)C)[C@H]2OC(=O)c2cccc(O)c2O)[C@@H](CC=O)C[C@@H](C)C(=O)/C=C/C(C)=C/[C@@H]1CO[C@@H]1O[C@H](C)[C@@H](O)[C@@H](OC)[C@H]1OC,CC[C@H]1OC(=O)C[C@@H](OC(C)=O)[C@H](C)[C@@H](O[C@@H]2O[C@H](C)[C@@H](O[C@H]3C[C@@](C)(O)[C@@H](OC(=O)CC(C)C)[C@H](C)O3)[C@H](N(C)C)[C@H]2OC(=O)c2cccc(O)c2O)[C@@H](CC=O)C[C@@H](C)C(=O)/C=C/C(C)=C/[C@@H]1CO[C@@H]1O[C@H](C)[C@@H](O)[C@@H](OC)[C@H]1OC,True,,-1.347,-1.787358045578003,-2.4166922569274902,-1.272448182106018,36,14,22,1
tylvalosin,Tylvalosin (Ì©Íò¾úËØ),REF_TYLVALOSIN,repository_reference,O53_attached_to_C27,53,27,C,MPM00614,Dracylic acid,O=C(O)c1ccccc1,1,CC[C@H]1OC(=O)C[C@@H](OC(C)=O)[C@H](C)[C@@H](O[C@@H]2O[C@H](C)[C@@H](O[C@H]3C[C@@](C)(O)[C@@H](OC(=O)CC(C)C)[C@H](C)O3)[C@H](N(C)C)[C@H]2OC(=O)c2ccccc2)[C@@H](CC=O)C[C@@H](C)C(=O)/C=C/C(C)=C/[C@@H]1CO[C@@H]1O[C@H](C)[C@@H](O)[C@@H](OC)[C@H]1OC,CC[C@H]1OC(=O)C[C@@H](OC(C)=O)[C@H](C)[C@@H](O[C@@H]2O[C@H](C)[C@@H](O[C@H]3C[C@@](C)(O)[C@@H](OC(=O)CC(C)C)[C@H](C)O3)[C@H](N(C)C)[C@H]2OC(=O)c2ccccc2)[C@@H](CC=O)C[C@@H](C)C(=O)/C=C/C(C)=C/[C@@H]1CO[C@@H]1O[C@H](C)[C@@H](O)[C@@H](OC)[C@H]1OC,True,,-0.7,-2.090087413787842,-2.717607259750366,-1.5766615867614746,34,12,22,1
tylvalosin,Tylvalosin (Ì©Íò¾úËØ),REF_TYLVALOSIN,repository_reference,O53_attached_to_C27,53,27,C,MPM00117,1-(2-Carboxyphenylamino)-1-deoxy-D-ribulose 5-phosphate,O=C(O)c1ccccc1NCC(=O)C(O)C(O)COP(=O)(O)O,1,CC[C@H]1OC(=O)C[C@@H](OC(C)=O)[C@H](C)[C@@H](O[C@@H]2O[C@H](C)[C@@H](O[C@H]3C[C@@](C)(O)[C@@H](OC(=O)CC(C)C)[C@H](C)O3)[C@H](N(C)C)[C@H]2OC(=O)c2ccccc2NCC(=O)C(O)C(O)COP(=O)(O)O)[C@@H](CC=O)C[C@@H](C)C(=O)/C=C/C(C)=C/[C@@H]1CO[C@@H]1O[C@H](C)[C@@H](O)[C@@H](OC)[C@H]1OC,CC[C@H]1OC(=O)C[C@@H](OC(C)=O)[C@H](C)[C@@H](O[C@@H]2O[C@H](C)[C@@H](O[C@H]3C[C@@](C)(O)[C@@H](OC(=O)CC(C)C)[C@H](C)O3)[C@H](N(C)C)[C@H]2OC(=O)c2ccccc2NCC(=O)C(O)C(O)COP(=O)(O)O)[C@@H](CC=O)C[C@@H](C)C(=O)/C=C/C(C)=C/[C@@H]1CO[C@@H]1O[C@H](C)[C@@H](O)[C@@H](OC)[C@H]1OC,True,,-1.562,-1.5436949729919434,-2.078648090362549,-1.106006145477295,38,16,22,1
tylvalosin,Tylvalosin (Ì©Íò¾úËØ),REF_TYLVALOSIN,repository_reference,O53_attached_to_C27,53,27,C,MPM00931,Salicylic acid,O=C(O)c1ccccc1O,1,CC[C@H]1OC(=O)C[C@@H](OC(C)=O)[C@H](C)[C@@H](O[C@@H]2O[C@H](C)[C@@H](O[C@H]3C[C@@](C)(O)[C@@H](OC(=O)CC(C)C)[C@H](C)O3)[C@H](N(C)C)[C@H]2OC(=O)c2ccccc2O)[C@@H](CC=O)C[C@@H](C)C(=O)/C=C/C(C)=C/[C@@H]1CO[C@@H]1O[C@H](C)[C@@H](O)[C@@H](OC)[C@H]1OC,CC[C@H]1OC(=O)C[C@@H](OC(C)=O)[C@H](C)[C@@H](O[C@@H]2O[C@H](C)[C@@H](O[C@H]3C[C@@](C)(O)[C@@H](OC(=O)CC(C)C)[C@H](C)O3)[C@H](N(C)C)[C@H]2OC(=O)c2ccccc2O)[C@@H](CC=O)C[C@@H](C)C(=O)/C=C/C(C)=C/[C@@H]1CO[C@@H]1O[C@H](C)[C@@H](O)[C@@H](OC)[C@H]1OC,True,,-1.042,-2.012974262237549,-2.6347692012786865,-1.5042328834533691,34,12,22,1
tylvalosin,Tylvalosin (Ì©Íò¾úËØ),REF_TYLVALOSIN,repository_reference,O53_attached_to_C27,53,27,C,MPM00328,3-Pyridinecarboxylic acid,O=C(O)c1cccnc1,1,CC[C@H]1OC(=O)C[C@@H](OC(C)=O)[C@H](C)[C@@H](O[C@@H]2O[C@H](C)[C@@H](O[C@H]3C[C@@](C)(O)[C@@H](OC(=O)CC(C)C)[C@H](C)O3)[C@H](N(C)C)[C@H]2OC(=O)c2cccnc2)[C@@H](CC=O)C[C@@H](C)C(=O)/C=C/C(C)=C/[C@@H]1CO[C@@H]1O[C@H](C)[C@@H](O)[C@@H](OC)[C@H]1OC,CC[C@H]1OC(=O)C[C@@H](OC(C)=O)[C@H](C)[C@@H](O[C@@H]2O[C@H](C)[C@@H](O[C@H]3C[C@@](C)(O)[C@@H](OC(=O)CC(C)C)[C@H](C)O3)[C@H](N(C)C)[C@H]2OC(=O)c2cccnc2)[C@@H](CC=O)C[C@@H](C)C(=O)/C=C/C(C)=C/[C@@H]1CO[C@@H]1O[C@H](C)[C@@H](O)[C@@H](OC)[C@H]1OC,True,,-1.091,-1.9914947748184204,-2.620225191116333,-1.4770785570144653,35,13,22,1
tylvalosin,Tylvalosin (Ì©Íò¾úËØ),REF_TYLVALOSIN,repository_reference,O53_attached_to_C27,53,27,C,MPM00585,Dihydro-L-orotic acid,O=C1CC(C(=O)O)NC(=O)N1,1,CC[C@H]1OC(=O)C[C@@H](OC(C)=O)[C@H](C)[C@@H](O[C@@H]2O[C@H](C)[C@@H](O[C@H]3C[C@@](C)(O)[C@@H](OC(=O)CC(C)C)[C@H](C)O3)[C@H](N(C)C)[C@H]2OC(=O)C2CC(=O)NC(=O)N2)[C@@H](CC=O)C[C@@H](C)C(=O)/C=C/C(C)=C/[C@@H]1CO[C@@H]1O[C@H](C)[C@@H](O)[C@@H](OC)[C@H]1OC,CC[C@H]1OC(=O)C[C@@H](OC(C)=O)[C@H](C)[C@@H](O[C@@H]2O[C@H](C)[C@@H](O[C@H]3C[C@@](C)(O)[C@@H](OC(=O)CC(C)C)[C@H](C)O3)[C@H](N(C)C)[C@H]2OC(=O)C2CC(=O)NC(=O)N2)[C@@H](CC=O)C[C@@H](C)C(=O)/C=C/C(C)=C/[C@@H]1CO[C@@H]1O[C@H](C)[C@@H](O)[C@@H](OC)[C@H]1OC,True,,-1.765,-2.7201571464538574,-3.398844003677368,-2.164867639541626,28,9,19,1
tylvalosin,Tylvalosin (Ì©Íò¾úËØ),REF_TYLVALOSIN,repository_reference,O53_attached_to_C27,53,27,C,MPM00381,5-Dehydroquinic acid,O=C1CC(O)(C(=O)O)CC(O)C1O,1,CC[C@H]1OC(=O)C[C@@H](OC(C)=O)[C@H](C)[C@@H](O[C@@H]2O[C@H](C)[C@@H](O[C@H]3C[C@@](C)(O)[C@@H](OC(=O)CC(C)C)[C@H](C)O3)[C@H](N(C)C)[C@H]2OC(=O)C2(O)CC(=O)C(O)C(O)C2)[C@@H](CC=O)C[C@@H](C)C(=O)/C=C/C(C)=C/[C@@H]1CO[C@@H]1O[C@H](C)[C@@H](O)[C@@H](OC)[C@H]1OC,CC[C@H]1OC(=O)C[C@@H](OC(C)=O)[C@H](C)[C@@H](O[C@@H]2O[C@H](C)[C@@H](O[C@H]3C[C@@](C)(O)[C@@H](OC(=O)CC(C)C)[C@H](C)O3)[C@H](N(C)C)[C@H]2OC(=O)C2(O)CC(=O)C(O)C(O)C2)[C@@H](CC=O)C[C@@H](C)C(=O)/C=C/C(C)=C/[C@@H]1CO[C@@H]1O[C@H](C)[C@@H](O)[C@@H](OC)[C@H]1OC,True,,-2.239,-1.8659839630126953,-2.425461769104004,-1.408229112625122,37,15,22,1
tylvalosin,Tylvalosin (Ì©Íò¾úËØ),REF_TYLVALOSIN,repository_reference,O53_attached_to_C27,53,27,C,MPM00679,Glyoxylic acid,O=CC(=O)O,1,CC[C@H]1OC(=O)C[C@@H](OC(C)=O)[C@H](C)[C@@H](O[C@@H]2O[C@H](C)[C@@H](O[C@H]3C[C@@](C)(O)[C@@H](OC(=O)CC(C)C)[C@H](C)O3)[C@H](N(C)C)[C@H]2OC(=O)C=O)[C@@H](CC=O)C[C@@H](C)C(=O)/C=C/C(C)=C/[C@@H]1CO[C@@H]1O[C@H](C)[C@@H](O)[C@@H](OC)[C@H]1OC,CC[C@H]1OC(=O)C[C@@H](OC(C)=O)[C@H](C)[C@@H](O[C@@H]2O[C@H](C)[C@@H](O[C@H]3C[C@@](C)(O)[C@@H](OC(=O)CC(C)C)[C@H](C)O3)[C@H](N(C)C)[C@H]2OC(=O)C=O)[C@@H](CC=O)C[C@@H](C)C(=O)/C=C/C(C)=C/[C@@H]1CO[C@@H]1O[C@H](C)[C@@H](O)[C@@H](OC)[C@H]1OC,True,,-1.301,-2.97355318069458,-3.640805244445801,-2.427619457244873,23,6,17,1
tylvalosin,Tylvalosin (Ì©Íò¾úËØ),REF_TYLVALOSIN,repository_reference,O53_attached_to_C27,53,27,C,MPM00965,Tartronate semialdehyde,O=CC(O)C(=O)O,1,CC[C@H]1OC(=O)C[C@@H](OC(C)=O)[C@H](C)[C@@H](O[C@@H]2O[C@H](C)[C@@H](O[C@H]3C[C@@](C)(O)[C@@H](OC(=O)CC(C)C)[C@H](C)O3)[C@H](N(C)C)[C@H]2OC(=O)C(O)C=O)[C@@H](CC=O)C[C@@H](C)C(=O)/C=C/C(C)=C/[C@@H]1CO[C@@H]1O[C@H](C)[C@@H](O)[C@@H](OC)[C@H]1OC,CC[C@H]1OC(=O)C[C@@H](OC(C)=O)[C@H](C)[C@@H](O[C@@H]2O[C@H](C)[C@@H](O[C@H]3C[C@@](C)(O)[C@@H](OC(=O)CC(C)C)[C@H](C)O3)[C@H](N(C)C)[C@H]2OC(=O)C(O)C=O)[C@@H](CC=O)C[C@@H](C)C(=O)/C=C/C(C)=C/[C@@H]1CO[C@@H]1O[C@H](C)[C@@H](O)[C@@H](OC)[C@H]1OC,True,,-1.493,-3.2089335918426514,-3.786317825317383,-2.7365291118621826,16,2,14,1
tylvalosin,Tylvalosin (Ì©Íò¾úËØ),REF_TYLVALOSIN,repository_reference,O53_attached_to_C27,53,27,C,MPM00768,Malonate semialdehyde,O=CCC(=O)O,1,CC[C@H]1OC(=O)C[C@@H](OC(C)=O)[C@H](C)[C@@H](O[C@@H]2O[C@H](C)[C@@H](O[C@H]3C[C@@](C)(O)[C@@H](OC(=O)CC(C)C)[C@H](C)O3)[C@H](N(C)C)[C@H]2OC(=O)CC=O)[C@@H](CC=O)C[C@@H](C)C(=O)/C=C/C(C)=C/[C@@H]1CO[C@@H]1O[C@H](C)[C@@H](O)[C@@H](OC)[C@H]1OC,CC[C@H]1OC(=O)C[C@@H](OC(C)=O)[C@H](C)[C@@H](O[C@@H]2O[C@H](C)[C@@H](O[C@H]3C[C@@](C)(O)[C@@H](OC(=O)CC(C)C)[C@H](C)O3)[C@H](N(C)C)[C@H]2OC(=O)CC=O)[C@@H](CC=O)C[C@@H](C)C(=O)/C=C/C(C)=C/[C@@H]1CO[C@@H]1O[C@H](C)[C@@H](O)[C@@H](OC)[C@H]1OC,True,,-1.572,-2.0819954872131348,-2.5747385025024414,-1.6788420677185059,35,14,21,1
tylvalosin,Tylvalosin (Ì©Íò¾úËØ),REF_TYLVALOSIN,repository_reference,O53_attached_to_C27,53,27,C,MPM00359,4-Oxobutanoate,O=CCCC(=O)O,1,CC[C@H]1OC(=O)C[C@@H](OC(C)=O)[C@H](C)[C@@H](O[C@@H]2O[C@H](C)[C@@H](O[C@H]3C[C@@](C)(O)[C@@H](OC(=O)CC(C)C)[C@H](C)O3)[C@H](N(C)C)[C@H]2OC(=O)CCC=O)[C@@H](CC=O)C[C@@H](C)C(=O)/C=C/C(C)=C/[C@@H]1CO[C@@H]1O[C@H](C)[C@@H](O)[C@@H](OC)[C@H]1OC,CC[C@H]1OC(=O)C[C@@H](OC(C)=O)[C@H](C)[C@@H](O[C@@H]2O[C@H](C)[C@@H](O[C@H]3C[C@@](C)(O)[C@@H](OC(=O)CC(C)C)[C@H](C)O3)[C@H](N(C)C)[C@H]2OC(=O)CCC=O)[C@@H](CC=O)C[C@@H](C)C(=O)/C=C/C(C)=C/[C@@H]1CO[C@@H]1O[C@H](C)[C@@H](O)[C@@H](OC)[C@H]1OC,True,,-1.834,-2.965155839920044,-3.6160829067230225,-2.4325788021087646,25,8,17,1
tylvalosin,Tylvalosin (Ì©Íò¾úËØ),REF_TYLVALOSIN,repository_reference,O68_attached_to_C64,68,64,C,MPM00863,PEP,C=C(OP(=O)(O)O)C(=O)O,1,C=C(OP(=O)(O)O)C(=O)O[C@H]1[C@@H](OC)[C@@H](OC)[C@H](OC[C@H]2/C=C(C)/C=C/C(=O)[C@H](C)C[C@H](CC=O)[C@H](O[C@@H]3O[C@H](C)[C@@H](O[C@H]4C[C@@](C)(O)[C@@H](OC(=O)CC(C)C)[C@H](C)O4)[C@H](N(C)C)[C@H]3O)[C@@H](C)[C@H](OC(C)=O)CC(=O)O[C@@H]2CC)O[C@@H]1C,C=C(OP(=O)(O)O)C(=O)O[C@H]1[C@@H](OC)[C@@H](OC)[C@H](OC[C@H]2/C=C(C)/C=C/C(=O)[C@H](C)C[C@H](CC=O)[C@H](O[C@@H]3O[C@H](C)[C@@H](O[C@H]4C[C@@](C)(O)[C@@H](OC(=O)CC(C)C)[C@H](C)O4)[C@H](N(C)C)[C@H]3O)[C@@H](C)[C@H](OC(C)=O)CC(=O)O[C@@H]2CC)O[C@@H]1C,True,,-1.729,-1.8491814136505127,-2.375955581665039,-1.4181842803955078,37,15,22,1
tylvalosin,Tylvalosin (Ì©Íò¾úËØ),REF_TYLVALOSIN,repository_reference,O68_attached_to_C64,68,64,C,MPM00921,Pyroracemic acid,CC(=O)C(=O)O,1,CC[C@H]1OC(=O)C[C@@H](OC(C)=O)[C@H](C)[C@@H](O[C@@H]2O[C@H](C)[C@@H](O[C@H]3C[C@@](C)(O)[C@@H](OC(=O)CC(C)C)[C@H](C)O3)[C@H](N(C)C)[C@H]2O)[C@@H](CC=O)C[C@@H](C)C(=O)/C=C/C(C)=C/[C@@H]1CO[C@@H]1O[C@H](C)[C@@H](OC(=O)C(C)=O)[C@@H](OC)[C@H]1OC,CC[C@H]1OC(=O)C[C@@H](OC(C)=O)[C@H](C)[C@@H](O[C@@H]2O[C@H](C)[C@@H](O[C@H]3C[C@@](C)(O)[C@@H](OC(=O)CC(C)C)[C@H](C)O3)[C@H](N(C)C)[C@H]2O)[C@@H](CC=O)C[C@@H](C)C(=O)/C=C/C(C)=C/[C@@H]1CO[C@@H]1O[C@H](C)[C@@H](OC(=O)C(C)=O)[C@@H](OC)[C@H]1OC,True,,-1.518,-2.3831989765167236,-2.951432466506958,-1.9182807207107544,32,12,20,1
tylvalosin,Tylvalosin (Ì©Íò¾úËØ),REF_TYLVALOSIN,repository_reference,O68_attached_to_C64,68,64,C,MPM00036,(2S)-2-Hydroxy-2-methyl-3-oxobutanoate,CC(=O)C(C)(O)C(=O)O,1,CC[C@H]1OC(=O)C[C@@H](OC(C)=O)[C@H](C)[C@@H](O[C@@H]2O[C@H](C)[C@@H](O[C@H]3C[C@@](C)(O)[C@@H](OC(=O)CC(C)C)[C@H](C)O3)[C@H](N(C)C)[C@H]2O)[C@@H](CC=O)C[C@@H](C)C(=O)/C=C/C(C)=C/[C@@H]1CO[C@@H]1O[C@H](C)[C@@H](OC(=O)C(C)(O)C(C)=O)[C@@H](OC)[C@H]1OC,CC[C@H]1OC(=O)C[C@@H](OC(C)=O)[C@H](C)[C@@H](O[C@@H]2O[C@H](C)[C@@H](O[C@H]3C[C@@](C)(O)[C@@H](OC(=O)CC(C)C)[C@H](C)O3)[C@H](N(C)C)[C@H]2O)[C@@H](CC=O)C[C@@H](C)C(=O)/C=C/C(C)=C/[C@@H]1CO[C@@H]1O[C@H](C)[C@@H](OC(=O)C(C)(O)C(C)=O)[C@@H](OC)[C@H]1OC,True,,-2.19,-1.8379707336425781,-2.3795480728149414,-1.394862174987793,37,15,22,1
tylvalosin,Tylvalosin (Ì©Íò¾úËØ),REF_TYLVALOSIN,repository_reference,O68_attached_to_C64,68,64,C,MPM01075,(S)-2-Amino-3-oxobutanoic acid,CC(=O)C(N)C(=O)O,1,CC[C@H]1OC(=O)C[C@@H](OC(C)=O)[C@H](C)[C@@H](O[C@@H]2O[C@H](C)[C@@H](O[C@H]3C[C@@](C)(O)[C@@H](OC(=O)CC(C)C)[C@H](C)O3)[C@H](N(C)C)[C@H]2O)[C@@H](CC=O)C[C@@H](C)C(=O)/C=C/C(C)=C/[C@@H]1CO[C@@H]1O[C@H](C)[C@@H](OC(=O)C(N)C(C)=O)[C@@H](OC)[C@H]1OC,CC[C@H]1OC(=O)C[C@@H](OC(C)=O)[C@H](C)[C@@H](O[C@@H]2O[C@H](C)[C@@H](O[C@H]3C[C@@](C)(O)[C@@H](OC(=O)CC(C)C)[C@H](C)O3)[C@H](N(C)C)[C@H]2O)[C@@H](CC=O)C[C@@H](C)C(=O)/C=C/C(C)=C/[C@@H]1CO[C@@H]1O[C@H](C)[C@@H](OC(=O)C(N)C(C)=O)[C@@H](OC)[C@H]1OC,True,,-1.476,-1.8496967554092407,-2.4405391216278076,-1.366280198097229,36,15,21,1
tylvalosin,Tylvalosin (Ì©Íò¾úËØ),REF_TYLVALOSIN,repository_reference,O68_attached_to_C64,68,64,C,MPM00419,Acetoacetic acid,CC(=O)CC(=O)O,1,CC[C@H]1OC(=O)C[C@@H](OC(C)=O)[C@H](C)[C@@H](O[C@@H]2O[C@H](C)[C@@H](O[C@H]3C[C@@](C)(O)[C@@H](OC(=O)CC(C)C)[C@H](C)O3)[C@H](N(C)C)[C@H]2O)[C@@H](CC=O)C[C@@H](C)C(=O)/C=C/C(C)=C/[C@@H]1CO[C@@H]1O[C@H](C)[C@@H](OC(=O)CC(C)=O)[C@@H](OC)[C@H]1OC,CC[C@H]1OC(=O)C[C@@H](OC(C)=O)[C@H](C)[C@@H](O[C@@H]2O[C@H](C)[C@@H](O[C@H]3C[C@@](C)(O)[C@@H](OC(=O)CC(C)C)[C@H](C)O3)[C@H](N(C)C)[C@H]2O)[C@@H](CC=O)C[C@@H](C)C(=O)/C=C/C(C)=C/[C@@H]1CO[C@@H]1O[C@H](C)[C@@H](OC(=O)CC(C)=O)[C@@H](OC)[C@H]1OC,True,,-1.632,-1.9898837804794312,-2.5461037158966064,-1.5347946882247925,34,14,20,1
tylvalosin,Tylvalosin (Ì©Íò¾úËØ),REF_TYLVALOSIN,repository_reference,O68_attached_to_C64,68,64,C,MPM00188,2-Acetamido-5-oxopentanoate,CC(=O)NC(CCC=O)C(=O)O,1,CC[C@H]1OC(=O)C[C@@H](OC(C)=O)[C@H](C)[C@@H](O[C@@H]2O[C@H](C)[C@@H](O[C@H]3C[C@@](C)(O)[C@@H](OC(=O)CC(C)C)[C@H](C)O3)[C@H](N(C)C)[C@H]2O)[C@@H](CC=O)C[C@@H](C)C(=O)/C=C/C(C)=C/[C@@H]1CO[C@@H]1O[C@H](C)[C@@H](OC(=O)C(CCC=O)NC(C)=O)[C@@H](OC)[C@H]1OC,CC[C@H]1OC(=O)C[C@@H](OC(C)=O)[C@H](C)[C@@H](O[C@@H]2O[C@H](C)[C@@H](O[C@H]3C[C@@](C)(O)[C@@H](OC(=O)CC(C)C)[C@H](C)O3)[C@H](N(C)C)[C@H]2O)[C@@H](CC=O)C[C@@H](C)C(=O)/C=C/C(C)=C/[C@@H]1CO[C@@H]1O[C@H](C)[C@@H](OC(=O)C(CCC=O)NC(C)=O)[C@@H](OC)[C@H]1OC,True,,-2.185,-1.9229037761688232,-2.4787817001342773,-1.4680947065353394,35,14,21,1
tylvalosin,Tylvalosin (Ì©Íò¾úËØ),REF_TYLVALOSIN,repository_reference,O68_attached_to_C64,68,64,C,MPM01517,N2-Acetyl-L-ornithine,CC(=O)NC(CCCN)C(=O)O,1,CC[C@H]1OC(=O)C[C@@H](OC(C)=O)[C@H](C)[C@@H](O[C@@H]2O[C@H](C)[C@@H](O[C@H]3C[C@@](C)(O)[C@@H](OC(=O)CC(C)C)[C@H](C)O3)[C@H](N(C)C)[C@H]2O)[C@@H](CC=O)C[C@@H](C)C(=O)/C=C/C(C)=C/[C@@H]1CO[C@@H]1O[C@H](C)[C@@H](OC(=O)C(CCCN)NC(C)=O)[C@@H](OC)[C@H]1OC,CC[C@H]1OC(=O)C[C@@H](OC(C)=O)[C@H](C)[C@@H](O[C@@H]2O[C@H](C)[C@@H](O[C@H]3C[C@@](C)(O)[C@@H](OC(=O)CC(C)C)[C@H](C)O3)[C@H](N(C)C)[C@H]2O)[C@@H](CC=O)C[C@@H](C)C(=O)/C=C/C(C)=C/[C@@H]1CO[C@@H]1O[C@H](C)[C@@H](OC(=O)C(CCCN)NC(C)=O)[C@@H](OC)[C@H]1OC,True,,-1.507,-1.7158963680267334,-2.291085720062256,-1.2452863454818726,36,15,21,1
tylvalosin,Tylvalosin (Ì©Íò¾úËØ),REF_TYLVALOSIN,repository_reference,O68_attached_to_C64,68,64,C,MPM00819,Neu5Ac,CC(=O)NC1C(O)CC(O)(C(=O)O)OC1C(O)C(O)CO,1,CC[C@H]1OC(=O)C[C@@H](OC(C)=O)[C@H](C)[C@@H](O[C@@H]2O[C@H](C)[C@@H](O[C@H]3C[C@@](C)(O)[C@@H](OC(=O)CC(C)C)[C@H](C)O3)[C@H](N(C)C)[C@H]2O)[C@@H](CC=O)C[C@@H](C)C(=O)/C=C/C(C)=C/[C@@H]1CO[C@@H]1O[C@H](C)[C@@H](OC(=O)C2(O)CC(O)C(NC(C)=O)C(C(O)C(O)CO)O2)[C@@H](OC)[C@H]1OC,CC[C@H]1OC(=O)C[C@@H](OC(C)=O)[C@H](C)[C@@H](O[C@@H]2O[C@H](C)[C@@H](O[C@H]3C[C@@](C)(O)[C@@H](OC(=O)CC(C)C)[C@H](C)O3)[C@H](N(C)C)[C@H]2O)[C@@H](CC=O)C[C@@H](C)C(=O)/C=C/C(C)=C/[C@@H]1CO[C@@H]1O[C@H](C)[C@@H](OC(=O)C2(O)CC(O)C(NC(C)=O)C(C(O)C(O)CO)O2)[C@@H](OC)[C@H]1OC,True,,-2.981,-1.6751145124435425,-2.209078550338745,-1.2382347583770752,37,16,21,1
tylvalosin,Tylvalosin (Ì©Íò¾úËØ),REF_TYLVALOSIN,repository_reference,O68_attached_to_C64,68,64,C,MPM00806,N-Acetyl-D-muramoate,CC(=O)NC1C(O)OC(CO)C(O)C1OC(C)C(=O)O,1,CC[C@H]1OC(=O)C[C@@H](OC(C)=O)[C@H](C)[C@@H](O[C@@H]2O[C@H](C)[C@@H](O[C@H]3C[C@@](C)(O)[C@@H](OC(=O)CC(C)C)[C@H](C)O3)[C@H](N(C)C)[C@H]2O)[C@@H](CC=O)C[C@@H](C)C(=O)/C=C/C(C)=C/[C@@H]1CO[C@@H]1O[C@H](C)[C@@H](OC(=O)C(C)OC2C(O)C(CO)OC(O)C2NC(C)=O)[C@@H](OC)[C@H]1OC,CC[C@H]1OC(=O)C[C@@H](OC(C)=O)[C@H](C)[C@@H](O[C@@H]2O[C@H](C)[C@@H](O[C@H]3C[C@@](C)(O)[C@@H](OC(=O)CC(C)C)[C@H](C)O3)[C@H](N(C)C)[C@H]2O)[C@@H](CC=O)C[C@@H](C)C(=O)/C=C/C(C)=C/[C@@H]1CO[C@@H]1O[C@H](C)[C@@H](OC(=O)C(C)OC2C(O)C(CO)OC(O)C2NC(C)=O)[C@@H](OC)[C@H]1OC,True,,-2.62,-1.430579662322998,-1.9138537645339966,-1.0351732969284058,38,16,22,1
tylvalosin,Tylvalosin (Ì©Íò¾úËØ),REF_TYLVALOSIN,repository_reference,O68_attached_to_C64,68,64,C,MPM00632,Ethanoic acid,CC(=O)O,1,CC[C@H]1OC(=O)C[C@@H](OC(C)=O)[C@H](C)[C@@H](O[C@@H]2O[C@H](C)[C@@H](O[C@H]3C[C@@](C)(O)[C@@H](OC(=O)CC(C)C)[C@H](C)O3)[C@H](N(C)C)[C@H]2O)[C@@H](CC=O)C[C@@H](C)C(=O)/C=C/C(C)=C/[C@@H]1CO[C@@H]1O[C@H](C)[C@@H](OC(C)=O)[C@@H](OC)[C@H]1OC,CC[C@H]1OC(=O)C[C@@H](OC(C)=O)[C@H](C)[C@@H](O[C@@H]2O[C@H](C)[C@@H](O[C@H]3C[C@@](C)(O)[C@@H](OC(=O)CC(C)C)[C@H](C)O3)[C@H](N(C)C)[C@H]2O)[C@@H](CC=O)C[C@@H](C)C(=O)/C=C/C(C)=C/[C@@H]1CO[C@@H]1O[C@H](C)[C@@H](OC(C)=O)[C@@H](OC)[C@H]1OC,True,,-1.563,-2.027284622192383,-2.604464054107666,-1.5550469160079956,33,13,20,1
tylvalosin,Tylvalosin (Ì©Íò¾úËØ),REF_TYLVALOSIN,repository_reference,O68_attached_to_C64,68,64,C,MPM01530,O3-Acetyl-L-serine,CC(=O)OCC(N)C(=O)O,1,CC[C@H]1OC(=O)C[C@@H](OC(C)=O)[C@H](C)[C@@H](O[C@@H]2O[C@H](C)[C@@H](O[C@H]3C[C@@](C)(O)[C@@H](OC(=O)CC(C)C)[C@H](C)O3)[C@H](N(C)C)[C@H]2O)[C@@H](CC=O)C[C@@H](C)C(=O)/C=C/C(C)=C/[C@@H]1CO[C@@H]1O[C@H](C)[C@@H](OC(=O)C(N)COC(C)=O)[C@@H](OC)[C@H]1OC,CC[C@H]1OC(=O)C[C@@H](OC(C)=O)[C@H](C)[C@@H](O[C@@H]2O[C@H](C)[C@@H](O[C@H]3C[C@@](C)(O)[C@@H](OC(=O)CC(C)C)[C@H](C)O3)[C@H](N(C)C)[C@H]2O)[C@@H](CC=O)C[C@@H](C)C(=O)/C=C/C(C)=C/[C@@H]1CO[C@@H]1O[C@H](C)[C@@H](OC(=O)C(N)COC(C)=O)[C@@H](OC)[C@H]1OC,True,,-1.334,-1.744943618774414,-2.3309850692749023,-1.2654551267623901,37,15,22,1
tylvalosin,Tylvalosin (Ì©Íò¾úËØ),REF_TYLVALOSIN,repository_reference,O68_attached_to_C64,68,64,C,MPM01531,O-Acetylhomoserine,CC(=O)OCCC(N)C(=O)O,1,CC[C@H]1OC(=O)C[C@@H](OC(C)=O)[C@H](C)[C@@H](O[C@@H]2O[C@H](C)[C@@H](O[C@H]3C[C@@](C)(O)[C@@H](OC(=O)CC(C)C)[C@H](C)O3)[C@H](N(C)C)[C@H]2O)[C@@H](CC=O)C[C@@H](C)C(=O)/C=C/C(C)=C/[C@@H]1CO[C@@H]1O[C@H](C)[C@@H](OC(=O)C(N)CCOC(C)=O)[C@@H](OC)[C@H]1OC,CC[C@H]1OC(=O)C[C@@H](OC(C)=O)[C@H](C)[C@@H](O[C@@H]2O[C@H](C)[C@@H](O[C@H]3C[C@@](C)(O)[C@@H](OC(=O)CC(C)C)[C@H](C)O3)[C@H](N(C)C)[C@H]2O)[C@@H](CC=O)C[C@@H](C)C(=O)/C=C/C(C)=C/[C@@H]1CO[C@@H]1O[C@H](C)[C@@H](OC(=O)C(N)CCOC(C)=O)[C@@H](OC)[C@H]1OC,True,,-1.524,-1.7572847604751587,-2.330435276031494,-1.288343906402588,37,16,21,1
tylvalosin,Tylvalosin (Ì©Íò¾úËØ),REF_TYLVALOSIN,repository_reference,O68_attached_to_C64,68,64,C,MPM00396,6-Acetylthiohexanoic acid,CC(=O)SCCCCCC(=O)O,1,CC[C@H]1OC(=O)C[C@@H](OC(C)=O)[C@H](C)[C@@H](O[C@@H]2O[C@H](C)[C@@H](O[C@H]3C[C@@](C)(O)[C@@H](OC(=O)CC(C)C)[C@H](C)O3)[C@H](N(C)C)[C@H]2O)[C@@H](CC=O)C[C@@H](C)C(=O)/C=C/C(C)=C/[C@@H]1CO[C@@H]1O[C@H](C)[C@@H](OC(=O)CCCCCSC(C)=O)[C@@H](OC)[C@H]1OC,CC[C@H]1OC(=O)C[C@@H](OC(C)=O)[C@H](C)[C@@H](O[C@@H]2O[C@H](C)[C@@H](O[C@H]3C[C@@](C)(O)[C@@H](OC(=O)CC(C)C)[C@H](C)O3)[C@H](N(C)C)[C@H]2O)[C@@H](CC=O)C[C@@H](C)C(=O)/C=C/C(C)=C/[C@@H]1CO[C@@H]1O[C@H](C)[C@@H](OC(=O)CCCCCSC(C)=O)[C@@H](OC)[C@H]1OC,True,,-2.549,-1.4255791902542114,-1.9622306823730469,-0.9865006804466248,38,16,22,1
tylvalosin,Tylvalosin (Ì©Íò¾úËØ),REF_TYLVALOSIN,repository_reference,O68_attached_to_C64,68,64,C,MPM00215,2-Dehydropantoate,CC(C)(CO)C(=O)C(=O)O,1,CC[C@H]1OC(=O)C[C@@H](OC(C)=O)[C@H](C)[C@@H](O[C@@H]2O[C@H](C)[C@@H](O[C@H]3C[C@@](C)(O)[C@@H](OC(=O)CC(C)C)[C@H](C)O3)[C@H](N(C)C)[C@H]2O)[C@@H](CC=O)C[C@@H](C)C(=O)/C=C/C(C)=C/[C@@H]1CO[C@@H]1O[C@H](C)[C@@H](OC(=O)C(=O)C(C)(C)CO)[C@@H](OC)[C@H]1OC,CC[C@H]1OC(=O)C[C@@H](OC(C)=O)[C@H](C)[C@@H](O[C@@H]2O[C@H](C)[C@@H](O[C@H]3C[C@@](C)(O)[C@@H](OC(=O)CC(C)C)[C@H](C)O3)[C@H](N(C)C)[C@H]2O)[C@@H](CC=O)C[C@@H](C)C(=O)/C=C/C(C)=C/[C@@H]1CO[C@@H]1O[C@H](C)[C@@H](OC(=O)C(=O)C(C)(C)CO)[C@@H](OC)[C@H]1OC,True,,-1.398,-1.9806392192840576,-2.549492835998535,-1.515213131904602,36,14,22,1
tylvalosin,Tylvalosin (Ì©Íò¾úËØ),REF_TYLVALOSIN,repository_reference,O68_attached_to_C64,68,64,C,MPM00831,N-Pantothenoylcysteine,CC(C)(CO)C(O)C(=O)NCCC(=O)NC(CS)C(=O)O,1,CC[C@H]1OC(=O)C[C@@H](OC(C)=O)[C@H](C)[C@@H](O[C@@H]2O[C@H](C)[C@@H](O[C@H]3C[C@@](C)(O)[C@@H](OC(=O)CC(C)C)[C@H](C)O3)[C@H](N(C)C)[C@H]2O)[C@@H](CC=O)C[C@@H](C)C(=O)/C=C/C(C)=C/[C@@H]1CO[C@@H]1O[C@H](C)[C@@H](OC(=O)C(CS)NC(=O)CCNC(=O)C(O)C(C)(C)CO)[C@@H](OC)[C@H]1OC,CC[C@H]1OC(=O)C[C@@H](OC(C)=O)[C@H](C)[C@@H](O[C@@H]2O[C@H](C)[C@@H](O[C@H]3C[C@@](C)(O)[C@@H](OC(=O)CC(C)C)[C@H](C)O3)[C@H](N(C)C)[C@H]2O)[C@@H](CC=O)C[C@@H](C)C(=O)/C=C/C(C)=C/[C@@H]1CO[C@@H]1O[C@H](C)[C@@H](OC(=O)C(CS)NC(=O)CCNC(=O)C(O)C(C)(C)CO)[C@@H](OC)[C@H]1OC,True,,-3.379,-1.6172527074813843,-2.167952537536621,-1.1666804552078247,38,16,22,1
tylvalosin,Tylvalosin (Ì©Íò¾úËØ),REF_TYLVALOSIN,repository_reference,O68_attached_to_C64,68,64,C,MPM00087,(R)-Pantothenate,CC(C)(CO)C(O)C(=O)NCCC(=O)O,1,CC[C@H]1OC(=O)C[C@@H](OC(C)=O)[C@H](C)[C@@H](O[C@@H]2O[C@H](C)[C@@H](O[C@H]3C[C@@](C)(O)[C@@H](OC(=O)CC(C)C)[C@H](C)O3)[C@H](N(C)C)[C@H]2O)[C@@H](CC=O)C[C@@H](C)C(=O)/C=C/C(C)=C/[C@@H]1CO[C@@H]1O[C@H](C)[C@@H](OC(=O)CCNC(=O)C(O)C(C)(C)CO)[C@@H](OC)[C@H]1OC,CC[C@H]1OC(=O)C[C@@H](OC(C)=O)[C@H](C)[C@@H](O[C@@H]2O[C@H](C)[C@@H](O[C@H]3C[C@@](C)(O)[C@@H](OC(=O)CC(C)C)[C@H](C)O3)[C@H](N(C)C)[C@H]2O)[C@@H](CC=O)C[C@@H](C)C(=O)/C=C/C(C)=C/[C@@H]1CO[C@@H]1O[C@H](C)[C@@H](OC(=O)CCNC(=O)C(O)C(C)(C)CO)[C@@H](OC)[C@H]1OC,True,,-1.807,-1.5871132612228394,-2.1788172721862793,-1.1029918193817139,37,15,22,1
tylvalosin,Tylvalosin (Ì©Íò¾úËØ),REF_TYLVALOSIN,repository_reference,O68_attached_to_C64,68,64,C,MPM00080,(R)-4'-Phosphopantothenate,CC(C)(COP(=O)(O)O)C(O)C(=O)NCCC(=O)O,1,CC[C@H]1OC(=O)C[C@@H](OC(C)=O)[C@H](C)[C@@H](O[C@@H]2O[C@H](C)[C@@H](O[C@H]3C[C@@](C)(O)[C@@H](OC(=O)CC(C)C)[C@H](C)O3)[C@H](N(C)C)[C@H]2O)[C@@H](CC=O)C[C@@H](C)C(=O)/C=C/C(C)=C/[C@@H]1CO[C@@H]1O[C@H](C)[C@@H](OC(=O)CCNC(=O)C(O)C(C)(C)COP(=O)(O)O)[C@@H](OC)[C@H]1OC,CC[C@H]1OC(=O)C[C@@H](OC(C)=O)[C@H](C)[C@@H](O[C@@H]2O[C@H](C)[C@@H](O[C@H]3C[C@@](C)(O)[C@@H](OC(=O)CC(C)C)[C@H](C)O3)[C@H](N(C)C)[C@H]2O)[C@@H](CC=O)C[C@@H](C)C(=O)/C=C/C(C)=C/[C@@H]1CO[C@@H]1O[C@H](C)[C@@H](OC(=O)CCNC(=O)C(O)C(C)(C)COP(=O)(O)O)[C@@H](OC)[C@H]1OC,True,,-2.208,-1.6323720216751099,-2.2190890312194824,-1.1523302793502808,38,16,22,1
tylvalosin,Tylvalosin (Ì©Íò¾úËØ),REF_TYLVALOSIN,repository_reference,O68_attached_to_C64,68,64,C,MPM00026,"(2R)-2,3-Dihydroxy-3-methylbutanoate",CC(C)(O)C(O)C(=O)O,1,CC[C@H]1OC(=O)C[C@@H](OC(C)=O)[C@H](C)[C@@H](O[C@@H]2O[C@H](C)[C@@H](O[C@H]3C[C@@](C)(O)[C@@H](OC(=O)CC(C)C)[C@H](C)O3)[C@H](N(C)C)[C@H]2O)[C@@H](CC=O)C[C@@H](C)C(=O)/C=C/C(C)=C/[C@@H]1CO[C@@H]1O[C@H](C)[C@@H](OC(=O)C(O)C(C)(C)O)[C@@H](OC)[C@H]1OC,CC[C@H]1OC(=O)C[C@@H](OC(C)=O)[C@H](C)[C@@H](O[C@@H]2O[C@H](C)[C@@H](O[C@H]3C[C@@](C)(O)[C@@H](OC(=O)CC(C)C)[C@H](C)O3)[C@H](N(C)C)[C@H]2O)[C@@H](CC=O)C[C@@H](C)C(=O)/C=C/C(C)=C/[C@@H]1CO[C@@H]1O[C@H](C)[C@@H](OC(=O)C(O)C(C)(C)O)[C@@H](OC)[C@H]1OC,True,,-1.937,-1.8579095602035522,-2.4039306640625,-1.4111649990081787,37,15,22,1
tylvalosin,Tylvalosin (Ì©Íò¾úËØ),REF_TYLVALOSIN,repository_reference,O68_attached_to_C64,68,64,C,MPM00242,2-Keto-3-methylbutyric acid,CC(C)C(=O)C(=O)O,1,CC[C@H]1OC(=O)C[C@@H](OC(C)=O)[C@H](C)[C@@H](O[C@@H]2O[C@H](C)[C@@H](O[C@H]3C[C@@](C)(O)[C@@H](OC(=O)CC(C)C)[C@H](C)O3)[C@H](N(C)C)[C@H]2O)[C@@H](CC=O)C[C@@H](C)C(=O)/C=C/C(C)=C/[C@@H]1CO[C@@H]1O[C@H](C)[C@@H](OC(=O)C(=O)C(C)C)[C@@H](OC)[C@H]1OC,CC[C@H]1OC(=O)C[C@@H](OC(C)=O)[C@H](C)[C@@H](O[C@@H]2O[C@H](C)[C@@H](O[C@H]3C[C@@](C)(O)[C@@H](OC(=O)CC(C)C)[C@H](C)O3)[C@H](N(C)C)[C@H]2O)[C@@H](CC=O)C[C@@H](C)C(=O)/C=C/C(C)=C/[C@@H]1CO[C@@H]1O[C@H](C)[C@@H](OC(=O)C(=O)C(C)C)[C@@H](OC)[C@H]1OC,True,,-1.58,-1.8240801095962524,-2.3518097400665283,-1.3923012018203735,36,14,22,1
tylvalosin,Tylvalosin (Ì©Íò¾úËØ),REF_TYLVALOSIN,repository_reference,O68_attached_to_C64,68,64,C,MPM00716,Isobutyrate,CC(C)C(=O)O,1,CC[C@H]1OC(=O)C[C@@H](OC(C)=O)[C@H](C)[C@@H](O[C@@H]2O[C@H](C)[C@@H](O[C@H]3C[C@@](C)(O)[C@@H](OC(=O)CC(C)C)[C@H](C)O3)[C@H](N(C)C)[C@H]2O)[C@@H](CC=O)C[C@@H](C)C(=O)/C=C/C(C)=C/[C@@H]1CO[C@@H]1O[C@H](C)[C@@H](OC(=O)C(C)C)[C@@H](OC)[C@H]1OC,CC[C@H]1OC(=O)C[C@@H](OC(C)=O)[C@H](C)[C@@H](O[C@@H]2O[C@H](C)[C@@H](O[C@H]3C[C@@](C)(O)[C@@H](OC(=O)CC(C)C)[C@H](C)O3)[C@H](N(C)C)[C@H]2O)[C@@H](CC=O)C[C@@H](C)C(=O)/C=C/C(C)=C/[C@@H]1CO[C@@H]1O[C@H](C)[C@@H](OC(=O)C(C)C)[C@@H](OC)[C@H]1OC,True,,-1.635,-1.7458187341690063,-2.2653470039367676,-1.32075035572052,37,15,22,1
tylvalosin,Tylvalosin (Ì©Íò¾úËØ),REF_TYLVALOSIN,repository_reference,O68_attached_to_C64,68,64,C,MPM01137,2-Amino-3-methylbutyric acid,CC(C)C(N)C(=O)O,1,CC[C@H]1OC(=O)C[C@@H](OC(C)=O)[C@H](C)[C@@H](O[C@@H]2O[C@H](C)[C@@H](O[C@H]3C[C@@](C)(O)[C@@H](OC(=O)CC(C)C)[C@H](C)O3)[C@H](N(C)C)[C@H]2O)[C@@H](CC=O)C[C@@H](C)C(=O)/C=C/C(C)=C/[C@@H]1CO[C@@H]1O[C@H](C)[C@@H](OC(=O)C(N)C(C)C)[C@@H](OC)[C@H]1OC,CC[C@H]1OC(=O)C[C@@H](OC(C)=O)[C@H](C)[C@@H](O[C@@H]2O[C@H](C)[C@@H](O[C@H]3C[C@@](C)(O)[C@@H](OC(=O)CC(C)C)[C@H](C)O3)[C@H](N(C)C)[C@H]2O)[C@@H](CC=O)C[C@@H](C)C(=O)/C=C/C(C)=C/[C@@H]1CO[C@@H]1O[C@H](C)[C@@H](OC(=O)C(N)C(C)C)[C@@H](OC)[C@H]1OC,True,,-1.613,-1.9503426551818848,-2.556549549102783,-1.4543547630310059,35,14,21,1
tylvalosin,Tylvalosin (Ì©Íò¾úËØ),REF_TYLVALOSIN,repository_reference,O68_attached_to_C64,68,64,C,MPM00260,2-Oxoisocaproate,CC(C)CC(=O)C(=O)O,1,CC[C@H]1OC(=O)C[C@@H](OC(C)=O)[C@H](C)[C@@H](O[C@@H]2O[C@H](C)[C@@H](O[C@H]3C[C@@](C)(O)[C@@H](OC(=O)CC(C)C)[C@H](C)O3)[C@H](N(C)C)[C@H]2O)[C@@H](CC=O)C[C@@H](C)C(=O)/C=C/C(C)=C/[C@@H]1CO[C@@H]1O[C@H](C)[C@@H](OC(=O)C(=O)CC(C)C)[C@@H](OC)[C@H]1OC,CC[C@H]1OC(=O)C[C@@H](OC(C)=O)[C@H](C)[C@@H](O[C@@H]2O[C@H](C)[C@@H](O[C@H]3C[C@@](C)(O)[C@@H](OC(=O)CC(C)C)[C@H](C)O3)[C@H](N(C)C)[C@H]2O)[C@@H](CC=O)C[C@@H](C)C(=O)/C=C/C(C)=C/[C@@H]1CO[C@@H]1O[C@H](C)[C@@H](OC(=O)C(=O)CC(C)C)[C@@H](OC)[C@H]1OC,True,,-1.809,-1.9998828172683716,-2.5706589221954346,-1.5328843593597412,35,14,21,1
tylvalosin,Tylvalosin (Ì©Íò¾úËØ),REF_TYLVALOSIN,repository_reference,O68_attached_to_C64,68,64,C,MPM00720,Isovalerate,CC(C)CC(=O)O,1,CC[C@H]1OC(=O)C[C@@H](OC(C)=O)[C@H](C)[C@@H](O[C@@H]2O[C@H](C)[C@@H](O[C@H]3C[C@@](C)(O)[C@@H](OC(=O)CC(C)C)[C@H](C)O3)[C@H](N(C)C)[C@H]2O)[C@@H](CC=O)C[C@@H](C)C(=O)/C=C/C(C)=C/[C@@H]1CO[C@@H]1O[C@H](C)[C@@H](OC(=O)CC(C)C)[C@@H](OC)[C@H]1OC,CC[C@H]1OC(=O)C[C@@H](OC(C)=O)[C@H](C)[C@@H](O[C@@H]2O[C@H](C)[C@@H](O[C@H]3C[C@@](C)(O)[C@@H](OC(=O)CC(C)C)[C@H](C)O3)[C@H](N(C)C)[C@H]2O)[C@@H](CC=O)C[C@@H](C)C(=O)/C=C/C(C)=C/[C@@H]1CO[C@@H]1O[C@H](C)[C@@H](OC(=O)CC(C)C)[C@@H](OC)[C@H]1OC,True,,-1.868,-1.8912547826766968,-2.4682259559631348,-1.4191875457763672,36,14,22,1
tylvalosin,Tylvalosin (Ì©Íò¾úËØ),REF_TYLVALOSIN,repository_reference,O68_attached_to_C64,68,64,C,MPM01055,(2S)-alpha-Leucine,CC(C)CC(N)C(=O)O,1,CC[C@H]1OC(=O)C[C@@H](OC(C)=O)[C@H](C)[C@@H](O[C@@H]2O[C@H](C)[C@@H](O[C@H]3C[C@@](C)(O)[C@@H](OC(=O)CC(C)C)[C@H](C)O3)[C@H](N(C)C)[C@H]2O)[C@@H](CC=O)C[C@@H](C)C(=O)/C=C/C(C)=C/[C@@H]1CO[C@@H]1O[C@H](C)[C@@H](OC(=O)C(N)CC(C)C)[C@@H](OC)[C@H]1OC,CC[C@H]1OC(=O)C[C@@H](OC(C)=O)[C@H](C)[C@@H](O[C@@H]2O[C@H](C)[C@@H](O[C@H]3C[C@@](C)(O)[C@@H](OC(=O)CC(C)C)[C@H](C)O3)[C@H](N(C)C)[C@H]2O)[C@@H](CC=O)C[C@@H](C)C(=O)/C=C/C(C)=C/[C@@H]1CO[C@@H]1O[C@H](C)[C@@H](OC(=O)C(N)CC(C)C)[C@@H](OC)[C@H]1OC,True,,-1.698,-1.9352390766143799,-2.538126230239868,-1.441967487335205,35,14,21,1
tylvalosin,Tylvalosin (Ì©Íò¾úËØ),REF_TYLVALOSIN,repository_reference,O68_attached_to_C64,68,64,C,MPM00737,l-Alanyl-l-leucine,CC(C)CC(NC(=O)C(C)N)C(=O)O,1,CC[C@H]1OC(=O)C[C@@H](OC(C)=O)[C@H](C)[C@@H](O[C@@H]2O[C@H](C)[C@@H](O[C@H]3C[C@@](C)(O)[C@@H](OC(=O)CC(C)C)[C@H](C)O3)[C@H](N(C)C)[C@H]2O)[C@@H](CC=O)C[C@@H](C)C(=O)/C=C/C(C)=C/[C@@H]1CO[C@@H]1O[C@H](C)[C@@H](OC(=O)C(CC(C)C)NC(=O)C(C)N)[C@@H](OC)[C@H]1OC,CC[C@H]1OC(=O)C[C@@H](OC(C)=O)[C@H](C)[C@@H](O[C@@H]2O[C@H](C)[C@@H](O[C@H]3C[C@@](C)(O)[C@@H](OC(=O)CC(C)C)[C@H](C)O3)[C@H](N(C)C)[C@H]2O)[C@@H](CC=O)C[C@@H](C)C(=O)/C=C/C(C)=C/[C@@H]1CO[C@@H]1O[C@H](C)[C@@H](OC(=O)C(CC(C)C)NC(=O)C(C)N)[C@@H](OC)[C@H]1OC,True,,-1.856,-1.9429233074188232,-2.557278871536255,-1.440268874168396,34,14,20,1
tylvalosin,Tylvalosin (Ì©Íò¾úËØ),REF_TYLVALOSIN,repository_reference,O68_attached_to_C64,68,64,C,MPM00675,Glycyl-L-leucine,CC(C)CC(NC(=O)CN)C(=O)O,1,CC[C@H]1OC(=O)C[C@@H](OC(C)=O)[C@H](C)[C@@H](O[C@@H]2O[C@H](C)[C@@H](O[C@H]3C[C@@](C)(O)[C@@H](OC(=O)CC(C)C)[C@H](C)O3)[C@H](N(C)C)[C@H]2O)[C@@H](CC=O)C[C@@H](C)C(=O)/C=C/C(C)=C/[C@@H]1CO[C@@H]1O[C@H](C)[C@@H](OC(=O)C(CC(C)C)NC(=O)CN)[C@@H](OC)[C@H]1OC,CC[C@H]1OC(=O)C[C@@H](OC(C)=O)[C@H](C)[C@@H](O[C@@H]2O[C@H](C)[C@@H](O[C@H]3C[C@@](C)(O)[C@@H](OC(=O)CC(C)C)[C@H](C)O3)[C@H](N(C)C)[C@H]2O)[C@@H](CC=O)C[C@@H](C)C(=O)/C=C/C(C)=C/[C@@H]1CO[C@@H]1O[C@H](C)[C@@H](OC(=O)C(CC(C)C)NC(=O)CN)[C@@H](OC)[C@H]1OC,True,,-1.479,-1.8723961114883423,-2.4839701652526855,-1.37201726436615,36,15,21,1
tylvalosin,Tylvalosin (Ì©Íò¾úËØ),REF_TYLVALOSIN,repository_reference,O68_attached_to_C64,68,64,C,MPM00108,(S)-methylmalonate semialdehyde,CC(C=O)C(=O)O,1,CC[C@H]1OC(=O)C[C@@H](OC(C)=O)[C@H](C)[C@@H](O[C@@H]2O[C@H](C)[C@@H](O[C@H]3C[C@@](C)(O)[C@@H](OC(=O)CC(C)C)[C@H](C)O3)[C@H](N(C)C)[C@H]2O)[C@@H](CC=O)C[C@@H](C)C(=O)/C=C/C(C)=C/[C@@H]1CO[C@@H]1O[C@H](C)[C@@H](OC(=O)C(C)C=O)[C@@H](OC)[C@H]1OC,CC[C@H]1OC(=O)C[C@@H](OC(C)=O)[C@H](C)[C@@H](O[C@@H]2O[C@H](C)[C@@H](O[C@H]3C[C@@](C)(O)[C@@H](OC(=O)CC(C)C)[C@H](C)O3)[C@H](N(C)C)[C@H]2O)[C@@H](CC=O)C[C@@H](C)C(=O)/C=C/C(C)=C/[C@@H]1CO[C@@H]1O[C@H](C)[C@@H](OC(=O)C(C)C=O)[C@@H](OC)[C@H]1OC,True,,-1.792,-1.9854305982589722,-2.5659725666046143,-1.5104411840438843,35,14,21,1
tylvalosin,Tylvalosin (Ì©Íò¾úËØ),REF_TYLVALOSIN,repository_reference,O68_attached_to_C64,68,64,C,MPM01359,D-Ala-D-Ala,CC(N)C(=O)NC(C)C(=O)O,1,CC[C@H]1OC(=O)C[C@@H](OC(C)=O)[C@H](C)[C@@H](O[C@@H]2O[C@H](C)[C@@H](O[C@H]3C[C@@](C)(O)[C@@H](OC(=O)CC(C)C)[C@H](C)O3)[C@H](N(C)C)[C@H]2O)[C@@H](CC=O)C[C@@H](C)C(=O)/C=C/C(C)=C/[C@@H]1CO[C@@H]1O[C@H](C)[C@@H](OC(=O)C(C)NC(=O)C(C)N)[C@@H](OC)[C@H]1OC,CC[C@H]1OC(=O)C[C@@H](OC(C)=O)[C@H](C)[C@@H](O[C@@H]2O[C@H](C)[C@@H](O[C@H]3C[C@@](C)(O)[C@@H](OC(=O)CC(C)C)[C@H](C)O3)[C@H](N(C)C)[C@H]2O)[C@@H](CC=O)C[C@@H](C)C(=O)/C=C/C(C)=C/[C@@H]1CO[C@@H]1O[C@H](C)[C@@H](OC(=O)C(C)NC(=O)C(C)N)[C@@H](OC)[C@H]1OC,True,,-1.409,-1.8986029624938965,-2.466254711151123,-1.434160590171814,35,14,21,1
tylvalosin,Tylvalosin (Ì©Íò¾úËØ),REF_TYLVALOSIN,repository_reference,O68_attached_to_C64,68,64,C,MPM00736,l-Alanyl-l-glutamine,CC(N)C(=O)NC(CCC(N)=O)C(=O)O,1,CC[C@H]1OC(=O)C[C@@H](OC(C)=O)[C@H](C)[C@@H](O[C@@H]2O[C@H](C)[C@@H](O[C@H]3C[C@@](C)(O)[C@@H](OC(=O)CC(C)C)[C@H](C)O3)[C@H](N(C)C)[C@H]2O)[C@@H](CC=O)C[C@@H](C)C(=O)/C=C/C(C)=C/[C@@H]1CO[C@@H]1O[C@H](C)[C@@H](OC(=O)C(CCC(N)=O)NC(=O)C(C)N)[C@@H](OC)[C@H]1OC,CC[C@H]1OC(=O)C[C@@H](OC(C)=O)[C@H](C)[C@@H](O[C@@H]2O[C@H](C)[C@@H](O[C@H]3C[C@@](C)(O)[C@@H](OC(=O)CC(C)C)[C@H](C)O3)[C@H](N(C)C)[C@H]2O)[C@@H](CC=O)C[C@@H](C)C(=O)/C=C/C(C)=C/[C@@H]1CO[C@@H]1O[C@H](C)[C@@H](OC(=O)C(CCC(N)=O)NC(=O)C(C)N)[C@@H](OC)[C@H]1OC,True,,-1.386,-1.9111735820770264,-2.473574638366699,-1.4510270357131958,34,14,20,1
tylvalosin,Tylvalosin (Ì©Íò¾úËØ),REF_TYLVALOSIN,repository_reference,O68_attached_to_C64,68,64,C,MPM00440,Ala-His,CC(N)C(=O)NC(Cc1cnc[nH]1)C(=O)O,1,CC[C@H]1OC(=O)C[C@@H](OC(C)=O)[C@H](C)[C@@H](O[C@@H]2O[C@H](C)[C@@H](O[C@H]3C[C@@](C)(O)[C@@H](OC(=O)CC(C)C)[C@H](C)O3)[C@H](N(C)C)[C@H]2O)[C@@H](CC=O)C[C@@H](C)C(=O)/C=C/C(C)=C/[C@@H]1CO[C@@H]1O[C@H](C)[C@@H](OC(=O)C(Cc2cnc[nH]2)NC(=O)C(C)N)[C@@H](OC)[C@H]1OC,CC[C@H]1OC(=O)C[C@@H](OC(C)=O)[C@H](C)[C@@H](O[C@@H]2O[C@H](C)[C@@H](O[C@H]3C[C@@](C)(O)[C@@H](OC(=O)CC(C)C)[C@H](C)O3)[C@H](N(C)C)[C@H]2O)[C@@H](CC=O)C[C@@H](C)C(=O)/C=C/C(C)=C/[C@@H]1CO[C@@H]1O[C@H](C)[C@@H](OC(=O)C(Cc2cnc[nH]2)NC(=O)C(C)N)[C@@H](OC)[C@H]1OC,True,,-1.65,-1.7656352519989014,-2.371211051940918,-1.2701642513275146,35,14,21,1
tylvalosin,Tylvalosin (Ì©Íò¾úËØ),REF_TYLVALOSIN,repository_reference,O68_attached_to_C64,68,64,C,MPM00441,Alanylglycine,CC(N)C(=O)NCC(=O)O,1,CC[C@H]1OC(=O)C[C@@H](OC(C)=O)[C@H](C)[C@@H](O[C@@H]2O[C@H](C)[C@@H](O[C@H]3C[C@@](C)(O)[C@@H](OC(=O)CC(C)C)[C@H](C)O3)[C@H](N(C)C)[C@H]2O)[C@@H](CC=O)C[C@@H](C)C(=O)/C=C/C(C)=C/[C@@H]1CO[C@@H]1O[C@H](C)[C@@H](OC(=O)CNC(=O)C(C)N)[C@@H](OC)[C@H]1OC,CC[C@H]1OC(=O)C[C@@H](OC(C)=O)[C@H](C)[C@@H](O[C@@H]2O[C@H](C)[C@@H](O[C@H]3C[C@@](C)(O)[C@@H](OC(=O)CC(C)C)[C@H](C)O3)[C@H](N(C)C)[C@H]2O)[C@@H](CC=O)C[C@@H](C)C(=O)/C=C/C(C)=C/[C@@H]1CO[C@@H]1O[C@H](C)[C@@H](OC(=O)CNC(=O)C(C)N)[C@@H](OC)[C@H]1OC,True,,-1.22,-1.8270471096038818,-2.3616058826446533,-1.3896809816360474,35,14,21,1
tylvalosin,Tylvalosin (Ì©Íò¾úËØ),REF_TYLVALOSIN,repository_reference,O68_attached_to_C64,68,64,C,MPM01358,D-Ala,CC(N)C(=O)O,1,CC[C@H]1OC(=O)C[C@@H](OC(C)=O)[C@H](C)[C@@H](O[C@@H]2O[C@H](C)[C@@H](O[C@H]3C[C@@](C)(O)[C@@H](OC(=O)CC(C)C)[C@H](C)O3)[C@H](N(C)C)[C@H]2O)[C@@H](CC=O)C[C@@H](C)C(=O)/C=C/C(C)=C/[C@@H]1CO[C@@H]1O[C@H](C)[C@@H](OC(=O)C(C)N)[C@@H](OC)[C@H]1OC,CC[C@H]1OC(=O)C[C@@H](OC(C)=O)[C@H](C)[C@@H](O[C@@H]2O[C@H](C)[C@@H](O[C@H]3C[C@@](C)(O)[C@@H](OC(=O)CC(C)C)[C@H](C)O3)[C@H](N(C)C)[C@H]2O)[C@@H](CC=O)C[C@@H](C)C(=O)/C=C/C(C)=C/[C@@H]1CO[C@@H]1O[C@H](C)[C@@H](OC(=O)C(C)N)[C@@H](OC)[C@H]1OC,True,,-1.248,-2.051746129989624,-2.6232903003692627,-1.5841193199157715,34,14,20,1
tylvalosin,Tylvalosin (Ì©Íò¾úËØ),REF_TYLVALOSIN,repository_reference,O68_attached_to_C64,68,64,C,MPM00548,DAPA,CC(N)C(N)CCCCCC(=O)O,1,CC[C@H]1OC(=O)C[C@@H](OC(C)=O)[C@H](C)[C@@H](O[C@@H]2O[C@H](C)[C@@H](O[C@H]3C[C@@](C)(O)[C@@H](OC(=O)CC(C)C)[C@H](C)O3)[C@H](N(C)C)[C@H]2O)[C@@H](CC=O)C[C@@H](C)C(=O)/C=C/C(C)=C/[C@@H]1CO[C@@H]1O[C@H](C)[C@@H](OC(=O)CCCCCC(N)C(C)N)[C@@H](OC)[C@H]1OC,CC[C@H]1OC(=O)C[C@@H](OC(C)=O)[C@H](C)[C@@H](O[C@@H]2O[C@H](C)[C@@H](O[C@H]3C[C@@](C)(O)[C@@H](OC(=O)CC(C)C)[C@H](C)O3)[C@H](N(C)C)[C@H]2O)[C@@H](CC=O)C[C@@H](C)C(=O)/C=C/C(C)=C/[C@@H]1CO[C@@H]1O[C@H](C)[C@@H](OC(=O)CCCCCC(N)C(C)N)[C@@H](OC)[C@H]1OC,True,,-1.765,-1.8619792461395264,-2.4705846309661865,-1.3640294075012207,36,14,22,1
tylvalosin,Tylvalosin (Ì©Íò¾úËØ),REF_TYLVALOSIN,repository_reference,O68_attached_to_C64,68,64,C,MPM00031,"(2R,4S)-2,4-diaminopentanoic acid",CC(N)CC(N)C(=O)O,1,CC[C@H]1OC(=O)C[C@@H](OC(C)=O)[C@H](C)[C@@H](O[C@@H]2O[C@H](C)[C@@H](O[C@H]3C[C@@](C)(O)[C@@H](OC(=O)CC(C)C)[C@H](C)O3)[C@H](N(C)C)[C@H]2O)[C@@H](CC=O)C[C@@H](C)C(=O)/C=C/C(C)=C/[C@@H]1CO[C@@H]1O[C@H](C)[C@@H](OC(=O)C(N)CC(C)N)[C@@H](OC)[C@H]1OC,CC[C@H]1OC(=O)C[C@@H](OC(C)=O)[C@H](C)[C@@H](O[C@@H]2O[C@H](C)[C@@H](O[C@H]3C[C@@](C)(O)[C@@H](OC(=O)CC(C)C)[C@H](C)O3)[C@H](N(C)C)[C@H]2O)[C@@H](CC=O)C[C@@H](C)C(=O)/C=C/C(C)=C/[C@@H]1CO[C@@H]1O[C@H](C)[C@@H](OC(=O)C(N)CC(C)N)[C@@H](OC)[C@H]1OC,True,,-1.322,-1.8500840663909912,-2.4282023906707764,-1.3770781755447388,35,14,21,1
tylvalosin,Tylvalosin (Ì©Íò¾úËØ),REF_TYLVALOSIN,repository_reference,O68_attached_to_C64,68,64,C,MPM00051,"(3S,5S)-3,5-diaminohexanoic acid",CC(N)CC(N)CC(=O)O,1,CC[C@H]1OC(=O)C[C@@H](OC(C)=O)[C@H](C)[C@@H](O[C@@H]2O[C@H](C)[C@@H](O[C@H]3C[C@@](C)(O)[C@@H](OC(=O)CC(C)C)[C@H](C)O3)[C@H](N(C)C)[C@H]2O)[C@@H](CC=O)C[C@@H](C)C(=O)/C=C/C(C)=C/[C@@H]1CO[C@@H]1O[C@H](C)[C@@H](OC(=O)CC(N)CC(C)N)[C@@H](OC)[C@H]1OC,CC[C@H]1OC(=O)C[C@@H](OC(C)=O)[C@H](C)[C@@H](O[C@@H]2O[C@H](C)[C@@H](O[C@H]3C[C@@](C)(O)[C@@H](OC(=O)CC(C)C)[C@H](C)O3)[C@H](N(C)C)[C@H]2O)[C@@H](CC=O)C[C@@H](C)C(=O)/C=C/C(C)=C/[C@@H]1CO[C@@H]1O[C@H](C)[C@@H](OC(=O)CC(N)CC(C)N)[C@@H](OC)[C@H]1OC,True,,-1.581,-1.7499927282333374,-2.3331680297851562,-1.272849202156067,37,15,22,1
tylvalosin,Tylvalosin (Ì©Íò¾úËØ),REF_TYLVALOSIN,repository_reference,O68_attached_to_C64,68,64,C,MPM00083,(R)-mevalonate,CC(O)(CCO)CC(=O)O,1,CC[C@H]1OC(=O)C[C@@H](OC(C)=O)[C@H](C)[C@@H](O[C@@H]2O[C@H](C)[C@@H](O[C@H]3C[C@@](C)(O)[C@@H](OC(=O)CC(C)C)[C@H](C)O3)[C@H](N(C)C)[C@H]2O)[C@@H](CC=O)C[C@@H](C)C(=O)/C=C/C(C)=C/[C@@H]1CO[C@@H]1O[C@H](C)[C@@H](OC(=O)CC(C)(O)CCO)[C@@H](OC)[C@H]1OC,CC[C@H]1OC(=O)C[C@@H](OC(C)=O)[C@H](C)[C@@H](O[C@@H]2O[C@H](C)[C@@H](O[C@H]3C[C@@](C)(O)[C@@H](OC(=O)CC(C)C)[C@H](C)O3)[C@H](N(C)C)[C@H]2O)[C@@H](CC=O)C[C@@H](C)C(=O)/C=C/C(C)=C/[C@@H]1CO[C@@H]1O[C@H](C)[C@@H](OC(=O)CC(C)(O)CCO)[C@@H](OC)[C@H]1OC,True,,-2.02,-1.8669719696044922,-2.4572818279266357,-1.3839913606643677,37,15,22,1
tylvalosin,Tylvalosin (Ì©Íò¾úËØ),REF_TYLVALOSIN,repository_reference,O68_attached_to_C64,68,64,C,MPM00081,(R)-5-Diphosphomevalonate,CC(O)(CCOP(=O)(O)OP(=O)(O)O)CC(=O)O,1,CC[C@H]1OC(=O)C[C@@H](OC(C)=O)[C@H](C)[C@@H](O[C@@H]2O[C@H](C)[C@@H](O[C@H]3C[C@@](C)(O)[C@@H](OC(=O)CC(C)C)[C@H](C)O3)[C@H](N(C)C)[C@H]2O)[C@@H](CC=O)C[C@@H](C)C(=O)/C=C/C(C)=C/[C@@H]1CO[C@@H]1O[C@H](C)[C@@H](OC(=O)CC(C)(O)CCOP(=O)(O)OP(=O)(O)O)[C@@H](OC)[C@H]1OC,CC[C@H]1OC(=O)C[C@@H](OC(C)=O)[C@H](C)[C@@H](O[C@@H]2O[C@H](C)[C@@H](O[C@H]3C[C@@](C)(O)[C@@H](OC(=O)CC(C)C)[C@H](C)O3)[C@H](N(C)C)[C@H]2O)[C@@H](CC=O)C[C@@H](C)C(=O)/C=C/C(C)=C/[C@@H]1CO[C@@H]1O[C@H](C)[C@@H](OC(=O)CC(C)(O)CCOP(=O)(O)OP(=O)(O)O)[C@@H](OC)[C@H]1OC,True,,-2.905,-1.7019193172454834,-2.2656660079956055,-1.2406717538833618,37,15,22,1
tylvalosin,Tylvalosin (Ì©Íò¾úËØ),REF_TYLVALOSIN,repository_reference,O68_attached_to_C64,68,64,C,MPM00543,D-2-Hydroxypropionic acid,CC(O)C(=O)O,1,CC[C@H]1OC(=O)C[C@@H](OC(C)=O)[C@H](C)[C@@H](O[C@@H]2O[C@H](C)[C@@H](O[C@H]3C[C@@](C)(O)[C@@H](OC(=O)CC(C)C)[C@H](C)O3)[C@H](N(C)C)[C@H]2O)[C@@H](CC=O)C[C@@H](C)C(=O)/C=C/C(C)=C/[C@@H]1CO[C@@H]1O[C@H](C)[C@@H](OC(=O)C(C)O)[C@@H](OC)[C@H]1OC,CC[C@H]1OC(=O)C[C@@H](OC(C)=O)[C@H](C)[C@@H](O[C@@H]2O[C@H](C)[C@@H](O[C@H]3C[C@@](C)(O)[C@@H](OC(=O)CC(C)C)[C@H](C)O3)[C@H](N(C)C)[C@H]2O)[C@@H](CC=O)C[C@@H](C)C(=O)/C=C/C(C)=C/[C@@H]1CO[C@@H]1O[C@H](C)[C@@H](OC(=O)C(C)O)[C@@H](OC)[C@H]1OC,True,,-1.544,-1.8973312377929688,-2.402515172958374,-1.483999252319336,36,14,22,1
tylvalosin,Tylvalosin (Ì©Íò¾úËØ),REF_TYLVALOSIN,repository_reference,O68_attached_to_C64,68,64,C,MPM01136,2-Amino-3-hydroxybutyric acid,CC(O)C(N)C(=O)O,1,CC[C@H]1OC(=O)C[C@@H](OC(C)=O)[C@H](C)[C@@H](O[C@@H]2O[C@H](C)[C@@H](O[C@H]3C[C@@](C)(O)[C@@H](OC(=O)CC(C)C)[C@H](C)O3)[C@H](N(C)C)[C@H]2O)[C@@H](CC=O)C[C@@H](C)C(=O)/C=C/C(C)=C/[C@@H]1CO[C@@H]1O[C@H](C)[C@@H](OC(=O)C(N)C(C)O)[C@@H](OC)[C@H]1OC,CC[C@H]1OC(=O)C[C@@H](OC(C)=O)[C@H](C)[C@@H](O[C@@H]2O[C@H](C)[C@@H](O[C@H]3C[C@@](C)(O)[C@@H](OC(=O)CC(C)C)[C@H](C)O3)[C@H](N(C)C)[C@H]2O)[C@@H](CC=O)C[C@@H](C)C(=O)/C=C/C(C)=C/[C@@H]1CO[C@@H]1O[C@H](C)[C@@H](OC(=O)C(N)C(C)O)[C@@H](OC)[C@H]1OC,True,,-1.504,-1.8833551406860352,-2.461761713027954,-1.4101134538650513,35,14,21,1
tylvalosin,Tylvalosin (Ì©Íò¾úËØ),REF_TYLVALOSIN,repository_reference,O68_attached_to_C64,68,64,C,MPM00551,D-beta-Hydroxybutyric acid,CC(O)CC(=O)O,1,CC[C@H]1OC(=O)C[C@@H](OC(C)=O)[C@H](C)[C@@H](O[C@@H]2O[C@H](C)[C@@H](O[C@H]3C[C@@](C)(O)[C@@H](OC(=O)CC(C)C)[C@H](C)O3)[C@H](N(C)C)[C@H]2O)[C@@H](CC=O)C[C@@H](C)C(=O)/C=C/C(C)=C/[C@@H]1CO[C@@H]1O[C@H](C)[C@@H](OC(=O)CC(C)O)[C@@H](OC)[C@H]1OC,CC[C@H]1OC(=O)C[C@@H](OC(C)=O)[C@H](C)[C@@H](O[C@@H]2O[C@H](C)[C@@H](O[C@H]3C[C@@](C)(O)[C@@H](OC(=O)CC(C)C)[C@H](C)O3)[C@H](N(C)C)[C@H]2O)[C@@H](CC=O)C[C@@H](C)C(=O)/C=C/C(C)=C/[C@@H]1CO[C@@H]1O[C@H](C)[C@@H](OC(=O)CC(C)O)[C@@H](OC)[C@H]1OC,True,,-1.696,-1.8698539733886719,-2.4270761013031006,-1.413944959640503,36,14,22,1
tylvalosin,Tylvalosin (Ì©Íò¾úËØ),REF_TYLVALOSIN,repository_reference,O68_attached_to_C64,68,64,C,MPM00843,O-Phospho-L-threonine,CC(OP(=O)(O)O)C(N)C(=O)O,1,CC[C@H]1OC(=O)C[C@@H](OC(C)=O)[C@H](C)[C@@H](O[C@@H]2O[C@H](C)[C@@H](O[C@H]3C[C@@](C)(O)[C@@H](OC(=O)CC(C)C)[C@H](C)O3)[C@H](N(C)C)[C@H]2O)[C@@H](CC=O)C[C@@H](C)C(=O)/C=C/C(C)=C/[C@@H]1CO[C@@H]1O[C@H](C)[C@@H](OC(=O)C(N)C(C)OP(=O)(O)O)[C@@H](OC)[C@H]1OC,CC[C@H]1OC(=O)C[C@@H](OC(C)=O)[C@H](C)[C@@H](O[C@@H]2O[C@H](C)[C@@H](O[C@H]3C[C@@](C)(O)[C@@H](OC(=O)CC(C)C)[C@H](C)O3)[C@H](N(C)C)[C@H]2O)[C@@H](CC=O)C[C@@H](C)C(=O)/C=C/C(C)=C/[C@@H]1CO[C@@H]1O[C@H](C)[C@@H](OC(=O)C(N)C(C)OP(=O)(O)O)[C@@H](OC)[C@H]1OC,True,,-1.798,-1.770214557647705,-2.30178165435791,-1.3352957963943481,37,15,22,1
tylvalosin,Tylvalosin (Ì©Íò¾úËØ),REF_TYLVALOSIN,repository_reference,O68_attached_to_C64,68,64,C,MPM00465,Ampicillin,CC1(C)SC2C(NC(=O)C(N)c3ccccc3)C(=O)N2C1C(=O)O,1,CC[C@H]1OC(=O)C[C@@H](OC(C)=O)[C@H](C)[C@@H](O[C@@H]2O[C@H](C)[C@@H](O[C@H]3C[C@@](C)(O)[C@@H](OC(=O)CC(C)C)[C@H](C)O3)[C@H](N(C)C)[C@H]2O)[C@@H](CC=O)C[C@@H](C)C(=O)/C=C/C(C)=C/[C@@H]1CO[C@@H]1O[C@H](C)[C@@H](OC(=O)C2N3C(=O)C(NC(=O)C(N)c4ccccc4)C3SC2(C)C)[C@@H](OC)[C@H]1OC,CC[C@H]1OC(=O)C[C@@H](OC(C)=O)[C@H](C)[C@@H](O[C@@H]2O[C@H](C)[C@@H](O[C@H]3C[C@@](C)(O)[C@@H](OC(=O)CC(C)C)[C@H](C)O3)[C@H](N(C)C)[C@H]2O)[C@@H](CC=O)C[C@@H](C)C(=O)/C=C/C(C)=C/[C@@H]1CO[C@@H]1O[C@H](C)[C@@H](OC(=O)C2N3C(=O)C(NC(=O)C(N)c4ccccc4)C3SC2(C)C)[C@@H](OC)[C@H]1OC,True,,-2.735,-0.9184526801109314,-1.3823952674865723,-0.5388630628585815,39,17,22,1
tylvalosin,Tylvalosin (Ì©Íò¾úËØ),REF_TYLVALOSIN,repository_reference,O68_attached_to_C64,68,64,C,MPM00566,Desthiobiotin,CC1NC(=O)NC1CCCCCC(=O)O,1,CC[C@H]1OC(=O)C[C@@H](OC(C)=O)[C@H](C)[C@@H](O[C@@H]2O[C@H](C)[C@@H](O[C@H]3C[C@@](C)(O)[C@@H](OC(=O)CC(C)C)[C@H](C)O3)[C@H](N(C)C)[C@H]2O)[C@@H](CC=O)C[C@@H](C)C(=O)/C=C/C(C)=C/[C@@H]1CO[C@@H]1O[C@H](C)[C@@H](OC(=O)CCCCCC2NC(=O)NC2C)[C@@H](OC)[C@H]1OC,CC[C@H]1OC(=O)C[C@@H](OC(C)=O)[C@H](C)[C@@H](O[C@@H]2O[C@H](C)[C@@H](O[C@H]3C[C@@](C)(O)[C@@H](OC(=O)CC(C)C)[C@H](C)O3)[C@H](N(C)C)[C@H]2O)[C@@H](CC=O)C[C@@H](C)C(=O)/C=C/C(C)=C/[C@@H]1CO[C@@H]1O[C@H](C)[C@@H](OC(=O)CCCCCC2NC(=O)NC2C)[C@@H](OC)[C@H]1OC,True,,-2.466,-1.9741108417510986,-2.562960147857666,-1.492324948310852,34,14,20,1
tylvalosin,Tylvalosin (Ì©Íò¾úËØ),REF_TYLVALOSIN,repository_reference,O68_attached_to_C64,68,64,C,MPM00458,alpha-Ketobutyrate,CCC(=O)C(=O)O,1,CCC(=O)C(=O)O[C@H]1[C@@H](OC)[C@@H](OC)[C@H](OC[C@H]2/C=C(C)/C=C/C(=O)[C@H](C)C[C@H](CC=O)[C@H](O[C@@H]3O[C@H](C)[C@@H](O[C@H]4C[C@@](C)(O)[C@@H](OC(=O)CC(C)C)[C@H](C)O4)[C@H](N(C)C)[C@H]3O)[C@@H](C)[C@H](OC(C)=O)CC(=O)O[C@@H]2CC)O[C@@H]1C,CCC(=O)C(=O)O[C@H]1[C@@H](OC)[C@@H](OC)[C@H](OC[C@H]2/C=C(C)/C=C/C(=O)[C@H](C)C[C@H](CC=O)[C@H](O[C@@H]3O[C@H](C)[C@@H](O[C@H]4C[C@@](C)(O)[C@@H](OC(=O)CC(C)C)[C@H](C)O4)[C@H](N(C)C)[C@H]3O)[C@@H](C)[C@H](OC(C)=O)CC(=O)O[C@@H]2CC)O[C@@H]1C,True,,-1.41,-2.2053675651550293,-2.7875802516937256,-1.7290120124816895,34,14,20,1
tylvalosin,Tylvalosin (Ì©Íò¾úËØ),REF_TYLVALOSIN,repository_reference,O68_attached_to_C64,68,64,C,MPM00908,propionate,CCC(=O)O,1,CCC(=O)O[C@H]1[C@@H](OC)[C@@H](OC)[C@H](OC[C@H]2/C=C(C)/C=C/C(=O)[C@H](C)C[C@H](CC=O)[C@H](O[C@@H]3O[C@H](C)[C@@H](O[C@H]4C[C@@](C)(O)[C@@H](OC(=O)CC(C)C)[C@H](C)O4)[C@H](N(C)C)[C@H]3O)[C@@H](C)[C@H](OC(C)=O)CC(=O)O[C@@H]2CC)O[C@@H]1C,CCC(=O)O[C@H]1[C@@H](OC)[C@@H](OC)[C@H](OC[C@H]2/C=C(C)/C=C/C(=O)[C@H](C)C[C@H](CC=O)[C@H](O[C@@H]3O[C@H](C)[C@@H](O[C@H]4C[C@@](C)(O)[C@@H](OC(=O)CC(C)C)[C@H](C)O4)[C@H](N(C)C)[C@H]3O)[C@@H](C)[C@H](OC(C)=O)CC(=O)O[C@@H]2CC)O[C@@H]1C,True,,-1.468,-1.831756591796875,-2.3985722064971924,-1.367998480796814,36,14,22,1
tylvalosin,Tylvalosin (Ì©Íò¾úËØ),REF_TYLVALOSIN,repository_reference,O68_attached_to_C64,68,64,C,MPM00078,(R)-3-Hydroxy-3-methyl-2-oxopentanoate,CCC(C)(O)C(=O)C(=O)O,1,CC[C@H]1OC(=O)C[C@@H](OC(C)=O)[C@H](C)[C@@H](O[C@@H]2O[C@H](C)[C@@H](O[C@H]3C[C@@](C)(O)[C@@H](OC(=O)CC(C)C)[C@H](C)O3)[C@H](N(C)C)[C@H]2O)[C@@H](CC=O)C[C@@H](C)C(=O)/C=C/C(C)=C/[C@@H]1CO[C@@H]1O[C@H](C)[C@@H](OC(=O)C(=O)C(C)(O)CC)[C@@H](OC)[C@H]1OC,CC[C@H]1OC(=O)C[C@@H](OC(C)=O)[C@H](C)[C@@H](O[C@@H]2O[C@H](C)[C@@H](O[C@H]3C[C@@](C)(O)[C@@H](OC(=O)CC(C)C)[C@H](C)O3)[C@H](N(C)C)[C@H]2O)[C@@H](CC=O)C[C@@H](C)C(=O)/C=C/C(C)=C/[C@@H]1CO[C@@H]1O[C@H](C)[C@@H](OC(=O)C(=O)C(C)(O)CC)[C@@H](OC)[C@H]1OC,True,,-1.621,-1.7349460124969482,-2.2690651416778564,-1.297939419746399,37,15,22,1
tylvalosin,Tylvalosin (Ì©Íò¾úËØ),REF_TYLVALOSIN,repository_reference,O68_attached_to_C64,68,64,C,MPM00028,"(2R,3R)-2,3-Dihydroxy-3-methylpentanoate",CCC(C)(O)C(O)C(=O)O,1,CC[C@H]1OC(=O)C[C@@H](OC(C)=O)[C@H](C)[C@@H](O[C@@H]2O[C@H](C)[C@@H](O[C@H]3C[C@@](C)(O)[C@@H](OC(=O)CC(C)C)[C@H](C)O3)[C@H](N(C)C)[C@H]2O)[C@@H](CC=O)C[C@@H](C)C(=O)/C=C/C(C)=C/[C@@H]1CO[C@@H]1O[C@H](C)[C@@H](OC(=O)C(O)C(C)(O)CC)[C@@H](OC)[C@H]1OC,CC[C@H]1OC(=O)C[C@@H](OC(C)=O)[C@H](C)[C@@H](O[C@@H]2O[C@H](C)[C@@H](O[C@H]3C[C@@](C)(O)[C@@H](OC(=O)CC(C)C)[C@H](C)O3)[C@H](N(C)C)[C@H]2O)[C@@H](CC=O)C[C@@H](C)C(=O)/C=C/C(C)=C/[C@@H]1CO[C@@H]1O[C@H](C)[C@@H](OC(=O)C(O)C(C)(O)CC)[C@@H](OC)[C@H]1OC,True,,-1.978,-1.8410969972610474,-2.3843843936920166,-1.396588683128357,37,15,22,1
tylvalosin,Tylvalosin (Ì©Íò¾úËØ),REF_TYLVALOSIN,repository_reference,O68_attached_to_C64,68,64,C,MPM00050,(3S)-3-Methyl-2-oxopentanoate,CCC(C)C(=O)C(=O)O,1,CCC(C)C(=O)C(=O)O[C@H]1[C@@H](OC)[C@@H](OC)[C@H](OC[C@H]2/C=C(C)/C=C/C(=O)[C@H](C)C[C@H](CC=O)[C@H](O[C@@H]3O[C@H](C)[C@@H](O[C@H]4C[C@@](C)(O)[C@@H](OC(=O)CC(C)C)[C@H](C)O4)[C@H](N(C)C)[C@H]3O)[C@@H](C)[C@H](OC(C)=O)CC(=O)O[C@@H]2CC)O[C@@H]1C,CCC(C)C(=O)C(=O)O[C@H]1[C@@H](OC)[C@@H](OC)[C@H](OC[C@H]2/C=C(C)/C=C/C(=O)[C@H](C)C[C@H](CC=O)[C@H](O[C@@H]3O[C@H](C)[C@@H](O[C@H]4C[C@@](C)(O)[C@@H](OC(=O)CC(C)C)[C@H](C)O4)[C@H](N(C)C)[C@H]3O)[C@@H](C)[C@H](OC(C)=O)CC(=O)O[C@@H]2CC)O[C@@H]1C,True,,-1.631,-1.894640326499939,-2.442671060562134,-1.4462517499923706,36,14,22,1
tylvalosin,Tylvalosin (Ì©Íò¾úËØ),REF_TYLVALOSIN,repository_reference,O68_attached_to_C64,68,64,C,MPM01138,2-Amino-3-methylvaleric acid,CCC(C)C(N)C(=O)O,1,CCC(C)C(N)C(=O)O[C@H]1[C@@H](OC)[C@@H](OC)[C@H](OC[C@H]2/C=C(C)/C=C/C(=O)[C@H](C)C[C@H](CC=O)[C@H](O[C@@H]3O[C@H](C)[C@@H](O[C@H]4C[C@@](C)(O)[C@@H](OC(=O)CC(C)C)[C@H](C)O4)[C@H](N(C)C)[C@H]3O)[C@@H](C)[C@H](OC(C)=O)CC(=O)O[C@@H]2CC)O[C@@H]1C,CCC(C)C(N)C(=O)O[C@H]1[C@@H](OC)[C@@H](OC)[C@H](OC[C@H]2/C=C(C)/C=C/C(=O)[C@H](C)C[C@H](CC=O)[C@H](O[C@@H]3O[C@H](C)[C@@H](O[C@H]4C[C@@](C)(O)[C@@H](OC(=O)CC(C)C)[C@H](C)O4)[C@H](N(C)C)[C@H]3O)[C@@H](C)[C@H](OC(C)=O)CC(=O)O[C@@H]2CC)O[C@@H]1C,True,,-1.671,-1.9712975025177002,-2.576314926147461,-1.476283311843872,35,14,21,1
tylvalosin,Tylvalosin (Ì©Íò¾úËØ),REF_TYLVALOSIN,repository_reference,O68_attached_to_C64,68,64,C,MPM00029,"(2R,3R)-2-hydroxy-3-methylpentanoic acid",CCC(C)C(O)C(=O)O,1,CCC(C)C(O)C(=O)O[C@H]1[C@@H](OC)[C@@H](OC)[C@H](OC[C@H]2/C=C(C)/C=C/C(=O)[C@H](C)C[C@H](CC=O)[C@H](O[C@@H]3O[C@H](C)[C@@H](O[C@H]4C[C@@](C)(O)[C@@H](OC(=O)CC(C)C)[C@H](C)O4)[C@H](N(C)C)[C@H]3O)[C@@H](C)[C@H](OC(C)=O)CC(=O)O[C@@H]2CC)O[C@@H]1C,CCC(C)C(O)C(=O)O[C@H]1[C@@H](OC)[C@@H](OC)[C@H](OC[C@H]2/C=C(C)/C=C/C(=O)[C@H](C)C[C@H](CC=O)[C@H](O[C@@H]3O[C@H](C)[C@@H](O[C@H]4C[C@@](C)(O)[C@@H](OC(=O)CC(C)C)[C@H](C)O4)[C@H](N(C)C)[C@H]3O)[C@@H](C)[C@H](OC(C)=O)CC(=O)O[C@@H]2CC)O[C@@H]1C,True,,-1.967,-1.7637970447540283,-2.309244394302368,-1.3175219297409058,37,15,22,1
tylvalosin,Tylvalosin (Ì©Íò¾úËØ),REF_TYLVALOSIN,repository_reference,O68_attached_to_C64,68,64,C,MPM00094,(S)-2-Hydroxy-2-ethyl-3-oxobutanoate,CCC(O)(C(C)=O)C(=O)O,1,CC[C@H]1OC(=O)C[C@@H](OC(C)=O)[C@H](C)[C@@H](O[C@@H]2O[C@H](C)[C@@H](O[C@H]3C[C@@](C)(O)[C@@H](OC(=O)CC(C)C)[C@H](C)O3)[C@H](N(C)C)[C@H]2O)[C@@H](CC=O)C[C@@H](C)C(=O)/C=C/C(C)=C/[C@@H]1CO[C@@H]1O[C@H](C)[C@@H](OC(=O)C(O)(CC)C(C)=O)[C@@H](OC)[C@H]1OC,CC[C@H]1OC(=O)C[C@@H](OC(C)=O)[C@H](C)[C@@H](O[C@@H]2O[C@H](C)[C@@H](O[C@H]3C[C@@](C)(O)[C@@H](OC(=O)CC(C)C)[C@H](C)O3)[C@H](N(C)C)[C@H]2O)[C@@H](CC=O)C[C@@H](C)C(=O)/C=C/C(C)=C/[C@@H]1CO[C@@H]1O[C@H](C)[C@@H](OC(=O)C(O)(CC)C(C)=O)[C@@H](OC)[C@H]1OC,True,,-1.895,-1.7475478649139404,-2.2651476860046387,-1.3240569829940796,37,15,22,1
tylvalosin,Tylvalosin (Ì©Íò¾úËØ),REF_TYLVALOSIN,repository_reference,O68_attached_to_C64,68,64,C,MPM00302,3-Hydroxypentanoic acid,CCC(O)CC(=O)O,1,CCC(O)CC(=O)O[C@H]1[C@@H](OC)[C@@H](OC)[C@H](OC[C@H]2/C=C(C)/C=C/C(=O)[C@H](C)C[C@H](CC=O)[C@H](O[C@@H]3O[C@H](C)[C@@H](O[C@H]4C[C@@](C)(O)[C@@H](OC(=O)CC(C)C)[C@H](C)O4)[C@H](N(C)C)[C@H]3O)[C@@H](C)[C@H](OC(C)=O)CC(=O)O[C@@H]2CC)O[C@@H]1C,CCC(O)CC(=O)O[C@H]1[C@@H](OC)[C@@H](OC)[C@H](OC[C@H]2/C=C(C)/C=C/C(=O)[C@H](C)C[C@H](CC=O)[C@H](O[C@@H]3O[C@H](C)[C@@H](O[C@H]4C[C@@](C)(O)[C@@H](OC(=O)CC(C)C)[C@H](C)O4)[C@H](N(C)C)[C@H]3O)[C@@H](C)[C@H](OC(C)=O)CC(=O)O[C@@H]2CC)O[C@@H]1C,True,,-1.743,-1.8978739976882935,-2.483229637145996,-1.418946385383606,36,14,22,1
tylvalosin,Tylvalosin (Ì©Íò¾úËØ),REF_TYLVALOSIN,repository_reference,O68_attached_to_C64,68,64,C,MPM00496,butyrate,CCCC(=O)O,1,CCCC(=O)O[C@H]1[C@@H](OC)[C@@H](OC)[C@H](OC[C@H]2/C=C(C)/C=C/C(=O)[C@H](C)C[C@H](CC=O)[C@H](O[C@@H]3O[C@H](C)[C@@H](O[C@H]4C[C@@](C)(O)[C@@H](OC(=O)CC(C)C)[C@H](C)O4)[C@H](N(C)C)[C@H]3O)[C@@H](C)[C@H](OC(C)=O)CC(=O)O[C@@H]2CC)O[C@@H]1C,CCCC(=O)O[C@H]1[C@@H](OC)[C@@H](OC)[C@H](OC[C@H]2/C=C(C)/C=C/C(=O)[C@H](C)C[C@H](CC=O)[C@H](O[C@@H]3O[C@H](C)[C@@H](O[C@H]4C[C@@](C)(O)[C@@H](OC(=O)CC(C)C)[C@H](C)O4)[C@H](N(C)C)[C@H]3O)[C@@H](C)[C@H](OC(C)=O)CC(=O)O[C@@H]2CC)O[C@@H]1C,True,,-1.529,-1.8454883098602295,-2.384977102279663,-1.4040883779525757,36,14,22,1
tylvalosin,Tylvalosin (Ì©Íò¾úËØ),REF_TYLVALOSIN,repository_reference,O68_attached_to_C64,68,64,C,MPM00298,3-Hydroxyhexanoic acid,CCCC(O)CC(=O)O,1,CCCC(O)CC(=O)O[C@H]1[C@@H](OC)[C@@H](OC)[C@H](OC[C@H]2/C=C(C)/C=C/C(=O)[C@H](C)C[C@H](CC=O)[C@H](O[C@@H]3O[C@H](C)[C@@H](O[C@H]4C[C@@](C)(O)[C@@H](OC(=O)CC(C)C)[C@H](C)O4)[C@H](N(C)C)[C@H]3O)[C@@H](C)[C@H](OC(C)=O)CC(=O)O[C@@H]2CC)O[C@@H]1C,CCCC(O)CC(=O)O[C@H]1[C@@H](OC)[C@@H](OC)[C@H](OC[C@H]2/C=C(C)/C=C/C(=O)[C@H](C)C[C@H](CC=O)[C@H](O[C@@H]3O[C@H](C)[C@@H](O[C@H]4C[C@@](C)(O)[C@@H](OC(=O)CC(C)C)[C@H](C)O4)[C@H](N(C)C)[C@H]3O)[C@@H](C)[C@H](OC(C)=O)CC(=O)O[C@@H]2CC)O[C@@H]1C,True,,-1.809,-1.8286606073379517,-2.394141912460327,-1.3659937381744385,37,15,22,1
tylvalosin,Tylvalosin (Ì©Íò¾úËØ),REF_TYLVALOSIN,repository_reference,O68_attached_to_C64,68,64,C,MPM00833,n-Valeric acid,CCCCC(=O)O,1,CCCCC(=O)O[C@H]1[C@@H](OC)[C@@H](OC)[C@H](OC[C@H]2/C=C(C)/C=C/C(=O)[C@H](C)C[C@H](CC=O)[C@H](O[C@@H]3O[C@H](C)[C@@H](O[C@H]4C[C@@](C)(O)[C@@H](OC(=O)CC(C)C)[C@H](C)O4)[C@H](N(C)C)[C@H]3O)[C@@H](C)[C@H](OC(C)=O)CC(=O)O[C@@H]2CC)O[C@@H]1C,CCCCC(=O)O[C@H]1[C@@H](OC)[C@@H](OC)[C@H](OC[C@H]2/C=C(C)/C=C/C(=O)[C@H](C)C[C@H](CC=O)[C@H](O[C@@H]3O[C@H](C)[C@@H](O[C@H]4C[C@@](C)(O)[C@@H](OC(=O)CC(C)C)[C@H](C)O4)[C@H](N(C)C)[C@H]3O)[C@@H](C)[C@H](OC(C)=O)CC(=O)O[C@@H]2CC)O[C@@H]1C,True,,-1.596,-1.9695241451263428,-2.5503437519073486,-1.4943079948425293,36,14,22,1
tylvalosin,Tylvalosin (Ì©Íò¾úËØ),REF_TYLVALOSIN,repository_reference,O68_attached_to_C64,68,64,C,MPM00295,3-hydroxyheptanoic Acid,CCCCC(O)CC(=O)O,1,CCCCC(O)CC(=O)O[C@H]1[C@@H](OC)[C@@H](OC)[C@H](OC[C@H]2/C=C(C)/C=C/C(=O)[C@H](C)C[C@H](CC=O)[C@H](O[C@@H]3O[C@H](C)[C@@H](O[C@H]4C[C@@](C)(O)[C@@H](OC(=O)CC(C)C)[C@H](C)O4)[C@H](N(C)C)[C@H]3O)[C@@H](C)[C@H](OC(C)=O)CC(=O)O[C@@H]2CC)O[C@@H]1C,CCCCC(O)CC(=O)O[C@H]1[C@@H](OC)[C@@H](OC)[C@H](OC[C@H]2/C=C(C)/C=C/C(=O)[C@H](C)C[C@H](CC=O)[C@H](O[C@@H]3O[C@H](C)[C@@H](O[C@H]4C[C@@](C)(O)[C@@H](OC(=O)CC(C)C)[C@H](C)O4)[C@H](N(C)C)[C@H]3O)[C@@H](C)[C@H](OC(C)=O)CC(=O)O[C@@H]2CC)O[C@@H]1C,True,,-1.876,-1.8006250858306885,-2.3714168071746826,-1.333613395690918,37,15,22,1
tylvalosin,Tylvalosin (Ì©Íò¾úËØ),REF_TYLVALOSIN,repository_reference,O68_attached_to_C64,68,64,C,MPM00061,(9E)-tetradecenoic acid,CCCCC=CCCCCCCCC(=O)O,1,CCCCC=CCCCCCCCC(=O)O[C@H]1[C@@H](OC)[C@@H](OC)[C@H](OC[C@H]2/C=C(C)/C=C/C(=O)[C@H](C)C[C@H](CC=O)[C@H](O[C@@H]3O[C@H](C)[C@@H](O[C@H]4C[C@@](C)(O)[C@@H](OC(=O)CC(C)C)[C@H](C)O4)[C@H](N(C)C)[C@H]3O)[C@@H](C)[C@H](OC(C)=O)CC(=O)O[C@@H]2CC)O[C@@H]1C,CCCCC=CCCCCCCCC(=O)O[C@H]1[C@@H](OC)[C@@H](OC)[C@H](OC[C@H]2/C=C(C)/C=C/C(=O)[C@H](C)C[C@H](CC=O)[C@H](O[C@@H]3O[C@H](C)[C@@H](O[C@H]4C[C@@](C)(O)[C@@H](OC(=O)CC(C)C)[C@H](C)O4)[C@H](N(C)C)[C@H]3O)[C@@H](C)[C@H](OC(C)=O)CC(=O)O[C@@H]2CC)O[C@@H]1C,True,,-2.065,-1.4679441452026367,-1.9903885126113892,-1.040489673614502,37,15,22,1
tylvalosin,Tylvalosin (Ì©Íò¾úËØ),REF_TYLVALOSIN,repository_reference,O68_attached_to_C64,68,64,C,MPM00813,n-Caproic acid,CCCCCC(=O)O,1,CCCCCC(=O)O[C@H]1[C@@H](OC)[C@@H](OC)[C@H](OC[C@H]2/C=C(C)/C=C/C(=O)[C@H](C)C[C@H](CC=O)[C@H](O[C@@H]3O[C@H](C)[C@@H](O[C@H]4C[C@@](C)(O)[C@@H](OC(=O)CC(C)C)[C@H](C)O4)[C@H](N(C)C)[C@H]3O)[C@@H](C)[C@H](OC(C)=O)CC(=O)O[C@@H]2CC)O[C@@H]1C,CCCCCC(=O)O[C@H]1[C@@H](OC)[C@@H](OC)[C@H](OC[C@H]2/C=C(C)/C=C/C(=O)[C@H](C)C[C@H](CC=O)[C@H](O[C@@H]3O[C@H](C)[C@@H](O[C@H]4C[C@@](C)(O)[C@@H](OC(=O)CC(C)C)[C@H](C)O4)[C@H](N(C)C)[C@H]3O)[C@@H](C)[C@H](OC(C)=O)CC(=O)O[C@@H]2CC)O[C@@H]1C,True,,-1.665,-1.8853905200958252,-2.4662981033325195,-1.4101024866104126,36,14,22,1
tylvalosin,Tylvalosin (Ì©Íò¾úËØ),REF_TYLVALOSIN,repository_reference,O68_attached_to_C64,68,64,C,MPM00301,3-Hydroxyoctanoic acid,CCCCCC(O)CC(=O)O,1,CCCCCC(O)CC(=O)O[C@H]1[C@@H](OC)[C@@H](OC)[C@H](OC[C@H]2/C=C(C)/C=C/C(=O)[C@H](C)C[C@H](CC=O)[C@H](O[C@@H]3O[C@H](C)[C@@H](O[C@H]4C[C@@](C)(O)[C@@H](OC(=O)CC(C)C)[C@H](C)O4)[C@H](N(C)C)[C@H]3O)[C@@H](C)[C@H](OC(C)=O)CC(=O)O[C@@H]2CC)O[C@@H]1C,CCCCCC(O)CC(=O)O[C@H]1[C@@H](OC)[C@@H](OC)[C@H](OC[C@H]2/C=C(C)/C=C/C(=O)[C@H](C)C[C@H](CC=O)[C@H](O[C@@H]3O[C@H](C)[C@@H](O[C@H]4C[C@@](C)(O)[C@@H](OC(=O)CC(C)C)[C@H](C)O4)[C@H](N(C)C)[C@H]3O)[C@@H](C)[C@H](OC(C)=O)CC(=O)O[C@@H]2CC)O[C@@H]1C,True,,-1.945,-1.783090591430664,-2.354384183883667,-1.3156689405441284,37,15,22,1
tylvalosin,Tylvalosin (Ì©Íò¾úËØ),REF_TYLVALOSIN,repository_reference,O68_attached_to_C64,68,64,C,MPM00411,"9-cis,12-cis-Octadecadienoic acid",CCCCCC=CCC=CCCCCCCCC(=O)O,1,CCCCCC=CCC=CCCCCCCCC(=O)O[C@H]1[C@@H](OC)[C@@H](OC)[C@H](OC[C@H]2/C=C(C)/C=C/C(=O)[C@H](C)C[C@H](CC=O)[C@H](O[C@@H]3O[C@H](C)[C@@H](O[C@H]4C[C@@](C)(O)[C@@H](OC(=O)CC(C)C)[C@H](C)O4)[C@H](N(C)C)[C@H]3O)[C@@H](C)[C@H](OC(C)=O)CC(=O)O[C@@H]2CC)O[C@@H]1C,CCCCCC=CCC=CCCCCCCCC(=O)O[C@H]1[C@@H](OC)[C@@H](OC)[C@H](OC[C@H]2/C=C(C)/C=C/C(=O)[C@H](C)C[C@H](CC=O)[C@H](O[C@@H]3O[C@H](C)[C@@H](O[C@H]4C[C@@](C)(O)[C@@H](OC(=O)CC(C)C)[C@H](C)O4)[C@H](N(C)C)[C@H]3O)[C@@H](C)[C@H](OC(C)=O)CC(=O)O[C@@H]2CC)O[C@@H]1C,True,,-2.375,-1.4431356191635132,-1.9457497596740723,-1.031906008720398,38,16,22,1
tylvalosin,Tylvalosin (Ì©Íò¾úËØ),REF_TYLVALOSIN,repository_reference,O68_attached_to_C64,68,64,C,MPM00689,Heptanoate,CCCCCCC(=O)O,1,CCCCCCC(=O)O[C@H]1[C@@H](OC)[C@@H](OC)[C@H](OC[C@H]2/C=C(C)/C=C/C(=O)[C@H](C)C[C@H](CC=O)[C@H](O[C@@H]3O[C@H](C)[C@@H](O[C@H]4C[C@@](C)(O)[C@@H](OC(=O)CC(C)C)[C@H](C)O4)[C@H](N(C)C)[C@H]3O)[C@@H](C)[C@H](OC(C)=O)CC(=O)O[C@@H]2CC)O[C@@H]1C,CCCCCCC(=O)O[C@H]1[C@@H](OC)[C@@H](OC)[C@H](OC[C@H]2/C=C(C)/C=C/C(=O)[C@H](C)C[C@H](CC=O)[C@H](O[C@@H]3O[C@H](C)[C@@H](O[C@H]4C[C@@](C)(O)[C@@H](OC(=O)CC(C)C)[C@H](C)O4)[C@H](N(C)C)[C@H]3O)[C@@H](C)[C@H](OC(C)=O)CC(=O)O[C@@H]2CC)O[C@@H]1C,True,,-1.732,-1.8441822528839111,-2.440542697906494,-1.3562507629394531,36,14,22,1
tylvalosin,Tylvalosin (Ì©Íò¾úËØ),REF_TYLVALOSIN,repository_reference,O68_attached_to_C64,68,64,C,MPM00300,3-Hydroxynonanoic acid,CCCCCCC(O)CC(=O)O,1,CCCCCCC(O)CC(=O)O[C@H]1[C@@H](OC)[C@@H](OC)[C@H](OC[C@H]2/C=C(C)/C=C/C(=O)[C@H](C)C[C@H](CC=O)[C@H](O[C@@H]3O[C@H](C)[C@@H](O[C@H]4C[C@@](C)(O)[C@@H](OC(=O)CC(C)C)[C@H](C)O4)[C@H](N(C)C)[C@H]3O)[C@@H](C)[C@H](OC(C)=O)CC(=O)O[C@@H]2CC)O[C@@H]1C,CCCCCCC(O)CC(=O)O[C@H]1[C@@H](OC)[C@@H](OC)[C@H](OC[C@H]2/C=C(C)/C=C/C(=O)[C@H](C)C[C@H](CC=O)[C@H](O[C@@H]3O[C@H](C)[C@@H](O[C@H]4C[C@@](C)(O)[C@@H](OC(=O)CC(C)C)[C@H](C)O4)[C@H](N(C)C)[C@H]3O)[C@@H](C)[C@H](OC(C)=O)CC(=O)O[C@@H]2CC)O[C@@H]1C,True,,-1.959,-1.8339087963104248,-2.4223055839538574,-1.3524935245513916,36,14,22,1
tylvalosin,Tylvalosin (Ì©Íò¾úËØ),REF_TYLVALOSIN,repository_reference,O68_attached_to_C64,68,64,C,MPM00852,palmitoleate,CCCCCCC=CCCCCCCCC(=O)O,1,CCCCCCC=CCCCCCCCC(=O)O[C@H]1[C@@H](OC)[C@@H](OC)[C@H](OC[C@H]2/C=C(C)/C=C/C(=O)[C@H](C)C[C@H](CC=O)[C@H](O[C@@H]3O[C@H](C)[C@@H](O[C@H]4C[C@@](C)(O)[C@@H](OC(=O)CC(C)C)[C@H](C)O4)[C@H](N(C)C)[C@H]3O)[C@@H](C)[C@H](OC(C)=O)CC(=O)O[C@@H]2CC)O[C@@H]1C,CCCCCCC=CCCCCCCCC(=O)O[C@H]1[C@@H](OC)[C@@H](OC)[C@H](OC[C@H]2/C=C(C)/C=C/C(=O)[C@H](C)C[C@H](CC=O)[C@H](O[C@@H]3O[C@H](C)[C@@H](O[C@H]4C[C@@](C)(O)[C@@H](OC(=O)CC(C)C)[C@H](C)O4)[C@H](N(C)C)[C@H]3O)[C@@H](C)[C@H](OC(C)=O)CC(=O)O[C@@H]2CC)O[C@@H]1C,True,,-2.193,-1.5050163269042969,-2.0411274433135986,-1.0663796663284302,38,16,22,1
tylvalosin,Tylvalosin (Ì©Íò¾úËØ),REF_TYLVALOSIN,repository_reference,O68_attached_to_C64,68,64,C,MPM00984,trans-vaccenic acid,CCCCCCC=CCCCCCCCCCC(=O)O,1,CCCCCCC=CCCCCCCCCCC(=O)O[C@H]1[C@@H](OC)[C@@H](OC)[C@H](OC[C@H]2/C=C(C)/C=C/C(=O)[C@H](C)C[C@H](CC=O)[C@H](O[C@@H]3O[C@H](C)[C@@H](O[C@H]4C[C@@](C)(O)[C@@H](OC(=O)CC(C)C)[C@H](C)O4)[C@H](N(C)C)[C@H]3O)[C@@H](C)[C@H](OC(C)=O)CC(=O)O[C@@H]2CC)O[C@@H]1C,CCCCCCC=CCCCCCCCCCC(=O)O[C@H]1[C@@H](OC)[C@@H](OC)[C@H](OC[C@H]2/C=C(C)/C=C/C(=O)[C@H](C)C[C@H](CC=O)[C@H](O[C@@H]3O[C@H](C)[C@@H](O[C@H]4C[C@@](C)(O)[C@@H](OC(=O)CC(C)C)[C@H](C)O4)[C@H](N(C)C)[C@H]3O)[C@@H](C)[C@H](OC(C)=O)CC(=O)O[C@@H]2CC)O[C@@H]1C,True,,-2.33,-1.5087913274765015,-2.054781198501587,-1.0620723962783813,38,16,22,1
tylvalosin,Tylvalosin (Ì©Íò¾úËØ),REF_TYLVALOSIN,repository_reference,O68_attached_to_C64,68,64,C,MPM00837,Octanoate,CCCCCCCC(=O)O,1,CCCCCCCC(=O)O[C@H]1[C@@H](OC)[C@@H](OC)[C@H](OC[C@H]2/C=C(C)/C=C/C(=O)[C@H](C)C[C@H](CC=O)[C@H](O[C@@H]3O[C@H](C)[C@@H](O[C@H]4C[C@@](C)(O)[C@@H](OC(=O)CC(C)C)[C@H](C)O4)[C@H](N(C)C)[C@H]3O)[C@@H](C)[C@H](OC(C)=O)CC(=O)O[C@@H]2CC)O[C@@H]1C,CCCCCCCC(=O)O[C@H]1[C@@H](OC)[C@@H](OC)[C@H](OC[C@H]2/C=C(C)/C=C/C(=O)[C@H](C)C[C@H](CC=O)[C@H](O[C@@H]3O[C@H](C)[C@@H](O[C@H]4C[C@@](C)(O)[C@@H](OC(=O)CC(C)C)[C@H](C)O4)[C@H](N(C)C)[C@H]3O)[C@@H](C)[C@H](OC(C)=O)CC(=O)O[C@@H]2CC)O[C@@H]1C,True,,-1.747,-1.8801548480987549,-2.4882595539093018,-1.382614254951477,36,14,22,1
tylvalosin,Tylvalosin (Ì©Íò¾úËØ),REF_TYLVALOSIN,repository_reference,O68_attached_to_C64,68,64,C,MPM00293,3-Hydroxydecanoic acid,CCCCCCCC(O)CC(=O)O,1,CCCCCCCC(O)CC(=O)O[C@H]1[C@@H](OC)[C@@H](OC)[C@H](OC[C@H]2/C=C(C)/C=C/C(=O)[C@H](C)C[C@H](CC=O)[C@H](O[C@@H]3O[C@H](C)[C@@H](O[C@H]4C[C@@](C)(O)[C@@H](OC(=O)CC(C)C)[C@H](C)O4)[C@H](N(C)C)[C@H]3O)[C@@H](C)[C@H](OC(C)=O)CC(=O)O[C@@H]2CC)O[C@@H]1C,CCCCCCCC(O)CC(=O)O[C@H]1[C@@H](OC)[C@@H](OC)[C@H](OC[C@H]2/C=C(C)/C=C/C(=O)[C@H](C)C[C@H](CC=O)[C@H](O[C@@H]3O[C@H](C)[C@@H](O[C@H]4C[C@@](C)(O)[C@@H](OC(=O)CC(C)C)[C@H](C)O4)[C@H](N(C)C)[C@H]3O)[C@@H](C)[C@H](OC(C)=O)CC(=O)O[C@@H]2CC)O[C@@H]1C,True,,-1.998,-1.8563019037246704,-2.441657543182373,-1.3773744106292725,36,14,22,1
tylvalosin,Tylvalosin (Ì©Íò¾úËØ),REF_TYLVALOSIN,repository_reference,O68_attached_to_C64,68,64,C,MPM00859,Pelargonic acid,CCCCCCCCC(=O)O,1,CCCCCCCCC(=O)O[C@H]1[C@@H](OC)[C@@H](OC)[C@H](OC[C@H]2/C=C(C)/C=C/C(=O)[C@H](C)C[C@H](CC=O)[C@H](O[C@@H]3O[C@H](C)[C@@H](O[C@H]4C[C@@](C)(O)[C@@H](OC(=O)CC(C)C)[C@H](C)O4)[C@H](N(C)C)[C@H]3O)[C@@H](C)[C@H](OC(C)=O)CC(=O)O[C@@H]2CC)O[C@@H]1C,CCCCCCCCC(=O)O[C@H]1[C@@H](OC)[C@@H](OC)[C@H](OC[C@H]2/C=C(C)/C=C/C(=O)[C@H](C)C[C@H](CC=O)[C@H](O[C@@H]3O[C@H](C)[C@@H](O[C@H]4C[C@@](C)(O)[C@@H](OC(=O)CC(C)C)[C@H](C)O4)[C@H](N(C)C)[C@H]3O)[C@@H](C)[C@H](OC(C)=O)CC(=O)O[C@@H]2CC)O[C@@H]1C,True,,-1.786,-1.847731351852417,-2.449873685836792,-1.3550693988800049,36,14,22,1
tylvalosin,Tylvalosin (Ì©Íò¾úËØ),REF_TYLVALOSIN,repository_reference,O68_attached_to_C64,68,64,C,MPM00839,Oleic acid,CCCCCCCCC=CCCCCCCCC(=O)O,1,CCCCCCCCC=CCCCCCCCC(=O)O[C@H]1[C@@H](OC)[C@@H](OC)[C@H](OC[C@H]2/C=C(C)/C=C/C(=O)[C@H](C)C[C@H](CC=O)[C@H](O[C@@H]3O[C@H](C)[C@@H](O[C@H]4C[C@@](C)(O)[C@@H](OC(=O)CC(C)C)[C@H](C)O4)[C@H](N(C)C)[C@H]3O)[C@@H](C)[C@H](OC(C)=O)CC(=O)O[C@@H]2CC)O[C@@H]1C,CCCCCCCCC=CCCCCCCCC(=O)O[C@H]1[C@@H](OC)[C@@H](OC)[C@H](OC[C@H]2/C=C(C)/C=C/C(=O)[C@H](C)C[C@H](CC=O)[C@H](O[C@@H]3O[C@H](C)[C@@H](O[C@H]4C[C@@](C)(O)[C@@H](OC(=O)CC(C)C)[C@H](C)O4)[C@H](N(C)C)[C@H]3O)[C@@H](C)[C@H](OC(C)=O)CC(=O)O[C@@H]2CC)O[C@@H]1C,True,,-2.238,-1.5087913274765015,-2.054781198501587,-1.0620723962783813,38,16,22,1
tylvalosin,Tylvalosin (Ì©Íò¾úËØ),REF_TYLVALOSIN,repository_reference,O68_attached_to_C64,68,64,C,MPM00552,decanoate,CCCCCCCCCC(=O)O,1,CCCCCCCCCC(=O)O[C@H]1[C@@H](OC)[C@@H](OC)[C@H](OC[C@H]2/C=C(C)/C=C/C(=O)[C@H](C)C[C@H](CC=O)[C@H](O[C@@H]3O[C@H](C)[C@@H](O[C@H]4C[C@@](C)(O)[C@@H](OC(=O)CC(C)C)[C@H](C)O4)[C@H](N(C)C)[C@H]3O)[C@@H](C)[C@H](OC(C)=O)CC(=O)O[C@@H]2CC)O[C@@H]1C,CCCCCCCCCC(=O)O[C@H]1[C@@H](OC)[C@@H](OC)[C@H](OC[C@H]2/C=C(C)/C=C/C(=O)[C@H](C)C[C@H](CC=O)[C@H](O[C@@H]3O[C@H](C)[C@@H](O[C@H]4C[C@@](C)(O)[C@@H](OC(=O)CC(C)C)[C@H](C)O4)[C@H](N(C)C)[C@H]3O)[C@@H](C)[C@H](OC(C)=O)CC(=O)O[C@@H]2CC)O[C@@H]1C,True,,-1.825,-1.8751354217529297,-2.4737706184387207,-1.3853431940078735,36,14,22,1
tylvalosin,Tylvalosin (Ì©Íò¾úËØ),REF_TYLVALOSIN,repository_reference,O68_attached_to_C64,68,64,C,MPM00294,3-Hydroxydodecanoic acid,CCCCCCCCCC(O)CC(=O)O,1,CCCCCCCCCC(O)CC(=O)O[C@H]1[C@@H](OC)[C@@H](OC)[C@H](OC[C@H]2/C=C(C)/C=C/C(=O)[C@H](C)C[C@H](CC=O)[C@H](O[C@@H]3O[C@H](C)[C@@H](O[C@H]4C[C@@](C)(O)[C@@H](OC(=O)CC(C)C)[C@H](C)O4)[C@H](N(C)C)[C@H]3O)[C@@H](C)[C@H](OC(C)=O)CC(=O)O[C@@H]2CC)O[C@@H]1C,CCCCCCCCCC(O)CC(=O)O[C@H]1[C@@H](OC)[C@@H](OC)[C@H](OC[C@H]2/C=C(C)/C=C/C(=O)[C@H](C)C[C@H](CC=O)[C@H](O[C@@H]3O[C@H](C)[C@@H](O[C@H]4C[C@@](C)(O)[C@@H](OC(=O)CC(C)C)[C@H](C)O4)[C@H](N(C)C)[C@H]3O)[C@@H](C)[C@H](OC(C)=O)CC(=O)O[C@@H]2CC)O[C@@H]1C,True,,-2.077,-1.9279263019561768,-2.530442476272583,-1.4349584579467773,35,14,21,1
tylvalosin,Tylvalosin (Ì©Íò¾úËØ),REF_TYLVALOSIN,repository_reference,O68_attached_to_C64,68,64,C,MPM00606,dodecanoate,CCCCCCCCCCCC(=O)O,1,CCCCCCCCCCCC(=O)O[C@H]1[C@@H](OC)[C@@H](OC)[C@H](OC[C@H]2/C=C(C)/C=C/C(=O)[C@H](C)C[C@H](CC=O)[C@H](O[C@@H]3O[C@H](C)[C@@H](O[C@H]4C[C@@](C)(O)[C@@H](OC(=O)CC(C)C)[C@H](C)O4)[C@H](N(C)C)[C@H]3O)[C@@H](C)[C@H](OC(C)=O)CC(=O)O[C@@H]2CC)O[C@@H]1C,CCCCCCCCCCCC(=O)O[C@H]1[C@@H](OC)[C@@H](OC)[C@H](OC[C@H]2/C=C(C)/C=C/C(=O)[C@H](C)C[C@H](CC=O)[C@H](O[C@@H]3O[C@H](C)[C@@H](O[C@H]4C[C@@](C)(O)[C@@H](OC(=O)CC(C)C)[C@H](C)O4)[C@H](N(C)C)[C@H]3O)[C@@H](C)[C@H](OC(C)=O)CC(=O)O[C@@H]2CC)O[C@@H]1C,True,,-1.904,-2.01530385017395,-2.641828775405884,-1.5026923418045044,35,14,21,1
tylvalosin,Tylvalosin (Ì©Íò¾úËØ),REF_TYLVALOSIN,repository_reference,O68_attached_to_C64,68,64,C,MPM00305,3-Hydroxytetradecanoic acid,CCCCCCCCCCCC(O)CC(=O)O,1,CCCCCCCCCCCC(O)CC(=O)O[C@H]1[C@@H](OC)[C@@H](OC)[C@H](OC[C@H]2/C=C(C)/C=C/C(=O)[C@H](C)C[C@H](CC=O)[C@H](O[C@@H]3O[C@H](C)[C@@H](O[C@H]4C[C@@](C)(O)[C@@H](OC(=O)CC(C)C)[C@H](C)O4)[C@H](N(C)C)[C@H]3O)[C@@H](C)[C@H](OC(C)=O)CC(=O)O[C@@H]2CC)O[C@@H]1C,CCCCCCCCCCCC(O)CC(=O)O[C@H]1[C@@H](OC)[C@@H](OC)[C@H](OC[C@H]2/C=C(C)/C=C/C(=O)[C@H](C)C[C@H](CC=O)[C@H](O[C@@H]3O[C@H](C)[C@@H](O[C@H]4C[C@@](C)(O)[C@@H](OC(=O)CC(C)C)[C@H](C)O4)[C@H](N(C)C)[C@H]3O)[C@@H](C)[C@H](OC(C)=O)CC(=O)O[C@@H]2CC)O[C@@H]1C,True,,-2.156,-1.9590675830841064,-2.5809803009033203,-1.4502297639846802,35,14,21,1
tylvalosin,Tylvalosin (Ì©Íò¾úËØ),REF_TYLVALOSIN,repository_reference,O68_attached_to_C64,68,64,C,MPM00864,Petroselaidic acid,CCCCCCCCCCCC=CCCCCC(=O)O,1,CCCCCCCCCCCC=CCCCCC(=O)O[C@H]1[C@@H](OC)[C@@H](OC)[C@H](OC[C@H]2/C=C(C)/C=C/C(=O)[C@H](C)C[C@H](CC=O)[C@H](O[C@@H]3O[C@H](C)[C@@H](O[C@H]4C[C@@](C)(O)[C@@H](OC(=O)CC(C)C)[C@H](C)O4)[C@H](N(C)C)[C@H]3O)[C@@H](C)[C@H](OC(C)=O)CC(=O)O[C@@H]2CC)O[C@@H]1C,CCCCCCCCCCCC=CCCCCC(=O)O[C@H]1[C@@H](OC)[C@@H](OC)[C@H](OC[C@H]2/C=C(C)/C=C/C(=O)[C@H](C)C[C@H](CC=O)[C@H](O[C@@H]3O[C@H](C)[C@@H](O[C@H]4C[C@@](C)(O)[C@@H](OC(=O)CC(C)C)[C@H](C)O4)[C@H](N(C)C)[C@H]3O)[C@@H](C)[C@H](OC(C)=O)CC(=O)O[C@@H]2CC)O[C@@H]1C,True,,-2.165,-1.5473887920379639,-2.105999708175659,-1.0903435945510864,38,16,22,1
tylvalosin,Tylvalosin (Ì©Íò¾úËØ),REF_TYLVALOSIN,repository_reference,O68_attached_to_C64,68,64,C,MPM00967,tetradecanoate,CCCCCCCCCCCCCC(=O)O,1,CCCCCCCCCCCCCC(=O)O[C@H]1[C@@H](OC)[C@@H](OC)[C@H](OC[C@H]2/C=C(C)/C=C/C(=O)[C@H](C)C[C@H](CC=O)[C@H](O[C@@H]3O[C@H](C)[C@@H](O[C@H]4C[C@@](C)(O)[C@@H](OC(=O)CC(C)C)[C@H](C)O4)[C@H](N(C)C)[C@H]3O)[C@@H](C)[C@H](OC(C)=O)CC(=O)O[C@@H]2CC)O[C@@H]1C,CCCCCCCCCCCCCC(=O)O[C@H]1[C@@H](OC)[C@@H](OC)[C@H](OC[C@H]2/C=C(C)/C=C/C(=O)[C@H](C)C[C@H](CC=O)[C@H](O[C@@H]3O[C@H](C)[C@@H](O[C@H]4C[C@@](C)(O)[C@@H](OC(=O)CC(C)C)[C@H](C)O4)[C@H](N(C)C)[C@H]3O)[C@@H](C)[C@H](OC(C)=O)CC(=O)O[C@@H]2CC)O[C@@H]1C,True,,-1.983,-2.020883560180664,-2.6536130905151367,-1.5031962394714355,35,14,21,1
tylvalosin,Tylvalosin (Ì©Íò¾úËØ),REF_TYLVALOSIN,repository_reference,O68_attached_to_C64,68,64,C,MPM00296,3-Hydroxyhexadecanoic acid,CCCCCCCCCCCCCC(O)CC(=O)O,1,CCCCCCCCCCCCCC(O)CC(=O)O[C@H]1[C@@H](OC)[C@@H](OC)[C@H](OC[C@H]2/C=C(C)/C=C/C(=O)[C@H](C)C[C@H](CC=O)[C@H](O[C@@H]3O[C@H](C)[C@@H](O[C@H]4C[C@@](C)(O)[C@@H](OC(=O)CC(C)C)[C@H](C)O4)[C@H](N(C)C)[C@H]3O)[C@@H](C)[C@H](OC(C)=O)CC(=O)O[C@@H]2CC)O[C@@H]1C,CCCCCCCCCCCCCC(O)CC(=O)O[C@H]1[C@@H](OC)[C@@H](OC)[C@H](OC[C@H]2/C=C(C)/C=C/C(=O)[C@H](C)C[C@H](CC=O)[C@H](O[C@@H]3O[C@H](C)[C@@H](O[C@H]4C[C@@](C)(O)[C@@H](OC(=O)CC(C)C)[C@H](C)O4)[C@H](N(C)C)[C@H]3O)[C@@H](C)[C@H](OC(C)=O)CC(=O)O[C@@H]2CC)O[C@@H]1C,True,,-2.235,-1.9011709690093994,-2.522054433822632,-1.3931761980056763,36,14,22,1
tylvalosin,Tylvalosin (Ì©Íò¾úËØ),REF_TYLVALOSIN,repository_reference,O68_attached_to_C64,68,64,C,MPM00511,Cetylic acid,CCCCCCCCCCCCCCCC(=O)O,1,CCCCCCCCCCCCCCCC(=O)O[C@H]1[C@@H](OC)[C@@H](OC)[C@H](OC[C@H]2/C=C(C)/C=C/C(=O)[C@H](C)C[C@H](CC=O)[C@H](O[C@@H]3O[C@H](C)[C@@H](O[C@H]4C[C@@](C)(O)[C@@H](OC(=O)CC(C)C)[C@H](C)O4)[C@H](N(C)C)[C@H]3O)[C@@H](C)[C@H](OC(C)=O)CC(=O)O[C@@H]2CC)O[C@@H]1C,CCCCCCCCCCCCCCCC(=O)O[C@H]1[C@@H](OC)[C@@H](OC)[C@H](OC[C@H]2/C=C(C)/C=C/C(=O)[C@H](C)C[C@H](CC=O)[C@H](O[C@@H]3O[C@H](C)[C@@H](O[C@H]4C[C@@](C)(O)[C@@H](OC(=O)CC(C)C)[C@H](C)O4)[C@H](N(C)C)[C@H]3O)[C@@H](C)[C@H](OC(C)=O)CC(=O)O[C@@H]2CC)O[C@@H]1C,True,,-2.062,-2.0063629150390625,-2.647455930709839,-1.481832504272461,35,14,21,1
tylvalosin,Tylvalosin (Ì©Íò¾úËØ),REF_TYLVALOSIN,repository_reference,O68_attached_to_C64,68,64,C,MPM00955,Stearic acid,CCCCCCCCCCCCCCCCCC(=O)O,1,CCCCCCCCCCCCCCCCCC(=O)O[C@H]1[C@@H](OC)[C@@H](OC)[C@H](OC[C@H]2/C=C(C)/C=C/C(=O)[C@H](C)C[C@H](CC=O)[C@H](O[C@@H]3O[C@H](C)[C@@H](O[C@H]4C[C@@](C)(O)[C@@H](OC(=O)CC(C)C)[C@H](C)O4)[C@H](N(C)C)[C@H]3O)[C@@H](C)[C@H](OC(C)=O)CC(=O)O[C@@H]2CC)O[C@@H]1C,CCCCCCCCCCCCCCCCCC(=O)O[C@H]1[C@@H](OC)[C@@H](OC)[C@H](OC[C@H]2/C=C(C)/C=C/C(=O)[C@H](C)C[C@H](CC=O)[C@H](O[C@@H]3O[C@H](C)[C@@H](O[C@H]4C[C@@](C)(O)[C@@H](OC(=O)CC(C)C)[C@H](C)O4)[C@H](N(C)C)[C@H]3O)[C@@H](C)[C@H](OC(C)=O)CC(=O)O[C@@H]2CC)O[C@@H]1C,True,,-2.142,-2.042278289794922,-2.6859915256500244,-1.5156038999557495,35,14,21,1
tylvalosin,Tylvalosin (Ì©Íò¾úËØ),REF_TYLVALOSIN,repository_reference,O68_attached_to_C64,68,64,C,MPM01526,N-Methylglycine,CNCC(=O)O,1,CC[C@H]1OC(=O)C[C@@H](OC(C)=O)[C@H](C)[C@@H](O[C@@H]2O[C@H](C)[C@@H](O[C@H]3C[C@@](C)(O)[C@@H](OC(=O)CC(C)C)[C@H](C)O3)[C@H](N(C)C)[C@H]2O)[C@@H](CC=O)C[C@@H](C)C(=O)/C=C/C(C)=C/[C@@H]1CO[C@@H]1O[C@H](C)[C@@H](OC(=O)CNC)[C@@H](OC)[C@H]1OC,CC[C@H]1OC(=O)C[C@@H](OC(C)=O)[C@H](C)[C@@H](O[C@@H]2O[C@H](C)[C@@H](O[C@H]3C[C@@](C)(O)[C@@H](OC(=O)CC(C)C)[C@H](C)O3)[C@H](N(C)C)[C@H]2O)[C@@H](CC=O)C[C@@H](C)C(=O)/C=C/C(C)=C/[C@@H]1CO[C@@H]1O[C@H](C)[C@@H](OC(=O)CNC)[C@@H](OC)[C@H]1OC,True,,-1.158,-1.860391616821289,-2.440070629119873,-1.3861083984375,36,15,21,1
tylvalosin,Tylvalosin (Ì©Íò¾úËØ),REF_TYLVALOSIN,repository_reference,O68_attached_to_C64,68,64,C,MPM00346,4-Hydroxy-3-methoxycinnamate,COc1cc(C=CC(=O)O)ccc1O,1,CC[C@H]1OC(=O)C[C@@H](OC(C)=O)[C@H](C)[C@@H](O[C@@H]2O[C@H](C)[C@@H](O[C@H]3C[C@@](C)(O)[C@@H](OC(=O)CC(C)C)[C@H](C)O3)[C@H](N(C)C)[C@H]2O)[C@@H](CC=O)C[C@@H](C)C(=O)/C=C/C(C)=C/[C@@H]1CO[C@@H]1O[C@H](C)[C@@H](OC(=O)C=Cc2ccc(O)c(OC)c2)[C@@H](OC)[C@H]1OC,CC[C@H]1OC(=O)C[C@@H](OC(C)=O)[C@H](C)[C@@H](O[C@@H]2O[C@H](C)[C@@H](O[C@H]3C[C@@](C)(O)[C@@H](OC(=O)CC(C)C)[C@H](C)O3)[C@H](N(C)C)[C@H]2O)[C@@H](CC=O)C[C@@H](C)C(=O)/C=C/C(C)=C/[C@@H]1CO[C@@H]1O[C@H](C)[C@@H](OC(=O)C=Cc2ccc(O)c(OC)c2)[C@@H](OC)[C@H]1OC,True,,-0.828,-1.7541515827178955,-2.358499765396118,-1.259684681892395,37,15,22,1
tylvalosin,Tylvalosin (Ì©Íò¾úËØ),REF_TYLVALOSIN,repository_reference,O68_attached_to_C64,68,64,C,MPM01482,L-Methionine (R)-S-oxide,CS(=O)CCC(N)C(=O)O,1,CC[C@H]1OC(=O)C[C@@H](OC(C)=O)[C@H](C)[C@@H](O[C@@H]2O[C@H](C)[C@@H](O[C@H]3C[C@@](C)(O)[C@@H](OC(=O)CC(C)C)[C@H](C)O3)[C@H](N(C)C)[C@H]2O)[C@@H](CC=O)C[C@@H](C)C(=O)/C=C/C(C)=C/[C@@H]1CO[C@@H]1O[C@H](C)[C@@H](OC(=O)C(N)CCS(C)=O)[C@@H](OC)[C@H]1OC,CC[C@H]1OC(=O)C[C@@H](OC(C)=O)[C@H](C)[C@@H](O[C@@H]2O[C@H](C)[C@@H](O[C@H]3C[C@@](C)(O)[C@@H](OC(=O)CC(C)C)[C@H](C)O3)[C@H](N(C)C)[C@H]2O)[C@@H](CC=O)C[C@@H](C)C(=O)/C=C/C(C)=C/[C@@H]1CO[C@@H]1O[C@H](C)[C@@H](OC(=O)C(N)CCS(C)=O)[C@@H](OC)[C@H]1OC,True,,-1.628,-1.7413337230682373,-2.322131395339966,-1.266135573387146,37,16,21,1
tylvalosin,Tylvalosin (Ì©Íò¾úËØ),REF_TYLVALOSIN,repository_reference,O68_attached_to_C64,68,64,C,MPM01356,D-2-Amino-4-(methylthio)butyric acid,CSCCC(N)C(=O)O,1,CC[C@H]1OC(=O)C[C@@H](OC(C)=O)[C@H](C)[C@@H](O[C@@H]2O[C@H](C)[C@@H](O[C@H]3C[C@@](C)(O)[C@@H](OC(=O)CC(C)C)[C@H](C)O3)[C@H](N(C)C)[C@H]2O)[C@@H](CC=O)C[C@@H](C)C(=O)/C=C/C(C)=C/[C@@H]1CO[C@@H]1O[C@H](C)[C@@H](OC(=O)C(N)CCSC)[C@@H](OC)[C@H]1OC,CC[C@H]1OC(=O)C[C@@H](OC(C)=O)[C@H](C)[C@@H](O[C@@H]2O[C@H](C)[C@@H](O[C@H]3C[C@@](C)(O)[C@@H](OC(=O)CC(C)C)[C@H](C)O3)[C@H](N(C)C)[C@H]2O)[C@@H](CC=O)C[C@@H](C)C(=O)/C=C/C(C)=C/[C@@H]1CO[C@@H]1O[C@H](C)[C@@H](OC(=O)C(N)CCSC)[C@@H](OC)[C@H]1OC,True,,-1.828,-1.825284719467163,-2.455937385559082,-1.3092962503433228,35,14,21,1
tylvalosin,Tylvalosin (Ì©Íò¾úËØ),REF_TYLVALOSIN,repository_reference,O68_attached_to_C64,68,64,C,MPM00678,Glycylmethionine,CSCCC(NC(=O)CN)C(=O)O,1,CC[C@H]1OC(=O)C[C@@H](OC(C)=O)[C@H](C)[C@@H](O[C@@H]2O[C@H](C)[C@@H](O[C@H]3C[C@@](C)(O)[C@@H](OC(=O)CC(C)C)[C@H](C)O3)[C@H](N(C)C)[C@H]2O)[C@@H](CC=O)C[C@@H](C)C(=O)/C=C/C(C)=C/[C@@H]1CO[C@@H]1O[C@H](C)[C@@H](OC(=O)C(CCSC)NC(=O)CN)[C@@H](OC)[C@H]1OC,CC[C@H]1OC(=O)C[C@@H](OC(C)=O)[C@H](C)[C@@H](O[C@@H]2O[C@H](C)[C@@H](O[C@H]3C[C@@](C)(O)[C@@H](OC(=O)CC(C)C)[C@H](C)O3)[C@H](N(C)C)[C@H]2O)[C@@H](CC=O)C[C@@H](C)C(=O)/C=C/C(C)=C/[C@@H]1CO[C@@H]1O[C@H](C)[C@@H](OC(=O)C(CCSC)NC(=O)CN)[C@@H](OC)[C@H]1OC,True,,-1.605,-1.6881822347640991,-2.2798659801483154,-1.2040772438049316,38,17,21,1
tylvalosin,Tylvalosin (Ì©Íò¾úËØ),REF_TYLVALOSIN,repository_reference,O68_attached_to_C64,68,64,C,MPM01143,2-Aminosuccinamic acid,NC(=O)CC(N)C(=O)O,1,CC[C@H]1OC(=O)C[C@@H](OC(C)=O)[C@H](C)[C@@H](O[C@@H]2O[C@H](C)[C@@H](O[C@H]3C[C@@](C)(O)[C@@H](OC(=O)CC(C)C)[C@H](C)O3)[C@H](N(C)C)[C@H]2O)[C@@H](CC=O)C[C@@H](C)C(=O)/C=C/C(C)=C/[C@@H]1CO[C@@H]1O[C@H](C)[C@@H](OC(=O)C(N)CC(N)=O)[C@@H](OC)[C@H]1OC,CC[C@H]1OC(=O)C[C@@H](OC(C)=O)[C@H](C)[C@@H](O[C@@H]2O[C@H](C)[C@@H](O[C@H]3C[C@@](C)(O)[C@@H](OC(=O)CC(C)C)[C@H](C)O3)[C@H](N(C)C)[C@H]2O)[C@@H](CC=O)C[C@@H](C)C(=O)/C=C/C(C)=C/[C@@H]1CO[C@@H]1O[C@H](C)[C@@H](OC(=O)C(N)CC(N)=O)[C@@H](OC)[C@H]1OC,True,,-1.161,-1.917641043663025,-2.4753339290618896,-1.4613467454910278,34,14,20,1
tylvalosin,Tylvalosin (Ì©Íò¾úËØ),REF_TYLVALOSIN,repository_reference,O68_attached_to_C64,68,64,C,MPM01464,L-2-Aminoglutaramic acid,NC(=O)CCC(N)C(=O)O,1,CC[C@H]1OC(=O)C[C@@H](OC(C)=O)[C@H](C)[C@@H](O[C@@H]2O[C@H](C)[C@@H](O[C@H]3C[C@@](C)(O)[C@@H](OC(=O)CC(C)C)[C@H](C)O3)[C@H](N(C)C)[C@H]2O)[C@@H](CC=O)C[C@@H](C)C(=O)/C=C/C(C)=C/[C@@H]1CO[C@@H]1O[C@H](C)[C@@H](OC(=O)C(N)CCC(N)=O)[C@@H](OC)[C@H]1OC,CC[C@H]1OC(=O)C[C@@H](OC(C)=O)[C@H](C)[C@@H](O[C@@H]2O[C@H](C)[C@@H](O[C@H]3C[C@@](C)(O)[C@@H](OC(=O)CC(C)C)[C@H](C)O3)[C@H](N(C)C)[C@H]2O)[C@@H](CC=O)C[C@@H](C)C(=O)/C=C/C(C)=C/[C@@H]1CO[C@@H]1O[C@H](C)[C@@H](OC(=O)C(N)CCC(N)=O)[C@@H](OC)[C@H]1OC,True,,-1.234,-1.9691879749298096,-2.541931629180908,-1.5005794763565063,34,14,20,1
tylvalosin,Tylvalosin (Ì©Íò¾úËØ),REF_TYLVALOSIN,repository_reference,O68_attached_to_C64,68,64,C,MPM00951,S-Succinyldihydrolipoamide,NC(=O)CCCCC(S)CCSC(=O)CCC(=O)O,1,CC[C@H]1OC(=O)C[C@@H](OC(C)=O)[C@H](C)[C@@H](O[C@@H]2O[C@H](C)[C@@H](O[C@H]3C[C@@](C)(O)[C@@H](OC(=O)CC(C)C)[C@H](C)O3)[C@H](N(C)C)[C@H]2O)[C@@H](CC=O)C[C@@H](C)C(=O)/C=C/C(C)=C/[C@@H]1CO[C@@H]1O[C@H](C)[C@@H](OC(=O)CCC(=O)SCCC(S)CCCCC(N)=O)[C@@H](OC)[C@H]1OC,CC[C@H]1OC(=O)C[C@@H](OC(C)=O)[C@H](C)[C@@H](O[C@@H]2O[C@H](C)[C@@H](O[C@H]3C[C@@](C)(O)[C@@H](OC(=O)CC(C)C)[C@H](C)O3)[C@H](N(C)C)[C@H]2O)[C@@H](CC=O)C[C@@H](C)C(=O)/C=C/C(C)=C/[C@@H]1CO[C@@H]1O[C@H](C)[C@@H](OC(=O)CCC(=O)SCCC(S)CCCCC(N)=O)[C@@H](OC)[C@H]1OC,True,,-4.18,-1.544426441192627,-2.0758042335510254,-1.1096625328063965,38,16,22,1
tylvalosin,Tylvalosin (Ì©Íò¾úËØ),REF_TYLVALOSIN,repository_reference,O68_attached_to_C64,68,64,C,MPM00444,Allophanic acid,NC(=O)NC(=O)O,1,CC[C@H]1OC(=O)C[C@@H](OC(C)=O)[C@H](C)[C@@H](O[C@@H]2O[C@H](C)[C@@H](O[C@H]3C[C@@](C)(O)[C@@H](OC(=O)CC(C)C)[C@H](C)O3)[C@H](N(C)C)[C@H]2O)[C@@H](CC=O)C[C@@H](C)C(=O)/C=C/C(C)=C/[C@@H]1CO[C@@H]1O[C@H](C)[C@@H](OC(=O)NC(N)=O)[C@@H](OC)[C@H]1OC,CC[C@H]1OC(=O)C[C@@H](OC(C)=O)[C@H](C)[C@@H](O[C@@H]2O[C@H](C)[C@@H](O[C@H]3C[C@@](C)(O)[C@@H](OC(=O)CC(C)C)[C@H](C)O3)[C@H](N(C)C)[C@H]2O)[C@@H](CC=O)C[C@@H](C)C(=O)/C=C/C(C)=C/[C@@H]1CO[C@@H]1O[C@H](C)[C@@H](OC(=O)NC(N)=O)[C@@H](OC)[C@H]1OC,True,,-1.951,-2.2395501136779785,-2.83164381980896,-1.7551097869873047,32,12,20,1
tylvalosin,Tylvalosin (Ì©Íò¾úËØ),REF_TYLVALOSIN,repository_reference,O68_attached_to_C64,68,64,C,MPM00442,Allantoic acid,NC(=O)NC(NC(N)=O)C(=O)O,1,CC[C@H]1OC(=O)C[C@@H](OC(C)=O)[C@H](C)[C@@H](O[C@@H]2O[C@H](C)[C@@H](O[C@H]3C[C@@](C)(O)[C@@H](OC(=O)CC(C)C)[C@H](C)O3)[C@H](N(C)C)[C@H]2O)[C@@H](CC=O)C[C@@H](C)C(=O)/C=C/C(C)=C/[C@@H]1CO[C@@H]1O[C@H](C)[C@@H](OC(=O)C(NC(N)=O)NC(N)=O)[C@@H](OC)[C@H]1OC,CC[C@H]1OC(=O)C[C@@H](OC(C)=O)[C@H](C)[C@@H](O[C@@H]2O[C@H](C)[C@@H](O[C@H]3C[C@@](C)(O)[C@@H](OC(=O)CC(C)C)[C@H](C)O3)[C@H](N(C)C)[C@H]2O)[C@@H](CC=O)C[C@@H](C)C(=O)/C=C/C(C)=C/[C@@H]1CO[C@@H]1O[C@H](C)[C@@H](OC(=O)C(NC(N)=O)NC(N)=O)[C@@H](OC)[C@H]1OC,True,,-2.227,-1.6803293228149414,-2.1799540519714355,-1.2715455293655396,37,16,21,1
tylvalosin,Tylvalosin (Ì©Íò¾úËØ),REF_TYLVALOSIN,repository_reference,O68_attached_to_C64,68,64,C,MPM00004,(-)-Ureidoglycolate,NC(=O)NC(O)C(=O)O,1,CC[C@H]1OC(=O)C[C@@H](OC(C)=O)[C@H](C)[C@@H](O[C@@H]2O[C@H](C)[C@@H](O[C@H]3C[C@@](C)(O)[C@@H](OC(=O)CC(C)C)[C@H](C)O3)[C@H](N(C)C)[C@H]2O)[C@@H](CC=O)C[C@@H](C)C(=O)/C=C/C(C)=C/[C@@H]1CO[C@@H]1O[C@H](C)[C@@H](OC(=O)C(O)NC(N)=O)[C@@H](OC)[C@H]1OC,CC[C@H]1OC(=O)C[C@@H](OC(C)=O)[C@H](C)[C@@H](O[C@@H]2O[C@H](C)[C@@H](O[C@H]3C[C@@](C)(O)[C@@H](OC(=O)CC(C)C)[C@H](C)O3)[C@H](N(C)C)[C@H]2O)[C@@H](CC=O)C[C@@H](C)C(=O)/C=C/C(C)=C/[C@@H]1CO[C@@H]1O[C@H](C)[C@@H](OC(=O)C(O)NC(N)=O)[C@@H](OC)[C@H]1OC,True,,-1.859,-2.13517689704895,-2.678050994873047,-1.6910072565078735,34,14,20,1
tylvalosin,Tylvalosin (Ì©Íò¾úËØ),REF_TYLVALOSIN,repository_reference,O68_attached_to_C64,68,64,C,MPM00254,2-Oxo-4-hydroxy-4-carboxy-5-ureidoimidazoline,NC(=O)NC1=NC(=O)NC1(O)C(=O)O,1,CC[C@H]1OC(=O)C[C@@H](OC(C)=O)[C@H](C)[C@@H](O[C@@H]2O[C@H](C)[C@@H](O[C@H]3C[C@@](C)(O)[C@@H](OC(=O)CC(C)C)[C@H](C)O3)[C@H](N(C)C)[C@H]2O)[C@@H](CC=O)C[C@@H](C)C(=O)/C=C/C(C)=C/[C@@H]1CO[C@@H]1O[C@H](C)[C@@H](OC(=O)C2(O)NC(=O)N=C2NC(N)=O)[C@@H](OC)[C@H]1OC,CC[C@H]1OC(=O)C[C@@H](OC(C)=O)[C@H](C)[C@@H](O[C@@H]2O[C@H](C)[C@@H](O[C@H]3C[C@@](C)(O)[C@@H](OC(=O)CC(C)C)[C@H](C)O3)[C@H](N(C)C)[C@H]2O)[C@@H](CC=O)C[C@@H](C)C(=O)/C=C/C(C)=C/[C@@H]1CO[C@@H]1O[C@H](C)[C@@H](OC(=O)C2(O)NC(=O)N=C2NC(N)=O)[C@@H](OC)[C@H]1OC,True,,-2.464,-1.6334598064422607,-2.058595657348633,-1.2856216430664062,39,17,22,1
tylvalosin,Tylvalosin (Ì©Íò¾úËØ),REF_TYLVALOSIN,repository_reference,O68_attached_to_C64,68,64,C,MPM00815,N-Carbamoyl-beta-alanine,NC(=O)NCCC(=O)O,1,CC[C@H]1OC(=O)C[C@@H](OC(C)=O)[C@H](C)[C@@H](O[C@@H]2O[C@H](C)[C@@H](O[C@H]3C[C@@](C)(O)[C@@H](OC(=O)CC(C)C)[C@H](C)O3)[C@H](N(C)C)[C@H]2O)[C@@H](CC=O)C[C@@H](C)C(=O)/C=C/C(C)=C/[C@@H]1CO[C@@H]1O[C@H](C)[C@@H](OC(=O)CCNC(N)=O)[C@@H](OC)[C@H]1OC,CC[C@H]1OC(=O)C[C@@H](OC(C)=O)[C@H](C)[C@@H](O[C@@H]2O[C@H](C)[C@@H](O[C@H]3C[C@@](C)(O)[C@@H](OC(=O)CC(C)C)[C@H](C)O3)[C@H](N(C)C)[C@H]2O)[C@@H](CC=O)C[C@@H](C)C(=O)/C=C/C(C)=C/[C@@H]1CO[C@@H]1O[C@H](C)[C@@H](OC(=O)CCNC(N)=O)[C@@H](OC)[C@H]1OC,True,,-1.71,-1.8183350563049316,-2.364168643951416,-1.3717442750930786,36,15,21,1
tylvalosin,Tylvalosin (Ì©Íò¾úËØ),REF_TYLVALOSIN,repository_reference,O68_attached_to_C64,68,64,C,MPM01334,Citrulline,NC(=O)NCCCC(N)C(=O)O,1,CC[C@H]1OC(=O)C[C@@H](OC(C)=O)[C@H](C)[C@@H](O[C@@H]2O[C@H](C)[C@@H](O[C@H]3C[C@@](C)(O)[C@@H](OC(=O)CC(C)C)[C@H](C)O3)[C@H](N(C)C)[C@H]2O)[C@@H](CC=O)C[C@@H](C)C(=O)/C=C/C(C)=C/[C@@H]1CO[C@@H]1O[C@H](C)[C@@H](OC(=O)C(N)CCCNC(N)=O)[C@@H](OC)[C@H]1OC,CC[C@H]1OC(=O)C[C@@H](OC(C)=O)[C@H](C)[C@@H](O[C@@H]2O[C@H](C)[C@@H](O[C@H]3C[C@@](C)(O)[C@@H](OC(=O)CC(C)C)[C@H](C)O3)[C@H](N(C)C)[C@H]2O)[C@@H](CC=O)C[C@@H](C)C(=O)/C=C/C(C)=C/[C@@H]1CO[C@@H]1O[C@H](C)[C@@H](OC(=O)C(N)CCCNC(N)=O)[C@@H](OC)[C@H]1OC,True,,-1.605,-1.775991678237915,-2.336677074432373,-1.3172485828399658,36,15,21,1
tylvalosin,Tylvalosin (Ì©Íò¾úËØ),REF_TYLVALOSIN,repository_reference,O68_attached_to_C64,68,64,C,MPM01438,Hydroxythreonine,NC(C(=O)O)C(O)CO,1,CC[C@H]1OC(=O)C[C@@H](OC(C)=O)[C@H](C)[C@@H](O[C@@H]2O[C@H](C)[C@@H](O[C@H]3C[C@@](C)(O)[C@@H](OC(=O)CC(C)C)[C@H](C)O3)[C@H](N(C)C)[C@H]2O)[C@@H](CC=O)C[C@@H](C)C(=O)/C=C/C(C)=C/[C@@H]1CO[C@@H]1O[C@H](C)[C@@H](OC(=O)C(N)C(O)CO)[C@@H](OC)[C@H]1OC,CC[C@H]1OC(=O)C[C@@H](OC(C)=O)[C@H](C)[C@@H](O[C@@H]2O[C@H](C)[C@@H](O[C@H]3C[C@@](C)(O)[C@@H](OC(=O)CC(C)C)[C@H](C)O3)[C@H](N(C)C)[C@H]2O)[C@@H](CC=O)C[C@@H](C)C(=O)/C=C/C(C)=C/[C@@H]1CO[C@@H]1O[C@H](C)[C@@H](OC(=O)C(N)C(O)CO)[C@@H](OC)[C@H]1OC,True,,-1.585,-1.8395745754241943,-2.413771629333496,-1.3697775602340698,36,15,21,1
tylvalosin,Tylvalosin (Ì©Íò¾úËØ),REF_TYLVALOSIN,repository_reference,O68_attached_to_C64,68,64,C,MPM00363,4-Phosphooxy-L-threonine,NC(C(=O)O)C(O)COP(=O)(O)O,1,CC[C@H]1OC(=O)C[C@@H](OC(C)=O)[C@H](C)[C@@H](O[C@@H]2O[C@H](C)[C@@H](O[C@H]3C[C@@](C)(O)[C@@H](OC(=O)CC(C)C)[C@H](C)O3)[C@H](N(C)C)[C@H]2O)[C@@H](CC=O)C[C@@H](C)C(=O)/C=C/C(C)=C/[C@@H]1CO[C@@H]1O[C@H](C)[C@@H](OC(=O)C(N)C(O)COP(=O)(O)O)[C@@H](OC)[C@H]1OC,CC[C@H]1OC(=O)C[C@@H](OC(C)=O)[C@H](C)[C@@H](O[C@@H]2O[C@H](C)[C@@H](O[C@H]3C[C@@](C)(O)[C@@H](OC(=O)CC(C)C)[C@H](C)O3)[C@H](N(C)C)[C@H]2O)[C@@H](CC=O)C[C@@H](C)C(=O)/C=C/C(C)=C/[C@@H]1CO[C@@H]1O[C@H](C)[C@@H](OC(=O)C(N)C(O)COP(=O)(O)O)[C@@H](OC)[C@H]1OC,True,,-1.681,-1.6557178497314453,-2.1730587482452393,-1.2324388027191162,38,16,22,1
tylvalosin,Tylvalosin (Ì©Íò¾úËØ),REF_TYLVALOSIN,repository_reference,O68_attached_to_C64,68,64,C,MPM01144,2-Ammoniomalonate semialdehyde,NC(C=O)C(=O)O,1,CC[C@H]1OC(=O)C[C@@H](OC(C)=O)[C@H](C)[C@@H](O[C@@H]2O[C@H](C)[C@@H](O[C@H]3C[C@@](C)(O)[C@@H](OC(=O)CC(C)C)[C@H](C)O3)[C@H](N(C)C)[C@H]2O)[C@@H](CC=O)C[C@@H](C)C(=O)/C=C/C(C)=C/[C@@H]1CO[C@@H]1O[C@H](C)[C@@H](OC(=O)C(N)C=O)[C@@H](OC)[C@H]1OC,CC[C@H]1OC(=O)C[C@@H](OC(C)=O)[C@H](C)[C@@H](O[C@@H]2O[C@H](C)[C@@H](O[C@H]3C[C@@](C)(O)[C@@H](OC(=O)CC(C)C)[C@H](C)O3)[C@H](N(C)C)[C@H]2O)[C@@H](CC=O)C[C@@H](C)C(=O)/C=C/C(C)=C/[C@@H]1CO[C@@H]1O[C@H](C)[C@@H](OC(=O)C(N)C=O)[C@@H](OC)[C@H]1OC,True,,-1.456,-2.066453695297241,-2.6264963150024414,-1.6082371473312378,34,14,20,1
tylvalosin,Tylvalosin (Ì©Íò¾úËØ),REF_TYLVALOSIN,repository_reference,O68_attached_to_C64,68,64,C,MPM01475,L-Glutamate 1-semialdehyde,NC(C=O)CCC(=O)O,1,CC[C@H]1OC(=O)C[C@@H](OC(C)=O)[C@H](C)[C@@H](O[C@@H]2O[C@H](C)[C@@H](O[C@H]3C[C@@](C)(O)[C@@H](OC(=O)CC(C)C)[C@H](C)O3)[C@H](N(C)C)[C@H]2O)[C@@H](CC=O)C[C@@H](C)C(=O)/C=C/C(C)=C/[C@@H]1CO[C@@H]1O[C@H](C)[C@@H](OC(=O)CCC(N)C=O)[C@@H](OC)[C@H]1OC,CC[C@H]1OC(=O)C[C@@H](OC(C)=O)[C@H](C)[C@@H](O[C@@H]2O[C@H](C)[C@@H](O[C@H]3C[C@@](C)(O)[C@@H](OC(=O)CC(C)C)[C@H](C)O3)[C@H](N(C)C)[C@H]2O)[C@@H](CC=O)C[C@@H](C)C(=O)/C=C/C(C)=C/[C@@H]1CO[C@@H]1O[C@H](C)[C@@H](OC(=O)CCC(N)C=O)[C@@H](OC)[C@H]1OC,True,,-1.716,-1.7903072834014893,-2.336991548538208,-1.3430198431015015,36,14,22,1
tylvalosin,Tylvalosin (Ì©Íò¾úËØ),REF_TYLVALOSIN,repository_reference,O68_attached_to_C64,68,64,C,MPM01471,L-Aspartic 4-semialdehyde,NC(CC=O)C(=O)O,1,CC[C@H]1OC(=O)C[C@@H](OC(C)=O)[C@H](C)[C@@H](O[C@@H]2O[C@H](C)[C@@H](O[C@H]3C[C@@](C)(O)[C@@H](OC(=O)CC(C)C)[C@H](C)O3)[C@H](N(C)C)[C@H]2O)[C@@H](CC=O)C[C@@H](C)C(=O)/C=C/C(C)=C/[C@@H]1CO[C@@H]1O[C@H](C)[C@@H](OC(=O)C(N)CC=O)[C@@H](OC)[C@H]1OC,CC[C@H]1OC(=O)C[C@@H](OC(C)=O)[C@H](C)[C@@H](O[C@@H]2O[C@H](C)[C@@H](O[C@H]3C[C@@](C)(O)[C@@H](OC(=O)CC(C)C)[C@H](C)O3)[C@H](N(C)C)[C@H]2O)[C@@H](CC=O)C[C@@H](C)C(=O)/C=C/C(C)=C/[C@@H]1CO[C@@H]1O[C@H](C)[C@@H](OC(=O)C(N)CC=O)[C@@H](OC)[C@H]1OC,True,,-1.627,-1.9477514028549194,-2.534484624862671,-1.4676969051361084,35,14,21,1
tylvalosin,Tylvalosin (Ì©Íò¾úËØ),REF_TYLVALOSIN,repository_reference,O68_attached_to_C64,68,64,C,MPM01476,L-Glutamate gamma-semialdehyde,NC(CCC=O)C(=O)O,1,CC[C@H]1OC(=O)C[C@@H](OC(C)=O)[C@H](C)[C@@H](O[C@@H]2O[C@H](C)[C@@H](O[C@H]3C[C@@](C)(O)[C@@H](OC(=O)CC(C)C)[C@H](C)O3)[C@H](N(C)C)[C@H]2O)[C@@H](CC=O)C[C@@H](C)C(=O)/C=C/C(C)=C/[C@@H]1CO[C@@H]1O[C@H](C)[C@@H](OC(=O)C(N)CCC=O)[C@@H](OC)[C@H]1OC,CC[C@H]1OC(=O)C[C@@H](OC(C)=O)[C@H](C)[C@@H](O[C@@H]2O[C@H](C)[C@@H](O[C@H]3C[C@@](C)(O)[C@@H](OC(=O)CC(C)C)[C@H](C)O3)[C@H](N(C)C)[C@H]2O)[C@@H](CC=O)C[C@@H](C)C(=O)/C=C/C(C)=C/[C@@H]1CO[C@@H]1O[C@H](C)[C@@H](OC(=O)C(N)CCC=O)[C@@H](OC)[C@H]1OC,True,,-1.699,-2.023362874984741,-2.586470127105713,-1.5626388788223267,35,14,21,1
tylvalosin,Tylvalosin (Ì©Íò¾úËØ),REF_TYLVALOSIN,repository_reference,O68_attached_to_C64,68,64,C,MPM01076,(S)-2-Amino-6-oxohexanoate,NC(CCCC=O)C(=O)O,1,CC[C@H]1OC(=O)C[C@@H](OC(C)=O)[C@H](C)[C@@H](O[C@@H]2O[C@H](C)[C@@H](O[C@H]3C[C@@](C)(O)[C@@H](OC(=O)CC(C)C)[C@H](C)O3)[C@H](N(C)C)[C@H]2O)[C@@H](CC=O)C[C@@H](C)C(=O)/C=C/C(C)=C/[C@@H]1CO[C@@H]1O[C@H](C)[C@@H](OC(=O)C(N)CCCC=O)[C@@H](OC)[C@H]1OC,CC[C@H]1OC(=O)C[C@@H](OC(C)=O)[C@H](C)[C@@H](O[C@@H]2O[C@H](C)[C@@H](O[C@H]3C[C@@](C)(O)[C@@H](OC(=O)CC(C)C)[C@H](C)O3)[C@H](N(C)C)[C@H]2O)[C@@H](CC=O)C[C@@H](C)C(=O)/C=C/C(C)=C/[C@@H]1CO[C@@H]1O[C@H](C)[C@@H](OC(=O)C(N)CCCC=O)[C@@H](OC)[C@H]1OC,True,,-1.765,-1.9903510808944702,-2.5619564056396484,-1.5226738452911377,35,14,21,1
tylvalosin,Tylvalosin (Ì©Íò¾úËØ),REF_TYLVALOSIN,repository_reference,O68_attached_to_C64,68,64,C,MPM00800,N6-(D-Fructosyl)-L-lysine,NC(CCCCNCC(=O)C(O)C(O)C(O)CO)C(=O)O,1,CC[C@H]1OC(=O)C[C@@H](OC(C)=O)[C@H](C)[C@@H](O[C@@H]2O[C@H](C)[C@@H](O[C@H]3C[C@@](C)(O)[C@@H](OC(=O)CC(C)C)[C@H](C)O3)[C@H](N(C)C)[C@H]2O)[C@@H](CC=O)C[C@@H](C)C(=O)/C=C/C(C)=C/[C@@H]1CO[C@@H]1O[C@H](C)[C@@H](OC(=O)C(N)CCCCNCC(=O)C(O)C(O)C(O)CO)[C@@H](OC)[C@H]1OC,CC[C@H]1OC(=O)C[C@@H](OC(C)=O)[C@H](C)[C@@H](O[C@@H]2O[C@H](C)[C@@H](O[C@H]3C[C@@](C)(O)[C@@H](OC(=O)CC(C)C)[C@H](C)O3)[C@H](N(C)C)[C@H]2O)[C@@H](CC=O)C[C@@H](C)C(=O)/C=C/C(C)=C/[C@@H]1CO[C@@H]1O[C@H](C)[C@@H](OC(=O)C(N)CCCCNCC(=O)C(O)C(O)C(O)CO)[C@@H](OC)[C@H]1OC,True,,-2.042,-1.668748378753662,-2.2646379470825195,-1.1812018156051636,37,16,21,1
tylvalosin,Tylvalosin (Ì©Íò¾úËØ),REF_TYLVALOSIN,repository_reference,O68_attached_to_C64,68,64,C,MPM01141,2-Amino-4-hydroxybutyric acid,NC(CCO)C(=O)O,1,CC[C@H]1OC(=O)C[C@@H](OC(C)=O)[C@H](C)[C@@H](O[C@@H]2O[C@H](C)[C@@H](O[C@H]3C[C@@](C)(O)[C@@H](OC(=O)CC(C)C)[C@H](C)O3)[C@H](N(C)C)[C@H]2O)[C@@H](CC=O)C[C@@H](C)C(=O)/C=C/C(C)=C/[C@@H]1CO[C@@H]1O[C@H](C)[C@@H](OC(=O)C(N)CCO)[C@@H](OC)[C@H]1OC,CC[C@H]1OC(=O)C[C@@H](OC(C)=O)[C@H](C)[C@@H](O[C@@H]2O[C@H](C)[C@@H](O[C@H]3C[C@@](C)(O)[C@@H](OC(=O)CC(C)C)[C@H](C)O3)[C@H](N(C)C)[C@H]2O)[C@@H](CC=O)C[C@@H](C)C(=O)/C=C/C(C)=C/[C@@H]1CO[C@@H]1O[C@H](C)[C@@H](OC(=O)C(N)CCO)[C@@H](OC)[C@H]1OC,True,,-1.313,-1.8644886016845703,-2.4189465045928955,-1.4108409881591797,35,14,21,1
tylvalosin,Tylvalosin (Ì©Íò¾úËØ),REF_TYLVALOSIN,repository_reference,O68_attached_to_C64,68,64,C,MPM00698,Homocysteine,NC(CCS)C(=O)O,1,CC[C@H]1OC(=O)C[C@@H](OC(C)=O)[C@H](C)[C@@H](O[C@@H]2O[C@H](C)[C@@H](O[C@H]3C[C@@](C)(O)[C@@H](OC(=O)CC(C)C)[C@H](C)O3)[C@H](N(C)C)[C@H]2O)[C@@H](CC=O)C[C@@H](C)C(=O)/C=C/C(C)=C/[C@@H]1CO[C@@H]1O[C@H](C)[C@@H](OC(=O)C(N)CCS)[C@@H](OC)[C@H]1OC,CC[C@H]1OC(=O)C[C@@H](OC(C)=O)[C@H](C)[C@@H](O[C@@H]2O[C@H](C)[C@@H](O[C@H]3C[C@@](C)(O)[C@@H](OC(=O)CC(C)C)[C@H](C)O3)[C@H](N(C)C)[C@H]2O)[C@@H](CC=O)C[C@@H](C)C(=O)/C=C/C(C)=C/[C@@H]1CO[C@@H]1O[C@H](C)[C@@H](OC(=O)C(N)CCS)[C@@H](OC)[C@H]1OC,True,,-2.679,-1.8571884632110596,-2.4739973545074463,-1.3525266647338867,35,14,21,1
tylvalosin,Tylvalosin (Ì©Íò¾úËØ),REF_TYLVALOSIN,repository_reference,O68_attached_to_C64,68,64,C,MPM01379,D-Serine,NC(CO)C(=O)O,1,CC[C@H]1OC(=O)C[C@@H](OC(C)=O)[C@H](C)[C@@H](O[C@@H]2O[C@H](C)[C@@H](O[C@H]3C[C@@](C)(O)[C@@H](OC(=O)CC(C)C)[C@H](C)O3)[C@H](N(C)C)[C@H]2O)[C@@H](CC=O)C[C@@H](C)C(=O)/C=C/C(C)=C/[C@@H]1CO[C@@H]1O[C@H](C)[C@@H](OC(=O)C(N)CO)[C@@H](OC)[C@H]1OC,CC[C@H]1OC(=O)C[C@@H](OC(C)=O)[C@H](C)[C@@H](O[C@@H]2O[C@H](C)[C@@H](O[C@H]3C[C@@](C)(O)[C@@H](OC(=O)CC(C)C)[C@H](C)O3)[C@H](N(C)C)[C@H]2O)[C@@H](CC=O)C[C@@H](C)C(=O)/C=C/C(C)=C/[C@@H]1CO[C@@H]1O[C@H](C)[C@@H](OC(=O)C(N)CO)[C@@H](OC)[C@H]1OC,True,,-1.316,-1.9872552156448364,-2.5747954845428467,-1.5065401792526245,35,15,20,1
tylvalosin,Tylvalosin (Ì©Íò¾úËØ),REF_TYLVALOSIN,repository_reference,O68_attached_to_C64,68,64,C,MPM00325,3-Phospho-L-serine,NC(COP(=O)(O)O)C(=O)O,1,CC[C@H]1OC(=O)C[C@@H](OC(C)=O)[C@H](C)[C@@H](O[C@@H]2O[C@H](C)[C@@H](O[C@H]3C[C@@](C)(O)[C@@H](OC(=O)CC(C)C)[C@H](C)O3)[C@H](N(C)C)[C@H]2O)[C@@H](CC=O)C[C@@H](C)C(=O)/C=C/C(C)=C/[C@@H]1CO[C@@H]1O[C@H](C)[C@@H](OC(=O)C(N)COP(=O)(O)O)[C@@H](OC)[C@H]1OC,CC[C@H]1OC(=O)C[C@@H](OC(C)=O)[C@H](C)[C@@H](O[C@@H]2O[C@H](C)[C@@H](O[C@H]3C[C@@](C)(O)[C@@H](OC(=O)CC(C)C)[C@H](C)O3)[C@H](N(C)C)[C@H]2O)[C@@H](CC=O)C[C@@H](C)C(=O)/C=C/C(C)=C/[C@@H]1CO[C@@H]1O[C@H](C)[C@@H](OC(=O)C(N)COP(=O)(O)O)[C@@H](OC)[C@H]1OC,True,,-1.422,-1.7271835803985596,-2.2410924434661865,-1.3067123889923096,37,15,22,1
tylvalosin,Tylvalosin (Ì©Íò¾úËØ),REF_TYLVALOSIN,repository_reference,O68_attached_to_C64,68,64,C,MPM00667,glycerol 1-phosphoserine(1-),NC(COP(=O)(O)OCC(O)CO)C(=O)O,1,CC[C@H]1OC(=O)C[C@@H](OC(C)=O)[C@H](C)[C@@H](O[C@@H]2O[C@H](C)[C@@H](O[C@H]3C[C@@](C)(O)[C@@H](OC(=O)CC(C)C)[C@H](C)O3)[C@H](N(C)C)[C@H]2O)[C@@H](CC=O)C[C@@H](C)C(=O)/C=C/C(C)=C/[C@@H]1CO[C@@H]1O[C@H](C)[C@@H](OC(=O)C(N)COP(=O)(O)OCC(O)CO)[C@@H](OC)[C@H]1OC,CC[C@H]1OC(=O)C[C@@H](OC(C)=O)[C@H](C)[C@@H](O[C@@H]2O[C@H](C)[C@@H](O[C@H]3C[C@@](C)(O)[C@@H](OC(=O)CC(C)C)[C@H](C)O3)[C@H](N(C)C)[C@H]2O)[C@@H](CC=O)C[C@@H](C)C(=O)/C=C/C(C)=C/[C@@H]1CO[C@@H]1O[C@H](C)[C@@H](OC(=O)C(N)COP(=O)(O)OCC(O)CO)[C@@H](OC)[C@H]1OC,True,,-1.651,-1.684067964553833,-2.224069118499756,-1.2422484159469604,36,15,21,1
tylvalosin,Tylvalosin (Ì©Íò¾úËØ),REF_TYLVALOSIN,repository_reference,O68_attached_to_C64,68,64,C,MPM00199,2-Amino-3-sulfopropionic acid,NC(CS(=O)(=O)O)C(=O)O,1,CC[C@H]1OC(=O)C[C@@H](OC(C)=O)[C@H](C)[C@@H](O[C@@H]2O[C@H](C)[C@@H](O[C@H]3C[C@@](C)(O)[C@@H](OC(=O)CC(C)C)[C@H](C)O3)[C@H](N(C)C)[C@H]2O)[C@@H](CC=O)C[C@@H](C)C(=O)/C=C/C(C)=C/[C@@H]1CO[C@@H]1O[C@H](C)[C@@H](OC(=O)C(N)CS(=O)(=O)O)[C@@H](OC)[C@H]1OC,CC[C@H]1OC(=O)C[C@@H](OC(C)=O)[C@H](C)[C@@H](O[C@@H]2O[C@H](C)[C@@H](O[C@H]3C[C@@](C)(O)[C@@H](OC(=O)CC(C)C)[C@H](C)O3)[C@H](N(C)C)[C@H]2O)[C@@H](CC=O)C[C@@H](C)C(=O)/C=C/C(C)=C/[C@@H]1CO[C@@H]1O[C@H](C)[C@@H](OC(=O)C(N)CS(=O)(=O)O)[C@@H](OC)[C@H]1OC,True,,-1.14,-1.9651106595993042,-2.506070137023926,-1.5225077867507935,36,15,21,1
tylvalosin,Tylvalosin (Ì©Íò¾úËØ),REF_TYLVALOSIN,repository_reference,O68_attached_to_C64,68,64,C,MPM00329,3-Sulfinoalanine,NC(CS(=O)O)C(=O)O,1,CC[C@H]1OC(=O)C[C@@H](OC(C)=O)[C@H](C)[C@@H](O[C@@H]2O[C@H](C)[C@@H](O[C@H]3C[C@@](C)(O)[C@@H](OC(=O)CC(C)C)[C@H](C)O3)[C@H](N(C)C)[C@H]2O)[C@@H](CC=O)C[C@@H](C)C(=O)/C=C/C(C)=C/[C@@H]1CO[C@@H]1O[C@H](C)[C@@H](OC(=O)C(N)CS(=O)O)[C@@H](OC)[C@H]1OC,CC[C@H]1OC(=O)C[C@@H](OC(C)=O)[C@H](C)[C@@H](O[C@@H]2O[C@H](C)[C@@H](O[C@H]3C[C@@](C)(O)[C@@H](OC(=O)CC(C)C)[C@H](C)O3)[C@H](N(C)C)[C@H]2O)[C@@H](CC=O)C[C@@H](C)C(=O)/C=C/C(C)=C/[C@@H]1CO[C@@H]1O[C@H](C)[C@@H](OC(=O)C(N)CS(=O)O)[C@@H](OC)[C@H]1OC,True,,-1.071,-1.9460968971252441,-2.5308971405029297,-1.4676239490509033,35,14,21,1
tylvalosin,Tylvalosin (Ì©Íò¾úËØ),REF_TYLVALOSIN,repository_reference,O68_attached_to_C64,68,64,C,MPM01473,L-Cysteinylglycine,NC(CS)C(=O)NCC(=O)O,1,CC[C@H]1OC(=O)C[C@@H](OC(C)=O)[C@H](C)[C@@H](O[C@@H]2O[C@H](C)[C@@H](O[C@H]3C[C@@](C)(O)[C@@H](OC(=O)CC(C)C)[C@H](C)O3)[C@H](N(C)C)[C@H]2O)[C@@H](CC=O)C[C@@H](C)C(=O)/C=C/C(C)=C/[C@@H]1CO[C@@H]1O[C@H](C)[C@@H](OC(=O)CNC(=O)C(N)CS)[C@@H](OC)[C@H]1OC,CC[C@H]1OC(=O)C[C@@H](OC(C)=O)[C@H](C)[C@@H](O[C@@H]2O[C@H](C)[C@@H](O[C@H]3C[C@@](C)(O)[C@@H](OC(=O)CC(C)C)[C@H](C)O3)[C@H](N(C)C)[C@H]2O)[C@@H](CC=O)C[C@@H](C)C(=O)/C=C/C(C)=C/[C@@H]1CO[C@@H]1O[C@H](C)[C@@H](OC(=O)CNC(=O)C(N)CS)[C@@H](OC)[C@H]1OC,True,,-2.584,-1.702605962753296,-2.28159761428833,-1.2288851737976074,36,15,21,1
tylvalosin,Tylvalosin (Ì©Íò¾úËØ),REF_TYLVALOSIN,repository_reference,O68_attached_to_C64,68,64,C,MPM01361,D-Amino-3-mercaptopropionic acid,NC(CS)C(=O)O,1,CC[C@H]1OC(=O)C[C@@H](OC(C)=O)[C@H](C)[C@@H](O[C@@H]2O[C@H](C)[C@@H](O[C@H]3C[C@@](C)(O)[C@@H](OC(=O)CC(C)C)[C@H](C)O3)[C@H](N(C)C)[C@H]2O)[C@@H](CC=O)C[C@@H](C)C(=O)/C=C/C(C)=C/[C@@H]1CO[C@@H]1O[C@H](C)[C@@H](OC(=O)C(N)CS)[C@@H](OC)[C@H]1OC,CC[C@H]1OC(=O)C[C@@H](OC(C)=O)[C@H](C)[C@@H](O[C@@H]2O[C@H](C)[C@@H](O[C@H]3C[C@@](C)(O)[C@@H](OC(=O)CC(C)C)[C@H](C)O3)[C@H](N(C)C)[C@H]2O)[C@@H](CC=O)C[C@@H](C)C(=O)/C=C/C(C)=C/[C@@H]1CO[C@@H]1O[C@H](C)[C@@H](OC(=O)C(N)CS)[C@@H](OC)[C@H]1OC,True,,-2.613,-1.8805789947509766,-2.492588520050049,-1.3798439502716064,35,14,21,1
tylvalosin,Tylvalosin (Ì©Íò¾úËØ),REF_TYLVALOSIN,repository_reference,O68_attached_to_C64,68,64,C,MPM01078,(S)-alpha-Amino-beta-(3-indolyl)-propionic acid,NC(Cc1c[nH]c2ccccc12)C(=O)O,1,CC[C@H]1OC(=O)C[C@@H](OC(C)=O)[C@H](C)[C@@H](O[C@@H]2O[C@H](C)[C@@H](O[C@H]3C[C@@](C)(O)[C@@H](OC(=O)CC(C)C)[C@H](C)O3)[C@H](N(C)C)[C@H]2O)[C@@H](CC=O)C[C@@H](C)C(=O)/C=C/C(C)=C/[C@@H]1CO[C@@H]1O[C@H](C)[C@@H](OC(=O)C(N)Cc2c[nH]c3ccccc23)[C@@H](OC)[C@H]1OC,CC[C@H]1OC(=O)C[C@@H](OC(C)=O)[C@H](C)[C@@H](O[C@@H]2O[C@H](C)[C@@H](O[C@H]3C[C@@](C)(O)[C@@H](OC(=O)CC(C)C)[C@H](C)O3)[C@H](N(C)C)[C@H]2O)[C@@H](CC=O)C[C@@H](C)C(=O)/C=C/C(C)=C/[C@@H]1CO[C@@H]1O[C@H](C)[C@@H](OC(=O)C(N)Cc2c[nH]c3ccccc23)[C@@H](OC)[C@H]1OC,True,,-0.523,-2.0212409496307373,-2.602219343185425,-1.5458954572677612,36,14,22,1
tylvalosin,Tylvalosin (Ì©Íò¾úËØ),REF_TYLVALOSIN,repository_reference,O68_attached_to_C64,68,64,C,MPM01639,Tyrosine,NC(Cc1ccc(O)cc1)C(=O)O,1,CC[C@H]1OC(=O)C[C@@H](OC(C)=O)[C@H](C)[C@@H](O[C@@H]2O[C@H](C)[C@@H](O[C@H]3C[C@@](C)(O)[C@@H](OC(=O)CC(C)C)[C@H](C)O3)[C@H](N(C)C)[C@H]2O)[C@@H](CC=O)C[C@@H](C)C(=O)/C=C/C(C)=C/[C@@H]1CO[C@@H]1O[C@H](C)[C@@H](OC(=O)C(N)Cc2ccc(O)cc2)[C@@H](OC)[C@H]1OC,CC[C@H]1OC(=O)C[C@@H](OC(C)=O)[C@H](C)[C@@H](O[C@@H]2O[C@H](C)[C@@H](O[C@H]3C[C@@](C)(O)[C@@H](OC(=O)CC(C)C)[C@H](C)O3)[C@H](N(C)C)[C@H]2O)[C@@H](CC=O)C[C@@H](C)C(=O)/C=C/C(C)=C/[C@@H]1CO[C@@H]1O[C@H](C)[C@@H](OC(=O)C(N)Cc2ccc(O)cc2)[C@@H](OC)[C@H]1OC,True,,-1.137,-1.9498941898345947,-2.594909429550171,-1.4221546649932861,34,12,22,1
tylvalosin,Tylvalosin (Ì©Íò¾úËØ),REF_TYLVALOSIN,repository_reference,O68_attached_to_C64,68,64,C,MPM00895,Phosphonotyrosine,NC(Cc1ccc(OP(=O)(O)O)cc1)C(=O)O,1,CC[C@H]1OC(=O)C[C@@H](OC(C)=O)[C@H](C)[C@@H](O[C@@H]2O[C@H](C)[C@@H](O[C@H]3C[C@@](C)(O)[C@@H](OC(=O)CC(C)C)[C@H](C)O3)[C@H](N(C)C)[C@H]2O)[C@@H](CC=O)C[C@@H](C)C(=O)/C=C/C(C)=C/[C@@H]1CO[C@@H]1O[C@H](C)[C@@H](OC(=O)C(N)Cc2ccc(OP(=O)(O)O)cc2)[C@@H](OC)[C@H]1OC,CC[C@H]1OC(=O)C[C@@H](OC(C)=O)[C@H](C)[C@@H](O[C@@H]2O[C@H](C)[C@@H](O[C@H]3C[C@@](C)(O)[C@@H](OC(=O)CC(C)C)[C@H](C)O3)[C@H](N(C)C)[C@H]2O)[C@@H](CC=O)C[C@@H](C)C(=O)/C=C/C(C)=C/[C@@H]1CO[C@@H]1O[C@H](C)[C@@H](OC(=O)C(N)Cc2ccc(OP(=O)(O)O)cc2)[C@@H](OC)[C@H]1OC,True,,-1.682,-1.9568641185760498,-2.55410099029541,-1.4682159423828125,34,12,22,1
tylvalosin,Tylvalosin (Ì©Íò¾úËØ),REF_TYLVALOSIN,repository_reference,O68_attached_to_C64,68,64,C,MPM00612,D-phenylalanine,NC(Cc1ccccc1)C(=O)O,1,CC[C@H]1OC(=O)C[C@@H](OC(C)=O)[C@H](C)[C@@H](O[C@@H]2O[C@H](C)[C@@H](O[C@H]3C[C@@](C)(O)[C@@H](OC(=O)CC(C)C)[C@H](C)O3)[C@H](N(C)C)[C@H]2O)[C@@H](CC=O)C[C@@H](C)C(=O)/C=C/C(C)=C/[C@@H]1CO[C@@H]1O[C@H](C)[C@@H](OC(=O)C(N)Cc2ccccc2)[C@@H](OC)[C@H]1OC,CC[C@H]1OC(=O)C[C@@H](OC(C)=O)[C@H](C)[C@@H](O[C@@H]2O[C@H](C)[C@@H](O[C@H]3C[C@@](C)(O)[C@@H](OC(=O)CC(C)C)[C@H](C)O3)[C@H](N(C)C)[C@H]2O)[C@@H](CC=O)C[C@@H](C)C(=O)/C=C/C(C)=C/[C@@H]1CO[C@@H]1O[C@H](C)[C@@H](OC(=O)C(N)Cc2ccccc2)[C@@H](OC)[C@H]1OC,True,,-1.498,-2.0979995727539062,-2.764342784881592,-1.5528095960617065,33,12,21,1
tylvalosin,Tylvalosin (Ì©Íò¾úËØ),REF_TYLVALOSIN,repository_reference,O68_attached_to_C64,68,64,C,MPM01077,(S)-alpha-Amino-1H-imidazole-4-propionic acid,NC(Cc1cnc[nH]1)C(=O)O,1,CC[C@H]1OC(=O)C[C@@H](OC(C)=O)[C@H](C)[C@@H](O[C@@H]2O[C@H](C)[C@@H](O[C@H]3C[C@@](C)(O)[C@@H](OC(=O)CC(C)C)[C@H](C)O3)[C@H](N(C)C)[C@H]2O)[C@@H](CC=O)C[C@@H](C)C(=O)/C=C/C(C)=C/[C@@H]1CO[C@@H]1O[C@H](C)[C@@H](OC(=O)C(N)Cc2cnc[nH]2)[C@@H](OC)[C@H]1OC,CC[C@H]1OC(=O)C[C@@H](OC(C)=O)[C@H](C)[C@@H](O[C@@H]2O[C@H](C)[C@@H](O[C@H]3C[C@@](C)(O)[C@@H](OC(=O)CC(C)C)[C@H](C)O3)[C@H](N(C)C)[C@H]2O)[C@@H](CC=O)C[C@@H](C)C(=O)/C=C/C(C)=C/[C@@H]1CO[C@@H]1O[C@H](C)[C@@H](OC(=O)C(N)Cc2cnc[nH]2)[C@@H](OC)[C@H]1OC,True,,-1.502,-1.8114850521087646,-2.4335975646972656,-1.3024837970733643,35,14,21,1
tylvalosin,Tylvalosin (Ì©Íò¾úËØ),REF_TYLVALOSIN,repository_reference,O68_attached_to_C64,68,64,C,MPM01165,2-Oxoarginine,NC(N)=NCCCC(=O)C(=O)O,1,CC[C@H]1OC(=O)C[C@@H](OC(C)=O)[C@H](C)[C@@H](O[C@@H]2O[C@H](C)[C@@H](O[C@H]3C[C@@](C)(O)[C@@H](OC(=O)CC(C)C)[C@H](C)O3)[C@H](N(C)C)[C@H]2O)[C@@H](CC=O)C[C@@H](C)C(=O)/C=C/C(C)=C/[C@@H]1CO[C@@H]1O[C@H](C)[C@@H](OC(=O)C(=O)CCCN=C(N)N)[C@@H](OC)[C@H]1OC,CC[C@H]1OC(=O)C[C@@H](OC(C)=O)[C@H](C)[C@@H](O[C@@H]2O[C@H](C)[C@@H](O[C@H]3C[C@@](C)(O)[C@@H](OC(=O)CC(C)C)[C@H](C)O3)[C@H](N(C)C)[C@H]2O)[C@@H](CC=O)C[C@@H](C)C(=O)/C=C/C(C)=C/[C@@H]1CO[C@@H]1O[C@H](C)[C@@H](OC(=O)C(=O)CCCN=C(N)N)[C@@H](OC)[C@H]1OC,True,,-1.451,-1.6732308864593506,-2.17075252532959,-1.2661678791046143,36,15,21,1
tylvalosin,Tylvalosin (Ì©Íò¾úËØ),REF_TYLVALOSIN,repository_reference,O68_attached_to_C64,68,64,C,MPM00541,D-2-Amino-5-guanidinovaleric acid,NC(N)=NCCCC(N)C(=O)O,1,CC[C@H]1OC(=O)C[C@@H](OC(C)=O)[C@H](C)[C@@H](O[C@@H]2O[C@H](C)[C@@H](O[C@H]3C[C@@](C)(O)[C@@H](OC(=O)CC(C)C)[C@H](C)O3)[C@H](N(C)C)[C@H]2O)[C@@H](CC=O)C[C@@H](C)C(=O)/C=C/C(C)=C/[C@@H]1CO[C@@H]1O[C@H](C)[C@@H](OC(=O)C(N)CCCN=C(N)N)[C@@H](OC)[C@H]1OC,CC[C@H]1OC(=O)C[C@@H](OC(C)=O)[C@H](C)[C@@H](O[C@@H]2O[C@H](C)[C@@H](O[C@H]3C[C@@](C)(O)[C@@H](OC(=O)CC(C)C)[C@H](C)O3)[C@H](N(C)C)[C@H]2O)[C@@H](CC=O)C[C@@H](C)C(=O)/C=C/C(C)=C/[C@@H]1CO[C@@H]1O[C@H](C)[C@@H](OC(=O)C(N)CCCN=C(N)N)[C@@H](OC)[C@H]1OC,True,,-1.338,-1.587401270866394,-2.1246750354766846,-1.1478136777877808,37,15,22,1
tylvalosin,Tylvalosin (Ì©Íò¾úËØ),REF_TYLVALOSIN,repository_reference,O68_attached_to_C64,68,64,C,MPM01242,5-Amino-4-oxovaleric acid,NCC(=O)CCC(=O)O,1,CC[C@H]1OC(=O)C[C@@H](OC(C)=O)[C@H](C)[C@@H](O[C@@H]2O[C@H](C)[C@@H](O[C@H]3C[C@@](C)(O)[C@@H](OC(=O)CC(C)C)[C@H](C)O3)[C@H](N(C)C)[C@H]2O)[C@@H](CC=O)C[C@@H](C)C(=O)/C=C/C(C)=C/[C@@H]1CO[C@@H]1O[C@H](C)[C@@H](OC(=O)CCC(=O)CN)[C@@H](OC)[C@H]1OC,CC[C@H]1OC(=O)C[C@@H](OC(C)=O)[C@H](C)[C@@H](O[C@@H]2O[C@H](C)[C@@H](O[C@H]3C[C@@](C)(O)[C@@H](OC(=O)CC(C)C)[C@H](C)O3)[C@H](N(C)C)[C@H]2O)[C@@H](CC=O)C[C@@H](C)C(=O)/C=C/C(C)=C/[C@@H]1CO[C@@H]1O[C@H](C)[C@@H](OC(=O)CCC(=O)CN)[C@@H](OC)[C@H]1OC,True,,-1.203,-1.7071747779846191,-2.2685370445251465,-1.247878074645996,36,15,21,1
tylvalosin,Tylvalosin (Ì©Íò¾úËØ),REF_TYLVALOSIN,repository_reference,O68_attached_to_C64,68,64,C,MPM00674,Glycyl-l-glutamine,NCC(=O)NC(CCC(N)=O)C(=O)O,1,CC[C@H]1OC(=O)C[C@@H](OC(C)=O)[C@H](C)[C@@H](O[C@@H]2O[C@H](C)[C@@H](O[C@H]3C[C@@](C)(O)[C@@H](OC(=O)CC(C)C)[C@H](C)O3)[C@H](N(C)C)[C@H]2O)[C@@H](CC=O)C[C@@H](C)C(=O)/C=C/C(C)=C/[C@@H]1CO[C@@H]1O[C@H](C)[C@@H](OC(=O)C(CCC(N)=O)NC(=O)CN)[C@@H](OC)[C@H]1OC,CC[C@H]1OC(=O)C[C@@H](OC(C)=O)[C@H](C)[C@@H](O[C@@H]2O[C@H](C)[C@@H](O[C@H]3C[C@@](C)(O)[C@@H](OC(=O)CC(C)C)[C@H](C)O3)[C@H](N(C)C)[C@H]2O)[C@@H](CC=O)C[C@@H](C)C(=O)/C=C/C(C)=C/[C@@H]1CO[C@@H]1O[C@H](C)[C@@H](OC(=O)C(CCC(N)=O)NC(=O)CN)[C@@H](OC)[C@H]1OC,True,,-1.009,-1.7917429208755493,-2.3350393772125244,-1.347227692604065,36,15,21,1
tylvalosin,Tylvalosin (Ì©Íò¾úËØ),REF_TYLVALOSIN,repository_reference,O68_attached_to_C64,68,64,C,MPM00673,Glycylcysteine,NCC(=O)NC(CS)C(=O)O,1,CC[C@H]1OC(=O)C[C@@H](OC(C)=O)[C@H](C)[C@@H](O[C@@H]2O[C@H](C)[C@@H](O[C@H]3C[C@@](C)(O)[C@@H](OC(=O)CC(C)C)[C@H](C)O3)[C@H](N(C)C)[C@H]2O)[C@@H](CC=O)C[C@@H](C)C(=O)/C=C/C(C)=C/[C@@H]1CO[C@@H]1O[C@H](C)[C@@H](OC(=O)C(CS)NC(=O)CN)[C@@H](OC)[C@H]1OC,CC[C@H]1OC(=O)C[C@@H](OC(C)=O)[C@H](C)[C@@H](O[C@@H]2O[C@H](C)[C@@H](O[C@H]3C[C@@](C)(O)[C@@H](OC(=O)CC(C)C)[C@H](C)O3)[C@H](N(C)C)[C@H]2O)[C@@H](CC=O)C[C@@H](C)C(=O)/C=C/C(C)=C/[C@@H]1CO[C@@H]1O[C@H](C)[C@@H](OC(=O)C(CS)NC(=O)CN)[C@@H](OC)[C@H]1OC,True,,-2.443,-1.7769620418548584,-2.347156286239624,-1.3104397058486938,37,16,21,1
tylvalosin,Tylvalosin (Ì©Íò¾úËØ),REF_TYLVALOSIN,repository_reference,O68_attached_to_C64,68,64,C,MPM00677,Glycyl-L-tyrosine,NCC(=O)NC(Cc1ccc(O)cc1)C(=O)O,1,CC[C@H]1OC(=O)C[C@@H](OC(C)=O)[C@H](C)[C@@H](O[C@@H]2O[C@H](C)[C@@H](O[C@H]3C[C@@](C)(O)[C@@H](OC(=O)CC(C)C)[C@H](C)O3)[C@H](N(C)C)[C@H]2O)[C@@H](CC=O)C[C@@H](C)C(=O)/C=C/C(C)=C/[C@@H]1CO[C@@H]1O[C@H](C)[C@@H](OC(=O)C(Cc2ccc(O)cc2)NC(=O)CN)[C@@H](OC)[C@H]1OC,CC[C@H]1OC(=O)C[C@@H](OC(C)=O)[C@H](C)[C@@H](O[C@@H]2O[C@H](C)[C@@H](O[C@H]3C[C@@](C)(O)[C@@H](OC(=O)CC(C)C)[C@H](C)O3)[C@H](N(C)C)[C@H]2O)[C@@H](CC=O)C[C@@H](C)C(=O)/C=C/C(C)=C/[C@@H]1CO[C@@H]1O[C@H](C)[C@@H](OC(=O)C(Cc2ccc(O)cc2)NC(=O)CN)[C@@H](OC)[C@H]1OC,True,,-0.909,-1.7761406898498535,-2.399188756942749,-1.2663737535476685,36,14,22,1
tylvalosin,Tylvalosin (Ì©Íò¾úËØ),REF_TYLVALOSIN,repository_reference,O68_attached_to_C64,68,64,C,MPM00676,Glycyl-L-phenylalanine,NCC(=O)NC(Cc1ccccc1)C(=O)O,1,CC[C@H]1OC(=O)C[C@@H](OC(C)=O)[C@H](C)[C@@H](O[C@@H]2O[C@H](C)[C@@H](O[C@H]3C[C@@](C)(O)[C@@H](OC(=O)CC(C)C)[C@H](C)O3)[C@H](N(C)C)[C@H]2O)[C@@H](CC=O)C[C@@H](C)C(=O)/C=C/C(C)=C/[C@@H]1CO[C@@H]1O[C@H](C)[C@@H](OC(=O)C(Cc2ccccc2)NC(=O)CN)[C@@H](OC)[C@H]1OC,CC[C@H]1OC(=O)C[C@@H](OC(C)=O)[C@H](C)[C@@H](O[C@@H]2O[C@H](C)[C@@H](O[C@H]3C[C@@](C)(O)[C@@H](OC(=O)CC(C)C)[C@H](C)O3)[C@H](N(C)C)[C@H]2O)[C@@H](CC=O)C[C@@H](C)C(=O)/C=C/C(C)=C/[C@@H]1CO[C@@H]1O[C@H](C)[C@@H](OC(=O)C(Cc2ccccc2)NC(=O)CN)[C@@H](OC)[C@H]1OC,True,,-1.279,-1.8985824584960938,-2.560206890106201,-1.3572533130645752,36,14,22,1
tylvalosin,Tylvalosin (Ì©Íò¾úËØ),REF_TYLVALOSIN,repository_reference,O68_attached_to_C64,68,64,C,MPM01413,Gly,NCC(=O)O,1,CC[C@H]1OC(=O)C[C@@H](OC(C)=O)[C@H](C)[C@@H](O[C@@H]2O[C@H](C)[C@@H](O[C@H]3C[C@@](C)(O)[C@@H](OC(=O)CC(C)C)[C@H](C)O3)[C@H](N(C)C)[C@H]2O)[C@@H](CC=O)C[C@@H](C)C(=O)/C=C/C(C)=C/[C@@H]1CO[C@@H]1O[C@H](C)[C@@H](OC(=O)CN)[C@@H](OC)[C@H]1OC,CC[C@H]1OC(=O)C[C@@H](OC(C)=O)[C@H](C)[C@@H](O[C@@H]2O[C@H](C)[C@@H](O[C@H]3C[C@@](C)(O)[C@@H](OC(=O)CC(C)C)[C@H](C)O3)[C@H](N(C)C)[C@H]2O)[C@@H](CC=O)C[C@@H](C)C(=O)/C=C/C(C)=C/[C@@H]1CO[C@@H]1O[C@H](C)[C@@H](OC(=O)CN)[C@@H](OC)[C@H]1OC,True,,-1.042,-1.9010593891143799,-2.465341091156006,-1.4393738508224487,36,15,21,1
tylvalosin,Tylvalosin (Ì©Íò¾úËØ),REF_TYLVALOSIN,repository_reference,O68_attached_to_C64,68,64,C,MPM01074,"(S)-2,3-Diaminopropanoate",NCC(N)C(=O)O,1,CC[C@H]1OC(=O)C[C@@H](OC(C)=O)[C@H](C)[C@@H](O[C@@H]2O[C@H](C)[C@@H](O[C@H]3C[C@@](C)(O)[C@@H](OC(=O)CC(C)C)[C@H](C)O3)[C@H](N(C)C)[C@H]2O)[C@@H](CC=O)C[C@@H](C)C(=O)/C=C/C(C)=C/[C@@H]1CO[C@@H]1O[C@H](C)[C@@H](OC(=O)C(N)CN)[C@@H](OC)[C@H]1OC,CC[C@H]1OC(=O)C[C@@H](OC(C)=O)[C@H](C)[C@@H](O[C@@H]2O[C@H](C)[C@@H](O[C@H]3C[C@@](C)(O)[C@@H](OC(=O)CC(C)C)[C@H](C)O3)[C@H](N(C)C)[C@H]2O)[C@@H](CC=O)C[C@@H](C)C(=O)/C=C/C(C)=C/[C@@H]1CO[C@@H]1O[C@H](C)[C@@H](OC(=O)C(N)CN)[C@@H](OC)[C@H]1OC,True,,-0.896,-1.870281457901001,-2.4296629428863525,-1.4126054048538208,35,15,20,1
tylvalosin,Tylvalosin (Ì©Íò¾úËØ),REF_TYLVALOSIN,repository_reference,O68_attached_to_C64,68,64,C,MPM01212,3-Aminopropanoate,NCCC(=O)O,1,CC[C@H]1OC(=O)C[C@@H](OC(C)=O)[C@H](C)[C@@H](O[C@@H]2O[C@H](C)[C@@H](O[C@H]3C[C@@](C)(O)[C@@H](OC(=O)CC(C)C)[C@H](C)O3)[C@H](N(C)C)[C@H]2O)[C@@H](CC=O)C[C@@H](C)C(=O)/C=C/C(C)=C/[C@@H]1CO[C@@H]1O[C@H](C)[C@@H](OC(=O)CCN)[C@@H](OC)[C@H]1OC,CC[C@H]1OC(=O)C[C@@H](OC(C)=O)[C@H](C)[C@@H](O[C@@H]2O[C@H](C)[C@@H](O[C@H]3C[C@@](C)(O)[C@@H](OC(=O)CC(C)C)[C@H](C)O3)[C@H](N(C)C)[C@H]2O)[C@@H](CC=O)C[C@@H](C)C(=O)/C=C/C(C)=C/[C@@H]1CO[C@@H]1O[C@H](C)[C@@H](OC(=O)CCN)[C@@H](OC)[C@H]1OC,True,,-1.133,-1.8707802295684814,-2.4170029163360596,-1.4238708019256592,35,15,20,1
tylvalosin,Tylvalosin (Ì©Íò¾úËØ),REF_TYLVALOSIN,repository_reference,O68_attached_to_C64,68,64,C,MPM00725,"L-2,4-Diaminobutyrate",NCCC(N)C(=O)O,1,CC[C@H]1OC(=O)C[C@@H](OC(C)=O)[C@H](C)[C@@H](O[C@@H]2O[C@H](C)[C@@H](O[C@H]3C[C@@](C)(O)[C@@H](OC(=O)CC(C)C)[C@H](C)O3)[C@H](N(C)C)[C@H]2O)[C@@H](CC=O)C[C@@H](C)C(=O)/C=C/C(C)=C/[C@@H]1CO[C@@H]1O[C@H](C)[C@@H](OC(=O)C(N)CCN)[C@@H](OC)[C@H]1OC,CC[C@H]1OC(=O)C[C@@H](OC(C)=O)[C@H](C)[C@@H](O[C@@H]2O[C@H](C)[C@@H](O[C@H]3C[C@@](C)(O)[C@@H](OC(=O)CC(C)C)[C@H](C)O3)[C@H](N(C)C)[C@H]2O)[C@@H](CC=O)C[C@@H](C)C(=O)/C=C/C(C)=C/[C@@H]1CO[C@@H]1O[C@H](C)[C@@H](OC(=O)C(N)CCN)[C@@H](OC)[C@H]1OC,True,,-0.953,-1.9695308208465576,-2.5483977794647217,-1.495912790298462,34,14,20,1
tylvalosin,Tylvalosin (Ì©Íò¾úËØ),REF_TYLVALOSIN,repository_reference,O68_attached_to_C64,68,64,C,MPM01396,GABA,NCCCC(=O)O,1,CC[C@H]1OC(=O)C[C@@H](OC(C)=O)[C@H](C)[C@@H](O[C@@H]2O[C@H](C)[C@@H](O[C@H]3C[C@@](C)(O)[C@@H](OC(=O)CC(C)C)[C@H](C)O3)[C@H](N(C)C)[C@H]2O)[C@@H](CC=O)C[C@@H](C)C(=O)/C=C/C(C)=C/[C@@H]1CO[C@@H]1O[C@H](C)[C@@H](OC(=O)CCCN)[C@@H](OC)[C@H]1OC,CC[C@H]1OC(=O)C[C@@H](OC(C)=O)[C@H](C)[C@@H](O[C@@H]2O[C@H](C)[C@@H](O[C@H]3C[C@@](C)(O)[C@@H](OC(=O)CC(C)C)[C@H](C)O3)[C@H](N(C)C)[C@H]2O)[C@@H](CC=O)C[C@@H](C)C(=O)/C=C/C(C)=C/[C@@H]1CO[C@@H]1O[C@H](C)[C@@H](OC(=O)CCCN)[C@@H](OC)[C@H]1OC,True,,-1.195,-1.7925171852111816,-2.331056594848633,-1.3518939018249512,36,15,21,1
tylvalosin,Tylvalosin (Ì©Íò¾úËØ),REF_TYLVALOSIN,repository_reference,O68_attached_to_C64,68,64,C,MPM00093,"(S)-2,5-Diaminopentanoate",NCCCC(N)C(=O)O,1,CC[C@H]1OC(=O)C[C@@H](OC(C)=O)[C@H](C)[C@@H](O[C@@H]2O[C@H](C)[C@@H](O[C@H]3C[C@@](C)(O)[C@@H](OC(=O)CC(C)C)[C@H](C)O3)[C@H](N(C)C)[C@H]2O)[C@@H](CC=O)C[C@@H](C)C(=O)/C=C/C(C)=C/[C@@H]1CO[C@@H]1O[C@H](C)[C@@H](OC(=O)C(N)CCCN)[C@@H](OC)[C@H]1OC,CC[C@H]1OC(=O)C[C@@H](OC(C)=O)[C@H](C)[C@@H](O[C@@H]2O[C@H](C)[C@@H](O[C@H]3C[C@@](C)(O)[C@@H](OC(=O)CC(C)C)[C@H](C)O3)[C@H](N(C)C)[C@H]2O)[C@@H](CC=O)C[C@@H](C)C(=O)/C=C/C(C)=C/[C@@H]1CO[C@@H]1O[C@H](C)[C@@H](OC(=O)C(N)CCCN)[C@@H](OC)[C@H]1OC,True,,-1.016,-1.9369518756866455,-2.5490336418151855,-1.4361577033996582,34,14,20,1
tylvalosin,Tylvalosin (Ì©Íò¾úËØ),REF_TYLVALOSIN,repository_reference,O68_attached_to_C64,68,64,C,MPM00742,L-beta-Lysine,NCCCC(N)CC(=O)O,1,CC[C@H]1OC(=O)C[C@@H](OC(C)=O)[C@H](C)[C@@H](O[C@@H]2O[C@H](C)[C@@H](O[C@H]3C[C@@](C)(O)[C@@H](OC(=O)CC(C)C)[C@H](C)O3)[C@H](N(C)C)[C@H]2O)[C@@H](CC=O)C[C@@H](C)C(=O)/C=C/C(C)=C/[C@@H]1CO[C@@H]1O[C@H](C)[C@@H](OC(=O)CC(N)CCCN)[C@@H](OC)[C@H]1OC,CC[C@H]1OC(=O)C[C@@H](OC(C)=O)[C@H](C)[C@@H](O[C@@H]2O[C@H](C)[C@@H](O[C@H]3C[C@@](C)(O)[C@@H](OC(=O)CC(C)C)[C@H](C)O3)[C@H](N(C)C)[C@H]2O)[C@@H](CC=O)C[C@@H](C)C(=O)/C=C/C(C)=C/[C@@H]1CO[C@@H]1O[C@H](C)[C@@H](OC(=O)CC(N)CCCN)[C@@H](OC)[C@H]1OC,True,,-1.272,-1.7616742849349976,-2.3093886375427246,-1.3135446310043335,37,16,21,1
tylvalosin,Tylvalosin (Ì©Íò¾úËØ),REF_TYLVALOSIN,repository_reference,O68_attached_to_C64,68,64,C,MPM01164,2-Oxo-6-aminocaproate,NCCCCC(=O)C(=O)O,1,CC[C@H]1OC(=O)C[C@@H](OC(C)=O)[C@H](C)[C@@H](O[C@@H]2O[C@H](C)[C@@H](O[C@H]3C[C@@](C)(O)[C@@H](OC(=O)CC(C)C)[C@H](C)O3)[C@H](N(C)C)[C@H]2O)[C@@H](CC=O)C[C@@H](C)C(=O)/C=C/C(C)=C/[C@@H]1CO[C@@H]1O[C@H](C)[C@@H](OC(=O)C(=O)CCCCN)[C@@H](OC)[C@H]1OC,CC[C@H]1OC(=O)C[C@@H](OC(C)=O)[C@H](C)[C@@H](O[C@@H]2O[C@H](C)[C@@H](O[C@H]3C[C@@](C)(O)[C@@H](OC(=O)CC(C)C)[C@H](C)O3)[C@H](N(C)C)[C@H]2O)[C@@H](CC=O)C[C@@H](C)C(=O)/C=C/C(C)=C/[C@@H]1CO[C@@H]1O[C@H](C)[C@@H](OC(=O)C(=O)CCCCN)[C@@H](OC)[C@H]1OC,True,,-1.2,-1.968464732170105,-2.516425848007202,-1.5201336145401,34,14,20,1
tylvalosin,Tylvalosin (Ì©Íò¾úËØ),REF_TYLVALOSIN,repository_reference,O68_attached_to_C64,68,64,C,MPM00184,"2,6-Diaminohexanoic acid",NCCCCC(N)C(=O)O,1,CC[C@H]1OC(=O)C[C@@H](OC(C)=O)[C@H](C)[C@@H](O[C@@H]2O[C@H](C)[C@@H](O[C@H]3C[C@@](C)(O)[C@@H](OC(=O)CC(C)C)[C@H](C)O3)[C@H](N(C)C)[C@H]2O)[C@@H](CC=O)C[C@@H](C)C(=O)/C=C/C(C)=C/[C@@H]1CO[C@@H]1O[C@H](C)[C@@H](OC(=O)C(N)CCCCN)[C@@H](OC)[C@H]1OC,CC[C@H]1OC(=O)C[C@@H](OC(C)=O)[C@H](C)[C@@H](O[C@@H]2O[C@H](C)[C@@H](O[C@H]3C[C@@](C)(O)[C@@H](OC(=O)CC(C)C)[C@H](C)O3)[C@H](N(C)C)[C@H]2O)[C@@H](CC=O)C[C@@H](C)C(=O)/C=C/C(C)=C/[C@@H]1CO[C@@H]1O[C@H](C)[C@@H](OC(=O)C(N)CCCCN)[C@@H](OC)[C@H]1OC,True,,-1.081,-1.9150707721710205,-2.5228452682495117,-1.417800784111023,34,14,20,1
tylvalosin,Tylvalosin (Ì©Íò¾úËØ),REF_TYLVALOSIN,repository_reference,O68_attached_to_C64,68,64,C,MPM00373,5-Amino-1-(5-phospho-D-ribosyl)imidazole-4-carboxylate,Nc1c(C(=O)O)ncn1C1OC(COP(=O)(O)O)C(O)C1O,1,CC[C@H]1OC(=O)C[C@@H](OC(C)=O)[C@H](C)[C@@H](O[C@@H]2O[C@H](C)[C@@H](O[C@H]3C[C@@](C)(O)[C@@H](OC(=O)CC(C)C)[C@H](C)O3)[C@H](N(C)C)[C@H]2O)[C@@H](CC=O)C[C@@H](C)C(=O)/C=C/C(C)=C/[C@@H]1CO[C@@H]1O[C@H](C)[C@@H](OC(=O)c2ncn(C3OC(COP(=O)(O)O)C(O)C3O)c2N)[C@@H](OC)[C@H]1OC,CC[C@H]1OC(=O)C[C@@H](OC(C)=O)[C@H](C)[C@@H](O[C@@H]2O[C@H](C)[C@@H](O[C@H]3C[C@@](C)(O)[C@@H](OC(=O)CC(C)C)[C@H](C)O3)[C@H](N(C)C)[C@H]2O)[C@@H](CC=O)C[C@@H](C)C(=O)/C=C/C(C)=C/[C@@H]1CO[C@@H]1O[C@H](C)[C@@H](OC(=O)c2ncn(C3OC(COP(=O)(O)O)C(O)C3O)c2N)[C@@H](OC)[C@H]1OC,True,,-4.033,-1.6947834491729736,-2.209385871887207,-1.2737449407577515,36,14,22,1
tylvalosin,Tylvalosin (Ì©Íò¾úËØ),REF_TYLVALOSIN,repository_reference,O68_attached_to_C64,68,64,C,MPM00854,p-Aminobenzoate,Nc1ccc(C(=O)O)cc1,1,CC[C@H]1OC(=O)C[C@@H](OC(C)=O)[C@H](C)[C@@H](O[C@@H]2O[C@H](C)[C@@H](O[C@H]3C[C@@](C)(O)[C@@H](OC(=O)CC(C)C)[C@H](C)O3)[C@H](N(C)C)[C@H]2O)[C@@H](CC=O)C[C@@H](C)C(=O)/C=C/C(C)=C/[C@@H]1CO[C@@H]1O[C@H](C)[C@@H](OC(=O)c2ccc(N)cc2)[C@@H](OC)[C@H]1OC,CC[C@H]1OC(=O)C[C@@H](OC(C)=O)[C@H](C)[C@@H](O[C@@H]2O[C@H](C)[C@@H](O[C@H]3C[C@@](C)(O)[C@@H](OC(=O)CC(C)C)[C@H](C)O3)[C@H](N(C)C)[C@H]2O)[C@@H](CC=O)C[C@@H](C)C(=O)/C=C/C(C)=C/[C@@H]1CO[C@@H]1O[C@H](C)[C@@H](OC(=O)c2ccc(N)cc2)[C@@H](OC)[C@H]1OC,True,,-1.104,-1.8937804698944092,-2.479409694671631,-1.4146292209625244,37,15,22,1
tylvalosin,Tylvalosin (Ì©Íò¾úËØ),REF_TYLVALOSIN,repository_reference,O68_attached_to_C64,68,64,C,MPM00406,"7,8-Dihydropteroate",Nc1nc2c(c(=O)[nH]1)N=C(CNc1ccc(C(=O)O)cc1)CN2,1,CC[C@H]1OC(=O)C[C@@H](OC(C)=O)[C@H](C)[C@@H](O[C@@H]2O[C@H](C)[C@@H](O[C@H]3C[C@@](C)(O)[C@@H](OC(=O)CC(C)C)[C@H](C)O3)[C@H](N(C)C)[C@H]2O)[C@@H](CC=O)C[C@@H](C)C(=O)/C=C/C(C)=C/[C@@H]1CO[C@@H]1O[C@H](C)[C@@H](OC(=O)c2ccc(NCC3=Nc4c(nc(N)[nH]c4=O)NC3)cc2)[C@@H](OC)[C@H]1OC,CC[C@H]1OC(=O)C[C@@H](OC(C)=O)[C@H](C)[C@@H](O[C@@H]2O[C@H](C)[C@@H](O[C@H]3C[C@@](C)(O)[C@@H](OC(=O)CC(C)C)[C@H](C)O3)[C@H](N(C)C)[C@H]2O)[C@@H](CC=O)C[C@@H](C)C(=O)/C=C/C(C)=C/[C@@H]1CO[C@@H]1O[C@H](C)[C@@H](OC(=O)c2ccc(NCC3=Nc4c(nc(N)[nH]c4=O)NC3)cc2)[C@@H](OC)[C@H]1OC,True,,-1.676,-2.0483429431915283,-2.6578991413116455,-1.5496151447296143,34,12,22,1
tylvalosin,Tylvalosin (Ì©Íò¾úËØ),REF_TYLVALOSIN,repository_reference,O68_attached_to_C64,68,64,C,MPM00938,Se-Adenosylselenohomocysteine,Nc1ncnc2c1ncn2C1OC(C[Se]CCC(N)C(=O)O)C(O)C1O,1,CC[C@H]1OC(=O)C[C@@H](OC(C)=O)[C@H](C)[C@@H](O[C@@H]2O[C@H](C)[C@@H](O[C@H]3C[C@@](C)(O)[C@@H](OC(=O)CC(C)C)[C@H](C)O3)[C@H](N(C)C)[C@H]2O)[C@@H](CC=O)C[C@@H](C)C(=O)/C=C/C(C)=C/[C@@H]1CO[C@@H]1O[C@H](C)[C@@H](OC(=O)C(N)CC[Se]CC2OC(n3cnc4c(N)ncnc43)C(O)C2O)[C@@H](OC)[C@H]1OC,CC[C@H]1OC(=O)C[C@@H](OC(C)=O)[C@H](C)[C@@H](O[C@@H]2O[C@H](C)[C@@H](O[C@H]3C[C@@](C)(O)[C@@H](OC(=O)CC(C)C)[C@H](C)O3)[C@H](N(C)C)[C@H]2O)[C@@H](CC=O)C[C@@H](C)C(=O)/C=C/C(C)=C/[C@@H]1CO[C@@H]1O[C@H](C)[C@@H](OC(=O)C(N)CC[Se]CC2OC(n3cnc4c(N)ncnc43)C(O)C2O)[C@@H](OC)[C@H]1OC,True,,-4.233,-1.370948076248169,-1.8889412879943848,-0.947135329246521,39,17,22,1
tylvalosin,Tylvalosin (Ì©Íò¾úËØ),REF_TYLVALOSIN,repository_reference,O68_attached_to_C64,68,64,C,MPM00210,2-Dehydro-3-deoxy-D-galactonate,O=C(O)C(=O)CC(O)C(O)CO,1,CC[C@H]1OC(=O)C[C@@H](OC(C)=O)[C@H](C)[C@@H](O[C@@H]2O[C@H](C)[C@@H](O[C@H]3C[C@@](C)(O)[C@@H](OC(=O)CC(C)C)[C@H](C)O3)[C@H](N(C)C)[C@H]2O)[C@@H](CC=O)C[C@@H](C)C(=O)/C=C/C(C)=C/[C@@H]1CO[C@@H]1O[C@H](C)[C@@H](OC(=O)C(=O)CC(O)C(O)CO)[C@@H](OC)[C@H]1OC,CC[C@H]1OC(=O)C[C@@H](OC(C)=O)[C@H](C)[C@@H](O[C@@H]2O[C@H](C)[C@@H](O[C@H]3C[C@@](C)(O)[C@@H](OC(=O)CC(C)C)[C@H](C)O3)[C@H](N(C)C)[C@H]2O)[C@@H](CC=O)C[C@@H](C)C(=O)/C=C/C(C)=C/[C@@H]1CO[C@@H]1O[C@H](C)[C@@H](OC(=O)C(=O)CC(O)C(O)CO)[C@@H](OC)[C@H]1OC,True,,-1.928,-1.9750947952270508,-2.560410976409912,-1.4961998462677002,36,14,22,1
tylvalosin,Tylvalosin (Ì©Íò¾úËØ),REF_TYLVALOSIN,repository_reference,O68_attached_to_C64,68,64,C,MPM00212,2-Dehydro-3-deoxy-D-gluconate 6-phosphate,O=C(O)C(=O)CC(O)C(O)COP(=O)(O)O,1,CC[C@H]1OC(=O)C[C@@H](OC(C)=O)[C@H](C)[C@@H](O[C@@H]2O[C@H](C)[C@@H](O[C@H]3C[C@@](C)(O)[C@@H](OC(=O)CC(C)C)[C@H](C)O3)[C@H](N(C)C)[C@H]2O)[C@@H](CC=O)C[C@@H](C)C(=O)/C=C/C(C)=C/[C@@H]1CO[C@@H]1O[C@H](C)[C@@H](OC(=O)C(=O)CC(O)C(O)COP(=O)(O)O)[C@@H](OC)[C@H]1OC,CC[C@H]1OC(=O)C[C@@H](OC(C)=O)[C@H](C)[C@@H](O[C@@H]2O[C@H](C)[C@@H](O[C@H]3C[C@@](C)(O)[C@@H](OC(=O)CC(C)C)[C@H](C)O3)[C@H](N(C)C)[C@H]2O)[C@@H](CC=O)C[C@@H](C)C(=O)/C=C/C(C)=C/[C@@H]1CO[C@@H]1O[C@H](C)[C@@H](OC(=O)C(=O)CC(O)C(O)COP(=O)(O)O)[C@@H](OC)[C@H]1OC,True,,-2.093,-1.9512226581573486,-2.5273687839508057,-1.4798301458358765,36,14,22,1
tylvalosin,Tylvalosin (Ì©Íò¾úËØ),REF_TYLVALOSIN,repository_reference,O68_attached_to_C64,68,64,C,MPM00304,3-Hydroxypyruvic acid,O=C(O)C(=O)CO,1,CC[C@H]1OC(=O)C[C@@H](OC(C)=O)[C@H](C)[C@@H](O[C@@H]2O[C@H](C)[C@@H](O[C@H]3C[C@@](C)(O)[C@@H](OC(=O)CC(C)C)[C@H](C)O3)[C@H](N(C)C)[C@H]2O)[C@@H](CC=O)C[C@@H](C)C(=O)/C=C/C(C)=C/[C@@H]1CO[C@@H]1O[C@H](C)[C@@H](OC(=O)C(=O)CO)[C@@H](OC)[C@H]1OC,CC[C@H]1OC(=O)C[C@@H](OC(C)=O)[C@H](C)[C@@H](O[C@@H]2O[C@H](C)[C@@H](O[C@H]3C[C@@](C)(O)[C@@H](OC(=O)CC(C)C)[C@H](C)O3)[C@H](N(C)C)[C@H]2O)[C@@H](CC=O)C[C@@H](C)C(=O)/C=C/C(C)=C/[C@@H]1CO[C@@H]1O[C@H](C)[C@@H](OC(=O)C(=O)CO)[C@@H](OC)[C@H]1OC,True,,-1.014,-2.1488890647888184,-2.647728204727173,-1.740748405456543,34,14,20,1
tylvalosin,Tylvalosin (Ì©Íò¾úËØ),REF_TYLVALOSIN,repository_reference,O68_attached_to_C64,68,64,C,MPM00897,p-Hydroxyphenylpyruvic acid,O=C(O)C(=O)Cc1ccc(O)cc1,1,CC[C@H]1OC(=O)C[C@@H](OC(C)=O)[C@H](C)[C@@H](O[C@@H]2O[C@H](C)[C@@H](O[C@H]3C[C@@](C)(O)[C@@H](OC(=O)CC(C)C)[C@H](C)O3)[C@H](N(C)C)[C@H]2O)[C@@H](CC=O)C[C@@H](C)C(=O)/C=C/C(C)=C/[C@@H]1CO[C@@H]1O[C@H](C)[C@@H](OC(=O)C(=O)Cc2ccc(O)cc2)[C@@H](OC)[C@H]1OC,CC[C@H]1OC(=O)C[C@@H](OC(C)=O)[C@H](C)[C@@H](O[C@@H]2O[C@H](C)[C@@H](O[C@H]3C[C@@](C)(O)[C@@H](OC(=O)CC(C)C)[C@H](C)O3)[C@H](N(C)C)[C@H]2O)[C@@H](CC=O)C[C@@H](C)C(=O)/C=C/C(C)=C/[C@@H]1CO[C@@H]1O[C@H](C)[C@@H](OC(=O)C(=O)Cc2ccc(O)cc2)[C@@H](OC)[C@H]1OC,True,,-1.072,-1.8435547351837158,-2.463982582092285,-1.3359320163726807,36,14,22,1
tylvalosin,Tylvalosin (Ì©Íò¾úËØ),REF_TYLVALOSIN,repository_reference,O68_attached_to_C64,68,64,C,MPM00253,2-Oxo-3-phenylpropanoate,O=C(O)C(=O)Cc1ccccc1,1,CC[C@H]1OC(=O)C[C@@H](OC(C)=O)[C@H](C)[C@@H](O[C@@H]2O[C@H](C)[C@@H](O[C@H]3C[C@@](C)(O)[C@@H](OC(=O)CC(C)C)[C@H](C)O3)[C@H](N(C)C)[C@H]2O)[C@@H](CC=O)C[C@@H](C)C(=O)/C=C/C(C)=C/[C@@H]1CO[C@@H]1O[C@H](C)[C@@H](OC(=O)C(=O)Cc2ccccc2)[C@@H](OC)[C@H]1OC,CC[C@H]1OC(=O)C[C@@H](OC(C)=O)[C@H](C)[C@@H](O[C@@H]2O[C@H](C)[C@@H](O[C@H]3C[C@@](C)(O)[C@@H](OC(=O)CC(C)C)[C@H](C)O3)[C@H](N(C)C)[C@H]2O)[C@@H](CC=O)C[C@@H](C)C(=O)/C=C/C(C)=C/[C@@H]1CO[C@@H]1O[C@H](C)[C@@H](OC(=O)C(=O)Cc2ccccc2)[C@@H](OC)[C@H]1OC,True,,-1.436,-2.19832181930542,-2.838881492614746,-1.6742274761199951,33,12,21,1
tylvalosin,Tylvalosin (Ì©Íò¾úËØ),REF_TYLVALOSIN,repository_reference,O68_attached_to_C64,68,64,C,MPM00249,2-O-(alpha-D-Mannopyranosyl)-D-glycerate,O=C(O)C(CO)OC1OC(CO)C(O)C(O)C1O,1,CC[C@H]1OC(=O)C[C@@H](OC(C)=O)[C@H](C)[C@@H](O[C@@H]2O[C@H](C)[C@@H](O[C@H]3C[C@@](C)(O)[C@@H](OC(=O)CC(C)C)[C@H](C)O3)[C@H](N(C)C)[C@H]2O)[C@@H](CC=O)C[C@@H](C)C(=O)/C=C/C(C)=C/[C@@H]1CO[C@@H]1O[C@H](C)[C@@H](OC(=O)C(CO)OC2OC(CO)C(O)C(O)C2O)[C@@H](OC)[C@H]1OC,CC[C@H]1OC(=O)C[C@@H](OC(C)=O)[C@H](C)[C@@H](O[C@@H]2O[C@H](C)[C@@H](O[C@H]3C[C@@](C)(O)[C@@H](OC(=O)CC(C)C)[C@H](C)O3)[C@H](N(C)C)[C@H]2O)[C@@H](CC=O)C[C@@H](C)C(=O)/C=C/C(C)=C/[C@@H]1CO[C@@H]1O[C@H](C)[C@@H](OC(=O)C(CO)OC2OC(CO)C(O)C(O)C2O)[C@@H](OC)[C@H]1OC,True,,-2.647,-1.4110448360443115,-1.9217849969863892,-0.9931660294532776,37,15,22,1
tylvalosin,Tylvalosin (Ì©Íò¾úËØ),REF_TYLVALOSIN,repository_reference,O68_attached_to_C64,68,64,C,MPM00248,2-O-(6-Phospho-alpha-D-mannosyl)-D-glycerate,O=C(O)C(CO)OC1OC(COP(=O)(O)O)C(O)C(O)C1O,1,CC[C@H]1OC(=O)C[C@@H](OC(C)=O)[C@H](C)[C@@H](O[C@@H]2O[C@H](C)[C@@H](O[C@H]3C[C@@](C)(O)[C@@H](OC(=O)CC(C)C)[C@H](C)O3)[C@H](N(C)C)[C@H]2O)[C@@H](CC=O)C[C@@H](C)C(=O)/C=C/C(C)=C/[C@@H]1CO[C@@H]1O[C@H](C)[C@@H](OC(=O)C(CO)OC2OC(COP(=O)(O)O)C(O)C(O)C2O)[C@@H](OC)[C@H]1OC,CC[C@H]1OC(=O)C[C@@H](OC(C)=O)[C@H](C)[C@@H](O[C@@H]2O[C@H](C)[C@@H](O[C@H]3C[C@@](C)(O)[C@@H](OC(=O)CC(C)C)[C@H](C)O3)[C@H](N(C)C)[C@H]2O)[C@@H](CC=O)C[C@@H](C)C(=O)/C=C/C(C)=C/[C@@H]1CO[C@@H]1O[C@H](C)[C@@H](OC(=O)C(CO)OC2OC(COP(=O)(O)O)C(O)C(O)C2O)[C@@H](OC)[C@H]1OC,True,,-2.809,-1.482194423675537,-1.9895564317703247,-1.067079782485962,37,15,22,1
tylvalosin,Tylvalosin (Ì©Íò¾úËØ),REF_TYLVALOSIN,repository_reference,O68_attached_to_C64,68,64,C,MPM00262,2-Phospho-(R)-glycerate,O=C(O)C(CO)OP(=O)(O)O,1,CC[C@H]1OC(=O)C[C@@H](OC(C)=O)[C@H](C)[C@@H](O[C@@H]2O[C@H](C)[C@@H](O[C@H]3C[C@@](C)(O)[C@@H](OC(=O)CC(C)C)[C@H](C)O3)[C@H](N(C)C)[C@H]2O)[C@@H](CC=O)C[C@@H](C)C(=O)/C=C/C(C)=C/[C@@H]1CO[C@@H]1O[C@H](C)[C@@H](OC(=O)C(CO)OP(=O)(O)O)[C@@H](OC)[C@H]1OC,CC[C@H]1OC(=O)C[C@@H](OC(C)=O)[C@H](C)[C@@H](O[C@@H]2O[C@H](C)[C@@H](O[C@H]3C[C@@](C)(O)[C@@H](OC(=O)CC(C)C)[C@H](C)O3)[C@H](N(C)C)[C@H]2O)[C@@H](CC=O)C[C@@H](C)C(=O)/C=C/C(C)=C/[C@@H]1CO[C@@H]1O[C@H](C)[C@@H](OC(=O)C(CO)OP(=O)(O)O)[C@@H](OC)[C@H]1OC,True,,-1.871,-1.9822022914886475,-2.5267844200134277,-1.5366348028182983,37,15,22,1
tylvalosin,Tylvalosin (Ì©Íò¾úËØ),REF_TYLVALOSIN,repository_reference,O68_attached_to_C64,68,64,C,MPM00380,5-Dehydrogluconate,O=C(O)C(O)C(O)C(O)C(=O)CO,1,CC[C@H]1OC(=O)C[C@@H](OC(C)=O)[C@H](C)[C@@H](O[C@@H]2O[C@H](C)[C@@H](O[C@H]3C[C@@](C)(O)[C@@H](OC(=O)CC(C)C)[C@H](C)O3)[C@H](N(C)C)[C@H]2O)[C@@H](CC=O)C[C@@H](C)C(=O)/C=C/C(C)=C/[C@@H]1CO[C@@H]1O[C@H](C)[C@@H](OC(=O)C(O)C(O)C(O)C(=O)CO)[C@@H](OC)[C@H]1OC,CC[C@H]1OC(=O)C[C@@H](OC(C)=O)[C@H](C)[C@@H](O[C@@H]2O[C@H](C)[C@@H](O[C@H]3C[C@@](C)(O)[C@@H](OC(=O)CC(C)C)[C@H](C)O3)[C@H](N(C)C)[C@H]2O)[C@@H](CC=O)C[C@@H](C)C(=O)/C=C/C(C)=C/[C@@H]1CO[C@@H]1O[C@H](C)[C@@H](OC(=O)C(O)C(O)C(O)C(=O)CO)[C@@H](OC)[C@H]1OC,True,,-1.969,-1.9623943567276,-2.461765766143799,-1.5538177490234375,37,15,22,1
tylvalosin,Tylvalosin (Ì©Íò¾úËØ),REF_TYLVALOSIN,repository_reference,O68_attached_to_C64,68,64,C,MPM00547,D-Altronate,O=C(O)C(O)C(O)C(O)C(O)CO,1,CC[C@H]1OC(=O)C[C@@H](OC(C)=O)[C@H](C)[C@@H](O[C@@H]2O[C@H](C)[C@@H](O[C@H]3C[C@@](C)(O)[C@@H](OC(=O)CC(C)C)[C@H](C)O3)[C@H](N(C)C)[C@H]2O)[C@@H](CC=O)C[C@@H](C)C(=O)/C=C/C(C)=C/[C@@H]1CO[C@@H]1O[C@H](C)[C@@H](OC(=O)C(O)C(O)C(O)C(O)CO)[C@@H](OC)[C@H]1OC,CC[C@H]1OC(=O)C[C@@H](OC(C)=O)[C@H](C)[C@@H](O[C@@H]2O[C@H](C)[C@@H](O[C@H]3C[C@@](C)(O)[C@@H](OC(=O)CC(C)C)[C@H](C)O3)[C@H](N(C)C)[C@H]2O)[C@@H](CC=O)C[C@@H](C)C(=O)/C=C/C(C)=C/[C@@H]1CO[C@@H]1O[C@H](C)[C@@H](OC(=O)C(O)C(O)C(O)C(O)CO)[C@@H](OC)[C@H]1OC,True,,-2.323,-1.7686704397201538,-2.307067394256592,-1.3281641006469727,37,15,22,1
tylvalosin,Tylvalosin (Ì©Íò¾úËØ),REF_TYLVALOSIN,repository_reference,O68_attached_to_C64,68,64,C,MPM00401,6-Phospho-D-gluconate,O=C(O)C(O)C(O)C(O)C(O)COP(=O)(O)O,1,CC[C@H]1OC(=O)C[C@@H](OC(C)=O)[C@H](C)[C@@H](O[C@@H]2O[C@H](C)[C@@H](O[C@H]3C[C@@](C)(O)[C@@H](OC(=O)CC(C)C)[C@H](C)O3)[C@H](N(C)C)[C@H]2O)[C@@H](CC=O)C[C@@H](C)C(=O)/C=C/C(C)=C/[C@@H]1CO[C@@H]1O[C@H](C)[C@@H](OC(=O)C(O)C(O)C(O)C(O)COP(=O)(O)O)[C@@H](OC)[C@H]1OC,CC[C@H]1OC(=O)C[C@@H](OC(C)=O)[C@H](C)[C@@H](O[C@@H]2O[C@H](C)[C@@H](O[C@H]3C[C@@](C)(O)[C@@H](OC(=O)CC(C)C)[C@H](C)O3)[C@H](N(C)C)[C@H]2O)[C@@H](CC=O)C[C@@H](C)C(=O)/C=C/C(C)=C/[C@@H]1CO[C@@H]1O[C@H](C)[C@@H](OC(=O)C(O)C(O)C(O)C(O)COP(=O)(O)O)[C@@H](OC)[C@H]1OC,True,,-2.494,-1.934831976890564,-2.4964687824249268,-1.475311040878296,36,14,22,1
tylvalosin,Tylvalosin (Ì©Íò¾úËØ),REF_TYLVALOSIN,repository_reference,O68_attached_to_C64,68,64,C,MPM00666,Glyceric acid,O=C(O)C(O)CO,1,CC[C@H]1OC(=O)C[C@@H](OC(C)=O)[C@H](C)[C@@H](O[C@@H]2O[C@H](C)[C@@H](O[C@H]3C[C@@](C)(O)[C@@H](OC(=O)CC(C)C)[C@H](C)O3)[C@H](N(C)C)[C@H]2O)[C@@H](CC=O)C[C@@H](C)C(=O)/C=C/C(C)=C/[C@@H]1CO[C@@H]1O[C@H](C)[C@@H](OC(=O)C(O)CO)[C@@H](OC)[C@H]1OC,CC[C@H]1OC(=O)C[C@@H](OC(C)=O)[C@H](C)[C@@H](O[C@@H]2O[C@H](C)[C@@H](O[C@H]3C[C@@](C)(O)[C@@H](OC(=O)CC(C)C)[C@H](C)O3)[C@H](N(C)C)[C@H]2O)[C@@H](CC=O)C[C@@H](C)C(=O)/C=C/C(C)=C/[C@@H]1CO[C@@H]1O[C@H](C)[C@@H](OC(=O)C(O)CO)[C@@H](OC)[C@H]1OC,True,,-1.503,-1.966040015220642,-2.5135245323181152,-1.5180983543395996,37,15,22,1
tylvalosin,Tylvalosin (Ì©Íò¾úËØ),REF_TYLVALOSIN,repository_reference,O68_attached_to_C64,68,64,C,MPM00324,3-Phosphoglycerate,O=C(O)C(O)COP(=O)(O)O,1,CC[C@H]1OC(=O)C[C@@H](OC(C)=O)[C@H](C)[C@@H](O[C@@H]2O[C@H](C)[C@@H](O[C@H]3C[C@@](C)(O)[C@@H](OC(=O)CC(C)C)[C@H](C)O3)[C@H](N(C)C)[C@H]2O)[C@@H](CC=O)C[C@@H](C)C(=O)/C=C/C(C)=C/[C@@H]1CO[C@@H]1O[C@H](C)[C@@H](OC(=O)C(O)COP(=O)(O)O)[C@@H](OC)[C@H]1OC,CC[C@H]1OC(=O)C[C@@H](OC(C)=O)[C@H](C)[C@@H](O[C@@H]2O[C@H](C)[C@@H](O[C@H]3C[C@@](C)(O)[C@@H](OC(=O)CC(C)C)[C@H](C)O3)[C@H](N(C)C)[C@H]2O)[C@@H](CC=O)C[C@@H](C)C(=O)/C=C/C(C)=C/[C@@H]1CO[C@@H]1O[C@H](C)[C@@H](OC(=O)C(O)COP(=O)(O)O)[C@@H](OC)[C@H]1OC,True,,-1.673,-1.8880259990692139,-2.426405906677246,-1.447533369064331,37,15,22,1
tylvalosin,Tylvalosin (Ì©Íò¾úËØ),REF_TYLVALOSIN,repository_reference,O68_attached_to_C64,68,64,C,MPM00001,(-)-Quinic acid,O=C(O)C1(O)CC(O)C(O)C(O)C1,1,CC[C@H]1OC(=O)C[C@@H](OC(C)=O)[C@H](C)[C@@H](O[C@@H]2O[C@H](C)[C@@H](O[C@H]3C[C@@](C)(O)[C@@H](OC(=O)CC(C)C)[C@H](C)O3)[C@H](N(C)C)[C@H]2O)[C@@H](CC=O)C[C@@H](C)C(=O)/C=C/C(C)=C/[C@@H]1CO[C@@H]1O[C@H](C)[C@@H](OC(=O)C2(O)CC(O)C(O)C(O)C2)[C@@H](OC)[C@H]1OC,CC[C@H]1OC(=O)C[C@@H](OC(C)=O)[C@H](C)[C@@H](O[C@@H]2O[C@H](C)[C@@H](O[C@H]3C[C@@](C)(O)[C@@H](OC(=O)CC(C)C)[C@H](C)O3)[C@H](N(C)C)[C@H]2O)[C@@H](CC=O)C[C@@H](C)C(=O)/C=C/C(C)=C/[C@@H]1CO[C@@H]1O[C@H](C)[C@@H](OC(=O)C2(O)CC(O)C(O)C(O)C2)[C@@H](OC)[C@H]1OC,True,,-2.591,-1.832831621170044,-2.4130046367645264,-1.3581452369689941,36,15,21,1
tylvalosin,Tylvalosin (Ì©Íò¾úËØ),REF_TYLVALOSIN,repository_reference,O68_attached_to_C64,68,64,C,MPM00283,3-Dehydroshikimate,O=C(O)C1=CC(=O)C(O)C(O)C1,1,CC[C@H]1OC(=O)C[C@@H](OC(C)=O)[C@H](C)[C@@H](O[C@@H]2O[C@H](C)[C@@H](O[C@H]3C[C@@](C)(O)[C@@H](OC(=O)CC(C)C)[C@H](C)O3)[C@H](N(C)C)[C@H]2O)[C@@H](CC=O)C[C@@H](C)C(=O)/C=C/C(C)=C/[C@@H]1CO[C@@H]1O[C@H](C)[C@@H](OC(=O)C2=CC(=O)C(O)C(O)C2)[C@@H](OC)[C@H]1OC,CC[C@H]1OC(=O)C[C@@H](OC(C)=O)[C@H](C)[C@@H](O[C@@H]2O[C@H](C)[C@@H](O[C@H]3C[C@@](C)(O)[C@@H](OC(=O)CC(C)C)[C@H](C)O3)[C@H](N(C)C)[C@H]2O)[C@@H](CC=O)C[C@@H](C)C(=O)/C=C/C(C)=C/[C@@H]1CO[C@@H]1O[C@H](C)[C@@H](OC(=O)C2=CC(=O)C(O)C(O)C2)[C@@H](OC)[C@H]1OC,True,,-1.714,-1.8791497945785522,-2.4175970554351807,-1.4386013746261597,37,15,22,1
tylvalosin,Tylvalosin (Ì©Íò¾úËØ),REF_TYLVALOSIN,repository_reference,O68_attached_to_C64,68,64,C,MPM00269,"3,4,5-Trihydroxy-1-cyclohexenecarboxylic acid",O=C(O)C1=CC(O)C(O)C(O)C1,1,CC[C@H]1OC(=O)C[C@@H](OC(C)=O)[C@H](C)[C@@H](O[C@@H]2O[C@H](C)[C@@H](O[C@H]3C[C@@](C)(O)[C@@H](OC(=O)CC(C)C)[C@H](C)O3)[C@H](N(C)C)[C@H]2O)[C@@H](CC=O)C[C@@H](C)C(=O)/C=C/C(C)=C/[C@@H]1CO[C@@H]1O[C@H](C)[C@@H](OC(=O)C2=CC(O)C(O)C(O)C2)[C@@H](OC)[C@H]1OC,CC[C@H]1OC(=O)C[C@@H](OC(C)=O)[C@H](C)[C@@H](O[C@@H]2O[C@H](C)[C@@H](O[C@H]3C[C@@](C)(O)[C@@H](OC(=O)CC(C)C)[C@H](C)O3)[C@H](N(C)C)[C@H]2O)[C@@H](CC=O)C[C@@H](C)C(=O)/C=C/C(C)=C/[C@@H]1CO[C@@H]1O[C@H](C)[C@@H](OC(=O)C2=CC(O)C(O)C(O)C2)[C@@H](OC)[C@H]1OC,True,,-2.067,-1.9069054126739502,-2.4506289958953857,-1.462040662765503,37,15,22,1
tylvalosin,Tylvalosin (Ì©Íò¾úËØ),REF_TYLVALOSIN,repository_reference,O68_attached_to_C64,68,64,C,MPM00160,1-pyrroline-2-carboxylic acid zwitterion,O=C(O)C1=NCCC1,1,CC[C@H]1OC(=O)C[C@@H](OC(C)=O)[C@H](C)[C@@H](O[C@@H]2O[C@H](C)[C@@H](O[C@H]3C[C@@](C)(O)[C@@H](OC(=O)CC(C)C)[C@H](C)O3)[C@H](N(C)C)[C@H]2O)[C@@H](CC=O)C[C@@H](C)C(=O)/C=C/C(C)=C/[C@@H]1CO[C@@H]1O[C@H](C)[C@@H](OC(=O)C2=NCCC2)[C@@H](OC)[C@H]1OC,CC[C@H]1OC(=O)C[C@@H](OC(C)=O)[C@H](C)[C@@H](O[C@@H]2O[C@H](C)[C@@H](O[C@H]3C[C@@](C)(O)[C@@H](OC(=O)CC(C)C)[C@H](C)O3)[C@H](N(C)C)[C@H]2O)[C@@H](CC=O)C[C@@H](C)C(=O)/C=C/C(C)=C/[C@@H]1CO[C@@H]1O[C@H](C)[C@@H](OC(=O)C2=NCCC2)[C@@H](OC)[C@H]1OC,True,,-1.739,-1.8875207901000977,-2.4529855251312256,-1.424868106842041,34,14,20,1
tylvalosin,Tylvalosin (Ì©Íò¾úËØ),REF_TYLVALOSIN,repository_reference,O68_attached_to_C64,68,64,C,MPM01116,1-Piperideine-2-carboxylate,O=C(O)C1=NCCCC1,1,CC[C@H]1OC(=O)C[C@@H](OC(C)=O)[C@H](C)[C@@H](O[C@@H]2O[C@H](C)[C@@H](O[C@H]3C[C@@](C)(O)[C@@H](OC(=O)CC(C)C)[C@H](C)O3)[C@H](N(C)C)[C@H]2O)[C@@H](CC=O)C[C@@H](C)C(=O)/C=C/C(C)=C/[C@@H]1CO[C@@H]1O[C@H](C)[C@@H](OC(=O)C2=NCCCC2)[C@@H](OC)[C@H]1OC,CC[C@H]1OC(=O)C[C@@H](OC(C)=O)[C@H](C)[C@@H](O[C@@H]2O[C@H](C)[C@@H](O[C@H]3C[C@@](C)(O)[C@@H](OC(=O)CC(C)C)[C@H](C)O3)[C@H](N(C)C)[C@H]2O)[C@@H](CC=O)C[C@@H](C)C(=O)/C=C/C(C)=C/[C@@H]1CO[C@@H]1O[C@H](C)[C@@H](OC(=O)C2=NCCCC2)[C@@H](OC)[C@H]1OC,True,,-1.749,-1.9129632711410522,-2.49250864982605,-1.4387898445129395,35,14,21,1
tylvalosin,Tylvalosin (Ì©Íò¾úËØ),REF_TYLVALOSIN,repository_reference,O68_attached_to_C64,68,64,C,MPM00047,"(3R,5S)-3-Hydroxy-1-pyrroline-5-carboxylate",O=C(O)C1CC(O)C=N1,1,CC[C@H]1OC(=O)C[C@@H](OC(C)=O)[C@H](C)[C@@H](O[C@@H]2O[C@H](C)[C@@H](O[C@H]3C[C@@](C)(O)[C@@H](OC(=O)CC(C)C)[C@H](C)O3)[C@H](N(C)C)[C@H]2O)[C@@H](CC=O)C[C@@H](C)C(=O)/C=C/C(C)=C/[C@@H]1CO[C@@H]1O[C@H](C)[C@@H](OC(=O)C2CC(O)C=N2)[C@@H](OC)[C@H]1OC,CC[C@H]1OC(=O)C[C@@H](OC(C)=O)[C@H](C)[C@@H](O[C@@H]2O[C@H](C)[C@@H](O[C@H]3C[C@@](C)(O)[C@@H](OC(=O)CC(C)C)[C@H](C)O3)[C@H](N(C)C)[C@H]2O)[C@@H](CC=O)C[C@@H](C)C(=O)/C=C/C(C)=C/[C@@H]1CO[C@@H]1O[C@H](C)[C@@H](OC(=O)C2CC(O)C=N2)[C@@H](OC)[C@H]1OC,True,,-2.324,-1.688348412513733,-2.2274510860443115,-1.2472642660140991,37,15,22,1
tylvalosin,Tylvalosin (Ì©Íò¾úËØ),REF_TYLVALOSIN,repository_reference,O68_attached_to_C64,68,64,C,MPM00521,cis-4-Hydroxy-D-proline,O=C(O)C1CC(O)CN1,1,CC[C@H]1OC(=O)C[C@@H](OC(C)=O)[C@H](C)[C@@H](O[C@@H]2O[C@H](C)[C@@H](O[C@H]3C[C@@](C)(O)[C@@H](OC(=O)CC(C)C)[C@H](C)O3)[C@H](N(C)C)[C@H]2O)[C@@H](CC=O)C[C@@H](C)C(=O)/C=C/C(C)=C/[C@@H]1CO[C@@H]1O[C@H](C)[C@@H](OC(=O)C2CC(O)CN2)[C@@H](OC)[C@H]1OC,CC[C@H]1OC(=O)C[C@@H](OC(C)=O)[C@H](C)[C@@H](O[C@@H]2O[C@H](C)[C@@H](O[C@H]3C[C@@](C)(O)[C@@H](OC(=O)CC(C)C)[C@H](C)O3)[C@H](N(C)C)[C@H]2O)[C@@H](CC=O)C[C@@H](C)C(=O)/C=C/C(C)=C/[C@@H]1CO[C@@H]1O[C@H](C)[C@@H](OC(=O)C2CC(O)CN2)[C@@H](OC)[C@H]1OC,True,,-1.697,-1.7986854314804077,-2.3828954696655273,-1.3206955194473267,35,14,21,1
tylvalosin,Tylvalosin (Ì©Íò¾úËØ),REF_TYLVALOSIN,repository_reference,O68_attached_to_C64,68,64,C,MPM00162,1-Pyrroline-5-carboxylate,O=C(O)C1CCC=N1,1,CC[C@H]1OC(=O)C[C@@H](OC(C)=O)[C@H](C)[C@@H](O[C@@H]2O[C@H](C)[C@@H](O[C@H]3C[C@@](C)(O)[C@@H](OC(=O)CC(C)C)[C@H](C)O3)[C@H](N(C)C)[C@H]2O)[C@@H](CC=O)C[C@@H](C)C(=O)/C=C/C(C)=C/[C@@H]1CO[C@@H]1O[C@H](C)[C@@H](OC(=O)C2CCC=N2)[C@@H](OC)[C@H]1OC,CC[C@H]1OC(=O)C[C@@H](OC(C)=O)[C@H](C)[C@@H](O[C@@H]2O[C@H](C)[C@@H](O[C@H]3C[C@@](C)(O)[C@@H](OC(=O)CC(C)C)[C@H](C)O3)[C@H](N(C)C)[C@H]2O)[C@@H](CC=O)C[C@@H](C)C(=O)/C=C/C(C)=C/[C@@H]1CO[C@@H]1O[C@H](C)[C@@H](OC(=O)C2CCC=N2)[C@@H](OC)[C@H]1OC,True,,-1.989,-1.7267873287200928,-2.2858288288116455,-1.2693897485733032,36,14,22,1
tylvalosin,Tylvalosin (Ì©Íò¾úËØ),REF_TYLVALOSIN,repository_reference,O68_attached_to_C64,68,64,C,MPM00613,D-Proline,O=C(O)C1CCCN1,1,CC[C@H]1OC(=O)C[C@@H](OC(C)=O)[C@H](C)[C@@H](O[C@@H]2O[C@H](C)[C@@H](O[C@H]3C[C@@](C)(O)[C@@H](OC(=O)CC(C)C)[C@H](C)O3)[C@H](N(C)C)[C@H]2O)[C@@H](CC=O)C[C@@H](C)C(=O)/C=C/C(C)=C/[C@@H]1CO[C@@H]1O[C@H](C)[C@@H](OC(=O)C2CCCN2)[C@@H](OC)[C@H]1OC,CC[C@H]1OC(=O)C[C@@H](OC(C)=O)[C@H](C)[C@@H](O[C@@H]2O[C@H](C)[C@@H](O[C@H]3C[C@@](C)(O)[C@@H](OC(=O)CC(C)C)[C@H](C)O3)[C@H](N(C)C)[C@H]2O)[C@@H](CC=O)C[C@@H](C)C(=O)/C=C/C(C)=C/[C@@H]1CO[C@@H]1O[C@H](C)[C@@H](OC(=O)C2CCCN2)[C@@H](OC)[C@H]1OC,True,,-1.373,-1.9663140773773193,-2.5779361724853516,-1.4658961296081543,35,14,21,1
tylvalosin,Tylvalosin (Ì©Íò¾úËØ),REF_TYLVALOSIN,repository_reference,O68_attached_to_C64,68,64,C,MPM00575,D-Galacturonic acid,O=C(O)C1OC(O)C(O)C(O)C1O,1,CC[C@H]1OC(=O)C[C@@H](OC(C)=O)[C@H](C)[C@@H](O[C@@H]2O[C@H](C)[C@@H](O[C@H]3C[C@@](C)(O)[C@@H](OC(=O)CC(C)C)[C@H](C)O3)[C@H](N(C)C)[C@H]2O)[C@@H](CC=O)C[C@@H](C)C(=O)/C=C/C(C)=C/[C@@H]1CO[C@@H]1O[C@H](C)[C@@H](OC(=O)C2OC(O)C(O)C(O)C2O)[C@@H](OC)[C@H]1OC,CC[C@H]1OC(=O)C[C@@H](OC(C)=O)[C@H](C)[C@@H](O[C@@H]2O[C@H](C)[C@@H](O[C@H]3C[C@@](C)(O)[C@@H](OC(=O)CC(C)C)[C@H](C)O3)[C@H](N(C)C)[C@H]2O)[C@@H](CC=O)C[C@@H](C)C(=O)/C=C/C(C)=C/[C@@H]1CO[C@@H]1O[C@H](C)[C@@H](OC(=O)C2OC(O)C(O)C(O)C2O)[C@@H](OC)[C@H]1OC,True,,-2.389,-1.9027105569839478,-2.483924388885498,-1.427172303199768,37,15,22,1
tylvalosin,Tylvalosin (Ì©Íò¾úËØ),REF_TYLVALOSIN,repository_reference,O68_attached_to_C64,68,64,C,MPM00158,1-Phospho-alpha-D-glucuronate,O=C(O)C1OC(OP(=O)(O)O)C(O)C(O)C1O,1,CC[C@H]1OC(=O)C[C@@H](OC(C)=O)[C@H](C)[C@@H](O[C@@H]2O[C@H](C)[C@@H](O[C@H]3C[C@@](C)(O)[C@@H](OC(=O)CC(C)C)[C@H](C)O3)[C@H](N(C)C)[C@H]2O)[C@@H](CC=O)C[C@@H](C)C(=O)/C=C/C(C)=C/[C@@H]1CO[C@@H]1O[C@H](C)[C@@H](OC(=O)C2OC(OP(=O)(O)O)C(O)C(O)C2O)[C@@H](OC)[C@H]1OC,CC[C@H]1OC(=O)C[C@@H](OC(C)=O)[C@H](C)[C@@H](O[C@@H]2O[C@H](C)[C@@H](O[C@H]3C[C@@](C)(O)[C@@H](OC(=O)CC(C)C)[C@H](C)O3)[C@H](N(C)C)[C@H]2O)[C@@H](CC=O)C[C@@H](C)C(=O)/C=C/C(C)=C/[C@@H]1CO[C@@H]1O[C@H](C)[C@@H](OC(=O)C2OC(OP(=O)(O)O)C(O)C(O)C2O)[C@@H](OC)[C@H]1OC,True,,-3.327,-1.922174096107483,-2.5058088302612305,-1.4446545839309692,36,14,22,1
tylvalosin,Tylvalosin (Ì©Íò¾úËØ),REF_TYLVALOSIN,repository_reference,O68_attached_to_C64,68,64,C,MPM00009,"(2E)-3-(3,4-Dihydroxyphenyl)prop-2-enoate",O=C(O)C=Cc1ccc(O)c(O)c1,1,CC[C@H]1OC(=O)C[C@@H](OC(C)=O)[C@H](C)[C@@H](O[C@@H]2O[C@H](C)[C@@H](O[C@H]3C[C@@](C)(O)[C@@H](OC(=O)CC(C)C)[C@H](C)O3)[C@H](N(C)C)[C@H]2O)[C@@H](CC=O)C[C@@H](C)C(=O)/C=C/C(C)=C/[C@@H]1CO[C@@H]1O[C@H](C)[C@@H](OC(=O)C=Cc2ccc(O)c(O)c2)[C@@H](OC)[C@H]1OC,CC[C@H]1OC(=O)C[C@@H](OC(C)=O)[C@H](C)[C@@H](O[C@@H]2O[C@H](C)[C@@H](O[C@H]3C[C@@](C)(O)[C@@H](OC(=O)CC(C)C)[C@H](C)O3)[C@H](N(C)C)[C@H]2O)[C@@H](CC=O)C[C@@H](C)C(=O)/C=C/C(C)=C/[C@@H]1CO[C@@H]1O[C@H](C)[C@@H](OC(=O)C=Cc2ccc(O)c(O)c2)[C@@H](OC)[C@H]1OC,True,,-0.68,-1.7880061864852905,-2.398306369781494,-1.2886699438095093,36,14,22,1
tylvalosin,Tylvalosin (Ì©Íò¾úËØ),REF_TYLVALOSIN,repository_reference,O68_attached_to_C64,68,64,C,MPM00350,4-Hydroxycinnamate,O=C(O)C=Cc1ccc(O)cc1,1,CC[C@H]1OC(=O)C[C@@H](OC(C)=O)[C@H](C)[C@@H](O[C@@H]2O[C@H](C)[C@@H](O[C@H]3C[C@@](C)(O)[C@@H](OC(=O)CC(C)C)[C@H](C)O3)[C@H](N(C)C)[C@H]2O)[C@@H](CC=O)C[C@@H](C)C(=O)/C=C/C(C)=C/[C@@H]1CO[C@@H]1O[C@H](C)[C@@H](OC(=O)C=Cc2ccc(O)cc2)[C@@H](OC)[C@H]1OC,CC[C@H]1OC(=O)C[C@@H](OC(C)=O)[C@H](C)[C@@H](O[C@@H]2O[C@H](C)[C@@H](O[C@H]3C[C@@](C)(O)[C@@H](OC(=O)CC(C)C)[C@H](C)O3)[C@H](N(C)C)[C@H]2O)[C@@H](CC=O)C[C@@H](C)C(=O)/C=C/C(C)=C/[C@@H]1CO[C@@H]1O[C@H](C)[C@@H](OC(=O)C=Cc2ccc(O)cc2)[C@@H](OC)[C@H]1OC,True,,-0.373,-1.8411586284637451,-2.4278688430786133,-1.3611232042312622,36,14,22,1
tylvalosin,Tylvalosin (Ì©Íò¾úËØ),REF_TYLVALOSIN,repository_reference,O68_attached_to_C64,68,64,C,MPM00014,(2E)-3-Phenylprop-2-enoate,O=C(O)C=Cc1ccccc1,1,CC[C@H]1OC(=O)C[C@@H](OC(C)=O)[C@H](C)[C@@H](O[C@@H]2O[C@H](C)[C@@H](O[C@H]3C[C@@](C)(O)[C@@H](OC(=O)CC(C)C)[C@H](C)O3)[C@H](N(C)C)[C@H]2O)[C@@H](CC=O)C[C@@H](C)C(=O)/C=C/C(C)=C/[C@@H]1CO[C@@H]1O[C@H](C)[C@@H](OC(=O)C=Cc2ccccc2)[C@@H](OC)[C@H]1OC,CC[C@H]1OC(=O)C[C@@H](OC(C)=O)[C@H](C)[C@@H](O[C@@H]2O[C@H](C)[C@@H](O[C@H]3C[C@@](C)(O)[C@@H](OC(=O)CC(C)C)[C@H](C)O3)[C@H](N(C)C)[C@H]2O)[C@@H](CC=O)C[C@@H](C)C(=O)/C=C/C(C)=C/[C@@H]1CO[C@@H]1O[C@H](C)[C@@H](OC(=O)C=Cc2ccccc2)[C@@H](OC)[C@H]1OC,True,,0.018,-1.903590440750122,-2.494889497756958,-1.4197998046875,36,14,22,1
tylvalosin,Tylvalosin (Ì©Íò¾úËØ),REF_TYLVALOSIN,repository_reference,O68_attached_to_C64,68,64,C,MPM00285,3-Hydroxy-10-phenyldecanoic acid,O=C(O)CC(O)CCCCCCCc1ccccc1,1,CC[C@H]1OC(=O)C[C@@H](OC(C)=O)[C@H](C)[C@@H](O[C@@H]2O[C@H](C)[C@@H](O[C@H]3C[C@@](C)(O)[C@@H](OC(=O)CC(C)C)[C@H](C)O3)[C@H](N(C)C)[C@H]2O)[C@@H](CC=O)C[C@@H](C)C(=O)/C=C/C(C)=C/[C@@H]1CO[C@@H]1O[C@H](C)[C@@H](OC(=O)CC(O)CCCCCCCc2ccccc2)[C@@H](OC)[C@H]1OC,CC[C@H]1OC(=O)C[C@@H](OC(C)=O)[C@H](C)[C@@H](O[C@@H]2O[C@H](C)[C@@H](O[C@H]3C[C@@](C)(O)[C@@H](OC(=O)CC(C)C)[C@H](C)O3)[C@H](N(C)C)[C@H]2O)[C@@H](CC=O)C[C@@H](C)C(=O)/C=C/C(C)=C/[C@@H]1CO[C@@H]1O[C@H](C)[C@@H](OC(=O)CC(O)CCCCCCCc2ccccc2)[C@@H](OC)[C@H]1OC,True,,-2.184,-2.1473920345306396,-2.8537778854370117,-1.5694400072097778,34,13,21,1
tylvalosin,Tylvalosin (Ì©Íò¾úËØ),REF_TYLVALOSIN,repository_reference,O68_attached_to_C64,68,64,C,MPM00292,3-Hydroxy-9-phenylnonanoic acid,O=C(O)CC(O)CCCCCCc1ccccc1,1,CC[C@H]1OC(=O)C[C@@H](OC(C)=O)[C@H](C)[C@@H](O[C@@H]2O[C@H](C)[C@@H](O[C@H]3C[C@@](C)(O)[C@@H](OC(=O)CC(C)C)[C@H](C)O3)[C@H](N(C)C)[C@H]2O)[C@@H](CC=O)C[C@@H](C)C(=O)/C=C/C(C)=C/[C@@H]1CO[C@@H]1O[C@H](C)[C@@H](OC(=O)CC(O)CCCCCCc2ccccc2)[C@@H](OC)[C@H]1OC,CC[C@H]1OC(=O)C[C@@H](OC(C)=O)[C@H](C)[C@@H](O[C@@H]2O[C@H](C)[C@@H](O[C@H]3C[C@@](C)(O)[C@@H](OC(=O)CC(C)C)[C@H](C)O3)[C@H](N(C)C)[C@H]2O)[C@@H](CC=O)C[C@@H](C)C(=O)/C=C/C(C)=C/[C@@H]1CO[C@@H]1O[C@H](C)[C@@H](OC(=O)CC(O)CCCCCCc2ccccc2)[C@@H](OC)[C@H]1OC,True,,-2.115,-2.2146544456481934,-2.9224853515625,-1.6355198621749878,33,12,21,1
tylvalosin,Tylvalosin (Ì©Íò¾úËØ),REF_TYLVALOSIN,repository_reference,O68_attached_to_C64,68,64,C,MPM00291,3-Hydroxy-8-phenyloctanoic acid,O=C(O)CC(O)CCCCCc1ccccc1,1,CC[C@H]1OC(=O)C[C@@H](OC(C)=O)[C@H](C)[C@@H](O[C@@H]2O[C@H](C)[C@@H](O[C@H]3C[C@@](C)(O)[C@@H](OC(=O)CC(C)C)[C@H](C)O3)[C@H](N(C)C)[C@H]2O)[C@@H](CC=O)C[C@@H](C)C(=O)/C=C/C(C)=C/[C@@H]1CO[C@@H]1O[C@H](C)[C@@H](OC(=O)CC(O)CCCCCc2ccccc2)[C@@H](OC)[C@H]1OC,CC[C@H]1OC(=O)C[C@@H](OC(C)=O)[C@H](C)[C@@H](O[C@@H]2O[C@H](C)[C@@H](O[C@H]3C[C@@](C)(O)[C@@H](OC(=O)CC(C)C)[C@H](C)O3)[C@H](N(C)C)[C@H]2O)[C@@H](CC=O)C[C@@H](C)C(=O)/C=C/C(C)=C/[C@@H]1CO[C@@H]1O[C@H](C)[C@@H](OC(=O)CC(O)CCCCCc2ccccc2)[C@@H](OC)[C@H]1OC,True,,-2.047,-2.182541847229004,-2.885136365890503,-1.607692003250122,33,12,21,1
tylvalosin,Tylvalosin (Ì©Íò¾úËØ),REF_TYLVALOSIN,repository_reference,O68_attached_to_C64,68,64,C,MPM00290,3-Hydroxy-7-phenylheptanoic acid,O=C(O)CC(O)CCCCc1ccccc1,1,CC[C@H]1OC(=O)C[C@@H](OC(C)=O)[C@H](C)[C@@H](O[C@@H]2O[C@H](C)[C@@H](O[C@H]3C[C@@](C)(O)[C@@H](OC(=O)CC(C)C)[C@H](C)O3)[C@H](N(C)C)[C@H]2O)[C@@H](CC=O)C[C@@H](C)C(=O)/C=C/C(C)=C/[C@@H]1CO[C@@H]1O[C@H](C)[C@@H](OC(=O)CC(O)CCCCc2ccccc2)[C@@H](OC)[C@H]1OC,CC[C@H]1OC(=O)C[C@@H](OC(C)=O)[C@H](C)[C@@H](O[C@@H]2O[C@H](C)[C@@H](O[C@H]3C[C@@](C)(O)[C@@H](OC(=O)CC(C)C)[C@H](C)O3)[C@H](N(C)C)[C@H]2O)[C@@H](CC=O)C[C@@H](C)C(=O)/C=C/C(C)=C/[C@@H]1CO[C@@H]1O[C@H](C)[C@@H](OC(=O)CC(O)CCCCc2ccccc2)[C@@H](OC)[C@H]1OC,True,,-1.978,-2.1599631309509277,-2.8539788722991943,-1.5921320915222168,33,12,21,1
tylvalosin,Tylvalosin (Ì©Íò¾úËØ),REF_TYLVALOSIN,repository_reference,O68_attached_to_C64,68,64,C,MPM00289,3-Hydroxy-6-phenylhexanoic acid,O=C(O)CC(O)CCCc1ccccc1,1,CC[C@H]1OC(=O)C[C@@H](OC(C)=O)[C@H](C)[C@@H](O[C@@H]2O[C@H](C)[C@@H](O[C@H]3C[C@@](C)(O)[C@@H](OC(=O)CC(C)C)[C@H](C)O3)[C@H](N(C)C)[C@H]2O)[C@@H](CC=O)C[C@@H](C)C(=O)/C=C/C(C)=C/[C@@H]1CO[C@@H]1O[C@H](C)[C@@H](OC(=O)CC(O)CCCc2ccccc2)[C@@H](OC)[C@H]1OC,CC[C@H]1OC(=O)C[C@@H](OC(C)=O)[C@H](C)[C@@H](O[C@@H]2O[C@H](C)[C@@H](O[C@H]3C[C@@](C)(O)[C@@H](OC(=O)CC(C)C)[C@H](C)O3)[C@H](N(C)C)[C@H]2O)[C@@H](CC=O)C[C@@H](C)C(=O)/C=C/C(C)=C/[C@@H]1CO[C@@H]1O[C@H](C)[C@@H](OC(=O)CC(O)CCCc2ccccc2)[C@@H](OC)[C@H]1OC,True,,-1.91,-2.0948359966278076,-2.765446662902832,-1.5461548566818237,34,13,21,1
tylvalosin,Tylvalosin (Ì©Íò¾úËØ),REF_TYLVALOSIN,repository_reference,O68_attached_to_C64,68,64,C,MPM00388,"5-Oxo-4,5-dihydrofuran-2-acetate",O=C(O)CC1=CCC(=O)O1,1,CC[C@H]1OC(=O)C[C@@H](OC(C)=O)[C@H](C)[C@@H](O[C@@H]2O[C@H](C)[C@@H](O[C@H]3C[C@@](C)(O)[C@@H](OC(=O)CC(C)C)[C@H](C)O3)[C@H](N(C)C)[C@H]2O)[C@@H](CC=O)C[C@@H](C)C(=O)/C=C/C(C)=C/[C@@H]1CO[C@@H]1O[C@H](C)[C@@H](OC(=O)CC2=CCC(=O)O2)[C@@H](OC)[C@H]1OC,CC[C@H]1OC(=O)C[C@@H](OC(C)=O)[C@H](C)[C@@H](O[C@@H]2O[C@H](C)[C@@H](O[C@H]3C[C@@](C)(O)[C@@H](OC(=O)CC(C)C)[C@H](C)O3)[C@H](N(C)C)[C@H]2O)[C@@H](CC=O)C[C@@H](C)C(=O)/C=C/C(C)=C/[C@@H]1CO[C@@H]1O[C@H](C)[C@@H](OC(=O)CC2=CCC(=O)O2)[C@@H](OC)[C@H]1OC,True,,-1.421,-1.5984978675842285,-2.1018261909484863,-1.1866835355758667,38,16,22,1
tylvalosin,Tylvalosin (Ì©Íò¾úËØ),REF_TYLVALOSIN,repository_reference,O68_attached_to_C64,68,64,C,MPM00597,DL-Thioctic acid,O=C(O)CCCCC1CCSS1,1,CC[C@H]1OC(=O)C[C@@H](OC(C)=O)[C@H](C)[C@@H](O[C@@H]2O[C@H](C)[C@@H](O[C@H]3C[C@@](C)(O)[C@@H](OC(=O)CC(C)C)[C@H](C)O3)[C@H](N(C)C)[C@H]2O)[C@@H](CC=O)C[C@@H](C)C(=O)/C=C/C(C)=C/[C@@H]1CO[C@@H]1O[C@H](C)[C@@H](OC(=O)CCCCC2CCSS2)[C@@H](OC)[C@H]1OC,CC[C@H]1OC(=O)C[C@@H](OC(C)=O)[C@H](C)[C@@H](O[C@@H]2O[C@H](C)[C@@H](O[C@H]3C[C@@](C)(O)[C@@H](OC(=O)CC(C)C)[C@H](C)O3)[C@H](N(C)C)[C@H]2O)[C@@H](CC=O)C[C@@H](C)C(=O)/C=C/C(C)=C/[C@@H]1CO[C@@H]1O[C@H](C)[C@@H](OC(=O)CCCCC2CCSS2)[C@@H](OC)[C@H]1OC,True,,-3.15,-1.6913273334503174,-2.2596843242645264,-1.2263081073760986,37,15,22,1
tylvalosin,Tylvalosin (Ì©Íò¾úËØ),REF_TYLVALOSIN,repository_reference,O68_attached_to_C64,68,64,C,MPM00525,Coenzyme R,O=C(O)CCCCC1SCC2NC(=O)NC21,1,CC[C@H]1OC(=O)C[C@@H](OC(C)=O)[C@H](C)[C@@H](O[C@@H]2O[C@H](C)[C@@H](O[C@H]3C[C@@](C)(O)[C@@H](OC(=O)CC(C)C)[C@H](C)O3)[C@H](N(C)C)[C@H]2O)[C@@H](CC=O)C[C@@H](C)C(=O)/C=C/C(C)=C/[C@@H]1CO[C@@H]1O[C@H](C)[C@@H](OC(=O)CCCCC2SCC3NC(=O)NC32)[C@@H](OC)[C@H]1OC,CC[C@H]1OC(=O)C[C@@H](OC(C)=O)[C@H](C)[C@@H](O[C@@H]2O[C@H](C)[C@@H](O[C@H]3C[C@@](C)(O)[C@@H](OC(=O)CC(C)C)[C@H](C)O3)[C@H](N(C)C)[C@H]2O)[C@@H](CC=O)C[C@@H](C)C(=O)/C=C/C(C)=C/[C@@H]1CO[C@@H]1O[C@H](C)[C@@H](OC(=O)CCCCC2SCC3NC(=O)NC32)[C@@H](OC)[C@H]1OC,True,,-2.99,-1.2040852308273315,-1.7221693992614746,-0.78019779920578,38,16,22,1
tylvalosin,Tylvalosin (Ì©Íò¾úËØ),REF_TYLVALOSIN,repository_reference,O68_attached_to_C64,68,64,C,MPM00144,10-Phenyldecanoic acid,O=C(O)CCCCCCCCCc1ccccc1,1,CC[C@H]1OC(=O)C[C@@H](OC(C)=O)[C@H](C)[C@@H](O[C@@H]2O[C@H](C)[C@@H](O[C@H]3C[C@@](C)(O)[C@@H](OC(=O)CC(C)C)[C@H](C)O3)[C@H](N(C)C)[C@H]2O)[C@@H](CC=O)C[C@@H](C)C(=O)/C=C/C(C)=C/[C@@H]1CO[C@@H]1O[C@H](C)[C@@H](OC(=O)CCCCCCCCCc2ccccc2)[C@@H](OC)[C@H]1OC,CC[C@H]1OC(=O)C[C@@H](OC(C)=O)[C@H](C)[C@@H](O[C@@H]2O[C@H](C)[C@@H](O[C@H]3C[C@@](C)(O)[C@@H](OC(=O)CC(C)C)[C@H](C)O3)[C@H](N(C)C)[C@H]2O)[C@@H](CC=O)C[C@@H](C)C(=O)/C=C/C(C)=C/[C@@H]1CO[C@@H]1O[C@H](C)[C@@H](OC(=O)CCCCCCCCCc2ccccc2)[C@@H](OC)[C@H]1OC,True,,-2.04,-2.2307486534118652,-2.960474729537964,-1.6337006092071533,33,12,21,1
tylvalosin,Tylvalosin (Ì©Íò¾úËØ),REF_TYLVALOSIN,repository_reference,O68_attached_to_C64,68,64,C,MPM00412,9-Phenylnonanoic acid,O=C(O)CCCCCCCCc1ccccc1,1,CC[C@H]1OC(=O)C[C@@H](OC(C)=O)[C@H](C)[C@@H](O[C@@H]2O[C@H](C)[C@@H](O[C@H]3C[C@@](C)(O)[C@@H](OC(=O)CC(C)C)[C@H](C)O3)[C@H](N(C)C)[C@H]2O)[C@@H](CC=O)C[C@@H](C)C(=O)/C=C/C(C)=C/[C@@H]1CO[C@@H]1O[C@H](C)[C@@H](OC(=O)CCCCCCCCc2ccccc2)[C@@H](OC)[C@H]1OC,CC[C@H]1OC(=O)C[C@@H](OC(C)=O)[C@H](C)[C@@H](O[C@@H]2O[C@H](C)[C@@H](O[C@H]3C[C@@](C)(O)[C@@H](OC(=O)CC(C)C)[C@H](C)O3)[C@H](N(C)C)[C@H]2O)[C@@H](CC=O)C[C@@H](C)C(=O)/C=C/C(C)=C/[C@@H]1CO[C@@H]1O[C@H](C)[C@@H](OC(=O)CCCCCCCCc2ccccc2)[C@@H](OC)[C@H]1OC,True,,-1.971,-2.2048428058624268,-2.9354398250579834,-1.6070820093154907,33,12,21,1
tylvalosin,Tylvalosin (Ì©Íò¾úËØ),REF_TYLVALOSIN,repository_reference,O68_attached_to_C64,68,64,C,MPM00409,8-Phenyloctanoic acid,O=C(O)CCCCCCCc1ccccc1,1,CC[C@H]1OC(=O)C[C@@H](OC(C)=O)[C@H](C)[C@@H](O[C@@H]2O[C@H](C)[C@@H](O[C@H]3C[C@@](C)(O)[C@@H](OC(=O)CC(C)C)[C@H](C)O3)[C@H](N(C)C)[C@H]2O)[C@@H](CC=O)C[C@@H](C)C(=O)/C=C/C(C)=C/[C@@H]1CO[C@@H]1O[C@H](C)[C@@H](OC(=O)CCCCCCCc2ccccc2)[C@@H](OC)[C@H]1OC,CC[C@H]1OC(=O)C[C@@H](OC(C)=O)[C@H](C)[C@@H](O[C@@H]2O[C@H](C)[C@@H](O[C@H]3C[C@@](C)(O)[C@@H](OC(=O)CC(C)C)[C@H](C)O3)[C@H](N(C)C)[C@H]2O)[C@@H](CC=O)C[C@@H](C)C(=O)/C=C/C(C)=C/[C@@H]1CO[C@@H]1O[C@H](C)[C@@H](OC(=O)CCCCCCCc2ccccc2)[C@@H](OC)[C@H]1OC,True,,-1.903,-2.2016544342041016,-2.9343152046203613,-1.6022047996520996,33,12,21,1
tylvalosin,Tylvalosin (Ì©Íò¾úËØ),REF_TYLVALOSIN,repository_reference,O68_attached_to_C64,68,64,C,MPM00408,7-Phenylheptanoic acid,O=C(O)CCCCCCc1ccccc1,1,CC[C@H]1OC(=O)C[C@@H](OC(C)=O)[C@H](C)[C@@H](O[C@@H]2O[C@H](C)[C@@H](O[C@H]3C[C@@](C)(O)[C@@H](OC(=O)CC(C)C)[C@H](C)O3)[C@H](N(C)C)[C@H]2O)[C@@H](CC=O)C[C@@H](C)C(=O)/C=C/C(C)=C/[C@@H]1CO[C@@H]1O[C@H](C)[C@@H](OC(=O)CCCCCCc2ccccc2)[C@@H](OC)[C@H]1OC,CC[C@H]1OC(=O)C[C@@H](OC(C)=O)[C@H](C)[C@@H](O[C@@H]2O[C@H](C)[C@@H](O[C@H]3C[C@@](C)(O)[C@@H](OC(=O)CC(C)C)[C@H](C)O3)[C@H](N(C)C)[C@H]2O)[C@@H](CC=O)C[C@@H](C)C(=O)/C=C/C(C)=C/[C@@H]1CO[C@@H]1O[C@H](C)[C@@H](OC(=O)CCCCCCc2ccccc2)[C@@H](OC)[C@H]1OC,True,,-1.834,-2.191175699234009,-2.913726329803467,-1.5999977588653564,33,12,21,1
tylvalosin,Tylvalosin (Ì©Íò¾úËØ),REF_TYLVALOSIN,repository_reference,O68_attached_to_C64,68,64,C,MPM00399,6-Phenylhexanoic acid,O=C(O)CCCCCc1ccccc1,1,CC[C@H]1OC(=O)C[C@@H](OC(C)=O)[C@H](C)[C@@H](O[C@@H]2O[C@H](C)[C@@H](O[C@H]3C[C@@](C)(O)[C@@H](OC(=O)CC(C)C)[C@H](C)O3)[C@H](N(C)C)[C@H]2O)[C@@H](CC=O)C[C@@H](C)C(=O)/C=C/C(C)=C/[C@@H]1CO[C@@H]1O[C@H](C)[C@@H](OC(=O)CCCCCc2ccccc2)[C@@H](OC)[C@H]1OC,CC[C@H]1OC(=O)C[C@@H](OC(C)=O)[C@H](C)[C@@H](O[C@@H]2O[C@H](C)[C@@H](O[C@H]3C[C@@](C)(O)[C@@H](OC(=O)CC(C)C)[C@H](C)O3)[C@H](N(C)C)[C@H]2O)[C@@H](CC=O)C[C@@H](C)C(=O)/C=C/C(C)=C/[C@@H]1CO[C@@H]1O[C@H](C)[C@@H](OC(=O)CCCCCc2ccccc2)[C@@H](OC)[C@H]1OC,True,,-1.766,-2.189020872116089,-2.9027552604675293,-1.6050567626953125,33,12,21,1
tylvalosin,Tylvalosin (Ì©Íò¾úËØ),REF_TYLVALOSIN,repository_reference,O68_attached_to_C64,68,64,C,MPM00390,5-Phenylvaleric acid,O=C(O)CCCCc1ccccc1,1,CC[C@H]1OC(=O)C[C@@H](OC(C)=O)[C@H](C)[C@@H](O[C@@H]2O[C@H](C)[C@@H](O[C@H]3C[C@@](C)(O)[C@@H](OC(=O)CC(C)C)[C@H](C)O3)[C@H](N(C)C)[C@H]2O)[C@@H](CC=O)C[C@@H](C)C(=O)/C=C/C(C)=C/[C@@H]1CO[C@@H]1O[C@H](C)[C@@H](OC(=O)CCCCc2ccccc2)[C@@H](OC)[C@H]1OC,CC[C@H]1OC(=O)C[C@@H](OC(C)=O)[C@H](C)[C@@H](O[C@@H]2O[C@H](C)[C@@H](O[C@H]3C[C@@](C)(O)[C@@H](OC(=O)CC(C)C)[C@H](C)O3)[C@H](N(C)C)[C@H]2O)[C@@H](CC=O)C[C@@H](C)C(=O)/C=C/C(C)=C/[C@@H]1CO[C@@H]1O[C@H](C)[C@@H](OC(=O)CCCCc2ccccc2)[C@@H](OC)[C@H]1OC,True,,-1.698,-2.075597047805786,-2.768965244293213,-1.508296251296997,35,13,22,1
tylvalosin,Tylvalosin (Ì©Íò¾úËØ),REF_TYLVALOSIN,repository_reference,O68_attached_to_C64,68,64,C,MPM00701,Hydroxyacetic acid,O=C(O)CO,1,CC[C@H]1OC(=O)C[C@@H](OC(C)=O)[C@H](C)[C@@H](O[C@@H]2O[C@H](C)[C@@H](O[C@H]3C[C@@](C)(O)[C@@H](OC(=O)CC(C)C)[C@H](C)O3)[C@H](N(C)C)[C@H]2O)[C@@H](CC=O)C[C@@H](C)C(=O)/C=C/C(C)=C/[C@@H]1CO[C@@H]1O[C@H](C)[C@@H](OC(=O)CO)[C@@H](OC)[C@H]1OC,CC[C@H]1OC(=O)C[C@@H](OC(C)=O)[C@H](C)[C@@H](O[C@@H]2O[C@H](C)[C@@H](O[C@H]3C[C@@](C)(O)[C@@H](OC(=O)CC(C)C)[C@H](C)O3)[C@H](N(C)C)[C@H]2O)[C@@H](CC=O)C[C@@H](C)C(=O)/C=C/C(C)=C/[C@@H]1CO[C@@H]1O[C@H](C)[C@@H](OC(=O)CO)[C@@H](OC)[C@H]1OC,True,,-1.147,-2.1076653003692627,-2.6063010692596436,-1.699690341949463,33,13,20,1
tylvalosin,Tylvalosin (Ì©Íò¾úËØ),REF_TYLVALOSIN,repository_reference,O68_attached_to_C64,68,64,C,MPM00891,Phosphoglycolic acid,O=C(O)COP(=O)(O)O,1,CC[C@H]1OC(=O)C[C@@H](OC(C)=O)[C@H](C)[C@@H](O[C@@H]2O[C@H](C)[C@@H](O[C@H]3C[C@@](C)(O)[C@@H](OC(=O)CC(C)C)[C@H](C)O3)[C@H](N(C)C)[C@H]2O)[C@@H](CC=O)C[C@@H](C)C(=O)/C=C/C(C)=C/[C@@H]1CO[C@@H]1O[C@H](C)[C@@H](OC(=O)COP(=O)(O)O)[C@@H](OC)[C@H]1OC,CC[C@H]1OC(=O)C[C@@H](OC(C)=O)[C@H](C)[C@@H](O[C@@H]2O[C@H](C)[C@@H](O[C@H]3C[C@@](C)(O)[C@@H](OC(=O)CC(C)C)[C@H](C)O3)[C@H](N(C)C)[C@H]2O)[C@@H](CC=O)C[C@@H](C)C(=O)/C=C/C(C)=C/[C@@H]1CO[C@@H]1O[C@H](C)[C@@H](OC(=O)COP(=O)(O)O)[C@@H](OC)[C@H]1OC,True,,-1.615,-2.1792099475860596,-2.743697166442871,-1.7173569202423096,34,14,20,1
tylvalosin,Tylvalosin (Ì©Íò¾úËØ),REF_TYLVALOSIN,repository_reference,O68_attached_to_C64,68,64,C,MPM00894,Phosphonoacetic acid,O=C(O)CP(=O)(O)O,1,CC[C@H]1OC(=O)C[C@@H](OC(C)=O)[C@H](C)[C@@H](O[C@@H]2O[C@H](C)[C@@H](O[C@H]3C[C@@](C)(O)[C@@H](OC(=O)CC(C)C)[C@H](C)O3)[C@H](N(C)C)[C@H]2O)[C@@H](CC=O)C[C@@H](C)C(=O)/C=C/C(C)=C/[C@@H]1CO[C@@H]1O[C@H](C)[C@@H](OC(=O)CP(=O)(O)O)[C@@H](OC)[C@H]1OC,CC[C@H]1OC(=O)C[C@@H](OC(C)=O)[C@H](C)[C@@H](O[C@@H]2O[C@H](C)[C@@H](O[C@H]3C[C@@](C)(O)[C@@H](OC(=O)CC(C)C)[C@H](C)O3)[C@H](N(C)C)[C@H]2O)[C@@H](CC=O)C[C@@H](C)C(=O)/C=C/C(C)=C/[C@@H]1CO[C@@H]1O[C@H](C)[C@@H](OC(=O)CP(=O)(O)O)[C@@H](OC)[C@H]1OC,True,,-1.947,-2.2452242374420166,-2.7658979892730713,-1.8192181587219238,34,13,21,1
tylvalosin,Tylvalosin (Ì©Íò¾úËØ),REF_TYLVALOSIN,repository_reference,O68_attached_to_C64,68,64,C,MPM00961,Sulfoacetic acid,O=C(O)CS(=O)(=O)O,1,CC[C@H]1OC(=O)C[C@@H](OC(C)=O)[C@H](C)[C@@H](O[C@@H]2O[C@H](C)[C@@H](O[C@H]3C[C@@](C)(O)[C@@H](OC(=O)CC(C)C)[C@H](C)O3)[C@H](N(C)C)[C@H]2O)[C@@H](CC=O)C[C@@H](C)C(=O)/C=C/C(C)=C/[C@@H]1CO[C@@H]1O[C@H](C)[C@@H](OC(=O)CS(=O)(=O)O)[C@@H](OC)[C@H]1OC,CC[C@H]1OC(=O)C[C@@H](OC(C)=O)[C@H](C)[C@@H](O[C@@H]2O[C@H](C)[C@@H](O[C@H]3C[C@@](C)(O)[C@@H](OC(=O)CC(C)C)[C@H](C)O3)[C@H](N(C)C)[C@H]2O)[C@@H](CC=O)C[C@@H](C)C(=O)/C=C/C(C)=C/[C@@H]1CO[C@@H]1O[C@H](C)[C@@H](OC(=O)CS(=O)(=O)O)[C@@H](OC)[C@H]1OC,True,,-1.123,-2.492326021194458,-3.0730884075164795,-2.0171568393707275,30,12,18,1
tylvalosin,Tylvalosin (Ì©Íò¾úËØ),REF_TYLVALOSIN,repository_reference,O68_attached_to_C64,68,64,C,MPM00418,"Acetic acid,phenyl ester",O=C(O)Cc1ccccc1,1,CC[C@H]1OC(=O)C[C@@H](OC(C)=O)[C@H](C)[C@@H](O[C@@H]2O[C@H](C)[C@@H](O[C@H]3C[C@@](C)(O)[C@@H](OC(=O)CC(C)C)[C@H](C)O3)[C@H](N(C)C)[C@H]2O)[C@@H](CC=O)C[C@@H](C)C(=O)/C=C/C(C)=C/[C@@H]1CO[C@@H]1O[C@H](C)[C@@H](OC(=O)Cc2ccccc2)[C@@H](OC)[C@H]1OC,CC[C@H]1OC(=O)C[C@@H](OC(C)=O)[C@H](C)[C@@H](O[C@@H]2O[C@H](C)[C@@H](O[C@H]3C[C@@](C)(O)[C@@H](OC(=O)CC(C)C)[C@H](C)O3)[C@H](N(C)C)[C@H]2O)[C@@H](CC=O)C[C@@H](C)C(=O)/C=C/C(C)=C/[C@@H]1CO[C@@H]1O[C@H](C)[C@@H](OC(=O)Cc2ccccc2)[C@@H](OC)[C@H]1OC,True,,-1.495,-2.0396618843078613,-2.6864843368530273,-1.510443925857544,34,12,22,1
tylvalosin,Tylvalosin (Ì©Íò¾úËØ),REF_TYLVALOSIN,repository_reference,O68_attached_to_C64,68,64,C,MPM01016,Uracil-6-carboxylic acid,O=C(O)c1cc(=O)[nH]c(=O)[nH]1,1,CC[C@H]1OC(=O)C[C@@H](OC(C)=O)[C@H](C)[C@@H](O[C@@H]2O[C@H](C)[C@@H](O[C@H]3C[C@@](C)(O)[C@@H](OC(=O)CC(C)C)[C@H](C)O3)[C@H](N(C)C)[C@H]2O)[C@@H](CC=O)C[C@@H](C)C(=O)/C=C/C(C)=C/[C@@H]1CO[C@@H]1O[C@H](C)[C@@H](OC(=O)c2cc(=O)[nH]c(=O)[nH]2)[C@@H](OC)[C@H]1OC,CC[C@H]1OC(=O)C[C@@H](OC(C)=O)[C@H](C)[C@@H](O[C@@H]2O[C@H](C)[C@@H](O[C@H]3C[C@@](C)(O)[C@@H](OC(=O)CC(C)C)[C@H](C)O3)[C@H](N(C)C)[C@H]2O)[C@@H](CC=O)C[C@@H](C)C(=O)/C=C/C(C)=C/[C@@H]1CO[C@@H]1O[C@H](C)[C@@H](OC(=O)c2cc(=O)[nH]c(=O)[nH]2)[C@@H](OC)[C@H]1OC,True,,-1.398,-1.7988669872283936,-2.246554374694824,-1.4325772523880005,37,15,22,1
tylvalosin,Tylvalosin (Ì©Íò¾úËØ),REF_TYLVALOSIN,repository_reference,O68_attached_to_C64,68,64,C,MPM00844,Orotidylic acid,O=C(O)c1cc(=O)[nH]c(=O)n1C1OC(COP(=O)(O)O)C(O)C1O,1,CC[C@H]1OC(=O)C[C@@H](OC(C)=O)[C@H](C)[C@@H](O[C@@H]2O[C@H](C)[C@@H](O[C@H]3C[C@@](C)(O)[C@@H](OC(=O)CC(C)C)[C@H](C)O3)[C@H](N(C)C)[C@H]2O)[C@@H](CC=O)C[C@@H](C)C(=O)/C=C/C(C)=C/[C@@H]1CO[C@@H]1O[C@H](C)[C@@H](OC(=O)c2cc(=O)[nH]c(=O)n2C2OC(COP(=O)(O)O)C(O)C2O)[C@@H](OC)[C@H]1OC,CC[C@H]1OC(=O)C[C@@H](OC(C)=O)[C@H](C)[C@@H](O[C@@H]2O[C@H](C)[C@@H](O[C@H]3C[C@@](C)(O)[C@@H](OC(=O)CC(C)C)[C@H](C)O3)[C@H](N(C)C)[C@H]2O)[C@@H](CC=O)C[C@@H](C)C(=O)/C=C/C(C)=C/[C@@H]1CO[C@@H]1O[C@H](C)[C@@H](OC(=O)c2cc(=O)[nH]c(=O)n2C2OC(COP(=O)(O)O)C(O)C2O)[C@@H](OC)[C@H]1OC,True,,-2.772,-1.8300600051879883,-2.3332173824310303,-1.4183857440948486,37,15,22,1
tylvalosin,Tylvalosin (Ì©Íò¾úËØ),REF_TYLVALOSIN,repository_reference,O68_attached_to_C64,68,64,C,MPM00137,"1,4-Dihydroxy-2-naphthoic acid",O=C(O)c1cc(O)c2ccccc2c1O,1,CC[C@H]1OC(=O)C[C@@H](OC(C)=O)[C@H](C)[C@@H](O[C@@H]2O[C@H](C)[C@@H](O[C@H]3C[C@@](C)(O)[C@@H](OC(=O)CC(C)C)[C@H](C)O3)[C@H](N(C)C)[C@H]2O)[C@@H](CC=O)C[C@@H](C)C(=O)/C=C/C(C)=C/[C@@H]1CO[C@@H]1O[C@H](C)[C@@H](OC(=O)c2cc(O)c3ccccc3c2O)[C@@H](OC)[C@H]1OC,CC[C@H]1OC(=O)C[C@@H](OC(C)=O)[C@H](C)[C@@H](O[C@@H]2O[C@H](C)[C@@H](O[C@H]3C[C@@](C)(O)[C@@H](OC(=O)CC(C)C)[C@H](C)O3)[C@H](N(C)C)[C@H]2O)[C@@H](CC=O)C[C@@H](C)C(=O)/C=C/C(C)=C/[C@@H]1CO[C@@H]1O[C@H](C)[C@@H](OC(=O)c2cc(O)c3ccccc3c2O)[C@@H](OC)[C@H]1OC,True,,-1.183,-1.527143120765686,-2.0394046306610107,-1.1080200672149658,37,15,22,1
tylvalosin,Tylvalosin (Ì©Íò¾úËØ),REF_TYLVALOSIN,repository_reference,O68_attached_to_C64,68,64,C,MPM00398,6-Hydroxynicotinic acid,O=C(O)c1ccc(=O)[nH]c1,1,CC[C@H]1OC(=O)C[C@@H](OC(C)=O)[C@H](C)[C@@H](O[C@@H]2O[C@H](C)[C@@H](O[C@H]3C[C@@](C)(O)[C@@H](OC(=O)CC(C)C)[C@H](C)O3)[C@H](N(C)C)[C@H]2O)[C@@H](CC=O)C[C@@H](C)C(=O)/C=C/C(C)=C/[C@@H]1CO[C@@H]1O[C@H](C)[C@@H](OC(=O)c2ccc(=O)[nH]c2)[C@@H](OC)[C@H]1OC,CC[C@H]1OC(=O)C[C@@H](OC(C)=O)[C@H](C)[C@@H](O[C@@H]2O[C@H](C)[C@@H](O[C@H]3C[C@@](C)(O)[C@@H](OC(=O)CC(C)C)[C@H](C)O3)[C@H](N(C)C)[C@H]2O)[C@@H](CC=O)C[C@@H](C)C(=O)/C=C/C(C)=C/[C@@H]1CO[C@@H]1O[C@H](C)[C@@H](OC(=O)c2ccc(=O)[nH]c2)[C@@H](OC)[C@H]1OC,True,,-0.942,-2.074431896209717,-2.6694490909576416,-1.587599515914917,35,13,22,1
tylvalosin,Tylvalosin (Ì©Íò¾úËØ),REF_TYLVALOSIN,repository_reference,O68_attached_to_C64,68,64,C,MPM00912,Protocatechuic acid,O=C(O)c1ccc(O)c(O)c1,1,CC[C@H]1OC(=O)C[C@@H](OC(C)=O)[C@H](C)[C@@H](O[C@@H]2O[C@H](C)[C@@H](O[C@H]3C[C@@](C)(O)[C@@H](OC(=O)CC(C)C)[C@H](C)O3)[C@H](N(C)C)[C@H]2O)[C@@H](CC=O)C[C@@H](C)C(=O)/C=C/C(C)=C/[C@@H]1CO[C@@H]1O[C@H](C)[C@@H](OC(=O)c2ccc(O)c(O)c2)[C@@H](OC)[C@H]1OC,CC[C@H]1OC(=O)C[C@@H](OC(C)=O)[C@H](C)[C@@H](O[C@@H]2O[C@H](C)[C@@H](O[C@H]3C[C@@](C)(O)[C@@H](OC(=O)CC(C)C)[C@H](C)O3)[C@H](N(C)C)[C@H]2O)[C@@H](CC=O)C[C@@H](C)C(=O)/C=C/C(C)=C/[C@@H]1CO[C@@H]1O[C@H](C)[C@@H](OC(=O)c2ccc(O)c(O)c2)[C@@H](OC)[C@H]1OC,True,,-1.398,-1.798771619796753,-2.435617446899414,-1.2777159214019775,34,12,22,1
tylvalosin,Tylvalosin (Ì©Íò¾úËØ),REF_TYLVALOSIN,repository_reference,O68_attached_to_C64,68,64,C,MPM00702,Hydroxybenzenecarboxylic acid,O=C(O)c1ccc(O)cc1,1,CC[C@H]1OC(=O)C[C@@H](OC(C)=O)[C@H](C)[C@@H](O[C@@H]2O[C@H](C)[C@@H](O[C@H]3C[C@@](C)(O)[C@@H](OC(=O)CC(C)C)[C@H](C)O3)[C@H](N(C)C)[C@H]2O)[C@@H](CC=O)C[C@@H](C)C(=O)/C=C/C(C)=C/[C@@H]1CO[C@@H]1O[C@H](C)[C@@H](OC(=O)c2ccc(O)cc2)[C@@H](OC)[C@H]1OC,CC[C@H]1OC(=O)C[C@@H](OC(C)=O)[C@H](C)[C@@H](O[C@@H]2O[C@H](C)[C@@H](O[C@H]3C[C@@](C)(O)[C@@H](OC(=O)CC(C)C)[C@H](C)O3)[C@H](N(C)C)[C@H]2O)[C@@H](CC=O)C[C@@H](C)C(=O)/C=C/C(C)=C/[C@@H]1CO[C@@H]1O[C@H](C)[C@@H](OC(=O)c2ccc(O)cc2)[C@@H](OC)[C@H]1OC,True,,-1.09,-1.876880407333374,-2.481222629547119,-1.382418155670166,34,12,22,1
tylvalosin,Tylvalosin (Ì©Íò¾úËØ),REF_TYLVALOSIN,repository_reference,O68_attached_to_C64,68,64,C,MPM00173,"2,3-Dihydroxybenzoic acid",O=C(O)c1cccc(O)c1O,1,CC[C@H]1OC(=O)C[C@@H](OC(C)=O)[C@H](C)[C@@H](O[C@@H]2O[C@H](C)[C@@H](O[C@H]3C[C@@](C)(O)[C@@H](OC(=O)CC(C)C)[C@H](C)O3)[C@H](N(C)C)[C@H]2O)[C@@H](CC=O)C[C@@H](C)C(=O)/C=C/C(C)=C/[C@@H]1CO[C@@H]1O[C@H](C)[C@@H](OC(=O)c2cccc(O)c2O)[C@@H](OC)[C@H]1OC,CC[C@H]1OC(=O)C[C@@H](OC(C)=O)[C@H](C)[C@@H](O[C@@H]2O[C@H](C)[C@@H](O[C@H]3C[C@@](C)(O)[C@@H](OC(=O)CC(C)C)[C@H](C)O3)[C@H](N(C)C)[C@H]2O)[C@@H](CC=O)C[C@@H](C)C(=O)/C=C/C(C)=C/[C@@H]1CO[C@@H]1O[C@H](C)[C@@H](OC(=O)c2cccc(O)c2O)[C@@H](OC)[C@H]1OC,True,,-1.377,-1.8055614233016968,-2.428349494934082,-1.296007752418518,37,15,22,1
tylvalosin,Tylvalosin (Ì©Íò¾úËØ),REF_TYLVALOSIN,repository_reference,O68_attached_to_C64,68,64,C,MPM00614,Dracylic acid,O=C(O)c1ccccc1,1,CC[C@H]1OC(=O)C[C@@H](OC(C)=O)[C@H](C)[C@@H](O[C@@H]2O[C@H](C)[C@@H](O[C@H]3C[C@@](C)(O)[C@@H](OC(=O)CC(C)C)[C@H](C)O3)[C@H](N(C)C)[C@H]2O)[C@@H](CC=O)C[C@@H](C)C(=O)/C=C/C(C)=C/[C@@H]1CO[C@@H]1O[C@H](C)[C@@H](OC(=O)c2ccccc2)[C@@H](OC)[C@H]1OC,CC[C@H]1OC(=O)C[C@@H](OC(C)=O)[C@H](C)[C@@H](O[C@@H]2O[C@H](C)[C@@H](O[C@H]3C[C@@](C)(O)[C@@H](OC(=O)CC(C)C)[C@H](C)O3)[C@H](N(C)C)[C@H]2O)[C@@H](CC=O)C[C@@H](C)C(=O)/C=C/C(C)=C/[C@@H]1CO[C@@H]1O[C@H](C)[C@@H](OC(=O)c2ccccc2)[C@@H](OC)[C@H]1OC,True,,-0.729,-2.136768341064453,-2.762037515640259,-1.6251845359802246,34,12,22,1
tylvalosin,Tylvalosin (Ì©Íò¾úËØ),REF_TYLVALOSIN,repository_reference,O68_attached_to_C64,68,64,C,MPM00117,1-(2-Carboxyphenylamino)-1-deoxy-D-ribulose 5-phosphate,O=C(O)c1ccccc1NCC(=O)C(O)C(O)COP(=O)(O)O,1,CC[C@H]1OC(=O)C[C@@H](OC(C)=O)[C@H](C)[C@@H](O[C@@H]2O[C@H](C)[C@@H](O[C@H]3C[C@@](C)(O)[C@@H](OC(=O)CC(C)C)[C@H](C)O3)[C@H](N(C)C)[C@H]2O)[C@@H](CC=O)C[C@@H](C)C(=O)/C=C/C(C)=C/[C@@H]1CO[C@@H]1O[C@H](C)[C@@H](OC(=O)c2ccccc2NCC(=O)C(O)C(O)COP(=O)(O)O)[C@@H](OC)[C@H]1OC,CC[C@H]1OC(=O)C[C@@H](OC(C)=O)[C@H](C)[C@@H](O[C@@H]2O[C@H](C)[C@@H](O[C@H]3C[C@@](C)(O)[C@@H](OC(=O)CC(C)C)[C@H](C)O3)[C@H](N(C)C)[C@H]2O)[C@@H](CC=O)C[C@@H](C)C(=O)/C=C/C(C)=C/[C@@H]1CO[C@@H]1O[C@H](C)[C@@H](OC(=O)c2ccccc2NCC(=O)C(O)C(O)COP(=O)(O)O)[C@@H](OC)[C@H]1OC,True,,-1.614,-1.555440902709961,-2.0976786613464355,-1.1117916107177734,38,16,22,1
tylvalosin,Tylvalosin (Ì©Íò¾úËØ),REF_TYLVALOSIN,repository_reference,O68_attached_to_C64,68,64,C,MPM00931,Salicylic acid,O=C(O)c1ccccc1O,1,CC[C@H]1OC(=O)C[C@@H](OC(C)=O)[C@H](C)[C@@H](O[C@@H]2O[C@H](C)[C@@H](O[C@H]3C[C@@](C)(O)[C@@H](OC(=O)CC(C)C)[C@H](C)O3)[C@H](N(C)C)[C@H]2O)[C@@H](CC=O)C[C@@H](C)C(=O)/C=C/C(C)=C/[C@@H]1CO[C@@H]1O[C@H](C)[C@@H](OC(=O)c2ccccc2O)[C@@H](OC)[C@H]1OC,CC[C@H]1OC(=O)C[C@@H](OC(C)=O)[C@H](C)[C@@H](O[C@@H]2O[C@H](C)[C@@H](O[C@H]3C[C@@](C)(O)[C@@H](OC(=O)CC(C)C)[C@H](C)O3)[C@H](N(C)C)[C@H]2O)[C@@H](CC=O)C[C@@H](C)C(=O)/C=C/C(C)=C/[C@@H]1CO[C@@H]1O[C@H](C)[C@@H](OC(=O)c2ccccc2O)[C@@H](OC)[C@H]1OC,True,,-1.072,-2.0154471397399902,-2.64709734916687,-1.4986426830291748,34,12,22,1
tylvalosin,Tylvalosin (Ì©Íò¾úËØ),REF_TYLVALOSIN,repository_reference,O68_attached_to_C64,68,64,C,MPM00328,3-Pyridinecarboxylic acid,O=C(O)c1cccnc1,1,CC[C@H]1OC(=O)C[C@@H](OC(C)=O)[C@H](C)[C@@H](O[C@@H]2O[C@H](C)[C@@H](O[C@H]3C[C@@](C)(O)[C@@H](OC(=O)CC(C)C)[C@H](C)O3)[C@H](N(C)C)[C@H]2O)[C@@H](CC=O)C[C@@H](C)C(=O)/C=C/C(C)=C/[C@@H]1CO[C@@H]1O[C@H](C)[C@@H](OC(=O)c2cccnc2)[C@@H](OC)[C@H]1OC,CC[C@H]1OC(=O)C[C@@H](OC(C)=O)[C@H](C)[C@@H](O[C@@H]2O[C@H](C)[C@@H](O[C@H]3C[C@@](C)(O)[C@@H](OC(=O)CC(C)C)[C@H](C)O3)[C@H](N(C)C)[C@H]2O)[C@@H](CC=O)C[C@@H](C)C(=O)/C=C/C(C)=C/[C@@H]1CO[C@@H]1O[C@H](C)[C@@H](OC(=O)c2cccnc2)[C@@H](OC)[C@H]1OC,True,,-1.12,-2.0419445037841797,-2.682039260864258,-1.5182304382324219,35,13,22,1
tylvalosin,Tylvalosin (Ì©Íò¾úËØ),REF_TYLVALOSIN,repository_reference,O68_attached_to_C64,68,64,C,MPM00585,Dihydro-L-orotic acid,O=C1CC(C(=O)O)NC(=O)N1,1,CC[C@H]1OC(=O)C[C@@H](OC(C)=O)[C@H](C)[C@@H](O[C@@H]2O[C@H](C)[C@@H](O[C@H]3C[C@@](C)(O)[C@@H](OC(=O)CC(C)C)[C@H](C)O3)[C@H](N(C)C)[C@H]2O)[C@@H](CC=O)C[C@@H](C)C(=O)/C=C/C(C)=C/[C@@H]1CO[C@@H]1O[C@H](C)[C@@H](OC(=O)C2CC(=O)NC(=O)N2)[C@@H](OC)[C@H]1OC,CC[C@H]1OC(=O)C[C@@H](OC(C)=O)[C@H](C)[C@@H](O[C@@H]2O[C@H](C)[C@@H](O[C@H]3C[C@@](C)(O)[C@@H](OC(=O)CC(C)C)[C@H](C)O3)[C@H](N(C)C)[C@H]2O)[C@@H](CC=O)C[C@@H](C)C(=O)/C=C/C(C)=C/[C@@H]1CO[C@@H]1O[C@H](C)[C@@H](OC(=O)C2CC(=O)NC(=O)N2)[C@@H](OC)[C@H]1OC,True,,-1.794,-2.0225937366485596,-2.546422243118286,-1.5940067768096924,35,14,21,1
tylvalosin,Tylvalosin (Ì©Íò¾úËØ),REF_TYLVALOSIN,repository_reference,O68_attached_to_C64,68,64,C,MPM00381,5-Dehydroquinic acid,O=C1CC(O)(C(=O)O)CC(O)C1O,1,CC[C@H]1OC(=O)C[C@@H](OC(C)=O)[C@H](C)[C@@H](O[C@@H]2O[C@H](C)[C@@H](O[C@H]3C[C@@](C)(O)[C@@H](OC(=O)CC(C)C)[C@H](C)O3)[C@H](N(C)C)[C@H]2O)[C@@H](CC=O)C[C@@H](C)C(=O)/C=C/C(C)=C/[C@@H]1CO[C@@H]1O[C@H](C)[C@@H](OC(=O)C2(O)CC(=O)C(O)C(O)C2)[C@@H](OC)[C@H]1OC,CC[C@H]1OC(=O)C[C@@H](OC(C)=O)[C@H](C)[C@@H](O[C@@H]2O[C@H](C)[C@@H](O[C@H]3C[C@@](C)(O)[C@@H](OC(=O)CC(C)C)[C@H](C)O3)[C@H](N(C)C)[C@H]2O)[C@@H](CC=O)C[C@@H](C)C(=O)/C=C/C(C)=C/[C@@H]1CO[C@@H]1O[C@H](C)[C@@H](OC(=O)C2(O)CC(=O)C(O)C(O)C2)[C@@H](OC)[C@H]1OC,True,,-2.273,-1.9212620258331299,-2.4891610145568848,-1.4566173553466797,37,15,22,1
tylvalosin,Tylvalosin (Ì©Íò¾úËØ),REF_TYLVALOSIN,repository_reference,O68_attached_to_C64,68,64,C,MPM00679,Glyoxylic acid,O=CC(=O)O,1,CC[C@H]1OC(=O)C[C@@H](OC(C)=O)[C@H](C)[C@@H](O[C@@H]2O[C@H](C)[C@@H](O[C@H]3C[C@@](C)(O)[C@@H](OC(=O)CC(C)C)[C@H](C)O3)[C@H](N(C)C)[C@H]2O)[C@@H](CC=O)C[C@@H](C)C(=O)/C=C/C(C)=C/[C@@H]1CO[C@@H]1O[C@H](C)[C@@H](OC(=O)C=O)[C@@H](OC)[C@H]1OC,CC[C@H]1OC(=O)C[C@@H](OC(C)=O)[C@H](C)[C@@H](O[C@@H]2O[C@H](C)[C@@H](O[C@H]3C[C@@](C)(O)[C@@H](OC(=O)CC(C)C)[C@H](C)O3)[C@H](N(C)C)[C@H]2O)[C@@H](CC=O)C[C@@H](C)C(=O)/C=C/C(C)=C/[C@@H]1CO[C@@H]1O[C@H](C)[C@@H](OC(=O)C=O)[C@@H](OC)[C@H]1OC,True,,-1.322,-2.0982143878936768,-2.6486475467681885,-1.647859811782837,33,13,20,1
tylvalosin,Tylvalosin (Ì©Íò¾úËØ),REF_TYLVALOSIN,repository_reference,O68_attached_to_C64,68,64,C,MPM00965,Tartronate semialdehyde,O=CC(O)C(=O)O,1,CC[C@H]1OC(=O)C[C@@H](OC(C)=O)[C@H](C)[C@@H](O[C@@H]2O[C@H](C)[C@@H](O[C@H]3C[C@@](C)(O)[C@@H](OC(=O)CC(C)C)[C@H](C)O3)[C@H](N(C)C)[C@H]2O)[C@@H](CC=O)C[C@@H](C)C(=O)/C=C/C(C)=C/[C@@H]1CO[C@@H]1O[C@H](C)[C@@H](OC(=O)C(O)C=O)[C@@H](OC)[C@H]1OC,CC[C@H]1OC(=O)C[C@@H](OC(C)=O)[C@H](C)[C@@H](O[C@@H]2O[C@H](C)[C@@H](O[C@H]3C[C@@](C)(O)[C@@H](OC(=O)CC(C)C)[C@H](C)O3)[C@H](N(C)C)[C@H]2O)[C@@H](CC=O)C[C@@H](C)C(=O)/C=C/C(C)=C/[C@@H]1CO[C@@H]1O[C@H](C)[C@@H](OC(=O)C(O)C=O)[C@@H](OC)[C@H]1OC,True,,-1.519,-2.286611557006836,-2.79280948638916,-1.872449517250061,34,14,20,1
tylvalosin,Tylvalosin (Ì©Íò¾úËØ),REF_TYLVALOSIN,repository_reference,O68_attached_to_C64,68,64,C,MPM00768,Malonate semialdehyde,O=CCC(=O)O,1,CC[C@H]1OC(=O)C[C@@H](OC(C)=O)[C@H](C)[C@@H](O[C@@H]2O[C@H](C)[C@@H](O[C@H]3C[C@@](C)(O)[C@@H](OC(=O)CC(C)C)[C@H](C)O3)[C@H](N(C)C)[C@H]2O)[C@@H](CC=O)C[C@@H](C)C(=O)/C=C/C(C)=C/[C@@H]1CO[C@@H]1O[C@H](C)[C@@H](OC(=O)CC=O)[C@@H](OC)[C@H]1OC,CC[C@H]1OC(=O)C[C@@H](OC(C)=O)[C@H](C)[C@@H](O[C@@H]2O[C@H](C)[C@@H](O[C@H]3C[C@@](C)(O)[C@@H](OC(=O)CC(C)C)[C@H](C)O3)[C@H](N(C)C)[C@H]2O)[C@@H](CC=O)C[C@@H](C)C(=O)/C=C/C(C)=C/[C@@H]1CO[C@@H]1O[C@H](C)[C@@H](OC(=O)CC=O)[C@@H](OC)[C@H]1OC,True,,-1.598,-2.109663724899292,-2.5938892364501953,-1.7134796380996704,34,14,20,1
tylvalosin,Tylvalosin (Ì©Íò¾úËØ),REF_TYLVALOSIN,repository_reference,O68_attached_to_C64,68,64,C,MPM00359,4-Oxobutanoate,O=CCCC(=O)O,1,CC[C@H]1OC(=O)C[C@@H](OC(C)=O)[C@H](C)[C@@H](O[C@@H]2O[C@H](C)[C@@H](O[C@H]3C[C@@](C)(O)[C@@H](OC(=O)CC(C)C)[C@H](C)O3)[C@H](N(C)C)[C@H]2O)[C@@H](CC=O)C[C@@H](C)C(=O)/C=C/C(C)=C/[C@@H]1CO[C@@H]1O[C@H](C)[C@@H](OC(=O)CCC=O)[C@@H](OC)[C@H]1OC,CC[C@H]1OC(=O)C[C@@H](OC(C)=O)[C@H](C)[C@@H](O[C@@H]2O[C@H](C)[C@@H](O[C@H]3C[C@@](C)(O)[C@@H](OC(=O)CC(C)C)[C@H](C)O3)[C@H](N(C)C)[C@H]2O)[C@@H](CC=O)C[C@@H](C)C(=O)/C=C/C(C)=C/[C@@H]1CO[C@@H]1O[C@H](C)[C@@H](OC(=O)CCC=O)[C@@H](OC)[C@H]1OC,True,,-1.863,-1.8200597763061523,-2.3150601387023926,-1.4150593280792236,37,15,22,1
