input_order,chem_id,name,SMILES,pMIC,Akkermansia muciniphila (NT5021),Bacteroides caccae (NT5050),Bacteroides fragilis (ET) (NT5033),Bacteroides fragilis (NT) (NT5003),Bacteroides ovatus (NT5054),Bacteroides thetaiotaomicron (NT5004),Bacteroides uniformis (NT5002),Bacteroides vulgatus (NT5001),Bacteroides xylanisolvens (NT5064),Bifidobacterium adolescentis (NT5022),Bifidobacterium longum (NT5028),Bilophila wadsworthia (NT5036),Blautia obeum (NT5069),Clostridium bolteae (NT5026),Clostridium difficile (NT5083),Clostridium perfringens (NT5032),Clostridium ramosum (NT5006),Clostridium saccharolyticum (NT5037),Collinsella aerofaciens (NT5073),Coprococcus comes (NT5048),Dorea formicigenerans (NT5076),Eggerthella lenta (NT5024),Escherichia coli ED1a (NT5078),Escherichia coli IAI1 (NT5077),Eubacterium eligens (NT5075),Eubacterium rectale (NT5009),Fusobacterium nucleatum (NT5025),Lactobacillus paracasei (NT5042),Odoribacter splanchnicus (NT5081),Parabacteroides distasonis (NT5074),Parabacteroides merdae (NT5071),Prevotella copri (NT5019),Roseburia hominis (NT5079),Roseburia intestinalis (NT5011),Ruminococcus bromii (NT5045),Ruminococcus gnavus (NT5046),Ruminococcus torques (NT5047),Streptococcus parasanguinis (NT5072),Streptococcus salivarius (NT5038),Veillonella parvula (NT5017),apscore_total,apscore_gnegative,apscore_gpositive
1,QSAR001,100S,O=C(C[C@H]([C@H](C)[C@H]([C@@H](CCN[C@@H](CO)C(OC)=O)C[C@H]1C)O[C@@H]([C@H](O)[C@H]2N(C)C)O[C@H](C)[C@H]2O)O)O[C@H](CC)[C@@H](CO[C@@H]3[C@@H](OC)[C@@H](OC)[C@@H](O)[C@H](C)O3)/C=C(C)/C=C/C1=O,0.835,0.03687959909439087,0.21413734555244446,0.2205655723810196,0.40524551272392273,0.3164607584476471,0.08693140000104904,0.22847414016723633,0.23476563394069672,0.10146526247262955,0.4018770158290863,0.26565566658973694,0.03387552127242088,0.8962119221687317,0.0821068286895752,0.03002026490867138,0.3120165169239044,0.0819239690899849,0.4883587658405304,0.644931435585022,0.5639172196388245,0.23345516622066498,0.08884795010089874,0.006418465171009302,0.010336334817111492,0.38193902373313904,0.5461212992668152,0.12857532501220703,0.17830486595630646,0.19143417477607727,0.1694789081811905,0.18224798142910004,0.21044839918613434,0.41823968291282654,0.7145705223083496,0.14001093804836273,0.4470665454864502,0.5988181829452515,0.25311899185180664,0.557028591632843,0.14744852483272552,-1.677207732361032,-2.2068429228803477,-1.2438698492088636
2,QSAR002,101F,O=C(C[C@H]([C@H](C)[C@H]([C@@H](CCN1[C@@H](C(OC)=O)CCC1)C[C@H]2C)O[C@@H]([C@H](O)[C@H]3N(C)C)O[C@H](C)[C@H]3O)O)O[C@H](CC)[C@@H](CO[C@@H]4[C@@H](OC)[C@@H](OC)[C@@H](O)[C@H](C)O4)/C=C(C)/C=C/C2=O,0.84,0.22463296353816986,0.6303929686546326,0.6819286346435547,0.7268273830413818,0.6725703477859497,0.30959025025367737,0.6584953665733337,0.6468633413314819,0.3584769368171692,0.7484870553016663,0.7030537724494934,0.07758661359548569,0.9620668292045593,0.24613264203071594,0.05237486958503723,0.7406569719314575,0.3739360570907593,0.7857186198234558,0.8610185980796814,0.7242751121520996,0.6181254982948303,0.36982059478759766,0.026101157069206238,0.04416998475790024,0.8231377005577087,0.8857840299606323,0.24058659374713898,0.5339530110359192,0.5219941139221191,0.5076870322227478,0.4583733379840851,0.5908415913581848,0.7712349891662598,0.8740732073783875,0.4306689202785492,0.715719997882843,0.7809931635856628,0.5947893261909485,0.8319894075393677,0.3746240735054016,-0.8109481397034756,-1.1370933325161063,-0.5441020728567777
3,QSAR003,102TD,O=C(C[C@H]([C@H](C)[C@H]([C@@H](CCN[C@@H](CC(OC)=O)C(OC)=O)C[C@H]1C)O[C@@H]([C@H](O)[C@H]2N(C)C)O[C@H](C)[C@H]2O)O)O[C@H](CC)[C@@H](CO[C@@H]3[C@@H](OC)[C@@H](OC)[C@@H](O)[C@H](C)O3)/C=C(C)/C=C/C1=O,0.855,0.06830079853534698,0.1864689588546753,0.3221083879470825,0.5492492914199829,0.16456225514411926,0.0941634252667427,0.3972611725330353,0.49643173813819885,0.05437840148806572,0.6004099249839783,0.20015498995780945,0.03226336091756821,0.914400041103363,0.051045626401901245,0.04663705453276634,0.6966895461082458,0.407157838344574,0.574420690536499,0.7357487678527832,0.5214804410934448,0.52347332239151,0.2424611896276474,0.008049409836530685,0.01446849387139082,0.5216976404190063,0.7368391156196594,0.25214481353759766,0.20356686413288116,0.33675578236579895,0.15463392436504364,0.2414785623550415,0.29174602031707764,0.6480531096458435,0.8077437877655029,0.28666555881500244,0.5089563727378845,0.38670143485069275,0.3934500217437744,0.734805166721344,0.332527756690979,-1.3943125637354394,-1.9653514588007357,-0.927098922318379
4,QSAR004,103GA,O=C(C[C@H]([C@H](C)[C@H]([C@@H](CCN[C@@H](CCC(N)=O)C(OC)=O)C[C@H]1C)O[C@@H]([C@H](O)[C@H]2N(C)C)O[C@H](C)[C@H]2O)O)O[C@H](CC)[C@@H](CO[C@@H]3[C@@H](OC)[C@@H](OC)[C@@H](O)[C@H](C)O3)/C=C(C)/C=C/C1=O,0.855,0.070343516767025,0.1264207661151886,0.17943334579467773,0.48475760221481323,0.0934709683060646,0.060574971139431,0.33076798915863037,0.4463037848472595,0.03106534667313099,0.5561339259147644,0.11362755298614502,0.026827730238437653,0.8855857849121094,0.036337174475193024,0.07827503234148026,0.6987576484680176,0.3247498869895935,0.5346179008483887,0.6958014965057373,0.4437539279460907,0.46046462655067444,0.1871127188205719,0.008802875876426697,0.053059764206409454,0.4176381826400757,0.7170489430427551,0.20688115060329437,0.1292601376771927,0.31881141662597656,0.13932253420352936,0.20592956244945526,0.31553328037261963,0.5729031562805176,0.6920521855354309,0.2015141397714615,0.5150991082191467,0.351032555103302,0.48585283756256104,0.767824649810791,0.28838014602661133,-1.5158546162680924,-2.093196999020276,-1.0434835758344878
5,QSAR005,104YS,O=C(C[C@H]([C@H](C)[C@H]([C@@H](CC=O)C[C@H]1C)O[C@@H]([C@H](OC(C2=CN=CC=C2)=O)[C@H]3N(C)C)O[C@H](C)[C@H]3O)O)O[C@H](CC)[C@@H](CO[C@@H]4[C@@H](OC)[C@@H](OC)[C@@H](O)[C@H](C)O4)/C=C(C)/C=C/C1=O,0.836,0.015634628012776375,0.12322381138801575,0.13047237694263458,0.17335213720798492,0.10776396095752716,0.04473203420639038,0.15317152440547943,0.1874205619096756,0.07003545016050339,0.20954494178295135,0.12514369189739227,0.02235160581767559,0.6597816944122314,0.09655561298131943,0.07933761924505234,0.4115925133228302,0.08842910081148148,0.3543921411037445,0.289095401763916,0.31955835223197937,0.2130281776189804,0.06859569996595383,0.0073326812125742435,0.015530884265899658,0.19354213774204254,0.32550346851348877,0.06362272053956985,0.09292101860046387,0.13991713523864746,0.09488934278488159,0.0850081667304039,0.1130232959985733,0.29903560876846313,0.34481486678123474,0.07750879228115082,0.21685808897018433,0.0951380729675293,0.18765313923358917,0.3664536476135254,0.06326732039451599,-2.134085559699086,-2.719364288993202,-1.655221144822081
6,QSAR006,106OMT,O=C(C[C@H]([C@H](C)[C@H]([C@@H](CC=O)C[C@H]1C)O[C@@H]([C@H](O)[C@H]2N(C)C)O[C@H](C)[C@H]2O)O)O[C@H](CC)[C@@H](CO)/C=C(C)/C=C/C1=O,1.271,0.025347840040922165,0.11880031228065491,0.12571880221366882,0.23340150713920593,0.14997699856758118,0.03735920786857605,0.16410672664642334,0.16296468675136566,0.06172038987278938,0.19332337379455566,0.13748367130756378,0.03574582561850548,0.9130957722663879,0.08965788036584854,0.021165968850255013,0.31843918561935425,0.08480902761220932,0.35900458693504333,0.390005499124527,0.684074878692627,0.19205233454704285,0.04293137788772583,0.002791294362396002,0.004429639782756567,0.2407626509666443,0.20852430164813995,0.04774751514196396,0.13549505174160004,0.15456978976726532,0.12871985137462616,0.06434068828821182,0.12913444638252258,0.31808507442474365,0.41940346360206604,0.128287211060524,0.21972383558750153,0.30276399850845337,0.13267599046230316,0.3909938931465149,0.35212886333465576,-2.0954750208377275,-2.686133979247655,-1.6122086003205143
7,QSAR007,107DES,O=C(C[C@H]([C@H](C)[C@H]([C@@H](CC=O)C[C@H]1C)O[C@@H]([C@H](O)[C@H]2N(C)C)O[C@H](C)[C@H]2O)O)O[C@H](CC)[C@@H](CO[C@@H]3[C@@H](OC)[C@@H](OC)[C@@H](O)[C@H](C)O3)/C=C(C)/C=C/C1=O,0.78,0.015002835541963577,0.12703144550323486,0.09439029544591904,0.1753666251897812,0.16264694929122925,0.041157517582178116,0.16626772284507751,0.13931384682655334,0.05027392506599426,0.1576225906610489,0.10691887885332108,0.015139464288949966,0.7923303842544556,0.05558938905596733,0.01383716706186533,0.18219956755638123,0.04655100032687187,0.33502665162086487,0.4005867838859558,0.4578806161880493,0.20130619406700134,0.04622279480099678,0.0027896729297935963,0.004948615096509457,0.27732473611831665,0.30993831157684326,0.044347938150167465,0.14513027667999268,0.0952681228518486,0.08845686167478561,0.07677909731864929,0.07912425696849823,0.20496849715709686,0.35903435945510864,0.07136896997690201,0.2995961904525757,0.2612153887748718,0.09749404340982437,0.36453068256378174,0.09549789130687714,-2.3022982299282297,-2.936173941407374,-1.7836726478089295
8,QSAR008,109TAILEJUNSU,O=C(C[C@H]([C@H](C)[C@H]([C@@H](CC=O)C[C@H]1C)O[C@@H]([C@H](O)[C@H]2N(C)C)O[C@H](C)[C@H]2O[C@H]3C[C@](O)(C)[C@H](O)[C@@H](C)O3)O)O[C@H](CC)[C@@H](CO[C@H]4[C@H](OC)[C@H](OC)[C@H](O)[C@@H](C)O4)/C=C(C)/C=C/C1=O,0.855,0.07019089162349701,0.3985985219478607,0.34337088465690613,0.5201661586761475,0.4940997362136841,0.16564910113811493,0.48390626907348633,0.4816421866416931,0.1620388627052307,0.5417881608009338,0.36594516038894653,0.04890802875161171,0.9223300218582153,0.17950308322906494,0.047850653529167175,0.5308018922805786,0.14697858691215515,0.6985238194465637,0.7210493087768555,0.7611097693443298,0.546112596988678,0.253348708152771,0.011916599236428738,0.027516532689332962,0.6606022119522095,0.6748526692390442,0.1488536298274994,0.446687787771225,0.276594877243042,0.3183368742465973,0.33320945501327515,0.2788997292518616,0.57945716381073,0.7350741624832153,0.23800130188465118,0.5903415083885193,0.5952741503715515,0.3174833655357361,0.7003753185272217,0.23461151123046875,-1.2168706475301676,-1.682171179903003,-0.8361702119523922
9,QSAR009,10A10,O=C(C[C@H]([C@H](C)[C@H]([C@@H](CCN(CC1=CN(C2=CN=C(C=CC=C3)C3=C2)N=N1)CC4=C(OC)C=C(OC)C=C4OC)C[C@H]5C)O[C@@H]([C@H](O)[C@H]6N(C)C)O[C@H](C)[C@H]6O)O)O[C@H](CC)[C@@H](CO)/C=C(C)/C=C/C5=O,1.79,0.10944707691669464,0.3512972593307495,0.22306643426418304,0.29694825410842896,0.39438867568969727,0.26586487889289856,0.39990556240081787,0.3362917900085449,0.17200563848018646,0.3217313587665558,0.5857794880867004,0.006533490028232336,0.6447865962982178,0.1686912328004837,0.06393641978502274,0.3652632534503937,0.13081079721450806,0.40138494968414307,0.4984859824180603,0.39737850427627563,0.21076200902462006,0.2848636507987976,0.017650894820690155,0.010995987802743912,0.5282021164894104,0.7332693338394165,0.03842368349432945,0.3957955539226532,0.2671576738357544,0.1963520348072052,0.3928603231906891,0.29187577962875366,0.46768876910209656,0.5269313454627991,0.16705508530139923,0.33352530002593994,0.29658403992652893,0.44420844316482544,0.7220364809036255,0.091925248503685,-1.496776758937845,-2.018444169217659,-1.0699579687089054
10,QSAR010,110TAIWANJUNSU,O=C(C[C@H]([C@H](C)[C@H]([C@@H](CC=O)C[C@H]1C)O[C@@H]([C@H](O)[C@H]2N(C)C)O[C@H](C)[C@H]2O[C@H]3C[C@](O)(C)[C@H](OC(CC(C)C)=O)[C@@H](C)O3)OC(C)=O)O[C@H](CC)[C@@H](CO[C@H]4[C@H](OC)[C@H](OC)[C@H](O)[C@@H](C)O4)/C=C(C)/C=C/C1=O,2.115,0.02283872663974762,0.11049910634756088,0.10524582117795944,0.2982804775238037,0.06707920134067535,0.044043540954589844,0.15110115706920624,0.21313722431659698,0.04007157310843468,0.2157556265592575,0.12449014186859131,0.023854203522205353,0.6782221794128418,0.028953710570931435,0.027088981121778488,0.5405561923980713,0.07183905690908432,0.2940049469470978,0.3519471287727356,0.3810114860534668,0.181016206741333,0.05770545452833176,0.005502775311470032,0.007177265826612711,0.23986251652240753,0.40849319100379944,0.054467976093292236,0.1603543907403946,0.11424505710601807,0.14646212756633759,0.07002585381269455,0.09313789755105972,0.3407231271266937,0.4014122784137726,0.10469458997249603,0.2033795416355133,0.09606146067380905,0.1522543728351593,0.4903624653816223,0.06054526939988136,-2.194056851876683,-2.8129442870633827,-1.6876944049057485
11,QSAR011,111TAIDILUOXIN,O=C(C[C@H]([C@H](C)[C@H]([C@@H](CCN1CCCCC1)C[C@H]2C)O[C@@H]([C@H](O)[C@H]3N(C)C)O[C@H](C)[C@H]3O)O)O[C@H](CC)[C@@H](CN4CCCCC4)/C=C(C)/C=C/C2=O,2.866,0.11911626905202866,0.4596385061740875,0.3814941644668579,0.4462429881095886,0.6142179369926453,0.0838402807712555,0.36791786551475525,0.3720044493675232,0.15033215284347534,0.2915188670158386,0.6032302379608154,0.016156252473592758,0.954437792301178,0.1051407977938652,0.03243253007531166,0.5300438404083252,0.2558511197566986,0.3994973301887512,0.7724186182022095,0.614508867263794,0.3314218819141388,0.2784883975982666,0.005276476498693228,0.00426033791154623,0.706577718257904,0.8268372416496277,0.13796326518058777,0.503917932510376,0.2419137805700302,0.4002082347869873,0.5301802754402161,0.3484588861465454,0.6046266555786133,0.8789010643959045,0.2002200484275818,0.5800541043281555,0.7263611555099487,0.2616286873817444,0.6152699589729309,0.34877610206604004,-1.326875482991054,-1.856199102086533,-0.8937925219129353
12,QSAR012,112TIMIKAOXING,O=C(C[C@H]([C@H](C)[C@H]([C@@H](CCN1C[C@H](C)C[C@H](C)C1)C[C@H]2C)O[C@@H]([C@H](O)[C@H]3N(C)C)O[C@H](C)[C@H]3O)O)O[C@H](CC)[C@@H](CO[C@H]4[C@H](OC)[C@H](OC)[C@H](O)[C@@H](C)O4)/C=C(C)/C=C/C2=O,2.638,0.038534581661224365,0.32724228501319885,0.2935940623283386,0.3427596092224121,0.5083923935890198,0.10630299150943756,0.30197271704673767,0.2855602502822876,0.12856116890907288,0.3558158874511719,0.4019578695297241,0.00789211131632328,0.9202630519866943,0.09917785972356796,0.022281119599938393,0.4366067349910736,0.16701796650886536,0.519720196723938,0.7031633853912354,0.5431549549102783,0.2588954269886017,0.1980859339237213,0.00209714169614017,0.0033056302927434444,0.567104160785675,0.7274552583694458,0.07179176062345505,0.35142603516578674,0.225386843085289,0.38886842131614685,0.2719874382019043,0.1880059838294983,0.40379971265792847,0.7379876375198364,0.1965872049331665,0.5025414824485779,0.6491463780403137,0.25981321930885315,0.6346244215965271,0.21271106600761414,-1.5859984336984394,-2.244461643963265,-1.0472558071181282
13,QSAR013,11A11,O=C(C[C@H]([C@H](C)[C@H]([C@@H](CCN(CC1=CN(C2=CN=C(C=CC=C3)C3=C2)N=N1)CC4=CC=C(NC(C)=O)C=C4)C[C@H]5C)O[C@@H]([C@H](O)[C@H]6N(C)C)O[C@H](C)[C@H]6O)O)O[C@H](CC)[C@@H](CO)/C=C(C)/C=C/C5=O,1.474,0.8268061280250549,0.9010845422744751,0.8698315024375916,0.9302409887313843,0.8347318768501282,0.6780907511711121,0.9431545734405518,0.9679335951805115,0.6521853804588318,0.966378390789032,0.9578186273574829,0.1738971471786499,0.9916368126869202,0.4267532229423523,0.7022876143455505,0.9834961891174316,0.9121795296669006,0.9659640789031982,0.9793713092803955,0.9301177263259888,0.9522334337234497,0.9111911654472351,0.21494127810001373,0.24180443584918976,0.9803077578544617,0.9979350566864014,0.5746508836746216,0.9020581841468811,0.9483606219291687,0.7666588425636292,0.939717173576355,0.8705669641494751,0.987605094909668,0.988177478313446,0.8846361041069031,0.9578452110290527,0.8822544813156128,0.9722809791564941,0.9933149218559265,0.7661460041999817,-0.24460484427268003,-0.4244430160759503,-0.09746452188818623
14,QSAR014,12A12,O=C(C[C@H]([C@H](C)[C@H]([C@@H](CCN(CC1=CN(C2=CN=C(C=CC=C3)C3=C2)N=N1)CC4=CC=C(C(C)C)C=C4)C[C@H]5C)O[C@@H]([C@H](O)[C@H]6N(C)C)O[C@H](C)[C@H]6O)O)O[C@H](CC)[C@@H](CO)/C=C(C)/C=C/C5=O,1.769,0.08606375008821487,0.16844752430915833,0.12871390581130981,0.1011858582496643,0.1364443302154541,0.1428283154964447,0.1417403370141983,0.18028578162193298,0.07232549041509628,0.09125303477048874,0.36917388439178467,0.004691549576818943,0.5546800494194031,0.045823775231838226,0.08186034113168716,0.18334881961345673,0.0555046871304512,0.18511627614498138,0.26677823066711426,0.16803832352161407,0.08933547139167786,0.13115660846233368,0.006963471882045269,0.012290108017623425,0.4106330871582031,0.4271283745765686,0.02874666452407837,0.16940338909626007,0.07534247636795044,0.07612939178943634,0.20570720732212067,0.13323825597763062,0.3553890883922577,0.32983171939849854,0.07376985251903534,0.14157724380493164,0.12589296698570251,0.12571848928928375,0.31360551714897156,0.09664786607027054,-2.177428500035086,-2.6765639811877295,-1.7690449245465578
15,QSAR015,13A13,O=C(C[C@H]([C@H](C)[C@H]([C@@H](CCN(CC1=CN(C2=CN=C(C=CC=C3)C3=C2)N=N1)CC4=CC=C(C)C=C4)C[C@H]5C)O[C@@H]([C@H](O)[C@H]6N(C)C)O[C@H](C)[C@H]6O)O)O[C@H](CC)[C@@H](CO)/C=C(C)/C=C/C5=O,1.755,0.17340098321437836,0.27177923917770386,0.21607254445552826,0.21394576132297516,0.2898094356060028,0.19345228374004364,0.3143012523651123,0.28838202357292175,0.12499573826789856,0.25122490525245667,0.5994924902915955,0.005929199978709221,0.7374165058135986,0.10422581434249878,0.07535822689533234,0.3838197588920593,0.07785504311323166,0.2759621739387512,0.4550072252750397,0.40604275465011597,0.23577244579792023,0.19854211807250977,0.00869515910744667,0.012890240177512169,0.4852946996688843,0.6820753812789917,0.02440980076789856,0.2847980856895447,0.20528455078601837,0.1383899450302124,0.2836405038833618,0.22157689929008484,0.5084846615791321,0.5368938446044922,0.1509530395269394,0.29061979055404663,0.2597348988056183,0.25212109088897705,0.5459781289100647,0.07519841939210892,-1.6763386019864364,-2.2412943569751453,-1.214102075177493
16,QSAR016,14A14,O=C(C[C@H]([C@H](C)[C@H]([C@@H](CCN(CC1=CN(C2=CN=C(C=CC=C3)C3=C2)N=N1)CC4=CC=C(CC)C=C4)C[C@H]5C)O[C@@H]([C@H](O)[C@H]6N(C)C)O[C@H](C)[C@H]6O)O)O[C@H](CC)[C@@H](CO)/C=C(C)/C=C/C5=O,1.461,0.10928168147802353,0.30582737922668457,0.25231295824050903,0.2470359057188034,0.3165363669395447,0.23919884860515594,0.3171384036540985,0.3613523840904236,0.16572700440883636,0.2782217264175415,0.6281958222389221,0.007569761946797371,0.7634236812591553,0.1136007234454155,0.08993082493543625,0.4287082552909851,0.10954013466835022,0.3446125090122223,0.5205767154693604,0.3728042244911194,0.29104915261268616,0.25734812021255493,0.006671180948615074,0.010511122643947601,0.6042833924293518,0.6549602746963501,0.0405929833650589,0.3437546193599701,0.19273905456066132,0.15211956202983856,0.32775935530662537,0.22355221211910248,0.5436460971832275,0.588387131690979,0.16877026855945587,0.3390590250492096,0.26739805936813354,0.28532472252845764,0.6097274422645569,0.11346948146820068,-1.567670117166649,-2.149484668298987,-1.0916400298765543
17,QSAR017,15A15,O=C(C[C@H]([C@H](C)[C@H]([C@@H](CCN(CC1=CN(C2=CN=C(C=CC=C3)C3=C2)N=N1)CC4=CC=NC=C4)C[C@H]5C)O[C@@H]([C@H](O)[C@H]6N(C)C)O[C@H](C)[C@H]6O)O)O[C@H](CC)[C@@H](CO)/C=C(C)/C=C/C5=O,1.448,0.09243683516979218,0.21639244258403778,0.17075347900390625,0.143889382481575,0.21168698370456696,0.10747961699962616,0.19946487247943878,0.21721071004867554,0.10023722797632217,0.1319171041250229,0.502346932888031,0.004215061664581299,0.6681596636772156,0.055774517357349396,0.03106217458844185,0.22867341339588165,0.07148482650518417,0.21443995833396912,0.40670010447502136,0.24582883715629578,0.1582094430923462,0.1521882712841034,0.007731619756668806,0.009951520711183548,0.42930054664611816,0.6983878016471863,0.03561611473560333,0.21609042584896088,0.19446882605552673,0.0796583816409111,0.19409027695655823,0.16906893253326416,0.41993680596351624,0.40660083293914795,0.15418565273284912,0.19295433163642883,0.1776314079761505,0.26410216093063354,0.3975331485271454,0.07465450465679169,-1.9613871098258162,-2.5164571363751125,-1.5072389062854816
18,QSAR018,16A16,O=C(C[C@H]([C@H](C)[C@H]([C@@H](CCN(CC1=CN(C2=CN=C(C=CC=C3)C3=C2)N=N1)CC4=CC=CN=C4)C[C@H]5C)O[C@@H]([C@H](O)[C@H]6N(C)C)O[C@H](C)[C@H]6O)O)O[C@H](CC)[C@@H](CO)/C=C(C)/C=C/C5=O,1.448,0.09065233170986176,0.22076869010925293,0.16446208953857422,0.151204913854599,0.20326319336891174,0.11889172345399857,0.205500990152359,0.2180795520544052,0.10857036709785461,0.1401878148317337,0.4923751950263977,0.004071622621268034,0.677941620349884,0.05971034616231918,0.039462678134441376,0.25600263476371765,0.08345189690589905,0.21719618141651154,0.4155590534210205,0.2045329064130783,0.17125989496707916,0.1531929075717926,0.008059632033109665,0.010687589645385742,0.44217973947525024,0.6907027959823608,0.03567441552877426,0.2141285538673401,0.21352167427539825,0.08563433587551117,0.20115672051906586,0.18207040429115295,0.39950406551361084,0.4094929099082947,0.1550632119178772,0.21162499487400055,0.19615548849105835,0.3069462478160858,0.42678406834602356,0.07254180312156677,-1.9247534929156263,-2.4879342094344006,-1.4639692703093565
19,QSAR019,17A17,O=C(C[C@H]([C@H](C)[C@H]([C@@H](CCN(CC1=CN(C2=CN=C(C=CC=C3)C3=C2)N=N1)CC4=CC=C(CO)O4)C[C@H]5C)O[C@@H]([C@H](O)[C@H]6N(C)C)O[C@H](C)[C@H]6O)O)O[C@H](CC)[C@@H](CO)/C=C(C)/C=C/C5=O,1.457,0.25164440274238586,0.3949124813079834,0.28979867696762085,0.293446809053421,0.3658072352409363,0.259030282497406,0.39243781566619873,0.40928876399993896,0.24265055358409882,0.30242571234703064,0.6709282994270325,0.02156977355480194,0.733787477016449,0.12491752952337265,0.12687575817108154,0.47262078523635864,0.09227865934371948,0.3717522919178009,0.5509597063064575,0.5155110359191895,0.27638861536979675,0.33211809396743774,0.019397612661123276,0.032241396605968475,0.6202782392501831,0.6659247875213623,0.080050028860569,0.4498055875301361,0.3632782995700836,0.1872158646583557,0.42919492721557617,0.3002459704875946,0.5109845995903015,0.5393795967102051,0.21064762771129608,0.44358211755752563,0.3343501687049866,0.39405736327171326,0.660124659538269,0.1335579752922058,-1.31165531011103,-1.7146517626759392,-0.9819309398306498
20,QSAR020,18A18,O=C(C[C@H]([C@H](C)[C@H]([C@@H](CCN(CC1=CN(C2=CN=C(C=CC=C3)C3=C2)N=N1)CC4=CC=CS4)C[C@H]5C)O[C@@H]([C@H](O)[C@H]6N(C)C)O[C@H](C)[C@H]6O)O)O[C@H](CC)[C@@H](CO)/C=C(C)/C=C/C5=O,1.752,0.20448292791843414,0.48823273181915283,0.318940669298172,0.2875467538833618,0.444600373506546,0.27240461111068726,0.4470711052417755,0.40542709827423096,0.28103795647621155,0.30659154057502747,0.6770073175430298,0.024882808327674866,0.7211757302284241,0.1301310807466507,0.10168507695198059,0.47577372193336487,0.09705821424722672,0.40221425890922546,0.529354453086853,0.3791068196296692,0.2439807951450348,0.2800471782684326,0.01839817687869072,0.01924917846918106,0.5348044037818909,0.7195332646369934,0.07475775480270386,0.37681660056114197,0.38465526700019836,0.19522139430046082,0.3831111788749695,0.3464653789997101,0.5262796878814697,0.6080924272537231,0.25355055928230286,0.35138410329818726,0.2857750952243805,0.3440030515193939,0.6518144607543945,0.13844893872737885,-1.3333985606202197,-1.700004077989413,-1.0334485918636067
21,QSAR021,19A19,O=C(C[C@H]([C@H](C)[C@H]([C@@H](CCN(CC1=CN(C2=CN=C(C=CC=C3)C3=C2)N=N1)CC4=CSC=C4)C[C@H]5C)O[C@@H]([C@H](O)[C@H]6N(C)C)O[C@H](C)[C@H]6O)O)O[C@H](CC)[C@@H](CO)/C=C(C)/C=C/C5=O,1.752,0.22877836227416992,0.4701748788356781,0.3041800558567047,0.27639269828796387,0.44099152088165283,0.28248322010040283,0.37779927253723145,0.41583558917045593,0.2713737189769745,0.28829988837242126,0.6515742540359497,0.02518262341618538,0.7001184225082397,0.10674212127923965,0.09752276539802551,0.41273948550224304,0.09019388258457184,0.402154803276062,0.5339890122413635,0.4485451877117157,0.19023172557353973,0.2622808516025543,0.018081001937389374,0.02097943052649498,0.5971776247024536,0.6936869621276855,0.07970575243234634,0.39877375960350037,0.36564281582832336,0.18605342507362366,0.37927475571632385,0.36984243988990784,0.5072347521781921,0.6149612665176392,0.24781420826911926,0.3508351743221283,0.2572573721408844,0.34657716751098633,0.6213955879211426,0.1323593556880951,-1.355738857781469,-1.7058916583158823,-1.069250202798768
22,QSAR022,1A1,CN(CC[C@H]([C@@H]([C@H]([C@@H](CC1=O)O)C)O[C@@H]([C@H](O)[C@H]2N(C)C)O[C@H](C)[C@H]2O)C[C@@H](C)C(/C=C/C(C)=C/[C@H](CO)[C@@H](CC)O1)=O)CC3=CN(C4=CN=C(C=CC=C5)C5=C4)N=N3,2.312,0.1735527068376541,0.3700251579284668,0.2195533812046051,0.22345614433288574,0.27429845929145813,0.12148076295852661,0.27003130316734314,0.29813143610954285,0.10701538622379303,0.18291835486888885,0.573495090007782,0.007911279797554016,0.631190836429596,0.0909280851483345,0.039537739008665085,0.34279048442840576,0.0742138922214508,0.36855122447013855,0.4961702823638916,0.3375636637210846,0.1528780609369278,0.2041979730129242,0.01653640903532505,0.01809019036591053,0.44874465465545654,0.71165531873703,0.04887329414486885,0.2704108655452728,0.3305024206638336,0.14071863889694214,0.2521587908267975,0.22456160187721252,0.47252947092056274,0.5459761619567871,0.1705421507358551,0.2799224853515625,0.27555200457572937,0.2702765464782715,0.5074518918991089,0.25073596835136414,-1.6399832058276822,-2.0672929687788812,-1.2903661270494295
23,QSAR023,20A20,O=C(C[C@H]([C@H](C)[C@H]([C@@H](CCN(CC1=CN(C2=CN=C(C=CC=C3)C3=C2)N=N1)CC4=NC=CS4)C[C@H]5C)O[C@@H]([C@H](O)[C@H]6N(C)C)O[C@H](C)[C@H]6O)O)O[C@H](CC)[C@@H](CO)/C=C(C)/C=C/C5=O,1.451,0.15657497942447662,0.3256770074367523,0.18842701613903046,0.16623623669147491,0.24835540354251862,0.15743964910507202,0.2286485880613327,0.27980148792266846,0.14618393778800964,0.17523308098316193,0.6138263940811157,0.011794081889092922,0.6383721232414246,0.08901650458574295,0.04466757923364639,0.2807609736919403,0.06954478472471237,0.28502553701400757,0.4422035813331604,0.31948909163475037,0.15222428739070892,0.1778719574213028,0.008396982215344906,0.013080100528895855,0.46142974495887756,0.6385239958763123,0.04888707026839256,0.270700603723526,0.26666736602783203,0.11874657869338989,0.24627886712551117,0.23710666596889496,0.35027557611465454,0.5255793929100037,0.16342748701572418,0.23518793284893036,0.22913213074207306,0.26362937688827515,0.48046162724494934,0.09592234343290329,-1.7387044205621511,-2.1980786366349445,-1.3628527892298659
24,QSAR024,21A21,O=C(C[C@H]([C@H](C)[C@H]([C@@H](CCN(CC1=CN(C2=CN=C(C=CC=C3)C3=C2)N=N1)CC4=CN=CS4)C[C@H]5C)O[C@@H]([C@H](O)[C@H]6N(C)C)O[C@H](C)[C@H]6O)O)O[C@H](CC)[C@@H](CO)/C=C(C)/C=C/C5=O,1.451,0.16848863661289215,0.3573746085166931,0.23331470787525177,0.18552005290985107,0.2638891935348511,0.14065659046173096,0.23250532150268555,0.3052733838558197,0.15527568757534027,0.18010970950126648,0.6103376150131226,0.011844304390251637,0.6012101173400879,0.09843786060810089,0.04240366071462631,0.2794164717197418,0.07229547947645187,0.2936677634716034,0.44916418194770813,0.3119893968105316,0.15455031394958496,0.19457301497459412,0.009528396651148796,0.013699138537049294,0.4573594331741333,0.7384936213493347,0.04231477528810501,0.2914811968803406,0.27615591883659363,0.13245542347431183,0.2588268518447876,0.2646710276603699,0.3625906705856323,0.5223051309585571,0.17115844786167145,0.2552722096443176,0.2433108240365982,0.2734464704990387,0.5031471848487854,0.10039691627025604,-1.6970908910246212,-2.1434241216330867,-1.3319091568904209
25,QSAR025,22A22,O=C(C[C@H]([C@H](C)[C@H]([C@@H](CCN(CC1=CN(C2=CN=C(C=CC=C3)C3=C2)N=N1)CC4=CN=CN=C4)C[C@H]5C)O[C@@H]([C@H](O)[C@H]6N(C)C)O[C@H](C)[C@H]6O)O)O[C@H](CC)[C@@H](CO)/C=C(C)/C=C/C5=O,1.449,0.1320754885673523,0.298147588968277,0.23244522511959076,0.17859213054180145,0.26484084129333496,0.13007409870624542,0.1941690891981125,0.28667187690734863,0.15078411996364594,0.1744128167629242,0.5082554817199707,0.00987866148352623,0.6312511563301086,0.10426045954227448,0.04353959485888481,0.27192917466163635,0.07349175214767456,0.2856103181838989,0.4546772539615631,0.29791784286499023,0.24352793395519257,0.19416794180870056,0.011941689066588879,0.013095954433083534,0.4650465250015259,0.7545064687728882,0.04985686019062996,0.2592319846153259,0.24265792965888977,0.10442565381526947,0.22617997229099274,0.23465688526630402,0.4318007230758667,0.5115185976028442,0.13705118000507355,0.257062703371048,0.22306786477565765,0.2778168320655823,0.42839547991752625,0.1373506486415863,-1.7229383708833654,-2.1967072613453884,-1.3353092786871663
26,QSAR026,23B1,CN(CC[C@H]([C@@H]([C@H]([C@@H](CC1=O)O)C)O[C@@H]([C@H](O)[C@H]2N(C)C)O[C@H](C)[C@H]2O)C[C@@H](C)C(/C=C/C(C)=C/[C@H](CI)[C@@H](CC)O1)=O)CC3=CN(C4=CN=C(C=CC=C5)C5=C4)N=N3,1.765,0.05358387529850006,0.12995728850364685,0.08300728350877762,0.06586208194494247,0.1100175678730011,0.032843876630067825,0.08890093863010406,0.1003747507929802,0.020083623006939888,0.06066560000181198,0.23478665947914124,0.0011988761834800243,0.4544611871242523,0.014915293082594872,0.009091654792428017,0.12987209856510162,0.031800489872694016,0.10808835178613663,0.2403859794139862,0.1851315051317215,0.040395427495241165,0.0690249651670456,0.003927538171410561,0.00558860506862402,0.17183326184749603,0.586731493473053,0.011273639276623726,0.07640031725168228,0.07080502808094025,0.04276343062520027,0.08705911040306091,0.060046710073947906,0.2186015248298645,0.24807697534561157,0.04450730234384537,0.08383889496326447,0.060799490660429,0.11032410711050034,0.23740766942501068,0.06335495412349701,-2.7661515424518557,-3.343179745701612,-2.294037557974784
27,QSAR027,24B2,O=C(C[C@H]([C@H](C)[C@H]([C@@H](CCN(CC1=CN(C2=CN=C(C=CC=C3)C3=C2)N=N1)CC4=CC=CC=C4)C[C@H]5C)O[C@@H]([C@H](O)[C@H]6N(C)C)O[C@H](C)[C@H]6O)O)O[C@H](CC)[C@@H](CI)/C=C(C)/C=C/C5=O,1.498,0.04248502105474472,0.07545039802789688,0.06254809349775314,0.04347148537635803,0.09442278742790222,0.05492611601948738,0.07270912081003189,0.09120863676071167,0.024395018815994263,0.07071114331483841,0.21157187223434448,0.0010268912883475423,0.5092751383781433,0.017992595210671425,0.010964369401335716,0.09284619987010956,0.021742694079875946,0.08150765299797058,0.1800004541873932,0.1290755569934845,0.046156611293554306,0.09228239953517914,0.002452435437589884,0.0035493304021656513,0.21790258586406708,0.575489342212677,0.00868634320795536,0.0690615326166153,0.046598535031080246,0.03624698892235756,0.06819859147071838,0.04388497397303581,0.1731773018836975,0.17830249667167664,0.03333759307861328,0.06651439517736435,0.04206603765487671,0.10586098581552505,0.1986624300479889,0.02870507724583149,-2.9343893014233093,-3.592557569841228,-2.3958879908995576
28,QSAR028,25B3,O=C(C[C@H]([C@H](C)[C@H]([C@@H](CCN(CC1=CN(C2=CN=C(C=CC=C3)C3=C2)N=N1)CC4=CC=C(OC)C=C4)C[C@H]5C)O[C@@H]([C@H](O)[C@H]6N(C)C)O[C@H](C)[C@H]6O)O)O[C@H](CC)[C@@H](CI)/C=C(C)/C=C/C5=O,1.812,0.048062264919281006,0.13719823956489563,0.11622879654169083,0.09876282513141632,0.16725574433803558,0.08770791441202164,0.16422566771507263,0.15326598286628723,0.052198104560375214,0.14692442119121552,0.38818269968032837,0.0014609999489039183,0.555649995803833,0.038829509168863297,0.01949596032500267,0.18161533772945404,0.04556272551417351,0.1376306414604187,0.29752975702285767,0.15118683874607086,0.0955275222659111,0.14580772817134857,0.004150332883000374,0.0047200825065374374,0.3061430752277374,0.7309168577194214,0.009895769879221916,0.15015718340873718,0.06724733859300613,0.07248205691576004,0.19222302734851837,0.10304414480924606,0.25672009587287903,0.24761337041854858,0.0731234923005104,0.12607362866401672,0.11098434776067734,0.1874474734067917,0.3447273075580597,0.04583606496453285,-2.3805601303495605,-3.0365858526986886,-1.843811812063908
29,QSAR029,26B4,O=C(C[C@H]([C@H](C)[C@H]([C@@H](CCN(CC1=CN(C2=CN=C(C=CC=C3)C3=C2)N=N1)CC4=CC=CO4)C[C@H]5C)O[C@@H]([C@H](O)[C@H]6N(C)C)O[C@H](C)[C@H]6O)O)O[C@H](CC)[C@@H](CI)/C=C(C)/C=C/C5=O,1.494,0.06770801544189453,0.16266542673110962,0.11910785734653473,0.08733724802732468,0.17025309801101685,0.0866779088973999,0.13949015736579895,0.1725299209356308,0.06872113049030304,0.12823207676410675,0.38312309980392456,0.0037787328474223614,0.5163089036941528,0.024587132036685944,0.02350941300392151,0.16315828263759613,0.04194606840610504,0.13129986822605133,0.28136709332466125,0.1702018529176712,0.06235164776444435,0.13751907646656036,0.006638681516051292,0.007343713194131851,0.3964904546737671,0.6238417029380798,0.033272016793489456,0.173807755112648,0.10061106830835342,0.07404009997844696,0.12831911444664001,0.11192063987255096,0.19373197853565216,0.25145161151885986,0.08514729887247086,0.10714028030633926,0.08982878923416138,0.15829326212406158,0.28928518295288086,0.04265525937080383,-2.330109388881845,-2.82792157978542,-1.9228085054152837
30,QSAR030,27B5,O=C(C[C@H]([C@H](C)[C@H]([C@@H](CCN(CC1=CN(C2=CN=C(C=CC=C3)C3=C2)N=N1)CC4=CC=C(N(C)C)C=C4)C[C@H]5C)O[C@@H]([C@H](O)[C@H]6N(C)C)O[C@H](C)[C@H]6O)O)O[C@H](CC)[C@@H](CI)/C=C(C)/C=C/C5=O,1.516,0.06396692246198654,0.10460702329874039,0.10689520090818405,0.06143913045525551,0.13399364054203033,0.06914260238409042,0.10180880129337311,0.13223063945770264,0.03847268223762512,0.0766424909234047,0.30168217420578003,0.0010145370615646243,0.42069685459136963,0.02500533126294613,0.010740567930042744,0.12144066393375397,0.028991520404815674,0.10165505111217499,0.2306588590145111,0.10207080841064453,0.05066948011517525,0.09524154663085938,0.003179144114255905,0.005357143934816122,0.2307809740304947,0.6280329823493958,0.007732270285487175,0.10332953184843063,0.05547627434134483,0.05078168958425522,0.1025402620434761,0.07811567187309265,0.22632086277008057,0.21850153803825378,0.049697086215019226,0.08476203680038452,0.0696021318435669,0.12686391174793243,0.22164539992809296,0.03207670524716377,-2.698545146309507,-3.286367820454516,-2.217599322009045
31,QSAR031,28B6,O=C(C[C@H]([C@H](C)[C@H]([C@@H](CCN(CC1=CN(C2=CN=C(C=CC=C3)C3=C2)N=N1)CC4=CC=C(C(F)(F)F)C=C4)C[C@H]5C)O[C@@H]([C@H](O)[C@H]6N(C)C)O[C@H](C)[C@H]6O)O)O[C@H](CC)[C@@H](CI)/C=C(C)/C=C/C5=O,1.526,0.05761828273534775,0.17138171195983887,0.12002478539943695,0.07815194129943848,0.17605072259902954,0.08257834613323212,0.1366766393184662,0.16303716599941254,0.04765672981739044,0.1252889186143875,0.3285965323448181,0.002436950569972396,0.5667052268981934,0.03785369545221329,0.020539632067084312,0.16614656150341034,0.03893202915787697,0.12581269443035126,0.27305394411087036,0.2004094272851944,0.10152531415224075,0.11789774894714355,0.005132542457431555,0.005955078639090061,0.33873218297958374,0.6530455350875854,0.016758928075432777,0.16134093701839447,0.07807730883359909,0.068216472864151,0.11284284293651581,0.10384547710418701,0.28967273235321045,0.2721402645111084,0.06417916715145111,0.1232401505112648,0.08899395167827606,0.17752885818481445,0.32804086804389954,0.06503986567258835,-2.365476479433171,-2.960086605742808,-1.8789772851798312
32,QSAR032,29B7,O=C(C[C@H]([C@H](C)[C@H]([C@@H](CCN(CC1=CN(C2=CN=C(C=CC=C3)C3=C2)N=N1)CC4=CC=C(Br)C=C4)C[C@H]5C)O[C@@H]([C@H](O)[C@H]6N(C)C)O[C@H](C)[C@H]6O)O)O[C@H](CC)[C@@H](CI)/C=C(C)/C=C/C5=O,1.531,0.41937533020973206,0.722273051738739,0.6724737882614136,0.7527613043785095,0.5221976637840271,0.3327903747558594,0.7875385880470276,0.8662611842155457,0.15540827810764313,0.7695555686950684,0.7801769971847534,0.03931501880288124,0.9627821445465088,0.07546330988407135,0.3554394245147705,0.9415290951728821,0.772267758846283,0.7946138978004456,0.9032778739929199,0.7541664838790894,0.7671130299568176,0.753037691116333,0.04507093131542206,0.04970129579305649,0.917336642742157,0.9916233420372009,0.2438843697309494,0.5388611555099487,0.6891613006591797,0.34959524869918823,0.7229782938957214,0.496963232755661,0.8694924116134644,0.9463320374488831,0.6094767451286316,0.8096158504486084,0.5514787435531616,0.8771542906761169,0.9495312571525574,0.3959506154060364,-0.7007792201884957,-1.1106108429837003,-0.3654624379015105
33,QSAR033,2A2,O=C(C[C@H]([C@H](C)[C@H]([C@@H](CCN(CC1=CN(C2=CN=C(C=CC=C3)C3=C2)N=N1)CC4=CC=CC=C4)C[C@H]5C)O[C@@H]([C@H](O)[C@H]6N(C)C)O[C@H](C)[C@H]6O)O)O[C@H](CC)[C@@H](CO)/C=C(C)/C=C/C5=O,2.05,0.17054253816604614,0.29467418789863586,0.1850946992635727,0.15813292562961578,0.24757811427116394,0.20761056244373322,0.23338238894939423,0.2554536461830139,0.09959414601325989,0.20246528089046478,0.5720546245574951,0.004871583543717861,0.7295705080032349,0.07026363909244537,0.057299546897411346,0.2708755433559418,0.07223228365182877,0.2772020995616913,0.3756578266620636,0.37525010108947754,0.17197255790233612,0.21209777891635895,0.010476058349013329,0.010957990773022175,0.5152960419654846,0.7188460826873779,0.023492643609642982,0.25535908341407776,0.22217582166194916,0.1462240219116211,0.2572176456451416,0.17460757493972778,0.3944754898548126,0.4244627058506012,0.13572785258293152,0.2332151234149933,0.22208313643932343,0.22615386545658112,0.5136830806732178,0.08236190676689148,-1.7879923862809046,-2.3217089018829586,-1.3513152371519521
34,QSAR034,30C1,CN(CC[C@H]([C@@H]([C@H]([C@@H](CC1=O)O)C)O[C@@H]([C@H](O)[C@H]2N(C)C)O[C@H](C)[C@H]2O)C[C@@H](C)C(/C=C/C(C)=C/[C@H](CN3CCCCC3)[C@@H](CC)O1)=O)CC4=CN(C5=CN=C(C=CC=C6)C6=C5)N=N4,2.647,0.18268826603889465,0.38825786113739014,0.2984568476676941,0.23727121949195862,0.35124364495277405,0.14492446184158325,0.2814286947250366,0.3833509385585785,0.10892999917268753,0.23106317222118378,0.7238608598709106,0.0065174587070941925,0.6826245784759521,0.05957164242863655,0.0389954075217247,0.4344801902770996,0.11688472330570221,0.3491102457046509,0.5674101710319519,0.44085758924484253,0.17040595412254333,0.39423081278800964,0.02207191288471222,0.021313689649105072,0.5631921291351318,0.8651249408721924,0.05853607878088951,0.3389008939266205,0.2562497854232788,0.18779145181179047,0.3457397222518921,0.3050546646118164,0.5465955138206482,0.635625958442688,0.1772567182779312,0.3069645166397095,0.2673514187335968,0.39254602789878845,0.595569908618927,0.24023781716823578,-1.496338222339359,-1.9421117792444014,-1.1316144030534154
35,QSAR035,31C2,CN(CC[C@H]([C@@H]([C@H]([C@@H](CC1=O)O)C)O[C@@H]([C@H](O)[C@H]2N(C)C)O[C@H](C)[C@H]2O)C[C@@H](C)C(/C=C/C(C)=C/[C@H](CN3CCCCCC3)[C@@H](CC)O1)=O)CC4=CN(C5=CN=C(C=CC=C6)C6=C5)N=N4,2.955,0.18362435698509216,0.38957247138023376,0.2997685968875885,0.2446218580007553,0.33342182636260986,0.14705228805541992,0.2932349443435669,0.39039552211761475,0.11024307459592819,0.24072666466236115,0.7219827771186829,0.006475040689110756,0.697265088558197,0.060702916234731674,0.04032629728317261,0.434192955493927,0.1174568459391594,0.35183700919151306,0.5686354041099548,0.4455563426017761,0.17331291735172272,0.3949383795261383,0.022946257144212723,0.02197086252272129,0.5725200176239014,0.8640617728233337,0.05822798237204552,0.3523678779602051,0.25605058670043945,0.19094519317150116,0.3532290756702423,0.3080974221229553,0.5448739528656006,0.6364458203315735,0.1780480146408081,0.3062605559825897,0.28017762303352356,0.39229369163513184,0.5964229702949524,0.24400770664215088,-1.4849649719427567,-1.9311457036907447,-1.1199080096034928
36,QSAR036,32C3,CN(CC[C@H]([C@@H]([C@H]([C@@H](CC1=O)O)C)O[C@@H]([C@H](O)[C@H]2N(C)C)O[C@H](C)[C@H]2O)C[C@@H](C)C(/C=C/C(C)=C/[C@H](CN3CCCCCCC3)[C@@H](CC)O1)=O)CC4=CN(C5=CN=C(C=CC=C6)C6=C5)N=N4,2.661,0.18305687606334686,0.4153228998184204,0.32968851923942566,0.27117735147476196,0.3844301104545593,0.16481216251850128,0.3357425928115845,0.4411715865135193,0.15951032936573029,0.24913088977336884,0.7635433673858643,0.006914717145264149,0.7160307168960571,0.07145515084266663,0.03286226466298103,0.4787946045398712,0.11877592653036118,0.36633753776550293,0.5544107556343079,0.40476754307746887,0.199986532330513,0.41684603691101074,0.02311123162508011,0.02351008728146553,0.5938462018966675,0.886655330657959,0.0633297711610794,0.40132248401641846,0.27759915590286255,0.22997917234897614,0.4121922254562378,0.35352379083633423,0.5814412236213684,0.670099675655365,0.20826269686222076,0.3548949062824249,0.3156377971172333,0.4099895656108856,0.6392746567726135,0.2795027196407318,-1.4047706517794363,-1.8166105144431701,-1.0678107641454722
37,QSAR037,33C4,CN(CC[C@H]([C@@H]([C@H]([C@@H](CC1=O)O)C)O[C@@H]([C@H](O)[C@H]2N(C)C)O[C@H](C)[C@H]2O)C[C@@H](C)C(/C=C/C(C)=C/[C@H](CN3CCC(O)CC3)[C@@H](CC)O1)=O)CC4=CN(C5=CN=C(C=CC=C6)C6=C5)N=N4,1.752,0.20489402115345,0.33010613918304443,0.24564075469970703,0.2250044047832489,0.303876668214798,0.1298866719007492,0.2443343698978424,0.34548524022102356,0.11888273060321808,0.20843179523944855,0.7057812809944153,0.009050866588950157,0.692251980304718,0.05482780560851097,0.03480403870344162,0.3660958707332611,0.12084846198558807,0.37529176473617554,0.5369405746459961,0.42066240310668945,0.17521913349628448,0.4095500111579895,0.015635676681995392,0.0177764929831028,0.5312554240226746,0.8716877698898315,0.04377236217260361,0.30457937717437744,0.20167776942253113,0.1522892862558365,0.332504540681839,0.2538861632347107,0.5196519494056702,0.6342447996139526,0.1660155951976776,0.31711164116859436,0.283328115940094,0.3675183057785034,0.58315110206604,0.2734992206096649,-1.5569176959788296,-2.0386778704617785,-1.1627502804927807
38,QSAR038,34C5,CN(CC[C@H]([C@@H]([C@H]([C@@H](CC1=O)O)C)O[C@@H]([C@H](O)[C@H]2N(C)C)O[C@H](C)[C@H]2O)C[C@@H](C)C(/C=C/C(C)=C/[C@H](CN3CC(C)CC(C)C3)[C@@H](CC)O1)=O)CC4=CN(C5=CN=C(C=CC=C6)C6=C5)N=N4,2.059,0.24559704959392548,0.5036214590072632,0.44278183579444885,0.3718787729740143,0.43482258915901184,0.21197474002838135,0.43436291813850403,0.5039796233177185,0.16909709572792053,0.33089733123779297,0.8099746108055115,0.008116244338452816,0.736352801322937,0.092264823615551,0.05012419819831848,0.6350137591362,0.19154882431030273,0.487547904253006,0.6055325269699097,0.45938435196876526,0.2669806182384491,0.5038012266159058,0.018609879538416862,0.02011025883257389,0.6533514261245728,0.909752368927002,0.06276103109121323,0.46366316080093384,0.3240101933479309,0.27341073751449585,0.4778907895088196,0.35917356610298157,0.5911993384361267,0.7262061834335327,0.26751336455345154,0.37868961691856384,0.3494059443473816,0.4957018196582794,0.7174487709999084,0.2772655785083771,-1.2533816796071782,-1.6953388756884415,-0.8917803373588721
39,QSAR039,35C6,CN(CC[C@H]([C@@H]([C@H]([C@@H](CC1=O)O)C)O[C@@H]([C@H](O)[C@H]2N(C)C)O[C@H](C)[C@H]2O)C[C@@H](C)C(/C=C/C(C)=C/[C@H](CN(C)C)[C@@H](CC)O1)=O)CC3=CN(C4=CN=C(C=CC=C5)C5=C4)N=N3,2.627,0.21662917733192444,0.4895703196525574,0.29513347148895264,0.2503536343574524,0.3791385889053345,0.12626655399799347,0.29164159297943115,0.36011436581611633,0.11181734502315521,0.22176675498485565,0.700914204120636,0.007517113350331783,0.6921693086624146,0.07927122712135315,0.044540885835886,0.43250012397766113,0.14041784405708313,0.3790053129196167,0.5887661576271057,0.5051417946815491,0.17267829179763794,0.3731071352958679,0.014906005933880806,0.02375619113445282,0.6065998673439026,0.8888736367225647,0.047394443303346634,0.3433650732040405,0.2587132155895233,0.19241593778133392,0.35570934414863586,0.28403201699256897,0.6547564268112183,0.6529890894889832,0.17740459740161896,0.31478461623191833,0.2777520716190338,0.3881889879703522,0.5393915176391602,0.22295266389846802,-1.4719944214013654,-1.945090679576225,-1.0849156647128437
40,QSAR040,36C7,CN(CC[C@H]([C@@H]([C@H]([C@@H](CC1=O)O)C)O[C@@H]([C@H](O)[C@H]2N(C)C)O[C@H](C)[C@H]2O)C[C@@H](C)C(/C=C/C(C)=C/[C@H](CN(CC)CC)[C@@H](CC)O1)=O)CC3=CN(C4=CN=C(C=CC=C5)C5=C4)N=N3,2.642,0.2234952747821808,0.4403828978538513,0.3366435468196869,0.25866150856018066,0.35074058175086975,0.14238877594470978,0.2786118984222412,0.3944656550884247,0.1455857902765274,0.2671433091163635,0.686646044254303,0.009575973264873028,0.7060618996620178,0.08788038790225983,0.04638150334358215,0.38813313841819763,0.15422797203063965,0.3839690089225769,0.6186490654945374,0.4109185039997101,0.18976762890815735,0.3410438001155853,0.01654549315571785,0.02667422406375408,0.6823329329490662,0.8698026537895203,0.0562596432864666,0.39420655369758606,0.29066649079322815,0.21673798561096191,0.38268375396728516,0.28655552864074707,0.6576545238494873,0.6405977010726929,0.1776750385761261,0.3290390968322754,0.3069082200527191,0.42528727650642395,0.5654427409172058,0.29040053486824036,-1.413613120664042,-1.8530542004906871,-1.0540704189876964
41,QSAR041,37C8,CN(CC[C@H]([C@@H]([C@H]([C@@H](CC1=O)O)C)O[C@@H]([C@H](O)[C@H]2N(C)C)O[C@H](C)[C@H]2O)C[C@@H](C)C(/C=C/C(C)=C/[C@H](CN(CCC)CCC)[C@@H](CC)O1)=O)CC3=CN(C4=CN=C(C=CC=C5)C5=C4)N=N3,2.354,0.24761506915092468,0.49524474143981934,0.39878132939338684,0.34051817655563354,0.425163596868515,0.20061202347278595,0.3853645920753479,0.5071564316749573,0.1697923094034195,0.32256633043289185,0.7580329775810242,0.01081803534179926,0.7524183392524719,0.13332897424697876,0.07868008315563202,0.6130703687667847,0.15463067591190338,0.49684661626815796,0.6416977047920227,0.44157958030700684,0.262119323015213,0.46656450629234314,0.02000201679766178,0.024610556662082672,0.7501999139785767,0.8941361904144287,0.0753616988658905,0.5117679834365845,0.30455270409584045,0.27957239747047424,0.49593907594680786,0.38246864080429077,0.7010976672172546,0.7395738959312439,0.252523273229599,0.4113911986351013,0.3963905870914459,0.48894989490509033,0.6639070510864258,0.431414395570755,-1.209163052675142,-1.6476420492782196,-0.850407509999896
42,QSAR042,38C9,CN(CC[C@H]([C@@H]([C@H]([C@@H](CC1=O)O)C)O[C@@H]([C@H](O)[C@H]2N(C)C)O[C@H](C)[C@H]2O)C[C@@H](C)C(/C=C/C(C)=C/[C@H](CN(CCCC)CCCC)[C@@H](CC)O1)=O)CC3=CN(C4=CN=C(C=CC=C5)C5=C4)N=N3,2.066,0.2017684131860733,0.30528905987739563,0.23232363164424896,0.1777145266532898,0.24029983580112457,0.15147665143013,0.20808643102645874,0.29516512155532837,0.08548204600811005,0.1593235582113266,0.6075780391693115,0.007841511629521847,0.598536491394043,0.054757434874773026,0.07413507252931595,0.4038810729980469,0.10240790992975235,0.2793404161930084,0.40906214714050293,0.23565459251403809,0.16345036029815674,0.2735000550746918,0.016190046444535255,0.020411578938364983,0.5562540888786316,0.7999244928359985,0.049497995525598526,0.30506426095962524,0.16514328122138977,0.1548813432455063,0.28370949625968933,0.20898188650608063,0.5505136251449585,0.5669516324996948,0.1116119772195816,0.22015875577926636,0.2485312819480896,0.27690765261650085,0.4696330428123474,0.32555192708969116,-1.6645527886374119,-2.112207547205388,-1.2982898043545215
43,QSAR043,39C10,CN(CC[C@H]([C@@H]([C@H]([C@@H](CC1=O)O)C)O[C@@H]([C@H](O)[C@H]2N(C)C)O[C@H](C)[C@H]2O)C[C@@H](C)C(/C=C/C(C)=C/[C@H](CN(CC)C)[C@@H](CC)O1)=O)CC3=CN(C4=CN=C(C=CC=C5)C5=C4)N=N3,2.032,0.20082513988018036,0.4187301993370056,0.302999883890152,0.23869909346103668,0.3401864171028137,0.13349035382270813,0.2582090497016907,0.3525967299938202,0.12507596611976624,0.22875335812568665,0.6627328395843506,0.007431800942867994,0.6542407870292664,0.0773264467716217,0.03615815192461014,0.3932657539844513,0.14454816281795502,0.36528316140174866,0.5969868302345276,0.4743814170360565,0.17122654616832733,0.32731443643569946,0.01390460878610611,0.02121760882437229,0.6599650979042053,0.8739839196205139,0.04811715707182884,0.3438605070114136,0.27332404255867004,0.19132868945598602,0.3289497196674347,0.2616559863090515,0.6538951992988586,0.6236074566841125,0.1734553426504135,0.30368825793266296,0.2982884645462036,0.3817751407623291,0.5143142342567444,0.2196735292673111,-1.5039316956480637,-1.9807372769247706,-1.1138180382398495
44,QSAR044,3A3,O=C(C[C@H]([C@H](C)[C@H]([C@@H](CCN(CC1=CN(C2=CN=C(C=CC=C3)C3=C2)N=N1)CC4=CC=C(OC)C=C4)C[C@H]5C)O[C@@H]([C@H](O)[C@H]6N(C)C)O[C@H](C)[C@H]6O)O)O[C@H](CC)[C@@H](CO)/C=C(C)/C=C/C5=O,2.064,0.1550891101360321,0.3281760513782501,0.22537142038345337,0.26073765754699707,0.365823894739151,0.1970594823360443,0.37898558378219604,0.34820517897605896,0.14020901918411255,0.3599240183830261,0.637935996055603,0.005593573208898306,0.756808340549469,0.13199341297149658,0.08190398663282394,0.37680649757385254,0.10009492188692093,0.3380233943462372,0.48270902037620544,0.30750057101249695,0.24049009382724762,0.289498895406723,0.010578700341284275,0.011096345260739326,0.5537160634994507,0.7936134934425354,0.03563271090388298,0.35805565118789673,0.2511160969734192,0.191616952419281,0.3419172465801239,0.24349604547023773,0.49165570735931396,0.49957871437072754,0.15243777632713318,0.31892216205596924,0.2894619107246399,0.329463392496109,0.6933596134185791,0.1084708645939827,-1.548723974295793,-2.096877381031315,-1.1002348233303658
45,QSAR045,40C11,CN(CC[C@H]([C@@H]([C@H]([C@@H](CC1=O)O)C)O[C@@H]([C@H](O)[C@H]2N(C)C)O[C@H](C)[C@H]2O)C[C@@H](C)C(/C=C/C(C)=C/[C@H](CN(CCC)C)[C@@H](CC)O1)=O)CC3=CN(C4=CN=C(C=CC=C5)C5=C4)N=N3,2.039,0.19354327023029327,0.42041561007499695,0.3039412498474121,0.24336718022823334,0.3137037456035614,0.12011848390102386,0.26847365498542786,0.36121243238449097,0.12398047000169754,0.2436966747045517,0.6541942954063416,0.006826398428529501,0.6795182824134827,0.0879264622926712,0.048553429543972015,0.4207524061203003,0.1445896476507187,0.3608936071395874,0.5899146795272827,0.4698497951030731,0.16703520715236664,0.3166930377483368,0.018593735992908478,0.024408778175711632,0.6492679119110107,0.8691326975822449,0.05003984645009041,0.3755018711090088,0.25572556257247925,0.18665628135204315,0.3565047085285187,0.2812342643737793,0.6181748509407043,0.6347551345825195,0.18454404175281525,0.3166052997112274,0.30125871300697327,0.4059901833534241,0.5284057855606079,0.3017648458480835,-1.4704647830437763,-1.9462351110532385,-1.0811981510360342
46,QSAR046,41C12,CN(CC[C@H]([C@@H]([C@H]([C@@H](CC1=O)O)C)O[C@@H]([C@H](O)[C@H]2N(C)C)O[C@H](C)[C@H]2O)C[C@@H](C)C(/C=C/C(C)=C/[C@H](CN(C(C)C)C)[C@@H](CC)O1)=O)CC3=CN(C4=CN=C(C=CC=C5)C5=C4)N=N3,2.039,0.2093033343553543,0.4042181372642517,0.3339712917804718,0.26213765144348145,0.37887710332870483,0.15073400735855103,0.2942925989627838,0.3696466386318207,0.12904798984527588,0.25377386808395386,0.7300185561180115,0.007430570665746927,0.6872737407684326,0.07059957087039948,0.04521479085087776,0.45712196826934814,0.1523262858390808,0.37738868594169617,0.6002422571182251,0.3879895806312561,0.18552590906620026,0.35088399052619934,0.01552975457161665,0.021516768261790276,0.5988229513168335,0.8837765455245972,0.054817069321870804,0.3768007457256317,0.28449147939682007,0.20490781962871552,0.3779323697090149,0.3072259724140167,0.555230975151062,0.6584933996200562,0.18536825478076935,0.322784960269928,0.2945480942726135,0.4037540555000305,0.584219753742218,0.20733942091464996,-1.4537602257940776,-1.9118212124065397,-1.0789830549293362
47,QSAR047,42C13,O=C(C[C@H]([C@H](C)[C@H]([C@@H](CCN(CC1=CN(C2=CN=C(C=CC=C3)C3=C2)N=N1)CC4=CC=CC=C4)C[C@H]5C)O[C@@H]([C@H](O)[C@H]6N(C)C)O[C@H](C)[C@H]6O)O)O[C@H](CC)[C@@H](CN7CCCCC7)/C=C(C)/C=C/C5=O,2.081,0.08044994622468948,0.14011794328689575,0.08851692825555801,0.07231590896844864,0.13440315425395966,0.1364593207836151,0.11331279575824738,0.13905929028987885,0.04284461587667465,0.06887928396463394,0.3877204358577728,0.0028981997165828943,0.5310655236244202,0.02067297324538231,0.028287652879953384,0.1583346128463745,0.04401106759905815,0.10349702835083008,0.19675660133361816,0.14299115538597107,0.07385925203561783,0.16294346749782562,0.009498871862888336,0.011772127822041512,0.32011300325393677,0.7301555275917053,0.016918353736400604,0.11014488339424133,0.07424931228160858,0.05561089888215065,0.14600220322608948,0.09739924222230911,0.25410982966423035,0.2637299597263336,0.04671072959899902,0.1072830855846405,0.08844204246997833,0.11749814450740814,0.28966566920280457,0.0631413459777832,-2.4188045009596824,-2.909039678238683,-2.017702992276863
48,QSAR048,43C14,O=C(C[C@H]([C@H](C)[C@H]([C@@H](CCN(CC1=CN(C2=CN=C(C=CC=C3)C3=C2)N=N1)CC4=CC=CC=C4)C[C@H]5C)O[C@@H]([C@H](O)[C@H]6N(C)C)O[C@H](C)[C@H]6O)O)O[C@H](CC)[C@@H](CN7CCCCCC7)/C=C(C)/C=C/C5=O,2.388,0.07810957729816437,0.13553383946418762,0.09010911732912064,0.0702725499868393,0.13061538338661194,0.14553417265415192,0.11024866253137589,0.13540536165237427,0.0411195233464241,0.06560033559799194,0.39370349049568176,0.0027075577527284622,0.5316510200500488,0.019453708082437515,0.024448813870549202,0.15264691412448883,0.04212146997451782,0.09954618662595749,0.193149134516716,0.13734489679336548,0.0744440034031868,0.15746095776557922,0.009040920063853264,0.011678053066134453,0.3104760944843292,0.7206805944442749,0.01592620648443699,0.10597028583288193,0.07152470201253891,0.053340718150138855,0.13678981363773346,0.093441441655159,0.2589472234249115,0.25220581889152527,0.04496058449149132,0.10261747986078262,0.09166435152292252,0.11268298327922821,0.30657246708869934,0.06038716435432434,-2.4471240010483384,-2.939550609742268,-2.0442295030260325
49,QSAR049,44C15,O=C(C[C@H]([C@H](C)[C@H]([C@@H](CCN(CC1=CN(C2=CN=C(C=CC=C3)C3=C2)N=N1)CC4=CC=CC=C4)C[C@H]5C)O[C@@H]([C@H](O)[C@H]6N(C)C)O[C@H](C)[C@H]6O)O)O[C@H](CC)[C@@H](CN7CCCCCCC7)/C=C(C)/C=C/C5=O,2.094,0.08186936378479004,0.14219699800014496,0.09667378664016724,0.08057471364736557,0.13561099767684937,0.1583106815814972,0.12147683650255203,0.14713895320892334,0.04420050233602524,0.07128935307264328,0.4201670289039612,0.002909668954089284,0.5588403940200806,0.02153688110411167,0.025735415518283844,0.16227303445339203,0.046775978058576584,0.1098187118768692,0.196991965174675,0.15086448192596436,0.08200706541538239,0.16994443535804749,0.010078424587845802,0.012707121670246124,0.33443108201026917,0.7462936043739319,0.016874663531780243,0.1151115745306015,0.07850156724452972,0.059453923255205154,0.15026427805423737,0.10315617173910141,0.2779447138309479,0.2722916007041931,0.049912478774785995,0.11021426320075989,0.10004600882530212,0.12272708117961884,0.3303707242012024,0.06480561941862106,-2.368898492535823,-2.85820989858621,-1.9685527966764143
50,QSAR050,45C16,O=C(C[C@H]([C@H](C)[C@H]([C@@H](CCN(CC1=CN(C2=CN=C(C=CC=C3)C3=C2)N=N1)CC4=CC=CC=C4)C[C@H]5C)O[C@@H]([C@H](O)[C@H]6N(C)C)O[C@H](C)[C@H]6O)O)O[C@H](CC)[C@@H](CN7CCC(O)CC7)/C=C(C)/C=C/C5=O,1.787,0.08505403995513916,0.11674205958843231,0.07839168608188629,0.06631044298410416,0.10010780394077301,0.14212225377559662,0.09120870381593704,0.1270761936903,0.04837723448872566,0.06193976104259491,0.377332866191864,0.0030347087886184454,0.5422718524932861,0.016493937000632286,0.02614102140069008,0.16286924481391907,0.03937673941254616,0.10040830820798874,0.17269344627857208,0.11990491300821304,0.07709387689828873,0.15783719718456268,0.007774638012051582,0.009578420780599117,0.2849219739437103,0.7073054313659668,0.014006142504513264,0.09681273251771927,0.059742704033851624,0.04425770789384842,0.14219467341899872,0.08426731079816818,0.2392260879278183,0.22728516161441803,0.0520494319498539,0.10051865875720978,0.09723537415266037,0.09962832182645798,0.3064703643321991,0.06295740604400635,-2.4994808433401885,-3.0170365034540167,-2.0760262123379642
51,QSAR051,46C17,O=C(C[C@H]([C@H](C)[C@H]([C@@H](CCN(CC1=CN(C2=CN=C(C=CC=C3)C3=C2)N=N1)CC4=CC=CC=C4)C[C@H]5C)O[C@@H]([C@H](O)[C@H]6N(C)C)O[C@H](C)[C@H]6O)O)O[C@H](CC)[C@@H](CN7CC(C)CC(C)C7)/C=C(C)/C=C/C5=O,1.793,0.11853636801242828,0.17698296904563904,0.1583140790462494,0.11585581302642822,0.15781275928020477,0.2065531611442566,0.14842510223388672,0.17810477316379547,0.0649576485157013,0.09367702901363373,0.49182242155075073,0.0038437978364527225,0.592749834060669,0.02676323987543583,0.03786104544997215,0.20422156155109406,0.06131137162446976,0.156172513961792,0.22519397735595703,0.19378462433815002,0.11265654116868973,0.20618078112602234,0.007576965261250734,0.01061219722032547,0.3921215534210205,0.7684656381607056,0.02230197936296463,0.1462555080652237,0.09059102088212967,0.06686156243085861,0.18971267342567444,0.11611481755971909,0.29723504185676575,0.3391791582107544,0.06257154792547226,0.1342426836490631,0.11947770416736603,0.16011475026607513,0.37787580490112305,0.06546149402856827,-2.1711629064576004,-2.6719141437330123,-1.7614573486868077
52,QSAR052,47C18,O=C(C[C@H]([C@H](C)[C@H]([C@@H](CCN(CC1=CN(C2=CN=C(C=CC=C3)C3=C2)N=N1)CC4=CC=CC=C4)C[C@H]5C)O[C@@H]([C@H](O)[C@H]6N(C)C)O[C@H](C)[C@H]6O)O)O[C@H](CC)[C@@H](CN(C)C)/C=C(C)/C=C/C5=O,2.063,0.19342012703418732,0.3638609051704407,0.3345440924167633,0.23241926729679108,0.3561576306819916,0.2969101667404175,0.3640650510787964,0.3698326349258423,0.14170168340206146,0.23777459561824799,0.6387947797775269,0.004761527292430401,0.7561296224594116,0.07940469682216644,0.05029531940817833,0.3616878092288971,0.10144822299480438,0.3221910893917084,0.4884490370750427,0.3872992992401123,0.20289281010627747,0.39353933930397034,0.010139361955225468,0.020312393084168434,0.6066758036613464,0.8810293078422546,0.030124856159090996,0.3243485391139984,0.22094206511974335,0.17076779901981354,0.3522977828979492,0.23822057247161865,0.5551717281341553,0.48919910192489624,0.16990165412425995,0.30266034603118896,0.2497425377368927,0.34978216886520386,0.5329992175102234,0.08971088379621506,-1.5581476993461638,-2.050982798676758,-1.1549189817120415
53,QSAR053,48C19,O=C(C[C@H]([C@H](C)[C@H]([C@@H](CCN(CC1=CN(C2=CN=C(C=CC=C3)C3=C2)N=N1)CC4=CC=CC=C4)C[C@H]5C)O[C@@H]([C@H](O)[C@H]6N(C)C)O[C@H](C)[C@H]6O)O)O[C@H](CC)[C@@H](CN(CC)CC)/C=C(C)/C=C/C5=O,2.076,0.09790057688951492,0.175859272480011,0.11085987836122513,0.086903415620327,0.15856966376304626,0.16499724984169006,0.13467711210250854,0.14565451443195343,0.05490405112504959,0.08951742947101593,0.3817846179008484,0.0026496651116758585,0.5893042683601379,0.028187327086925507,0.033247675746679306,0.16560854017734528,0.048850588500499725,0.11892389506101608,0.2090107947587967,0.1379416435956955,0.08390641957521439,0.17638340592384338,0.007170130964368582,0.013802068307995796,0.4121033251285553,0.6496610045433044,0.02044757455587387,0.1341928094625473,0.09864604473114014,0.06374046951532364,0.16138926148414612,0.1022271141409874,0.2977496385574341,0.25482186675071716,0.0616878941655159,0.10421450436115265,0.102799192070961,0.14578229188919067,0.2552040219306946,0.05267259478569031,-2.3111078337662696,-2.7968087407970934,-1.9137161825592315
54,QSAR054,49C20,O=C(C[C@H]([C@H](C)[C@H]([C@@H](CCN(CC1=CN(C2=CN=C(C=CC=C3)C3=C2)N=N1)CC4=CC=C(OC)C=C4)C[C@H]5C)O[C@@H]([C@H](O)[C@H]6N(C)C)O[C@H](C)[C@H]6O)O)O[C@H](CC)[C@@H](CN7CCCCC7)/C=C(C)/C=C/C5=O,2.395,0.08365613222122192,0.19257594645023346,0.12459598481655121,0.12219811230897903,0.19841529428958893,0.19054898619651794,0.19415758550167084,0.18589980900287628,0.06350688636302948,0.16286340355873108,0.5465362668037415,0.002673110458999872,0.5398494005203247,0.035444051027297974,0.04489840194582939,0.2425708919763565,0.08466228097677231,0.15709389746189117,0.2560746371746063,0.13893376290798187,0.12357553839683533,0.17203038930892944,0.009620354510843754,0.011017118580639362,0.31343549489974976,0.7840079665184021,0.014302879571914673,0.1786041259765625,0.09270506352186203,0.09190943837165833,0.22905199229717255,0.12995967268943787,0.3189687132835388,0.3039442300796509,0.07342366129159927,0.17316631972789764,0.1535225361585617,0.20010094344615936,0.4756465554237366,0.05729559808969498,-2.1145601468130955,-2.6738729383411237,-1.6569405901083463
55,QSAR055,4A4,O=C(C[C@H]([C@H](C)[C@H]([C@@H](CCN(CC1=CN(C2=CN=C(C=CC=C3)C3=C2)N=N1)CC4=CC=CO4)C[C@H]5C)O[C@@H]([C@H](O)[C@H]6N(C)C)O[C@H](C)[C@H]6O)O)O[C@H](CC)[C@@H](CO)/C=C(C)/C=C/C5=O,2.045,0.1851884424686432,0.3234071135520935,0.27561601996421814,0.23009850084781647,0.2614196836948395,0.20764517784118652,0.2630734443664551,0.3459618389606476,0.18772655725479126,0.2547716796398163,0.6232795119285583,0.012731857597827911,0.6737951040267944,0.08295603841543198,0.08230894058942795,0.3285712003707886,0.09618137776851654,0.3402382433414459,0.4570009112358093,0.3375321328639984,0.15370580554008484,0.23639540374279022,0.013362388126552105,0.01071227714419365,0.6131527423858643,0.6694332957267761,0.06301379948854446,0.4153486490249634,0.2691546380519867,0.14779937267303467,0.30631664395332336,0.24559256434440613,0.4587010443210602,0.512158215045929,0.19670000672340393,0.2747994065284729,0.23838993906974792,0.3250921964645386,0.5184205770492554,0.08149710297584534,-1.5785769296651946,-2.047488276989858,-1.1949221909450154
56,QSAR056,50C21,O=C(C[C@H]([C@H](C)[C@H]([C@@H](CCN(CC1=CN(C2=CN=C(C=CC=C3)C3=C2)N=N1)CC4=CC=C(OC)C=C4)C[C@H]5C)O[C@@H]([C@H](O)[C@H]6N(C)C)O[C@H](C)[C@H]6O)O)O[C@H](CC)[C@@H](CN7CCCCCC7)/C=C(C)/C=C/C5=O,2.101,0.08414357155561447,0.19997555017471313,0.1281891018152237,0.12559370696544647,0.2071300745010376,0.19900402426719666,0.19930002093315125,0.19087530672550201,0.06547006964683533,0.16734908521175385,0.5545887351036072,0.0027241690549999475,0.6217684745788574,0.03619752451777458,0.040719665586948395,0.2545517385005951,0.08636830002069473,0.1614513248205185,0.26232314109802246,0.1428728550672531,0.11618760973215103,0.17876945436000824,0.009434293024241924,0.010919582098722458,0.3204808533191681,0.7883704900741577,0.015006710775196552,0.18342840671539307,0.09547879546880722,0.09455399215221405,0.23610439896583557,0.13191793859004974,0.3139632046222687,0.3108728229999542,0.07518009841442108,0.18205846846103668,0.15577226877212524,0.19818349182605743,0.48376885056495667,0.058492064476013184,-2.094095459556109,-2.649923866153114,-1.639326763249468
57,QSAR057,51C22,O=C(C[C@H]([C@H](C)[C@H]([C@@H](CCN(CC1=CN(C2=CN=C(C=CC=C3)C3=C2)N=N1)CC4=CC=C(OC)C=C4)C[C@H]5C)O[C@@H]([C@H](O)[C@H]6N(C)C)O[C@H](C)[C@H]6O)O)O[C@H](CC)[C@@H](CN7CCCCCCC7)/C=C(C)/C=C/C5=O,2.408,0.08274132013320923,0.2092459499835968,0.13661153614521027,0.12433332204818726,0.21971605718135834,0.21334171295166016,0.19717416167259216,0.1930752396583557,0.08204326033592224,0.16293083131313324,0.5560871362686157,0.0028711967170238495,0.6159977316856384,0.037060659378767014,0.042035698890686035,0.2552308440208435,0.08792953938245773,0.16349928081035614,0.2534746527671814,0.14361758530139923,0.1171281561255455,0.1816379725933075,0.010036531835794449,0.011321399360895157,0.32461175322532654,0.7778325080871582,0.015072628855705261,0.18257011473178864,0.094640351831913,0.08987782150506973,0.2388296276330948,0.13365095853805542,0.34053364396095276,0.3128519356250763,0.0748012363910675,0.18292154371738434,0.16429339349269867,0.20218057930469513,0.4753767251968384,0.05911525711417198,-2.0752142267004023,-2.618392829741913,-1.6307953696664386
58,QSAR058,52C23,O=C(C[C@H]([C@H](C)[C@H]([C@@H](CCN(CC1=CN(C2=CN=C(C=CC=C3)C3=C2)N=N1)CC4=CC=C(OC)C=C4)C[C@H]5C)O[C@@H]([C@H](O)[C@H]6N(C)C)O[C@H](C)[C@H]6O)O)O[C@H](CC)[C@@H](CN7CCC(O)CC7)/C=C(C)/C=C/C5=O,2.101,0.09564346075057983,0.1745726466178894,0.10164943337440491,0.11281776428222656,0.1631564199924469,0.1694573163986206,0.20662344992160797,0.16361266374588013,0.07190890610218048,0.15694934129714966,0.5054866075515747,0.0034981754142791033,0.614289402961731,0.03478798270225525,0.03882824629545212,0.22090305387973785,0.07779137790203094,0.1668393909931183,0.2274465262889862,0.1293812394142151,0.12546022236347198,0.16305828094482422,0.008526208810508251,0.009211672469973564,0.27415162324905396,0.7717506289482117,0.01633463427424431,0.16473053395748138,0.08394254744052887,0.07971177995204926,0.20959807932376862,0.1331755816936493,0.31104719638824463,0.2799684703350067,0.07396510243415833,0.1693827211856842,0.1626339703798294,0.1895020455121994,0.4644196629524231,0.06971302628517151,-2.149031844470657,-2.702181649809424,-1.6964547310116664
59,QSAR059,53C24,O=C(C[C@H]([C@H](C)[C@H]([C@@H](CCN(CC1=CN(C2=CN=C(C=CC=C3)C3=C2)N=N1)CC4=CC=C(OC)C=C4)C[C@H]5C)O[C@@H]([C@H](O)[C@H]6N(C)C)O[C@H](C)[C@H]6O)O)O[C@H](CC)[C@@H](CN7CC(C)CC(C)C7)/C=C(C)/C=C/C5=O,1.805,0.1061258539557457,0.23201186954975128,0.19796958565711975,0.1611977219581604,0.24021467566490173,0.24783183634281158,0.24671609699726105,0.22327971458435059,0.08216624706983566,0.2074950486421585,0.5884204506874084,0.003467884613201022,0.6306164860725403,0.04207083582878113,0.0731254443526268,0.33692318201065063,0.0996052473783493,0.2043525129556656,0.2782319486141205,0.1807914525270462,0.15400393307209015,0.19596797227859497,0.009903639554977417,0.008847685530781746,0.36314451694488525,0.7549135088920593,0.020182065665721893,0.21544958651065826,0.10030880570411682,0.09981882572174072,0.23934659361839294,0.1360289305448532,0.35695546865463257,0.34268081188201904,0.07977711409330368,0.18714524805545807,0.1769884079694748,0.23435866832733154,0.5278582572937012,0.06348811835050583,-1.9459967078614553,-2.5035057417777904,-1.4898529528390008
60,QSAR060,54C25,O=C(C[C@H]([C@H](C)[C@H]([C@@H](CCN(CC1=CN(C2=CN=C(C=CC=C3)C3=C2)N=N1)CC4=CC=C(OC)C=C4)C[C@H]5C)O[C@@H]([C@H](O)[C@H]6N(C)C)O[C@H](C)[C@H]6O)O)O[C@H](CC)[C@@H](CN(C)C)/C=C(C)/C=C/C5=O,2.077,0.12454807758331299,0.32021042704582214,0.31417232751846313,0.28550875186920166,0.40982532501220703,0.26170024275779724,0.40884435176849365,0.37333813309669495,0.14533384144306183,0.34344518184661865,0.7025829553604126,0.0045875729992985725,0.7524242401123047,0.09316974133253098,0.047961991280317307,0.42281845211982727,0.13387759029865265,0.31846746802330017,0.4747813642024994,0.342855304479599,0.21722815930843353,0.3287903666496277,0.009506830014288425,0.014593792147934437,0.5552121996879578,0.89291912317276,0.028898874297738075,0.3630177676677704,0.20770013332366943,0.2051757425069809,0.4616983234882355,0.2917862832546234,0.5294783711433411,0.4993460476398468,0.19772394001483917,0.3155657649040222,0.31183332204818726,0.4068944752216339,0.6682487726211548,0.08487255871295929,-1.524662018246382,-2.061784462582116,-1.0851982001535085
61,QSAR061,55C26,O=C(C[C@H]([C@H](C)[C@H]([C@@H](CCN(CC1=CN(C2=CN=C(C=CC=C3)C3=C2)N=N1)CC4=CC=C(OC)C=C4)C[C@H]5C)O[C@@H]([C@H](O)[C@H]6N(C)C)O[C@H](C)[C@H]6O)O)O[C@H](CC)[C@@H](CN(CC)CC)/C=C(C)/C=C/C5=O,2.39,0.07774654030799866,0.1637374311685562,0.14765609800815582,0.11659400165081024,0.19707202911376953,0.1772133708000183,0.2070525884628296,0.17554634809494019,0.0596938319504261,0.15101085603237152,0.5048035383224487,0.0039092120714485645,0.5074549913406372,0.04196188226342201,0.04078364744782448,0.25094470381736755,0.07359779626131058,0.15040358901023865,0.27531325817108154,0.14999525249004364,0.12865211069583893,0.1518818885087967,0.008421526290476322,0.008939314633607864,0.3382522463798523,0.7537033557891846,0.01935817115008831,0.1710067093372345,0.0834340825676918,0.088815838098526,0.2282816618680954,0.12668928503990173,0.3456181287765503,0.3001896142959595,0.07797983288764954,0.15313932299613953,0.1520719975233078,0.2340087741613388,0.42560437321662903,0.059632088989019394,-2.12029782772259,-2.67580171195885,-1.6657946497111027
62,QSAR062,56C27,O=C(C[C@H]([C@H](C)[C@H]([C@@H](CCN(CC1=CN(C2=CN=C(C=CC=C3)C3=C2)N=N1)CC4=CC=CO4)C[C@H]5C)O[C@@H]([C@H](O)[C@H]6N(C)C)O[C@H](C)[C@H]6O)O)O[C@H](CC)[C@@H](CN7CCCCC7)/C=C(C)/C=C/C5=O,2.077,0.15900404751300812,0.33201900124549866,0.2553408145904541,0.25077199935913086,0.32780101895332336,0.20476104319095612,0.33842042088508606,0.36349111795425415,0.1918199509382248,0.21800759434700012,0.692724883556366,0.012539741583168507,0.642906129360199,0.0563092865049839,0.0527012012898922,0.37877508997917175,0.13087140023708344,0.29653340578079224,0.48425740003585815,0.3028128743171692,0.17485849559307098,0.383009135723114,0.01850445754826069,0.015718212351202965,0.6368012428283691,0.837153434753418,0.051398057490587234,0.40452298521995544,0.22653613984584808,0.15879669785499573,0.32805007696151733,0.324051171541214,0.44383150339126587,0.5240727663040161,0.19538818299770355,0.28821536898612976,0.2659076154232025,0.3632638454437256,0.514746367931366,0.07678712904453278,-1.5406620780268347,-1.9866949651918406,-1.1757260794372846
63,QSAR063,57C28,O=C(C[C@H]([C@H](C)[C@H]([C@@H](CCN(CC1=CN(C2=CN=C(C=CC=C3)C3=C2)N=N1)CC4=CC=CO4)C[C@H]5C)O[C@@H]([C@H](O)[C@H]6N(C)C)O[C@H](C)[C@H]6O)O)O[C@H](CC)[C@@H](CN7CCCCCC7)/C=C(C)/C=C/C5=O,2.384,0.11007414758205414,0.1732824146747589,0.11983394622802734,0.11767042428255081,0.16251298785209656,0.14343255758285522,0.16941578686237335,0.18516410887241364,0.09126193821430206,0.09876465052366257,0.4970148801803589,0.008792879059910774,0.43491601943969727,0.022768739610910416,0.04060938209295273,0.2097802311182022,0.07884884625673294,0.14011970162391663,0.2720014452934265,0.14913234114646912,0.08591865748167038,0.2025965452194214,0.014850758016109467,0.012822681106626987,0.4349028468132019,0.6951395273208618,0.0334322564303875,0.2111620455980301,0.1060517206788063,0.06954919546842575,0.16991184651851654,0.16020330786705017,0.25792577862739563,0.32443398237228394,0.08811468631029129,0.13800910115242004,0.12573835253715515,0.19061928987503052,0.2968176603317261,0.048227544873952866,-2.1205604166498695,-2.559956852659931,-1.7610542417325468
64,QSAR064,58C29,O=C(C[C@H]([C@H](C)[C@H]([C@@H](CCN(CC1=CN(C2=CN=C(C=CC=C3)C3=C2)N=N1)CC4=CC=CO4)C[C@H]5C)O[C@@H]([C@H](O)[C@H]6N(C)C)O[C@H](C)[C@H]6O)O)O[C@H](CC)[C@@H](CN7CCCCCCC7)/C=C(C)/C=C/C5=O,2.39,0.11513737589120865,0.16491912305355072,0.11945249885320663,0.11162880063056946,0.16157932579517365,0.15659809112548828,0.16284453868865967,0.17634958028793335,0.08734255284070969,0.09462156146764755,0.49836504459381104,0.008646528236567974,0.4413359761238098,0.021021468564867973,0.03629260137677193,0.19105935096740723,0.07948320358991623,0.13327302038669586,0.2645508646965027,0.1432121992111206,0.08902107179164886,0.20015406608581543,0.014480710960924625,0.012799614109098911,0.43003126978874207,0.6908096075057983,0.03156779333949089,0.20141589641571045,0.10053858160972595,0.06824369728565216,0.16074587404727936,0.1484382152557373,0.2681179642677307,0.30368342995643616,0.07748439908027649,0.12255322188138962,0.12830109894275665,0.1788434386253357,0.29770633578300476,0.045845966786146164,-2.1516788766349038,-2.585872219716143,-1.7964297777502516
65,QSAR065,59C30,O=C(C[C@H]([C@H](C)[C@H]([C@@H](CCN(CC1=CN(C2=CN=C(C=CC=C3)C3=C2)N=N1)CC4=CC=CO4)C[C@H]5C)O[C@@H]([C@H](O)[C@H]6N(C)C)O[C@H](C)[C@H]6O)O)O[C@H](CC)[C@@H](CN7CCC(O)CC7)/C=C(C)/C=C/C5=O,2.084,0.18141424655914307,0.3125987648963928,0.23476247489452362,0.2277088165283203,0.2663276791572571,0.1934409737586975,0.3138335645198822,0.33028486371040344,0.19888080656528473,0.19780711829662323,0.6688238382339478,0.014172906056046486,0.6335672736167908,0.06076890602707863,0.04207037016749382,0.34735992550849915,0.11789774894714355,0.2935842275619507,0.4482652544975281,0.2626197338104248,0.16188327968120575,0.3560410141944885,0.013012637384235859,0.01235856395214796,0.5057409405708313,0.8156124949455261,0.039653778076171875,0.3525925278663635,0.2028082013130188,0.12113640457391739,0.31691160798072815,0.2959945797920227,0.4378732144832611,0.4772389829158783,0.17889276146888733,0.2771252989768982,0.2443331480026245,0.3254130780696869,0.5117624998092651,0.06322654336690903,-1.631526488450287,-2.0944094959858437,-1.2528040277393784
66,QSAR066,5A5,O=C(C[C@H]([C@H](C)[C@H]([C@@H](CCN(CC1=CN(C2=CN=C(C=CC=C3)C3=C2)N=N1)CC4=CC=C(N(C)C)C=C4)C[C@H]5C)O[C@@H]([C@H](O)[C@H]6N(C)C)O[C@H](C)[C@H]6O)O)O[C@H](CC)[C@@H](CO)/C=C(C)/C=C/C5=O,2.07,0.19752059876918793,0.3391406536102295,0.24459823966026306,0.19220951199531555,0.3263978064060211,0.2094630002975464,0.2845034599304199,0.3340764045715332,0.1376670002937317,0.21028393507003784,0.6153905987739563,0.006214085500687361,0.6760101914405823,0.10363548994064331,0.043525878340005875,0.3036068379878998,0.08148586750030518,0.31972992420196533,0.44526976346969604,0.2611827254295349,0.16392356157302856,0.24660928547382355,0.010722904466092587,0.014198745600879192,0.5111830234527588,0.7765498161315918,0.03508802130818367,0.32506901025772095,0.21639961004257202,0.1577044278383255,0.2670736312866211,0.2142733931541443,0.5018994212150574,0.4750692844390869,0.13822530210018158,0.2449764460325241,0.2385808527469635,0.28549379110336304,0.516645073890686,0.09419470280408859,-1.6713051380449762,-2.1445173821667596,-1.284131483763517
67,QSAR067,60C31,O=C(C[C@H]([C@H](C)[C@H]([C@@H](CCN(CC1=CN(C2=CN=C(C=CC=C3)C3=C2)N=N1)CC4=CC=CO4)C[C@H]5C)O[C@@H]([C@H](O)[C@H]6N(C)C)O[C@H](C)[C@H]6O)O)O[C@H](CC)[C@@H](CN7CC(C)CC(C)C7)/C=C(C)/C=C/C5=O,1.788,0.15601544082164764,0.1962675154209137,0.18137703835964203,0.14714503288269043,0.17924174666404724,0.19073282182216644,0.19418294727802277,0.20709720253944397,0.11240532249212265,0.12629751861095428,0.5520474910736084,0.008049889467656612,0.4687941372394562,0.026214241981506348,0.04914495721459389,0.2557623088359833,0.09950332343578339,0.18733829259872437,0.2971324324607849,0.17929188907146454,0.11733999103307724,0.22100597620010376,0.010587458498775959,0.010312280617654324,0.482726126909256,0.7094320058822632,0.026165833696722984,0.2411595582962036,0.10472400486469269,0.07560110092163086,0.18283936381340027,0.15981100499629974,0.31298205256462097,0.3665904998779297,0.09364824742078781,0.1389009952545166,0.150983989238739,0.2147885262966156,0.32860830426216125,0.05327862501144409,-2.0081230977598037,-2.487577924955241,-1.6158418755089912
68,QSAR068,61C32,O=C(C[C@H]([C@H](C)[C@H]([C@@H](CCN(CC1=CN(C2=CN=C(C=CC=C3)C3=C2)N=N1)CC4=CC=CO4)C[C@H]5C)O[C@@H]([C@H](O)[C@H]6N(C)C)O[C@H](C)[C@H]6O)O)O[C@H](CC)[C@@H](CN(C)C)/C=C(C)/C=C/C5=O,2.359,0.1955210417509079,0.3471755385398865,0.34085971117019653,0.2698933482170105,0.3602963984012604,0.24142996966838837,0.39371344447135925,0.40938466787338257,0.17838221788406372,0.2420625239610672,0.6608226299285889,0.013386311009526253,0.6386644840240479,0.05744407698512077,0.05020156130194664,0.36875030398368835,0.13778778910636902,0.3204270303249359,0.5432297587394714,0.34069758653640747,0.18039476871490479,0.33560842275619507,0.01813211292028427,0.016384417191147804,0.7044662237167358,0.8451625108718872,0.0499025397002697,0.4403141438961029,0.25035303831100464,0.18763600289821625,0.3850981593132019,0.33638349175453186,0.5474637746810913,0.5382527112960815,0.2437170445919037,0.308959037065506,0.26883962750434875,0.37572744488716125,0.5022549033164978,0.10236427932977676,-1.4687025929015074,-1.8822722956415194,-1.1303273815687709
69,QSAR069,62C33,O=C(C[C@H]([C@H](C)[C@H]([C@@H](CCN(CC1=CN(C2=CN=C(C=CC=C3)C3=C2)N=N1)CC4=CC=CO4)C[C@H]5C)O[C@@H]([C@H](O)[C@H]6N(C)C)O[C@H](C)[C@H]6O)O)O[C@H](CC)[C@@H](CN(CC)CC)/C=C(C)/C=C/C5=O,2.372,0.20302192866802216,0.3728298842906952,0.3043014407157898,0.2620478868484497,0.36223381757736206,0.24517279863357544,0.3605691194534302,0.3969494104385376,0.21169377863407135,0.2676510214805603,0.7017109990119934,0.017320461571216583,0.6915802359580994,0.07383021712303162,0.052317969501018524,0.37117764353752136,0.14324818551540375,0.32227346301078796,0.5249485969543457,0.35081398487091064,0.19887541234493256,0.3807617723941803,0.014910914935171604,0.017878226935863495,0.7126142382621765,0.8474888205528259,0.060274627059698105,0.46178483963012695,0.2647595703601837,0.20056307315826416,0.3827381432056427,0.3329645097255707,0.567298948764801,0.5113619565963745,0.22176842391490936,0.30687281489372253,0.27193590998649597,0.36928990483283997,0.5044407844543457,0.11210834980010986,-1.4356938308230778,-1.8503580940224633,-1.0964230700235802
70,QSAR070,63C34,O=C(C[C@H]([C@H](C)[C@H]([C@@H](CCN(CC1=CN(C2=CN=C(C=CC=C3)C3=C2)N=N1)CC4=CC=C(N(C)C)C=C4)C[C@H]5C)O[C@@H]([C@H](O)[C@H]6N(C)C)O[C@H](C)[C@H]6O)O)O[C@H](CC)[C@@H](CN7CCCCC7)/C=C(C)/C=C/C5=O,2.401,0.13803455233573914,0.2149556428194046,0.17588534951210022,0.11062102019786835,0.18567736446857452,0.1726246178150177,0.1665872037410736,0.21965613961219788,0.07228315621614456,0.10420346260070801,0.5536466836929321,0.003314460162073374,0.5334209203720093,0.031018458306789398,0.03095589578151703,0.2368052452802658,0.07848385721445084,0.1681593805551529,0.2862201929092407,0.1734841763973236,0.11181674152612686,0.23900334537029266,0.009309898130595684,0.0171895120292902,0.45440489053726196,0.7974300980567932,0.01911252923309803,0.19239723682403564,0.10247483104467392,0.10027004778385162,0.229753315448761,0.15477748215198517,0.4337556064128876,0.5287696719169617,0.07165121287107468,0.14385057985782623,0.1470377892255783,0.20678146183490753,0.3486148416996002,0.08140597492456436,-2.0435660654251047,-2.5368038573601868,-1.6400078720236728
71,QSAR071,64C35,O=C(C[C@H]([C@H](C)[C@H]([C@@H](CCN(CC1=CN(C2=CN=C(C=CC=C3)C3=C2)N=N1)CC4=CC=C(N(C)C)C=C4)C[C@H]5C)O[C@@H]([C@H](O)[C@H]6N(C)C)O[C@H](C)[C@H]6O)O)O[C@H](CC)[C@@H](CN7CCCCCC7)/C=C(C)/C=C/C5=O,2.407,0.13034741580486298,0.2253015637397766,0.18458211421966553,0.11527708172798157,0.18302543461322784,0.17731906473636627,0.1731400340795517,0.22772599756717682,0.07297806441783905,0.10862218588590622,0.5651012063026428,0.0033418170642107725,0.5457141995429993,0.03344340994954109,0.0329463854432106,0.2496197670698166,0.08037343621253967,0.1755111664533615,0.31069445610046387,0.18222931027412415,0.12023397535085678,0.24235062301158905,0.010616634041070938,0.01784639060497284,0.4672417640686035,0.8061104416847229,0.018605805933475494,0.19767703115940094,0.10018711537122726,0.10116341710090637,0.2448539435863495,0.16095544397830963,0.45575231313705444,0.5391114950180054,0.0751740112900734,0.1496695876121521,0.15305429697036743,0.1998009830713272,0.3731325566768646,0.08453042060136795,-2.010861763944945,-2.5116472678744564,-1.6011281698207986
72,QSAR072,65C36,O=C(C[C@H]([C@H](C)[C@H]([C@@H](CCN(CC1=CN(C2=CN=C(C=CC=C3)C3=C2)N=N1)CC4=CC=C(N(C)C)C=C4)C[C@H]5C)O[C@@H]([C@H](O)[C@H]6N(C)C)O[C@H](C)[C@H]6O)O)O[C@H](CC)[C@@H](CN7CCCCCCC7)/C=C(C)/C=C/C5=O,2.112,0.13057437539100647,0.24498732388019562,0.20163589715957642,0.12692444026470184,0.19901494681835175,0.1936114877462387,0.1897365003824234,0.24798598885536194,0.08074155449867249,0.11968816071748734,0.5971605181694031,0.0033371669705957174,0.5462101697921753,0.03716985881328583,0.036107491701841354,0.2706879675388336,0.07610511034727097,0.19192422926425934,0.3135676085948944,0.18252764642238617,0.1323072463274002,0.26302027702331543,0.011830722913146019,0.018048707395792007,0.4639095962047577,0.822654664516449,0.019143393263220787,0.2156210094690323,0.1105005219578743,0.11156454682350159,0.26958146691322327,0.17629830539226532,0.45469361543655396,0.5512434840202332,0.08315012603998184,0.16414715349674225,0.17224670946598053,0.20993132889270782,0.39963412284851074,0.09339917451143265,-1.9470337449049435,-2.4366937096257097,-1.5464028646788621
73,QSAR073,66C37,O=C(C[C@H]([C@H](C)[C@H]([C@@H](CCN(CC1=CN(C2=CN=C(C=CC=C3)C3=C2)N=N1)CC4=CC=C(N(C)C)C=C4)C[C@H]5C)O[C@@H]([C@H](O)[C@H]6N(C)C)O[C@H](C)[C@H]6O)O)O[C@H](CC)[C@@H](CN7CCC(O)CC7)/C=C(C)/C=C/C5=O,1.806,0.13737855851650238,0.1610894650220871,0.1269214004278183,0.09316680580377579,0.1273447424173355,0.136301651597023,0.12949544191360474,0.17507536709308624,0.07313428074121475,0.08873215317726135,0.4935957193374634,0.0038480525836348534,0.5148925185203552,0.031025642529129982,0.026580439880490303,0.17796532809734344,0.059528909623622894,0.16353662312030792,0.2312670648097992,0.13562074303627014,0.09303487092256546,0.21844883263111115,0.007283645682036877,0.013355851173400879,0.3553292155265808,0.7879992127418518,0.020386477932333946,0.155379056930542,0.07274264842271805,0.06789826601743698,0.17266589403152466,0.12633156776428223,0.36745792627334595,0.452181875705719,0.06347694993019104,0.12229369580745697,0.12663722038269043,0.15771760046482086,0.33667808771133423,0.08311536908149719,-2.210434019237131,-2.7232525538515606,-1.790855218188961
74,QSAR074,67C38,O=C(C[C@H]([C@H](C)[C@H]([C@@H](CCN(CC1=CN(C2=CN=C(C=CC=C3)C3=C2)N=N1)CC4=CC=C(N(C)C)C=C4)C[C@H]5C)O[C@@H]([C@H](O)[C@H]6N(C)C)O[C@H](C)[C@H]6O)O)O[C@H](CC)[C@@H](CN7CC(C)CC(C)C7)/C=C(C)/C=C/C5=O,2.112,0.13591395318508148,0.2665548622608185,0.19965429604053497,0.12271426618099213,0.1702093482017517,0.1691797971725464,0.16078360378742218,0.2185756266117096,0.08271845430135727,0.1094534620642662,0.5769599080085754,0.003562693251296878,0.534863293170929,0.033087875694036484,0.0383637472987175,0.23971670866012573,0.0793696865439415,0.18476058542728424,0.31306442618370056,0.19624575972557068,0.12429235130548477,0.23570211231708527,0.007085238583385944,0.013506056740880013,0.4415735900402069,0.8237683176994324,0.02046271786093712,0.18715260922908783,0.09117382019758224,0.09243828058242798,0.23649626970291138,0.14818651974201202,0.40021947026252747,0.5455594658851624,0.07500702142715454,0.14660905301570892,0.1535806506872177,0.19863109290599823,0.36199846863746643,0.07408549636602402,-2.029462537884392,-2.5514286398993837,-1.6023993635084883
75,QSAR075,68C39,O=C(C[C@H]([C@H](C)[C@H]([C@@H](CCN(CC1=CN(C2=CN=C(C=CC=C3)C3=C2)N=N1)CC4=CC=C(N(C)C)C=C4)C[C@H]5C)O[C@@H]([C@H](O)[C@H]6N(C)C)O[C@H](C)[C@H]6O)O)O[C@H](CC)[C@@H](CN(CC)CC)/C=C(C)/C=C/C5=O,2.396,0.15627597272396088,0.20709176361560822,0.16916343569755554,0.10254383832216263,0.16702277958393097,0.15886084735393524,0.14971554279327393,0.2050018012523651,0.06409681588411331,0.09994535893201828,0.49386730790138245,0.00428553344681859,0.4789748191833496,0.03859871253371239,0.037007857114076614,0.22973428666591644,0.07632781565189362,0.14884690940380096,0.25104522705078125,0.15476466715335846,0.08511755615472794,0.2035236805677414,0.01033791434019804,0.020811690017580986,0.42636606097221375,0.7651023268699646,0.023852810263633728,0.17399737238883972,0.09492176026105881,0.08195099234580994,0.22007149457931519,0.13406674563884735,0.37202075123786926,0.4423294961452484,0.07585938274860382,0.12922388315200806,0.12792553007602692,0.19799964129924774,0.27421942353248596,0.07022976875305176,-2.095742488526969,-2.5563126334610513,-1.7189123699445377
76,QSAR076,69C40,O=C(C[C@H]([C@H](C)[C@H]([C@@H](CCN(CC1=CN(C2=CN=C(C=CC=C3)C3=C2)N=N1)CC4=CC=C(C(F)(F)F)C=C4)C[C@H]5C)O[C@@H]([C@H](O)[C@H]6N(C)C)O[C@H](C)[C@H]6O)O)O[C@H](CC)[C@@H](CN7CCCCC7)/C=C(C)/C=C/C5=O,2.111,0.12652280926704407,0.22218525409698486,0.14136146008968353,0.10384193062782288,0.2003633975982666,0.13237498700618744,0.13424956798553467,0.19016356766223907,0.0633273795247078,0.11517930030822754,0.4527584910392761,0.005149521864950657,0.596119225025177,0.034112051129341125,0.04175681993365288,0.23476147651672363,0.07063990831375122,0.15058529376983643,0.27295076847076416,0.16321595013141632,0.13365983963012695,0.2426033318042755,0.01209439616650343,0.011013523675501347,0.4015391170978546,0.733458936214447,0.018973736092448235,0.1709403693675995,0.09707394987344742,0.07052026689052582,0.15855036675930023,0.15951193869113922,0.36604681611061096,0.47959643602371216,0.06208862364292145,0.1344929039478302,0.11699634790420532,0.16694018244743347,0.39650824666023254,0.09609095007181168,-2.098587281170052,-2.6117284142789505,-1.678744535899135
77,QSAR077,6A6,O=C(C[C@H]([C@H](C)[C@H]([C@@H](CCN(CC1=CN(C2=CN=C(C=CC=C3)C3=C2)N=N1)CC4=CC=C(C(F)(F)F)C=C4)C[C@H]5C)O[C@@H]([C@H](O)[C@H]6N(C)C)O[C@H](C)[C@H]6O)O)O[C@H](CC)[C@@H](CO)/C=C(C)/C=C/C5=O,2.081,0.17569144070148468,0.2935390770435333,0.21421101689338684,0.18225637078285217,0.2883846163749695,0.17430177330970764,0.2748325765132904,0.28291574120521545,0.13358508050441742,0.1988804191350937,0.589939296245575,0.0073028262704610825,0.6871625781059265,0.09109582006931305,0.05985138937830925,0.35049253702163696,0.07852419465780258,0.26055318117141724,0.40224456787109375,0.3380313217639923,0.22455443441867828,0.21027545630931854,0.011049346067011356,0.010600132867693901,0.5782667398452759,0.7410745620727539,0.025394059717655182,0.304098516702652,0.17551971971988678,0.13922274112701416,0.25761932134628296,0.2468372881412506,0.512700080871582,0.4570539891719818,0.13856329023838043,0.24415576457977295,0.23002628982067108,0.2335285246372223,0.5713430047035217,0.11550473421812057,-1.7027658994700476,-2.2242211769967377,-1.2761206724027558
78,QSAR078,70C41,O=C(C[C@H]([C@H](C)[C@H]([C@@H](CCN(CC1=CN(C2=CN=C(C=CC=C3)C3=C2)N=N1)CC4=CC=C(C(F)(F)F)C=C4)C[C@H]5C)O[C@@H]([C@H](O)[C@H]6N(C)C)O[C@H](C)[C@H]6O)O)O[C@H](CC)[C@@H](CN7CCCCCC7)/C=C(C)/C=C/C5=O,2.418,0.12656286358833313,0.2145899087190628,0.13590478897094727,0.10266903787851334,0.19612525403499603,0.12783357501029968,0.1318461298942566,0.18697531521320343,0.061469946056604385,0.11307264119386673,0.452285498380661,0.005027979612350464,0.5928551554679871,0.0332442969083786,0.04100693017244339,0.23888592422008514,0.0756160318851471,0.14531704783439636,0.27919384837150574,0.162714883685112,0.13126535713672638,0.23433944582939148,0.011815871112048626,0.01078887190669775,0.39654219150543213,0.7335724830627441,0.018246473744511604,0.168007493019104,0.09552115947008133,0.06963790208101273,0.15826170146465302,0.15673811733722687,0.3612249791622162,0.4687364101409912,0.06152975186705589,0.13135871291160583,0.11623881012201309,0.17137719690799713,0.3915329575538635,0.09567070752382278,-2.1113151798048584,-2.632037467629358,-1.685269671584814
79,QSAR079,71C42,O=C(C[C@H]([C@H](C)[C@H]([C@@H](CCN(CC1=CN(C2=CN=C(C=CC=C3)C3=C2)N=N1)CC4=CC=C(C(F)(F)F)C=C4)C[C@H]5C)O[C@@H]([C@H](O)[C@H]6N(C)C)O[C@H](C)[C@H]6O)O)O[C@H](CC)[C@@H](CN7CCCCCCC7)/C=C(C)/C=C/C5=O,2.423,0.14184893667697906,0.2312115877866745,0.1587468385696411,0.11798002570867538,0.2040567696094513,0.14307472109794617,0.1507766991853714,0.21188944578170776,0.07565437257289886,0.11987060308456421,0.49161097407341003,0.005528328940272331,0.6242111921310425,0.03864781931042671,0.04274630919098854,0.2697391211986542,0.08552969992160797,0.16581235826015472,0.32324713468551636,0.1726594716310501,0.1458650827407837,0.24790126085281372,0.011809897609055042,0.010994909331202507,0.4420206546783447,0.7620794773101807,0.01962956041097641,0.19098792970180511,0.10292864590883255,0.07603245973587036,0.18019777536392212,0.17244361340999603,0.4055902361869812,0.5077478289604187,0.0713026151061058,0.14668002724647522,0.13423529267311096,0.1936793476343155,0.4297204911708832,0.11121540516614914,-2.010208651374802,-2.5305436037058975,-1.5844800540129957
80,QSAR080,72C43,O=C(C[C@H]([C@H](C)[C@H]([C@@H](CCN(CC1=CN(C2=CN=C(C=CC=C3)C3=C2)N=N1)CC4=CC=C(C(F)(F)F)C=C4)C[C@H]5C)O[C@@H]([C@H](O)[C@H]6N(C)C)O[C@H](C)[C@H]6O)O)O[C@H](CC)[C@@H](CN7CCC(O)CC7)/C=C(C)/C=C/C5=O,1.816,0.11236177384853363,0.1456664502620697,0.09232635051012039,0.07666756212711334,0.13222239911556244,0.11434947699308395,0.11808836460113525,0.14024026691913605,0.05436329543590546,0.08055625855922699,0.3643473982810974,0.005187773611396551,0.5126683115959167,0.022837305441498756,0.03230864554643631,0.17259496450424194,0.04972163587808609,0.11662375926971436,0.2027326375246048,0.1355707347393036,0.08264393359422684,0.18306249380111694,0.008757652714848518,0.00876649934798479,0.2967725694179535,0.6758995056152344,0.013408742845058441,0.12181616574525833,0.0631323754787445,0.04701099917292595,0.1427927315235138,0.11062097549438477,0.30717384815216064,0.26451969146728516,0.04683898389339447,0.10373731702566147,0.0935058668255806,0.12479394674301147,0.3202984035015106,0.08902174979448318,-2.373529301048195,-2.8723579064350457,-1.965396805731681
81,QSAR081,73C44,O=C(C[C@H]([C@H](C)[C@H]([C@@H](CCN(CC1=CN(C2=CN=C(C=CC=C3)C3=C2)N=N1)CC4=CC=C(C(F)(F)F)C=C4)C[C@H]5C)O[C@@H]([C@H](O)[C@H]6N(C)C)O[C@H](C)[C@H]6O)O)O[C@H](CC)[C@@H](CN7CC(C)CC(C)C7)/C=C(C)/C=C/C5=O,1.52,0.15575969219207764,0.28756603598594666,0.19946540892124176,0.12549927830696106,0.20283252000808716,0.1518339067697525,0.14242009818553925,0.20707154273986816,0.08315849304199219,0.13186365365982056,0.4959476888179779,0.006242504343390465,0.5964987874031067,0.03867243602871895,0.05008963495492935,0.2630346715450287,0.08361001312732697,0.18166396021842957,0.30556678771972656,0.17803113162517548,0.1498892605304718,0.24816733598709106,0.007276439107954502,0.009348282590508461,0.4141378104686737,0.7607511878013611,0.020435338839888573,0.18367096781730652,0.10813287645578384,0.07449225336313248,0.17113417387008667,0.16285081207752228,0.4068734049797058,0.5082319378852844,0.06989628821611404,0.13999608159065247,0.12398484349250793,0.17724792659282684,0.420376718044281,0.09557165950536728,-2.0137368918802507,-2.5331349753789256,-1.5887748235631534
82,QSAR082,74C45,O=C(C[C@H]([C@H](C)[C@H]([C@@H](CCN(CC1=CN(C2=CN=C(C=CC=C3)C3=C2)N=N1)CC4=CC=C(C(F)(F)F)C=C4)C[C@H]5C)O[C@@H]([C@H](O)[C@H]6N(C)C)O[C@H](C)[C@H]6O)O)O[C@H](CC)[C@@H](CN(CC)CC)/C=C(C)/C=C/C5=O,2.407,0.14277519285678864,0.2162580043077469,0.1557755172252655,0.10989677160978317,0.20225034654140472,0.13748885691165924,0.14713145792484283,0.2008155733346939,0.0802355632185936,0.11513745039701462,0.4384317696094513,0.005198696628212929,0.5068972110748291,0.042924050241708755,0.04760349169373512,0.2171003520488739,0.0692380890250206,0.1617828607559204,0.26225045323371887,0.15449878573417664,0.1325223445892334,0.22190462052822113,0.008231335319578648,0.011494866572320461,0.44792333245277405,0.701593816280365,0.023975353688001633,0.19294676184654236,0.08865439891815186,0.06926365196704865,0.16695049405097961,0.15896596014499664,0.430743932723999,0.46569815278053284,0.06950011849403381,0.13551194965839386,0.11917451024055481,0.18402725458145142,0.35463401675224304,0.09063270688056946,-2.0773102715006777,-2.5861673935417846,-1.6609726261943178
83,QSAR083,75C46,O=C(C[C@H]([C@H](C)[C@H]([C@@H](CCN(CC1=CN(C2=CN=C(C=CC=C3)C3=C2)N=N1)CC4=CC=C(Br)C=C4)C[C@H]5C)O[C@@H]([C@H](O)[C@H]6N(C)C)O[C@H](C)[C@H]6O)O)O[C@H](CC)[C@@H](CN7CCCCC7)/C=C(C)/C=C/C5=O,2.115,0.6535694003105164,0.8526989221572876,0.8159533143043518,0.8865064382553101,0.6958553194999695,0.6095563769340515,0.9108555316925049,0.9379171133041382,0.40311798453330994,0.8578318953514099,0.9120771288871765,0.11393851041793823,0.9789616465568542,0.15754063427448273,0.5107874274253845,0.9751582741737366,0.8716162443161011,0.8893448114395142,0.943429708480835,0.8663346767425537,0.8938159346580505,0.8678736686706543,0.1583518534898758,0.14892782270908356,0.9611803293228149,0.9965631365776062,0.38358697295188904,0.7342350482940674,0.7934052348136902,0.5394977331161499,0.8786313533782959,0.7318798899650574,0.9431742429733276,0.9796546101570129,0.7526119351387024,0.8990278840065002,0.7650924324989319,0.9294039011001587,0.972017228603363,0.6528881192207336,-0.4034781891618467,-0.6347821673669949,-0.21422947972127074
84,QSAR084,76C47,O=C(C[C@H]([C@H](C)[C@H]([C@@H](CCN(CC1=CN(C2=CN=C(C=CC=C3)C3=C2)N=N1)CC4=CC=C(Br)C=C4)C[C@H]5C)O[C@@H]([C@H](O)[C@H]6N(C)C)O[C@H](C)[C@H]6O)O)O[C@H](CC)[C@@H](CN(C)C)/C=C(C)/C=C/C5=O,2.098,0.7997239828109741,0.9426648616790771,0.9173157215118408,0.9530713558197021,0.8514422178268433,0.7784674763679504,0.9663934111595154,0.9750007390975952,0.5187588930130005,0.9459654688835144,0.9618064761161804,0.1565510630607605,0.9901931881904602,0.28270742297172546,0.6732983589172363,0.9896739721298218,0.940001368522644,0.9535260200500488,0.9805994033813477,0.9403281211853027,0.948489248752594,0.9551478624343872,0.22134441137313843,0.21854844689369202,0.9832988381385803,0.9983856678009033,0.5123577117919922,0.8773899078369141,0.9126967787742615,0.7159920334815979,0.9412606358528137,0.8449508547782898,0.9801906943321228,0.9890180826187134,0.8790915608406067,0.9527466297149658,0.8922681212425232,0.9748104810714722,0.9888440370559692,0.7324510216712952,-0.26582405601991244,-0.4478704494323897,-0.11687700686424915
85,QSAR085,784B,O=C(C[C@H]([C@H](C)[C@H]([C@@H](CCN(CC1=CN(C2=CN=C(C=CC=C3)C3=C2)N=N1)CCCCCC)C[C@H]4C)O[C@@H]([C@H](O)[C@H]5N(C)C)O[C@H](C)[C@H]5O)O)O[C@H](CC)[C@@H](CO)/C=C(C)/C=C/C4=O,1.746,0.16277636587619781,0.33653724193573,0.213832288980484,0.21013598144054413,0.24957318603992462,0.12608197331428528,0.23224587738513947,0.3020261228084564,0.11877913028001785,0.20768073201179504,0.6120922565460205,0.008431710302829742,0.6366326212882996,0.09688496589660645,0.04013849049806595,0.3351542353630066,0.09286794811487198,0.36567068099975586,0.482828825712204,0.4137001037597656,0.15060535073280334,0.2539731562137604,0.017442910000681877,0.01942276768386364,0.47866183519363403,0.7088423371315002,0.05704057589173317,0.3249739706516266,0.2146753966808319,0.1514374315738678,0.2754368782043457,0.25936374068260193,0.4979262948036194,0.5525537729263306,0.159905344247818,0.32484593987464905,0.3067203760147095,0.2814931273460388,0.5297534465789795,0.29840490221977234,-1.602738379409248,-2.064323282107056,-1.2250780044746785
86,QSAR086,794C,O=C(C[C@H]([C@H](C)[C@H]([C@@H](CCN(CC1=CN(C2=CN=C(C=CC=C3)C3=C2)N=N1)C4CCCCC4)C[C@H]5C)O[C@@H]([C@H](O)[C@H]6N(C)C)O[C@H](C)[C@H]6O)O)O[C@H](CC)[C@@H](CO)/C=C(C)/C=C/C5=O,2.046,0.12764719128608704,0.27182772755622864,0.20159293711185455,0.18998995423316956,0.23881587386131287,0.11364797502756119,0.22930482029914856,0.2724197506904602,0.09373194724321365,0.2018478512763977,0.58306884765625,0.004584810230880976,0.5615803003311157,0.05988442897796631,0.02521183341741562,0.25463977456092834,0.07013694941997528,0.33119887113571167,0.3927006721496582,0.30371248722076416,0.12630301713943481,0.200596421957016,0.013521757908165455,0.01080668717622757,0.3504645824432373,0.6942105889320374,0.04941433668136597,0.21146473288536072,0.17985492944717407,0.11014946550130844,0.22284428775310516,0.230522021651268,0.33650386333465576,0.5149107575416565,0.13346929848194122,0.2562795579433441,0.22899562120437622,0.24496817588806152,0.519462525844574,0.16864781081676483,-1.82599868953185,-2.292456952510358,-1.4443510198221619
87,QSAR087,7A7,O=C(C[C@H]([C@H](C)[C@H]([C@@H](CCN(CC1=CN(C2=CN=C(C=CC=C3)C3=C2)N=N1)CC4=CC=C(Br)C=C4)C[C@H]5C)O[C@@H]([C@H](O)[C@H]6N(C)C)O[C@H](C)[C@H]6O)O)O[C@H](CC)[C@@H](CO)/C=C(C)/C=C/C5=O,2.086,0.7642272710800171,0.9190921187400818,0.8780169486999512,0.9356632232666016,0.7856271862983704,0.7235231995582581,0.9478051066398621,0.9684188961982727,0.5276138782501221,0.949573814868927,0.9436929225921631,0.2145705670118332,0.9918497800827026,0.34952473640441895,0.6982550621032715,0.9845996499061584,0.9276219606399536,0.9531518816947937,0.9762658476829529,0.9269046187400818,0.9422464370727539,0.9061892032623291,0.13723096251487732,0.1870117485523224,0.9827671051025391,0.9964563250541687,0.5224494934082031,0.8709782958030701,0.9128924608230591,0.720050036907196,0.9370718598365784,0.8124872446060181,0.9661993980407715,0.9875636100769043,0.8686816096305847,0.9550563097000122,0.867324948310852,0.9648405313491821,0.9899485111236572,0.7639157772064209,-0.27895308865536256,-0.4806871275834028,-0.11389796589605673
88,QSAR088,804D,O=C(C[C@H]([C@H](C)[C@H]([C@@H](CCN(CC1=CN(C2=CN=C(C=CC=C3)C3=C2)N=N1)CC4CCCCC4)C[C@H]5C)O[C@@H]([C@H](O)[C@H]6N(C)C)O[C@H](C)[C@H]6O)O)O[C@H](CC)[C@@H](CO)/C=C(C)/C=C/C5=O,1.451,0.14349140226840973,0.32833725214004517,0.20754149556159973,0.2200327068567276,0.30019351840019226,0.13900427520275116,0.26235201954841614,0.32964128255844116,0.13206301629543304,0.2170187532901764,0.6313204169273376,0.005346736870706081,0.6450760960578918,0.08312250673770905,0.03855398669838905,0.3672783374786377,0.09642161428928375,0.3712761104106903,0.4518953859806061,0.36873194575309753,0.15302762389183044,0.24145954847335815,0.018862731754779816,0.016791094094514847,0.42935124039649963,0.7610157132148743,0.04227466508746147,0.292504221200943,0.2137974202632904,0.14675571024417877,0.291409432888031,0.28313714265823364,0.41006162762641907,0.6019737720489502,0.15328402817249298,0.30600324273109436,0.2919936776161194,0.3213086426258087,0.613976240158081,0.2067425549030304,-1.6256788179498087,-2.098645735043793,-1.238705885782004
89,QSAR089,834G,O=C(C[C@H]([C@H](C)[C@H]([C@@H](CCN(CC1=CN(C2=CN=C(C=CC=C3)C3=C2)N=N1)CC4=CC=C(F)C=C4)C[C@H]5C)O[C@@H]([C@H](O)[C@H]6N(C)C)O[C@H](C)[C@H]6O)O)O[C@H](CC)[C@@H](CO)/C=C(C)/C=C/C5=O,2.359,0.06392551958560944,0.18211312592029572,0.14009571075439453,0.14457392692565918,0.17969757318496704,0.09884761273860931,0.18611708283424377,0.20890922844409943,0.09627676010131836,0.1475832611322403,0.39343348145484924,0.009137321263551712,0.40159791707992554,0.05414268746972084,0.032376814633607864,0.24003306031227112,0.06376870721578598,0.1922571361064911,0.3603544533252716,0.3206983804702759,0.1563308835029602,0.1777932196855545,0.007247244007885456,0.011514817364513874,0.3275851905345917,0.45309510827064514,0.03166724741458893,0.21322046220302582,0.15490581095218658,0.09082811325788498,0.15860620141029358,0.2002459466457367,0.3785361647605896,0.34706008434295654,0.0978013202548027,0.16210368275642395,0.17534394562244415,0.26918038725852966,0.45031729340553284,0.07711352407932281,-2.023458117495321,-2.5436573532700892,-1.5978405609523292
90,QSAR090,874K,O=C(C[C@H]([C@H](C)[C@H]([C@@H](CCN(CC1=CN(C2=CN=CC=C2)N=N1)C3CCCCC3)C[C@H]4C)O[C@@H]([C@H](O)[C@H]5N(C)C)O[C@H](C)[C@H]5O)O)O[C@H](CC)[C@@H](CO)/C=C(C)/C=C/C4=O,1.419,0.07097116857767105,0.3369821608066559,0.29932454228401184,0.27558717131614685,0.2984723150730133,0.12320832163095474,0.2218703180551529,0.3112465441226959,0.1765904724597931,0.25296923518180847,0.6913946866989136,0.006805342622101307,0.7031505107879639,0.10857997089624405,0.028471974655985832,0.42480596899986267,0.13870906829833984,0.375360906124115,0.5463609099388123,0.244301900267601,0.21647705137729645,0.2945939600467682,0.015569498762488365,0.016896789893507957,0.42852848768234253,0.6427769064903259,0.05163811147212982,0.3573148548603058,0.28173136711120605,0.16413560509681702,0.2683734595775604,0.3402603268623352,0.4378003180027008,0.672183632850647,0.22428980469703674,0.35256868600845337,0.3801802098751068,0.2720523476600647,0.595533013343811,0.22088107466697693,-1.5607667781396342,-2.0617792255874066,-1.1508475029550935
91,QSAR091,884L,O=C(C[C@H]([C@H](C)[C@H]([C@@H](CCN(CC1=CN(C2=CN=CC=C2)N=N1)CC3CCCCC3)C[C@H]4C)O[C@@H]([C@H](O)[C@H]5N(C)C)O[C@H](C)[C@H]5O)O)O[C@H](CC)[C@@H](CO)/C=C(C)/C=C/C4=O,1.727,0.07510669529438019,0.32405075430870056,0.3054976463317871,0.2861258387565613,0.31956732273101807,0.12210608273744583,0.2142414152622223,0.3112037181854248,0.19500736892223358,0.25199446082115173,0.7212496995925903,0.006823854520916939,0.7234903573989868,0.11198306083679199,0.03268091753125191,0.4562976062297821,0.1587233543395996,0.3882521688938141,0.5539367198944092,0.24900849163532257,0.23481400310993195,0.2908211946487427,0.01644306257367134,0.016835076734423637,0.4565347731113434,0.6424471139907837,0.05428469181060791,0.36372849345207214,0.28050562739372253,0.1580345630645752,0.2859298586845398,0.3637608587741852,0.4380868077278137,0.6866447329521179,0.2340199500322342,0.35146522521972656,0.41387030482292175,0.28828293085098267,0.5611016154289246,0.21566833555698395,-1.5315506575739668,-2.0414187286478676,-1.1143858721498658
92,QSAR092,894M,O=C(C[C@H]([C@H](C)[C@H]([C@@H](CCN(CC1=CN(C2=CN=CC=C2)N=N1)CC3=CC=CC=C3)C[C@H]4C)O[C@@H]([C@H](O)[C@H]5N(C)C)O[C@H](C)[C@H]5O)O)O[C@H](CC)[C@@H](CO)/C=C(C)/C=C/C4=O,1.724,0.030490266159176826,0.19114388525485992,0.20328862965106964,0.16279764473438263,0.15603281557559967,0.0799829438328743,0.14597508311271667,0.21820798516273499,0.10815995186567307,0.1502559930086136,0.4358091652393341,0.004559854511171579,0.738903820514679,0.06855687499046326,0.034646522253751755,0.26039960980415344,0.10684902966022491,0.23917697370052338,0.39306268095970154,0.2632019817829132,0.17720438539981842,0.07970447093248367,0.00774853490293026,0.012026451528072357,0.36882972717285156,0.3851875364780426,0.03137923404574394,0.17987903952598572,0.19943247735500336,0.08361700922250748,0.15130333602428436,0.19646602869033813,0.49293598532676697,0.4370793104171753,0.12668080627918243,0.2162209451198578,0.2817739248275757,0.20183254778385162,0.3804776072502136,0.08724180608987808,-2.0008579193122853,-2.5994121596478617,-1.5111317226740868
93,QSAR093,8A8,O=C(C[C@H]([C@H](C)[C@H]([C@@H](CCN(CC1=CN(C2=CN=C(C=CC=C3)C3=C2)N=N1)CC4=CC=C([N+]([O-])=O)C=C4)C[C@H]5C)O[C@@H]([C@H](O)[C@H]6N(C)C)O[C@H](C)[C@H]6O)O)O[C@H](CC)[C@@H](CO)/C=C(C)/C=C/C5=O,1.469,0.0906854048371315,0.09367482364177704,0.09309709072113037,0.06615430861711502,0.09979896992444992,0.06584575772285461,0.09542305767536163,0.13133685290813446,0.05868042632937431,0.14372046291828156,0.31902867555618286,0.003014293033629656,0.4451039135456085,0.12316649407148361,0.03898538649082184,0.2030254751443863,0.023105010390281677,0.21943041682243347,0.3135744333267212,0.21217340230941772,0.11318463832139969,0.06753815710544586,0.0034880090970546007,0.0064571332186460495,0.21322567760944366,0.2866712510585785,0.01667051762342453,0.08592294156551361,0.16369853913784027,0.05244696885347366,0.15076944231987,0.19604097306728363,0.28657960891723633,0.12082765996456146,0.07032379508018494,0.08634213358163834,0.10427312552928925,0.1433470994234085,0.252167284488678,0.031211134046316147,-2.435860218352903,-3.0246593514996722,-1.9541154730510002
94,QSAR094,904N,O=C(C[C@H]([C@H](C)[C@H]([C@@H](CCN(CC1=CN(C2=CN=CC=C2)N=N1)CCCCCC)C[C@H]3C)O[C@@H]([C@H](O)[C@H]4N(C)C)O[C@H](C)[C@H]4O)O)O[C@H](CC)[C@@H](CO)/C=C(C)/C=C/C3=O,1.721,0.0761130079627037,0.3299122452735901,0.2802293300628662,0.27273184061050415,0.2812266945838928,0.10837551206350327,0.23724061250686646,0.23727478086948395,0.18892458081245422,0.19825133681297302,0.5868914723396301,0.009106874465942383,0.7212783694267273,0.11944150179624557,0.026697495952248573,0.39876747131347656,0.14464958012104034,0.3654090464115143,0.5587729811668396,0.39690089225769043,0.23177288472652435,0.1591394692659378,0.01018647663295269,0.01688321866095066,0.4675571322441101,0.5455509424209595,0.052489273250103,0.3177351951599121,0.24820667505264282,0.14117738604545593,0.20907005667686462,0.35943150520324707,0.5173673033714294,0.6447588801383972,0.20904454588890076,0.3126508295536041,0.4282549321651459,0.21713028848171234,0.4190836548805237,0.31723731756210327,-1.6041739676684101,-2.0939947368331464,-1.203411520169989
95,QSAR095,914O,O=C(C[C@H]([C@H](C)[C@H]([C@@H](CCN(CC1=CN(C2=CN=C(C=CC=C3)C3=C2)N=N1)CC4=CC=CC=C4)C[C@H]5C)O[C@@H]([C@H](O)[C@H]6N(C)C)O[C@H](C)[C@H]6O)O)O[C@H](CC)[C@@H](CO[C@H]7[C@H](OC)[C@H](OC)[C@H](O)[C@@H](C)O7)/C=C(C)/C=C/C5=O,1.525,0.06821621209383011,0.25428950786590576,0.24358823895454407,0.19828803837299347,0.31609222292900085,0.2502875328063965,0.2593386173248291,0.29619407653808594,0.134107306599617,0.30503612756729126,0.5277410745620728,0.003409398952499032,0.6473246812820435,0.0762329027056694,0.03788311779499054,0.27864766120910645,0.06859572231769562,0.31918057799339294,0.360665500164032,0.4703556001186371,0.21016427874565125,0.19264289736747742,0.010627543553709984,0.013036082498729229,0.4713282585144043,0.8164686560630798,0.027621902525424957,0.2602902054786682,0.18206636607646942,0.12644067406654358,0.2590702176094055,0.22217683494091034,0.4630052149295807,0.4768619239330292,0.15290702879428864,0.30253320932388306,0.24327720701694489,0.31422916054725647,0.6180903315544128,0.06398537755012512,-1.7463290743160649,-2.3181732312537395,-1.2784565822761504
96,QSAR096,924P,O=C(C[C@H]([C@H](C)[C@H]([C@@H](CCN(CC1=CN(C2=CN=C(C=CC=C3)C3=C2)N=N1)CC4=CC=C(F)C=C4)C[C@H]5C)O[C@@H]([C@H](O)[C@H]6N(C)C)O[C@H](C)[C@H]6O)O)O[C@H](CC)[C@@H](CO[C@H]7[C@H](OC)[C@H](OC)[C@H](O)[C@@H](C)O7)/C=C(C)/C=C/C5=O,1.532,0.056398000568151474,0.22336076200008392,0.18529082834720612,0.17613235116004944,0.28342506289482117,0.15625979006290436,0.1990043669939041,0.2617779076099396,0.14800438284873962,0.23561419546604156,0.423152357339859,0.009483137167990208,0.506971001625061,0.08113133162260056,0.032282304018735886,0.2993171215057373,0.06379632651805878,0.232501819729805,0.3943316638469696,0.42771318554878235,0.17766806483268738,0.19546136260032654,0.008753838017582893,0.013108168728649616,0.3373720049858093,0.6320556402206421,0.03999155014753342,0.24927233159542084,0.19145135581493378,0.09682498872280121,0.16919095814228058,0.24865207076072693,0.42254045605659485,0.4603710174560547,0.13743425905704498,0.2336832731962204,0.21656623482704163,0.3481498658657074,0.5547471046447754,0.07285138219594955,-1.8294041425822958,-2.3613735396441236,-1.3941564540771647
97,QSAR097,934Q,O=C(C[C@H]([C@H](C)[C@H]([C@@H](CCN(CC1=CN(C2=CN=C(C=CC=C3)C3=C2)N=N1)CC4=CC=CC=C4)C[C@H]5C)O[C@@H]([C@H](O)[C@H]6N(C)C)O[C@H](C)[C@H]6O[C@@H]7CC(O)(C)C(O)[C@H](C)O7)O)O[C@H](CC)[C@@H](CO[C@H]8[C@H](OC)[C@H](OC)[C@H](O)[C@@H](C)O8)/C=C(C)/C=C/C5=O,1.58,0.007824432104825974,0.023924749344587326,0.017894838005304337,0.016467347741127014,0.02419031411409378,0.02953263372182846,0.015113755129277706,0.02454366907477379,0.014273175969719887,0.027903607115149498,0.09917370975017548,0.0005990766221657395,0.12528195977210999,0.009151371195912361,0.005646452773362398,0.036494672298431396,0.0080034751445055,0.04294147714972496,0.03270019590854645,0.05579483509063721,0.01862381026148796,0.01895574852824211,0.0013279711129143834,0.0019137839553877711,0.04299059882760048,0.19425174593925476,0.004359831567853689,0.02440251037478447,0.013060221448540688,0.008349680341780186,0.02075606770813465,0.016055837273597717,0.05299593508243561,0.05725650116801262,0.011719340458512306,0.02347826398909092,0.023703698068857193,0.03601044416427612,0.10915245115756989,0.00802747905254364,-3.973854728705709,-4.655515050719923,-3.416132647057715
98,QSAR098,944R,O=C(C[C@H]([C@H](C)[C@H]([C@@H](CCN(CC1=CN(C2=CN=C(C=CC=C3)C3=C2)N=N1)CC4=CC=C(F)C=C4)C[C@H]5C)O[C@@H]([C@H](O)[C@H]6N(C)C)O[C@H](C)[C@H]6O[C@@H]7CC(O)(C)C(O)[C@H](C)O7)O)O[C@H](CC)[C@@H](CO[C@H]8[C@H](OC)[C@H](OC)[C@H](O)[C@@H](C)O8)/C=C(C)/C=C/C5=O,1.586,0.007905424572527409,0.014946208335459232,0.011345609091222286,0.012670335359871387,0.017785629257559776,0.015647659078240395,0.012670974247157574,0.018101628869771957,0.012534492649137974,0.018757494166493416,0.056768473237752914,0.001838133204728365,0.06441756337881088,0.007187269162386656,0.004442380275577307,0.030275899916887283,0.0067498888820409775,0.025147100910544395,0.03949565067887306,0.05121181905269623,0.0131198950111866,0.014138655737042427,0.0013367915526032448,0.0019239775137975812,0.027780426666140556,0.14010173082351685,0.0046882773749530315,0.02038237266242504,0.01496130134910345,0.005986966658383608,0.013744518160820007,0.01881864108145237,0.0442538857460022,0.056030724197626114,0.007646608632057905,0.018539387732744217,0.017677081748843193,0.029101479798555374,0.08070976287126541,0.004959557205438614,-4.18906702076299,-4.7920357055368985,-3.6957290059479777
99,QSAR099,95T1,O=C(C[C@H]([C@H](C)[C@H]([C@@H](CCN1C[C@H](C)C[C@H](C)C1)C[C@H]2C)O[C@@H]([C@H](OC(C)=O)[C@H]3N(C)C)O[C@H](C)[C@H]3OC(C)=O)O)O[C@H](CC)[C@@H](COS(=O)(C)=O)/C=C(C)/C=C/C2=O,2.331,0.3614349365234375,0.47001713514328003,0.686964750289917,0.9097838401794434,0.44868800044059753,0.2827123999595642,0.7741863131523132,0.7943615317344666,0.26496657729148865,0.7806717753410339,0.6829545497894287,0.13681361079216003,0.9672294855117798,0.16189777851104736,0.1529645472764969,0.9500716328620911,0.7388677000999451,0.7733060717582703,0.8505185842514038,0.8483030796051025,0.7131094336509705,0.5640661716461182,0.05137096717953682,0.06055644527077675,0.8763289451599121,0.9477680921554565,0.4431783854961395,0.4995081424713135,0.748245894908905,0.5619766712188721,0.597383439540863,0.5400732159614563,0.906610906124115,0.9599458575248718,0.6188954710960388,0.7757855653762817,0.7049354910850525,0.7374387383460999,0.8955979943275452,0.691375732421875,-0.6447426429601981,-0.9480089281612591,-0.39661568234114797
100,QSAR100,96T2,O=C(C[C@H]([C@H](C)[C@H]([C@@H](CCN1C[C@H](C)C[C@H](C)C1)C[C@H]2C)O[C@@H]([C@H](OC(CC)=O)[C@H]3N(C)C)O[C@H](C)[C@H]3OC(CC)=O)O)O[C@H](CC)[C@@H](COS(=O)(C)=O)/C=C(C)/C=C/C2=O,2.044,0.04500989615917206,0.1056302934885025,0.19884982705116272,0.5074933171272278,0.1302201896905899,0.06980464607477188,0.25900623202323914,0.3117154538631439,0.05406561866402626,0.3053663372993469,0.27608761191368103,0.05358239635825157,0.8127601742744446,0.037729840725660324,0.0695074126124382,0.702416718006134,0.19869323074817657,0.3218148946762085,0.47474411129951477,0.4887634515762329,0.1571987271308899,0.11066510528326035,0.011516141705214977,0.008468827232718468,0.37046656012535095,0.537459135055542,0.07655046135187149,0.10272438079118729,0.22167104482650757,0.2177976667881012,0.11442117393016815,0.11857860535383224,0.3710417151451111,0.5544964075088501,0.14797163009643555,0.28199702501296997,0.21681062877178192,0.28504130244255066,0.5568360686302185,0.17458446323871613,-1.7710239981078757,-2.310262275069536,-1.3298290442301548
101,QSAR101,97T16,O=C(C[C@H]([C@H](C)[C@H]([C@@H](CCN1C[C@H](C)C[C@H](C)C1)C[C@H]2C)O[C@@H]([C@H](OC(C)=O)[C@H]3N(C)C)O[C@H](C)[C@H]3OC(C)=O)O)O[C@H](CC)[C@@H](COS(=O)(C4=CC=C(C)C=C4)=O)/C=C(C)/C=C/C2=O,2.368,0.39268141984939575,0.4025562107563019,0.6489151120185852,0.9013473391532898,0.3791990578174591,0.275610089302063,0.7141910791397095,0.6935889720916748,0.1907416731119156,0.8373647928237915,0.6261225342750549,0.05028362572193146,0.9626290202140808,0.06290648132562637,0.23581531643867493,0.9418622851371765,0.6735564470291138,0.8432007431983948,0.8687063455581665,0.7774437069892883,0.804648220539093,0.5153260827064514,0.03701406344771385,0.07013200223445892,0.8713469505310059,0.9488792419433594,0.28933238983154297,0.4310302734375,0.7414330840110779,0.6172470450401306,0.5565280318260193,0.5467368960380554,0.8684328198432922,0.9267052412033081,0.6317373514175415,0.7351280450820923,0.6400145292282104,0.7478610873222351,0.8960971236228943,0.5203703045845032,-0.7365760732027067,-1.1004198636072042,-0.4388856992353905
102,QSAR102,98T17,O=C(C[C@H]([C@H](C)[C@H]([C@@H](CCN1C[C@H](C)C[C@H](C)C1)C[C@H]2C)O[C@@H]([C@H](OC(CC)=O)[C@H]3N(C)C)O[C@H](C)[C@H]3OC(CC)=O)O)O[C@H](CC)[C@@H](COS(=O)(C4=CC=C(C)C=C4)=O)/C=C(C)/C=C/C2=O,2.08,0.02420045994222164,0.06146898865699768,0.09284135699272156,0.3336144983768463,0.05504235252737999,0.049204252660274506,0.11286122351884842,0.10489033907651901,0.035605330020189285,0.19089409708976746,0.19707337021827698,0.0161350816488266,0.682790994644165,0.04929736256599426,0.06590166687965393,0.5515633821487427,0.12799212336540222,0.27777421474456787,0.3163623511791229,0.2625122368335724,0.21351897716522217,0.06528724730014801,0.009538973681628704,0.008485516533255577,0.24678350985050201,0.30411747097969055,0.023374296724796295,0.03871304914355278,0.14779677987098694,0.13946740329265594,0.08172063529491425,0.07284565269947052,0.24815700948238373,0.3033096194267273,0.08069180697202682,0.13441014289855957,0.08953839540481567,0.1647139936685562,0.3712155222892761,0.05458289757370949,-2.2782621152817573,-2.938152270899026,-1.7383519879585372
103,QSAR103,99B,O=C(C[C@H]([C@H](C)[C@H]([C@@H](CCN[C@@H](C)C(OC)=O)C[C@H]1C)O[C@@H]([C@H](O)[C@H]2N(C)C)O[C@H](C)[C@H]2O)O)O[C@H](CC)[C@@H](CO[C@@H]3[C@@H](OC)[C@@H](OC)[C@@H](O)[C@H](C)O3)/C=C(C)/C=C/C1=O,0.827,0.03628683090209961,0.2081494927406311,0.22014397382736206,0.36772090196609497,0.33136820793151855,0.08727926760911942,0.2440517693758011,0.19276756048202515,0.07527616620063782,0.3799801766872406,0.22644753754138947,0.028567876666784286,0.8500279784202576,0.07184334844350815,0.025979531928896904,0.30580997467041016,0.07258973270654678,0.45142292976379395,0.6306849718093872,0.4734843075275421,0.2174968719482422,0.0947108343243599,0.004949213936924934,0.009672888554632664,0.4369216859340668,0.44052210450172424,0.09874434769153595,0.15161217749118805,0.14781436324119568,0.14284497499465942,0.12972989678382874,0.18948505818843842,0.4041741192340851,0.6345801949501038,0.12848620116710663,0.41023924946784973,0.5713088512420654,0.16996721923351288,0.5730559229850769,0.16281266510486603,-1.7775576764212542,-2.3212472505351065,-1.3327207521462847
104,QSAR104,9A9,O=C(C[C@H]([C@H](C)[C@H]([C@@H](CCN(CC1=CN(C2=CN=C(C=CC=C3)C3=C2)N=N1)CC4=CC=C(O)C(OC)=C4)C[C@H]5C)O[C@@H]([C@H](O)[C@H]6N(C)C)O[C@H](C)[C@H]6O)O)O[C@H](CC)[C@@H](CO)/C=C(C)/C=C/C5=O,1.77,0.03282725065946579,0.07132211327552795,0.04137618839740753,0.05444946140050888,0.10503864288330078,0.043455347418785095,0.10230331122875214,0.08547021448612213,0.026195084676146507,0.08663918077945709,0.2014463245868683,0.0014497718075290322,0.26813656091690063,0.044226083904504776,0.01718902960419655,0.11668048053979874,0.022627782076597214,0.11598637700080872,0.14701718091964722,0.0984291136264801,0.05159913748502731,0.05926164239645004,0.00337613420560956,0.0028114428278058767,0.12480004876852036,0.2655491232872009,0.00962347537279129,0.07972124218940735,0.06515481323003769,0.04294706508517265,0.09455910325050354,0.07139292359352112,0.13041742146015167,0.14351636171340942,0.029534723609685898,0.07585792988538742,0.06275494396686554,0.1175110787153244,0.26988017559051514,0.017586009576916695,-2.9121126021692345,-3.5325613518760832,-2.4044727160454493
