product_id,macrolide_name,macrolide_input_smiles,seed_metabolite_id,seed_metabolite_name,seed_canonical_neutral_smiles,seed_n_primary_amine,reaction_smarts,aldehyde_match_atoms,amine_match_atoms,new_cn_bond_product_atoms,product_smiles,canonical_product_smiles,product_mw,product_heavy_atom_count,reaction_status,notes,image_path,pMIC_pred£¨¦Ìmol/ml£©,origin_pMIC_pred£¨¦Ìmol/ml£©,apscore_total,apscore_gnegative,apscore_gpositive,ginhib_total,ginhib_gnegative,ginhib_gpositive,broad_spectrum
tylosin_seed_amine_0001,Tylosin (Ì©ÀÖ¾úËØ),CC[C@@H]1[C@H](/C=C(/C=C/C(=O)[C@@H](C[C@@H]([C@@H]([C@H]([C@@H](CC(=O)O1)O)C)O[C@H]2[C@@H]([C@H]([C@@H]([C@H](O2)C)O[C@H]3C[C@@]([C@H]([C@@H](O3)C)O)(C)O)N(C)C)O)CC=O)C)\C)CO[C@H]4[C@@H]([C@@H]([C@@H]([C@H](O4)C)O)OC)OC,MPM00425,ADC,C=C(OC1C=C(C(=O)O)C=CC1N)C(=O)O,1,[*:1][CX3H1:2]=[OX1].[NX3;H2:4][CX4;!a:5]>>[*:1][CH2:2][NH:4][CX4;!a:5],"[46,47]","[12,11]","[1,2]",C=C(OC1C=C(C(=O)O)C=CC1NCC[C@H]1C[C@@H](C)C(=O)/C=C/C(C)=C/[C@H](CO[C@@H]2O[C@H](C)[C@@H](O)[C@@H](OC)[C@H]2OC)[C@@H](CC)OC(=O)C[C@@H](O)[C@H](C)[C@H]1O[C@@H]1O[C@H](C)[C@@H](O[C@H]2C[C@@](C)(O)[C@@H](O)[C@H](C)O2)[C@H](N(C)C)[C@H]1O)C(=O)O,C=C(OC1C=C(C(=O)O)C=CC1NCC[C@H]1C[C@@H](C)C(=O)/C=C/C(C)=C/[C@H](CO[C@@H]2O[C@H](C)[C@@H](O)[C@@H](OC)[C@H]2OC)[C@@H](CC)OC(=O)C[C@@H](O)[C@H](C)[C@H]1O[C@@H]1O[C@H](C)[C@@H](O[C@H]2C[C@@](C)(O)[C@@H](O)[C@H](C)O2)[C@H](N(C)C)[C@H]1O)C(=O)O,1125.313,79,success,,outputs/mpmdb_seed_macrolide_reductive_amination/images/tylosin/tylosin_seed_amine_0001_MPM00425.png,0.1305,0.130536984,-1.0379563570022583,-1.6170459985733032,-0.5641555190086365,39,17,22,1
tylosin_seed_amine_0002,Tylosin (Ì©ÀÖ¾úËØ),CC[C@@H]1[C@H](/C=C(/C=C/C(=O)[C@@H](C[C@@H]([C@@H]([C@H]([C@@H](CC(=O)O1)O)C)O[C@H]2[C@@H]([C@H]([C@@H]([C@H](O2)C)O[C@H]3C[C@@]([C@H]([C@@H](O3)C)O)(C)O)N(C)C)O)CC=O)C)\C)CO[C@H]4[C@@H]([C@@H]([C@@H]([C@H](O4)C)O)OC)OC,MPM01075,(S)-2-Amino-3-oxobutanoic acid,CC(=O)C(N)C(=O)O,1,[*:1][CX3H1:2]=[OX1].[NX3;H2:4][CX4;!a:5]>>[*:1][CH2:2][NH:4][CX4;!a:5],"[46,47]","[4,3]","[1,2]",CC[C@H]1OC(=O)C[C@@H](O)[C@H](C)[C@@H](O[C@@H]2O[C@H](C)[C@@H](O[C@H]3C[C@@](C)(O)[C@@H](O)[C@H](C)O3)[C@H](N(C)C)[C@H]2O)[C@@H](CCNC(C(C)=O)C(=O)O)C[C@@H](C)C(=O)/C=C/C(C)=C/[C@@H]1CO[C@@H]1O[C@H](C)[C@@H](O)[C@@H](OC)[C@H]1OC,CC[C@H]1OC(=O)C[C@@H](O)[C@H](C)[C@@H](O[C@@H]2O[C@H](C)[C@@H](O[C@H]3C[C@@](C)(O)[C@@H](O)[C@H](C)O3)[C@H](N(C)C)[C@H]2O)[C@@H](CCNC(C(C)=O)C(=O)O)C[C@@H](C)C(=O)/C=C/C(C)=C/[C@@H]1CO[C@@H]1O[C@H](C)[C@@H](O)[C@@H](OC)[C@H]1OC,1017.217,71,success,,outputs/mpmdb_seed_macrolide_reductive_amination/images/tylosin/tylosin_seed_amine_0002_MPM01075.png,-0.5452,-0.545247832,-1.6771291494369507,-2.476048707962036,-1.023467779159546,37,15,22,1
tylosin_seed_amine_0003,Tylosin (Ì©ÀÖ¾úËØ),CC[C@@H]1[C@H](/C=C(/C=C/C(=O)[C@@H](C[C@@H]([C@@H]([C@H]([C@@H](CC(=O)O1)O)C)O[C@H]2[C@@H]([C@H]([C@@H]([C@H](O2)C)O[C@H]3C[C@@]([C@H]([C@@H](O3)C)O)(C)O)N(C)C)O)CC=O)C)\C)CO[C@H]4[C@@H]([C@@H]([C@@H]([C@H](O4)C)O)OC)OC,MPM00147,1-Amino-2-propanone,CC(=O)CN,1,[*:1][CX3H1:2]=[OX1].[NX3;H2:4][CX4;!a:5]>>[*:1][CH2:2][NH:4][CX4;!a:5],"[46,47]","[4,3]","[1,2]",CC[C@H]1OC(=O)C[C@@H](O)[C@H](C)[C@@H](O[C@@H]2O[C@H](C)[C@@H](O[C@H]3C[C@@](C)(O)[C@@H](O)[C@H](C)O3)[C@H](N(C)C)[C@H]2O)[C@@H](CCNCC(C)=O)C[C@@H](C)C(=O)/C=C/C(C)=C/[C@@H]1CO[C@@H]1O[C@H](C)[C@@H](O)[C@@H](OC)[C@H]1OC,CC[C@H]1OC(=O)C[C@@H](O)[C@H](C)[C@@H](O[C@@H]2O[C@H](C)[C@@H](O[C@H]3C[C@@](C)(O)[C@@H](O)[C@H](C)O3)[C@H](N(C)C)[C@H]2O)[C@@H](CCNCC(C)=O)C[C@@H](C)C(=O)/C=C/C(C)=C/[C@@H]1CO[C@@H]1O[C@H](C)[C@@H](O)[C@@H](OC)[C@H]1OC,973.208,68,success,,outputs/mpmdb_seed_macrolide_reductive_amination/images/tylosin/tylosin_seed_amine_0003_MPM00147.png,-0.4495,-0.449518273,-1.0902003049850464,-1.5905556678771973,-0.6808187961578369,39,17,22,1
tylosin_seed_amine_0004,Tylosin (Ì©ÀÖ¾úËØ),CC[C@@H]1[C@H](/C=C(/C=C/C(=O)[C@@H](C[C@@H]([C@@H]([C@H]([C@@H](CC(=O)O1)O)C)O[C@H]2[C@@H]([C@H]([C@@H]([C@H](O2)C)O[C@H]3C[C@@]([C@H]([C@@H](O3)C)O)(C)O)N(C)C)O)CC=O)C)\C)CO[C@H]4[C@@H]([C@@H]([C@@H]([C@H](O4)C)O)OC)OC,MPM00810,"N-acetyl-LL-2,6-diaminopimelic acid",CC(=O)NC(CCCC(N)C(=O)O)C(=O)O,1,[*:1][CX3H1:2]=[OX1].[NX3;H2:4][CX4;!a:5]>>[*:1][CH2:2][NH:4][CX4;!a:5],"[46,47]","[9,8]","[1,2]",CC[C@H]1OC(=O)C[C@@H](O)[C@H](C)[C@@H](O[C@@H]2O[C@H](C)[C@@H](O[C@H]3C[C@@](C)(O)[C@@H](O)[C@H](C)O3)[C@H](N(C)C)[C@H]2O)[C@@H](CCNC(CCCC(NC(C)=O)C(=O)O)C(=O)O)C[C@@H](C)C(=O)/C=C/C(C)=C/[C@@H]1CO[C@@H]1O[C@H](C)[C@@H](O)[C@@H](OC)[C@H]1OC,CC[C@H]1OC(=O)C[C@@H](O)[C@H](C)[C@@H](O[C@@H]2O[C@H](C)[C@@H](O[C@H]3C[C@@](C)(O)[C@@H](O)[C@H](C)O3)[C@H](N(C)C)[C@H]2O)[C@@H](CCNC(CCCC(NC(C)=O)C(=O)O)C(=O)O)C[C@@H](C)C(=O)/C=C/C(C)=C/[C@@H]1CO[C@@H]1O[C@H](C)[C@@H](O)[C@@H](OC)[C@H]1OC,1132.349,79,success,,outputs/mpmdb_seed_macrolide_reductive_amination/images/tylosin/tylosin_seed_amine_0004_MPM00810.png,-0.6626,-0.66261693,-1.4448570013046265,-2.089650869369507,-0.9172986745834351,39,17,22,1
tylosin_seed_amine_0005,Tylosin (Ì©ÀÖ¾úËØ),CC[C@@H]1[C@H](/C=C(/C=C/C(=O)[C@@H](C[C@@H]([C@@H]([C@H]([C@@H](CC(=O)O1)O)C)O[C@H]2[C@@H]([C@H]([C@@H]([C@H](O2)C)O[C@H]3C[C@@]([C@H]([C@@H](O3)C)O)(C)O)N(C)C)O)CC=O)C)\C)CO[C@H]4[C@@H]([C@@H]([C@@H]([C@H](O4)C)O)OC)OC,MPM01517,N2-Acetyl-L-ornithine,CC(=O)NC(CCCN)C(=O)O,1,[*:1][CX3H1:2]=[OX1].[NX3;H2:4][CX4;!a:5]>>[*:1][CH2:2][NH:4][CX4;!a:5],"[46,47]","[8,7]","[1,2]",CC[C@H]1OC(=O)C[C@@H](O)[C@H](C)[C@@H](O[C@@H]2O[C@H](C)[C@@H](O[C@H]3C[C@@](C)(O)[C@@H](O)[C@H](C)O3)[C@H](N(C)C)[C@H]2O)[C@@H](CCNCCCC(NC(C)=O)C(=O)O)C[C@@H](C)C(=O)/C=C/C(C)=C/[C@@H]1CO[C@@H]1O[C@H](C)[C@@H](O)[C@@H](OC)[C@H]1OC,CC[C@H]1OC(=O)C[C@@H](O)[C@H](C)[C@@H](O[C@@H]2O[C@H](C)[C@@H](O[C@H]3C[C@@](C)(O)[C@@H](O)[C@H](C)O3)[C@H](N(C)C)[C@H]2O)[C@@H](CCNCCCC(NC(C)=O)C(=O)O)C[C@@H](C)C(=O)/C=C/C(C)=C/[C@@H]1CO[C@@H]1O[C@H](C)[C@@H](O)[C@@H](OC)[C@H]1OC,1074.313,75,success,,outputs/mpmdb_seed_macrolide_reductive_amination/images/tylosin/tylosin_seed_amine_0005_MPM01517.png,-0.5937,-0.593707745,-1.3791455030441284,-2.0566213130950928,-0.8248468637466431,38,16,22,1
tylosin_seed_amine_0006,Tylosin (Ì©ÀÖ¾úËØ),CC[C@@H]1[C@H](/C=C(/C=C/C(=O)[C@@H](C[C@@H]([C@@H]([C@H]([C@@H](CC(=O)O1)O)C)O[C@H]2[C@@H]([C@H]([C@@H]([C@H](O2)C)O[C@H]3C[C@@]([C@H]([C@@H](O3)C)O)(C)O)N(C)C)O)CC=O)C)\C)CO[C@H]4[C@@H]([C@@H]([C@@H]([C@H](O4)C)O)OC)OC,MPM01530,O3-Acetyl-L-serine,CC(=O)OCC(N)C(=O)O,1,[*:1][CX3H1:2]=[OX1].[NX3;H2:4][CX4;!a:5]>>[*:1][CH2:2][NH:4][CX4;!a:5],"[46,47]","[6,5]","[1,2]",CC[C@H]1OC(=O)C[C@@H](O)[C@H](C)[C@@H](O[C@@H]2O[C@H](C)[C@@H](O[C@H]3C[C@@](C)(O)[C@@H](O)[C@H](C)O3)[C@H](N(C)C)[C@H]2O)[C@@H](CCNC(COC(C)=O)C(=O)O)C[C@@H](C)C(=O)/C=C/C(C)=C/[C@@H]1CO[C@@H]1O[C@H](C)[C@@H](O)[C@@H](OC)[C@H]1OC,CC[C@H]1OC(=O)C[C@@H](O)[C@H](C)[C@@H](O[C@@H]2O[C@H](C)[C@@H](O[C@H]3C[C@@](C)(O)[C@@H](O)[C@H](C)O3)[C@H](N(C)C)[C@H]2O)[C@@H](CCNC(COC(C)=O)C(=O)O)C[C@@H](C)C(=O)/C=C/C(C)=C/[C@@H]1CO[C@@H]1O[C@H](C)[C@@H](O)[C@@H](OC)[C@H]1OC,1047.243,73,success,,outputs/mpmdb_seed_macrolide_reductive_amination/images/tylosin/tylosin_seed_amine_0006_MPM01530.png,-0.3269,-0.326907235,-1.4957484006881714,-2.2406604290008545,-0.8862746953964233,38,16,22,1
tylosin_seed_amine_0007,Tylosin (Ì©ÀÖ¾úËØ),CC[C@@H]1[C@H](/C=C(/C=C/C(=O)[C@@H](C[C@@H]([C@@H]([C@H]([C@@H](CC(=O)O1)O)C)O[C@H]2[C@@H]([C@H]([C@@H]([C@H](O2)C)O[C@H]3C[C@@]([C@H]([C@@H](O3)C)O)(C)O)N(C)C)O)CC=O)C)\C)CO[C@H]4[C@@H]([C@@H]([C@@H]([C@H](O4)C)O)OC)OC,MPM01531,O-Acetylhomoserine,CC(=O)OCCC(N)C(=O)O,1,[*:1][CX3H1:2]=[OX1].[NX3;H2:4][CX4;!a:5]>>[*:1][CH2:2][NH:4][CX4;!a:5],"[46,47]","[7,6]","[1,2]",CC[C@H]1OC(=O)C[C@@H](O)[C@H](C)[C@@H](O[C@@H]2O[C@H](C)[C@@H](O[C@H]3C[C@@](C)(O)[C@@H](O)[C@H](C)O3)[C@H](N(C)C)[C@H]2O)[C@@H](CCNC(CCOC(C)=O)C(=O)O)C[C@@H](C)C(=O)/C=C/C(C)=C/[C@@H]1CO[C@@H]1O[C@H](C)[C@@H](O)[C@@H](OC)[C@H]1OC,CC[C@H]1OC(=O)C[C@@H](O)[C@H](C)[C@@H](O[C@@H]2O[C@H](C)[C@@H](O[C@H]3C[C@@](C)(O)[C@@H](O)[C@H](C)O3)[C@H](N(C)C)[C@H]2O)[C@@H](CCNC(CCOC(C)=O)C(=O)O)C[C@@H](C)C(=O)/C=C/C(C)=C/[C@@H]1CO[C@@H]1O[C@H](C)[C@@H](O)[C@@H](OC)[C@H]1OC,1061.27,74,success,,outputs/mpmdb_seed_macrolide_reductive_amination/images/tylosin/tylosin_seed_amine_0007_MPM01531.png,-0.5692,-0.569196859,-1.3586862087249756,-2.056568145751953,-0.7876920104026794,37,15,22,1
tylosin_seed_amine_0008,Tylosin (Ì©ÀÖ¾úËØ),CC[C@@H]1[C@H](/C=C(/C=C/C(=O)[C@@H](C[C@@H]([C@@H]([C@H]([C@@H](CC(=O)O1)O)C)O[C@H]2[C@@H]([C@H]([C@@H]([C@H](O2)C)O[C@H]3C[C@@]([C@H]([C@@H](O3)C)O)(C)O)N(C)C)O)CC=O)C)\C)CO[C@H]4[C@@H]([C@@H]([C@@H]([C@H](O4)C)O)OC)OC,MPM01137,2-Amino-3-methylbutyric acid,CC(C)C(N)C(=O)O,1,[*:1][CX3H1:2]=[OX1].[NX3;H2:4][CX4;!a:5]>>[*:1][CH2:2][NH:4][CX4;!a:5],"[46,47]","[4,3]","[1,2]",CC[C@H]1OC(=O)C[C@@H](O)[C@H](C)[C@@H](O[C@@H]2O[C@H](C)[C@@H](O[C@H]3C[C@@](C)(O)[C@@H](O)[C@H](C)O3)[C@H](N(C)C)[C@H]2O)[C@@H](CCNC(C(=O)O)C(C)C)C[C@@H](C)C(=O)/C=C/C(C)=C/[C@@H]1CO[C@@H]1O[C@H](C)[C@@H](O)[C@@H](OC)[C@H]1OC,CC[C@H]1OC(=O)C[C@@H](O)[C@H](C)[C@@H](O[C@@H]2O[C@H](C)[C@@H](O[C@H]3C[C@@](C)(O)[C@@H](O)[C@H](C)O3)[C@H](N(C)C)[C@H]2O)[C@@H](CCNC(C(=O)O)C(C)C)C[C@@H](C)C(=O)/C=C/C(C)=C/[C@@H]1CO[C@@H]1O[C@H](C)[C@@H](O)[C@@H](OC)[C@H]1OC,1017.261,71,success,,outputs/mpmdb_seed_macrolide_reductive_amination/images/tylosin/tylosin_seed_amine_0008_MPM01137.png,-0.6672,-0.667169475,-1.9843840599060059,-2.7002367973327637,-1.398686170578003,36,15,21,1
tylosin_seed_amine_0009,Tylosin (Ì©ÀÖ¾úËØ),CC[C@@H]1[C@H](/C=C(/C=C/C(=O)[C@@H](C[C@@H]([C@@H]([C@H]([C@@H](CC(=O)O1)O)C)O[C@H]2[C@@H]([C@H]([C@@H]([C@H](O2)C)O[C@H]3C[C@@]([C@H]([C@@H](O3)C)O)(C)O)N(C)C)O)CC=O)C)\C)CO[C@H]4[C@@H]([C@@H]([C@@H]([C@H](O4)C)O)OC)OC,MPM01055,(2S)-alpha-Leucine,CC(C)CC(N)C(=O)O,1,[*:1][CX3H1:2]=[OX1].[NX3;H2:4][CX4;!a:5]>>[*:1][CH2:2][NH:4][CX4;!a:5],"[46,47]","[5,4]","[1,2]",CC[C@H]1OC(=O)C[C@@H](O)[C@H](C)[C@@H](O[C@@H]2O[C@H](C)[C@@H](O[C@H]3C[C@@](C)(O)[C@@H](O)[C@H](C)O3)[C@H](N(C)C)[C@H]2O)[C@@H](CCNC(CC(C)C)C(=O)O)C[C@@H](C)C(=O)/C=C/C(C)=C/[C@@H]1CO[C@@H]1O[C@H](C)[C@@H](O)[C@@H](OC)[C@H]1OC,CC[C@H]1OC(=O)C[C@@H](O)[C@H](C)[C@@H](O[C@@H]2O[C@H](C)[C@@H](O[C@H]3C[C@@](C)(O)[C@@H](O)[C@H](C)O3)[C@H](N(C)C)[C@H]2O)[C@@H](CCNC(CC(C)C)C(=O)O)C[C@@H](C)C(=O)/C=C/C(C)=C/[C@@H]1CO[C@@H]1O[C@H](C)[C@@H](O)[C@@H](OC)[C@H]1OC,1031.288,72,success,,outputs/mpmdb_seed_macrolide_reductive_amination/images/tylosin/tylosin_seed_amine_0009_MPM01055.png,-0.7501,-0.750065778,-2.0629239082336426,-2.8269832134246826,-1.4377843141555786,36,15,21,1
tylosin_seed_amine_0010,Tylosin (Ì©ÀÖ¾úËØ),CC[C@@H]1[C@H](/C=C(/C=C/C(=O)[C@@H](C[C@@H]([C@@H]([C@H]([C@@H](CC(=O)O1)O)C)O[C@H]2[C@@H]([C@H]([C@@H]([C@H](O2)C)O[C@H]3C[C@@]([C@H]([C@@H](O3)C)O)(C)O)N(C)C)O)CC=O)C)\C)CO[C@H]4[C@@H]([C@@H]([C@@H]([C@H](O4)C)O)OC)OC,MPM00737,l-Alanyl-l-leucine,CC(C)CC(NC(=O)C(C)N)C(=O)O,1,[*:1][CX3H1:2]=[OX1].[NX3;H2:4][CX4;!a:5]>>[*:1][CH2:2][NH:4][CX4;!a:5],"[46,47]","[10,8]","[1,2]",CC[C@H]1OC(=O)C[C@@H](O)[C@H](C)[C@@H](O[C@@H]2O[C@H](C)[C@@H](O[C@H]3C[C@@](C)(O)[C@@H](O)[C@H](C)O3)[C@H](N(C)C)[C@H]2O)[C@@H](CCNC(C)C(=O)NC(CC(C)C)C(=O)O)C[C@@H](C)C(=O)/C=C/C(C)=C/[C@@H]1CO[C@@H]1O[C@H](C)[C@@H](O)[C@@H](OC)[C@H]1OC,CC[C@H]1OC(=O)C[C@@H](O)[C@H](C)[C@@H](O[C@@H]2O[C@H](C)[C@@H](O[C@H]3C[C@@](C)(O)[C@@H](O)[C@H](C)O3)[C@H](N(C)C)[C@H]2O)[C@@H](CCNC(C)C(=O)NC(CC(C)C)C(=O)O)C[C@@H](C)C(=O)/C=C/C(C)=C/[C@@H]1CO[C@@H]1O[C@H](C)[C@@H](O)[C@@H](OC)[C@H]1OC,1102.367,77,success,,outputs/mpmdb_seed_macrolide_reductive_amination/images/tylosin/tylosin_seed_amine_0010_MPM00737.png,-0.9041,-0.904088137,-1.0372205972671509,-1.6369322538375854,-0.5465473532676697,39,17,22,1
tylosin_seed_amine_0011,Tylosin (Ì©ÀÖ¾úËØ),CC[C@@H]1[C@H](/C=C(/C=C/C(=O)[C@@H](C[C@@H]([C@@H]([C@H]([C@@H](CC(=O)O1)O)C)O[C@H]2[C@@H]([C@H]([C@@H]([C@H](O2)C)O[C@H]3C[C@@]([C@H]([C@@H](O3)C)O)(C)O)N(C)C)O)CC=O)C)\C)CO[C@H]4[C@@H]([C@@H]([C@@H]([C@H](O4)C)O)OC)OC,MPM00675,Glycyl-L-leucine,CC(C)CC(NC(=O)CN)C(=O)O,1,[*:1][CX3H1:2]=[OX1].[NX3;H2:4][CX4;!a:5]>>[*:1][CH2:2][NH:4][CX4;!a:5],"[46,47]","[9,8]","[1,2]",CC[C@H]1OC(=O)C[C@@H](O)[C@H](C)[C@@H](O[C@@H]2O[C@H](C)[C@@H](O[C@H]3C[C@@](C)(O)[C@@H](O)[C@H](C)O3)[C@H](N(C)C)[C@H]2O)[C@@H](CCNCC(=O)NC(CC(C)C)C(=O)O)C[C@@H](C)C(=O)/C=C/C(C)=C/[C@@H]1CO[C@@H]1O[C@H](C)[C@@H](O)[C@@H](OC)[C@H]1OC,CC[C@H]1OC(=O)C[C@@H](O)[C@H](C)[C@@H](O[C@@H]2O[C@H](C)[C@@H](O[C@H]3C[C@@](C)(O)[C@@H](O)[C@H](C)O3)[C@H](N(C)C)[C@H]2O)[C@@H](CCNCC(=O)NC(CC(C)C)C(=O)O)C[C@@H](C)C(=O)/C=C/C(C)=C/[C@@H]1CO[C@@H]1O[C@H](C)[C@@H](O)[C@@H](OC)[C@H]1OC,1088.34,76,success,,outputs/mpmdb_seed_macrolide_reductive_amination/images/tylosin/tylosin_seed_amine_0011_MPM00675.png,-0.5441,-0.544060125,-1.1507618427276611,-1.8036036491394043,-0.6166184544563293,39,17,22,1
tylosin_seed_amine_0012,Tylosin (Ì©ÀÖ¾úËØ),CC[C@@H]1[C@H](/C=C(/C=C/C(=O)[C@@H](C[C@@H]([C@@H]([C@H]([C@@H](CC(=O)O1)O)C)O[C@H]2[C@@H]([C@H]([C@@H]([C@H](O2)C)O[C@H]3C[C@@]([C@H]([C@@H](O3)C)O)(C)O)N(C)C)O)CC=O)C)\C)CO[C@H]4[C@@H]([C@@H]([C@@H]([C@H](O4)C)O)OC)OC,MPM01359,D-Ala-D-Ala,CC(N)C(=O)NC(C)C(=O)O,1,[*:1][CX3H1:2]=[OX1].[NX3;H2:4][CX4;!a:5]>>[*:1][CH2:2][NH:4][CX4;!a:5],"[46,47]","[2,1]","[1,2]",CC[C@H]1OC(=O)C[C@@H](O)[C@H](C)[C@@H](O[C@@H]2O[C@H](C)[C@@H](O[C@H]3C[C@@](C)(O)[C@@H](O)[C@H](C)O3)[C@H](N(C)C)[C@H]2O)[C@@H](CCNC(C)C(=O)NC(C)C(=O)O)C[C@@H](C)C(=O)/C=C/C(C)=C/[C@@H]1CO[C@@H]1O[C@H](C)[C@@H](O)[C@@H](OC)[C@H]1OC,CC[C@H]1OC(=O)C[C@@H](O)[C@H](C)[C@@H](O[C@@H]2O[C@H](C)[C@@H](O[C@H]3C[C@@](C)(O)[C@@H](O)[C@H](C)O3)[C@H](N(C)C)[C@H]2O)[C@@H](CCNC(C)C(=O)NC(C)C(=O)O)C[C@@H](C)C(=O)/C=C/C(C)=C/[C@@H]1CO[C@@H]1O[C@H](C)[C@@H](O)[C@@H](OC)[C@H]1OC,1060.286,74,success,,outputs/mpmdb_seed_macrolide_reductive_amination/images/tylosin/tylosin_seed_amine_0012_MPM01359.png,-0.4623,-0.462260657,-1.0064960718154907,-1.5848493576049805,-0.5332981944084167,39,17,22,1
tylosin_seed_amine_0013,Tylosin (Ì©ÀÖ¾úËØ),CC[C@@H]1[C@H](/C=C(/C=C/C(=O)[C@@H](C[C@@H]([C@@H]([C@H]([C@@H](CC(=O)O1)O)C)O[C@H]2[C@@H]([C@H]([C@@H]([C@H](O2)C)O[C@H]3C[C@@]([C@H]([C@@H](O3)C)O)(C)O)N(C)C)O)CC=O)C)\C)CO[C@H]4[C@@H]([C@@H]([C@@H]([C@H](O4)C)O)OC)OC,MPM00439,Ala-Asp,CC(N)C(=O)NC(CC(=O)O)C(=O)O,1,[*:1][CX3H1:2]=[OX1].[NX3;H2:4][CX4;!a:5]>>[*:1][CH2:2][NH:4][CX4;!a:5],"[46,47]","[2,1]","[1,2]",CC[C@H]1OC(=O)C[C@@H](O)[C@H](C)[C@@H](O[C@@H]2O[C@H](C)[C@@H](O[C@H]3C[C@@](C)(O)[C@@H](O)[C@H](C)O3)[C@H](N(C)C)[C@H]2O)[C@@H](CCNC(C)C(=O)NC(CC(=O)O)C(=O)O)C[C@@H](C)C(=O)/C=C/C(C)=C/[C@@H]1CO[C@@H]1O[C@H](C)[C@@H](O)[C@@H](OC)[C@H]1OC,CC[C@H]1OC(=O)C[C@@H](O)[C@H](C)[C@@H](O[C@@H]2O[C@H](C)[C@@H](O[C@H]3C[C@@](C)(O)[C@@H](O)[C@H](C)O3)[C@H](N(C)C)[C@H]2O)[C@@H](CCNC(C)C(=O)NC(CC(=O)O)C(=O)O)C[C@@H](C)C(=O)/C=C/C(C)=C/[C@@H]1CO[C@@H]1O[C@H](C)[C@@H](O)[C@@H](OC)[C@H]1OC,1104.295,77,success,,outputs/mpmdb_seed_macrolide_reductive_amination/images/tylosin/tylosin_seed_amine_0013_MPM00439.png,-0.4354,-0.43535307,-1.4210165739059448,-2.1054182052612305,-0.8610512614250183,38,16,22,1
tylosin_seed_amine_0014,Tylosin (Ì©ÀÖ¾úËØ),CC[C@@H]1[C@H](/C=C(/C=C/C(=O)[C@@H](C[C@@H]([C@@H]([C@H]([C@@H](CC(=O)O1)O)C)O[C@H]2[C@@H]([C@H]([C@@H]([C@H](O2)C)O[C@H]3C[C@@]([C@H]([C@@H](O3)C)O)(C)O)N(C)C)O)CC=O)C)\C)CO[C@H]4[C@@H]([C@@H]([C@@H]([C@H](O4)C)O)OC)OC,MPM00735,L-Alanyl-L-glutamate,CC(N)C(=O)NC(CCC(=O)O)C(=O)O,1,[*:1][CX3H1:2]=[OX1].[NX3;H2:4][CX4;!a:5]>>[*:1][CH2:2][NH:4][CX4;!a:5],"[46,47]","[2,1]","[1,2]",CC[C@H]1OC(=O)C[C@@H](O)[C@H](C)[C@@H](O[C@@H]2O[C@H](C)[C@@H](O[C@H]3C[C@@](C)(O)[C@@H](O)[C@H](C)O3)[C@H](N(C)C)[C@H]2O)[C@@H](CCNC(C)C(=O)NC(CCC(=O)O)C(=O)O)C[C@@H](C)C(=O)/C=C/C(C)=C/[C@@H]1CO[C@@H]1O[C@H](C)[C@@H](O)[C@@H](OC)[C@H]1OC,CC[C@H]1OC(=O)C[C@@H](O)[C@H](C)[C@@H](O[C@@H]2O[C@H](C)[C@@H](O[C@H]3C[C@@](C)(O)[C@@H](O)[C@H](C)O3)[C@H](N(C)C)[C@H]2O)[C@@H](CCNC(C)C(=O)NC(CCC(=O)O)C(=O)O)C[C@@H](C)C(=O)/C=C/C(C)=C/[C@@H]1CO[C@@H]1O[C@H](C)[C@@H](O)[C@@H](OC)[C@H]1OC,1118.322,78,success,,outputs/mpmdb_seed_macrolide_reductive_amination/images/tylosin/tylosin_seed_amine_0014_MPM00735.png,-0.4401,-0.44010129,-1.080686092376709,-1.649487018585205,-0.6153033375740051,40,18,22,1
tylosin_seed_amine_0015,Tylosin (Ì©ÀÖ¾úËØ),CC[C@@H]1[C@H](/C=C(/C=C/C(=O)[C@@H](C[C@@H]([C@@H]([C@H]([C@@H](CC(=O)O1)O)C)O[C@H]2[C@@H]([C@H]([C@@H]([C@H](O2)C)O[C@H]3C[C@@]([C@H]([C@@H](O3)C)O)(C)O)N(C)C)O)CC=O)C)\C)CO[C@H]4[C@@H]([C@@H]([C@@H]([C@H](O4)C)O)OC)OC,MPM00736,l-Alanyl-l-glutamine,CC(N)C(=O)NC(CCC(N)=O)C(=O)O,1,[*:1][CX3H1:2]=[OX1].[NX3;H2:4][CX4;!a:5]>>[*:1][CH2:2][NH:4][CX4;!a:5],"[46,47]","[2,1]","[1,2]",CC[C@H]1OC(=O)C[C@@H](O)[C@H](C)[C@@H](O[C@@H]2O[C@H](C)[C@@H](O[C@H]3C[C@@](C)(O)[C@@H](O)[C@H](C)O3)[C@H](N(C)C)[C@H]2O)[C@@H](CCNC(C)C(=O)NC(CCC(N)=O)C(=O)O)C[C@@H](C)C(=O)/C=C/C(C)=C/[C@@H]1CO[C@@H]1O[C@H](C)[C@@H](O)[C@@H](OC)[C@H]1OC,CC[C@H]1OC(=O)C[C@@H](O)[C@H](C)[C@@H](O[C@@H]2O[C@H](C)[C@@H](O[C@H]3C[C@@](C)(O)[C@@H](O)[C@H](C)O3)[C@H](N(C)C)[C@H]2O)[C@@H](CCNC(C)C(=O)NC(CCC(N)=O)C(=O)O)C[C@@H](C)C(=O)/C=C/C(C)=C/[C@@H]1CO[C@@H]1O[C@H](C)[C@@H](O)[C@@H](OC)[C@H]1OC,1117.338,78,success,,outputs/mpmdb_seed_macrolide_reductive_amination/images/tylosin/tylosin_seed_amine_0015_MPM00736.png,-0.4419,-0.44190247,-2.591958522796631,-3.5188608169555664,-1.8335838317871094,33,13,20,1
tylosin_seed_amine_0016,Tylosin (Ì©ÀÖ¾úËØ),CC[C@@H]1[C@H](/C=C(/C=C/C(=O)[C@@H](C[C@@H]([C@@H]([C@H]([C@@H](CC(=O)O1)O)C)O[C@H]2[C@@H]([C@H]([C@@H]([C@H](O2)C)O[C@H]3C[C@@]([C@H]([C@@H](O3)C)O)(C)O)N(C)C)O)CC=O)C)\C)CO[C@H]4[C@@H]([C@@H]([C@@H]([C@H](O4)C)O)OC)OC,MPM00440,Ala-His,CC(N)C(=O)NC(Cc1cnc[nH]1)C(=O)O,1,[*:1][CX3H1:2]=[OX1].[NX3;H2:4][CX4;!a:5]>>[*:1][CH2:2][NH:4][CX4;!a:5],"[46,47]","[2,1]","[1,2]",CC[C@H]1OC(=O)C[C@@H](O)[C@H](C)[C@@H](O[C@@H]2O[C@H](C)[C@@H](O[C@H]3C[C@@](C)(O)[C@@H](O)[C@H](C)O3)[C@H](N(C)C)[C@H]2O)[C@@H](CCNC(C)C(=O)NC(Cc2cnc[nH]2)C(=O)O)C[C@@H](C)C(=O)/C=C/C(C)=C/[C@@H]1CO[C@@H]1O[C@H](C)[C@@H](O)[C@@H](OC)[C@H]1OC,CC[C@H]1OC(=O)C[C@@H](O)[C@H](C)[C@@H](O[C@@H]2O[C@H](C)[C@@H](O[C@H]3C[C@@](C)(O)[C@@H](O)[C@H](C)O3)[C@H](N(C)C)[C@H]2O)[C@@H](CCNC(C)C(=O)NC(Cc2cnc[nH]2)C(=O)O)C[C@@H](C)C(=O)/C=C/C(C)=C/[C@@H]1CO[C@@H]1O[C@H](C)[C@@H](O)[C@@H](OC)[C@H]1OC,1126.349,79,success,,outputs/mpmdb_seed_macrolide_reductive_amination/images/tylosin/tylosin_seed_amine_0016_MPM00440.png,-0.7667,-0.766721134,-1.1694215536117554,-1.7760051488876343,-0.6731259226799011,39,17,22,1
tylosin_seed_amine_0017,Tylosin (Ì©ÀÖ¾úËØ),CC[C@@H]1[C@H](/C=C(/C=C/C(=O)[C@@H](C[C@@H]([C@@H]([C@H]([C@@H](CC(=O)O1)O)C)O[C@H]2[C@@H]([C@H]([C@@H]([C@H](O2)C)O[C@H]3C[C@@]([C@H]([C@@H](O3)C)O)(C)O)N(C)C)O)CC=O)C)\C)CO[C@H]4[C@@H]([C@@H]([C@@H]([C@H](O4)C)O)OC)OC,MPM00441,Alanylglycine,CC(N)C(=O)NCC(=O)O,1,[*:1][CX3H1:2]=[OX1].[NX3;H2:4][CX4;!a:5]>>[*:1][CH2:2][NH:4][CX4;!a:5],"[46,47]","[2,1]","[1,2]",CC[C@H]1OC(=O)C[C@@H](O)[C@H](C)[C@@H](O[C@@H]2O[C@H](C)[C@@H](O[C@H]3C[C@@](C)(O)[C@@H](O)[C@H](C)O3)[C@H](N(C)C)[C@H]2O)[C@@H](CCNC(C)C(=O)NCC(=O)O)C[C@@H](C)C(=O)/C=C/C(C)=C/[C@@H]1CO[C@@H]1O[C@H](C)[C@@H](O)[C@@H](OC)[C@H]1OC,CC[C@H]1OC(=O)C[C@@H](O)[C@H](C)[C@@H](O[C@@H]2O[C@H](C)[C@@H](O[C@H]3C[C@@](C)(O)[C@@H](O)[C@H](C)O3)[C@H](N(C)C)[C@H]2O)[C@@H](CCNC(C)C(=O)NCC(=O)O)C[C@@H](C)C(=O)/C=C/C(C)=C/[C@@H]1CO[C@@H]1O[C@H](C)[C@@H](O)[C@@H](OC)[C@H]1OC,1046.259,73,success,,outputs/mpmdb_seed_macrolide_reductive_amination/images/tylosin/tylosin_seed_amine_0017_MPM00441.png,-0.2732,-0.273239564,-1.4334132671356201,-2.103173017501831,-0.8854278922080994,38,16,22,1
tylosin_seed_amine_0018,Tylosin (Ì©ÀÖ¾úËØ),CC[C@@H]1[C@H](/C=C(/C=C/C(=O)[C@@H](C[C@@H]([C@@H]([C@H]([C@@H](CC(=O)O1)O)C)O[C@H]2[C@@H]([C@H]([C@@H]([C@H](O2)C)O[C@H]3C[C@@]([C@H]([C@@H](O3)C)O)(C)O)N(C)C)O)CC=O)C)\C)CO[C@H]4[C@@H]([C@@H]([C@@H]([C@H](O4)C)O)OC)OC,MPM01358,D-Ala,CC(N)C(=O)O,1,[*:1][CX3H1:2]=[OX1].[NX3;H2:4][CX4;!a:5]>>[*:1][CH2:2][NH:4][CX4;!a:5],"[46,47]","[2,1]","[1,2]",CC[C@H]1OC(=O)C[C@@H](O)[C@H](C)[C@@H](O[C@@H]2O[C@H](C)[C@@H](O[C@H]3C[C@@](C)(O)[C@@H](O)[C@H](C)O3)[C@H](N(C)C)[C@H]2O)[C@@H](CCNC(C)C(=O)O)C[C@@H](C)C(=O)/C=C/C(C)=C/[C@@H]1CO[C@@H]1O[C@H](C)[C@@H](O)[C@@H](OC)[C@H]1OC,CC[C@H]1OC(=O)C[C@@H](O)[C@H](C)[C@@H](O[C@@H]2O[C@H](C)[C@@H](O[C@H]3C[C@@](C)(O)[C@@H](O)[C@H](C)O3)[C@H](N(C)C)[C@H]2O)[C@@H](CCNC(C)C(=O)O)C[C@@H](C)C(=O)/C=C/C(C)=C/[C@@H]1CO[C@@H]1O[C@H](C)[C@@H](O)[C@@H](OC)[C@H]1OC,989.207,69,success,,outputs/mpmdb_seed_macrolide_reductive_amination/images/tylosin/tylosin_seed_amine_0018_MPM01358.png,-0.2996,-0.299566637,-1.7605736255645752,-2.4174060821533203,-1.2231653928756714,36,15,21,1
tylosin_seed_amine_0019,Tylosin (Ì©ÀÖ¾úËØ),CC[C@@H]1[C@H](/C=C(/C=C/C(=O)[C@@H](C[C@@H]([C@@H]([C@H]([C@@H](CC(=O)O1)O)C)O[C@H]2[C@@H]([C@H]([C@@H]([C@H](O2)C)O[C@H]3C[C@@]([C@H]([C@@H](O3)C)O)(C)O)N(C)C)O)CC=O)C)\C)CO[C@H]4[C@@H]([C@@H]([C@@H]([C@H](O4)C)O)OC)OC,MPM00548,DAPA,CC(N)C(N)CCCCCC(=O)O,2,[*:1][CX3H1:2]=[OX1].[NX3;H2:4][CX4;!a:5]>>[*:1][CH2:2][NH:4][CX4;!a:5],"[46,47]","[2,1]","[1,2]",CC[C@H]1OC(=O)C[C@@H](O)[C@H](C)[C@@H](O[C@@H]2O[C@H](C)[C@@H](O[C@H]3C[C@@](C)(O)[C@@H](O)[C@H](C)O3)[C@H](N(C)C)[C@H]2O)[C@@H](CCNC(C)C(N)CCCCCC(=O)O)C[C@@H](C)C(=O)/C=C/C(C)=C/[C@@H]1CO[C@@H]1O[C@H](C)[C@@H](O)[C@@H](OC)[C@H]1OC,CC[C@H]1OC(=O)C[C@@H](O)[C@H](C)[C@@H](O[C@@H]2O[C@H](C)[C@@H](O[C@H]3C[C@@](C)(O)[C@@H](O)[C@H](C)O3)[C@H](N(C)C)[C@H]2O)[C@@H](CCNC(C)C(N)CCCCCC(=O)O)C[C@@H](C)C(=O)/C=C/C(C)=C/[C@@H]1CO[C@@H]1O[C@H](C)[C@@H](O)[C@@H](OC)[C@H]1OC,1088.384,76,success,multi_primary_amine_seed; enumerated_site,outputs/mpmdb_seed_macrolide_reductive_amination/images/tylosin/tylosin_seed_amine_0019_MPM00548.png,-0.8399,-0.839860311,-2.3681113719940186,-3.253275156021118,-1.643886685371399,36,15,21,1
tylosin_seed_amine_0020,Tylosin (Ì©ÀÖ¾úËØ),CC[C@@H]1[C@H](/C=C(/C=C/C(=O)[C@@H](C[C@@H]([C@@H]([C@H]([C@@H](CC(=O)O1)O)C)O[C@H]2[C@@H]([C@H]([C@@H]([C@H](O2)C)O[C@H]3C[C@@]([C@H]([C@@H](O3)C)O)(C)O)N(C)C)O)CC=O)C)\C)CO[C@H]4[C@@H]([C@@H]([C@@H]([C@H](O4)C)O)OC)OC,MPM00548,DAPA,CC(N)C(N)CCCCCC(=O)O,2,[*:1][CX3H1:2]=[OX1].[NX3;H2:4][CX4;!a:5]>>[*:1][CH2:2][NH:4][CX4;!a:5],"[46,47]","[4,3]","[1,2]",CC[C@H]1OC(=O)C[C@@H](O)[C@H](C)[C@@H](O[C@@H]2O[C@H](C)[C@@H](O[C@H]3C[C@@](C)(O)[C@@H](O)[C@H](C)O3)[C@H](N(C)C)[C@H]2O)[C@@H](CCNC(CCCCCC(=O)O)C(C)N)C[C@@H](C)C(=O)/C=C/C(C)=C/[C@@H]1CO[C@@H]1O[C@H](C)[C@@H](O)[C@@H](OC)[C@H]1OC,CC[C@H]1OC(=O)C[C@@H](O)[C@H](C)[C@@H](O[C@@H]2O[C@H](C)[C@@H](O[C@H]3C[C@@](C)(O)[C@@H](O)[C@H](C)O3)[C@H](N(C)C)[C@H]2O)[C@@H](CCNC(CCCCCC(=O)O)C(C)N)C[C@@H](C)C(=O)/C=C/C(C)=C/[C@@H]1CO[C@@H]1O[C@H](C)[C@@H](O)[C@@H](OC)[C@H]1OC,1088.384,76,success,multi_primary_amine_seed; enumerated_site,outputs/mpmdb_seed_macrolide_reductive_amination/images/tylosin/tylosin_seed_amine_0020_MPM00548.png,-0.8316,-0.831631062,-2.3741295337677,-3.2612698078155518,-1.648287057876587,36,15,21,1
tylosin_seed_amine_0021,Tylosin (Ì©ÀÖ¾úËØ),CC[C@@H]1[C@H](/C=C(/C=C/C(=O)[C@@H](C[C@@H]([C@@H]([C@H]([C@@H](CC(=O)O1)O)C)O[C@H]2[C@@H]([C@H]([C@@H]([C@H](O2)C)O[C@H]3C[C@@]([C@H]([C@@H](O3)C)O)(C)O)N(C)C)O)CC=O)C)\C)CO[C@H]4[C@@H]([C@@H]([C@@H]([C@H](O4)C)O)OC)OC,MPM00031,"(2R,4S)-2,4-diaminopentanoic acid",CC(N)CC(N)C(=O)O,2,[*:1][CX3H1:2]=[OX1].[NX3;H2:4][CX4;!a:5]>>[*:1][CH2:2][NH:4][CX4;!a:5],"[46,47]","[2,1]","[1,2]",CC[C@H]1OC(=O)C[C@@H](O)[C@H](C)[C@@H](O[C@@H]2O[C@H](C)[C@@H](O[C@H]3C[C@@](C)(O)[C@@H](O)[C@H](C)O3)[C@H](N(C)C)[C@H]2O)[C@@H](CCNC(C)CC(N)C(=O)O)C[C@@H](C)C(=O)/C=C/C(C)=C/[C@@H]1CO[C@@H]1O[C@H](C)[C@@H](O)[C@@H](OC)[C@H]1OC,CC[C@H]1OC(=O)C[C@@H](O)[C@H](C)[C@@H](O[C@@H]2O[C@H](C)[C@@H](O[C@H]3C[C@@](C)(O)[C@@H](O)[C@H](C)O3)[C@H](N(C)C)[C@H]2O)[C@@H](CCNC(C)CC(N)C(=O)O)C[C@@H](C)C(=O)/C=C/C(C)=C/[C@@H]1CO[C@@H]1O[C@H](C)[C@@H](O)[C@@H](OC)[C@H]1OC,1032.276,72,success,multi_primary_amine_seed; enumerated_site,outputs/mpmdb_seed_macrolide_reductive_amination/images/tylosin/tylosin_seed_amine_0021_MPM00031.png,-0.3757,-0.375745822,-2.1992897987365723,-2.916037082672119,-1.6128602027893066,37,16,21,1
tylosin_seed_amine_0022,Tylosin (Ì©ÀÖ¾úËØ),CC[C@@H]1[C@H](/C=C(/C=C/C(=O)[C@@H](C[C@@H]([C@@H]([C@H]([C@@H](CC(=O)O1)O)C)O[C@H]2[C@@H]([C@H]([C@@H]([C@H](O2)C)O[C@H]3C[C@@]([C@H]([C@@H](O3)C)O)(C)O)N(C)C)O)CC=O)C)\C)CO[C@H]4[C@@H]([C@@H]([C@@H]([C@H](O4)C)O)OC)OC,MPM00031,"(2R,4S)-2,4-diaminopentanoic acid",CC(N)CC(N)C(=O)O,2,[*:1][CX3H1:2]=[OX1].[NX3;H2:4][CX4;!a:5]>>[*:1][CH2:2][NH:4][CX4;!a:5],"[46,47]","[5,4]","[1,2]",CC[C@H]1OC(=O)C[C@@H](O)[C@H](C)[C@@H](O[C@@H]2O[C@H](C)[C@@H](O[C@H]3C[C@@](C)(O)[C@@H](O)[C@H](C)O3)[C@H](N(C)C)[C@H]2O)[C@@H](CCNC(CC(C)N)C(=O)O)C[C@@H](C)C(=O)/C=C/C(C)=C/[C@@H]1CO[C@@H]1O[C@H](C)[C@@H](O)[C@@H](OC)[C@H]1OC,CC[C@H]1OC(=O)C[C@@H](O)[C@H](C)[C@@H](O[C@@H]2O[C@H](C)[C@@H](O[C@H]3C[C@@](C)(O)[C@@H](O)[C@H](C)O3)[C@H](N(C)C)[C@H]2O)[C@@H](CCNC(CC(C)N)C(=O)O)C[C@@H](C)C(=O)/C=C/C(C)=C/[C@@H]1CO[C@@H]1O[C@H](C)[C@@H](O)[C@@H](OC)[C@H]1OC,1032.276,72,success,multi_primary_amine_seed; enumerated_site,outputs/mpmdb_seed_macrolide_reductive_amination/images/tylosin/tylosin_seed_amine_0022_MPM00031.png,-0.3792,-0.379160278,-2.205897569656372,-2.9905169010162354,-1.5639358758926392,36,15,21,1
tylosin_seed_amine_0023,Tylosin (Ì©ÀÖ¾úËØ),CC[C@@H]1[C@H](/C=C(/C=C/C(=O)[C@@H](C[C@@H]([C@@H]([C@H]([C@@H](CC(=O)O1)O)C)O[C@H]2[C@@H]([C@H]([C@@H]([C@H](O2)C)O[C@H]3C[C@@]([C@H]([C@@H](O3)C)O)(C)O)N(C)C)O)CC=O)C)\C)CO[C@H]4[C@@H]([C@@H]([C@@H]([C@H](O4)C)O)OC)OC,MPM00051,"(3S,5S)-3,5-diaminohexanoic acid",CC(N)CC(N)CC(=O)O,2,[*:1][CX3H1:2]=[OX1].[NX3;H2:4][CX4;!a:5]>>[*:1][CH2:2][NH:4][CX4;!a:5],"[46,47]","[2,1]","[1,2]",CC[C@H]1OC(=O)C[C@@H](O)[C@H](C)[C@@H](O[C@@H]2O[C@H](C)[C@@H](O[C@H]3C[C@@](C)(O)[C@@H](O)[C@H](C)O3)[C@H](N(C)C)[C@H]2O)[C@@H](CCNC(C)CC(N)CC(=O)O)C[C@@H](C)C(=O)/C=C/C(C)=C/[C@@H]1CO[C@@H]1O[C@H](C)[C@@H](O)[C@@H](OC)[C@H]1OC,CC[C@H]1OC(=O)C[C@@H](O)[C@H](C)[C@@H](O[C@@H]2O[C@H](C)[C@@H](O[C@H]3C[C@@](C)(O)[C@@H](O)[C@H](C)O3)[C@H](N(C)C)[C@H]2O)[C@@H](CCNC(C)CC(N)CC(=O)O)C[C@@H](C)C(=O)/C=C/C(C)=C/[C@@H]1CO[C@@H]1O[C@H](C)[C@@H](O)[C@@H](OC)[C@H]1OC,1046.303,73,success,multi_primary_amine_seed; enumerated_site,outputs/mpmdb_seed_macrolide_reductive_amination/images/tylosin/tylosin_seed_amine_0023_MPM00051.png,-0.6439,-0.643876006,-2.223992109298706,-3.0914318561553955,-1.5142689943313599,36,15,21,1
tylosin_seed_amine_0024,Tylosin (Ì©ÀÖ¾úËØ),CC[C@@H]1[C@H](/C=C(/C=C/C(=O)[C@@H](C[C@@H]([C@@H]([C@H]([C@@H](CC(=O)O1)O)C)O[C@H]2[C@@H]([C@H]([C@@H]([C@H](O2)C)O[C@H]3C[C@@]([C@H]([C@@H](O3)C)O)(C)O)N(C)C)O)CC=O)C)\C)CO[C@H]4[C@@H]([C@@H]([C@@H]([C@H](O4)C)O)OC)OC,MPM00051,"(3S,5S)-3,5-diaminohexanoic acid",CC(N)CC(N)CC(=O)O,2,[*:1][CX3H1:2]=[OX1].[NX3;H2:4][CX4;!a:5]>>[*:1][CH2:2][NH:4][CX4;!a:5],"[46,47]","[5,4]","[1,2]",CC[C@H]1OC(=O)C[C@@H](O)[C@H](C)[C@@H](O[C@@H]2O[C@H](C)[C@@H](O[C@H]3C[C@@](C)(O)[C@@H](O)[C@H](C)O3)[C@H](N(C)C)[C@H]2O)[C@@H](CCNC(CC(=O)O)CC(C)N)C[C@@H](C)C(=O)/C=C/C(C)=C/[C@@H]1CO[C@@H]1O[C@H](C)[C@@H](O)[C@@H](OC)[C@H]1OC,CC[C@H]1OC(=O)C[C@@H](O)[C@H](C)[C@@H](O[C@@H]2O[C@H](C)[C@@H](O[C@H]3C[C@@](C)(O)[C@@H](O)[C@H](C)O3)[C@H](N(C)C)[C@H]2O)[C@@H](CCNC(CC(=O)O)CC(C)N)C[C@@H](C)C(=O)/C=C/C(C)=C/[C@@H]1CO[C@@H]1O[C@H](C)[C@@H](O)[C@@H](OC)[C@H]1OC,1046.303,73,success,multi_primary_amine_seed; enumerated_site,outputs/mpmdb_seed_macrolide_reductive_amination/images/tylosin/tylosin_seed_amine_0024_MPM00051.png,-0.6414,-0.641396132,-2.2150931358337402,-3.0705642700195312,-1.5151625871658325,36,15,21,1
tylosin_seed_amine_0025,Tylosin (Ì©ÀÖ¾úËØ),CC[C@@H]1[C@H](/C=C(/C=C/C(=O)[C@@H](C[C@@H]([C@@H]([C@H]([C@@H](CC(=O)O1)O)C)O[C@H]2[C@@H]([C@H]([C@@H]([C@H](O2)C)O[C@H]3C[C@@]([C@H]([C@@H](O3)C)O)(C)O)N(C)C)O)CC=O)C)\C)CO[C@H]4[C@@H]([C@@H]([C@@H]([C@H](O4)C)O)OC)OC,MPM00937,S-D-Lactoylglutathione,CC(O)C(=O)SCC(NC(=O)CCC(N)C(=O)O)C(=O)NCC(=O)O,1,[*:1][CX3H1:2]=[OX1].[NX3;H2:4][CX4;!a:5]>>[*:1][CH2:2][NH:4][CX4;!a:5],"[46,47]","[14,13]","[1,2]",CC[C@H]1OC(=O)C[C@@H](O)[C@H](C)[C@@H](O[C@@H]2O[C@H](C)[C@@H](O[C@H]3C[C@@](C)(O)[C@@H](O)[C@H](C)O3)[C@H](N(C)C)[C@H]2O)[C@@H](CCNC(CCC(=O)NC(CSC(=O)C(C)O)C(=O)NCC(=O)O)C(=O)O)C[C@@H](C)C(=O)/C=C/C(C)=C/[C@@H]1CO[C@@H]1O[C@H](C)[C@@H](O)[C@@H](OC)[C@H]1OC,CC[C@H]1OC(=O)C[C@@H](O)[C@H](C)[C@@H](O[C@@H]2O[C@H](C)[C@@H](O[C@H]3C[C@@](C)(O)[C@@H](O)[C@H](C)O3)[C@H](N(C)C)[C@H]2O)[C@@H](CCNC(CCC(=O)NC(CSC(=O)C(C)O)C(=O)NCC(=O)O)C(=O)O)C[C@@H](C)C(=O)/C=C/C(C)=C/[C@@H]1CO[C@@H]1O[C@H](C)[C@@H](O)[C@@H](OC)[C@H]1OC,1279.504,88,success,,outputs/mpmdb_seed_macrolide_reductive_amination/images/tylosin/tylosin_seed_amine_0025_MPM00937.png,-1.3097,-1.309657212,-1.0417131185531616,-1.558480978012085,-0.6189032196998596,39,17,22,1
tylosin_seed_amine_0026,Tylosin (Ì©ÀÖ¾úËØ),CC[C@@H]1[C@H](/C=C(/C=C/C(=O)[C@@H](C[C@@H]([C@@H]([C@H]([C@@H](CC(=O)O1)O)C)O[C@H]2[C@@H]([C@H]([C@@H]([C@H](O2)C)O[C@H]3C[C@@]([C@H]([C@@H](O3)C)O)(C)O)N(C)C)O)CC=O)C)\C)CO[C@H]4[C@@H]([C@@H]([C@@H]([C@H](O4)C)O)OC)OC,MPM01136,2-Amino-3-hydroxybutyric acid,CC(O)C(N)C(=O)O,1,[*:1][CX3H1:2]=[OX1].[NX3;H2:4][CX4;!a:5]>>[*:1][CH2:2][NH:4][CX4;!a:5],"[46,47]","[4,3]","[1,2]",CC[C@H]1OC(=O)C[C@@H](O)[C@H](C)[C@@H](O[C@@H]2O[C@H](C)[C@@H](O[C@H]3C[C@@](C)(O)[C@@H](O)[C@H](C)O3)[C@H](N(C)C)[C@H]2O)[C@@H](CCNC(C(=O)O)C(C)O)C[C@@H](C)C(=O)/C=C/C(C)=C/[C@@H]1CO[C@@H]1O[C@H](C)[C@@H](O)[C@@H](OC)[C@H]1OC,CC[C@H]1OC(=O)C[C@@H](O)[C@H](C)[C@@H](O[C@@H]2O[C@H](C)[C@@H](O[C@H]3C[C@@](C)(O)[C@@H](O)[C@H](C)O3)[C@H](N(C)C)[C@H]2O)[C@@H](CCNC(C(=O)O)C(C)O)C[C@@H](C)C(=O)/C=C/C(C)=C/[C@@H]1CO[C@@H]1O[C@H](C)[C@@H](O)[C@@H](OC)[C@H]1OC,1019.233,71,success,,outputs/mpmdb_seed_macrolide_reductive_amination/images/tylosin/tylosin_seed_amine_0026_MPM01136.png,-0.4999,-0.49994217,-1.806717038154602,-2.4676454067230225,-1.2659574747085571,36,15,21,1
tylosin_seed_amine_0027,Tylosin (Ì©ÀÖ¾úËØ),CC[C@@H]1[C@H](/C=C(/C=C/C(=O)[C@@H](C[C@@H]([C@@H]([C@H]([C@@H](CC(=O)O1)O)C)O[C@H]2[C@@H]([C@H]([C@@H]([C@H](O2)C)O[C@H]3C[C@@]([C@H]([C@@H](O3)C)O)(C)O)N(C)C)O)CC=O)C)\C)CO[C@H]4[C@@H]([C@@H]([C@@H]([C@H](O4)C)O)OC)OC,MPM00070,(R)-1-Amino-2-propanol,CC(O)CN,1,[*:1][CX3H1:2]=[OX1].[NX3;H2:4][CX4;!a:5]>>[*:1][CH2:2][NH:4][CX4;!a:5],"[46,47]","[4,3]","[1,2]",CC[C@H]1OC(=O)C[C@@H](O)[C@H](C)[C@@H](O[C@@H]2O[C@H](C)[C@@H](O[C@H]3C[C@@](C)(O)[C@@H](O)[C@H](C)O3)[C@H](N(C)C)[C@H]2O)[C@@H](CCNCC(C)O)C[C@@H](C)C(=O)/C=C/C(C)=C/[C@@H]1CO[C@@H]1O[C@H](C)[C@@H](O)[C@@H](OC)[C@H]1OC,CC[C@H]1OC(=O)C[C@@H](O)[C@H](C)[C@@H](O[C@@H]2O[C@H](C)[C@@H](O[C@H]3C[C@@](C)(O)[C@@H](O)[C@H](C)O3)[C@H](N(C)C)[C@H]2O)[C@@H](CCNCC(C)O)C[C@@H](C)C(=O)/C=C/C(C)=C/[C@@H]1CO[C@@H]1O[C@H](C)[C@@H](O)[C@@H](OC)[C@H]1OC,975.224,68,success,,outputs/mpmdb_seed_macrolide_reductive_amination/images/tylosin/tylosin_seed_amine_0027_MPM00070.png,-0.5074,-0.507387284,-1.7174961566925049,-2.5637545585632324,-1.025103211402893,36,15,21,1
tylosin_seed_amine_0028,Tylosin (Ì©ÀÖ¾úËØ),CC[C@@H]1[C@H](/C=C(/C=C/C(=O)[C@@H](C[C@@H]([C@@H]([C@H]([C@@H](CC(=O)O1)O)C)O[C@H]2[C@@H]([C@H]([C@@H]([C@H](O2)C)O[C@H]3C[C@@]([C@H]([C@@H](O3)C)O)(C)O)N(C)C)O)CC=O)C)\C)CO[C@H]4[C@@H]([C@@H]([C@@H]([C@H](O4)C)O)OC)OC,MPM00843,O-Phospho-L-threonine,CC(OP(=O)(O)O)C(N)C(=O)O,1,[*:1][CX3H1:2]=[OX1].[NX3;H2:4][CX4;!a:5]>>[*:1][CH2:2][NH:4][CX4;!a:5],"[46,47]","[8,7]","[1,2]",CC[C@H]1OC(=O)C[C@@H](O)[C@H](C)[C@@H](O[C@@H]2O[C@H](C)[C@@H](O[C@H]3C[C@@](C)(O)[C@@H](O)[C@H](C)O3)[C@H](N(C)C)[C@H]2O)[C@@H](CCNC(C(=O)O)C(C)OP(=O)(O)O)C[C@@H](C)C(=O)/C=C/C(C)=C/[C@@H]1CO[C@@H]1O[C@H](C)[C@@H](O)[C@@H](OC)[C@H]1OC,CC[C@H]1OC(=O)C[C@@H](O)[C@H](C)[C@@H](O[C@@H]2O[C@H](C)[C@@H](O[C@H]3C[C@@](C)(O)[C@@H](O)[C@H](C)O3)[C@H](N(C)C)[C@H]2O)[C@@H](CCNC(C(=O)O)C(C)OP(=O)(O)O)C[C@@H](C)C(=O)/C=C/C(C)=C/[C@@H]1CO[C@@H]1O[C@H](C)[C@@H](O)[C@@H](OC)[C@H]1OC,1099.212,75,success,,outputs/mpmdb_seed_macrolide_reductive_amination/images/tylosin/tylosin_seed_amine_0028_MPM00843.png,-0.8505,-0.850464757,-1.517768144607544,-2.119746685028076,-1.0252403020858765,37,15,22,1
tylosin_seed_amine_0029,Tylosin (Ì©ÀÖ¾úËØ),CC[C@@H]1[C@H](/C=C(/C=C/C(=O)[C@@H](C[C@@H]([C@@H]([C@H]([C@@H](CC(=O)O1)O)C)O[C@H]2[C@@H]([C@H]([C@@H]([C@H](O2)C)O[C@H]3C[C@@]([C@H]([C@@H](O3)C)O)(C)O)N(C)C)O)CC=O)C)\C)CO[C@H]4[C@@H]([C@@H]([C@@H]([C@H](O4)C)O)OC)OC,MPM00465,Ampicillin,CC1(C)SC2C(NC(=O)C(N)c3ccccc3)C(=O)N2C1C(=O)O,1,[*:1][CX3H1:2]=[OX1].[NX3;H2:4][CX4;!a:5]>>[*:1][CH2:2][NH:4][CX4;!a:5],"[46,47]","[10,9]","[1,2]",CC[C@H]1OC(=O)C[C@@H](O)[C@H](C)[C@@H](O[C@@H]2O[C@H](C)[C@@H](O[C@H]3C[C@@](C)(O)[C@@H](O)[C@H](C)O3)[C@H](N(C)C)[C@H]2O)[C@@H](CCNC(C(=O)NC2C(=O)N3C2SC(C)(C)C3C(=O)O)c2ccccc2)C[C@@H](C)C(=O)/C=C/C(C)=C/[C@@H]1CO[C@@H]1O[C@H](C)[C@@H](O)[C@@H](OC)[C@H]1OC,CC[C@H]1OC(=O)C[C@@H](O)[C@H](C)[C@@H](O[C@@H]2O[C@H](C)[C@@H](O[C@H]3C[C@@](C)(O)[C@@H](O)[C@H](C)O3)[C@H](N(C)C)[C@H]2O)[C@@H](CCNC(C(=O)NC2C(=O)N3C2SC(C)(C)C3C(=O)O)c2ccccc2)C[C@@H](C)C(=O)/C=C/C(C)=C/[C@@H]1CO[C@@H]1O[C@H](C)[C@@H](O)[C@@H](OC)[C@H]1OC,1249.525,87,success,,outputs/mpmdb_seed_macrolide_reductive_amination/images/tylosin/tylosin_seed_amine_0029_MPM00465.png,-1.7751,-1.77514132,-0.6891945004463196,-1.1467381715774536,-0.314840704202652,40,18,22,1
tylosin_seed_amine_0030,Tylosin (Ì©ÀÖ¾úËØ),CC[C@@H]1[C@H](/C=C(/C=C/C(=O)[C@@H](C[C@@H]([C@@H]([C@H]([C@@H](CC(=O)O1)O)C)O[C@H]2[C@@H]([C@H]([C@@H]([C@H](O2)C)O[C@H]3C[C@@]([C@H]([C@@H](O3)C)O)(C)O)N(C)C)O)CC=O)C)\C)CO[C@H]4[C@@H]([C@@H]([C@@H]([C@H](O4)C)O)OC)OC,MPM01138,2-Amino-3-methylvaleric acid,CCC(C)C(N)C(=O)O,1,[*:1][CX3H1:2]=[OX1].[NX3;H2:4][CX4;!a:5]>>[*:1][CH2:2][NH:4][CX4;!a:5],"[46,47]","[5,4]","[1,2]",CCC(C)C(NCC[C@H]1C[C@@H](C)C(=O)/C=C/C(C)=C/[C@H](CO[C@@H]2O[C@H](C)[C@@H](O)[C@@H](OC)[C@H]2OC)[C@@H](CC)OC(=O)C[C@@H](O)[C@H](C)[C@H]1O[C@@H]1O[C@H](C)[C@@H](O[C@H]2C[C@@](C)(O)[C@@H](O)[C@H](C)O2)[C@H](N(C)C)[C@H]1O)C(=O)O,CCC(C)C(NCC[C@H]1C[C@@H](C)C(=O)/C=C/C(C)=C/[C@H](CO[C@@H]2O[C@H](C)[C@@H](O)[C@@H](OC)[C@H]2OC)[C@@H](CC)OC(=O)C[C@@H](O)[C@H](C)[C@H]1O[C@@H]1O[C@H](C)[C@@H](O[C@H]2C[C@@](C)(O)[C@@H](O)[C@H](C)O2)[C@H](N(C)C)[C@H]1O)C(=O)O,1031.288,72,success,,outputs/mpmdb_seed_macrolide_reductive_amination/images/tylosin/tylosin_seed_amine_0030_MPM01138.png,-0.7228,-0.722835766,-1.9588764905929565,-2.705051898956299,-1.3483697175979614,36,15,21,1
tylosin_seed_amine_0031,Tylosin (Ì©ÀÖ¾úËØ),CC[C@@H]1[C@H](/C=C(/C=C/C(=O)[C@@H](C[C@@H]([C@@H]([C@H]([C@@H](CC(=O)O1)O)C)O[C@H]2[C@@H]([C@H]([C@@H]([C@H](O2)C)O[C@H]3C[C@@]([C@H]([C@@H](O3)C)O)(C)O)N(C)C)O)CC=O)C)\C)CO[C@H]4[C@@H]([C@@H]([C@@H]([C@H](O4)C)O)OC)OC,MPM01482,L-Methionine (R)-S-oxide,CS(=O)CCC(N)C(=O)O,1,[*:1][CX3H1:2]=[OX1].[NX3;H2:4][CX4;!a:5]>>[*:1][CH2:2][NH:4][CX4;!a:5],"[46,47]","[6,5]","[1,2]",CC[C@H]1OC(=O)C[C@@H](O)[C@H](C)[C@@H](O[C@@H]2O[C@H](C)[C@@H](O[C@H]3C[C@@](C)(O)[C@@H](O)[C@H](C)O3)[C@H](N(C)C)[C@H]2O)[C@@H](CCNC(CCS(C)=O)C(=O)O)C[C@@H](C)C(=O)/C=C/C(C)=C/[C@@H]1CO[C@@H]1O[C@H](C)[C@@H](O)[C@@H](OC)[C@H]1OC,CC[C@H]1OC(=O)C[C@@H](O)[C@H](C)[C@@H](O[C@@H]2O[C@H](C)[C@@H](O[C@H]3C[C@@](C)(O)[C@@H](O)[C@H](C)O3)[C@H](N(C)C)[C@H]2O)[C@@H](CCNC(CCS(C)=O)C(=O)O)C[C@@H](C)C(=O)/C=C/C(C)=C/[C@@H]1CO[C@@H]1O[C@H](C)[C@@H](O)[C@@H](OC)[C@H]1OC,1065.327,73,success,,outputs/mpmdb_seed_macrolide_reductive_amination/images/tylosin/tylosin_seed_amine_0031_MPM01482.png,-0.6755,-0.675504798,-1.041250467300415,-1.585739254951477,-0.5957597494125366,39,17,22,1
tylosin_seed_amine_0032,Tylosin (Ì©ÀÖ¾úËØ),CC[C@@H]1[C@H](/C=C(/C=C/C(=O)[C@@H](C[C@@H]([C@@H]([C@H]([C@@H](CC(=O)O1)O)C)O[C@H]2[C@@H]([C@H]([C@@H]([C@H](O2)C)O[C@H]3C[C@@]([C@H]([C@@H](O3)C)O)(C)O)N(C)C)O)CC=O)C)\C)CO[C@H]4[C@@H]([C@@H]([C@@H]([C@H](O4)C)O)OC)OC,MPM01356,D-2-Amino-4-(methylthio)butyric acid,CSCCC(N)C(=O)O,1,[*:1][CX3H1:2]=[OX1].[NX3;H2:4][CX4;!a:5]>>[*:1][CH2:2][NH:4][CX4;!a:5],"[46,47]","[5,4]","[1,2]",CC[C@H]1OC(=O)C[C@@H](O)[C@H](C)[C@@H](O[C@@H]2O[C@H](C)[C@@H](O[C@H]3C[C@@](C)(O)[C@@H](O)[C@H](C)O3)[C@H](N(C)C)[C@H]2O)[C@@H](CCNC(CCSC)C(=O)O)C[C@@H](C)C(=O)/C=C/C(C)=C/[C@@H]1CO[C@@H]1O[C@H](C)[C@@H](O)[C@@H](OC)[C@H]1OC,CC[C@H]1OC(=O)C[C@@H](O)[C@H](C)[C@@H](O[C@@H]2O[C@H](C)[C@@H](O[C@H]3C[C@@](C)(O)[C@@H](O)[C@H](C)O3)[C@H](N(C)C)[C@H]2O)[C@@H](CCNC(CCSC)C(=O)O)C[C@@H](C)C(=O)/C=C/C(C)=C/[C@@H]1CO[C@@H]1O[C@H](C)[C@@H](O)[C@@H](OC)[C@H]1OC,1049.328,72,success,,outputs/mpmdb_seed_macrolide_reductive_amination/images/tylosin/tylosin_seed_amine_0032_MPM01356.png,-0.877,-0.87695194,-1.8711153268814087,-2.5884792804718018,-1.2841808795928955,36,15,21,1
tylosin_seed_amine_0033,Tylosin (Ì©ÀÖ¾úËØ),CC[C@@H]1[C@H](/C=C(/C=C/C(=O)[C@@H](C[C@@H]([C@@H]([C@H]([C@@H](CC(=O)O1)O)C)O[C@H]2[C@@H]([C@H]([C@@H]([C@H](O2)C)O[C@H]3C[C@@]([C@H]([C@@H](O3)C)O)(C)O)N(C)C)O)CC=O)C)\C)CO[C@H]4[C@@H]([C@@H]([C@@H]([C@H](O4)C)O)OC)OC,MPM00678,Glycylmethionine,CSCCC(NC(=O)CN)C(=O)O,1,[*:1][CX3H1:2]=[OX1].[NX3;H2:4][CX4;!a:5]>>[*:1][CH2:2][NH:4][CX4;!a:5],"[46,47]","[9,8]","[1,2]",CC[C@H]1OC(=O)C[C@@H](O)[C@H](C)[C@@H](O[C@@H]2O[C@H](C)[C@@H](O[C@H]3C[C@@](C)(O)[C@@H](O)[C@H](C)O3)[C@H](N(C)C)[C@H]2O)[C@@H](CCNCC(=O)NC(CCSC)C(=O)O)C[C@@H](C)C(=O)/C=C/C(C)=C/[C@@H]1CO[C@@H]1O[C@H](C)[C@@H](O)[C@@H](OC)[C@H]1OC,CC[C@H]1OC(=O)C[C@@H](O)[C@H](C)[C@@H](O[C@@H]2O[C@H](C)[C@@H](O[C@H]3C[C@@](C)(O)[C@@H](O)[C@H](C)O3)[C@H](N(C)C)[C@H]2O)[C@@H](CCNCC(=O)NC(CCSC)C(=O)O)C[C@@H](C)C(=O)/C=C/C(C)=C/[C@@H]1CO[C@@H]1O[C@H](C)[C@@H](O)[C@@H](OC)[C@H]1OC,1106.38,76,success,,outputs/mpmdb_seed_macrolide_reductive_amination/images/tylosin/tylosin_seed_amine_0033_MPM00678.png,-0.6685,-0.668531948,-1.2219040393829346,-1.86371648311615,-0.6967846155166626,39,17,22,1
tylosin_seed_amine_0034,Tylosin (Ì©ÀÖ¾úËØ),CC[C@@H]1[C@H](/C=C(/C=C/C(=O)[C@@H](C[C@@H]([C@@H]([C@H]([C@@H](CC(=O)O1)O)C)O[C@H]2[C@@H]([C@H]([C@@H]([C@H](O2)C)O[C@H]3C[C@@]([C@H]([C@@H](O3)C)O)(C)O)N(C)C)O)CC=O)C)\C)CO[C@H]4[C@@H]([C@@H]([C@@H]([C@H](O4)C)O)OC)OC,MPM00935,SAM,C[S+](CCC(N)C(=O)[O-])CC1OC(n2cnc3c(N)ncnc32)C(O)C1O,1,[*:1][CX3H1:2]=[OX1].[NX3;H2:4][CX4;!a:5]>>[*:1][CH2:2][NH:4][CX4;!a:5],"[46,47]","[5,4]","[1,2]",CC[C@H]1OC(=O)C[C@@H](O)[C@H](C)[C@@H](O[C@@H]2O[C@H](C)[C@@H](O[C@H]3C[C@@](C)(O)[C@@H](O)[C@H](C)O3)[C@H](N(C)C)[C@H]2O)[C@@H](CCNC(CC[S+](C)CC2OC(n3cnc4c(N)ncnc43)C(O)C2O)C(=O)[O-])C[C@@H](C)C(=O)/C=C/C(C)=C/[C@@H]1CO[C@@H]1O[C@H](C)[C@@H](O)[C@@H](OC)[C@H]1OC,CC[C@H]1OC(=O)C[C@@H](O)[C@H](C)[C@@H](O[C@@H]2O[C@H](C)[C@@H](O[C@H]3C[C@@](C)(O)[C@@H](O)[C@H](C)O3)[C@H](N(C)C)[C@H]2O)[C@@H](CCNC(CC[S+](C)CC2OC(n3cnc4c(N)ncnc43)C(O)C2O)C(=O)[O-])C[C@@H](C)C(=O)/C=C/C(C)=C/[C@@H]1CO[C@@H]1O[C@H](C)[C@@H](O)[C@@H](OC)[C@H]1OC,1298.558,90,success,,outputs/mpmdb_seed_macrolide_reductive_amination/images/tylosin/tylosin_seed_amine_0034_MPM00935.png,-3.426,-3.426020644,-3.155508518218994,-4.263722896575928,-2.2487878799438477,32,11,21,1
tylosin_seed_amine_0035,Tylosin (Ì©ÀÖ¾úËØ),CC[C@@H]1[C@H](/C=C(/C=C/C(=O)[C@@H](C[C@@H]([C@@H]([C@H]([C@@H](CC(=O)O1)O)C)O[C@H]2[C@@H]([C@H]([C@@H]([C@H](O2)C)O[C@H]3C[C@@]([C@H]([C@@H](O3)C)O)(C)O)N(C)C)O)CC=O)C)\C)CO[C@H]4[C@@H]([C@@H]([C@@H]([C@H](O4)C)O)OC)OC,MPM00900,PM,Cc1ncc(CO)c(CN)c1O,1,[*:1][CX3H1:2]=[OX1].[NX3;H2:4][CX4;!a:5]>>[*:1][CH2:2][NH:4][CX4;!a:5],"[46,47]","[9,8]","[1,2]",CC[C@H]1OC(=O)C[C@@H](O)[C@H](C)[C@@H](O[C@@H]2O[C@H](C)[C@@H](O[C@H]3C[C@@](C)(O)[C@@H](O)[C@H](C)O3)[C@H](N(C)C)[C@H]2O)[C@@H](CCNCc2c(CO)cnc(C)c2O)C[C@@H](C)C(=O)/C=C/C(C)=C/[C@@H]1CO[C@@H]1O[C@H](C)[C@@H](O)[C@@H](OC)[C@H]1OC,CC[C@H]1OC(=O)C[C@@H](O)[C@H](C)[C@@H](O[C@@H]2O[C@H](C)[C@@H](O[C@H]3C[C@@](C)(O)[C@@H](O)[C@H](C)O3)[C@H](N(C)C)[C@H]2O)[C@@H](CCNCc2c(CO)cnc(C)c2O)C[C@@H](C)C(=O)/C=C/C(C)=C/[C@@H]1CO[C@@H]1O[C@H](C)[C@@H](O)[C@@H](OC)[C@H]1OC,1068.309,75,success,,outputs/mpmdb_seed_macrolide_reductive_amination/images/tylosin/tylosin_seed_amine_0035_MPM00900.png,-1.6994,-1.699351916,-3.178609848022461,-4.237051486968994,-2.3126118183135986,33,13,20,1
tylosin_seed_amine_0036,Tylosin (Ì©ÀÖ¾úËØ),CC[C@@H]1[C@H](/C=C(/C=C/C(=O)[C@@H](C[C@@H]([C@@H]([C@H]([C@@H](CC(=O)O1)O)C)O[C@H]2[C@@H]([C@H]([C@@H]([C@H](O2)C)O[C@H]3C[C@@]([C@H]([C@@H](O3)C)O)(C)O)N(C)C)O)CC=O)C)\C)CO[C@H]4[C@@H]([C@@H]([C@@H]([C@H](O4)C)O)OC)OC,MPM00918,Pyridoxamine 5-phosphate,Cc1ncc(COP(=O)(O)O)c(CN)c1O,1,[*:1][CX3H1:2]=[OX1].[NX3;H2:4][CX4;!a:5]>>[*:1][CH2:2][NH:4][CX4;!a:5],"[46,47]","[13,12]","[1,2]",CC[C@H]1OC(=O)C[C@@H](O)[C@H](C)[C@@H](O[C@@H]2O[C@H](C)[C@@H](O[C@H]3C[C@@](C)(O)[C@@H](O)[C@H](C)O3)[C@H](N(C)C)[C@H]2O)[C@@H](CCNCc2c(COP(=O)(O)O)cnc(C)c2O)C[C@@H](C)C(=O)/C=C/C(C)=C/[C@@H]1CO[C@@H]1O[C@H](C)[C@@H](O)[C@@H](OC)[C@H]1OC,CC[C@H]1OC(=O)C[C@@H](O)[C@H](C)[C@@H](O[C@@H]2O[C@H](C)[C@@H](O[C@H]3C[C@@](C)(O)[C@@H](O)[C@H](C)O3)[C@H](N(C)C)[C@H]2O)[C@@H](CCNCc2c(COP(=O)(O)O)cnc(C)c2O)C[C@@H](C)C(=O)/C=C/C(C)=C/[C@@H]1CO[C@@H]1O[C@H](C)[C@@H](O)[C@@H](OC)[C@H]1OC,1148.288,79,success,,outputs/mpmdb_seed_macrolide_reductive_amination/images/tylosin/tylosin_seed_amine_0036_MPM00918.png,-1.8487,-1.848731415,-3.617828369140625,-4.698036193847656,-2.7340216636657715,31,11,20,1
tylosin_seed_amine_0037,Tylosin (Ì©ÀÖ¾úËØ),CC[C@@H]1[C@H](/C=C(/C=C/C(=O)[C@@H](C[C@@H]([C@@H]([C@H]([C@@H](CC(=O)O1)O)C)O[C@H]2[C@@H]([C@H]([C@@H]([C@H](O2)C)O[C@H]3C[C@@]([C@H]([C@@H](O3)C)O)(C)O)N(C)C)O)CC=O)C)\C)CO[C@H]4[C@@H]([C@@H]([C@@H]([C@H](O4)C)O)OC)OC,MPM01143,2-Aminosuccinamic acid,NC(=O)CC(N)C(=O)O,1,[*:1][CX3H1:2]=[OX1].[NX3;H2:4][CX4;!a:5]>>[*:1][CH2:2][NH:4][CX4;!a:5],"[46,47]","[5,4]","[1,2]",CC[C@H]1OC(=O)C[C@@H](O)[C@H](C)[C@@H](O[C@@H]2O[C@H](C)[C@@H](O[C@H]3C[C@@](C)(O)[C@@H](O)[C@H](C)O3)[C@H](N(C)C)[C@H]2O)[C@@H](CCNC(CC(N)=O)C(=O)O)C[C@@H](C)C(=O)/C=C/C(C)=C/[C@@H]1CO[C@@H]1O[C@H](C)[C@@H](O)[C@@H](OC)[C@H]1OC,CC[C@H]1OC(=O)C[C@@H](O)[C@H](C)[C@@H](O[C@@H]2O[C@H](C)[C@@H](O[C@H]3C[C@@](C)(O)[C@@H](O)[C@H](C)O3)[C@H](N(C)C)[C@H]2O)[C@@H](CCNC(CC(N)=O)C(=O)O)C[C@@H](C)C(=O)/C=C/C(C)=C/[C@@H]1CO[C@@H]1O[C@H](C)[C@@H](O)[C@@H](OC)[C@H]1OC,1032.232,72,success,,outputs/mpmdb_seed_macrolide_reductive_amination/images/tylosin/tylosin_seed_amine_0037_MPM01143.png,-0.2202,-0.220188409,-2.756549596786499,-3.738013505935669,-1.9535337686538696,33,13,20,1
tylosin_seed_amine_0038,Tylosin (Ì©ÀÖ¾úËØ),CC[C@@H]1[C@H](/C=C(/C=C/C(=O)[C@@H](C[C@@H]([C@@H]([C@H]([C@@H](CC(=O)O1)O)C)O[C@H]2[C@@H]([C@H]([C@@H]([C@H](O2)C)O[C@H]3C[C@@]([C@H]([C@@H](O3)C)O)(C)O)N(C)C)O)CC=O)C)\C)CO[C@H]4[C@@H]([C@@H]([C@@H]([C@H](O4)C)O)OC)OC,MPM01464,L-2-Aminoglutaramic acid,NC(=O)CCC(N)C(=O)O,1,[*:1][CX3H1:2]=[OX1].[NX3;H2:4][CX4;!a:5]>>[*:1][CH2:2][NH:4][CX4;!a:5],"[46,47]","[6,5]","[1,2]",CC[C@H]1OC(=O)C[C@@H](O)[C@H](C)[C@@H](O[C@@H]2O[C@H](C)[C@@H](O[C@H]3C[C@@](C)(O)[C@@H](O)[C@H](C)O3)[C@H](N(C)C)[C@H]2O)[C@@H](CCNC(CCC(N)=O)C(=O)O)C[C@@H](C)C(=O)/C=C/C(C)=C/[C@@H]1CO[C@@H]1O[C@H](C)[C@@H](O)[C@@H](OC)[C@H]1OC,CC[C@H]1OC(=O)C[C@@H](O)[C@H](C)[C@@H](O[C@@H]2O[C@H](C)[C@@H](O[C@H]3C[C@@](C)(O)[C@@H](O)[C@H](C)O3)[C@H](N(C)C)[C@H]2O)[C@@H](CCNC(CCC(N)=O)C(=O)O)C[C@@H](C)C(=O)/C=C/C(C)=C/[C@@H]1CO[C@@H]1O[C@H](C)[C@@H](O)[C@@H](OC)[C@H]1OC,1046.259,73,success,,outputs/mpmdb_seed_macrolide_reductive_amination/images/tylosin/tylosin_seed_amine_0038_MPM01464.png,-0.2864,-0.286354869,-2.73836612701416,-3.703754186630249,-1.9485026597976685,33,13,20,1
tylosin_seed_amine_0039,Tylosin (Ì©ÀÖ¾úËØ),CC[C@@H]1[C@H](/C=C(/C=C/C(=O)[C@@H](C[C@@H]([C@@H]([C@H]([C@@H](CC(=O)O1)O)C)O[C@H]2[C@@H]([C@H]([C@@H]([C@H](O2)C)O[C@H]3C[C@@]([C@H]([C@@H](O3)C)O)(C)O)N(C)C)O)CC=O)C)\C)CO[C@H]4[C@@H]([C@@H]([C@@H]([C@H](O4)C)O)OC)OC,MPM01334,Citrulline,NC(=O)NCCCC(N)C(=O)O,1,[*:1][CX3H1:2]=[OX1].[NX3;H2:4][CX4;!a:5]>>[*:1][CH2:2][NH:4][CX4;!a:5],"[46,47]","[8,7]","[1,2]",CC[C@H]1OC(=O)C[C@@H](O)[C@H](C)[C@@H](O[C@@H]2O[C@H](C)[C@@H](O[C@H]3C[C@@](C)(O)[C@@H](O)[C@H](C)O3)[C@H](N(C)C)[C@H]2O)[C@@H](CCNC(CCCNC(N)=O)C(=O)O)C[C@@H](C)C(=O)/C=C/C(C)=C/[C@@H]1CO[C@@H]1O[C@H](C)[C@@H](O)[C@@H](OC)[C@H]1OC,CC[C@H]1OC(=O)C[C@@H](O)[C@H](C)[C@@H](O[C@@H]2O[C@H](C)[C@@H](O[C@H]3C[C@@](C)(O)[C@@H](O)[C@H](C)O3)[C@H](N(C)C)[C@H]2O)[C@@H](CCNC(CCCNC(N)=O)C(=O)O)C[C@@H](C)C(=O)/C=C/C(C)=C/[C@@H]1CO[C@@H]1O[C@H](C)[C@@H](O)[C@@H](OC)[C@H]1OC,1075.301,75,success,,outputs/mpmdb_seed_macrolide_reductive_amination/images/tylosin/tylosin_seed_amine_0039_MPM01334.png,-0.6499,-0.649886971,-1.321714997291565,-1.9704296588897705,-0.7909479737281799,38,16,22,1
tylosin_seed_amine_0040,Tylosin (Ì©ÀÖ¾úËØ),CC[C@@H]1[C@H](/C=C(/C=C/C(=O)[C@@H](C[C@@H]([C@@H]([C@H]([C@@H](CC(=O)O1)O)C)O[C@H]2[C@@H]([C@H]([C@@H]([C@H](O2)C)O[C@H]3C[C@@]([C@H]([C@@H](O3)C)O)(C)O)N(C)C)O)CC=O)C)\C)CO[C@H]4[C@@H]([C@@H]([C@@H]([C@H](O4)C)O)OC)OC,MPM01438,Hydroxythreonine,NC(C(=O)O)C(O)CO,1,[*:1][CX3H1:2]=[OX1].[NX3;H2:4][CX4;!a:5]>>[*:1][CH2:2][NH:4][CX4;!a:5],"[46,47]","[0,1]","[1,2]",CC[C@H]1OC(=O)C[C@@H](O)[C@H](C)[C@@H](O[C@@H]2O[C@H](C)[C@@H](O[C@H]3C[C@@](C)(O)[C@@H](O)[C@H](C)O3)[C@H](N(C)C)[C@H]2O)[C@@H](CCNC(C(=O)O)C(O)CO)C[C@@H](C)C(=O)/C=C/C(C)=C/[C@@H]1CO[C@@H]1O[C@H](C)[C@@H](O)[C@@H](OC)[C@H]1OC,CC[C@H]1OC(=O)C[C@@H](O)[C@H](C)[C@@H](O[C@@H]2O[C@H](C)[C@@H](O[C@H]3C[C@@](C)(O)[C@@H](O)[C@H](C)O3)[C@H](N(C)C)[C@H]2O)[C@@H](CCNC(C(=O)O)C(O)CO)C[C@@H](C)C(=O)/C=C/C(C)=C/[C@@H]1CO[C@@H]1O[C@H](C)[C@@H](O)[C@@H](OC)[C@H]1OC,1035.232,72,success,,outputs/mpmdb_seed_macrolide_reductive_amination/images/tylosin/tylosin_seed_amine_0040_MPM01438.png,-0.5859,-0.585876695,-1.6351364850997925,-2.2986392974853516,-1.0922706127166748,36,15,21,1
tylosin_seed_amine_0041,Tylosin (Ì©ÀÖ¾úËØ),CC[C@@H]1[C@H](/C=C(/C=C/C(=O)[C@@H](C[C@@H]([C@@H]([C@H]([C@@H](CC(=O)O1)O)C)O[C@H]2[C@@H]([C@H]([C@@H]([C@H](O2)C)O[C@H]3C[C@@]([C@H]([C@@H](O3)C)O)(C)O)N(C)C)O)CC=O)C)\C)CO[C@H]4[C@@H]([C@@H]([C@@H]([C@H](O4)C)O)OC)OC,MPM00363,4-Phosphooxy-L-threonine,NC(C(=O)O)C(O)COP(=O)(O)O,1,[*:1][CX3H1:2]=[OX1].[NX3;H2:4][CX4;!a:5]>>[*:1][CH2:2][NH:4][CX4;!a:5],"[46,47]","[0,1]","[1,2]",CC[C@H]1OC(=O)C[C@@H](O)[C@H](C)[C@@H](O[C@@H]2O[C@H](C)[C@@H](O[C@H]3C[C@@](C)(O)[C@@H](O)[C@H](C)O3)[C@H](N(C)C)[C@H]2O)[C@@H](CCNC(C(=O)O)C(O)COP(=O)(O)O)C[C@@H](C)C(=O)/C=C/C(C)=C/[C@@H]1CO[C@@H]1O[C@H](C)[C@@H](O)[C@@H](OC)[C@H]1OC,CC[C@H]1OC(=O)C[C@@H](O)[C@H](C)[C@@H](O[C@@H]2O[C@H](C)[C@@H](O[C@H]3C[C@@](C)(O)[C@@H](O)[C@H](C)O3)[C@H](N(C)C)[C@H]2O)[C@@H](CCNC(C(=O)O)C(O)COP(=O)(O)O)C[C@@H](C)C(=O)/C=C/C(C)=C/[C@@H]1CO[C@@H]1O[C@H](C)[C@@H](O)[C@@H](OC)[C@H]1OC,1115.211,76,success,,outputs/mpmdb_seed_macrolide_reductive_amination/images/tylosin/tylosin_seed_amine_0041_MPM00363.png,-0.6744,-0.674382893,-1.4612557888031006,-2.088965892791748,-0.9476749300956726,37,15,22,1
tylosin_seed_amine_0042,Tylosin (Ì©ÀÖ¾úËØ),CC[C@@H]1[C@H](/C=C(/C=C/C(=O)[C@@H](C[C@@H]([C@@H]([C@H]([C@@H](CC(=O)O1)O)C)O[C@H]2[C@@H]([C@H]([C@@H]([C@H](O2)C)O[C@H]3C[C@@]([C@H]([C@@H](O3)C)O)(C)O)N(C)C)O)CC=O)C)\C)CO[C@H]4[C@@H]([C@@H]([C@@H]([C@H](O4)C)O)OC)OC,MPM01144,2-Ammoniomalonate semialdehyde,NC(C=O)C(=O)O,1,[*:1][CX3H1:2]=[OX1].[NX3;H2:4][CX4;!a:5]>>[*:1][CH2:2][NH:4][CX4;!a:5],"[46,47]","[0,1]","[1,2]",CC[C@H]1OC(=O)C[C@@H](O)[C@H](C)[C@@H](O[C@@H]2O[C@H](C)[C@@H](O[C@H]3C[C@@](C)(O)[C@@H](O)[C@H](C)O3)[C@H](N(C)C)[C@H]2O)[C@@H](CCNC(C=O)C(=O)O)C[C@@H](C)C(=O)/C=C/C(C)=C/[C@@H]1CO[C@@H]1O[C@H](C)[C@@H](O)[C@@H](OC)[C@H]1OC,CC[C@H]1OC(=O)C[C@@H](O)[C@H](C)[C@@H](O[C@@H]2O[C@H](C)[C@@H](O[C@H]3C[C@@](C)(O)[C@@H](O)[C@H](C)O3)[C@H](N(C)C)[C@H]2O)[C@@H](CCNC(C=O)C(=O)O)C[C@@H](C)C(=O)/C=C/C(C)=C/[C@@H]1CO[C@@H]1O[C@H](C)[C@@H](O)[C@@H](OC)[C@H]1OC,1003.19,70,success,,outputs/mpmdb_seed_macrolide_reductive_amination/images/tylosin/tylosin_seed_amine_0042_MPM01144.png,-0.5259,-0.525862964,-1.2411174774169922,-1.8969281911849976,-0.7045447826385498,37,15,22,1
tylosin_seed_amine_0043,Tylosin (Ì©ÀÖ¾úËØ),CC[C@@H]1[C@H](/C=C(/C=C/C(=O)[C@@H](C[C@@H]([C@@H]([C@H]([C@@H](CC(=O)O1)O)C)O[C@H]2[C@@H]([C@H]([C@@H]([C@H](O2)C)O[C@H]3C[C@@]([C@H]([C@@H](O3)C)O)(C)O)N(C)C)O)CC=O)C)\C)CO[C@H]4[C@@H]([C@@H]([C@@H]([C@H](O4)C)O)OC)OC,MPM01475,L-Glutamate 1-semialdehyde,NC(C=O)CCC(=O)O,1,[*:1][CX3H1:2]=[OX1].[NX3;H2:4][CX4;!a:5]>>[*:1][CH2:2][NH:4][CX4;!a:5],"[46,47]","[0,1]","[1,2]",CC[C@H]1OC(=O)C[C@@H](O)[C@H](C)[C@@H](O[C@@H]2O[C@H](C)[C@@H](O[C@H]3C[C@@](C)(O)[C@@H](O)[C@H](C)O3)[C@H](N(C)C)[C@H]2O)[C@@H](CCNC(C=O)CCC(=O)O)C[C@@H](C)C(=O)/C=C/C(C)=C/[C@@H]1CO[C@@H]1O[C@H](C)[C@@H](O)[C@@H](OC)[C@H]1OC,CC[C@H]1OC(=O)C[C@@H](O)[C@H](C)[C@@H](O[C@@H]2O[C@H](C)[C@@H](O[C@H]3C[C@@](C)(O)[C@@H](O)[C@H](C)O3)[C@H](N(C)C)[C@H]2O)[C@@H](CCNC(C=O)CCC(=O)O)C[C@@H](C)C(=O)/C=C/C(C)=C/[C@@H]1CO[C@@H]1O[C@H](C)[C@@H](O)[C@@H](OC)[C@H]1OC,1031.244,72,success,,outputs/mpmdb_seed_macrolide_reductive_amination/images/tylosin/tylosin_seed_amine_0043_MPM01475.png,-0.7857,-0.78571585,-1.1736266613006592,-1.8174747228622437,-0.6468420028686523,37,15,22,1
tylosin_seed_amine_0044,Tylosin (Ì©ÀÖ¾úËØ),CC[C@@H]1[C@H](/C=C(/C=C/C(=O)[C@@H](C[C@@H]([C@@H]([C@H]([C@@H](CC(=O)O1)O)C)O[C@H]2[C@@H]([C@H]([C@@H]([C@H](O2)C)O[C@H]3C[C@@]([C@H]([C@@H](O3)C)O)(C)O)N(C)C)O)CC=O)C)\C)CO[C@H]4[C@@H]([C@@H]([C@@H]([C@H](O4)C)O)OC)OC,MPM00696,Histidinal,NC(C=O)Cc1cnc[nH]1,1,[*:1][CX3H1:2]=[OX1].[NX3;H2:4][CX4;!a:5]>>[*:1][CH2:2][NH:4][CX4;!a:5],"[46,47]","[0,1]","[1,2]",CC[C@H]1OC(=O)C[C@@H](O)[C@H](C)[C@@H](O[C@@H]2O[C@H](C)[C@@H](O[C@H]3C[C@@](C)(O)[C@@H](O)[C@H](C)O3)[C@H](N(C)C)[C@H]2O)[C@@H](CCNC(C=O)Cc2cnc[nH]2)C[C@@H](C)C(=O)/C=C/C(C)=C/[C@@H]1CO[C@@H]1O[C@H](C)[C@@H](O)[C@@H](OC)[C@H]1OC,CC[C@H]1OC(=O)C[C@@H](O)[C@H](C)[C@@H](O[C@@H]2O[C@H](C)[C@@H](O[C@H]3C[C@@](C)(O)[C@@H](O)[C@H](C)O3)[C@H](N(C)C)[C@H]2O)[C@@H](CCNC(C=O)Cc2cnc[nH]2)C[C@@H](C)C(=O)/C=C/C(C)=C/[C@@H]1CO[C@@H]1O[C@H](C)[C@@H](O)[C@@H](OC)[C@H]1OC,1039.271,73,success,,outputs/mpmdb_seed_macrolide_reductive_amination/images/tylosin/tylosin_seed_amine_0044_MPM00696.png,-1.0532,-1.053198592,-0.8761220574378967,-1.3832379579544067,-0.46120932698249817,39,17,22,1
tylosin_seed_amine_0045,Tylosin (Ì©ÀÖ¾úËØ),CC[C@@H]1[C@H](/C=C(/C=C/C(=O)[C@@H](C[C@@H]([C@@H]([C@H]([C@@H](CC(=O)O1)O)C)O[C@H]2[C@@H]([C@H]([C@@H]([C@H](O2)C)O[C@H]3C[C@@]([C@H]([C@@H](O3)C)O)(C)O)N(C)C)O)CC=O)C)\C)CO[C@H]4[C@@H]([C@@H]([C@@H]([C@H](O4)C)O)OC)OC,MPM00741,L-Asp,NC(CC(=O)O)C(=O)O,1,[*:1][CX3H1:2]=[OX1].[NX3;H2:4][CX4;!a:5]>>[*:1][CH2:2][NH:4][CX4;!a:5],"[46,47]","[0,1]","[1,2]",CC[C@H]1OC(=O)C[C@@H](O)[C@H](C)[C@@H](O[C@@H]2O[C@H](C)[C@@H](O[C@H]3C[C@@](C)(O)[C@@H](O)[C@H](C)O3)[C@H](N(C)C)[C@H]2O)[C@@H](CCNC(CC(=O)O)C(=O)O)C[C@@H](C)C(=O)/C=C/C(C)=C/[C@@H]1CO[C@@H]1O[C@H](C)[C@@H](O)[C@@H](OC)[C@H]1OC,CC[C@H]1OC(=O)C[C@@H](O)[C@H](C)[C@@H](O[C@@H]2O[C@H](C)[C@@H](O[C@H]3C[C@@](C)(O)[C@@H](O)[C@H](C)O3)[C@H](N(C)C)[C@H]2O)[C@@H](CCNC(CC(=O)O)C(=O)O)C[C@@H](C)C(=O)/C=C/C(C)=C/[C@@H]1CO[C@@H]1O[C@H](C)[C@@H](O)[C@@H](OC)[C@H]1OC,1033.216,72,success,,outputs/mpmdb_seed_macrolide_reductive_amination/images/tylosin/tylosin_seed_amine_0045_MPM00741.png,-0.2223,-0.22234935,-1.7356222867965698,-2.555187463760376,-1.0650689601898193,37,15,22,1
tylosin_seed_amine_0046,Tylosin (Ì©ÀÖ¾úËØ),CC[C@@H]1[C@H](/C=C(/C=C/C(=O)[C@@H](C[C@@H]([C@@H]([C@H]([C@@H](CC(=O)O1)O)C)O[C@H]2[C@@H]([C@H]([C@@H]([C@H](O2)C)O[C@H]3C[C@@]([C@H]([C@@H](O3)C)O)(C)O)N(C)C)O)CC=O)C)\C)CO[C@H]4[C@@H]([C@@H]([C@@H]([C@H](O4)C)O)OC)OC,MPM00907,Pretyrosine,NC(CC1(C(=O)O)C=CC(O)C=C1)C(=O)O,1,[*:1][CX3H1:2]=[OX1].[NX3;H2:4][CX4;!a:5]>>[*:1][CH2:2][NH:4][CX4;!a:5],"[46,47]","[0,1]","[1,2]",CC[C@H]1OC(=O)C[C@@H](O)[C@H](C)[C@@H](O[C@@H]2O[C@H](C)[C@@H](O[C@H]3C[C@@](C)(O)[C@@H](O)[C@H](C)O3)[C@H](N(C)C)[C@H]2O)[C@@H](CCNC(CC2(C(=O)O)C=CC(O)C=C2)C(=O)O)C[C@@H](C)C(=O)/C=C/C(C)=C/[C@@H]1CO[C@@H]1O[C@H](C)[C@@H](O)[C@@H](OC)[C@H]1OC,CC[C@H]1OC(=O)C[C@@H](O)[C@H](C)[C@@H](O[C@@H]2O[C@H](C)[C@@H](O[C@H]3C[C@@](C)(O)[C@@H](O)[C@H](C)O3)[C@H](N(C)C)[C@H]2O)[C@@H](CCNC(CC2(C(=O)O)C=CC(O)C=C2)C(=O)O)C[C@@H](C)C(=O)/C=C/C(C)=C/[C@@H]1CO[C@@H]1O[C@H](C)[C@@H](O)[C@@H](OC)[C@H]1OC,1127.329,79,success,,outputs/mpmdb_seed_macrolide_reductive_amination/images/tylosin/tylosin_seed_amine_0046_MPM00907.png,0.0558,0.055753568,-1.2842280864715576,-1.9936339855194092,-0.7038053274154663,37,15,22,1
tylosin_seed_amine_0047,Tylosin (Ì©ÀÖ¾úËØ),CC[C@@H]1[C@H](/C=C(/C=C/C(=O)[C@@H](C[C@@H]([C@@H]([C@H]([C@@H](CC(=O)O1)O)C)O[C@H]2[C@@H]([C@H]([C@@H]([C@H](O2)C)O[C@H]3C[C@@]([C@H]([C@@H](O3)C)O)(C)O)N(C)C)O)CC=O)C)\C)CO[C@H]4[C@@H]([C@@H]([C@@H]([C@H](O4)C)O)OC)OC,MPM01471,L-Aspartic 4-semialdehyde,NC(CC=O)C(=O)O,1,[*:1][CX3H1:2]=[OX1].[NX3;H2:4][CX4;!a:5]>>[*:1][CH2:2][NH:4][CX4;!a:5],"[46,47]","[0,1]","[1,2]",CC[C@H]1OC(=O)C[C@@H](O)[C@H](C)[C@@H](O[C@@H]2O[C@H](C)[C@@H](O[C@H]3C[C@@](C)(O)[C@@H](O)[C@H](C)O3)[C@H](N(C)C)[C@H]2O)[C@@H](CCNC(CC=O)C(=O)O)C[C@@H](C)C(=O)/C=C/C(C)=C/[C@@H]1CO[C@@H]1O[C@H](C)[C@@H](O)[C@@H](OC)[C@H]1OC,CC[C@H]1OC(=O)C[C@@H](O)[C@H](C)[C@@H](O[C@@H]2O[C@H](C)[C@@H](O[C@H]3C[C@@](C)(O)[C@@H](O)[C@H](C)O3)[C@H](N(C)C)[C@H]2O)[C@@H](CCNC(CC=O)C(=O)O)C[C@@H](C)C(=O)/C=C/C(C)=C/[C@@H]1CO[C@@H]1O[C@H](C)[C@@H](O)[C@@H](OC)[C@H]1OC,1017.217,71,success,,outputs/mpmdb_seed_macrolide_reductive_amination/images/tylosin/tylosin_seed_amine_0047_MPM01471.png,-0.6866,-0.686551387,-1.5922279357910156,-2.3932032585144043,-0.9368844032287598,37,15,22,1
tylosin_seed_amine_0048,Tylosin (Ì©ÀÖ¾úËØ),CC[C@@H]1[C@H](/C=C(/C=C/C(=O)[C@@H](C[C@@H]([C@@H]([C@H]([C@@H](CC(=O)O1)O)C)O[C@H]2[C@@H]([C@H]([C@@H]([C@H](O2)C)O[C@H]3C[C@@]([C@H]([C@@H](O3)C)O)(C)O)N(C)C)O)CC=O)C)\C)CO[C@H]4[C@@H]([C@@H]([C@@H]([C@H](O4)C)O)OC)OC,MPM00922,Reduced glutathione,NC(CCC(=O)NC(CS)C(=O)NCC(=O)O)C(=O)O,1,[*:1][CX3H1:2]=[OX1].[NX3;H2:4][CX4;!a:5]>>[*:1][CH2:2][NH:4][CX4;!a:5],"[46,47]","[0,1]","[1,2]",CC[C@H]1OC(=O)C[C@@H](O)[C@H](C)[C@@H](O[C@@H]2O[C@H](C)[C@@H](O[C@H]3C[C@@](C)(O)[C@@H](O)[C@H](C)O3)[C@H](N(C)C)[C@H]2O)[C@@H](CCNC(CCC(=O)NC(CS)C(=O)NCC(=O)O)C(=O)O)C[C@@H](C)C(=O)/C=C/C(C)=C/[C@@H]1CO[C@@H]1O[C@H](C)[C@@H](O)[C@@H](OC)[C@H]1OC,CC[C@H]1OC(=O)C[C@@H](O)[C@H](C)[C@@H](O[C@@H]2O[C@H](C)[C@@H](O[C@H]3C[C@@](C)(O)[C@@H](O)[C@H](C)O3)[C@H](N(C)C)[C@H]2O)[C@@H](CCNC(CCC(=O)NC(CS)C(=O)NCC(=O)O)C(=O)O)C[C@@H](C)C(=O)/C=C/C(C)=C/[C@@H]1CO[C@@H]1O[C@H](C)[C@@H](O)[C@@H](OC)[C@H]1OC,1207.441,83,success,,outputs/mpmdb_seed_macrolide_reductive_amination/images/tylosin/tylosin_seed_amine_0048_MPM00922.png,-1.7736,-1.773594681,-2.428865909576416,-3.268059730529785,-1.7422525882720947,35,14,21,1
tylosin_seed_amine_0049,Tylosin (Ì©ÀÖ¾úËØ),CC[C@@H]1[C@H](/C=C(/C=C/C(=O)[C@@H](C[C@@H]([C@@H]([C@H]([C@@H](CC(=O)O1)O)C)O[C@H]2[C@@H]([C@H]([C@@H]([C@H](O2)C)O[C@H]3C[C@@]([C@H]([C@@H](O3)C)O)(C)O)N(C)C)O)CC=O)C)\C)CO[C@H]4[C@@H]([C@@H]([C@@H]([C@H](O4)C)O)OC)OC,MPM00943,S-Formylglutathione,NC(CCC(=O)NC(CSC=O)C(=O)NCC(=O)O)C(=O)O,1,[*:1][CX3H1:2]=[OX1].[NX3;H2:4][CX4;!a:5]>>[*:1][CH2:2][NH:4][CX4;!a:5],"[46,47]","[0,1]","[1,2]",CC[C@H]1OC(=O)C[C@@H](O)[C@H](C)[C@@H](O[C@@H]2O[C@H](C)[C@@H](O[C@H]3C[C@@](C)(O)[C@@H](O)[C@H](C)O3)[C@H](N(C)C)[C@H]2O)[C@@H](CCNC(CCC(=O)NC(CSC=O)C(=O)NCC(=O)O)C(=O)O)C[C@@H](C)C(=O)/C=C/C(C)=C/[C@@H]1CO[C@@H]1O[C@H](C)[C@@H](O)[C@@H](OC)[C@H]1OC,CC[C@H]1OC(=O)C[C@@H](O)[C@H](C)[C@@H](O[C@@H]2O[C@H](C)[C@@H](O[C@H]3C[C@@](C)(O)[C@@H](O)[C@H](C)O3)[C@H](N(C)C)[C@H]2O)[C@@H](CCNC(CCC(=O)NC(CSC=O)C(=O)NCC(=O)O)C(=O)O)C[C@@H](C)C(=O)/C=C/C(C)=C/[C@@H]1CO[C@@H]1O[C@H](C)[C@@H](O)[C@@H](OC)[C@H]1OC,1235.451,85,success,,outputs/mpmdb_seed_macrolide_reductive_amination/images/tylosin/tylosin_seed_amine_0049_MPM00943.png,-1.0862,-1.086194166,-2.1213061809539795,-2.904015064239502,-1.4809081554412842,36,16,20,1
tylosin_seed_amine_0050,Tylosin (Ì©ÀÖ¾úËØ),CC[C@@H]1[C@H](/C=C(/C=C/C(=O)[C@@H](C[C@@H]([C@@H]([C@H]([C@@H](CC(=O)O1)O)C)O[C@H]2[C@@H]([C@H]([C@@H]([C@H](O2)C)O[C@H]3C[C@@]([C@H]([C@@H](O3)C)O)(C)O)N(C)C)O)CC=O)C)\C)CO[C@H]4[C@@H]([C@@H]([C@@H]([C@H](O4)C)O)OC)OC,MPM00653,gamma-Glutamyl-GABA,NC(CCC(=O)NCCCC(=O)O)C(=O)O,1,[*:1][CX3H1:2]=[OX1].[NX3;H2:4][CX4;!a:5]>>[*:1][CH2:2][NH:4][CX4;!a:5],"[46,47]","[0,1]","[1,2]",CC[C@H]1OC(=O)C[C@@H](O)[C@H](C)[C@@H](O[C@@H]2O[C@H](C)[C@@H](O[C@H]3C[C@@](C)(O)[C@@H](O)[C@H](C)O3)[C@H](N(C)C)[C@H]2O)[C@@H](CCNC(CCC(=O)NCCCC(=O)O)C(=O)O)C[C@@H](C)C(=O)/C=C/C(C)=C/[C@@H]1CO[C@@H]1O[C@H](C)[C@@H](O)[C@@H](OC)[C@H]1OC,CC[C@H]1OC(=O)C[C@@H](O)[C@H](C)[C@@H](O[C@@H]2O[C@H](C)[C@@H](O[C@H]3C[C@@](C)(O)[C@@H](O)[C@H](C)O3)[C@H](N(C)C)[C@H]2O)[C@@H](CCNC(CCC(=O)NCCCC(=O)O)C(=O)O)C[C@@H](C)C(=O)/C=C/C(C)=C/[C@@H]1CO[C@@H]1O[C@H](C)[C@@H](O)[C@@H](OC)[C@H]1OC,1132.349,79,success,,outputs/mpmdb_seed_macrolide_reductive_amination/images/tylosin/tylosin_seed_amine_0050_MPM00653.png,-0.4177,-0.417668294,-2.326477527618408,-3.2266738414764404,-1.5899533033370972,36,15,21,1
tylosin_seed_amine_0051,Tylosin (Ì©ÀÖ¾úËØ),CC[C@@H]1[C@H](/C=C(/C=C/C(=O)[C@@H](C[C@@H]([C@@H]([C@H]([C@@H](CC(=O)O1)O)C)O[C@H]2[C@@H]([C@H]([C@@H]([C@H](O2)C)O[C@H]3C[C@@]([C@H]([C@@H](O3)C)O)(C)O)N(C)C)O)CC=O)C)\C)CO[C@H]4[C@@H]([C@@H]([C@@H]([C@H](O4)C)O)OC)OC,MPM00542,D-2-Aminoglutaric acid,NC(CCC(=O)O)C(=O)O,1,[*:1][CX3H1:2]=[OX1].[NX3;H2:4][CX4;!a:5]>>[*:1][CH2:2][NH:4][CX4;!a:5],"[46,47]","[0,1]","[1,2]",CC[C@H]1OC(=O)C[C@@H](O)[C@H](C)[C@@H](O[C@@H]2O[C@H](C)[C@@H](O[C@H]3C[C@@](C)(O)[C@@H](O)[C@H](C)O3)[C@H](N(C)C)[C@H]2O)[C@@H](CCNC(CCC(=O)O)C(=O)O)C[C@@H](C)C(=O)/C=C/C(C)=C/[C@@H]1CO[C@@H]1O[C@H](C)[C@@H](O)[C@@H](OC)[C@H]1OC,CC[C@H]1OC(=O)C[C@@H](O)[C@H](C)[C@@H](O[C@@H]2O[C@H](C)[C@@H](O[C@H]3C[C@@](C)(O)[C@@H](O)[C@H](C)O3)[C@H](N(C)C)[C@H]2O)[C@@H](CCNC(CCC(=O)O)C(=O)O)C[C@@H](C)C(=O)/C=C/C(C)=C/[C@@H]1CO[C@@H]1O[C@H](C)[C@@H](O)[C@@H](OC)[C@H]1OC,1047.243,73,success,,outputs/mpmdb_seed_macrolide_reductive_amination/images/tylosin/tylosin_seed_amine_0051_MPM00542.png,-0.2833,-0.283310203,-1.5779898166656494,-2.365039825439453,-0.9340399503707886,37,15,22,1
tylosin_seed_amine_0052,Tylosin (Ì©ÀÖ¾úËØ),CC[C@@H]1[C@H](/C=C(/C=C/C(=O)[C@@H](C[C@@H]([C@@H]([C@H]([C@@H](CC(=O)O1)O)C)O[C@H]2[C@@H]([C@H]([C@@H]([C@H](O2)C)O[C@H]3C[C@@]([C@H]([C@@H](O3)C)O)(C)O)N(C)C)O)CC=O)C)\C)CO[C@H]4[C@@H]([C@@H]([C@@H]([C@H](O4)C)O)OC)OC,MPM01476,L-Glutamate gamma-semialdehyde,NC(CCC=O)C(=O)O,1,[*:1][CX3H1:2]=[OX1].[NX3;H2:4][CX4;!a:5]>>[*:1][CH2:2][NH:4][CX4;!a:5],"[46,47]","[0,1]","[1,2]",CC[C@H]1OC(=O)C[C@@H](O)[C@H](C)[C@@H](O[C@@H]2O[C@H](C)[C@@H](O[C@H]3C[C@@](C)(O)[C@@H](O)[C@H](C)O3)[C@H](N(C)C)[C@H]2O)[C@@H](CCNC(CCC=O)C(=O)O)C[C@@H](C)C(=O)/C=C/C(C)=C/[C@@H]1CO[C@@H]1O[C@H](C)[C@@H](O)[C@@H](OC)[C@H]1OC,CC[C@H]1OC(=O)C[C@@H](O)[C@H](C)[C@@H](O[C@@H]2O[C@H](C)[C@@H](O[C@H]3C[C@@](C)(O)[C@@H](O)[C@H](C)O3)[C@H](N(C)C)[C@H]2O)[C@@H](CCNC(CCC=O)C(=O)O)C[C@@H](C)C(=O)/C=C/C(C)=C/[C@@H]1CO[C@@H]1O[C@H](C)[C@@H](O)[C@@H](OC)[C@H]1OC,1031.244,72,success,,outputs/mpmdb_seed_macrolide_reductive_amination/images/tylosin/tylosin_seed_amine_0052_MPM01476.png,-0.7466,-0.746631861,-1.4549704790115356,-2.17055082321167,-0.8694955706596375,37,15,22,1
tylosin_seed_amine_0053,Tylosin (Ì©ÀÖ¾úËØ),CC[C@@H]1[C@H](/C=C(/C=C/C(=O)[C@@H](C[C@@H]([C@@H]([C@H]([C@@H](CC(=O)O1)O)C)O[C@H]2[C@@H]([C@H]([C@@H]([C@H](O2)C)O[C@H]3C[C@@]([C@H]([C@@H](O3)C)O)(C)O)N(C)C)O)CC=O)C)\C)CO[C@H]4[C@@H]([C@@H]([C@@H]([C@H](O4)C)O)OC)OC,MPM01479,"LL-2,6-Diaminopimelic acid",NC(CCCC(N)C(=O)O)C(=O)O,2,[*:1][CX3H1:2]=[OX1].[NX3;H2:4][CX4;!a:5]>>[*:1][CH2:2][NH:4][CX4;!a:5],"[46,47]","[0,1]","[1,2]",CC[C@H]1OC(=O)C[C@@H](O)[C@H](C)[C@@H](O[C@@H]2O[C@H](C)[C@@H](O[C@H]3C[C@@](C)(O)[C@@H](O)[C@H](C)O3)[C@H](N(C)C)[C@H]2O)[C@@H](CCNC(CCCC(N)C(=O)O)C(=O)O)C[C@@H](C)C(=O)/C=C/C(C)=C/[C@@H]1CO[C@@H]1O[C@H](C)[C@@H](O)[C@@H](OC)[C@H]1OC,CC[C@H]1OC(=O)C[C@@H](O)[C@H](C)[C@@H](O[C@@H]2O[C@H](C)[C@@H](O[C@H]3C[C@@](C)(O)[C@@H](O)[C@H](C)O3)[C@H](N(C)C)[C@H]2O)[C@@H](CCNC(CCCC(N)C(=O)O)C(=O)O)C[C@@H](C)C(=O)/C=C/C(C)=C/[C@@H]1CO[C@@H]1O[C@H](C)[C@@H](O)[C@@H](OC)[C@H]1OC,1090.312,76,success,multi_primary_amine_seed; enumerated_site,outputs/mpmdb_seed_macrolide_reductive_amination/images/tylosin/tylosin_seed_amine_0053_MPM01479.png,-0.1499,-0.14985522,-1.458288311958313,-2.158864736557007,-0.885089099407196,38,16,22,1
tylosin_seed_amine_0054,Tylosin (Ì©ÀÖ¾úËØ),CC[C@@H]1[C@H](/C=C(/C=C/C(=O)[C@@H](C[C@@H]([C@@H]([C@H]([C@@H](CC(=O)O1)O)C)O[C@H]2[C@@H]([C@H]([C@@H]([C@H](O2)C)O[C@H]3C[C@@]([C@H]([C@@H](O3)C)O)(C)O)N(C)C)O)CC=O)C)\C)CO[C@H]4[C@@H]([C@@H]([C@@H]([C@H](O4)C)O)OC)OC,MPM00832,"N-Succinyl-L-2,6-diaminopimelate",NC(CCCC(NC(=O)CCC(=O)O)C(=O)O)C(=O)O,1,[*:1][CX3H1:2]=[OX1].[NX3;H2:4][CX4;!a:5]>>[*:1][CH2:2][NH:4][CX4;!a:5],"[46,47]","[0,1]","[1,2]",CC[C@H]1OC(=O)C[C@@H](O)[C@H](C)[C@@H](O[C@@H]2O[C@H](C)[C@@H](O[C@H]3C[C@@](C)(O)[C@@H](O)[C@H](C)O3)[C@H](N(C)C)[C@H]2O)[C@@H](CCNC(CCCC(NC(=O)CCC(=O)O)C(=O)O)C(=O)O)C[C@@H](C)C(=O)/C=C/C(C)=C/[C@@H]1CO[C@@H]1O[C@H](C)[C@@H](O)[C@@H](OC)[C@H]1OC,CC[C@H]1OC(=O)C[C@@H](O)[C@H](C)[C@@H](O[C@@H]2O[C@H](C)[C@@H](O[C@H]3C[C@@](C)(O)[C@@H](O)[C@H](C)O3)[C@H](N(C)C)[C@H]2O)[C@@H](CCNC(CCCC(NC(=O)CCC(=O)O)C(=O)O)C(=O)O)C[C@@H](C)C(=O)/C=C/C(C)=C/[C@@H]1CO[C@@H]1O[C@H](C)[C@@H](O)[C@@H](OC)[C@H]1OC,1190.385,83,success,,outputs/mpmdb_seed_macrolide_reductive_amination/images/tylosin/tylosin_seed_amine_0054_MPM00832.png,-0.487,-0.487044175,-2.567748546600342,-3.4288175106048584,-1.8632378578186035,33,13,20,1
tylosin_seed_amine_0055,Tylosin (Ì©ÀÖ¾úËØ),CC[C@@H]1[C@H](/C=C(/C=C/C(=O)[C@@H](C[C@@H]([C@@H]([C@H]([C@@H](CC(=O)O1)O)C)O[C@H]2[C@@H]([C@H]([C@@H]([C@H](O2)C)O[C@H]3C[C@@]([C@H]([C@@H](O3)C)O)(C)O)N(C)C)O)CC=O)C)\C)CO[C@H]4[C@@H]([C@@H]([C@@H]([C@H](O4)C)O)OC)OC,MPM01076,(S)-2-Amino-6-oxohexanoate,NC(CCCC=O)C(=O)O,1,[*:1][CX3H1:2]=[OX1].[NX3;H2:4][CX4;!a:5]>>[*:1][CH2:2][NH:4][CX4;!a:5],"[46,47]","[0,1]","[1,2]",CC[C@H]1OC(=O)C[C@@H](O)[C@H](C)[C@@H](O[C@@H]2O[C@H](C)[C@@H](O[C@H]3C[C@@](C)(O)[C@@H](O)[C@H](C)O3)[C@H](N(C)C)[C@H]2O)[C@@H](CCNC(CCCC=O)C(=O)O)C[C@@H](C)C(=O)/C=C/C(C)=C/[C@@H]1CO[C@@H]1O[C@H](C)[C@@H](O)[C@@H](OC)[C@H]1OC,CC[C@H]1OC(=O)C[C@@H](O)[C@H](C)[C@@H](O[C@@H]2O[C@H](C)[C@@H](O[C@H]3C[C@@](C)(O)[C@@H](O)[C@H](C)O3)[C@H](N(C)C)[C@H]2O)[C@@H](CCNC(CCCC=O)C(=O)O)C[C@@H](C)C(=O)/C=C/C(C)=C/[C@@H]1CO[C@@H]1O[C@H](C)[C@@H](O)[C@@H](OC)[C@H]1OC,1045.271,73,success,,outputs/mpmdb_seed_macrolide_reductive_amination/images/tylosin/tylosin_seed_amine_0055_MPM01076.png,-0.8091,-0.809067416,-1.4846075773239136,-2.2091171741485596,-0.891826868057251,37,15,22,1
tylosin_seed_amine_0056,Tylosin (Ì©ÀÖ¾úËØ),CC[C@@H]1[C@H](/C=C(/C=C/C(=O)[C@@H](C[C@@H]([C@@H]([C@H]([C@@H](CC(=O)O1)O)C)O[C@H]2[C@@H]([C@H]([C@@H]([C@H](O2)C)O[C@H]3C[C@@]([C@H]([C@@H](O3)C)O)(C)O)N(C)C)O)CC=O)C)\C)CO[C@H]4[C@@H]([C@@H]([C@@H]([C@H](O4)C)O)OC)OC,MPM00800,N6-(D-Fructosyl)-L-lysine,NC(CCCCNCC(=O)C(O)C(O)C(O)CO)C(=O)O,1,[*:1][CX3H1:2]=[OX1].[NX3;H2:4][CX4;!a:5]>>[*:1][CH2:2][NH:4][CX4;!a:5],"[46,47]","[0,1]","[1,2]",CC[C@H]1OC(=O)C[C@@H](O)[C@H](C)[C@@H](O[C@@H]2O[C@H](C)[C@@H](O[C@H]3C[C@@](C)(O)[C@@H](O)[C@H](C)O3)[C@H](N(C)C)[C@H]2O)[C@@H](CCNC(CCCCNCC(=O)C(O)C(O)C(O)CO)C(=O)O)C[C@@H](C)C(=O)/C=C/C(C)=C/[C@@H]1CO[C@@H]1O[C@H](C)[C@@H](O)[C@@H](OC)[C@H]1OC,CC[C@H]1OC(=O)C[C@@H](O)[C@H](C)[C@@H](O[C@@H]2O[C@H](C)[C@@H](O[C@H]3C[C@@](C)(O)[C@@H](O)[C@H](C)O3)[C@H](N(C)C)[C@H]2O)[C@@H](CCNC(CCCCNCC(=O)C(O)C(O)C(O)CO)C(=O)O)C[C@@H](C)C(=O)/C=C/C(C)=C/[C@@H]1CO[C@@H]1O[C@H](C)[C@@H](O)[C@@H](OC)[C@H]1OC,1208.444,84,success,,outputs/mpmdb_seed_macrolide_reductive_amination/images/tylosin/tylosin_seed_amine_0056_MPM00800.png,-1.0819,-1.081872327,-0.856393039226532,-1.396681785583496,-0.414338618516922,39,17,22,1
tylosin_seed_amine_0057,Tylosin (Ì©ÀÖ¾úËØ),CC[C@@H]1[C@H](/C=C(/C=C/C(=O)[C@@H](C[C@@H]([C@@H]([C@H]([C@@H](CC(=O)O1)O)C)O[C@H]2[C@@H]([C@H]([C@@H]([C@H](O2)C)O[C@H]3C[C@@]([C@H]([C@@H](O3)C)O)(C)O)N(C)C)O)CC=O)C)\C)CO[C@H]4[C@@H]([C@@H]([C@@H]([C@H](O4)C)O)OC)OC,MPM01141,2-Amino-4-hydroxybutyric acid,NC(CCO)C(=O)O,1,[*:1][CX3H1:2]=[OX1].[NX3;H2:4][CX4;!a:5]>>[*:1][CH2:2][NH:4][CX4;!a:5],"[46,47]","[0,1]","[1,2]",CC[C@H]1OC(=O)C[C@@H](O)[C@H](C)[C@@H](O[C@@H]2O[C@H](C)[C@@H](O[C@H]3C[C@@](C)(O)[C@@H](O)[C@H](C)O3)[C@H](N(C)C)[C@H]2O)[C@@H](CCNC(CCO)C(=O)O)C[C@@H](C)C(=O)/C=C/C(C)=C/[C@@H]1CO[C@@H]1O[C@H](C)[C@@H](O)[C@@H](OC)[C@H]1OC,CC[C@H]1OC(=O)C[C@@H](O)[C@H](C)[C@@H](O[C@@H]2O[C@H](C)[C@@H](O[C@H]3C[C@@](C)(O)[C@@H](O)[C@H](C)O3)[C@H](N(C)C)[C@H]2O)[C@@H](CCNC(CCO)C(=O)O)C[C@@H](C)C(=O)/C=C/C(C)=C/[C@@H]1CO[C@@H]1O[C@H](C)[C@@H](O)[C@@H](OC)[C@H]1OC,1019.233,71,success,,outputs/mpmdb_seed_macrolide_reductive_amination/images/tylosin/tylosin_seed_amine_0057_MPM01141.png,-0.3638,-0.363757759,-1.8142110109329224,-2.4713375568389893,-1.276562213897705,36,15,21,1
tylosin_seed_amine_0058,Tylosin (Ì©ÀÖ¾úËØ),CC[C@@H]1[C@H](/C=C(/C=C/C(=O)[C@@H](C[C@@H]([C@@H]([C@H]([C@@H](CC(=O)O1)O)C)O[C@H]2[C@@H]([C@H]([C@@H]([C@H](O2)C)O[C@H]3C[C@@]([C@H]([C@@H](O3)C)O)(C)O)N(C)C)O)CC=O)C)\C)CO[C@H]4[C@@H]([C@@H]([C@@H]([C@H](O4)C)O)OC)OC,MPM00847,O-Succinylhomoserine,NC(CCOC(=O)CCC(=O)O)C(=O)O,1,[*:1][CX3H1:2]=[OX1].[NX3;H2:4][CX4;!a:5]>>[*:1][CH2:2][NH:4][CX4;!a:5],"[46,47]","[0,1]","[1,2]",CC[C@H]1OC(=O)C[C@@H](O)[C@H](C)[C@@H](O[C@@H]2O[C@H](C)[C@@H](O[C@H]3C[C@@](C)(O)[C@@H](O)[C@H](C)O3)[C@H](N(C)C)[C@H]2O)[C@@H](CCNC(CCOC(=O)CCC(=O)O)C(=O)O)C[C@@H](C)C(=O)/C=C/C(C)=C/[C@@H]1CO[C@@H]1O[C@H](C)[C@@H](O)[C@@H](OC)[C@H]1OC,CC[C@H]1OC(=O)C[C@@H](O)[C@H](C)[C@@H](O[C@@H]2O[C@H](C)[C@@H](O[C@H]3C[C@@](C)(O)[C@@H](O)[C@H](C)O3)[C@H](N(C)C)[C@H]2O)[C@@H](CCNC(CCOC(=O)CCC(=O)O)C(=O)O)C[C@@H](C)C(=O)/C=C/C(C)=C/[C@@H]1CO[C@@H]1O[C@H](C)[C@@H](O)[C@@H](OC)[C@H]1OC,1119.306,78,success,,outputs/mpmdb_seed_macrolide_reductive_amination/images/tylosin/tylosin_seed_amine_0058_MPM00847.png,-0.4036,-0.403632113,-1.326512098312378,-1.9620587825775146,-0.8065193295478821,38,16,22,1
tylosin_seed_amine_0059,Tylosin (Ì©ÀÖ¾úËØ),CC[C@@H]1[C@H](/C=C(/C=C/C(=O)[C@@H](C[C@@H]([C@@H]([C@H]([C@@H](CC(=O)O1)O)C)O[C@H]2[C@@H]([C@H]([C@@H]([C@H](O2)C)O[C@H]3C[C@@]([C@H]([C@@H](O3)C)O)(C)O)N(C)C)O)CC=O)C)\C)CO[C@H]4[C@@H]([C@@H]([C@@H]([C@H](O4)C)O)OC)OC,MPM00698,Homocysteine,NC(CCS)C(=O)O,1,[*:1][CX3H1:2]=[OX1].[NX3;H2:4][CX4;!a:5]>>[*:1][CH2:2][NH:4][CX4;!a:5],"[46,47]","[0,1]","[1,2]",CC[C@H]1OC(=O)C[C@@H](O)[C@H](C)[C@@H](O[C@@H]2O[C@H](C)[C@@H](O[C@H]3C[C@@](C)(O)[C@@H](O)[C@H](C)O3)[C@H](N(C)C)[C@H]2O)[C@@H](CCNC(CCS)C(=O)O)C[C@@H](C)C(=O)/C=C/C(C)=C/[C@@H]1CO[C@@H]1O[C@H](C)[C@@H](O)[C@@H](OC)[C@H]1OC,CC[C@H]1OC(=O)C[C@@H](O)[C@H](C)[C@@H](O[C@@H]2O[C@H](C)[C@@H](O[C@H]3C[C@@](C)(O)[C@@H](O)[C@H](C)O3)[C@H](N(C)C)[C@H]2O)[C@@H](CCNC(CCS)C(=O)O)C[C@@H](C)C(=O)/C=C/C(C)=C/[C@@H]1CO[C@@H]1O[C@H](C)[C@@H](O)[C@@H](OC)[C@H]1OC,1035.301,71,success,,outputs/mpmdb_seed_macrolide_reductive_amination/images/tylosin/tylosin_seed_amine_0059_MPM00698.png,-1.7247,-1.724736908,-2.2548623085021973,-3.017491102218628,-1.6308929920196533,36,15,21,1
tylosin_seed_amine_0060,Tylosin (Ì©ÀÖ¾úËØ),CC[C@@H]1[C@H](/C=C(/C=C/C(=O)[C@@H](C[C@@H]([C@@H]([C@H]([C@@H](CC(=O)O1)O)C)O[C@H]2[C@@H]([C@H]([C@@H]([C@H](O2)C)O[C@H]3C[C@@]([C@H]([C@@H](O3)C)O)(C)O)N(C)C)O)CC=O)C)\C)CO[C@H]4[C@@H]([C@@H]([C@@H]([C@H](O4)C)O)OC)OC,MPM01472,L-Cystathionine,NC(CCSCC(N)C(=O)O)C(=O)O,2,[*:1][CX3H1:2]=[OX1].[NX3;H2:4][CX4;!a:5]>>[*:1][CH2:2][NH:4][CX4;!a:5],"[46,47]","[0,1]","[1,2]",CC[C@H]1OC(=O)C[C@@H](O)[C@H](C)[C@@H](O[C@@H]2O[C@H](C)[C@@H](O[C@H]3C[C@@](C)(O)[C@@H](O)[C@H](C)O3)[C@H](N(C)C)[C@H]2O)[C@@H](CCNC(CCSCC(N)C(=O)O)C(=O)O)C[C@@H](C)C(=O)/C=C/C(C)=C/[C@@H]1CO[C@@H]1O[C@H](C)[C@@H](O)[C@@H](OC)[C@H]1OC,CC[C@H]1OC(=O)C[C@@H](O)[C@H](C)[C@@H](O[C@@H]2O[C@H](C)[C@@H](O[C@H]3C[C@@](C)(O)[C@@H](O)[C@H](C)O3)[C@H](N(C)C)[C@H]2O)[C@@H](CCNC(CCSCC(N)C(=O)O)C(=O)O)C[C@@H](C)C(=O)/C=C/C(C)=C/[C@@H]1CO[C@@H]1O[C@H](C)[C@@H](O)[C@@H](OC)[C@H]1OC,1122.379,77,success,multi_primary_amine_seed; enumerated_site,outputs/mpmdb_seed_macrolide_reductive_amination/images/tylosin/tylosin_seed_amine_0060_MPM01472.png,-0.4475,-0.447494264,-1.2637913227081299,-1.926205039024353,-0.7218161225318909,38,16,22,1
tylosin_seed_amine_0061,Tylosin (Ì©ÀÖ¾úËØ),CC[C@@H]1[C@H](/C=C(/C=C/C(=O)[C@@H](C[C@@H]([C@@H]([C@H]([C@@H](CC(=O)O1)O)C)O[C@H]2[C@@H]([C@H]([C@@H]([C@H](O2)C)O[C@H]3C[C@@]([C@H]([C@@H](O3)C)O)(C)O)N(C)C)O)CC=O)C)\C)CO[C@H]4[C@@H]([C@@H]([C@@H]([C@H](O4)C)O)OC)OC,MPM01472,L-Cystathionine,NC(CCSCC(N)C(=O)O)C(=O)O,2,[*:1][CX3H1:2]=[OX1].[NX3;H2:4][CX4;!a:5]>>[*:1][CH2:2][NH:4][CX4;!a:5],"[46,47]","[7,6]","[1,2]",CC[C@H]1OC(=O)C[C@@H](O)[C@H](C)[C@@H](O[C@@H]2O[C@H](C)[C@@H](O[C@H]3C[C@@](C)(O)[C@@H](O)[C@H](C)O3)[C@H](N(C)C)[C@H]2O)[C@@H](CCNC(CSCCC(N)C(=O)O)C(=O)O)C[C@@H](C)C(=O)/C=C/C(C)=C/[C@@H]1CO[C@@H]1O[C@H](C)[C@@H](O)[C@@H](OC)[C@H]1OC,CC[C@H]1OC(=O)C[C@@H](O)[C@H](C)[C@@H](O[C@@H]2O[C@H](C)[C@@H](O[C@H]3C[C@@](C)(O)[C@@H](O)[C@H](C)O3)[C@H](N(C)C)[C@H]2O)[C@@H](CCNC(CSCCC(N)C(=O)O)C(=O)O)C[C@@H](C)C(=O)/C=C/C(C)=C/[C@@H]1CO[C@@H]1O[C@H](C)[C@@H](O)[C@@H](OC)[C@H]1OC,1122.379,77,success,multi_primary_amine_seed; enumerated_site,outputs/mpmdb_seed_macrolide_reductive_amination/images/tylosin/tylosin_seed_amine_0061_MPM01472.png,-0.4475,-0.447538567,-1.3369121551513672,-2.0369606018066406,-0.7641451358795166,38,16,22,1
tylosin_seed_amine_0062,Tylosin (Ì©ÀÖ¾úËØ),CC[C@@H]1[C@H](/C=C(/C=C/C(=O)[C@@H](C[C@@H]([C@@H]([C@H]([C@@H](CC(=O)O1)O)C)O[C@H]2[C@@H]([C@H]([C@@H]([C@H](O2)C)O[C@H]3C[C@@]([C@H]([C@@H](O3)C)O)(C)O)N(C)C)O)CC=O)C)\C)CO[C@H]4[C@@H]([C@@H]([C@@H]([C@H](O4)C)O)OC)OC,MPM01379,D-Serine,NC(CO)C(=O)O,1,[*:1][CX3H1:2]=[OX1].[NX3;H2:4][CX4;!a:5]>>[*:1][CH2:2][NH:4][CX4;!a:5],"[46,47]","[0,1]","[1,2]",CC[C@H]1OC(=O)C[C@@H](O)[C@H](C)[C@@H](O[C@@H]2O[C@H](C)[C@@H](O[C@H]3C[C@@](C)(O)[C@@H](O)[C@H](C)O3)[C@H](N(C)C)[C@H]2O)[C@@H](CCNC(CO)C(=O)O)C[C@@H](C)C(=O)/C=C/C(C)=C/[C@@H]1CO[C@@H]1O[C@H](C)[C@@H](O)[C@@H](OC)[C@H]1OC,CC[C@H]1OC(=O)C[C@@H](O)[C@H](C)[C@@H](O[C@@H]2O[C@H](C)[C@@H](O[C@H]3C[C@@](C)(O)[C@@H](O)[C@H](C)O3)[C@H](N(C)C)[C@H]2O)[C@@H](CCNC(CO)C(=O)O)C[C@@H](C)C(=O)/C=C/C(C)=C/[C@@H]1CO[C@@H]1O[C@H](C)[C@@H](O)[C@@H](OC)[C@H]1OC,1005.206,70,success,,outputs/mpmdb_seed_macrolide_reductive_amination/images/tylosin/tylosin_seed_amine_0062_MPM01379.png,-0.3136,-0.313612647,-1.71518075466156,-2.37831449508667,-1.172616720199585,36,15,21,1
tylosin_seed_amine_0063,Tylosin (Ì©ÀÖ¾úËØ),CC[C@@H]1[C@H](/C=C(/C=C/C(=O)[C@@H](C[C@@H]([C@@H]([C@H]([C@@H](CC(=O)O1)O)C)O[C@H]2[C@@H]([C@H]([C@@H]([C@H](O2)C)O[C@H]3C[C@@]([C@H]([C@@H](O3)C)O)(C)O)N(C)C)O)CC=O)C)\C)CO[C@H]4[C@@H]([C@@H]([C@@H]([C@H](O4)C)O)OC)OC,MPM00325,3-Phospho-L-serine,NC(COP(=O)(O)O)C(=O)O,1,[*:1][CX3H1:2]=[OX1].[NX3;H2:4][CX4;!a:5]>>[*:1][CH2:2][NH:4][CX4;!a:5],"[46,47]","[0,1]","[1,2]",CC[C@H]1OC(=O)C[C@@H](O)[C@H](C)[C@@H](O[C@@H]2O[C@H](C)[C@@H](O[C@H]3C[C@@](C)(O)[C@@H](O)[C@H](C)O3)[C@H](N(C)C)[C@H]2O)[C@@H](CCNC(COP(=O)(O)O)C(=O)O)C[C@@H](C)C(=O)/C=C/C(C)=C/[C@@H]1CO[C@@H]1O[C@H](C)[C@@H](O)[C@@H](OC)[C@H]1OC,CC[C@H]1OC(=O)C[C@@H](O)[C@H](C)[C@@H](O[C@@H]2O[C@H](C)[C@@H](O[C@H]3C[C@@](C)(O)[C@@H](O)[C@H](C)O3)[C@H](N(C)C)[C@H]2O)[C@@H](CCNC(COP(=O)(O)O)C(=O)O)C[C@@H](C)C(=O)/C=C/C(C)=C/[C@@H]1CO[C@@H]1O[C@H](C)[C@@H](O)[C@@H](OC)[C@H]1OC,1085.185,74,success,,outputs/mpmdb_seed_macrolide_reductive_amination/images/tylosin/tylosin_seed_amine_0063_MPM00325.png,-0.475,-0.474955148,-1.6645833253860474,-2.3232262134552,-1.1256935596466064,37,15,22,1
tylosin_seed_amine_0064,Tylosin (Ì©ÀÖ¾úËØ),CC[C@@H]1[C@H](/C=C(/C=C/C(=O)[C@@H](C[C@@H]([C@@H]([C@H]([C@@H](CC(=O)O1)O)C)O[C@H]2[C@@H]([C@H]([C@@H]([C@H](O2)C)O[C@H]3C[C@@]([C@H]([C@@H](O3)C)O)(C)O)N(C)C)O)CC=O)C)\C)CO[C@H]4[C@@H]([C@@H]([C@@H]([C@H](O4)C)O)OC)OC,MPM00752,L-Histidinol phosphate,NC(COP(=O)(O)O)Cc1cnc[nH]1,1,[*:1][CX3H1:2]=[OX1].[NX3;H2:4][CX4;!a:5]>>[*:1][CH2:2][NH:4][CX4;!a:5],"[46,47]","[0,1]","[1,2]",CC[C@H]1OC(=O)C[C@@H](O)[C@H](C)[C@@H](O[C@@H]2O[C@H](C)[C@@H](O[C@H]3C[C@@](C)(O)[C@@H](O)[C@H](C)O3)[C@H](N(C)C)[C@H]2O)[C@@H](CCNC(COP(=O)(O)O)Cc2cnc[nH]2)C[C@@H](C)C(=O)/C=C/C(C)=C/[C@@H]1CO[C@@H]1O[C@H](C)[C@@H](O)[C@@H](OC)[C@H]1OC,CC[C@H]1OC(=O)C[C@@H](O)[C@H](C)[C@@H](O[C@@H]2O[C@H](C)[C@@H](O[C@H]3C[C@@](C)(O)[C@@H](O)[C@H](C)O3)[C@H](N(C)C)[C@H]2O)[C@@H](CCNC(COP(=O)(O)O)Cc2cnc[nH]2)C[C@@H](C)C(=O)/C=C/C(C)=C/[C@@H]1CO[C@@H]1O[C@H](C)[C@@H](O)[C@@H](OC)[C@H]1OC,1121.266,77,success,,outputs/mpmdb_seed_macrolide_reductive_amination/images/tylosin/tylosin_seed_amine_0064_MPM00752.png,-1.1097,-1.109725402,-1.8688504695892334,-2.6674745082855225,-1.2154310941696167,36,15,21,1
tylosin_seed_amine_0065,Tylosin (Ì©ÀÖ¾úËØ),CC[C@@H]1[C@H](/C=C(/C=C/C(=O)[C@@H](C[C@@H]([C@@H]([C@H]([C@@H](CC(=O)O1)O)C)O[C@H]2[C@@H]([C@H]([C@@H]([C@H](O2)C)O[C@H]3C[C@@]([C@H]([C@@H](O3)C)O)(C)O)N(C)C)O)CC=O)C)\C)CO[C@H]4[C@@H]([C@@H]([C@@H]([C@H](O4)C)O)OC)OC,MPM00667,glycerol 1-phosphoserine(1-),NC(COP(=O)(O)OCC(O)CO)C(=O)O,1,[*:1][CX3H1:2]=[OX1].[NX3;H2:4][CX4;!a:5]>>[*:1][CH2:2][NH:4][CX4;!a:5],"[46,47]","[0,1]","[1,2]",CC[C@H]1OC(=O)C[C@@H](O)[C@H](C)[C@@H](O[C@@H]2O[C@H](C)[C@@H](O[C@H]3C[C@@](C)(O)[C@@H](O)[C@H](C)O3)[C@H](N(C)C)[C@H]2O)[C@@H](CCNC(COP(=O)(O)OCC(O)CO)C(=O)O)C[C@@H](C)C(=O)/C=C/C(C)=C/[C@@H]1CO[C@@H]1O[C@H](C)[C@@H](O)[C@@H](OC)[C@H]1OC,CC[C@H]1OC(=O)C[C@@H](O)[C@H](C)[C@@H](O[C@@H]2O[C@H](C)[C@@H](O[C@H]3C[C@@](C)(O)[C@@H](O)[C@H](C)O3)[C@H](N(C)C)[C@H]2O)[C@@H](CCNC(COP(=O)(O)OCC(O)CO)C(=O)O)C[C@@H](C)C(=O)/C=C/C(C)=C/[C@@H]1CO[C@@H]1O[C@H](C)[C@@H](O)[C@@H](OC)[C@H]1OC,1159.264,79,success,,outputs/mpmdb_seed_macrolide_reductive_amination/images/tylosin/tylosin_seed_amine_0065_MPM00667.png,-0.7018,-0.701755506,-1.4171559810638428,-2.0914409160614014,-0.8654680848121643,38,16,22,1
tylosin_seed_amine_0066,Tylosin (Ì©ÀÖ¾úËØ),CC[C@@H]1[C@H](/C=C(/C=C/C(=O)[C@@H](C[C@@H]([C@@H]([C@H]([C@@H](CC(=O)O1)O)C)O[C@H]2[C@@H]([C@H]([C@@H]([C@H](O2)C)O[C@H]3C[C@@]([C@H]([C@@H](O3)C)O)(C)O)N(C)C)O)CC=O)C)\C)CO[C@H]4[C@@H]([C@@H]([C@@H]([C@H](O4)C)O)OC)OC,MPM00199,2-Amino-3-sulfopropionic acid,NC(CS(=O)(=O)O)C(=O)O,1,[*:1][CX3H1:2]=[OX1].[NX3;H2:4][CX4;!a:5]>>[*:1][CH2:2][NH:4][CX4;!a:5],"[46,47]","[0,1]","[1,2]",CC[C@H]1OC(=O)C[C@@H](O)[C@H](C)[C@@H](O[C@@H]2O[C@H](C)[C@@H](O[C@H]3C[C@@](C)(O)[C@@H](O)[C@H](C)O3)[C@H](N(C)C)[C@H]2O)[C@@H](CCNC(CS(=O)(=O)O)C(=O)O)C[C@@H](C)C(=O)/C=C/C(C)=C/[C@@H]1CO[C@@H]1O[C@H](C)[C@@H](O)[C@@H](OC)[C@H]1OC,CC[C@H]1OC(=O)C[C@@H](O)[C@H](C)[C@@H](O[C@@H]2O[C@H](C)[C@@H](O[C@H]3C[C@@](C)(O)[C@@H](O)[C@H](C)O3)[C@H](N(C)C)[C@H]2O)[C@@H](CCNC(CS(=O)(=O)O)C(=O)O)C[C@@H](C)C(=O)/C=C/C(C)=C/[C@@H]1CO[C@@H]1O[C@H](C)[C@@H](O)[C@@H](OC)[C@H]1OC,1069.271,73,success,,outputs/mpmdb_seed_macrolide_reductive_amination/images/tylosin/tylosin_seed_amine_0066_MPM00199.png,-0.1225,-0.122494196,-2.0761213302612305,-2.7005512714385986,-1.5652234554290771,37,16,21,1
tylosin_seed_amine_0067,Tylosin (Ì©ÀÖ¾úËØ),CC[C@@H]1[C@H](/C=C(/C=C/C(=O)[C@@H](C[C@@H]([C@@H]([C@H]([C@@H](CC(=O)O1)O)C)O[C@H]2[C@@H]([C@H]([C@@H]([C@H](O2)C)O[C@H]3C[C@@]([C@H]([C@@H](O3)C)O)(C)O)N(C)C)O)CC=O)C)\C)CO[C@H]4[C@@H]([C@@H]([C@@H]([C@H](O4)C)O)OC)OC,MPM00329,3-Sulfinoalanine,NC(CS(=O)O)C(=O)O,1,[*:1][CX3H1:2]=[OX1].[NX3;H2:4][CX4;!a:5]>>[*:1][CH2:2][NH:4][CX4;!a:5],"[46,47]","[0,1]","[1,2]",CC[C@H]1OC(=O)C[C@@H](O)[C@H](C)[C@@H](O[C@@H]2O[C@H](C)[C@@H](O[C@H]3C[C@@](C)(O)[C@@H](O)[C@H](C)O3)[C@H](N(C)C)[C@H]2O)[C@@H](CCNC(CS(=O)O)C(=O)O)C[C@@H](C)C(=O)/C=C/C(C)=C/[C@@H]1CO[C@@H]1O[C@H](C)[C@@H](O)[C@@H](OC)[C@H]1OC,CC[C@H]1OC(=O)C[C@@H](O)[C@H](C)[C@@H](O[C@@H]2O[C@H](C)[C@@H](O[C@H]3C[C@@](C)(O)[C@@H](O)[C@H](C)O3)[C@H](N(C)C)[C@H]2O)[C@@H](CCNC(CS(=O)O)C(=O)O)C[C@@H](C)C(=O)/C=C/C(C)=C/[C@@H]1CO[C@@H]1O[C@H](C)[C@@H](O)[C@@H](OC)[C@H]1OC,1053.272,72,success,,outputs/mpmdb_seed_macrolide_reductive_amination/images/tylosin/tylosin_seed_amine_0067_MPM00329.png,-0.1261,-0.12614524,-2.707650899887085,-3.5642518997192383,-2.00679612159729,35,14,21,1
tylosin_seed_amine_0068,Tylosin (Ì©ÀÖ¾úËØ),CC[C@@H]1[C@H](/C=C(/C=C/C(=O)[C@@H](C[C@@H]([C@@H]([C@H]([C@@H](CC(=O)O1)O)C)O[C@H]2[C@@H]([C@H]([C@@H]([C@H](O2)C)O[C@H]3C[C@@]([C@H]([C@@H](O3)C)O)(C)O)N(C)C)O)CC=O)C)\C)CO[C@H]4[C@@H]([C@@H]([C@@H]([C@H](O4)C)O)OC)OC,MPM01473,L-Cysteinylglycine,NC(CS)C(=O)NCC(=O)O,1,[*:1][CX3H1:2]=[OX1].[NX3;H2:4][CX4;!a:5]>>[*:1][CH2:2][NH:4][CX4;!a:5],"[46,47]","[0,1]","[1,2]",CC[C@H]1OC(=O)C[C@@H](O)[C@H](C)[C@@H](O[C@@H]2O[C@H](C)[C@@H](O[C@H]3C[C@@](C)(O)[C@@H](O)[C@H](C)O3)[C@H](N(C)C)[C@H]2O)[C@@H](CCNC(CS)C(=O)NCC(=O)O)C[C@@H](C)C(=O)/C=C/C(C)=C/[C@@H]1CO[C@@H]1O[C@H](C)[C@@H](O)[C@@H](OC)[C@H]1OC,CC[C@H]1OC(=O)C[C@@H](O)[C@H](C)[C@@H](O[C@@H]2O[C@H](C)[C@@H](O[C@H]3C[C@@](C)(O)[C@@H](O)[C@H](C)O3)[C@H](N(C)C)[C@H]2O)[C@@H](CCNC(CS)C(=O)NCC(=O)O)C[C@@H](C)C(=O)/C=C/C(C)=C/[C@@H]1CO[C@@H]1O[C@H](C)[C@@H](O)[C@@H](OC)[C@H]1OC,1078.326,74,success,,outputs/mpmdb_seed_macrolide_reductive_amination/images/tylosin/tylosin_seed_amine_0068_MPM01473.png,-1.636,-1.635976443,-1.3288085460662842,-1.9606207609176636,-0.8118710517883301,39,17,22,1
tylosin_seed_amine_0069,Tylosin (Ì©ÀÖ¾úËØ),CC[C@@H]1[C@H](/C=C(/C=C/C(=O)[C@@H](C[C@@H]([C@@H]([C@H]([C@@H](CC(=O)O1)O)C)O[C@H]2[C@@H]([C@H]([C@@H]([C@H](O2)C)O[C@H]3C[C@@]([C@H]([C@@H](O3)C)O)(C)O)N(C)C)O)CC=O)C)\C)CO[C@H]4[C@@H]([C@@H]([C@@H]([C@H](O4)C)O)OC)OC,MPM01361,D-Amino-3-mercaptopropionic acid,NC(CS)C(=O)O,1,[*:1][CX3H1:2]=[OX1].[NX3;H2:4][CX4;!a:5]>>[*:1][CH2:2][NH:4][CX4;!a:5],"[46,47]","[0,1]","[1,2]",CC[C@H]1OC(=O)C[C@@H](O)[C@H](C)[C@@H](O[C@@H]2O[C@H](C)[C@@H](O[C@H]3C[C@@](C)(O)[C@@H](O)[C@H](C)O3)[C@H](N(C)C)[C@H]2O)[C@@H](CCNC(CS)C(=O)O)C[C@@H](C)C(=O)/C=C/C(C)=C/[C@@H]1CO[C@@H]1O[C@H](C)[C@@H](O)[C@@H](OC)[C@H]1OC,CC[C@H]1OC(=O)C[C@@H](O)[C@H](C)[C@@H](O[C@@H]2O[C@H](C)[C@@H](O[C@H]3C[C@@](C)(O)[C@@H](O)[C@H](C)O3)[C@H](N(C)C)[C@H]2O)[C@@H](CCNC(CS)C(=O)O)C[C@@H](C)C(=O)/C=C/C(C)=C/[C@@H]1CO[C@@H]1O[C@H](C)[C@@H](O)[C@@H](OC)[C@H]1OC,1021.274,70,success,,outputs/mpmdb_seed_macrolide_reductive_amination/images/tylosin/tylosin_seed_amine_0069_MPM01361.png,-1.665,-1.664974163,-2.3387320041656494,-3.108077049255371,-1.7092679738998413,36,15,21,1
tylosin_seed_amine_0070,Tylosin (Ì©ÀÖ¾úËØ),CC[C@@H]1[C@H](/C=C(/C=C/C(=O)[C@@H](C[C@@H]([C@@H]([C@H]([C@@H](CC(=O)O1)O)C)O[C@H]2[C@@H]([C@H]([C@@H]([C@H](O2)C)O[C@H]3C[C@@]([C@H]([C@@H](O3)C)O)(C)O)N(C)C)O)CC=O)C)\C)CO[C@H]4[C@@H]([C@@H]([C@@H]([C@H](O4)C)O)OC)OC,MPM01078,(S)-alpha-Amino-beta-(3-indolyl)-propionic acid,NC(Cc1c[nH]c2ccccc12)C(=O)O,1,[*:1][CX3H1:2]=[OX1].[NX3;H2:4][CX4;!a:5]>>[*:1][CH2:2][NH:4][CX4;!a:5],"[46,47]","[0,1]","[1,2]",CC[C@H]1OC(=O)C[C@@H](O)[C@H](C)[C@@H](O[C@@H]2O[C@H](C)[C@@H](O[C@H]3C[C@@](C)(O)[C@@H](O)[C@H](C)O3)[C@H](N(C)C)[C@H]2O)[C@@H](CCNC(Cc2c[nH]c3ccccc23)C(=O)O)C[C@@H](C)C(=O)/C=C/C(C)=C/[C@@H]1CO[C@@H]1O[C@H](C)[C@@H](O)[C@@H](OC)[C@H]1OC,CC[C@H]1OC(=O)C[C@@H](O)[C@H](C)[C@@H](O[C@@H]2O[C@H](C)[C@@H](O[C@H]3C[C@@](C)(O)[C@@H](O)[C@H](C)O3)[C@H](N(C)C)[C@H]2O)[C@@H](CCNC(Cc2c[nH]c3ccccc23)C(=O)O)C[C@@H](C)C(=O)/C=C/C(C)=C/[C@@H]1CO[C@@H]1O[C@H](C)[C@@H](O)[C@@H](OC)[C@H]1OC,1104.342,78,success,,outputs/mpmdb_seed_macrolide_reductive_amination/images/tylosin/tylosin_seed_amine_0070_MPM01078.png,0.4337,0.433661908,-1.339312195777893,-1.961284875869751,-0.8304254412651062,39,17,22,1
tylosin_seed_amine_0071,Tylosin (Ì©ÀÖ¾úËØ),CC[C@@H]1[C@H](/C=C(/C=C/C(=O)[C@@H](C[C@@H]([C@@H]([C@H]([C@@H](CC(=O)O1)O)C)O[C@H]2[C@@H]([C@H]([C@@H]([C@H](O2)C)O[C@H]3C[C@@]([C@H]([C@@H](O3)C)O)(C)O)N(C)C)O)CC=O)C)\C)CO[C@H]4[C@@H]([C@@H]([C@@H]([C@H](O4)C)O)OC)OC,MPM01639,Tyrosine,NC(Cc1ccc(O)cc1)C(=O)O,1,[*:1][CX3H1:2]=[OX1].[NX3;H2:4][CX4;!a:5]>>[*:1][CH2:2][NH:4][CX4;!a:5],"[46,47]","[0,1]","[1,2]",CC[C@H]1OC(=O)C[C@@H](O)[C@H](C)[C@@H](O[C@@H]2O[C@H](C)[C@@H](O[C@H]3C[C@@](C)(O)[C@@H](O)[C@H](C)O3)[C@H](N(C)C)[C@H]2O)[C@@H](CCNC(Cc2ccc(O)cc2)C(=O)O)C[C@@H](C)C(=O)/C=C/C(C)=C/[C@@H]1CO[C@@H]1O[C@H](C)[C@@H](O)[C@@H](OC)[C@H]1OC,CC[C@H]1OC(=O)C[C@@H](O)[C@H](C)[C@@H](O[C@@H]2O[C@H](C)[C@@H](O[C@H]3C[C@@](C)(O)[C@@H](O)[C@H](C)O3)[C@H](N(C)C)[C@H]2O)[C@@H](CCNC(Cc2ccc(O)cc2)C(=O)O)C[C@@H](C)C(=O)/C=C/C(C)=C/[C@@H]1CO[C@@H]1O[C@H](C)[C@@H](O)[C@@H](OC)[C@H]1OC,1081.304,76,success,,outputs/mpmdb_seed_macrolide_reductive_amination/images/tylosin/tylosin_seed_amine_0071_MPM01639.png,-0.1762,-0.176170672,-3.928834915161133,-5.013657569885254,-3.041252374649048,29,11,18,1
tylosin_seed_amine_0072,Tylosin (Ì©ÀÖ¾úËØ),CC[C@@H]1[C@H](/C=C(/C=C/C(=O)[C@@H](C[C@@H]([C@@H]([C@H]([C@@H](CC(=O)O1)O)C)O[C@H]2[C@@H]([C@H]([C@@H]([C@H](O2)C)O[C@H]3C[C@@]([C@H]([C@@H](O3)C)O)(C)O)N(C)C)O)CC=O)C)\C)CO[C@H]4[C@@H]([C@@H]([C@@H]([C@H](O4)C)O)OC)OC,MPM00895,Phosphonotyrosine,NC(Cc1ccc(OP(=O)(O)O)cc1)C(=O)O,1,[*:1][CX3H1:2]=[OX1].[NX3;H2:4][CX4;!a:5]>>[*:1][CH2:2][NH:4][CX4;!a:5],"[46,47]","[0,1]","[1,2]",CC[C@H]1OC(=O)C[C@@H](O)[C@H](C)[C@@H](O[C@@H]2O[C@H](C)[C@@H](O[C@H]3C[C@@](C)(O)[C@@H](O)[C@H](C)O3)[C@H](N(C)C)[C@H]2O)[C@@H](CCNC(Cc2ccc(OP(=O)(O)O)cc2)C(=O)O)C[C@@H](C)C(=O)/C=C/C(C)=C/[C@@H]1CO[C@@H]1O[C@H](C)[C@@H](O)[C@@H](OC)[C@H]1OC,CC[C@H]1OC(=O)C[C@@H](O)[C@H](C)[C@@H](O[C@@H]2O[C@H](C)[C@@H](O[C@H]3C[C@@](C)(O)[C@@H](O)[C@H](C)O3)[C@H](N(C)C)[C@H]2O)[C@@H](CCNC(Cc2ccc(OP(=O)(O)O)cc2)C(=O)O)C[C@@H](C)C(=O)/C=C/C(C)=C/[C@@H]1CO[C@@H]1O[C@H](C)[C@@H](O)[C@@H](OC)[C@H]1OC,1161.283,80,success,,outputs/mpmdb_seed_macrolide_reductive_amination/images/tylosin/tylosin_seed_amine_0072_MPM00895.png,-0.7248,-0.724771271,-2.4921364784240723,-3.452786684036255,-1.7061501741409302,36,15,21,1
tylosin_seed_amine_0073,Tylosin (Ì©ÀÖ¾úËØ),CC[C@@H]1[C@H](/C=C(/C=C/C(=O)[C@@H](C[C@@H]([C@@H]([C@H]([C@@H](CC(=O)O1)O)C)O[C@H]2[C@@H]([C@H]([C@@H]([C@H](O2)C)O[C@H]3C[C@@]([C@H]([C@@H](O3)C)O)(C)O)N(C)C)O)CC=O)C)\C)CO[C@H]4[C@@H]([C@@H]([C@@H]([C@H](O4)C)O)OC)OC,MPM00612,D-phenylalanine,NC(Cc1ccccc1)C(=O)O,1,[*:1][CX3H1:2]=[OX1].[NX3;H2:4][CX4;!a:5]>>[*:1][CH2:2][NH:4][CX4;!a:5],"[46,47]","[0,1]","[1,2]",CC[C@H]1OC(=O)C[C@@H](O)[C@H](C)[C@@H](O[C@@H]2O[C@H](C)[C@@H](O[C@H]3C[C@@](C)(O)[C@@H](O)[C@H](C)O3)[C@H](N(C)C)[C@H]2O)[C@@H](CCNC(Cc2ccccc2)C(=O)O)C[C@@H](C)C(=O)/C=C/C(C)=C/[C@@H]1CO[C@@H]1O[C@H](C)[C@@H](O)[C@@H](OC)[C@H]1OC,CC[C@H]1OC(=O)C[C@@H](O)[C@H](C)[C@@H](O[C@@H]2O[C@H](C)[C@@H](O[C@H]3C[C@@](C)(O)[C@@H](O)[C@H](C)O3)[C@H](N(C)C)[C@H]2O)[C@@H](CCNC(Cc2ccccc2)C(=O)O)C[C@@H](C)C(=O)/C=C/C(C)=C/[C@@H]1CO[C@@H]1O[C@H](C)[C@@H](O)[C@@H](OC)[C@H]1OC,1065.305,75,success,,outputs/mpmdb_seed_macrolide_reductive_amination/images/tylosin/tylosin_seed_amine_0073_MPM00612.png,-0.5472,-0.547150443,-2.1581079959869385,-3.048365592956543,-1.4297150373458862,37,15,22,1
tylosin_seed_amine_0074,Tylosin (Ì©ÀÖ¾úËØ),CC[C@@H]1[C@H](/C=C(/C=C/C(=O)[C@@H](C[C@@H]([C@@H]([C@H]([C@@H](CC(=O)O1)O)C)O[C@H]2[C@@H]([C@H]([C@@H]([C@H](O2)C)O[C@H]3C[C@@]([C@H]([C@@H](O3)C)O)(C)O)N(C)C)O)CC=O)C)\C)CO[C@H]4[C@@H]([C@@H]([C@@H]([C@H](O4)C)O)OC)OC,MPM01077,(S)-alpha-Amino-1H-imidazole-4-propionic acid,NC(Cc1cnc[nH]1)C(=O)O,1,[*:1][CX3H1:2]=[OX1].[NX3;H2:4][CX4;!a:5]>>[*:1][CH2:2][NH:4][CX4;!a:5],"[46,47]","[0,1]","[1,2]",CC[C@H]1OC(=O)C[C@@H](O)[C@H](C)[C@@H](O[C@@H]2O[C@H](C)[C@@H](O[C@H]3C[C@@](C)(O)[C@@H](O)[C@H](C)O3)[C@H](N(C)C)[C@H]2O)[C@@H](CCNC(Cc2cnc[nH]2)C(=O)O)C[C@@H](C)C(=O)/C=C/C(C)=C/[C@@H]1CO[C@@H]1O[C@H](C)[C@@H](O)[C@@H](OC)[C@H]1OC,CC[C@H]1OC(=O)C[C@@H](O)[C@H](C)[C@@H](O[C@@H]2O[C@H](C)[C@@H](O[C@H]3C[C@@](C)(O)[C@@H](O)[C@H](C)O3)[C@H](N(C)C)[C@H]2O)[C@@H](CCNC(Cc2cnc[nH]2)C(=O)O)C[C@@H](C)C(=O)/C=C/C(C)=C/[C@@H]1CO[C@@H]1O[C@H](C)[C@@H](O)[C@@H](OC)[C@H]1OC,1055.27,74,success,,outputs/mpmdb_seed_macrolide_reductive_amination/images/tylosin/tylosin_seed_amine_0074_MPM01077.png,-0.5455,-0.545538181,-0.8988677859306335,-1.4302239418029785,-0.4641219973564148,39,17,22,1
tylosin_seed_amine_0075,Tylosin (Ì©ÀÖ¾úËØ),CC[C@@H]1[C@H](/C=C(/C=C/C(=O)[C@@H](C[C@@H]([C@@H]([C@H]([C@@H](CC(=O)O1)O)C)O[C@H]2[C@@H]([C@H]([C@@H]([C@H](O2)C)O[C@H]3C[C@@]([C@H]([C@@H](O3)C)O)(C)O)N(C)C)O)CC=O)C)\C)CO[C@H]4[C@@H]([C@@H]([C@@H]([C@H](O4)C)O)OC)OC,MPM00541,D-2-Amino-5-guanidinovaleric acid,NC(N)=NCCCC(N)C(=O)O,1,[*:1][CX3H1:2]=[OX1].[NX3;H2:4][CX4;!a:5]>>[*:1][CH2:2][NH:4][CX4;!a:5],"[46,47]","[8,7]","[1,2]",CC[C@H]1OC(=O)C[C@@H](O)[C@H](C)[C@@H](O[C@@H]2O[C@H](C)[C@@H](O[C@H]3C[C@@](C)(O)[C@@H](O)[C@H](C)O3)[C@H](N(C)C)[C@H]2O)[C@@H](CCNC(CCCN=C(N)N)C(=O)O)C[C@@H](C)C(=O)/C=C/C(C)=C/[C@@H]1CO[C@@H]1O[C@H](C)[C@@H](O)[C@@H](OC)[C@H]1OC,CC[C@H]1OC(=O)C[C@@H](O)[C@H](C)[C@@H](O[C@@H]2O[C@H](C)[C@@H](O[C@H]3C[C@@](C)(O)[C@@H](O)[C@H](C)O3)[C@H](N(C)C)[C@H]2O)[C@@H](CCNC(CCCN=C(N)N)C(=O)O)C[C@@H](C)C(=O)/C=C/C(C)=C/[C@@H]1CO[C@@H]1O[C@H](C)[C@@H](O)[C@@H](OC)[C@H]1OC,1074.317,75,success,,outputs/mpmdb_seed_macrolide_reductive_amination/images/tylosin/tylosin_seed_amine_0075_MPM00541.png,-0.3802,-0.380217342,-1.9575440883636475,-2.63657283782959,-1.401975154876709,37,16,21,1
tylosin_seed_amine_0076,Tylosin (Ì©ÀÖ¾úËØ),CC[C@@H]1[C@H](/C=C(/C=C/C(=O)[C@@H](C[C@@H]([C@@H]([C@H]([C@@H](CC(=O)O1)O)C)O[C@H]2[C@@H]([C@H]([C@@H]([C@H](O2)C)O[C@H]3C[C@@]([C@H]([C@@H](O3)C)O)(C)O)N(C)C)O)CC=O)C)\C)CO[C@H]4[C@@H]([C@@H]([C@@H]([C@H](O4)C)O)OC)OC,MPM00198,2-Amino-2-deoxy-D-glucose,NC1C(O)OC(CO)C(O)C1O,1,[*:1][CX3H1:2]=[OX1].[NX3;H2:4][CX4;!a:5]>>[*:1][CH2:2][NH:4][CX4;!a:5],"[46,47]","[0,1]","[1,2]",CC[C@H]1OC(=O)C[C@@H](O)[C@H](C)[C@@H](O[C@@H]2O[C@H](C)[C@@H](O[C@H]3C[C@@](C)(O)[C@@H](O)[C@H](C)O3)[C@H](N(C)C)[C@H]2O)[C@@H](CCNC2C(O)OC(CO)C(O)C2O)C[C@@H](C)C(=O)/C=C/C(C)=C/[C@@H]1CO[C@@H]1O[C@H](C)[C@@H](O)[C@@H](OC)[C@H]1OC,CC[C@H]1OC(=O)C[C@@H](O)[C@H](C)[C@@H](O[C@@H]2O[C@H](C)[C@@H](O[C@H]3C[C@@](C)(O)[C@@H](O)[C@H](C)O3)[C@H](N(C)C)[C@H]2O)[C@@H](CCNC2C(O)OC(CO)C(O)C2O)C[C@@H](C)C(=O)/C=C/C(C)=C/[C@@H]1CO[C@@H]1O[C@H](C)[C@@H](O)[C@@H](OC)[C@H]1OC,1079.285,75,success,,outputs/mpmdb_seed_macrolide_reductive_amination/images/tylosin/tylosin_seed_amine_0076_MPM00198.png,-1.3874,-1.387366064,-1.5106230974197388,-2.3526790142059326,-0.8216685652732849,36,15,21,1
tylosin_seed_amine_0077,Tylosin (Ì©ÀÖ¾úËØ),CC[C@@H]1[C@H](/C=C(/C=C/C(=O)[C@@H](C[C@@H]([C@@H]([C@H]([C@@H](CC(=O)O1)O)C)O[C@H]2[C@@H]([C@H]([C@@H]([C@H](O2)C)O[C@H]3C[C@@]([C@H]([C@@H](O3)C)O)(C)O)N(C)C)O)CC=O)C)\C)CO[C@H]4[C@@H]([C@@H]([C@@H]([C@H](O4)C)O)OC)OC,MPM00580,D-Glucosamine phosphate,NC1C(O)OC(COP(=O)(O)O)C(O)C1O,1,[*:1][CX3H1:2]=[OX1].[NX3;H2:4][CX4;!a:5]>>[*:1][CH2:2][NH:4][CX4;!a:5],"[46,47]","[0,1]","[1,2]",CC[C@H]1OC(=O)C[C@@H](O)[C@H](C)[C@@H](O[C@@H]2O[C@H](C)[C@@H](O[C@H]3C[C@@](C)(O)[C@@H](O)[C@H](C)O3)[C@H](N(C)C)[C@H]2O)[C@@H](CCNC2C(O)OC(COP(=O)(O)O)C(O)C2O)C[C@@H](C)C(=O)/C=C/C(C)=C/[C@@H]1CO[C@@H]1O[C@H](C)[C@@H](O)[C@@H](OC)[C@H]1OC,CC[C@H]1OC(=O)C[C@@H](O)[C@H](C)[C@@H](O[C@@H]2O[C@H](C)[C@@H](O[C@H]3C[C@@](C)(O)[C@@H](O)[C@H](C)O3)[C@H](N(C)C)[C@H]2O)[C@@H](CCNC2C(O)OC(COP(=O)(O)O)C(O)C2O)C[C@@H](C)C(=O)/C=C/C(C)=C/[C@@H]1CO[C@@H]1O[C@H](C)[C@@H](O)[C@@H](OC)[C@H]1OC,1159.264,79,success,,outputs/mpmdb_seed_macrolide_reductive_amination/images/tylosin/tylosin_seed_amine_0077_MPM00580.png,-1.5415,-1.541498938,-1.6329728364944458,-2.478919267654419,-0.940834641456604,36,15,21,1
tylosin_seed_amine_0078,Tylosin (Ì©ÀÖ¾úËØ),CC[C@@H]1[C@H](/C=C(/C=C/C(=O)[C@@H](C[C@@H]([C@@H]([C@H]([C@@H](CC(=O)O1)O)C)O[C@H]2[C@@H]([C@H]([C@@H]([C@H](O2)C)O[C@H]3C[C@@]([C@H]([C@@H](O3)C)O)(C)O)N(C)C)O)CC=O)C)\C)CO[C@H]4[C@@H]([C@@H]([C@@H]([C@H](O4)C)O)OC)OC,MPM00579,D-Glucosamine 1-phosphate,NC1C(OP(=O)(O)O)OC(CO)C(O)C1O,1,[*:1][CX3H1:2]=[OX1].[NX3;H2:4][CX4;!a:5]>>[*:1][CH2:2][NH:4][CX4;!a:5],"[46,47]","[0,1]","[1,2]",CC[C@H]1OC(=O)C[C@@H](O)[C@H](C)[C@@H](O[C@@H]2O[C@H](C)[C@@H](O[C@H]3C[C@@](C)(O)[C@@H](O)[C@H](C)O3)[C@H](N(C)C)[C@H]2O)[C@@H](CCNC2C(OP(=O)(O)O)OC(CO)C(O)C2O)C[C@@H](C)C(=O)/C=C/C(C)=C/[C@@H]1CO[C@@H]1O[C@H](C)[C@@H](O)[C@@H](OC)[C@H]1OC,CC[C@H]1OC(=O)C[C@@H](O)[C@H](C)[C@@H](O[C@@H]2O[C@H](C)[C@@H](O[C@H]3C[C@@](C)(O)[C@@H](O)[C@H](C)O3)[C@H](N(C)C)[C@H]2O)[C@@H](CCNC2C(OP(=O)(O)O)OC(CO)C(O)C2O)C[C@@H](C)C(=O)/C=C/C(C)=C/[C@@H]1CO[C@@H]1O[C@H](C)[C@@H](O)[C@@H](OC)[C@H]1OC,1159.264,79,success,,outputs/mpmdb_seed_macrolide_reductive_amination/images/tylosin/tylosin_seed_amine_0078_MPM00579.png,-2.4694,-2.469395479,-1.638512134552002,-2.488452196121216,-0.9431068301200867,36,15,21,1
tylosin_seed_amine_0079,Tylosin (Ì©ÀÖ¾úËØ),CC[C@@H]1[C@H](/C=C(/C=C/C(=O)[C@@H](C[C@@H]([C@@H]([C@H]([C@@H](CC(=O)O1)O)C)O[C@H]2[C@@H]([C@H]([C@@H]([C@H](O2)C)O[C@H]3C[C@@]([C@H]([C@@H](O3)C)O)(C)O)N(C)C)O)CC=O)C)\C)CO[C@H]4[C@@H]([C@@H]([C@@H]([C@H](O4)C)O)OC)OC,MPM01242,5-Amino-4-oxovaleric acid,NCC(=O)CCC(=O)O,1,[*:1][CX3H1:2]=[OX1].[NX3;H2:4][CX4;!a:5]>>[*:1][CH2:2][NH:4][CX4;!a:5],"[46,47]","[0,1]","[1,2]",CC[C@H]1OC(=O)C[C@@H](O)[C@H](C)[C@@H](O[C@@H]2O[C@H](C)[C@@H](O[C@H]3C[C@@](C)(O)[C@@H](O)[C@H](C)O3)[C@H](N(C)C)[C@H]2O)[C@@H](CCNCC(=O)CCC(=O)O)C[C@@H](C)C(=O)/C=C/C(C)=C/[C@@H]1CO[C@@H]1O[C@H](C)[C@@H](O)[C@@H](OC)[C@H]1OC,CC[C@H]1OC(=O)C[C@@H](O)[C@H](C)[C@@H](O[C@@H]2O[C@H](C)[C@@H](O[C@H]3C[C@@](C)(O)[C@@H](O)[C@H](C)O3)[C@H](N(C)C)[C@H]2O)[C@@H](CCNCC(=O)CCC(=O)O)C[C@@H](C)C(=O)/C=C/C(C)=C/[C@@H]1CO[C@@H]1O[C@H](C)[C@@H](O)[C@@H](OC)[C@H]1OC,1031.244,72,success,,outputs/mpmdb_seed_macrolide_reductive_amination/images/tylosin/tylosin_seed_amine_0079_MPM01242.png,-0.2809,-0.280904446,-2.7116482257843018,-3.7507596015930176,-1.861465334892273,33,13,20,1
tylosin_seed_amine_0080,Tylosin (Ì©ÀÖ¾úËØ),CC[C@@H]1[C@H](/C=C(/C=C/C(=O)[C@@H](C[C@@H]([C@@H]([C@H]([C@@H](CC(=O)O1)O)C)O[C@H]2[C@@H]([C@H]([C@@H]([C@H](O2)C)O[C@H]3C[C@@]([C@H]([C@@H](O3)C)O)(C)O)N(C)C)O)CC=O)C)\C)CO[C@H]4[C@@H]([C@@H]([C@@H]([C@H](O4)C)O)OC)OC,MPM00664,Gly-Asp,NCC(=O)NC(CC(=O)O)C(=O)O,1,[*:1][CX3H1:2]=[OX1].[NX3;H2:4][CX4;!a:5]>>[*:1][CH2:2][NH:4][CX4;!a:5],"[46,47]","[0,1]","[1,2]",CC[C@H]1OC(=O)C[C@@H](O)[C@H](C)[C@@H](O[C@@H]2O[C@H](C)[C@@H](O[C@H]3C[C@@](C)(O)[C@@H](O)[C@H](C)O3)[C@H](N(C)C)[C@H]2O)[C@@H](CCNCC(=O)NC(CC(=O)O)C(=O)O)C[C@@H](C)C(=O)/C=C/C(C)=C/[C@@H]1CO[C@@H]1O[C@H](C)[C@@H](O)[C@@H](OC)[C@H]1OC,CC[C@H]1OC(=O)C[C@@H](O)[C@H](C)[C@@H](O[C@@H]2O[C@H](C)[C@@H](O[C@H]3C[C@@](C)(O)[C@@H](O)[C@H](C)O3)[C@H](N(C)C)[C@H]2O)[C@@H](CCNCC(=O)NC(CC(=O)O)C(=O)O)C[C@@H](C)C(=O)/C=C/C(C)=C/[C@@H]1CO[C@@H]1O[C@H](C)[C@@H](O)[C@@H](OC)[C@H]1OC,1090.268,76,success,,outputs/mpmdb_seed_macrolide_reductive_amination/images/tylosin/tylosin_seed_amine_0080_MPM00664.png,-0.0752,-0.075222701,-1.5265424251556396,-2.2720863819122314,-0.9165518283843994,38,16,22,1
tylosin_seed_amine_0081,Tylosin (Ì©ÀÖ¾úËØ),CC[C@@H]1[C@H](/C=C(/C=C/C(=O)[C@@H](C[C@@H]([C@@H]([C@H]([C@@H](CC(=O)O1)O)C)O[C@H]2[C@@H]([C@H]([C@@H]([C@H](O2)C)O[C@H]3C[C@@]([C@H]([C@@H](O3)C)O)(C)O)N(C)C)O)CC=O)C)\C)CO[C@H]4[C@@H]([C@@H]([C@@H]([C@H](O4)C)O)OC)OC,MPM00674,Glycyl-l-glutamine,NCC(=O)NC(CCC(N)=O)C(=O)O,1,[*:1][CX3H1:2]=[OX1].[NX3;H2:4][CX4;!a:5]>>[*:1][CH2:2][NH:4][CX4;!a:5],"[46,47]","[0,1]","[1,2]",CC[C@H]1OC(=O)C[C@@H](O)[C@H](C)[C@@H](O[C@@H]2O[C@H](C)[C@@H](O[C@H]3C[C@@](C)(O)[C@@H](O)[C@H](C)O3)[C@H](N(C)C)[C@H]2O)[C@@H](CCNCC(=O)NC(CCC(N)=O)C(=O)O)C[C@@H](C)C(=O)/C=C/C(C)=C/[C@@H]1CO[C@@H]1O[C@H](C)[C@@H](O)[C@@H](OC)[C@H]1OC,CC[C@H]1OC(=O)C[C@@H](O)[C@H](C)[C@@H](O[C@@H]2O[C@H](C)[C@@H](O[C@H]3C[C@@](C)(O)[C@@H](O)[C@H](C)O3)[C@H](N(C)C)[C@H]2O)[C@@H](CCNCC(=O)NC(CCC(N)=O)C(=O)O)C[C@@H](C)C(=O)/C=C/C(C)=C/[C@@H]1CO[C@@H]1O[C@H](C)[C@@H](O)[C@@H](OC)[C@H]1OC,1103.311,77,success,,outputs/mpmdb_seed_macrolide_reductive_amination/images/tylosin/tylosin_seed_amine_0081_MPM00674.png,-0.0819,-0.081908792,-2.7891852855682373,-3.7593486309051514,-1.995415210723877,32,12,20,1
tylosin_seed_amine_0082,Tylosin (Ì©ÀÖ¾úËØ),CC[C@@H]1[C@H](/C=C(/C=C/C(=O)[C@@H](C[C@@H]([C@@H]([C@H]([C@@H](CC(=O)O1)O)C)O[C@H]2[C@@H]([C@H]([C@@H]([C@H](O2)C)O[C@H]3C[C@@]([C@H]([C@@H](O3)C)O)(C)O)N(C)C)O)CC=O)C)\C)CO[C@H]4[C@@H]([C@@H]([C@@H]([C@H](O4)C)O)OC)OC,MPM00673,Glycylcysteine,NCC(=O)NC(CS)C(=O)O,1,[*:1][CX3H1:2]=[OX1].[NX3;H2:4][CX4;!a:5]>>[*:1][CH2:2][NH:4][CX4;!a:5],"[46,47]","[0,1]","[1,2]",CC[C@H]1OC(=O)C[C@@H](O)[C@H](C)[C@@H](O[C@@H]2O[C@H](C)[C@@H](O[C@H]3C[C@@](C)(O)[C@@H](O)[C@H](C)O3)[C@H](N(C)C)[C@H]2O)[C@@H](CCNCC(=O)NC(CS)C(=O)O)C[C@@H](C)C(=O)/C=C/C(C)=C/[C@@H]1CO[C@@H]1O[C@H](C)[C@@H](O)[C@@H](OC)[C@H]1OC,CC[C@H]1OC(=O)C[C@@H](O)[C@H](C)[C@@H](O[C@@H]2O[C@H](C)[C@@H](O[C@H]3C[C@@](C)(O)[C@@H](O)[C@H](C)O3)[C@H](N(C)C)[C@H]2O)[C@@H](CCNCC(=O)NC(CS)C(=O)O)C[C@@H](C)C(=O)/C=C/C(C)=C/[C@@H]1CO[C@@H]1O[C@H](C)[C@@H](O)[C@@H](OC)[C@H]1OC,1078.326,74,success,,outputs/mpmdb_seed_macrolide_reductive_amination/images/tylosin/tylosin_seed_amine_0082_MPM00673.png,-1.5145,-1.514509144,-2.8664586544036865,-3.964287757873535,-1.968234896659851,33,13,20,1
tylosin_seed_amine_0083,Tylosin (Ì©ÀÖ¾úËØ),CC[C@@H]1[C@H](/C=C(/C=C/C(=O)[C@@H](C[C@@H]([C@@H]([C@H]([C@@H](CC(=O)O1)O)C)O[C@H]2[C@@H]([C@H]([C@@H]([C@H](O2)C)O[C@H]3C[C@@]([C@H]([C@@H](O3)C)O)(C)O)N(C)C)O)CC=O)C)\C)CO[C@H]4[C@@H]([C@@H]([C@@H]([C@H](O4)C)O)OC)OC,MPM00677,Glycyl-L-tyrosine,NCC(=O)NC(Cc1ccc(O)cc1)C(=O)O,1,[*:1][CX3H1:2]=[OX1].[NX3;H2:4][CX4;!a:5]>>[*:1][CH2:2][NH:4][CX4;!a:5],"[46,47]","[0,1]","[1,2]",CC[C@H]1OC(=O)C[C@@H](O)[C@H](C)[C@@H](O[C@@H]2O[C@H](C)[C@@H](O[C@H]3C[C@@](C)(O)[C@@H](O)[C@H](C)O3)[C@H](N(C)C)[C@H]2O)[C@@H](CCNCC(=O)NC(Cc2ccc(O)cc2)C(=O)O)C[C@@H](C)C(=O)/C=C/C(C)=C/[C@@H]1CO[C@@H]1O[C@H](C)[C@@H](O)[C@@H](OC)[C@H]1OC,CC[C@H]1OC(=O)C[C@@H](O)[C@H](C)[C@@H](O[C@@H]2O[C@H](C)[C@@H](O[C@H]3C[C@@](C)(O)[C@@H](O)[C@H](C)O3)[C@H](N(C)C)[C@H]2O)[C@@H](CCNCC(=O)NC(Cc2ccc(O)cc2)C(=O)O)C[C@@H](C)C(=O)/C=C/C(C)=C/[C@@H]1CO[C@@H]1O[C@H](C)[C@@H](O)[C@@H](OC)[C@H]1OC,1138.356,80,success,,outputs/mpmdb_seed_macrolide_reductive_amination/images/tylosin/tylosin_seed_amine_0083_MPM00677.png,0.0139,0.013916258,-3.0504298210144043,-4.134054183959961,-2.1638283729553223,35,13,22,1
tylosin_seed_amine_0084,Tylosin (Ì©ÀÖ¾úËØ),CC[C@@H]1[C@H](/C=C(/C=C/C(=O)[C@@H](C[C@@H]([C@@H]([C@H]([C@@H](CC(=O)O1)O)C)O[C@H]2[C@@H]([C@H]([C@@H]([C@H](O2)C)O[C@H]3C[C@@]([C@H]([C@@H](O3)C)O)(C)O)N(C)C)O)CC=O)C)\C)CO[C@H]4[C@@H]([C@@H]([C@@H]([C@H](O4)C)O)OC)OC,MPM00676,Glycyl-L-phenylalanine,NCC(=O)NC(Cc1ccccc1)C(=O)O,1,[*:1][CX3H1:2]=[OX1].[NX3;H2:4][CX4;!a:5]>>[*:1][CH2:2][NH:4][CX4;!a:5],"[46,47]","[0,1]","[1,2]",CC[C@H]1OC(=O)C[C@@H](O)[C@H](C)[C@@H](O[C@@H]2O[C@H](C)[C@@H](O[C@H]3C[C@@](C)(O)[C@@H](O)[C@H](C)O3)[C@H](N(C)C)[C@H]2O)[C@@H](CCNCC(=O)NC(Cc2ccccc2)C(=O)O)C[C@@H](C)C(=O)/C=C/C(C)=C/[C@@H]1CO[C@@H]1O[C@H](C)[C@@H](O)[C@@H](OC)[C@H]1OC,CC[C@H]1OC(=O)C[C@@H](O)[C@H](C)[C@@H](O[C@@H]2O[C@H](C)[C@@H](O[C@H]3C[C@@](C)(O)[C@@H](O)[C@H](C)O3)[C@H](N(C)C)[C@H]2O)[C@@H](CCNCC(=O)NC(Cc2ccccc2)C(=O)O)C[C@@H](C)C(=O)/C=C/C(C)=C/[C@@H]1CO[C@@H]1O[C@H](C)[C@@H](O)[C@@H](OC)[C@H]1OC,1122.357,79,success,,outputs/mpmdb_seed_macrolide_reductive_amination/images/tylosin/tylosin_seed_amine_0084_MPM00676.png,-0.3511,-0.351142845,-1.2669049501419067,-2.0033199787139893,-0.6643835306167603,38,16,22,1
tylosin_seed_amine_0085,Tylosin (Ì©ÀÖ¾úËØ),CC[C@@H]1[C@H](/C=C(/C=C/C(=O)[C@@H](C[C@@H]([C@@H]([C@H]([C@@H](CC(=O)O1)O)C)O[C@H]2[C@@H]([C@H]([C@@H]([C@H](O2)C)O[C@H]3C[C@@]([C@H]([C@@H](O3)C)O)(C)O)N(C)C)O)CC=O)C)\C)CO[C@H]4[C@@H]([C@@H]([C@@H]([C@H](O4)C)O)OC)OC,MPM00796,N1-(5-Phospho-beta-D-ribosyl)glycinamide,NCC(=O)NC1OC(COP(=O)(O)O)C(O)C1O,1,[*:1][CX3H1:2]=[OX1].[NX3;H2:4][CX4;!a:5]>>[*:1][CH2:2][NH:4][CX4;!a:5],"[46,47]","[0,1]","[1,2]",CC[C@H]1OC(=O)C[C@@H](O)[C@H](C)[C@@H](O[C@@H]2O[C@H](C)[C@@H](O[C@H]3C[C@@](C)(O)[C@@H](O)[C@H](C)O3)[C@H](N(C)C)[C@H]2O)[C@@H](CCNCC(=O)NC2OC(COP(=O)(O)O)C(O)C2O)C[C@@H](C)C(=O)/C=C/C(C)=C/[C@@H]1CO[C@@H]1O[C@H](C)[C@@H](O)[C@@H](OC)[C@H]1OC,CC[C@H]1OC(=O)C[C@@H](O)[C@H](C)[C@@H](O[C@@H]2O[C@H](C)[C@@H](O[C@H]3C[C@@](C)(O)[C@@H](O)[C@H](C)O3)[C@H](N(C)C)[C@H]2O)[C@@H](CCNCC(=O)NC2OC(COP(=O)(O)O)C(O)C2O)C[C@@H](C)C(=O)/C=C/C(C)=C/[C@@H]1CO[C@@H]1O[C@H](C)[C@@H](O)[C@@H](OC)[C@H]1OC,1186.29,81,success,,outputs/mpmdb_seed_macrolide_reductive_amination/images/tylosin/tylosin_seed_amine_0085_MPM00796.png,-1.2875,-1.287466892,-1.758797526359558,-2.547100305557251,-1.1138229370117188,38,16,22,1
tylosin_seed_amine_0086,Tylosin (Ì©ÀÖ¾úËØ),CC[C@@H]1[C@H](/C=C(/C=C/C(=O)[C@@H](C[C@@H]([C@@H]([C@H]([C@@H](CC(=O)O1)O)C)O[C@H]2[C@@H]([C@H]([C@@H]([C@H](O2)C)O[C@H]3C[C@@]([C@H]([C@@H](O3)C)O)(C)O)N(C)C)O)CC=O)C)\C)CO[C@H]4[C@@H]([C@@H]([C@@H]([C@H](O4)C)O)OC)OC,MPM01413,Gly,NCC(=O)O,1,[*:1][CX3H1:2]=[OX1].[NX3;H2:4][CX4;!a:5]>>[*:1][CH2:2][NH:4][CX4;!a:5],"[46,47]","[0,1]","[1,2]",CC[C@H]1OC(=O)C[C@@H](O)[C@H](C)[C@@H](O[C@@H]2O[C@H](C)[C@@H](O[C@H]3C[C@@](C)(O)[C@@H](O)[C@H](C)O3)[C@H](N(C)C)[C@H]2O)[C@@H](CCNCC(=O)O)C[C@@H](C)C(=O)/C=C/C(C)=C/[C@@H]1CO[C@@H]1O[C@H](C)[C@@H](O)[C@@H](OC)[C@H]1OC,CC[C@H]1OC(=O)C[C@@H](O)[C@H](C)[C@@H](O[C@@H]2O[C@H](C)[C@@H](O[C@H]3C[C@@](C)(O)[C@@H](O)[C@H](C)O3)[C@H](N(C)C)[C@H]2O)[C@@H](CCNCC(=O)O)C[C@@H](C)C(=O)/C=C/C(C)=C/[C@@H]1CO[C@@H]1O[C@H](C)[C@@H](O)[C@@H](OC)[C@H]1OC,975.18,68,success,,outputs/mpmdb_seed_macrolide_reductive_amination/images/tylosin/tylosin_seed_amine_0086_MPM01413.png,0.0618,0.061788326,-1.8237346410751343,-2.518885850906372,-1.2549744844436646,36,15,21,1
tylosin_seed_amine_0087,Tylosin (Ì©ÀÖ¾úËØ),CC[C@@H]1[C@H](/C=C(/C=C/C(=O)[C@@H](C[C@@H]([C@@H]([C@H]([C@@H](CC(=O)O1)O)C)O[C@H]2[C@@H]([C@H]([C@@H]([C@H](O2)C)O[C@H]3C[C@@]([C@H]([C@@H](O3)C)O)(C)O)N(C)C)O)CC=O)C)\C)CO[C@H]4[C@@H]([C@@H]([C@@H]([C@H](O4)C)O)OC)OC,MPM01074,"(S)-2,3-Diaminopropanoate",NCC(N)C(=O)O,2,[*:1][CX3H1:2]=[OX1].[NX3;H2:4][CX4;!a:5]>>[*:1][CH2:2][NH:4][CX4;!a:5],"[46,47]","[0,1]","[1,2]",CC[C@H]1OC(=O)C[C@@H](O)[C@H](C)[C@@H](O[C@@H]2O[C@H](C)[C@@H](O[C@H]3C[C@@](C)(O)[C@@H](O)[C@H](C)O3)[C@H](N(C)C)[C@H]2O)[C@@H](CCNCC(N)C(=O)O)C[C@@H](C)C(=O)/C=C/C(C)=C/[C@@H]1CO[C@@H]1O[C@H](C)[C@@H](O)[C@@H](OC)[C@H]1OC,CC[C@H]1OC(=O)C[C@@H](O)[C@H](C)[C@@H](O[C@@H]2O[C@H](C)[C@@H](O[C@H]3C[C@@](C)(O)[C@@H](O)[C@H](C)O3)[C@H](N(C)C)[C@H]2O)[C@@H](CCNCC(N)C(=O)O)C[C@@H](C)C(=O)/C=C/C(C)=C/[C@@H]1CO[C@@H]1O[C@H](C)[C@@H](O)[C@@H](OC)[C@H]1OC,1004.222,70,success,multi_primary_amine_seed; enumerated_site,outputs/mpmdb_seed_macrolide_reductive_amination/images/tylosin/tylosin_seed_amine_0087_MPM01074.png,0.0268,0.026837359,-2.460756540298462,-3.217639923095703,-1.8414878845214844,37,16,21,1
tylosin_seed_amine_0088,Tylosin (Ì©ÀÖ¾úËØ),CC[C@@H]1[C@H](/C=C(/C=C/C(=O)[C@@H](C[C@@H]([C@@H]([C@H]([C@@H](CC(=O)O1)O)C)O[C@H]2[C@@H]([C@H]([C@@H]([C@H](O2)C)O[C@H]3C[C@@]([C@H]([C@@H](O3)C)O)(C)O)N(C)C)O)CC=O)C)\C)CO[C@H]4[C@@H]([C@@H]([C@@H]([C@H](O4)C)O)OC)OC,MPM01074,"(S)-2,3-Diaminopropanoate",NCC(N)C(=O)O,2,[*:1][CX3H1:2]=[OX1].[NX3;H2:4][CX4;!a:5]>>[*:1][CH2:2][NH:4][CX4;!a:5],"[46,47]","[3,2]","[1,2]",CC[C@H]1OC(=O)C[C@@H](O)[C@H](C)[C@@H](O[C@@H]2O[C@H](C)[C@@H](O[C@H]3C[C@@](C)(O)[C@@H](O)[C@H](C)O3)[C@H](N(C)C)[C@H]2O)[C@@H](CCNC(CN)C(=O)O)C[C@@H](C)C(=O)/C=C/C(C)=C/[C@@H]1CO[C@@H]1O[C@H](C)[C@@H](O)[C@@H](OC)[C@H]1OC,CC[C@H]1OC(=O)C[C@@H](O)[C@H](C)[C@@H](O[C@@H]2O[C@H](C)[C@@H](O[C@H]3C[C@@](C)(O)[C@@H](O)[C@H](C)O3)[C@H](N(C)C)[C@H]2O)[C@@H](CCNC(CN)C(=O)O)C[C@@H](C)C(=O)/C=C/C(C)=C/[C@@H]1CO[C@@H]1O[C@H](C)[C@@H](O)[C@@H](OC)[C@H]1OC,1004.222,70,success,multi_primary_amine_seed; enumerated_site,outputs/mpmdb_seed_macrolide_reductive_amination/images/tylosin/tylosin_seed_amine_0088_MPM01074.png,0.0381,0.038059722,-2.481043577194214,-3.2275161743164062,-1.8702927827835083,37,16,21,1
tylosin_seed_amine_0089,Tylosin (Ì©ÀÖ¾úËØ),CC[C@@H]1[C@H](/C=C(/C=C/C(=O)[C@@H](C[C@@H]([C@@H]([C@H]([C@@H](CC(=O)O1)O)C)O[C@H]2[C@@H]([C@H]([C@@H]([C@H](O2)C)O[C@H]3C[C@@]([C@H]([C@@H](O3)C)O)(C)O)N(C)C)O)CC=O)C)\C)CO[C@H]4[C@@H]([C@@H]([C@@H]([C@H](O4)C)O)OC)OC,MPM00203,2-Aminoacetaldehyde,NCC=O,1,[*:1][CX3H1:2]=[OX1].[NX3;H2:4][CX4;!a:5]>>[*:1][CH2:2][NH:4][CX4;!a:5],"[46,47]","[0,1]","[1,2]",CC[C@H]1OC(=O)C[C@@H](O)[C@H](C)[C@@H](O[C@@H]2O[C@H](C)[C@@H](O[C@H]3C[C@@](C)(O)[C@@H](O)[C@H](C)O3)[C@H](N(C)C)[C@H]2O)[C@@H](CCNCC=O)C[C@@H](C)C(=O)/C=C/C(C)=C/[C@@H]1CO[C@@H]1O[C@H](C)[C@@H](O)[C@@H](OC)[C@H]1OC,CC[C@H]1OC(=O)C[C@@H](O)[C@H](C)[C@@H](O[C@@H]2O[C@H](C)[C@@H](O[C@H]3C[C@@](C)(O)[C@@H](O)[C@H](C)O3)[C@H](N(C)C)[C@H]2O)[C@@H](CCNCC=O)C[C@@H](C)C(=O)/C=C/C(C)=C/[C@@H]1CO[C@@H]1O[C@H](C)[C@@H](O)[C@@H](OC)[C@H]1OC,959.181,67,success,,outputs/mpmdb_seed_macrolide_reductive_amination/images/tylosin/tylosin_seed_amine_0089_MPM00203.png,-0.4108,-0.410845858,-1.3035489320755005,-1.852595329284668,-0.854328989982605,38,16,22,1
tylosin_seed_amine_0090,Tylosin (Ì©ÀÖ¾úËØ),CC[C@@H]1[C@H](/C=C(/C=C/C(=O)[C@@H](C[C@@H]([C@@H]([C@H]([C@@H](CC(=O)O1)O)C)O[C@H]2[C@@H]([C@H]([C@@H]([C@H](O2)C)O[C@H]3C[C@@]([C@H]([C@@H](O3)C)O)(C)O)N(C)C)O)CC=O)C)\C)CO[C@H]4[C@@H]([C@@H]([C@@H]([C@H](O4)C)O)OC)OC,MPM01212,3-Aminopropanoate,NCCC(=O)O,1,[*:1][CX3H1:2]=[OX1].[NX3;H2:4][CX4;!a:5]>>[*:1][CH2:2][NH:4][CX4;!a:5],"[46,47]","[0,1]","[1,2]",CC[C@H]1OC(=O)C[C@@H](O)[C@H](C)[C@@H](O[C@@H]2O[C@H](C)[C@@H](O[C@H]3C[C@@](C)(O)[C@@H](O)[C@H](C)O3)[C@H](N(C)C)[C@H]2O)[C@@H](CCNCCC(=O)O)C[C@@H](C)C(=O)/C=C/C(C)=C/[C@@H]1CO[C@@H]1O[C@H](C)[C@@H](O)[C@@H](OC)[C@H]1OC,CC[C@H]1OC(=O)C[C@@H](O)[C@H](C)[C@@H](O[C@@H]2O[C@H](C)[C@@H](O[C@H]3C[C@@](C)(O)[C@@H](O)[C@H](C)O3)[C@H](N(C)C)[C@H]2O)[C@@H](CCNCCC(=O)O)C[C@@H](C)C(=O)/C=C/C(C)=C/[C@@H]1CO[C@@H]1O[C@H](C)[C@@H](O)[C@@H](OC)[C@H]1OC,989.207,69,success,,outputs/mpmdb_seed_macrolide_reductive_amination/images/tylosin/tylosin_seed_amine_0090_MPM01212.png,-0.2221,-0.222126202,-1.8075376749038696,-2.4916954040527344,-1.2477718591690063,36,15,21,1
tylosin_seed_amine_0091,Tylosin (Ì©ÀÖ¾úËØ),CC[C@@H]1[C@H](/C=C(/C=C/C(=O)[C@@H](C[C@@H]([C@@H]([C@H]([C@@H](CC(=O)O1)O)C)O[C@H]2[C@@H]([C@H]([C@@H]([C@H](O2)C)O[C@H]3C[C@@]([C@H]([C@@H](O3)C)O)(C)O)N(C)C)O)CC=O)C)\C)CO[C@H]4[C@@H]([C@@H]([C@@H]([C@H](O4)C)O)OC)OC,MPM00725,"L-2,4-Diaminobutyrate",NCCC(N)C(=O)O,2,[*:1][CX3H1:2]=[OX1].[NX3;H2:4][CX4;!a:5]>>[*:1][CH2:2][NH:4][CX4;!a:5],"[46,47]","[0,1]","[1,2]",CC[C@H]1OC(=O)C[C@@H](O)[C@H](C)[C@@H](O[C@@H]2O[C@H](C)[C@@H](O[C@H]3C[C@@](C)(O)[C@@H](O)[C@H](C)O3)[C@H](N(C)C)[C@H]2O)[C@@H](CCNCCC(N)C(=O)O)C[C@@H](C)C(=O)/C=C/C(C)=C/[C@@H]1CO[C@@H]1O[C@H](C)[C@@H](O)[C@@H](OC)[C@H]1OC,CC[C@H]1OC(=O)C[C@@H](O)[C@H](C)[C@@H](O[C@@H]2O[C@H](C)[C@@H](O[C@H]3C[C@@](C)(O)[C@@H](O)[C@H](C)O3)[C@H](N(C)C)[C@H]2O)[C@@H](CCNCCC(N)C(=O)O)C[C@@H](C)C(=O)/C=C/C(C)=C/[C@@H]1CO[C@@H]1O[C@H](C)[C@@H](O)[C@@H](OC)[C@H]1OC,1018.249,71,success,multi_primary_amine_seed; enumerated_site,outputs/mpmdb_seed_macrolide_reductive_amination/images/tylosin/tylosin_seed_amine_0091_MPM00725.png,-0.0316,-0.031616111,-2.4964640140533447,-3.2883529663085938,-1.8485544919967651,37,16,21,1
tylosin_seed_amine_0092,Tylosin (Ì©ÀÖ¾úËØ),CC[C@@H]1[C@H](/C=C(/C=C/C(=O)[C@@H](C[C@@H]([C@@H]([C@H]([C@@H](CC(=O)O1)O)C)O[C@H]2[C@@H]([C@H]([C@@H]([C@H](O2)C)O[C@H]3C[C@@]([C@H]([C@@H](O3)C)O)(C)O)N(C)C)O)CC=O)C)\C)CO[C@H]4[C@@H]([C@@H]([C@@H]([C@H](O4)C)O)OC)OC,MPM00725,"L-2,4-Diaminobutyrate",NCCC(N)C(=O)O,2,[*:1][CX3H1:2]=[OX1].[NX3;H2:4][CX4;!a:5]>>[*:1][CH2:2][NH:4][CX4;!a:5],"[46,47]","[4,3]","[1,2]",CC[C@H]1OC(=O)C[C@@H](O)[C@H](C)[C@@H](O[C@@H]2O[C@H](C)[C@@H](O[C@H]3C[C@@](C)(O)[C@@H](O)[C@H](C)O3)[C@H](N(C)C)[C@H]2O)[C@@H](CCNC(CCN)C(=O)O)C[C@@H](C)C(=O)/C=C/C(C)=C/[C@@H]1CO[C@@H]1O[C@H](C)[C@@H](O)[C@@H](OC)[C@H]1OC,CC[C@H]1OC(=O)C[C@@H](O)[C@H](C)[C@@H](O[C@@H]2O[C@H](C)[C@@H](O[C@H]3C[C@@](C)(O)[C@@H](O)[C@H](C)O3)[C@H](N(C)C)[C@H]2O)[C@@H](CCNC(CCN)C(=O)O)C[C@@H](C)C(=O)/C=C/C(C)=C/[C@@H]1CO[C@@H]1O[C@H](C)[C@@H](O)[C@@H](OC)[C@H]1OC,1018.249,71,success,multi_primary_amine_seed; enumerated_site,outputs/mpmdb_seed_macrolide_reductive_amination/images/tylosin/tylosin_seed_amine_0092_MPM00725.png,-0.0104,-0.010377076,-2.4784185886383057,-3.2141761779785156,-1.8764349222183228,37,16,21,1
tylosin_seed_amine_0093,Tylosin (Ì©ÀÖ¾úËØ),CC[C@@H]1[C@H](/C=C(/C=C/C(=O)[C@@H](C[C@@H]([C@@H]([C@H]([C@@H](CC(=O)O1)O)C)O[C@H]2[C@@H]([C@H]([C@@H]([C@H](O2)C)O[C@H]3C[C@@]([C@H]([C@@H](O3)C)O)(C)O)N(C)C)O)CC=O)C)\C)CO[C@H]4[C@@H]([C@@H]([C@@H]([C@H](O4)C)O)OC)OC,MPM01396,GABA,NCCCC(=O)O,1,[*:1][CX3H1:2]=[OX1].[NX3;H2:4][CX4;!a:5]>>[*:1][CH2:2][NH:4][CX4;!a:5],"[46,47]","[0,1]","[1,2]",CC[C@H]1OC(=O)C[C@@H](O)[C@H](C)[C@@H](O[C@@H]2O[C@H](C)[C@@H](O[C@H]3C[C@@](C)(O)[C@@H](O)[C@H](C)O3)[C@H](N(C)C)[C@H]2O)[C@@H](CCNCCCC(=O)O)C[C@@H](C)C(=O)/C=C/C(C)=C/[C@@H]1CO[C@@H]1O[C@H](C)[C@@H](O)[C@@H](OC)[C@H]1OC,CC[C@H]1OC(=O)C[C@@H](O)[C@H](C)[C@@H](O[C@@H]2O[C@H](C)[C@@H](O[C@H]3C[C@@](C)(O)[C@@H](O)[C@H](C)O3)[C@H](N(C)C)[C@H]2O)[C@@H](CCNCCCC(=O)O)C[C@@H](C)C(=O)/C=C/C(C)=C/[C@@H]1CO[C@@H]1O[C@H](C)[C@@H](O)[C@@H](OC)[C@H]1OC,1003.234,70,success,,outputs/mpmdb_seed_macrolide_reductive_amination/images/tylosin/tylosin_seed_amine_0093_MPM01396.png,-0.2872,-0.287242702,-2.3031604290008545,-3.095961093902588,-1.6545060873031616,36,15,21,1
tylosin_seed_amine_0094,Tylosin (Ì©ÀÖ¾úËØ),CC[C@@H]1[C@H](/C=C(/C=C/C(=O)[C@@H](C[C@@H]([C@@H]([C@H]([C@@H](CC(=O)O1)O)C)O[C@H]2[C@@H]([C@H]([C@@H]([C@H](O2)C)O[C@H]3C[C@@]([C@H]([C@@H](O3)C)O)(C)O)N(C)C)O)CC=O)C)\C)CO[C@H]4[C@@H]([C@@H]([C@@H]([C@H](O4)C)O)OC)OC,MPM00093,"(S)-2,5-Diaminopentanoate",NCCCC(N)C(=O)O,2,[*:1][CX3H1:2]=[OX1].[NX3;H2:4][CX4;!a:5]>>[*:1][CH2:2][NH:4][CX4;!a:5],"[46,47]","[0,1]","[1,2]",CC[C@H]1OC(=O)C[C@@H](O)[C@H](C)[C@@H](O[C@@H]2O[C@H](C)[C@@H](O[C@H]3C[C@@](C)(O)[C@@H](O)[C@H](C)O3)[C@H](N(C)C)[C@H]2O)[C@@H](CCNCCCC(N)C(=O)O)C[C@@H](C)C(=O)/C=C/C(C)=C/[C@@H]1CO[C@@H]1O[C@H](C)[C@@H](O)[C@@H](OC)[C@H]1OC,CC[C@H]1OC(=O)C[C@@H](O)[C@H](C)[C@@H](O[C@@H]2O[C@H](C)[C@@H](O[C@H]3C[C@@](C)(O)[C@@H](O)[C@H](C)O3)[C@H](N(C)C)[C@H]2O)[C@@H](CCNCCCC(N)C(=O)O)C[C@@H](C)C(=O)/C=C/C(C)=C/[C@@H]1CO[C@@H]1O[C@H](C)[C@@H](O)[C@@H](OC)[C@H]1OC,1032.276,72,success,multi_primary_amine_seed; enumerated_site,outputs/mpmdb_seed_macrolide_reductive_amination/images/tylosin/tylosin_seed_amine_0094_MPM00093.png,-0.0838,-0.083753975,-2.340925455093384,-3.0971102714538574,-1.7222293615341187,37,16,21,1
tylosin_seed_amine_0095,Tylosin (Ì©ÀÖ¾úËØ),CC[C@@H]1[C@H](/C=C(/C=C/C(=O)[C@@H](C[C@@H]([C@@H]([C@H]([C@@H](CC(=O)O1)O)C)O[C@H]2[C@@H]([C@H]([C@@H]([C@H](O2)C)O[C@H]3C[C@@]([C@H]([C@@H](O3)C)O)(C)O)N(C)C)O)CC=O)C)\C)CO[C@H]4[C@@H]([C@@H]([C@@H]([C@H](O4)C)O)OC)OC,MPM00093,"(S)-2,5-Diaminopentanoate",NCCCC(N)C(=O)O,2,[*:1][CX3H1:2]=[OX1].[NX3;H2:4][CX4;!a:5]>>[*:1][CH2:2][NH:4][CX4;!a:5],"[46,47]","[5,4]","[1,2]",CC[C@H]1OC(=O)C[C@@H](O)[C@H](C)[C@@H](O[C@@H]2O[C@H](C)[C@@H](O[C@H]3C[C@@](C)(O)[C@@H](O)[C@H](C)O3)[C@H](N(C)C)[C@H]2O)[C@@H](CCNC(CCCN)C(=O)O)C[C@@H](C)C(=O)/C=C/C(C)=C/[C@@H]1CO[C@@H]1O[C@H](C)[C@@H](O)[C@@H](OC)[C@H]1OC,CC[C@H]1OC(=O)C[C@@H](O)[C@H](C)[C@@H](O[C@@H]2O[C@H](C)[C@@H](O[C@H]3C[C@@](C)(O)[C@@H](O)[C@H](C)O3)[C@H](N(C)C)[C@H]2O)[C@@H](CCNC(CCCN)C(=O)O)C[C@@H](C)C(=O)/C=C/C(C)=C/[C@@H]1CO[C@@H]1O[C@H](C)[C@@H](O)[C@@H](OC)[C@H]1OC,1032.276,72,success,multi_primary_amine_seed; enumerated_site,outputs/mpmdb_seed_macrolide_reductive_amination/images/tylosin/tylosin_seed_amine_0095_MPM00093.png,-0.0636,-0.063630676,-2.3708982467651367,-3.1005289554595947,-1.7739278078079224,37,16,21,1
tylosin_seed_amine_0096,Tylosin (Ì©ÀÖ¾úËØ),CC[C@@H]1[C@H](/C=C(/C=C/C(=O)[C@@H](C[C@@H]([C@@H]([C@H]([C@@H](CC(=O)O1)O)C)O[C@H]2[C@@H]([C@H]([C@@H]([C@H](O2)C)O[C@H]3C[C@@]([C@H]([C@@H](O3)C)O)(C)O)N(C)C)O)CC=O)C)\C)CO[C@H]4[C@@H]([C@@H]([C@@H]([C@H](O4)C)O)OC)OC,MPM00742,L-beta-Lysine,NCCCC(N)CC(=O)O,2,[*:1][CX3H1:2]=[OX1].[NX3;H2:4][CX4;!a:5]>>[*:1][CH2:2][NH:4][CX4;!a:5],"[46,47]","[0,1]","[1,2]",CC[C@H]1OC(=O)C[C@@H](O)[C@H](C)[C@@H](O[C@@H]2O[C@H](C)[C@@H](O[C@H]3C[C@@](C)(O)[C@@H](O)[C@H](C)O3)[C@H](N(C)C)[C@H]2O)[C@@H](CCNCCCC(N)CC(=O)O)C[C@@H](C)C(=O)/C=C/C(C)=C/[C@@H]1CO[C@@H]1O[C@H](C)[C@@H](O)[C@@H](OC)[C@H]1OC,CC[C@H]1OC(=O)C[C@@H](O)[C@H](C)[C@@H](O[C@@H]2O[C@H](C)[C@@H](O[C@H]3C[C@@](C)(O)[C@@H](O)[C@H](C)O3)[C@H](N(C)C)[C@H]2O)[C@@H](CCNCCCC(N)CC(=O)O)C[C@@H](C)C(=O)/C=C/C(C)=C/[C@@H]1CO[C@@H]1O[C@H](C)[C@@H](O)[C@@H](OC)[C@H]1OC,1046.303,73,success,multi_primary_amine_seed; enumerated_site,outputs/mpmdb_seed_macrolide_reductive_amination/images/tylosin/tylosin_seed_amine_0096_MPM00742.png,-0.358,-0.358039899,-2.0850043296813965,-2.8880248069763184,-1.4279872179031372,36,15,21,1
tylosin_seed_amine_0097,Tylosin (Ì©ÀÖ¾úËØ),CC[C@@H]1[C@H](/C=C(/C=C/C(=O)[C@@H](C[C@@H]([C@@H]([C@H]([C@@H](CC(=O)O1)O)C)O[C@H]2[C@@H]([C@H]([C@@H]([C@H](O2)C)O[C@H]3C[C@@]([C@H]([C@@H](O3)C)O)(C)O)N(C)C)O)CC=O)C)\C)CO[C@H]4[C@@H]([C@@H]([C@@H]([C@H](O4)C)O)OC)OC,MPM00742,L-beta-Lysine,NCCCC(N)CC(=O)O,2,[*:1][CX3H1:2]=[OX1].[NX3;H2:4][CX4;!a:5]>>[*:1][CH2:2][NH:4][CX4;!a:5],"[46,47]","[5,4]","[1,2]",CC[C@H]1OC(=O)C[C@@H](O)[C@H](C)[C@@H](O[C@@H]2O[C@H](C)[C@@H](O[C@H]3C[C@@](C)(O)[C@@H](O)[C@H](C)O3)[C@H](N(C)C)[C@H]2O)[C@@H](CCNC(CCCN)CC(=O)O)C[C@@H](C)C(=O)/C=C/C(C)=C/[C@@H]1CO[C@@H]1O[C@H](C)[C@@H](O)[C@@H](OC)[C@H]1OC,CC[C@H]1OC(=O)C[C@@H](O)[C@H](C)[C@@H](O[C@@H]2O[C@H](C)[C@@H](O[C@H]3C[C@@](C)(O)[C@@H](O)[C@H](C)O3)[C@H](N(C)C)[C@H]2O)[C@@H](CCNC(CCCN)CC(=O)O)C[C@@H](C)C(=O)/C=C/C(C)=C/[C@@H]1CO[C@@H]1O[C@H](C)[C@@H](O)[C@@H](OC)[C@H]1OC,1046.303,73,success,multi_primary_amine_seed; enumerated_site,outputs/mpmdb_seed_macrolide_reductive_amination/images/tylosin/tylosin_seed_amine_0097_MPM00742.png,-0.3308,-0.330763758,-2.091707944869995,-2.8253774642944336,-1.4914332628250122,37,16,21,1
tylosin_seed_amine_0098,Tylosin (Ì©ÀÖ¾úËØ),CC[C@@H]1[C@H](/C=C(/C=C/C(=O)[C@@H](C[C@@H]([C@@H]([C@H]([C@@H](CC(=O)O1)O)C)O[C@H]2[C@@H]([C@H]([C@@H]([C@H](O2)C)O[C@H]3C[C@@]([C@H]([C@@H](O3)C)O)(C)O)N(C)C)O)CC=O)C)\C)CO[C@H]4[C@@H]([C@@H]([C@@H]([C@H](O4)C)O)OC)OC,MPM00335,4-Aminobutanal,NCCCC=O,1,[*:1][CX3H1:2]=[OX1].[NX3;H2:4][CX4;!a:5]>>[*:1][CH2:2][NH:4][CX4;!a:5],"[46,47]","[0,1]","[1,2]",CC[C@H]1OC(=O)C[C@@H](O)[C@H](C)[C@@H](O[C@@H]2O[C@H](C)[C@@H](O[C@H]3C[C@@](C)(O)[C@@H](O)[C@H](C)O3)[C@H](N(C)C)[C@H]2O)[C@@H](CCNCCCC=O)C[C@@H](C)C(=O)/C=C/C(C)=C/[C@@H]1CO[C@@H]1O[C@H](C)[C@@H](O)[C@@H](OC)[C@H]1OC,CC[C@H]1OC(=O)C[C@@H](O)[C@H](C)[C@@H](O[C@@H]2O[C@H](C)[C@@H](O[C@H]3C[C@@](C)(O)[C@@H](O)[C@H](C)O3)[C@H](N(C)C)[C@H]2O)[C@@H](CCNCCCC=O)C[C@@H](C)C(=O)/C=C/C(C)=C/[C@@H]1CO[C@@H]1O[C@H](C)[C@@H](O)[C@@H](OC)[C@H]1OC,987.235,69,success,,outputs/mpmdb_seed_macrolide_reductive_amination/images/tylosin/tylosin_seed_amine_0098_MPM00335.png,-0.7439,-0.743880453,-1.9068090915679932,-2.5849359035491943,-1.3519783020019531,36,15,21,1
tylosin_seed_amine_0099,Tylosin (Ì©ÀÖ¾úËØ),CC[C@@H]1[C@H](/C=C(/C=C/C(=O)[C@@H](C[C@@H]([C@@H]([C@H]([C@@H](CC(=O)O1)O)C)O[C@H]2[C@@H]([C@H]([C@@H]([C@H](O2)C)O[C@H]3C[C@@]([C@H]([C@@H](O3)C)O)(C)O)N(C)C)O)CC=O)C)\C)CO[C@H]4[C@@H]([C@@H]([C@@H]([C@H](O4)C)O)OC)OC,MPM01164,2-Oxo-6-aminocaproate,NCCCCC(=O)C(=O)O,1,[*:1][CX3H1:2]=[OX1].[NX3;H2:4][CX4;!a:5]>>[*:1][CH2:2][NH:4][CX4;!a:5],"[46,47]","[0,1]","[1,2]",CC[C@H]1OC(=O)C[C@@H](O)[C@H](C)[C@@H](O[C@@H]2O[C@H](C)[C@@H](O[C@H]3C[C@@](C)(O)[C@@H](O)[C@H](C)O3)[C@H](N(C)C)[C@H]2O)[C@@H](CCNCCCCC(=O)C(=O)O)C[C@@H](C)C(=O)/C=C/C(C)=C/[C@@H]1CO[C@@H]1O[C@H](C)[C@@H](O)[C@@H](OC)[C@H]1OC,CC[C@H]1OC(=O)C[C@@H](O)[C@H](C)[C@@H](O[C@@H]2O[C@H](C)[C@@H](O[C@H]3C[C@@](C)(O)[C@@H](O)[C@H](C)O3)[C@H](N(C)C)[C@H]2O)[C@@H](CCNCCCCC(=O)C(=O)O)C[C@@H](C)C(=O)/C=C/C(C)=C/[C@@H]1CO[C@@H]1O[C@H](C)[C@@H](O)[C@@H](OC)[C@H]1OC,1045.271,73,success,,outputs/mpmdb_seed_macrolide_reductive_amination/images/tylosin/tylosin_seed_amine_0099_MPM01164.png,-0.2555,-0.255482541,-1.309491753578186,-1.996979832649231,-0.7470012903213501,38,16,22,1
tylosin_seed_amine_0100,Tylosin (Ì©ÀÖ¾úËØ),CC[C@@H]1[C@H](/C=C(/C=C/C(=O)[C@@H](C[C@@H]([C@@H]([C@H]([C@@H](CC(=O)O1)O)C)O[C@H]2[C@@H]([C@H]([C@@H]([C@H](O2)C)O[C@H]3C[C@@]([C@H]([C@@H](O3)C)O)(C)O)N(C)C)O)CC=O)C)\C)CO[C@H]4[C@@H]([C@@H]([C@@H]([C@H](O4)C)O)OC)OC,MPM00184,"2,6-Diaminohexanoic acid",NCCCCC(N)C(=O)O,2,[*:1][CX3H1:2]=[OX1].[NX3;H2:4][CX4;!a:5]>>[*:1][CH2:2][NH:4][CX4;!a:5],"[46,47]","[0,1]","[1,2]",CC[C@H]1OC(=O)C[C@@H](O)[C@H](C)[C@@H](O[C@@H]2O[C@H](C)[C@@H](O[C@H]3C[C@@](C)(O)[C@@H](O)[C@H](C)O3)[C@H](N(C)C)[C@H]2O)[C@@H](CCNCCCCC(N)C(=O)O)C[C@@H](C)C(=O)/C=C/C(C)=C/[C@@H]1CO[C@@H]1O[C@H](C)[C@@H](O)[C@@H](OC)[C@H]1OC,CC[C@H]1OC(=O)C[C@@H](O)[C@H](C)[C@@H](O[C@@H]2O[C@H](C)[C@@H](O[C@H]3C[C@@](C)(O)[C@@H](O)[C@H](C)O3)[C@H](N(C)C)[C@H]2O)[C@@H](CCNCCCCC(N)C(=O)O)C[C@@H](C)C(=O)/C=C/C(C)=C/[C@@H]1CO[C@@H]1O[C@H](C)[C@@H](O)[C@@H](OC)[C@H]1OC,1046.303,73,success,multi_primary_amine_seed; enumerated_site,outputs/mpmdb_seed_macrolide_reductive_amination/images/tylosin/tylosin_seed_amine_0100_MPM00184.png,-0.1455,-0.145461314,-2.202792167663574,-2.9501662254333496,-1.5913047790527344,37,16,21,1
tylosin_seed_amine_0101,Tylosin (Ì©ÀÖ¾úËØ),CC[C@@H]1[C@H](/C=C(/C=C/C(=O)[C@@H](C[C@@H]([C@@H]([C@H]([C@@H](CC(=O)O1)O)C)O[C@H]2[C@@H]([C@H]([C@@H]([C@H](O2)C)O[C@H]3C[C@@]([C@H]([C@@H](O3)C)O)(C)O)N(C)C)O)CC=O)C)\C)CO[C@H]4[C@@H]([C@@H]([C@@H]([C@H](O4)C)O)OC)OC,MPM00184,"2,6-Diaminohexanoic acid",NCCCCC(N)C(=O)O,2,[*:1][CX3H1:2]=[OX1].[NX3;H2:4][CX4;!a:5]>>[*:1][CH2:2][NH:4][CX4;!a:5],"[46,47]","[6,5]","[1,2]",CC[C@H]1OC(=O)C[C@@H](O)[C@H](C)[C@@H](O[C@@H]2O[C@H](C)[C@@H](O[C@H]3C[C@@](C)(O)[C@@H](O)[C@H](C)O3)[C@H](N(C)C)[C@H]2O)[C@@H](CCNC(CCCCN)C(=O)O)C[C@@H](C)C(=O)/C=C/C(C)=C/[C@@H]1CO[C@@H]1O[C@H](C)[C@@H](O)[C@@H](OC)[C@H]1OC,CC[C@H]1OC(=O)C[C@@H](O)[C@H](C)[C@@H](O[C@@H]2O[C@H](C)[C@@H](O[C@H]3C[C@@](C)(O)[C@@H](O)[C@H](C)O3)[C@H](N(C)C)[C@H]2O)[C@@H](CCNC(CCCCN)C(=O)O)C[C@@H](C)C(=O)/C=C/C(C)=C/[C@@H]1CO[C@@H]1O[C@H](C)[C@@H](O)[C@@H](OC)[C@H]1OC,1046.303,73,success,multi_primary_amine_seed; enumerated_site,outputs/mpmdb_seed_macrolide_reductive_amination/images/tylosin/tylosin_seed_amine_0101_MPM00184.png,-0.1252,-0.125198846,-2.2874133586883545,-3.0064892768859863,-1.6990783214569092,37,16,21,1
tylosin_seed_amine_0102,Tylosin (Ì©ÀÖ¾úËØ),CC[C@@H]1[C@H](/C=C(/C=C/C(=O)[C@@H](C[C@@H]([C@@H]([C@H]([C@@H](CC(=O)O1)O)C)O[C@H]2[C@@H]([C@H]([C@@H]([C@H](O2)C)O[C@H]3C[C@@]([C@H]([C@@H](O3)C)O)(C)O)N(C)C)O)CC=O)C)\C)CO[C@H]4[C@@H]([C@@H]([C@@H]([C@H](O4)C)O)OC)OC,MPM00492,"Butane-1,4-diamine",NCCCCN,2,[*:1][CX3H1:2]=[OX1].[NX3;H2:4][CX4;!a:5]>>[*:1][CH2:2][NH:4][CX4;!a:5],"[46,47]","[0,1]","[1,2]",CC[C@H]1OC(=O)C[C@@H](O)[C@H](C)[C@@H](O[C@@H]2O[C@H](C)[C@@H](O[C@H]3C[C@@](C)(O)[C@@H](O)[C@H](C)O3)[C@H](N(C)C)[C@H]2O)[C@@H](CCNCCCCN)C[C@@H](C)C(=O)/C=C/C(C)=C/[C@@H]1CO[C@@H]1O[C@H](C)[C@@H](O)[C@@H](OC)[C@H]1OC,CC[C@H]1OC(=O)C[C@@H](O)[C@H](C)[C@@H](O[C@@H]2O[C@H](C)[C@@H](O[C@H]3C[C@@](C)(O)[C@@H](O)[C@H](C)O3)[C@H](N(C)C)[C@H]2O)[C@@H](CCNCCCCN)C[C@@H](C)C(=O)/C=C/C(C)=C/[C@@H]1CO[C@@H]1O[C@H](C)[C@@H](O)[C@@H](OC)[C@H]1OC,988.267,69,success,multi_primary_amine_seed; enumerated_site,outputs/mpmdb_seed_macrolide_reductive_amination/images/tylosin/tylosin_seed_amine_0102_MPM00492.png,-0.0652,-0.065196964,-1.9116086959838867,-2.7911252975463867,-1.1920043230056763,36,15,21,1
tylosin_seed_amine_0103,Tylosin (Ì©ÀÖ¾úËØ),CC[C@@H]1[C@H](/C=C(/C=C/C(=O)[C@@H](C[C@@H]([C@@H]([C@H]([C@@H](CC(=O)O1)O)C)O[C@H]2[C@@H]([C@H]([C@@H]([C@H](O2)C)O[C@H]3C[C@@]([C@H]([C@@H](O3)C)O)(C)O)N(C)C)O)CC=O)C)\C)CO[C@H]4[C@@H]([C@@H]([C@@H]([C@H](O4)C)O)OC)OC,MPM00053,(4-Aminobutyl) guanidine,NCCCCN=C(N)N,1,[*:1][CX3H1:2]=[OX1].[NX3;H2:4][CX4;!a:5]>>[*:1][CH2:2][NH:4][CX4;!a:5],"[46,47]","[0,1]","[1,2]",CC[C@H]1OC(=O)C[C@@H](O)[C@H](C)[C@@H](O[C@@H]2O[C@H](C)[C@@H](O[C@H]3C[C@@](C)(O)[C@@H](O)[C@H](C)O3)[C@H](N(C)C)[C@H]2O)[C@@H](CCNCCCCN=C(N)N)C[C@@H](C)C(=O)/C=C/C(C)=C/[C@@H]1CO[C@@H]1O[C@H](C)[C@@H](O)[C@@H](OC)[C@H]1OC,CC[C@H]1OC(=O)C[C@@H](O)[C@H](C)[C@@H](O[C@@H]2O[C@H](C)[C@@H](O[C@H]3C[C@@](C)(O)[C@@H](O)[C@H](C)O3)[C@H](N(C)C)[C@H]2O)[C@@H](CCNCCCCN=C(N)N)C[C@@H](C)C(=O)/C=C/C(C)=C/[C@@H]1CO[C@@H]1O[C@H](C)[C@@H](O)[C@@H](OC)[C@H]1OC,1030.308,72,success,,outputs/mpmdb_seed_macrolide_reductive_amination/images/tylosin/tylosin_seed_amine_0103_MPM00053.png,-0.3813,-0.381304424,-1.6053130626678467,-2.3851804733276367,-0.9672395586967468,37,16,21,1
tylosin_seed_amine_0104,Tylosin (Ì©ÀÖ¾úËØ),CC[C@@H]1[C@H](/C=C(/C=C/C(=O)[C@@H](C[C@@H]([C@@H]([C@H]([C@@H](CC(=O)O1)O)C)O[C@H]2[C@@H]([C@H]([C@@H]([C@H](O2)C)O[C@H]3C[C@@]([C@H]([C@@H](O3)C)O)(C)O)N(C)C)O)CC=O)C)\C)CO[C@H]4[C@@H]([C@@H]([C@@H]([C@H](O4)C)O)OC)OC,MPM00789,"N-(3-Aminopropyl)-1,4-butane-diamine",NCCCCNCCCN,2,[*:1][CX3H1:2]=[OX1].[NX3;H2:4][CX4;!a:5]>>[*:1][CH2:2][NH:4][CX4;!a:5],"[46,47]","[0,1]","[1,2]",CC[C@H]1OC(=O)C[C@@H](O)[C@H](C)[C@@H](O[C@@H]2O[C@H](C)[C@@H](O[C@H]3C[C@@](C)(O)[C@@H](O)[C@H](C)O3)[C@H](N(C)C)[C@H]2O)[C@@H](CCNCCCCNCCCN)C[C@@H](C)C(=O)/C=C/C(C)=C/[C@@H]1CO[C@@H]1O[C@H](C)[C@@H](O)[C@@H](OC)[C@H]1OC,CC[C@H]1OC(=O)C[C@@H](O)[C@H](C)[C@@H](O[C@@H]2O[C@H](C)[C@@H](O[C@H]3C[C@@](C)(O)[C@@H](O)[C@H](C)O3)[C@H](N(C)C)[C@H]2O)[C@@H](CCNCCCCNCCCN)C[C@@H](C)C(=O)/C=C/C(C)=C/[C@@H]1CO[C@@H]1O[C@H](C)[C@@H](O)[C@@H](OC)[C@H]1OC,1045.363,73,success,multi_primary_amine_seed; enumerated_site,outputs/mpmdb_seed_macrolide_reductive_amination/images/tylosin/tylosin_seed_amine_0104_MPM00789.png,0.0164,0.016427852,-1.6638357639312744,-2.5189783573150635,-0.9641736149787903,36,15,21,1
tylosin_seed_amine_0105,Tylosin (Ì©ÀÖ¾úËØ),CC[C@@H]1[C@H](/C=C(/C=C/C(=O)[C@@H](C[C@@H]([C@@H]([C@H]([C@@H](CC(=O)O1)O)C)O[C@H]2[C@@H]([C@H]([C@@H]([C@H](O2)C)O[C@H]3C[C@@]([C@H]([C@@H](O3)C)O)(C)O)N(C)C)O)CC=O)C)\C)CO[C@H]4[C@@H]([C@@H]([C@@H]([C@H](O4)C)O)OC)OC,MPM00789,"N-(3-Aminopropyl)-1,4-butane-diamine",NCCCCNCCCN,2,[*:1][CX3H1:2]=[OX1].[NX3;H2:4][CX4;!a:5]>>[*:1][CH2:2][NH:4][CX4;!a:5],"[46,47]","[9,8]","[1,2]",CC[C@H]1OC(=O)C[C@@H](O)[C@H](C)[C@@H](O[C@@H]2O[C@H](C)[C@@H](O[C@H]3C[C@@](C)(O)[C@@H](O)[C@H](C)O3)[C@H](N(C)C)[C@H]2O)[C@@H](CCNCCCNCCCCN)C[C@@H](C)C(=O)/C=C/C(C)=C/[C@@H]1CO[C@@H]1O[C@H](C)[C@@H](O)[C@@H](OC)[C@H]1OC,CC[C@H]1OC(=O)C[C@@H](O)[C@H](C)[C@@H](O[C@@H]2O[C@H](C)[C@@H](O[C@H]3C[C@@](C)(O)[C@@H](O)[C@H](C)O3)[C@H](N(C)C)[C@H]2O)[C@@H](CCNCCCNCCCCN)C[C@@H](C)C(=O)/C=C/C(C)=C/[C@@H]1CO[C@@H]1O[C@H](C)[C@@H](O)[C@@H](OC)[C@H]1OC,1045.363,73,success,multi_primary_amine_seed; enumerated_site,outputs/mpmdb_seed_macrolide_reductive_amination/images/tylosin/tylosin_seed_amine_0105_MPM00789.png,0.0166,0.016629924,-1.6662040948867798,-2.520062208175659,-0.9675928354263306,36,15,21,1
tylosin_seed_amine_0106,Tylosin (Ì©ÀÖ¾úËØ),CC[C@@H]1[C@H](/C=C(/C=C/C(=O)[C@@H](C[C@@H]([C@@H]([C@H]([C@@H](CC(=O)O1)O)C)O[C@H]2[C@@H]([C@H]([C@@H]([C@H](O2)C)O[C@H]3C[C@@]([C@H]([C@@H](O3)C)O)(C)O)N(C)C)O)CC=O)C)\C)CO[C@H]4[C@@H]([C@@H]([C@@H]([C@H](O4)C)O)OC)OC,MPM00233,2-Hydroxyethylamine,NCCO,1,[*:1][CX3H1:2]=[OX1].[NX3;H2:4][CX4;!a:5]>>[*:1][CH2:2][NH:4][CX4;!a:5],"[46,47]","[0,1]","[1,2]",CC[C@H]1OC(=O)C[C@@H](O)[C@H](C)[C@@H](O[C@@H]2O[C@H](C)[C@@H](O[C@H]3C[C@@](C)(O)[C@@H](O)[C@H](C)O3)[C@H](N(C)C)[C@H]2O)[C@@H](CCNCCO)C[C@@H](C)C(=O)/C=C/C(C)=C/[C@@H]1CO[C@@H]1O[C@H](C)[C@@H](O)[C@@H](OC)[C@H]1OC,CC[C@H]1OC(=O)C[C@@H](O)[C@H](C)[C@@H](O[C@@H]2O[C@H](C)[C@@H](O[C@H]3C[C@@](C)(O)[C@@H](O)[C@H](C)O3)[C@H](N(C)C)[C@H]2O)[C@@H](CCNCCO)C[C@@H](C)C(=O)/C=C/C(C)=C/[C@@H]1CO[C@@H]1O[C@H](C)[C@@H](O)[C@@H](OC)[C@H]1OC,961.197,67,success,,outputs/mpmdb_seed_macrolide_reductive_amination/images/tylosin/tylosin_seed_amine_0106_MPM00233.png,-0.3052,-0.305170741,-1.8892675638198853,-2.7464191913604736,-1.1879618167877197,36,15,21,1
tylosin_seed_amine_0107,Tylosin (Ì©ÀÖ¾úËØ),CC[C@@H]1[C@H](/C=C(/C=C/C(=O)[C@@H](C[C@@H]([C@@H]([C@H]([C@@H](CC(=O)O1)O)C)O[C@H]2[C@@H]([C@H]([C@@H]([C@H](O2)C)O[C@H]3C[C@@]([C@H]([C@@H](O3)C)O)(C)O)N(C)C)O)CC=O)C)\C)CO[C@H]4[C@@H]([C@@H]([C@@H]([C@H](O4)C)O)OC)OC,MPM00669,Glycerophosphoethanolamine,NCCOP(=O)(O)OCC(O)CO,1,[*:1][CX3H1:2]=[OX1].[NX3;H2:4][CX4;!a:5]>>[*:1][CH2:2][NH:4][CX4;!a:5],"[46,47]","[0,1]","[1,2]",CC[C@H]1OC(=O)C[C@@H](O)[C@H](C)[C@@H](O[C@@H]2O[C@H](C)[C@@H](O[C@H]3C[C@@](C)(O)[C@@H](O)[C@H](C)O3)[C@H](N(C)C)[C@H]2O)[C@@H](CCNCCOP(=O)(O)OCC(O)CO)C[C@@H](C)C(=O)/C=C/C(C)=C/[C@@H]1CO[C@@H]1O[C@H](C)[C@@H](O)[C@@H](OC)[C@H]1OC,CC[C@H]1OC(=O)C[C@@H](O)[C@H](C)[C@@H](O[C@@H]2O[C@H](C)[C@@H](O[C@H]3C[C@@](C)(O)[C@@H](O)[C@H](C)O3)[C@H](N(C)C)[C@H]2O)[C@@H](CCNCCOP(=O)(O)OCC(O)CO)C[C@@H](C)C(=O)/C=C/C(C)=C/[C@@H]1CO[C@@H]1O[C@H](C)[C@@H](O)[C@@H](OC)[C@H]1OC,1115.255,76,success,,outputs/mpmdb_seed_macrolide_reductive_amination/images/tylosin/tylosin_seed_amine_0107_MPM00669.png,-0.6909,-0.690890721,-1.4042335748672485,-2.2125368118286133,-0.7428946495056152,36,15,21,1
tylosin_seed_amine_0108,Tylosin (Ì©ÀÖ¾úËØ),CC[C@@H]1[C@H](/C=C(/C=C/C(=O)[C@@H](C[C@@H]([C@@H]([C@H]([C@@H](CC(=O)O1)O)C)O[C@H]2[C@@H]([C@H]([C@@H]([C@H](O2)C)O[C@H]3C[C@@]([C@H]([C@@H](O3)C)O)(C)O)N(C)C)O)CC=O)C)\C)CO[C@H]4[C@@H]([C@@H]([C@@H]([C@H](O4)C)O)OC)OC,MPM01322,Ciliatine,NCCP(=O)(O)O,1,[*:1][CX3H1:2]=[OX1].[NX3;H2:4][CX4;!a:5]>>[*:1][CH2:2][NH:4][CX4;!a:5],"[46,47]","[0,1]","[1,2]",CC[C@H]1OC(=O)C[C@@H](O)[C@H](C)[C@@H](O[C@@H]2O[C@H](C)[C@@H](O[C@H]3C[C@@](C)(O)[C@@H](O)[C@H](C)O3)[C@H](N(C)C)[C@H]2O)[C@@H](CCNCCP(=O)(O)O)C[C@@H](C)C(=O)/C=C/C(C)=C/[C@@H]1CO[C@@H]1O[C@H](C)[C@@H](O)[C@@H](OC)[C@H]1OC,CC[C@H]1OC(=O)C[C@@H](O)[C@H](C)[C@@H](O[C@@H]2O[C@H](C)[C@@H](O[C@H]3C[C@@](C)(O)[C@@H](O)[C@H](C)O3)[C@H](N(C)C)[C@H]2O)[C@@H](CCNCCP(=O)(O)O)C[C@@H](C)C(=O)/C=C/C(C)=C/[C@@H]1CO[C@@H]1O[C@H](C)[C@@H](O)[C@@H](OC)[C@H]1OC,1025.177,70,success,,outputs/mpmdb_seed_macrolide_reductive_amination/images/tylosin/tylosin_seed_amine_0108_MPM01322.png,-1.0037,-1.00366643,-4.248462200164795,-5.305056571960449,-3.3839752674102783,24,6,18,1
tylosin_seed_amine_0109,Tylosin (Ì©ÀÖ¾úËØ),CC[C@@H]1[C@H](/C=C(/C=C/C(=O)[C@@H](C[C@@H]([C@@H]([C@H]([C@@H](CC(=O)O1)O)C)O[C@H]2[C@@H]([C@H]([C@@H]([C@H](O2)C)O[C@H]3C[C@@]([C@H]([C@@H](O3)C)O)(C)O)N(C)C)O)CC=O)C)\C)CO[C@H]4[C@@H]([C@@H]([C@@H]([C@H](O4)C)O)OC)OC,MPM01278,Aminoethylsulfonic acid,NCCS(=O)(=O)O,1,[*:1][CX3H1:2]=[OX1].[NX3;H2:4][CX4;!a:5]>>[*:1][CH2:2][NH:4][CX4;!a:5],"[46,47]","[0,1]","[1,2]",CC[C@H]1OC(=O)C[C@@H](O)[C@H](C)[C@@H](O[C@@H]2O[C@H](C)[C@@H](O[C@H]3C[C@@](C)(O)[C@@H](O)[C@H](C)O3)[C@H](N(C)C)[C@H]2O)[C@@H](CCNCCS(=O)(=O)O)C[C@@H](C)C(=O)/C=C/C(C)=C/[C@@H]1CO[C@@H]1O[C@H](C)[C@@H](O)[C@@H](OC)[C@H]1OC,CC[C@H]1OC(=O)C[C@@H](O)[C@H](C)[C@@H](O[C@@H]2O[C@H](C)[C@@H](O[C@H]3C[C@@](C)(O)[C@@H](O)[C@H](C)O3)[C@H](N(C)C)[C@H]2O)[C@@H](CCNCCS(=O)(=O)O)C[C@@H](C)C(=O)/C=C/C(C)=C/[C@@H]1CO[C@@H]1O[C@H](C)[C@@H](O)[C@@H](OC)[C@H]1OC,1025.262,70,success,,outputs/mpmdb_seed_macrolide_reductive_amination/images/tylosin/tylosin_seed_amine_0109_MPM01278.png,-0.2873,-0.287345525,-1.8206273317337036,-2.551825523376465,-1.2223742008209229,36,15,21,1
tylosin_seed_amine_0110,Tylosin (Ì©ÀÖ¾úËØ),CC[C@@H]1[C@H](/C=C(/C=C/C(=O)[C@@H](C[C@@H]([C@@H]([C@H]([C@@H](CC(=O)O1)O)C)O[C@H]2[C@@H]([C@H]([C@@H]([C@H](O2)C)O[C@H]3C[C@@]([C@H]([C@@H](O3)C)O)(C)O)N(C)C)O)CC=O)C)\C)CO[C@H]4[C@@H]([C@@H]([C@@H]([C@H](O4)C)O)OC)OC,MPM00165,"2-(3,4-Dihydroxyphenyl)ethylamine",NCCc1ccc(O)c(O)c1,1,[*:1][CX3H1:2]=[OX1].[NX3;H2:4][CX4;!a:5]>>[*:1][CH2:2][NH:4][CX4;!a:5],"[46,47]","[0,1]","[1,2]",CC[C@H]1OC(=O)C[C@@H](O)[C@H](C)[C@@H](O[C@@H]2O[C@H](C)[C@@H](O[C@H]3C[C@@](C)(O)[C@@H](O)[C@H](C)O3)[C@H](N(C)C)[C@H]2O)[C@@H](CCNCCc2ccc(O)c(O)c2)C[C@@H](C)C(=O)/C=C/C(C)=C/[C@@H]1CO[C@@H]1O[C@H](C)[C@@H](O)[C@@H](OC)[C@H]1OC,CC[C@H]1OC(=O)C[C@@H](O)[C@H](C)[C@@H](O[C@@H]2O[C@H](C)[C@@H](O[C@H]3C[C@@](C)(O)[C@@H](O)[C@H](C)O3)[C@H](N(C)C)[C@H]2O)[C@@H](CCNCCc2ccc(O)c(O)c2)C[C@@H](C)C(=O)/C=C/C(C)=C/[C@@H]1CO[C@@H]1O[C@H](C)[C@@H](O)[C@@H](OC)[C@H]1OC,1053.294,74,success,,outputs/mpmdb_seed_macrolide_reductive_amination/images/tylosin/tylosin_seed_amine_0110_MPM00165.png,-0.0647,-0.064740806,-3.843365430831909,-5.161671161651611,-2.7647509574890137,31,11,20,1
tylosin_seed_amine_0111,Tylosin (Ì©ÀÖ¾úËØ),CC[C@@H]1[C@H](/C=C(/C=C/C(=O)[C@@H](C[C@@H]([C@@H]([C@H]([C@@H](CC(=O)O1)O)C)O[C@H]2[C@@H]([C@H]([C@@H]([C@H](O2)C)O[C@H]3C[C@@]([C@H]([C@@H](O3)C)O)(C)O)N(C)C)O)CC=O)C)\C)CO[C@H]4[C@@H]([C@@H]([C@@H]([C@H](O4)C)O)OC)OC,MPM00167,2-(p-Hydroxyphenyl)ethylamine,NCCc1ccc(O)cc1,1,[*:1][CX3H1:2]=[OX1].[NX3;H2:4][CX4;!a:5]>>[*:1][CH2:2][NH:4][CX4;!a:5],"[46,47]","[0,1]","[1,2]",CC[C@H]1OC(=O)C[C@@H](O)[C@H](C)[C@@H](O[C@@H]2O[C@H](C)[C@@H](O[C@H]3C[C@@](C)(O)[C@@H](O)[C@H](C)O3)[C@H](N(C)C)[C@H]2O)[C@@H](CCNCCc2ccc(O)cc2)C[C@@H](C)C(=O)/C=C/C(C)=C/[C@@H]1CO[C@@H]1O[C@H](C)[C@@H](O)[C@@H](OC)[C@H]1OC,CC[C@H]1OC(=O)C[C@@H](O)[C@H](C)[C@@H](O[C@@H]2O[C@H](C)[C@@H](O[C@H]3C[C@@](C)(O)[C@@H](O)[C@H](C)O3)[C@H](N(C)C)[C@H]2O)[C@@H](CCNCCc2ccc(O)cc2)C[C@@H](C)C(=O)/C=C/C(C)=C/[C@@H]1CO[C@@H]1O[C@H](C)[C@@H](O)[C@@H](OC)[C@H]1OC,1037.295,73,success,,outputs/mpmdb_seed_macrolide_reductive_amination/images/tylosin/tylosin_seed_amine_0111_MPM00167.png,-0.0005,-0.000474737,-3.977778911590576,-5.236599445343018,-2.9478347301483154,31,12,19,1
tylosin_seed_amine_0112,Tylosin (Ì©ÀÖ¾úËØ),CC[C@@H]1[C@H](/C=C(/C=C/C(=O)[C@@H](C[C@@H]([C@@H]([C@H]([C@@H](CC(=O)O1)O)C)O[C@H]2[C@@H]([C@H]([C@@H]([C@H](O2)C)O[C@H]3C[C@@]([C@H]([C@@H](O3)C)O)(C)O)N(C)C)O)CC=O)C)\C)CO[C@H]4[C@@H]([C@@H]([C@@H]([C@H](O4)C)O)OC)OC,MPM00868,Phenylethylamine,NCCc1ccccc1,1,[*:1][CX3H1:2]=[OX1].[NX3;H2:4][CX4;!a:5]>>[*:1][CH2:2][NH:4][CX4;!a:5],"[46,47]","[0,1]","[1,2]",CC[C@H]1OC(=O)C[C@@H](O)[C@H](C)[C@@H](O[C@@H]2O[C@H](C)[C@@H](O[C@H]3C[C@@](C)(O)[C@@H](O)[C@H](C)O3)[C@H](N(C)C)[C@H]2O)[C@@H](CCNCCc2ccccc2)C[C@@H](C)C(=O)/C=C/C(C)=C/[C@@H]1CO[C@@H]1O[C@H](C)[C@@H](O)[C@@H](OC)[C@H]1OC,CC[C@H]1OC(=O)C[C@@H](O)[C@H](C)[C@@H](O[C@@H]2O[C@H](C)[C@@H](O[C@H]3C[C@@](C)(O)[C@@H](O)[C@H](C)O3)[C@H](N(C)C)[C@H]2O)[C@@H](CCNCCc2ccccc2)C[C@@H](C)C(=O)/C=C/C(C)=C/[C@@H]1CO[C@@H]1O[C@H](C)[C@@H](O)[C@@H](OC)[C@H]1OC,1021.296,72,success,,outputs/mpmdb_seed_macrolide_reductive_amination/images/tylosin/tylosin_seed_amine_0112_MPM00868.png,-0.3686,-0.368598716,-2.2880496978759766,-3.3795008659362793,-1.395044207572937,36,15,21,1
tylosin_seed_amine_0113,Tylosin (Ì©ÀÖ¾úËØ),CC[C@@H]1[C@H](/C=C(/C=C/C(=O)[C@@H](C[C@@H]([C@@H]([C@H]([C@@H](CC(=O)O1)O)C)O[C@H]2[C@@H]([C@H]([C@@H]([C@H](O2)C)O[C@H]3C[C@@]([C@H]([C@@H](O3)C)O)(C)O)N(C)C)O)CC=O)C)\C)CO[C@H]4[C@@H]([C@@H]([C@@H]([C@H](O4)C)O)OC)OC,MPM00901,Porphobilinogen,NCc1[nH]cc(CCC(=O)O)c1CC(=O)O,1,[*:1][CX3H1:2]=[OX1].[NX3;H2:4][CX4;!a:5]>>[*:1][CH2:2][NH:4][CX4;!a:5],"[46,47]","[0,1]","[1,2]",CC[C@H]1OC(=O)C[C@@H](O)[C@H](C)[C@@H](O[C@@H]2O[C@H](C)[C@@H](O[C@H]3C[C@@](C)(O)[C@@H](O)[C@H](C)O3)[C@H](N(C)C)[C@H]2O)[C@@H](CCNCc2[nH]cc(CCC(=O)O)c2CC(=O)O)C[C@@H](C)C(=O)/C=C/C(C)=C/[C@@H]1CO[C@@H]1O[C@H](C)[C@@H](O)[C@@H](OC)[C@H]1OC,CC[C@H]1OC(=O)C[C@@H](O)[C@H](C)[C@@H](O[C@@H]2O[C@H](C)[C@@H](O[C@H]3C[C@@](C)(O)[C@@H](O)[C@H](C)O3)[C@H](N(C)C)[C@H]2O)[C@@H](CCNCc2[nH]cc(CCC(=O)O)c2CC(=O)O)C[C@@H](C)C(=O)/C=C/C(C)=C/[C@@H]1CO[C@@H]1O[C@H](C)[C@@H](O)[C@@H](OC)[C@H]1OC,1126.345,79,success,,outputs/mpmdb_seed_macrolide_reductive_amination/images/tylosin/tylosin_seed_amine_0113_MPM00901.png,-0.683,-0.682979136,-1.3670846223831177,-2.0330874919891357,-0.8221732378005981,38,16,22,1
tylosin_seed_amine_0114,Tylosin (Ì©ÀÖ¾úËØ),CC[C@@H]1[C@H](/C=C(/C=C/C(=O)[C@@H](C[C@@H]([C@@H]([C@H]([C@@H](CC(=O)O1)O)C)O[C@H]2[C@@H]([C@H]([C@@H]([C@H](O2)C)O[C@H]3C[C@@]([C@H]([C@@H](O3)C)O)(C)O)N(C)C)O)CC=O)C)\C)CO[C@H]4[C@@H]([C@@H]([C@@H]([C@H](O4)C)O)OC)OC,MPM00938,Se-Adenosylselenohomocysteine,Nc1ncnc2c1ncn2C1OC(C[Se]CCC(N)C(=O)O)C(O)C1O,1,[*:1][CX3H1:2]=[OX1].[NX3;H2:4][CX4;!a:5]>>[*:1][CH2:2][NH:4][CX4;!a:5],"[46,47]","[18,17]","[1,2]",CC[C@H]1OC(=O)C[C@@H](O)[C@H](C)[C@@H](O[C@@H]2O[C@H](C)[C@@H](O[C@H]3C[C@@](C)(O)[C@@H](O)[C@H](C)O3)[C@H](N(C)C)[C@H]2O)[C@@H](CCNC(CC[Se]CC2OC(n3cnc4c(N)ncnc43)C(O)C2O)C(=O)O)C[C@@H](C)C(=O)/C=C/C(C)=C/[C@@H]1CO[C@@H]1O[C@H](C)[C@@H](O)[C@@H](OC)[C@H]1OC,CC[C@H]1OC(=O)C[C@@H](O)[C@H](C)[C@@H](O[C@@H]2O[C@H](C)[C@@H](O[C@H]3C[C@@](C)(O)[C@@H](O)[C@H](C)O3)[C@H](N(C)C)[C@H]2O)[C@@H](CCNC(CC[Se]CC2OC(n3cnc4c(N)ncnc43)C(O)C2O)C(=O)O)C[C@@H](C)C(=O)/C=C/C(C)=C/[C@@H]1CO[C@@H]1O[C@H](C)[C@@H](O)[C@@H](OC)[C@H]1OC,1331.424,89,success,,outputs/mpmdb_seed_macrolide_reductive_amination/images/tylosin/tylosin_seed_amine_0114_MPM00938.png,-3.2697,-3.269685109,-2.536323070526123,-3.4827914237976074,-1.761939525604248,36,15,21,1
