product_id,macrolide_name,macrolide_input_smiles,seed_metabolite_id,seed_metabolite_name,seed_canonical_neutral_smiles,seed_n_primary_amine,reaction_smarts,aldehyde_match_atoms,amine_match_atoms,new_cn_bond_product_atoms,product_smiles,canonical_product_smiles,product_mw,product_heavy_atom_count,reaction_status,notes,image_path,pMIC_pred£¨¦Ìmol/ml£©,origin_pMIC_pred£¨¦Ìmol/ml£©
tylosin_seed_amine_0001,Tylosin (Ì©ÀÖ¾úËØ),CC[C@@H]1[C@H](/C=C(/C=C/C(=O)[C@@H](C[C@@H]([C@@H]([C@H]([C@@H](CC(=O)O1)O)C)O[C@H]2[C@@H]([C@H]([C@@H]([C@H](O2)C)O[C@H]3C[C@@]([C@H]([C@@H](O3)C)O)(C)O)N(C)C)O)CC=O)C)\C)CO[C@H]4[C@@H]([C@@H]([C@@H]([C@H](O4)C)O)OC)OC,MPM00425,ADC,C=C(OC1C=C(C(=O)O)C=CC1N)C(=O)O,1,[*:1][CX3H1:2]=[OX1].[NX3;H2:4][CX4;!a:5]>>[*:1][CH2:2][NH:4][CX4;!a:5],"[46,47]","[12,11]","[1,2]",C=C(OC1C=C(C(=O)O)C=CC1NCC[C@H]1C[C@@H](C)C(=O)/C=C/C(C)=C/[C@H](CO[C@@H]2O[C@H](C)[C@@H](O)[C@@H](OC)[C@H]2OC)[C@@H](CC)OC(=O)C[C@@H](O)[C@H](C)[C@H]1O[C@@H]1O[C@H](C)[C@@H](O[C@H]2C[C@@](C)(O)[C@@H](O)[C@H](C)O2)[C@H](N(C)C)[C@H]1O)C(=O)O,C=C(OC1C=C(C(=O)O)C=CC1NCC[C@H]1C[C@@H](C)C(=O)/C=C/C(C)=C/[C@H](CO[C@@H]2O[C@H](C)[C@@H](O)[C@@H](OC)[C@H]2OC)[C@@H](CC)OC(=O)C[C@@H](O)[C@H](C)[C@H]1O[C@@H]1O[C@H](C)[C@@H](O[C@H]2C[C@@](C)(O)[C@@H](O)[C@H](C)O2)[C@H](N(C)C)[C@H]1O)C(=O)O,1125.313,79,success,,outputs/mpmdb_seed_macrolide_reductive_amination/images/tylosin/tylosin_seed_amine_0001_MPM00425.png,0.1305,0.130536984
tylosin_seed_amine_0002,Tylosin (Ì©ÀÖ¾úËØ),CC[C@@H]1[C@H](/C=C(/C=C/C(=O)[C@@H](C[C@@H]([C@@H]([C@H]([C@@H](CC(=O)O1)O)C)O[C@H]2[C@@H]([C@H]([C@@H]([C@H](O2)C)O[C@H]3C[C@@]([C@H]([C@@H](O3)C)O)(C)O)N(C)C)O)CC=O)C)\C)CO[C@H]4[C@@H]([C@@H]([C@@H]([C@H](O4)C)O)OC)OC,MPM01075,(S)-2-Amino-3-oxobutanoic acid,CC(=O)C(N)C(=O)O,1,[*:1][CX3H1:2]=[OX1].[NX3;H2:4][CX4;!a:5]>>[*:1][CH2:2][NH:4][CX4;!a:5],"[46,47]","[4,3]","[1,2]",CC[C@H]1OC(=O)C[C@@H](O)[C@H](C)[C@@H](O[C@@H]2O[C@H](C)[C@@H](O[C@H]3C[C@@](C)(O)[C@@H](O)[C@H](C)O3)[C@H](N(C)C)[C@H]2O)[C@@H](CCNC(C(C)=O)C(=O)O)C[C@@H](C)C(=O)/C=C/C(C)=C/[C@@H]1CO[C@@H]1O[C@H](C)[C@@H](O)[C@@H](OC)[C@H]1OC,CC[C@H]1OC(=O)C[C@@H](O)[C@H](C)[C@@H](O[C@@H]2O[C@H](C)[C@@H](O[C@H]3C[C@@](C)(O)[C@@H](O)[C@H](C)O3)[C@H](N(C)C)[C@H]2O)[C@@H](CCNC(C(C)=O)C(=O)O)C[C@@H](C)C(=O)/C=C/C(C)=C/[C@@H]1CO[C@@H]1O[C@H](C)[C@@H](O)[C@@H](OC)[C@H]1OC,1017.217,71,success,,outputs/mpmdb_seed_macrolide_reductive_amination/images/tylosin/tylosin_seed_amine_0002_MPM01075.png,-0.5452,-0.545247832
tylosin_seed_amine_0003,Tylosin (Ì©ÀÖ¾úËØ),CC[C@@H]1[C@H](/C=C(/C=C/C(=O)[C@@H](C[C@@H]([C@@H]([C@H]([C@@H](CC(=O)O1)O)C)O[C@H]2[C@@H]([C@H]([C@@H]([C@H](O2)C)O[C@H]3C[C@@]([C@H]([C@@H](O3)C)O)(C)O)N(C)C)O)CC=O)C)\C)CO[C@H]4[C@@H]([C@@H]([C@@H]([C@H](O4)C)O)OC)OC,MPM00147,1-Amino-2-propanone,CC(=O)CN,1,[*:1][CX3H1:2]=[OX1].[NX3;H2:4][CX4;!a:5]>>[*:1][CH2:2][NH:4][CX4;!a:5],"[46,47]","[4,3]","[1,2]",CC[C@H]1OC(=O)C[C@@H](O)[C@H](C)[C@@H](O[C@@H]2O[C@H](C)[C@@H](O[C@H]3C[C@@](C)(O)[C@@H](O)[C@H](C)O3)[C@H](N(C)C)[C@H]2O)[C@@H](CCNCC(C)=O)C[C@@H](C)C(=O)/C=C/C(C)=C/[C@@H]1CO[C@@H]1O[C@H](C)[C@@H](O)[C@@H](OC)[C@H]1OC,CC[C@H]1OC(=O)C[C@@H](O)[C@H](C)[C@@H](O[C@@H]2O[C@H](C)[C@@H](O[C@H]3C[C@@](C)(O)[C@@H](O)[C@H](C)O3)[C@H](N(C)C)[C@H]2O)[C@@H](CCNCC(C)=O)C[C@@H](C)C(=O)/C=C/C(C)=C/[C@@H]1CO[C@@H]1O[C@H](C)[C@@H](O)[C@@H](OC)[C@H]1OC,973.208,68,success,,outputs/mpmdb_seed_macrolide_reductive_amination/images/tylosin/tylosin_seed_amine_0003_MPM00147.png,-0.4495,-0.449518273
tylosin_seed_amine_0004,Tylosin (Ì©ÀÖ¾úËØ),CC[C@@H]1[C@H](/C=C(/C=C/C(=O)[C@@H](C[C@@H]([C@@H]([C@H]([C@@H](CC(=O)O1)O)C)O[C@H]2[C@@H]([C@H]([C@@H]([C@H](O2)C)O[C@H]3C[C@@]([C@H]([C@@H](O3)C)O)(C)O)N(C)C)O)CC=O)C)\C)CO[C@H]4[C@@H]([C@@H]([C@@H]([C@H](O4)C)O)OC)OC,MPM00810,"N-acetyl-LL-2,6-diaminopimelic acid",CC(=O)NC(CCCC(N)C(=O)O)C(=O)O,1,[*:1][CX3H1:2]=[OX1].[NX3;H2:4][CX4;!a:5]>>[*:1][CH2:2][NH:4][CX4;!a:5],"[46,47]","[9,8]","[1,2]",CC[C@H]1OC(=O)C[C@@H](O)[C@H](C)[C@@H](O[C@@H]2O[C@H](C)[C@@H](O[C@H]3C[C@@](C)(O)[C@@H](O)[C@H](C)O3)[C@H](N(C)C)[C@H]2O)[C@@H](CCNC(CCCC(NC(C)=O)C(=O)O)C(=O)O)C[C@@H](C)C(=O)/C=C/C(C)=C/[C@@H]1CO[C@@H]1O[C@H](C)[C@@H](O)[C@@H](OC)[C@H]1OC,CC[C@H]1OC(=O)C[C@@H](O)[C@H](C)[C@@H](O[C@@H]2O[C@H](C)[C@@H](O[C@H]3C[C@@](C)(O)[C@@H](O)[C@H](C)O3)[C@H](N(C)C)[C@H]2O)[C@@H](CCNC(CCCC(NC(C)=O)C(=O)O)C(=O)O)C[C@@H](C)C(=O)/C=C/C(C)=C/[C@@H]1CO[C@@H]1O[C@H](C)[C@@H](O)[C@@H](OC)[C@H]1OC,1132.349,79,success,,outputs/mpmdb_seed_macrolide_reductive_amination/images/tylosin/tylosin_seed_amine_0004_MPM00810.png,-0.6626,-0.66261693
tylosin_seed_amine_0005,Tylosin (Ì©ÀÖ¾úËØ),CC[C@@H]1[C@H](/C=C(/C=C/C(=O)[C@@H](C[C@@H]([C@@H]([C@H]([C@@H](CC(=O)O1)O)C)O[C@H]2[C@@H]([C@H]([C@@H]([C@H](O2)C)O[C@H]3C[C@@]([C@H]([C@@H](O3)C)O)(C)O)N(C)C)O)CC=O)C)\C)CO[C@H]4[C@@H]([C@@H]([C@@H]([C@H](O4)C)O)OC)OC,MPM01517,N2-Acetyl-L-ornithine,CC(=O)NC(CCCN)C(=O)O,1,[*:1][CX3H1:2]=[OX1].[NX3;H2:4][CX4;!a:5]>>[*:1][CH2:2][NH:4][CX4;!a:5],"[46,47]","[8,7]","[1,2]",CC[C@H]1OC(=O)C[C@@H](O)[C@H](C)[C@@H](O[C@@H]2O[C@H](C)[C@@H](O[C@H]3C[C@@](C)(O)[C@@H](O)[C@H](C)O3)[C@H](N(C)C)[C@H]2O)[C@@H](CCNCCCC(NC(C)=O)C(=O)O)C[C@@H](C)C(=O)/C=C/C(C)=C/[C@@H]1CO[C@@H]1O[C@H](C)[C@@H](O)[C@@H](OC)[C@H]1OC,CC[C@H]1OC(=O)C[C@@H](O)[C@H](C)[C@@H](O[C@@H]2O[C@H](C)[C@@H](O[C@H]3C[C@@](C)(O)[C@@H](O)[C@H](C)O3)[C@H](N(C)C)[C@H]2O)[C@@H](CCNCCCC(NC(C)=O)C(=O)O)C[C@@H](C)C(=O)/C=C/C(C)=C/[C@@H]1CO[C@@H]1O[C@H](C)[C@@H](O)[C@@H](OC)[C@H]1OC,1074.313,75,success,,outputs/mpmdb_seed_macrolide_reductive_amination/images/tylosin/tylosin_seed_amine_0005_MPM01517.png,-0.5937,-0.593707745
tylosin_seed_amine_0006,Tylosin (Ì©ÀÖ¾úËØ),CC[C@@H]1[C@H](/C=C(/C=C/C(=O)[C@@H](C[C@@H]([C@@H]([C@H]([C@@H](CC(=O)O1)O)C)O[C@H]2[C@@H]([C@H]([C@@H]([C@H](O2)C)O[C@H]3C[C@@]([C@H]([C@@H](O3)C)O)(C)O)N(C)C)O)CC=O)C)\C)CO[C@H]4[C@@H]([C@@H]([C@@H]([C@H](O4)C)O)OC)OC,MPM01530,O3-Acetyl-L-serine,CC(=O)OCC(N)C(=O)O,1,[*:1][CX3H1:2]=[OX1].[NX3;H2:4][CX4;!a:5]>>[*:1][CH2:2][NH:4][CX4;!a:5],"[46,47]","[6,5]","[1,2]",CC[C@H]1OC(=O)C[C@@H](O)[C@H](C)[C@@H](O[C@@H]2O[C@H](C)[C@@H](O[C@H]3C[C@@](C)(O)[C@@H](O)[C@H](C)O3)[C@H](N(C)C)[C@H]2O)[C@@H](CCNC(COC(C)=O)C(=O)O)C[C@@H](C)C(=O)/C=C/C(C)=C/[C@@H]1CO[C@@H]1O[C@H](C)[C@@H](O)[C@@H](OC)[C@H]1OC,CC[C@H]1OC(=O)C[C@@H](O)[C@H](C)[C@@H](O[C@@H]2O[C@H](C)[C@@H](O[C@H]3C[C@@](C)(O)[C@@H](O)[C@H](C)O3)[C@H](N(C)C)[C@H]2O)[C@@H](CCNC(COC(C)=O)C(=O)O)C[C@@H](C)C(=O)/C=C/C(C)=C/[C@@H]1CO[C@@H]1O[C@H](C)[C@@H](O)[C@@H](OC)[C@H]1OC,1047.243,73,success,,outputs/mpmdb_seed_macrolide_reductive_amination/images/tylosin/tylosin_seed_amine_0006_MPM01530.png,-0.3269,-0.326907235
tylosin_seed_amine_0007,Tylosin (Ì©ÀÖ¾úËØ),CC[C@@H]1[C@H](/C=C(/C=C/C(=O)[C@@H](C[C@@H]([C@@H]([C@H]([C@@H](CC(=O)O1)O)C)O[C@H]2[C@@H]([C@H]([C@@H]([C@H](O2)C)O[C@H]3C[C@@]([C@H]([C@@H](O3)C)O)(C)O)N(C)C)O)CC=O)C)\C)CO[C@H]4[C@@H]([C@@H]([C@@H]([C@H](O4)C)O)OC)OC,MPM01531,O-Acetylhomoserine,CC(=O)OCCC(N)C(=O)O,1,[*:1][CX3H1:2]=[OX1].[NX3;H2:4][CX4;!a:5]>>[*:1][CH2:2][NH:4][CX4;!a:5],"[46,47]","[7,6]","[1,2]",CC[C@H]1OC(=O)C[C@@H](O)[C@H](C)[C@@H](O[C@@H]2O[C@H](C)[C@@H](O[C@H]3C[C@@](C)(O)[C@@H](O)[C@H](C)O3)[C@H](N(C)C)[C@H]2O)[C@@H](CCNC(CCOC(C)=O)C(=O)O)C[C@@H](C)C(=O)/C=C/C(C)=C/[C@@H]1CO[C@@H]1O[C@H](C)[C@@H](O)[C@@H](OC)[C@H]1OC,CC[C@H]1OC(=O)C[C@@H](O)[C@H](C)[C@@H](O[C@@H]2O[C@H](C)[C@@H](O[C@H]3C[C@@](C)(O)[C@@H](O)[C@H](C)O3)[C@H](N(C)C)[C@H]2O)[C@@H](CCNC(CCOC(C)=O)C(=O)O)C[C@@H](C)C(=O)/C=C/C(C)=C/[C@@H]1CO[C@@H]1O[C@H](C)[C@@H](O)[C@@H](OC)[C@H]1OC,1061.27,74,success,,outputs/mpmdb_seed_macrolide_reductive_amination/images/tylosin/tylosin_seed_amine_0007_MPM01531.png,-0.5692,-0.569196859
tylosin_seed_amine_0008,Tylosin (Ì©ÀÖ¾úËØ),CC[C@@H]1[C@H](/C=C(/C=C/C(=O)[C@@H](C[C@@H]([C@@H]([C@H]([C@@H](CC(=O)O1)O)C)O[C@H]2[C@@H]([C@H]([C@@H]([C@H](O2)C)O[C@H]3C[C@@]([C@H]([C@@H](O3)C)O)(C)O)N(C)C)O)CC=O)C)\C)CO[C@H]4[C@@H]([C@@H]([C@@H]([C@H](O4)C)O)OC)OC,MPM01137,2-Amino-3-methylbutyric acid,CC(C)C(N)C(=O)O,1,[*:1][CX3H1:2]=[OX1].[NX3;H2:4][CX4;!a:5]>>[*:1][CH2:2][NH:4][CX4;!a:5],"[46,47]","[4,3]","[1,2]",CC[C@H]1OC(=O)C[C@@H](O)[C@H](C)[C@@H](O[C@@H]2O[C@H](C)[C@@H](O[C@H]3C[C@@](C)(O)[C@@H](O)[C@H](C)O3)[C@H](N(C)C)[C@H]2O)[C@@H](CCNC(C(=O)O)C(C)C)C[C@@H](C)C(=O)/C=C/C(C)=C/[C@@H]1CO[C@@H]1O[C@H](C)[C@@H](O)[C@@H](OC)[C@H]1OC,CC[C@H]1OC(=O)C[C@@H](O)[C@H](C)[C@@H](O[C@@H]2O[C@H](C)[C@@H](O[C@H]3C[C@@](C)(O)[C@@H](O)[C@H](C)O3)[C@H](N(C)C)[C@H]2O)[C@@H](CCNC(C(=O)O)C(C)C)C[C@@H](C)C(=O)/C=C/C(C)=C/[C@@H]1CO[C@@H]1O[C@H](C)[C@@H](O)[C@@H](OC)[C@H]1OC,1017.261,71,success,,outputs/mpmdb_seed_macrolide_reductive_amination/images/tylosin/tylosin_seed_amine_0008_MPM01137.png,-0.6672,-0.667169475
tylosin_seed_amine_0009,Tylosin (Ì©ÀÖ¾úËØ),CC[C@@H]1[C@H](/C=C(/C=C/C(=O)[C@@H](C[C@@H]([C@@H]([C@H]([C@@H](CC(=O)O1)O)C)O[C@H]2[C@@H]([C@H]([C@@H]([C@H](O2)C)O[C@H]3C[C@@]([C@H]([C@@H](O3)C)O)(C)O)N(C)C)O)CC=O)C)\C)CO[C@H]4[C@@H]([C@@H]([C@@H]([C@H](O4)C)O)OC)OC,MPM01055,(2S)-alpha-Leucine,CC(C)CC(N)C(=O)O,1,[*:1][CX3H1:2]=[OX1].[NX3;H2:4][CX4;!a:5]>>[*:1][CH2:2][NH:4][CX4;!a:5],"[46,47]","[5,4]","[1,2]",CC[C@H]1OC(=O)C[C@@H](O)[C@H](C)[C@@H](O[C@@H]2O[C@H](C)[C@@H](O[C@H]3C[C@@](C)(O)[C@@H](O)[C@H](C)O3)[C@H](N(C)C)[C@H]2O)[C@@H](CCNC(CC(C)C)C(=O)O)C[C@@H](C)C(=O)/C=C/C(C)=C/[C@@H]1CO[C@@H]1O[C@H](C)[C@@H](O)[C@@H](OC)[C@H]1OC,CC[C@H]1OC(=O)C[C@@H](O)[C@H](C)[C@@H](O[C@@H]2O[C@H](C)[C@@H](O[C@H]3C[C@@](C)(O)[C@@H](O)[C@H](C)O3)[C@H](N(C)C)[C@H]2O)[C@@H](CCNC(CC(C)C)C(=O)O)C[C@@H](C)C(=O)/C=C/C(C)=C/[C@@H]1CO[C@@H]1O[C@H](C)[C@@H](O)[C@@H](OC)[C@H]1OC,1031.288,72,success,,outputs/mpmdb_seed_macrolide_reductive_amination/images/tylosin/tylosin_seed_amine_0009_MPM01055.png,-0.7501,-0.750065778
tylosin_seed_amine_0010,Tylosin (Ì©ÀÖ¾úËØ),CC[C@@H]1[C@H](/C=C(/C=C/C(=O)[C@@H](C[C@@H]([C@@H]([C@H]([C@@H](CC(=O)O1)O)C)O[C@H]2[C@@H]([C@H]([C@@H]([C@H](O2)C)O[C@H]3C[C@@]([C@H]([C@@H](O3)C)O)(C)O)N(C)C)O)CC=O)C)\C)CO[C@H]4[C@@H]([C@@H]([C@@H]([C@H](O4)C)O)OC)OC,MPM00737,l-Alanyl-l-leucine,CC(C)CC(NC(=O)C(C)N)C(=O)O,1,[*:1][CX3H1:2]=[OX1].[NX3;H2:4][CX4;!a:5]>>[*:1][CH2:2][NH:4][CX4;!a:5],"[46,47]","[10,8]","[1,2]",CC[C@H]1OC(=O)C[C@@H](O)[C@H](C)[C@@H](O[C@@H]2O[C@H](C)[C@@H](O[C@H]3C[C@@](C)(O)[C@@H](O)[C@H](C)O3)[C@H](N(C)C)[C@H]2O)[C@@H](CCNC(C)C(=O)NC(CC(C)C)C(=O)O)C[C@@H](C)C(=O)/C=C/C(C)=C/[C@@H]1CO[C@@H]1O[C@H](C)[C@@H](O)[C@@H](OC)[C@H]1OC,CC[C@H]1OC(=O)C[C@@H](O)[C@H](C)[C@@H](O[C@@H]2O[C@H](C)[C@@H](O[C@H]3C[C@@](C)(O)[C@@H](O)[C@H](C)O3)[C@H](N(C)C)[C@H]2O)[C@@H](CCNC(C)C(=O)NC(CC(C)C)C(=O)O)C[C@@H](C)C(=O)/C=C/C(C)=C/[C@@H]1CO[C@@H]1O[C@H](C)[C@@H](O)[C@@H](OC)[C@H]1OC,1102.367,77,success,,outputs/mpmdb_seed_macrolide_reductive_amination/images/tylosin/tylosin_seed_amine_0010_MPM00737.png,-0.9041,-0.904088137
tylosin_seed_amine_0011,Tylosin (Ì©ÀÖ¾úËØ),CC[C@@H]1[C@H](/C=C(/C=C/C(=O)[C@@H](C[C@@H]([C@@H]([C@H]([C@@H](CC(=O)O1)O)C)O[C@H]2[C@@H]([C@H]([C@@H]([C@H](O2)C)O[C@H]3C[C@@]([C@H]([C@@H](O3)C)O)(C)O)N(C)C)O)CC=O)C)\C)CO[C@H]4[C@@H]([C@@H]([C@@H]([C@H](O4)C)O)OC)OC,MPM00675,Glycyl-L-leucine,CC(C)CC(NC(=O)CN)C(=O)O,1,[*:1][CX3H1:2]=[OX1].[NX3;H2:4][CX4;!a:5]>>[*:1][CH2:2][NH:4][CX4;!a:5],"[46,47]","[9,8]","[1,2]",CC[C@H]1OC(=O)C[C@@H](O)[C@H](C)[C@@H](O[C@@H]2O[C@H](C)[C@@H](O[C@H]3C[C@@](C)(O)[C@@H](O)[C@H](C)O3)[C@H](N(C)C)[C@H]2O)[C@@H](CCNCC(=O)NC(CC(C)C)C(=O)O)C[C@@H](C)C(=O)/C=C/C(C)=C/[C@@H]1CO[C@@H]1O[C@H](C)[C@@H](O)[C@@H](OC)[C@H]1OC,CC[C@H]1OC(=O)C[C@@H](O)[C@H](C)[C@@H](O[C@@H]2O[C@H](C)[C@@H](O[C@H]3C[C@@](C)(O)[C@@H](O)[C@H](C)O3)[C@H](N(C)C)[C@H]2O)[C@@H](CCNCC(=O)NC(CC(C)C)C(=O)O)C[C@@H](C)C(=O)/C=C/C(C)=C/[C@@H]1CO[C@@H]1O[C@H](C)[C@@H](O)[C@@H](OC)[C@H]1OC,1088.34,76,success,,outputs/mpmdb_seed_macrolide_reductive_amination/images/tylosin/tylosin_seed_amine_0011_MPM00675.png,-0.5441,-0.544060125
tylosin_seed_amine_0012,Tylosin (Ì©ÀÖ¾úËØ),CC[C@@H]1[C@H](/C=C(/C=C/C(=O)[C@@H](C[C@@H]([C@@H]([C@H]([C@@H](CC(=O)O1)O)C)O[C@H]2[C@@H]([C@H]([C@@H]([C@H](O2)C)O[C@H]3C[C@@]([C@H]([C@@H](O3)C)O)(C)O)N(C)C)O)CC=O)C)\C)CO[C@H]4[C@@H]([C@@H]([C@@H]([C@H](O4)C)O)OC)OC,MPM01359,D-Ala-D-Ala,CC(N)C(=O)NC(C)C(=O)O,1,[*:1][CX3H1:2]=[OX1].[NX3;H2:4][CX4;!a:5]>>[*:1][CH2:2][NH:4][CX4;!a:5],"[46,47]","[2,1]","[1,2]",CC[C@H]1OC(=O)C[C@@H](O)[C@H](C)[C@@H](O[C@@H]2O[C@H](C)[C@@H](O[C@H]3C[C@@](C)(O)[C@@H](O)[C@H](C)O3)[C@H](N(C)C)[C@H]2O)[C@@H](CCNC(C)C(=O)NC(C)C(=O)O)C[C@@H](C)C(=O)/C=C/C(C)=C/[C@@H]1CO[C@@H]1O[C@H](C)[C@@H](O)[C@@H](OC)[C@H]1OC,CC[C@H]1OC(=O)C[C@@H](O)[C@H](C)[C@@H](O[C@@H]2O[C@H](C)[C@@H](O[C@H]3C[C@@](C)(O)[C@@H](O)[C@H](C)O3)[C@H](N(C)C)[C@H]2O)[C@@H](CCNC(C)C(=O)NC(C)C(=O)O)C[C@@H](C)C(=O)/C=C/C(C)=C/[C@@H]1CO[C@@H]1O[C@H](C)[C@@H](O)[C@@H](OC)[C@H]1OC,1060.286,74,success,,outputs/mpmdb_seed_macrolide_reductive_amination/images/tylosin/tylosin_seed_amine_0012_MPM01359.png,-0.4623,-0.462260657
tylosin_seed_amine_0013,Tylosin (Ì©ÀÖ¾úËØ),CC[C@@H]1[C@H](/C=C(/C=C/C(=O)[C@@H](C[C@@H]([C@@H]([C@H]([C@@H](CC(=O)O1)O)C)O[C@H]2[C@@H]([C@H]([C@@H]([C@H](O2)C)O[C@H]3C[C@@]([C@H]([C@@H](O3)C)O)(C)O)N(C)C)O)CC=O)C)\C)CO[C@H]4[C@@H]([C@@H]([C@@H]([C@H](O4)C)O)OC)OC,MPM00439,Ala-Asp,CC(N)C(=O)NC(CC(=O)O)C(=O)O,1,[*:1][CX3H1:2]=[OX1].[NX3;H2:4][CX4;!a:5]>>[*:1][CH2:2][NH:4][CX4;!a:5],"[46,47]","[2,1]","[1,2]",CC[C@H]1OC(=O)C[C@@H](O)[C@H](C)[C@@H](O[C@@H]2O[C@H](C)[C@@H](O[C@H]3C[C@@](C)(O)[C@@H](O)[C@H](C)O3)[C@H](N(C)C)[C@H]2O)[C@@H](CCNC(C)C(=O)NC(CC(=O)O)C(=O)O)C[C@@H](C)C(=O)/C=C/C(C)=C/[C@@H]1CO[C@@H]1O[C@H](C)[C@@H](O)[C@@H](OC)[C@H]1OC,CC[C@H]1OC(=O)C[C@@H](O)[C@H](C)[C@@H](O[C@@H]2O[C@H](C)[C@@H](O[C@H]3C[C@@](C)(O)[C@@H](O)[C@H](C)O3)[C@H](N(C)C)[C@H]2O)[C@@H](CCNC(C)C(=O)NC(CC(=O)O)C(=O)O)C[C@@H](C)C(=O)/C=C/C(C)=C/[C@@H]1CO[C@@H]1O[C@H](C)[C@@H](O)[C@@H](OC)[C@H]1OC,1104.295,77,success,,outputs/mpmdb_seed_macrolide_reductive_amination/images/tylosin/tylosin_seed_amine_0013_MPM00439.png,-0.4354,-0.43535307
tylosin_seed_amine_0014,Tylosin (Ì©ÀÖ¾úËØ),CC[C@@H]1[C@H](/C=C(/C=C/C(=O)[C@@H](C[C@@H]([C@@H]([C@H]([C@@H](CC(=O)O1)O)C)O[C@H]2[C@@H]([C@H]([C@@H]([C@H](O2)C)O[C@H]3C[C@@]([C@H]([C@@H](O3)C)O)(C)O)N(C)C)O)CC=O)C)\C)CO[C@H]4[C@@H]([C@@H]([C@@H]([C@H](O4)C)O)OC)OC,MPM00735,L-Alanyl-L-glutamate,CC(N)C(=O)NC(CCC(=O)O)C(=O)O,1,[*:1][CX3H1:2]=[OX1].[NX3;H2:4][CX4;!a:5]>>[*:1][CH2:2][NH:4][CX4;!a:5],"[46,47]","[2,1]","[1,2]",CC[C@H]1OC(=O)C[C@@H](O)[C@H](C)[C@@H](O[C@@H]2O[C@H](C)[C@@H](O[C@H]3C[C@@](C)(O)[C@@H](O)[C@H](C)O3)[C@H](N(C)C)[C@H]2O)[C@@H](CCNC(C)C(=O)NC(CCC(=O)O)C(=O)O)C[C@@H](C)C(=O)/C=C/C(C)=C/[C@@H]1CO[C@@H]1O[C@H](C)[C@@H](O)[C@@H](OC)[C@H]1OC,CC[C@H]1OC(=O)C[C@@H](O)[C@H](C)[C@@H](O[C@@H]2O[C@H](C)[C@@H](O[C@H]3C[C@@](C)(O)[C@@H](O)[C@H](C)O3)[C@H](N(C)C)[C@H]2O)[C@@H](CCNC(C)C(=O)NC(CCC(=O)O)C(=O)O)C[C@@H](C)C(=O)/C=C/C(C)=C/[C@@H]1CO[C@@H]1O[C@H](C)[C@@H](O)[C@@H](OC)[C@H]1OC,1118.322,78,success,,outputs/mpmdb_seed_macrolide_reductive_amination/images/tylosin/tylosin_seed_amine_0014_MPM00735.png,-0.4401,-0.44010129
tylosin_seed_amine_0015,Tylosin (Ì©ÀÖ¾úËØ),CC[C@@H]1[C@H](/C=C(/C=C/C(=O)[C@@H](C[C@@H]([C@@H]([C@H]([C@@H](CC(=O)O1)O)C)O[C@H]2[C@@H]([C@H]([C@@H]([C@H](O2)C)O[C@H]3C[C@@]([C@H]([C@@H](O3)C)O)(C)O)N(C)C)O)CC=O)C)\C)CO[C@H]4[C@@H]([C@@H]([C@@H]([C@H](O4)C)O)OC)OC,MPM00736,l-Alanyl-l-glutamine,CC(N)C(=O)NC(CCC(N)=O)C(=O)O,1,[*:1][CX3H1:2]=[OX1].[NX3;H2:4][CX4;!a:5]>>[*:1][CH2:2][NH:4][CX4;!a:5],"[46,47]","[2,1]","[1,2]",CC[C@H]1OC(=O)C[C@@H](O)[C@H](C)[C@@H](O[C@@H]2O[C@H](C)[C@@H](O[C@H]3C[C@@](C)(O)[C@@H](O)[C@H](C)O3)[C@H](N(C)C)[C@H]2O)[C@@H](CCNC(C)C(=O)NC(CCC(N)=O)C(=O)O)C[C@@H](C)C(=O)/C=C/C(C)=C/[C@@H]1CO[C@@H]1O[C@H](C)[C@@H](O)[C@@H](OC)[C@H]1OC,CC[C@H]1OC(=O)C[C@@H](O)[C@H](C)[C@@H](O[C@@H]2O[C@H](C)[C@@H](O[C@H]3C[C@@](C)(O)[C@@H](O)[C@H](C)O3)[C@H](N(C)C)[C@H]2O)[C@@H](CCNC(C)C(=O)NC(CCC(N)=O)C(=O)O)C[C@@H](C)C(=O)/C=C/C(C)=C/[C@@H]1CO[C@@H]1O[C@H](C)[C@@H](O)[C@@H](OC)[C@H]1OC,1117.338,78,success,,outputs/mpmdb_seed_macrolide_reductive_amination/images/tylosin/tylosin_seed_amine_0015_MPM00736.png,-0.4419,-0.44190247
tylosin_seed_amine_0016,Tylosin (Ì©ÀÖ¾úËØ),CC[C@@H]1[C@H](/C=C(/C=C/C(=O)[C@@H](C[C@@H]([C@@H]([C@H]([C@@H](CC(=O)O1)O)C)O[C@H]2[C@@H]([C@H]([C@@H]([C@H](O2)C)O[C@H]3C[C@@]([C@H]([C@@H](O3)C)O)(C)O)N(C)C)O)CC=O)C)\C)CO[C@H]4[C@@H]([C@@H]([C@@H]([C@H](O4)C)O)OC)OC,MPM00440,Ala-His,CC(N)C(=O)NC(Cc1cnc[nH]1)C(=O)O,1,[*:1][CX3H1:2]=[OX1].[NX3;H2:4][CX4;!a:5]>>[*:1][CH2:2][NH:4][CX4;!a:5],"[46,47]","[2,1]","[1,2]",CC[C@H]1OC(=O)C[C@@H](O)[C@H](C)[C@@H](O[C@@H]2O[C@H](C)[C@@H](O[C@H]3C[C@@](C)(O)[C@@H](O)[C@H](C)O3)[C@H](N(C)C)[C@H]2O)[C@@H](CCNC(C)C(=O)NC(Cc2cnc[nH]2)C(=O)O)C[C@@H](C)C(=O)/C=C/C(C)=C/[C@@H]1CO[C@@H]1O[C@H](C)[C@@H](O)[C@@H](OC)[C@H]1OC,CC[C@H]1OC(=O)C[C@@H](O)[C@H](C)[C@@H](O[C@@H]2O[C@H](C)[C@@H](O[C@H]3C[C@@](C)(O)[C@@H](O)[C@H](C)O3)[C@H](N(C)C)[C@H]2O)[C@@H](CCNC(C)C(=O)NC(Cc2cnc[nH]2)C(=O)O)C[C@@H](C)C(=O)/C=C/C(C)=C/[C@@H]1CO[C@@H]1O[C@H](C)[C@@H](O)[C@@H](OC)[C@H]1OC,1126.349,79,success,,outputs/mpmdb_seed_macrolide_reductive_amination/images/tylosin/tylosin_seed_amine_0016_MPM00440.png,-0.7667,-0.766721134
tylosin_seed_amine_0017,Tylosin (Ì©ÀÖ¾úËØ),CC[C@@H]1[C@H](/C=C(/C=C/C(=O)[C@@H](C[C@@H]([C@@H]([C@H]([C@@H](CC(=O)O1)O)C)O[C@H]2[C@@H]([C@H]([C@@H]([C@H](O2)C)O[C@H]3C[C@@]([C@H]([C@@H](O3)C)O)(C)O)N(C)C)O)CC=O)C)\C)CO[C@H]4[C@@H]([C@@H]([C@@H]([C@H](O4)C)O)OC)OC,MPM00441,Alanylglycine,CC(N)C(=O)NCC(=O)O,1,[*:1][CX3H1:2]=[OX1].[NX3;H2:4][CX4;!a:5]>>[*:1][CH2:2][NH:4][CX4;!a:5],"[46,47]","[2,1]","[1,2]",CC[C@H]1OC(=O)C[C@@H](O)[C@H](C)[C@@H](O[C@@H]2O[C@H](C)[C@@H](O[C@H]3C[C@@](C)(O)[C@@H](O)[C@H](C)O3)[C@H](N(C)C)[C@H]2O)[C@@H](CCNC(C)C(=O)NCC(=O)O)C[C@@H](C)C(=O)/C=C/C(C)=C/[C@@H]1CO[C@@H]1O[C@H](C)[C@@H](O)[C@@H](OC)[C@H]1OC,CC[C@H]1OC(=O)C[C@@H](O)[C@H](C)[C@@H](O[C@@H]2O[C@H](C)[C@@H](O[C@H]3C[C@@](C)(O)[C@@H](O)[C@H](C)O3)[C@H](N(C)C)[C@H]2O)[C@@H](CCNC(C)C(=O)NCC(=O)O)C[C@@H](C)C(=O)/C=C/C(C)=C/[C@@H]1CO[C@@H]1O[C@H](C)[C@@H](O)[C@@H](OC)[C@H]1OC,1046.259,73,success,,outputs/mpmdb_seed_macrolide_reductive_amination/images/tylosin/tylosin_seed_amine_0017_MPM00441.png,-0.2732,-0.273239564
tylosin_seed_amine_0018,Tylosin (Ì©ÀÖ¾úËØ),CC[C@@H]1[C@H](/C=C(/C=C/C(=O)[C@@H](C[C@@H]([C@@H]([C@H]([C@@H](CC(=O)O1)O)C)O[C@H]2[C@@H]([C@H]([C@@H]([C@H](O2)C)O[C@H]3C[C@@]([C@H]([C@@H](O3)C)O)(C)O)N(C)C)O)CC=O)C)\C)CO[C@H]4[C@@H]([C@@H]([C@@H]([C@H](O4)C)O)OC)OC,MPM01358,D-Ala,CC(N)C(=O)O,1,[*:1][CX3H1:2]=[OX1].[NX3;H2:4][CX4;!a:5]>>[*:1][CH2:2][NH:4][CX4;!a:5],"[46,47]","[2,1]","[1,2]",CC[C@H]1OC(=O)C[C@@H](O)[C@H](C)[C@@H](O[C@@H]2O[C@H](C)[C@@H](O[C@H]3C[C@@](C)(O)[C@@H](O)[C@H](C)O3)[C@H](N(C)C)[C@H]2O)[C@@H](CCNC(C)C(=O)O)C[C@@H](C)C(=O)/C=C/C(C)=C/[C@@H]1CO[C@@H]1O[C@H](C)[C@@H](O)[C@@H](OC)[C@H]1OC,CC[C@H]1OC(=O)C[C@@H](O)[C@H](C)[C@@H](O[C@@H]2O[C@H](C)[C@@H](O[C@H]3C[C@@](C)(O)[C@@H](O)[C@H](C)O3)[C@H](N(C)C)[C@H]2O)[C@@H](CCNC(C)C(=O)O)C[C@@H](C)C(=O)/C=C/C(C)=C/[C@@H]1CO[C@@H]1O[C@H](C)[C@@H](O)[C@@H](OC)[C@H]1OC,989.207,69,success,,outputs/mpmdb_seed_macrolide_reductive_amination/images/tylosin/tylosin_seed_amine_0018_MPM01358.png,-0.2996,-0.299566637
tylosin_seed_amine_0019,Tylosin (Ì©ÀÖ¾úËØ),CC[C@@H]1[C@H](/C=C(/C=C/C(=O)[C@@H](C[C@@H]([C@@H]([C@H]([C@@H](CC(=O)O1)O)C)O[C@H]2[C@@H]([C@H]([C@@H]([C@H](O2)C)O[C@H]3C[C@@]([C@H]([C@@H](O3)C)O)(C)O)N(C)C)O)CC=O)C)\C)CO[C@H]4[C@@H]([C@@H]([C@@H]([C@H](O4)C)O)OC)OC,MPM00548,DAPA,CC(N)C(N)CCCCCC(=O)O,2,[*:1][CX3H1:2]=[OX1].[NX3;H2:4][CX4;!a:5]>>[*:1][CH2:2][NH:4][CX4;!a:5],"[46,47]","[2,1]","[1,2]",CC[C@H]1OC(=O)C[C@@H](O)[C@H](C)[C@@H](O[C@@H]2O[C@H](C)[C@@H](O[C@H]3C[C@@](C)(O)[C@@H](O)[C@H](C)O3)[C@H](N(C)C)[C@H]2O)[C@@H](CCNC(C)C(N)CCCCCC(=O)O)C[C@@H](C)C(=O)/C=C/C(C)=C/[C@@H]1CO[C@@H]1O[C@H](C)[C@@H](O)[C@@H](OC)[C@H]1OC,CC[C@H]1OC(=O)C[C@@H](O)[C@H](C)[C@@H](O[C@@H]2O[C@H](C)[C@@H](O[C@H]3C[C@@](C)(O)[C@@H](O)[C@H](C)O3)[C@H](N(C)C)[C@H]2O)[C@@H](CCNC(C)C(N)CCCCCC(=O)O)C[C@@H](C)C(=O)/C=C/C(C)=C/[C@@H]1CO[C@@H]1O[C@H](C)[C@@H](O)[C@@H](OC)[C@H]1OC,1088.384,76,success,multi_primary_amine_seed; enumerated_site,outputs/mpmdb_seed_macrolide_reductive_amination/images/tylosin/tylosin_seed_amine_0019_MPM00548.png,-0.8399,-0.839860311
tylosin_seed_amine_0020,Tylosin (Ì©ÀÖ¾úËØ),CC[C@@H]1[C@H](/C=C(/C=C/C(=O)[C@@H](C[C@@H]([C@@H]([C@H]([C@@H](CC(=O)O1)O)C)O[C@H]2[C@@H]([C@H]([C@@H]([C@H](O2)C)O[C@H]3C[C@@]([C@H]([C@@H](O3)C)O)(C)O)N(C)C)O)CC=O)C)\C)CO[C@H]4[C@@H]([C@@H]([C@@H]([C@H](O4)C)O)OC)OC,MPM00548,DAPA,CC(N)C(N)CCCCCC(=O)O,2,[*:1][CX3H1:2]=[OX1].[NX3;H2:4][CX4;!a:5]>>[*:1][CH2:2][NH:4][CX4;!a:5],"[46,47]","[4,3]","[1,2]",CC[C@H]1OC(=O)C[C@@H](O)[C@H](C)[C@@H](O[C@@H]2O[C@H](C)[C@@H](O[C@H]3C[C@@](C)(O)[C@@H](O)[C@H](C)O3)[C@H](N(C)C)[C@H]2O)[C@@H](CCNC(CCCCCC(=O)O)C(C)N)C[C@@H](C)C(=O)/C=C/C(C)=C/[C@@H]1CO[C@@H]1O[C@H](C)[C@@H](O)[C@@H](OC)[C@H]1OC,CC[C@H]1OC(=O)C[C@@H](O)[C@H](C)[C@@H](O[C@@H]2O[C@H](C)[C@@H](O[C@H]3C[C@@](C)(O)[C@@H](O)[C@H](C)O3)[C@H](N(C)C)[C@H]2O)[C@@H](CCNC(CCCCCC(=O)O)C(C)N)C[C@@H](C)C(=O)/C=C/C(C)=C/[C@@H]1CO[C@@H]1O[C@H](C)[C@@H](O)[C@@H](OC)[C@H]1OC,1088.384,76,success,multi_primary_amine_seed; enumerated_site,outputs/mpmdb_seed_macrolide_reductive_amination/images/tylosin/tylosin_seed_amine_0020_MPM00548.png,-0.8316,-0.831631062
tylosin_seed_amine_0021,Tylosin (Ì©ÀÖ¾úËØ),CC[C@@H]1[C@H](/C=C(/C=C/C(=O)[C@@H](C[C@@H]([C@@H]([C@H]([C@@H](CC(=O)O1)O)C)O[C@H]2[C@@H]([C@H]([C@@H]([C@H](O2)C)O[C@H]3C[C@@]([C@H]([C@@H](O3)C)O)(C)O)N(C)C)O)CC=O)C)\C)CO[C@H]4[C@@H]([C@@H]([C@@H]([C@H](O4)C)O)OC)OC,MPM00031,"(2R,4S)-2,4-diaminopentanoic acid",CC(N)CC(N)C(=O)O,2,[*:1][CX3H1:2]=[OX1].[NX3;H2:4][CX4;!a:5]>>[*:1][CH2:2][NH:4][CX4;!a:5],"[46,47]","[2,1]","[1,2]",CC[C@H]1OC(=O)C[C@@H](O)[C@H](C)[C@@H](O[C@@H]2O[C@H](C)[C@@H](O[C@H]3C[C@@](C)(O)[C@@H](O)[C@H](C)O3)[C@H](N(C)C)[C@H]2O)[C@@H](CCNC(C)CC(N)C(=O)O)C[C@@H](C)C(=O)/C=C/C(C)=C/[C@@H]1CO[C@@H]1O[C@H](C)[C@@H](O)[C@@H](OC)[C@H]1OC,CC[C@H]1OC(=O)C[C@@H](O)[C@H](C)[C@@H](O[C@@H]2O[C@H](C)[C@@H](O[C@H]3C[C@@](C)(O)[C@@H](O)[C@H](C)O3)[C@H](N(C)C)[C@H]2O)[C@@H](CCNC(C)CC(N)C(=O)O)C[C@@H](C)C(=O)/C=C/C(C)=C/[C@@H]1CO[C@@H]1O[C@H](C)[C@@H](O)[C@@H](OC)[C@H]1OC,1032.276,72,success,multi_primary_amine_seed; enumerated_site,outputs/mpmdb_seed_macrolide_reductive_amination/images/tylosin/tylosin_seed_amine_0021_MPM00031.png,-0.3757,-0.375745822
tylosin_seed_amine_0022,Tylosin (Ì©ÀÖ¾úËØ),CC[C@@H]1[C@H](/C=C(/C=C/C(=O)[C@@H](C[C@@H]([C@@H]([C@H]([C@@H](CC(=O)O1)O)C)O[C@H]2[C@@H]([C@H]([C@@H]([C@H](O2)C)O[C@H]3C[C@@]([C@H]([C@@H](O3)C)O)(C)O)N(C)C)O)CC=O)C)\C)CO[C@H]4[C@@H]([C@@H]([C@@H]([C@H](O4)C)O)OC)OC,MPM00031,"(2R,4S)-2,4-diaminopentanoic acid",CC(N)CC(N)C(=O)O,2,[*:1][CX3H1:2]=[OX1].[NX3;H2:4][CX4;!a:5]>>[*:1][CH2:2][NH:4][CX4;!a:5],"[46,47]","[5,4]","[1,2]",CC[C@H]1OC(=O)C[C@@H](O)[C@H](C)[C@@H](O[C@@H]2O[C@H](C)[C@@H](O[C@H]3C[C@@](C)(O)[C@@H](O)[C@H](C)O3)[C@H](N(C)C)[C@H]2O)[C@@H](CCNC(CC(C)N)C(=O)O)C[C@@H](C)C(=O)/C=C/C(C)=C/[C@@H]1CO[C@@H]1O[C@H](C)[C@@H](O)[C@@H](OC)[C@H]1OC,CC[C@H]1OC(=O)C[C@@H](O)[C@H](C)[C@@H](O[C@@H]2O[C@H](C)[C@@H](O[C@H]3C[C@@](C)(O)[C@@H](O)[C@H](C)O3)[C@H](N(C)C)[C@H]2O)[C@@H](CCNC(CC(C)N)C(=O)O)C[C@@H](C)C(=O)/C=C/C(C)=C/[C@@H]1CO[C@@H]1O[C@H](C)[C@@H](O)[C@@H](OC)[C@H]1OC,1032.276,72,success,multi_primary_amine_seed; enumerated_site,outputs/mpmdb_seed_macrolide_reductive_amination/images/tylosin/tylosin_seed_amine_0022_MPM00031.png,-0.3792,-0.379160278
tylosin_seed_amine_0023,Tylosin (Ì©ÀÖ¾úËØ),CC[C@@H]1[C@H](/C=C(/C=C/C(=O)[C@@H](C[C@@H]([C@@H]([C@H]([C@@H](CC(=O)O1)O)C)O[C@H]2[C@@H]([C@H]([C@@H]([C@H](O2)C)O[C@H]3C[C@@]([C@H]([C@@H](O3)C)O)(C)O)N(C)C)O)CC=O)C)\C)CO[C@H]4[C@@H]([C@@H]([C@@H]([C@H](O4)C)O)OC)OC,MPM00051,"(3S,5S)-3,5-diaminohexanoic acid",CC(N)CC(N)CC(=O)O,2,[*:1][CX3H1:2]=[OX1].[NX3;H2:4][CX4;!a:5]>>[*:1][CH2:2][NH:4][CX4;!a:5],"[46,47]","[2,1]","[1,2]",CC[C@H]1OC(=O)C[C@@H](O)[C@H](C)[C@@H](O[C@@H]2O[C@H](C)[C@@H](O[C@H]3C[C@@](C)(O)[C@@H](O)[C@H](C)O3)[C@H](N(C)C)[C@H]2O)[C@@H](CCNC(C)CC(N)CC(=O)O)C[C@@H](C)C(=O)/C=C/C(C)=C/[C@@H]1CO[C@@H]1O[C@H](C)[C@@H](O)[C@@H](OC)[C@H]1OC,CC[C@H]1OC(=O)C[C@@H](O)[C@H](C)[C@@H](O[C@@H]2O[C@H](C)[C@@H](O[C@H]3C[C@@](C)(O)[C@@H](O)[C@H](C)O3)[C@H](N(C)C)[C@H]2O)[C@@H](CCNC(C)CC(N)CC(=O)O)C[C@@H](C)C(=O)/C=C/C(C)=C/[C@@H]1CO[C@@H]1O[C@H](C)[C@@H](O)[C@@H](OC)[C@H]1OC,1046.303,73,success,multi_primary_amine_seed; enumerated_site,outputs/mpmdb_seed_macrolide_reductive_amination/images/tylosin/tylosin_seed_amine_0023_MPM00051.png,-0.6439,-0.643876006
tylosin_seed_amine_0024,Tylosin (Ì©ÀÖ¾úËØ),CC[C@@H]1[C@H](/C=C(/C=C/C(=O)[C@@H](C[C@@H]([C@@H]([C@H]([C@@H](CC(=O)O1)O)C)O[C@H]2[C@@H]([C@H]([C@@H]([C@H](O2)C)O[C@H]3C[C@@]([C@H]([C@@H](O3)C)O)(C)O)N(C)C)O)CC=O)C)\C)CO[C@H]4[C@@H]([C@@H]([C@@H]([C@H](O4)C)O)OC)OC,MPM00051,"(3S,5S)-3,5-diaminohexanoic acid",CC(N)CC(N)CC(=O)O,2,[*:1][CX3H1:2]=[OX1].[NX3;H2:4][CX4;!a:5]>>[*:1][CH2:2][NH:4][CX4;!a:5],"[46,47]","[5,4]","[1,2]",CC[C@H]1OC(=O)C[C@@H](O)[C@H](C)[C@@H](O[C@@H]2O[C@H](C)[C@@H](O[C@H]3C[C@@](C)(O)[C@@H](O)[C@H](C)O3)[C@H](N(C)C)[C@H]2O)[C@@H](CCNC(CC(=O)O)CC(C)N)C[C@@H](C)C(=O)/C=C/C(C)=C/[C@@H]1CO[C@@H]1O[C@H](C)[C@@H](O)[C@@H](OC)[C@H]1OC,CC[C@H]1OC(=O)C[C@@H](O)[C@H](C)[C@@H](O[C@@H]2O[C@H](C)[C@@H](O[C@H]3C[C@@](C)(O)[C@@H](O)[C@H](C)O3)[C@H](N(C)C)[C@H]2O)[C@@H](CCNC(CC(=O)O)CC(C)N)C[C@@H](C)C(=O)/C=C/C(C)=C/[C@@H]1CO[C@@H]1O[C@H](C)[C@@H](O)[C@@H](OC)[C@H]1OC,1046.303,73,success,multi_primary_amine_seed; enumerated_site,outputs/mpmdb_seed_macrolide_reductive_amination/images/tylosin/tylosin_seed_amine_0024_MPM00051.png,-0.6414,-0.641396132
tylosin_seed_amine_0025,Tylosin (Ì©ÀÖ¾úËØ),CC[C@@H]1[C@H](/C=C(/C=C/C(=O)[C@@H](C[C@@H]([C@@H]([C@H]([C@@H](CC(=O)O1)O)C)O[C@H]2[C@@H]([C@H]([C@@H]([C@H](O2)C)O[C@H]3C[C@@]([C@H]([C@@H](O3)C)O)(C)O)N(C)C)O)CC=O)C)\C)CO[C@H]4[C@@H]([C@@H]([C@@H]([C@H](O4)C)O)OC)OC,MPM00937,S-D-Lactoylglutathione,CC(O)C(=O)SCC(NC(=O)CCC(N)C(=O)O)C(=O)NCC(=O)O,1,[*:1][CX3H1:2]=[OX1].[NX3;H2:4][CX4;!a:5]>>[*:1][CH2:2][NH:4][CX4;!a:5],"[46,47]","[14,13]","[1,2]",CC[C@H]1OC(=O)C[C@@H](O)[C@H](C)[C@@H](O[C@@H]2O[C@H](C)[C@@H](O[C@H]3C[C@@](C)(O)[C@@H](O)[C@H](C)O3)[C@H](N(C)C)[C@H]2O)[C@@H](CCNC(CCC(=O)NC(CSC(=O)C(C)O)C(=O)NCC(=O)O)C(=O)O)C[C@@H](C)C(=O)/C=C/C(C)=C/[C@@H]1CO[C@@H]1O[C@H](C)[C@@H](O)[C@@H](OC)[C@H]1OC,CC[C@H]1OC(=O)C[C@@H](O)[C@H](C)[C@@H](O[C@@H]2O[C@H](C)[C@@H](O[C@H]3C[C@@](C)(O)[C@@H](O)[C@H](C)O3)[C@H](N(C)C)[C@H]2O)[C@@H](CCNC(CCC(=O)NC(CSC(=O)C(C)O)C(=O)NCC(=O)O)C(=O)O)C[C@@H](C)C(=O)/C=C/C(C)=C/[C@@H]1CO[C@@H]1O[C@H](C)[C@@H](O)[C@@H](OC)[C@H]1OC,1279.504,88,success,,outputs/mpmdb_seed_macrolide_reductive_amination/images/tylosin/tylosin_seed_amine_0025_MPM00937.png,-1.3097,-1.309657212
tylosin_seed_amine_0026,Tylosin (Ì©ÀÖ¾úËØ),CC[C@@H]1[C@H](/C=C(/C=C/C(=O)[C@@H](C[C@@H]([C@@H]([C@H]([C@@H](CC(=O)O1)O)C)O[C@H]2[C@@H]([C@H]([C@@H]([C@H](O2)C)O[C@H]3C[C@@]([C@H]([C@@H](O3)C)O)(C)O)N(C)C)O)CC=O)C)\C)CO[C@H]4[C@@H]([C@@H]([C@@H]([C@H](O4)C)O)OC)OC,MPM01136,2-Amino-3-hydroxybutyric acid,CC(O)C(N)C(=O)O,1,[*:1][CX3H1:2]=[OX1].[NX3;H2:4][CX4;!a:5]>>[*:1][CH2:2][NH:4][CX4;!a:5],"[46,47]","[4,3]","[1,2]",CC[C@H]1OC(=O)C[C@@H](O)[C@H](C)[C@@H](O[C@@H]2O[C@H](C)[C@@H](O[C@H]3C[C@@](C)(O)[C@@H](O)[C@H](C)O3)[C@H](N(C)C)[C@H]2O)[C@@H](CCNC(C(=O)O)C(C)O)C[C@@H](C)C(=O)/C=C/C(C)=C/[C@@H]1CO[C@@H]1O[C@H](C)[C@@H](O)[C@@H](OC)[C@H]1OC,CC[C@H]1OC(=O)C[C@@H](O)[C@H](C)[C@@H](O[C@@H]2O[C@H](C)[C@@H](O[C@H]3C[C@@](C)(O)[C@@H](O)[C@H](C)O3)[C@H](N(C)C)[C@H]2O)[C@@H](CCNC(C(=O)O)C(C)O)C[C@@H](C)C(=O)/C=C/C(C)=C/[C@@H]1CO[C@@H]1O[C@H](C)[C@@H](O)[C@@H](OC)[C@H]1OC,1019.233,71,success,,outputs/mpmdb_seed_macrolide_reductive_amination/images/tylosin/tylosin_seed_amine_0026_MPM01136.png,-0.4999,-0.49994217
tylosin_seed_amine_0027,Tylosin (Ì©ÀÖ¾úËØ),CC[C@@H]1[C@H](/C=C(/C=C/C(=O)[C@@H](C[C@@H]([C@@H]([C@H]([C@@H](CC(=O)O1)O)C)O[C@H]2[C@@H]([C@H]([C@@H]([C@H](O2)C)O[C@H]3C[C@@]([C@H]([C@@H](O3)C)O)(C)O)N(C)C)O)CC=O)C)\C)CO[C@H]4[C@@H]([C@@H]([C@@H]([C@H](O4)C)O)OC)OC,MPM00070,(R)-1-Amino-2-propanol,CC(O)CN,1,[*:1][CX3H1:2]=[OX1].[NX3;H2:4][CX4;!a:5]>>[*:1][CH2:2][NH:4][CX4;!a:5],"[46,47]","[4,3]","[1,2]",CC[C@H]1OC(=O)C[C@@H](O)[C@H](C)[C@@H](O[C@@H]2O[C@H](C)[C@@H](O[C@H]3C[C@@](C)(O)[C@@H](O)[C@H](C)O3)[C@H](N(C)C)[C@H]2O)[C@@H](CCNCC(C)O)C[C@@H](C)C(=O)/C=C/C(C)=C/[C@@H]1CO[C@@H]1O[C@H](C)[C@@H](O)[C@@H](OC)[C@H]1OC,CC[C@H]1OC(=O)C[C@@H](O)[C@H](C)[C@@H](O[C@@H]2O[C@H](C)[C@@H](O[C@H]3C[C@@](C)(O)[C@@H](O)[C@H](C)O3)[C@H](N(C)C)[C@H]2O)[C@@H](CCNCC(C)O)C[C@@H](C)C(=O)/C=C/C(C)=C/[C@@H]1CO[C@@H]1O[C@H](C)[C@@H](O)[C@@H](OC)[C@H]1OC,975.224,68,success,,outputs/mpmdb_seed_macrolide_reductive_amination/images/tylosin/tylosin_seed_amine_0027_MPM00070.png,-0.5074,-0.507387284
tylosin_seed_amine_0028,Tylosin (Ì©ÀÖ¾úËØ),CC[C@@H]1[C@H](/C=C(/C=C/C(=O)[C@@H](C[C@@H]([C@@H]([C@H]([C@@H](CC(=O)O1)O)C)O[C@H]2[C@@H]([C@H]([C@@H]([C@H](O2)C)O[C@H]3C[C@@]([C@H]([C@@H](O3)C)O)(C)O)N(C)C)O)CC=O)C)\C)CO[C@H]4[C@@H]([C@@H]([C@@H]([C@H](O4)C)O)OC)OC,MPM00843,O-Phospho-L-threonine,CC(OP(=O)(O)O)C(N)C(=O)O,1,[*:1][CX3H1:2]=[OX1].[NX3;H2:4][CX4;!a:5]>>[*:1][CH2:2][NH:4][CX4;!a:5],"[46,47]","[8,7]","[1,2]",CC[C@H]1OC(=O)C[C@@H](O)[C@H](C)[C@@H](O[C@@H]2O[C@H](C)[C@@H](O[C@H]3C[C@@](C)(O)[C@@H](O)[C@H](C)O3)[C@H](N(C)C)[C@H]2O)[C@@H](CCNC(C(=O)O)C(C)OP(=O)(O)O)C[C@@H](C)C(=O)/C=C/C(C)=C/[C@@H]1CO[C@@H]1O[C@H](C)[C@@H](O)[C@@H](OC)[C@H]1OC,CC[C@H]1OC(=O)C[C@@H](O)[C@H](C)[C@@H](O[C@@H]2O[C@H](C)[C@@H](O[C@H]3C[C@@](C)(O)[C@@H](O)[C@H](C)O3)[C@H](N(C)C)[C@H]2O)[C@@H](CCNC(C(=O)O)C(C)OP(=O)(O)O)C[C@@H](C)C(=O)/C=C/C(C)=C/[C@@H]1CO[C@@H]1O[C@H](C)[C@@H](O)[C@@H](OC)[C@H]1OC,1099.212,75,success,,outputs/mpmdb_seed_macrolide_reductive_amination/images/tylosin/tylosin_seed_amine_0028_MPM00843.png,-0.8505,-0.850464757
tylosin_seed_amine_0029,Tylosin (Ì©ÀÖ¾úËØ),CC[C@@H]1[C@H](/C=C(/C=C/C(=O)[C@@H](C[C@@H]([C@@H]([C@H]([C@@H](CC(=O)O1)O)C)O[C@H]2[C@@H]([C@H]([C@@H]([C@H](O2)C)O[C@H]3C[C@@]([C@H]([C@@H](O3)C)O)(C)O)N(C)C)O)CC=O)C)\C)CO[C@H]4[C@@H]([C@@H]([C@@H]([C@H](O4)C)O)OC)OC,MPM00465,Ampicillin,CC1(C)SC2C(NC(=O)C(N)c3ccccc3)C(=O)N2C1C(=O)O,1,[*:1][CX3H1:2]=[OX1].[NX3;H2:4][CX4;!a:5]>>[*:1][CH2:2][NH:4][CX4;!a:5],"[46,47]","[10,9]","[1,2]",CC[C@H]1OC(=O)C[C@@H](O)[C@H](C)[C@@H](O[C@@H]2O[C@H](C)[C@@H](O[C@H]3C[C@@](C)(O)[C@@H](O)[C@H](C)O3)[C@H](N(C)C)[C@H]2O)[C@@H](CCNC(C(=O)NC2C(=O)N3C2SC(C)(C)C3C(=O)O)c2ccccc2)C[C@@H](C)C(=O)/C=C/C(C)=C/[C@@H]1CO[C@@H]1O[C@H](C)[C@@H](O)[C@@H](OC)[C@H]1OC,CC[C@H]1OC(=O)C[C@@H](O)[C@H](C)[C@@H](O[C@@H]2O[C@H](C)[C@@H](O[C@H]3C[C@@](C)(O)[C@@H](O)[C@H](C)O3)[C@H](N(C)C)[C@H]2O)[C@@H](CCNC(C(=O)NC2C(=O)N3C2SC(C)(C)C3C(=O)O)c2ccccc2)C[C@@H](C)C(=O)/C=C/C(C)=C/[C@@H]1CO[C@@H]1O[C@H](C)[C@@H](O)[C@@H](OC)[C@H]1OC,1249.525,87,success,,outputs/mpmdb_seed_macrolide_reductive_amination/images/tylosin/tylosin_seed_amine_0029_MPM00465.png,-1.7751,-1.77514132
tylosin_seed_amine_0030,Tylosin (Ì©ÀÖ¾úËØ),CC[C@@H]1[C@H](/C=C(/C=C/C(=O)[C@@H](C[C@@H]([C@@H]([C@H]([C@@H](CC(=O)O1)O)C)O[C@H]2[C@@H]([C@H]([C@@H]([C@H](O2)C)O[C@H]3C[C@@]([C@H]([C@@H](O3)C)O)(C)O)N(C)C)O)CC=O)C)\C)CO[C@H]4[C@@H]([C@@H]([C@@H]([C@H](O4)C)O)OC)OC,MPM01138,2-Amino-3-methylvaleric acid,CCC(C)C(N)C(=O)O,1,[*:1][CX3H1:2]=[OX1].[NX3;H2:4][CX4;!a:5]>>[*:1][CH2:2][NH:4][CX4;!a:5],"[46,47]","[5,4]","[1,2]",CCC(C)C(NCC[C@H]1C[C@@H](C)C(=O)/C=C/C(C)=C/[C@H](CO[C@@H]2O[C@H](C)[C@@H](O)[C@@H](OC)[C@H]2OC)[C@@H](CC)OC(=O)C[C@@H](O)[C@H](C)[C@H]1O[C@@H]1O[C@H](C)[C@@H](O[C@H]2C[C@@](C)(O)[C@@H](O)[C@H](C)O2)[C@H](N(C)C)[C@H]1O)C(=O)O,CCC(C)C(NCC[C@H]1C[C@@H](C)C(=O)/C=C/C(C)=C/[C@H](CO[C@@H]2O[C@H](C)[C@@H](O)[C@@H](OC)[C@H]2OC)[C@@H](CC)OC(=O)C[C@@H](O)[C@H](C)[C@H]1O[C@@H]1O[C@H](C)[C@@H](O[C@H]2C[C@@](C)(O)[C@@H](O)[C@H](C)O2)[C@H](N(C)C)[C@H]1O)C(=O)O,1031.288,72,success,,outputs/mpmdb_seed_macrolide_reductive_amination/images/tylosin/tylosin_seed_amine_0030_MPM01138.png,-0.7228,-0.722835766
tylosin_seed_amine_0031,Tylosin (Ì©ÀÖ¾úËØ),CC[C@@H]1[C@H](/C=C(/C=C/C(=O)[C@@H](C[C@@H]([C@@H]([C@H]([C@@H](CC(=O)O1)O)C)O[C@H]2[C@@H]([C@H]([C@@H]([C@H](O2)C)O[C@H]3C[C@@]([C@H]([C@@H](O3)C)O)(C)O)N(C)C)O)CC=O)C)\C)CO[C@H]4[C@@H]([C@@H]([C@@H]([C@H](O4)C)O)OC)OC,MPM01482,L-Methionine (R)-S-oxide,CS(=O)CCC(N)C(=O)O,1,[*:1][CX3H1:2]=[OX1].[NX3;H2:4][CX4;!a:5]>>[*:1][CH2:2][NH:4][CX4;!a:5],"[46,47]","[6,5]","[1,2]",CC[C@H]1OC(=O)C[C@@H](O)[C@H](C)[C@@H](O[C@@H]2O[C@H](C)[C@@H](O[C@H]3C[C@@](C)(O)[C@@H](O)[C@H](C)O3)[C@H](N(C)C)[C@H]2O)[C@@H](CCNC(CCS(C)=O)C(=O)O)C[C@@H](C)C(=O)/C=C/C(C)=C/[C@@H]1CO[C@@H]1O[C@H](C)[C@@H](O)[C@@H](OC)[C@H]1OC,CC[C@H]1OC(=O)C[C@@H](O)[C@H](C)[C@@H](O[C@@H]2O[C@H](C)[C@@H](O[C@H]3C[C@@](C)(O)[C@@H](O)[C@H](C)O3)[C@H](N(C)C)[C@H]2O)[C@@H](CCNC(CCS(C)=O)C(=O)O)C[C@@H](C)C(=O)/C=C/C(C)=C/[C@@H]1CO[C@@H]1O[C@H](C)[C@@H](O)[C@@H](OC)[C@H]1OC,1065.327,73,success,,outputs/mpmdb_seed_macrolide_reductive_amination/images/tylosin/tylosin_seed_amine_0031_MPM01482.png,-0.6755,-0.675504798
tylosin_seed_amine_0032,Tylosin (Ì©ÀÖ¾úËØ),CC[C@@H]1[C@H](/C=C(/C=C/C(=O)[C@@H](C[C@@H]([C@@H]([C@H]([C@@H](CC(=O)O1)O)C)O[C@H]2[C@@H]([C@H]([C@@H]([C@H](O2)C)O[C@H]3C[C@@]([C@H]([C@@H](O3)C)O)(C)O)N(C)C)O)CC=O)C)\C)CO[C@H]4[C@@H]([C@@H]([C@@H]([C@H](O4)C)O)OC)OC,MPM01356,D-2-Amino-4-(methylthio)butyric acid,CSCCC(N)C(=O)O,1,[*:1][CX3H1:2]=[OX1].[NX3;H2:4][CX4;!a:5]>>[*:1][CH2:2][NH:4][CX4;!a:5],"[46,47]","[5,4]","[1,2]",CC[C@H]1OC(=O)C[C@@H](O)[C@H](C)[C@@H](O[C@@H]2O[C@H](C)[C@@H](O[C@H]3C[C@@](C)(O)[C@@H](O)[C@H](C)O3)[C@H](N(C)C)[C@H]2O)[C@@H](CCNC(CCSC)C(=O)O)C[C@@H](C)C(=O)/C=C/C(C)=C/[C@@H]1CO[C@@H]1O[C@H](C)[C@@H](O)[C@@H](OC)[C@H]1OC,CC[C@H]1OC(=O)C[C@@H](O)[C@H](C)[C@@H](O[C@@H]2O[C@H](C)[C@@H](O[C@H]3C[C@@](C)(O)[C@@H](O)[C@H](C)O3)[C@H](N(C)C)[C@H]2O)[C@@H](CCNC(CCSC)C(=O)O)C[C@@H](C)C(=O)/C=C/C(C)=C/[C@@H]1CO[C@@H]1O[C@H](C)[C@@H](O)[C@@H](OC)[C@H]1OC,1049.328,72,success,,outputs/mpmdb_seed_macrolide_reductive_amination/images/tylosin/tylosin_seed_amine_0032_MPM01356.png,-0.877,-0.87695194
tylosin_seed_amine_0033,Tylosin (Ì©ÀÖ¾úËØ),CC[C@@H]1[C@H](/C=C(/C=C/C(=O)[C@@H](C[C@@H]([C@@H]([C@H]([C@@H](CC(=O)O1)O)C)O[C@H]2[C@@H]([C@H]([C@@H]([C@H](O2)C)O[C@H]3C[C@@]([C@H]([C@@H](O3)C)O)(C)O)N(C)C)O)CC=O)C)\C)CO[C@H]4[C@@H]([C@@H]([C@@H]([C@H](O4)C)O)OC)OC,MPM00678,Glycylmethionine,CSCCC(NC(=O)CN)C(=O)O,1,[*:1][CX3H1:2]=[OX1].[NX3;H2:4][CX4;!a:5]>>[*:1][CH2:2][NH:4][CX4;!a:5],"[46,47]","[9,8]","[1,2]",CC[C@H]1OC(=O)C[C@@H](O)[C@H](C)[C@@H](O[C@@H]2O[C@H](C)[C@@H](O[C@H]3C[C@@](C)(O)[C@@H](O)[C@H](C)O3)[C@H](N(C)C)[C@H]2O)[C@@H](CCNCC(=O)NC(CCSC)C(=O)O)C[C@@H](C)C(=O)/C=C/C(C)=C/[C@@H]1CO[C@@H]1O[C@H](C)[C@@H](O)[C@@H](OC)[C@H]1OC,CC[C@H]1OC(=O)C[C@@H](O)[C@H](C)[C@@H](O[C@@H]2O[C@H](C)[C@@H](O[C@H]3C[C@@](C)(O)[C@@H](O)[C@H](C)O3)[C@H](N(C)C)[C@H]2O)[C@@H](CCNCC(=O)NC(CCSC)C(=O)O)C[C@@H](C)C(=O)/C=C/C(C)=C/[C@@H]1CO[C@@H]1O[C@H](C)[C@@H](O)[C@@H](OC)[C@H]1OC,1106.38,76,success,,outputs/mpmdb_seed_macrolide_reductive_amination/images/tylosin/tylosin_seed_amine_0033_MPM00678.png,-0.6685,-0.668531948
tylosin_seed_amine_0034,Tylosin (Ì©ÀÖ¾úËØ),CC[C@@H]1[C@H](/C=C(/C=C/C(=O)[C@@H](C[C@@H]([C@@H]([C@H]([C@@H](CC(=O)O1)O)C)O[C@H]2[C@@H]([C@H]([C@@H]([C@H](O2)C)O[C@H]3C[C@@]([C@H]([C@@H](O3)C)O)(C)O)N(C)C)O)CC=O)C)\C)CO[C@H]4[C@@H]([C@@H]([C@@H]([C@H](O4)C)O)OC)OC,MPM00935,SAM,C[S+](CCC(N)C(=O)[O-])CC1OC(n2cnc3c(N)ncnc32)C(O)C1O,1,[*:1][CX3H1:2]=[OX1].[NX3;H2:4][CX4;!a:5]>>[*:1][CH2:2][NH:4][CX4;!a:5],"[46,47]","[5,4]","[1,2]",CC[C@H]1OC(=O)C[C@@H](O)[C@H](C)[C@@H](O[C@@H]2O[C@H](C)[C@@H](O[C@H]3C[C@@](C)(O)[C@@H](O)[C@H](C)O3)[C@H](N(C)C)[C@H]2O)[C@@H](CCNC(CC[S+](C)CC2OC(n3cnc4c(N)ncnc43)C(O)C2O)C(=O)[O-])C[C@@H](C)C(=O)/C=C/C(C)=C/[C@@H]1CO[C@@H]1O[C@H](C)[C@@H](O)[C@@H](OC)[C@H]1OC,CC[C@H]1OC(=O)C[C@@H](O)[C@H](C)[C@@H](O[C@@H]2O[C@H](C)[C@@H](O[C@H]3C[C@@](C)(O)[C@@H](O)[C@H](C)O3)[C@H](N(C)C)[C@H]2O)[C@@H](CCNC(CC[S+](C)CC2OC(n3cnc4c(N)ncnc43)C(O)C2O)C(=O)[O-])C[C@@H](C)C(=O)/C=C/C(C)=C/[C@@H]1CO[C@@H]1O[C@H](C)[C@@H](O)[C@@H](OC)[C@H]1OC,1298.558,90,success,,outputs/mpmdb_seed_macrolide_reductive_amination/images/tylosin/tylosin_seed_amine_0034_MPM00935.png,-3.426,-3.426020644
tylosin_seed_amine_0035,Tylosin (Ì©ÀÖ¾úËØ),CC[C@@H]1[C@H](/C=C(/C=C/C(=O)[C@@H](C[C@@H]([C@@H]([C@H]([C@@H](CC(=O)O1)O)C)O[C@H]2[C@@H]([C@H]([C@@H]([C@H](O2)C)O[C@H]3C[C@@]([C@H]([C@@H](O3)C)O)(C)O)N(C)C)O)CC=O)C)\C)CO[C@H]4[C@@H]([C@@H]([C@@H]([C@H](O4)C)O)OC)OC,MPM00900,PM,Cc1ncc(CO)c(CN)c1O,1,[*:1][CX3H1:2]=[OX1].[NX3;H2:4][CX4;!a:5]>>[*:1][CH2:2][NH:4][CX4;!a:5],"[46,47]","[9,8]","[1,2]",CC[C@H]1OC(=O)C[C@@H](O)[C@H](C)[C@@H](O[C@@H]2O[C@H](C)[C@@H](O[C@H]3C[C@@](C)(O)[C@@H](O)[C@H](C)O3)[C@H](N(C)C)[C@H]2O)[C@@H](CCNCc2c(CO)cnc(C)c2O)C[C@@H](C)C(=O)/C=C/C(C)=C/[C@@H]1CO[C@@H]1O[C@H](C)[C@@H](O)[C@@H](OC)[C@H]1OC,CC[C@H]1OC(=O)C[C@@H](O)[C@H](C)[C@@H](O[C@@H]2O[C@H](C)[C@@H](O[C@H]3C[C@@](C)(O)[C@@H](O)[C@H](C)O3)[C@H](N(C)C)[C@H]2O)[C@@H](CCNCc2c(CO)cnc(C)c2O)C[C@@H](C)C(=O)/C=C/C(C)=C/[C@@H]1CO[C@@H]1O[C@H](C)[C@@H](O)[C@@H](OC)[C@H]1OC,1068.309,75,success,,outputs/mpmdb_seed_macrolide_reductive_amination/images/tylosin/tylosin_seed_amine_0035_MPM00900.png,-1.6994,-1.699351916
tylosin_seed_amine_0036,Tylosin (Ì©ÀÖ¾úËØ),CC[C@@H]1[C@H](/C=C(/C=C/C(=O)[C@@H](C[C@@H]([C@@H]([C@H]([C@@H](CC(=O)O1)O)C)O[C@H]2[C@@H]([C@H]([C@@H]([C@H](O2)C)O[C@H]3C[C@@]([C@H]([C@@H](O3)C)O)(C)O)N(C)C)O)CC=O)C)\C)CO[C@H]4[C@@H]([C@@H]([C@@H]([C@H](O4)C)O)OC)OC,MPM00918,Pyridoxamine 5-phosphate,Cc1ncc(COP(=O)(O)O)c(CN)c1O,1,[*:1][CX3H1:2]=[OX1].[NX3;H2:4][CX4;!a:5]>>[*:1][CH2:2][NH:4][CX4;!a:5],"[46,47]","[13,12]","[1,2]",CC[C@H]1OC(=O)C[C@@H](O)[C@H](C)[C@@H](O[C@@H]2O[C@H](C)[C@@H](O[C@H]3C[C@@](C)(O)[C@@H](O)[C@H](C)O3)[C@H](N(C)C)[C@H]2O)[C@@H](CCNCc2c(COP(=O)(O)O)cnc(C)c2O)C[C@@H](C)C(=O)/C=C/C(C)=C/[C@@H]1CO[C@@H]1O[C@H](C)[C@@H](O)[C@@H](OC)[C@H]1OC,CC[C@H]1OC(=O)C[C@@H](O)[C@H](C)[C@@H](O[C@@H]2O[C@H](C)[C@@H](O[C@H]3C[C@@](C)(O)[C@@H](O)[C@H](C)O3)[C@H](N(C)C)[C@H]2O)[C@@H](CCNCc2c(COP(=O)(O)O)cnc(C)c2O)C[C@@H](C)C(=O)/C=C/C(C)=C/[C@@H]1CO[C@@H]1O[C@H](C)[C@@H](O)[C@@H](OC)[C@H]1OC,1148.288,79,success,,outputs/mpmdb_seed_macrolide_reductive_amination/images/tylosin/tylosin_seed_amine_0036_MPM00918.png,-1.8487,-1.848731415
tylosin_seed_amine_0037,Tylosin (Ì©ÀÖ¾úËØ),CC[C@@H]1[C@H](/C=C(/C=C/C(=O)[C@@H](C[C@@H]([C@@H]([C@H]([C@@H](CC(=O)O1)O)C)O[C@H]2[C@@H]([C@H]([C@@H]([C@H](O2)C)O[C@H]3C[C@@]([C@H]([C@@H](O3)C)O)(C)O)N(C)C)O)CC=O)C)\C)CO[C@H]4[C@@H]([C@@H]([C@@H]([C@H](O4)C)O)OC)OC,MPM01143,2-Aminosuccinamic acid,NC(=O)CC(N)C(=O)O,1,[*:1][CX3H1:2]=[OX1].[NX3;H2:4][CX4;!a:5]>>[*:1][CH2:2][NH:4][CX4;!a:5],"[46,47]","[5,4]","[1,2]",CC[C@H]1OC(=O)C[C@@H](O)[C@H](C)[C@@H](O[C@@H]2O[C@H](C)[C@@H](O[C@H]3C[C@@](C)(O)[C@@H](O)[C@H](C)O3)[C@H](N(C)C)[C@H]2O)[C@@H](CCNC(CC(N)=O)C(=O)O)C[C@@H](C)C(=O)/C=C/C(C)=C/[C@@H]1CO[C@@H]1O[C@H](C)[C@@H](O)[C@@H](OC)[C@H]1OC,CC[C@H]1OC(=O)C[C@@H](O)[C@H](C)[C@@H](O[C@@H]2O[C@H](C)[C@@H](O[C@H]3C[C@@](C)(O)[C@@H](O)[C@H](C)O3)[C@H](N(C)C)[C@H]2O)[C@@H](CCNC(CC(N)=O)C(=O)O)C[C@@H](C)C(=O)/C=C/C(C)=C/[C@@H]1CO[C@@H]1O[C@H](C)[C@@H](O)[C@@H](OC)[C@H]1OC,1032.232,72,success,,outputs/mpmdb_seed_macrolide_reductive_amination/images/tylosin/tylosin_seed_amine_0037_MPM01143.png,-0.2202,-0.220188409
tylosin_seed_amine_0038,Tylosin (Ì©ÀÖ¾úËØ),CC[C@@H]1[C@H](/C=C(/C=C/C(=O)[C@@H](C[C@@H]([C@@H]([C@H]([C@@H](CC(=O)O1)O)C)O[C@H]2[C@@H]([C@H]([C@@H]([C@H](O2)C)O[C@H]3C[C@@]([C@H]([C@@H](O3)C)O)(C)O)N(C)C)O)CC=O)C)\C)CO[C@H]4[C@@H]([C@@H]([C@@H]([C@H](O4)C)O)OC)OC,MPM01464,L-2-Aminoglutaramic acid,NC(=O)CCC(N)C(=O)O,1,[*:1][CX3H1:2]=[OX1].[NX3;H2:4][CX4;!a:5]>>[*:1][CH2:2][NH:4][CX4;!a:5],"[46,47]","[6,5]","[1,2]",CC[C@H]1OC(=O)C[C@@H](O)[C@H](C)[C@@H](O[C@@H]2O[C@H](C)[C@@H](O[C@H]3C[C@@](C)(O)[C@@H](O)[C@H](C)O3)[C@H](N(C)C)[C@H]2O)[C@@H](CCNC(CCC(N)=O)C(=O)O)C[C@@H](C)C(=O)/C=C/C(C)=C/[C@@H]1CO[C@@H]1O[C@H](C)[C@@H](O)[C@@H](OC)[C@H]1OC,CC[C@H]1OC(=O)C[C@@H](O)[C@H](C)[C@@H](O[C@@H]2O[C@H](C)[C@@H](O[C@H]3C[C@@](C)(O)[C@@H](O)[C@H](C)O3)[C@H](N(C)C)[C@H]2O)[C@@H](CCNC(CCC(N)=O)C(=O)O)C[C@@H](C)C(=O)/C=C/C(C)=C/[C@@H]1CO[C@@H]1O[C@H](C)[C@@H](O)[C@@H](OC)[C@H]1OC,1046.259,73,success,,outputs/mpmdb_seed_macrolide_reductive_amination/images/tylosin/tylosin_seed_amine_0038_MPM01464.png,-0.2864,-0.286354869
tylosin_seed_amine_0039,Tylosin (Ì©ÀÖ¾úËØ),CC[C@@H]1[C@H](/C=C(/C=C/C(=O)[C@@H](C[C@@H]([C@@H]([C@H]([C@@H](CC(=O)O1)O)C)O[C@H]2[C@@H]([C@H]([C@@H]([C@H](O2)C)O[C@H]3C[C@@]([C@H]([C@@H](O3)C)O)(C)O)N(C)C)O)CC=O)C)\C)CO[C@H]4[C@@H]([C@@H]([C@@H]([C@H](O4)C)O)OC)OC,MPM01334,Citrulline,NC(=O)NCCCC(N)C(=O)O,1,[*:1][CX3H1:2]=[OX1].[NX3;H2:4][CX4;!a:5]>>[*:1][CH2:2][NH:4][CX4;!a:5],"[46,47]","[8,7]","[1,2]",CC[C@H]1OC(=O)C[C@@H](O)[C@H](C)[C@@H](O[C@@H]2O[C@H](C)[C@@H](O[C@H]3C[C@@](C)(O)[C@@H](O)[C@H](C)O3)[C@H](N(C)C)[C@H]2O)[C@@H](CCNC(CCCNC(N)=O)C(=O)O)C[C@@H](C)C(=O)/C=C/C(C)=C/[C@@H]1CO[C@@H]1O[C@H](C)[C@@H](O)[C@@H](OC)[C@H]1OC,CC[C@H]1OC(=O)C[C@@H](O)[C@H](C)[C@@H](O[C@@H]2O[C@H](C)[C@@H](O[C@H]3C[C@@](C)(O)[C@@H](O)[C@H](C)O3)[C@H](N(C)C)[C@H]2O)[C@@H](CCNC(CCCNC(N)=O)C(=O)O)C[C@@H](C)C(=O)/C=C/C(C)=C/[C@@H]1CO[C@@H]1O[C@H](C)[C@@H](O)[C@@H](OC)[C@H]1OC,1075.301,75,success,,outputs/mpmdb_seed_macrolide_reductive_amination/images/tylosin/tylosin_seed_amine_0039_MPM01334.png,-0.6499,-0.649886971
tylosin_seed_amine_0040,Tylosin (Ì©ÀÖ¾úËØ),CC[C@@H]1[C@H](/C=C(/C=C/C(=O)[C@@H](C[C@@H]([C@@H]([C@H]([C@@H](CC(=O)O1)O)C)O[C@H]2[C@@H]([C@H]([C@@H]([C@H](O2)C)O[C@H]3C[C@@]([C@H]([C@@H](O3)C)O)(C)O)N(C)C)O)CC=O)C)\C)CO[C@H]4[C@@H]([C@@H]([C@@H]([C@H](O4)C)O)OC)OC,MPM01438,Hydroxythreonine,NC(C(=O)O)C(O)CO,1,[*:1][CX3H1:2]=[OX1].[NX3;H2:4][CX4;!a:5]>>[*:1][CH2:2][NH:4][CX4;!a:5],"[46,47]","[0,1]","[1,2]",CC[C@H]1OC(=O)C[C@@H](O)[C@H](C)[C@@H](O[C@@H]2O[C@H](C)[C@@H](O[C@H]3C[C@@](C)(O)[C@@H](O)[C@H](C)O3)[C@H](N(C)C)[C@H]2O)[C@@H](CCNC(C(=O)O)C(O)CO)C[C@@H](C)C(=O)/C=C/C(C)=C/[C@@H]1CO[C@@H]1O[C@H](C)[C@@H](O)[C@@H](OC)[C@H]1OC,CC[C@H]1OC(=O)C[C@@H](O)[C@H](C)[C@@H](O[C@@H]2O[C@H](C)[C@@H](O[C@H]3C[C@@](C)(O)[C@@H](O)[C@H](C)O3)[C@H](N(C)C)[C@H]2O)[C@@H](CCNC(C(=O)O)C(O)CO)C[C@@H](C)C(=O)/C=C/C(C)=C/[C@@H]1CO[C@@H]1O[C@H](C)[C@@H](O)[C@@H](OC)[C@H]1OC,1035.232,72,success,,outputs/mpmdb_seed_macrolide_reductive_amination/images/tylosin/tylosin_seed_amine_0040_MPM01438.png,-0.5859,-0.585876695
tylosin_seed_amine_0041,Tylosin (Ì©ÀÖ¾úËØ),CC[C@@H]1[C@H](/C=C(/C=C/C(=O)[C@@H](C[C@@H]([C@@H]([C@H]([C@@H](CC(=O)O1)O)C)O[C@H]2[C@@H]([C@H]([C@@H]([C@H](O2)C)O[C@H]3C[C@@]([C@H]([C@@H](O3)C)O)(C)O)N(C)C)O)CC=O)C)\C)CO[C@H]4[C@@H]([C@@H]([C@@H]([C@H](O4)C)O)OC)OC,MPM00363,4-Phosphooxy-L-threonine,NC(C(=O)O)C(O)COP(=O)(O)O,1,[*:1][CX3H1:2]=[OX1].[NX3;H2:4][CX4;!a:5]>>[*:1][CH2:2][NH:4][CX4;!a:5],"[46,47]","[0,1]","[1,2]",CC[C@H]1OC(=O)C[C@@H](O)[C@H](C)[C@@H](O[C@@H]2O[C@H](C)[C@@H](O[C@H]3C[C@@](C)(O)[C@@H](O)[C@H](C)O3)[C@H](N(C)C)[C@H]2O)[C@@H](CCNC(C(=O)O)C(O)COP(=O)(O)O)C[C@@H](C)C(=O)/C=C/C(C)=C/[C@@H]1CO[C@@H]1O[C@H](C)[C@@H](O)[C@@H](OC)[C@H]1OC,CC[C@H]1OC(=O)C[C@@H](O)[C@H](C)[C@@H](O[C@@H]2O[C@H](C)[C@@H](O[C@H]3C[C@@](C)(O)[C@@H](O)[C@H](C)O3)[C@H](N(C)C)[C@H]2O)[C@@H](CCNC(C(=O)O)C(O)COP(=O)(O)O)C[C@@H](C)C(=O)/C=C/C(C)=C/[C@@H]1CO[C@@H]1O[C@H](C)[C@@H](O)[C@@H](OC)[C@H]1OC,1115.211,76,success,,outputs/mpmdb_seed_macrolide_reductive_amination/images/tylosin/tylosin_seed_amine_0041_MPM00363.png,-0.6744,-0.674382893
tylosin_seed_amine_0042,Tylosin (Ì©ÀÖ¾úËØ),CC[C@@H]1[C@H](/C=C(/C=C/C(=O)[C@@H](C[C@@H]([C@@H]([C@H]([C@@H](CC(=O)O1)O)C)O[C@H]2[C@@H]([C@H]([C@@H]([C@H](O2)C)O[C@H]3C[C@@]([C@H]([C@@H](O3)C)O)(C)O)N(C)C)O)CC=O)C)\C)CO[C@H]4[C@@H]([C@@H]([C@@H]([C@H](O4)C)O)OC)OC,MPM01144,2-Ammoniomalonate semialdehyde,NC(C=O)C(=O)O,1,[*:1][CX3H1:2]=[OX1].[NX3;H2:4][CX4;!a:5]>>[*:1][CH2:2][NH:4][CX4;!a:5],"[46,47]","[0,1]","[1,2]",CC[C@H]1OC(=O)C[C@@H](O)[C@H](C)[C@@H](O[C@@H]2O[C@H](C)[C@@H](O[C@H]3C[C@@](C)(O)[C@@H](O)[C@H](C)O3)[C@H](N(C)C)[C@H]2O)[C@@H](CCNC(C=O)C(=O)O)C[C@@H](C)C(=O)/C=C/C(C)=C/[C@@H]1CO[C@@H]1O[C@H](C)[C@@H](O)[C@@H](OC)[C@H]1OC,CC[C@H]1OC(=O)C[C@@H](O)[C@H](C)[C@@H](O[C@@H]2O[C@H](C)[C@@H](O[C@H]3C[C@@](C)(O)[C@@H](O)[C@H](C)O3)[C@H](N(C)C)[C@H]2O)[C@@H](CCNC(C=O)C(=O)O)C[C@@H](C)C(=O)/C=C/C(C)=C/[C@@H]1CO[C@@H]1O[C@H](C)[C@@H](O)[C@@H](OC)[C@H]1OC,1003.19,70,success,,outputs/mpmdb_seed_macrolide_reductive_amination/images/tylosin/tylosin_seed_amine_0042_MPM01144.png,-0.5259,-0.525862964
tylosin_seed_amine_0043,Tylosin (Ì©ÀÖ¾úËØ),CC[C@@H]1[C@H](/C=C(/C=C/C(=O)[C@@H](C[C@@H]([C@@H]([C@H]([C@@H](CC(=O)O1)O)C)O[C@H]2[C@@H]([C@H]([C@@H]([C@H](O2)C)O[C@H]3C[C@@]([C@H]([C@@H](O3)C)O)(C)O)N(C)C)O)CC=O)C)\C)CO[C@H]4[C@@H]([C@@H]([C@@H]([C@H](O4)C)O)OC)OC,MPM01475,L-Glutamate 1-semialdehyde,NC(C=O)CCC(=O)O,1,[*:1][CX3H1:2]=[OX1].[NX3;H2:4][CX4;!a:5]>>[*:1][CH2:2][NH:4][CX4;!a:5],"[46,47]","[0,1]","[1,2]",CC[C@H]1OC(=O)C[C@@H](O)[C@H](C)[C@@H](O[C@@H]2O[C@H](C)[C@@H](O[C@H]3C[C@@](C)(O)[C@@H](O)[C@H](C)O3)[C@H](N(C)C)[C@H]2O)[C@@H](CCNC(C=O)CCC(=O)O)C[C@@H](C)C(=O)/C=C/C(C)=C/[C@@H]1CO[C@@H]1O[C@H](C)[C@@H](O)[C@@H](OC)[C@H]1OC,CC[C@H]1OC(=O)C[C@@H](O)[C@H](C)[C@@H](O[C@@H]2O[C@H](C)[C@@H](O[C@H]3C[C@@](C)(O)[C@@H](O)[C@H](C)O3)[C@H](N(C)C)[C@H]2O)[C@@H](CCNC(C=O)CCC(=O)O)C[C@@H](C)C(=O)/C=C/C(C)=C/[C@@H]1CO[C@@H]1O[C@H](C)[C@@H](O)[C@@H](OC)[C@H]1OC,1031.244,72,success,,outputs/mpmdb_seed_macrolide_reductive_amination/images/tylosin/tylosin_seed_amine_0043_MPM01475.png,-0.7857,-0.78571585
tylosin_seed_amine_0044,Tylosin (Ì©ÀÖ¾úËØ),CC[C@@H]1[C@H](/C=C(/C=C/C(=O)[C@@H](C[C@@H]([C@@H]([C@H]([C@@H](CC(=O)O1)O)C)O[C@H]2[C@@H]([C@H]([C@@H]([C@H](O2)C)O[C@H]3C[C@@]([C@H]([C@@H](O3)C)O)(C)O)N(C)C)O)CC=O)C)\C)CO[C@H]4[C@@H]([C@@H]([C@@H]([C@H](O4)C)O)OC)OC,MPM00696,Histidinal,NC(C=O)Cc1cnc[nH]1,1,[*:1][CX3H1:2]=[OX1].[NX3;H2:4][CX4;!a:5]>>[*:1][CH2:2][NH:4][CX4;!a:5],"[46,47]","[0,1]","[1,2]",CC[C@H]1OC(=O)C[C@@H](O)[C@H](C)[C@@H](O[C@@H]2O[C@H](C)[C@@H](O[C@H]3C[C@@](C)(O)[C@@H](O)[C@H](C)O3)[C@H](N(C)C)[C@H]2O)[C@@H](CCNC(C=O)Cc2cnc[nH]2)C[C@@H](C)C(=O)/C=C/C(C)=C/[C@@H]1CO[C@@H]1O[C@H](C)[C@@H](O)[C@@H](OC)[C@H]1OC,CC[C@H]1OC(=O)C[C@@H](O)[C@H](C)[C@@H](O[C@@H]2O[C@H](C)[C@@H](O[C@H]3C[C@@](C)(O)[C@@H](O)[C@H](C)O3)[C@H](N(C)C)[C@H]2O)[C@@H](CCNC(C=O)Cc2cnc[nH]2)C[C@@H](C)C(=O)/C=C/C(C)=C/[C@@H]1CO[C@@H]1O[C@H](C)[C@@H](O)[C@@H](OC)[C@H]1OC,1039.271,73,success,,outputs/mpmdb_seed_macrolide_reductive_amination/images/tylosin/tylosin_seed_amine_0044_MPM00696.png,-1.0532,-1.053198592
tylosin_seed_amine_0045,Tylosin (Ì©ÀÖ¾úËØ),CC[C@@H]1[C@H](/C=C(/C=C/C(=O)[C@@H](C[C@@H]([C@@H]([C@H]([C@@H](CC(=O)O1)O)C)O[C@H]2[C@@H]([C@H]([C@@H]([C@H](O2)C)O[C@H]3C[C@@]([C@H]([C@@H](O3)C)O)(C)O)N(C)C)O)CC=O)C)\C)CO[C@H]4[C@@H]([C@@H]([C@@H]([C@H](O4)C)O)OC)OC,MPM00741,L-Asp,NC(CC(=O)O)C(=O)O,1,[*:1][CX3H1:2]=[OX1].[NX3;H2:4][CX4;!a:5]>>[*:1][CH2:2][NH:4][CX4;!a:5],"[46,47]","[0,1]","[1,2]",CC[C@H]1OC(=O)C[C@@H](O)[C@H](C)[C@@H](O[C@@H]2O[C@H](C)[C@@H](O[C@H]3C[C@@](C)(O)[C@@H](O)[C@H](C)O3)[C@H](N(C)C)[C@H]2O)[C@@H](CCNC(CC(=O)O)C(=O)O)C[C@@H](C)C(=O)/C=C/C(C)=C/[C@@H]1CO[C@@H]1O[C@H](C)[C@@H](O)[C@@H](OC)[C@H]1OC,CC[C@H]1OC(=O)C[C@@H](O)[C@H](C)[C@@H](O[C@@H]2O[C@H](C)[C@@H](O[C@H]3C[C@@](C)(O)[C@@H](O)[C@H](C)O3)[C@H](N(C)C)[C@H]2O)[C@@H](CCNC(CC(=O)O)C(=O)O)C[C@@H](C)C(=O)/C=C/C(C)=C/[C@@H]1CO[C@@H]1O[C@H](C)[C@@H](O)[C@@H](OC)[C@H]1OC,1033.216,72,success,,outputs/mpmdb_seed_macrolide_reductive_amination/images/tylosin/tylosin_seed_amine_0045_MPM00741.png,-0.2223,-0.22234935
tylosin_seed_amine_0046,Tylosin (Ì©ÀÖ¾úËØ),CC[C@@H]1[C@H](/C=C(/C=C/C(=O)[C@@H](C[C@@H]([C@@H]([C@H]([C@@H](CC(=O)O1)O)C)O[C@H]2[C@@H]([C@H]([C@@H]([C@H](O2)C)O[C@H]3C[C@@]([C@H]([C@@H](O3)C)O)(C)O)N(C)C)O)CC=O)C)\C)CO[C@H]4[C@@H]([C@@H]([C@@H]([C@H](O4)C)O)OC)OC,MPM00907,Pretyrosine,NC(CC1(C(=O)O)C=CC(O)C=C1)C(=O)O,1,[*:1][CX3H1:2]=[OX1].[NX3;H2:4][CX4;!a:5]>>[*:1][CH2:2][NH:4][CX4;!a:5],"[46,47]","[0,1]","[1,2]",CC[C@H]1OC(=O)C[C@@H](O)[C@H](C)[C@@H](O[C@@H]2O[C@H](C)[C@@H](O[C@H]3C[C@@](C)(O)[C@@H](O)[C@H](C)O3)[C@H](N(C)C)[C@H]2O)[C@@H](CCNC(CC2(C(=O)O)C=CC(O)C=C2)C(=O)O)C[C@@H](C)C(=O)/C=C/C(C)=C/[C@@H]1CO[C@@H]1O[C@H](C)[C@@H](O)[C@@H](OC)[C@H]1OC,CC[C@H]1OC(=O)C[C@@H](O)[C@H](C)[C@@H](O[C@@H]2O[C@H](C)[C@@H](O[C@H]3C[C@@](C)(O)[C@@H](O)[C@H](C)O3)[C@H](N(C)C)[C@H]2O)[C@@H](CCNC(CC2(C(=O)O)C=CC(O)C=C2)C(=O)O)C[C@@H](C)C(=O)/C=C/C(C)=C/[C@@H]1CO[C@@H]1O[C@H](C)[C@@H](O)[C@@H](OC)[C@H]1OC,1127.329,79,success,,outputs/mpmdb_seed_macrolide_reductive_amination/images/tylosin/tylosin_seed_amine_0046_MPM00907.png,0.0558,0.055753568
tylosin_seed_amine_0047,Tylosin (Ì©ÀÖ¾úËØ),CC[C@@H]1[C@H](/C=C(/C=C/C(=O)[C@@H](C[C@@H]([C@@H]([C@H]([C@@H](CC(=O)O1)O)C)O[C@H]2[C@@H]([C@H]([C@@H]([C@H](O2)C)O[C@H]3C[C@@]([C@H]([C@@H](O3)C)O)(C)O)N(C)C)O)CC=O)C)\C)CO[C@H]4[C@@H]([C@@H]([C@@H]([C@H](O4)C)O)OC)OC,MPM01471,L-Aspartic 4-semialdehyde,NC(CC=O)C(=O)O,1,[*:1][CX3H1:2]=[OX1].[NX3;H2:4][CX4;!a:5]>>[*:1][CH2:2][NH:4][CX4;!a:5],"[46,47]","[0,1]","[1,2]",CC[C@H]1OC(=O)C[C@@H](O)[C@H](C)[C@@H](O[C@@H]2O[C@H](C)[C@@H](O[C@H]3C[C@@](C)(O)[C@@H](O)[C@H](C)O3)[C@H](N(C)C)[C@H]2O)[C@@H](CCNC(CC=O)C(=O)O)C[C@@H](C)C(=O)/C=C/C(C)=C/[C@@H]1CO[C@@H]1O[C@H](C)[C@@H](O)[C@@H](OC)[C@H]1OC,CC[C@H]1OC(=O)C[C@@H](O)[C@H](C)[C@@H](O[C@@H]2O[C@H](C)[C@@H](O[C@H]3C[C@@](C)(O)[C@@H](O)[C@H](C)O3)[C@H](N(C)C)[C@H]2O)[C@@H](CCNC(CC=O)C(=O)O)C[C@@H](C)C(=O)/C=C/C(C)=C/[C@@H]1CO[C@@H]1O[C@H](C)[C@@H](O)[C@@H](OC)[C@H]1OC,1017.217,71,success,,outputs/mpmdb_seed_macrolide_reductive_amination/images/tylosin/tylosin_seed_amine_0047_MPM01471.png,-0.6866,-0.686551387
tylosin_seed_amine_0048,Tylosin (Ì©ÀÖ¾úËØ),CC[C@@H]1[C@H](/C=C(/C=C/C(=O)[C@@H](C[C@@H]([C@@H]([C@H]([C@@H](CC(=O)O1)O)C)O[C@H]2[C@@H]([C@H]([C@@H]([C@H](O2)C)O[C@H]3C[C@@]([C@H]([C@@H](O3)C)O)(C)O)N(C)C)O)CC=O)C)\C)CO[C@H]4[C@@H]([C@@H]([C@@H]([C@H](O4)C)O)OC)OC,MPM00922,Reduced glutathione,NC(CCC(=O)NC(CS)C(=O)NCC(=O)O)C(=O)O,1,[*:1][CX3H1:2]=[OX1].[NX3;H2:4][CX4;!a:5]>>[*:1][CH2:2][NH:4][CX4;!a:5],"[46,47]","[0,1]","[1,2]",CC[C@H]1OC(=O)C[C@@H](O)[C@H](C)[C@@H](O[C@@H]2O[C@H](C)[C@@H](O[C@H]3C[C@@](C)(O)[C@@H](O)[C@H](C)O3)[C@H](N(C)C)[C@H]2O)[C@@H](CCNC(CCC(=O)NC(CS)C(=O)NCC(=O)O)C(=O)O)C[C@@H](C)C(=O)/C=C/C(C)=C/[C@@H]1CO[C@@H]1O[C@H](C)[C@@H](O)[C@@H](OC)[C@H]1OC,CC[C@H]1OC(=O)C[C@@H](O)[C@H](C)[C@@H](O[C@@H]2O[C@H](C)[C@@H](O[C@H]3C[C@@](C)(O)[C@@H](O)[C@H](C)O3)[C@H](N(C)C)[C@H]2O)[C@@H](CCNC(CCC(=O)NC(CS)C(=O)NCC(=O)O)C(=O)O)C[C@@H](C)C(=O)/C=C/C(C)=C/[C@@H]1CO[C@@H]1O[C@H](C)[C@@H](O)[C@@H](OC)[C@H]1OC,1207.441,83,success,,outputs/mpmdb_seed_macrolide_reductive_amination/images/tylosin/tylosin_seed_amine_0048_MPM00922.png,-1.7736,-1.773594681
tylosin_seed_amine_0049,Tylosin (Ì©ÀÖ¾úËØ),CC[C@@H]1[C@H](/C=C(/C=C/C(=O)[C@@H](C[C@@H]([C@@H]([C@H]([C@@H](CC(=O)O1)O)C)O[C@H]2[C@@H]([C@H]([C@@H]([C@H](O2)C)O[C@H]3C[C@@]([C@H]([C@@H](O3)C)O)(C)O)N(C)C)O)CC=O)C)\C)CO[C@H]4[C@@H]([C@@H]([C@@H]([C@H](O4)C)O)OC)OC,MPM00943,S-Formylglutathione,NC(CCC(=O)NC(CSC=O)C(=O)NCC(=O)O)C(=O)O,1,[*:1][CX3H1:2]=[OX1].[NX3;H2:4][CX4;!a:5]>>[*:1][CH2:2][NH:4][CX4;!a:5],"[46,47]","[0,1]","[1,2]",CC[C@H]1OC(=O)C[C@@H](O)[C@H](C)[C@@H](O[C@@H]2O[C@H](C)[C@@H](O[C@H]3C[C@@](C)(O)[C@@H](O)[C@H](C)O3)[C@H](N(C)C)[C@H]2O)[C@@H](CCNC(CCC(=O)NC(CSC=O)C(=O)NCC(=O)O)C(=O)O)C[C@@H](C)C(=O)/C=C/C(C)=C/[C@@H]1CO[C@@H]1O[C@H](C)[C@@H](O)[C@@H](OC)[C@H]1OC,CC[C@H]1OC(=O)C[C@@H](O)[C@H](C)[C@@H](O[C@@H]2O[C@H](C)[C@@H](O[C@H]3C[C@@](C)(O)[C@@H](O)[C@H](C)O3)[C@H](N(C)C)[C@H]2O)[C@@H](CCNC(CCC(=O)NC(CSC=O)C(=O)NCC(=O)O)C(=O)O)C[C@@H](C)C(=O)/C=C/C(C)=C/[C@@H]1CO[C@@H]1O[C@H](C)[C@@H](O)[C@@H](OC)[C@H]1OC,1235.451,85,success,,outputs/mpmdb_seed_macrolide_reductive_amination/images/tylosin/tylosin_seed_amine_0049_MPM00943.png,-1.0862,-1.086194166
tylosin_seed_amine_0050,Tylosin (Ì©ÀÖ¾úËØ),CC[C@@H]1[C@H](/C=C(/C=C/C(=O)[C@@H](C[C@@H]([C@@H]([C@H]([C@@H](CC(=O)O1)O)C)O[C@H]2[C@@H]([C@H]([C@@H]([C@H](O2)C)O[C@H]3C[C@@]([C@H]([C@@H](O3)C)O)(C)O)N(C)C)O)CC=O)C)\C)CO[C@H]4[C@@H]([C@@H]([C@@H]([C@H](O4)C)O)OC)OC,MPM00653,gamma-Glutamyl-GABA,NC(CCC(=O)NCCCC(=O)O)C(=O)O,1,[*:1][CX3H1:2]=[OX1].[NX3;H2:4][CX4;!a:5]>>[*:1][CH2:2][NH:4][CX4;!a:5],"[46,47]","[0,1]","[1,2]",CC[C@H]1OC(=O)C[C@@H](O)[C@H](C)[C@@H](O[C@@H]2O[C@H](C)[C@@H](O[C@H]3C[C@@](C)(O)[C@@H](O)[C@H](C)O3)[C@H](N(C)C)[C@H]2O)[C@@H](CCNC(CCC(=O)NCCCC(=O)O)C(=O)O)C[C@@H](C)C(=O)/C=C/C(C)=C/[C@@H]1CO[C@@H]1O[C@H](C)[C@@H](O)[C@@H](OC)[C@H]1OC,CC[C@H]1OC(=O)C[C@@H](O)[C@H](C)[C@@H](O[C@@H]2O[C@H](C)[C@@H](O[C@H]3C[C@@](C)(O)[C@@H](O)[C@H](C)O3)[C@H](N(C)C)[C@H]2O)[C@@H](CCNC(CCC(=O)NCCCC(=O)O)C(=O)O)C[C@@H](C)C(=O)/C=C/C(C)=C/[C@@H]1CO[C@@H]1O[C@H](C)[C@@H](O)[C@@H](OC)[C@H]1OC,1132.349,79,success,,outputs/mpmdb_seed_macrolide_reductive_amination/images/tylosin/tylosin_seed_amine_0050_MPM00653.png,-0.4177,-0.417668294
tylosin_seed_amine_0051,Tylosin (Ì©ÀÖ¾úËØ),CC[C@@H]1[C@H](/C=C(/C=C/C(=O)[C@@H](C[C@@H]([C@@H]([C@H]([C@@H](CC(=O)O1)O)C)O[C@H]2[C@@H]([C@H]([C@@H]([C@H](O2)C)O[C@H]3C[C@@]([C@H]([C@@H](O3)C)O)(C)O)N(C)C)O)CC=O)C)\C)CO[C@H]4[C@@H]([C@@H]([C@@H]([C@H](O4)C)O)OC)OC,MPM00542,D-2-Aminoglutaric acid,NC(CCC(=O)O)C(=O)O,1,[*:1][CX3H1:2]=[OX1].[NX3;H2:4][CX4;!a:5]>>[*:1][CH2:2][NH:4][CX4;!a:5],"[46,47]","[0,1]","[1,2]",CC[C@H]1OC(=O)C[C@@H](O)[C@H](C)[C@@H](O[C@@H]2O[C@H](C)[C@@H](O[C@H]3C[C@@](C)(O)[C@@H](O)[C@H](C)O3)[C@H](N(C)C)[C@H]2O)[C@@H](CCNC(CCC(=O)O)C(=O)O)C[C@@H](C)C(=O)/C=C/C(C)=C/[C@@H]1CO[C@@H]1O[C@H](C)[C@@H](O)[C@@H](OC)[C@H]1OC,CC[C@H]1OC(=O)C[C@@H](O)[C@H](C)[C@@H](O[C@@H]2O[C@H](C)[C@@H](O[C@H]3C[C@@](C)(O)[C@@H](O)[C@H](C)O3)[C@H](N(C)C)[C@H]2O)[C@@H](CCNC(CCC(=O)O)C(=O)O)C[C@@H](C)C(=O)/C=C/C(C)=C/[C@@H]1CO[C@@H]1O[C@H](C)[C@@H](O)[C@@H](OC)[C@H]1OC,1047.243,73,success,,outputs/mpmdb_seed_macrolide_reductive_amination/images/tylosin/tylosin_seed_amine_0051_MPM00542.png,-0.2833,-0.283310203
tylosin_seed_amine_0052,Tylosin (Ì©ÀÖ¾úËØ),CC[C@@H]1[C@H](/C=C(/C=C/C(=O)[C@@H](C[C@@H]([C@@H]([C@H]([C@@H](CC(=O)O1)O)C)O[C@H]2[C@@H]([C@H]([C@@H]([C@H](O2)C)O[C@H]3C[C@@]([C@H]([C@@H](O3)C)O)(C)O)N(C)C)O)CC=O)C)\C)CO[C@H]4[C@@H]([C@@H]([C@@H]([C@H](O4)C)O)OC)OC,MPM01476,L-Glutamate gamma-semialdehyde,NC(CCC=O)C(=O)O,1,[*:1][CX3H1:2]=[OX1].[NX3;H2:4][CX4;!a:5]>>[*:1][CH2:2][NH:4][CX4;!a:5],"[46,47]","[0,1]","[1,2]",CC[C@H]1OC(=O)C[C@@H](O)[C@H](C)[C@@H](O[C@@H]2O[C@H](C)[C@@H](O[C@H]3C[C@@](C)(O)[C@@H](O)[C@H](C)O3)[C@H](N(C)C)[C@H]2O)[C@@H](CCNC(CCC=O)C(=O)O)C[C@@H](C)C(=O)/C=C/C(C)=C/[C@@H]1CO[C@@H]1O[C@H](C)[C@@H](O)[C@@H](OC)[C@H]1OC,CC[C@H]1OC(=O)C[C@@H](O)[C@H](C)[C@@H](O[C@@H]2O[C@H](C)[C@@H](O[C@H]3C[C@@](C)(O)[C@@H](O)[C@H](C)O3)[C@H](N(C)C)[C@H]2O)[C@@H](CCNC(CCC=O)C(=O)O)C[C@@H](C)C(=O)/C=C/C(C)=C/[C@@H]1CO[C@@H]1O[C@H](C)[C@@H](O)[C@@H](OC)[C@H]1OC,1031.244,72,success,,outputs/mpmdb_seed_macrolide_reductive_amination/images/tylosin/tylosin_seed_amine_0052_MPM01476.png,-0.7466,-0.746631861
tylosin_seed_amine_0053,Tylosin (Ì©ÀÖ¾úËØ),CC[C@@H]1[C@H](/C=C(/C=C/C(=O)[C@@H](C[C@@H]([C@@H]([C@H]([C@@H](CC(=O)O1)O)C)O[C@H]2[C@@H]([C@H]([C@@H]([C@H](O2)C)O[C@H]3C[C@@]([C@H]([C@@H](O3)C)O)(C)O)N(C)C)O)CC=O)C)\C)CO[C@H]4[C@@H]([C@@H]([C@@H]([C@H](O4)C)O)OC)OC,MPM01479,"LL-2,6-Diaminopimelic acid",NC(CCCC(N)C(=O)O)C(=O)O,2,[*:1][CX3H1:2]=[OX1].[NX3;H2:4][CX4;!a:5]>>[*:1][CH2:2][NH:4][CX4;!a:5],"[46,47]","[0,1]","[1,2]",CC[C@H]1OC(=O)C[C@@H](O)[C@H](C)[C@@H](O[C@@H]2O[C@H](C)[C@@H](O[C@H]3C[C@@](C)(O)[C@@H](O)[C@H](C)O3)[C@H](N(C)C)[C@H]2O)[C@@H](CCNC(CCCC(N)C(=O)O)C(=O)O)C[C@@H](C)C(=O)/C=C/C(C)=C/[C@@H]1CO[C@@H]1O[C@H](C)[C@@H](O)[C@@H](OC)[C@H]1OC,CC[C@H]1OC(=O)C[C@@H](O)[C@H](C)[C@@H](O[C@@H]2O[C@H](C)[C@@H](O[C@H]3C[C@@](C)(O)[C@@H](O)[C@H](C)O3)[C@H](N(C)C)[C@H]2O)[C@@H](CCNC(CCCC(N)C(=O)O)C(=O)O)C[C@@H](C)C(=O)/C=C/C(C)=C/[C@@H]1CO[C@@H]1O[C@H](C)[C@@H](O)[C@@H](OC)[C@H]1OC,1090.312,76,success,multi_primary_amine_seed; enumerated_site,outputs/mpmdb_seed_macrolide_reductive_amination/images/tylosin/tylosin_seed_amine_0053_MPM01479.png,-0.1499,-0.14985522
tylosin_seed_amine_0054,Tylosin (Ì©ÀÖ¾úËØ),CC[C@@H]1[C@H](/C=C(/C=C/C(=O)[C@@H](C[C@@H]([C@@H]([C@H]([C@@H](CC(=O)O1)O)C)O[C@H]2[C@@H]([C@H]([C@@H]([C@H](O2)C)O[C@H]3C[C@@]([C@H]([C@@H](O3)C)O)(C)O)N(C)C)O)CC=O)C)\C)CO[C@H]4[C@@H]([C@@H]([C@@H]([C@H](O4)C)O)OC)OC,MPM00832,"N-Succinyl-L-2,6-diaminopimelate",NC(CCCC(NC(=O)CCC(=O)O)C(=O)O)C(=O)O,1,[*:1][CX3H1:2]=[OX1].[NX3;H2:4][CX4;!a:5]>>[*:1][CH2:2][NH:4][CX4;!a:5],"[46,47]","[0,1]","[1,2]",CC[C@H]1OC(=O)C[C@@H](O)[C@H](C)[C@@H](O[C@@H]2O[C@H](C)[C@@H](O[C@H]3C[C@@](C)(O)[C@@H](O)[C@H](C)O3)[C@H](N(C)C)[C@H]2O)[C@@H](CCNC(CCCC(NC(=O)CCC(=O)O)C(=O)O)C(=O)O)C[C@@H](C)C(=O)/C=C/C(C)=C/[C@@H]1CO[C@@H]1O[C@H](C)[C@@H](O)[C@@H](OC)[C@H]1OC,CC[C@H]1OC(=O)C[C@@H](O)[C@H](C)[C@@H](O[C@@H]2O[C@H](C)[C@@H](O[C@H]3C[C@@](C)(O)[C@@H](O)[C@H](C)O3)[C@H](N(C)C)[C@H]2O)[C@@H](CCNC(CCCC(NC(=O)CCC(=O)O)C(=O)O)C(=O)O)C[C@@H](C)C(=O)/C=C/C(C)=C/[C@@H]1CO[C@@H]1O[C@H](C)[C@@H](O)[C@@H](OC)[C@H]1OC,1190.385,83,success,,outputs/mpmdb_seed_macrolide_reductive_amination/images/tylosin/tylosin_seed_amine_0054_MPM00832.png,-0.487,-0.487044175
tylosin_seed_amine_0055,Tylosin (Ì©ÀÖ¾úËØ),CC[C@@H]1[C@H](/C=C(/C=C/C(=O)[C@@H](C[C@@H]([C@@H]([C@H]([C@@H](CC(=O)O1)O)C)O[C@H]2[C@@H]([C@H]([C@@H]([C@H](O2)C)O[C@H]3C[C@@]([C@H]([C@@H](O3)C)O)(C)O)N(C)C)O)CC=O)C)\C)CO[C@H]4[C@@H]([C@@H]([C@@H]([C@H](O4)C)O)OC)OC,MPM01076,(S)-2-Amino-6-oxohexanoate,NC(CCCC=O)C(=O)O,1,[*:1][CX3H1:2]=[OX1].[NX3;H2:4][CX4;!a:5]>>[*:1][CH2:2][NH:4][CX4;!a:5],"[46,47]","[0,1]","[1,2]",CC[C@H]1OC(=O)C[C@@H](O)[C@H](C)[C@@H](O[C@@H]2O[C@H](C)[C@@H](O[C@H]3C[C@@](C)(O)[C@@H](O)[C@H](C)O3)[C@H](N(C)C)[C@H]2O)[C@@H](CCNC(CCCC=O)C(=O)O)C[C@@H](C)C(=O)/C=C/C(C)=C/[C@@H]1CO[C@@H]1O[C@H](C)[C@@H](O)[C@@H](OC)[C@H]1OC,CC[C@H]1OC(=O)C[C@@H](O)[C@H](C)[C@@H](O[C@@H]2O[C@H](C)[C@@H](O[C@H]3C[C@@](C)(O)[C@@H](O)[C@H](C)O3)[C@H](N(C)C)[C@H]2O)[C@@H](CCNC(CCCC=O)C(=O)O)C[C@@H](C)C(=O)/C=C/C(C)=C/[C@@H]1CO[C@@H]1O[C@H](C)[C@@H](O)[C@@H](OC)[C@H]1OC,1045.271,73,success,,outputs/mpmdb_seed_macrolide_reductive_amination/images/tylosin/tylosin_seed_amine_0055_MPM01076.png,-0.8091,-0.809067416
tylosin_seed_amine_0056,Tylosin (Ì©ÀÖ¾úËØ),CC[C@@H]1[C@H](/C=C(/C=C/C(=O)[C@@H](C[C@@H]([C@@H]([C@H]([C@@H](CC(=O)O1)O)C)O[C@H]2[C@@H]([C@H]([C@@H]([C@H](O2)C)O[C@H]3C[C@@]([C@H]([C@@H](O3)C)O)(C)O)N(C)C)O)CC=O)C)\C)CO[C@H]4[C@@H]([C@@H]([C@@H]([C@H](O4)C)O)OC)OC,MPM00800,N6-(D-Fructosyl)-L-lysine,NC(CCCCNCC(=O)C(O)C(O)C(O)CO)C(=O)O,1,[*:1][CX3H1:2]=[OX1].[NX3;H2:4][CX4;!a:5]>>[*:1][CH2:2][NH:4][CX4;!a:5],"[46,47]","[0,1]","[1,2]",CC[C@H]1OC(=O)C[C@@H](O)[C@H](C)[C@@H](O[C@@H]2O[C@H](C)[C@@H](O[C@H]3C[C@@](C)(O)[C@@H](O)[C@H](C)O3)[C@H](N(C)C)[C@H]2O)[C@@H](CCNC(CCCCNCC(=O)C(O)C(O)C(O)CO)C(=O)O)C[C@@H](C)C(=O)/C=C/C(C)=C/[C@@H]1CO[C@@H]1O[C@H](C)[C@@H](O)[C@@H](OC)[C@H]1OC,CC[C@H]1OC(=O)C[C@@H](O)[C@H](C)[C@@H](O[C@@H]2O[C@H](C)[C@@H](O[C@H]3C[C@@](C)(O)[C@@H](O)[C@H](C)O3)[C@H](N(C)C)[C@H]2O)[C@@H](CCNC(CCCCNCC(=O)C(O)C(O)C(O)CO)C(=O)O)C[C@@H](C)C(=O)/C=C/C(C)=C/[C@@H]1CO[C@@H]1O[C@H](C)[C@@H](O)[C@@H](OC)[C@H]1OC,1208.444,84,success,,outputs/mpmdb_seed_macrolide_reductive_amination/images/tylosin/tylosin_seed_amine_0056_MPM00800.png,-1.0819,-1.081872327
tylosin_seed_amine_0057,Tylosin (Ì©ÀÖ¾úËØ),CC[C@@H]1[C@H](/C=C(/C=C/C(=O)[C@@H](C[C@@H]([C@@H]([C@H]([C@@H](CC(=O)O1)O)C)O[C@H]2[C@@H]([C@H]([C@@H]([C@H](O2)C)O[C@H]3C[C@@]([C@H]([C@@H](O3)C)O)(C)O)N(C)C)O)CC=O)C)\C)CO[C@H]4[C@@H]([C@@H]([C@@H]([C@H](O4)C)O)OC)OC,MPM01141,2-Amino-4-hydroxybutyric acid,NC(CCO)C(=O)O,1,[*:1][CX3H1:2]=[OX1].[NX3;H2:4][CX4;!a:5]>>[*:1][CH2:2][NH:4][CX4;!a:5],"[46,47]","[0,1]","[1,2]",CC[C@H]1OC(=O)C[C@@H](O)[C@H](C)[C@@H](O[C@@H]2O[C@H](C)[C@@H](O[C@H]3C[C@@](C)(O)[C@@H](O)[C@H](C)O3)[C@H](N(C)C)[C@H]2O)[C@@H](CCNC(CCO)C(=O)O)C[C@@H](C)C(=O)/C=C/C(C)=C/[C@@H]1CO[C@@H]1O[C@H](C)[C@@H](O)[C@@H](OC)[C@H]1OC,CC[C@H]1OC(=O)C[C@@H](O)[C@H](C)[C@@H](O[C@@H]2O[C@H](C)[C@@H](O[C@H]3C[C@@](C)(O)[C@@H](O)[C@H](C)O3)[C@H](N(C)C)[C@H]2O)[C@@H](CCNC(CCO)C(=O)O)C[C@@H](C)C(=O)/C=C/C(C)=C/[C@@H]1CO[C@@H]1O[C@H](C)[C@@H](O)[C@@H](OC)[C@H]1OC,1019.233,71,success,,outputs/mpmdb_seed_macrolide_reductive_amination/images/tylosin/tylosin_seed_amine_0057_MPM01141.png,-0.3638,-0.363757759
tylosin_seed_amine_0058,Tylosin (Ì©ÀÖ¾úËØ),CC[C@@H]1[C@H](/C=C(/C=C/C(=O)[C@@H](C[C@@H]([C@@H]([C@H]([C@@H](CC(=O)O1)O)C)O[C@H]2[C@@H]([C@H]([C@@H]([C@H](O2)C)O[C@H]3C[C@@]([C@H]([C@@H](O3)C)O)(C)O)N(C)C)O)CC=O)C)\C)CO[C@H]4[C@@H]([C@@H]([C@@H]([C@H](O4)C)O)OC)OC,MPM00847,O-Succinylhomoserine,NC(CCOC(=O)CCC(=O)O)C(=O)O,1,[*:1][CX3H1:2]=[OX1].[NX3;H2:4][CX4;!a:5]>>[*:1][CH2:2][NH:4][CX4;!a:5],"[46,47]","[0,1]","[1,2]",CC[C@H]1OC(=O)C[C@@H](O)[C@H](C)[C@@H](O[C@@H]2O[C@H](C)[C@@H](O[C@H]3C[C@@](C)(O)[C@@H](O)[C@H](C)O3)[C@H](N(C)C)[C@H]2O)[C@@H](CCNC(CCOC(=O)CCC(=O)O)C(=O)O)C[C@@H](C)C(=O)/C=C/C(C)=C/[C@@H]1CO[C@@H]1O[C@H](C)[C@@H](O)[C@@H](OC)[C@H]1OC,CC[C@H]1OC(=O)C[C@@H](O)[C@H](C)[C@@H](O[C@@H]2O[C@H](C)[C@@H](O[C@H]3C[C@@](C)(O)[C@@H](O)[C@H](C)O3)[C@H](N(C)C)[C@H]2O)[C@@H](CCNC(CCOC(=O)CCC(=O)O)C(=O)O)C[C@@H](C)C(=O)/C=C/C(C)=C/[C@@H]1CO[C@@H]1O[C@H](C)[C@@H](O)[C@@H](OC)[C@H]1OC,1119.306,78,success,,outputs/mpmdb_seed_macrolide_reductive_amination/images/tylosin/tylosin_seed_amine_0058_MPM00847.png,-0.4036,-0.403632113
tylosin_seed_amine_0059,Tylosin (Ì©ÀÖ¾úËØ),CC[C@@H]1[C@H](/C=C(/C=C/C(=O)[C@@H](C[C@@H]([C@@H]([C@H]([C@@H](CC(=O)O1)O)C)O[C@H]2[C@@H]([C@H]([C@@H]([C@H](O2)C)O[C@H]3C[C@@]([C@H]([C@@H](O3)C)O)(C)O)N(C)C)O)CC=O)C)\C)CO[C@H]4[C@@H]([C@@H]([C@@H]([C@H](O4)C)O)OC)OC,MPM00698,Homocysteine,NC(CCS)C(=O)O,1,[*:1][CX3H1:2]=[OX1].[NX3;H2:4][CX4;!a:5]>>[*:1][CH2:2][NH:4][CX4;!a:5],"[46,47]","[0,1]","[1,2]",CC[C@H]1OC(=O)C[C@@H](O)[C@H](C)[C@@H](O[C@@H]2O[C@H](C)[C@@H](O[C@H]3C[C@@](C)(O)[C@@H](O)[C@H](C)O3)[C@H](N(C)C)[C@H]2O)[C@@H](CCNC(CCS)C(=O)O)C[C@@H](C)C(=O)/C=C/C(C)=C/[C@@H]1CO[C@@H]1O[C@H](C)[C@@H](O)[C@@H](OC)[C@H]1OC,CC[C@H]1OC(=O)C[C@@H](O)[C@H](C)[C@@H](O[C@@H]2O[C@H](C)[C@@H](O[C@H]3C[C@@](C)(O)[C@@H](O)[C@H](C)O3)[C@H](N(C)C)[C@H]2O)[C@@H](CCNC(CCS)C(=O)O)C[C@@H](C)C(=O)/C=C/C(C)=C/[C@@H]1CO[C@@H]1O[C@H](C)[C@@H](O)[C@@H](OC)[C@H]1OC,1035.301,71,success,,outputs/mpmdb_seed_macrolide_reductive_amination/images/tylosin/tylosin_seed_amine_0059_MPM00698.png,-1.7247,-1.724736908
tylosin_seed_amine_0060,Tylosin (Ì©ÀÖ¾úËØ),CC[C@@H]1[C@H](/C=C(/C=C/C(=O)[C@@H](C[C@@H]([C@@H]([C@H]([C@@H](CC(=O)O1)O)C)O[C@H]2[C@@H]([C@H]([C@@H]([C@H](O2)C)O[C@H]3C[C@@]([C@H]([C@@H](O3)C)O)(C)O)N(C)C)O)CC=O)C)\C)CO[C@H]4[C@@H]([C@@H]([C@@H]([C@H](O4)C)O)OC)OC,MPM01472,L-Cystathionine,NC(CCSCC(N)C(=O)O)C(=O)O,2,[*:1][CX3H1:2]=[OX1].[NX3;H2:4][CX4;!a:5]>>[*:1][CH2:2][NH:4][CX4;!a:5],"[46,47]","[0,1]","[1,2]",CC[C@H]1OC(=O)C[C@@H](O)[C@H](C)[C@@H](O[C@@H]2O[C@H](C)[C@@H](O[C@H]3C[C@@](C)(O)[C@@H](O)[C@H](C)O3)[C@H](N(C)C)[C@H]2O)[C@@H](CCNC(CCSCC(N)C(=O)O)C(=O)O)C[C@@H](C)C(=O)/C=C/C(C)=C/[C@@H]1CO[C@@H]1O[C@H](C)[C@@H](O)[C@@H](OC)[C@H]1OC,CC[C@H]1OC(=O)C[C@@H](O)[C@H](C)[C@@H](O[C@@H]2O[C@H](C)[C@@H](O[C@H]3C[C@@](C)(O)[C@@H](O)[C@H](C)O3)[C@H](N(C)C)[C@H]2O)[C@@H](CCNC(CCSCC(N)C(=O)O)C(=O)O)C[C@@H](C)C(=O)/C=C/C(C)=C/[C@@H]1CO[C@@H]1O[C@H](C)[C@@H](O)[C@@H](OC)[C@H]1OC,1122.379,77,success,multi_primary_amine_seed; enumerated_site,outputs/mpmdb_seed_macrolide_reductive_amination/images/tylosin/tylosin_seed_amine_0060_MPM01472.png,-0.4475,-0.447494264
tylosin_seed_amine_0061,Tylosin (Ì©ÀÖ¾úËØ),CC[C@@H]1[C@H](/C=C(/C=C/C(=O)[C@@H](C[C@@H]([C@@H]([C@H]([C@@H](CC(=O)O1)O)C)O[C@H]2[C@@H]([C@H]([C@@H]([C@H](O2)C)O[C@H]3C[C@@]([C@H]([C@@H](O3)C)O)(C)O)N(C)C)O)CC=O)C)\C)CO[C@H]4[C@@H]([C@@H]([C@@H]([C@H](O4)C)O)OC)OC,MPM01472,L-Cystathionine,NC(CCSCC(N)C(=O)O)C(=O)O,2,[*:1][CX3H1:2]=[OX1].[NX3;H2:4][CX4;!a:5]>>[*:1][CH2:2][NH:4][CX4;!a:5],"[46,47]","[7,6]","[1,2]",CC[C@H]1OC(=O)C[C@@H](O)[C@H](C)[C@@H](O[C@@H]2O[C@H](C)[C@@H](O[C@H]3C[C@@](C)(O)[C@@H](O)[C@H](C)O3)[C@H](N(C)C)[C@H]2O)[C@@H](CCNC(CSCCC(N)C(=O)O)C(=O)O)C[C@@H](C)C(=O)/C=C/C(C)=C/[C@@H]1CO[C@@H]1O[C@H](C)[C@@H](O)[C@@H](OC)[C@H]1OC,CC[C@H]1OC(=O)C[C@@H](O)[C@H](C)[C@@H](O[C@@H]2O[C@H](C)[C@@H](O[C@H]3C[C@@](C)(O)[C@@H](O)[C@H](C)O3)[C@H](N(C)C)[C@H]2O)[C@@H](CCNC(CSCCC(N)C(=O)O)C(=O)O)C[C@@H](C)C(=O)/C=C/C(C)=C/[C@@H]1CO[C@@H]1O[C@H](C)[C@@H](O)[C@@H](OC)[C@H]1OC,1122.379,77,success,multi_primary_amine_seed; enumerated_site,outputs/mpmdb_seed_macrolide_reductive_amination/images/tylosin/tylosin_seed_amine_0061_MPM01472.png,-0.4475,-0.447538567
tylosin_seed_amine_0062,Tylosin (Ì©ÀÖ¾úËØ),CC[C@@H]1[C@H](/C=C(/C=C/C(=O)[C@@H](C[C@@H]([C@@H]([C@H]([C@@H](CC(=O)O1)O)C)O[C@H]2[C@@H]([C@H]([C@@H]([C@H](O2)C)O[C@H]3C[C@@]([C@H]([C@@H](O3)C)O)(C)O)N(C)C)O)CC=O)C)\C)CO[C@H]4[C@@H]([C@@H]([C@@H]([C@H](O4)C)O)OC)OC,MPM01379,D-Serine,NC(CO)C(=O)O,1,[*:1][CX3H1:2]=[OX1].[NX3;H2:4][CX4;!a:5]>>[*:1][CH2:2][NH:4][CX4;!a:5],"[46,47]","[0,1]","[1,2]",CC[C@H]1OC(=O)C[C@@H](O)[C@H](C)[C@@H](O[C@@H]2O[C@H](C)[C@@H](O[C@H]3C[C@@](C)(O)[C@@H](O)[C@H](C)O3)[C@H](N(C)C)[C@H]2O)[C@@H](CCNC(CO)C(=O)O)C[C@@H](C)C(=O)/C=C/C(C)=C/[C@@H]1CO[C@@H]1O[C@H](C)[C@@H](O)[C@@H](OC)[C@H]1OC,CC[C@H]1OC(=O)C[C@@H](O)[C@H](C)[C@@H](O[C@@H]2O[C@H](C)[C@@H](O[C@H]3C[C@@](C)(O)[C@@H](O)[C@H](C)O3)[C@H](N(C)C)[C@H]2O)[C@@H](CCNC(CO)C(=O)O)C[C@@H](C)C(=O)/C=C/C(C)=C/[C@@H]1CO[C@@H]1O[C@H](C)[C@@H](O)[C@@H](OC)[C@H]1OC,1005.206,70,success,,outputs/mpmdb_seed_macrolide_reductive_amination/images/tylosin/tylosin_seed_amine_0062_MPM01379.png,-0.3136,-0.313612647
tylosin_seed_amine_0063,Tylosin (Ì©ÀÖ¾úËØ),CC[C@@H]1[C@H](/C=C(/C=C/C(=O)[C@@H](C[C@@H]([C@@H]([C@H]([C@@H](CC(=O)O1)O)C)O[C@H]2[C@@H]([C@H]([C@@H]([C@H](O2)C)O[C@H]3C[C@@]([C@H]([C@@H](O3)C)O)(C)O)N(C)C)O)CC=O)C)\C)CO[C@H]4[C@@H]([C@@H]([C@@H]([C@H](O4)C)O)OC)OC,MPM00325,3-Phospho-L-serine,NC(COP(=O)(O)O)C(=O)O,1,[*:1][CX3H1:2]=[OX1].[NX3;H2:4][CX4;!a:5]>>[*:1][CH2:2][NH:4][CX4;!a:5],"[46,47]","[0,1]","[1,2]",CC[C@H]1OC(=O)C[C@@H](O)[C@H](C)[C@@H](O[C@@H]2O[C@H](C)[C@@H](O[C@H]3C[C@@](C)(O)[C@@H](O)[C@H](C)O3)[C@H](N(C)C)[C@H]2O)[C@@H](CCNC(COP(=O)(O)O)C(=O)O)C[C@@H](C)C(=O)/C=C/C(C)=C/[C@@H]1CO[C@@H]1O[C@H](C)[C@@H](O)[C@@H](OC)[C@H]1OC,CC[C@H]1OC(=O)C[C@@H](O)[C@H](C)[C@@H](O[C@@H]2O[C@H](C)[C@@H](O[C@H]3C[C@@](C)(O)[C@@H](O)[C@H](C)O3)[C@H](N(C)C)[C@H]2O)[C@@H](CCNC(COP(=O)(O)O)C(=O)O)C[C@@H](C)C(=O)/C=C/C(C)=C/[C@@H]1CO[C@@H]1O[C@H](C)[C@@H](O)[C@@H](OC)[C@H]1OC,1085.185,74,success,,outputs/mpmdb_seed_macrolide_reductive_amination/images/tylosin/tylosin_seed_amine_0063_MPM00325.png,-0.475,-0.474955148
tylosin_seed_amine_0064,Tylosin (Ì©ÀÖ¾úËØ),CC[C@@H]1[C@H](/C=C(/C=C/C(=O)[C@@H](C[C@@H]([C@@H]([C@H]([C@@H](CC(=O)O1)O)C)O[C@H]2[C@@H]([C@H]([C@@H]([C@H](O2)C)O[C@H]3C[C@@]([C@H]([C@@H](O3)C)O)(C)O)N(C)C)O)CC=O)C)\C)CO[C@H]4[C@@H]([C@@H]([C@@H]([C@H](O4)C)O)OC)OC,MPM00752,L-Histidinol phosphate,NC(COP(=O)(O)O)Cc1cnc[nH]1,1,[*:1][CX3H1:2]=[OX1].[NX3;H2:4][CX4;!a:5]>>[*:1][CH2:2][NH:4][CX4;!a:5],"[46,47]","[0,1]","[1,2]",CC[C@H]1OC(=O)C[C@@H](O)[C@H](C)[C@@H](O[C@@H]2O[C@H](C)[C@@H](O[C@H]3C[C@@](C)(O)[C@@H](O)[C@H](C)O3)[C@H](N(C)C)[C@H]2O)[C@@H](CCNC(COP(=O)(O)O)Cc2cnc[nH]2)C[C@@H](C)C(=O)/C=C/C(C)=C/[C@@H]1CO[C@@H]1O[C@H](C)[C@@H](O)[C@@H](OC)[C@H]1OC,CC[C@H]1OC(=O)C[C@@H](O)[C@H](C)[C@@H](O[C@@H]2O[C@H](C)[C@@H](O[C@H]3C[C@@](C)(O)[C@@H](O)[C@H](C)O3)[C@H](N(C)C)[C@H]2O)[C@@H](CCNC(COP(=O)(O)O)Cc2cnc[nH]2)C[C@@H](C)C(=O)/C=C/C(C)=C/[C@@H]1CO[C@@H]1O[C@H](C)[C@@H](O)[C@@H](OC)[C@H]1OC,1121.266,77,success,,outputs/mpmdb_seed_macrolide_reductive_amination/images/tylosin/tylosin_seed_amine_0064_MPM00752.png,-1.1097,-1.109725402
tylosin_seed_amine_0065,Tylosin (Ì©ÀÖ¾úËØ),CC[C@@H]1[C@H](/C=C(/C=C/C(=O)[C@@H](C[C@@H]([C@@H]([C@H]([C@@H](CC(=O)O1)O)C)O[C@H]2[C@@H]([C@H]([C@@H]([C@H](O2)C)O[C@H]3C[C@@]([C@H]([C@@H](O3)C)O)(C)O)N(C)C)O)CC=O)C)\C)CO[C@H]4[C@@H]([C@@H]([C@@H]([C@H](O4)C)O)OC)OC,MPM00667,glycerol 1-phosphoserine(1-),NC(COP(=O)(O)OCC(O)CO)C(=O)O,1,[*:1][CX3H1:2]=[OX1].[NX3;H2:4][CX4;!a:5]>>[*:1][CH2:2][NH:4][CX4;!a:5],"[46,47]","[0,1]","[1,2]",CC[C@H]1OC(=O)C[C@@H](O)[C@H](C)[C@@H](O[C@@H]2O[C@H](C)[C@@H](O[C@H]3C[C@@](C)(O)[C@@H](O)[C@H](C)O3)[C@H](N(C)C)[C@H]2O)[C@@H](CCNC(COP(=O)(O)OCC(O)CO)C(=O)O)C[C@@H](C)C(=O)/C=C/C(C)=C/[C@@H]1CO[C@@H]1O[C@H](C)[C@@H](O)[C@@H](OC)[C@H]1OC,CC[C@H]1OC(=O)C[C@@H](O)[C@H](C)[C@@H](O[C@@H]2O[C@H](C)[C@@H](O[C@H]3C[C@@](C)(O)[C@@H](O)[C@H](C)O3)[C@H](N(C)C)[C@H]2O)[C@@H](CCNC(COP(=O)(O)OCC(O)CO)C(=O)O)C[C@@H](C)C(=O)/C=C/C(C)=C/[C@@H]1CO[C@@H]1O[C@H](C)[C@@H](O)[C@@H](OC)[C@H]1OC,1159.264,79,success,,outputs/mpmdb_seed_macrolide_reductive_amination/images/tylosin/tylosin_seed_amine_0065_MPM00667.png,-0.7018,-0.701755506
tylosin_seed_amine_0066,Tylosin (Ì©ÀÖ¾úËØ),CC[C@@H]1[C@H](/C=C(/C=C/C(=O)[C@@H](C[C@@H]([C@@H]([C@H]([C@@H](CC(=O)O1)O)C)O[C@H]2[C@@H]([C@H]([C@@H]([C@H](O2)C)O[C@H]3C[C@@]([C@H]([C@@H](O3)C)O)(C)O)N(C)C)O)CC=O)C)\C)CO[C@H]4[C@@H]([C@@H]([C@@H]([C@H](O4)C)O)OC)OC,MPM00199,2-Amino-3-sulfopropionic acid,NC(CS(=O)(=O)O)C(=O)O,1,[*:1][CX3H1:2]=[OX1].[NX3;H2:4][CX4;!a:5]>>[*:1][CH2:2][NH:4][CX4;!a:5],"[46,47]","[0,1]","[1,2]",CC[C@H]1OC(=O)C[C@@H](O)[C@H](C)[C@@H](O[C@@H]2O[C@H](C)[C@@H](O[C@H]3C[C@@](C)(O)[C@@H](O)[C@H](C)O3)[C@H](N(C)C)[C@H]2O)[C@@H](CCNC(CS(=O)(=O)O)C(=O)O)C[C@@H](C)C(=O)/C=C/C(C)=C/[C@@H]1CO[C@@H]1O[C@H](C)[C@@H](O)[C@@H](OC)[C@H]1OC,CC[C@H]1OC(=O)C[C@@H](O)[C@H](C)[C@@H](O[C@@H]2O[C@H](C)[C@@H](O[C@H]3C[C@@](C)(O)[C@@H](O)[C@H](C)O3)[C@H](N(C)C)[C@H]2O)[C@@H](CCNC(CS(=O)(=O)O)C(=O)O)C[C@@H](C)C(=O)/C=C/C(C)=C/[C@@H]1CO[C@@H]1O[C@H](C)[C@@H](O)[C@@H](OC)[C@H]1OC,1069.271,73,success,,outputs/mpmdb_seed_macrolide_reductive_amination/images/tylosin/tylosin_seed_amine_0066_MPM00199.png,-0.1225,-0.122494196
tylosin_seed_amine_0067,Tylosin (Ì©ÀÖ¾úËØ),CC[C@@H]1[C@H](/C=C(/C=C/C(=O)[C@@H](C[C@@H]([C@@H]([C@H]([C@@H](CC(=O)O1)O)C)O[C@H]2[C@@H]([C@H]([C@@H]([C@H](O2)C)O[C@H]3C[C@@]([C@H]([C@@H](O3)C)O)(C)O)N(C)C)O)CC=O)C)\C)CO[C@H]4[C@@H]([C@@H]([C@@H]([C@H](O4)C)O)OC)OC,MPM00329,3-Sulfinoalanine,NC(CS(=O)O)C(=O)O,1,[*:1][CX3H1:2]=[OX1].[NX3;H2:4][CX4;!a:5]>>[*:1][CH2:2][NH:4][CX4;!a:5],"[46,47]","[0,1]","[1,2]",CC[C@H]1OC(=O)C[C@@H](O)[C@H](C)[C@@H](O[C@@H]2O[C@H](C)[C@@H](O[C@H]3C[C@@](C)(O)[C@@H](O)[C@H](C)O3)[C@H](N(C)C)[C@H]2O)[C@@H](CCNC(CS(=O)O)C(=O)O)C[C@@H](C)C(=O)/C=C/C(C)=C/[C@@H]1CO[C@@H]1O[C@H](C)[C@@H](O)[C@@H](OC)[C@H]1OC,CC[C@H]1OC(=O)C[C@@H](O)[C@H](C)[C@@H](O[C@@H]2O[C@H](C)[C@@H](O[C@H]3C[C@@](C)(O)[C@@H](O)[C@H](C)O3)[C@H](N(C)C)[C@H]2O)[C@@H](CCNC(CS(=O)O)C(=O)O)C[C@@H](C)C(=O)/C=C/C(C)=C/[C@@H]1CO[C@@H]1O[C@H](C)[C@@H](O)[C@@H](OC)[C@H]1OC,1053.272,72,success,,outputs/mpmdb_seed_macrolide_reductive_amination/images/tylosin/tylosin_seed_amine_0067_MPM00329.png,-0.1261,-0.12614524
tylosin_seed_amine_0068,Tylosin (Ì©ÀÖ¾úËØ),CC[C@@H]1[C@H](/C=C(/C=C/C(=O)[C@@H](C[C@@H]([C@@H]([C@H]([C@@H](CC(=O)O1)O)C)O[C@H]2[C@@H]([C@H]([C@@H]([C@H](O2)C)O[C@H]3C[C@@]([C@H]([C@@H](O3)C)O)(C)O)N(C)C)O)CC=O)C)\C)CO[C@H]4[C@@H]([C@@H]([C@@H]([C@H](O4)C)O)OC)OC,MPM01473,L-Cysteinylglycine,NC(CS)C(=O)NCC(=O)O,1,[*:1][CX3H1:2]=[OX1].[NX3;H2:4][CX4;!a:5]>>[*:1][CH2:2][NH:4][CX4;!a:5],"[46,47]","[0,1]","[1,2]",CC[C@H]1OC(=O)C[C@@H](O)[C@H](C)[C@@H](O[C@@H]2O[C@H](C)[C@@H](O[C@H]3C[C@@](C)(O)[C@@H](O)[C@H](C)O3)[C@H](N(C)C)[C@H]2O)[C@@H](CCNC(CS)C(=O)NCC(=O)O)C[C@@H](C)C(=O)/C=C/C(C)=C/[C@@H]1CO[C@@H]1O[C@H](C)[C@@H](O)[C@@H](OC)[C@H]1OC,CC[C@H]1OC(=O)C[C@@H](O)[C@H](C)[C@@H](O[C@@H]2O[C@H](C)[C@@H](O[C@H]3C[C@@](C)(O)[C@@H](O)[C@H](C)O3)[C@H](N(C)C)[C@H]2O)[C@@H](CCNC(CS)C(=O)NCC(=O)O)C[C@@H](C)C(=O)/C=C/C(C)=C/[C@@H]1CO[C@@H]1O[C@H](C)[C@@H](O)[C@@H](OC)[C@H]1OC,1078.326,74,success,,outputs/mpmdb_seed_macrolide_reductive_amination/images/tylosin/tylosin_seed_amine_0068_MPM01473.png,-1.636,-1.635976443
tylosin_seed_amine_0069,Tylosin (Ì©ÀÖ¾úËØ),CC[C@@H]1[C@H](/C=C(/C=C/C(=O)[C@@H](C[C@@H]([C@@H]([C@H]([C@@H](CC(=O)O1)O)C)O[C@H]2[C@@H]([C@H]([C@@H]([C@H](O2)C)O[C@H]3C[C@@]([C@H]([C@@H](O3)C)O)(C)O)N(C)C)O)CC=O)C)\C)CO[C@H]4[C@@H]([C@@H]([C@@H]([C@H](O4)C)O)OC)OC,MPM01361,D-Amino-3-mercaptopropionic acid,NC(CS)C(=O)O,1,[*:1][CX3H1:2]=[OX1].[NX3;H2:4][CX4;!a:5]>>[*:1][CH2:2][NH:4][CX4;!a:5],"[46,47]","[0,1]","[1,2]",CC[C@H]1OC(=O)C[C@@H](O)[C@H](C)[C@@H](O[C@@H]2O[C@H](C)[C@@H](O[C@H]3C[C@@](C)(O)[C@@H](O)[C@H](C)O3)[C@H](N(C)C)[C@H]2O)[C@@H](CCNC(CS)C(=O)O)C[C@@H](C)C(=O)/C=C/C(C)=C/[C@@H]1CO[C@@H]1O[C@H](C)[C@@H](O)[C@@H](OC)[C@H]1OC,CC[C@H]1OC(=O)C[C@@H](O)[C@H](C)[C@@H](O[C@@H]2O[C@H](C)[C@@H](O[C@H]3C[C@@](C)(O)[C@@H](O)[C@H](C)O3)[C@H](N(C)C)[C@H]2O)[C@@H](CCNC(CS)C(=O)O)C[C@@H](C)C(=O)/C=C/C(C)=C/[C@@H]1CO[C@@H]1O[C@H](C)[C@@H](O)[C@@H](OC)[C@H]1OC,1021.274,70,success,,outputs/mpmdb_seed_macrolide_reductive_amination/images/tylosin/tylosin_seed_amine_0069_MPM01361.png,-1.665,-1.664974163
tylosin_seed_amine_0070,Tylosin (Ì©ÀÖ¾úËØ),CC[C@@H]1[C@H](/C=C(/C=C/C(=O)[C@@H](C[C@@H]([C@@H]([C@H]([C@@H](CC(=O)O1)O)C)O[C@H]2[C@@H]([C@H]([C@@H]([C@H](O2)C)O[C@H]3C[C@@]([C@H]([C@@H](O3)C)O)(C)O)N(C)C)O)CC=O)C)\C)CO[C@H]4[C@@H]([C@@H]([C@@H]([C@H](O4)C)O)OC)OC,MPM01078,(S)-alpha-Amino-beta-(3-indolyl)-propionic acid,NC(Cc1c[nH]c2ccccc12)C(=O)O,1,[*:1][CX3H1:2]=[OX1].[NX3;H2:4][CX4;!a:5]>>[*:1][CH2:2][NH:4][CX4;!a:5],"[46,47]","[0,1]","[1,2]",CC[C@H]1OC(=O)C[C@@H](O)[C@H](C)[C@@H](O[C@@H]2O[C@H](C)[C@@H](O[C@H]3C[C@@](C)(O)[C@@H](O)[C@H](C)O3)[C@H](N(C)C)[C@H]2O)[C@@H](CCNC(Cc2c[nH]c3ccccc23)C(=O)O)C[C@@H](C)C(=O)/C=C/C(C)=C/[C@@H]1CO[C@@H]1O[C@H](C)[C@@H](O)[C@@H](OC)[C@H]1OC,CC[C@H]1OC(=O)C[C@@H](O)[C@H](C)[C@@H](O[C@@H]2O[C@H](C)[C@@H](O[C@H]3C[C@@](C)(O)[C@@H](O)[C@H](C)O3)[C@H](N(C)C)[C@H]2O)[C@@H](CCNC(Cc2c[nH]c3ccccc23)C(=O)O)C[C@@H](C)C(=O)/C=C/C(C)=C/[C@@H]1CO[C@@H]1O[C@H](C)[C@@H](O)[C@@H](OC)[C@H]1OC,1104.342,78,success,,outputs/mpmdb_seed_macrolide_reductive_amination/images/tylosin/tylosin_seed_amine_0070_MPM01078.png,0.4337,0.433661908
tylosin_seed_amine_0071,Tylosin (Ì©ÀÖ¾úËØ),CC[C@@H]1[C@H](/C=C(/C=C/C(=O)[C@@H](C[C@@H]([C@@H]([C@H]([C@@H](CC(=O)O1)O)C)O[C@H]2[C@@H]([C@H]([C@@H]([C@H](O2)C)O[C@H]3C[C@@]([C@H]([C@@H](O3)C)O)(C)O)N(C)C)O)CC=O)C)\C)CO[C@H]4[C@@H]([C@@H]([C@@H]([C@H](O4)C)O)OC)OC,MPM01639,Tyrosine,NC(Cc1ccc(O)cc1)C(=O)O,1,[*:1][CX3H1:2]=[OX1].[NX3;H2:4][CX4;!a:5]>>[*:1][CH2:2][NH:4][CX4;!a:5],"[46,47]","[0,1]","[1,2]",CC[C@H]1OC(=O)C[C@@H](O)[C@H](C)[C@@H](O[C@@H]2O[C@H](C)[C@@H](O[C@H]3C[C@@](C)(O)[C@@H](O)[C@H](C)O3)[C@H](N(C)C)[C@H]2O)[C@@H](CCNC(Cc2ccc(O)cc2)C(=O)O)C[C@@H](C)C(=O)/C=C/C(C)=C/[C@@H]1CO[C@@H]1O[C@H](C)[C@@H](O)[C@@H](OC)[C@H]1OC,CC[C@H]1OC(=O)C[C@@H](O)[C@H](C)[C@@H](O[C@@H]2O[C@H](C)[C@@H](O[C@H]3C[C@@](C)(O)[C@@H](O)[C@H](C)O3)[C@H](N(C)C)[C@H]2O)[C@@H](CCNC(Cc2ccc(O)cc2)C(=O)O)C[C@@H](C)C(=O)/C=C/C(C)=C/[C@@H]1CO[C@@H]1O[C@H](C)[C@@H](O)[C@@H](OC)[C@H]1OC,1081.304,76,success,,outputs/mpmdb_seed_macrolide_reductive_amination/images/tylosin/tylosin_seed_amine_0071_MPM01639.png,-0.1762,-0.176170672
tylosin_seed_amine_0072,Tylosin (Ì©ÀÖ¾úËØ),CC[C@@H]1[C@H](/C=C(/C=C/C(=O)[C@@H](C[C@@H]([C@@H]([C@H]([C@@H](CC(=O)O1)O)C)O[C@H]2[C@@H]([C@H]([C@@H]([C@H](O2)C)O[C@H]3C[C@@]([C@H]([C@@H](O3)C)O)(C)O)N(C)C)O)CC=O)C)\C)CO[C@H]4[C@@H]([C@@H]([C@@H]([C@H](O4)C)O)OC)OC,MPM00895,Phosphonotyrosine,NC(Cc1ccc(OP(=O)(O)O)cc1)C(=O)O,1,[*:1][CX3H1:2]=[OX1].[NX3;H2:4][CX4;!a:5]>>[*:1][CH2:2][NH:4][CX4;!a:5],"[46,47]","[0,1]","[1,2]",CC[C@H]1OC(=O)C[C@@H](O)[C@H](C)[C@@H](O[C@@H]2O[C@H](C)[C@@H](O[C@H]3C[C@@](C)(O)[C@@H](O)[C@H](C)O3)[C@H](N(C)C)[C@H]2O)[C@@H](CCNC(Cc2ccc(OP(=O)(O)O)cc2)C(=O)O)C[C@@H](C)C(=O)/C=C/C(C)=C/[C@@H]1CO[C@@H]1O[C@H](C)[C@@H](O)[C@@H](OC)[C@H]1OC,CC[C@H]1OC(=O)C[C@@H](O)[C@H](C)[C@@H](O[C@@H]2O[C@H](C)[C@@H](O[C@H]3C[C@@](C)(O)[C@@H](O)[C@H](C)O3)[C@H](N(C)C)[C@H]2O)[C@@H](CCNC(Cc2ccc(OP(=O)(O)O)cc2)C(=O)O)C[C@@H](C)C(=O)/C=C/C(C)=C/[C@@H]1CO[C@@H]1O[C@H](C)[C@@H](O)[C@@H](OC)[C@H]1OC,1161.283,80,success,,outputs/mpmdb_seed_macrolide_reductive_amination/images/tylosin/tylosin_seed_amine_0072_MPM00895.png,-0.7248,-0.724771271
tylosin_seed_amine_0073,Tylosin (Ì©ÀÖ¾úËØ),CC[C@@H]1[C@H](/C=C(/C=C/C(=O)[C@@H](C[C@@H]([C@@H]([C@H]([C@@H](CC(=O)O1)O)C)O[C@H]2[C@@H]([C@H]([C@@H]([C@H](O2)C)O[C@H]3C[C@@]([C@H]([C@@H](O3)C)O)(C)O)N(C)C)O)CC=O)C)\C)CO[C@H]4[C@@H]([C@@H]([C@@H]([C@H](O4)C)O)OC)OC,MPM00612,D-phenylalanine,NC(Cc1ccccc1)C(=O)O,1,[*:1][CX3H1:2]=[OX1].[NX3;H2:4][CX4;!a:5]>>[*:1][CH2:2][NH:4][CX4;!a:5],"[46,47]","[0,1]","[1,2]",CC[C@H]1OC(=O)C[C@@H](O)[C@H](C)[C@@H](O[C@@H]2O[C@H](C)[C@@H](O[C@H]3C[C@@](C)(O)[C@@H](O)[C@H](C)O3)[C@H](N(C)C)[C@H]2O)[C@@H](CCNC(Cc2ccccc2)C(=O)O)C[C@@H](C)C(=O)/C=C/C(C)=C/[C@@H]1CO[C@@H]1O[C@H](C)[C@@H](O)[C@@H](OC)[C@H]1OC,CC[C@H]1OC(=O)C[C@@H](O)[C@H](C)[C@@H](O[C@@H]2O[C@H](C)[C@@H](O[C@H]3C[C@@](C)(O)[C@@H](O)[C@H](C)O3)[C@H](N(C)C)[C@H]2O)[C@@H](CCNC(Cc2ccccc2)C(=O)O)C[C@@H](C)C(=O)/C=C/C(C)=C/[C@@H]1CO[C@@H]1O[C@H](C)[C@@H](O)[C@@H](OC)[C@H]1OC,1065.305,75,success,,outputs/mpmdb_seed_macrolide_reductive_amination/images/tylosin/tylosin_seed_amine_0073_MPM00612.png,-0.5472,-0.547150443
tylosin_seed_amine_0074,Tylosin (Ì©ÀÖ¾úËØ),CC[C@@H]1[C@H](/C=C(/C=C/C(=O)[C@@H](C[C@@H]([C@@H]([C@H]([C@@H](CC(=O)O1)O)C)O[C@H]2[C@@H]([C@H]([C@@H]([C@H](O2)C)O[C@H]3C[C@@]([C@H]([C@@H](O3)C)O)(C)O)N(C)C)O)CC=O)C)\C)CO[C@H]4[C@@H]([C@@H]([C@@H]([C@H](O4)C)O)OC)OC,MPM01077,(S)-alpha-Amino-1H-imidazole-4-propionic acid,NC(Cc1cnc[nH]1)C(=O)O,1,[*:1][CX3H1:2]=[OX1].[NX3;H2:4][CX4;!a:5]>>[*:1][CH2:2][NH:4][CX4;!a:5],"[46,47]","[0,1]","[1,2]",CC[C@H]1OC(=O)C[C@@H](O)[C@H](C)[C@@H](O[C@@H]2O[C@H](C)[C@@H](O[C@H]3C[C@@](C)(O)[C@@H](O)[C@H](C)O3)[C@H](N(C)C)[C@H]2O)[C@@H](CCNC(Cc2cnc[nH]2)C(=O)O)C[C@@H](C)C(=O)/C=C/C(C)=C/[C@@H]1CO[C@@H]1O[C@H](C)[C@@H](O)[C@@H](OC)[C@H]1OC,CC[C@H]1OC(=O)C[C@@H](O)[C@H](C)[C@@H](O[C@@H]2O[C@H](C)[C@@H](O[C@H]3C[C@@](C)(O)[C@@H](O)[C@H](C)O3)[C@H](N(C)C)[C@H]2O)[C@@H](CCNC(Cc2cnc[nH]2)C(=O)O)C[C@@H](C)C(=O)/C=C/C(C)=C/[C@@H]1CO[C@@H]1O[C@H](C)[C@@H](O)[C@@H](OC)[C@H]1OC,1055.27,74,success,,outputs/mpmdb_seed_macrolide_reductive_amination/images/tylosin/tylosin_seed_amine_0074_MPM01077.png,-0.5455,-0.545538181
tylosin_seed_amine_0075,Tylosin (Ì©ÀÖ¾úËØ),CC[C@@H]1[C@H](/C=C(/C=C/C(=O)[C@@H](C[C@@H]([C@@H]([C@H]([C@@H](CC(=O)O1)O)C)O[C@H]2[C@@H]([C@H]([C@@H]([C@H](O2)C)O[C@H]3C[C@@]([C@H]([C@@H](O3)C)O)(C)O)N(C)C)O)CC=O)C)\C)CO[C@H]4[C@@H]([C@@H]([C@@H]([C@H](O4)C)O)OC)OC,MPM00541,D-2-Amino-5-guanidinovaleric acid,NC(N)=NCCCC(N)C(=O)O,1,[*:1][CX3H1:2]=[OX1].[NX3;H2:4][CX4;!a:5]>>[*:1][CH2:2][NH:4][CX4;!a:5],"[46,47]","[8,7]","[1,2]",CC[C@H]1OC(=O)C[C@@H](O)[C@H](C)[C@@H](O[C@@H]2O[C@H](C)[C@@H](O[C@H]3C[C@@](C)(O)[C@@H](O)[C@H](C)O3)[C@H](N(C)C)[C@H]2O)[C@@H](CCNC(CCCN=C(N)N)C(=O)O)C[C@@H](C)C(=O)/C=C/C(C)=C/[C@@H]1CO[C@@H]1O[C@H](C)[C@@H](O)[C@@H](OC)[C@H]1OC,CC[C@H]1OC(=O)C[C@@H](O)[C@H](C)[C@@H](O[C@@H]2O[C@H](C)[C@@H](O[C@H]3C[C@@](C)(O)[C@@H](O)[C@H](C)O3)[C@H](N(C)C)[C@H]2O)[C@@H](CCNC(CCCN=C(N)N)C(=O)O)C[C@@H](C)C(=O)/C=C/C(C)=C/[C@@H]1CO[C@@H]1O[C@H](C)[C@@H](O)[C@@H](OC)[C@H]1OC,1074.317,75,success,,outputs/mpmdb_seed_macrolide_reductive_amination/images/tylosin/tylosin_seed_amine_0075_MPM00541.png,-0.3802,-0.380217342
tylosin_seed_amine_0076,Tylosin (Ì©ÀÖ¾úËØ),CC[C@@H]1[C@H](/C=C(/C=C/C(=O)[C@@H](C[C@@H]([C@@H]([C@H]([C@@H](CC(=O)O1)O)C)O[C@H]2[C@@H]([C@H]([C@@H]([C@H](O2)C)O[C@H]3C[C@@]([C@H]([C@@H](O3)C)O)(C)O)N(C)C)O)CC=O)C)\C)CO[C@H]4[C@@H]([C@@H]([C@@H]([C@H](O4)C)O)OC)OC,MPM00198,2-Amino-2-deoxy-D-glucose,NC1C(O)OC(CO)C(O)C1O,1,[*:1][CX3H1:2]=[OX1].[NX3;H2:4][CX4;!a:5]>>[*:1][CH2:2][NH:4][CX4;!a:5],"[46,47]","[0,1]","[1,2]",CC[C@H]1OC(=O)C[C@@H](O)[C@H](C)[C@@H](O[C@@H]2O[C@H](C)[C@@H](O[C@H]3C[C@@](C)(O)[C@@H](O)[C@H](C)O3)[C@H](N(C)C)[C@H]2O)[C@@H](CCNC2C(O)OC(CO)C(O)C2O)C[C@@H](C)C(=O)/C=C/C(C)=C/[C@@H]1CO[C@@H]1O[C@H](C)[C@@H](O)[C@@H](OC)[C@H]1OC,CC[C@H]1OC(=O)C[C@@H](O)[C@H](C)[C@@H](O[C@@H]2O[C@H](C)[C@@H](O[C@H]3C[C@@](C)(O)[C@@H](O)[C@H](C)O3)[C@H](N(C)C)[C@H]2O)[C@@H](CCNC2C(O)OC(CO)C(O)C2O)C[C@@H](C)C(=O)/C=C/C(C)=C/[C@@H]1CO[C@@H]1O[C@H](C)[C@@H](O)[C@@H](OC)[C@H]1OC,1079.285,75,success,,outputs/mpmdb_seed_macrolide_reductive_amination/images/tylosin/tylosin_seed_amine_0076_MPM00198.png,-1.3874,-1.387366064
tylosin_seed_amine_0077,Tylosin (Ì©ÀÖ¾úËØ),CC[C@@H]1[C@H](/C=C(/C=C/C(=O)[C@@H](C[C@@H]([C@@H]([C@H]([C@@H](CC(=O)O1)O)C)O[C@H]2[C@@H]([C@H]([C@@H]([C@H](O2)C)O[C@H]3C[C@@]([C@H]([C@@H](O3)C)O)(C)O)N(C)C)O)CC=O)C)\C)CO[C@H]4[C@@H]([C@@H]([C@@H]([C@H](O4)C)O)OC)OC,MPM00580,D-Glucosamine phosphate,NC1C(O)OC(COP(=O)(O)O)C(O)C1O,1,[*:1][CX3H1:2]=[OX1].[NX3;H2:4][CX4;!a:5]>>[*:1][CH2:2][NH:4][CX4;!a:5],"[46,47]","[0,1]","[1,2]",CC[C@H]1OC(=O)C[C@@H](O)[C@H](C)[C@@H](O[C@@H]2O[C@H](C)[C@@H](O[C@H]3C[C@@](C)(O)[C@@H](O)[C@H](C)O3)[C@H](N(C)C)[C@H]2O)[C@@H](CCNC2C(O)OC(COP(=O)(O)O)C(O)C2O)C[C@@H](C)C(=O)/C=C/C(C)=C/[C@@H]1CO[C@@H]1O[C@H](C)[C@@H](O)[C@@H](OC)[C@H]1OC,CC[C@H]1OC(=O)C[C@@H](O)[C@H](C)[C@@H](O[C@@H]2O[C@H](C)[C@@H](O[C@H]3C[C@@](C)(O)[C@@H](O)[C@H](C)O3)[C@H](N(C)C)[C@H]2O)[C@@H](CCNC2C(O)OC(COP(=O)(O)O)C(O)C2O)C[C@@H](C)C(=O)/C=C/C(C)=C/[C@@H]1CO[C@@H]1O[C@H](C)[C@@H](O)[C@@H](OC)[C@H]1OC,1159.264,79,success,,outputs/mpmdb_seed_macrolide_reductive_amination/images/tylosin/tylosin_seed_amine_0077_MPM00580.png,-1.5415,-1.541498938
tylosin_seed_amine_0078,Tylosin (Ì©ÀÖ¾úËØ),CC[C@@H]1[C@H](/C=C(/C=C/C(=O)[C@@H](C[C@@H]([C@@H]([C@H]([C@@H](CC(=O)O1)O)C)O[C@H]2[C@@H]([C@H]([C@@H]([C@H](O2)C)O[C@H]3C[C@@]([C@H]([C@@H](O3)C)O)(C)O)N(C)C)O)CC=O)C)\C)CO[C@H]4[C@@H]([C@@H]([C@@H]([C@H](O4)C)O)OC)OC,MPM00579,D-Glucosamine 1-phosphate,NC1C(OP(=O)(O)O)OC(CO)C(O)C1O,1,[*:1][CX3H1:2]=[OX1].[NX3;H2:4][CX4;!a:5]>>[*:1][CH2:2][NH:4][CX4;!a:5],"[46,47]","[0,1]","[1,2]",CC[C@H]1OC(=O)C[C@@H](O)[C@H](C)[C@@H](O[C@@H]2O[C@H](C)[C@@H](O[C@H]3C[C@@](C)(O)[C@@H](O)[C@H](C)O3)[C@H](N(C)C)[C@H]2O)[C@@H](CCNC2C(OP(=O)(O)O)OC(CO)C(O)C2O)C[C@@H](C)C(=O)/C=C/C(C)=C/[C@@H]1CO[C@@H]1O[C@H](C)[C@@H](O)[C@@H](OC)[C@H]1OC,CC[C@H]1OC(=O)C[C@@H](O)[C@H](C)[C@@H](O[C@@H]2O[C@H](C)[C@@H](O[C@H]3C[C@@](C)(O)[C@@H](O)[C@H](C)O3)[C@H](N(C)C)[C@H]2O)[C@@H](CCNC2C(OP(=O)(O)O)OC(CO)C(O)C2O)C[C@@H](C)C(=O)/C=C/C(C)=C/[C@@H]1CO[C@@H]1O[C@H](C)[C@@H](O)[C@@H](OC)[C@H]1OC,1159.264,79,success,,outputs/mpmdb_seed_macrolide_reductive_amination/images/tylosin/tylosin_seed_amine_0078_MPM00579.png,-2.4694,-2.469395479
tylosin_seed_amine_0079,Tylosin (Ì©ÀÖ¾úËØ),CC[C@@H]1[C@H](/C=C(/C=C/C(=O)[C@@H](C[C@@H]([C@@H]([C@H]([C@@H](CC(=O)O1)O)C)O[C@H]2[C@@H]([C@H]([C@@H]([C@H](O2)C)O[C@H]3C[C@@]([C@H]([C@@H](O3)C)O)(C)O)N(C)C)O)CC=O)C)\C)CO[C@H]4[C@@H]([C@@H]([C@@H]([C@H](O4)C)O)OC)OC,MPM01242,5-Amino-4-oxovaleric acid,NCC(=O)CCC(=O)O,1,[*:1][CX3H1:2]=[OX1].[NX3;H2:4][CX4;!a:5]>>[*:1][CH2:2][NH:4][CX4;!a:5],"[46,47]","[0,1]","[1,2]",CC[C@H]1OC(=O)C[C@@H](O)[C@H](C)[C@@H](O[C@@H]2O[C@H](C)[C@@H](O[C@H]3C[C@@](C)(O)[C@@H](O)[C@H](C)O3)[C@H](N(C)C)[C@H]2O)[C@@H](CCNCC(=O)CCC(=O)O)C[C@@H](C)C(=O)/C=C/C(C)=C/[C@@H]1CO[C@@H]1O[C@H](C)[C@@H](O)[C@@H](OC)[C@H]1OC,CC[C@H]1OC(=O)C[C@@H](O)[C@H](C)[C@@H](O[C@@H]2O[C@H](C)[C@@H](O[C@H]3C[C@@](C)(O)[C@@H](O)[C@H](C)O3)[C@H](N(C)C)[C@H]2O)[C@@H](CCNCC(=O)CCC(=O)O)C[C@@H](C)C(=O)/C=C/C(C)=C/[C@@H]1CO[C@@H]1O[C@H](C)[C@@H](O)[C@@H](OC)[C@H]1OC,1031.244,72,success,,outputs/mpmdb_seed_macrolide_reductive_amination/images/tylosin/tylosin_seed_amine_0079_MPM01242.png,-0.2809,-0.280904446
tylosin_seed_amine_0080,Tylosin (Ì©ÀÖ¾úËØ),CC[C@@H]1[C@H](/C=C(/C=C/C(=O)[C@@H](C[C@@H]([C@@H]([C@H]([C@@H](CC(=O)O1)O)C)O[C@H]2[C@@H]([C@H]([C@@H]([C@H](O2)C)O[C@H]3C[C@@]([C@H]([C@@H](O3)C)O)(C)O)N(C)C)O)CC=O)C)\C)CO[C@H]4[C@@H]([C@@H]([C@@H]([C@H](O4)C)O)OC)OC,MPM00664,Gly-Asp,NCC(=O)NC(CC(=O)O)C(=O)O,1,[*:1][CX3H1:2]=[OX1].[NX3;H2:4][CX4;!a:5]>>[*:1][CH2:2][NH:4][CX4;!a:5],"[46,47]","[0,1]","[1,2]",CC[C@H]1OC(=O)C[C@@H](O)[C@H](C)[C@@H](O[C@@H]2O[C@H](C)[C@@H](O[C@H]3C[C@@](C)(O)[C@@H](O)[C@H](C)O3)[C@H](N(C)C)[C@H]2O)[C@@H](CCNCC(=O)NC(CC(=O)O)C(=O)O)C[C@@H](C)C(=O)/C=C/C(C)=C/[C@@H]1CO[C@@H]1O[C@H](C)[C@@H](O)[C@@H](OC)[C@H]1OC,CC[C@H]1OC(=O)C[C@@H](O)[C@H](C)[C@@H](O[C@@H]2O[C@H](C)[C@@H](O[C@H]3C[C@@](C)(O)[C@@H](O)[C@H](C)O3)[C@H](N(C)C)[C@H]2O)[C@@H](CCNCC(=O)NC(CC(=O)O)C(=O)O)C[C@@H](C)C(=O)/C=C/C(C)=C/[C@@H]1CO[C@@H]1O[C@H](C)[C@@H](O)[C@@H](OC)[C@H]1OC,1090.268,76,success,,outputs/mpmdb_seed_macrolide_reductive_amination/images/tylosin/tylosin_seed_amine_0080_MPM00664.png,-0.0752,-0.075222701
tylosin_seed_amine_0081,Tylosin (Ì©ÀÖ¾úËØ),CC[C@@H]1[C@H](/C=C(/C=C/C(=O)[C@@H](C[C@@H]([C@@H]([C@H]([C@@H](CC(=O)O1)O)C)O[C@H]2[C@@H]([C@H]([C@@H]([C@H](O2)C)O[C@H]3C[C@@]([C@H]([C@@H](O3)C)O)(C)O)N(C)C)O)CC=O)C)\C)CO[C@H]4[C@@H]([C@@H]([C@@H]([C@H](O4)C)O)OC)OC,MPM00674,Glycyl-l-glutamine,NCC(=O)NC(CCC(N)=O)C(=O)O,1,[*:1][CX3H1:2]=[OX1].[NX3;H2:4][CX4;!a:5]>>[*:1][CH2:2][NH:4][CX4;!a:5],"[46,47]","[0,1]","[1,2]",CC[C@H]1OC(=O)C[C@@H](O)[C@H](C)[C@@H](O[C@@H]2O[C@H](C)[C@@H](O[C@H]3C[C@@](C)(O)[C@@H](O)[C@H](C)O3)[C@H](N(C)C)[C@H]2O)[C@@H](CCNCC(=O)NC(CCC(N)=O)C(=O)O)C[C@@H](C)C(=O)/C=C/C(C)=C/[C@@H]1CO[C@@H]1O[C@H](C)[C@@H](O)[C@@H](OC)[C@H]1OC,CC[C@H]1OC(=O)C[C@@H](O)[C@H](C)[C@@H](O[C@@H]2O[C@H](C)[C@@H](O[C@H]3C[C@@](C)(O)[C@@H](O)[C@H](C)O3)[C@H](N(C)C)[C@H]2O)[C@@H](CCNCC(=O)NC(CCC(N)=O)C(=O)O)C[C@@H](C)C(=O)/C=C/C(C)=C/[C@@H]1CO[C@@H]1O[C@H](C)[C@@H](O)[C@@H](OC)[C@H]1OC,1103.311,77,success,,outputs/mpmdb_seed_macrolide_reductive_amination/images/tylosin/tylosin_seed_amine_0081_MPM00674.png,-0.0819,-0.081908792
tylosin_seed_amine_0082,Tylosin (Ì©ÀÖ¾úËØ),CC[C@@H]1[C@H](/C=C(/C=C/C(=O)[C@@H](C[C@@H]([C@@H]([C@H]([C@@H](CC(=O)O1)O)C)O[C@H]2[C@@H]([C@H]([C@@H]([C@H](O2)C)O[C@H]3C[C@@]([C@H]([C@@H](O3)C)O)(C)O)N(C)C)O)CC=O)C)\C)CO[C@H]4[C@@H]([C@@H]([C@@H]([C@H](O4)C)O)OC)OC,MPM00673,Glycylcysteine,NCC(=O)NC(CS)C(=O)O,1,[*:1][CX3H1:2]=[OX1].[NX3;H2:4][CX4;!a:5]>>[*:1][CH2:2][NH:4][CX4;!a:5],"[46,47]","[0,1]","[1,2]",CC[C@H]1OC(=O)C[C@@H](O)[C@H](C)[C@@H](O[C@@H]2O[C@H](C)[C@@H](O[C@H]3C[C@@](C)(O)[C@@H](O)[C@H](C)O3)[C@H](N(C)C)[C@H]2O)[C@@H](CCNCC(=O)NC(CS)C(=O)O)C[C@@H](C)C(=O)/C=C/C(C)=C/[C@@H]1CO[C@@H]1O[C@H](C)[C@@H](O)[C@@H](OC)[C@H]1OC,CC[C@H]1OC(=O)C[C@@H](O)[C@H](C)[C@@H](O[C@@H]2O[C@H](C)[C@@H](O[C@H]3C[C@@](C)(O)[C@@H](O)[C@H](C)O3)[C@H](N(C)C)[C@H]2O)[C@@H](CCNCC(=O)NC(CS)C(=O)O)C[C@@H](C)C(=O)/C=C/C(C)=C/[C@@H]1CO[C@@H]1O[C@H](C)[C@@H](O)[C@@H](OC)[C@H]1OC,1078.326,74,success,,outputs/mpmdb_seed_macrolide_reductive_amination/images/tylosin/tylosin_seed_amine_0082_MPM00673.png,-1.5145,-1.514509144
tylosin_seed_amine_0083,Tylosin (Ì©ÀÖ¾úËØ),CC[C@@H]1[C@H](/C=C(/C=C/C(=O)[C@@H](C[C@@H]([C@@H]([C@H]([C@@H](CC(=O)O1)O)C)O[C@H]2[C@@H]([C@H]([C@@H]([C@H](O2)C)O[C@H]3C[C@@]([C@H]([C@@H](O3)C)O)(C)O)N(C)C)O)CC=O)C)\C)CO[C@H]4[C@@H]([C@@H]([C@@H]([C@H](O4)C)O)OC)OC,MPM00677,Glycyl-L-tyrosine,NCC(=O)NC(Cc1ccc(O)cc1)C(=O)O,1,[*:1][CX3H1:2]=[OX1].[NX3;H2:4][CX4;!a:5]>>[*:1][CH2:2][NH:4][CX4;!a:5],"[46,47]","[0,1]","[1,2]",CC[C@H]1OC(=O)C[C@@H](O)[C@H](C)[C@@H](O[C@@H]2O[C@H](C)[C@@H](O[C@H]3C[C@@](C)(O)[C@@H](O)[C@H](C)O3)[C@H](N(C)C)[C@H]2O)[C@@H](CCNCC(=O)NC(Cc2ccc(O)cc2)C(=O)O)C[C@@H](C)C(=O)/C=C/C(C)=C/[C@@H]1CO[C@@H]1O[C@H](C)[C@@H](O)[C@@H](OC)[C@H]1OC,CC[C@H]1OC(=O)C[C@@H](O)[C@H](C)[C@@H](O[C@@H]2O[C@H](C)[C@@H](O[C@H]3C[C@@](C)(O)[C@@H](O)[C@H](C)O3)[C@H](N(C)C)[C@H]2O)[C@@H](CCNCC(=O)NC(Cc2ccc(O)cc2)C(=O)O)C[C@@H](C)C(=O)/C=C/C(C)=C/[C@@H]1CO[C@@H]1O[C@H](C)[C@@H](O)[C@@H](OC)[C@H]1OC,1138.356,80,success,,outputs/mpmdb_seed_macrolide_reductive_amination/images/tylosin/tylosin_seed_amine_0083_MPM00677.png,0.0139,0.013916258
tylosin_seed_amine_0084,Tylosin (Ì©ÀÖ¾úËØ),CC[C@@H]1[C@H](/C=C(/C=C/C(=O)[C@@H](C[C@@H]([C@@H]([C@H]([C@@H](CC(=O)O1)O)C)O[C@H]2[C@@H]([C@H]([C@@H]([C@H](O2)C)O[C@H]3C[C@@]([C@H]([C@@H](O3)C)O)(C)O)N(C)C)O)CC=O)C)\C)CO[C@H]4[C@@H]([C@@H]([C@@H]([C@H](O4)C)O)OC)OC,MPM00676,Glycyl-L-phenylalanine,NCC(=O)NC(Cc1ccccc1)C(=O)O,1,[*:1][CX3H1:2]=[OX1].[NX3;H2:4][CX4;!a:5]>>[*:1][CH2:2][NH:4][CX4;!a:5],"[46,47]","[0,1]","[1,2]",CC[C@H]1OC(=O)C[C@@H](O)[C@H](C)[C@@H](O[C@@H]2O[C@H](C)[C@@H](O[C@H]3C[C@@](C)(O)[C@@H](O)[C@H](C)O3)[C@H](N(C)C)[C@H]2O)[C@@H](CCNCC(=O)NC(Cc2ccccc2)C(=O)O)C[C@@H](C)C(=O)/C=C/C(C)=C/[C@@H]1CO[C@@H]1O[C@H](C)[C@@H](O)[C@@H](OC)[C@H]1OC,CC[C@H]1OC(=O)C[C@@H](O)[C@H](C)[C@@H](O[C@@H]2O[C@H](C)[C@@H](O[C@H]3C[C@@](C)(O)[C@@H](O)[C@H](C)O3)[C@H](N(C)C)[C@H]2O)[C@@H](CCNCC(=O)NC(Cc2ccccc2)C(=O)O)C[C@@H](C)C(=O)/C=C/C(C)=C/[C@@H]1CO[C@@H]1O[C@H](C)[C@@H](O)[C@@H](OC)[C@H]1OC,1122.357,79,success,,outputs/mpmdb_seed_macrolide_reductive_amination/images/tylosin/tylosin_seed_amine_0084_MPM00676.png,-0.3511,-0.351142845
tylosin_seed_amine_0085,Tylosin (Ì©ÀÖ¾úËØ),CC[C@@H]1[C@H](/C=C(/C=C/C(=O)[C@@H](C[C@@H]([C@@H]([C@H]([C@@H](CC(=O)O1)O)C)O[C@H]2[C@@H]([C@H]([C@@H]([C@H](O2)C)O[C@H]3C[C@@]([C@H]([C@@H](O3)C)O)(C)O)N(C)C)O)CC=O)C)\C)CO[C@H]4[C@@H]([C@@H]([C@@H]([C@H](O4)C)O)OC)OC,MPM00796,N1-(5-Phospho-beta-D-ribosyl)glycinamide,NCC(=O)NC1OC(COP(=O)(O)O)C(O)C1O,1,[*:1][CX3H1:2]=[OX1].[NX3;H2:4][CX4;!a:5]>>[*:1][CH2:2][NH:4][CX4;!a:5],"[46,47]","[0,1]","[1,2]",CC[C@H]1OC(=O)C[C@@H](O)[C@H](C)[C@@H](O[C@@H]2O[C@H](C)[C@@H](O[C@H]3C[C@@](C)(O)[C@@H](O)[C@H](C)O3)[C@H](N(C)C)[C@H]2O)[C@@H](CCNCC(=O)NC2OC(COP(=O)(O)O)C(O)C2O)C[C@@H](C)C(=O)/C=C/C(C)=C/[C@@H]1CO[C@@H]1O[C@H](C)[C@@H](O)[C@@H](OC)[C@H]1OC,CC[C@H]1OC(=O)C[C@@H](O)[C@H](C)[C@@H](O[C@@H]2O[C@H](C)[C@@H](O[C@H]3C[C@@](C)(O)[C@@H](O)[C@H](C)O3)[C@H](N(C)C)[C@H]2O)[C@@H](CCNCC(=O)NC2OC(COP(=O)(O)O)C(O)C2O)C[C@@H](C)C(=O)/C=C/C(C)=C/[C@@H]1CO[C@@H]1O[C@H](C)[C@@H](O)[C@@H](OC)[C@H]1OC,1186.29,81,success,,outputs/mpmdb_seed_macrolide_reductive_amination/images/tylosin/tylosin_seed_amine_0085_MPM00796.png,-1.2875,-1.287466892
tylosin_seed_amine_0086,Tylosin (Ì©ÀÖ¾úËØ),CC[C@@H]1[C@H](/C=C(/C=C/C(=O)[C@@H](C[C@@H]([C@@H]([C@H]([C@@H](CC(=O)O1)O)C)O[C@H]2[C@@H]([C@H]([C@@H]([C@H](O2)C)O[C@H]3C[C@@]([C@H]([C@@H](O3)C)O)(C)O)N(C)C)O)CC=O)C)\C)CO[C@H]4[C@@H]([C@@H]([C@@H]([C@H](O4)C)O)OC)OC,MPM01413,Gly,NCC(=O)O,1,[*:1][CX3H1:2]=[OX1].[NX3;H2:4][CX4;!a:5]>>[*:1][CH2:2][NH:4][CX4;!a:5],"[46,47]","[0,1]","[1,2]",CC[C@H]1OC(=O)C[C@@H](O)[C@H](C)[C@@H](O[C@@H]2O[C@H](C)[C@@H](O[C@H]3C[C@@](C)(O)[C@@H](O)[C@H](C)O3)[C@H](N(C)C)[C@H]2O)[C@@H](CCNCC(=O)O)C[C@@H](C)C(=O)/C=C/C(C)=C/[C@@H]1CO[C@@H]1O[C@H](C)[C@@H](O)[C@@H](OC)[C@H]1OC,CC[C@H]1OC(=O)C[C@@H](O)[C@H](C)[C@@H](O[C@@H]2O[C@H](C)[C@@H](O[C@H]3C[C@@](C)(O)[C@@H](O)[C@H](C)O3)[C@H](N(C)C)[C@H]2O)[C@@H](CCNCC(=O)O)C[C@@H](C)C(=O)/C=C/C(C)=C/[C@@H]1CO[C@@H]1O[C@H](C)[C@@H](O)[C@@H](OC)[C@H]1OC,975.18,68,success,,outputs/mpmdb_seed_macrolide_reductive_amination/images/tylosin/tylosin_seed_amine_0086_MPM01413.png,0.0618,0.061788326
tylosin_seed_amine_0087,Tylosin (Ì©ÀÖ¾úËØ),CC[C@@H]1[C@H](/C=C(/C=C/C(=O)[C@@H](C[C@@H]([C@@H]([C@H]([C@@H](CC(=O)O1)O)C)O[C@H]2[C@@H]([C@H]([C@@H]([C@H](O2)C)O[C@H]3C[C@@]([C@H]([C@@H](O3)C)O)(C)O)N(C)C)O)CC=O)C)\C)CO[C@H]4[C@@H]([C@@H]([C@@H]([C@H](O4)C)O)OC)OC,MPM01074,"(S)-2,3-Diaminopropanoate",NCC(N)C(=O)O,2,[*:1][CX3H1:2]=[OX1].[NX3;H2:4][CX4;!a:5]>>[*:1][CH2:2][NH:4][CX4;!a:5],"[46,47]","[0,1]","[1,2]",CC[C@H]1OC(=O)C[C@@H](O)[C@H](C)[C@@H](O[C@@H]2O[C@H](C)[C@@H](O[C@H]3C[C@@](C)(O)[C@@H](O)[C@H](C)O3)[C@H](N(C)C)[C@H]2O)[C@@H](CCNCC(N)C(=O)O)C[C@@H](C)C(=O)/C=C/C(C)=C/[C@@H]1CO[C@@H]1O[C@H](C)[C@@H](O)[C@@H](OC)[C@H]1OC,CC[C@H]1OC(=O)C[C@@H](O)[C@H](C)[C@@H](O[C@@H]2O[C@H](C)[C@@H](O[C@H]3C[C@@](C)(O)[C@@H](O)[C@H](C)O3)[C@H](N(C)C)[C@H]2O)[C@@H](CCNCC(N)C(=O)O)C[C@@H](C)C(=O)/C=C/C(C)=C/[C@@H]1CO[C@@H]1O[C@H](C)[C@@H](O)[C@@H](OC)[C@H]1OC,1004.222,70,success,multi_primary_amine_seed; enumerated_site,outputs/mpmdb_seed_macrolide_reductive_amination/images/tylosin/tylosin_seed_amine_0087_MPM01074.png,0.0268,0.026837359
tylosin_seed_amine_0088,Tylosin (Ì©ÀÖ¾úËØ),CC[C@@H]1[C@H](/C=C(/C=C/C(=O)[C@@H](C[C@@H]([C@@H]([C@H]([C@@H](CC(=O)O1)O)C)O[C@H]2[C@@H]([C@H]([C@@H]([C@H](O2)C)O[C@H]3C[C@@]([C@H]([C@@H](O3)C)O)(C)O)N(C)C)O)CC=O)C)\C)CO[C@H]4[C@@H]([C@@H]([C@@H]([C@H](O4)C)O)OC)OC,MPM01074,"(S)-2,3-Diaminopropanoate",NCC(N)C(=O)O,2,[*:1][CX3H1:2]=[OX1].[NX3;H2:4][CX4;!a:5]>>[*:1][CH2:2][NH:4][CX4;!a:5],"[46,47]","[3,2]","[1,2]",CC[C@H]1OC(=O)C[C@@H](O)[C@H](C)[C@@H](O[C@@H]2O[C@H](C)[C@@H](O[C@H]3C[C@@](C)(O)[C@@H](O)[C@H](C)O3)[C@H](N(C)C)[C@H]2O)[C@@H](CCNC(CN)C(=O)O)C[C@@H](C)C(=O)/C=C/C(C)=C/[C@@H]1CO[C@@H]1O[C@H](C)[C@@H](O)[C@@H](OC)[C@H]1OC,CC[C@H]1OC(=O)C[C@@H](O)[C@H](C)[C@@H](O[C@@H]2O[C@H](C)[C@@H](O[C@H]3C[C@@](C)(O)[C@@H](O)[C@H](C)O3)[C@H](N(C)C)[C@H]2O)[C@@H](CCNC(CN)C(=O)O)C[C@@H](C)C(=O)/C=C/C(C)=C/[C@@H]1CO[C@@H]1O[C@H](C)[C@@H](O)[C@@H](OC)[C@H]1OC,1004.222,70,success,multi_primary_amine_seed; enumerated_site,outputs/mpmdb_seed_macrolide_reductive_amination/images/tylosin/tylosin_seed_amine_0088_MPM01074.png,0.0381,0.038059722
tylosin_seed_amine_0089,Tylosin (Ì©ÀÖ¾úËØ),CC[C@@H]1[C@H](/C=C(/C=C/C(=O)[C@@H](C[C@@H]([C@@H]([C@H]([C@@H](CC(=O)O1)O)C)O[C@H]2[C@@H]([C@H]([C@@H]([C@H](O2)C)O[C@H]3C[C@@]([C@H]([C@@H](O3)C)O)(C)O)N(C)C)O)CC=O)C)\C)CO[C@H]4[C@@H]([C@@H]([C@@H]([C@H](O4)C)O)OC)OC,MPM00203,2-Aminoacetaldehyde,NCC=O,1,[*:1][CX3H1:2]=[OX1].[NX3;H2:4][CX4;!a:5]>>[*:1][CH2:2][NH:4][CX4;!a:5],"[46,47]","[0,1]","[1,2]",CC[C@H]1OC(=O)C[C@@H](O)[C@H](C)[C@@H](O[C@@H]2O[C@H](C)[C@@H](O[C@H]3C[C@@](C)(O)[C@@H](O)[C@H](C)O3)[C@H](N(C)C)[C@H]2O)[C@@H](CCNCC=O)C[C@@H](C)C(=O)/C=C/C(C)=C/[C@@H]1CO[C@@H]1O[C@H](C)[C@@H](O)[C@@H](OC)[C@H]1OC,CC[C@H]1OC(=O)C[C@@H](O)[C@H](C)[C@@H](O[C@@H]2O[C@H](C)[C@@H](O[C@H]3C[C@@](C)(O)[C@@H](O)[C@H](C)O3)[C@H](N(C)C)[C@H]2O)[C@@H](CCNCC=O)C[C@@H](C)C(=O)/C=C/C(C)=C/[C@@H]1CO[C@@H]1O[C@H](C)[C@@H](O)[C@@H](OC)[C@H]1OC,959.181,67,success,,outputs/mpmdb_seed_macrolide_reductive_amination/images/tylosin/tylosin_seed_amine_0089_MPM00203.png,-0.4108,-0.410845858
tylosin_seed_amine_0090,Tylosin (Ì©ÀÖ¾úËØ),CC[C@@H]1[C@H](/C=C(/C=C/C(=O)[C@@H](C[C@@H]([C@@H]([C@H]([C@@H](CC(=O)O1)O)C)O[C@H]2[C@@H]([C@H]([C@@H]([C@H](O2)C)O[C@H]3C[C@@]([C@H]([C@@H](O3)C)O)(C)O)N(C)C)O)CC=O)C)\C)CO[C@H]4[C@@H]([C@@H]([C@@H]([C@H](O4)C)O)OC)OC,MPM01212,3-Aminopropanoate,NCCC(=O)O,1,[*:1][CX3H1:2]=[OX1].[NX3;H2:4][CX4;!a:5]>>[*:1][CH2:2][NH:4][CX4;!a:5],"[46,47]","[0,1]","[1,2]",CC[C@H]1OC(=O)C[C@@H](O)[C@H](C)[C@@H](O[C@@H]2O[C@H](C)[C@@H](O[C@H]3C[C@@](C)(O)[C@@H](O)[C@H](C)O3)[C@H](N(C)C)[C@H]2O)[C@@H](CCNCCC(=O)O)C[C@@H](C)C(=O)/C=C/C(C)=C/[C@@H]1CO[C@@H]1O[C@H](C)[C@@H](O)[C@@H](OC)[C@H]1OC,CC[C@H]1OC(=O)C[C@@H](O)[C@H](C)[C@@H](O[C@@H]2O[C@H](C)[C@@H](O[C@H]3C[C@@](C)(O)[C@@H](O)[C@H](C)O3)[C@H](N(C)C)[C@H]2O)[C@@H](CCNCCC(=O)O)C[C@@H](C)C(=O)/C=C/C(C)=C/[C@@H]1CO[C@@H]1O[C@H](C)[C@@H](O)[C@@H](OC)[C@H]1OC,989.207,69,success,,outputs/mpmdb_seed_macrolide_reductive_amination/images/tylosin/tylosin_seed_amine_0090_MPM01212.png,-0.2221,-0.222126202
tylosin_seed_amine_0091,Tylosin (Ì©ÀÖ¾úËØ),CC[C@@H]1[C@H](/C=C(/C=C/C(=O)[C@@H](C[C@@H]([C@@H]([C@H]([C@@H](CC(=O)O1)O)C)O[C@H]2[C@@H]([C@H]([C@@H]([C@H](O2)C)O[C@H]3C[C@@]([C@H]([C@@H](O3)C)O)(C)O)N(C)C)O)CC=O)C)\C)CO[C@H]4[C@@H]([C@@H]([C@@H]([C@H](O4)C)O)OC)OC,MPM00725,"L-2,4-Diaminobutyrate",NCCC(N)C(=O)O,2,[*:1][CX3H1:2]=[OX1].[NX3;H2:4][CX4;!a:5]>>[*:1][CH2:2][NH:4][CX4;!a:5],"[46,47]","[0,1]","[1,2]",CC[C@H]1OC(=O)C[C@@H](O)[C@H](C)[C@@H](O[C@@H]2O[C@H](C)[C@@H](O[C@H]3C[C@@](C)(O)[C@@H](O)[C@H](C)O3)[C@H](N(C)C)[C@H]2O)[C@@H](CCNCCC(N)C(=O)O)C[C@@H](C)C(=O)/C=C/C(C)=C/[C@@H]1CO[C@@H]1O[C@H](C)[C@@H](O)[C@@H](OC)[C@H]1OC,CC[C@H]1OC(=O)C[C@@H](O)[C@H](C)[C@@H](O[C@@H]2O[C@H](C)[C@@H](O[C@H]3C[C@@](C)(O)[C@@H](O)[C@H](C)O3)[C@H](N(C)C)[C@H]2O)[C@@H](CCNCCC(N)C(=O)O)C[C@@H](C)C(=O)/C=C/C(C)=C/[C@@H]1CO[C@@H]1O[C@H](C)[C@@H](O)[C@@H](OC)[C@H]1OC,1018.249,71,success,multi_primary_amine_seed; enumerated_site,outputs/mpmdb_seed_macrolide_reductive_amination/images/tylosin/tylosin_seed_amine_0091_MPM00725.png,-0.0316,-0.031616111
tylosin_seed_amine_0092,Tylosin (Ì©ÀÖ¾úËØ),CC[C@@H]1[C@H](/C=C(/C=C/C(=O)[C@@H](C[C@@H]([C@@H]([C@H]([C@@H](CC(=O)O1)O)C)O[C@H]2[C@@H]([C@H]([C@@H]([C@H](O2)C)O[C@H]3C[C@@]([C@H]([C@@H](O3)C)O)(C)O)N(C)C)O)CC=O)C)\C)CO[C@H]4[C@@H]([C@@H]([C@@H]([C@H](O4)C)O)OC)OC,MPM00725,"L-2,4-Diaminobutyrate",NCCC(N)C(=O)O,2,[*:1][CX3H1:2]=[OX1].[NX3;H2:4][CX4;!a:5]>>[*:1][CH2:2][NH:4][CX4;!a:5],"[46,47]","[4,3]","[1,2]",CC[C@H]1OC(=O)C[C@@H](O)[C@H](C)[C@@H](O[C@@H]2O[C@H](C)[C@@H](O[C@H]3C[C@@](C)(O)[C@@H](O)[C@H](C)O3)[C@H](N(C)C)[C@H]2O)[C@@H](CCNC(CCN)C(=O)O)C[C@@H](C)C(=O)/C=C/C(C)=C/[C@@H]1CO[C@@H]1O[C@H](C)[C@@H](O)[C@@H](OC)[C@H]1OC,CC[C@H]1OC(=O)C[C@@H](O)[C@H](C)[C@@H](O[C@@H]2O[C@H](C)[C@@H](O[C@H]3C[C@@](C)(O)[C@@H](O)[C@H](C)O3)[C@H](N(C)C)[C@H]2O)[C@@H](CCNC(CCN)C(=O)O)C[C@@H](C)C(=O)/C=C/C(C)=C/[C@@H]1CO[C@@H]1O[C@H](C)[C@@H](O)[C@@H](OC)[C@H]1OC,1018.249,71,success,multi_primary_amine_seed; enumerated_site,outputs/mpmdb_seed_macrolide_reductive_amination/images/tylosin/tylosin_seed_amine_0092_MPM00725.png,-0.0104,-0.010377076
tylosin_seed_amine_0093,Tylosin (Ì©ÀÖ¾úËØ),CC[C@@H]1[C@H](/C=C(/C=C/C(=O)[C@@H](C[C@@H]([C@@H]([C@H]([C@@H](CC(=O)O1)O)C)O[C@H]2[C@@H]([C@H]([C@@H]([C@H](O2)C)O[C@H]3C[C@@]([C@H]([C@@H](O3)C)O)(C)O)N(C)C)O)CC=O)C)\C)CO[C@H]4[C@@H]([C@@H]([C@@H]([C@H](O4)C)O)OC)OC,MPM01396,GABA,NCCCC(=O)O,1,[*:1][CX3H1:2]=[OX1].[NX3;H2:4][CX4;!a:5]>>[*:1][CH2:2][NH:4][CX4;!a:5],"[46,47]","[0,1]","[1,2]",CC[C@H]1OC(=O)C[C@@H](O)[C@H](C)[C@@H](O[C@@H]2O[C@H](C)[C@@H](O[C@H]3C[C@@](C)(O)[C@@H](O)[C@H](C)O3)[C@H](N(C)C)[C@H]2O)[C@@H](CCNCCCC(=O)O)C[C@@H](C)C(=O)/C=C/C(C)=C/[C@@H]1CO[C@@H]1O[C@H](C)[C@@H](O)[C@@H](OC)[C@H]1OC,CC[C@H]1OC(=O)C[C@@H](O)[C@H](C)[C@@H](O[C@@H]2O[C@H](C)[C@@H](O[C@H]3C[C@@](C)(O)[C@@H](O)[C@H](C)O3)[C@H](N(C)C)[C@H]2O)[C@@H](CCNCCCC(=O)O)C[C@@H](C)C(=O)/C=C/C(C)=C/[C@@H]1CO[C@@H]1O[C@H](C)[C@@H](O)[C@@H](OC)[C@H]1OC,1003.234,70,success,,outputs/mpmdb_seed_macrolide_reductive_amination/images/tylosin/tylosin_seed_amine_0093_MPM01396.png,-0.2872,-0.287242702
tylosin_seed_amine_0094,Tylosin (Ì©ÀÖ¾úËØ),CC[C@@H]1[C@H](/C=C(/C=C/C(=O)[C@@H](C[C@@H]([C@@H]([C@H]([C@@H](CC(=O)O1)O)C)O[C@H]2[C@@H]([C@H]([C@@H]([C@H](O2)C)O[C@H]3C[C@@]([C@H]([C@@H](O3)C)O)(C)O)N(C)C)O)CC=O)C)\C)CO[C@H]4[C@@H]([C@@H]([C@@H]([C@H](O4)C)O)OC)OC,MPM00093,"(S)-2,5-Diaminopentanoate",NCCCC(N)C(=O)O,2,[*:1][CX3H1:2]=[OX1].[NX3;H2:4][CX4;!a:5]>>[*:1][CH2:2][NH:4][CX4;!a:5],"[46,47]","[0,1]","[1,2]",CC[C@H]1OC(=O)C[C@@H](O)[C@H](C)[C@@H](O[C@@H]2O[C@H](C)[C@@H](O[C@H]3C[C@@](C)(O)[C@@H](O)[C@H](C)O3)[C@H](N(C)C)[C@H]2O)[C@@H](CCNCCCC(N)C(=O)O)C[C@@H](C)C(=O)/C=C/C(C)=C/[C@@H]1CO[C@@H]1O[C@H](C)[C@@H](O)[C@@H](OC)[C@H]1OC,CC[C@H]1OC(=O)C[C@@H](O)[C@H](C)[C@@H](O[C@@H]2O[C@H](C)[C@@H](O[C@H]3C[C@@](C)(O)[C@@H](O)[C@H](C)O3)[C@H](N(C)C)[C@H]2O)[C@@H](CCNCCCC(N)C(=O)O)C[C@@H](C)C(=O)/C=C/C(C)=C/[C@@H]1CO[C@@H]1O[C@H](C)[C@@H](O)[C@@H](OC)[C@H]1OC,1032.276,72,success,multi_primary_amine_seed; enumerated_site,outputs/mpmdb_seed_macrolide_reductive_amination/images/tylosin/tylosin_seed_amine_0094_MPM00093.png,-0.0838,-0.083753975
tylosin_seed_amine_0095,Tylosin (Ì©ÀÖ¾úËØ),CC[C@@H]1[C@H](/C=C(/C=C/C(=O)[C@@H](C[C@@H]([C@@H]([C@H]([C@@H](CC(=O)O1)O)C)O[C@H]2[C@@H]([C@H]([C@@H]([C@H](O2)C)O[C@H]3C[C@@]([C@H]([C@@H](O3)C)O)(C)O)N(C)C)O)CC=O)C)\C)CO[C@H]4[C@@H]([C@@H]([C@@H]([C@H](O4)C)O)OC)OC,MPM00093,"(S)-2,5-Diaminopentanoate",NCCCC(N)C(=O)O,2,[*:1][CX3H1:2]=[OX1].[NX3;H2:4][CX4;!a:5]>>[*:1][CH2:2][NH:4][CX4;!a:5],"[46,47]","[5,4]","[1,2]",CC[C@H]1OC(=O)C[C@@H](O)[C@H](C)[C@@H](O[C@@H]2O[C@H](C)[C@@H](O[C@H]3C[C@@](C)(O)[C@@H](O)[C@H](C)O3)[C@H](N(C)C)[C@H]2O)[C@@H](CCNC(CCCN)C(=O)O)C[C@@H](C)C(=O)/C=C/C(C)=C/[C@@H]1CO[C@@H]1O[C@H](C)[C@@H](O)[C@@H](OC)[C@H]1OC,CC[C@H]1OC(=O)C[C@@H](O)[C@H](C)[C@@H](O[C@@H]2O[C@H](C)[C@@H](O[C@H]3C[C@@](C)(O)[C@@H](O)[C@H](C)O3)[C@H](N(C)C)[C@H]2O)[C@@H](CCNC(CCCN)C(=O)O)C[C@@H](C)C(=O)/C=C/C(C)=C/[C@@H]1CO[C@@H]1O[C@H](C)[C@@H](O)[C@@H](OC)[C@H]1OC,1032.276,72,success,multi_primary_amine_seed; enumerated_site,outputs/mpmdb_seed_macrolide_reductive_amination/images/tylosin/tylosin_seed_amine_0095_MPM00093.png,-0.0636,-0.063630676
tylosin_seed_amine_0096,Tylosin (Ì©ÀÖ¾úËØ),CC[C@@H]1[C@H](/C=C(/C=C/C(=O)[C@@H](C[C@@H]([C@@H]([C@H]([C@@H](CC(=O)O1)O)C)O[C@H]2[C@@H]([C@H]([C@@H]([C@H](O2)C)O[C@H]3C[C@@]([C@H]([C@@H](O3)C)O)(C)O)N(C)C)O)CC=O)C)\C)CO[C@H]4[C@@H]([C@@H]([C@@H]([C@H](O4)C)O)OC)OC,MPM00742,L-beta-Lysine,NCCCC(N)CC(=O)O,2,[*:1][CX3H1:2]=[OX1].[NX3;H2:4][CX4;!a:5]>>[*:1][CH2:2][NH:4][CX4;!a:5],"[46,47]","[0,1]","[1,2]",CC[C@H]1OC(=O)C[C@@H](O)[C@H](C)[C@@H](O[C@@H]2O[C@H](C)[C@@H](O[C@H]3C[C@@](C)(O)[C@@H](O)[C@H](C)O3)[C@H](N(C)C)[C@H]2O)[C@@H](CCNCCCC(N)CC(=O)O)C[C@@H](C)C(=O)/C=C/C(C)=C/[C@@H]1CO[C@@H]1O[C@H](C)[C@@H](O)[C@@H](OC)[C@H]1OC,CC[C@H]1OC(=O)C[C@@H](O)[C@H](C)[C@@H](O[C@@H]2O[C@H](C)[C@@H](O[C@H]3C[C@@](C)(O)[C@@H](O)[C@H](C)O3)[C@H](N(C)C)[C@H]2O)[C@@H](CCNCCCC(N)CC(=O)O)C[C@@H](C)C(=O)/C=C/C(C)=C/[C@@H]1CO[C@@H]1O[C@H](C)[C@@H](O)[C@@H](OC)[C@H]1OC,1046.303,73,success,multi_primary_amine_seed; enumerated_site,outputs/mpmdb_seed_macrolide_reductive_amination/images/tylosin/tylosin_seed_amine_0096_MPM00742.png,-0.358,-0.358039899
tylosin_seed_amine_0097,Tylosin (Ì©ÀÖ¾úËØ),CC[C@@H]1[C@H](/C=C(/C=C/C(=O)[C@@H](C[C@@H]([C@@H]([C@H]([C@@H](CC(=O)O1)O)C)O[C@H]2[C@@H]([C@H]([C@@H]([C@H](O2)C)O[C@H]3C[C@@]([C@H]([C@@H](O3)C)O)(C)O)N(C)C)O)CC=O)C)\C)CO[C@H]4[C@@H]([C@@H]([C@@H]([C@H](O4)C)O)OC)OC,MPM00742,L-beta-Lysine,NCCCC(N)CC(=O)O,2,[*:1][CX3H1:2]=[OX1].[NX3;H2:4][CX4;!a:5]>>[*:1][CH2:2][NH:4][CX4;!a:5],"[46,47]","[5,4]","[1,2]",CC[C@H]1OC(=O)C[C@@H](O)[C@H](C)[C@@H](O[C@@H]2O[C@H](C)[C@@H](O[C@H]3C[C@@](C)(O)[C@@H](O)[C@H](C)O3)[C@H](N(C)C)[C@H]2O)[C@@H](CCNC(CCCN)CC(=O)O)C[C@@H](C)C(=O)/C=C/C(C)=C/[C@@H]1CO[C@@H]1O[C@H](C)[C@@H](O)[C@@H](OC)[C@H]1OC,CC[C@H]1OC(=O)C[C@@H](O)[C@H](C)[C@@H](O[C@@H]2O[C@H](C)[C@@H](O[C@H]3C[C@@](C)(O)[C@@H](O)[C@H](C)O3)[C@H](N(C)C)[C@H]2O)[C@@H](CCNC(CCCN)CC(=O)O)C[C@@H](C)C(=O)/C=C/C(C)=C/[C@@H]1CO[C@@H]1O[C@H](C)[C@@H](O)[C@@H](OC)[C@H]1OC,1046.303,73,success,multi_primary_amine_seed; enumerated_site,outputs/mpmdb_seed_macrolide_reductive_amination/images/tylosin/tylosin_seed_amine_0097_MPM00742.png,-0.3308,-0.330763758
tylosin_seed_amine_0098,Tylosin (Ì©ÀÖ¾úËØ),CC[C@@H]1[C@H](/C=C(/C=C/C(=O)[C@@H](C[C@@H]([C@@H]([C@H]([C@@H](CC(=O)O1)O)C)O[C@H]2[C@@H]([C@H]([C@@H]([C@H](O2)C)O[C@H]3C[C@@]([C@H]([C@@H](O3)C)O)(C)O)N(C)C)O)CC=O)C)\C)CO[C@H]4[C@@H]([C@@H]([C@@H]([C@H](O4)C)O)OC)OC,MPM00335,4-Aminobutanal,NCCCC=O,1,[*:1][CX3H1:2]=[OX1].[NX3;H2:4][CX4;!a:5]>>[*:1][CH2:2][NH:4][CX4;!a:5],"[46,47]","[0,1]","[1,2]",CC[C@H]1OC(=O)C[C@@H](O)[C@H](C)[C@@H](O[C@@H]2O[C@H](C)[C@@H](O[C@H]3C[C@@](C)(O)[C@@H](O)[C@H](C)O3)[C@H](N(C)C)[C@H]2O)[C@@H](CCNCCCC=O)C[C@@H](C)C(=O)/C=C/C(C)=C/[C@@H]1CO[C@@H]1O[C@H](C)[C@@H](O)[C@@H](OC)[C@H]1OC,CC[C@H]1OC(=O)C[C@@H](O)[C@H](C)[C@@H](O[C@@H]2O[C@H](C)[C@@H](O[C@H]3C[C@@](C)(O)[C@@H](O)[C@H](C)O3)[C@H](N(C)C)[C@H]2O)[C@@H](CCNCCCC=O)C[C@@H](C)C(=O)/C=C/C(C)=C/[C@@H]1CO[C@@H]1O[C@H](C)[C@@H](O)[C@@H](OC)[C@H]1OC,987.235,69,success,,outputs/mpmdb_seed_macrolide_reductive_amination/images/tylosin/tylosin_seed_amine_0098_MPM00335.png,-0.7439,-0.743880453
tylosin_seed_amine_0099,Tylosin (Ì©ÀÖ¾úËØ),CC[C@@H]1[C@H](/C=C(/C=C/C(=O)[C@@H](C[C@@H]([C@@H]([C@H]([C@@H](CC(=O)O1)O)C)O[C@H]2[C@@H]([C@H]([C@@H]([C@H](O2)C)O[C@H]3C[C@@]([C@H]([C@@H](O3)C)O)(C)O)N(C)C)O)CC=O)C)\C)CO[C@H]4[C@@H]([C@@H]([C@@H]([C@H](O4)C)O)OC)OC,MPM01164,2-Oxo-6-aminocaproate,NCCCCC(=O)C(=O)O,1,[*:1][CX3H1:2]=[OX1].[NX3;H2:4][CX4;!a:5]>>[*:1][CH2:2][NH:4][CX4;!a:5],"[46,47]","[0,1]","[1,2]",CC[C@H]1OC(=O)C[C@@H](O)[C@H](C)[C@@H](O[C@@H]2O[C@H](C)[C@@H](O[C@H]3C[C@@](C)(O)[C@@H](O)[C@H](C)O3)[C@H](N(C)C)[C@H]2O)[C@@H](CCNCCCCC(=O)C(=O)O)C[C@@H](C)C(=O)/C=C/C(C)=C/[C@@H]1CO[C@@H]1O[C@H](C)[C@@H](O)[C@@H](OC)[C@H]1OC,CC[C@H]1OC(=O)C[C@@H](O)[C@H](C)[C@@H](O[C@@H]2O[C@H](C)[C@@H](O[C@H]3C[C@@](C)(O)[C@@H](O)[C@H](C)O3)[C@H](N(C)C)[C@H]2O)[C@@H](CCNCCCCC(=O)C(=O)O)C[C@@H](C)C(=O)/C=C/C(C)=C/[C@@H]1CO[C@@H]1O[C@H](C)[C@@H](O)[C@@H](OC)[C@H]1OC,1045.271,73,success,,outputs/mpmdb_seed_macrolide_reductive_amination/images/tylosin/tylosin_seed_amine_0099_MPM01164.png,-0.2555,-0.255482541
tylosin_seed_amine_0100,Tylosin (Ì©ÀÖ¾úËØ),CC[C@@H]1[C@H](/C=C(/C=C/C(=O)[C@@H](C[C@@H]([C@@H]([C@H]([C@@H](CC(=O)O1)O)C)O[C@H]2[C@@H]([C@H]([C@@H]([C@H](O2)C)O[C@H]3C[C@@]([C@H]([C@@H](O3)C)O)(C)O)N(C)C)O)CC=O)C)\C)CO[C@H]4[C@@H]([C@@H]([C@@H]([C@H](O4)C)O)OC)OC,MPM00184,"2,6-Diaminohexanoic acid",NCCCCC(N)C(=O)O,2,[*:1][CX3H1:2]=[OX1].[NX3;H2:4][CX4;!a:5]>>[*:1][CH2:2][NH:4][CX4;!a:5],"[46,47]","[0,1]","[1,2]",CC[C@H]1OC(=O)C[C@@H](O)[C@H](C)[C@@H](O[C@@H]2O[C@H](C)[C@@H](O[C@H]3C[C@@](C)(O)[C@@H](O)[C@H](C)O3)[C@H](N(C)C)[C@H]2O)[C@@H](CCNCCCCC(N)C(=O)O)C[C@@H](C)C(=O)/C=C/C(C)=C/[C@@H]1CO[C@@H]1O[C@H](C)[C@@H](O)[C@@H](OC)[C@H]1OC,CC[C@H]1OC(=O)C[C@@H](O)[C@H](C)[C@@H](O[C@@H]2O[C@H](C)[C@@H](O[C@H]3C[C@@](C)(O)[C@@H](O)[C@H](C)O3)[C@H](N(C)C)[C@H]2O)[C@@H](CCNCCCCC(N)C(=O)O)C[C@@H](C)C(=O)/C=C/C(C)=C/[C@@H]1CO[C@@H]1O[C@H](C)[C@@H](O)[C@@H](OC)[C@H]1OC,1046.303,73,success,multi_primary_amine_seed; enumerated_site,outputs/mpmdb_seed_macrolide_reductive_amination/images/tylosin/tylosin_seed_amine_0100_MPM00184.png,-0.1455,-0.145461314
tylosin_seed_amine_0101,Tylosin (Ì©ÀÖ¾úËØ),CC[C@@H]1[C@H](/C=C(/C=C/C(=O)[C@@H](C[C@@H]([C@@H]([C@H]([C@@H](CC(=O)O1)O)C)O[C@H]2[C@@H]([C@H]([C@@H]([C@H](O2)C)O[C@H]3C[C@@]([C@H]([C@@H](O3)C)O)(C)O)N(C)C)O)CC=O)C)\C)CO[C@H]4[C@@H]([C@@H]([C@@H]([C@H](O4)C)O)OC)OC,MPM00184,"2,6-Diaminohexanoic acid",NCCCCC(N)C(=O)O,2,[*:1][CX3H1:2]=[OX1].[NX3;H2:4][CX4;!a:5]>>[*:1][CH2:2][NH:4][CX4;!a:5],"[46,47]","[6,5]","[1,2]",CC[C@H]1OC(=O)C[C@@H](O)[C@H](C)[C@@H](O[C@@H]2O[C@H](C)[C@@H](O[C@H]3C[C@@](C)(O)[C@@H](O)[C@H](C)O3)[C@H](N(C)C)[C@H]2O)[C@@H](CCNC(CCCCN)C(=O)O)C[C@@H](C)C(=O)/C=C/C(C)=C/[C@@H]1CO[C@@H]1O[C@H](C)[C@@H](O)[C@@H](OC)[C@H]1OC,CC[C@H]1OC(=O)C[C@@H](O)[C@H](C)[C@@H](O[C@@H]2O[C@H](C)[C@@H](O[C@H]3C[C@@](C)(O)[C@@H](O)[C@H](C)O3)[C@H](N(C)C)[C@H]2O)[C@@H](CCNC(CCCCN)C(=O)O)C[C@@H](C)C(=O)/C=C/C(C)=C/[C@@H]1CO[C@@H]1O[C@H](C)[C@@H](O)[C@@H](OC)[C@H]1OC,1046.303,73,success,multi_primary_amine_seed; enumerated_site,outputs/mpmdb_seed_macrolide_reductive_amination/images/tylosin/tylosin_seed_amine_0101_MPM00184.png,-0.1252,-0.125198846
tylosin_seed_amine_0102,Tylosin (Ì©ÀÖ¾úËØ),CC[C@@H]1[C@H](/C=C(/C=C/C(=O)[C@@H](C[C@@H]([C@@H]([C@H]([C@@H](CC(=O)O1)O)C)O[C@H]2[C@@H]([C@H]([C@@H]([C@H](O2)C)O[C@H]3C[C@@]([C@H]([C@@H](O3)C)O)(C)O)N(C)C)O)CC=O)C)\C)CO[C@H]4[C@@H]([C@@H]([C@@H]([C@H](O4)C)O)OC)OC,MPM00492,"Butane-1,4-diamine",NCCCCN,2,[*:1][CX3H1:2]=[OX1].[NX3;H2:4][CX4;!a:5]>>[*:1][CH2:2][NH:4][CX4;!a:5],"[46,47]","[0,1]","[1,2]",CC[C@H]1OC(=O)C[C@@H](O)[C@H](C)[C@@H](O[C@@H]2O[C@H](C)[C@@H](O[C@H]3C[C@@](C)(O)[C@@H](O)[C@H](C)O3)[C@H](N(C)C)[C@H]2O)[C@@H](CCNCCCCN)C[C@@H](C)C(=O)/C=C/C(C)=C/[C@@H]1CO[C@@H]1O[C@H](C)[C@@H](O)[C@@H](OC)[C@H]1OC,CC[C@H]1OC(=O)C[C@@H](O)[C@H](C)[C@@H](O[C@@H]2O[C@H](C)[C@@H](O[C@H]3C[C@@](C)(O)[C@@H](O)[C@H](C)O3)[C@H](N(C)C)[C@H]2O)[C@@H](CCNCCCCN)C[C@@H](C)C(=O)/C=C/C(C)=C/[C@@H]1CO[C@@H]1O[C@H](C)[C@@H](O)[C@@H](OC)[C@H]1OC,988.267,69,success,multi_primary_amine_seed; enumerated_site,outputs/mpmdb_seed_macrolide_reductive_amination/images/tylosin/tylosin_seed_amine_0102_MPM00492.png,-0.0652,-0.065196964
tylosin_seed_amine_0103,Tylosin (Ì©ÀÖ¾úËØ),CC[C@@H]1[C@H](/C=C(/C=C/C(=O)[C@@H](C[C@@H]([C@@H]([C@H]([C@@H](CC(=O)O1)O)C)O[C@H]2[C@@H]([C@H]([C@@H]([C@H](O2)C)O[C@H]3C[C@@]([C@H]([C@@H](O3)C)O)(C)O)N(C)C)O)CC=O)C)\C)CO[C@H]4[C@@H]([C@@H]([C@@H]([C@H](O4)C)O)OC)OC,MPM00053,(4-Aminobutyl) guanidine,NCCCCN=C(N)N,1,[*:1][CX3H1:2]=[OX1].[NX3;H2:4][CX4;!a:5]>>[*:1][CH2:2][NH:4][CX4;!a:5],"[46,47]","[0,1]","[1,2]",CC[C@H]1OC(=O)C[C@@H](O)[C@H](C)[C@@H](O[C@@H]2O[C@H](C)[C@@H](O[C@H]3C[C@@](C)(O)[C@@H](O)[C@H](C)O3)[C@H](N(C)C)[C@H]2O)[C@@H](CCNCCCCN=C(N)N)C[C@@H](C)C(=O)/C=C/C(C)=C/[C@@H]1CO[C@@H]1O[C@H](C)[C@@H](O)[C@@H](OC)[C@H]1OC,CC[C@H]1OC(=O)C[C@@H](O)[C@H](C)[C@@H](O[C@@H]2O[C@H](C)[C@@H](O[C@H]3C[C@@](C)(O)[C@@H](O)[C@H](C)O3)[C@H](N(C)C)[C@H]2O)[C@@H](CCNCCCCN=C(N)N)C[C@@H](C)C(=O)/C=C/C(C)=C/[C@@H]1CO[C@@H]1O[C@H](C)[C@@H](O)[C@@H](OC)[C@H]1OC,1030.308,72,success,,outputs/mpmdb_seed_macrolide_reductive_amination/images/tylosin/tylosin_seed_amine_0103_MPM00053.png,-0.3813,-0.381304424
tylosin_seed_amine_0104,Tylosin (Ì©ÀÖ¾úËØ),CC[C@@H]1[C@H](/C=C(/C=C/C(=O)[C@@H](C[C@@H]([C@@H]([C@H]([C@@H](CC(=O)O1)O)C)O[C@H]2[C@@H]([C@H]([C@@H]([C@H](O2)C)O[C@H]3C[C@@]([C@H]([C@@H](O3)C)O)(C)O)N(C)C)O)CC=O)C)\C)CO[C@H]4[C@@H]([C@@H]([C@@H]([C@H](O4)C)O)OC)OC,MPM00789,"N-(3-Aminopropyl)-1,4-butane-diamine",NCCCCNCCCN,2,[*:1][CX3H1:2]=[OX1].[NX3;H2:4][CX4;!a:5]>>[*:1][CH2:2][NH:4][CX4;!a:5],"[46,47]","[0,1]","[1,2]",CC[C@H]1OC(=O)C[C@@H](O)[C@H](C)[C@@H](O[C@@H]2O[C@H](C)[C@@H](O[C@H]3C[C@@](C)(O)[C@@H](O)[C@H](C)O3)[C@H](N(C)C)[C@H]2O)[C@@H](CCNCCCCNCCCN)C[C@@H](C)C(=O)/C=C/C(C)=C/[C@@H]1CO[C@@H]1O[C@H](C)[C@@H](O)[C@@H](OC)[C@H]1OC,CC[C@H]1OC(=O)C[C@@H](O)[C@H](C)[C@@H](O[C@@H]2O[C@H](C)[C@@H](O[C@H]3C[C@@](C)(O)[C@@H](O)[C@H](C)O3)[C@H](N(C)C)[C@H]2O)[C@@H](CCNCCCCNCCCN)C[C@@H](C)C(=O)/C=C/C(C)=C/[C@@H]1CO[C@@H]1O[C@H](C)[C@@H](O)[C@@H](OC)[C@H]1OC,1045.363,73,success,multi_primary_amine_seed; enumerated_site,outputs/mpmdb_seed_macrolide_reductive_amination/images/tylosin/tylosin_seed_amine_0104_MPM00789.png,0.0164,0.016427852
tylosin_seed_amine_0105,Tylosin (Ì©ÀÖ¾úËØ),CC[C@@H]1[C@H](/C=C(/C=C/C(=O)[C@@H](C[C@@H]([C@@H]([C@H]([C@@H](CC(=O)O1)O)C)O[C@H]2[C@@H]([C@H]([C@@H]([C@H](O2)C)O[C@H]3C[C@@]([C@H]([C@@H](O3)C)O)(C)O)N(C)C)O)CC=O)C)\C)CO[C@H]4[C@@H]([C@@H]([C@@H]([C@H](O4)C)O)OC)OC,MPM00789,"N-(3-Aminopropyl)-1,4-butane-diamine",NCCCCNCCCN,2,[*:1][CX3H1:2]=[OX1].[NX3;H2:4][CX4;!a:5]>>[*:1][CH2:2][NH:4][CX4;!a:5],"[46,47]","[9,8]","[1,2]",CC[C@H]1OC(=O)C[C@@H](O)[C@H](C)[C@@H](O[C@@H]2O[C@H](C)[C@@H](O[C@H]3C[C@@](C)(O)[C@@H](O)[C@H](C)O3)[C@H](N(C)C)[C@H]2O)[C@@H](CCNCCCNCCCCN)C[C@@H](C)C(=O)/C=C/C(C)=C/[C@@H]1CO[C@@H]1O[C@H](C)[C@@H](O)[C@@H](OC)[C@H]1OC,CC[C@H]1OC(=O)C[C@@H](O)[C@H](C)[C@@H](O[C@@H]2O[C@H](C)[C@@H](O[C@H]3C[C@@](C)(O)[C@@H](O)[C@H](C)O3)[C@H](N(C)C)[C@H]2O)[C@@H](CCNCCCNCCCCN)C[C@@H](C)C(=O)/C=C/C(C)=C/[C@@H]1CO[C@@H]1O[C@H](C)[C@@H](O)[C@@H](OC)[C@H]1OC,1045.363,73,success,multi_primary_amine_seed; enumerated_site,outputs/mpmdb_seed_macrolide_reductive_amination/images/tylosin/tylosin_seed_amine_0105_MPM00789.png,0.0166,0.016629924
tylosin_seed_amine_0106,Tylosin (Ì©ÀÖ¾úËØ),CC[C@@H]1[C@H](/C=C(/C=C/C(=O)[C@@H](C[C@@H]([C@@H]([C@H]([C@@H](CC(=O)O1)O)C)O[C@H]2[C@@H]([C@H]([C@@H]([C@H](O2)C)O[C@H]3C[C@@]([C@H]([C@@H](O3)C)O)(C)O)N(C)C)O)CC=O)C)\C)CO[C@H]4[C@@H]([C@@H]([C@@H]([C@H](O4)C)O)OC)OC,MPM00233,2-Hydroxyethylamine,NCCO,1,[*:1][CX3H1:2]=[OX1].[NX3;H2:4][CX4;!a:5]>>[*:1][CH2:2][NH:4][CX4;!a:5],"[46,47]","[0,1]","[1,2]",CC[C@H]1OC(=O)C[C@@H](O)[C@H](C)[C@@H](O[C@@H]2O[C@H](C)[C@@H](O[C@H]3C[C@@](C)(O)[C@@H](O)[C@H](C)O3)[C@H](N(C)C)[C@H]2O)[C@@H](CCNCCO)C[C@@H](C)C(=O)/C=C/C(C)=C/[C@@H]1CO[C@@H]1O[C@H](C)[C@@H](O)[C@@H](OC)[C@H]1OC,CC[C@H]1OC(=O)C[C@@H](O)[C@H](C)[C@@H](O[C@@H]2O[C@H](C)[C@@H](O[C@H]3C[C@@](C)(O)[C@@H](O)[C@H](C)O3)[C@H](N(C)C)[C@H]2O)[C@@H](CCNCCO)C[C@@H](C)C(=O)/C=C/C(C)=C/[C@@H]1CO[C@@H]1O[C@H](C)[C@@H](O)[C@@H](OC)[C@H]1OC,961.197,67,success,,outputs/mpmdb_seed_macrolide_reductive_amination/images/tylosin/tylosin_seed_amine_0106_MPM00233.png,-0.3052,-0.305170741
tylosin_seed_amine_0107,Tylosin (Ì©ÀÖ¾úËØ),CC[C@@H]1[C@H](/C=C(/C=C/C(=O)[C@@H](C[C@@H]([C@@H]([C@H]([C@@H](CC(=O)O1)O)C)O[C@H]2[C@@H]([C@H]([C@@H]([C@H](O2)C)O[C@H]3C[C@@]([C@H]([C@@H](O3)C)O)(C)O)N(C)C)O)CC=O)C)\C)CO[C@H]4[C@@H]([C@@H]([C@@H]([C@H](O4)C)O)OC)OC,MPM00669,Glycerophosphoethanolamine,NCCOP(=O)(O)OCC(O)CO,1,[*:1][CX3H1:2]=[OX1].[NX3;H2:4][CX4;!a:5]>>[*:1][CH2:2][NH:4][CX4;!a:5],"[46,47]","[0,1]","[1,2]",CC[C@H]1OC(=O)C[C@@H](O)[C@H](C)[C@@H](O[C@@H]2O[C@H](C)[C@@H](O[C@H]3C[C@@](C)(O)[C@@H](O)[C@H](C)O3)[C@H](N(C)C)[C@H]2O)[C@@H](CCNCCOP(=O)(O)OCC(O)CO)C[C@@H](C)C(=O)/C=C/C(C)=C/[C@@H]1CO[C@@H]1O[C@H](C)[C@@H](O)[C@@H](OC)[C@H]1OC,CC[C@H]1OC(=O)C[C@@H](O)[C@H](C)[C@@H](O[C@@H]2O[C@H](C)[C@@H](O[C@H]3C[C@@](C)(O)[C@@H](O)[C@H](C)O3)[C@H](N(C)C)[C@H]2O)[C@@H](CCNCCOP(=O)(O)OCC(O)CO)C[C@@H](C)C(=O)/C=C/C(C)=C/[C@@H]1CO[C@@H]1O[C@H](C)[C@@H](O)[C@@H](OC)[C@H]1OC,1115.255,76,success,,outputs/mpmdb_seed_macrolide_reductive_amination/images/tylosin/tylosin_seed_amine_0107_MPM00669.png,-0.6909,-0.690890721
tylosin_seed_amine_0108,Tylosin (Ì©ÀÖ¾úËØ),CC[C@@H]1[C@H](/C=C(/C=C/C(=O)[C@@H](C[C@@H]([C@@H]([C@H]([C@@H](CC(=O)O1)O)C)O[C@H]2[C@@H]([C@H]([C@@H]([C@H](O2)C)O[C@H]3C[C@@]([C@H]([C@@H](O3)C)O)(C)O)N(C)C)O)CC=O)C)\C)CO[C@H]4[C@@H]([C@@H]([C@@H]([C@H](O4)C)O)OC)OC,MPM01322,Ciliatine,NCCP(=O)(O)O,1,[*:1][CX3H1:2]=[OX1].[NX3;H2:4][CX4;!a:5]>>[*:1][CH2:2][NH:4][CX4;!a:5],"[46,47]","[0,1]","[1,2]",CC[C@H]1OC(=O)C[C@@H](O)[C@H](C)[C@@H](O[C@@H]2O[C@H](C)[C@@H](O[C@H]3C[C@@](C)(O)[C@@H](O)[C@H](C)O3)[C@H](N(C)C)[C@H]2O)[C@@H](CCNCCP(=O)(O)O)C[C@@H](C)C(=O)/C=C/C(C)=C/[C@@H]1CO[C@@H]1O[C@H](C)[C@@H](O)[C@@H](OC)[C@H]1OC,CC[C@H]1OC(=O)C[C@@H](O)[C@H](C)[C@@H](O[C@@H]2O[C@H](C)[C@@H](O[C@H]3C[C@@](C)(O)[C@@H](O)[C@H](C)O3)[C@H](N(C)C)[C@H]2O)[C@@H](CCNCCP(=O)(O)O)C[C@@H](C)C(=O)/C=C/C(C)=C/[C@@H]1CO[C@@H]1O[C@H](C)[C@@H](O)[C@@H](OC)[C@H]1OC,1025.177,70,success,,outputs/mpmdb_seed_macrolide_reductive_amination/images/tylosin/tylosin_seed_amine_0108_MPM01322.png,-1.0037,-1.00366643
tylosin_seed_amine_0109,Tylosin (Ì©ÀÖ¾úËØ),CC[C@@H]1[C@H](/C=C(/C=C/C(=O)[C@@H](C[C@@H]([C@@H]([C@H]([C@@H](CC(=O)O1)O)C)O[C@H]2[C@@H]([C@H]([C@@H]([C@H](O2)C)O[C@H]3C[C@@]([C@H]([C@@H](O3)C)O)(C)O)N(C)C)O)CC=O)C)\C)CO[C@H]4[C@@H]([C@@H]([C@@H]([C@H](O4)C)O)OC)OC,MPM01278,Aminoethylsulfonic acid,NCCS(=O)(=O)O,1,[*:1][CX3H1:2]=[OX1].[NX3;H2:4][CX4;!a:5]>>[*:1][CH2:2][NH:4][CX4;!a:5],"[46,47]","[0,1]","[1,2]",CC[C@H]1OC(=O)C[C@@H](O)[C@H](C)[C@@H](O[C@@H]2O[C@H](C)[C@@H](O[C@H]3C[C@@](C)(O)[C@@H](O)[C@H](C)O3)[C@H](N(C)C)[C@H]2O)[C@@H](CCNCCS(=O)(=O)O)C[C@@H](C)C(=O)/C=C/C(C)=C/[C@@H]1CO[C@@H]1O[C@H](C)[C@@H](O)[C@@H](OC)[C@H]1OC,CC[C@H]1OC(=O)C[C@@H](O)[C@H](C)[C@@H](O[C@@H]2O[C@H](C)[C@@H](O[C@H]3C[C@@](C)(O)[C@@H](O)[C@H](C)O3)[C@H](N(C)C)[C@H]2O)[C@@H](CCNCCS(=O)(=O)O)C[C@@H](C)C(=O)/C=C/C(C)=C/[C@@H]1CO[C@@H]1O[C@H](C)[C@@H](O)[C@@H](OC)[C@H]1OC,1025.262,70,success,,outputs/mpmdb_seed_macrolide_reductive_amination/images/tylosin/tylosin_seed_amine_0109_MPM01278.png,-0.2873,-0.287345525
tylosin_seed_amine_0110,Tylosin (Ì©ÀÖ¾úËØ),CC[C@@H]1[C@H](/C=C(/C=C/C(=O)[C@@H](C[C@@H]([C@@H]([C@H]([C@@H](CC(=O)O1)O)C)O[C@H]2[C@@H]([C@H]([C@@H]([C@H](O2)C)O[C@H]3C[C@@]([C@H]([C@@H](O3)C)O)(C)O)N(C)C)O)CC=O)C)\C)CO[C@H]4[C@@H]([C@@H]([C@@H]([C@H](O4)C)O)OC)OC,MPM00165,"2-(3,4-Dihydroxyphenyl)ethylamine",NCCc1ccc(O)c(O)c1,1,[*:1][CX3H1:2]=[OX1].[NX3;H2:4][CX4;!a:5]>>[*:1][CH2:2][NH:4][CX4;!a:5],"[46,47]","[0,1]","[1,2]",CC[C@H]1OC(=O)C[C@@H](O)[C@H](C)[C@@H](O[C@@H]2O[C@H](C)[C@@H](O[C@H]3C[C@@](C)(O)[C@@H](O)[C@H](C)O3)[C@H](N(C)C)[C@H]2O)[C@@H](CCNCCc2ccc(O)c(O)c2)C[C@@H](C)C(=O)/C=C/C(C)=C/[C@@H]1CO[C@@H]1O[C@H](C)[C@@H](O)[C@@H](OC)[C@H]1OC,CC[C@H]1OC(=O)C[C@@H](O)[C@H](C)[C@@H](O[C@@H]2O[C@H](C)[C@@H](O[C@H]3C[C@@](C)(O)[C@@H](O)[C@H](C)O3)[C@H](N(C)C)[C@H]2O)[C@@H](CCNCCc2ccc(O)c(O)c2)C[C@@H](C)C(=O)/C=C/C(C)=C/[C@@H]1CO[C@@H]1O[C@H](C)[C@@H](O)[C@@H](OC)[C@H]1OC,1053.294,74,success,,outputs/mpmdb_seed_macrolide_reductive_amination/images/tylosin/tylosin_seed_amine_0110_MPM00165.png,-0.0647,-0.064740806
tylosin_seed_amine_0111,Tylosin (Ì©ÀÖ¾úËØ),CC[C@@H]1[C@H](/C=C(/C=C/C(=O)[C@@H](C[C@@H]([C@@H]([C@H]([C@@H](CC(=O)O1)O)C)O[C@H]2[C@@H]([C@H]([C@@H]([C@H](O2)C)O[C@H]3C[C@@]([C@H]([C@@H](O3)C)O)(C)O)N(C)C)O)CC=O)C)\C)CO[C@H]4[C@@H]([C@@H]([C@@H]([C@H](O4)C)O)OC)OC,MPM00167,2-(p-Hydroxyphenyl)ethylamine,NCCc1ccc(O)cc1,1,[*:1][CX3H1:2]=[OX1].[NX3;H2:4][CX4;!a:5]>>[*:1][CH2:2][NH:4][CX4;!a:5],"[46,47]","[0,1]","[1,2]",CC[C@H]1OC(=O)C[C@@H](O)[C@H](C)[C@@H](O[C@@H]2O[C@H](C)[C@@H](O[C@H]3C[C@@](C)(O)[C@@H](O)[C@H](C)O3)[C@H](N(C)C)[C@H]2O)[C@@H](CCNCCc2ccc(O)cc2)C[C@@H](C)C(=O)/C=C/C(C)=C/[C@@H]1CO[C@@H]1O[C@H](C)[C@@H](O)[C@@H](OC)[C@H]1OC,CC[C@H]1OC(=O)C[C@@H](O)[C@H](C)[C@@H](O[C@@H]2O[C@H](C)[C@@H](O[C@H]3C[C@@](C)(O)[C@@H](O)[C@H](C)O3)[C@H](N(C)C)[C@H]2O)[C@@H](CCNCCc2ccc(O)cc2)C[C@@H](C)C(=O)/C=C/C(C)=C/[C@@H]1CO[C@@H]1O[C@H](C)[C@@H](O)[C@@H](OC)[C@H]1OC,1037.295,73,success,,outputs/mpmdb_seed_macrolide_reductive_amination/images/tylosin/tylosin_seed_amine_0111_MPM00167.png,-0.0005,-0.000474737
tylosin_seed_amine_0112,Tylosin (Ì©ÀÖ¾úËØ),CC[C@@H]1[C@H](/C=C(/C=C/C(=O)[C@@H](C[C@@H]([C@@H]([C@H]([C@@H](CC(=O)O1)O)C)O[C@H]2[C@@H]([C@H]([C@@H]([C@H](O2)C)O[C@H]3C[C@@]([C@H]([C@@H](O3)C)O)(C)O)N(C)C)O)CC=O)C)\C)CO[C@H]4[C@@H]([C@@H]([C@@H]([C@H](O4)C)O)OC)OC,MPM00868,Phenylethylamine,NCCc1ccccc1,1,[*:1][CX3H1:2]=[OX1].[NX3;H2:4][CX4;!a:5]>>[*:1][CH2:2][NH:4][CX4;!a:5],"[46,47]","[0,1]","[1,2]",CC[C@H]1OC(=O)C[C@@H](O)[C@H](C)[C@@H](O[C@@H]2O[C@H](C)[C@@H](O[C@H]3C[C@@](C)(O)[C@@H](O)[C@H](C)O3)[C@H](N(C)C)[C@H]2O)[C@@H](CCNCCc2ccccc2)C[C@@H](C)C(=O)/C=C/C(C)=C/[C@@H]1CO[C@@H]1O[C@H](C)[C@@H](O)[C@@H](OC)[C@H]1OC,CC[C@H]1OC(=O)C[C@@H](O)[C@H](C)[C@@H](O[C@@H]2O[C@H](C)[C@@H](O[C@H]3C[C@@](C)(O)[C@@H](O)[C@H](C)O3)[C@H](N(C)C)[C@H]2O)[C@@H](CCNCCc2ccccc2)C[C@@H](C)C(=O)/C=C/C(C)=C/[C@@H]1CO[C@@H]1O[C@H](C)[C@@H](O)[C@@H](OC)[C@H]1OC,1021.296,72,success,,outputs/mpmdb_seed_macrolide_reductive_amination/images/tylosin/tylosin_seed_amine_0112_MPM00868.png,-0.3686,-0.368598716
tylosin_seed_amine_0113,Tylosin (Ì©ÀÖ¾úËØ),CC[C@@H]1[C@H](/C=C(/C=C/C(=O)[C@@H](C[C@@H]([C@@H]([C@H]([C@@H](CC(=O)O1)O)C)O[C@H]2[C@@H]([C@H]([C@@H]([C@H](O2)C)O[C@H]3C[C@@]([C@H]([C@@H](O3)C)O)(C)O)N(C)C)O)CC=O)C)\C)CO[C@H]4[C@@H]([C@@H]([C@@H]([C@H](O4)C)O)OC)OC,MPM00901,Porphobilinogen,NCc1[nH]cc(CCC(=O)O)c1CC(=O)O,1,[*:1][CX3H1:2]=[OX1].[NX3;H2:4][CX4;!a:5]>>[*:1][CH2:2][NH:4][CX4;!a:5],"[46,47]","[0,1]","[1,2]",CC[C@H]1OC(=O)C[C@@H](O)[C@H](C)[C@@H](O[C@@H]2O[C@H](C)[C@@H](O[C@H]3C[C@@](C)(O)[C@@H](O)[C@H](C)O3)[C@H](N(C)C)[C@H]2O)[C@@H](CCNCc2[nH]cc(CCC(=O)O)c2CC(=O)O)C[C@@H](C)C(=O)/C=C/C(C)=C/[C@@H]1CO[C@@H]1O[C@H](C)[C@@H](O)[C@@H](OC)[C@H]1OC,CC[C@H]1OC(=O)C[C@@H](O)[C@H](C)[C@@H](O[C@@H]2O[C@H](C)[C@@H](O[C@H]3C[C@@](C)(O)[C@@H](O)[C@H](C)O3)[C@H](N(C)C)[C@H]2O)[C@@H](CCNCc2[nH]cc(CCC(=O)O)c2CC(=O)O)C[C@@H](C)C(=O)/C=C/C(C)=C/[C@@H]1CO[C@@H]1O[C@H](C)[C@@H](O)[C@@H](OC)[C@H]1OC,1126.345,79,success,,outputs/mpmdb_seed_macrolide_reductive_amination/images/tylosin/tylosin_seed_amine_0113_MPM00901.png,-0.683,-0.682979136
tylosin_seed_amine_0114,Tylosin (Ì©ÀÖ¾úËØ),CC[C@@H]1[C@H](/C=C(/C=C/C(=O)[C@@H](C[C@@H]([C@@H]([C@H]([C@@H](CC(=O)O1)O)C)O[C@H]2[C@@H]([C@H]([C@@H]([C@H](O2)C)O[C@H]3C[C@@]([C@H]([C@@H](O3)C)O)(C)O)N(C)C)O)CC=O)C)\C)CO[C@H]4[C@@H]([C@@H]([C@@H]([C@H](O4)C)O)OC)OC,MPM00938,Se-Adenosylselenohomocysteine,Nc1ncnc2c1ncn2C1OC(C[Se]CCC(N)C(=O)O)C(O)C1O,1,[*:1][CX3H1:2]=[OX1].[NX3;H2:4][CX4;!a:5]>>[*:1][CH2:2][NH:4][CX4;!a:5],"[46,47]","[18,17]","[1,2]",CC[C@H]1OC(=O)C[C@@H](O)[C@H](C)[C@@H](O[C@@H]2O[C@H](C)[C@@H](O[C@H]3C[C@@](C)(O)[C@@H](O)[C@H](C)O3)[C@H](N(C)C)[C@H]2O)[C@@H](CCNC(CC[Se]CC2OC(n3cnc4c(N)ncnc43)C(O)C2O)C(=O)O)C[C@@H](C)C(=O)/C=C/C(C)=C/[C@@H]1CO[C@@H]1O[C@H](C)[C@@H](O)[C@@H](OC)[C@H]1OC,CC[C@H]1OC(=O)C[C@@H](O)[C@H](C)[C@@H](O[C@@H]2O[C@H](C)[C@@H](O[C@H]3C[C@@](C)(O)[C@@H](O)[C@H](C)O3)[C@H](N(C)C)[C@H]2O)[C@@H](CCNC(CC[Se]CC2OC(n3cnc4c(N)ncnc43)C(O)C2O)C(=O)O)C[C@@H](C)C(=O)/C=C/C(C)=C/[C@@H]1CO[C@@H]1O[C@H](C)[C@@H](O)[C@@H](OC)[C@H]1OC,1331.424,89,success,,outputs/mpmdb_seed_macrolide_reductive_amination/images/tylosin/tylosin_seed_amine_0114_MPM00938.png,-3.2697,-3.269685109
